Date,open,high,low,close,tick_volume
2023-08-02 09:15,66101.74,66257.07,66048.59,66056.12,0
2023-08-02 10:15,66057.74,66079.47,65759.1,65865.33,0
2023-08-02 11:15,65866.61,65870.85,65751.53,65826.59,0
2023-08-02 12:15,65825.96,65877.35,65719.63,65729.51,0
2023-08-02 13:15,65729.51,65731.59,65431.68,65449.27,0
2023-08-02 14:15,65446.43,65838.17,65435.18,65823.74,0
2023-08-02 15:15,65822.87,65822.87,65743.99,65782.8,0
2023-08-03 09:15,65543.94,65820.82,65484.56,65619.13,0
2023-08-03 10:15,65620.3,65717.6,65550.98,65659.6,0
2023-08-03 11:15,65659.8,65682.5,65519.63,65522.24,0
2023-08-03 12:15,65523.01,65528.22,65142.54,65179.11,0
2023-08-03 13:15,65181.38,65205.93,64964.5,65002.55,0
2023-08-03 14:15,65006.99,65267.0,64986.01,65267.0,0
2023-08-03 15:15,65266.17,65266.17,65185.02,65240.68,0
2023-08-04 09:15,65497.73,65585.47,65390.04,65551.68,0
2023-08-04 10:15,65553.96,65606.17,65422.15,65545.4,0
2023-08-04 11:15,65541.04,65768.29,65541.04,65739.92,0
2023-08-04 12:15,65741.6,65787.86,65618.51,65699.39,0
2023-08-04 13:15,65699.57,65735.3,65481.68,65590.36,0
2023-08-04 14:15,65591.5,65773.51,65520.71,65766.81,0
2023-08-04 15:15,65767.84,65767.84,65717.37,65721.25,0
2023-08-07 09:15,65847.45,65930.59,65749.62,65893.28,0
2023-08-07 10:15,65896.42,65961.16,65771.71,65786.76,0
2023-08-07 11:15,65787.34,65858.64,65767.78,65776.14,0
2023-08-07 12:15,65776.45,65977.94,65771.82,65941.64,0
2023-08-07 13:15,65941.64,66067.9,65903.95,65934.22,0
2023-08-07 14:15,65935.04,66013.39,65899.87,65971.9,0
2023-08-07 15:15,65970.98,65970.98,65952.33,65953.77,0
2023-08-08 09:15,66035.57,66044.87,65856.54,65908.36,0
2023-08-08 10:15,65908.36,66000.88,65834.04,65843.79,0
2023-08-08 11:15,65845.33,65879.89,65754.16,65877.53,0
2023-08-08 12:15,65877.73,65889.21,65817.83,65885.96,0
2023-08-08 13:15,65884.03,65918.59,65854.57,65877.24,0
2023-08-08 14:15,65883.23,65935.42,65773.19,65845.97,0
2023-08-08 15:15,65844.0,65851.61,65841.41,65846.49,0
2023-08-09 09:15,65810.96,65810.96,65536.21,65594.83,0
2023-08-09 10:15,65594.86,65594.86,65444.38,65495.79,0
2023-08-09 11:15,65499.12,65543.58,65477.41,65522.48,0
2023-08-09 12:15,65521.19,65598.17,65485.27,65569.87,0
2023-08-09 13:15,65571.84,65657.24,65512.11,65650.09,0
2023-08-09 14:15,65649.18,66034.78,65615.1,66034.78,0
2023-08-09 15:15,66030.93,66030.93,65976.16,65996.11,0
2023-08-10 09:15,65936.55,65953.48,65758.97,65946.39,0
2023-08-10 10:15,65946.37,65956.25,65509.16,65641.29,0
2023-08-10 11:15,65643.91,65820.55,65620.97,65695.79,0
2023-08-10 12:15,65695.79,65831.01,65670.03,65823.95,0
2023-08-10 13:15,65821.78,65868.52,65559.89,65705.47,0
2023-08-10 14:15,65702.41,65754.57,65609.42,65695.02,0
2023-08-10 15:15,65695.72,65695.72,65676.89,65688.18,0
2023-08-11 09:15,65696.71,65696.71,65392.02,65414.84,0
2023-08-11 10:15,65416.48,65477.28,65358.11,65426.55,0
2023-08-11 11:15,65426.62,65464.38,65332.23,65380.6,0
2023-08-11 12:15,65380.6,65519.98,65331.44,65493.91,0
2023-08-11 13:15,65497.71,65536.58,65424.12,65467.71,0
2023-08-11 14:15,65467.71,65518.57,65274.61,65296.8,0
2023-08-11 15:15,65294.41,65322.88,65294.41,65322.65,0
2023-08-14 09:15,65141.99,65187.57,64823.72,65027.84,0
2023-08-14 10:15,65026.76,65035.3,64966.01,65006.74,0
2023-08-14 11:15,65006.91,65217.98,65005.65,65213.43,0
2023-08-14 12:15,65212.97,65236.24,65097.42,65154.46,0
2023-08-14 13:15,65153.1,65406.05,65119.38,65391.95,0
2023-08-14 14:15,65391.95,65517.61,65320.39,65409.96,0
2023-08-14 15:15,65404.54,65453.68,65401.92,65401.92,0
2023-08-16 09:15,65199.6,65279.21,65035.5,65274.95,0
2023-08-16 10:15,65275.17,65370.95,65254.02,65269.76,0
2023-08-16 11:15,65274.49,65315.78,65193.98,65281.83,0
2023-08-16 12:15,65278.97,65426.14,65247.92,65420.94,0
2023-08-16 13:15,65422.49,65464.94,65370.97,65406.58,0
2023-08-16 14:15,65406.58,65604.53,65379.96,65556.31,0
2023-08-16 15:15,65558.66,65558.66,65539.46,65539.46,0
2023-08-17 09:15,65513.87,65533.81,65258.2,65323.72,0
2023-08-17 10:15,65324.53,65379.88,65280.78,65340.19,0
2023-08-17 11:15,65337.23,65337.93,65133.89,65173.8,0
2023-08-17 12:15,65173.25,65193.71,65046.1,65070.03,0
2023-08-17 13:15,65069.74,65205.03,65062.79,65185.22,0
2023-08-17 14:15,65184.26,65250.67,65121.12,65153.01,0
2023-08-17 15:15,65152.64,65182.15,65151.02,65151.02,0
2023-08-18 09:15,64983.13,65042.38,64799.96,64832.4,0
2023-08-18 10:15,64832.4,64896.67,64786.59,64867.12,0
2023-08-18 11:15,64867.79,64936.63,64839.3,64918.76,0
2023-08-18 12:15,64919.92,64925.59,64807.26,64813.25,0
2023-08-18 13:15,64813.25,65113.06,64754.85,65100.2,0
2023-08-18 14:15,65102.08,65175.19,64937.64,64985.35,0
2023-08-18 15:15,64983.42,64983.42,64948.69,64948.69,0
2023-08-21 09:15,64916.66,65137.06,64906.71,64932.9,0
2023-08-21 10:15,64933.46,65202.29,64933.46,65179.91,0
2023-08-21 11:15,65179.76,65217.75,65122.99,65166.34,0
2023-08-21 12:15,65166.19,65287.13,65157.28,65270.49,0
2023-08-21 13:15,65271.07,65314.95,65211.39,65228.44,0
2023-08-21 14:15,65228.44,65335.82,65212.79,65229.55,0
2023-08-21 15:15,65233.7,65255.93,65216.11,65216.11,0
2023-08-22 09:15,65261.51,65362.61,65165.65,65226.21,0
2023-08-22 10:15,65226.21,65308.88,65225.89,65268.65,0
2023-08-22 11:15,65270.4,65361.81,65261.89,65335.65,0
2023-08-22 12:15,65335.65,65349.98,65277.45,65317.61,0
2023-08-22 13:15,65315.72,65329.04,65232.06,65278.66,0
2023-08-22 14:15,65280.84,65288.44,65186.08,65211.17,0
2023-08-22 15:15,65211.17,65223.98,65211.17,65220.03,0
2023-08-23 09:15,65300.93,65332.32,65108.51,65168.74,0
2023-08-23 10:15,65170.23,65265.97,65111.02,65250.2,0
2023-08-23 11:15,65250.92,65328.85,65237.42,65305.44,0
2023-08-23 12:15,65305.44,65458.2,65285.76,65391.42,0
2023-08-23 13:15,65390.79,65504.71,65381.66,65462.73,0
2023-08-23 14:15,65461.95,65501.89,65414.49,65442.79,0
2023-08-23 15:15,65443.43,65453.73,65433.3,65433.3,0
2023-08-24 09:15,65723.48,65913.68,65647.42,65835.23,0
2023-08-24 10:15,65838.77,65853.77,65554.26,65575.04,0
2023-08-24 11:15,65571.57,65592.48,65430.89,65480.97,0
2023-08-24 12:15,65480.97,65528.09,65382.06,65400.27,0
2023-08-24 13:15,65399.28,65438.28,65329.07,65427.38,0
2023-08-24 14:15,65428.25,65431.6,65259.51,65303.77,0
2023-08-24 15:15,65301.67,65301.67,65252.49,65252.49,0
2023-08-25 09:15,64967.33,65104.9,64815.04,64974.81,0
2023-08-25 10:15,64974.81,64984.85,64735.82,64856.62,0
2023-08-25 11:15,64848.21,65075.58,64802.73,64940.73,0
2023-08-25 12:15,64940.5,65041.83,64914.28,64997.2,0
2023-08-25 13:15,64997.62,65044.58,64894.15,64899.18,0
2023-08-25 14:15,64900.74,65007.51,64819.78,64875.16,0
2023-08-25 15:15,64882.42,64918.52,64882.42,64886.55,0
2023-08-28 09:15,64908.08,65055.07,64816.58,64936.31,0
2023-08-28 10:15,64937.01,65058.19,64927.98,65036.99,0
2023-08-28 11:15,65040.88,65082.91,65000.53,65042.2,0
2023-08-28 12:15,65042.35,65142.69,65028.97,65100.89,0
2023-08-28 13:15,65100.05,65213.45,65068.85,65101.63,0
2023-08-28 14:15,65100.94,65122.16,64969.88,64984.59,0
2023-08-28 15:15,64989.9,65004.26,64989.9,64996.6,0
2023-08-29 09:15,65211.0,65220.3,65033.84,65096.84,0
2023-08-29 10:15,65095.4,65103.3,64995.51,65028.97,0
2023-08-29 11:15,65028.43,65101.47,65015.0,65091.18,0
2023-08-29 12:15,65091.54,65144.52,65039.47,65111.34,0
2023-08-29 13:15,65111.34,65142.68,65033.57,65036.42,0
2023-08-29 14:15,65036.58,65082.51,64956.67,65071.33,0
2023-08-29 15:15,65071.2,65077.72,65043.92,65075.86,0
2023-08-30 09:15,65374.07,65438.25,65304.03,65433.76,0
2023-08-30 10:15,65433.66,65452.83,65391.35,65449.32,0
2023-08-30 11:15,65449.32,65458.7,65404.82,65426.12,0
2023-08-30 12:15,65426.16,65433.02,65363.27,65419.69,0
2023-08-30 13:15,65419.69,65420.71,65307.77,65311.42,0
2023-08-30 14:15,65312.24,65325.32,65055.15,65093.66,0
2023-08-30 15:15,65092.68,65108.0,65087.18,65087.25,0
2023-08-31 09:15,65183.38,65277.04,65012.49,65146.83,0
2023-08-31 10:15,65145.95,65195.42,64988.77,65029.2,0
2023-08-31 11:15,65030.44,65105.69,64983.73,65001.28,0
2023-08-31 12:15,65001.2,65039.84,64911.57,64912.87,0
2023-08-31 13:15,64911.91,65062.21,64891.8,64934.44,0
2023-08-31 14:15,64934.77,64948.87,64768.23,64911.79,0
2023-08-31 15:15,64910.73,64910.73,64823.94,64831.35,0
2023-09-01 09:15,64852.86,65052.04,64818.37,64940.2,0
2023-09-01 10:15,64932.29,65081.65,64928.97,65012.46,0
2023-09-01 11:15,65013.08,65074.88,65001.24,65020.75,0
2023-09-01 12:15,65021.2,65264.95,64994.46,65234.3,0
2023-09-01 13:15,65237.49,65419.67,65185.03,65383.59,0
2023-09-01 14:15,65382.8,65473.18,65327.3,65364.64,0
2023-09-01 15:15,65365.04,65390.93,65365.04,65387.25,0
2023-09-04 09:15,65602.4,65629.9,65376.52,65392.56,0
2023-09-04 10:15,65397.12,65420.98,65285.56,65416.44,0
2023-09-04 11:15,65418.78,65504.61,65391.33,65496.87,0
2023-09-04 12:15,65496.87,65603.82,65496.85,65586.32,0
2023-09-04 13:15,65586.37,65603.48,65520.59,65571.8,0
2023-09-04 14:15,65570.88,65666.58,65537.6,65637.66,0
2023-09-04 15:15,65640.21,65640.21,65627.28,65628.14,0
2023-09-05 09:15,65680.75,65805.79,65620.56,65791.47,0
2023-09-05 10:15,65790.37,65801.47,65691.83,65780.62,0
2023-09-05 11:15,65780.62,65809.51,65720.16,65736.43,0
2023-09-05 12:15,65738.66,65760.99,65640.95,65712.77,0
2023-09-05 13:15,65712.25,65736.33,65601.47,65691.13,0
2023-09-05 14:15,65691.13,65795.38,65669.77,65791.4,0
2023-09-05 15:15,65792.05,65792.05,65768.75,65780.31,0
2023-09-06 09:15,65814.15,65870.7,65707.41,65752.96,0
2023-09-06 10:15,65755.12,65815.32,65713.89,65747.18,0
2023-09-06 11:15,65747.18,65758.18,65640.78,65703.43,0
2023-09-06 12:15,65703.92,65712.91,65530.04,65552.45,0
2023-09-06 13:15,65555.16,65588.41,65488.18,65549.53,0
2023-09-06 14:15,65549.53,65931.03,65540.56,65881.11,0
2023-09-06 15:15,65898.86,65898.86,65841.51,65880.35,0
2023-09-07 09:15,65842.01,65857.2,65672.44,65810.33,0
2023-09-07 10:15,65809.86,65987.23,65775.31,65980.0,0
2023-09-07 11:15,65985.2,65989.41,65817.26,65875.09,0
2023-09-07 12:15,65875.09,65942.36,65826.62,65901.86,0
2023-09-07 13:15,65900.32,66092.28,65891.2,66082.99,0
2023-09-07 14:15,66082.26,66293.44,66074.8,66226.22,0
2023-09-07 15:15,66226.4,66268.29,66226.4,66265.59,0
2023-09-08 09:15,66398.41,66517.63,66321.37,66472.1,0
2023-09-08 10:15,66471.29,66476.79,66299.46,66356.92,0
2023-09-08 11:15,66356.01,66611.23,66335.42,66597.57,0
2023-09-08 12:15,66598.38,66653.22,66526.74,66560.38,0
2023-09-08 13:15,66558.48,66654.3,66507.39,66637.59,0
2023-09-08 14:15,66641.02,66766.88,66531.93,66589.6,0
2023-09-08 15:15,66598.57,66606.77,66596.48,66598.91,0
2023-09-11 09:15,66816.7,66963.41,66754.36,66921.48,0
2023-09-11 10:15,66921.89,66975.79,66868.44,66919.05,0
2023-09-11 11:15,66913.18,66989.32,66913.07,66944.68,0
2023-09-11 12:15,66944.4,67022.43,66940.51,66971.56,0
2023-09-11 13:15,66973.51,66986.78,66908.34,66950.64,0
2023-09-11 14:15,66949.85,67144.27,66942.71,67131.86,0
2023-09-11 15:15,67131.2,67131.2,67111.37,67126.91,0
2023-09-12 09:15,67492.72,67495.12,66948.39,67125.99,0
2023-09-12 10:15,67124.23,67221.46,66977.14,67203.68,0
2023-09-12 11:15,67203.68,67353.39,67163.71,67258.19,0
2023-09-12 12:15,67258.86,67263.82,67042.51,67160.51,0
2023-09-12 13:15,67159.55,67281.65,67154.41,67266.65,0
2023-09-12 14:15,67266.02,67298.65,67177.69,67192.36,0
2023-09-12 15:15,67192.1,67225.48,67192.1,67221.13,0
2023-09-13 09:15,67204.71,67296.79,67059.36,67176.17,0
2023-09-13 10:15,67176.17,67274.16,67101.47,67258.82,0
2023-09-13 11:15,67258.82,67402.41,67227.07,67382.22,0
2023-09-13 12:15,67381.65,67544.13,67368.57,67523.06,0
2023-09-13 13:15,67523.68,67537.65,67432.71,67512.63,0
2023-09-13 14:15,67512.04,67565.41,67461.39,67478.73,0
2023-09-13 15:15,67475.91,67498.86,67466.75,67466.99,0
2023-09-14 09:15,67627.03,67770.63,67526.48,67569.87,0
2023-09-14 10:15,67569.38,67599.25,67407.46,67486.99,0
2023-09-14 11:15,67486.55,67531.86,67424.19,67515.79,0
2023-09-14 12:15,67520.67,67539.47,67370.65,67490.17,0
2023-09-14 13:15,67490.17,67547.12,67336.66,67410.03,0
2023-09-14 14:15,67408.64,67559.52,67393.04,67539.02,0
2023-09-14 15:15,67539.18,67539.18,67512.95,67519.0,0
2023-09-15 09:15,67659.91,67766.21,67614.42,67712.23,0
2023-09-15 10:15,67711.68,67802.17,67647.9,67785.05,0
2023-09-15 11:15,67787.25,67843.29,67749.43,67808.74,0
2023-09-15 12:15,67808.62,67812.56,67638.09,67739.84,0
2023-09-15 13:15,67739.84,67817.02,67684.09,67787.02,0
2023-09-15 14:15,67787.41,67926.88,67771.31,67807.75,0
2023-09-15 15:15,67811.27,67880.49,67811.27,67838.63,0
2023-09-18 09:15,67661.74,67772.78,67560.58,67742.29,0
2023-09-18 10:15,67739.03,67773.61,67677.78,67730.89,0
2023-09-18 11:15,67732.14,67803.15,67716.61,67723.49,0
2023-09-18 12:15,67722.37,67750.89,67681.98,67713.51,0
2023-09-18 13:15,67714.23,67736.58,67631.75,67673.69,0
2023-09-18 14:15,67673.69,67699.91,67581.78,67585.39,0
2023-09-18 15:15,67580.52,67630.32,67580.52,67596.84,0
2023-09-20 09:15,67023.47,67290.33,67003.68,67027.19,0
2023-09-20 10:15,67028.33,67045.4,66937.5,66985.16,0
2023-09-20 11:15,66984.83,67011.32,66887.99,66974.46,0
2023-09-20 12:15,66973.56,66975.66,66898.77,66909.84,0
2023-09-20 13:15,66909.84,66915.53,66728.59,66831.74,0
2023-09-20 14:15,66832.04,66867.22,66753.13,66815.75,0
2023-09-20 15:15,66807.65,66807.65,66791.06,66800.77,0
2023-09-21 09:15,66565.95,66565.95,66220.49,66257.39,0
2023-09-21 10:15,66257.44,66374.36,66241.72,66359.43,0
2023-09-21 11:15,66359.43,66372.82,66149.8,66163.73,0
2023-09-21 12:15,66164.34,66248.98,66138.2,66239.9,0
2023-09-21 13:15,66237.78,66283.56,66174.27,66193.19,0
2023-09-21 14:15,66195.66,66238.64,66128.71,66238.1,0
2023-09-21 15:15,66245.92,66245.92,66214.3,66230.26,0
2023-09-22 09:15,66215.04,66416.18,66017.32,66092.6,0
2023-09-22 10:15,66091.43,66355.87,66049.51,66317.65,0
2023-09-22 11:15,66320.36,66417.55,66234.95,66394.95,0
2023-09-22 12:15,66392.37,66445.17,66299.79,66340.17,0
2023-09-22 13:15,66339.89,66360.96,66065.48,66131.42,0
2023-09-22 14:15,66131.48,66181.57,65957.42,65989.63,0
2023-09-22 15:15,66003.45,66009.16,65996.24,66009.04,0
2023-09-25 09:15,66011.84,66118.14,65852.38,65852.38,0
2023-09-25 10:15,65855.63,65918.42,65810.22,65811.87,0
2023-09-25 11:15,65812.14,65952.37,65770.23,65947.02,0
2023-09-25 12:15,65947.02,66224.97,65934.65,66160.12,0
2023-09-25 13:15,66160.43,66213.6,65894.76,65900.32,0
2023-09-25 14:15,65899.99,66128.82,65863.74,66041.0,0
2023-09-25 15:15,66040.55,66047.0,66023.59,66023.69,0
2023-09-26 09:15,66043.84,66075.52,65911.0,66042.85,0
2023-09-26 10:15,66042.85,66052.71,65947.8,66023.55,0
2023-09-26 11:15,66023.55,66045.45,65944.39,66006.28,0
2023-09-26 12:15,66005.89,66022.35,65865.63,65925.01,0
2023-09-26 13:15,65934.3,66014.82,65912.91,65974.21,0
2023-09-26 14:15,65974.21,66004.03,65927.57,65965.63,0
2023-09-26 15:15,65947.31,65949.9,65945.42,65945.42,0
2023-09-27 09:15,65925.64,65925.64,65562.9,65574.31,0
2023-09-27 10:15,65575.08,65804.04,65549.96,65793.19,0
2023-09-27 11:15,65794.83,65911.42,65758.4,65881.26,0
2023-09-27 12:15,65878.6,66010.01,65858.21,66003.64,0
2023-09-27 13:15,66003.44,66119.57,65978.83,66053.99,0
2023-09-27 14:15,66052.34,66172.2,65981.11,66101.27,0
2023-09-27 15:15,66118.98,66118.98,66111.44,66118.65,0
2023-09-28 09:15,66298.71,66304.29,65983.24,66175.14,0
2023-09-28 10:15,66167.01,66238.39,65934.01,65936.75,0
2023-09-28 11:15,65937.42,65962.03,65797.1,65830.14,0
2023-09-28 12:15,65828.86,65855.19,65693.06,65718.6,0
2023-09-28 13:15,65718.44,65718.44,65555.54,65602.59,0
2023-09-28 14:15,65599.49,65691.64,65423.39,65444.71,0
2023-09-28 15:15,65436.19,65508.7,65436.19,65507.8,0
2023-09-29 09:15,65693.09,65759.72,65572.79,65724.79,0
2023-09-29 10:15,65727.69,65754.44,65632.59,65737.42,0
2023-09-29 11:15,65738.94,65973.5,65719.6,65948.16,0
2023-09-29 12:15,65949.07,65991.67,65853.97,65927.59,0
2023-09-29 13:15,65927.67,66101.44,65911.48,66060.09,0
2023-09-29 14:15,66060.0,66150.87,65780.35,65783.9,0
2023-09-29 15:15,65779.66,65855.39,65779.66,65828.41,0
2023-10-03 09:15,65764.35,65764.35,65344.74,65386.08,0
2023-10-03 10:15,65385.67,65509.44,65383.06,65445.42,0
2023-10-03 11:15,65445.41,65545.3,65439.49,65502.47,0
2023-10-03 12:15,65502.65,65603.34,65492.96,65603.34,0
2023-10-03 13:15,65603.34,65649.09,65487.8,65499.67,0
2023-10-03 14:15,65499.27,65568.28,65442.66,65525.61,0
2023-10-03 15:15,65524.15,65530.72,65510.95,65512.1,0
2023-10-04 09:15,65318.27,65318.27,64983.28,65048.39,0
2023-10-04 10:15,65051.94,65174.67,65027.12,65124.33,0
2023-10-04 11:15,65125.75,65134.73,64931.28,64986.91,0
2023-10-04 12:15,64986.29,65004.84,64879.82,64943.08,0
2023-10-04 13:15,64944.22,65053.93,64897.87,65036.42,0
2023-10-04 14:15,65035.52,65267.09,65021.84,65246.83,0
2023-10-04 15:15,65255.83,65255.83,65209.66,65226.02,0
2023-10-05 09:15,65594.76,65613.85,65501.34,65554.24,0
2023-10-05 10:15,65551.74,65740.2,65443.34,65732.27,0
2023-10-05 11:15,65739.12,65753.2,65657.89,65668.38,0
2023-10-05 12:15,65670.12,65672.67,65562.44,65582.24,0
2023-10-05 13:15,65582.45,65696.38,65573.7,65663.07,0
2023-10-05 14:15,65663.07,65720.68,65599.27,65624.3,0
2023-10-05 15:15,65625.25,65638.31,65625.25,65631.57,0
2023-10-06 09:15,65869.68,65879.91,65762.67,65809.69,0
2023-10-06 10:15,65810.05,66027.85,65777.44,65961.32,0
2023-10-06 11:15,65960.09,65963.42,65813.12,65892.75,0
2023-10-06 12:15,65889.0,65976.6,65857.19,65972.83,0
2023-10-06 13:15,65973.37,66046.78,65950.41,66031.56,0
2023-10-06 14:15,66031.67,66094.24,65968.22,66030.78,0
2023-10-06 15:15,66030.77,66030.77,65995.63,65995.63,0
2023-10-09 09:15,65577.08,65789.35,65436.28,65743.25,0
2023-10-09 10:15,65737.95,65787.15,65637.37,65672.39,0
2023-10-09 11:15,65673.97,65709.39,65651.44,65661.09,0
2023-10-09 12:15,65661.09,65671.15,65504.36,65525.71,0
2023-10-09 13:15,65526.39,65612.07,65511.51,65536.39,0
2023-10-09 14:15,65532.41,65626.52,65484.13,65536.85,0
2023-10-09 15:15,65535.34,65557.29,65512.39,65512.85,0
2023-10-10 09:15,65703.16,65878.06,65703.16,65874.72,0
2023-10-10 10:15,65876.87,65906.96,65841.7,65885.74,0
2023-10-10 11:15,65886.21,66002.47,65840.26,65992.15,0
2023-10-10 12:15,65992.08,66087.12,65956.69,66070.46,0
2023-10-10 13:15,66071.12,66149.18,66055.76,66109.58,0
2023-10-10 14:15,66105.94,66179.99,66063.1,66088.6,0
2023-10-10 15:15,66080.93,66080.98,66075.29,66079.36,0
2023-10-11 09:15,66324.76,66571.0,66311.31,66479.67,0
2023-10-11 10:15,66481.41,66591.89,66461.78,66485.29,0
2023-10-11 11:15,66485.08,66533.73,66460.23,66484.15,0
2023-10-11 12:15,66487.15,66494.7,66385.32,66487.47,0
2023-10-11 13:15,66487.63,66492.18,66402.45,66454.61,0
2023-10-11 14:15,66455.7,66540.84,66431.21,66483.97,0
2023-10-11 15:15,66483.34,66495.68,66472.42,66473.05,0
2023-10-12 09:15,66564.57,66576.88,66355.35,66412.71,0
2023-10-12 10:15,66412.71,66512.67,66342.75,66507.39,0
2023-10-12 11:15,66507.39,66533.57,66433.59,66486.83,0
2023-10-12 12:15,66489.51,66501.48,66413.09,66424.62,0
2023-10-12 13:15,66424.62,66479.4,66413.61,66430.93,0
2023-10-12 14:15,66431.27,66465.48,66366.88,66443.76,0
2023-10-12 15:15,66440.73,66440.73,66409.62,66409.62,0
2023-10-13 09:15,66008.72,66175.38,65933.8,66034.29,0
2023-10-13 10:15,66040.65,66101.13,65964.95,66002.99,0
2023-10-13 11:15,66002.99,66083.79,65959.37,66038.75,0
2023-10-13 12:15,66038.27,66275.17,66032.91,66265.13,0
2023-10-13 13:15,66260.52,66377.4,66199.77,66373.74,0
2023-10-13 14:15,66372.91,66477.7,66236.22,66284.57,0
2023-10-13 15:15,66286.13,66286.13,66279.09,66282.74,0
2023-10-16 09:15,66161.13,66263.13,66042.04,66247.19,0
2023-10-16 10:15,66245.44,66313.62,66157.47,66222.28,0
2023-10-16 11:15,66222.04,66342.59,66184.87,66282.27,0
2023-10-16 12:15,66283.5,66328.12,66237.83,66241.37,0
2023-10-16 13:15,66239.58,66305.25,66211.42,66255.74,0
2023-10-16 14:15,66253.67,66292.82,66171.92,66181.0,0
2023-10-16 15:15,66179.55,66209.78,66166.76,66166.93,0
2023-10-17 09:15,66456.07,66518.25,66450.01,66462.28,0
2023-10-17 10:15,66460.84,66527.86,66427.17,66503.75,0
2023-10-17 11:15,66504.17,66510.52,66449.65,66486.29,0
2023-10-17 12:15,66486.29,66550.01,66465.46,66529.48,0
2023-10-17 13:15,66529.48,66556.83,66309.18,66319.9,0
2023-10-17 14:15,66320.15,66464.54,66315.23,66424.17,0
2023-10-17 15:15,66421.79,66430.12,66407.97,66427.47,0
2023-10-18 09:15,66453.87,66474.35,66266.68,66451.86,0
2023-10-18 10:15,66448.56,66455.35,66043.77,66070.72,0
2023-10-18 11:15,66067.41,66146.99,65961.93,66003.59,0
2023-10-18 12:15,66004.59,66024.95,65910.1,66019.47,0
2023-10-18 13:15,66019.11,66074.25,65964.9,66047.85,0
2023-10-18 14:15,66047.51,66050.84,65853.76,65885.98,0
2023-10-18 15:15,65898.05,65898.05,65876.68,65877.05,0
2023-10-19 09:15,65449.11,65592.53,65345.6,65545.65,0
2023-10-19 10:15,65547.92,65595.25,65480.77,65537.84,0
2023-10-19 11:15,65537.99,65826.23,65530.07,65813.71,0
2023-10-19 12:15,65812.93,65826.06,65722.39,65744.82,0
2023-10-19 13:15,65749.64,65869.65,65663.33,65795.78,0
2023-10-19 14:15,65795.46,65798.56,65644.37,65650.57,0
2023-10-19 15:15,65685.13,65685.13,65629.26,65629.26,0
2023-10-20 09:15,65379.82,65555.14,65319.1,65493.5,0
2023-10-20 10:15,65490.75,65526.13,65397.84,65463.54,0
2023-10-20 11:15,65459.49,65499.25,65332.69,65406.97,0
2023-10-20 12:15,65406.55,65441.99,65329.59,65389.1,0
2023-10-20 13:15,65389.1,65510.69,65360.85,65410.58,0
2023-10-20 14:15,65408.87,65469.26,65338.13,65423.16,0
2023-10-20 15:15,65421.08,65421.08,65398.09,65399.16,0
2023-10-23 09:15,65371.07,65447.97,65234.43,65244.99,0
2023-10-23 10:15,65242.23,65263.12,65162.96,65247.66,0
2023-10-23 11:15,65247.11,65262.0,65143.98,65203.66,0
2023-10-23 12:15,65205.48,65225.54,65098.88,65112.37,0
2023-10-23 13:15,65109.49,65152.17,65023.2,65110.54,0
2023-10-23 14:15,65109.41,65115.13,64540.46,64568.41,0
2023-10-23 15:15,64565.53,64624.3,64565.53,64571.9,0
2023-10-25 09:15,64608.86,64786.61,64502.57,64697.33,0
2023-10-25 10:15,64696.97,64704.24,64506.18,64564.55,0
2023-10-25 11:15,64563.79,64580.58,64341.99,64411.3,0
2023-10-25 12:15,64411.3,64428.48,63912.88,63934.64,0
2023-10-25 13:15,63933.85,64217.74,63912.16,64216.51,0
2023-10-25 14:15,64218.39,64228.47,64025.46,64089.39,0
2023-10-25 15:15,64088.37,64088.37,64048.53,64049.06,0
2023-10-26 09:15,63734.13,63752.89,63377.08,63385.68,0
2023-10-26 10:15,63393.47,63411.12,63186.82,63195.42,0
2023-10-26 11:15,63199.55,63310.77,63123.6,63183.58,0
2023-10-26 12:15,63185.68,63330.46,63183.05,63300.11,0
2023-10-26 13:15,63303.08,63323.32,63141.18,63229.89,0
2023-10-26 14:15,63233.95,63304.0,63115.09,63170.65,0
2023-10-26 15:15,63170.58,63170.58,63148.88,63148.88,0
2023-10-27 09:15,63456.76,63755.18,63396.12,63603.85,0
2023-10-27 10:15,63603.68,63744.94,63547.64,63679.26,0
2023-10-27 11:15,63679.26,63837.43,63670.75,63791.99,0
2023-10-27 12:15,63792.46,63800.8,63660.58,63721.25,0
2023-10-27 13:15,63722.1,63900.64,63713.14,63834.6,0
2023-10-27 14:15,63833.19,63912.93,63733.01,63765.07,0
2023-10-27 15:15,63766.09,63788.39,63766.09,63782.82,0
2023-10-30 09:15,63811.54,63852.95,63431.45,63669.14,0
2023-10-30 10:15,63665.28,63962.71,63627.75,63903.29,0
2023-10-30 11:15,63904.2,64080.97,63876.82,64015.61,0
2023-10-30 12:15,64014.13,64084.66,63945.12,64076.01,0
2023-10-30 13:15,64075.97,64124.09,63994.17,64055.88,0
2023-10-30 14:15,64056.79,64160.59,63981.26,64117.48,0
2023-10-30 15:15,64111.2,64116.05,64108.33,64112.48,0
2023-10-31 09:15,64418.38,64418.38,63956.22,63973.43,0
2023-10-31 10:15,63973.48,64015.78,63843.21,63957.73,0
2023-10-31 11:15,63959.51,64019.25,63846.82,63892.55,0
2023-10-31 12:15,63892.36,64012.16,63867.79,63987.57,0
2023-10-31 13:15,63987.6,64066.18,63930.48,63992.45,0
2023-10-31 14:15,63991.14,64124.74,63812.6,63918.44,0
2023-10-31 15:15,63918.09,63918.09,63873.9,63874.93,0
2023-11-01 09:15,63845.78,63892.46,63648.13,63729.2,0
2023-11-01 10:15,63733.05,63790.3,63684.93,63741.6,0
2023-11-01 11:15,63737.56,63780.92,63685.48,63770.41,0
2023-11-01 12:15,63771.12,63823.79,63592.77,63620.06,0
2023-11-01 13:15,63619.49,63729.94,63566.45,63662.69,0
2023-11-01 14:15,63662.27,63711.74,63594.44,63598.94,0
2023-11-01 15:15,63601.45,63615.03,63586.53,63591.31,0
2023-11-02 09:15,64053.25,64202.29,63994.71,64057.38,0
2023-11-02 10:15,64052.85,64081.6,63984.09,64054.89,0
2023-11-02 11:15,64054.59,64055.23,63815.72,63880.35,0
2023-11-02 12:15,63879.4,63992.86,63860.61,63983.97,0
2023-11-02 13:15,63985.42,64054.64,63928.67,64034.08,0
2023-11-02 14:15,64034.08,64107.15,63981.08,64037.19,0
2023-11-02 15:15,64036.52,64080.9,64036.52,64080.9,0
2023-11-03 09:15,64466.8,64521.15,64384.36,64493.7,0
2023-11-03 10:15,64495.27,64535.06,64419.25,64501.52,0
2023-11-03 11:15,64500.59,64521.68,64352.99,64415.91,0
2023-11-03 12:15,64415.44,64486.47,64371.33,64448.57,0
2023-11-03 13:15,64448.84,64534.02,64413.45,64454.94,0
2023-11-03 14:15,64454.94,64531.05,64277.47,64372.72,0
2023-11-03 15:15,64369.53,64369.53,64360.86,64363.78,0
2023-11-06 09:15,64791.41,64796.27,64624.96,64763.19,0
2023-11-06 10:15,64763.2,64816.38,64617.86,64684.1,0
2023-11-06 11:15,64683.63,64753.4,64667.41,64734.85,0
2023-11-06 12:15,64737.95,64786.16,64708.2,64780.44,0
2023-11-06 13:15,64780.05,64818.82,64755.29,64818.15,0
2023-11-06 14:15,64819.81,64971.07,64810.19,64962.03,0
2023-11-06 15:15,64962.77,64962.77,64944.59,64958.69,0
2023-11-07 09:15,64974.88,64974.88,64701.59,64765.88,0
2023-11-07 10:15,64765.17,64860.28,64745.9,64845.21,0
2023-11-07 11:15,64846.56,64864.55,64638.24,64702.71,0
2023-11-07 12:15,64702.96,64778.45,64690.33,64753.15,0
2023-11-07 13:15,64760.88,64924.21,64719.87,64899.22,0
2023-11-07 14:15,64899.22,64930.0,64831.82,64894.44,0
2023-11-07 15:15,64904.37,64942.5,64899.58,64942.42,0
2023-11-08 09:15,65069.98,65069.98,64896.77,64958.62,0
2023-11-08 10:15,64956.42,65007.84,64851.98,64882.59,0
2023-11-08 11:15,64880.26,64991.45,64858.53,64977.12,0
2023-11-08 12:15,64977.98,65003.83,64921.45,64999.1,0
2023-11-08 13:15,64999.46,65067.3,64983.66,64983.66,0
2023-11-08 14:15,64983.66,65025.26,64886.5,65018.19,0
2023-11-08 15:15,65018.75,65018.75,64975.61,64975.61,0
2023-11-09 09:15,65025.32,65034.5,64873.48,65019.81,0
2023-11-09 10:15,65018.2,65029.34,64907.59,64954.67,0
2023-11-09 11:15,64953.49,65046.4,64933.61,64973.21,0
2023-11-09 12:15,64977.37,65018.93,64905.28,64934.45,0
2023-11-09 13:15,64934.45,64963.64,64852.09,64895.16,0
2023-11-09 14:15,64895.16,64907.99,64771.99,64821.61,0
2023-11-09 15:15,64821.65,64832.35,64805.96,64832.2,0
2023-11-10 09:15,64716.64,64716.64,64586.35,64661.83,0
2023-11-10 10:15,64661.96,64779.02,64661.96,64690.96,0
2023-11-10 11:15,64691.23,64787.44,64681.03,64772.92,0
2023-11-10 12:15,64772.92,64876.38,64745.21,64776.36,0
2023-11-10 13:15,64778.74,64882.17,64753.67,64807.48,0
2023-11-10 14:15,64808.2,64947.48,64709.44,64947.48,0
2023-11-10 15:15,64946.79,64946.79,64884.0,64904.68,0
2023-11-13 09:15,65143.09,65174.07,64941.58,65055.23,0
2023-11-13 10:15,65054.22,65068.19,64854.12,64865.57,0
2023-11-13 11:15,64866.84,64973.58,64857.53,64932.27,0
2023-11-13 12:15,64935.9,64961.74,64911.21,64924.41,0
2023-11-13 13:15,64924.74,64992.92,64914.45,64984.69,0
2023-11-13 14:15,64984.09,65003.69,64910.55,64922.23,0
2023-11-13 15:15,64922.19,64945.92,64922.19,64933.87,0
2023-11-15 09:15,65461.54,65573.32,65375.38,65537.19,0
2023-11-15 10:15,65537.1,65559.16,65473.54,65522.67,0
2023-11-15 11:15,65521.63,65530.27,65472.9,65516.02,0
2023-11-15 12:15,65516.02,65595.97,65509.31,65591.01,0
2023-11-15 13:15,65591.21,65660.4,65576.14,65606.2,0
2023-11-15 14:15,65606.2,65683.66,65577.74,65680.17,0
2023-11-15 15:15,65677.14,65677.14,65641.58,65676.26,0
2023-11-16 09:15,65640.69,65824.93,65510.52,65818.45,0
2023-11-16 10:15,65817.46,66098.6,65797.68,66093.0,0
2023-11-16 11:15,66093.99,66149.43,66061.66,66117.77,0
2023-11-16 12:15,66117.51,66161.07,66079.87,66151.74,0
2023-11-16 13:15,66151.75,66185.81,66100.53,66181.18,0
2023-11-16 14:15,66182.18,66357.12,65845.8,65887.67,0
2023-11-16 15:15,65883.46,66033.07,65883.46,65982.48,0
2023-11-17 09:15,65788.79,66037.34,65643.28,65943.15,0
2023-11-17 10:15,65930.28,66025.74,65836.14,65916.66,0
2023-11-17 11:15,65913.44,65955.2,65830.67,65894.41,0
2023-11-17 12:15,65893.9,65983.46,65812.25,65912.52,0
2023-11-17 13:15,65911.4,65936.98,65752.57,65885.79,0
2023-11-17 14:15,65885.28,65927.08,65762.13,65825.43,0
2023-11-17 15:15,65823.63,65823.63,65794.71,65794.73,0
2023-11-20 09:15,65770.84,65822.99,65645.68,65685.78,0
2023-11-20 10:15,65685.56,65844.01,65572.7,65572.7,0
2023-11-20 11:15,65572.7,65665.82,65547.92,65650.57,0
2023-11-20 12:15,65650.82,65695.81,65607.58,65684.11,0
2023-11-20 13:15,65684.11,65708.23,65622.3,65663.14,0
2023-11-20 14:15,65663.78,65738.43,65629.11,65646.73,0
2023-11-20 15:15,65645.72,65656.97,65645.72,65655.04,0
2023-11-21 09:15,65895.59,65958.93,65850.29,65875.39,0
2023-11-21 10:15,65874.93,65929.24,65864.61,65916.02,0
2023-11-21 11:15,65916.69,65981.12,65905.26,65981.12,0
2023-11-21 12:15,65980.72,66082.36,65882.34,65902.12,0
2023-11-21 13:15,65902.12,66032.31,65891.28,65969.89,0
2023-11-21 14:15,65969.89,65980.5,65918.41,65940.68,0
2023-11-21 15:15,65939.51,65940.41,65930.77,65930.77,0
2023-11-22 09:15,65910.35,66054.35,65865.08,66037.55,0
2023-11-22 10:15,66036.97,66056.75,65946.65,65972.85,0
2023-11-22 11:15,65972.33,66000.07,65821.43,65821.43,0
2023-11-22 12:15,65819.21,65856.96,65665.01,65797.21,0
2023-11-22 13:15,65797.64,65839.64,65758.94,65767.99,0
2023-11-22 14:15,65768.78,66062.3,65761.16,66020.33,0
2023-11-22 15:15,66020.33,66030.71,66020.16,66023.26,0
2023-11-23 09:15,66080.58,66235.24,66073.56,66109.69,0
2023-11-23 10:15,66109.18,66129.4,65990.1,66033.15,0
2023-11-23 11:15,66033.82,66077.39,66001.79,66020.72,0
2023-11-23 12:15,66023.43,66109.29,65991.04,66060.62,0
2023-11-23 13:15,66059.26,66099.34,66030.62,66047.47,0
2023-11-23 14:15,66048.6,66061.34,65980.87,66011.44,0
2023-11-23 15:15,66009.87,66017.79,66006.63,66017.77,0
2023-11-24 09:15,65984.69,66099.79,65961.98,66019.6,0
2023-11-24 10:15,66019.6,66059.14,65970.75,66021.38,0
2023-11-24 11:15,66022.82,66072.27,65937.66,66037.15,0
2023-11-24 12:15,66039.31,66042.85,65894.05,65904.26,0
2023-11-24 13:15,65903.95,66031.05,65894.87,65985.14,0
2023-11-24 14:15,65985.14,66052.29,65922.02,65963.35,0
2023-11-24 15:15,65967.36,65972.8,65967.36,65970.15,0
2023-11-28 09:15,66098.8,66098.8,65936.66,65954.77,0
2023-11-28 10:15,65954.77,65997.92,65911.3,65956.57,0
2023-11-28 11:15,65956.57,66000.13,65911.01,65980.74,0
2023-11-28 12:15,65981.14,65994.15,65938.82,65948.83,0
2023-11-28 13:15,65948.83,65964.03,65906.65,65921.24,0
2023-11-28 14:15,65921.74,66190.8,65921.74,66185.08,0
2023-11-28 15:15,66180.19,66180.19,66142.34,66174.08,0
2023-11-29 09:15,66425.23,66588.25,66377.35,66585.04,0
2023-11-29 10:15,66584.39,66596.86,66526.11,66573.91,0
2023-11-29 11:15,66572.98,66665.23,66550.11,66663.21,0
2023-11-29 12:15,66662.15,66715.2,66638.38,66701.81,0
2023-11-29 13:15,66699.33,66830.34,66688.69,66778.45,0
2023-11-29 14:15,66783.46,66941.92,66768.8,66940.06,0
2023-11-29 15:15,66941.31,66941.31,66897.6,66902.03,0
2023-11-30 09:15,66969.39,67020.11,66611.24,66694.3,0
2023-11-30 10:15,66695.45,66860.48,66685.39,66728.07,0
2023-11-30 11:15,66730.86,66769.68,66701.99,66709.86,0
2023-11-30 12:15,66710.07,66770.86,66667.31,66756.13,0
2023-11-30 13:15,66756.8,66915.08,66730.61,66736.44,0
2023-11-30 14:15,66736.81,66999.11,66735.93,66981.29,0
2023-11-30 15:15,66981.42,66989.4,66955.86,66988.75,0
2023-12-01 09:15,67177.63,67438.81,67172.8,67434.09,0
2023-12-01 10:15,67431.32,67485.06,67407.9,67464.68,0
2023-12-01 11:15,67463.97,67556.77,67429.63,67475.26,0
2023-12-01 12:15,67474.31,67549.76,67445.94,67488.95,0
2023-12-01 13:15,67488.83,67552.44,67423.57,67475.34,0
2023-12-01 14:15,67474.42,67557.54,67352.58,67460.96,0
2023-12-01 15:15,67464.92,67486.34,67464.92,67481.19,0
2023-12-04 09:15,68559.05,68559.05,68276.8,68381.88,0
2023-12-04 10:15,68383.36,68457.6,68297.15,68457.6,0
2023-12-04 11:15,68454.31,68503.83,68400.28,68490.07,0
2023-12-04 12:15,68489.9,68528.6,68445.66,68515.74,0
2023-12-04 13:15,68515.74,68709.42,68508.21,68696.59,0
2023-12-04 14:15,68696.22,68917.12,68665.13,68834.37,0
2023-12-04 15:15,68831.9,68868.69,68831.9,68865.12,0
2023-12-05 09:15,69168.53,69301.91,68957.14,69244.9,0
2023-12-05 10:15,69248.86,69380.37,69203.01,69244.04,0
2023-12-05 11:15,69244.04,69252.13,68986.04,69135.04,0
2023-12-05 12:15,69133.7,69238.95,69101.94,69201.64,0
2023-12-05 13:15,69199.7,69269.01,69124.55,69188.73,0
2023-12-05 14:15,69188.53,69329.02,69145.97,69303.55,0
2023-12-05 15:15,69304.12,69304.12,69292.9,69295.89,0
2023-12-06 09:15,69539.5,69673.63,69395.01,69451.93,0
2023-12-06 10:15,69451.62,69628.21,69430.57,69597.61,0
2023-12-06 11:15,69594.89,69639.83,69554.14,69616.2,0
2023-12-06 12:15,69614.39,69625.33,69458.14,69470.23,0
2023-12-06 13:15,69469.32,69640.99,69409.73,69615.46,0
2023-12-06 14:15,69614.44,69744.57,69605.71,69674.29,0
2023-12-06 15:15,69675.29,69684.46,69653.37,69654.11,0
2023-12-07 09:15,69676.16,69676.16,69320.53,69400.04,0
2023-12-07 10:15,69400.43,69621.81,69373.22,69594.77,0
2023-12-07 11:15,69595.44,69603.49,69500.83,69562.71,0
2023-12-07 12:15,69562.71,69584.8,69509.33,69577.9,0
2023-12-07 13:15,69579.13,69593.3,69504.29,69528.48,0
2023-12-07 14:15,69528.48,69571.69,69437.15,69508.89,0
2023-12-07 15:15,69514.35,69521.54,69498.62,69521.52,0
2023-12-08 09:15,69624.68,69887.01,69606.88,69828.83,0
2023-12-08 10:15,69829.4,69864.98,69684.96,69759.46,0
2023-12-08 11:15,69757.22,69838.93,69748.92,69790.62,0
2023-12-08 12:15,69792.61,69840.01,69605.14,69705.59,0
2023-12-08 13:15,69706.58,69748.22,69506.22,69682.45,0
2023-12-08 14:15,69676.35,69893.59,69598.18,69890.34,0
2023-12-08 15:15,69870.94,69870.94,69811.55,69825.62,0
2023-12-11 09:15,69854.16,70048.84,69810.03,69988.75,0
2023-12-11 10:15,69988.2,70057.08,69794.8,69964.62,0
2023-12-11 11:15,69960.91,69974.79,69837.47,69884.0,0
2023-12-11 12:15,69881.12,69893.29,69782.48,69872.87,0
2023-12-11 13:15,69873.59,69943.91,69849.14,69914.94,0
2023-12-11 14:15,69915.76,69979.41,69884.15,69927.51,0
2023-12-11 15:15,69928.09,69949.75,69925.98,69928.53,0
2023-12-12 09:15,69985.73,70033.63,69889.24,69914.12,0
2023-12-12 10:15,69914.03,69971.83,69814.98,69947.93,0
2023-12-12 11:15,69947.93,69957.62,69900.94,69939.21,0
2023-12-12 12:15,69939.21,69950.01,69746.46,69757.1,0
2023-12-12 13:15,69761.63,69794.28,69655.97,69658.34,0
2023-12-12 14:15,69657.0,69690.13,69444.21,69556.17,0
2023-12-12 15:15,69557.39,69557.39,69549.74,69551.05,0
2023-12-13 09:15,69620.23,69621.0,69269.97,69352.5,0
2023-12-13 10:15,69353.1,69365.57,69207.9,69307.37,0
2023-12-13 11:15,69307.08,69325.09,69130.1,69158.55,0
2023-12-13 12:15,69159.15,69308.46,69100.56,69266.12,0
2023-12-13 13:15,69265.28,69491.16,69260.93,69448.09,0
2023-12-13 14:15,69448.09,69628.15,69342.14,69578.43,0
2023-12-13 15:15,69579.33,69584.66,69558.16,69584.51,0
2023-12-14 09:15,70146.09,70538.0,70116.65,70447.83,0
2023-12-14 10:15,70445.08,70468.27,70362.83,70447.68,0
2023-12-14 11:15,70444.28,70498.95,70402.32,70420.49,0
2023-12-14 12:15,70420.32,70505.92,70388.53,70478.99,0
2023-12-14 13:15,70483.98,70602.72,70466.67,70528.67,0
2023-12-14 14:15,70528.73,70568.89,70437.27,70460.39,0
2023-12-14 15:15,70461.01,70516.91,70461.01,70514.2,0
2023-12-15 09:15,70829.5,70976.47,70657.38,70973.72,0
2023-12-15 10:15,70969.14,71080.64,70873.61,70948.75,0
2023-12-15 11:15,70948.73,71033.61,70926.64,70954.25,0
2023-12-15 12:15,70953.55,71049.34,70924.56,70970.62,0
2023-12-15 13:15,70969.24,71170.5,70954.06,71029.89,0
2023-12-15 14:15,71031.78,71465.35,70996.08,71464.3,0
2023-12-15 15:15,71465.67,71484.18,71401.02,71483.75,0
2023-12-18 09:15,71382.63,71531.85,71145.22,71469.18,0
2023-12-18 10:15,71469.08,71550.29,71399.68,71484.84,0
2023-12-18 11:15,71485.13,71550.06,71414.23,71462.48,0
2023-12-18 12:15,71464.72,71478.79,71306.56,71328.7,0
2023-12-18 13:15,71330.06,71412.9,71324.86,71383.26,0
2023-12-18 14:15,71383.71,71449.56,71298.73,71319.38,0
2023-12-18 15:15,71321.25,71340.24,71315.12,71315.12,0
2023-12-19 09:15,71565.17,71565.17,71072.51,71125.15,0
2023-12-19 10:15,71121.06,71296.63,71120.39,71280.5,0
2023-12-19 11:15,71282.42,71476.79,71226.15,71405.02,0
2023-12-19 12:15,71410.65,71533.02,71394.35,71501.39,0
2023-12-19 13:15,71502.01,71572.55,71446.9,71552.61,0
2023-12-19 14:15,71552.56,71623.27,71363.06,71443.67,0
2023-12-19 15:15,71442.03,71458.17,71434.42,71437.14,0
2023-12-20 09:15,71714.24,71911.72,71675.26,71772.44,0
2023-12-20 10:15,71772.62,71837.87,71727.34,71779.89,0
2023-12-20 11:15,71779.69,71785.74,71521.6,71635.12,0
2023-12-20 12:15,71636.31,71676.5,71483.4,71500.19,0
2023-12-20 13:15,71500.6,71502.92,70825.13,70912.17,0
2023-12-20 14:15,70914.76,71044.07,70490.09,70494.53,0
2023-12-20 15:15,70495.16,70589.2,70495.16,70506.31,0
2023-12-21 09:15,70075.14,70442.06,69922.24,70392.2,0
2023-12-21 10:15,70392.63,70614.01,70215.85,70524.82,0
2023-12-21 11:15,70524.82,70643.27,70416.59,70581.69,0
2023-12-21 12:15,70580.99,70860.4,70558.47,70825.81,0
2023-12-21 13:15,70822.82,70884.19,70612.79,70734.86,0
2023-12-21 14:15,70734.35,70920.93,70717.23,70886.21,0
2023-12-21 15:15,70884.08,70884.08,70840.26,70865.1,0
2023-12-22 09:15,71025.26,71153.74,70759.49,71143.05,0
2023-12-22 10:15,71143.76,71259.55,71044.52,71179.01,0
2023-12-22 11:15,71179.4,71239.5,71146.12,71157.33,0
2023-12-22 12:15,71165.89,71193.88,70933.28,71063.23,0
2023-12-22 13:15,71063.72,71161.67,70715.28,70984.51,0
2023-12-22 14:15,70984.61,71225.67,70943.78,71116.07,0
2023-12-22 15:15,71114.23,71125.6,71107.01,71107.01,0
2023-12-26 09:15,71124.68,71288.75,71012.08,71246.21,0
2023-12-26 10:15,71239.54,71469.45,71239.36,71399.94,0
2023-12-26 11:15,71399.52,71441.62,71343.9,71415.12,0
2023-12-26 12:15,71414.17,71466.39,71256.71,71342.6,0
2023-12-26 13:15,71341.39,71386.48,71289.51,71311.21,0
2023-12-26 14:15,71310.41,71424.2,71264.25,71319.84,0
2023-12-26 15:15,71321.34,71338.9,71307.56,71336.8,0
2023-12-27 09:15,71502.79,71757.78,71479.9,71724.95,0
2023-12-27 10:15,71732.78,71813.11,71711.12,71788.05,0
2023-12-27 11:15,71782.38,71871.57,71763.53,71806.63,0
2023-12-27 12:15,71805.92,71809.49,71603.63,71634.26,0
2023-12-27 13:15,71634.26,71723.5,71553.76,71711.41,0
2023-12-27 14:15,71711.98,72107.28,71679.76,72079.62,0
2023-12-27 15:15,72079.69,72079.69,72011.53,72038.37,0
2023-12-28 09:15,72258.23,72406.68,72139.77,72198.79,0
2023-12-28 10:15,72200.17,72340.8,72145.81,72309.71,0
2023-12-28 11:15,72309.77,72343.11,72260.69,72283.97,0
2023-12-28 12:15,72279.85,72435.62,72279.25,72401.29,0
2023-12-28 13:15,72403.3,72418.29,72301.8,72330.83,0
2023-12-28 14:15,72330.23,72423.54,72269.53,72402.83,0
2023-12-28 15:15,72403.89,72412.78,72385.14,72410.42,0
2023-12-29 09:15,72375.33,72375.33,72109.74,72113.96,0
2023-12-29 10:15,72115.9,72240.09,72092.55,72205.68,0
2023-12-29 11:15,72200.42,72325.96,72192.34,72277.32,0
2023-12-29 12:15,72274.72,72330.57,72186.17,72252.99,0
2023-12-29 13:15,72255.08,72313.47,72124.64,72126.69,0
2023-12-29 14:15,72125.99,72350.01,72084.69,72159.15,0
2023-12-29 15:15,72163.61,72251.62,72163.61,72240.27,0
2024-01-01 09:15,72218.39,72219.22,72033.93,72115.59,0
2024-01-01 10:15,72115.51,72223.0,72059.58,72220.08,0
2024-01-01 11:15,72220.68,72244.18,72131.5,72212.39,0
2024-01-01 12:15,72213.88,72252.09,72116.19,72200.81,0
2024-01-01 13:15,72201.07,72401.56,72201.07,72397.26,0
2024-01-01 14:15,72392.61,72559.42,72167.88,72197.14,0
2024-01-01 15:15,72379.48,72379.48,72271.94,72271.94,0
2024-01-02 09:15,72332.85,72332.85,71843.62,71944.42,0
2024-01-02 10:15,71944.14,71965.28,71615.87,71698.8,0
2024-01-02 11:15,71698.09,71769.19,71642.17,71727.4,0
2024-01-02 12:15,71729.59,71857.77,71701.8,71734.3,0
2024-01-02 13:15,71733.99,71898.08,71723.54,71882.98,0
2024-01-02 14:15,71882.49,71986.22,71787.25,71896.11,0
2024-01-02 15:15,71890.41,71896.5,71889.67,71892.39,0
2024-01-03 09:15,71846.84,71846.84,71495.4,71560.71,0
2024-01-03 10:15,71561.0,71586.45,71442.86,71568.44,0
2024-01-03 11:15,71562.14,71648.77,71513.44,71554.78,0
2024-01-03 12:15,71551.57,71578.37,71396.55,71569.59,0
2024-01-03 13:15,71574.46,71610.54,71523.43,71551.43,0
2024-01-03 14:15,71551.74,71556.09,71324.76,71366.41,0
2024-01-03 15:15,71364.19,71370.46,71354.43,71356.6,0
2024-01-04 09:15,71639.98,71771.53,71551.4,71765.07,0
2024-01-04 10:15,71768.83,71848.25,71742.13,71838.33,0
2024-01-04 11:15,71837.39,71862.41,71790.73,71804.66,0
2024-01-04 12:15,71804.74,71913.06,71801.55,71903.91,0
2024-01-04 13:15,71904.2,71907.99,71800.83,71834.82,0
2024-01-04 14:15,71834.82,71877.59,71787.32,71832.79,0
2024-01-04 15:15,71845.97,71847.37,71827.54,71847.11,0
2024-01-05 09:15,72021.23,72156.48,72002.1,72065.92,0
2024-01-05 10:15,72066.13,72112.47,71893.25,71955.69,0
2024-01-05 11:15,71955.69,71978.07,71858.7,71925.7,0
2024-01-05 12:15,71926.66,71984.86,71844.01,71947.72,0
2024-01-05 13:15,71947.44,71964.69,71800.11,71818.57,0
2024-01-05 14:15,71817.69,72106.46,71780.0,72069.18,0
2024-01-05 15:15,72040.07,72040.2,72025.08,72026.29,0
2024-01-08 09:15,72132.85,72180.75,71813.88,71991.31,0
2024-01-08 10:15,71991.58,72099.73,71682.79,71740.31,0
2024-01-08 11:15,71737.95,71815.84,71521.94,71618.7,0
2024-01-08 12:15,71619.73,71701.98,71556.23,71571.15,0
2024-01-08 13:15,71572.63,71657.72,71504.33,71612.53,0
2024-01-08 14:15,71612.16,71632.53,71308.32,71362.3,0
2024-01-08 15:15,71357.69,71378.44,71354.93,71354.94,0
2024-01-09 09:15,71783.12,71871.82,71622.47,71811.76,0
2024-01-09 10:15,71813.54,72007.03,71792.39,71952.29,0
2024-01-09 11:15,71951.18,72004.36,71885.76,71946.82,0
2024-01-09 12:15,71944.07,72034.86,71937.73,71988.87,0
2024-01-09 13:15,71990.22,72011.2,71772.48,71797.6,0
2024-01-09 14:15,71797.18,71810.92,71364.91,71401.69,0
2024-01-09 15:15,71395.03,71424.21,71382.97,71386.16,0
2024-01-10 09:15,71357.28,71452.95,71113.74,71390.49,0
2024-01-10 10:15,71390.15,71498.28,71299.1,71401.37,0
2024-01-10 11:15,71404.46,71474.26,71301.7,71352.04,0
2024-01-10 12:15,71352.08,71384.94,71166.35,71304.37,0
2024-01-10 13:15,71303.67,71407.43,71212.96,71381.9,0
2024-01-10 14:15,71387.61,71733.43,71317.68,71630.78,0
2024-01-10 15:15,71654.36,71658.7,71654.18,71657.71,0
2024-01-11 09:15,71882.36,71998.9,71776.48,71827.63,0
2024-01-11 10:15,71822.99,71860.79,71689.53,71765.28,0
2024-01-11 11:15,71763.05,71815.79,71737.13,71753.51,0
2024-01-11 12:15,71748.19,71826.57,71729.66,71797.56,0
2024-01-11 13:15,71800.27,71830.75,71555.78,71577.99,0
2024-01-11 14:15,71584.49,71783.91,71544.3,71727.36,0
2024-01-11 15:15,71724.68,71724.68,71711.27,71716.48,0
2024-01-12 09:15,72183.81,72333.84,71987.08,72283.97,0
2024-01-12 10:15,72286.02,72433.33,72261.02,72358.4,0
2024-01-12 11:15,72352.58,72462.95,72297.57,72379.91,0
2024-01-12 12:15,72382.96,72523.99,72353.94,72404.53,0
2024-01-12 13:15,72404.25,72617.92,72404.25,72547.29,0
2024-01-12 14:15,72547.29,72720.94,72417.42,72514.16,0
2024-01-12 15:15,72509.73,72568.43,72509.73,72568.43,0
2024-01-15 09:15,73049.87,73285.69,72911.29,73063.82,0
2024-01-15 10:15,73067.05,73158.44,73045.38,73146.86,0
2024-01-15 11:15,73145.82,73209.92,73079.79,73150.48,0
2024-01-15 12:15,73151.42,73226.9,73130.13,73192.39,0
2024-01-15 13:15,73192.78,73267.85,73073.22,73230.16,0
2024-01-15 14:15,73227.03,73347.66,73164.02,73290.25,0
2024-01-15 15:15,73298.16,73328.11,73298.04,73327.99,0
2024-01-16 09:15,73304.67,73370.61,73104.02,73349.04,0
2024-01-16 10:15,73351.55,73426.21,73281.12,73403.11,0
2024-01-16 11:15,73409.52,73416.5,73225.21,73278.5,0
2024-01-16 12:15,73278.92,73331.12,73084.71,73105.65,0
2024-01-16 13:15,73106.41,73204.95,72960.34,73185.46,0
2024-01-16 14:15,73185.11,73208.0,73051.19,73140.19,0
2024-01-16 15:15,73141.05,73147.85,73126.55,73128.77,0
2024-01-17 09:15,71815.22,72477.82,71815.22,72282.22,0
2024-01-17 10:15,72283.45,72285.39,72034.05,72080.47,0
2024-01-17 11:15,72078.4,72114.16,71723.09,71862.08,0
2024-01-17 12:15,71868.04,71922.1,71688.59,71702.84,0
2024-01-17 13:15,71701.32,71849.07,71644.03,71788.78,0
2024-01-17 14:15,71790.55,71800.51,71434.6,71584.69,0
2024-01-17 15:15,71579.2,71579.2,71494.12,71500.92,0
2024-01-18 09:15,70943.32,71189.5,70667.82,71004.6,0
2024-01-18 10:15,71003.96,71292.26,70893.7,71279.09,0
2024-01-18 11:15,71283.07,71415.92,71139.45,71406.8,0
2024-01-18 12:15,71410.53,71451.29,71091.68,71152.0,0
2024-01-18 13:15,71151.13,71203.14,71052.61,71149.18,0
2024-01-18 14:15,71149.11,71254.3,71012.42,71183.85,0
2024-01-18 15:15,71183.55,71186.86,71166.03,71186.86,0
2024-01-19 09:15,71747.4,71876.83,71656.62,71784.54,0
2024-01-19 10:15,71783.8,71895.64,71580.6,71604.63,0
2024-01-19 11:15,71607.52,71718.92,71542.74,71646.36,0
2024-01-19 12:15,71640.06,71736.67,71553.52,71735.49,0
2024-01-19 13:15,71740.34,71762.62,71565.77,71598.16,0
2024-01-19 14:15,71600.44,71778.91,71575.07,71677.15,0
2024-01-19 15:15,71663.04,71683.22,71662.9,71683.22,0
2024-01-23 09:15,72021.26,72027.28,71638.26,71734.98,0
2024-01-23 10:15,71739.37,71806.25,71265.31,71381.98,0
2024-01-23 11:15,71383.37,71403.49,70786.8,70836.64,0
2024-01-23 12:15,70834.58,70969.62,70690.83,70748.3,0
2024-01-23 13:15,70746.3,70805.05,70592.75,70616.44,0
2024-01-23 14:15,70617.22,70624.65,70235.85,70384.73,0
2024-01-23 15:15,70378.3,70378.3,70320.03,70370.55,0
2024-01-24 09:15,70157.66,70874.72,70006.91,70632.41,0
2024-01-24 10:15,70636.93,70906.18,70636.93,70786.92,0
2024-01-24 11:15,70786.92,70838.62,70318.09,70379.6,0
2024-01-24 12:15,70382.31,70655.08,70241.55,70539.8,0
2024-01-24 13:15,70541.8,70703.64,70485.58,70656.92,0
2024-01-24 14:15,70657.5,71064.83,70572.44,71064.42,0
2024-01-24 15:15,71063.66,71063.66,71002.03,71060.31,0
2024-01-25 09:15,71018.43,71018.43,70622.71,70740.98,0
2024-01-25 10:15,70735.4,70745.63,70327.4,70390.08,0
2024-01-25 11:15,70390.36,70742.88,70374.72,70511.7,0
2024-01-25 12:15,70511.76,70537.39,70319.04,70445.24,0
2024-01-25 13:15,70445.39,70537.33,70361.39,70447.93,0
2024-01-25 14:15,70445.94,70710.53,70325.87,70645.82,0
2024-01-25 15:15,70649.31,70700.71,70606.82,70700.71,0
2024-01-29 09:15,70975.67,71452.89,70940.91,71397.88,0
2024-01-29 10:15,71397.23,71589.04,71388.32,71557.69,0
2024-01-29 11:15,71556.28,71694.33,71414.05,71683.64,0
2024-01-29 12:15,71683.08,71865.92,71660.62,71834.69,0
2024-01-29 13:15,71834.97,71964.45,71703.19,71885.99,0
2024-01-29 14:15,71885.47,71977.33,71770.03,71930.55,0
2024-01-29 15:15,71928.45,71944.45,71907.58,71941.77,0
2024-01-30 09:15,72000.2,72139.79,71751.57,71937.44,0
2024-01-30 10:15,71930.54,71953.2,71573.93,71635.42,0
2024-01-30 11:15,71635.42,71806.28,71586.01,71732.58,0
2024-01-30 12:15,71728.82,71736.59,71573.54,71605.7,0
2024-01-30 13:15,71600.03,71681.83,71488.03,71593.55,0
2024-01-30 14:15,71592.72,71607.73,71077.76,71170.07,0
2024-01-30 15:15,71172.25,71172.25,71123.09,71139.9,0
2024-01-31 09:15,71024.66,71424.55,70847.89,71414.86,0
2024-01-31 10:15,71414.74,71679.6,71357.64,71632.02,0
2024-01-31 11:15,71627.02,71850.88,71593.48,71781.09,0
2024-01-31 12:15,71781.09,71810.85,71557.42,71691.49,0
2024-01-31 13:15,71690.59,71744.05,71563.19,71653.66,0
2024-01-31 14:15,71648.15,71797.79,71550.73,71765.74,0
2024-01-31 15:15,71765.56,71765.56,71752.03,71752.08,0
2024-02-01 09:15,71974.7,72031.57,71618.51,71996.74,0
2024-02-01 10:15,71994.51,72151.02,71899.78,72014.83,0
2024-02-01 11:15,72016.75,72018.36,71586.2,71825.08,0
2024-02-01 12:15,71823.22,71894.81,71688.73,71759.15,0
2024-02-01 13:15,71758.91,71786.2,71586.63,71731.61,0
2024-02-01 14:15,71732.97,71777.92,71600.96,71618.75,0
2024-02-01 15:15,71658.96,71658.96,71641.77,71645.3,0
2024-02-02 09:15,72026.6,72539.11,72009.02,72418.5,0
2024-02-02 10:15,72419.79,72673.78,72343.36,72616.48,0
2024-02-02 11:15,72613.1,73088.33,72613.1,72831.46,0
2024-02-02 12:15,72831.12,72850.42,72070.14,72080.39,0
2024-02-02 13:15,72078.81,72236.41,71948.83,72192.33,0
2024-02-02 14:15,72192.82,72240.63,71983.34,72074.22,0
2024-02-02 15:15,72072.99,72114.74,72072.99,72085.63,0
2024-02-05 09:15,72270.12,72381.32,71976.92,72248.26,0
2024-02-05 10:15,72246.18,72290.06,71997.14,72188.28,0
2024-02-05 11:15,72189.45,72267.86,72131.98,72205.35,0
2024-02-05 12:15,72211.35,72327.38,72129.52,72264.43,0
2024-02-05 13:15,72268.53,72319.07,72049.57,72168.96,0
2024-02-05 14:15,72169.67,72183.7,71602.14,71742.88,0
2024-02-05 15:15,71746.19,71748.44,71731.74,71731.74,0
2024-02-06 09:15,71942.36,72089.87,71626.88,72013.67,0
2024-02-06 10:15,72011.88,72044.45,71735.18,71955.77,0
2024-02-06 11:15,71955.97,72128.21,71926.43,72125.17,0
2024-02-06 12:15,72126.55,72188.27,72049.34,72146.62,0
2024-02-06 13:15,72146.76,72216.66,72058.99,72141.98,0
2024-02-06 14:15,72142.85,72261.4,72081.14,72148.71,0
2024-02-06 15:15,72149.13,72186.46,72149.13,72186.14,0
2024-02-07 09:15,72520.0,72556.11,72277.56,72414.67,0
2024-02-07 10:15,72416.44,72460.15,72157.37,72250.59,0
2024-02-07 11:15,72250.59,72263.09,71939.07,72002.28,0
2024-02-07 12:15,72004.04,72131.12,71984.77,72062.65,0
2024-02-07 13:15,72059.09,72289.31,72005.47,72255.86,0
2024-02-07 14:15,72257.24,72321.69,72079.57,72160.04,0
2024-02-07 15:15,72157.8,72157.8,72142.89,72151.92,0
2024-02-08 09:15,72422.12,72443.82,72100.95,72154.9,0
2024-02-08 10:15,72154.14,72251.92,71405.99,71489.26,0
2024-02-08 11:15,71484.81,71709.5,71456.36,71686.48,0
2024-02-08 12:15,71686.16,71711.0,71561.94,71683.29,0
2024-02-08 13:15,71685.17,71709.68,71414.62,71418.93,0
2024-02-08 14:15,71417.32,71480.71,71230.62,71412.36,0
2024-02-08 15:15,71414.19,71428.45,71381.41,71428.43,0
2024-02-09 09:15,71415.26,71640.44,71201.71,71585.73,0
2024-02-09 10:15,71584.67,71584.67,71236.62,71396.57,0
2024-02-09 11:15,71395.91,71563.92,71275.9,71495.3,0
2024-02-09 12:15,71498.74,71616.48,71400.8,71535.26,0
2024-02-09 13:15,71535.06,71567.65,71400.54,71535.8,0
2024-02-09 14:15,71536.48,71675.85,71501.17,71596.6,0
2024-02-09 15:15,71596.17,71598.17,71593.92,71595.15,0
2024-02-12 09:15,71677.14,71753.33,71274.85,71322.01,0
2024-02-12 10:15,71331.43,71421.96,71141.56,71414.24,0
2024-02-12 11:15,71414.02,71468.08,71076.99,71154.01,0
2024-02-12 12:15,71154.19,71274.31,70923.51,71041.07,0
2024-02-12 13:15,71040.89,71292.21,70969.73,71284.29,0
2024-02-12 14:15,71281.97,71307.13,70982.73,71022.04,0
2024-02-12 15:15,71018.43,71095.98,71018.43,71072.49,0
2024-02-13 09:15,71296.85,71502.06,70924.6,71494.95,0
2024-02-13 10:15,71488.67,71631.84,71407.46,71627.17,0
2024-02-13 11:15,71628.31,71633.19,71262.12,71264.62,0
2024-02-13 12:15,71264.4,71496.71,71193.9,71406.58,0
2024-02-13 13:15,71406.58,71662.49,71388.97,71527.8,0
2024-02-13 14:15,71527.8,71619.92,71467.16,71593.84,0
2024-02-13 15:15,71592.73,71592.73,71554.56,71555.32,0
2024-02-14 09:15,70994.26,71096.52,70811.41,71094.85,0
2024-02-14 10:15,71095.05,71210.36,71004.15,71085.27,0
2024-02-14 11:15,71088.34,71144.2,70971.52,71113.58,0
2024-02-14 12:15,71112.57,71400.85,71109.58,71339.88,0
2024-02-14 13:15,71339.02,71439.27,71167.91,71434.87,0
2024-02-14 14:15,71433.69,71935.43,71428.27,71742.17,0
2024-02-14 15:15,71737.22,71827.14,71737.22,71822.87,0
2024-02-15 09:15,72059.09,72086.85,71646.33,71928.27,0
2024-02-15 10:15,71935.79,71973.52,71755.51,71870.58,0
2024-02-15 11:15,71870.4,71907.28,71790.73,71844.88,0
2024-02-15 12:15,71844.88,71890.73,71732.75,71844.35,0
2024-02-15 13:15,71844.63,72164.08,71779.09,72050.8,0
2024-02-15 14:15,72047.83,72075.63,71919.89,72030.39,0
2024-02-15 15:15,72027.5,72050.42,72012.6,72050.38,0
2024-02-16 09:15,72391.55,72415.73,72219.07,72415.73,0
2024-02-16 10:15,72408.31,72468.31,72347.1,72425.63,0
2024-02-16 11:15,72421.88,72443.82,72289.47,72420.79,0
2024-02-16 12:15,72422.14,72484.11,72354.32,72449.75,0
2024-02-16 13:15,72443.4,72515.54,72341.39,72427.56,0
2024-02-16 14:15,72428.27,72544.94,72344.7,72412.79,0
2024-02-16 15:15,72410.16,72448.02,72410.16,72426.64,0
2024-02-19 09:15,72649.93,72649.93,72311.99,72443.93,0
2024-02-19 10:15,72442.36,72653.76,72429.99,72647.05,0
2024-02-19 11:15,72646.59,72765.87,72604.51,72738.37,0
2024-02-19 12:15,72734.72,72804.22,72698.27,72801.28,0
2024-02-19 13:15,72801.93,72827.33,72694.94,72771.83,0
2024-02-19 14:15,72780.93,72881.93,72639.06,72706.66,0
2024-02-19 15:15,72708.48,72714.8,72707.02,72708.62,0
2024-02-20 09:15,72706.25,72743.39,72513.62,72701.44,0
2024-02-20 10:15,72706.65,72856.53,72672.77,72757.73,0
2024-02-20 11:15,72758.01,72996.43,72756.93,72948.93,0
2024-02-20 12:15,72950.34,72969.17,72876.25,72887.02,0
2024-02-20 13:15,72882.03,72978.37,72684.95,72784.6,0
2024-02-20 14:15,72785.01,73092.0,72785.01,73089.38,0
2024-02-20 15:15,73086.62,73086.62,73017.51,73057.62,0
2024-02-21 09:15,73219.11,73230.75,73029.81,73101.91,0
2024-02-21 10:15,73103.56,73155.62,72930.95,73091.73,0
2024-02-21 11:15,73093.81,73135.98,72997.32,73098.48,0
2024-02-21 12:15,73098.99,73193.04,73080.79,73139.31,0
2024-02-21 13:15,73139.09,73143.08,72760.83,72793.88,0
2024-02-21 14:15,72791.6,72876.99,72450.74,72764.45,0
2024-02-21 15:15,72759.91,72759.91,72623.09,72623.09,0
2024-02-22 09:15,72698.93,72698.93,72159.76,72243.65,0
2024-02-22 10:15,72243.04,72290.1,72082.38,72241.65,0
2024-02-22 11:15,72241.82,72386.4,72160.76,72323.12,0
2024-02-22 12:15,72323.82,72367.25,72263.21,72320.31,0
2024-02-22 13:15,72324.26,72810.89,72306.03,72651.77,0
2024-02-22 14:15,72649.73,73223.0,72599.3,73137.9,0
2024-02-22 15:15,73134.84,73159.7,73109.35,73158.24,0
2024-02-23 09:15,73412.97,73412.97,73156.41,73330.11,0
2024-02-23 10:15,73331.36,73381.57,73145.28,73230.27,0
2024-02-23 11:15,73230.39,73301.52,73150.84,73215.7,0
2024-02-23 12:15,73214.67,73324.71,73200.63,73265.71,0
2024-02-23 13:15,73265.86,73315.48,73075.41,73119.44,0
2024-02-23 14:15,73119.55,73246.65,73094.75,73132.27,0
2024-02-23 15:15,73125.69,73164.13,73125.69,73142.8,0
2024-02-26 09:15,73044.81,73091.04,72806.75,72901.08,0
2024-02-26 10:15,72907.11,72907.94,72743.37,72814.85,0
2024-02-26 11:15,72816.13,72853.22,72700.5,72736.65,0
2024-02-26 12:15,72739.38,72919.86,72667.06,72884.72,0
2024-02-26 13:15,72883.93,72976.11,72842.84,72904.12,0
2024-02-26 14:15,72903.36,72969.66,72757.63,72798.31,0
2024-02-26 15:15,72802.24,72820.13,72789.98,72790.15,0
2024-02-27 09:15,72718.82,72889.5,72661.8,72751.43,0
2024-02-27 10:15,72752.05,72923.32,72739.98,72893.8,0
2024-02-27 11:15,72893.57,72969.55,72775.73,72822.51,0
2024-02-27 12:15,72822.37,73136.04,72799.32,73133.78,0
2024-02-27 13:15,73132.72,73159.65,72906.8,73015.89,0
2024-02-27 14:15,73016.03,73160.2,72951.15,73117.93,0
2024-02-27 15:15,73117.04,73117.04,73094.37,73095.05,0
2024-02-28 09:15,73161.48,73222.39,73011.8,73183.26,0
2024-02-28 10:15,73184.66,73207.83,72537.03,72677.64,0
2024-02-28 11:15,72673.52,72756.56,72489.69,72620.64,0
2024-02-28 12:15,72620.73,72663.59,72299.72,72317.79,0
2024-02-28 13:15,72315.01,72655.28,72315.01,72645.74,0
2024-02-28 14:15,72643.38,72647.86,72310.04,72322.36,0
2024-02-28 15:15,72394.54,72394.54,72304.76,72304.76,0
2024-02-29 09:15,72220.57,72612.27,72105.93,72130.58,0
2024-02-29 10:15,72130.92,72434.31,72099.44,72431.41,0
2024-02-29 11:15,72440.35,72530.24,72310.9,72376.53,0
2024-02-29 12:15,72377.23,72460.49,72200.8,72457.58,0
2024-02-29 13:15,72454.36,72485.18,72329.3,72408.78,0
2024-02-29 14:15,72409.11,72545.83,72225.26,72517.2,0
2024-02-29 15:15,72518.58,72518.58,72349.68,72500.26,0
2024-03-01 09:15,72646.65,73213.65,72646.65,73204.15,0
2024-03-01 10:15,73202.92,73309.65,73112.8,73220.6,0
2024-03-01 11:15,73224.28,73572.93,73222.83,73507.33,0
2024-03-01 12:15,73512.74,73638.13,73473.6,73498.13,0
2024-03-01 13:15,73493.85,73702.89,73465.85,73701.46,0
2024-03-01 14:15,73702.97,73819.21,73603.58,73705.37,0
2024-03-01 15:15,73705.47,73763.24,73705.47,73745.36,0
2024-03-04 09:15,73909.42,73979.58,73747.54,73865.65,0
2024-03-04 10:15,73863.65,73987.85,73759.69,73864.43,0
2024-03-04 11:15,73869.13,73935.98,73813.31,73856.36,0
2024-03-04 12:15,73852.71,73942.89,73767.16,73846.08,0
2024-03-04 13:15,73845.27,73972.54,73805.13,73956.54,0
2024-03-04 14:15,73959.57,73974.41,73856.41,73899.52,0
2024-03-04 15:15,73904.02,73933.13,73869.94,73872.29,0
2024-03-05 09:15,73755.53,73781.73,73569.84,73587.67,0
2024-03-05 10:15,73591.29,73591.29,73423.43,73464.37,0
2024-03-05 11:15,73464.85,73689.16,73412.25,73665.22,0
2024-03-05 12:15,73663.53,73915.54,73571.96,73819.71,0
2024-03-05 13:15,73820.05,73870.08,73631.68,73683.98,0
2024-03-05 14:15,73685.54,73778.32,73642.64,73691.02,0
2024-03-05 15:15,73687.9,73689.01,73677.13,73677.13,0
2024-03-06 09:15,73578.16,73765.26,73451.6,73657.49,0
2024-03-06 10:15,73650.01,73763.11,73449.78,73484.03,0
2024-03-06 11:15,73486.99,73579.76,73321.48,73423.86,0
2024-03-06 12:15,73427.36,73570.04,73378.06,73550.39,0
2024-03-06 13:15,73549.18,73917.66,73467.69,73899.2,0
2024-03-06 14:15,73899.69,74117.39,73856.84,74093.42,0
2024-03-06 15:15,74097.59,74097.59,74066.13,74085.83,0
2024-03-07 09:15,74175.37,74219.89,73974.07,74115.73,0
2024-03-07 10:15,74115.75,74221.99,73923.34,74156.7,0
2024-03-07 11:15,74156.94,74192.05,74079.01,74121.09,0
2024-03-07 12:15,74120.67,74173.05,74084.6,74165.04,0
2024-03-07 13:15,74165.04,74241.26,74084.05,74085.14,0
2024-03-07 14:15,74086.57,74220.24,74025.91,74138.81,0
2024-03-07 15:15,74134.0,74135.44,74119.39,74119.39,0
2024-03-11 09:15,74145.86,74147.96,73856.6,73875.73,0
2024-03-11 10:15,73872.27,73960.73,73801.64,73833.44,0
2024-03-11 11:15,73834.6,73889.45,73664.41,73687.78,0
2024-03-11 12:15,73685.85,73833.0,73668.33,73743.79,0
2024-03-11 13:15,73744.54,73838.78,73683.57,73683.97,0
2024-03-11 14:15,73683.26,73774.27,73453.32,73499.32,0
2024-03-11 15:15,73498.31,73549.83,73498.31,73502.64,0
2024-03-12 09:15,73527.32,73997.87,73473.8,73952.81,0
2024-03-12 10:15,73956.2,74002.13,73345.28,73710.24,0
2024-03-12 11:15,73713.12,73831.93,73599.54,73740.23,0
2024-03-12 12:15,73740.5,73833.15,73675.35,73827.81,0
2024-03-12 13:15,73827.81,73891.25,73765.12,73767.95,0
2024-03-12 14:15,73768.25,73806.46,73592.0,73657.3,0
2024-03-12 15:15,73663.25,73716.82,73642.28,73642.28,0
2024-03-13 09:15,74047.32,74047.32,73573.44,73789.57,0
2024-03-13 10:15,73785.01,73819.05,73458.67,73497.66,0
2024-03-13 11:15,73498.71,73541.0,73027.66,73027.66,0
2024-03-13 12:15,73030.8,73129.04,72912.91,73086.6,0
2024-03-13 13:15,73084.66,73123.83,72767.78,72788.43,0
2024-03-13 14:15,72787.01,72929.18,72517.24,72685.98,0
2024-03-13 15:15,72690.85,72804.49,72690.85,72761.73,0
2024-03-14 09:15,72703.19,72864.4,72499.47,72762.45,0
2024-03-14 10:15,72763.7,72994.49,72748.49,72965.73,0
2024-03-14 11:15,72969.33,73289.02,72919.8,73263.42,0
2024-03-14 12:15,73263.81,73364.05,73120.98,73199.65,0
2024-03-14 13:15,73196.32,73224.97,72924.52,72981.65,0
2024-03-14 14:15,72981.65,73138.09,72963.03,73076.02,0
2024-03-14 15:15,73074.13,73103.34,73074.13,73097.33,0
2024-03-15 09:15,72821.85,72995.65,72616.17,72717.02,0
2024-03-15 10:15,72718.47,72744.13,72489.95,72547.8,0
2024-03-15 11:15,72550.69,72648.03,72484.82,72536.34,0
2024-03-15 12:15,72535.97,72660.87,72513.14,72656.97,0
2024-03-15 13:15,72657.57,72776.94,72563.12,72670.9,0
2024-03-15 14:15,72670.9,72773.44,72545.6,72601.84,0
2024-03-15 15:15,72633.7,72646.59,72633.08,72643.43,0
2024-03-18 09:15,72553.07,72767.96,72404.22,72540.62,0
2024-03-18 10:15,72535.68,72729.13,72429.59,72432.01,0
2024-03-18 11:15,72428.79,72756.62,72318.53,72695.05,0
2024-03-18 12:15,72694.02,72888.48,72689.88,72830.91,0
2024-03-18 13:15,72829.36,72857.02,72746.68,72790.81,0
2024-03-18 14:15,72790.7,72985.47,72698.84,72758.38,0
2024-03-18 15:15,72754.0,72766.53,72747.75,72748.55,0
2024-03-19 09:15,72462.94,72488.0,72136.46,72228.07,0
2024-03-19 10:15,72225.93,72266.34,72068.68,72160.42,0
2024-03-19 11:15,72160.18,72233.63,72007.73,72054.76,0
2024-03-19 12:15,72053.26,72167.43,72039.72,72134.45,0
2024-03-19 13:15,72134.88,72185.21,71989.05,72001.83,0
2024-03-19 14:15,72001.34,72129.99,71933.39,71995.78,0
2024-03-19 15:15,71996.9,72020.44,71996.9,72011.92,0
2024-03-20 09:15,72116.67,72268.56,71843.1,71867.84,0
2024-03-20 10:15,71867.44,71959.74,71674.42,71921.76,0
2024-03-20 11:15,71922.39,72180.1,71832.9,72084.26,0
2024-03-20 12:15,72087.37,72358.8,72087.27,72347.17,0
2024-03-20 13:15,72339.25,72402.12,72107.43,72147.41,0
2024-03-20 14:15,72149.13,72218.14,72013.26,72106.46,0
2024-03-20 15:15,72107.25,72107.25,72069.84,72101.64,0
2024-03-21 09:15,72611.85,72880.47,72581.45,72845.62,0
2024-03-21 10:15,72846.06,72871.57,72761.15,72845.17,0
2024-03-21 11:15,72846.05,72855.68,72443.66,72447.38,0
2024-03-21 12:15,72442.11,72672.45,72417.77,72624.16,0
2024-03-21 13:15,72624.08,72711.24,72570.23,72592.71,0
2024-03-21 14:15,72597.03,72716.56,72520.82,72678.26,0
2024-03-21 15:15,72678.65,72678.65,72617.09,72641.11,0
2024-03-22 09:15,72311.46,72719.16,72172.16,72687.63,0
2024-03-22 10:15,72687.19,72841.66,72654.17,72734.23,0
2024-03-22 11:15,72733.51,72877.87,72714.37,72777.92,0
2024-03-22 12:15,72778.33,72914.33,72738.59,72863.15,0
2024-03-22 13:15,72863.15,72888.69,72753.8,72839.86,0
2024-03-22 14:15,72836.75,73115.62,72692.54,72805.57,0
2024-03-22 15:15,72804.51,72856.94,72804.51,72831.94,0
2024-03-26 09:15,72416.47,72703.66,72416.47,72536.46,0
2024-03-26 10:15,72535.6,72666.55,72498.29,72555.79,0
2024-03-26 11:15,72556.71,72648.97,72522.19,72530.43,0
2024-03-26 12:15,72531.16,72681.87,72527.54,72641.36,0
2024-03-26 13:15,72641.01,72659.02,72526.59,72568.55,0
2024-03-26 14:15,72569.73,72589.38,72399.92,72447.78,0
2024-03-26 15:15,72457.99,72470.3,72456.64,72470.3,0
2024-03-27 09:15,72649.92,73007.98,72600.73,72965.24,0
2024-03-27 10:15,72962.59,73029.12,72900.17,72981.88,0
2024-03-27 11:15,72980.93,73064.63,72956.69,73021.35,0
2024-03-27 12:15,73021.44,73056.98,72976.06,73016.84,0
2024-03-27 13:15,73016.62,73138.54,73015.91,73118.2,0
2024-03-27 14:15,73117.57,73135.08,72868.32,72964.77,0
2024-03-27 15:15,72958.86,72996.58,72948.56,72996.31,0
2024-03-28 09:15,73175.79,73633.94,73145.3,73594.94,0
2024-03-28 10:15,73597.02,73819.33,73522.82,73804.44,0
2024-03-28 11:15,73803.89,73826.8,73632.82,73678.36,0
2024-03-28 12:15,73674.74,73983.9,73649.96,73894.17,0
2024-03-28 13:15,73890.56,74070.47,73858.26,74059.89,0
2024-03-28 14:15,74059.41,74189.96,73383.75,73414.51,0
2024-03-28 15:15,73415.29,73684.34,73415.29,73651.02,0
2024-04-01 09:15,73968.62,74254.21,73968.62,74151.05,0
2024-04-01 10:15,74149.82,74184.52,73988.99,74068.85,0
2024-04-01 11:15,74064.87,74116.59,74016.12,74031.33,0
2024-04-01 12:15,74027.35,74093.04,73917.67,73962.3,0
2024-04-01 13:15,73968.46,74060.18,73961.86,74003.65,0
2024-04-01 14:15,74001.63,74036.87,73911.78,74026.6,0
2024-04-01 15:15,74028.62,74028.62,73999.92,74014.53,0
2024-04-02 09:15,74022.3,74098.74,73793.46,73909.64,0
2024-04-02 10:15,73910.28,73950.07,73746.22,73882.39,0
2024-04-02 11:15,73877.76,73917.59,73810.1,73840.05,0
2024-04-02 12:15,73841.54,73877.07,73781.13,73803.56,0
2024-04-02 13:15,73803.56,73833.81,73744.35,73791.54,0
2024-04-02 14:15,73791.54,73939.4,73781.86,73911.84,0
2024-04-02 15:15,73914.18,73914.18,73873.07,73903.85,0
2024-04-03 09:15,73734.96,73905.67,73542.1,73878.97,0
2024-04-03 10:15,73878.34,73945.74,73814.25,73922.59,0
2024-04-03 11:15,73920.68,74016.16,73906.1,74016.16,0
2024-04-03 12:15,74015.12,74149.56,73993.88,74044.33,0
2024-04-03 13:15,74039.25,74119.34,73956.47,74084.47,0
2024-04-03 14:15,74085.18,74093.78,73851.03,73876.19,0
2024-04-03 15:15,73869.32,73880.01,73869.32,73876.82,0
2024-04-04 09:15,74453.82,74477.54,73735.97,73735.97,0
2024-04-04 10:15,73737.18,73953.37,73487.3,73868.14,0
2024-04-04 11:15,73870.87,73896.56,73669.13,73796.18,0
2024-04-04 12:15,73796.65,74126.85,73790.75,74119.94,0
2024-04-04 13:15,74119.88,74425.6,74097.94,74273.3,0
2024-04-04 14:15,74272.92,74404.46,74141.4,74223.09,0
2024-04-04 15:15,74220.2,74227.46,74183.29,74227.46,0
2024-04-05 09:15,74182.5,74182.5,73948.72,74086.77,0
2024-04-05 10:15,74080.94,74250.15,74027.88,74233.45,0
2024-04-05 11:15,74233.53,74255.15,74098.77,74200.64,0
2024-04-05 12:15,74198.24,74273.57,74108.84,74156.02,0
2024-04-05 13:15,74154.2,74303.49,74136.58,74219.83,0
2024-04-05 14:15,74221.33,74298.46,74138.16,74281.99,0
2024-04-05 15:15,74282.34,74282.34,74227.29,74248.22,0
2024-04-08 09:15,74474.66,74673.04,74412.3,74656.36,0
2024-04-08 10:15,74656.36,74669.69,74569.72,74620.2,0
2024-04-08 11:15,74619.28,74725.52,74608.37,74723.08,0
2024-04-08 12:15,74723.39,74867.09,74717.53,74866.36,0
2024-04-08 13:15,74866.48,74869.21,74658.95,74738.04,0
2024-04-08 14:15,74738.73,74818.11,74712.9,74775.91,0
2024-04-08 15:15,74741.9,74746.29,74740.29,74742.55,0
2024-04-09 09:15,75045.99,75075.5,74793.12,75034.0,0
2024-04-09 10:15,75035.88,75123.3,74997.36,75005.64,0
2024-04-09 11:15,75010.57,75086.43,74928.22,74956.12,0
2024-04-09 12:15,74958.29,74976.67,74783.66,74834.35,0
2024-04-09 13:15,74833.52,74838.66,74604.08,74611.96,0
2024-04-09 14:15,74611.4,74781.36,74603.58,74669.7,0
2024-04-09 15:15,74669.15,74684.02,74669.15,74683.7,0
2024-04-10 09:15,74953.96,74981.68,74816.63,74913.71,0
2024-04-10 10:15,74918.22,74945.37,74860.17,74904.69,0
2024-04-10 11:15,74906.43,74919.29,74809.02,74900.56,0
2024-04-10 12:15,74900.81,74944.14,74840.05,74930.54,0
2024-04-10 13:15,74930.54,75018.97,74908.32,74945.38,0
2024-04-10 14:15,74944.96,75104.43,74934.59,75028.04,0
2024-04-10 15:15,75053.67,75054.5,75038.39,75038.39,0
2024-04-12 09:15,74811.16,74951.67,74543.08,74603.15,0
2024-04-12 10:15,74601.16,74703.9,74572.47,74682.69,0
2024-04-12 11:15,74686.07,74849.05,74680.23,74817.99,0
2024-04-12 12:15,74816.82,74820.06,74301.56,74385.44,0
2024-04-12 13:15,74382.15,74501.54,74312.6,74326.57,0
2024-04-12 14:15,74325.36,74401.05,74214.69,74234.33,0
2024-04-12 15:15,74234.9,74261.57,74234.9,74244.9,0
2024-04-15 09:15,73357.08,73757.07,73357.08,73703.82,0
2024-04-15 10:15,73699.14,73905.22,73654.02,73704.13,0
2024-04-15 11:15,73702.61,73820.34,73679.22,73816.35,0
2024-04-15 12:15,73817.45,73833.85,73572.58,73625.52,0
2024-04-15 13:15,73625.63,73671.55,73566.11,73612.25,0
2024-04-15 14:15,73613.23,73629.08,73356.25,73388.38,0
2024-04-15 15:15,73382.19,73408.82,73382.19,73400.18,0
2024-04-16 09:15,72943.5,73134.89,72824.44,73070.35,0
2024-04-16 10:15,73068.74,73112.44,72948.95,73060.39,0
2024-04-16 11:15,73060.81,73089.01,72898.55,72982.66,0
2024-04-16 12:15,72981.17,72992.66,72763.01,72766.09,0
2024-04-16 13:15,72752.86,72927.0,72685.34,72908.06,0
2024-04-16 14:15,72905.56,73008.73,72801.0,73003.31,0
2024-04-16 15:15,72998.55,72998.55,72900.59,72943.68,0
2024-04-18 09:15,73148.22,73294.47,72938.09,72963.53,0
2024-04-18 10:15,72966.69,73354.39,72891.26,73321.49,0
2024-04-18 11:15,73322.84,73402.42,73271.46,73366.73,0
2024-04-18 12:15,73367.88,73472.89,73324.75,73355.02,0
2024-04-18 13:15,73354.69,73384.3,72686.91,72881.2,0
2024-04-18 14:15,72874.81,72972.4,72365.89,72388.74,0
2024-04-18 15:15,72382.0,72489.09,72382.0,72488.96,0
2024-04-19 09:15,71999.65,72205.62,71821.79,72146.7,0
2024-04-19 10:15,72146.93,72181.27,72043.12,72128.86,0
2024-04-19 11:15,72128.98,72330.73,72114.47,72289.2,0
2024-04-19 12:15,72289.2,72722.14,72281.56,72700.34,0
2024-04-19 13:15,72701.23,73158.67,72590.42,73049.96,0
2024-04-19 14:15,73048.64,73209.03,72873.54,73131.68,0
2024-04-19 15:15,73124.48,73124.48,73079.59,73088.33,0
2024-04-22 09:15,73656.67,73656.67,73231.25,73366.85,0
2024-04-22 10:15,73367.79,73508.09,73284.14,73466.44,0
2024-04-22 11:15,73464.98,73545.78,73431.71,73452.86,0
2024-04-22 12:15,73459.3,73500.35,73369.31,73420.33,0
2024-04-22 13:15,73421.77,73508.49,73375.09,73480.13,0
2024-04-22 14:15,73479.55,73684.97,73421.38,73677.87,0
2024-04-22 15:15,73673.66,73673.66,73603.01,73648.62,0
2024-04-23 09:15,73965.03,73981.51,73764.83,73934.64,0
2024-04-23 10:15,73934.1,73950.71,73736.3,73817.17,0
2024-04-23 11:15,73817.17,73932.64,73790.66,73926.77,0
2024-04-23 12:15,73927.77,73932.54,73761.03,73792.54,0
2024-04-23 13:15,73792.54,73859.21,73708.16,73830.32,0
2024-04-23 14:15,73827.87,73890.11,73722.83,73792.17,0
2024-04-23 15:15,73768.48,73769.73,73738.26,73738.45,0
2024-04-24 09:15,73977.25,74029.58,73862.69,73994.79,0
2024-04-24 10:15,73993.35,74120.33,73984.8,74060.98,0
2024-04-24 11:15,74061.43,74090.66,73973.36,74052.94,0
2024-04-24 12:15,74052.94,74061.14,73963.14,74006.78,0
2024-04-24 13:15,74006.78,74047.46,73969.09,74001.76,0
2024-04-24 14:15,74000.28,74016.34,73789.11,73843.09,0
2024-04-24 15:15,73844.24,73853.02,73831.45,73852.81,0
2024-04-25 09:15,73582.5,74061.79,73582.5,74057.91,0
2024-04-25 10:15,74059.63,74126.63,73670.42,74019.75,0
2024-04-25 11:15,74012.18,74012.18,73818.72,73850.32,0
2024-04-25 12:15,73850.48,74063.73,73788.42,74040.94,0
2024-04-25 13:15,74039.0,74479.37,73957.76,74420.34,0
2024-04-25 14:15,74421.46,74571.21,74352.26,74360.11,0
2024-04-25 15:15,74361.19,74388.25,74339.41,74339.49,0
2024-04-26 09:15,74497.53,74497.53,74143.73,74197.34,0
2024-04-26 10:15,74196.02,74265.99,74105.74,74130.92,0
2024-04-26 11:15,74129.92,74232.71,74116.22,74148.39,0
2024-04-26 12:15,74146.94,74172.62,74064.96,74127.98,0
2024-04-26 13:15,74123.65,74124.23,73767.54,73914.67,0
2024-04-26 14:15,73916.8,73935.05,73619.1,73732.47,0
2024-04-26 15:15,73728.69,73730.16,73706.36,73730.16,0
2024-04-29 09:15,73964.98,74202.67,73928.86,74103.8,0
2024-04-29 10:15,74104.47,74313.65,74095.94,74289.91,0
2024-04-29 11:15,74292.46,74415.29,74256.39,74368.16,0
2024-04-29 12:15,74368.16,74450.06,74348.97,74423.95,0
2024-04-29 13:15,74423.24,74618.86,74400.94,74582.26,0
2024-04-29 14:15,74581.79,74720.88,74546.94,74716.84,0
2024-04-29 15:15,74716.49,74716.49,74671.06,74671.29,0
2024-04-30 09:15,74800.89,75009.42,74711.45,74918.99,0
2024-04-30 10:15,74919.54,75067.56,74884.59,74958.9,0
2024-04-30 11:15,74958.53,75007.67,74908.17,74986.47,0
2024-04-30 12:15,74986.08,75010.62,74860.74,74865.38,0
2024-04-30 13:15,74872.95,75096.63,74855.3,75065.26,0
2024-04-30 14:15,75069.52,75110.46,74472.32,74478.93,0
2024-04-30 15:15,74477.98,74589.28,74477.98,74482.79,0
2024-05-02 09:15,74388.81,74745.79,74368.25,74698.61,0
2024-05-02 10:15,74700.06,74774.85,74637.06,74681.79,0
2024-05-02 11:15,74675.67,74812.19,74562.37,74769.33,0
2024-05-02 12:15,74769.42,74784.12,74670.09,74729.3,0
2024-05-02 13:15,74731.2,74802.04,74681.27,74709.49,0
2024-05-02 14:15,74704.78,74736.01,74561.88,74584.29,0
2024-05-02 15:15,74580.33,74616.63,74580.33,74611.11,0
2024-05-03 09:15,74985.16,75092.79,74609.79,74633.08,0
2024-05-03 10:15,74632.36,74667.64,74251.68,74330.02,0
2024-05-03 11:15,74328.82,74341.67,73834.12,73935.18,0
2024-05-03 12:15,73936.35,74162.51,73640.14,73683.81,0
2024-05-03 13:15,73684.5,73775.56,73467.73,73664.62,0
2024-05-03 14:15,73663.68,73956.78,73569.62,73948.16,0
2024-05-03 15:15,73948.9,73948.9,73863.27,73878.06,0
2024-05-06 09:15,74196.68,74356.15,73974.87,74079.75,0
2024-05-06 10:15,74090.57,74210.77,74020.21,74069.86,0
2024-05-06 11:15,74068.72,74153.13,73976.01,74150.68,0
2024-05-06 12:15,74148.17,74153.83,73885.43,73885.43,0
2024-05-06 13:15,73886.9,73989.04,73818.16,73872.99,0
2024-05-06 14:15,73873.4,74041.07,73786.29,73892.6,0
2024-05-06 15:15,73891.88,73895.2,73873.33,73895.2,0
2024-05-07 09:15,73978.97,74026.71,73632.94,73704.08,0
2024-05-07 10:15,73700.56,73710.47,73416.22,73457.85,0
2024-05-07 11:15,73457.85,73461.69,73260.72,73420.07,0
2024-05-07 12:15,73418.22,73487.88,73291.28,73324.85,0
2024-05-07 13:15,73326.77,73596.19,73310.74,73559.36,0
2024-05-07 14:15,73559.36,73570.09,73360.13,73531.33,0
2024-05-07 15:15,73531.58,73531.58,73505.54,73511.85,0
2024-05-08 09:15,73291.76,73417.6,73151.83,73362.97,0
2024-05-08 10:15,73363.47,73364.86,73073.92,73255.13,0
2024-05-08 11:15,73255.54,73593.07,73246.72,73582.68,0
2024-05-08 12:15,73581.4,73647.42,73493.2,73590.19,0
2024-05-08 13:15,73590.19,73684.93,73355.83,73388.62,0
2024-05-08 14:15,73392.76,73513.64,73301.37,73480.69,0
2024-05-08 15:15,73489.12,73489.12,73451.84,73466.39,0
2024-05-09 09:15,73289.09,73454.95,73077.11,73081.75,0
2024-05-09 10:15,73091.35,73133.7,72889.56,72941.47,0
2024-05-09 11:15,72941.47,73070.12,72902.08,73043.12,0
2024-05-09 12:15,73041.99,73100.48,72624.89,72718.68,0
2024-05-09 13:15,72717.85,72788.9,72604.43,72724.12,0
2024-05-09 14:15,72726.04,72777.44,72366.4,72373.6,0
2024-05-09 15:15,72373.01,72437.3,72373.01,72404.17,0
2024-05-10 09:15,72475.45,72946.47,72376.47,72898.37,0
2024-05-10 10:15,72888.12,72940.81,72505.27,72664.54,0
2024-05-10 11:15,72664.54,72764.47,72499.64,72567.23,0
2024-05-10 12:15,72568.44,72590.42,72405.14,72443.43,0
2024-05-10 13:15,72444.66,72652.14,72426.22,72533.52,0
2024-05-10 14:15,72534.23,72738.39,72470.14,72662.88,0
2024-05-10 15:15,72662.45,72665.61,72661.17,72664.47,0
2024-05-13 09:15,72481.62,72596.58,71886.09,72046.44,0
2024-05-13 10:15,72044.24,72190.2,71870.53,72158.29,0
2024-05-13 11:15,72157.87,72409.17,72152.29,72385.17,0
2024-05-13 12:15,72386.9,72573.96,72332.52,72535.03,0
2024-05-13 13:15,72535.93,72802.46,72205.04,72756.18,0
2024-05-13 14:15,72783.88,72862.34,72655.22,72756.52,0
2024-05-13 15:15,72756.09,72776.01,72735.12,72776.01,0
2024-05-14 09:15,72754.49,73000.9,72705.84,72752.25,0
2024-05-14 10:15,72754.36,73007.54,72745.56,73005.34,0
2024-05-14 11:15,73007.16,73059.22,72929.03,73013.96,0
2024-05-14 12:15,73015.88,73163.48,72946.47,73101.36,0
2024-05-14 13:15,73100.21,73285.65,73050.8,73220.36,0
2024-05-14 14:15,73223.9,73270.06,73026.99,73112.36,0
2024-05-14 15:15,73111.96,73111.96,73095.81,73104.61,0
2024-05-15 09:15,73196.27,73301.16,72890.55,72948.24,0
2024-05-15 10:15,72940.71,73129.27,72823.73,73062.34,0
2024-05-15 11:15,73062.34,73088.65,72870.76,72991.78,0
2024-05-15 12:15,72990.04,73026.36,72920.79,72947.32,0
2024-05-15 13:15,72946.96,73043.71,72871.54,73012.1,0
2024-05-15 14:15,73006.71,73074.65,72920.14,73002.72,0
2024-05-15 15:15,73000.72,73000.72,72977.54,72987.03,0
2024-05-16 09:15,73362.99,73395.84,73092.95,73179.93,0
2024-05-16 10:15,73182.12,73193.5,72767.65,72844.69,0
2024-05-16 11:15,72844.67,73301.46,72721.16,73288.34,0
2024-05-16 12:15,73290.54,73353.88,72691.67,72762.35,0
2024-05-16 13:15,72758.97,72812.89,72530.08,72586.43,0
2024-05-16 14:15,72587.16,73669.68,72578.36,73645.77,0
2024-05-16 15:15,73648.34,73665.54,73620.07,73663.89,0
2024-05-17 09:15,73704.93,73759.47,73461.44,73649.6,0
2024-05-17 10:15,73648.19,73950.56,73620.1,73939.12,0
2024-05-17 11:15,73938.81,74004.65,73838.93,73884.68,0
2024-05-17 12:15,73884.36,73991.95,73839.61,73948.41,0
2024-05-17 13:15,73948.06,74070.75,73850.26,73966.64,0
2024-05-17 14:15,73966.64,74013.38,73833.84,73940.7,0
2024-05-17 15:15,73939.04,73939.04,73890.56,73917.03,0
2024-05-21 09:15,73822.85,73985.03,73782.58,73806.71,0
2024-05-21 10:15,73810.09,73936.54,73762.37,73923.53,0
2024-05-21 11:15,73928.44,74064.73,73898.42,74045.46,0
2024-05-21 12:15,74045.41,74189.11,73966.19,74130.16,0
2024-05-21 13:15,74129.45,74149.47,74003.89,74012.21,0
2024-05-21 14:15,74013.61,74057.24,73899.84,73958.26,0
2024-05-21 15:15,73957.57,73976.27,73953.35,73953.35,0
2024-05-22 09:15,74085.66,74134.15,73863.36,74087.82,0
2024-05-22 10:15,74089.63,74138.29,73995.02,74062.33,0
2024-05-22 11:15,74062.33,74112.51,73987.67,74095.8,0
2024-05-22 12:15,74096.3,74163.54,74045.18,74079.52,0
2024-05-22 13:15,74079.85,74235.76,74079.85,74139.23,0
2024-05-22 14:15,74141.99,74261.3,73981.92,74206.12,0
2024-05-22 15:15,74204.59,74221.08,74188.89,74221.08,0
2024-05-23 09:15,74205.5,74530.82,74158.63,74486.36,0
2024-05-23 10:15,74488.49,74648.76,74416.82,74579.06,0
2024-05-23 11:15,74578.99,74796.32,74569.77,74746.58,0
2024-05-23 12:15,74746.6,75049.07,74737.79,74964.67,0
2024-05-23 13:15,74967.26,75254.8,74882.66,75251.9,0
2024-05-23 14:15,75249.21,75465.84,75170.66,75446.66,0
2024-05-23 15:15,75445.4,75445.4,75382.81,75418.09,0
2024-05-24 09:15,75310.06,75582.28,75246.39,75274.92,0
2024-05-24 10:15,75267.62,75471.96,75265.04,75385.26,0
2024-05-24 11:15,75385.52,75466.9,75368.85,75414.3,0
2024-05-24 12:15,75420.7,75559.9,75382.85,75493.9,0
2024-05-24 13:15,75489.8,75597.76,75430.68,75548.57,0
2024-05-24 14:15,75548.9,75636.08,75309.12,75424.43,0
2024-05-24 15:15,75427.29,75427.29,75410.39,75410.39,0
2024-05-27 09:15,75653.19,75675.14,75405.69,75466.29,0
2024-05-27 10:15,75463.72,75649.11,75441.54,75586.79,0
2024-05-27 11:15,75590.8,75876.18,75582.07,75855.94,0
2024-05-27 12:15,75857.66,76007.93,75840.47,75892.91,0
2024-05-27 13:15,75893.1,75937.54,75784.71,75856.16,0
2024-05-27 14:15,75857.27,75868.6,75183.57,75418.49,0
2024-05-27 15:15,75419.18,75419.18,75390.53,75390.62,0
2024-05-28 09:15,75546.63,75580.17,75347.24,75434.56,0
2024-05-28 10:15,75434.8,75574.21,75428.96,75466.98,0
2024-05-28 11:15,75466.94,75493.68,75359.58,75378.18,0
2024-05-28 12:15,75377.43,75463.22,75248.2,75397.96,0
2024-05-28 13:15,75396.45,75491.37,75293.65,75341.35,0
2024-05-28 14:15,75341.35,75372.68,75187.94,75209.06,0
2024-05-28 15:15,75207.6,75226.36,75170.74,75170.78,0
2024-05-29 09:15,74776.38,74985.51,74729.5,74735.62,0
2024-05-29 10:15,74735.39,74766.54,74590.41,74604.92,0
2024-05-29 11:15,74605.07,74678.51,74539.6,74656.46,0
2024-05-29 12:15,74656.46,74810.92,74586.34,74679.3,0
2024-05-29 13:15,74673.9,74765.49,74577.25,74646.2,0
2024-05-29 14:15,74645.89,74675.8,74454.57,74529.44,0
2024-05-29 15:15,74531.93,74531.93,74502.72,74502.96,0
2024-05-30 09:15,74260.16,74491.29,74031.81,74044.98,0
2024-05-30 10:15,74046.33,74231.19,74033.63,74078.25,0
2024-05-30 11:15,74077.97,74162.2,74004.31,74108.2,0
2024-05-30 12:15,74108.18,74202.11,74050.32,74146.11,0
2024-05-30 13:15,74145.76,74148.5,73931.96,73962.17,0
2024-05-30 14:15,73963.54,74015.16,73668.9,73835.59,0
2024-05-30 15:15,73835.46,73885.49,73835.46,73885.49,0
2024-05-31 09:15,74201.93,74470.82,74082.94,74101.79,0
2024-05-31 10:15,74095.71,74265.34,73956.12,74051.83,0
2024-05-31 11:15,74057.79,74153.59,73968.35,74014.41,0
2024-05-31 12:15,74014.41,74122.14,73967.01,74040.3,0
2024-05-31 13:15,74040.38,74354.6,74004.16,74245.52,0
2024-05-31 14:15,74238.53,74244.28,73773.15,73966.6,0
2024-05-31 15:15,73971.34,73971.34,73909.02,73961.27,0
2024-06-03 09:15,76652.15,76652.15,75679.66,76101.77,0
2024-06-03 10:15,76099.78,76145.7,75929.26,76094.06,0
2024-06-03 11:15,76088.0,76333.73,76073.59,76250.5,0
2024-06-03 12:15,76254.57,76307.82,76178.65,76269.95,0
2024-06-03 13:15,76271.37,76403.43,76071.24,76329.58,0
2024-06-03 14:15,76331.06,76452.62,76226.01,76442.36,0
2024-06-03 15:15,76441.86,76467.43,76367.8,76467.33,0
2024-06-04 09:15,76285.78,76285.78,73665.12,75027.26,0
2024-06-04 10:15,75031.52,75037.21,72343.16,72723.52,0
2024-06-04 11:15,72708.46,73438.07,70811.24,71247.36,0
2024-06-04 12:15,71240.51,72521.47,70234.43,72287.2,0
2024-06-04 13:15,72286.55,73260.49,72097.0,72638.84,0
2024-06-04 14:15,72622.89,72703.45,71536.39,72264.33,0
2024-06-04 15:15,72257.01,72257.01,71909.1,72078.9,0
2024-06-05 09:15,72835.39,72848.56,71883.16,72643.71,0
2024-06-05 10:15,72643.32,73546.6,72233.57,73546.6,0
2024-06-05 11:15,73547.58,73850.66,73138.3,73420.54,0
2024-06-05 12:15,73420.74,73746.51,73201.21,73609.68,0
2024-06-05 13:15,73604.91,74204.67,73536.92,73919.95,0
2024-06-05 14:15,73921.88,74532.42,73796.4,74431.16,0
2024-06-05 15:15,74431.96,74451.03,74382.48,74382.48,0
2024-06-06 09:15,75004.38,75004.38,74531.94,74903.26,0
2024-06-06 10:15,74904.03,75297.02,74898.02,75267.7,0
2024-06-06 11:15,75267.53,75276.61,74582.11,74684.59,0
2024-06-06 12:15,74687.59,74937.56,74476.68,74635.12,0
2024-06-06 13:15,74636.84,75120.88,74631.21,74910.36,0
2024-06-06 14:15,74910.52,75075.19,74545.79,75068.79,0
2024-06-06 15:15,75071.13,75074.07,75027.21,75074.07,0
2024-06-07 09:15,75031.79,75694.4,74947.42,75592.68,0
2024-06-07 10:15,75592.5,75981.47,75373.24,75946.87,0
2024-06-07 11:15,75949.81,76535.82,75813.02,76391.02,0
2024-06-07 12:15,76392.29,76589.58,76279.67,76474.36,0
2024-06-07 13:15,76466.84,76629.78,76222.55,76556.78,0
2024-06-07 14:15,76551.55,76793.15,76444.48,76718.05,0
2024-06-07 15:15,76715.14,76715.14,76693.67,76693.67,0
2024-06-10 09:15,76935.41,77073.46,76443.23,76696.58,0
2024-06-10 10:15,76695.11,76850.91,76659.49,76761.34,0
2024-06-10 11:15,76764.54,76884.26,76637.55,76643.23,0
2024-06-10 12:15,76642.18,76795.4,76642.18,76735.44,0
2024-06-10 13:15,76739.06,76899.68,76707.68,76844.05,0
2024-06-10 14:15,76844.05,76848.28,76424.05,76508.45,0
2024-06-10 15:15,76506.4,76561.36,76490.03,76490.08,0
2024-06-11 09:15,76589.09,76696.57,76296.44,76650.99,0
2024-06-11 10:15,76651.22,76765.95,76594.13,76697.05,0
2024-06-11 11:15,76692.23,76715.82,76608.99,76689.2,0
2024-06-11 12:15,76687.6,76753.82,76606.72,76677.52,0
2024-06-11 13:15,76679.4,76860.53,76623.06,76661.38,0
2024-06-11 14:15,76661.04,76724.24,76449.75,76462.8,0
2024-06-11 15:15,76465.62,76520.53,76456.59,76456.59,0
2024-06-12 09:15,76695.07,76966.72,76555.01,76933.6,0
2024-06-12 10:15,76927.22,77050.08,76856.32,76932.2,0
2024-06-12 11:15,76935.09,76993.08,76774.91,76900.69,0
2024-06-12 12:15,76899.86,76948.97,76823.51,76918.85,0
2024-06-12 13:15,76918.91,76932.3,76667.28,76708.13,0
2024-06-12 14:15,76708.7,76847.35,76578.08,76620.41,0
2024-06-12 15:15,76634.17,76634.17,76606.15,76606.72,0
2024-06-13 09:15,77116.02,77116.02,76777.99,76901.48,0
2024-06-13 10:15,76900.25,76915.87,76769.22,76769.38,0
2024-06-13 11:15,76768.26,76910.79,76719.7,76831.66,0
2024-06-13 12:15,76834.69,76933.25,76824.83,76894.36,0
2024-06-13 13:15,76894.75,76925.83,76805.28,76843.45,0
2024-06-13 14:15,76842.17,76870.08,76769.83,76803.67,0
2024-06-13 15:15,76799.39,76814.06,76796.88,76811.28,0
2024-06-14 09:15,76912.38,76985.79,76550.02,76897.18,0
2024-06-14 10:15,76898.1,76981.6,76861.64,76925.72,0
2024-06-14 11:15,76925.35,76936.45,76849.3,76900.38,0
2024-06-14 12:15,76899.55,76981.42,76873.2,76965.33,0
2024-06-14 13:15,76964.97,76984.66,76837.23,76917.24,0
2024-06-14 14:15,76913.55,77076.99,76882.14,77013.86,0
2024-06-14 15:15,77013.31,77027.62,76992.82,76992.82,0
2024-06-18 09:15,77307.94,77366.14,77071.78,77256.28,0
2024-06-18 10:15,77250.26,77299.66,77148.92,77260.97,0
2024-06-18 11:15,77260.89,77320.97,77224.71,77233.53,0
2024-06-18 12:15,77232.28,77261.26,77166.49,77217.53,0
2024-06-18 13:15,77217.88,77293.13,77184.02,77261.83,0
2024-06-18 14:15,77261.83,77293.48,77192.11,77285.85,0
2024-06-18 15:15,77291.9,77302.51,77266.59,77301.14,0
2024-06-19 09:15,77560.16,77560.16,77315.68,77317.9,0
2024-06-19 10:15,77322.34,77340.87,76955.63,77266.52,0
2024-06-19 11:15,77265.74,77444.05,77179.68,77444.05,0
2024-06-19 12:15,77449.99,77499.11,77329.68,77408.13,0
2024-06-19 13:15,77408.5,77521.42,77281.33,77476.54,0
2024-06-19 14:15,77475.28,77849.14,77235.78,77319.32,0
2024-06-19 15:15,77314.85,77339.71,77314.85,77337.47,0
2024-06-20 09:15,77554.83,77554.83,77100.36,77214.78,0
2024-06-20 10:15,77213.49,77463.6,77167.47,77370.23,0
2024-06-20 11:15,77370.26,77482.13,77351.32,77441.75,0
2024-06-20 12:15,77434.9,77489.34,77364.97,77414.55,0
2024-06-20 13:15,77417.15,77642.29,77365.03,77462.6,0
2024-06-20 14:15,77463.4,77575.17,77382.27,77473.28,0
2024-06-20 15:15,77473.04,77478.96,77455.89,77478.89,0
2024-06-21 09:15,77753.42,77753.42,77396.58,77451.0,0
2024-06-21 10:15,77451.35,77540.23,77135.14,77242.64,0
2024-06-21 11:15,77243.9,77367.99,77160.41,77295.44,0
2024-06-21 12:15,77295.85,77341.26,76908.59,76995.39,0
2024-06-21 13:15,76996.33,77511.99,76969.64,77418.07,0
2024-06-21 14:15,77417.09,77487.43,76802.26,77141.17,0
2024-06-21 15:15,77143.4,77273.49,77143.4,77209.9,0
2024-06-24 09:15,76791.71,77071.09,76762.26,77047.62,0
2024-06-24 10:15,77044.54,77317.95,76996.14,77228.57,0
2024-06-24 11:15,77228.05,77388.07,77201.33,77339.25,0
2024-06-24 12:15,77337.91,77422.7,77276.29,77390.37,0
2024-06-24 13:15,77392.48,77415.57,77254.28,77289.95,0
2024-06-24 14:15,77284.89,77404.71,77185.37,77390.47,0
2024-06-24 15:15,77386.23,77386.23,77318.56,77341.08,0
2024-06-25 09:15,77512.99,77634.45,77459.6,77552.69,0
2024-06-25 10:15,77554.94,77624.9,77528.58,77541.97,0
2024-06-25 11:15,77542.05,77614.93,77480.01,77582.21,0
2024-06-25 12:15,77583.27,77935.76,77559.75,77908.79,0
2024-06-25 13:15,77910.33,78016.04,77864.02,77967.31,0
2024-06-25 14:15,77972.79,78090.71,77883.01,78083.92,0
2024-06-25 15:15,78082.56,78082.56,78018.09,78053.48,0
2024-06-26 09:15,78087.65,78186.53,77947.96,77983.18,0
2024-06-26 10:15,77980.15,78338.79,77980.15,78289.92,0
2024-06-26 11:15,78286.54,78555.07,78286.54,78487.11,0
2024-06-26 12:15,78484.68,78588.76,78417.05,78505.08,0
2024-06-26 13:15,78506.46,78673.55,78498.35,78669.24,0
2024-06-26 14:15,78669.05,78756.36,78592.32,78701.85,0
2024-06-26 15:15,78696.63,78696.63,78674.03,78674.14,0
2024-06-27 09:15,78711.88,79012.91,78468.06,78954.96,0
2024-06-27 10:15,78954.87,79033.91,78557.96,78874.32,0
2024-06-27 11:15,78872.87,79144.69,78801.24,79144.69,0
2024-06-27 12:15,79145.55,79240.08,78923.19,78996.88,0
2024-06-27 13:15,78996.88,79107.5,78890.02,78979.61,0
2024-06-27 14:15,78981.88,79254.41,78848.58,79249.39,0
2024-06-27 15:15,79245.79,79245.79,79197.63,79243.11,0
2024-06-28 09:15,79457.58,79669.31,79320.15,79535.81,0
2024-06-28 10:15,79533.39,79581.34,79420.11,79547.72,0
2024-06-28 11:15,79547.72,79565.97,79397.91,79436.23,0
2024-06-28 12:15,79437.23,79447.68,79079.59,79253.63,0
2024-06-28 13:15,79254.6,79513.3,79160.13,79405.89,0
2024-06-28 14:15,79409.81,79498.37,78926.67,78976.69,0
2024-06-28 15:15,78972.36,79074.43,78972.36,79033.02,0
2024-07-01 09:15,79011.68,79297.0,78978.78,79143.26,0
2024-07-01 10:15,79148.2,79282.42,79148.2,79230.17,0
2024-07-01 11:15,79223.77,79406.5,79199.37,79360.12,0
2024-07-01 12:15,79361.49,79437.2,79333.35,79400.05,0
2024-07-01 13:15,79400.03,79516.49,79369.74,79474.96,0
2024-07-01 14:15,79474.75,79560.19,79403.91,79506.55,0
2024-07-01 15:15,79514.68,79514.68,79476.18,79476.23,0
2024-07-02 09:15,79814.89,79814.89,79237.9,79438.71,0
2024-07-02 10:15,79439.27,79604.46,79408.12,79600.66,0
2024-07-02 11:15,79599.7,79633.91,79404.05,79479.02,0
2024-07-02 12:15,79480.23,79554.99,79231.11,79388.7,0
2024-07-02 13:15,79388.64,79495.91,79353.94,79388.7,0
2024-07-02 14:15,79388.7,79525.72,79385.89,79456.54,0
2024-07-02 15:15,79459.78,79459.78,79441.59,79441.6,0
2024-07-03 09:15,79987.24,80071.93,79755.4,79932.35,0
2024-07-03 10:15,79940.24,80011.68,79893.31,79924.27,0
2024-07-03 11:15,79923.94,79945.07,79816.44,79845.46,0
2024-07-03 12:15,79845.38,79986.06,79845.38,79931.37,0
2024-07-03 13:15,79933.45,80003.17,79891.63,79914.61,0
2024-07-03 14:15,79913.8,80026.21,79834.65,80022.92,0
2024-07-03 15:15,80022.38,80022.38,79947.5,79986.21,0
2024-07-04 09:15,80244.68,80392.37,80123.6,80310.4,0
2024-07-04 10:15,80310.57,80345.04,80052.89,80155.22,0
2024-07-04 11:15,80154.96,80213.95,80119.15,80155.78,0
2024-07-04 12:15,80156.39,80245.53,80132.55,80188.61,0
2024-07-04 13:15,80192.16,80215.48,80081.68,80188.89,0
2024-07-04 14:15,80185.64,80206.29,79986.92,80047.42,0
2024-07-04 15:15,80047.14,80052.63,80044.29,80049.67,0
2024-07-05 09:15,79718.63,79851.9,79484.07,79680.74,0
2024-07-05 10:15,79679.63,79800.23,79634.85,79714.82,0
2024-07-05 11:15,79715.73,79872.41,79665.81,79810.39,0
2024-07-05 12:15,79812.11,79872.37,79709.71,79744.48,0
2024-07-05 13:15,79743.09,79798.55,79663.67,79718.27,0
2024-07-05 14:15,79719.09,80094.37,79537.53,80042.51,0
2024-07-05 15:15,80032.67,80032.67,79929.69,79996.71,0
2024-07-08 09:15,79951.76,80021.91,79769.41,79911.05,0
2024-07-08 10:15,79904.64,79989.87,79739.91,79825.21,0
2024-07-08 11:15,79822.51,79928.37,79731.83,79763.67,0
2024-07-08 12:15,79762.33,79949.58,79747.78,79936.01,0
2024-07-08 13:15,79937.04,79993.32,79853.16,79893.58,0
2024-07-08 14:15,79893.14,80048.51,79875.21,79961.37,0
2024-07-08 15:15,79974.41,79974.82,79945.79,79960.38,0
2024-07-09 09:15,80066.19,80213.38,80007.41,80142.44,0
2024-07-09 10:15,80142.68,80241.9,80077.6,80233.37,0
2024-07-09 11:15,80236.9,80288.26,80199.43,80236.02,0
2024-07-09 12:15,80241.91,80365.8,80210.79,80339.95,0
2024-07-09 13:15,80339.54,80387.15,80304.0,80369.78,0
2024-07-09 14:15,80367.11,80396.95,80297.25,80352.73,0
2024-07-09 15:15,80364.07,80364.85,80351.59,80351.63,0
2024-07-10 09:15,80390.86,80390.86,79954.12,79993.86,0
2024-07-10 10:15,79993.1,80044.7,79438.28,79610.26,0
2024-07-10 11:15,79608.99,79820.07,79562.34,79746.3,0
2024-07-10 12:15,79747.15,79846.08,79715.05,79784.61,0
2024-07-10 13:15,79784.61,79816.29,79580.0,79659.82,0
2024-07-10 14:15,79657.48,79977.71,79622.08,79950.74,0
2024-07-10 15:15,79952.67,79952.67,79924.44,79924.77,0
2024-07-11 09:15,80170.09,80170.09,79755.37,79782.01,0
2024-07-11 10:15,79782.78,79782.78,79580.69,79641.74,0
2024-07-11 11:15,79642.16,79725.5,79466.25,79666.21,0
2024-07-11 12:15,79669.73,79832.28,79660.85,79818.63,0
2024-07-11 13:15,79819.26,79934.74,79733.72,79829.86,0
2024-07-11 14:15,79829.05,79934.98,79783.15,79914.56,0
2024-07-11 15:15,79917.0,79917.0,79856.6,79897.18,0
2024-07-12 09:15,80093.62,80290.13,79844.92,79968.75,0
2024-07-12 10:15,79967.7,80886.72,79941.43,80625.41,0
2024-07-12 11:15,80624.11,80624.11,80380.01,80557.12,0
2024-07-12 12:15,80557.9,80624.15,80433.55,80583.53,0
2024-07-12 13:15,80584.32,80775.12,80559.07,80763.0,0
2024-07-12 14:15,80761.27,80794.51,80436.07,80449.3,0
2024-07-12 15:15,80523.05,80523.05,80511.37,80519.01,0
2024-07-15 09:15,80686.54,80771.44,80557.92,80653.14,0
2024-07-15 10:15,80652.0,80810.2,80578.12,80720.65,0
2024-07-15 11:15,80719.94,80805.97,80580.74,80743.52,0
2024-07-15 12:15,80744.3,80789.83,80651.04,80787.4,0
2024-07-15 13:15,80790.08,80862.01,80701.77,80712.02,0
2024-07-15 14:15,80712.15,80783.78,80627.23,80650.76,0
2024-07-15 15:15,80649.87,80683.31,80649.87,80664.86,0
2024-07-16 09:15,80772.01,80853.76,80711.11,80799.85,0
2024-07-16 10:15,80800.28,80895.42,80789.03,80863.09,0
2024-07-16 11:15,80861.41,80898.3,80779.54,80817.43,0
2024-07-16 12:15,80821.2,80870.5,80749.77,80843.31,0
2024-07-16 13:15,80843.03,80854.53,80668.09,80729.09,0
2024-07-16 14:15,80729.38,80830.93,80600.07,80704.62,0
2024-07-16 15:15,80699.46,80749.81,80699.46,80716.55,0
2024-07-18 09:15,80514.25,80907.74,80391.69,80859.86,0
2024-07-18 10:15,80865.97,80877.89,80508.27,80518.25,0
2024-07-18 11:15,80518.9,80759.33,80426.11,80747.1,0
2024-07-18 12:15,80747.66,81103.68,80733.47,81101.65,0
2024-07-18 13:15,81105.09,81475.52,81052.22,81448.98,0
2024-07-18 14:15,81452.05,81501.78,81298.78,81351.95,0
2024-07-18 15:15,81366.9,81369.62,81343.64,81343.68,0
2024-07-19 09:15,81585.06,81585.06,81090.68,81094.77,0
2024-07-19 10:15,81094.77,81210.22,80979.33,81022.41,0
2024-07-19 11:15,81023.68,81073.97,80926.57,81018.93,0
2024-07-19 12:15,81016.56,81041.45,80816.86,80851.67,0
2024-07-19 13:15,80851.05,80965.65,80688.51,80721.64,0
2024-07-19 14:15,80721.64,80810.63,80546.44,80610.8,0
2024-07-19 15:15,80610.04,80625.57,80604.65,80604.65,0
2024-07-22 09:15,80425.52,80695.01,80102.7,80683.58,0
2024-07-22 10:15,80683.58,80800.04,80578.24,80580.54,0
2024-07-22 11:15,80580.67,80648.95,80504.68,80563.73,0
2024-07-22 12:15,80564.04,80576.74,80377.1,80447.03,0
2024-07-22 13:15,80447.16,80608.44,80443.24,80481.78,0
2024-07-22 14:15,80481.11,80562.07,80419.93,80537.98,0
2024-07-22 15:15,80539.44,80539.44,80502.08,80502.08,0
2024-07-23 09:15,80648.33,80756.83,80362.79,80370.13,0
2024-07-23 10:15,80365.15,80701.87,80290.02,80664.81,0
2024-07-23 11:15,80663.89,80685.13,80136.79,80396.31,0
2024-07-23 12:15,80393.8,80413.09,79239.76,79768.68,0
2024-07-23 13:15,79769.75,80535.63,79762.1,80372.95,0
2024-07-23 14:15,80372.59,80659.76,80263.69,80367.42,0
2024-07-23 15:15,80366.8,80437.75,80366.8,80429.04,0
2024-07-24 09:15,80306.15,80512.94,80087.93,80283.55,0
2024-07-24 10:15,80284.27,80419.69,80113.47,80201.97,0
2024-07-24 11:15,80201.2,80243.49,79976.57,80003.81,0
2024-07-24 12:15,80000.26,80002.7,79753.89,79949.23,0
2024-07-24 13:15,79949.58,80031.48,79805.31,79830.76,0
2024-07-24 14:15,79830.76,80272.91,79828.75,80141.86,0
2024-07-24 15:15,80141.9,80148.53,80111.73,80148.53,0
2024-07-25 09:15,79505.32,79767.38,79490.29,79717.05,0
2024-07-25 10:15,79721.35,79798.44,79627.92,79772.24,0
2024-07-25 11:15,79772.81,79935.23,79698.22,79929.68,0
2024-07-25 12:15,79930.31,80051.83,79896.72,79991.66,0
2024-07-25 13:15,79991.35,80134.15,79932.81,80125.91,0
2024-07-25 14:15,80125.05,80143.1,79998.78,80023.87,0
2024-07-25 15:15,80024.25,80040.03,80024.25,80039.73,0
2024-07-26 09:15,80071.82,80594.65,80023.37,80534.87,0
2024-07-26 10:15,80532.25,80743.98,80516.02,80700.9,0
2024-07-26 11:15,80703.74,80735.69,80630.59,80688.05,0
2024-07-26 12:15,80684.23,81196.67,80670.22,81183.46,0
2024-07-26 13:15,81183.15,81288.49,81083.85,81199.76,0
2024-07-26 14:15,81200.37,81418.87,81054.75,81376.2,0
2024-07-26 15:15,81374.63,81374.63,81315.27,81332.72,0
2024-07-29 09:15,81678.55,81744.48,81518.35,81519.93,0
2024-07-29 10:15,81522.31,81749.28,81479.14,81719.97,0
2024-07-29 11:15,81724.5,81908.1,81470.82,81577.24,0
2024-07-29 12:15,81574.17,81597.18,81175.12,81341.93,0
2024-07-29 13:15,81337.5,81492.24,81210.04,81211.02,0
2024-07-29 14:15,81211.3,81417.05,81136.08,81274.15,0
2024-07-29 15:15,81272.25,81355.85,81272.25,81355.84,0
2024-07-30 09:15,81352.81,81519.96,81235.61,81399.76,0
2024-07-30 10:15,81401.3,81678.07,81381.31,81640.4,0
2024-07-30 11:15,81640.4,81727.18,81608.76,81663.76,0
2024-07-30 12:15,81666.13,81798.19,81640.74,81699.58,0
2024-07-30 13:15,81699.22,81704.69,81502.52,81660.12,0
2024-07-30 14:15,81660.7,81814.8,81380.24,81418.18,0
2024-07-30 15:15,81418.16,81488.91,81418.16,81455.42,0
2024-07-31 09:15,81574.16,81720.91,81434.32,81702.05,0
2024-07-31 10:15,81704.48,81758.02,81591.35,81659.15,0
2024-07-31 11:15,81659.15,81692.75,81557.97,81672.18,0
2024-07-31 12:15,81671.33,81720.11,81579.91,81673.83,0
2024-07-31 13:15,81670.91,81735.52,81620.85,81637.28,0
2024-07-31 14:15,81634.84,81776.34,81624.65,81702.91,0
2024-07-31 15:15,81712.59,81741.52,81696.99,81741.15,0
2024-08-01 09:15,81942.44,82128.34,81891.39,81935.08,0
2024-08-01 10:15,81934.39,81984.73,81839.3,81934.49,0
2024-08-01 11:15,81935.31,81935.31,81769.78,81784.18,0
2024-08-01 12:15,81784.18,81864.65,81726.4,81852.41,0
2024-08-01 13:15,81848.94,81873.83,81749.57,81784.99,0
2024-08-01 14:15,81785.93,81883.71,81700.69,81882.87,0
2024-08-01 15:15,81876.27,81876.27,81821.88,81867.63,0
2024-08-02 09:15,81208.97,81343.59,80997.17,81126.74,0
2024-08-02 10:15,81132.53,81255.08,81038.71,81190.5,0
2024-08-02 11:15,81189.49,81289.32,81133.4,81162.04,0
2024-08-02 12:15,81162.11,81178.22,81061.1,81108.22,0
2024-08-02 13:15,81106.77,81246.53,81067.43,81131.64,0
2024-08-02 14:15,81134.48,81177.64,80872.21,81034.01,0
2024-08-02 15:15,81045.29,81045.29,80972.73,80981.95,0
2024-08-05 09:15,79309.07,79758.47,79289.31,79544.6,0
2024-08-05 10:15,79551.26,79570.16,78657.4,78676.77,0
2024-08-05 11:15,78677.93,78722.53,78297.94,78688.48,0
2024-08-05 12:15,78692.47,78760.87,78333.95,78656.34,0
2024-08-05 13:15,78659.7,78986.65,78590.1,78852.95,0
2024-08-05 14:15,78851.22,78947.34,78635.07,78744.1,0
2024-08-05 15:15,78771.55,78772.48,78757.6,78759.38,0
2024-08-06 09:15,79234.66,79848.82,79234.66,79493.75,0
2024-08-06 10:15,79493.38,79572.79,79008.0,79320.13,0
2024-08-06 11:15,79320.13,79435.18,79252.99,79344.72,0
2024-08-06 12:15,79345.29,79355.27,79093.92,79099.51,0
2024-08-06 13:15,79098.82,79159.65,78625.82,78680.75,0
2024-08-06 14:15,78680.5,78830.41,78497.63,78553.58,0
2024-08-06 15:15,78551.87,78593.07,78551.87,78593.07,0
2024-08-07 09:15,79572.25,79612.32,79106.28,79181.93,0
2024-08-07 10:15,79181.92,79599.82,79129.24,79287.65,0
2024-08-07 11:15,79288.12,79297.6,79183.0,79199.84,0
2024-08-07 12:15,79199.58,79385.96,79161.19,79231.31,0
2024-08-07 13:15,79232.69,79279.83,79106.2,79279.83,0
2024-08-07 14:15,79279.83,79511.85,79275.58,79480.36,0
2024-08-07 15:15,79484.96,79484.96,79441.98,79468.0,0
2024-08-08 09:15,79412.82,79412.82,78899.61,79003.53,0
2024-08-08 10:15,79005.14,79304.51,78946.33,79114.69,0
2024-08-08 11:15,79114.65,79509.36,79089.73,79509.36,0
2024-08-08 12:15,79523.13,79626.29,78933.2,79026.57,0
2024-08-08 13:15,79026.57,79089.5,78822.6,79020.44,0
2024-08-08 14:15,79020.44,79149.46,78912.17,78915.64,0
2024-08-08 15:15,78914.83,78982.24,78884.09,78886.22,0
2024-08-09 09:15,79800.72,79908.62,79558.07,79718.08,0
2024-08-09 10:15,79716.96,79769.77,79556.76,79674.52,0
2024-08-09 11:15,79673.49,79767.48,79657.81,79667.28,0
2024-08-09 12:15,79665.04,79724.46,79625.56,79678.93,0
2024-08-09 13:15,79680.62,79769.51,79663.06,79751.9,0
2024-08-09 14:15,79751.73,79790.29,79640.49,79747.9,0
2024-08-09 15:15,79746.73,79746.73,79705.91,79705.91,0
2024-08-12 09:15,79577.51,79577.51,79226.13,79363.11,0
2024-08-12 10:15,79361.44,79995.45,79359.26,79994.96,0
2024-08-12 11:15,79995.32,80105.99,79825.94,79830.44,0
2024-08-12 12:15,79831.42,79986.57,79797.9,79882.97,0
2024-08-12 13:15,79882.97,79998.43,79839.93,79964.09,0
2024-08-12 14:15,79964.07,79981.49,79498.88,79659.53,0
2024-08-12 15:15,79658.64,79658.64,79614.52,79648.92,0
2024-08-13 09:15,79584.09,79692.11,79468.9,79572.29,0
2024-08-13 10:15,79577.12,79602.05,79417.71,79518.64,0
2024-08-13 11:15,79519.33,79578.67,79390.58,79472.75,0
2024-08-13 12:15,79476.04,79482.55,79199.59,79277.9,0
2024-08-13 13:15,79277.26,79342.56,78914.18,79018.56,0
2024-08-13 14:15,79015.58,79098.9,78911.77,78919.19,0
2024-08-13 15:15,78920.65,78986.28,78920.65,78956.03,0
2024-08-14 09:15,79065.22,79122.42,78896.63,79028.54,0
2024-08-14 10:15,79029.43,79102.93,78953.02,79008.8,0
2024-08-14 11:15,79013.25,79156.31,79000.18,79150.77,0
2024-08-14 12:15,79151.71,79228.41,79087.69,79183.88,0
2024-08-14 13:15,79184.03,79197.89,79092.79,79159.71,0
2024-08-14 14:15,79159.71,79186.32,79036.87,79092.57,0
2024-08-14 15:15,79088.34,79109.85,79088.34,79106.18,0
2024-08-16 09:15,79734.5,79984.4,79511.31,79591.35,0
2024-08-16 10:15,79591.35,79621.08,79307.79,79416.28,0
2024-08-16 11:15,79414.89,80127.0,79396.01,80051.09,0
2024-08-16 12:15,80051.73,80161.37,79938.05,80098.22,0
2024-08-16 13:15,80097.75,80316.8,80016.67,80297.23,0
2024-08-16 14:15,80298.7,80514.57,80193.15,80472.18,0
2024-08-16 15:15,80421.41,80437.64,80421.41,80436.8,0
2024-08-19 09:15,80694.72,80700.76,80447.54,80493.27,0
2024-08-19 10:15,80489.32,80516.04,80332.8,80385.39,0
2024-08-19 11:15,80384.19,80554.02,80380.31,80450.09,0
2024-08-19 12:15,80448.66,80513.42,80384.14,80510.4,0
2024-08-19 13:15,80509.55,80555.89,80348.49,80438.25,0
2024-08-19 14:15,80438.25,80494.72,80383.45,80419.14,0
2024-08-19 15:15,80418.46,80432.08,80415.14,80424.68,0
2024-08-20 09:15,80727.4,80916.8,80518.16,80915.37,0
2024-08-20 10:15,80920.17,80937.83,80737.89,80859.01,0
2024-08-20 11:15,80858.56,80893.87,80792.4,80872.36,0
2024-08-20 12:15,80872.36,80942.8,80835.79,80909.84,0
2024-08-20 13:15,80909.72,80911.82,80832.99,80865.32,0
2024-08-20 14:15,80865.49,80904.32,80767.49,80791.44,0
2024-08-20 15:15,80782.93,80827.37,80782.93,80802.8,0
2024-08-21 09:15,80737.77,80812.65,80627.96,80745.91,0
2024-08-21 10:15,80744.63,80896.28,80626.99,80671.94,0
2024-08-21 11:15,80667.9,80841.31,80667.9,80784.19,0
2024-08-21 12:15,80781.73,80816.98,80736.12,80756.73,0
2024-08-21 13:15,80758.24,80817.76,80654.77,80802.14,0
2024-08-21 14:15,80804.09,80910.42,80750.35,80889.92,0
2024-08-21 15:15,80890.94,80905.95,80884.83,80905.58,0
2024-08-22 09:15,81231.05,81231.05,80954.05,81029.26,0
2024-08-22 10:15,81026.02,81106.66,81002.98,81077.51,0
2024-08-22 11:15,81081.82,81171.42,81064.66,81099.82,0
2024-08-22 12:15,81099.82,81136.75,81014.55,81050.24,0
2024-08-22 13:15,81049.88,81131.97,81021.69,81099.51,0
2024-08-22 14:15,81095.15,81099.46,81002.38,81043.14,0
2024-08-22 15:15,81043.09,81053.41,81041.94,81053.24,0
2024-08-23 09:15,81193.37,81193.37,80884.18,80988.64,0
2024-08-23 10:15,80988.36,81156.16,80956.8,81097.94,0
2024-08-23 11:15,81100.9,81165.32,81051.65,81108.35,0
2024-08-23 12:15,81107.57,81140.33,81088.48,81123.9,0
2024-08-23 13:15,81123.9,81151.01,81023.08,81089.36,0
2024-08-23 14:15,81097.63,81183.87,80944.88,81093.1,0
2024-08-23 15:15,81094.51,81094.51,81069.48,81082.12,0
2024-08-26 09:15,81393.85,81723.82,81289.48,81719.48,0
2024-08-26 10:15,81719.41,81816.26,81583.62,81628.81,0
2024-08-26 11:15,81629.97,81738.46,81620.03,81678.17,0
2024-08-26 12:15,81677.81,81821.63,81667.4,81780.96,0
2024-08-26 13:15,81781.47,81784.73,81689.68,81710.67,0
2024-08-26 14:15,81710.99,81784.47,81658.95,81698.26,0
2024-08-26 15:15,81696.18,81702.11,81696.18,81698.11,0
2024-08-27 09:15,81769.45,81838.1,81602.23,81743.74,0
2024-08-27 10:15,81743.0,81824.85,81628.2,81807.52,0
2024-08-27 11:15,81806.44,81917.44,81772.32,81824.73,0
2024-08-27 12:15,81824.73,81859.32,81784.05,81855.33,0
2024-08-27 13:15,81856.94,81896.96,81807.02,81844.25,0
2024-08-27 14:15,81844.74,81852.43,81666.43,81743.33,0
2024-08-27 15:15,81744.96,81744.96,81711.76,81711.78,0
2024-08-28 09:15,81753.58,81839.65,81578.37,81699.54,0
2024-08-28 10:15,81700.91,81782.14,81635.44,81780.1,0
2024-08-28 11:15,81780.83,82003.99,81780.03,81917.13,0
2024-08-28 12:15,81917.13,81985.69,81898.62,81960.49,0
2024-08-28 13:15,81961.54,82029.35,81938.12,82016.64,0
2024-08-28 14:15,82013.38,82039.26,81772.99,81785.78,0
2024-08-28 15:15,81788.54,81805.68,81783.65,81785.82,0
2024-08-29 09:15,81774.08,82039.75,81687.45,81984.37,0
2024-08-29 10:15,81985.14,82057.24,81936.86,82007.25,0
2024-08-29 11:15,82006.84,82032.66,81910.47,81974.81,0
2024-08-29 12:15,81975.11,82220.37,81953.72,82157.92,0
2024-08-29 13:15,82156.24,82206.93,81695.58,81944.55,0
2024-08-29 14:15,81943.79,82285.41,81697.06,82064.01,0
2024-08-29 15:15,82073.22,82182.46,82073.22,82134.57,0
2024-08-30 09:15,82443.7,82525.4,82278.57,82329.55,0
2024-08-30 10:15,82329.11,82452.67,82285.04,82437.04,0
2024-08-30 11:15,82435.18,82449.97,82351.89,82414.92,0
2024-08-30 12:15,82414.92,82460.18,82369.66,82407.26,0
2024-08-30 13:15,82406.43,82454.0,82370.18,82432.37,0
2024-08-30 14:15,82434.03,82502.89,82258.88,82416.73,0
2024-08-30 15:15,82417.95,82417.95,82350.34,82365.77,0
2024-09-02 09:15,82630.17,82639.64,82502.4,82597.44,0
2024-09-02 10:15,82590.62,82661.66,82570.73,82646.67,0
2024-09-02 11:15,82646.32,82684.96,82554.73,82630.88,0
2024-09-02 12:15,82628.4,82639.74,82441.52,82489.81,0
2024-09-02 13:15,82488.78,82585.43,82450.15,82561.35,0
2024-09-02 14:15,82560.8,82596.89,82493.54,82565.8,0
2024-09-02 15:15,82564.62,82579.35,82559.85,82559.85,0
2024-09-03 09:15,82654.27,82667.71,82418.18,82506.18,0
2024-09-03 10:15,82509.0,82532.23,82426.22,82438.82,0
2024-09-03 11:15,82426.48,82502.95,82401.23,82485.95,0
2024-09-03 12:15,82485.41,82573.33,82459.15,82572.06,0
2024-09-03 13:15,82571.47,82614.65,82470.09,82529.19,0
2024-09-03 14:15,82528.19,82630.36,82490.25,82562.89,0
2024-09-03 15:15,82564.14,82579.07,82555.49,82555.49,0
2024-09-04 09:15,82009.57,82196.34,81952.98,82185.17,0
2024-09-04 10:15,82180.75,82198.02,82017.76,82125.11,0
2024-09-04 11:15,82125.2,82183.81,82096.64,82161.64,0
2024-09-04 12:15,82158.15,82210.6,82124.77,82210.48,0
2024-09-04 13:15,82210.48,82330.84,82204.94,82236.62,0
2024-09-04 14:15,82232.09,82386.32,82183.62,82381.88,0
2024-09-04 15:15,82384.79,82384.79,82323.85,82352.17,0
2024-09-05 09:15,82617.49,82617.49,82314.73,82358.57,0
2024-09-05 10:15,82358.16,82378.15,82191.23,82303.62,0
2024-09-05 11:15,82301.73,82324.14,82239.79,82301.19,0
2024-09-05 12:15,82301.22,82312.6,82240.93,82251.71,0
2024-09-05 13:15,82252.1,82275.81,82218.54,82251.51,0
2024-09-05 14:15,82251.51,82259.76,82130.92,82224.68,0
2024-09-05 15:15,82225.44,82225.44,82184.73,82201.16,0
2024-09-06 09:15,82090.25,82253.68,81308.89,81434.06,0
2024-09-06 10:15,81432.97,81568.98,81249.61,81262.45,0
2024-09-06 11:15,81260.07,81472.49,81254.88,81454.1,0
2024-09-06 12:15,81455.29,81519.41,81153.66,81219.17,0
2024-09-06 13:15,81219.86,81315.29,81145.37,81220.73,0
2024-09-06 14:15,81220.67,81233.72,80985.33,81216.46,0
2024-09-06 15:15,81223.14,81223.14,81150.04,81183.92,0
2024-09-09 09:15,81047.97,81245.57,80898.87,81129.98,0
2024-09-09 10:15,81129.88,81446.97,81119.75,81362.54,0
2024-09-09 11:15,81364.56,81384.84,81222.69,81236.1,0
2024-09-09 12:15,81236.1,81354.66,81183.2,81350.23,0
2024-09-09 13:15,81346.67,81547.07,81316.35,81425.69,0
2024-09-09 14:15,81425.69,81578.42,81323.98,81555.67,0
2024-09-09 15:15,81559.45,81559.45,81519.14,81543.52,0
2024-09-10 09:15,81729.09,81791.81,81445.3,81508.6,0
2024-09-10 10:15,81508.6,81722.28,81484.66,81721.98,0
2024-09-10 11:15,81719.77,81927.15,81707.81,81881.32,0
2024-09-10 12:15,81881.44,82125.61,81855.48,82095.72,0
2024-09-10 13:15,82095.72,82196.55,82062.47,82146.04,0
2024-09-10 14:15,82145.69,82171.19,81838.11,81927.96,0
2024-09-10 15:15,81926.7,81926.7,81895.32,81921.29,0
2024-09-11 09:15,81919.35,82008.87,81742.47,81964.73,0
2024-09-11 10:15,81964.85,82083.24,81897.07,82076.43,0
2024-09-11 11:15,82080.6,82129.55,81906.28,82083.44,0
2024-09-11 12:15,82083.99,82134.15,81931.72,81977.49,0
2024-09-11 13:15,81976.1,81997.75,81586.88,81594.01,0
2024-09-11 14:15,81589.27,81667.58,81423.84,81461.63,0
2024-09-11 15:15,81461.7,81523.11,81461.7,81523.11,0
2024-09-12 09:15,81929.21,81985.15,81689.58,81790.54,0
2024-09-12 10:15,81794.83,81804.06,81665.59,81742.73,0
2024-09-12 11:15,81742.73,81821.25,81537.88,81736.46,0
2024-09-12 12:15,81735.55,81742.99,81603.06,81683.35,0
2024-09-12 13:15,81683.44,82439.99,81638.16,82373.86,0
2024-09-12 14:15,82373.19,83114.58,82371.39,83072.13,0
2024-09-12 15:15,83070.61,83070.61,82963.03,82963.04,0
2024-09-13 09:15,83088.1,83088.1,82653.86,82777.78,0
2024-09-13 10:15,82775.52,82986.87,82760.16,82951.83,0
2024-09-13 11:15,82951.83,82980.76,82867.88,82978.34,0
2024-09-13 12:15,82977.53,83012.65,82944.02,82991.87,0
2024-09-13 13:15,82990.09,83039.68,82852.25,82995.81,0
2024-09-13 14:15,82993.2,83012.36,82777.4,82882.77,0
2024-09-13 15:15,82883.67,82891.45,82877.45,82890.96,0
2024-09-16 09:15,83021.32,83184.12,82905.31,83052.2,0
2024-09-16 10:15,83061.49,83099.87,82905.62,82970.81,0
2024-09-16 11:15,82971.45,83009.28,82855.11,82882.83,0
2024-09-16 12:15,82883.92,82968.72,82834.02,82942.56,0
2024-09-16 13:15,82941.94,83108.2,82939.75,83056.04,0
2024-09-16 14:15,83056.04,83072.1,82971.86,82984.23,0
2024-09-16 15:15,82985.92,83009.03,82985.92,82988.78,0
2024-09-17 09:15,83087.09,83087.09,82866.68,82943.64,0
2024-09-17 10:15,82944.03,83064.75,82921.48,83037.49,0
2024-09-17 11:15,83035.88,83126.31,83026.0,83066.09,0
2024-09-17 12:15,83065.19,83144.64,83027.7,83103.67,0
2024-09-17 13:15,83105.16,83152.41,83065.83,83104.63,0
2024-09-17 14:15,83101.73,83143.45,83050.19,83082.94,0
2024-09-17 15:15,83097.75,83098.81,83079.66,83079.66,0
2024-09-18 09:15,83004.3,83154.16,82953.03,83077.38,0
2024-09-18 10:15,83073.84,83309.96,83073.84,83259.94,0
2024-09-18 11:15,83257.81,83280.85,83213.55,83244.67,0
2024-09-18 12:15,83241.98,83325.8,82996.48,83005.26,0
2024-09-18 13:15,83003.09,83017.7,82701.64,82893.57,0
2024-09-18 14:15,82891.97,83070.29,82852.28,82983.07,0
2024-09-18 15:15,82983.57,83007.27,82948.24,82948.24,0
2024-09-19 09:15,83389.78,83773.45,83369.78,83465.57,0
2024-09-19 10:15,83462.9,83517.88,83360.84,83423.95,0
2024-09-19 11:15,83423.24,83452.48,83098.71,83262.64,0
2024-09-19 12:15,83259.59,83337.81,83131.57,83132.94,0
2024-09-19 13:15,83132.79,83210.82,83071.72,83159.69,0
2024-09-19 14:15,83161.58,83213.75,83098.69,83204.17,0
2024-09-19 15:15,83200.29,83200.29,83151.5,83184.55,0
2024-09-20 09:15,83606.02,83804.85,83189.74,83623.96,0
2024-09-20 10:15,83624.52,84211.79,83578.43,84166.27,0
2024-09-20 11:15,84168.07,84239.89,84035.71,84168.81,0
2024-09-20 12:15,84168.5,84508.27,84092.59,84423.77,0
2024-09-20 13:15,84425.25,84514.02,83299.93,83973.25,0
2024-09-20 14:15,83979.71,84587.77,83655.7,84494.98,0
2024-09-20 15:15,84505.03,84544.33,84483.88,84544.32,0
2024-09-23 09:15,84699.7,84880.66,84653.35,84802.77,0
2024-09-23 10:15,84798.71,84810.29,84659.27,84731.96,0
2024-09-23 11:15,84739.31,84753.55,84607.43,84676.66,0
2024-09-23 12:15,84676.46,84775.75,84635.26,84742.25,0
2024-09-23 13:15,84741.66,84832.36,84716.07,84796.63,0
2024-09-23 14:15,84796.24,84980.53,84795.14,84902.73,0
2024-09-23 15:15,84906.06,84929.84,84906.06,84928.67,0
2024-09-24 09:15,84873.48,85052.26,84722.4,84971.01,0
2024-09-24 10:15,84967.0,85057.31,84893.24,84943.33,0
2024-09-24 11:15,84943.33,84945.69,84815.86,84868.64,0
2024-09-24 12:15,84869.46,85022.53,84865.27,85004.88,0
2024-09-24 13:15,85004.88,85076.7,84967.69,85062.58,0
2024-09-24 14:15,85064.92,85163.23,84836.1,84914.98,0
2024-09-24 15:15,84916.01,84916.01,84890.52,84913.85,0
2024-09-25 09:15,84811.68,84996.37,84747.92,84868.66,0
2024-09-25 10:15,84870.71,84934.81,84845.57,84890.05,0
2024-09-25 11:15,84890.37,84944.87,84766.72,84790.46,0
2024-09-25 12:15,84789.32,84829.49,84766.96,84780.28,0
2024-09-25 13:15,84782.04,85019.47,84779.63,84995.45,0
2024-09-25 14:15,84995.03,85236.31,84909.95,85193.03,0
2024-09-25 15:15,85198.95,85198.95,85130.72,85169.8,0
2024-09-26 09:15,85167.56,85433.17,85116.97,85400.77,0
2024-09-26 10:15,85401.27,85462.43,85351.07,85419.93,0
2024-09-26 11:15,85420.25,85481.61,85347.7,85474.9,0
2024-09-26 12:15,85474.9,85524.76,85383.99,85452.09,0
2024-09-26 13:15,85452.04,85525.31,85277.89,85431.59,0
2024-09-26 14:15,85430.96,85929.73,85426.8,85770.52,0
2024-09-26 15:15,85774.54,85852.07,85774.54,85836.12,0
2024-09-27 09:15,85893.84,85966.03,85791.56,85939.67,0
2024-09-27 10:15,85936.77,85977.92,85743.48,85819.22,0
2024-09-27 11:15,85817.07,85829.78,85698.52,85782.63,0
2024-09-27 12:15,85781.59,85822.28,85589.89,85608.89,0
2024-09-27 13:15,85603.69,85740.1,85543.33,85584.69,0
2024-09-27 14:15,85584.69,85690.05,85486.8,85617.36,0
2024-09-27 15:15,85615.92,85615.92,85571.85,85571.86,0
2024-09-30 09:15,85208.76,85359.65,84820.5,84876.91,0
2024-09-30 10:15,84881.49,84925.9,84704.36,84721.19,0
2024-09-30 11:15,84722.27,84751.47,84530.33,84595.59,0
2024-09-30 12:15,84594.77,84647.44,84470.62,84510.14,0
2024-09-30 13:15,84510.39,84513.64,84365.1,84378.01,0
2024-09-30 14:15,84374.1,84455.75,84263.5,84321.89,0
2024-09-30 15:15,84323.82,84323.82,84295.58,84299.65,0
2024-10-01 09:15,84311.12,84647.74,84311.12,84405.11,0
2024-10-01 10:15,84405.16,84405.16,84099.65,84115.86,0
2024-10-01 11:15,84117.45,84421.12,84107.21,84368.87,0
2024-10-01 12:15,84369.88,84422.26,84157.51,84276.45,0
2024-10-01 13:15,84275.62,84366.8,84220.19,84277.25,0
2024-10-01 14:15,84277.63,84340.58,84141.12,84258.1,0
2024-10-01 15:15,84254.1,84280.64,84254.1,84266.29,0
2024-10-03 09:15,83132.5,83749.62,83132.5,83393.14,0
2024-10-03 10:15,83391.32,83450.14,83255.4,83273.98,0
2024-10-03 11:15,83272.32,83276.99,82914.3,82947.93,0
2024-10-03 12:15,82946.41,83016.15,82795.88,82812.72,0
2024-10-03 13:15,82806.84,82811.97,82435.41,82554.39,0
2024-10-03 14:15,82548.98,82567.32,82437.86,82522.64,0
2024-10-03 15:15,82525.93,82525.93,82491.07,82497.1,0
2024-10-04 09:15,82356.29,82648.59,82051.86,82377.1,0
2024-10-04 10:15,82381.8,82935.15,82272.47,82843.78,0
2024-10-04 11:15,82844.15,83340.86,82656.55,83340.86,0
2024-10-04 12:15,83338.82,83368.32,81906.11,82013.08,0
2024-10-04 13:15,82013.53,82052.9,81759.6,81825.68,0
2024-10-04 14:15,81828.54,81905.25,81533.55,81745.78,0
2024-10-04 15:15,81747.95,81747.95,81654.35,81688.44,0
2024-10-07 09:15,82086.42,82137.77,81791.37,81912.85,0
2024-10-07 10:15,81910.98,81973.91,81142.2,81376.62,0
2024-10-07 11:15,81377.98,81767.32,81375.76,81514.78,0
2024-10-07 12:15,81514.78,81622.74,81017.15,81084.38,0
2024-10-07 13:15,81084.82,81229.71,80727.74,80967.28,0
2024-10-07 14:15,80962.88,81542.92,80837.05,80985.35,0
2024-10-07 15:15,80989.37,81050.19,80989.37,81049.98,0
2024-10-08 09:15,81179.12,81414.84,80998.71,81181.69,0
2024-10-08 10:15,81177.83,81536.42,81122.45,81467.02,0
2024-10-08 11:15,81466.43,81616.18,81330.02,81423.13,0
2024-10-08 12:15,81422.92,81598.66,81286.05,81569.04,0
2024-10-08 13:15,81569.63,81754.32,81464.15,81731.87,0
2024-10-08 14:15,81732.35,81762.48,81368.01,81615.57,0
2024-10-08 15:15,81616.23,81634.9,81596.17,81634.9,0
2024-10-09 09:15,81852.82,82189.6,81694.22,82145.56,0
2024-10-09 10:15,82142.9,82269.17,81901.73,82235.52,0
2024-10-09 11:15,82239.84,82319.21,81874.18,81915.82,0
2024-10-09 12:15,81921.1,82051.59,81869.75,81871.55,0
2024-10-09 13:15,81874.83,81977.09,81730.24,81880.63,0
2024-10-09 14:15,81879.85,81879.85,81345.98,81418.56,0
2024-10-09 15:15,81415.13,81466.77,81415.13,81466.77,0
2024-10-10 09:15,81753.26,81990.0,81544.2,81957.04,0
2024-10-10 10:15,81952.91,82002.15,81645.65,81647.76,0
2024-10-10 11:15,81647.76,81769.45,81580.63,81722.66,0
2024-10-10 12:15,81718.29,81766.39,81616.75,81713.86,0
2024-10-10 13:15,81712.17,81779.42,81635.91,81705.32,0
2024-10-10 14:15,81708.5,81744.23,81578.84,81613.7,0
2024-10-10 15:15,81616.7,81616.7,81595.51,81611.41,0
2024-10-11 09:15,81570.31,81671.0,81400.21,81648.7,0
2024-10-11 10:15,81652.08,81654.29,81353.62,81415.74,0
2024-10-11 11:15,81416.1,81442.22,81335.71,81386.56,0
2024-10-11 12:15,81386.56,81444.13,81352.89,81417.55,0
2024-10-11 13:15,81417.67,81476.6,81338.64,81362.98,0
2024-10-11 14:15,81361.87,81450.53,81304.79,81380.25,0
2024-10-11 15:15,81383.39,81383.39,81372.1,81381.38,0
2024-10-14 09:15,81544.28,81930.48,81544.28,81820.01,0
2024-10-14 10:15,81819.17,81893.36,81773.38,81888.08,0
2024-10-14 11:15,81890.52,82071.96,81883.72,82043.57,0
2024-10-14 12:15,82043.57,82064.27,81905.75,81926.85,0
2024-10-14 13:15,81926.43,82023.58,81902.26,81994.5,0
2024-10-14 14:15,81994.34,82026.75,81909.73,81934.72,0
2024-10-14 15:15,81939.06,81973.23,81939.06,81973.17,0
2024-10-15 09:15,82170.07,82293.63,81708.77,81773.91,0
2024-10-15 10:15,81766.87,81908.25,81637.44,81825.14,0
2024-10-15 11:15,81823.02,81883.73,81699.82,81842.64,0
2024-10-15 12:15,81837.75,81845.54,81635.78,81705.79,0
2024-10-15 13:15,81703.95,81838.02,81686.58,81761.34,0
2024-10-15 14:15,81761.34,81853.3,81700.88,81799.7,0
2024-10-15 15:15,81797.74,81820.89,81787.51,81820.42,0
2024-10-16 09:15,81646.6,81932.15,81580.89,81814.14,0
2024-10-16 10:15,81815.64,81864.36,81678.9,81695.37,0
2024-10-16 11:15,81696.93,81698.25,81359.22,81467.83,0
2024-10-16 12:15,81470.35,81575.57,81414.06,81570.38,0
2024-10-16 13:15,81567.86,81692.75,81504.24,81671.58,0
2024-10-16 14:15,81669.36,81798.05,81496.59,81496.59,0
2024-10-16 15:15,81552.66,81553.09,81501.32,81501.36,0
2024-10-17 09:15,81758.07,81767.93,81120.66,81222.13,0
2024-10-17 10:15,81222.13,81264.15,81075.13,81084.62,0
2024-10-17 11:15,81083.63,81126.78,80998.12,81046.54,0
2024-10-17 12:15,81045.61,81087.49,80961.64,81055.74,0
2024-10-17 13:15,81057.02,81067.08,80940.18,80970.97,0
2024-10-17 14:15,80971.63,81032.59,80905.75,81016.1,0
2024-10-17 15:15,81014.9,81014.9,80987.98,81006.72,0
2024-10-18 09:15,80740.88,80803.05,80412.37,80677.23,0
2024-10-18 10:15,80675.79,80951.24,80631.56,80863.55,0
2024-10-18 11:15,80862.15,81117.83,80785.83,81041.76,0
2024-10-18 12:15,81041.36,81318.84,81026.93,81175.57,0
2024-10-18 13:15,81179.08,81391.15,81173.78,81335.06,0
2024-10-18 14:15,81334.35,81378.47,81165.43,81209.77,0
2024-10-18 15:15,81209.97,81236.27,81209.97,81224.75,0
2024-10-21 09:15,81709.94,81743.04,80812.05,81177.58,0
2024-10-21 10:15,81177.58,81315.12,81128.81,81198.1,0
2024-10-21 11:15,81198.29,81217.4,80946.5,80956.52,0
2024-10-21 12:15,80956.32,81070.43,80926.94,81054.54,0
2024-10-21 13:15,81052.37,81454.54,81047.54,81299.77,0
2024-10-21 14:15,81305.66,81439.36,81096.57,81211.6,0
2024-10-21 15:15,81210.7,81210.7,81151.27,81151.27,0
2024-10-22 09:15,81155.08,81502.33,81073.98,81118.61,0
2024-10-22 10:15,81115.94,81155.26,80727.85,81027.68,0
2024-10-22 11:15,81027.18,81028.69,80700.18,80793.95,0
2024-10-22 12:15,80792.66,80929.01,80605.25,80697.6,0
2024-10-22 13:15,80698.01,80737.02,80531.66,80726.64,0
2024-10-22 14:15,80731.62,80736.33,80151.97,80170.23,0
2024-10-22 15:15,80237.92,80237.92,80217.6,80220.61,0
2024-10-23 09:15,79910.97,80439.66,79910.97,80360.76,0
2024-10-23 10:15,80360.25,80615.97,80169.04,80473.73,0
2024-10-23 11:15,80472.93,80645.14,80415.06,80452.14,0
2024-10-23 12:15,80452.14,80561.73,80333.24,80463.9,0
2024-10-23 13:15,80464.64,80504.05,80236.42,80244.21,0
2024-10-23 14:15,80250.53,80251.4,80062.89,80075.02,0
2024-10-23 15:15,80075.13,80119.79,80075.13,80081.98,0
2024-10-24 09:15,80098.3,80255.57,79813.79,80155.42,0
2024-10-24 10:15,80155.29,80172.54,79988.49,79997.94,0
2024-10-24 11:15,79996.86,80105.86,79983.05,80048.89,0
2024-10-24 12:15,80048.8,80104.71,80042.84,80051.16,0
2024-10-24 13:15,80049.9,80085.94,79995.97,80017.46,0
2024-10-24 14:15,80017.53,80136.11,79967.24,80054.88,0
2024-10-24 15:15,80056.04,80066.02,80056.04,80065.14,0
2024-10-25 09:15,80142.2,80236.31,79647.07,79672.81,0
2024-10-25 10:15,79672.86,79735.46,79360.16,79467.79,0
2024-10-25 11:15,79471.14,79618.69,79361.09,79377.32,0
2024-10-25 12:15,79378.27,79378.65,79211.99,79322.83,0
2024-10-25 13:15,79322.83,79336.09,79222.98,79233.36,0
2024-10-25 14:15,79228.37,79465.69,79138.59,79437.28,0
2024-10-25 15:15,79443.24,79443.24,79347.45,79402.29,0
2024-10-28 09:15,79759.99,79956.22,79421.87,79908.84,0
2024-10-28 10:15,79905.28,80349.97,79902.65,80221.26,0
2024-10-28 11:15,80219.71,80502.48,80173.04,80497.45,0
2024-10-28 12:15,80497.13,80536.82,80225.07,80293.85,0
2024-10-28 13:15,80302.42,80422.28,80116.49,80178.48,0
2024-10-28 14:15,80180.52,80266.6,79897.05,80033.23,0
2024-10-28 15:15,80034.29,80034.29,79992.04,80005.04,0
2024-10-29 09:15,80037.2,80096.2,79468.54,79688.52,0
2024-10-29 10:15,79689.63,79738.04,79421.53,79601.92,0
2024-10-29 11:15,79593.7,79897.64,79534.85,79897.64,0
2024-10-29 12:15,79896.18,80059.55,79840.1,79997.53,0
2024-10-29 13:15,79998.25,80292.99,79811.4,80290.6,0
2024-10-29 14:15,80293.3,80448.93,80181.84,80412.94,0
2024-10-29 15:15,80410.89,80410.89,80367.33,80369.09,0
2024-10-30 09:15,80134.32,80272.39,79983.9,80147.96,0
2024-10-30 10:15,80148.21,80270.94,80026.04,80222.15,0
2024-10-30 11:15,80222.15,80310.92,80150.62,80218.98,0
2024-10-30 12:15,80219.72,80435.61,80174.69,80196.31,0
2024-10-30 13:15,80196.8,80206.97,79862.87,79870.64,0
2024-10-30 14:15,79870.64,80017.9,79821.99,79930.88,0
2024-10-30 15:15,79936.22,79943.16,79926.06,79942.18,0
2024-10-31 09:15,79987.56,79987.56,79583.69,79696.33,0
2024-10-31 10:15,79700.9,79701.01,79538.69,79585.94,0
2024-10-31 11:15,79582.71,79592.25,79505.9,79521.17,0
2024-10-31 12:15,79520.66,79523.65,79370.8,79454.06,0
2024-10-31 13:15,79454.83,79522.43,79335.26,79353.61,0
2024-10-31 14:15,79352.64,79473.01,79288.4,79409.27,0
2024-10-31 15:15,79408.87,79408.87,79384.91,79389.06,0
2024-11-04 09:15,79652.18,79652.18,78623.12,78675.62,0
2024-11-04 10:15,78685.87,78768.48,78256.65,78318.29,0
2024-11-04 11:15,78319.22,78663.33,78236.12,78587.51,0
2024-11-04 12:15,78582.01,78644.48,78382.98,78521.99,0
2024-11-04 13:15,78524.82,78616.42,78382.57,78598.99,0
2024-11-04 14:15,78599.14,78833.79,78537.77,78789.75,0
2024-11-04 15:15,78794.28,78794.28,78782.29,78782.29,0
2024-11-05 09:15,78526.56,78833.48,78468.37,78689.76,0
2024-11-05 10:15,78688.01,78906.41,78586.39,78725.66,0
2024-11-05 11:15,78724.54,78751.45,78300.43,78366.97,0
2024-11-05 12:15,78369.26,78623.0,78303.5,78501.53,0
2024-11-05 13:15,78504.8,79337.65,78446.21,79325.93,0
2024-11-05 14:15,79326.43,79517.75,79302.73,79456.6,0
2024-11-05 15:15,79456.32,79489.72,79456.32,79476.56,0
2024-11-06 09:15,79773.0,80115.34,79460.27,80001.97,0
2024-11-06 10:15,80003.75,80040.4,79715.99,79960.74,0
2024-11-06 11:15,79961.27,80223.01,79924.0,80176.38,0
2024-11-06 12:15,80174.28,80315.71,80115.58,80281.76,0
2024-11-06 13:15,80281.04,80426.54,80217.11,80397.2,0
2024-11-06 14:15,80398.16,80568.56,80261.91,80328.21,0
2024-11-06 15:15,80331.83,80385.55,80331.83,80377.97,0
2024-11-07 09:15,80490.99,80490.99,79487.69,79520.67,0
2024-11-07 10:15,79522.26,79693.47,79419.39,79606.71,0
2024-11-07 11:15,79603.39,79605.18,79430.38,79524.57,0
2024-11-07 12:15,79523.82,79677.56,79495.01,79632.02,0
2024-11-07 13:15,79634.15,79638.92,79483.42,79612.19,0
2024-11-07 14:15,79611.93,79615.64,79495.47,79549.07,0
2024-11-07 15:15,79549.88,79549.88,79541.7,79541.75,0
2024-11-08 09:15,79569.87,79806.97,79123.1,79585.56,0
2024-11-08 10:15,79582.03,79637.56,79427.73,79509.7,0
2024-11-08 11:15,79506.9,79519.06,79327.85,79356.39,0
2024-11-08 12:15,79353.15,79522.55,79329.97,79504.13,0
2024-11-08 13:15,79503.25,79546.15,79393.4,79405.98,0
2024-11-08 14:15,79408.95,79533.36,79348.26,79523.53,0
2024-11-08 15:15,79520.49,79520.49,79486.32,79486.32,0
2024-11-11 09:15,79247.34,79592.16,79011.29,79401.01,0
2024-11-11 10:15,79400.13,80028.95,79355.91,80016.89,0
2024-11-11 11:15,80022.2,80101.82,79782.39,79844.24,0
2024-11-11 12:15,79843.59,79869.15,79678.84,79758.88,0
2024-11-11 13:15,79755.07,79774.54,79391.72,79399.0,0
2024-11-11 14:15,79394.2,79699.16,79296.39,79589.57,0
2024-11-11 15:15,79511.84,79516.71,79496.11,79496.16,0
2024-11-12 09:15,79743.36,79816.84,79439.63,79585.46,0
2024-11-12 10:15,79587.86,79712.93,79375.87,79510.56,0
2024-11-12 11:15,79509.03,79554.68,79384.89,79398.75,0
2024-11-12 12:15,79396.51,79452.61,78973.9,79033.71,0
2024-11-12 13:15,79033.5,79033.5,78768.37,78867.47,0
2024-11-12 14:15,78868.06,79001.87,78644.12,78656.3,0
2024-11-12 15:15,78733.04,78733.04,78675.21,78675.21,0
2024-11-13 09:15,78479.54,78689.96,78163.54,78177.89,0
2024-11-13 10:15,78174.43,78435.5,78131.72,78212.16,0
2024-11-13 11:15,78210.74,78248.49,78115.79,78136.89,0
2024-11-13 12:15,78137.51,78229.66,77959.76,78072.87,0
2024-11-13 13:15,78073.14,78219.59,77966.14,78001.41,0
2024-11-13 14:15,78001.04,78016.97,77533.68,77641.89,0
2024-11-13 15:15,77651.83,77690.95,77605.24,77690.95,0
2024-11-14 09:15,77676.43,78053.66,77521.41,77865.72,0
2024-11-14 10:15,77864.77,77870.62,77424.84,77432.45,0
2024-11-14 11:15,77431.86,77666.82,77431.02,77656.35,0
2024-11-14 12:15,77655.92,77655.92,77493.66,77612.89,0
2024-11-14 13:15,77614.25,77679.29,77525.88,77632.12,0
2024-11-14 14:15,77632.5,77648.06,77473.96,77576.53,0
2024-11-14 15:15,77578.86,77580.31,77559.31,77580.31,0
2024-11-18 09:15,77863.54,77863.54,77018.94,77315.66,0
2024-11-18 10:15,77307.98,77307.98,76966.85,77060.59,0
2024-11-18 11:15,77060.81,77397.58,77055.81,77379.68,0
2024-11-18 12:15,77385.14,77659.86,77350.85,77411.31,0
2024-11-18 13:15,77412.58,77456.85,77279.8,77421.65,0
2024-11-18 14:15,77425.73,77425.73,77194.23,77351.74,0
2024-11-18 15:15,77346.93,77346.93,77322.64,77339.01,0
2024-11-19 09:15,77662.15,78177.53,77558.03,78113.38,0
2024-11-19 10:15,78114.19,78309.08,78088.17,78294.51,0
2024-11-19 11:15,78296.21,78451.23,78264.03,78344.28,0
2024-11-19 12:15,78344.91,78394.08,78266.1,78378.11,0
2024-11-19 13:15,78378.2,78408.71,78179.83,78195.44,0
2024-11-19 14:15,78194.62,78264.65,77487.09,77502.44,0
2024-11-19 15:15,77645.23,77645.34,77578.78,77578.78,0
2024-11-21 09:15,77604.76,77604.76,76802.73,76992.86,0
2024-11-21 10:15,76993.69,77109.7,76956.29,77060.41,0
2024-11-21 11:15,77060.61,77184.19,77046.44,77136.18,0
2024-11-21 12:15,77136.18,77171.46,77006.57,77094.95,0
2024-11-21 13:15,77095.86,77170.45,77077.03,77106.64,0
2024-11-21 14:15,77107.96,77209.13,77060.78,77171.39,0
2024-11-21 15:15,77169.08,77169.08,77137.11,77155.81,0
2024-11-22 09:15,77349.74,77994.13,77249.59,77908.62,0
2024-11-22 10:15,77910.8,77951.81,77469.29,77730.08,0
2024-11-22 11:15,77729.42,78130.26,77593.46,78040.26,0
2024-11-22 12:15,78040.93,78355.5,77972.19,78286.25,0
2024-11-22 13:15,78285.84,78883.09,78176.96,78800.8,0
2024-11-22 14:15,78800.59,79215.73,78663.13,79147.31,0
2024-11-22 15:15,79151.04,79157.34,79116.84,79117.11,0
2024-11-25 09:15,80193.47,80451.89,80117.34,80198.3,0
2024-11-25 10:15,80197.28,80471.32,80192.47,80423.85,0
2024-11-25 11:15,80423.62,80467.44,80183.89,80326.09,0
2024-11-25 12:15,80326.61,80349.04,79766.35,79907.23,0
2024-11-25 13:15,79906.79,80053.24,79841.25,79975.88,0
2024-11-25 14:15,79976.47,80199.56,79904.52,80083.3,0
2024-11-25 15:15,80084.95,80110.13,80057.77,80110.13,0
2024-11-26 09:15,80425.43,80481.7,80059.74,80152.93,0
2024-11-26 10:15,80151.65,80151.87,79900.11,80042.68,0
2024-11-26 11:15,80041.94,80135.6,79943.93,79973.67,0
2024-11-26 12:15,79973.76,79988.35,79822.8,79900.73,0
2024-11-26 13:15,79900.48,80026.9,79800.89,79962.5,0
2024-11-26 14:15,79964.59,80157.59,79947.08,80050.98,0
2024-11-26 15:15,80053.75,80053.75,80001.64,80004.08,0
2024-11-27 09:15,80114.28,80114.28,79844.91,80036.08,0
2024-11-27 10:15,80036.3,80067.96,79924.14,80024.27,0
2024-11-27 11:15,80022.13,80083.72,79898.12,80029.05,0
2024-11-27 12:15,80027.56,80413.18,80027.04,80400.04,0
2024-11-27 13:15,80399.63,80511.15,80282.19,80283.64,0
2024-11-27 14:15,80283.64,80342.28,80194.17,80239.9,0
2024-11-27 15:15,80240.46,80240.46,80231.2,80234.08,0
2024-11-28 09:15,80261.29,80445.65,80145.83,80391.71,0
2024-11-28 10:15,80391.45,80394.36,79477.52,79569.38,0
2024-11-28 11:15,79569.47,79671.9,79421.01,79527.02,0
2024-11-28 12:15,79526.5,79584.03,79204.39,79236.12,0
2024-11-28 13:15,79237.84,79560.67,78922.99,79185.52,0
2024-11-28 14:15,79186.4,79329.53,78942.64,79045.15,0
2024-11-28 15:15,79043.44,79043.73,78988.09,79043.73,0
2024-11-29 09:15,79103.71,79533.96,79103.71,79225.53,0
2024-11-29 10:15,79222.16,79838.66,79195.33,79766.1,0
2024-11-29 11:15,79764.03,79848.73,79619.13,79764.39,0
2024-11-29 12:15,79764.39,79788.75,79664.77,79755.34,0
2024-11-29 13:15,79756.67,79843.31,79700.17,79705.33,0
2024-11-29 14:15,79704.57,79923.9,79668.31,79767.99,0
2024-11-29 15:15,79769.43,79810.99,79769.43,79802.79,0
2024-12-02 09:15,79835.95,79835.95,79309.77,79674.05,0
2024-12-02 10:15,79672.86,79881.51,79610.02,79731.86,0
2024-12-02 11:15,79733.0,79867.07,79716.88,79770.69,0
2024-12-02 12:15,79774.38,79941.76,79765.05,79861.28,0
2024-12-02 13:15,79859.83,80206.31,79797.99,80151.18,0
2024-12-02 14:15,80151.87,80336.84,80151.32,80249.16,0
2024-12-02 15:15,80248.01,80268.21,80246.8,80248.08,0
2024-12-03 09:15,80532.45,80532.45,80245.85,80458.52,0
2024-12-03 10:15,80456.35,80776.45,80456.33,80752.8,0
2024-12-03 11:15,80752.8,80853.38,80706.39,80758.35,0
2024-12-03 12:15,80758.21,80821.48,80644.59,80722.58,0
2024-12-03 13:15,80725.68,80921.21,80693.02,80890.61,0
2024-12-03 14:15,80891.21,80949.1,80817.03,80875.41,0
2024-12-03 15:15,80873.79,80887.82,80845.76,80845.78,0
2024-12-04 09:15,81011.42,81245.07,80809.91,81164.04,0
2024-12-04 10:15,81163.68,81214.58,81072.72,81137.8,0
2024-12-04 11:15,81144.86,81225.81,80630.63,80881.73,0
2024-12-04 12:15,80885.2,81031.02,80837.7,80984.92,0
2024-12-04 13:15,80984.92,81191.03,80926.28,81159.82,0
2024-12-04 14:15,81170.01,81177.52,80814.89,80954.57,0
2024-12-04 15:15,80959.17,80963.07,80936.99,80956.33,0
2024-12-05 09:15,81169.74,81195.02,80776.01,80777.59,0
2024-12-05 10:15,80785.66,80918.04,80470.43,80693.36,0
2024-12-05 11:15,80692.31,81487.35,80596.78,81422.51,0
2024-12-05 12:15,81433.99,81620.53,81365.43,81549.53,0
2024-12-05 13:15,81551.04,81981.29,81392.72,81918.32,0
2024-12-05 14:15,81917.24,82317.74,81147.64,81944.0,0
2024-12-05 15:15,81944.48,81944.48,81658.36,81765.86,0
2024-12-06 09:15,81874.11,81925.53,81530.3,81599.23,0
2024-12-06 10:15,81598.72,81923.52,81506.94,81794.77,0
2024-12-06 11:15,81795.09,81840.2,81669.84,81799.33,0
2024-12-06 12:15,81799.33,81857.09,81735.95,81797.65,0
2024-12-06 13:15,81796.05,81806.9,81660.36,81734.77,0
2024-12-06 14:15,81739.82,81788.46,81628.12,81725.14,0
2024-12-06 15:15,81725.3,81725.3,81708.73,81709.12,0
2024-12-09 09:15,81602.58,81781.4,81435.99,81437.94,0
2024-12-09 10:15,81438.55,81617.88,81413.37,81609.58,0
2024-12-09 11:15,81609.45,81783.28,81588.34,81667.6,0
2024-12-09 12:15,81668.4,81710.35,81533.21,81627.23,0
2024-12-09 13:15,81627.53,81672.58,81486.66,81521.92,0
2024-12-09 14:15,81521.1,81600.61,81452.86,81480.56,0
2024-12-09 15:15,81476.17,81508.95,81476.17,81508.36,0
2024-12-10 09:15,81587.28,81725.72,81417.82,81643.65,0
2024-12-10 10:15,81643.65,81682.13,81515.69,81632.54,0
2024-12-10 11:15,81632.15,81658.42,81537.18,81546.31,0
2024-12-10 12:15,81544.13,81544.13,81257.58,81310.01,0
2024-12-10 13:15,81310.06,81370.06,81182.69,81281.3,0
2024-12-10 14:15,81284.05,81552.54,81225.74,81517.24,0
2024-12-10 15:15,81517.24,81517.24,81493.69,81510.02,0
2024-12-11 09:15,81573.07,81595.99,81385.18,81536.34,0
2024-12-11 10:15,81536.34,81689.2,81439.83,81636.71,0
2024-12-11 11:15,81635.87,81739.39,81593.13,81639.76,0
2024-12-11 12:15,81639.76,81668.07,81503.31,81611.46,0
2024-12-11 13:15,81611.22,81646.7,81561.01,81615.17,0
2024-12-11 14:15,81615.17,81615.17,81447.24,81564.79,0
2024-12-11 15:15,81563.87,81563.87,81526.14,81526.14,0
2024-12-12 09:15,81479.78,81680.06,81445.73,81525.95,0
2024-12-12 10:15,81525.95,81545.33,81424.39,81474.81,0
2024-12-12 11:15,81474.81,81491.45,81299.22,81323.97,0
2024-12-12 12:15,81323.92,81381.73,81293.25,81343.46,0
2024-12-12 13:15,81345.68,81360.77,81258.04,81320.52,0
2024-12-12 14:15,81320.31,81359.4,81211.99,81273.77,0
2024-12-12 15:15,81281.3,81292.17,81281.3,81289.96,0
2024-12-13 09:15,81198.46,81198.46,80624.17,80659.23,0
2024-12-13 10:15,80659.75,80659.75,80083.68,80411.35,0
2024-12-13 11:15,80413.96,81491.48,80369.48,81395.1,0
2024-12-13 12:15,81396.04,81802.03,81155.71,81632.88,0
2024-12-13 13:15,81631.39,82037.85,81422.98,81931.0,0
2024-12-13 14:15,81931.98,82192.61,81879.0,82121.25,0
2024-12-13 15:15,82124.51,82133.58,82111.82,82133.12,0
2024-12-16 09:15,82038.62,82115.53,81814.7,81968.5,0
2024-12-16 10:15,81965.66,81974.52,81649.43,81664.7,0
2024-12-16 11:15,81663.64,81778.67,81576.01,81578.27,0
2024-12-16 12:15,81573.76,81764.44,81551.28,81737.99,0
2024-12-16 13:15,81734.02,81823.48,81661.82,81740.49,0
2024-12-16 14:15,81740.41,81849.52,81693.89,81732.76,0
2024-12-16 15:15,81735.19,81769.49,81735.19,81748.57,0
2024-12-17 09:15,81509.42,81613.41,81208.61,81267.02,0
2024-12-17 10:15,81274.54,81276.06,80818.23,81097.72,0
2024-12-17 11:15,81100.39,81147.14,80733.48,80789.59,0
2024-12-17 12:15,80787.08,81046.31,80719.07,80772.03,0
2024-12-17 13:15,80770.63,80856.12,80639.97,80695.11,0
2024-12-17 14:15,80695.19,80784.67,80612.61,80708.51,0
2024-12-17 15:15,80706.9,80729.37,80684.15,80684.49,0
2024-12-18 09:15,80622.9,80868.02,80314.13,80339.48,0
2024-12-18 10:15,80339.12,80572.17,80223.05,80268.54,0
2024-12-18 11:15,80263.42,80401.69,80217.13,80266.67,0
2024-12-18 12:15,80266.67,80339.94,80050.34,80251.86,0
2024-12-18 13:15,80251.86,80296.64,80104.33,80169.55,0
2024-12-18 14:15,80174.82,80220.74,80083.79,80159.21,0
2024-12-18 15:15,80158.8,80182.17,80153.33,80182.17,0
2024-12-19 09:15,79087.59,79514.99,79087.59,79271.77,0
2024-12-19 10:15,79269.88,79364.1,79198.28,79221.78,0
2024-12-19 11:15,79222.31,79423.62,79222.31,79376.92,0
2024-12-19 12:15,79375.32,79380.61,79236.02,79299.95,0
2024-12-19 13:15,79299.37,79299.4,79185.66,79267.03,0
2024-12-19 14:15,79268.47,79273.84,79183.26,79208.83,0
2024-12-19 15:15,79207.99,79222.05,79205.05,79218.05,0
2024-12-20 09:15,79335.48,79585.61,78674.7,78836.55,0
2024-12-20 10:15,78833.46,79303.95,78794.1,79199.19,0
2024-12-20 11:15,79195.13,79199.45,78938.25,78938.25,0
2024-12-20 12:15,78938.45,78938.45,78400.49,78427.45,0
2024-12-20 13:15,78427.36,78546.89,78320.94,78345.78,0
2024-12-20 14:15,78345.11,78439.11,77877.49,77882.23,0
2024-12-20 15:15,77880.28,78041.55,77880.28,78041.33,0
2024-12-23 09:15,78507.9,78744.5,78439.24,78645.3,0
2024-12-23 10:15,78645.47,78863.14,78534.38,78826.31,0
2024-12-23 11:15,78826.31,78917.54,78518.04,78588.99,0
2024-12-23 12:15,78585.02,78616.49,78285.11,78307.31,0
2024-12-23 13:15,78307.66,78387.32,78189.19,78352.8,0
2024-12-23 14:15,78352.64,78590.12,78333.38,78555.33,0
2024-12-23 15:15,78555.21,78555.21,78515.22,78540.16,0
2024-12-24 09:15,78655.08,78756.91,78397.85,78702.52,0
2024-12-24 10:15,78702.2,78877.36,78693.95,78779.43,0
2024-12-24 11:15,78779.43,78844.01,78657.08,78669.35,0
2024-12-24 12:15,78669.35,78745.65,78590.24,78649.38,0
2024-12-24 13:15,78644.82,78671.77,78477.41,78569.58,0
2024-12-24 14:15,78567.25,78572.15,78423.0,78442.62,0
2024-12-24 15:15,78445.44,78478.07,78445.44,78472.83,0
2024-12-26 09:15,78636.97,78896.53,78463.33,78481.08,0
2024-12-26 10:15,78483.44,78557.99,78325.37,78523.28,0
2024-12-26 11:15,78523.79,78578.35,78436.28,78442.07,0
2024-12-26 12:15,78437.93,78506.02,78432.61,78475.79,0
2024-12-26 13:15,78474.82,78549.36,78173.38,78465.75,0
2024-12-26 14:15,78465.46,78514.24,78421.02,78496.48,0
2024-12-26 15:15,78470.76,78474.21,78468.33,78472.48,0
2024-12-27 09:15,78607.62,79038.19,78607.62,79014.14,0
2024-12-27 10:15,79019.21,79040.99,78883.81,78964.05,0
2024-12-27 11:15,78964.9,78967.36,78760.72,78766.53,0
2024-12-27 12:15,78766.57,78868.39,78727.58,78834.27,0
2024-12-27 13:15,78835.03,78868.79,78744.09,78782.89,0
2024-12-27 14:15,78782.94,78801.14,78643.71,78679.26,0
2024-12-27 15:15,78678.3,78698.96,78678.3,78698.82,0
2024-12-30 09:15,78645.19,78702.41,78395.85,78637.16,0
2024-12-30 10:15,78636.7,78834.81,78569.42,78661.46,0
2024-12-30 11:15,78661.46,79092.41,78648.43,78997.65,0
2024-12-30 12:15,78998.42,79005.37,78533.04,78603.42,0
2024-12-30 13:15,78603.51,78650.43,78144.88,78153.69,0
2024-12-30 14:15,78153.69,78410.53,78077.54,78151.65,0
2024-12-30 15:15,78154.07,78255.39,78154.07,78248.15,0
2024-12-31 09:15,77982.57,77982.57,77561.05,77580.03,0
2024-12-31 10:15,77580.5,78062.69,77580.5,78059.06,0
2024-12-31 11:15,78058.75,78086.1,77922.96,77988.34,0
2024-12-31 12:15,77987.79,78089.58,77950.93,77988.69,0
2024-12-31 13:15,77988.69,78305.09,77959.97,78273.46,0
2024-12-31 14:15,78272.3,78273.08,78079.32,78139.87,0
2024-12-31 15:15,78141.5,78141.5,78121.75,78139.01,0
2025-01-01 09:15,78265.07,78271.05,77898.91,78128.71,0
2025-01-01 10:15,78125.59,78564.36,78094.52,78542.75,0
2025-01-01 11:15,78541.28,78637.66,78312.78,78426.72,0
2025-01-01 12:15,78426.91,78620.82,78416.99,78442.74,0
2025-01-01 13:15,78443.31,78753.07,78437.85,78649.8,0
2025-01-01 14:15,78650.28,78660.16,78440.8,78495.45,0
2025-01-01 15:15,78496.27,78507.41,78474.66,78507.41,0
2025-01-02 09:15,78672.24,78936.16,78542.44,78823.17,0
2025-01-02 10:15,78826.0,79212.64,78804.49,79182.28,0
2025-01-02 11:15,79182.39,79263.26,79083.87,79157.12,0
2025-01-02 12:15,79159.75,79655.54,79117.0,79623.83,0
2025-01-02 13:15,79624.37,79831.65,79618.56,79788.63,0
2025-01-02 14:15,79788.23,80032.66,79782.35,79917.95,0
2025-01-02 15:15,79917.0,79945.74,79917.0,79943.76,0
2025-01-03 09:15,80072.99,80072.99,79368.23,79401.41,0
2025-01-03 10:15,79404.04,79516.04,79274.77,79478.97,0
2025-01-03 11:15,79478.16,79757.42,79449.74,79631.58,0
2025-01-03 12:15,79629.58,79629.58,79404.14,79562.53,0
2025-01-03 13:15,79556.02,79593.94,79280.99,79307.45,0
2025-01-03 14:15,79306.97,79377.54,79148.1,79243.79,0
2025-01-03 15:15,79269.96,79273.61,79222.71,79223.11,0
2025-01-06 09:15,79384.96,79532.67,79005.24,79367.59,0
2025-01-06 10:15,79375.45,79458.2,78382.64,78440.18,0
2025-01-06 11:15,78439.17,78595.17,77963.3,78327.42,0
2025-01-06 12:15,78323.29,78487.88,78159.04,78283.27,0
2025-01-06 13:15,78282.77,78283.06,77920.92,78002.49,0
2025-01-06 14:15,78000.85,78111.77,77781.62,77871.23,0
2025-01-06 15:15,77863.9,77987.54,77863.9,77964.91,0
2025-01-07 09:15,78019.8,78452.68,77925.09,78259.12,0
2025-01-07 10:15,78269.94,78344.75,78164.42,78226.7,0
2025-01-07 11:15,78228.26,78344.45,78180.6,78196.14,0
2025-01-07 12:15,78200.42,78269.21,78161.77,78231.08,0
2025-01-07 13:15,78231.47,78339.44,78061.62,78170.99,0
2025-01-07 14:15,78168.66,78275.82,78070.19,78174.82,0
2025-01-07 15:15,78211.68,78211.69,78198.91,78198.91,0
2025-01-08 09:15,78273.93,78273.93,77899.33,78052.43,0
2025-01-08 10:15,78057.7,78102.55,77632.13,77729.33,0
2025-01-08 11:15,77733.27,77837.9,77571.08,77572.68,0
2025-01-08 12:15,77573.14,77675.09,77488.2,77607.91,0
2025-01-08 13:15,77607.13,78180.97,77581.03,78158.58,0
2025-01-08 14:15,78158.27,78267.6,78012.89,78208.16,0
2025-01-08 15:15,78208.42,78208.42,78148.59,78148.59,0
2025-01-09 09:15,78175.46,78175.46,77846.43,77982.55,0
2025-01-09 10:15,77981.57,78035.77,77669.59,77740.4,0
2025-01-09 11:15,77741.86,77778.32,77663.33,77743.25,0
2025-01-09 12:15,77741.81,77929.04,77624.95,77654.92,0
2025-01-09 13:15,77657.83,77676.46,77578.35,77652.24,0
2025-01-09 14:15,77650.55,77664.88,77544.64,77618.15,0
2025-01-09 15:15,77615.18,77620.21,77594.11,77620.21,0
2025-01-10 09:15,77710.11,77890.4,77100.49,77237.26,0
2025-01-10 10:15,77236.29,77770.66,77234.6,77770.66,0
2025-01-10 11:15,77770.28,77919.3,77540.83,77683.7,0
2025-01-10 12:15,77683.25,77816.0,77606.75,77665.14,0
2025-01-10 13:15,77664.85,77714.49,77443.3,77444.03,0
2025-01-10 14:15,77441.67,77452.8,77273.44,77329.8,0
2025-01-10 15:15,77330.5,77381.7,77321.55,77378.91,0
2025-01-13 09:15,76578.62,76898.47,76540.19,76893.23,0
2025-01-13 10:15,76914.72,77126.09,76878.08,76959.27,0
2025-01-13 11:15,76959.27,77025.15,76729.76,76762.0,0
2025-01-13 12:15,76763.12,76798.33,76594.49,76614.88,0
2025-01-13 13:15,76613.71,76656.2,76408.97,76455.7,0
2025-01-13 14:15,76466.97,76517.3,76250.9,76365.15,0
2025-01-13 15:15,76364.98,76364.98,76320.09,76330.01,0
2025-01-14 09:15,76624.9,76777.34,76532.83,76574.39,0
2025-01-14 10:15,76574.64,76835.4,76517.57,76824.95,0
2025-01-14 11:15,76827.29,76834.24,76568.82,76602.27,0
2025-01-14 12:15,76604.01,76648.76,76480.58,76530.13,0
2025-01-14 13:15,76531.72,76614.97,76486.66,76595.91,0
2025-01-14 14:15,76596.87,76632.64,76448.65,76514.13,0
2025-01-14 15:15,76514.09,76514.09,76486.54,76499.63,0
2025-01-15 09:15,76817.71,76882.06,76556.26,76742.39,0
2025-01-15 10:15,76745.57,76990.23,76744.02,76847.01,0
2025-01-15 11:15,76847.01,76875.04,76689.26,76729.57,0
2025-01-15 12:15,76729.71,76869.88,76669.74,76732.85,0
2025-01-15 13:15,76731.44,76731.44,76479.7,76604.79,0
2025-01-15 14:15,76604.59,76759.32,76547.22,76729.84,0
2025-01-15 15:15,76730.02,76730.02,76699.99,76724.08,0
2025-01-16 09:15,77246.04,77246.04,76932.06,76988.02,0
2025-01-16 10:15,76987.12,77037.99,76895.67,76940.66,0
2025-01-16 11:15,76942.66,77022.63,76908.97,76982.56,0
2025-01-16 12:15,76980.98,77095.77,76957.15,77068.89,0
2025-01-16 13:15,77069.43,77088.58,77035.45,77070.96,0
2025-01-16 14:15,77072.46,77072.46,76920.28,76998.93,0
2025-01-16 15:15,76998.88,77042.53,76995.53,77042.53,0
2025-01-17 09:15,76914.3,76942.28,76512.39,76597.69,0
2025-01-17 10:15,76597.87,76793.34,76263.43,76374.38,0
2025-01-17 11:15,76377.0,76649.88,76363.36,76643.67,0
2025-01-17 12:15,76644.84,76812.99,76600.42,76619.41,0
2025-01-17 13:15,76615.46,76644.09,76498.73,76617.76,0
2025-01-17 14:15,76614.44,76760.12,76589.55,76616.11,0
2025-01-17 15:15,76615.29,76632.0,76615.29,76621.09,0
2025-01-20 09:15,76988.59,76989.23,76584.84,76768.39,0
2025-01-20 10:15,76767.66,76936.93,76763.92,76905.44,0
2025-01-20 11:15,76908.94,77266.06,76907.78,77182.26,0
2025-01-20 12:15,77181.96,77269.43,77110.02,77227.51,0
2025-01-20 13:15,77227.4,77318.68,77115.96,77184.17,0
2025-01-20 14:15,77185.14,77220.86,77110.35,77138.69,0
2025-01-20 15:15,77136.79,77136.79,77073.62,77073.78,0
2025-01-21 09:15,77271.07,77276.26,76648.95,76688.5,0
2025-01-21 10:15,76689.38,76694.91,76225.22,76330.63,0
2025-01-21 11:15,76331.22,77327.7,76288.68,76778.36,0
2025-01-21 12:15,76764.56,76809.31,76140.83,76661.79,0
2025-01-21 13:15,76662.12,76814.98,76217.28,76481.11,0
2025-01-21 14:15,76478.34,76486.04,75642.2,75869.88,0
2025-01-21 15:15,75869.85,75869.85,75814.6,75838.36,0
2025-01-22 09:15,76103.67,76245.11,76014.02,76180.6,0
2025-01-22 10:15,76182.96,76279.19,76056.54,76065.16,0
2025-01-22 11:15,76065.16,76141.46,75915.32,75986.24,0
2025-01-22 12:15,75987.51,76042.51,75852.32,75993.57,0
2025-01-22 13:15,75996.16,76150.59,75820.98,76099.29,0
2025-01-22 14:15,76109.99,76457.73,76067.89,76442.18,0
2025-01-22 15:15,76444.1,76444.1,76402.41,76404.99,0
2025-01-23 09:15,76338.24,76649.64,76205.36,76607.26,0
2025-01-23 10:15,76604.86,76673.23,76530.24,76591.85,0
2025-01-23 11:15,76590.75,76647.69,76529.97,76617.36,0
2025-01-23 12:15,76614.89,76741.29,76579.76,76653.06,0
2025-01-23 13:15,76653.32,76681.19,76568.99,76623.65,0
2025-01-23 14:15,76626.98,76631.38,76502.33,76510.45,0
2025-01-23 15:15,76508.0,76534.88,76508.0,76520.38,0
2025-01-24 09:15,76458.53,76800.85,76322.63,76383.51,0
2025-01-24 10:15,76382.99,76823.37,76225.82,76796.15,0
2025-01-24 11:15,76797.4,76985.65,76708.66,76834.04,0
2025-01-24 12:15,76832.0,76909.76,76434.23,76589.01,0
2025-01-24 13:15,76594.14,76594.14,76355.91,76355.91,0
2025-01-24 14:15,76355.91,76427.65,76093.18,76159.17,0
2025-01-24 15:15,76159.25,76191.59,76159.25,76190.43,0
2025-01-27 09:15,75703.2,75924.88,75575.96,75824.02,0
2025-01-27 10:15,75818.07,75818.07,75349.43,75485.85,0
2025-01-27 11:15,75484.41,75701.3,75464.93,75505.3,0
2025-01-27 12:15,75505.88,75709.73,75405.84,75528.18,0
2025-01-27 13:15,75523.62,75547.19,75335.17,75377.35,0
2025-01-27 14:15,75377.04,75440.89,75268.95,75391.01,0
2025-01-27 15:15,75391.36,75391.36,75366.19,75366.19,0
2025-01-28 09:15,75737.88,75850.17,75623.03,75718.35,0
2025-01-28 10:15,75719.53,76071.03,75652.0,75976.94,0
2025-01-28 11:15,75975.95,76191.08,75923.76,76175.17,0
2025-01-28 12:15,76173.27,76287.26,76092.73,76284.7,0
2025-01-28 13:15,76283.89,76306.66,76165.56,76209.71,0
2025-01-28 14:15,76210.29,76511.54,75765.23,75959.33,0
2025-01-28 15:15,75869.06,75901.41,75869.06,75901.41,0
2025-01-29 09:15,76192.5,76324.61,75986.37,76241.76,0
2025-01-29 10:15,76241.33,76420.0,76187.98,76265.29,0
2025-01-29 11:15,76270.88,76424.56,75976.01,76398.07,0
2025-01-29 12:15,76397.82,76549.63,76295.09,76369.17,0
2025-01-29 13:15,76368.37,76585.14,76368.37,76574.86,0
2025-01-29 14:15,76574.96,76589.93,76400.69,76542.0,0
2025-01-29 15:15,76538.83,76538.83,76507.96,76533.12,0
2025-01-30 09:15,76490.89,76874.36,76427.07,76782.61,0
2025-01-30 10:15,76782.58,76898.47,76635.64,76836.75,0
2025-01-30 11:15,76838.51,76863.5,76648.12,76753.26,0
2025-01-30 12:15,76752.7,76847.77,76677.67,76789.75,0
2025-01-30 13:15,76789.27,76794.99,76430.66,76507.84,0
2025-01-30 14:15,76506.55,76778.12,76401.51,76755.9,0
2025-01-30 15:15,76757.97,76759.78,76701.89,76759.76,0
2025-01-31 09:15,76865.79,77195.45,76838.81,77005.37,0
2025-01-31 10:15,77006.06,77283.95,76962.6,77209.83,0
2025-01-31 11:15,77210.44,77294.01,77110.69,77268.25,0
2025-01-31 12:15,77267.38,77475.18,77202.61,77460.53,0
2025-01-31 13:15,77460.28,77549.83,77246.49,77294.89,0
2025-01-31 14:15,77299.34,77517.4,77233.3,77504.32,0
2025-01-31 15:15,77502.88,77502.88,77453.06,77500.57,0
2025-02-01 09:15,77500.57,77500.57,77500.57,77500.57,0
2025-02-01 10:15,77500.57,77500.57,77500.57,77500.57,0
2025-02-01 11:15,77500.57,77500.57,77500.57,77500.57,0
2025-02-01 12:15,77500.57,77500.57,77500.57,77500.57,0
2025-02-01 13:15,77500.57,77500.57,77500.57,77500.57,0
2025-02-01 14:15,77500.57,77601.76,77500.57,77545.14,0
2025-02-01 15:15,77545.14,77545.14,77497.95,77505.49,0
2025-02-03 09:15,76990.7,77126.18,76756.7,76877.14,0
2025-02-03 10:15,76877.34,77090.18,76801.75,77075.96,0
2025-02-03 11:15,77076.05,77136.92,76873.8,77036.31,0
2025-02-03 12:15,77035.73,77247.47,76918.69,77246.49,0
2025-02-03 13:15,77244.82,77260.37,77058.53,77180.1,0
2025-02-03 14:15,77178.83,77235.52,77088.76,77196.51,0
2025-02-03 15:15,77200.62,77207.77,77186.07,77186.83,0
2025-02-04 09:15,77716.33,77950.33,77521.65,77717.13,0
2025-02-04 10:15,77716.88,77793.99,77403.5,77670.19,0
2025-02-04 11:15,77670.54,78047.76,77654.09,77874.87,0
2025-02-04 12:15,77873.96,78149.69,77870.51,78149.33,0
2025-02-04 13:15,78149.49,78423.97,78102.72,78213.81,0
2025-02-04 14:15,78198.01,78657.61,78168.71,78563.94,0
2025-02-04 15:15,78564.28,78602.43,78564.28,78583.79,0
2025-02-05 09:15,78669.35,78703.75,78424.84,78474.04,0
2025-02-05 10:15,78476.71,78567.71,78377.04,78383.5,0
2025-02-05 11:15,78390.54,78475.7,78330.38,78386.24,0
2025-02-05 12:15,78386.76,78477.33,78333.53,78474.62,0
2025-02-05 13:15,78474.62,78518.14,78389.95,78419.0,0
2025-02-05 14:15,78419.02,78461.17,78226.26,78284.11,0
2025-02-05 15:15,78279.03,78283.65,78271.25,78271.28,0
2025-02-06 09:15,78504.45,78529.58,78064.92,78078.06,0
2025-02-06 10:15,78078.71,78144.39,77968.43,78006.04,0
2025-02-06 11:15,78006.31,78042.09,77926.58,78032.81,0
2025-02-06 12:15,78035.75,78061.34,77877.67,77898.12,0
2025-02-06 13:15,77898.57,77966.46,77845.88,77899.93,0
2025-02-06 14:15,77896.92,78068.01,77845.45,78021.11,0
2025-02-06 15:15,78020.65,78058.14,78008.29,78058.14,0
2025-02-07 09:15,78119.6,78332.13,77951.17,78109.74,0
2025-02-07 10:15,78110.46,78143.08,77730.4,78072.45,0
2025-02-07 11:15,78069.04,78304.65,77910.72,77915.33,0
2025-02-07 12:15,77909.46,78021.73,77791.82,77818.52,0
2025-02-07 13:15,77818.52,77936.94,77497.04,77529.12,0
2025-02-07 14:15,77528.93,77903.72,77475.74,77896.11,0
2025-02-07 15:15,77895.72,77895.72,77785.83,77860.0,0
2025-02-10 09:15,77840.83,77840.83,77217.16,77248.35,0
2025-02-10 10:15,77244.43,77365.91,77189.04,77341.89,0
2025-02-10 11:15,77343.24,77368.21,77156.3,77174.59,0
2025-02-10 12:15,77174.19,77244.69,77158.06,77192.61,0
2025-02-10 13:15,77193.48,77282.28,77106.98,77147.72,0
2025-02-10 14:15,77147.72,77398.46,77118.49,77334.6,0
2025-02-10 15:15,77335.6,77335.6,77311.35,77311.8,0
2025-02-11 09:15,77290.3,77338.9,76959.12,76972.73,0
2025-02-11 10:15,76970.5,77037.44,76909.14,77001.24,0
2025-02-11 11:15,77001.73,77070.81,76907.65,76921.81,0
2025-02-11 12:15,76922.12,76935.05,76178.79,76189.54,0
2025-02-11 13:15,76188.34,76400.9,76033.53,76250.96,0
2025-02-11 14:15,76251.63,76475.32,76103.53,76302.33,0
2025-02-11 15:15,76302.17,76302.17,76280.26,76293.6,0
2025-02-12 09:15,76373.26,76373.26,75431.28,75493.03,0
2025-02-12 10:15,75495.44,75842.87,75394.65,75770.89,0
2025-02-12 11:15,75768.59,76260.6,75662.14,76126.27,0
2025-02-12 12:15,76126.66,76369.91,75982.62,76342.45,0
2025-02-12 13:15,76342.45,76459.72,75926.0,76051.8,0
2025-02-12 14:15,76042.77,76230.19,75900.34,76196.6,0
2025-02-12 15:15,76195.13,76195.13,76136.27,76171.25,0
2025-02-13 09:15,76207.44,76626.82,76014.78,76571.44,0
2025-02-13 10:15,76571.64,76687.64,76462.35,76583.48,0
2025-02-13 11:15,76587.66,76764.53,76580.23,76649.01,0
2025-02-13 12:15,76650.15,76681.37,76516.78,76518.06,0
2025-02-13 13:15,76513.65,76586.74,76143.21,76218.22,0
2025-02-13 14:15,76218.64,76263.41,76044.26,76144.64,0
2025-02-13 15:15,76143.4,76151.0,76138.97,76138.97,0
2025-02-14 09:15,76371.33,76480.46,76111.75,76261.93,0
2025-02-14 10:15,76265.1,76383.91,75588.86,75774.4,0
2025-02-14 11:15,75770.8,75874.85,75531.26,75604.75,0
2025-02-14 12:15,75606.39,75714.64,75440.21,75546.39,0
2025-02-14 13:15,75545.77,75671.16,75470.79,75543.99,0
2025-02-14 14:15,75545.17,76059.85,75545.17,75971.37,0
2025-02-14 15:15,75970.38,75979.24,75939.33,75939.33,0
2025-02-17 09:15,75596.46,75729.11,75295.2,75409.04,0
2025-02-17 10:15,75408.16,75893.38,75364.69,75531.76,0
2025-02-17 11:15,75530.42,75795.12,75518.23,75592.72,0
2025-02-17 12:15,75595.44,75819.44,75512.58,75650.61,0
2025-02-17 13:15,75650.61,76023.73,75621.44,75775.82,0
2025-02-17 14:15,75773.78,76019.49,75764.85,76014.87,0
2025-02-17 15:15,76013.58,76013.58,75986.16,75996.88,0
2025-02-18 09:15,76028.84,76091.69,75778.98,75846.42,0
2025-02-18 10:15,75844.86,75880.06,75531.01,75564.5,0
2025-02-18 11:15,75564.57,75836.27,75544.81,75732.54,0
2025-02-18 12:15,75732.19,75894.91,75685.71,75788.09,0
2025-02-18 13:15,75788.66,75981.67,75788.46,75921.68,0
2025-02-18 14:15,75925.0,76076.11,75900.12,76007.93,0
2025-02-18 15:15,76010.86,76015.9,75967.39,75967.39,0
2025-02-19 09:15,75678.17,76145.83,75582.25,76112.24,0
2025-02-19 10:15,76119.84,76337.83,75950.32,76103.0,0
2025-02-19 11:15,76103.62,76232.15,76033.6,76205.04,0
2025-02-19 12:15,76205.58,76265.35,75917.27,75997.39,0
2025-02-19 13:15,75996.88,76044.95,75927.18,75999.47,0
2025-02-19 14:15,75999.47,76004.92,75716.09,75965.8,0
2025-02-19 15:15,75967.47,75967.47,75939.13,75939.21,0
2025-02-20 09:15,75672.84,75740.98,75463.36,75645.59,0
2025-02-20 10:15,75651.26,75785.27,75644.63,75782.42,0
2025-02-20 11:15,75780.08,75794.15,75680.77,75715.91,0
2025-02-20 12:15,75711.42,75763.64,75650.79,75671.37,0
2025-02-20 13:15,75671.37,75769.95,75657.26,75681.06,0
2025-02-20 14:15,75681.03,75770.11,75681.03,75742.28,0
2025-02-20 15:15,75744.47,75744.47,75728.76,75735.99,0
2025-02-21 09:15,75544.29,75748.72,75271.58,75274.87,0
2025-02-21 10:15,75272.15,75368.83,75176.58,75261.22,0
2025-02-21 11:15,75260.38,75404.82,75198.6,75296.99,0
2025-02-21 12:15,75295.83,75422.73,75223.37,75281.47,0
2025-02-21 13:15,75281.01,75296.93,75112.78,75283.75,0
2025-02-21 14:15,75284.6,75392.13,75199.41,75379.28,0
2025-02-21 15:15,75379.01,75379.01,75311.06,75311.06,0
2025-02-24 09:15,74840.97,74900.28,74542.21,74582.74,0
2025-02-24 10:15,74581.75,74603.83,74493.97,74559.91,0
2025-02-24 11:15,74559.17,74698.62,74508.97,74518.84,0
2025-02-24 12:15,74518.84,74602.18,74496.07,74549.03,0
2025-02-24 13:15,74549.22,74570.99,74387.44,74445.72,0
2025-02-24 14:15,74445.63,74596.14,74411.46,74468.96,0
2025-02-24 15:15,74469.88,74477.1,74454.08,74454.41,0
2025-02-25 09:15,74458.97,74784.15,74451.77,74723.47,0
2025-02-25 10:15,74724.36,74735.45,74591.76,74624.33,0
2025-02-25 11:15,74624.73,74683.96,74563.42,74670.62,0
2025-02-25 12:15,74670.3,74723.76,74617.86,74714.91,0
2025-02-25 13:15,74714.14,74735.77,74656.13,74686.17,0
2025-02-25 14:15,74686.54,74703.57,74563.79,74582.99,0
2025-02-25 15:15,74584.67,74621.48,74584.67,74602.21,0
2025-02-27 09:15,74708.24,74827.99,74558.18,74609.27,0
2025-02-27 10:15,74618.18,74676.86,74557.38,74627.51,0
2025-02-27 11:15,74628.63,74655.02,74572.2,74607.49,0
2025-02-27 12:15,74606.41,74636.98,74570.05,74598.02,0
2025-02-27 13:15,74597.37,74674.12,74589.14,74663.59,0
2025-02-27 14:15,74664.22,74688.54,74597.02,74602.79,0
2025-02-27 15:15,74610.61,74640.57,74610.61,74612.46,0
2025-02-28 09:15,74248.11,74248.11,73580.23,73705.67,0
2025-02-28 10:15,73709.79,73799.14,73609.45,73644.42,0
2025-02-28 11:15,73643.37,73734.35,73540.3,73565.66,0
2025-02-28 12:15,73565.5,73664.68,73160.87,73233.43,0
2025-02-28 13:15,73234.15,73324.37,73177.31,73259.9,0
2025-02-28 14:15,73257.17,73425.48,73211.46,73250.74,0
2025-02-28 15:15,73249.83,73251.26,73197.48,73198.01,0
2025-03-03 09:15,73434.82,73648.16,72797.54,72834.0,0
2025-03-03 10:15,72832.54,73055.64,72784.88,72866.49,0
2025-03-03 11:15,72858.23,72969.82,72784.8,72969.7,0
2025-03-03 12:15,72969.7,73224.51,72918.29,73216.64,0
2025-03-03 13:15,73217.34,73284.87,72939.38,73098.18,0
2025-03-03 14:15,73096.6,73195.5,73026.73,73100.74,0
2025-03-03 15:15,73080.74,73085.93,73070.79,73085.93,0
2025-03-04 09:15,72725.54,73008.18,72640.13,72875.11,0
2025-03-04 10:15,72875.44,73029.84,72838.38,72974.2,0
2025-03-04 11:15,72974.2,72989.15,72871.64,72917.95,0
2025-03-04 12:15,72918.4,72957.84,72844.96,72913.84,0
2025-03-04 13:15,72913.84,73027.98,72863.2,72978.29,0
2025-03-04 14:15,72979.36,73032.91,72946.81,72996.46,0
2025-03-04 15:15,72993.49,73003.48,72989.88,72989.93,0
2025-03-05 09:15,72905.6,73575.53,72905.6,73456.87,0
2025-03-05 10:15,73460.56,73608.31,73365.18,73579.64,0
2025-03-05 11:15,73580.9,73848.49,73563.78,73802.86,0
2025-03-05 12:15,73810.18,73933.47,73746.83,73787.63,0
2025-03-05 13:15,73787.63,73824.46,73629.06,73694.47,0
2025-03-05 14:15,73695.77,73770.44,73580.74,73718.17,0
2025-03-05 15:15,73716.93,73732.18,73716.93,73730.21,0
2025-03-06 09:15,74306.18,74306.18,73415.68,73702.91,0
2025-03-06 10:15,73703.75,74052.54,73680.22,74023.55,0
2025-03-06 11:15,74023.55,74026.39,73663.71,73924.46,0
2025-03-06 12:15,73924.41,74139.54,73919.34,74083.69,0
2025-03-06 13:15,74083.42,74259.89,74042.09,74236.23,0
2025-03-06 14:15,74236.16,74390.4,74165.77,74375.14,0
2025-03-06 15:15,74376.13,74376.13,74338.12,74340.09,0
2025-03-07 09:15,74347.14,74483.45,74040.09,74482.7,0
2025-03-07 10:15,74485.89,74562.01,74374.06,74540.48,0
2025-03-07 11:15,74537.67,74586.12,74224.62,74250.76,0
2025-03-07 12:15,74251.14,74431.48,74198.55,74304.84,0
2025-03-07 13:15,74304.39,74413.92,74245.73,74351.47,0
2025-03-07 14:15,74351.39,74516.11,74345.2,74360.89,0
2025-03-07 15:15,74361.0,74392.23,74331.74,74332.58,0
2025-03-10 09:15,74419.07,74741.25,74173.52,74602.64,0
2025-03-10 10:15,74602.41,74683.79,74531.05,74571.04,0
2025-03-10 11:15,74569.38,74646.07,74470.8,74482.87,0
2025-03-10 12:15,74482.74,74590.53,74430.53,74553.04,0
2025-03-10 13:15,74553.04,74560.36,74339.86,74409.11,0
2025-03-10 14:15,74413.54,74413.54,74032.62,74188.26,0
2025-03-10 15:15,74188.26,74188.26,74115.05,74115.05,0
2025-03-11 09:15,73715.37,73924.57,73663.71,73924.57,0
2025-03-11 10:15,73923.4,74095.36,73823.28,73990.8,0
2025-03-11 11:15,73992.5,73998.81,73887.18,73926.05,0
2025-03-11 12:15,73928.35,74044.43,73903.28,73997.97,0
2025-03-11 13:15,73997.38,74172.73,73982.44,74140.88,0
2025-03-11 14:15,74138.94,74178.4,74026.8,74118.17,0
2025-03-11 15:15,74101.69,74102.32,74099.34,74102.32,0
2025-03-12 09:15,74289.07,74390.88,73885.69,73885.72,0
2025-03-12 10:15,73885.36,74012.63,73814.84,73883.36,0
2025-03-12 11:15,73882.41,73890.25,73599.16,73707.56,0
2025-03-12 12:15,73705.25,73829.16,73618.65,73823.37,0
2025-03-12 13:15,73823.43,73952.95,73792.37,73944.92,0
2025-03-12 14:15,73942.25,74128.77,73937.3,74048.29,0
2025-03-12 15:15,74048.93,74067.01,74027.56,74029.76,0
2025-03-13 09:15,74335.22,74339.2,74046.65,74291.17,0
2025-03-13 10:15,74290.72,74349.41,74099.42,74254.35,0
2025-03-13 11:15,74254.29,74254.68,73898.1,73997.25,0
2025-03-13 12:15,73997.25,74063.58,73944.93,73962.19,0
2025-03-13 13:15,73961.99,74032.63,73930.76,73952.95,0
2025-03-13 14:15,73952.95,73958.29,73770.68,73854.2,0
2025-03-13 15:15,73853.86,73853.86,73814.78,73829.26,0
2025-03-17 09:15,73817.08,74376.32,73817.08,74229.06,0
2025-03-17 10:15,74229.51,74229.51,74039.16,74115.38,0
2025-03-17 11:15,74115.38,74251.8,74077.91,74194.83,0
2025-03-17 12:15,74194.83,74194.83,73975.16,74052.08,0
2025-03-17 13:15,74052.13,74233.96,74048.11,74218.03,0
2025-03-17 14:15,74218.03,74237.35,74089.02,74158.52,0
2025-03-17 15:15,74161.34,74171.19,74161.34,74169.95,0
2025-03-18 09:15,74648.23,74997.09,74482.14,74972.4,0
2025-03-18 10:15,74975.29,75071.38,74926.23,75028.02,0
2025-03-18 11:15,75028.73,75093.43,74968.02,75061.31,0
2025-03-18 12:15,75060.11,75062.0,74796.66,75002.29,0
2025-03-18 13:15,75003.17,75134.68,75002.59,75061.01,0
2025-03-18 14:15,75061.01,75331.51,75026.81,75316.59,0
2025-03-18 15:15,75314.14,75314.14,75270.61,75301.26,0
2025-03-19 09:15,75418.06,75439.4,75203.17,75368.38,0
2025-03-19 10:15,75368.38,75512.07,75366.12,75475.73,0
2025-03-19 11:15,75482.52,75486.12,75377.6,75416.57,0
2025-03-19 12:15,75416.57,75568.2,75397.32,75462.03,0
2025-03-19 13:15,75462.03,75529.24,75433.57,75460.67,0
2025-03-19 14:15,75460.93,75557.82,75440.6,75455.22,0
2025-03-19 15:15,75453.45,75475.11,75447.69,75449.04,0
2025-03-20 09:15,75890.01,76013.82,75684.85,75728.65,0
2025-03-20 10:15,75725.26,75957.61,75710.66,75949.16,0
2025-03-20 11:15,75949.16,75965.09,75879.57,75964.45,0
2025-03-20 12:15,75965.33,76190.4,75950.88,76184.55,0
2025-03-20 13:15,76184.55,76416.38,76156.91,76348.74,0
2025-03-20 14:15,76342.98,76455.09,76309.88,76359.72,0
2025-03-20 15:15,76357.96,76385.68,76348.06,76348.06,0
2025-03-21 09:15,76155.0,76616.32,76102.98,76547.38,0
2025-03-21 10:15,76549.76,76893.83,76512.94,76831.54,0
2025-03-21 11:15,76831.54,76963.3,76800.48,76919.92,0
2025-03-21 12:15,76919.92,77041.2,76900.19,76955.53,0
2025-03-21 13:15,76954.27,76991.55,76627.72,76798.45,0
2025-03-21 14:15,76798.81,76950.05,76794.96,76911.66,0
2025-03-21 15:15,76866.82,76905.35,76866.02,76905.35,0
2025-03-24 09:15,77364.83,77583.96,77181.19,77556.45,0
2025-03-24 10:15,77553.56,77874.28,77521.05,77804.97,0
2025-03-24 11:15,77805.43,77895.83,77680.34,77858.92,0
2025-03-24 12:15,77858.62,77943.77,77808.7,77932.18,0
2025-03-24 13:15,77935.98,78045.68,77841.38,78036.35,0
2025-03-24 14:15,78037.91,78106.69,77876.26,77960.61,0
2025-03-24 15:15,77965.13,77984.41,77935.69,77984.38,0
2025-03-25 09:15,78246.17,78741.25,78088.55,78430.32,0
2025-03-25 10:15,78429.79,78589.28,78006.63,78147.2,0
2025-03-25 11:15,78147.2,78235.43,77912.54,78087.52,0
2025-03-25 12:15,78085.09,78114.41,77971.19,77990.46,0
2025-03-25 13:15,77987.85,78196.31,77881.74,78192.93,0
2025-03-25 14:15,78193.33,78216.13,77938.98,77968.05,0
2025-03-25 15:15,77968.42,78046.71,77968.42,78017.25,0
2025-03-26 09:15,78066.47,78164.08,77784.23,77985.51,0
2025-03-26 10:15,77991.19,78105.68,77786.5,77872.88,0
2025-03-26 11:15,77874.8,77938.06,77619.28,77695.04,0
2025-03-26 12:15,77697.22,77822.16,77536.51,77577.04,0
2025-03-26 13:15,77574.58,77577.21,77345.61,77503.74,0
2025-03-26 14:15,77503.76,77537.39,77194.88,77366.46,0
2025-03-26 15:15,77314.99,77316.66,77288.48,77288.48,0
2025-03-27 09:15,77169.92,77746.86,77106.05,77678.05,0
2025-03-27 10:15,77680.73,77745.97,77557.68,77690.9,0
2025-03-27 11:15,77695.39,77724.37,77589.98,77642.46,0
2025-03-27 12:15,77643.36,77666.21,77567.78,77625.67,0
2025-03-27 13:15,77624.01,77709.27,77601.35,77659.84,0
2025-03-27 14:15,77660.9,77709.52,77591.78,77614.57,0
2025-03-27 15:15,77614.11,77640.74,77605.79,77606.42,0
2025-03-28 09:15,77689.3,77717.81,77311.34,77358.66,0
2025-03-28 10:15,77358.06,77766.5,77342.22,77554.69,0
2025-03-28 11:15,77554.36,77624.29,77481.87,77591.04,0
2025-03-28 12:15,77591.04,77600.16,77202.76,77291.96,0
2025-03-28 13:15,77293.44,77428.03,77185.79,77359.0,0
2025-03-28 14:15,77360.2,77707.49,77351.66,77511.1,0
2025-03-28 15:15,77509.1,77509.1,77415.05,77415.05,0
2025-04-01 09:15,76851.5,77485.41,76827.8,77057.72,0
2025-04-01 10:15,77060.71,77147.94,76222.43,76284.04,0
2025-04-01 11:15,76288.05,76378.32,76085.45,76169.31,0
2025-04-01 12:15,76174.1,76312.65,76065.95,76127.73,0
2025-04-01 13:15,76128.98,76130.8,75913.15,76026.31,0
2025-04-01 14:15,76027.26,76080.29,75961.91,76062.47,0
2025-04-01 15:15,76068.24,76068.24,76006.21,76024.51,0
2025-04-02 09:15,76215.71,76497.66,76065.44,76371.58,0
2025-04-02 10:15,76371.58,76567.02,76332.52,76508.34,0
2025-04-02 11:15,76508.56,76520.59,76379.75,76469.89,0
2025-04-02 12:15,76469.6,76525.94,76337.65,76471.88,0
2025-04-02 13:15,76471.88,76534.74,76383.61,76439.58,0
2025-04-02 14:15,76439.61,76680.35,76432.29,76635.3,0
2025-04-02 15:15,76634.26,76634.26,76616.43,76617.84,0
2025-04-03 09:15,76053.46,76423.82,76034.23,76418.51,0
2025-04-03 10:15,76418.13,76493.63,76330.55,76401.47,0
2025-04-03 11:15,76395.82,76437.52,76305.67,76370.41,0
2025-04-03 12:15,76369.2,76385.58,76281.85,76313.65,0
2025-04-03 13:15,76313.65,76376.01,76290.36,76293.93,0
2025-04-03 14:15,76297.69,76343.71,76257.59,76319.2,0
2025-04-03 15:15,76299.29,76300.22,76291.09,76295.47,0
2025-04-04 09:15,76158.39,76229.69,75490.49,75496.56,0
2025-04-04 10:15,75505.67,75743.52,75438.19,75691.2,0
2025-04-04 11:15,75689.04,75724.89,75484.92,75538.4,0
2025-04-04 12:15,75538.4,75621.06,75470.79,75481.97,0
2025-04-04 13:15,75481.81,75578.19,75286.93,75397.09,0
2025-04-04 14:15,75395.11,75430.84,75241.66,75407.79,0
2025-04-04 15:15,75360.23,75364.31,75360.23,75364.31,0
2025-04-07 09:15,71893.66,73144.63,71893.66,72313.81,0
2025-04-07 10:15,72315.0,72825.31,72284.03,72484.78,0
2025-04-07 11:15,72483.31,72759.8,72212.8,72219.7,0
2025-04-07 12:15,72220.35,72385.75,71950.77,72138.93,0
2025-04-07 13:15,72133.11,72679.53,71980.41,72562.99,0
2025-04-07 14:15,72563.43,73284.22,72505.37,73180.05,0
2025-04-07 15:15,73187.51,73187.51,73049.34,73137.94,0
2025-04-08 09:15,74261.08,74409.69,73797.8,73830.46,0
2025-04-08 10:15,73829.27,74138.3,73427.61,74002.74,0
2025-04-08 11:15,73998.75,74382.64,73558.75,74382.64,0
2025-04-08 12:15,74387.05,74805.83,74246.56,74777.25,0
2025-04-08 13:15,74777.54,74859.39,74028.97,74496.56,0
2025-04-08 14:15,74496.65,74690.64,74190.97,74206.99,0
2025-04-08 15:15,74210.64,74241.33,74210.64,74227.04,0
2025-04-09 09:15,73977.69,74092.95,73679.91,73792.06,0
2025-04-09 10:15,73792.31,73962.58,73728.29,73763.95,0
2025-04-09 11:15,73763.95,73922.34,73756.39,73901.0,0
2025-04-09 12:15,73902.96,73957.04,73844.11,73925.27,0
2025-04-09 13:15,73927.73,73928.97,73810.34,73844.74,0
2025-04-09 14:15,73843.83,73880.09,73808.36,73862.99,0
2025-04-09 15:15,73861.27,73861.27,73843.2,73847.29,0
2025-04-11 09:15,74799.16,75316.61,74797.73,75180.26,0
2025-04-11 10:15,75180.89,75227.09,74878.55,75185.64,0
2025-04-11 11:15,75191.47,75413.38,75143.81,75408.34,0
2025-04-11 12:15,75410.64,75467.33,75292.05,75395.31,0
2025-04-11 13:15,75390.41,75399.83,74954.84,74989.06,0
2025-04-11 14:15,74988.61,75196.56,74924.7,75143.19,0
2025-04-11 15:15,75143.64,75164.25,75143.64,75157.26,0
2025-04-15 09:15,76814.13,76814.13,76449.56,76756.21,0
2025-04-15 10:15,76752.43,76781.17,76674.81,76692.12,0
2025-04-15 11:15,76693.09,76808.02,76683.55,76797.33,0
2025-04-15 12:15,76797.74,76857.05,76785.6,76816.98,0
2025-04-15 13:15,76817.47,76822.83,76723.74,76750.54,0
2025-04-15 14:15,76752.34,76770.49,76679.61,76713.82,0
2025-04-15 15:15,76702.59,76735.06,76701.79,76734.89,0
2025-04-16 09:15,76846.8,76872.77,76571.74,76801.61,0
2025-04-16 10:15,76801.16,76805.5,76544.07,76672.38,0
2025-04-16 11:15,76674.09,76773.19,76665.23,76761.17,0
2025-04-16 12:15,76761.89,76818.43,76718.51,76790.1,0
2025-04-16 13:15,76790.1,77028.22,76578.15,77025.39,0
2025-04-16 14:15,77026.07,77058.97,76930.43,77015.5,0
2025-04-16 15:15,77015.18,77044.95,77015.18,77044.44,0
2025-04-17 09:15,76968.02,77099.1,76666.08,76862.24,0
2025-04-17 10:15,76862.75,77131.85,76837.71,77094.94,0
2025-04-17 11:15,77095.12,77782.99,77089.26,77774.29,0
2025-04-17 12:15,77769.42,78323.58,77736.36,78323.58,0
2025-04-17 13:15,78331.42,78613.59,78252.51,78511.56,0
2025-04-17 14:15,78512.0,78616.77,78348.63,78535.84,0
2025-04-17 15:15,78538.58,78555.33,78538.58,78553.2,0
2025-04-21 09:15,78831.1,79260.32,78812.42,79161.36,0
2025-04-21 10:15,79160.52,79376.44,79049.11,79369.89,0
2025-04-21 11:15,79367.67,79489.67,79326.12,79483.77,0
2025-04-21 12:15,79478.48,79634.96,79465.65,79579.89,0
2025-04-21 13:15,79578.9,79589.77,79358.91,79470.49,0
2025-04-21 14:15,79470.69,79509.84,79354.73,79371.79,0
2025-04-21 15:15,79373.06,79409.28,79373.06,79408.5,0
2025-04-22 09:15,79677.87,79692.26,79255.34,79671.38,0
2025-04-22 10:15,79672.16,79824.12,79657.72,79772.98,0
2025-04-22 11:15,79775.17,79786.25,79569.1,79676.55,0
2025-04-22 12:15,79676.55,79677.72,79565.8,79624.37,0
2025-04-22 13:15,79617.96,79679.75,79577.68,79603.16,0
2025-04-22 14:15,79599.89,79638.65,79504.21,79578.91,0
2025-04-22 15:15,79605.41,79605.41,79590.08,79595.66,0
2025-04-23 09:15,80246.71,80246.71,79718.9,79718.9,0
2025-04-23 10:15,79717.42,79884.03,79507.26,79708.13,0
2025-04-23 11:15,79708.26,79906.31,79685.58,79805.95,0
2025-04-23 12:15,79803.52,79931.73,79737.01,79841.55,0
2025-04-23 13:15,79844.47,80051.93,79805.43,80048.21,0
2025-04-23 14:15,80044.29,80163.57,79977.69,80156.02,0
2025-04-23 15:15,80151.45,80151.45,80117.11,80117.11,0
2025-04-24 09:15,79954.97,80169.89,79829.25,80017.6,0
2025-04-24 10:15,80016.4,80050.37,79888.83,79945.57,0
2025-04-24 11:15,79944.17,79953.27,79835.51,79840.29,0
2025-04-24 12:15,79845.33,79887.86,79793.21,79858.68,0
2025-04-24 13:15,79858.72,79875.12,79793.77,79830.81,0
2025-04-24 14:15,79832.95,79876.03,79725.21,79811.99,0
2025-04-24 15:15,79807.38,79807.38,79788.61,79801.43,0
2025-04-25 09:15,79807.11,80130.66,78906.96,79168.74,0
2025-04-25 10:15,79166.14,79190.86,78793.41,78886.36,0
2025-04-25 11:15,78886.65,78910.75,78607.2,78870.89,0
2025-04-25 12:15,78868.51,79265.07,78822.0,79204.94,0
2025-04-25 13:15,79205.89,79570.6,79168.11,79310.89,0
2025-04-25 14:15,79313.95,79513.54,79210.19,79265.62,0
2025-04-25 15:15,79265.53,79296.89,79212.83,79212.83,0
2025-04-28 09:15,79374.33,80061.88,79373.68,80051.16,0
2025-04-28 10:15,80054.25,80088.89,79885.85,79917.7,0
2025-04-28 11:15,79920.97,80116.11,79856.06,80103.95,0
2025-04-28 12:15,80103.06,80310.34,80099.41,80273.76,0
2025-04-28 13:15,80272.9,80321.88,80210.43,80299.14,0
2025-04-28 14:15,80300.07,80313.16,80022.54,80215.3,0
2025-04-28 15:15,80212.05,80225.9,80212.05,80218.37,0
2025-04-29 09:15,80385.99,80658.5,80122.78,80309.83,0
2025-04-29 10:15,80308.14,80399.57,80192.63,80349.39,0
2025-04-29 11:15,80349.36,80368.42,80201.45,80242.33,0
2025-04-29 12:15,80243.78,80432.6,80204.48,80393.08,0
2025-04-29 13:15,80392.52,80448.32,80335.53,80410.14,0
2025-04-29 14:15,80412.9,80416.64,80287.07,80301.36,0
2025-04-29 15:15,80295.98,80309.89,80282.28,80288.38,0
2025-04-30 09:15,80252.31,80478.33,80063.82,80354.1,0
2025-04-30 10:15,80353.19,80374.61,80127.05,80254.6,0
2025-04-30 11:15,80254.69,80391.2,80211.98,80322.03,0
2025-04-30 12:15,80324.52,80400.96,80284.59,80312.35,0
2025-04-30 13:15,80313.86,80384.4,80287.0,80354.6,0
2025-04-30 14:15,80354.85,80525.01,80304.74,80351.47,0
2025-04-30 15:15,80357.0,80456.86,80242.26,80242.26,0
2025-05-02 09:15,80301.82,81177.93,80266.41,81157.71,0
2025-05-02 10:15,81163.64,81173.84,80631.33,80685.25,0
2025-05-02 11:15,80687.9,80767.04,80380.42,80405.84,0
2025-05-02 12:15,80405.98,80409.98,80169.11,80353.68,0
2025-05-02 13:15,80353.68,80701.09,80353.68,80574.54,0
2025-05-02 14:15,80574.54,80658.31,80331.72,80582.25,0
2025-05-02 15:15,80579.11,80579.11,80501.99,80501.99,0
2025-05-05 09:15,80779.65,81009.64,80675.79,80886.6,0
2025-05-05 10:15,80886.65,81049.03,80818.91,80896.37,0
2025-05-05 11:15,80896.92,80921.3,80665.27,80745.04,0
2025-05-05 12:15,80744.17,80849.04,80690.09,80749.25,0
2025-05-05 13:15,80748.09,80891.05,80719.12,80839.68,0
2025-05-05 14:15,80839.68,80912.76,80757.16,80772.59,0
2025-05-05 15:15,80771.6,80800.9,80771.6,80796.84,0
2025-05-06 09:15,80933.37,80964.93,80549.66,80565.98,0
2025-05-06 10:15,80563.87,80619.23,80518.57,80580.25,0
2025-05-06 11:15,80580.97,80637.84,80510.28,80592.42,0
2025-05-06 12:15,80594.06,80626.0,80547.83,80577.17,0
2025-05-06 13:15,80577.17,80685.06,80565.47,80627.92,0
2025-05-06 14:15,80631.06,80715.95,80576.36,80666.14,0
2025-05-06 15:15,80665.6,80683.24,80641.07,80641.07,0
2025-05-07 09:15,80031.58,80843.0,80031.58,80410.34,0
2025-05-07 10:15,80410.01,80610.14,80357.81,80589.96,0
2025-05-07 11:15,80588.79,80785.49,80529.75,80599.9,0
2025-05-07 12:15,80599.9,80665.08,80531.47,80553.36,0
2025-05-07 13:15,80554.36,80759.76,80504.33,80710.89,0
2025-05-07 14:15,80711.77,80775.61,80598.74,80725.25,0
2025-05-07 15:15,80726.76,80753.02,80726.76,80746.78,0
2025-05-08 09:15,80912.34,80912.34,80657.59,80724.95,0
2025-05-08 10:15,80725.04,80811.58,80685.2,80777.01,0
2025-05-08 11:15,80776.92,80828.79,80769.04,80802.84,0
2025-05-08 12:15,80802.03,80824.93,80737.71,80748.87,0
2025-05-08 13:15,80748.87,80749.16,80542.58,80544.79,0
2025-05-08 14:15,80545.37,80680.84,80293.06,80511.74,0
2025-05-08 15:15,80513.7,80513.7,80336.36,80336.36,0
2025-05-09 09:15,79382.73,80030.38,79352.17,79658.57,0
2025-05-09 10:15,79660.92,79772.34,79409.32,79533.57,0
2025-05-09 11:15,79533.57,79867.81,79495.18,79597.1,0
2025-05-09 12:15,79596.4,79613.9,79432.58,79476.96,0
2025-05-09 13:15,79472.29,79517.84,79334.44,79432.19,0
2025-05-09 14:15,79432.19,79523.2,79299.82,79419.46,0
2025-05-09 15:15,79417.99,79454.6,79416.44,79454.44,0
2025-05-12 09:15,80658.0,81829.75,80658.0,81659.13,0
2025-05-12 10:15,81648.08,81763.71,81580.34,81694.26,0
2025-05-12 11:15,81690.57,81823.56,81663.45,81739.41,0
2025-05-12 12:15,81740.07,82021.97,81642.82,81973.72,0
2025-05-12 13:15,81973.57,82216.68,81962.34,82216.68,0
2025-05-12 14:15,82216.71,82418.65,82173.73,82348.86,0
2025-05-12 15:15,82349.63,82432.69,82349.63,82429.92,0
2025-05-13 09:15,82151.69,82566.57,81473.13,81803.88,0
2025-05-13 10:15,81802.79,82101.5,81338.83,81692.31,0
2025-05-13 11:15,81692.81,81987.2,81521.97,81719.43,0
2025-05-13 12:15,81719.43,81753.45,81171.45,81268.84,0
2025-05-13 13:15,81268.81,81300.38,81138.78,81172.44,0
2025-05-13 14:15,81172.92,81324.57,81086.59,81096.47,0
2025-05-13 15:15,81162.17,81162.17,81146.83,81148.22,0
2025-05-14 09:15,81262.01,81663.38,81195.12,81639.91,0
2025-05-14 10:15,81641.61,81691.08,81418.46,81465.56,0
2025-05-14 11:15,81463.96,81526.93,81248.24,81379.94,0
2025-05-14 12:15,81378.72,81378.72,80910.21,81226.38,0
2025-05-14 13:15,81225.35,81298.93,81080.56,81155.05,0
2025-05-14 14:15,81155.7,81374.06,81033.9,81337.54,0
2025-05-14 15:15,81312.52,81330.46,81306.73,81330.46,0
2025-05-15 09:15,81408.56,81408.56,80763.44,80943.6,0
2025-05-15 10:15,80940.32,81689.55,80859.71,81112.87,0
2025-05-15 11:15,81107.92,81370.01,81059.69,81226.24,0
2025-05-15 12:15,81225.64,81978.34,81131.83,81977.51,0
2025-05-15 13:15,81977.11,82709.21,81874.22,82689.65,0
2025-05-15 14:15,82691.91,82718.14,82486.53,82525.42,0
2025-05-15 15:15,82522.04,82564.16,82522.04,82530.74,0
2025-05-16 09:15,82373.57,82512.15,82201.49,82293.74,0
2025-05-16 10:15,82294.93,82415.21,82148.24,82199.88,0
2025-05-16 11:15,82200.83,82286.36,82146.95,82208.97,0
2025-05-16 12:15,82208.97,82331.4,82189.95,82298.04,0
2025-05-16 13:15,82295.55,82390.0,82267.45,82337.48,0
2025-05-16 14:15,82339.64,82399.43,82270.57,82354.28,0
2025-05-16 15:15,82353.63,82365.02,82330.46,82330.63,0
2025-05-19 09:15,82344.68,82380.08,82122.61,82344.41,0
2025-05-19 10:15,82346.78,82423.96,82217.1,82312.52,0
2025-05-19 11:15,82314.05,82379.52,82150.33,82215.0,0
2025-05-19 12:15,82196.74,82298.89,82157.61,82174.68,0
2025-05-19 13:15,82172.13,82242.39,81966.81,82018.63,0
2025-05-19 14:15,82019.37,82100.72,81970.84,82070.69,0
2025-05-19 15:15,82070.77,82072.97,82059.0,82059.47,0
2025-05-20 09:15,82248.64,82248.64,81804.42,81879.73,0
2025-05-20 10:15,81879.4,82089.41,81819.15,81921.86,0
2025-05-20 11:15,81921.68,81921.68,81701.66,81725.17,0
2025-05-20 12:15,81725.94,81804.83,81456.14,81491.89,0
2025-05-20 13:15,81492.61,81499.74,81315.13,81380.64,0
2025-05-20 14:15,81381.9,81403.6,81156.84,81241.9,0
2025-05-20 15:15,81247.21,81247.21,81181.74,81186.42,0
2025-05-21 09:15,81341.53,81786.25,81256.73,81767.73,0
2025-05-21 10:15,81769.93,82020.5,81769.38,81878.35,0
2025-05-21 11:15,81870.87,81913.35,81350.53,81361.76,0
2025-05-21 12:15,81361.05,81604.55,81238.68,81573.17,0
2025-05-21 13:15,81573.17,81685.9,81392.66,81540.61,0
2025-05-21 14:15,81542.48,81660.26,81510.45,81593.55,0
2025-05-21 15:15,81593.75,81618.4,81593.75,81596.72,0
2025-05-22 09:15,81256.64,81265.7,80727.61,80929.01,0
2025-05-22 10:15,80929.01,80987.27,80818.8,80886.93,0
2025-05-22 11:15,80887.16,80903.47,80710.22,80767.07,0
2025-05-22 12:15,80766.1,80784.47,80592.27,80679.41,0
2025-05-22 13:15,80681.13,80747.56,80629.37,80683.17,0
2025-05-22 14:15,80683.67,81031.75,80490.22,80927.43,0
2025-05-22 15:15,80927.19,80951.99,80923.58,80951.99,0
2025-05-23 09:15,81006.98,81624.27,80904.08,81592.82,0
2025-05-23 10:15,81591.46,81904.19,81375.52,81843.95,0
2025-05-23 11:15,81843.95,81895.74,81574.38,81636.66,0
2025-05-23 12:15,81636.9,81860.0,81628.51,81775.15,0
2025-05-23 13:15,81774.23,81852.8,81659.48,81756.54,0
2025-05-23 14:15,81758.88,81805.23,81609.59,81726.19,0
2025-05-23 15:15,81728.51,81728.51,81718.3,81721.15,0
2025-05-26 09:15,81912.91,82492.24,81887.78,82374.56,0
2025-05-26 10:15,82375.33,82396.52,81941.99,82139.35,0
2025-05-26 11:15,82139.08,82308.95,82078.34,82172.92,0
2025-05-26 12:15,82175.13,82247.33,82015.44,82116.42,0
2025-05-26 13:15,82116.42,82215.95,82051.86,82197.91,0
2025-05-26 14:15,82197.91,82233.08,82056.5,82209.4,0
2025-05-26 15:15,82196.75,82196.85,82176.17,82176.47,0
2025-05-27 09:15,82067.81,82067.81,81264.01,81409.08,0
2025-05-27 10:15,81407.54,82068.89,81311.74,81758.5,0
2025-05-27 11:15,81764.78,82407.63,81764.78,82023.66,0
2025-05-27 12:15,82023.66,82026.95,81426.8,81506.16,0
2025-05-27 13:15,81506.16,81711.67,81255.73,81311.17,0
2025-05-27 14:15,81311.31,81614.92,81121.7,81579.65,0
2025-05-27 15:15,81580.1,81580.1,81551.13,81551.63,0
2025-05-28 09:15,81593.33,81613.36,81264.15,81312.41,0
2025-05-28 10:15,81313.3,81460.31,81244.02,81346.89,0
2025-05-28 11:15,81347.29,81413.71,81295.49,81343.47,0
2025-05-28 12:15,81343.24,81545.74,81339.98,81445.33,0
2025-05-28 13:15,81445.33,81474.64,81361.95,81444.74,0
2025-05-28 14:15,81446.29,81475.17,81305.81,81317.55,0
2025-05-28 15:15,81315.81,81340.24,81308.18,81312.33,0
2025-05-29 09:15,81621.0,81815.53,81436.89,81489.07,0
2025-05-29 10:15,81485.62,81501.81,81237.99,81267.87,0
2025-05-29 11:15,81262.53,81315.01,81212.79,81268.98,0
2025-05-29 12:15,81265.77,81356.3,81107.25,81305.07,0
2025-05-29 13:15,81305.8,81368.98,81221.25,81243.32,0
2025-05-29 14:15,81243.32,81677.09,81225.4,81663.3,0
2025-05-29 15:15,81663.75,81663.75,81540.93,81633.02,0
2025-05-30 09:15,81465.69,81695.78,81419.15,81523.14,0
2025-05-30 10:15,81524.18,81524.18,81286.45,81384.31,0
2025-05-30 11:15,81384.31,81488.12,81306.78,81342.18,0
2025-05-30 12:15,81342.13,81446.38,81299.12,81416.89,0
2025-05-30 13:15,81416.89,81567.83,81386.17,81412.8,0
2025-05-30 14:15,81412.62,81524.06,81357.98,81442.39,0
2025-05-30 15:15,81440.24,81457.98,81440.24,81451.01,0
2025-06-02 09:15,81250.72,81250.72,80654.88,80840.89,0
2025-06-02 10:15,80837.99,81055.94,80755.36,80998.36,0
2025-06-02 11:15,81001.79,81169.77,80970.09,81154.11,0
2025-06-02 12:15,81155.75,81403.57,81155.63,81267.16,0
2025-06-02 13:15,81268.34,81387.34,81197.35,81253.43,0
2025-06-02 14:15,81256.8,81472.99,81100.6,81386.43,0
2025-06-02 15:15,81384.41,81419.46,81373.62,81373.75,0
2025-06-03 09:15,81562.51,81771.78,80952.02,81174.23,0
2025-06-03 10:15,81173.98,81563.15,80902.94,80913.75,0
2025-06-03 11:15,80910.64,81172.84,80846.55,80979.06,0
2025-06-03 12:15,80979.75,81109.16,80583.16,80748.54,0
2025-06-03 13:15,80755.02,80879.21,80641.58,80872.76,0
2025-06-03 14:15,80873.24,80961.54,80673.68,80716.51,0
2025-06-03 15:15,80710.32,80744.3,80710.32,80737.47,0
2025-06-04 09:15,80808.17,80967.68,80705.18,80850.34,0
2025-06-04 10:15,80849.14,80953.09,80826.51,80876.5,0
2025-06-04 11:15,80876.5,80967.59,80845.12,80960.39,0
2025-06-04 12:15,80960.75,81022.98,80890.65,80951.6,0
2025-06-04 13:15,80951.6,81045.05,80922.21,80994.48,0
2025-06-04 14:15,80994.48,81085.97,80972.37,81000.2,0
2025-06-04 15:15,81000.39,81039.89,80997.92,80998.36,0
2025-06-05 09:15,81200.93,81460.92,80983.88,81353.9,0
2025-06-05 10:15,81356.74,81378.82,81230.38,81282.52,0
2025-06-05 11:15,81282.52,81829.93,81281.27,81809.98,0
2025-06-05 12:15,81820.0,81910.36,81483.97,81498.64,0
2025-06-05 13:15,81498.71,81531.49,81246.7,81315.17,0
2025-06-05 14:15,81314.25,81514.6,81260.28,81415.14,0
2025-06-05 15:15,81416.16,81442.9,81390.35,81442.09,0
2025-06-06 09:15,81429.91,81607.34,81143.13,81379.94,0
2025-06-06 10:15,81384.98,82170.53,81348.64,82158.63,0
2025-06-06 11:15,82155.84,82299.42,82078.08,82169.27,0
2025-06-06 12:15,82169.93,82224.32,82087.62,82096.69,0
2025-06-06 13:15,82096.69,82193.91,82066.05,82165.9,0
2025-06-06 14:15,82165.9,82262.61,82118.83,82179.99,0
2025-06-06 15:15,82179.67,82191.78,82179.67,82188.99,0
2025-06-09 09:15,82636.9,82654.75,82437.45,82566.66,0
2025-06-09 10:15,82565.68,82614.47,82529.1,82545.22,0
2025-06-09 11:15,82541.1,82565.98,82471.11,82515.65,0
2025-06-09 12:15,82519.62,82566.54,82459.02,82486.19,0
2025-06-09 13:15,82486.19,82543.3,82409.45,82416.33,0
2025-06-09 14:15,82412.09,82460.52,82370.29,82451.16,0
2025-06-09 15:15,82448.6,82448.6,82434.43,82445.17,0
2025-06-10 09:15,82650.59,82656.55,82240.76,82543.87,0
2025-06-10 10:15,82542.89,82576.34,82362.78,82467.17,0
2025-06-10 11:15,82468.04,82530.25,82428.97,82474.38,0
2025-06-10 12:15,82474.03,82534.67,82439.31,82450.55,0
2025-06-10 13:15,82451.11,82518.08,82415.13,82470.04,0
2025-06-10 14:15,82470.91,82497.54,82315.25,82394.48,0
2025-06-10 15:15,82392.55,82392.77,82388.83,82391.72,0
2025-06-11 09:15,82460.19,82562.45,82311.38,82525.09,0
2025-06-11 10:15,82525.37,82669.63,82463.02,82636.26,0
2025-06-11 11:15,82636.88,82743.37,82629.48,82712.71,0
2025-06-11 12:15,82710.01,82782.13,82632.88,82719.51,0
2025-06-11 13:15,82720.11,82731.18,82417.69,82471.32,0
2025-06-11 14:15,82471.32,82567.52,82467.23,82529.47,0
2025-06-11 15:15,82532.87,82548.43,82515.13,82515.13,0
2025-06-12 09:15,82554.99,82659.52,82257.78,82351.27,0
2025-06-12 10:15,82351.27,82398.88,82172.17,82197.32,0
2025-06-12 11:15,82197.32,82325.12,82107.99,82183.3,0
2025-06-12 12:15,82184.25,82295.19,82120.28,82190.97,0
2025-06-12 13:15,82190.78,82202.12,81523.31,81573.98,0
2025-06-12 14:15,81573.98,81827.48,81573.98,81722.19,0
2025-06-12 15:15,81721.38,81754.69,81691.98,81691.98,0
2025-06-13 09:15,80413.17,80912.35,80413.17,80858.71,0
2025-06-13 10:15,80861.23,81036.59,80811.02,80929.3,0
2025-06-13 11:15,80929.3,81069.93,80876.88,81035.35,0
2025-06-13 12:15,81035.26,81149.45,81003.57,81038.74,0
2025-06-13 13:15,81039.4,81238.68,81025.66,81113.51,0
2025-06-13 14:15,81113.51,81147.0,80898.26,81135.33,0
2025-06-13 15:15,81135.43,81135.43,81087.13,81118.6,0
2025-06-16 09:15,81021.98,81408.83,81021.98,81265.23,0
2025-06-16 10:15,81263.02,81779.85,81255.09,81697.66,0
2025-06-16 11:15,81697.66,81763.05,81598.08,81718.07,0
2025-06-16 12:15,81717.47,81832.47,81615.12,81769.28,0
2025-06-16 13:15,81770.51,81865.46,81727.96,81854.02,0
2025-06-16 14:15,81855.94,81859.28,81712.49,81815.18,0
2025-06-16 15:15,81815.87,81815.87,81788.03,81796.15,0
2025-06-17 09:15,81881.69,81887.44,81471.89,81507.77,0
2025-06-17 10:15,81508.21,81673.2,81492.31,81569.33,0
2025-06-17 11:15,81569.7,81655.98,81519.61,81524.24,0
2025-06-17 12:15,81526.25,81583.64,81427.01,81505.06,0
2025-06-17 13:15,81502.74,81595.62,81466.98,81563.77,0
2025-06-17 14:15,81564.85,81653.26,81499.71,81607.05,0
2025-06-17 15:15,81607.25,81607.25,81575.05,81583.25,0
2025-06-18 09:15,81348.72,81858.47,81332.11,81736.86,0
2025-06-18 10:15,81735.02,81773.48,81454.23,81473.97,0
2025-06-18 11:15,81473.97,81486.8,81271.71,81426.32,0
2025-06-18 12:15,81426.22,81433.47,81269.0,81387.93,0
2025-06-18 13:15,81388.78,81429.5,81270.3,81317.32,0
2025-06-18 14:15,81318.2,81483.67,81238.8,81441.89,0
2025-06-18 15:15,81445.84,81449.03,81443.11,81444.68,0
2025-06-19 09:15,81381.64,81583.94,81191.04,81500.32,0
2025-06-19 10:15,81499.99,81535.17,81388.19,81439.22,0
2025-06-19 11:15,81438.92,81459.55,81354.32,81410.33,0
2025-06-19 12:15,81410.33,81463.85,81358.46,81424.43,0
2025-06-19 13:15,81425.32,81557.8,81377.47,81529.28,0
2025-06-19 14:15,81528.99,81557.32,81358.9,81368.19,0
2025-06-19 15:15,81367.6,81391.97,81362.04,81362.04,0
2025-06-20 09:15,81354.52,81777.19,81333.02,81775.57,0
2025-06-20 10:15,81772.65,82186.37,81772.65,82072.33,0
2025-06-20 11:15,82074.54,82171.22,82027.93,82138.85,0
2025-06-20 12:15,82138.85,82204.42,81948.02,82181.28,0
2025-06-20 13:15,82184.96,82297.23,82172.1,82213.81,0
2025-06-20 14:15,82210.02,82481.54,82131.21,82415.03,0
2025-06-20 15:15,82417.29,82417.29,82366.06,82408.17,0
2025-06-23 09:15,81704.07,81978.56,81479.19,81598.48,0
2025-06-23 10:15,81599.22,81817.7,81573.63,81777.51,0
2025-06-23 11:15,81775.94,81895.69,81753.42,81788.92,0
2025-06-23 12:15,81789.54,81864.65,81769.47,81830.1,0
2025-06-23 13:15,81851.06,82168.87,81850.48,82035.67,0
2025-06-23 14:15,82035.82,82050.7,81900.72,81914.15,0
2025-06-23 15:15,81913.39,81940.32,81896.79,81896.84,0
2025-06-24 09:15,82525.98,82834.39,82362.9,82773.17,0
2025-06-24 10:15,82773.36,82887.58,82536.72,82859.49,0
2025-06-24 11:15,82860.81,83015.9,82804.52,83010.41,0
2025-06-24 12:15,83012.9,83017.37,82393.21,82566.91,0
2025-06-24 13:15,82567.43,82602.32,81900.32,82038.22,0
2025-06-24 14:15,82040.56,82174.65,81969.45,82060.39,0
2025-06-24 15:15,82062.05,82062.05,82029.32,82055.11,0
2025-06-25 09:15,82436.02,82614.01,82339.57,82510.65,0
2025-06-25 10:15,82510.65,82654.71,82507.18,82596.39,0
2025-06-25 11:15,82597.64,82675.58,82573.21,82591.36,0
2025-06-25 12:15,82591.36,82741.08,82553.26,82721.58,0
2025-06-25 13:15,82722.19,82815.91,82680.76,82755.49,0
2025-06-25 14:15,82755.95,82808.91,82686.68,82762.63,0
2025-06-25 15:15,82763.52,82765.4,82755.11,82755.51,0
2025-06-26 09:15,82882.54,83378.39,82822.66,83215.61,0
2025-06-26 10:15,83216.3,83246.88,82952.59,83061.32,0
2025-06-26 11:15,83065.87,83339.98,83012.34,83294.89,0
2025-06-26 12:15,83294.89,83356.04,83152.49,83255.45,0
2025-06-26 13:15,83254.81,83688.85,83254.23,83646.13,0
2025-06-26 14:15,83669.23,83805.19,83519.27,83718.64,0
2025-06-26 15:15,83719.09,83761.68,83719.09,83756.46,0
2025-06-27 09:15,83704.56,83977.45,83649.15,83821.6,0
2025-06-27 10:15,83817.65,83945.43,83744.29,83927.09,0
2025-06-27 11:15,83927.11,83951.52,83869.25,83914.56,0
2025-06-27 12:15,83914.56,84047.67,83913.82,83966.79,0
2025-06-27 13:15,83966.14,84028.34,83934.93,84000.81,0
2025-06-27 14:15,84001.81,84088.46,83925.6,84026.78,0
2025-06-27 15:15,84047.07,84061.26,84046.0,84058.96,0
2025-06-30 09:15,84059.9,84091.2,83734.88,83861.8,0
2025-06-30 10:15,83860.45,83904.46,83695.28,83732.28,0
2025-06-30 11:15,83732.28,83894.95,83698.62,83890.83,0
2025-06-30 12:15,83892.01,83919.4,83594.51,83607.45,0
2025-06-30 13:15,83607.45,83636.07,83482.13,83538.33,0
2025-06-30 14:15,83538.33,83651.28,83486.27,83634.81,0
2025-06-30 15:15,83605.79,83610.51,83605.63,83606.46,0
2025-07-01 09:15,83685.66,83873.73,83598.75,83671.9,0
2025-07-01 10:15,83670.24,83754.64,83644.04,83670.09,0
2025-07-01 11:15,83670.09,83705.14,83572.71,83636.07,0
2025-07-01 12:15,83636.07,83724.31,83634.47,83654.45,0
2025-07-01 13:15,83654.45,83735.63,83603.61,83732.84,0
2025-07-01 14:15,83733.13,83754.92,83617.25,83674.21,0
2025-07-01 15:15,83673.03,83703.49,83673.03,83697.29,0
2025-07-02 09:15,83826.27,83932.37,83649.91,83695.06,0
2025-07-02 10:15,83697.26,83697.45,83471.57,83504.13,0
2025-07-02 11:15,83502.64,83570.06,83472.42,83542.86,0
2025-07-02 12:15,83543.26,83552.05,83420.77,83420.77,0
2025-07-02 13:15,83420.77,83430.55,83186.48,83288.46,0
2025-07-02 14:15,83288.16,83484.67,83151.94,83447.58,0
2025-07-02 15:15,83445.56,83445.56,83409.58,83409.69,0
2025-07-03 09:15,83606.31,83777.34,83349.89,83709.3,0
2025-07-03 10:15,83713.47,83803.0,83669.0,83758.56,0
2025-07-03 11:15,83765.14,83835.94,83552.09,83589.6,0
2025-07-03 12:15,83591.57,83680.53,83544.14,83603.03,0
2025-07-03 13:15,83602.57,83848.91,83523.94,83550.11,0
2025-07-03 14:15,83550.27,83552.96,83187.86,83227.72,0
2025-07-03 15:15,83227.91,83263.17,83227.91,83239.47,0
2025-07-04 09:15,83394.61,83433.77,83102.55,83254.76,0
2025-07-04 10:15,83255.99,83320.49,83205.22,83298.63,0
2025-07-04 11:15,83297.2,83318.99,83016.16,83069.09,0
2025-07-04 12:15,83069.09,83147.37,83057.9,83137.8,0
2025-07-04 13:15,83137.8,83210.85,83102.37,83195.11,0
2025-07-04 14:15,83195.0,83452.92,83155.6,83444.43,0
2025-07-04 15:15,83444.65,83444.65,83427.47,83432.85,0
2025-07-07 09:15,83429.59,83516.46,83268.68,83330.08,0
2025-07-07 10:15,83330.89,83480.93,83308.72,83420.5,0
2025-07-07 11:15,83420.81,83433.92,83316.24,83334.41,0
2025-07-07 12:15,83334.41,83414.96,83301.46,83388.27,0
2025-07-07 13:15,83390.32,83466.73,83367.44,83418.31,0
2025-07-07 14:15,83418.31,83478.92,83314.44,83428.75,0
2025-07-07 15:15,83428.44,83443.28,83428.44,83442.5,0
2025-07-08 09:15,83384.48,83557.15,83320.95,83426.49,0
2025-07-08 10:15,83426.02,83481.43,83374.78,83406.78,0
2025-07-08 11:15,83406.93,83494.17,83388.61,83460.3,0
2025-07-08 12:15,83460.19,83564.03,83435.5,83507.83,0
2025-07-08 13:15,83507.83,83541.56,83450.36,83503.31,0
2025-07-08 14:15,83505.88,83773.99,83435.23,83748.2,0
2025-07-08 15:15,83748.2,83748.2,83687.13,83712.51,0
2025-07-09 09:15,83684.32,83741.47,83520.07,83736.07,0
2025-07-09 10:15,83731.55,83751.96,83666.7,83727.98,0
2025-07-09 11:15,83728.17,83769.5,83645.76,83750.23,0
2025-07-09 12:15,83750.27,83781.36,83639.15,83714.4,0
2025-07-09 13:15,83714.52,83764.63,83684.13,83737.9,0
2025-07-09 14:15,83737.95,83741.17,83382.28,83560.7,0
2025-07-09 15:15,83539.72,83543.22,83535.73,83536.21,0
2025-07-10 09:15,83717.37,83724.78,83330.74,83350.74,0
2025-07-10 10:15,83354.83,83412.01,83228.09,83295.42,0
2025-07-10 11:15,83295.33,83306.25,83152.8,83183.92,0
2025-07-10 12:15,83182.43,83349.88,83174.14,83250.83,0
2025-07-10 13:15,83250.39,83388.05,83172.43,83295.1,0
2025-07-10 14:15,83294.74,83350.57,83140.71,83182.52,0
2025-07-10 15:15,83182.01,83208.06,83182.01,83190.28,0
2025-07-11 09:15,82844.91,83038.98,82798.96,82825.28,0
2025-07-11 10:15,82827.43,82828.82,82487.42,82592.22,0
2025-07-11 11:15,82591.91,82591.91,82452.8,82532.78,0
2025-07-11 12:15,82532.53,82624.7,82464.51,82513.2,0
2025-07-11 13:15,82516.5,82612.34,82485.54,82564.17,0
2025-07-11 14:15,82558.69,82576.93,82498.12,82502.22,0
2025-07-11 15:15,82505.56,82534.78,82500.85,82500.85,0
2025-07-14 09:15,82527.88,82527.88,82109.44,82361.4,0
2025-07-14 10:15,82361.4,82383.04,82161.46,82179.65,0
2025-07-14 11:15,82179.65,82194.76,82059.34,82138.76,0
2025-07-14 12:15,82138.86,82173.59,82010.38,82069.54,0
2025-07-14 13:15,82067.26,82167.6,82034.4,82116.45,0
2025-07-14 14:15,82116.45,82314.82,82091.96,82252.31,0
2025-07-14 15:15,82252.08,82254.6,82245.28,82253.42,0
2025-07-15 09:15,82233.16,82462.38,82233.16,82392.13,0
2025-07-15 10:15,82388.55,82743.49,82312.64,82684.54,0
2025-07-15 11:15,82684.25,82704.19,82598.79,82635.49,0
2025-07-15 12:15,82635.45,82675.74,82543.17,82608.92,0
2025-07-15 13:15,82608.16,82621.26,82493.06,82550.39,0
2025-07-15 14:15,82550.77,82602.19,82447.11,82591.48,0
2025-07-15 15:15,82589.73,82589.73,82522.71,82570.91,0
2025-07-16 09:15,82606.17,82623.15,82371.73,82424.32,0
2025-07-16 10:15,82424.04,82461.25,82343.01,82411.31,0
2025-07-16 11:15,82408.95,82613.9,82351.34,82547.54,0
2025-07-16 12:15,82547.69,82704.98,82518.27,82652.99,0
2025-07-16 13:15,82652.99,82765.87,82565.07,82740.28,0
2025-07-16 14:15,82740.98,82784.53,82635.81,82643.25,0
2025-07-16 15:15,82641.44,82655.75,82634.43,82634.43,0
2025-07-17 09:15,82713.53,82713.53,82455.54,82455.54,0
2025-07-17 10:15,82455.49,82560.5,82403.59,82519.49,0
2025-07-17 11:15,82519.49,82589.71,82481.09,82524.92,0
2025-07-17 12:15,82527.82,82572.57,82431.58,82441.36,0
2025-07-17 13:15,82439.84,82497.07,82367.92,82392.0,0
2025-07-17 14:15,82393.02,82414.68,82219.59,82281.67,0
2025-07-17 15:15,82281.18,82281.18,82256.41,82259.23,0
2025-07-18 09:15,82193.62,82272.94,81887.44,81925.59,0
2025-07-18 10:15,81923.11,81923.11,81629.84,81728.46,0
2025-07-18 11:15,81733.21,81796.49,81623.16,81649.21,0
2025-07-18 12:15,81648.68,81804.27,81608.72,81707.54,0
2025-07-18 13:15,81707.54,81798.09,81654.32,81754.98,0
2025-07-18 14:15,81753.99,81873.13,81708.71,81753.22,0
2025-07-18 15:15,81756.32,81757.73,81750.28,81757.73,0
2025-07-21 09:15,81892.62,82152.98,81524.36,82102.9,0
2025-07-21 10:15,82100.24,82161.55,82030.96,82127.51,0
2025-07-21 11:15,82127.51,82150.89,81927.17,82058.77,0
2025-07-21 12:15,82059.33,82103.0,81961.72,82069.39,0
2025-07-21 13:15,82069.39,82083.95,81882.12,81985.97,0
2025-07-21 14:15,81986.27,82199.25,81921.0,82191.11,0
2025-07-21 15:15,82193.6,82200.34,82161.82,82200.34,0
2025-07-22 09:15,82538.17,82538.17,82245.64,82329.61,0
2025-07-22 10:15,82329.62,82385.18,82151.39,82208.85,0
2025-07-22 11:15,82208.85,82266.83,82110.78,82227.92,0
2025-07-22 12:15,82227.62,82379.41,82213.99,82291.98,0
2025-07-22 13:15,82291.98,82336.35,82207.81,82270.29,0
2025-07-22 14:15,82270.29,82287.67,82137.34,82181.0,0
2025-07-22 15:15,82182.71,82187.35,82178.07,82186.81,0
2025-07-23 09:15,82439.14,82474.73,82279.78,82351.22,0
2025-07-23 10:15,82350.6,82467.54,82311.71,82416.31,0
2025-07-23 11:15,82417.36,82538.53,82363.62,82508.41,0
2025-07-23 12:15,82508.41,82632.37,82503.95,82539.92,0
2025-07-23 13:15,82539.92,82689.47,82492.71,82689.47,0
2025-07-23 14:15,82690.96,82785.42,82657.83,82771.5,0
2025-07-23 15:15,82770.05,82770.05,82727.96,82727.96,0
2025-07-24 09:15,82779.95,82779.95,82456.64,82471.96,0
2025-07-24 10:15,82473.38,82575.48,82458.87,82464.64,0
2025-07-24 11:15,82460.6,82460.6,82048.4,82140.73,0
2025-07-24 12:15,82143.01,82255.81,82078.99,82179.82,0
2025-07-24 13:15,82180.12,82303.9,82122.91,82273.14,0
2025-07-24 14:15,82271.36,82304.96,82168.05,82213.56,0
2025-07-24 15:15,82200.91,82201.56,82184.47,82184.47,0
2025-07-25 09:15,82002.54,82004.04,81722.59,81772.7,0
2025-07-25 10:15,81772.7,81772.7,81540.82,81613.9,0
2025-07-25 11:15,81614.1,81764.81,81505.11,81543.66,0
2025-07-25 12:15,81548.56,81641.33,81440.56,81558.79,0
2025-07-25 13:15,81559.37,81608.3,81406.9,81482.34,0
2025-07-25 14:15,81482.34,81534.22,81398.41,81480.94,0
2025-07-25 15:15,81483.42,81483.42,81463.07,81463.09,0
2025-07-28 09:15,81285.91,81477.54,81095.45,81422.01,0
2025-07-28 10:15,81421.58,81556.83,81210.26,81317.44,0
2025-07-28 11:15,81316.71,81378.95,81230.37,81245.53,0
2025-07-28 12:15,81244.15,81277.56,80970.58,80986.79,0
2025-07-28 13:15,80986.79,81002.72,80778.48,80885.37,0
2025-07-28 14:15,80886.17,81001.5,80869.41,80885.89,0
2025-07-28 15:15,80887.31,80907.75,80887.31,80891.02,0
2025-07-29 09:15,80643.19,80990.72,80619.48,80809.92,0
2025-07-29 10:15,80806.39,80833.31,80628.85,80760.27,0
2025-07-29 11:15,80761.85,80931.11,80760.6,80884.2,0
2025-07-29 12:15,80884.05,81036.29,80861.53,81026.97,0
2025-07-29 13:15,81027.13,81279.59,81008.45,81258.62,0
2025-07-29 14:15,81257.8,81349.32,81155.01,81296.22,0
2025-07-29 15:15,81296.89,81340.08,81284.81,81337.95,0
2025-07-30 09:15,81594.52,81594.52,81309.85,81405.87,0
2025-07-30 10:15,81405.49,81451.18,81187.1,81414.82,0
2025-07-30 11:15,81417.26,81605.09,81412.39,81451.39,0
2025-07-30 12:15,81451.5,81549.09,81419.15,81455.71,0
2025-07-30 13:15,81455.71,81558.93,81409.12,81511.43,0
2025-07-30 14:15,81511.16,81608.88,81470.23,81499.42,0
2025-07-30 15:15,81499.64,81504.57,81481.93,81481.93,0
2025-07-31 09:15,80695.5,81050.83,80695.5,80882.56,0
2025-07-31 10:15,80877.71,81200.42,80857.01,81105.31,0
2025-07-31 11:15,81110.56,81345.17,81095.33,81337.09,0
2025-07-31 12:15,81335.15,81698.1,81335.15,81625.13,0
2025-07-31 13:15,81626.13,81802.61,81606.63,81686.3,0
2025-07-31 14:15,81692.08,81696.42,81146.91,81165.47,0
2025-07-31 15:15,81245.11,81245.11,81185.58,81185.58,0
2025-08-01 09:15,81037.73,81182.08,80893.72,81174.37,0
2025-08-01 10:15,81174.25,81314.9,81037.24,81051.76,0
2025-08-01 11:15,81052.16,81076.82,80841.82,80897.71,0
2025-08-01 12:15,80895.5,81018.97,80777.01,80889.16,0
2025-08-01 13:15,80890.64,81007.97,80768.01,80858.58,0
2025-08-01 14:15,80857.78,80884.35,80497.72,80531.25,0
2025-08-01 15:15,80532.29,80635.08,80532.29,80600.11,0
2025-08-04 09:15,80692.72,80900.23,80502.6,80724.53,0
2025-08-04 10:15,80724.16,80872.13,80659.41,80863.55,0
2025-08-04 11:15,80863.85,80926.83,80776.48,80908.15,0
2025-08-04 12:15,80910.12,81044.98,80870.23,80959.17,0
2025-08-04 13:15,80965.29,81091.95,80810.25,81029.25,0
2025-08-04 14:15,81035.2,81066.69,80928.37,81021.48,0
2025-08-04 15:15,81020.44,81020.44,81004.1,81018.67,0
2025-08-05 09:15,80954.55,81008.93,80559.06,80667.48,0
2025-08-05 10:15,80662.19,80750.7,80587.88,80683.09,0
2025-08-05 11:15,80683.09,80818.49,80643.2,80796.81,0
2025-08-05 12:15,80796.41,80824.91,80651.94,80675.22,0
2025-08-05 13:15,80672.49,80692.08,80555.52,80615.16,0
2025-08-05 14:15,80618.61,80803.43,80565.24,80792.87,0
2025-08-05 15:15,80793.31,80793.31,80688.97,80710.25,0
2025-08-06 09:15,80740.83,80832.25,80546.21,80625.57,0
2025-08-06 10:15,80626.45,80757.5,80449.11,80502.84,0
2025-08-06 11:15,80508.34,80643.3,80472.13,80592.31,0
2025-08-06 12:15,80592.31,80721.51,80575.54,80672.39,0
2025-08-06 13:15,80672.92,80726.15,80569.11,80574.79,0
2025-08-06 14:15,80574.14,80635.84,80458.16,80556.41,0
2025-08-06 15:15,80556.49,80556.49,80537.95,80543.99,0
2025-08-07 09:15,80217.3,80420.58,80206.48,80236.41,0
2025-08-07 10:15,80240.36,80258.51,79979.05,80056.69,0
2025-08-07 11:15,80057.26,80162.14,80041.47,80138.86,0
2025-08-07 12:15,80137.96,80174.89,80004.92,80022.03,0
2025-08-07 13:15,80024.04,80107.23,79811.82,80075.54,0
2025-08-07 14:15,80078.94,80633.72,80078.94,80603.52,0
2025-08-07 15:15,80603.45,80623.28,80545.89,80623.26,0
2025-08-08 09:15,80426.77,80548.22,80104.03,80143.91,0
2025-08-08 10:15,80139.4,80234.58,80012.46,80095.31,0
2025-08-08 11:15,80096.52,80134.17,79991.18,80057.81,0
2025-08-08 12:15,80057.9,80240.21,80022.15,80089.21,0
2025-08-08 13:15,80089.21,80174.08,79971.06,80027.69,0
2025-08-08 14:15,80026.5,80092.77,79776.97,79811.73,0
2025-08-08 15:15,79918.47,79918.47,79857.75,79857.79,0
2025-08-11 09:15,79870.86,80059.46,79782.43,80015.93,0
2025-08-11 10:15,80016.65,80189.68,80015.08,80109.33,0
2025-08-11 11:15,80109.33,80223.82,79988.7,80108.58,0
2025-08-11 12:15,80108.76,80292.84,80062.89,80209.85,0
2025-08-11 13:15,80206.49,80415.72,80191.15,80403.89,0
2025-08-11 14:15,80413.04,80636.05,80377.04,80588.66,0
2025-08-11 15:15,80586.14,80606.44,80578.59,80604.11,0
2025-08-12 09:15,80449.72,80996.3,80407.41,80856.38,0
2025-08-12 10:15,80856.46,80918.92,80422.5,80462.37,0
2025-08-12 11:15,80461.46,80608.93,80402.05,80488.94,0
2025-08-12 12:15,80490.09,80765.58,80481.49,80623.61,0
2025-08-12 13:15,80623.88,80632.25,80394.85,80425.67,0
2025-08-12 14:15,80424.13,80464.09,80165.21,80242.44,0
2025-08-12 15:15,80245.99,80245.99,80227.44,80235.59,0
2025-08-13 09:15,80525.05,80563.38,80330.51,80445.08,0
2025-08-13 10:15,80445.08,80506.7,80345.86,80436.91,0
2025-08-13 11:15,80438.15,80478.59,80319.7,80421.68,0
2025-08-13 12:15,80421.68,80601.2,80392.92,80545.09,0
2025-08-13 13:15,80548.87,80680.96,80470.14,80677.23,0
2025-08-13 14:15,80676.94,80683.49,80512.63,80528.56,0
2025-08-13 15:15,80546.77,80546.79,80532.55,80539.88,0
2025-08-14 09:15,80497.2,80740.99,80497.2,80615.21,0
2025-08-14 10:15,80614.58,80750.48,80600.5,80676.71,0
2025-08-14 11:15,80679.58,80709.59,80521.48,80613.56,0
2025-08-14 12:15,80616.13,80717.82,80596.37,80674.82,0
2025-08-14 13:15,80676.02,80719.44,80589.56,80626.53,0
2025-08-14 14:15,80625.04,80688.8,80505.23,80597.25,0
2025-08-14 15:15,80595.27,80627.34,80595.27,80597.95,0
2025-08-18 09:15,81601.02,81765.77,81401.97,81627.12,0
2025-08-18 10:15,81627.82,81671.98,81513.84,81544.32,0
2025-08-18 11:15,81546.49,81602.53,81263.96,81264.06,0
2025-08-18 12:15,81264.03,81531.46,81202.98,81507.47,0
2025-08-18 13:15,81508.85,81532.59,81344.21,81456.18,0
2025-08-18 14:15,81456.18,81491.32,81247.38,81252.58,0
2025-08-18 15:15,81255.89,81295.29,81255.89,81273.75,0
2025-08-19 09:15,81318.25,81512.27,81318.25,81449.05,0
2025-08-19 10:15,81451.52,81520.45,81386.09,81490.99,0
2025-08-19 11:15,81491.59,81636.55,81474.88,81625.43,0
2025-08-19 12:15,81625.43,81755.88,81620.84,81656.82,0
2025-08-19 13:15,81657.64,81714.01,81451.36,81504.6,0
2025-08-19 14:15,81504.95,81684.47,81468.22,81613.38,0
2025-08-19 15:15,81613.24,81644.34,81613.24,81644.34,0
2025-08-20 09:15,81612.24,81713.05,81496.34,81702.54,0
2025-08-20 10:15,81701.42,81814.6,81676.08,81807.88,0
2025-08-20 11:15,81812.42,81862.53,81743.87,81837.64,0
2025-08-20 12:15,81841.27,81911.22,81822.34,81876.63,0
2025-08-20 13:15,81877.3,81980.63,81807.31,81937.27,0
2025-08-20 14:15,81937.62,81985.1,81854.7,81865.23,0
2025-08-20 15:15,81865.78,81887.13,81856.4,81857.84,0
2025-08-21 09:15,82223.56,82223.56,81921.88,82130.14,0
2025-08-21 10:15,82128.33,82225.57,82113.18,82138.68,0
2025-08-21 11:15,82138.68,82174.66,82062.43,82094.63,0
2025-08-21 12:15,82094.63,82170.76,82046.4,82139.56,0
2025-08-21 13:15,82141.17,82160.16,82007.83,82136.31,0
2025-08-21 14:15,82134.74,82228.12,81972.29,81974.16,0
2025-08-21 15:15,81980.95,82024.57,81980.95,82000.71,0
2025-08-22 09:15,81979.82,81979.82,81552.28,81620.58,0
2025-08-22 10:15,81620.74,81627.52,81401.02,81441.42,0
2025-08-22 11:15,81441.95,81598.39,81394.81,81488.05,0
2025-08-22 12:15,81487.82,81513.69,81446.84,81473.51,0
2025-08-22 13:15,81473.28,81587.51,81461.5,81481.54,0
2025-08-22 14:15,81479.96,81479.96,81295.21,81326.09,0
2025-08-22 15:15,81322.4,81322.4,81306.55,81306.86,0
2025-08-25 09:15,81527.74,81638.38,81387.2,81401.46,0
2025-08-25 10:15,81400.67,81612.7,81367.55,81578.03,0
2025-08-25 11:15,81577.66,81665.72,81543.82,81646.85,0
2025-08-25 12:15,81648.55,81754.08,81636.28,81752.24,0
2025-08-25 13:15,81750.81,81798.15,81688.1,81717.68,0
2025-08-25 14:15,81717.9,81785.0,81551.57,81607.71,0
2025-08-25 15:15,81601.16,81637.5,81601.16,81635.91,0
2025-08-26 09:15,81289.59,81441.87,80948.6,81051.43,0
2025-08-26 10:15,81054.93,81122.02,80940.67,81081.78,0
2025-08-26 11:15,81083.2,81198.44,81052.98,81073.65,0
2025-08-26 12:15,81073.17,81136.49,80984.51,81094.3,0
2025-08-26 13:15,81094.81,81141.14,80954.97,80985.74,0
2025-08-26 14:15,80985.63,81066.86,80691.13,80760.07,0
2025-08-26 15:15,80755.84,80803.33,80755.84,80786.54,0
2025-08-28 09:15,80753.75,80753.75,80093.52,80318.89,0
2025-08-28 10:15,80318.44,80644.52,80233.59,80565.34,0
2025-08-28 11:15,80566.64,80607.37,80401.69,80461.03,0
2025-08-28 12:15,80464.29,80465.29,80190.6,80240.01,0
2025-08-28 13:15,80235.01,80328.18,80152.54,80286.8,0
2025-08-28 14:15,80286.8,80350.08,80016.04,80083.27,0
2025-08-28 15:15,80084.35,80084.35,80051.52,80080.35,0
2025-08-29 09:15,79965.56,80275.2,79965.56,80010.96,0
2025-08-29 10:15,80010.2,80288.44,79999.4,80254.55,0
2025-08-29 11:15,80256.14,80310.63,80186.11,80239.83,0
2025-08-29 12:15,80239.83,80250.99,80060.65,80067.24,0
2025-08-29 13:15,80066.35,80149.34,80013.25,80113.19,0
2025-08-29 14:15,80113.88,80248.93,79742.63,79754.39,0
2025-08-29 15:15,79748.8,79854.66,79748.8,79809.36,0
2025-09-01 09:15,79854.08,80233.22,79854.08,80108.89,0
2025-09-01 10:15,80108.89,80189.25,80039.89,80171.0,0
2025-09-01 11:15,80171.0,80183.51,80060.45,80147.47,0
2025-09-01 12:15,80146.94,80303.85,80135.31,80299.27,0
2025-09-01 13:15,80299.27,80364.58,80264.15,80362.78,0
2025-09-01 14:15,80363.18,80406.84,80292.22,80368.48,0
2025-09-01 15:15,80366.54,80366.81,80360.66,80364.49,0
2025-09-02 09:15,80520.09,80748.77,80416.17,80685.66,0
2025-09-02 10:15,80686.92,80756.75,80629.85,80700.85,0
2025-09-02 11:15,80696.82,80710.61,80638.15,80662.43,0
2025-09-02 12:15,80661.19,80761.14,80612.27,80654.8,0
2025-09-02 13:15,80656.61,80666.92,80052.97,80131.17,0
2025-09-02 14:15,80129.5,80292.61,80008.5,80194.64,0
2025-09-02 15:15,80197.63,80197.63,80157.83,80157.83,0
2025-09-03 09:15,80268.75,80294.71,80004.6,80231.98,0
2025-09-03 10:15,80231.87,80236.64,80048.06,80135.66,0
2025-09-03 11:15,80136.21,80291.46,80038.12,80276.7,0
2025-09-03 12:15,80277.65,80344.98,80146.31,80190.12,0
2025-09-03 13:15,80190.12,80430.76,80173.13,80384.36,0
2025-09-03 14:15,80384.75,80668.41,80380.2,80627.54,0
2025-09-03 15:15,80617.84,80617.84,80549.7,80567.73,0
2025-09-04 09:15,81439.04,81439.04,80974.29,80974.29,0
2025-09-04 10:15,80969.98,81119.73,80882.61,80944.4,0
2025-09-04 11:15,80944.4,81021.21,80851.44,80906.22,0
2025-09-04 12:15,80906.98,81044.28,80790.52,80983.82,0
2025-09-04 13:15,80985.15,81007.03,80795.21,80824.15,0
2025-09-04 14:15,80820.68,80852.36,80625.02,80675.63,0
2025-09-04 15:15,80680.21,80722.99,80680.21,80717.98,0
2025-09-05 09:15,81025.05,81032.56,80485.1,80496.48,0
2025-09-05 10:15,80496.36,80667.18,80341.85,80528.4,0
2025-09-05 11:15,80527.8,80584.39,80424.31,80424.31,0
2025-09-05 12:15,80423.54,80478.61,80321.19,80468.36,0
2025-09-05 13:15,80468.36,80858.96,80459.53,80735.61,0
2025-09-05 14:15,80737.59,80799.5,80657.19,80710.28,0
2025-09-05 15:15,80704.69,80722.8,80704.69,80710.79,0
2025-09-08 09:15,80902.53,81047.47,80788.0,80863.31,0
2025-09-08 10:15,80862.5,80918.27,80766.14,80893.4,0
2025-09-08 11:15,80894.31,80997.4,80869.27,80982.39,0
2025-09-08 12:15,80979.23,81125.2,80932.31,81105.56,0
2025-09-08 13:15,81105.86,81127.93,80977.14,81060.31,0
2025-09-08 14:15,81060.65,81170.36,80733.78,80796.31,0
2025-09-08 15:15,80796.04,80798.93,80786.07,80787.37,0
2025-09-09 09:15,81137.07,81161.89,80971.56,80971.84,0
2025-09-09 10:15,80972.0,81028.17,80928.96,81011.23,0
2025-09-09 11:15,81011.2,81045.71,80927.97,81023.13,0
2025-09-09 12:15,81020.26,81108.32,81004.3,81070.52,0
2025-09-09 13:15,81069.67,81152.28,81055.87,81152.21,0
2025-09-09 14:15,81151.19,81181.37,80985.99,81100.56,0
2025-09-09 15:15,81100.19,81102.69,81090.15,81101.32,0
2025-09-10 09:15,81504.36,81593.08,81379.19,81519.51,0
2025-09-10 10:15,81519.36,81642.93,81485.48,81571.53,0
2025-09-10 11:15,81576.49,81580.57,81411.21,81475.97,0
2025-09-10 12:15,81475.87,81513.76,81384.5,81406.89,0
2025-09-10 13:15,81406.57,81466.28,81326.21,81418.86,0
2025-09-10 14:15,81418.6,81442.71,81237.11,81436.65,0
2025-09-10 15:15,81437.2,81437.2,81386.15,81425.04,0
2025-09-11 09:15,81292.18,81583.49,81292.18,81385.73,0
2025-09-11 10:15,81386.03,81497.27,81384.56,81469.83,0
2025-09-11 11:15,81470.42,81489.82,81367.83,81485.68,0
2025-09-11 12:15,81483.11,81594.38,81454.19,81566.15,0
2025-09-11 13:15,81566.15,81641.71,81508.86,81568.77,0
2025-09-11 14:15,81568.65,81618.54,81469.72,81550.9,0
2025-09-11 15:15,81551.45,81553.05,81548.1,81548.7,0
2025-09-12 09:15,81742.03,81827.61,81644.41,81771.24,0
2025-09-12 10:15,81771.88,81875.74,81735.85,81861.56,0
2025-09-12 11:15,81861.91,81992.08,81846.18,81934.81,0
2025-09-12 12:15,81935.03,81960.17,81882.87,81929.76,0
2025-09-12 13:15,81930.15,81952.7,81869.16,81916.19,0
2025-09-12 14:15,81918.87,81929.0,81865.19,81920.36,0
2025-09-12 15:15,81918.23,81918.23,81903.42,81904.7,0
2025-09-15 09:15,81922.03,81993.92,81822.38,81862.29,0
2025-09-15 10:15,81861.59,81904.81,81781.41,81814.97,0
2025-09-15 11:15,81814.97,81958.46,81783.1,81910.17,0
2025-09-15 12:15,81910.17,81944.73,81857.25,81900.68,0
2025-09-15 13:15,81900.09,81933.99,81744.7,81805.17,0
2025-09-15 14:15,81805.77,81932.41,81775.47,81782.26,0
2025-09-15 15:15,81784.72,81808.1,81784.72,81785.69,0
2025-09-16 09:15,81809.05,82168.32,81809.05,82111.88,0
2025-09-16 10:15,82111.6,82148.91,82069.87,82111.0,0
2025-09-16 11:15,82102.58,82164.56,82098.57,82131.86,0
2025-09-16 13:15,82169.13,82189.8,82088.76,82174.63,0
2025-09-16 14:15,82170.37,82421.78,82156.52,82407.88,0
2025-09-16 15:15,82357.88,82380.79,82357.88,82380.69,0
2025-09-17 09:15,82506.4,82720.47,82506.22,82609.27,0
2025-09-17 10:15,82606.29,82700.35,82576.31,82691.8,0
2025-09-17 11:15,82692.98,82708.3,82638.74,82679.11,0
2025-09-17 12:15,82678.77,82741.58,82637.55,82704.06,0
2025-09-17 13:15,82706.35,82741.95,82577.36,82604.81,0
2025-09-17 14:15,82608.94,82737.91,82542.09,82697.33,0
2025-09-17 15:15,82698.49,82702.12,82690.93,82693.71,0
2025-09-18 09:15,83122.08,83122.08,82928.45,82985.02,0
2025-09-18 10:15,82983.87,83088.82,82964.96,83026.44,0
2025-09-18 11:15,83021.63,83081.35,82972.67,82984.67,0
2025-09-18 12:15,82983.58,83043.91,82771.4,82831.58,0
2025-09-18 13:15,82832.2,82918.69,82736.62,82808.83,0
2025-09-18 14:15,82809.11,83078.92,82704.92,82995.99,0
2025-09-18 15:15,82996.27,83014.23,82996.27,83013.93,0
2025-09-19 09:15,82955.12,82968.46,82575.8,82646.87,0
2025-09-19 10:15,82652.05,82727.58,82557.55,82586.28,0
2025-09-19 11:15,82585.69,82657.35,82486.31,82567.23,0
2025-09-19 12:15,82568.64,82646.64,82500.95,82641.06,0
2025-09-19 13:15,82641.2,82735.48,82630.97,82720.0,0
2025-09-19 14:15,82720.36,82744.01,82555.86,82592.52,0
2025-09-19 15:15,82596.61,82626.04,82596.61,82626.04,0
2025-09-22 09:15,82175.93,82583.16,82175.93,82504.2,0
2025-09-22 10:15,82503.32,82549.22,82434.72,82445.52,0
2025-09-22 11:15,82447.34,82473.29,82371.07,82421.42,0
2025-09-22 12:15,82423.97,82517.74,82402.51,82476.48,0
2025-09-22 13:15,82477.27,82486.7,82302.7,82372.63,0
2025-09-22 14:15,82371.15,82402.84,81998.57,82134.93,0
2025-09-22 15:15,82133.57,82160.81,82133.57,82160.14,0
2025-09-23 09:15,82154.78,82305.12,81881.34,82009.27,0
2025-09-23 10:15,82010.67,82025.53,81822.07,81829.0,0
2025-09-23 11:15,81829.19,81971.28,81778.02,81971.28,0
2025-09-23 12:15,81972.07,82245.06,81947.63,82155.45,0
2025-09-23 13:15,82154.94,82366.3,82136.38,82192.54,0
2025-09-23 14:15,82188.25,82301.51,82042.12,82124.31,0
2025-09-23 15:15,82116.55,82116.55,82094.61,82101.8,0
2025-09-24 09:15,81991.25,82002.28,81702.85,81828.85,0
2025-09-24 10:15,81831.97,81901.82,81608.53,81698.16,0
2025-09-24 11:15,81696.64,81825.15,81664.68,81825.15,0
2025-09-24 12:15,81824.71,81948.1,81778.83,81947.01,0
2025-09-24 13:15,81948.53,81976.88,81813.74,81826.38,0
2025-09-24 14:15,81825.91,81870.49,81632.46,81735.92,0
2025-09-24 15:15,81737.49,81737.49,81705.01,81715.64,0
2025-09-25 09:15,81600.48,81840.63,81496.82,81616.65,0
2025-09-25 10:15,81614.41,81672.48,81517.04,81581.16,0
2025-09-25 11:15,81582.03,81658.56,81407.99,81489.19,0
2025-09-25 12:15,81488.42,81598.18,81392.95,81542.46,0
2025-09-25 13:15,81541.87,81554.43,81358.96,81435.95,0
2025-09-25 14:15,81417.39,81479.83,81092.89,81134.89,0
2025-09-25 15:15,81133.8,81167.02,81133.8,81159.69,0
2025-09-26 09:15,80956.64,81030.01,80708.34,80783.58,0
2025-09-26 10:15,80780.62,80891.91,80748.9,80775.97,0
2025-09-26 11:15,80774.48,80811.14,80696.31,80769.62,0
2025-09-26 12:15,80771.44,80874.46,80742.12,80763.01,0
2025-09-26 13:15,80760.25,80764.57,80360.45,80439.52,0
2025-09-26 14:15,80439.91,80472.61,80332.52,80389.88,0
2025-09-26 15:15,80390.92,80425.84,80390.92,80425.84,0
2025-09-29 09:15,80676.58,80767.54,80452.25,80751.51,0
2025-09-29 10:15,80750.45,80851.37,80639.28,80688.68,0
2025-09-29 11:15,80688.54,80691.39,80341.74,80362.25,0
2025-09-29 12:15,80365.11,80510.04,80248.99,80510.04,0
2025-09-29 13:15,80509.96,80669.67,80412.04,80620.23,0
2025-09-29 14:15,80622.47,80693.74,80301.87,80400.54,0
2025-09-29 15:15,80402.39,80402.39,80343.42,80364.81,0
2025-09-30 09:15,80643.46,80676.56,80328.08,80328.08,0
2025-09-30 10:15,80329.02,80466.58,80201.15,80451.45,0
2025-09-30 11:15,80451.1,80484.59,80299.84,80364.23,0
2025-09-30 12:15,80364.78,80495.52,80358.51,80443.88,0
2025-09-30 13:15,80447.09,80499.66,80242.21,80318.76,0
2025-09-30 14:15,80319.06,80402.4,80214.8,80278.9,0
2025-09-30 15:15,80279.22,80279.22,80261.62,80266.97,0
2025-10-01 09:15,80165.18,80524.94,80165.18,80434.63,0
2025-10-01 10:15,80428.44,80622.76,80384.47,80613.61,0
2025-10-01 11:15,80614.03,80954.15,80614.03,80912.37,0
2025-10-01 12:15,80912.37,80931.51,80720.86,80793.95,0
2025-10-01 13:15,80797.38,80897.85,80743.13,80859.11,0
2025-10-01 14:15,80858.77,81068.24,80801.66,80919.81,0
2025-10-01 15:15,80912.09,80983.5,80912.09,80983.31,0
2025-10-03 09:15,80710.47,81018.51,80710.47,80908.16,0
2025-10-03 10:15,80907.38,80988.52,80806.19,80948.12,0
2025-10-03 11:15,80948.79,81056.12,80936.93,81026.82,0
2025-10-03 12:15,81026.76,81045.23,80885.69,81036.82,0
2025-10-03 13:15,81032.75,81046.23,80940.15,80940.15,0
2025-10-03 14:15,80940.15,81251.95,80919.88,81203.54,0
2025-10-03 15:15,81201.19,81211.52,81192.6,81207.13,0
2025-10-06 09:15,81300.2,81471.3,81158.25,81464.52,0
2025-10-06 10:15,81464.98,81606.24,81432.94,81606.24,0
2025-10-06 11:15,81605.46,81637.53,81509.31,81597.55,0
2025-10-06 12:15,81598.76,81770.93,81558.81,81761.51,0
2025-10-06 13:15,81761.76,81846.42,81653.78,81761.67,0
2025-10-06 14:15,81758.81,81844.29,81668.44,81782.0,0
2025-10-06 15:15,81782.47,81802.7,81782.47,81790.03,0
2025-10-07 09:15,81879.49,82211.77,81787.48,82145.64,0
2025-10-07 10:15,82145.64,82176.65,82036.69,82062.67,0
2025-10-07 11:15,82063.32,82160.23,81897.01,82091.8,0
2025-10-07 12:15,82090.95,82208.25,82043.33,82190.47,0
2025-10-07 13:15,82189.44,82298.45,82124.84,82298.45,0
2025-10-07 14:15,82297.71,82309.56,81851.13,81855.14,0
2025-10-07 15:15,81861.45,81952.9,81861.45,81927.41,0
2025-10-08 09:15,81895.94,82252.02,81863.7,82106.8,0
2025-10-08 10:15,82106.89,82106.89,81747.62,81751.22,0
2025-10-08 11:15,81746.9,81846.84,81681.59,81778.48,0
2025-10-08 12:15,81781.72,81964.76,81647.05,81942.91,0
2025-10-08 13:15,81940.32,82060.31,81809.43,81848.68,0
2025-10-08 14:15,81849.58,81909.0,81730.75,81744.95,0
2025-10-08 15:15,81738.61,81791.52,81738.61,81773.92,0
2025-10-09 09:15,81863.67,82009.14,81667.8,81698.0,0
2025-10-09 10:15,81696.62,82085.88,81679.58,82070.71,0
2025-10-09 11:15,82069.12,82159.83,81972.95,82015.53,0
2025-10-09 12:15,82015.53,82080.93,81951.96,81988.1,0
2025-10-09 13:15,81989.38,82155.95,81974.46,82042.26,0
2025-10-09 14:15,82039.82,82239.15,81948.02,82136.34,0
2025-10-09 15:15,82135.89,82175.87,82135.89,82171.98,0
2025-10-10 09:15,82075.45,82551.66,82075.45,82453.08,0
2025-10-10 10:15,82451.16,82589.92,82437.47,82584.9,0
2025-10-10 11:15,82586.53,82616.19,82453.62,82483.69,0
2025-10-10 12:15,82487.82,82626.98,82451.46,82565.46,0
2025-10-10 13:15,82565.36,82653.59,82494.96,82584.07,0
2025-10-10 14:15,82585.16,82607.34,82439.49,82493.33,0
2025-10-10 15:15,82488.71,82525.76,82488.71,82501.28,0
2025-10-13 09:15,82060.84,82329.15,82043.23,82191.2,0
2025-10-13 10:15,82186.59,82302.43,82126.38,82205.25,0
2025-10-13 11:15,82207.0,82236.08,82106.14,82197.2,0
2025-10-13 12:15,82198.0,82262.86,82136.78,82257.54,0
2025-10-13 13:15,82256.04,82312.11,82144.92,82261.67,0
2025-10-13 14:15,82264.4,82437.36,82217.94,82292.0,0
2025-10-13 15:15,82289.15,82327.48,82289.15,82326.94,0
2025-10-14 09:15,82421.61,82569.76,82108.76,82182.49,0
2025-10-14 10:15,82179.76,82350.14,82083.88,82159.17,0
2025-10-14 11:15,82160.12,82160.12,81905.77,81956.53,0
2025-10-14 12:15,81958.88,82001.64,81782.27,81830.33,0
2025-10-14 13:15,81830.34,82030.25,81826.4,81959.98,0
2025-10-14 14:15,81960.24,82208.75,81900.99,82041.6,0
2025-10-14 15:15,82041.71,82079.83,82029.98,82029.98,0
2025-10-15 09:15,82189.34,82411.75,82097.01,82334.85,0
2025-10-15 10:15,82337.52,82595.8,82324.59,82462.39,0
2025-10-15 11:15,82462.08,82577.95,82456.01,82478.58,0
2025-10-15 12:15,82477.77,82649.93,82417.99,82594.26,0
2025-10-15 13:15,82589.14,82727.02,82558.48,82606.29,0
2025-10-15 14:15,82606.29,82630.48,82469.42,82614.27,0
2025-10-15 15:15,82607.87,82607.87,82569.18,82604.79,0
2025-10-16 09:15,82794.79,83060.84,82794.79,82976.04,0
2025-10-16 10:15,82977.65,83127.62,82934.81,83061.77,0
2025-10-16 11:15,83063.71,83106.86,82991.02,83100.54,0
2025-10-16 12:15,83100.81,83261.4,83093.34,83249.31,0
2025-10-16 13:15,83249.16,83441.2,83186.72,83371.82,0
2025-10-16 14:15,83373.74,83613.51,83362.58,83373.17,0
2025-10-16 15:15,83488.36,83488.36,83468.69,83468.69,0
2025-10-17 09:15,83334.33,83812.61,83255.7,83799.06,0
2025-10-17 10:15,83799.34,84097.36,83769.63,84078.26,0
2025-10-17 11:15,84069.96,84162.23,83934.41,84105.7,0
2025-10-17 12:15,84106.05,84172.24,83754.23,83793.4,0
2025-10-17 13:15,83793.58,83971.97,83621.58,83851.63,0
2025-10-17 14:15,83850.99,84095.03,83797.45,83937.66,0
2025-10-17 15:15,83959.66,83963.24,83952.16,83952.53,0
2025-10-20 09:15,84302.98,84653.6,84240.25,84460.2,0
2025-10-20 10:15,84462.01,84556.5,84340.86,84473.49,0
2025-10-20 11:15,84482.54,84504.66,84333.72,84414.68,0
2025-10-20 12:15,84413.28,84575.24,84343.6,84556.43,0
2025-10-20 13:15,84554.77,84558.5,84348.85,84410.76,0
2025-10-20 14:15,84404.87,84487.15,84197.29,84362.16,0
2025-10-20 15:15,84348.09,84364.9,84334.74,84363.37,0
2025-10-21 13:15,84484.67,84660.45,84436.67,84543.12,0
2025-10-21 14:15,84542.31,84574.81,84289.51,84426.34,0
2025-10-23 09:15,85126.94,85271.67,84869.77,85267.21,0
2025-10-23 10:15,85268.14,85268.14,85035.48,85080.47,0
2025-10-23 11:15,85081.34,85199.67,85044.73,85178.06,0
2025-10-23 12:15,85175.96,85288.09,85036.99,85104.58,0
2025-10-23 13:15,85104.6,85195.98,84739.86,84767.56,0
2025-10-23 14:15,84767.27,84900.25,84446.24,84474.87,0
2025-10-23 15:15,84469.34,84566.53,84469.34,84556.4,0
2025-10-24 09:15,84666.78,84673.57,84394.19,84491.61,0
2025-10-24 10:15,84489.84,84494.24,84245.69,84342.02,0
2025-10-24 11:15,84341.74,84440.17,84202.0,84432.51,0
2025-10-24 12:15,84432.11,84492.24,84254.41,84330.56,0
2025-10-24 13:15,84328.54,84347.13,83959.1,84106.79,0
2025-10-24 14:15,84106.74,84276.05,84028.45,84243.78,0
2025-10-24 15:15,84242.89,84242.89,84194.31,84212.08,0
2025-10-27 09:15,84297.39,84809.45,84296.33,84774.16,0
2025-10-27 10:15,84775.57,84849.75,84735.47,84834.55,0
2025-10-27 11:15,84834.69,84932.08,84719.11,84886.34,0
2025-10-27 12:15,84885.53,84915.6,84739.67,84776.65,0
2025-10-27 13:15,84776.65,84778.28,84604.85,84667.18,0
2025-10-27 14:15,84658.5,84849.76,84635.33,84764.03,0
2025-10-27 15:15,84764.38,84778.97,84756.83,84778.95,0
2025-10-28 09:15,84661.5,84986.94,84473.24,84562.37,0
2025-10-28 10:15,84562.95,84567.63,84297.91,84353.13,0
2025-10-28 11:15,84352.82,84485.03,84227.85,84324.98,0
2025-10-28 12:15,84319.56,84651.54,84273.48,84597.78,0
2025-10-28 13:15,84597.91,84694.27,84325.33,84415.34,0
2025-10-28 14:15,84416.44,84663.92,84219.63,84655.06,0
2025-10-28 15:15,84655.06,84655.06,84567.45,84627.98,0
2025-10-29 09:15,84714.27,84914.14,84639.21,84779.62,0
2025-10-29 10:15,84778.74,85001.96,84740.24,84853.27,0
2025-10-29 11:15,84852.74,84996.79,84802.97,84976.33,0
2025-10-29 12:15,84974.31,85047.01,84927.56,85037.31,0
2025-10-29 13:15,85035.82,85102.08,84943.74,84978.89,0
2025-10-29 14:15,84978.4,85077.31,84873.63,84959.85,0
2025-10-29 15:15,84963.47,84997.23,84960.89,84997.13,0
2025-10-30 09:15,84772.76,84906.59,84467.29,84723.5,0
2025-10-30 10:15,84723.19,84728.55,84523.0,84667.04,0
2025-10-30 11:15,84669.95,84749.39,84492.57,84552.01,0
2025-10-30 12:15,84551.09,84592.18,84477.0,84566.93,0
2025-10-30 13:15,84567.16,84617.22,84384.39,84470.76,0
2025-10-30 14:15,84470.21,84535.71,84312.65,84371.56,0
2025-10-30 15:15,84372.86,84404.46,84372.86,84404.46,0
2025-10-31 09:15,84383.88,84711.11,84259.08,84440.29,0
2025-10-31 10:15,84440.29,84440.29,84045.77,84080.48,0
2025-10-31 11:15,84081.65,84292.41,84060.65,84171.19,0
2025-10-31 12:15,84173.33,84234.1,84110.26,84189.45,0
2025-10-31 13:15,84189.52,84216.14,84022.65,84102.25,0
2025-10-31 14:15,84101.55,84137.93,83905.79,83917.74,0
2025-10-31 15:15,83917.37,83947.31,83917.37,83938.07,0
2025-11-03 09:15,83829.14,84005.7,83612.2,83828.57,0
2025-11-03 10:15,83826.6,84051.82,83772.22,83986.84,0
2025-11-03 11:15,83987.96,84018.15,83804.63,83804.67,0
2025-11-03 12:15,83804.37,83965.37,83772.5,83938.69,0
2025-11-03 13:15,83937.35,84038.06,83876.72,84023.03,0
2025-11-03 14:15,84020.98,84124.39,83885.92,83993.13,0
2025-11-03 15:15,83994.52,83994.52,83958.3,83978.5,0
2025-11-04 09:15,84012.89,84066.7,83753.03,83799.58,0
2025-11-04 10:15,83799.58,83898.29,83711.89,83765.74,0
2025-11-04 11:15,83765.74,83783.55,83653.66,83742.9,0
2025-11-04 12:15,83744.13,83781.51,83658.38,83682.53,0
2025-11-04 13:15,83682.01,83748.13,83514.99,83529.47,0
2025-11-04 14:15,83529.66,83599.67,83448.11,83491.67,0
2025-11-04 15:15,83489.78,83489.78,83459.11,83459.11,0
2025-11-06 09:15,83555.84,83844.47,83386.04,83422.35,0
2025-11-06 10:15,83420.08,83534.45,83358.24,83465.29,0
2025-11-06 11:15,83466.93,83526.68,83374.02,83448.17,0
2025-11-06 12:15,83445.64,83660.03,83380.82,83554.06,0
2025-11-06 13:15,83554.06,83616.65,83331.83,83450.25,0
2025-11-06 14:15,83451.93,83479.01,83240.06,83313.86,0
2025-11-06 15:15,83322.34,83324.25,83308.26,83310.97,0
2025-11-07 09:15,83148.76,83148.76,82672.31,82762.75,0
2025-11-07 10:15,82763.56,82965.18,82728.26,82958.94,0
2025-11-07 11:15,82959.42,83161.29,82948.46,83099.58,0
2025-11-07 12:15,83096.73,83238.61,83082.32,83184.11,0
2025-11-07 13:15,83182.94,83390.11,83069.7,83155.19,0
2025-11-07 14:15,83154.52,83373.11,83144.33,83175.49,0
2025-11-07 15:15,83183.92,83217.99,83177.86,83216.28,0
2025-11-10 09:15,83251.13,83552.87,83240.63,83496.74,0
2025-11-10 10:15,83498.64,83675.36,83496.18,83659.69,0
2025-11-10 11:15,83660.42,83736.53,83618.98,83652.83,0
2025-11-10 12:15,83652.83,83754.49,83605.7,83679.6,0
2025-11-10 13:15,83676.2,83716.43,83517.13,83639.64,0
2025-11-10 14:15,83643.02,83737.04,83481.41,83484.8,0
2025-11-10 15:15,83483.58,83554.79,83483.58,83535.35,0
2025-11-11 09:15,83623.54,83715.41,83249.79,83301.86,0
2025-11-11 10:15,83299.62,83319.64,83124.03,83218.92,0
2025-11-11 11:15,83218.9,83434.58,83175.44,83382.53,0
2025-11-11 12:15,83380.77,83549.03,83374.17,83543.2,0
2025-11-11 13:15,83543.8,83803.02,83542.43,83693.18,0
2025-11-11 14:15,83691.49,83884.27,83688.26,83860.44,0
2025-11-11 15:15,83856.64,83871.38,83841.21,83871.32,0
2025-11-12 09:15,84297.77,84462.17,84168.7,84363.72,0
2025-11-12 10:15,84367.08,84510.9,84299.26,84510.9,0
2025-11-12 11:15,84512.05,84574.71,84484.84,84504.19,0
2025-11-12 12:15,84504.82,84644.24,84493.28,84634.16,0
2025-11-12 13:15,84625.85,84650.83,84474.05,84517.16,0
2025-11-12 14:15,84517.97,84570.57,84450.9,84504.0,0
2025-11-12 15:15,84504.12,84533.64,84466.64,84466.64,0
2025-11-13 09:15,84516.16,84569.12,84254.4,84551.8,0
2025-11-13 10:15,84552.45,84802.37,84536.2,84762.05,0
2025-11-13 11:15,84762.27,84825.8,84727.82,84793.35,0
2025-11-13 12:15,84791.67,84838.62,84674.44,84803.22,0
2025-11-13 13:15,84801.49,84919.43,84461.39,84533.19,0
2025-11-13 14:15,84533.06,84685.38,84409.9,84491.02,0
2025-11-13 15:15,84491.69,84491.69,84469.61,84478.67,0
2025-11-14 09:15,84157.23,84464.94,84104.33,84158.0,0
2025-11-14 10:15,84157.04,84416.3,84060.45,84387.62,0
2025-11-14 11:15,84387.62,84406.4,84164.56,84297.97,0
2025-11-14 12:15,84297.97,84344.77,84162.01,84218.36,0
2025-11-14 13:15,84217.67,84271.69,84029.32,84122.45,0
2025-11-14 14:15,84122.33,84695.74,84073.33,84684.06,0
2025-11-14 15:15,84677.97,84677.97,84482.15,84562.69,0
2025-11-17 09:15,84700.61,84844.69,84583.68,84730.72,0
2025-11-17 10:15,84730.6,84812.27,84656.48,84738.23,0
2025-11-17 11:15,84738.23,84821.64,84639.67,84806.31,0
2025-11-17 12:15,84806.13,84889.66,84788.46,84846.98,0
2025-11-17 13:15,84847.07,84976.92,84785.67,84939.4,0
2025-11-17 14:15,84939.56,84967.76,84822.66,84959.24,0
2025-11-17 15:15,84957.69,84957.69,84941.77,84951.12,0
2025-11-18 09:15,85042.37,85042.37,84565.95,84613.79,0
2025-11-18 10:15,84616.63,84758.3,84558.57,84748.61,0
2025-11-18 11:15,84747.02,84895.95,84702.29,84838.23,0
2025-11-18 12:15,84839.11,84851.77,84728.74,84823.65,0
2025-11-18 13:15,84823.65,84957.66,84817.48,84927.53,0
2025-11-18 14:15,84926.64,84941.14,84660.32,84664.18,0
2025-11-18 15:15,84656.75,84724.02,84656.75,84673.06,0
2025-11-19 09:15,84704.83,84859.27,84528.97,84847.78,0
2025-11-19 10:15,84850.25,84959.18,84765.08,84765.08,0
2025-11-19 11:15,84767.96,84990.94,84739.79,84966.38,0
2025-11-19 12:15,84967.2,85096.46,84962.99,85073.14,0
2025-11-19 13:15,85073.05,85103.8,84941.33,85094.21,0
2025-11-19 14:15,85092.14,85236.77,85092.14,85190.32,0
2025-11-19 15:15,85198.26,85198.26,85186.09,85186.45,0
2025-11-20 09:15,85387.95,85417.92,85201.98,85333.98,0
2025-11-20 10:15,85335.46,85481.98,85309.53,85423.51,0
2025-11-20 11:15,85428.38,85498.77,85393.74,85468.59,0
2025-11-20 12:15,85469.05,85601.81,85434.78,85558.74,0
2025-11-20 13:15,85563.85,85767.71,85563.59,85739.07,0
2025-11-20 14:15,85738.8,85800.95,85527.03,85696.17,0
2025-11-20 15:15,85694.52,85694.52,85626.34,85632.65,0
2025-11-21 09:15,85350.41,85609.4,85289.7,85297.98,0
2025-11-21 10:15,85297.51,85371.34,85195.07,85369.29,0
2025-11-21 11:15,85369.0,85416.94,85237.57,85413.29,0
2025-11-21 12:15,85417.22,85581.97,85411.07,85446.26,0
2025-11-21 13:15,85446.61,85490.37,85319.21,85489.03,0
2025-11-21 14:15,85488.98,85527.8,85219.06,85246.92,0
2025-11-21 15:15,85245.97,85246.71,85231.15,85231.92,0
2025-11-24 09:15,85426.39,85436.89,85210.99,85400.07,0
2025-11-24 10:15,85399.72,85472.8,85312.79,85329.53,0
2025-11-24 11:15,85329.43,85437.19,85223.93,85248.52,0
2025-11-24 12:15,85243.46,85336.74,85193.67,85309.06,0
2025-11-24 13:15,85303.9,85354.07,85150.84,85220.76,0
2025-11-24 14:15,85221.07,85236.52,84851.07,84879.97,0
2025-11-24 15:15,84872.61,84969.04,84872.61,84900.84,0
2025-11-25 09:15,85009.09,85107.54,84780.17,85101.03,0
2025-11-25 10:15,85098.82,85104.78,84766.18,84822.76,0
2025-11-25 11:15,84822.75,84989.65,84810.27,84937.32,0
2025-11-25 12:15,84938.48,85042.89,84840.4,84986.73,0
2025-11-25 13:15,84983.57,85104.1,84949.37,85081.76,0
2025-11-25 14:15,85081.44,85100.95,84553.34,84618.65,0
2025-11-25 15:15,84618.81,84622.26,84587.01,84587.01,0
2025-11-26 09:15,84503.58,85266.3,84503.58,85239.23,0
2025-11-26 10:15,85239.54,85376.98,85126.19,85295.54,0
2025-11-26 11:15,85297.67,85468.11,85293.51,85444.64,0
2025-11-26 12:15,85442.64,85582.4,85408.23,85545.66,0
2025-11-26 13:15,85547.04,85630.32,85441.15,85567.2,0
2025-11-26 14:15,85566.37,85643.7,85452.61,85623.9,0
2025-11-26 15:15,85623.28,85623.28,85604.31,85609.33,0
2025-11-27 09:15,85756.84,86024.44,85662.82,85915.12,0
2025-11-27 10:15,85920.19,86055.61,85871.0,85990.76,0
2025-11-27 11:15,85997.34,86032.91,85778.58,85819.33,0
2025-11-27 12:15,85818.15,85894.83,85581.6,85590.25,0
2025-11-27 13:15,85591.2,85679.01,85473.85,85631.59,0
2025-11-27 14:15,85629.04,85775.97,85576.65,85727.12,0
2025-11-27 15:15,85726.75,85726.75,85704.16,85720.38,0
2025-11-28 09:15,85791.55,85926.67,85579.18,85835.87,0
2025-11-28 10:15,85834.05,85969.89,85752.04,85925.67,0
2025-11-28 11:15,85928.1,85946.84,85804.37,85827.24,0
2025-11-28 12:15,85827.24,85842.15,85724.44,85759.66,0
2025-11-28 13:15,85760.07,85830.98,85704.85,85715.53,0
2025-11-28 14:15,85717.82,85786.59,85688.55,85694.98,0
2025-11-28 15:15,85695.75,85714.92,85695.75,85707.47,0
2025-12-01 09:15,86104.36,86109.4,85933.17,86005.71,0
2025-12-01 10:15,86007.76,86020.9,85786.1,85859.36,0
2025-12-01 11:15,85860.56,85934.63,85615.91,85637.63,0
2025-12-01 12:15,85639.57,85677.54,85550.74,85667.66,0
2025-12-01 13:15,85670.44,85800.4,85599.02,85758.64,0
2025-12-01 14:15,85756.09,85765.96,85490.0,85640.58,0
2025-12-01 15:15,85642.41,85642.41,85625.28,85641.98,0
2025-12-02 09:15,85265.39,85551.13,85251.5,85265.13,0
2025-12-02 10:15,85264.82,85387.58,85215.53,85317.79,0
2025-12-02 11:15,85312.53,85337.73,85194.59,85233.58,0
2025-12-02 12:15,85232.86,85338.26,85169.2,85179.4,0
2025-12-02 13:15,85178.58,85234.97,85141.09,85182.92,0
2025-12-02 14:15,85188.02,85202.23,85053.0,85149.86,0
2025-12-02 15:15,85146.99,85146.99,85109.38,85138.27,0
2025-12-03 09:15,85116.42,85269.68,84765.31,84858.36,0
2025-12-03 10:15,84860.54,84924.84,84769.07,84860.52,0
2025-12-03 11:15,84860.34,84984.26,84773.2,84964.51,0
2025-12-03 12:15,84964.51,85003.82,84832.69,84896.8,0
2025-12-03 13:15,84896.31,84963.24,84801.99,84953.24,0
2025-12-03 14:15,84958.98,85174.34,84893.94,85129.5,0
2025-12-03 15:15,85121.29,85121.29,85104.91,85106.81,0
2025-12-04 09:15,84998.51,85324.17,84950.99,85319.78,0
2025-12-04 10:15,85321.33,85486.91,85274.26,85408.06,0
2025-12-04 11:15,85408.68,85423.18,85182.13,85221.66,0
2025-12-04 12:15,85226.01,85265.93,85087.81,85125.18,0
2025-12-04 13:15,85123.0,85216.08,85017.6,85157.22,0
2025-12-04 14:15,85154.64,85375.18,85104.66,85265.83,0
2025-12-04 15:15,85254.14,85310.54,85254.14,85265.61,0
2025-12-05 09:15,85165.64,85495.3,85093.3,85407.25,0
2025-12-05 10:15,85406.44,85620.14,85181.74,85611.13,0
2025-12-05 11:15,85611.49,85657.44,85541.24,85553.37,0
2025-12-05 12:15,85554.41,85793.06,85548.63,85694.99,0
2025-12-05 13:15,85695.69,85747.68,85579.99,85638.81,0
2025-12-05 14:15,85641.81,85742.14,85504.72,85723.36,0
2025-12-05 15:15,85722.39,85722.39,85701.32,85712.37,0
2025-12-08 09:15,85710.23,85710.23,85361.51,85472.48,0
2025-12-08 10:15,85473.24,85507.05,85331.38,85389.23,0
2025-12-08 11:15,85390.87,85426.42,85321.1,85321.1,0
2025-12-08 12:15,85321.12,85369.59,85230.95,85331.56,0
2025-12-08 13:15,85331.3,85336.83,84909.45,84944.62,0
2025-12-08 14:15,84944.62,85201.52,84875.59,85148.25,0
2025-12-08 15:15,85146.88,85150.03,85102.69,85102.69,0
2025-12-09 09:15,84778.72,84887.97,84382.96,84560.62,0
2025-12-09 10:15,84561.8,84792.15,84526.9,84782.82,0
2025-12-09 11:15,84783.79,84877.02,84630.91,84873.82,0
2025-12-09 12:15,84873.82,84946.29,84745.37,84809.85,0
2025-12-09 13:15,84810.59,84898.72,84793.16,84844.86,0
2025-12-09 14:15,85102.69,85102.69,84588.6,84662.86,0
2025-12-09 15:15,84665.64,84675.13,84665.49,84666.28,0
2025-12-10 09:15,84607.49,84958.2,84607.49,84916.72,0
2025-12-10 10:15,84916.14,85019.78,84606.18,84765.01,0
2025-12-10 11:15,84772.55,84794.86,84573.16,84619.43,0
2025-12-10 12:15,84619.14,84644.73,84412.39,84497.14,0
2025-12-10 13:15,84497.14,84684.25,84363.29,84399.09,0
2025-12-10 14:15,84398.78,84494.05,84313.83,84399.16,0
2025-12-10 15:15,84399.45,84407.76,84390.62,84391.27,0
2025-12-11 09:15,84461.97,84538.18,84150.19,84500.21,0
2025-12-11 10:15,84507.69,84628.11,84351.66,84449.85,0
2025-12-11 11:15,84454.82,84811.96,84432.39,84765.93,0
2025-12-11 12:15,84765.96,84896.96,84618.73,84690.44,0
2025-12-11 13:15,84685.67,84827.02,84650.76,84697.07,0
2025-12-11 14:15,84706.75,84906.14,84647.54,84806.68,0
2025-12-11 15:15,84806.34,84826.87,84806.34,84818.13,0
2025-12-12 09:15,85089.13,85282.76,85050.65,85116.65,0
2025-12-12 10:15,85112.9,85177.52,84957.04,85117.31,0
2025-12-12 11:15,85117.31,85280.63,85110.99,85193.68,0
2025-12-12 12:15,85193.68,85271.07,85169.43,85240.47,0
2025-12-12 13:15,85240.78,85310.74,85182.75,85268.94,0
2025-12-12 14:15,85269.11,85320.82,85187.21,85310.34,0
2025-12-12 15:15,85307.89,85307.89,85267.52,85267.66,0
2025-12-15 09:15,84898.2,85150.04,84841.03,85033.03,0
2025-12-15 10:15,85032.67,85131.9,84969.8,85073.32,0
2025-12-15 11:15,85073.48,85239.09,85005.95,85205.34,0
2025-12-15 12:15,85205.33,85274.53,85156.64,85272.99,0
2025-12-15 13:15,85270.94,85275.46,85108.53,85148.41,0
2025-12-15 14:15,85152.54,85278.51,85144.63,85221.18,0
2025-12-15 15:15,85221.03,85230.5,85213.96,85213.96,0
2025-12-16 09:15,85010.37,85033.88,84717.08,84750.37,0
2025-12-16 10:15,84752.51,84851.02,84734.12,84754.14,0
2025-12-16 11:15,84754.14,84808.51,84684.19,84746.53,0
2025-12-16 12:15,84745.07,84845.31,84719.48,84764.72,0
2025-12-16 13:15,84766.24,84904.24,84737.56,84767.57,0
2025-12-16 14:15,84763.7,84802.83,84655.01,84685.32,0
2025-12-16 15:15,84685.76,84710.65,84680.19,84680.19,0
2025-12-17 09:15,84830.93,84889.05,84570.71,84614.18,0
2025-12-17 10:15,84615.06,84650.08,84491.95,84616.09,0
2025-12-17 11:15,84616.09,84650.53,84437.91,84460.19,0
2025-12-17 12:15,84460.89,84534.97,84417.98,84469.53,0
2025-12-17 13:15,84469.71,84578.97,84436.79,84496.96,0
2025-12-17 14:15,84496.05,84593.44,84421.73,84538.97,0
2025-12-17 15:15,84538.63,84560.79,84538.63,84559.65,0
2025-12-18 09:15,84451.66,84557.65,84238.43,84456.88,0
2025-12-18 10:15,84457.26,84675.38,84422.54,84542.92,0
2025-12-18 11:15,84542.74,84718.82,84510.31,84713.2,0
2025-12-18 12:15,84714.24,84778.8,84639.93,84695.44,0
2025-12-18 13:15,84699.33,84704.86,84443.83,84472.34,0
2025-12-18 14:15,84469.89,84551.84,84359.79,84518.68,0
2025-12-18 15:15,84525.31,84525.31,84479.69,84481.81,0
2025-12-19 09:15,84756.79,85014.83,84756.79,84899.98,0
2025-12-19 10:15,84899.98,85067.5,84890.03,84967.34,0
2025-12-19 11:15,84969.4,84983.26,84792.42,84916.46,0
2025-12-19 12:15,84916.99,84934.9,84797.3,84807.2,0
2025-12-19 13:15,84810.14,84991.95,84806.84,84950.25,0
2025-12-19 14:15,84946.12,85030.31,84858.55,84939.06,0
2025-12-19 15:15,84930.77,84934.01,84924.02,84929.42,0
2025-12-22 09:15,85197.07,85460.25,85182.98,85405.06,0
2025-12-22 10:15,85401.4,85459.14,85362.26,85379.22,0
2025-12-22 11:15,85380.38,85448.46,85351.1,85400.6,0
2025-12-22 12:15,85399.61,85472.08,85335.81,85448.5,0
2025-12-22 13:15,85449.23,85499.56,85416.94,85461.3,0
2025-12-22 14:15,85461.33,85600.24,85418.65,85581.6,0
2025-12-22 15:15,85583.57,85583.57,85567.35,85567.6,0
2025-12-23 09:15,85667.28,85667.28,85343.02,85574.26,0
2025-12-23 10:15,85575.69,85584.81,85465.28,85579.97,0
2025-12-23 11:15,85579.97,85587.87,85460.63,85553.27,0
2025-12-23 12:15,85553.27,85598.44,85486.15,85570.58,0
2025-12-23 13:15,85569.72,85621.05,85543.51,85607.6,0
2025-12-23 14:15,85609.23,85704.12,85486.47,85546.22,0
2025-12-23 15:15,85542.45,85542.45,85524.55,85524.55,0
2025-12-24 09:15,85519.95,85685.65,85389.15,85678.72,0
2025-12-24 10:15,85678.9,85734.3,85564.98,85613.6,0
2025-12-24 11:15,85616.36,85641.79,85483.69,85544.47,0
2025-12-24 12:15,85545.11,85591.81,85491.57,85516.02,0
2025-12-24 13:15,85516.02,85523.4,85395.06,85451.34,0
2025-12-24 14:15,85453.08,85487.86,85344.34,85464.88,0
2025-12-24 15:15,85459.74,85459.74,85404.57,85408.81,0
2025-12-26 09:15,85295.91,85375.92,85166.91,85239.79,0
2025-12-26 10:15,85240.19,85247.84,85153.86,85171.07,0
2025-12-26 11:15,85171.02,85173.16,85067.65,85086.22,0
2025-12-26 12:15,85086.72,85118.42,85000.22,85034.42,0
2025-12-26 13:15,85034.72,85072.89,85006.24,85034.86,0
2025-12-26 14:15,85036.07,85075.23,84937.82,85073.9,0
2025-12-26 15:15,85066.75,85066.75,85039.74,85041.2,0
2025-12-29 09:15,85127.32,85248.99,84975.04,84994.41,0
2025-12-29 10:15,84991.94,85003.76,84802.98,84815.47,0
2025-12-29 11:15,84814.37,84837.95,84754.88,84803.49,0
2025-12-29 12:15,84803.49,84814.27,84725.61,84738.69,0
2025-12-29 13:15,84739.75,84759.45,84650.12,84713.55,0
2025-12-29 14:15,84713.26,84800.5,84641.51,84702.36,0
2025-12-29 15:15,84695.34,84695.89,84680.64,84695.54,0
2025-12-30 09:15,84686.13,84709.35,84471.23,84684.33,0
2025-12-30 10:15,84684.78,84802.64,84595.76,84624.25,0
2025-12-30 11:15,84624.25,84638.64,84506.86,84518.19,0
2025-12-30 12:15,84518.19,84610.37,84501.55,84544.05,0
2025-12-30 13:15,84543.71,84749.56,84531.42,84679.48,0
2025-12-30 14:15,84679.48,84737.94,84583.83,84665.3,0
2025-12-30 15:15,84667.69,84675.08,84660.3,84675.08,0
2025-12-31 09:15,84793.58,84922.28,84706.43,84811.95,0
2025-12-31 10:15,84811.44,84974.16,84794.34,84965.3,0
2025-12-31 11:15,84963.28,85087.67,84909.92,85085.62,0
2025-12-31 12:15,85085.44,85320.05,85066.55,85312.23,0
2025-12-31 13:15,85312.23,85400.14,85255.95,85348.0,0
2025-12-31 14:15,85348.0,85437.12,85154.17,85193.11,0
2025-12-31 15:15,85196.86,85232.5,85196.86,85220.66,0
2026-01-01 09:15,85293.84,85448.42,85276.76,85301.35,0
2026-01-01 10:15,85302.63,85412.65,85172.42,85365.08,0
2026-01-01 11:15,85362.98,85364.68,85163.51,85181.88,0
2026-01-01 12:15,85183.86,85292.29,85118.82,85269.4,0
2026-01-01 13:15,85275.47,85345.39,85177.15,85307.66,0
2026-01-01 14:15,85308.05,85340.17,85153.44,85180.66,0
2026-01-01 15:15,85170.04,85210.78,85170.04,85188.62,0
2026-01-02 09:15,85236.89,85605.13,85106.22,85543.14,0
2026-01-02 10:15,85543.91,85582.86,85481.16,85505.15,0
2026-01-02 11:15,85504.51,85658.35,85503.98,85631.73,0
2026-01-02 12:15,85630.97,85705.67,85596.1,85657.53,0
2026-01-02 13:15,85657.35,85692.72,85632.24,85661.31,0
2026-01-02 14:15,85661.21,85775.4,85546.8,85749.7,0
2026-01-02 15:15,85748.22,85762.04,85727.35,85762.04,0
2026-01-05 09:15,85640.43,85796.3,85516.95,85773.44,0
2026-01-05 10:15,85771.44,85882.63,85752.97,85816.86,0
2026-01-05 11:15,85817.21,85831.84,85652.63,85728.65,0
2026-01-05 12:15,85731.13,85770.31,85637.15,85644.22,0
2026-01-05 13:15,85638.15,85664.76,85325.78,85371.01,0
2026-01-05 14:15,85369.07,85562.47,85315.63,85440.23,0
2026-01-05 15:15,85441.02,85482.67,85439.62,85439.62,0
2026-01-06 09:15,85331.14,85396.79,85024.83,85301.77,0
2026-01-06 10:15,85300.98,85332.98,85119.1,85128.32,0
2026-01-06 11:15,85135.49,85152.42,84958.49,85046.72,0
2026-01-06 12:15,85047.18,85109.09,84982.86,85050.92,0
2026-01-06 13:15,85055.48,85062.17,84900.1,84923.32,0
2026-01-06 14:15,84922.04,85093.69,84905.98,85060.05,0
2026-01-06 15:15,85055.35,85064.1,85048.83,85063.49,0
2026-01-07 09:15,84883.62,85039.19,84781.34,84985.77,0
2026-01-07 10:15,84991.82,85074.93,84864.98,84979.88,0
2026-01-07 11:15,84979.39,85022.94,84826.79,84840.65,0
2026-01-07 12:15,84840.67,84857.55,84728.6,84820.64,0
2026-01-07 13:15,84820.99,84844.05,84707.99,84826.79,0
2026-01-07 14:15,84825.38,84986.25,84741.53,84973.51,0
2026-01-07 15:15,84974.68,84974.68,84939.45,84961.15,0
2026-01-08 09:15,84771.24,84963.6,84678.85,84774.62,0
2026-01-08 10:15,84774.1,84774.1,84597.46,84597.98,0
2026-01-08 11:15,84598.64,84637.39,84232.76,84370.52,0
2026-01-08 12:15,84373.21,84417.36,84250.38,84329.09,0
2026-01-08 13:15,84329.49,84406.4,84207.45,84369.81,0
2026-01-08 14:15,84369.93,84428.73,84111.37,84187.72,0
2026-01-08 15:15,84187.29,84187.3,84177.73,84181.19,0
2026-01-09 09:15,84107.21,84405.4,84029.11,84121.44,0
2026-01-09 10:15,84122.44,84235.16,83919.05,83919.76,0
2026-01-09 11:15,83916.7,83987.71,83707.98,83721.03,0
2026-01-09 12:15,83721.24,83771.14,83509.19,83575.26,0
2026-01-09 13:15,83577.22,83703.99,83500.79,83507.06,0
2026-01-09 14:15,83506.38,83638.12,83402.69,83610.94,0
2026-01-09 15:15,83608.32,83608.32,83570.94,83576.69,0
2026-01-12 09:15,83471.31,83608.31,83050.95,83124.35,0
2026-01-12 10:15,83116.03,83236.2,83039.09,83045.17,0
2026-01-12 11:15,83047.07,83176.04,82861.19,83176.04,0
2026-01-12 12:15,83175.37,83711.29,83156.99,83644.31,0
2026-01-12 13:15,83641.86,83763.26,83543.39,83681.71,0
2026-01-12 14:15,83680.18,83945.73,83610.03,83836.34,0
2026-01-12 15:15,83838.19,83878.17,83838.19,83878.17,0
2026-01-13 09:15,84196.61,84243.98,83578.56,83726.66,0
2026-01-13 10:15,83725.36,83996.99,83664.92,83865.3,0
2026-01-13 11:15,83864.31,83925.59,83613.17,83613.17,0
2026-01-13 12:15,83614.04,83659.06,83325.42,83413.51,0
2026-01-13 13:15,83411.42,83490.63,83288.99,83346.03,0
2026-01-13 14:15,83340.45,83725.77,83262.94,83674.6,0
2026-01-13 15:15,83674.42,83674.42,83627.85,83628.02,0
2026-01-14 09:15,83352.13,83714.93,83338.35,83473.97,0
2026-01-14 10:15,83470.69,83604.19,83358.45,83576.01,0
2026-01-14 11:15,83559.47,83809.98,83533.3,83653.9,0
2026-01-14 12:15,83657.55,83778.65,83603.01,83640.65,0
2026-01-14 13:15,83640.08,83685.6,83255.65,83385.11,0
2026-01-14 14:15,83385.11,83553.24,83186.15,83337.99,0
2026-01-14 15:15,83338.69,83402.85,83338.69,83382.71,0
2026-01-16 09:15,83564.62,83871.36,83515.73,83863.5,0
2026-01-16 10:15,83859.81,84134.03,83859.17,83933.57,0
2026-01-16 11:15,83932.22,83989.07,83803.54,83987.09,0
2026-01-16 12:15,83986.29,83994.09,83590.25,83627.09,0
2026-01-16 13:15,83626.78,83641.12,83458.08,83572.98,0
2026-01-16 14:15,83572.79,83675.72,83513.55,83531.55,0
2026-01-16 15:15,83527.62,83571.12,83527.62,83570.37,0
2026-01-19 09:15,83494.49,83494.49,82943.42,83011.8,0
2026-01-19 10:15,83013.61,83570.35,82899.42,83049.63,0
2026-01-19 11:15,83050.07,83105.64,82966.35,83034.0,0
2026-01-19 12:15,83031.62,83170.65,82990.97,83066.26,0
2026-01-19 13:15,83066.77,83396.7,83035.1,83274.11,0
2026-01-19 14:15,83274.2,83408.4,83257.65,83288.82,0
2026-01-19 15:15,83295.09,83324.79,83246.22,83246.22,0
2026-01-20 09:15,83190.6,83249.49,82813.13,82929.68,0
2026-01-20 10:15,82925.58,83035.91,82851.59,82864.13,0
2026-01-20 11:15,82859.82,83021.6,82817.61,82849.51,0
2026-01-20 12:15,82848.13,82870.43,82745.58,82765.37,0
2026-01-20 13:15,82765.96,82822.0,82564.56,82599.88,0
2026-01-20 14:15,82599.47,82693.72,82160.99,82160.99,0
2026-01-20 15:15,82156.75,82292.24,82156.75,82180.57,0
2026-01-21 09:15,81833.67,82279.85,81831.72,81889.31,0
2026-01-21 10:15,81891.11,81891.11,81127.04,81559.01,0
2026-01-21 11:15,81557.03,81810.22,81469.31,81807.36,0
2026-01-21 12:15,81811.0,82406.51,81772.7,82156.94,0
2026-01-21 13:15,82176.09,82212.53,81880.54,81894.92,0
2026-01-21 14:15,81894.32,82067.4,81827.58,81909.46,0
2026-01-21 15:15,81909.75,81920.91,81907.79,81909.63,0
2026-01-22 09:15,82493.42,82782.51,82386.23,82574.07,0
2026-01-22 10:15,82572.08,82614.64,81981.92,82025.1,0
2026-01-22 11:15,82024.15,82257.25,81915.85,82123.28,0
2026-01-22 12:15,82130.45,82260.12,81958.11,81958.11,0
2026-01-22 13:15,81957.41,82143.68,81876.87,81941.9,0
2026-01-22 14:15,81940.88,82397.06,81875.83,82280.44,0
2026-01-22 15:15,82281.1,82307.37,82237.96,82307.37,0
2026-01-23 09:15,82392.62,82513.65,82176.9,82246.11,0
2026-01-23 10:15,82244.8,82343.82,82131.49,82274.98,0
2026-01-23 11:15,82275.46,82281.97,81947.85,81947.85,0
2026-01-23 12:15,81950.55,82128.17,81921.06,81987.33,0
2026-01-23 13:15,81986.64,81986.64,81510.58,81563.49,0
2026-01-23 14:15,81563.49,81710.87,81475.73,81539.07,0
2026-01-23 15:15,81539.8,81549.09,81534.41,81537.74,0
2026-01-27 09:15,81455.97,81841.32,81089.78,81719.04,0
2026-01-27 10:15,81720.28,81899.7,81236.65,81385.69,0
2026-01-27 11:15,81385.71,81812.67,81369.21,81683.66,0
2026-01-27 12:15,81683.62,81733.99,81465.72,81580.37,0
2026-01-27 13:15,81580.13,81704.61,81310.85,81429.7,0
2026-01-27 14:15,81433.46,81842.37,81355.48,81815.59,0
2026-01-27 15:15,81816.36,81857.48,81735.51,81857.48,0
2026-01-28 09:15,82054.36,82496.01,82054.36,82130.43,0
2026-01-28 10:15,82131.44,82370.07,82070.04,82341.5,0
2026-01-28 11:15,82339.6,82422.8,82218.62,82291.26,0
2026-01-28 12:15,82291.76,82299.96,82054.57,82137.34,0
2026-01-28 13:15,82138.29,82175.38,81814.94,81898.33,0
2026-01-28 14:15,81895.1,82361.14,81859.14,82286.48,0
2026-01-28 15:15,82291.74,82345.14,82291.74,82344.59,0
2026-01-29 09:15,82378.46,82378.46,81710.4,81890.74,0
2026-01-29 10:15,81891.0,82067.04,81751.42,82031.98,0
2026-01-29 11:15,82030.54,82180.27,81978.45,82141.85,0
2026-01-29 12:15,82142.58,82444.23,82079.74,82391.48,0
2026-01-29 13:15,82391.21,82627.57,82282.4,82557.7,0
2026-01-29 14:15,82557.43,82688.79,82487.48,82532.62,0
2026-01-29 15:15,82525.36,82595.53,82525.36,82566.39,0
2026-01-30 09:15,82038.02,82272.11,81983.66,82267.52,0
2026-01-30 10:15,82266.73,82282.39,82038.47,82057.75,0
2026-01-30 11:15,82057.44,82182.14,81997.99,82173.27,0
2026-01-30 12:15,82176.89,82241.78,82017.9,82059.91,0
2026-01-30 13:15,82060.12,82566.37,81969.29,82373.06,0
2026-01-30 14:15,82371.85,82402.74,82167.73,82267.5,0
2026-01-30 15:15,82265.25,82270.35,82245.42,82269.78,0
2026-02-03 09:15,85575.45,85709.76,83502.18,83575.78,0
2026-02-03 10:15,83577.65,84085.83,83577.65,83980.37,0
2026-02-03 11:15,83981.59,84199.46,83930.78,84117.84,0
2026-02-03 12:15,84121.25,84121.25,83893.8,83930.93,0
2026-02-03 13:15,83930.93,84008.49,83766.01,83878.92,0
2026-02-03 14:15,83882.0,83950.25,83645.97,83731.58,0
2026-02-03 15:15,83733.78,83759.29,83733.78,83739.13,0
2026-02-04 09:15,83483.95,83884.53,83149.24,83817.64,0
2026-02-04 10:15,83818.67,83828.94,83555.81,83661.98,0
2026-02-04 11:15,83660.3,83690.87,83509.07,83688.08,0
2026-02-04 12:15,83687.24,83763.03,83552.18,83673.2,0
2026-02-04 13:15,83671.16,83864.01,83650.89,83853.42,0
2026-02-04 14:15,83853.22,83947.53,83808.02,83834.71,0
2026-02-04 15:15,83833.7,83857.67,83819.02,83819.02,0
2026-02-05 09:15,83666.87,83762.73,83313.46,83522.06,0
2026-02-05 10:15,83514.55,83601.78,83312.42,83499.01,0
2026-02-05 11:15,83498.64,83538.44,83320.85,83348.62,0
2026-02-05 12:15,83352.0,83403.41,83271.39,83342.64,0
2026-02-05 13:15,83365.46,83418.56,83152.83,83219.72,0
2026-02-05 14:15,83218.85,83428.23,83196.32,83340.22,0
2026-02-05 15:15,83343.74,83344.14,83313.88,83313.89,0
2026-02-06 09:15,83275.89,83330.76,82945.56,82987.28,0
2026-02-06 10:15,82986.58,83185.43,82926.34,83185.43,0
2026-02-06 11:15,83189.33,83457.19,83160.13,83310.22,0
2026-02-06 12:15,83311.67,83314.35,83054.22,83153.49,0
2026-02-06 13:15,83189.2,83404.65,83140.31,83337.14,0
2026-02-06 14:15,83337.14,83610.38,83297.53,83594.93,0
2026-02-06 15:15,83590.37,83590.37,83571.28,83580.58,0
2026-02-09 09:15,84177.51,84299.45,83860.42,83908.34,0
2026-02-09 10:15,83908.31,84103.57,83888.2,84072.04,0
2026-02-09 11:15,84074.95,84092.04,83966.59,84041.36,0
2026-02-09 12:15,84042.06,84071.84,83928.67,84018.44,0
2026-02-09 13:15,84015.46,84051.18,83975.57,83997.25,0
2026-02-09 14:15,83999.06,84083.21,83978.01,84066.76,0
2026-02-09 15:15,84062.75,84074.68,84062.75,84066.39,0
2026-02-10 09:15,84197.96,84400.13,84064.6,84320.36,0
2026-02-10 10:15,84320.3,84447.37,84318.9,84389.64,0
2026-02-10 11:15,84385.09,84405.25,84336.82,84381.55,0
2026-02-10 12:15,84382.07,84482.95,84336.59,84435.59,0
2026-02-10 13:15,84437.08,84456.58,84157.12,84224.51,0
2026-02-10 14:15,84225.9,84392.12,84196.5,84278.68,0
2026-02-10 15:15,84277.72,84316.25,84273.94,84273.94,0
2026-02-11 09:15,84479.36,84479.36,84147.59,84184.91,0
2026-02-11 10:15,84187.08,84382.56,84181.72,84294.78,0
2026-02-11 11:15,84295.61,84363.17,84192.95,84276.83,0
2026-02-11 12:15,84276.55,84276.55,84082.23,84159.57,0
2026-02-11 13:15,84160.47,84301.37,84147.34,84252.6,0
2026-02-11 14:15,84253.04,84295.22,84165.77,84249.6,0
2026-02-11 15:15,84253.6,84253.6,84233.61,84233.61,0
2026-02-12 09:15,84021.7,84021.7,83796.95,83976.24,0
2026-02-12 10:15,83970.94,83991.76,83840.77,83866.29,0
2026-02-12 11:15,83862.28,83863.01,83696.16,83788.0,0
2026-02-12 12:15,83786.27,83863.45,83760.94,83803.12,0
2026-02-12 13:15,83801.22,83931.35,83682.22,83739.74,0
2026-02-12 14:15,83732.66,83802.77,83519.04,83674.4,0
2026-02-12 15:15,83671.26,83690.17,83671.26,83674.93,0
2026-02-13 09:15,82915.94,83063.85,82794.11,82835.03,0
2026-02-13 10:15,82832.35,82981.99,82776.89,82880.17,0
2026-02-13 11:15,82886.48,82953.18,82796.72,82935.49,0
2026-02-13 12:15,82933.98,83038.75,82796.9,82944.87,0
2026-02-13 13:15,82944.87,82983.32,82699.64,82800.86,0
2026-02-13 14:15,82804.73,82817.31,82615.25,82620.38,0
2026-02-13 15:15,82619.92,82668.61,82619.92,82626.79,0
2026-02-16 09:15,82469.66,82884.32,82316.64,82852.65,0
2026-02-16 10:15,82854.05,82903.79,82718.63,82790.91,0
2026-02-16 11:15,82791.53,82859.6,82698.69,82842.74,0
2026-02-16 12:15,82840.89,82982.71,82790.05,82920.15,0
2026-02-16 13:15,82920.07,82989.36,82836.34,82934.6,0
2026-02-16 14:15,82933.55,83332.12,82931.18,83303.9,0
2026-02-16 15:15,83308.0,83308.0,83277.06,83277.06,0
2026-02-17 09:15,83197.67,83361.28,82987.6,83348.52,0
2026-02-17 10:15,83350.21,83521.07,83255.02,83342.78,0
2026-02-17 11:15,83342.63,83586.57,83329.68,83493.22,0
2026-02-17 12:15,83493.74,83587.99,83440.88,83498.03,0
2026-02-17 13:15,83499.38,83597.83,83293.61,83303.32,0
2026-02-17 14:15,83304.09,83519.39,83284.26,83446.54,0
2026-02-17 15:15,83446.45,83453.53,83446.45,83450.96,0
2026-02-18 09:15,83552.35,83552.35,83183.25,83235.96,0
2026-02-18 10:15,83236.32,83395.8,83163.62,83330.62,0
2026-02-18 11:15,83332.97,83434.08,83277.87,83390.32,0
2026-02-18 12:15,83393.28,83495.14,83368.78,83442.6,0
2026-02-18 13:15,83447.57,83542.23,83326.35,83521.95,0
2026-02-18 14:15,83522.05,83766.91,83509.97,83739.0,0
2026-02-18 15:15,83739.86,83739.86,83730.55,83734.17,0
2026-02-19 09:15,83975.98,83975.98,83513.17,83544.84,0
2026-02-19 10:15,83550.8,83561.82,83366.26,83373.93,0
2026-02-19 11:15,83373.67,83387.12,82997.38,82998.79,0
2026-02-19 12:15,82998.66,83115.59,82864.45,83037.57,0
2026-02-19 13:15,83036.05,83087.79,82777.74,82852.14,0
2026-02-19 14:15,82849.31,82983.58,82420.84,82455.04,0
2026-02-19 15:15,82459.77,82575.16,82459.77,82498.17,0
2026-02-20 09:15,82328.09,82669.48,82227.52,82544.51,0
2026-02-20 10:15,82545.29,82946.0,82545.29,82790.78,0
2026-02-20 11:15,82791.09,82973.79,82790.98,82926.8,0
2026-02-20 12:15,82926.8,83131.28,82718.01,82766.23,0
2026-02-20 13:15,82765.74,82956.0,82691.02,82906.72,0
2026-02-20 14:15,82906.72,83086.96,82781.66,82795.57,0
2026-02-20 15:15,82797.05,82872.92,82797.05,82814.97,0
2026-02-23 09:15,83060.28,83485.98,83039.57,83278.43,0
2026-02-23 10:15,83283.1,83344.5,83075.98,83239.93,0
2026-02-23 11:15,83240.98,83245.15,83062.82,83153.81,0
2026-02-23 12:15,83152.44,83239.32,83054.97,83087.73,0
2026-02-23 13:15,83087.08,83211.21,82979.28,83041.83,0
2026-02-23 14:15,83041.83,83347.7,83017.73,83279.78,0
2026-02-23 15:15,83274.5,83296.18,83274.5,83294.58,0
2026-02-24 09:15,83041.5,83041.5,82478.13,82478.13,0
2026-02-24 10:15,82479.8,82584.39,82412.0,82556.23,0
2026-02-24 11:15,82555.96,82611.97,82350.64,82413.58,0
2026-02-24 12:15,82415.17,82415.17,82134.16,82251.16,0
2026-02-24 13:15,82249.46,82320.36,81934.86,82283.85,0
2026-02-24 14:15,82285.21,82333.79,82045.99,82210.09,0
2026-02-24 15:15,82208.02,82225.83,82194.41,82225.83,0
2026-02-25 09:15,82513.3,82907.71,82513.3,82896.86,0
2026-02-25 10:15,82896.75,82957.71,82739.39,82759.25,0
2026-02-25 11:15,82757.16,82798.26,82645.81,82688.6,0
2026-02-25 12:15,82686.83,82737.1,82168.04,82245.49,0
2026-02-25 13:15,82247.39,82320.21,82132.63,82221.96,0
2026-02-25 14:15,82225.27,82376.97,82144.86,82266.89,0
2026-02-25 15:15,82260.42,82284.72,82260.42,82275.78,0
2026-02-26 09:15,82464.89,82563.47,82247.17,82523.98,0
2026-02-26 10:15,82525.96,82532.23,82296.8,82411.18,0
2026-02-26 11:15,82410.03,82549.98,82131.13,82174.36,0
2026-02-26 12:15,82177.02,82234.83,81983.96,82074.93,0
2026-02-26 13:15,82076.36,82175.29,81971.65,82139.38,0
2026-02-26 14:15,82140.74,82412.44,82067.85,82205.37,0
2026-02-26 15:15,82206.74,82253.0,82206.74,82248.61,0
2026-02-27 09:15,82119.65,82126.9,81728.94,81760.74,0
2026-02-27 10:15,81761.51,81852.1,81673.38,81790.1,0
2026-02-27 11:15,81796.96,81820.11,81620.86,81663.56,0
2026-02-27 12:15,81662.71,81735.43,81589.24,81639.16,0
2026-02-27 13:15,81639.75,81841.19,81602.53,81744.43,0
2026-02-27 14:15,81744.89,81760.07,81159.6,81247.4,0
2026-02-27 15:15,81238.41,81306.59,81238.41,81287.34,0
2026-03-02 09:15,78689.45,80632.55,78689.45,80299.58,0
2026-03-02 10:15,80302.08,80330.62,80099.49,80190.19,0
2026-03-02 11:15,80187.82,80199.15,79882.03,79889.35,0
2026-03-02 12:15,79886.19,79901.12,79659.36,79707.11,0
2026-03-02 13:15,79707.88,80012.37,79421.05,79976.28,0
2026-03-02 14:15,79980.39,80344.62,79771.02,80344.53,0
2026-03-02 15:15,80345.64,80345.64,80170.02,80238.99,0
2026-03-04 09:15,78612.54,78921.53,78448.46,78810.33,0
2026-03-04 10:15,78808.85,79015.16,78709.9,78901.9,0
2026-03-04 11:15,78906.51,78950.11,78670.46,78781.92,0
2026-03-04 12:15,78783.75,79033.28,78718.16,79033.28,0
2026-03-04 13:15,79031.51,79358.25,78875.78,79352.63,0
2026-03-04 14:15,79358.07,79526.82,79028.24,79075.92,0
2026-03-04 15:15,79077.16,79168.36,79077.16,79116.19,0
2026-03-05 09:15,79546.87,79666.46,79228.62,79425.56,0
2026-03-05 10:15,79423.81,79679.84,79218.6,79604.93,0
2026-03-05 11:15,79606.12,79664.18,79304.51,79494.37,0
2026-03-05 12:15,79496.13,79658.04,79422.32,79554.47,0
2026-03-05 13:15,79554.92,79647.63,79254.74,79271.4,0
2026-03-05 14:15,79271.26,80302.39,79202.09,79821.26,0
2026-03-05 15:15,79828.84,80070.28,79828.84,80015.9,0
2026-03-06 09:15,79624.39,79747.34,79444.72,79623.62,0
2026-03-06 10:15,79623.37,79691.71,79395.93,79522.32,0
2026-03-06 11:15,79517.81,79605.95,79432.48,79457.2,0
2026-03-06 12:15,79452.98,79492.5,79346.3,79395.98,0
2026-03-06 13:15,79395.98,79474.69,79209.11,79353.91,0
2026-03-06 14:15,79354.14,79455.19,78864.67,78897.89,0
2026-03-06 15:15,78893.18,78937.92,78893.18,78918.8,0
2026-03-09 09:15,76854.63,77321.78,76424.85,76825.92,0
2026-03-09 10:15,76819.7,77178.55,76651.28,76935.63,0
2026-03-09 11:15,76934.7,77277.81,76832.73,77002.89,0
2026-03-09 12:15,77003.02,77202.39,76923.71,77063.17,0
2026-03-09 13:15,77059.93,77245.54,76993.88,77098.9,0
2026-03-09 14:15,77099.98,77709.88,77042.96,77656.67,0
2026-03-09 15:15,77646.39,77646.39,77566.44,77566.48,0
2026-03-10 09:15,78414.4,78470.86,77745.47,77942.71,0
2026-03-10 10:15,77942.41,78196.79,77938.19,78154.82,0
2026-03-10 11:15,78159.02,78247.31,77984.08,77984.08,0
2026-03-10 12:15,77983.99,78141.94,77852.12,78054.62,0
2026-03-10 13:15,78046.67,78323.08,77972.7,78300.8,0
2026-03-10 14:15,78300.85,78339.77,78037.33,78198.64,0
2026-03-10 15:15,78199.76,78206.48,78162.79,78206.48,0
2026-03-11 09:15,78180.76,78322.7,77679.78,77721.14,0
2026-03-11 10:15,77718.31,77764.72,77445.99,77522.53,0
2026-03-11 11:15,77524.99,77529.1,77162.08,77300.44,0
2026-03-11 12:15,77301.72,77351.79,77041.82,77075.37,0
2026-03-11 13:15,77064.06,77312.35,77008.99,77105.62,0
2026-03-11 14:15,77102.28,77202.93,76811.16,76842.14,0
2026-03-11 15:15,76847.26,76907.68,76847.26,76863.71,0
2026-03-12 09:15,76309.53,76342.43,75876.35,76068.05,0
2026-03-12 10:15,76068.42,76569.44,76001.76,76454.13,0
2026-03-12 11:15,76451.54,76497.21,76205.48,76461.49,0
2026-03-12 12:15,76467.07,76510.05,76158.96,76322.86,0
2026-03-12 13:15,76322.1,76681.71,76246.0,76402.21,0
2026-03-12 14:15,76402.93,76479.42,75937.02,76010.34,0
2026-03-12 15:15,76007.32,76038.94,76007.32,76034.45,0
2026-03-13 09:15,75521.65,75576.07,75083.85,75142.62,0
2026-03-13 10:15,75134.94,75283.25,75070.71,75107.38,0
2026-03-13 11:15,75105.65,75384.78,75071.32,75151.91,0
2026-03-13 12:15,75150.14,75159.07,74667.55,74669.02,0
2026-03-13 13:15,74664.79,74734.06,74455.4,74724.32,0
2026-03-13 14:15,74732.73,74914.55,74490.64,74591.6,0
2026-03-13 15:15,74587.99,74587.99,74559.32,74563.3,0
2026-03-16 09:15,74480.33,74981.88,74430.02,74540.0,0
2026-03-16 10:15,74544.99,74547.15,73950.62,74375.54,0
2026-03-16 11:15,74375.54,74762.1,74371.29,74603.26,0
2026-03-16 12:15,74605.65,74725.9,74411.07,74517.69,0
2026-03-16 13:15,74520.2,74712.1,74425.83,74642.67,0
2026-03-16 14:15,74644.2,75805.27,74575.7,75606.73,0
2026-03-16 15:15,75601.39,75601.39,75503.22,75503.22,0
2026-03-17 09:15,75817.0,75869.76,75324.86,75852.55,0
2026-03-17 10:15,75856.41,76014.31,75591.5,75677.09,0
2026-03-17 11:15,75678.03,75682.57,75329.25,75583.71,0
2026-03-17 12:15,75581.69,75907.81,75417.89,75907.54,0
2026-03-17 13:15,75907.82,76137.15,75822.05,76124.22,0
2026-03-17 14:15,76124.14,76301.4,75892.24,76163.58,0
2026-03-17 15:15,76164.41,76164.41,76071.36,76071.55,0
2026-03-18 09:15,76299.13,76608.28,76219.65,76323.86,0
2026-03-18 10:15,76318.35,76775.49,76318.35,76775.49,0
2026-03-18 11:15,76768.4,76929.3,76707.85,76748.1,0
2026-03-18 12:15,76750.67,76827.38,76663.99,76826.98,0
2026-03-18 13:15,76826.34,76988.17,76768.71,76859.49,0
2026-03-18 14:15,76860.04,76999.87,76667.69,76724.06,0
2026-03-18 15:15,76725.86,76756.35,76704.1,76704.13,0
2026-03-19 09:15,74761.91,75342.47,74761.91,74920.33,0
2026-03-19 10:15,74915.94,75190.32,74791.22,74853.06,0
2026-03-19 11:15,74863.35,75080.27,74818.02,75053.35,0
2026-03-19 12:15,75057.46,75129.03,74853.55,74871.1,0
2026-03-19 13:15,74865.65,74936.48,74511.17,74594.21,0
2026-03-19 14:15,74596.91,74683.64,73956.43,74126.67,0
2026-03-19 15:15,74116.0,74207.19,74116.0,74207.19,0
2026-03-20 09:15,74746.53,75201.51,74735.27,74999.37,0
2026-03-20 10:15,75000.34,75209.42,74868.39,75106.29,0
2026-03-20 11:15,75114.39,75285.85,74826.83,74896.22,0
2026-03-20 12:15,74896.06,74971.48,74548.8,74894.07,0
2026-03-20 13:15,74894.07,75043.65,74764.49,74801.87,0
2026-03-20 14:15,74803.02,74824.09,74388.13,74514.03,0
2026-03-20 15:15,74511.33,74548.57,74511.33,74532.91,0
2026-03-23 09:15,73663.27,73663.27,72825.4,72838.31,0
2026-03-23 10:15,72835.31,72889.04,72628.98,72791.62,0
2026-03-23 11:15,72796.42,72840.85,72639.88,72739.39,0
2026-03-23 12:15,72737.69,72809.26,72561.62,72605.29,0
2026-03-23 13:15,72617.83,73200.02,72609.51,73074.16,0
2026-03-23 14:15,73075.51,73177.74,72640.95,72690.12,0
2026-03-23 15:15,72686.86,72761.97,72686.86,72696.44,0
2026-03-24 09:15,73839.19,73909.73,73262.39,73349.42,0
2026-03-24 10:15,73348.38,73552.59,73084.46,73285.71,0
2026-03-24 11:15,73304.51,73706.94,73280.13,73488.04,0
2026-03-24 12:15,73488.33,74362.92,73472.1,74238.75,0
2026-03-24 13:15,74245.9,74489.25,74135.24,74290.52,0
2026-03-24 14:15,74285.62,74418.54,73946.76,74020.85,0
2026-03-24 15:15,74016.11,74068.44,74016.11,74068.44,0
2026-03-25 09:15,74592.67,75318.23,74592.67,75274.75,0
2026-03-25 10:15,75277.69,75728.12,75212.8,75728.12,0
2026-03-25 11:15,75729.6,75761.31,75433.52,75758.95,0
2026-03-25 12:15,75755.41,75849.72,75507.57,75588.51,0
2026-03-25 13:15,75585.84,75809.28,75502.88,75537.52,0
2026-03-25 14:15,75538.52,75590.1,75189.04,75263.26,0
2026-03-25 15:15,75260.28,75306.45,75260.28,75273.46,0
2026-03-27 09:15,74861.37,74861.37,74190.37,74203.31,0
2026-03-27 10:15,74203.55,74383.62,74097.49,74209.52,0
2026-03-27 11:15,74211.98,74211.98,73963.05,74016.61,0
2026-03-27 12:15,74016.12,74118.72,73917.68,74013.87,0
2026-03-27 13:15,74014.19,74160.96,73793.39,73889.32,0
2026-03-27 14:15,73887.97,73900.04,73557.19,73573.63,0
2026-03-27 15:15,73575.68,73588.54,73575.68,73583.36,0
2026-03-30 09:15,72821.84,73163.64,72403.58,72775.03,0
2026-03-30 10:15,72775.44,72799.46,72351.83,72433.13,0
2026-03-30 11:15,72435.94,72751.77,72329.16,72687.2,0
2026-03-30 12:15,72683.09,72755.5,72427.85,72487.7,0
2026-03-30 13:15,72488.61,72531.25,72221.16,72226.54,0
2026-03-30 14:15,72224.79,72252.41,71777.0,71932.55,0
2026-03-30 15:15,71931.65,71947.7,71878.4,71947.7,0
2026-04-01 09:15,73808.77,73961.68,73549.32,73733.03,0
2026-04-01 10:15,73729.85,73770.23,73326.71,73404.05,0
2026-04-01 11:15,73406.61,73761.65,73339.66,73740.21,0
2026-04-01 12:15,73738.61,73823.86,73608.19,73823.86,0
2026-04-01 13:15,73827.63,73878.69,73058.5,73385.74,0
2026-04-01 14:15,73388.59,73417.1,72971.68,73096.76,0
2026-04-01 15:15,73095.41,73133.71,73095.41,73133.7,0
2026-04-02 09:15,72262.05,72262.05,71545.81,71713.16,0
2026-04-02 10:15,71714.34,71771.1,71553.3,71683.77,0
2026-04-02 11:15,71683.7,71891.48,71590.84,71812.86,0
2026-04-02 12:15,71809.34,72228.35,71689.87,72110.95,0
2026-04-02 13:15,72112.34,72984.33,72091.48,72964.58,0
2026-04-02 14:15,72966.35,73490.13,72806.81,73473.59,0
2026-04-02 15:15,73471.93,73471.93,73304.84,73319.55,0
2026-04-06 09:15,73477.53,73559.04,72792.04,73069.04,0
2026-04-06 10:15,73072.88,73141.88,72731.59,72781.71,0
2026-04-06 11:15,72782.04,73264.89,72776.06,73114.44,0
2026-04-06 12:15,73114.61,73766.14,73050.14,73743.01,0
2026-04-06 13:15,73748.96,73931.52,73707.03,73928.8,0
2026-04-06 14:15,73931.81,74206.91,73834.27,74173.72,0
2026-04-06 15:15,74179.02,74179.02,74103.6,74106.9,0
2026-04-07 09:15,73689.66,73957.19,73286.46,73940.7,0
2026-04-07 10:15,73941.34,74070.09,73643.45,73759.59,0
2026-04-07 11:15,73757.89,74185.49,73728.07,74019.5,0
2026-04-07 12:15,74016.64,74049.64,73892.78,73998.09,0
2026-04-07 13:15,74000.31,74405.23,73990.36,74235.73,0
2026-04-07 14:15,74233.04,74643.95,74153.77,74564.28,0
2026-04-07 15:15,74567.65,74616.92,74567.65,74616.58,0
2026-04-08 09:15,77148.47,77452.91,77060.6,77206.83,0
2026-04-08 10:15,77202.64,77574.11,77165.87,77531.44,0
2026-04-08 11:15,77530.46,77604.54,77288.41,77454.49,0
2026-04-08 12:15,77454.14,77506.03,77234.91,77461.88,0
2026-04-08 13:15,77462.05,77623.69,77375.36,77386.08,0
2026-04-08 14:15,77386.81,77627.15,77383.88,77555.07,0
2026-04-08 15:15,77550.7,77565.26,77550.7,77562.49,0
2026-04-09 09:15,77276.48,77422.66,76635.19,76918.25,0
2026-04-09 10:15,76918.19,77023.6,76765.32,76953.4,0
2026-04-09 11:15,76954.74,77121.47,76818.87,77020.79,0
2026-04-09 12:15,77019.64,77037.91,76724.31,76794.58,0
2026-04-09 13:15,76798.96,76798.96,76558.26,76580.09,0
2026-04-09 14:15,76575.19,76781.63,76351.18,76722.58,0
2026-04-09 15:15,76719.56,76719.56,76629.51,76631.65,0
2026-04-10 09:15,77121.01,77366.14,76921.51,77361.28,0
2026-04-10 10:15,77366.68,77501.06,77286.26,77420.02,0
2026-04-10 11:15,77418.39,77428.55,77210.6,77385.49,0
2026-04-10 12:15,77386.88,77457.89,77331.02,77393.46,0
2026-04-10 13:15,77394.25,77547.54,77378.54,77446.67,0
2026-04-10 14:15,77447.78,77622.5,77192.75,77564.15,0
2026-04-10 15:15,77560.18,77560.18,77527.53,77550.24,0
2026-04-13 09:15,76059.74,76322.78,75874.11,76249.95,0
2026-04-13 10:15,76247.47,76559.22,76181.81,76489.41,0
2026-04-13 11:15,76487.14,76730.75,76444.77,76721.65,0
2026-04-13 12:15,76722.07,76838.11,76601.53,76740.08,0
2026-04-13 13:15,76740.08,77063.41,76710.63,76902.6,0
2026-04-13 14:15,76902.55,77045.51,76797.87,76859.36,0
2026-04-13 15:15,76860.17,76881.31,76846.71,76848.11,0
2026-04-15 09:15,77986.66,78261.55,77851.74,78163.97,0
2026-04-15 10:15,78164.14,78257.6,77923.56,77946.19,0
2026-04-15 11:15,77945.66,78115.33,77903.57,78102.77,0
2026-04-15 12:15,78102.88,78139.02,77987.04,78067.01,0
2026-04-15 13:15,78065.43,78155.83,77954.23,78075.99,0
2026-04-15 14:15,78080.42,78229.76,78031.05,78105.8,0
2026-04-15 15:15,78102.45,78143.7,78102.45,78111.56,0
2026-04-16 09:15,78640.1,78727.07,78228.14,78367.16,0
2026-04-16 10:15,78368.57,78497.6,78307.48,78409.69,0
2026-04-16 11:15,78408.93,78460.68,77817.68,77951.18,0
2026-04-16 12:15,77942.11,77959.65,77687.28,77739.77,0
2026-04-16 13:15,77734.63,77985.6,77675.22,77900.58,0
2026-04-16 14:15,77900.58,78171.31,77847.49,77939.41,0
2026-04-16 15:15,77916.44,77996.6,77916.44,77988.66,0
2026-04-17 09:15,77970.26,78291.85,77737.94,78269.62,0
2026-04-17 10:15,78263.28,78356.61,78140.41,78242.46,0
2026-04-17 11:15,78242.54,78414.58,78180.07,78291.52,0
2026-04-17 12:15,78291.29,78317.52,78192.3,78272.81,0
2026-04-17 13:15,78272.81,78369.33,78206.52,78340.53,0
2026-04-17 14:15,78340.98,78505.53,78316.1,78497.83,0
2026-04-17 15:15,78493.65,78493.75,78473.34,78493.59,0
2026-04-20 09:15,78622.54,78732.17,78208.96,78433.49,0
2026-04-20 14:15,78493.54,78715.35,78493.54,78582.14,0
2026-04-20 15:15,78585.82,78633.43,78521.14,78521.14,0
2026-04-21 09:15,78610.68,79095.1,78522.96,79064.06,0
2026-04-21 10:15,79063.0,79260.06,78981.05,79230.19,0
2026-04-21 11:15,79228.4,79282.65,78520.3,79260.86,0
2026-04-21 12:15,79262.08,79293.38,79139.31,79196.33,0
2026-04-21 13:15,79199.39,79297.65,79131.71,79173.76,0
2026-04-21 14:15,79172.09,79367.0,79128.03,79263.58,0
2026-04-21 15:15,79271.1,79279.97,79266.49,79272.52,0
2026-04-22 09:15,78971.77,79005.37,78457.16,78517.86,0
2026-04-22 10:15,78517.86,78757.42,78442.31,78690.75,0
2026-04-22 11:15,78690.72,78759.43,78553.22,78636.72,0
2026-04-22 12:15,78635.33,78703.05,78542.57,78678.64,0
2026-04-22 13:15,78682.18,78760.4,78533.33,78621.65,0
2026-04-22 14:15,78621.35,78678.73,78498.53,78524.34,0
2026-04-22 15:15,78526.58,78538.92,78515.83,78516.5,0
2026-04-23 09:15,77932.07,78176.29,77701.63,78055.96,0
2026-04-23 10:15,78056.25,78108.04,77741.23,77773.97,0
2026-04-23 11:15,77774.96,77872.86,77722.5,77857.69,0
2026-04-23 12:15,77859.89,77883.57,77650.0,77828.81,0
2026-04-23 13:15,77826.69,78022.26,77754.93,77772.69,0
2026-04-23 14:15,77769.04,77826.85,77603.28,77636.4,0
2026-04-23 15:15,77631.68,77698.46,77631.68,77664.18,0
2026-04-24 09:15,77483.8,77706.15,76829.1,77000.84,0
2026-04-24 10:15,77000.5,77000.5,76735.76,76767.34,0
2026-04-24 11:15,76764.66,76852.42,76681.16,76782.15,0
2026-04-24 12:15,76786.78,76796.4,76515.62,76536.14,0
2026-04-24 13:15,76534.67,76604.63,76404.02,76475.17,0
2026-04-24 14:15,76475.17,76759.82,76465.9,76637.03,0
2026-04-24 15:15,76636.5,76665.1,76636.5,76663.86,0
2026-04-27 09:15,76856.05,77341.46,76856.05,77232.68,0
2026-04-27 10:15,77231.25,77340.81,77031.34,77157.66,0
2026-04-27 11:15,77157.85,77234.82,76911.17,77126.24,0
2026-04-27 12:15,77126.24,77316.97,77097.35,77316.22,0
2026-04-27 13:15,77315.77,77419.64,77300.43,77402.71,0
2026-04-27 14:15,77403.57,77409.78,77246.93,77308.75,0
2026-04-27 15:15,77299.06,77305.39,77296.64,77303.56,0
2026-04-28 09:15,77094.79,77459.14,76974.31,77384.67,0
2026-04-28 10:15,77383.2,77490.68,77308.54,77378.2,0
2026-04-28 11:15,77377.73,77378.34,77000.28,77054.86,0
2026-04-28 12:15,77054.86,77093.83,76876.86,76979.07,0
2026-04-28 13:15,76975.37,77063.24,76795.43,76862.33,0
2026-04-28 14:15,76866.05,77037.82,76785.64,76800.24,0
2026-04-28 15:15,76802.29,76886.67,76802.29,76886.67,0
2026-04-29 09:15,77268.51,77674.39,77155.18,77670.17,0
2026-04-29 10:15,77671.52,77879.06,77669.17,77841.62,0
2026-04-29 11:15,77840.73,77911.77,77748.7,77847.37,0
2026-04-29 12:15,77848.84,77982.51,77831.86,77941.77,0
2026-04-29 13:15,77937.82,77961.35,77548.74,77607.27,0
2026-04-29 14:15,77605.63,77674.31,77468.42,77472.77,0
2026-04-29 15:15,77470.39,77528.12,77470.39,77495.83,0
2026-04-30 09:15,76955.89,76955.89,76403.46,76423.59,0
2026-04-30 10:15,76437.59,76487.46,76261.41,76277.69,0
2026-04-30 11:15,76278.88,76606.42,76265.81,76606.42,0
2026-04-30 12:15,76611.57,76840.44,76530.12,76832.5,0
2026-04-30 13:15,76832.23,77208.36,76762.56,77034.11,0
2026-04-30 14:15,77033.82,77254.09,76805.26,76904.07,0
2026-04-30 15:15,76909.46,76913.58,76868.61,76913.45,0
2026-05-04 09:15,77256.02,77910.1,77256.02,77502.68,0
2026-05-04 10:15,77501.64,77703.99,77402.2,77664.39,0
2026-05-04 11:15,77661.85,77738.26,77312.35,77312.35,0
2026-05-04 12:15,77309.73,77418.6,77193.76,77279.0,0
2026-05-04 13:15,77276.86,77283.79,76939.54,77249.17,0
2026-05-04 14:15,77249.13,77374.13,77126.97,77308.17,0
2026-05-04 15:15,77294.25,77294.25,77234.15,77269.0,0
2026-05-05 09:15,77108.38,77139.91,76745.5,76843.98,0
2026-05-05 10:15,76848.12,76883.94,76632.25,76685.97,0
2026-05-05 11:15,76681.1,76769.44,76515.03,76707.24,0
2026-05-05 12:15,76703.64,77150.57,76675.02,77118.32,0
2026-05-05 13:15,77117.21,77150.76,76915.18,76959.4,0
2026-05-05 14:15,76962.25,77098.69,76903.67,77027.57,0
2026-05-05 15:15,77036.06,77036.06,76973.14,77017.58,0
2026-05-06 09:15,77447.2,77670.56,77154.09,77297.67,0
2026-05-06 10:15,77298.17,77354.6,77090.07,77148.3,0
2026-05-06 11:15,77147.37,77222.56,77057.15,77077.75,0
2026-05-06 12:15,77077.75,77080.3,76773.9,76917.63,0
2026-05-06 13:15,76917.42,77221.68,76903.38,77210.48,0
2026-05-06 14:15,77215.96,78021.81,77215.96,77926.92,0
2026-05-06 15:15,77919.43,77963.18,77919.43,77958.53,0
2026-05-07 09:15,78339.24,78339.24,77798.73,77889.85,0
2026-05-07 10:15,77890.2,78037.38,77798.8,77846.34,0
2026-05-07 11:15,77851.16,78013.59,77714.06,77931.91,0
2026-05-07 12:15,77942.78,78383.27,77862.71,78073.11,0
2026-05-07 13:15,78072.1,78115.27,77880.92,77979.22,0
2026-05-07 14:15,77980.44,78079.81,77731.68,77762.1,0
2026-05-07 15:15,77761.72,77848.87,77761.72,77844.52,0
2026-05-08 09:15,77631.94,77631.94,77248.69,77446.03,0
2026-05-08 10:15,77445.84,77559.23,77365.69,77501.16,0
2026-05-08 11:15,77500.38,77536.38,77308.57,77341.91,0
2026-05-08 12:15,77341.92,77389.68,77243.78,77304.78,0
2026-05-08 13:15,77304.71,77405.61,77149.12,77207.01,0
2026-05-08 14:15,77205.71,77520.69,77193.35,77336.11,0
2026-05-08 15:15,77338.99,77338.99,77323.07,77328.2,0
2026-05-11 09:15,76638.09,76669.08,76236.7,76316.39,0
2026-05-11 10:15,76318.53,76416.0,76166.34,76399.45,0
2026-05-11 11:15,76400.51,76526.84,76364.63,76435.05,0
2026-05-11 12:15,76434.21,76489.14,76327.62,76469.56,0
2026-05-11 13:15,76475.53,76632.25,76436.61,76462.58,0
2026-05-11 14:15,76469.17,76489.3,75958.63,75972.12,0
2026-05-11 15:15,75974.81,76046.78,75974.81,76015.13,0
2026-05-12 09:15,75688.39,75725.68,75262.31,75391.97,0
2026-05-12 10:15,75390.89,75470.46,75122.41,75162.75,0
2026-05-12 11:15,75163.15,75259.19,75073.51,75089.71,0
2026-05-12 12:15,75089.32,75153.23,74944.75,75041.57,0
2026-05-12 13:15,75041.32,75136.62,74757.54,74790.37,0
2026-05-12 14:15,74791.4,74898.14,74450.61,74467.17,0
2026-05-12 15:15,74468.65,74559.23,74468.65,74559.23,0
2026-05-13 09:15,74439.34,74963.09,74139.24,74583.78,0
2026-05-13 10:15,74580.46,74775.49,74426.78,74551.48,0
2026-05-13 11:15,74550.35,74953.21,74525.95,74948.67,0
2026-05-13 12:15,74947.88,75190.37,74669.76,75013.06,0
2026-05-13 13:15,75013.64,75023.58,74826.94,74941.39,0
2026-05-13 14:15,74947.69,74963.08,74563.85,74643.87,0
2026-05-13 15:15,74643.23,74643.23,74607.63,74608.99,0
2026-05-14 09:15,74932.05,75079.07,74651.88,74781.07,0
2026-05-14 10:15,74786.16,74928.76,74526.85,74628.34,0
2026-05-14 11:15,74629.67,75492.34,74629.67,75369.91,0
2026-05-14 12:15,75368.35,75599.26,75348.41,75505.3,0
2026-05-14 13:15,75505.3,75674.84,75472.04,75579.34,0
2026-05-14 14:15,75582.04,75669.1,75323.66,75401.54,0
2026-05-14 15:15,75401.4,75405.8,75392.01,75398.71,0
2026-05-15 09:15,75506.2,75869.7,75256.11,75739.84,0
2026-05-15 10:15,75737.68,75841.05,75511.39,75554.68,0
2026-05-15 11:15,75554.82,75645.34,75356.35,75579.34,0
2026-05-15 12:15,75579.7,75739.39,75474.25,75683.79,0
2026-05-15 13:15,75683.84,75719.47,75417.98,75503.23,0
2026-05-15 14:15,75503.74,75514.23,75139.51,75229.57,0
2026-05-15 15:15,75227.01,75260.35,75223.92,75237.99,0
2026-05-18 09:15,74807.97,74807.97,74187.85,74335.29,0
2026-05-18 10:15,74335.91,74722.68,74302.62,74691.57,0
2026-05-18 11:15,74689.57,75023.41,74678.06,74890.26,0
2026-05-18 12:15,74889.17,75346.85,74877.46,75209.84,0
2026-05-18 13:15,75211.28,75340.31,75167.05,75231.49,0
2026-05-18 14:15,75230.88,75466.0,75093.08,75270.8,0
2026-05-18 15:15,75269.2,75339.9,75269.2,75315.24,0
2026-05-19 09:15,75501.8,75741.84,75371.42,75684.53,0
2026-05-19 10:15,75684.5,75746.21,75556.35,75558.18,0
2026-05-19 11:15,75556.32,75705.16,75485.13,75629.82,0
2026-05-19 12:15,75629.82,75666.49,75510.74,75528.88,0
2026-05-19 13:15,75530.3,75623.93,75409.87,75544.97,0
2026-05-19 14:15,75542.93,75599.55,75170.23,75227.93,0
2026-05-19 15:15,75223.49,75237.65,75200.87,75200.87,0
2026-05-20 09:15,74794.97,74942.34,74531.12,74797.99,0
2026-05-20 10:15,74799.39,75049.26,74713.73,74986.73,0
2026-05-20 11:15,74985.98,75243.71,74973.74,75041.06,0
2026-05-20 12:15,75042.18,75167.59,75034.77,75122.36,0
2026-05-20 13:15,75119.92,75319.02,74991.41,75293.88,0
2026-05-20 14:15,75292.84,75406.18,75245.64,75324.68,0
2026-05-20 15:15,75323.88,75323.88,75308.42,75318.39,0
2026-05-21 09:15,75714.14,75932.29,75476.06,75565.86,0
2026-05-21 10:15,75566.46,75653.08,75340.77,75341.29,0
2026-05-21 11:15,75341.68,75498.68,75166.61,75360.74,0
2026-05-21 12:15,75361.23,75399.25,74996.78,75129.7,0
2026-05-21 13:15,75129.7,75293.33,75057.66,75150.57,0
2026-05-21 14:15,75149.58,75351.13,75094.3,75110.38,0
2026-05-21 15:15,75123.96,75194.1,75123.96,75183.36,0
2026-05-22 09:15,75246.64,75721.91,75246.64,75691.5,0
2026-05-22 10:15,75689.72,75701.15,75575.71,75589.63,0
2026-05-22 11:15,75588.56,75771.3,75527.05,75683.5,0
2026-05-22 12:15,75682.5,75810.9,75556.64,75757.45,0
2026-05-22 13:15,75757.49,75766.8,75522.84,75615.64,0
2026-05-22 14:15,75606.58,75618.54,75361.93,75408.62,0
2026-05-22 15:15,75406.23,75415.35,75388.8,75415.35,0
2026-05-25 09:15,76121.41,76315.57,76121.41,76220.66,0
2026-05-25 10:15,76220.66,76386.11,76220.66,76358.64,0
2026-05-25 11:15,76359.82,76372.69,76278.55,76286.96,0
2026-05-25 12:15,76286.96,76339.82,76180.23,76316.38,0
2026-05-25 13:15,76316.08,76367.16,76247.9,76250.8,0
2026-05-25 14:15,76253.99,76503.53,76235.52,76494.37,0
2026-05-25 15:15,76498.36,76498.36,76476.0,76489.25,0
2026-05-26 09:15,76268.89,76616.02,76260.11,76547.55,0
2026-05-26 10:15,76542.83,76627.04,76491.06,76542.36,0
2026-05-26 11:15,76536.13,76537.28,76353.49,76363.49,0
2026-05-26 12:15,76362.81,76409.04,76184.65,76222.15,0
2026-05-26 13:15,76222.82,76287.25,75991.03,76029.54,0
2026-05-26 14:15,76027.41,76074.28,75910.71,75991.95,0
2026-05-26 15:15,75987.02,76009.7,75987.02,76009.7,0
2026-05-27 09:15,75939.86,76135.38,75800.02,76066.14,0
2026-05-27 10:15,76070.85,76190.96,75966.39,76142.46,0
2026-05-27 11:15,76147.35,76222.27,75975.94,76008.02,0
2026-05-27 12:15,76013.58,76081.07,75908.82,75920.34,0
2026-05-27 13:15,75915.4,76001.94,75849.69,75882.35,0
2026-05-27 14:15,75878.48,75991.44,75748.84,75859.05,0
2026-05-27 15:15,75869.3,75869.3,75832.14,75867.8,0
2026-05-29 09:15,75988.51,76213.6,75818.32,76085.73,0
2026-05-29 10:15,76087.87,76098.0,75875.55,75947.31,0
2026-05-29 11:15,75948.58,75998.38,75731.55,75755.58,0
2026-05-29 12:15,75754.71,75819.67,75542.54,75544.44,0
2026-05-29 13:15,75541.81,75590.18,75385.28,75439.21,0
2026-05-29 14:15,75434.32,75619.63,74676.07,74741.73,0
2026-05-29 15:15,74903.86,74903.86,74769.37,74775.74,0
2026-06-01 09:15,75231.18,75361.48,74799.91,74836.74,0
2026-06-01 10:15,74829.24,75008.96,74716.09,74992.93,0
2026-06-01 11:15,74995.27,75022.94,74606.77,74736.86,0
2026-06-01 12:15,74737.56,74753.78,74495.46,74519.75,0
2026-06-01 13:15,74521.29,74635.56,74369.43,74376.19,0
2026-06-01 14:15,74375.59,74416.62,74204.3,74287.66,0
2026-06-01 15:15,74287.26,74287.26,74266.31,74267.04,0
2026-06-02 09:15,73919.71,74119.96,73816.03,73974.51,0
2026-06-02 10:15,73974.55,74289.39,73932.05,74096.06,0
2026-06-02 11:15,74094.19,74269.85,74012.76,74028.3,0
2026-06-02 12:15,74029.12,74689.13,73983.35,74618.94,0
2026-06-02 13:15,74618.25,74831.55,74574.46,74819.38,0
2026-06-02 14:15,74819.95,74862.19,74454.5,74658.99,0
2026-06-02 15:15,74656.76,74656.76,74587.59,74649.31,0
2026-06-03 09:15,74395.48,74447.92,73721.02,73773.53,0
2026-06-03 10:15,73776.41,73924.73,73659.13,73672.55,0
2026-06-03 11:15,73678.18,73798.55,73492.72,73579.64,0
2026-06-03 12:15,73580.28,74132.11,73567.06,73979.0,0
2026-06-03 13:15,74008.88,74412.27,74008.88,74278.05,0
2026-06-03 14:15,74276.85,74511.54,74229.57,74312.61,0
2026-06-03 15:15,74313.19,74356.25,74313.19,74346.32,0
2026-06-04 09:15,73930.48,74477.83,73809.54,74405.37,0
2026-06-04 10:15,74407.94,74480.66,74235.57,74324.58,0
2026-06-04 11:15,74329.39,74543.45,74196.74,74466.07,0
2026-06-04 12:15,74465.06,74493.48,74107.76,74109.26,0
2026-06-04 13:15,74105.44,74413.94,74037.37,74317.51,0
2026-06-04 14:15,74317.9,74520.12,74262.32,74371.93,0
2026-06-04 15:15,74374.75,74374.75,74328.99,74359.94,0
2026-06-05 09:15,74658.14,74713.15,74435.44,74577.77,0
2026-06-05 10:15,74577.14,74660.09,74122.19,74494.66,0
2026-06-05 11:15,74486.09,74514.31,74340.88,74473.72,0
2026-06-05 12:15,74473.72,74537.47,74172.85,74184.92,0
2026-06-05 13:15,74178.28,74240.81,73992.32,74096.6,0
2026-06-05 14:15,74096.6,74392.15,74036.69,74243.1,0
2026-06-05 15:15,74243.6,74243.6,74211.51,74243.34,0
2026-06-08 09:15,73416.24,73721.61,73328.34,73639.55,0
2026-06-08 10:15,73639.02,73787.06,73597.99,73703.48,0
2026-06-08 11:15,73705.47,73794.58,73633.49,73763.43,0
2026-06-08 12:15,73763.63,73934.35,73751.05,73770.24,0
2026-06-08 13:15,73770.24,73795.83,73570.41,73607.85,0
2026-06-08 14:15,73605.4,73728.59,73462.91,73558.93,0
2026-06-08 15:15,73557.53,73557.53,73519.04,73524.22,0
2026-06-09 09:15,73992.39,73992.39,73627.48,73639.36,0
2026-06-09 10:15,73643.79,73669.61,73510.5,73548.47,0
2026-06-09 11:15,73545.55,73739.11,73426.78,73698.76,0
2026-06-09 12:15,73704.35,73821.24,73677.76,73785.63,0
2026-06-09 13:15,73776.68,73831.87,73672.48,73772.8,0
2026-06-09 14:15,73772.8,74032.01,73704.89,73925.07,0
2026-06-09 15:15,73921.39,73926.34,73911.8,73918.56,0
2026-06-10 09:15,73988.27,74456.98,73897.83,74242.89,0
2026-06-10 10:15,74239.84,74452.07,74200.01,74418.89,0
2026-06-10 11:15,74419.65,74531.53,74372.29,74478.02,0
2026-06-10 12:15,74474.45,74610.22,74291.2,74544.53,0
2026-06-10 13:15,74545.06,74560.91,74295.67,74305.64,0
2026-06-10 14:15,74306.93,74383.31,73943.14,73948.58,0
2026-06-10 15:15,73945.18,74032.5,73945.18,73983.21,0
2026-06-11 09:15,73629.06,73855.71,73520.2,73766.53,0
2026-06-11 10:15,73766.4,73982.82,73761.96,73885.22,0
2026-06-11 11:15,73886.16,74280.73,73884.83,74270.32,0
2026-06-11 12:15,74271.23,74393.06,74170.78,74173.52,0
2026-06-11 13:15,74176.74,74200.24,73999.35,74042.31,0
2026-06-11 14:15,74044.38,74144.17,73732.96,73842.21,0
2026-06-11 15:15,73847.62,73847.62,73800.19,73832.22,0
2026-06-12 09:15,74700.76,74854.93,74487.37,74531.59,0
2026-06-12 10:15,74533.41,74649.4,74454.2,74645.48,0
2026-06-12 11:15,74647.03,74698.95,74556.57,74575.51,0
2026-06-12 12:15,74575.89,74638.47,74464.2,74528.6,0
2026-06-12 13:15,74528.04,75173.73,74486.43,75163.17,0
2026-06-12 14:15,75163.82,75606.98,75163.82,75533.91,0
2026-06-12 15:15,75532.98,75532.98,75516.03,75527.82,0
2026-06-15 09:15,76725.27,76758.81,76525.4,76615.21,0
2026-06-15 10:15,76615.4,76817.17,76581.95,76677.08,0
2026-06-15 11:15,76674.52,76714.2,76523.83,76532.9,0
2026-06-15 12:15,76536.55,76547.48,76406.15,76484.26,0
2026-06-15 13:15,76484.26,76490.34,76317.03,76390.06,0
2026-06-15 14:15,76388.48,76567.9,76144.12,76233.36,0
2026-06-15 15:15,76229.54,76267.63,76229.54,76264.7,0
2026-06-16 09:15,76526.77,76675.95,76444.57,76502.75,0
2026-06-16 10:15,76502.23,76724.32,76495.15,76617.94,0
2026-06-16 11:15,76618.73,76663.6,76541.74,76599.99,0
2026-06-16 12:15,76602.39,76681.98,76531.51,76677.28,0
2026-06-16 13:15,76680.02,76830.6,76639.67,76818.82,0
2026-06-16 14:15,76819.79,76846.01,76733.98,76800.52,0
2026-06-16 15:15,76803.33,76808.83,76791.35,76808.4,0
2026-06-17 09:15,77080.09,77093.09,76769.2,77021.96,0
2026-06-17 10:15,77021.48,77175.67,77011.79,77116.51,0
2026-06-17 11:15,77112.76,77218.99,77035.08,77040.25,0
2026-06-17 12:15,77041.77,77057.14,76915.35,76919.52,0
2026-06-17 13:15,76919.55,77073.35,76900.54,77048.72,0
2026-06-17 14:15,77049.25,77206.86,76952.26,77156.63,0
2026-06-17 15:15,77153.19,77168.15,77153.19,77155.62,0
2026-06-18 09:15,77131.66,77319.92,77045.8,77260.0,0
2026-06-18 10:15,77260.12,77275.69,77029.1,77053.94,0
2026-06-18 11:15,77053.39,77201.22,76953.3,77167.51,0
2026-06-18 12:15,77160.98,77337.0,77127.71,77306.09,0
2026-06-18 13:15,77306.37,77326.03,77204.36,77217.65,0
2026-06-18 14:15,77217.51,77486.39,77129.58,77456.21,0
2026-06-18 15:15,77449.88,77449.88,77402.23,77410.0,0
2026-06-19 09:15,76844.01,76844.01,76578.77,76811.31,0
2026-06-19 10:15,76810.62,76814.9,76558.79,76637.62,0
2026-06-19 11:15,76637.62,76658.81,76571.11,76634.34,0
2026-06-19 12:15,76635.03,76696.36,76499.22,76553.92,0
2026-06-19 13:15,76553.92,76747.07,76503.92,76742.99,0
2026-06-19 14:15,76745.32,76899.6,76469.83,76837.29,0
2026-06-19 15:15,76837.15,76837.15,76752.93,76804.21,0
2026-06-22 09:15,77148.48,77265.28,77015.05,77237.57,0
2026-06-22 10:15,77237.61,77323.76,77205.51,77283.32,0
2026-06-22 11:15,77284.25,77313.03,77151.84,77153.9,0
2026-06-22 12:15,77153.61,77197.19,77105.43,77127.08,0
2026-06-22 13:15,77133.44,77232.26,77113.23,77171.24,0
2026-06-22 14:15,77168.96,77251.55,77078.87,77102.83,0
2026-06-22 15:15,77103.59,77125.78,77093.78,77094.07,0
2026-06-23 09:15,77006.26,77192.63,76880.63,77159.82,0
2026-06-23 10:15,77158.08,77185.87,77052.55,77140.22,0
2026-06-23 11:15,77140.22,77194.83,76615.99,76650.78,0
2026-06-23 12:15,76649.92,76680.06,76501.98,76571.66,0
2026-06-23 13:15,76569.58,76589.22,76371.99,76534.58,0
2026-06-23 14:15,76533.42,76575.44,76188.7,76229.14,0
2026-06-23 15:15,76226.86,76266.38,76201.32,76201.32,0
2026-06-24 09:15,76173.14,76623.03,76134.16,76611.85,0
2026-06-24 10:15,76611.85,76882.32,76602.34,76872.42,0
2026-06-24 11:15,76872.42,76976.37,76776.62,76855.22,0
2026-06-24 12:15,76855.76,77023.22,76787.88,77008.76,0
2026-06-24 13:15,77007.35,77190.11,76976.14,77101.77,0
2026-06-24 14:15,77102.46,77145.69,76917.49,76937.51,0
2026-06-24 15:15,76934.28,77003.32,76934.28,76991.0,0
2026-06-25 09:15,77384.93,77555.76,77286.34,77554.89,0
2026-06-25 10:15,77554.58,77590.34,77453.93,77557.26,0
2026-06-25 11:15,77560.35,77803.03,77498.33,77729.1,0
2026-06-25 12:15,77727.82,77780.41,77476.35,77516.34,0
2026-06-25 13:15,77514.99,77626.41,77331.3,77361.11,0
2026-06-25 14:15,77358.56,77366.67,77002.49,77090.1,0
2026-06-25 15:15,77090.92,77100.52,77090.92,77100.42,0
2026-06-29 09:15,77080.54,77225.07,76855.55,77035.43,0
2026-06-29 10:15,77033.22,77252.66,76996.7,77113.54,0
2026-06-29 11:15,77111.05,77148.58,76838.04,76847.33,0
2026-06-29 12:15,76850.21,76856.12,76623.38,76755.49,0
2026-06-29 13:15,76756.13,76801.66,76621.75,76737.11,0
2026-06-29 14:15,76737.62,76834.48,76636.07,76705.5,0
2026-06-29 15:15,76706.48,76728.62,76706.48,76728.37,0
2026-06-30 09:15,76990.77,77005.83,76458.7,76607.16,0
2026-06-30 10:15,76606.14,76744.78,76519.24,76720.23,0
2026-06-30 11:15,76726.59,76910.28,76647.32,76655.25,0
2026-06-30 12:15,76654.57,76770.91,76601.01,76665.72,0
2026-06-30 13:15,76671.39,76719.4,76472.75,76486.69,0
2026-06-30 14:15,76487.88,76768.82,76331.16,76447.83,0
2026-06-30 15:15,76447.69,76478.53,76420.85,76478.52,0
2026-07-01 09:15,76561.46,76884.39,76543.27,76870.79,0
2026-07-01 10:15,76871.07,76980.1,76745.8,76979.3,0
2026-07-01 11:15,76979.42,77105.48,76871.68,77035.56,0
2026-07-01 12:15,77034.91,77094.33,76941.98,77055.67,0
2026-07-01 13:15,77056.85,77071.07,76928.91,77050.26,0
2026-07-01 14:15,77050.29,77061.98,76881.08,76910.87,0
2026-07-01 15:15,76908.54,76952.24,76908.54,76923.0,0
2026-07-02 09:15,77085.14,77447.1,77083.01,77155.58,0
2026-07-02 10:15,77156.26,77304.9,77131.07,77236.95,0
2026-07-02 11:15,77237.13,77293.98,77122.46,77274.36,0
2026-07-02 12:15,77270.25,77394.94,77255.75,77359.97,0
2026-07-02 13:15,77362.7,77432.43,77305.14,77348.26,0
2026-07-02 14:15,77348.78,77577.4,77296.97,77476.65,0
2026-07-02 15:15,77476.15,77503.48,77476.15,77502.19,0
2026-07-03 09:15,78139.36,78139.36,77855.28,77971.06,0
2026-07-03 10:15,77972.22,78064.15,77922.85,77960.79,0
2026-07-03 11:15,77962.0,78114.63,77945.37,78100.44,0
2026-07-03 12:15,78098.39,78104.21,77905.4,77951.49,0
2026-07-03 13:15,77952.94,77957.23,77780.43,77849.46,0
2026-07-03 14:15,77847.69,77847.69,77710.01,77770.31,0
2026-07-03 15:15,77769.57,77775.0,77763.73,77763.91,0
2026-07-06 09:15,77899.9,78193.23,77882.65,78077.41,0
2026-07-06 10:15,78077.49,78288.39,78077.49,78245.3,0
2026-07-06 11:15,78246.68,78327.78,78191.85,78323.97,0
2026-07-06 12:15,78317.03,78387.63,78291.34,78372.37,0
2026-07-06 13:15,78372.37,78397.88,78206.68,78214.61,0
2026-07-06 14:15,78216.17,78349.54,78145.43,78308.98,0
2026-07-06 15:15,78305.41,78305.41,78284.63,78285.07,0
2026-07-07 09:15,78461.16,78517.71,78252.86,78488.37,0
2026-07-07 10:15,78488.37,78588.89,78431.64,78582.04,0
2026-07-07 11:15,78583.98,78664.32,78529.22,78564.69,0
2026-07-07 12:15,78565.29,78585.4,78282.6,78317.77,0
2026-07-07 13:15,78317.77,78424.18,78250.28,78408.38,0
2026-07-07 14:15,78408.53,78433.72,78170.44,78196.24,0
2026-07-07 15:15,78192.11,78246.05,78180.96,78180.96,0
2026-07-08 09:15,77711.3,77841.76,77556.59,77667.46,0
2026-07-08 10:15,77668.24,77851.18,77605.58,77822.42,0
2026-07-08 11:15,77822.72,77837.05,77591.99,77593.24,0
2026-07-08 12:15,77589.82,77640.21,77484.41,77587.0,0
2026-07-08 13:15,77590.02,77632.27,76473.58,76528.56,0
2026-07-08 14:15,76525.68,76716.32,76259.49,76497.84,0
2026-07-08 15:15,76494.58,76504.27,76433.1,76503.54,0
2026-07-09 09:15,76576.14,77138.28,76576.14,77033.64,0
2026-07-09 10:15,77032.46,77322.07,76857.82,76979.1,0
2026-07-09 11:15,76982.77,77198.64,76948.82,77076.85,0
2026-07-09 12:15,77079.16,77099.41,76892.11,77010.95,0
2026-07-09 13:15,77013.12,77133.77,76931.42,77023.31,0
2026-07-09 14:15,77023.6,77160.97,76595.87,76663.5,0
2026-07-09 15:15,76665.07,76741.82,76665.07,76741.82,0
2026-07-10 09:15,77368.32,77588.08,77340.53,77537.32,0
2026-07-10 10:15,77537.32,77562.63,77427.76,77443.79,0
2026-07-10 11:15,77442.0,77473.84,77375.66,77397.67,0
2026-07-10 12:15,77396.85,77542.0,77381.06,77504.67,0
2026-07-10 13:15,77504.32,77566.21,77420.38,77492.31,0
2026-07-10 14:15,77491.64,77640.81,77487.34,77569.61,0
2026-07-10 15:15,77569.61,77575.18,77565.73,77569.39,0
2026-07-13 09:15,76963.35,77301.19,76881.31,77272.81,0
2026-07-13 10:15,77274.2,77437.89,77230.73,77402.55,0
2026-07-13 11:15,77399.14,77557.65,77327.67,77541.38,0
2026-07-13 12:15,77540.62,77786.79,77489.19,77657.72,0
2026-07-13 13:15,77656.8,77664.36,77474.23,77633.99,0
2026-07-13 14:15,77633.53,77741.58,77571.95,77588.71,0
2026-07-13 15:15,77585.77,77634.79,77585.77,77616.4,0
2026-07-14 09:15,77272.34,77400.84,77073.23,77152.73,0
2026-07-14 10:15,77153.22,77365.76,77003.7,77352.45,0
2026-07-14 11:15,77347.53,77355.67,77179.26,77205.79,0
2026-07-14 12:15,77203.99,77215.6,77083.8,77171.26,0
2026-07-14 13:15,77172.79,77216.83,77034.64,77128.95,0
2026-07-14 14:15,77129.93,77150.78,77001.58,77084.36,0
2026-07-14 15:15,77081.24,77096.68,77054.84,77054.94,0
2026-07-15 09:15,77172.31,77640.36,77075.56,77521.19,0
2026-07-15 10:15,77591.93,77639.53,77501.62,77506.09,0
2026-07-15 11:15,77504.16,77646.27,77475.35,77567.29,0
2026-07-15 12:15,77569.87,77576.68,76984.34,77093.91,0
2026-07-15 13:15,77097.41,77256.04,77075.02,77226.77,0
2026-07-15 14:15,77227.36,77273.47,77137.93,77188.32,0
2026-07-15 15:15,77187.59,77187.59,77172.8,77185.38,0
2026-07-16 09:15,77383.65,77513.11,77277.19,77364.36,0
2026-07-16 10:15,77363.66,77578.64,77312.53,77486.03,0
2026-07-16 11:15,77485.86,77539.69,77386.08,77396.52,0
2026-07-16 12:15,77397.86,77512.68,77326.49,77387.44,0
2026-07-16 13:15,77382.01,77393.68,77153.04,77315.81,0
2026-07-16 14:15,77316.08,77420.79,77179.94,77200.1,0
2026-07-16 15:15,77200.51,77246.92,77173.96,77186.87,0
2026-07-17 09:15,77401.65,77838.89,77322.3,77812.21,0
2026-07-17 10:15,77815.23,77987.32,77804.44,77841.32,0
2026-07-17 11:15,77841.19,78012.93,77821.81,77993.13,0
2026-07-17 12:15,77993.13,78044.6,77944.61,78000.5,0
2026-07-17 13:15,78000.9,78010.98,77783.58,78010.98,0
2026-07-17 14:15,78010.84,78277.41,78010.84,78143.11,0
2026-07-17 15:15,78140.41,78151.32,78128.97,78150.94,0
2026-07-20 09:15,77688.1,77852.34,77444.79,77628.76,0
2026-07-20 10:15,77629.33,77750.2,77620.84,77651.42,0
2026-07-20 11:15,77653.83,77684.21,77522.16,77553.3,0
2026-07-20 12:15,77553.94,77651.8,77370.26,77651.8,0
2026-07-20 13:15,77657.16,77816.57,77640.27,77775.62,0
2026-07-20 14:15,77771.46,77800.31,77679.53,77711.44,0
2026-07-20 15:15,77710.66,77710.66,77700.79,77708.52,0
2026-07-21 09:15,77649.63,77750.52,77550.62,77572.21,0
2026-07-21 10:15,77571.11,77575.49,77413.49,77497.44,0
2026-07-21 11:15,77499.93,77517.18,77410.06,77450.14,0
2026-07-21 12:15,77453.38,77505.14,77338.48,77364.2,0
2026-07-21 13:15,77365.32,77497.07,77354.43,77396.82,0
2026-07-21 14:15,77396.16,77508.88,77355.44,77465.34,0
2026-07-21 15:15,77466.24,77471.32,77466.24,77470.12,0
2026-07-22 09:15,77363.61,77363.61,76853.24,76933.6,0
2026-07-22 10:15,76932.93,76932.93,76722.21,76826.5,0
2026-07-22 11:15,76827.01,76941.8,76776.49,76777.47,0
2026-07-22 12:15,76776.57,76821.4,76642.59,76696.18,0
2026-07-22 13:15,76696.18,76802.0,76660.41,76683.99,0
2026-07-22 14:15,76683.72,76846.95,76669.54,76837.34,0
2026-07-22 15:15,76840.34,76840.34,76747.7,76755.05,0
2026-07-23 09:15,76470.05,76661.36,76347.96,76622.08,0
2026-07-23 10:15,76620.99,76726.62,76562.49,76678.1,0
2026-07-23 11:15,76674.53,76680.77,76530.46,76549.01,0
2026-07-23 12:15,76544.09,76585.94,76213.38,76239.87,0
2026-07-23 13:15,76245.32,76379.11,76192.61,76291.76,0
2026-07-23 14:15,76292.28,76433.49,76152.91,76354.63,0
2026-07-23 15:15,76352.88,76391.64,76324.12,76391.36,0
2026-07-24 09:15,75708.19,75995.73,75494.11,75504.42,0
2026-07-24 10:15,75500.6,75631.53,75477.3,75526.46,0
2026-07-24 11:15,75530.33,75855.27,75526.06,75812.27,0
2026-07-24 12:15,75810.95,76162.69,75800.59,76090.45,0
2026-07-24 13:15,76092.09,76209.9,75940.18,76142.45,0
2026-07-24 14:15,76142.1,76159.85,75991.2,76065.28,0
2026-07-24 15:15,76067.75,76067.75,76033.81,76059.37,0
2026-07-27 09:15,76613.01,76715.64,76531.36,76650.91,0
2026-07-27 10:15,76651.18,76685.16,76520.57,76635.1,0
2026-07-27 11:15,76641.15,76767.95,76631.44,76728.06,0
2026-07-27 12:15,76727.64,76762.92,76673.01,76759.43,0
2026-07-27 13:15,76759.43,76862.33,76652.01,76850.88,0
2026-07-27 14:15,76849.49,76901.51,76805.89,76822.38,0
2026-07-27 15:15,76817.19,76836.0,76817.19,76835.8,0
2026-07-28 09:15,76820.2,76986.77,76706.24,76797.44,0
2026-07-28 10:15,76798.74,76964.6,76777.28,76883.66,0
2026-07-28 11:15,76884.55,76966.35,76836.15,76965.23,0
2026-07-28 12:15,76966.73,76971.8,76800.74,76801.7,0
2026-07-28 13:15,76801.51,76850.59,76748.93,76800.74,0
2026-07-28 14:15,76800.74,76822.9,76672.78,76727.57,0
2026-07-28 15:15,76728.01,76781.24,76714.58,76765.98,0
2026-07-29 09:15,77552.08,77600.82,77354.89,77596.62,0
2026-07-29 10:15,77593.15,77645.38,77540.91,77613.23,0
2026-07-29 11:15,77614.28,77652.2,77559.31,77639.92,0
2026-07-29 12:15,77637.96,77674.94,77520.02,77664.44,0
2026-07-29 13:15,77659.26,77740.23,77605.52,77719.31,0
2026-07-29 14:15,77719.93,77765.43,77649.78,77664.11,0
2026-07-29 15:15,77668.71,77688.26,77655.03,77655.03,0
2026-07-30 09:15,77638.86,77735.37,77458.76,77611.44,0
2026-07-30 10:15,77613.18,77702.91,77527.64,77690.04,0
2026-07-30 11:15,77689.81,77749.76,77632.12,77663.14,0
2026-07-30 12:15,77664.0,77899.43,77627.0,77702.84,0
2026-07-30 13:15,77701.62,77816.51,77649.61,77649.61,0
2026-07-30 14:15,77652.27,77911.91,77554.53,77884.38,0
2026-07-30 15:15,77877.78,77960.1,77836.48,77928.13,0
2026-07-31 09:15,77975.79,78041.88,77811.28,77954.84,0
2026-07-31 10:15,77953.77,78022.47,77920.0,78002.46,0
2026-07-31 11:15,78007.7,78088.78,78001.98,78083.34,0
2026-07-31 12:15,78084.42,78270.69,78075.68,78224.6,0
2026-07-31 13:15,78224.12,78267.04,78123.82,78174.96,0
2026-07-31 14:15,78176.62,78193.2,78013.15,78134.25,0
2026-07-31 15:15,78137.65,78137.65,78094.17,78094.64,0
2026-08-03 09:15,78809.82,78809.82,78505.65,78711.28,0
2026-08-03 10:15,78711.72,78774.38,78644.98,78737.35,0
2026-08-03 11:15,78737.35,78774.6,78703.92,78770.83,0
2026-08-03 12:15,78770.84,78791.63,78668.13,78680.96,0
2026-08-03 13:15,78682.89,78781.26,78674.05,78746.09,0
2026-08-03 14:15,78749.78,78775.73,78623.01,78676.1,0
2026-08-03 15:15,78677.13,78707.96,78596.33,78639.03,0
2026-08-04 09:15,79132.97,79132.97,78698.67,78780.52,0
2026-08-04 10:15,78780.77,78797.99,78627.76,78688.83,0
2026-08-04 11:15,78689.24,78719.89,78401.44,78448.14,0
2026-08-04 12:15,78448.12,78492.2,78349.26,78356.82,0
2026-08-04 13:15,78355.46,78378.98,78212.57,78317.45,0
2026-08-04 14:15,78317.14,78404.98,78237.39,78324.56,0
2026-08-04 15:15,78324.56,78444.47,78232.1,78428.95,0
2026-08-05 09:15,79000.67,79000.67,78665.24,78788.04,0
2026-08-05 10:15,78787.29,78921.78,78612.38,78793.25,0
2026-08-05 11:15,78795.01,78834.35,78548.73,78596.61,0
2026-08-05 12:15,78596.66,78615.65,78358.42,78428.42,0
2026-08-05 13:15,78431.33,78516.44,78313.0,78352.27,0
2026-08-05 14:15,78352.07,78509.29,78286.55,78509.29,0
2026-08-05 15:15,78501.85,78590.51,78397.36,78581.0,0
2026-08-06 09:15,78772.4,78840.34,78647.6,78711.64,0
2026-08-06 10:15,78713.64,78787.66,78659.03,78781.17,0
2026-08-06 11:15,78809.03,78903.95,78720.54,78810.41,0
2026-08-06 12:15,78805.71,78859.98,78742.73,78778.85,0
2026-08-06 13:15,78778.75,78886.26,78714.66,78864.21,0
2026-08-06 14:15,78864.82,78923.12,78701.95,78783.05,0
2026-08-06 15:15,78785.62,79486.65,78597.33,78954.76,0
2026-08-07 09:15,78506.08,78757.4,78487.72,78642.58,0
2026-08-07 10:15,78645.33,78651.18,78472.98,78534.12,0
2026-08-07 11:15,78534.92,78616.16,78461.01,78468.26,0
2026-08-07 12:15,78469.21,78539.45,78430.65,78473.77,0
2026-08-07 13:15,78470.71,78635.52,78403.15,78420.33,0
2026-08-07 14:15,78421.66,78512.37,78377.6,78491.91,0
2026-08-07 15:15,78491.26,78677.64,78451.92,78499.17,0
2026-08-10 09:15,78501.59,78672.08,78305.94,78437.74,0
2026-08-10 10:15,78436.53,78658.02,78426.1,78602.69,0
2026-08-10 11:15,78602.69,78640.87,78532.7,78621.48,0
2026-08-10 12:15,78621.08,78666.41,78499.79,78508.84,0
2026-08-10 13:15,78507.58,78615.3,78503.18,78539.73,0
2026-08-10 14:15,78540.32,78575.24,78424.28,78478.66,0
2026-08-10 15:15,78478.66,78648.98,78454.7,78542.44,0
2026-08-11 09:15,78488.57,78488.57,78115.25,78156.36,0
2026-08-11 10:15,78154.82,78205.86,78078.46,78106.04,0
2026-08-11 11:15,78110.62,78136.15,78048.26,78097.72,0
2026-08-11 12:15,78093.73,78188.22,78065.35,78158.96,0
2026-08-11 13:15,78158.34,78211.69,78112.38,78191.81,0
2026-08-11 14:15,78192.01,78232.73,78095.41,78151.73,0
2026-08-11 15:15,78148.22,78175.93,78075.31,78154.25,0
2026-08-12 09:15,78244.92,78244.92,77803.31,77812.76,0
2026-08-12 10:15,77796.6,77938.92,77574.55,77620.57,0
2026-08-12 11:15,77620.02,77684.33,77498.33,77500.49,0
2026-08-12 12:15,77499.96,77626.58,77499.96,77574.69,0
2026-08-12 13:15,77566.15,77621.08,77547.05,77553.15,0
2026-08-12 14:15,77554.98,77914.47,77554.52,77889.97,0
2026-08-12 15:15,77889.97,78003.96,77863.2,77966.35,0
2026-08-13 09:15,78111.91,78111.91,77710.21,77778.39,0
2026-08-13 10:15,77778.2,77809.29,77667.69,77696.28,0
2026-08-13 11:15,77702.14,78028.64,77679.04,77963.48,0
2026-08-13 12:15,77962.99,78000.18,77838.73,77859.27,0
2026-08-13 13:15,77860.49,78016.44,77795.52,77852.79,0
2026-08-13 14:15,77852.05,77951.13,77763.78,77854.84,0
2026-08-13 15:15,77861.48,78193.02,77399.24,78079.96,0
2026-08-14 09:15,77833.43,77897.69,77723.43,77856.97,0
2026-08-14 10:15,77852.88,77858.15,77685.32,77766.85,0
2026-08-14 11:15,77768.43,77844.62,77726.63,77832.8,0
2026-08-14 12:15,77834.38,77873.78,77805.3,77839.9,0
2026-08-14 13:15,77841.67,78048.45,77788.09,77989.22,0
2026-08-14 14:15,77990.14,78006.43,77877.44,77921.91,0
2026-08-14 15:15,77931.1,78205.79,77931.1,78009.25,0
2026-08-17 09:15,77892.3,77912.91,77626.88,77641.5,0
2026-08-17 10:15,77643.15,77645.8,77470.76,77486.25,0
2026-08-17 11:15,77486.06,77619.4,77453.91,77610.53,0
2026-08-17 12:15,77610.56,77895.67,77600.84,77876.39,0
2026-08-17 13:15,77870.66,77902.59,77799.97,77806.41,0
2026-08-17 14:15,77806.85,77916.87,77769.04,77844.43,0
2026-08-17 15:15,77844.43,77927.0,77659.41,77728.16,0
2026-08-18 09:15,77409.48,77574.02,77371.83,77408.33,0
2026-08-18 10:15,77411.24,77463.85,77318.86,77371.05,0
2026-08-18 11:15,77371.16,77432.56,77276.07,77402.35,0
2026-08-18 12:15,77402.92,77414.93,77314.9,77361.95,0
2026-08-18 13:15,77367.63,77395.95,77324.76,77355.46,0
2026-08-18 14:15,77359.92,77472.8,77293.26,77293.26,0
2026-08-18 15:15,77313.02,77388.65,77180.83,77235.46,0
2026-08-19 09:15,77218.05,77270.42,76971.59,77025.73,0
2026-08-19 10:15,77029.68,77036.48,76823.91,76879.85,0
2026-08-19 11:15,76884.98,76996.6,76851.8,76892.33,0
2026-08-19 12:15,76891.72,76937.74,76878.51,76879.02,0
2026-08-19 13:15,76880.04,76946.97,76840.51,76901.2,0
2026-08-19 14:15,76899.98,77010.21,76823.35,76908.68,0
2026-08-19 15:15,76908.05,76966.77,76702.48,76909.68,0
2026-08-20 09:15,77467.03,77509.31,77382.0,77492.38,0
2026-08-20 10:15,77493.63,77512.44,77406.06,77424.68,0
2026-08-20 11:15,77428.83,77460.97,77372.22,77450.32,0
2026-08-20 12:15,77447.69,77609.54,77422.56,77576.12,0
2026-08-20 13:15,77576.64,77602.32,77497.91,77560.83,0
2026-08-20 14:15,77559.84,77610.49,77439.6,77488.19,0
2026-08-20 15:15,77485.29,77542.42,77410.3,77537.72,0
2026-08-21 09:15,77701.07,77701.07,77446.01,77563.47,0
2026-08-21 10:15,77563.66,77672.54,77536.67,77653.03,0
2026-08-21 11:15,77654.38,77664.4,77557.8,77557.8,0
2026-08-21 12:15,77558.09,77608.88,77531.87,77579.58,0
2026-08-21 13:15,77581.07,77593.08,77497.51,77529.84,0
2026-08-21 14:15,77529.84,77576.25,77478.27,77518.89,0
2026-08-21 15:15,77522.47,77549.98,77386.3,77540.83,0
2026-08-24 09:15,77681.41,77785.55,77601.41,77631.25,0
2026-08-24 10:15,77631.03,77661.86,77408.3,77410.01,0
2026-08-24 11:15,77415.42,77446.37,77305.56,77352.5,0
2026-08-24 12:15,77352.48,77361.33,77201.66,77252.38,0
2026-08-24 13:15,77252.86,77312.52,77218.43,77220.91,0
2026-08-24 14:15,77220.91,77331.84,77209.52,77328.1,0
2026-08-24 15:15,77328.1,77376.3,77273.01,77369.11,0
2026-08-25 09:15,77282.42,77390.72,77152.22,77202.7,0
2026-08-25 10:15,77203.4,77295.01,77126.41,77202.96,0
2026-08-25 11:15,77202.66,77361.55,77186.97,77317.05,0
2026-08-25 12:15,77317.16,77342.56,77170.95,77171.78,0
2026-08-25 13:15,77171.33,77308.53,77134.85,77248.23,0
2026-08-25 14:15,77247.0,77585.02,77237.83,77526.75,0
2026-08-25 15:15,77529.94,77676.9,77361.81,77656.09,0
2026-08-26 09:15,77837.61,77986.84,77805.62,77859.61,0
2026-08-26 10:15,77862.03,77869.53,77702.11,77812.58,0
2026-08-26 11:15,77813.79,77826.44,77625.73,77671.32,0
2026-08-26 12:15,77670.48,77712.53,77621.12,77626.14,0
2026-08-26 13:15,77627.86,77653.15,77547.38,77614.25,0
2026-08-26 14:15,77614.39,77691.79,77585.09,77604.38,0
2026-08-26 15:15,77614.31,77739.09,77422.25,77472.94,0
2026-08-27 09:15,77574.62,77692.43,77330.57,77360.58,0
2026-08-27 10:15,77359.14,77381.74,77243.25,77257.72,0
2026-08-27 11:15,77257.82,77275.27,77175.5,77254.97,0
2026-08-27 12:15,77256.52,77399.58,77200.88,77379.9,0
2026-08-27 13:15,77380.11,77415.77,77131.78,77179.93,0
2026-08-27 14:15,77179.93,77301.89,77151.67,77181.61,0
2026-08-27 15:15,77182.91,77213.87,74964.07,76933.59,0
2026-08-28 09:15,77128.05,77291.45,77063.21,77285.45,0
2026-08-28 10:15,77286.69,77357.44,77195.76,77250.31,0
2026-08-28 11:15,77250.31,77250.43,76990.62,77028.11,0
2026-08-28 12:15,77027.69,77106.83,77016.74,77069.29,0
2026-08-28 13:15,77067.87,77110.85,77036.35,77101.94,0
2026-08-28 14:15,77096.83,77248.62,77076.04,77194.59,0
2026-08-28 15:15,77194.59,77274.25,77126.03,77264.51,0
2026-08-31 09:15,77130.73,77147.45,76814.24,76841.1,0
2026-08-31 10:15,76840.57,76872.14,76751.32,76789.55,0
2026-08-31 11:15,76787.66,77049.98,76781.71,76946.52,0
2026-08-31 12:15,76945.48,77017.61,76937.14,77010.17,0
2026-08-31 13:15,77009.96,77022.44,76842.39,76862.48,0
2026-08-31 14:15,76857.73,77116.19,76814.23,76930.28,0
2026-08-31 15:15,76924.93,77042.36,76803.78,76957.27,0
2026-09-01 09:15,77029.3,77029.3,76766.57,76878.41,0
2026-09-01 10:15,76873.65,77132.86,76870.62,77114.98,0
2026-09-01 11:15,77113.9,77231.87,77112.63,77192.67,0
2026-09-01 12:15,77192.67,77195.12,76955.67,76955.67,0
2026-09-01 13:15,76955.87,77008.85,76663.78,76696.72,0
2026-09-01 14:15,76698.95,76782.88,76656.4,76718.68,0
2026-09-01 15:15,76725.18,76978.25,76721.48,76944.28,0
2026-09-02 09:15,76471.32,76494.36,76135.72,76345.67,0
2026-09-02 10:15,76344.69,76532.93,76301.51,76309.2,0
2026-09-02 11:15,76309.8,76345.04,76234.59,76339.52,0
2026-09-02 12:15,76340.33,76457.59,76270.86,76448.01,0
2026-09-02 13:15,76447.39,76527.85,76380.32,76495.56,0
2026-09-02 14:15,76494.12,76566.54,76362.47,76470.7,0
2026-09-02 15:15,76469.92,76572.42,76381.48,76570.35,0
2026-09-03 09:15,76906.12,76924.05,76706.69,76805.79,0
2026-09-03 10:15,76804.74,76875.04,76622.24,76628.0,0
2026-09-03 11:15,76633.66,76797.02,76599.78,76677.54,0
2026-09-03 12:15,76677.86,76688.31,76555.82,76661.26,0
2026-09-03 13:15,76661.07,76694.26,76551.98,76602.32,0
2026-09-03 14:15,76604.18,76669.88,76463.88,76551.45,0
2026-09-03 15:15,76554.2,76598.27,74268.47,76152.86,0
2026-09-04 09:15,76601.23,76742.75,76530.1,76646.37,0
2026-09-04 10:15,76646.37,76791.45,76641.87,76748.31,0
2026-09-04 11:15,76748.31,76882.06,76712.7,76729.38,0
2026-09-04 12:15,76727.46,76732.74,76648.92,76699.21,0
2026-09-04 13:15,76699.21,76735.91,76649.01,76701.08,0
2026-09-04 14:15,76701.08,76746.82,76620.74,76647.91,0
2026-09-04 15:15,76645.88,76659.98,76489.35,76515.43,0
2026-09-07 09:15,76446.05,76456.55,76216.62,76216.62,0
2026-09-07 10:15,76221.52,76233.32,76077.31,76098.61,0
2026-09-07 11:15,76104.14,76138.74,76070.51,76134.56,0
2026-09-07 12:15,76134.16,76134.16,75980.69,76028.23,0
2026-09-07 13:15,76027.12,76129.93,76013.66,76084.92,0
2026-09-07 14:15,76087.17,76133.69,75971.28,76042.19,0
2026-09-07 15:15,76051.42,76239.69,75988.48,76132.81,0
2026-09-08 09:15,75972.3,75988.21,75697.04,75841.41,0
2026-09-08 10:15,75843.47,75876.89,75679.97,75723.83,0
2026-09-08 11:15,75723.68,75751.18,75594.98,75639.53,0
2026-09-08 12:15,75638.68,75719.15,75616.98,75657.75,0
2026-09-08 13:15,75667.62,75667.69,75553.76,75638.77,0
2026-09-08 14:15,75638.97,75667.07,75576.15,75593.9,0
2026-09-08 15:15,75594.73,75669.29,75540.83,75577.58,0
2026-09-09 09:15,75179.35,75179.35,74923.29,74967.28,0
2026-09-09 10:15,74970.11,75155.49,74965.72,75089.29,0
2026-09-09 11:15,75089.16,75115.88,74915.43,74947.95,0
2026-09-09 12:15,74955.93,75249.27,74922.83,75144.12,0
2026-09-09 13:15,75145.55,75219.5,75118.4,75144.06,0
2026-09-09 14:15,75142.89,75151.06,74831.5,74891.54,0
2026-09-09 15:15,74895.36,74960.47,74745.33,74764.23,0
2026-09-10 09:15,74784.97,74909.68,74666.1,74687.84,0
2026-09-10 10:15,74688.72,74826.03,74673.16,74784.2,0
2026-09-10 11:15,74784.2,74863.4,74685.85,74856.49,0
2026-09-10 12:15,74859.51,74901.39,74740.35,74815.99,0
2026-09-10 13:15,74817.24,74823.75,74704.31,74733.08,0
2026-09-10 14:15,74733.08,74771.69,74600.59,74640.99,0
2026-09-10 15:15,74629.5,75803.76,74482.48,74902.59,0
2026-09-11 09:15,74309.16,74390.35,74165.35,74387.12,0
2026-09-11 10:15,74388.89,74510.58,74301.59,74505.18,0
2026-09-11 11:15,74503.32,74584.35,74456.12,74484.03,0
2026-09-11 12:15,74481.79,74571.66,74458.89,74500.98,0
2026-09-11 13:15,74500.39,74889.16,74449.51,74794.65,0
2026-09-11 14:15,74793.19,74916.31,74716.35,74914.06,0
2026-09-11 15:15,74914.06,74914.06,74739.53,74781.76,0
2026-09-15 09:15,75376.23,75404.56,74738.16,74793.63,0
2026-09-15 10:15,74790.63,74813.54,74605.39,74667.66,0
2026-09-15 11:15,74667.76,74724.91,74585.3,74674.14,0
2026-09-15 12:15,74673.73,74678.45,74522.6,74545.26,0
2026-09-15 13:15,74544.86,74556.08,74322.91,74329.23,0
2026-09-15 14:15,74325.94,74325.94,74081.94,74174.96,0
2026-09-15 15:15,74171.82,74339.74,74003.82,74003.82,0
2026-09-16 09:15,74262.63,74503.04,73981.33,74190.29,0
2026-09-16 10:15,74192.3,74493.76,74175.76,74391.02,0
2026-09-16 11:15,74391.48,74443.11,74256.49,74352.5,0
2026-09-16 12:15,74350.05,74497.66,74302.94,74433.4,0
2026-09-16 13:15,74433.4,74461.4,74260.14,74338.51,0
2026-09-16 14:15,74339.76,74417.71,74270.14,74303.16,0
2026-09-16 15:15,74303.16,74561.19,74301.17,74336.45,0
2026-09-17 09:15,74182.62,74587.74,74182.62,74553.49,0
2026-09-17 10:15,74554.13,74570.32,74225.1,74259.47,0
2026-09-17 11:15,74264.42,74620.91,74257.76,74609.74,0
2026-09-17 12:15,74608.36,74676.31,74524.8,74540.67,0
2026-09-17 13:15,74539.59,74548.75,74291.27,74410.58,0
2026-09-17 14:15,74402.29,74493.67,74366.51,74414.23,0
2026-09-17 15:15,74414.23,74592.59,74305.96,74314.59,0
2026-09-18 09:15,74532.38,74591.17,74375.07,74503.93,0
2026-09-18 10:15,74505.78,74513.13,74389.59,74430.85,0
2026-09-18 11:15,74430.85,74524.55,74395.22,74489.55,0
2026-09-18 12:15,74487.99,74588.22,74440.82,74549.17,0
2026-09-18 13:15,74549.86,74648.34,74457.87,74606.67,0
2026-09-18 14:15,74606.31,74727.52,74524.7,74562.0,0
2026-09-18 15:15,74559.97,74616.33,73416.0,74294.96,0
2026-09-21 09:15,74490.63,74786.77,74490.63,74657.6,0
2026-09-21 10:15,74657.69,74762.95,74609.8,74746.51,0
2026-09-21 11:15,74748.71,74879.93,74710.86,74811.04,0
2026-09-21 12:15,74813.56,74836.5,74777.09,74815.96,0
2026-09-21 13:15,74815.13,74987.4,74810.94,74942.66,0
2026-09-21 14:15,74950.34,74981.5,74865.08,74893.77,0
2026-09-21 15:15,74894.86,74906.37,74858.99,74858.99,0
2026-09-22 09:15,74901.5,75034.16,74853.04,75006.3,0
2026-09-22 10:15,75006.46,75011.18,74672.19,74752.12,0
2026-09-22 11:15,74754.82,74799.82,74596.59,74638.25,0
2026-09-22 12:15,74637.91,74672.1,74517.7,74575.56,0
2026-09-22 13:15,74578.4,74713.72,74423.71,74713.72,0
2026-09-22 14:15,74717.3,74782.75,74624.89,74654.82,0
2026-09-22 15:15,74653.15,74678.15,74245.07,74529.08,0
2026-09-23 09:15,74654.73,74810.47,74604.92,74646.4,0
2026-09-23 10:15,74645.61,74895.94,74645.61,74889.56,0
2026-09-23 11:15,74890.27,74961.51,74838.86,74946.4,0
2026-09-23 12:15,74946.4,74973.66,74888.05,74902.29,0
2026-09-23 13:15,74902.59,74918.12,74803.99,74888.3,0
2026-09-23 14:15,74887.06,74918.09,74755.21,74801.04,0
2026-09-23 15:15,74794.61,74875.82,74790.71,74828.25,0
2026-09-24 09:15,74197.7,74360.29,74111.32,74132.85,0
2026-09-24 10:15,74128.03,74203.01,74054.37,74138.27,0
2026-09-24 11:15,74136.87,74239.97,74039.68,74054.17,0
2026-09-24 12:15,74052.46,74078.11,73955.04,74017.95,0
2026-09-24 13:15,74012.51,74029.25,73583.84,73661.85,0
2026-09-24 14:15,73667.66,73815.41,73564.06,73719.56,0
2026-09-24 15:15,73719.83,73828.6,73447.36,73580.54,0
2026-09-25 09:15,73583.49,73800.85,73498.76,73740.1,0
2026-09-25 10:15,73741.2,73756.69,73580.3,73725.16,0
2026-09-25 11:15,73722.44,73775.52,73652.96,73722.91,0
2026-09-25 12:15,73724.73,73748.68,73537.51,73604.92,0
2026-09-25 13:15,73605.54,73966.56,73558.18,73852.34,0
2026-09-25 14:15,73852.04,73917.68,73806.33,73881.44,0
2026-09-25 15:15,73881.44,74060.09,73782.52,73895.74,0
2026-09-28 09:15,73740.85,73740.85,72953.06,73018.61,0
2026-09-28 10:15,73017.79,73018.49,72854.4,72874.56,0
2026-09-28 11:15,72874.05,72986.2,72833.5,72923.54,0
2026-09-28 12:15,72927.02,72990.63,72865.15,72888.24,0
2026-09-28 13:15,72887.48,72980.37,72878.28,72896.68,0
2026-09-28 14:15,72896.2,72899.11,72716.48,72808.14,0
2026-09-28 15:15,72805.78,72889.95,72738.53,72771.72,0
2026-09-29 09:15,72633.68,72633.68,72066.84,72118.93,0
2026-09-29 10:15,72118.76,72494.55,72097.55,72442.39,0
2026-09-29 11:15,72442.0,72662.68,72390.68,72624.99,0
2026-09-29 12:15,72624.99,72629.59,72250.35,72433.2,0
2026-09-29 13:15,72432.98,72455.32,72263.58,72420.13,0
2026-09-29 14:15,72415.24,72537.34,72369.7,72486.55,0
2026-09-29 15:15,72480.07,72654.69,72402.5,72529.07,0
2026-09-30 09:15,72458.97,72841.93,72456.08,72834.78,0
2026-09-30 10:15,72840.18,72899.37,72644.22,72668.84,0
2026-09-30 11:15,72667.22,72853.24,72587.59,72762.96,0
2026-09-30 12:15,72759.64,73062.23,72719.74,72944.62,0
2026-09-30 13:15,72941.91,72982.92,72728.54,72729.16,0
2026-09-30 14:15,72726.93,72738.32,72366.72,72441.13,0
2026-09-30 15:15,72440.79,72673.76,72440.79,72480.29,0
2026-10-01 09:15,72206.04,72569.65,72202.31,72451.02,0
2026-10-01 10:15,72447.55,72520.36,72326.82,72365.71,0
2026-10-01 11:15,72366.17,72433.76,72189.12,72236.85,0
2026-10-01 12:15,72237.95,72262.94,71535.2,71746.89,0
2026-10-01 13:15,71748.45,71748.45,71294.49,71553.31,0
2026-10-01 14:15,71552.18,72016.0,71449.18,72008.68,0
2026-10-01 15:15,72010.13,72040.86,71296.96,71909.7,0
