from_segment,to_segment,evidence,detail
PRETAILDVR|IN9623B01058|1,FRLDVR|IN9623B01058|1,ISIN_SAME,IN9623B01058
FRLDVR|IN9623B01058|1,FELDVR|IN9623B01058|1,ISIN_SAME,IN9623B01058
GEOJITBNPP|INE007B01023|1,GEOJITFSL|INE007B01023|1,ISIN_SAME,INE007B01023
INFOSYSTCH|INE009A01021|1,INFY|INE009A01021|1,ISIN_SAME,INE009A01021
AMIORG|INE00FF01025|1,ACUTAAS|INE00FF01025|1,ISIN_SAME,INE00FF01025
SONAMCLOCK|INE00LM01011|1,SONAMLTD|INE00LM01011|1,ISIN_SAME,INE00LM01011
AHL|INE00ZE01026|1,AFSL|INE00ZE01026|1,ISIN_SAME,INE00ZE01026
PRISMCEM|INE010A01011|1,PRSMJOHNSN|INE010A01011|1,ISIN_SAME,INE010A01011
CADILAHC|INE010B01027|1,ZYDUSLIFE|INE010B01027|1,ISIN_SAME,INE010B01027
HCIL|INE019C01026|1,HSCL|INE019C01026|1,ISIN_SAME,INE019C01026
MICROSEC|INE019J01013|1,SASTASUNDR|INE019J01013|1,ISIN_SAME,INE019J01013
SASTASUNDR|INE019J01013|1,HEALTHX|INE019J01013|1,ISIN_SAME,INE019J01013
AFL|INE020G01017|1,INSPIRISYS|INE020G01017|1,ISIN_SAME,INE020G01017
PRAKASHCON|INE023M01027|1,SETUINFRA|INE023M01027|1,ISIN_SAME,INE023M01027
WFL|INE02WG01016|1,WEL|INE02WG01016|1,ISIN_SAME,INE02WG01016
STOREONE|INE034H01016|1,SORILINFRA|INE034H01016|1,ISIN_SAME,INE034H01016
ARVINFRA|INE034S01021|1,ARVSMART|INE034S01021|1,ISIN_SAME,INE034S01021
SAH|INE035801013|1,AERONEU|INE035801013|1,ISIN_SAME,INE035801013
GLS|INE03Q201024|1,ALIVUS|INE03Q201024|1,ISIN_SAME,INE03Q201024
SUVENPHAR|INE03QK01018|1,COHANCE|INE03QK01018|1,ISIN_SAME,INE03QK01018
BSTRANSCOM|INE043K01011|1,BSLIMITED|INE043K01011|1,ISIN_SAME,INE043K01011
ADORWELD|INE045A01017|1,ADOR|INE045A01017|1,ISIN_SAME,INE045A01017
VAKRANSOFT|INE051B01021|1,VAKRANGEE|INE051B01021|1,ISIN_SAME,INE051B01021
CENTURYTEX|INE055A01016|1,ABREL|INE055A01016|1,ISIN_SAME,INE055A01016
AVENTIS|INE058A01010|1,SANOFI|INE058A01010|1,ISIN_SAME,INE058A01010
SHIL|INE05AN01011|1,HINDWAREAP|INE05AN01011|1,ISIN_SAME,INE05AN01011
AMIRCHAND|INE05TO01019|1,AEROPLANE|INE05TO01019|1,ISIN_SAME,INE05TO01019
NAVNETPUBL|INE060A01024|1,NAVNETEDUL|INE060A01024|1,ISIN_SAME,INE060A01024
SATINDLTD|INE065D01027|1,AEROENTER|INE065D01027|1,ISIN_SAME,INE065D01027
CROMPGREAV|INE067A01029|1,CGPOWER|INE067A01029|1,ISIN_SAME,INE067A01029
AMTEKINDIA|INE068D01021|1,CASTEXTECH|INE068D01021|1,ISIN_SAME,INE068D01021
IBREALEST|INE069I01010|1,EMBDL|INE069I01010|1,ISIN_SAME,INE069I01010
COMPUAGE|INE070C01029|1,COMPINFO|INE070C01029|1,ISIN_SAME,INE070C01029
BINANIIND|INE071A01013|1,BILVYAPAR|INE071A01013|1,ISIN_SAME,INE071A01013
MFL|INE071N01016|1,EPIGRAL|INE071N01016|1,ISIN_SAME,INE071N01016
INDOASIFU|INE076H01017|1,EONELECT|INE076H01017|1,ISIN_SAME,INE076H01017
GULFCORP|INE077F01035|1,GOCLCORP|INE077F01035|1,ISIN_SAME,INE077F01035
BURGERKING|INE07T201019|1,RBA|INE07T201019|1,ISIN_SAME,INE07T201019
MIL|INE087J01028|1,GBGLOBAL|INE087J01028|1,ISIN_SAME,INE087J01028
STRTECH|INE089C01029|1,STLTECH|INE089C01029|1,ISIN_SAME,INE089C01029
IDFCBANK|INE092T01019|1,IDFCFIRSTB|INE092T01019|1,ISIN_SAME,INE092T01019
LSIL|INE093R01011|1,LLOYDSENGG|INE093R01011|1,ISIN_SAME,INE093R01011
ASHIKA|INE094B01013|1,ASHIKAG|INE094B01013|1,ISIN_SAME,INE094B01013
REVATHIEQU|INE0DAB01012|1,RVTH|INE0DAB01012|1,ISIN_SAME,INE0DAB01012
ARISINFRA|INE0H9P01028|1,ARIS|INE0H9P01028|1,ISIN_SAME,INE0H9P01028
SGLTL|INE0M4D01010|1,SETL|INE0M4D01010|1,ISIN_SAME,INE0M4D01010
HOTELEELA|INE102A01024|1,HLVLTD|INE102A01024|1,ISIN_SAME,INE102A01024
SUNCLAYLTD|INE105A01035|1,TVSHLTD|INE105A01035|1,ISIN_SAME,INE105A01035
PDUMJEIND|INE105C01023|1,3PLAND|INE105C01023|1,ISIN_SAME,INE105C01023
FINANTECH|INE111B01023|1,63MOONS|INE111B01023|1,ISIN_SAME,INE111B01023
PDSMFL|INE111Q01013|1,PDSL|INE111Q01013|1,ISIN_SAME,INE111Q01013
HITECHPLAS|INE120D01012|1,HITECHCORP|INE120D01012|1,ISIN_SAME,INE120D01012
INFRATEL|INE121J01017|1,INDUSTOWER|INE121J01017|1,ISIN_SAME,INE121J01017
PIRLIFE|INE122J01015|1,PIRPHYTO|INE122J01015|1,ISIN_SAME,INE122J01015
IBWSL|INE126M01010|1,SORILHOLD|INE126M01010|1,ISIN_SAME,INE126M01010
SORILHOLD|INE126M01010|1,IBULISL|INE126M01010|1,ISIN_SAME,INE126M01010
IBULISL|INE126M01010|1,YAARII|INE126M01010|1,ISIN_SAME,INE126M01010
YAARII|INE126M01010|1,YAARI|INE126M01010|1,ISIN_SAME,INE126M01010
YAARI|INE126M01010|1,IBULLSLTD|INE126M01010|1,ISIN_SAME,INE126M01010
AKZOINDIA|INE133A01011|1,JSWDULUX|INE133A01011|1,ISIN_SAME,INE133A01011
ISPATIND|INE136A01022|1,JSWISPAT|INE136A01022|1,ISIN_SAME,INE136A01022
INFOTECENT|INE136B01020|1,CYIENT|INE136B01020|1,ISIN_SAME,INE136B01020
UCALFUEL|INE139B01016|1,UCAL|INE139B01016|1,ISIN_SAME,INE139B01016
PIRHEALTH|INE140A01024|1,PEL|INE140A01024|1,ISIN_SAME,INE140A01024
MVLIND|INE141B01020|1,NOESISIND|INE141B01020|1,ISIN_SAME,INE141B01020
LYPSAGEMS|INE142K01011|1,AURUS|INE142K01011|1,ISIN_SAME,INE142K01011
BINDALAGRO|INE143A01010|1,OSWALGREEN|INE143A01010|1,ISIN_SAME,INE143A01010
IBULHSGFIN|INE148I01020|1,SAMMAANCAP|INE148I01020|1,ISIN_SAME,INE148I01020
TIFIN|INE149A01033|1,CHOLAHLDNG|INE149A01033|1,ISIN_SAME,INE149A01033
GATI|INE152B01027|1,ACLGATI|INE152B01027|1,ISIN_SAME,INE152B01027
TATAMOTORS|INE155A01022|1,TMPV|INE155A01022|1,ISIN_SAME,INE155A01022
HEROHONDA|INE158A01026|1,HEROMOTOCO|INE158A01026|1,ISIN_SAME,INE158A01026
VIKASMCORP|INE161L01027|1,VIKASLIFE|INE161L01027|1,ISIN_SAME,INE161L01027
HGSL|INE170I01016|1,HGS|INE170I01016|1,ISIN_SAME,INE170I01016
ADLABS|INE172N01012|1,IMAGICAA|INE172N01012|1,ISIN_SAME,INE172N01012
MAX|INE180A01020|1,MFSL|INE180A01020|1,ISIN_SAME,INE180A01020
MMFSL|INE180C01018|1,CGCL|INE180C01018|1,ISIN_SAME,INE180C01018
SKSMICRO|INE180K01011|1,BHARATFIN|INE180K01011|1,ISIN_SAME,INE180K01011
GAMMNINFRA|INE181G01025|1,AJRINFRA|INE181G01025|1,ISIN_SAME,INE181G01025
INEABS|INE189B01011|1,STYABS|INE189B01011|1,ISIN_SAME,INE189B01011
STYABS|INE189B01011|1,INEOSSTYRO|INE189B01011|1,ISIN_SAME,INE189B01011
INEOSSTYRO|INE189B01011|1,STYRENIX|INE189B01011|1,ISIN_SAME,INE189B01011
ORCHIDCHEM|INE191A01019|1,ORCHIDPHAR|INE191A01019|1,ISIN_SAME,INE191A01019
PVR|INE191H01014|1,PVRINOX|INE191H01014|1,ISIN_SAME,INE191H01014
TATAGLOBAL|INE192A01025|1,TATACONSUM|INE192A01025|1,ISIN_SAME,INE192A01025
WELSPUNIND|INE192B01031|1,WELSPUNLIV|INE192B01031|1,ISIN_SAME,INE192B01031
WELSYNTEX|INE193B01039|1,AYMSYNTEX|INE193B01039|1,ISIN_SAME,INE193B01039
PROZONECSC|INE195N01013|1,PROZONINTU|INE195N01013|1,ISIN_SAME,INE195N01013
PROZONINTU|INE195N01013|1,PROZONER|INE195N01013|1,ISIN_SAME,INE195N01013
WORTH|INE196Y01018|1,WORTHPERI|INE196Y01018|1,ISIN_SAME,INE196Y01018
MERCK|INE199A01012|1,PGHL|INE199A01012|1,ISIN_SAME,INE199A01012
AREVAT&D|INE200A01026|1,ALSTOMT&D|INE200A01026|1,ISIN_SAME,INE200A01026
ALSTOMT&D|INE200A01026|1,GET&D|INE200A01026|1,ISIN_SAME,INE200A01026
GET&D|INE200A01026|1,GVT&D|INE200A01026|1,ISIN_SAME,INE200A01026
SHRINATRAJ|INE200F01017|1,DALMIAREF|INE200F01017|1,ISIN_SAME,INE200F01017
THINKSOFT|INE201K01015|1,SQSBFSI|INE201K01015|1,ISIN_SAME,INE201K01015
SQSBFSI|INE201K01015|1,EXPLEOSOL|INE201K01015|1,ISIN_SAME,INE201K01015
DEWANHOUS|INE202B01012|1,DHFL|INE202B01012|1,ISIN_SAME,INE202B01012
SUNDARMHLD|INE202Z01029|1,TSFINV|INE202Z01029|1,ISIN_SAME,INE202Z01029
SILLYMONKS|INE203Y01012|1,CRESTO|INE203Y01012|1,ISIN_SAME,INE203Y01012
SESAGOA|INE205A01025|1,SSLT|INE205A01025|1,ISIN_SAME,INE205A01025
SSLT|INE205A01025|1,VEDL|INE205A01025|1,ISIN_SAME,INE205A01025
AEGISCHEM|INE208C01025|1,AEGISLOG|INE208C01025|1,ISIN_SAME,INE208C01025
ATFL|INE209A01019|1,SUNDROP|INE209A01019|1,ISIN_SAME,INE209A01019
CEBBCO|INE209L01016|1,JWL|INE209L01016|1,ISIN_SAME,INE209L01016
LTI|INE214T01019|1,LTIM|INE214T01019|1,ISIN_SAME,INE214T01019
LTIM|INE214T01019|1,LTM|INE214T01019|1,ISIN_SAME,INE214T01019
ZUARIAGRO|INE217A01012|1,ZUARIGLOB|INE217A01012|1,ISIN_SAME,INE217A01012
ZUARIGLOB|INE217A01012|1,ZUARIIND|INE217A01012|1,ISIN_SAME,INE217A01012
GREENFIRE|INE217G01027|1,PROSEED|INE217G01027|1,ISIN_SAME,INE217G01027
PROINDIA|INE217G01035|1,EQUIPPP|INE217G01035|1,ISIN_SAME,INE217G01035
FOURSOFT|INE218G01017|1,PALRED|INE218G01017|1,ISIN_SAME,INE218G01017
KALPATPOWR|INE220B01022|1,KPIL|INE220B01022|1,ISIN_SAME,INE220B01022
FVIL|INE220J01025|1,FCEL|INE220J01025|1,ISIN_SAME,INE220J01025
FCEL|INE220J01025|1,FCONSUMER|INE220J01025|1,ISIN_SAME,INE220J01025
STAMPEDE|INE224E01028|1,GATECH|INE224E01028|1,ISIN_SAME,INE224E01028
SCAPDVR|INE224E01036|1,GATECHDVR|INE224E01036|1,ISIN_SAME,INE224E01036
OMMETALS|INE239D01028|1,OMINFRAL|INE239D01028|1,ISIN_SAME,INE239D01028
LLOYDELENG|INE245C01019|1,LEEL|INE245C01019|1,ISIN_SAME,INE245C01019
COREPROTEC|INE247G01024|1,COREEDUTEC|INE247G01024|1,ISIN_SAME,INE247G01024
FEDDERLOYD|INE249C01011|1,FEDDERELEC|INE249C01011|1,ISIN_SAME,INE249C01011
ESSELPACK|INE255A01020|1,EPL|INE255A01020|1,ISIN_SAME,INE255A01020
GOLDINFRA|INE260D01016|1,OLECTRA|INE260D01016|1,ISIN_SAME,INE260D01016
LAXMIMACH|INE269B01029|1,LMW|INE269B01029|1,ISIN_SAME,INE269B01029
SURANAVEL|INE272L01014|1,SURANASOL|INE272L01014|1,ISIN_SAME,INE272L01014
AARVEEDEN|INE273D01019|1,VGL|INE273D01019|1,ISIN_SAME,INE273D01019
IBSEC|INE274G01010|1,IBVENTURES|INE274G01010|1,ISIN_SAME,INE274G01010
IBVENTURES|INE274G01010|1,DHANI|INE274G01010|1,ISIN_SAME,INE274G01010
PAPERPROD|INE275B01026|1,HUHTAMAKI|INE275B01026|1,ISIN_SAME,INE275B01026
HOTELRUGBY|INE275F01019|1,UNIVAFOODS|INE275F01019|1,ISIN_SAME,INE275F01019
GARWALLROP|INE276A01018|1,GARFIBRES|INE276A01018|1,ISIN_SAME,INE276A01018
KARDA|INE278R01034|1,KBCGLOBAL|INE278R01034|1,ISIN_SAME,INE278R01034
ATLANTA|INE285H01022|1,ATLANTAA|INE285H01022|1,ISIN_SAME,INE285H01022
VISASTEEL|INE286H01012|1,VISACHROME|INE286H01012|1,ISIN_SAME,INE286H01012
TIMESGTY|INE289C01025|1,TEAMGTY|INE289C01025|1,ISIN_SAME,INE289C01025
LLOYDSTEEL|INE292A01015|1,UTTAMVALUE|INE292A01015|1,ISIN_SAME,INE292A01015
HBLPOWER|INE292B01021|1,HBLENGINE|INE292B01021|1,ISIN_SAME,INE292B01021
SMLISUZU|INE294B01019|1,SMLMAH|INE294B01019|1,ISIN_SAME,INE294B01019
NAGAAGRI|INE295D01020|1,NACLIND|INE295D01020|1,ISIN_SAME,INE295D01020
RNAM|INE298J01013|1,NAM-INDIA|INE298J01013|1,ISIN_SAME,INE298J01013
MUDRA|INE311H01018|1,ELAND|INE311H01018|1,ISIN_SAME,INE311H01018
RAIREKMOH|INE313D01013|1,MOHOTAMILL|INE313D01013|1,ISIN_SAME,INE313D01013
MOHOTAMILL|INE313D01013|1,MOHOTAIND|INE313D01013|1,ISIN_SAME,INE313D01013
ZENITHBIR|INE318D01020|1,ZENITHSTL|INE318D01020|1,ISIN_SAME,INE318D01020
THEBYKE|INE319B01014|1,BYKE|INE319B01014|1,ISIN_SAME,INE319B01014
SMSLIFE|INE320X01016|1,HALEOSLABS|INE320X01016|1,ISIN_SAME,INE320X01016
MADRASCEM|INE331A01037|1,RAMCOCEM|INE331A01037|1,ISIN_SAME,INE331A01037
SUJANATWR|INE333I01036|1,NTL|INE333I01036|1,ISIN_SAME,INE333I01036
WABCO-TVS|INE342J01019|1,WABCOINDIA|INE342J01019|1,ISIN_SAME,INE342J01019
WABCOINDIA|INE342J01019|1,ZFCVINDIA|INE342J01019|1,ISIN_SAME,INE342J01019
MANBRO|INE348N01042|1,KDGREEN|INE348N01042|1,ISIN_SAME,INE348N01042
HINDUJAVEN|INE353A01023|1,NXTDIGITAL|INE353A01023|1,ISIN_SAME,INE353A01023
NXTDIGITAL|INE353A01023|1,NDLVENTURE|INE353A01023|1,ISIN_SAME,INE353A01023
AGRE|INE360L01017|1,FMNL|INE360L01017|1,ISIN_SAME,INE360L01017
BARBEQUE|INE382M01027|1,UFBL|INE382M01027|1,ISIN_SAME,INE382M01027
TCLCONS|INE388G01026|1,TICL|INE388G01026|1,ISIN_SAME,INE388G01026
KIL|INE390H01012|1,KAMDHENU|INE390H01012|1,ISIN_SAME,INE390H01012
JTLINFRA|INE391J01024|1,JTLIND|INE391J01024|1,ISIN_SAME,INE391J01024
MRO-TEK|INE398B01018|1,UMIYA-MRO|INE398B01018|1,ISIN_SAME,INE398B01018
IBPOW|INE399K01017|1,RTNPOWER|INE399K01017|1,ISIN_SAME,INE399K01017
ADANIGAS|INE399L01023|1,ATGL|INE399L01023|1,ISIN_SAME,INE399L01023
MINDAIND|INE405E01023|1,UNOMINDA|INE405E01023|1,ISIN_SAME,INE405E01023
NUMERICPW|INE409B01013|1,SWELECTES|INE409B01013|1,ISIN_SAME,INE409B01013
HSIL|INE415A01038|1,AGI|INE415A01038|1,ISIN_SAME,INE415A01038
SABTNL|INE416A01044|1,AQYLON|INE416A01044|1,ISIN_SAME,INE416A01044
SEINV|INE420C01042|1,PAISALO|INE420C01042|1,ISIN_SAME,INE420C01042
AHMEDFORGE|INE425A01011|1,METALFORGE|INE425A01011|1,ISIN_SAME,INE425A01011
LYCOS|INE425B01027|1,BCG|INE425B01027|1,ISIN_SAME,INE425B01027
CESCVENT|INE425Y01011|1,RPSGVENT|INE425Y01011|1,ISIN_SAME,INE425Y01011
HORIZONINF|INE429F01012|1,SKIL|INE429F01012|1,ISIN_SAME,INE429F01012
PERIATEA|INE431F01018|1,PKTEA|INE431F01018|1,ISIN_SAME,INE431F01018
APPAPER|INE435A01028|1,IPAPPM|INE435A01028|1,ISIN_SAME,INE435A01028
IPAPPM|INE435A01028|1,ANDPAPER|INE435A01028|1,ISIN_SAME,INE435A01028
ANDPAPER|INE435A01028|1,ANDHRAPAP|INE435A01028|1,ISIN_SAME,INE435A01028
TEXMACOLTD|INE435C01024|1,TEXINFRA|INE435C01024|1,ISIN_SAME,INE435C01024
DALMIABEL|INE439L01019|1,DALMIABHA|INE439L01019|1,ISIN_SAME,INE439L01019
PITTILAM|INE450D01021|1,PITTIENG|INE450D01021|1,ISIN_SAME,INE450D01021
MAXWELL|INE450G01024|1,VIPCLOTHNG|INE450G01024|1,ISIN_SAME,INE450G01024
ADHUNIKIND|INE452L01012|1,INCREDIBLE|INE452L01012|1,ISIN_SAME,INE452L01012
HALONIX|INE455B01016|1,PHOENIXLL|INE455B01016|1,ISIN_SAME,INE455B01016
GANESHHOUC|INE460C01014|1,GANESHHOU|INE460C01014|1,ISIN_SAME,INE460C01014
IIFLWAM|INE466L01020|1,360ONE|INE466L01020|1,ISIN_SAME,INE466L01020
BOC|INE473A01011|1,LINDEINDIA|INE473A01011|1,ISIN_SAME,INE473A01011
HYDROS&S|INE473D01015|1,KINGFA|INE473D01015|1,ISIN_SAME,INE473D01015
DPTL|INE477B01010|1,DPL|INE477B01010|1,ISIN_SAME,INE477B01010
DPL|INE477B01010|1,DVL|INE477B01010|1,ISIN_SAME,INE477B01010
KRITIIND|INE479D01038|1,KRITI|INE479D01038|1,ISIN_SAME,INE479D01038
ACRYSIL|INE482D01024|1,CARYSIL|INE482D01024|1,ISIN_SAME,INE482D01024
GAL|INE482J01021|1,SHAH|INE482J01021|1,ISIN_SAME,INE482J01021
INFIBEAM|INE483S01020|1,CCAVENUE|INE483S01020|1,ISIN_SAME,INE483S01020
TIDEWATER|INE484C01030|1,VEEDOL|INE484C01030|1,ISIN_SAME,INE484C01030
IIFLSEC|INE489L01022|1,IIFLCAPS|INE489L01022|1,ISIN_SAME,INE489L01022
CLNINDIA|INE492A01029|1,HEUBACHIND|INE492A01029|1,ISIN_SAME,INE492A01029
HEUBACHIND|INE492A01029|1,SUDARCOLOR|INE492A01029|1,ISIN_SAME,INE492A01029
SALONACOT|INE498E01010|1,SALONA|INE498E01010|1,ISIN_SAME,INE498E01010
L&TFH|INE498L01015|1,LTF|INE498L01015|1,ISIN_SAME,INE498L01015
DCMSRMCONS|INE499A01024|1,DCMSHRIRAM|INE499A01024|1,ISIN_SAME,INE499A01024
DCB|INE503A01015|1,DCBBANK|INE503A01015|1,ISIN_SAME,INE503A01015
DHARAMSI|INE505A01010|1,DMCC|INE505A01010|1,ISIN_SAME,INE505A01010
MAGMA|INE511C01022|1,POONAWALLA|INE511C01022|1,ISIN_SAME,INE511C01022
FAGBEARING|INE513A01014|1,SCHAEFFLER|INE513A01014|1,ISIN_SAME,INE513A01014
CPIL|INE521J01018|1,CAREERP|INE521J01018|1,ISIN_SAME,INE521J01018
CAREERP|INE521J01018|1,CPCAP|INE521J01018|1,ISIN_SAME,INE521J01018
SIGNETIND|INE529F01019|1,SIGNET|INE529F01019|1,ISIN_SAME,INE529F01019
INDIAINFO|INE530B01024|1,IIFL|INE530B01024|1,ISIN_SAME,INE530B01024
MAHINDFORG|INE536H01010|1,MAHINDCIE|INE536H01010|1,ISIN_SAME,INE536H01010
MAHINDCIE|INE536H01010|1,CIEINDIA|INE536H01010|1,ISIN_SAME,INE536H01010
GUJFLUORO|INE538A01037|1,GFLLIMITED|INE538A01037|1,ISIN_SAME,INE538A01037
PIPAVAVYD|INE542F01012|1,PIPAVAVDOC|INE542F01012|1,ISIN_SAME,INE542F01012
PIPAVAVDOC|INE542F01012|1,RDEL|INE542F01012|1,ISIN_SAME,INE542F01012
RDEL|INE542F01012|1,RNAVAL|INE542F01012|1,ISIN_SAME,INE542F01012
KPIGLOBAL|INE542W01017|1,KPIGREEN|INE542W01017|1,ISIN_SAME,INE542W01017
HEG|INE545A01024|1,HEGAM|INE545A01024|1,ISIN_SAME,INE545A01024
AXIS-IT&T|INE555B01013|1,AXISCADES|INE555B01013|1,ISIN_SAME,INE555B01013
HYDRBADIND|INE557A01011|1,HIL|INE557A01011|1,ISIN_SAME,INE557A01011
HIL|INE557A01011|1,BIRLANU|INE557A01011|1,ISIN_SAME,INE557A01011
SHARRESLTD|INE559D01011|1,CREST|INE559D01011|1,ISIN_SAME,INE559D01011
URAVI|INE568Z01015|1,URAVIDEF|INE568Z01015|1,ISIN_SAME,INE568Z01015
ORIENTABRA|INE569C01020|1,ORIENTCER|INE569C01020|1,ISIN_SAME,INE569C01020
ARROWCOAT|INE570D01018|1,ARROWGREEN|INE570D01018|1,ISIN_SAME,INE570D01018
SENTINEL|INE577L01016|1,STEL|INE577L01016|1,ISIN_SAME,INE577L01016
SAHPETRO|INE586G01017|1,GULFPETRO|INE586G01017|1,ISIN_SAME,INE586G01017
KEERTI|INE586X01012|1,GTECJAINX|INE586X01012|1,ISIN_SAME,INE586X01012
NEYVELILIG|INE589A01014|1,NLCINDIA|INE589A01014|1,ISIN_SAME,INE589A01014
NIITTECH|INE591G01017|1,COFORGE|INE591G01017|1,ISIN_SAME,INE591G01017
CRONIMET|INE592I01029|1,METKORE|INE592I01029|1,ISIN_SAME,INE592I01029
HOVS|INE596H01014|1,HGM|INE596H01014|1,ISIN_SAME,INE596H01014
PILIND|INE600A01027|1,PILITA|INE600A01027|1,ISIN_SAME,INE600A01027
PHILIPCARB|INE602A01023|1,PCBL|INE602A01023|1,ISIN_SAME,INE602A01023
PDUMJEPULP|INE606A01024|1,AMJLAND|INE606A01024|1,ISIN_SAME,INE606A01024
ORIENTCERA|INE607D01018|1,ORIENTBELL|INE607D01018|1,ISIN_SAME,INE607D01018
TWL|INE615H01020|1,TITAGARH|INE615H01020|1,ISIN_SAME,INE615H01020
DHANVARSHA|INE615R01029|1,TRU|INE615R01029|1,ISIN_SAME,INE615R01029
REVATHI|INE617A01013|1,SEMAC|INE617A01013|1,ISIN_SAME,INE617A01013
ANANDAMRUB|INE618N01014|1,BALAXI|INE618N01014|1,ISIN_SAME,INE618N01014
RUCHI|INE619A01035|1,PATANJALI|INE619A01035|1,ISIN_SAME,INE619A01035
A2ZMES|INE619I01012|1,A2ZINFRA|INE619I01012|1,ISIN_SAME,INE619I01012
PANTALOONR|INE623B01027|1,FRL|INE623B01027|1,ISIN_SAME,INE623B01027
FRL|INE623B01027|1,FEL|INE623B01027|1,ISIN_SAME,INE623B01027
WELPROJ|INE625G01013|1,WELENT|INE625G01013|1,ISIN_SAME,INE625G01013
UNIPHOS|INE628A01036|1,UPL|INE628A01036|1,ISIN_SAME,INE628A01036
VIDHIDYE|INE632C01026|1,VIDHIING|INE632C01026|1,ISIN_SAME,INE632C01026
KAVVERITEL|INE641C01019|1,KAVDEFENCE|INE641C01019|1,ISIN_SAME,INE641C01019
SONASTEER|INE643A01035|1,JTEKTINDIA|INE643A01035|1,ISIN_SAME,INE643A01035
PFRL|INE647O01011|1,ABFRL|INE647O01011|1,ISIN_SAME,INE647O01011
8KMILES|INE650K01021|1,SECURKLOUD|INE650K01021|1,ISIN_SAME,INE650K01021
SURAJDIAMN|INE664A01015|1,WINSOMEDJ|INE664A01015|1,ISIN_SAME,INE664A01015
SWANENERGY|INE665A01038|1,SWANCORP|INE665A01038|1,ISIN_SAME,INE665A01038
BOROSIL|INE666D01022|1,BORORENEW|INE666D01022|1,ISIN_SAME,INE666D01022
BHARTISHIP|INE673G01013|1,BHARATIDIL|INE673G01013|1,ISIN_SAME,INE673G01013
TATASPONGE|INE674A01014|1,TATASTLLP|INE674A01014|1,ISIN_SAME,INE674A01014
AGCNET|INE676A01019|1,BBOX|INE676A01019|1,ISIN_SAME,INE676A01019
DEEPIND|INE677H01012|1,DEEPENR|INE677H01012|1,ISIN_SAME,INE677H01012
KEYCORPSER|INE681C01015|1,KEYFINSERV|INE681C01015|1,ISIN_SAME,INE681C01015
ITDCEM|INE686A01026|1,CEMPRO|INE686A01026|1,ISIN_SAME,INE686A01026
FCH|INE688I01017|1,CAPF|INE688I01017|1,ISIN_SAME,INE688I01017
EXCELINFO|INE688J01015|1,EXCEL|INE688J01015|1,ISIN_SAME,INE688J01015
EXCEL|INE688J01023|1,LANDSMILL|INE688J01023|1,ISIN_SAME,INE688J01023
CAMBRIDGE|INE692G01013|1,XCHANGING|INE692G01013|1,ISIN_SAME,INE692G01013
NEOCURE|INE695B01025|1,COUNCODOS|INE695B01025|1,ISIN_SAME,INE695B01025
JUBILANT|INE700A01033|1,JUBLPHARMA|INE700A01033|1,ISIN_SAME,INE700A01033
ACKRUTI|INE703H01016|1,HUBTOWN|INE703H01016|1,ISIN_SAME,INE703H01016
CINEPRO|INE704H01022|1,CINELINE|INE704H01022|1,ISIN_SAME,INE704H01022
TIPSINDLTD|INE716B01029|1,TIPSMUSIC|INE716B01029|1,ISIN_SAME,INE716B01029
SRTRANSFIN|INE721A01013|1,SHRIRAMFIN|INE721A01013|1,ISIN_SAME,INE721A01013
RJL|INE722H01016|1,RGL|INE722H01016|1,ISIN_SAME,INE722H01016
NBVENTURES|INE725A01022|1,NAVA|INE725A01022|1,ISIN_SAME,INE725A01022
WEIZFOREX|INE726L01019|1,EBIXFOREX|INE726L01019|1,ISIN_SAME,INE726L01019
EBIXFOREX|INE726L01019|1,DELPHIFX|INE726L01019|1,ISIN_SAME,INE726L01019
ANGELBRKG|INE732I01013|1,ANGELONE|INE732I01013|1,ISIN_SAME,INE732I01013
SEPOWER|INE735M01018|1,SAMPANN|INE735M01018|1,ISIN_SAME,INE735M01018
SPHEREGSL|INE737B01033|1,ADROITINFO|INE737B01033|1,ISIN_SAME,INE737B01033
MODISNME|INE737D01021|1,MODISONLTD|INE737D01021|1,ISIN_SAME,INE737D01021
DYNATECH|INE741L01018|1,DUCON|INE741L01018|1,ISIN_SAME,INE741L01018
MUNDRAPORT|INE742F01042|1,ADANIPORTS|INE742F01042|1,ISIN_SAME,INE742F01042
AIONJSW|INE743C01021|1,JSWISPL|INE743C01021|1,ISIN_SAME,INE743C01021
ORIENTREF|INE743M01012|1,RHIM|INE743M01012|1,ISIN_SAME,INE743M01012
ORTINLAB|INE749B01020|1,ORTINGLOBE|INE749B01020|1,ISIN_SAME,INE749B01020
SHIV-VANI|INE756B01017|1,SVOGL|INE756B01017|1,ISIN_SAME,INE756B01017
COSMOFILMS|INE757A01017|1,COSMOFIRST|INE757A01017|1,ISIN_SAME,INE757A01017
SHREYAS|INE757B01015|1,TRANSWORLD|INE757B01015|1,ISIN_SAME,INE757B01015
ZOMATO|INE758T01015|1,ETERNAL|INE758T01015|1,ISIN_SAME,INE758T01015
TMRVL|INE759V01019|1,HEADSUP|INE759V01019|1,ISIN_SAME,INE759V01019
CAMLIN|INE760A01029|1,KOKUYOCMLN|INE760A01029|1,ISIN_SAME,INE760A01029
TRIL|INE763I01026|1,TARIL|INE763I01026|1,ISIN_SAME,INE763I01026
MOTHERSUMI|INE775A01035|1,MOTHERSON|INE775A01035|1,ISIN_SAME,INE775A01035
GMRINFRA|INE776C01039|1,GMRAIRPORT|INE776C01039|1,ISIN_SAME,INE776C01039
NATHSEED|INE778A01021|1,TECHIN|INE778A01021|1,ISIN_SAME,INE778A01021
EMAMIINFRA|INE778K01012|1,EMAMIREAL|INE778K01012|1,ISIN_SAME,INE778K01012
HITACHIHOM|INE782A01015|1,JCHAC|INE782A01015|1,ISIN_SAME,INE782A01015
JCHAC|INE782A01015|1,BOSCH-HCIL|INE782A01015|1,ISIN_SAME,INE782A01015
KALECONSUL|INE793A01012|1,ACCELYA|INE793A01012|1,ISIN_SAME,INE793A01012
BHAGWATIHO|INE797H01018|1,TGBHOTELS|INE797H01018|1,ISIN_SAME,INE797H01018
BIRLAERIC|INE800A01015|1,BIRLACABLE|INE800A01015|1,ISIN_SAME,INE800A01015
LINCPEN|INE802B01019|1,LINC|INE802B01019|1,ISIN_SAME,INE802B01019
VIKASGLOB|INE806A01020|1,VIKASECO|INE806A01020|1,ISIN_SAME,INE806A01020
SEQUENT|INE807F01027|1,VIYASH|INE807F01027|1,ISIN_SAME,INE807F01027
SELAN|INE818A01017|1,ANTELOPUS|INE818A01017|1,ISIN_SAME,INE818A01017
DAAWAT|INE818H01020|1,LTFOODS|INE818H01020|1,ISIN_SAME,INE818H01020
BHUSANSTL|INE824B01021|1,TATASTLBSL|INE824B01021|1,ISIN_SAME,INE824B01021
JINDALSWHL|INE824G01012|1,JSWHL|INE824G01012|1,ISIN_SAME,INE824G01012
MIRCELECTR|INE831A01028|1,ONIDA|INE831A01028|1,ISIN_SAME,INE831A01028
MANAKINDST|INE831Q01016|1,BKMINDST|INE831Q01016|1,ISIN_SAME,INE831Q01016
IBIPL|INE834M01019|1,RTNINFRA|INE834M01019|1,ISIN_SAME,INE834M01019
RTNINFRA|INE834M01019|1,RTNINDIA|INE834M01019|1,ISIN_SAME,INE834M01019
ALLSEC|INE835G01018|1,ALLDIGI|INE835G01018|1,ISIN_SAME,INE835G01018
KPIT|INE836A01035|1,BSOFT|INE836A01035|1,ISIN_SAME,INE836A01035
GUJGASLTD|INE844O01030|1,GUJENERGY|INE844O01030|1,ISIN_SAME,INE844O01030
LOGIXMICRO|INE848A01014|1,IZMO|INE848A01014|1,ISIN_SAME,INE848A01014
MCDOWELL-N|INE854D01024|1,UNITDSPR|INE854D01024|1,ISIN_SAME,INE854D01024
RAINCOM|INE855B01025|1,RAIN|INE855B01025|1,ISIN_SAME,INE855B01025
AVANTI|INE871C01012|1,AVANTIFEED|INE871C01012|1,ISIN_SAME,INE871C01012
GSSAMERICA|INE871H01011|1,GSS|INE871H01011|1,ISIN_SAME,INE871H01011
NANDANEXIM|INE875G01030|1,NDL|INE875G01030|1,ISIN_SAME,INE875G01030
NIRVIKARA|INE875R01011|1,BALKRISHNA|INE875R01011|1,ISIN_SAME,INE875R01011
APIL|INE878A01011|1,AIL|INE878A01011|1,ISIN_SAME,INE878A01011
AIL|INE878A01011|1,GEPIL|INE878A01011|1,ISIN_SAME,INE878A01011
GEPIL|INE878A01011|1,GVPIL|INE878A01011|1,ISIN_SAME,INE878A01011
VAIBHAVGEM|INE884A01019|1,VAIBHAVGBL|INE884A01019|1,ISIN_SAME,INE884A01019
AMARAJABAT|INE885A01032|1,ARE&M|INE885A01032|1,ISIN_SAME,INE885A01032
IBN18|INE886H01027|1,TV18BRDCST|INE886H01027|1,ISIN_SAME,INE886H01027
MAJESCO|INE898S01029|1,AURUM|INE898S01029|1,ISIN_SAME,INE898S01029
MBSWITCH|INE899L01022|1,UJAAS|INE899L01022|1,ISIN_SAME,INE899L01022
ASTERSILI|INE900K01012|1,SHRIASTER|INE900K01012|1,ISIN_SAME,INE900K01012
TTKHEALTH|INE910C01018|1,TTKHLTCARE|INE910C01018|1,ISIN_SAME,INE910C01018
FORTUNEFIN|INE924D01017|1,THEINVEST|INE924D01017|1,ISIN_SAME,INE924D01017
ROMAN|INE924H01018|1,TARMAT|INE924H01018|1,ISIN_SAME,INE924H01018
GODHA|INE925Y01036|1,AURIGROW|INE925Y01036|1,ISIN_SAME,INE925Y01036
SPICEMOBIL|INE927C01020|1,SMOBILITY|INE927C01020|1,ISIN_SAME,INE927C01020
SMOBILITY|INE927C01020|1,SPICEMOBI|INE927C01020|1,ISIN_SAME,INE927C01020
SPICEMOBI|INE927C01020|1,DIGISPICE|INE927C01020|1,ISIN_SAME,INE927C01020
AANJANEYA|INE928K01013|1,DRDATSONS|INE928K01013|1,ISIN_SAME,INE928K01013
ADANITRANS|INE931S01010|1,ADANIENSOL|INE931S01010|1,ISIN_SAME,INE931S01010
MEGASOFT|INE933B01012|1,SIGMAADV|INE933B01012|1,ISIN_SAME,INE933B01012
BAJAJCORP|INE933K01021|1,BAJAJCON|INE933K01021|1,ISIN_SAME,INE933K01021
MLL|INE934B01028|1,MERCATOR|INE934B01028|1,ISIN_SAME,INE934B01028
HOPFL|INE940H01014|1,PGIL|INE940H01014|1,ISIN_SAME,INE940H01014
LANCOIN|INE943C01027|1,SRIPIPES|INE943C01027|1,ISIN_SAME,INE943C01027
VISHALRET|INE945H01013|1,V2RETAIL|INE945H01013|1,ISIN_SAME,INE945H01013
VIPUL|INE946H01037|1,VIPULLTD|INE946H01037|1,ISIN_SAME,INE946H01037
ADI|INE959A01019|1,FAIRCHEM|INE959A01019|1,ISIN_SAME,INE959A01019
FAIRCHEM|INE959A01019|1,PRIVISCL|INE959A01019|1,ISIN_SAME,INE959A01019
SHRIRAMEPC|INE964H01014|1,SEPC|INE964H01014|1,ISIN_SAME,INE964H01014
WWIL|INE965H01011|1,SITICABLE|INE965H01011|1,ISIN_SAME,INE965H01011
SITICABLE|INE965H01011|1,SITINET|INE965H01011|1,ISIN_SAME,INE965H01011
DOLAT|INE966A01022|1,DOLATALGO|INE966A01022|1,ISIN_SAME,INE966A01022
ZEENEWS|INE966H01019|1,ZEEMEDIA|INE966H01019|1,ISIN_SAME,INE966H01019
JUMPNET|INE974C01022|1,WINPRO|INE974C01022|1,ISIN_SAME,INE974C01022
NUCENT|INE980A01023|1,PRESSMN|INE980A01023|1,ISIN_SAME,INE980A01023
CREATIVE|INE985W01018|1,CNL|INE985W01018|1,ISIN_SAME,INE985W01018
KSBPUMPS|INE999A01015|1,KSB|INE999A01015|1,ISIN_SAME,INE999A01015
NIFETF|INF109K012R6|1,INIFTY|INF109K012R6|1,ISIN_SAME,INF109K012R6
INIFTY|INF109K012R6|1,NIFTYIWIN|INF109K012R6|1,ISIN_SAME,INF109K012R6
NIFTYIWIN|INF109K012R6|1,ICICINIFTY|INF109K012R6|1,ISIN_SAME,INF109K012R6
ICICINIFTY|INF109K012R6|1,NIFTYIETF|INF109K012R6|1,ISIN_SAME,INF109K012R6
IPGETF|INF109K01FV4|1,IGOLD|INF109K01FV4|1,ISIN_SAME,INF109K01FV4
ICCNX100|INF109KA1962|1,ICNX100|INF109KA1962|1,ISIN_SAME,INF109KA1962
ICNX100|INF109KA1962|1,NIF100IWIN|INF109KA1962|1,ISIN_SAME,INF109KA1962
NIF100IWIN|INF109KA1962|1,ICICINF100|INF109KA1962|1,ISIN_SAME,INF109KA1962
ICICINF100|INF109KA1962|1,NIF100IETF|INF109KA1962|1,ISIN_SAME,INF109KA1962
LOWVOLIWIN|INF109KB10T8|1,ICICILOVOL|INF109KB10T8|1,ISIN_SAME,INF109KB10T8
ICICILOVOL|INF109KB10T8|1,LOWVOLIETF|INF109KB10T8|1,ISIN_SAME,INF109KB10T8
BHARATIWIN|INF109KB15Y7|1,ICICIB22|INF109KB15Y7|1,ISIN_SAME,INF109KB15Y7
IGOLD|INF109KB1WF4|1,GOLDIWIN|INF109KB1WF4|1,ISIN_SAME,INF109KB1WF4
GOLDIWIN|INF109KB1WF4|1,ICICIGOLD|INF109KB1WF4|1,ISIN_SAME,INF109KB1WF4
INV20|INF109KB1WY5|1,NV20IWIN|INF109KB1WY5|1,ISIN_SAME,INF109KB1WY5
NV20IWIN|INF109KB1WY5|1,ICICINV20|INF109KB1WY5|1,ISIN_SAME,INF109KB1WY5
ICICINV20|INF109KB1WY5|1,NV20IETF|INF109KB1WY5|1,ISIN_SAME,INF109KB1WY5
IMIDCAP|INF109KB1XT3|1,MIDCAPIWIN|INF109KB1XT3|1,ISIN_SAME,INF109KB1XT3
MIDCAPIWIN|INF109KB1XT3|1,ICICIMCAP|INF109KB1XT3|1,ISIN_SAME,INF109KB1XT3
ICICIMCAP|INF109KB1XT3|1,MIDSELIETF|INF109KB1XT3|1,ISIN_SAME,INF109KB1XT3
PSUBANKICI|INF109KC10S8|1,PSUBNKIETF|INF109KC10S8|1,ISIN_SAME,INF109KC10S8
ICICI5GSEC|INF109KC14A8|1,GSEC5IETF|INF109KC14A8|1,ISIN_SAME,INF109KC14A8
ICICIBANKN|INF109KC15I8|1,BANKIETF|INF109KC15I8|1,ISIN_SAME,INF109KC15I8
ICICIQTY30|INF109KC15T5|1,QUAL30IETF|INF109KC15T5|1,ISIN_SAME,INF109KC15T5
ICICIINFRA|INF109KC16E5|1,INFRAIETF|INF109KC16E5|1,ISIN_SAME,INF109KC16E5
ICICITECH|INF109KC16I6|1,ITIETF|INF109KC16I6|1,ISIN_SAME,INF109KC16I6
ICICIMOM30|INF109KC17C7|1,MOM30IETF|INF109KC17C7|1,ISIN_SAME,INF109KC17C7
ICICIFIN|INF109KC17L8|1,FINIETF|INF109KC17L8|1,ISIN_SAME,INF109KC17L8
ICICI10GS|INF109KC18O0|1,GSEC10IETF|INF109KC18O0|1,ISIN_SAME,INF109KC18O0
ICICICOMMO|INF109KC19O8|1,COMMOIETF|INF109KC19O8|1,ISIN_SAME,INF109KC19O8
IPRU5008|INF109KC1E27|1,ICICIBANKN|INF109KC1E27|1,ISIN_SAME,INF109KC1E27
ICICIBANKP|INF109KC1E35|1,PVTBANIETF|INF109KC1E35|1,ISIN_SAME,INF109KC1E35
ICICIM150|INF109KC1G82|1,MIDCAPIETF|INF109KC1G82|1,ISIN_SAME,INF109KC1G82
ICICILIQ|INF109KC1KT9|1,LIQUIDIETF|INF109KC1KT9|1,ISIN_SAME,INF109KC1KT9
ICICIALPLV|INF109KC1N59|1,ALPL30IETF|INF109KC1N59|1,ISIN_SAME,INF109KC1N59
ICICINXT50|INF109KC1NS5|1,NEXT50IETF|INF109KC1NS5|1,ISIN_SAME,INF109KC1NS5
ICICIGOLD|INF109KC1NT3|1,GOLDIETF|INF109KC1NT3|1,ISIN_SAME,INF109KC1NT3
ICICIPHARM|INF109KC1Q72|1,HEALTHIETF|INF109KC1Q72|1,ISIN_SAME,INF109KC1Q72
ICICIFMCG|INF109KC1R48|1,FMCGIETF|INF109KC1R48|1,ISIN_SAME,INF109KC1R48
ICICICONSU|INF109KC1V42|1,CONSUMIETF|INF109KC1V42|1,ISIN_SAME,INF109KC1V42
ICICI500|INF109KC1V59|1,BSE500IETF|INF109KC1V59|1,ISIN_SAME,INF109KC1V59
ICICIAUTO|INF109KC1Y49|1,AUTOIETF|INF109KC1Y49|1,ISIN_SAME,INF109KC1Y49
ICICISILVE|INF109KC1Y56|1,SILVERIETF|INF109KC1Y56|1,ISIN_SAME,INF109KC1Y56
KOTAKNIFTY|INF174K014P6|1,NIFTY1|INF174K014P6|1,ISIN_SAME,INF174K014P6
KOTAKBKETF|INF174K01F59|1,BANKNIFTY1|INF174K01F59|1,ISIN_SAME,INF174K01F59
KTKNV20ETF|INF174K01Z71|1,KOTAKNV20|INF174K01Z71|1,ISIN_SAME,INF174K01Z71
KOTAKNV20|INF174K01Z71|1,NV20|INF174K01Z71|1,ISIN_SAME,INF174K01Z71
KOTAKIT|INF174KA1GC5|1,IT|INF174KA1GC5|1,ISIN_SAME,INF174KA1GC5
KOTAKGOLD|INF174KA1HJ8|1,GOLD1|INF174KA1HJ8|1,ISIN_SAME,INF174KA1HJ8
KOTAKALPHA|INF174KA1IA5|1,ALPHA|INF174KA1IA5|1,ISIN_SAME,INF174KA1IA5
KOTAKMID50|INF174KA1IB3|1,MIDCAP|INF174KA1IB3|1,ISIN_SAME,INF174KA1IB3
KOTAKLOVOL|INF174KA1IY5|1,LOWVOL1|INF174KA1IY5|1,ISIN_SAME,INF174KA1IY5
KOTAKCONS|INF174KA1JE5|1,CONS|INF174KA1JE5|1,ISIN_SAME,INF174KA1JE5
KOTAKMNC|INF174KA1JF2|1,MNC|INF174KA1JF2|1,ISIN_SAME,INF174KA1JF2
KOTAKSILVE|INF174KA1KU9|1,SILVER1|INF174KA1KU9|1,ISIN_SAME,INF174KA1KU9
KOTAKLIQ|INF174KA1LV5|1,LIQUID1|INF174KA1LV5|1,ISIN_SAME,INF174KA1LV5
QUALITY|INF174KA1WT6|1,QUALITY30|INF174KA1WT6|1,ISIN_SAME,INF174KA1WT6
HDFCNIFETF|INF179KC1965|1,HDFCNIFTY|INF179KC1965|1,ISIN_SAME,INF179KC1965
HDFCSENETF|INF179KC1973|1,HDFCSENSEX|INF179KC1973|1,ISIN_SAME,INF179KC1973
HDFCMFGETF|INF179KC1981|1,HDFCGOLD|INF179KC1981|1,ISIN_SAME,INF179KC1981
HBANKETF|INF179KC1AN8|1,HDFCNIFBAN|INF179KC1AN8|1,ISIN_SAME,INF179KC1AN8
SBIGETS|INF200K01099|1,SETFGOLD|INF200K01099|1,ISIN_SAME,INF200K01099
SETFBANK|INF200KA1580|1,SETFNIFBK|INF200KA1580|1,ISIN_SAME,INF200KA1580
SETFNIFJR|INF200KA1598|1,SETFNN50|INF200KA1598|1,ISIN_SAME,INF200KA1598
SETFNIFTY|INF200KA1FS1|1,SETFNIF50|INF200KA1FS1|1,ISIN_SAME,INF200KA1FS1
RELCNX100|INF204K014N5|1,NETFNIF100|INF204K014N5|1,ISIN_SAME,INF204K014N5
NETFNIF100|INF204K014N5|1,NIF100BEES|INF204K014N5|1,ISIN_SAME,INF204K014N5
RELNV20|INF204KA17D8|1,NETFNV20|INF204KA17D8|1,ISIN_SAME,INF204KA17D8
RELCONS|INF204KA1LD7|1,NETFCONSUM|INF204KA1LD7|1,ISIN_SAME,INF204KA1LD7
NETFCONSUM|INF204KA1LD7|1,CONSUMBEES|INF204KA1LD7|1,ISIN_SAME,INF204KA1LD7
RELDIVOPP|INF204KA1MS3|1,NETFDIVOPP|INF204KA1MS3|1,ISIN_SAME,INF204KA1MS3
NETFDIVOPP|INF204KA1MS3|1,DIVOPPBEES|INF204KA1MS3|1,ISIN_SAME,INF204KA1MS3
NETFIT|INF204KB15V2|1,ITBEES|INF204KB15V2|1,ISIN_SAME,INF204KB15V2
RRSLGETF|INF204KB1882|1,NETFLTGILT|INF204KB1882|1,ISIN_SAME,INF204KB1882
NETFLTGILT|INF204KB1882|1,LTGILTBEES|INF204KB1882|1,ISIN_SAME,INF204KB1882
NETFNV20|INF204KB18I3|1,NV20BEES|INF204KB18I3|1,ISIN_SAME,INF204KB18I3
NCPSESDL24|INF204KB18W4|1,SDL24BEES|INF204KB18W4|1,ISIN_SAME,INF204KB18W4
RETFMID150|INF204KB1V68|1,NETFMID150|INF204KB1V68|1,ISIN_SAME,INF204KB1V68
NETFMID150|INF204KB1V68|1,MID150BEES|INF204KB1V68|1,ISIN_SAME,INF204KB1V68
NETFSDL26|INF204KC1022|1,SDL26BEES|INF204KC1022|1,ISIN_SAME,INF204KC1022
NETFGILT5Y|INF204KC1030|1,GILT5YBEES|INF204KC1030|1,ISIN_SAME,INF204KC1030
NETFPHARMA|INF204KC1089|1,PHARMABEES|INF204KC1089|1,ISIN_SAME,INF204KC1089
NETFAUTO|INF204KC1337|1,AUTOBEES|INF204KC1337|1,ISIN_SAME,INF204KC1337
NETFSILVER|INF204KC1402|1,SILVERBEES|INF204KC1402|1,ISIN_SAME,INF204KC1402
RELIGAREGO|INF205K01361|1,IVZINGOLD|INF205K01361|1,ISIN_SAME,INF205K01361
RELGRNIFTY|INF205K01DA9|1,IVZINNIFTY|INF205K01DA9|1,ISIN_SAME,INF205K01DA9
M100|INF247L01023|1,MOM100|INF247L01023|1,ISIN_SAME,INF247L01023
N100|INF247L01031|1,MON100|INF247L01031|1,ISIN_SAME,INF247L01031
M50|INF247L01536|1,MOM50|INF247L01536|1,ISIN_SAME,INF247L01536
G5|INF247L01AK4|1,MOGSEC|INF247L01AK4|1,ISIN_SAME,INF247L01AK4
SPICE|INF346A01034|1,ISENSEX|INF346A01034|1,ISIN_SAME,INF346A01034
ISENSEX|INF346A01034|1,SENSEXIWIN|INF346A01034|1,ISIN_SAME,INF346A01034
SENSEXIWIN|INF346A01034|1,ICICISENSX|INF346A01034|1,ISIN_SAME,INF346A01034
ICICISENSX|INF346A01034|1,SENSEXIETF|INF346A01034|1,ISIN_SAME,INF346A01034
KOTAKPSUBK|INF373I01023|1,PSUBANK|INF373I01023|1,ISIN_SAME,INF373I01023
IDBIGOLD|INF397L01554|1,LICMFGOLD|INF397L01554|1,ISIN_SAME,INF397L01554
GROWEV|INF666M01IH2|1,GROWWEV|INF666M01IH2|1,ISIN_SAME,INF666M01IH2
DSPN50ETF|INF740KA1CL0|1,NIFTY50ADD|INF740KA1CL0|1,ISIN_SAME,INF740KA1CL0
NIFTY50ADD|INF740KA1CL0|1,NIFTYADD|INF740KA1CL0|1,ISIN_SAME,INF740KA1CL0
DSPNEWETF|INF740KA1QK2|1,EQUAL50ADD|INF740KA1QK2|1,ISIN_SAME,INF740KA1QK2
DSPQ50ETF|INF740KA1QL0|1,MIDQ50ADD|INF740KA1QL0|1,ISIN_SAME,INF740KA1QL0
DSPSILVETF|INF740KA1RE3|1,SILVERADD|INF740KA1RE3|1,ISIN_SAME,INF740KA1RE3
DSPBANKETF|INF740KA1RX3|1,BANKETFADD|INF740KA1RX3|1,ISIN_SAME,INF740KA1RX3
BANKETFADD|INF740KA1RX3|1,BANKADD|INF740KA1RX3|1,ISIN_SAME,INF740KA1RX3
DSPGOLDETF|INF740KA1SW3|1,GOLDETFADD|INF740KA1SW3|1,ISIN_SAME,INF740KA1SW3
GOLDETFADD|INF740KA1SW3|1,GOLDADD|INF740KA1SW3|1,ISIN_SAME,INF740KA1SW3
DSPITETF|INF740KA1SX1|1,ITETFADD|INF740KA1SX1|1,ISIN_SAME,INF740KA1SX1
ITETFADD|INF740KA1SX1|1,ITADD|INF740KA1SX1|1,ISIN_SAME,INF740KA1SX1
DSPPSBKETF|INF740KA1SY9|1,PSUBANKADD|INF740KA1SY9|1,ISIN_SAME,INF740KA1SY9
DSPSENXETF|INF740KA1SZ6|1,SENSEXADD|INF740KA1SZ6|1,ISIN_SAME,INF740KA1SZ6
DSPPVBKETF|INF740KA1TA7|1,PVTBANKADD|INF740KA1TA7|1,ISIN_SAME,INF740KA1TA7
LICNMFET|INF767K01MV5|1,LICNETFGSC|INF767K01MV5|1,ISIN_SAME,INF767K01MV5
LICNFENGP|INF767K01OS7|1,LICNETFN50|INF767K01OS7|1,ISIN_SAME,INF767K01OS7
MAN50ETF|INF769K01EG9|1,NIFTYETF|INF769K01EG9|1,ISIN_SAME,INF769K01EG9
MANXT50|INF769K01FN2|1,NEXT50|INF769K01FN2|1,ISIN_SAME,INF769K01FN2
MAESGETF|INF769K01GS9|1,ESG|INF769K01GS9|1,ISIN_SAME,INF769K01GS9
MAFSETF|INF769K01HI8|1,BFSI|INF769K01HI8|1,ISIN_SAME,INF769K01HI8
MAMFGETF|INF769K01IB1|1,MAKEINDIA|INF769K01IB1|1,ISIN_SAME,INF769K01IB1
MAM150ETF|INF769K01IC9|1,MIDCAPETF|INF769K01IC9|1,ISIN_SAME,INF769K01IC9
MAGOLDETF|INF769K01JP9|1,GOLDETF|INF769K01JP9|1,ISIN_SAME,INF769K01JP9
MANV30F|INF769K01JU9|1,LOWVOL|INF769K01JU9|1,ISIN_SAME,INF769K01JU9
MAGS813ETF|INF769K01KF8|1,GSEC10YEAR|INF769K01KF8|1,ISIN_SAME,INF769K01KF8
MASILVER|INF769K01KG6|1,SILVRETF|INF769K01KG6|1,ISIN_SAME,INF769K01KG6
SILVRETF|INF769K01KG6|1,SILVERAG|INF769K01KG6|1,ISIN_SAME,INF769K01KG6
UTISXN50|INF789F1AUU3|1,SNXT50BETA|INF789F1AUU3|1,ISIN_SAME,INF789F1AUU3
UTIBANKETF|INF789F1AUV1|1,BANKBETA|INF789F1AUV1|1,ISIN_SAME,INF789F1AUV1
UTINEXT50|INF789F1AUW9|1,NEXT50BETA|INF789F1AUW9|1,ISIN_SAME,INF789F1AUW9
GOLDSHARE|INF789F1AUX7|1,GOLDBETA|INF789F1AUX7|1,ISIN_SAME,INF789F1AUX7
SILVERETF|INF789F1AYK6|1,SILVERBETA|INF789F1AYK6|1,ISIN_SAME,INF789F1AYK6
NIFMID150|INF789F1AYX9|1,MIDCAPBETA|INF789F1AYX9|1,ISIN_SAME,INF789F1AYX9
UTINIFTETF|INF789F1AZC0|1,NIFTYBETA|INF789F1AZC0|1,ISIN_SAME,INF789F1AZC0
NIFITETF|INF789F1AZD8|1,ITBETA|INF789F1AZD8|1,ISIN_SAME,INF789F1AZD8
NIF5GETF|INF789F1AZE6|1,GILT5BETA|INF789F1AZE6|1,ISIN_SAME,INF789F1AZE6
NIF10GETF|INF789F1AZF3|1,GILT10BETA|INF789F1AZF3|1,ISIN_SAME,INF789F1AZF3
UTISENSETF|INF789FB1X58|1,SENSEXBETA|INF789FB1X58|1,ISIN_SAME,INF789FB1X58
AXSENSEX|INF846K010Q0|1,SENSEXAXIS|INF846K010Q0|1,ISIN_SAME,INF846K010Q0
AXISILVER|INF846K011K1|1,SILVERAXIS|INF846K011K1|1,ISIN_SAME,INF846K011K1
AXISCETF|INF846K016C7|1,CONSUMAXIS|INF846K016C7|1,ISIN_SAME,INF846K016C7
AXISGOLD|INF846K01W80|1,GOLDAXIS|INF846K01W80|1,ISIN_SAME,INF846K01W80
AXISNIFTY|INF846K01W98|1,NIFTYAXIS|INF846K01W98|1,ISIN_SAME,INF846K01W98
AXISBNKETF|INF846K01X63|1,BNKETFAXIS|INF846K01X63|1,ISIN_SAME,INF846K01X63
AXISTECETF|INF846K01Y96|1,ITAXIS|INF846K01Y96|1,ISIN_SAME,INF846K01Y96
AXISHCETF|INF846K01Z12|1,HEALTHAXIS|INF846K01Z12|1,ISIN_SAME,INF846K01Z12
AXISVALUE|INF846KA1119|1,VALUEAXIS|INF846KA1119|1,ISIN_SAME,INF846KA1119
IIFLWAM|INE466L01020|1,360ONE|INE466L01020|1,SYMBOL_CHANGE,IIFLWAM->360ONE 2023-01-23
PDUMJEAGRO|NOISIN|2,PDUMJEIND|NOISIN|1,SYMBOL_CHANGE,PDUMJEAGRO->PDUMJEIND 2008-03-28
PDUMJEIND|INE105C01023|1,3PLAND|INE105C01023|1,SYMBOL_CHANGE,PDUMJEIND->3PLAND 2018-05-04
FINANTECH|INE111B01023|1,63MOONS|INE111B01023|1,SYMBOL_CHANGE,FINANTECH->63MOONS 2017-01-19
A2ZMES|INE619I01012|1,A2ZINFRA|INE619I01012|1,SYMBOL_CHANGE,A2ZMES->A2ZINFRA 2014-12-31
AMDMET|NOISIN|1,AMDIND|NOISIN|1,SYMBOL_CHANGE,AMDMET->AMDIND 2008-02-25
IPAPPM|INE435A01028|1,ANDPAPER|INE435A01028|1,SYMBOL_CHANGE,IPAPPM->ANDPAPER 2020-01-22
APPAPER|INE435A01028|1,IPAPPM|INE435A01028|1,SYMBOL_CHANGE,APPAPER->IPAPPM 2014-01-21
ANDPAPER|INE435A01028|1,ANDHRAPAP|INE435A01028|1,SYMBOL_CHANGE,ANDPAPER->ANDHRAPAP 2020-03-05
ANGAUTO|NOISIN|2,ANGIND|NOISIN|1,SYMBOL_CHANGE,ANGAUTO->ANGIND 2010-06-16
LYPSAGEMS|INE142K01011|1,AURUS|INE142K01011|1,SYMBOL_CHANGE,LYPSAGEMS->AURUS 2026-07-14
AXISTECETF|INF846K01Y96|1,ITAXIS|INF846K01Y96|1,SYMBOL_CHANGE,AXISTECETF->ITAXIS 2026-07-03
AXISNIFTY|INF846K01W98|1,NIFTYAXIS|INF846K01W98|1,SYMBOL_CHANGE,AXISNIFTY->NIFTYAXIS 2026-07-03
AXISBNKETF|INF846K01X63|1,BNKETFAXIS|INF846K01X63|1,SYMBOL_CHANGE,AXISBNKETF->BNKETFAXIS 2026-07-03
AXISHCETF|INF846K01Z12|1,HEALTHAXIS|INF846K01Z12|1,SYMBOL_CHANGE,AXISHCETF->HEALTHAXIS 2026-07-03
AXISCETF|INF846K016C7|1,CONSUMAXIS|INF846K016C7|1,SYMBOL_CHANGE,AXISCETF->CONSUMAXIS 2026-07-03
AXIS-IT&T|INE555B01013|1,AXISCADES|INE555B01013|1,SYMBOL_CHANGE,AXIS-IT&T->AXISCADES 2014-10-08
WELSYNTEX|INE193B01039|1,AYMSYNTEX|INE193B01039|1,SYMBOL_CHANGE,WELSYNTEX->AYMSYNTEX 2016-02-03
ABANLOYD|NOISIN|1,ABAN|NOISIN|1,SYMBOL_CHANGE,ABANLOYD->ABAN 2006-08-18
ABANLLOYD|NOISIN|1,ABANLOYD|NOISIN|1,SYMBOL_CHANGE,ABANLLOYD->ABANLOYD 2005-01-17
AML|NOISIN|1,ABHISHEK|NOISIN|1,SYMBOL_CHANGE,AML->ABHISHEK 2008-06-26
AMIORG|INE00FF01025|1,ACUTAAS|INE00FF01025|1,SYMBOL_CHANGE,AMIORG->ACUTAAS 2025-06-02
ADANITRANS|INE931S01010|1,ADANIENSOL|INE931S01010|1,SYMBOL_CHANGE,ADANITRANS->ADANIENSOL 2023-08-24
ADANIEXPO|NOISIN|1,ADANIENT|NOISIN|1,SYMBOL_CHANGE,ADANIEXPO->ADANIENT 2006-09-20
MUNDRAPORT|INE742F01042|1,ADANIPORTS|INE742F01042|1,SYMBOL_CHANGE,MUNDRAPORT->ADANIPORTS 2012-01-17
ADANIGAS|INE399L01023|1,ATGL|INE399L01023|1,SYMBOL_CHANGE,ADANIGAS->ATGL 2021-01-13
BCCL|NOISIN|2,ABCIL|NOISIN|1,SYMBOL_CHANGE,BCCL->ABCIL 2009-03-09
PFRL|INE647O01011|1,ABFRL|INE647O01011|1,SYMBOL_CHANGE,PFRL->ABFRL 2016-01-29
APOLLOSIND|NOISIN|3,BIRLAMONEY|NOISIN|1,SYMBOL_CHANGE,APOLLOSIND->BIRLAMONEY 2009-09-09
INDRAYON|NOISIN|1,ABIRLANUVO|NOISIN|1,SYMBOL_CHANGE,INDRAYON->ABIRLANUVO 2005-12-07
CENTURYTEX|INE055A01016|1,ABREL|INE055A01016|1,SYMBOL_CHANGE,CENTURYTEX->ABREL 2024-10-10
ADORWELD|INE045A01017|1,ADOR|INE045A01017|1,SYMBOL_CHANGE,ADORWELD->ADOR 2025-04-11
SPHEREGSL|INE737B01033|1,ADROITINFO|INE737B01033|1,SYMBOL_CHANGE,SPHEREGSL->ADROITINFO 2018-04-19
ARHAMFISCL|NOISIN|2,COLORCHIPS|NOISIN|1,SYMBOL_CHANGE,ARHAMFISCL->COLORCHIPS 2006-04-04
AEGISCHEM|INE208C01025|1,AEGISLOG|INE208C01025|1,SYMBOL_CHANGE,AEGISCHEM->AEGISLOG 2024-06-07
SATINDLTD|INE065D01027|1,AEROENTER|INE065D01027|1,SYMBOL_CHANGE,SATINDLTD->AEROENTER 2025-06-25
AFTEKINFO|NOISIN|1,AFTEK|NOISIN|1,SYMBOL_CHANGE,AFTEKINFO->AFTEK 2006-11-27
SHREE|NOISIN|1,AJMERA|NOISIN|1,SYMBOL_CHANGE,SHREE->AJMERA 2009-06-23
ICI|NOISIN|1,AKZOINDIA|NOISIN|1,SYMBOL_CHANGE,ICI->AKZOINDIA 2010-05-27
GLS|INE03Q201024|1,ALIVUS|INE03Q201024|1,SYMBOL_CHANGE,GLS->ALIVUS 2025-01-20
GATI|INE152B01027|1,ACLGATI|INE152B01027|1,SYMBOL_CHANGE,GATI->ACLGATI 2023-11-30
ALLSEC|INE835G01018|1,ALLDIGI|INE835G01018|1,SYMBOL_CHANGE,ALLSEC->ALLDIGI 2024-09-27
AMARAJABAT|INE885A01032|1,ARE&M|INE885A01032|1,SYMBOL_CHANGE,AMARAJABAT->ARE&M 2023-10-27
GUJAMBCEM|NOISIN|1,AMBUJACEM|NOISIN|1,SYMBOL_CHANGE,GUJAMBCEM->AMBUJACEM 2007-07-24
AMIRCHAND|INE05TO01019|1,AEROPLANE|INE05TO01019|1,SYMBOL_CHANGE,AMIRCHAND->AEROPLANE 2026-07-20
PDUMJEPULP|INE606A01024|1,AMJLAND|INE606A01024|1,SYMBOL_CHANGE,PDUMJEPULP->AMJLAND 2018-01-19
ANGELBRKG|INE732I01013|1,ANGELONE|INE732I01013|1,SYMBOL_CHANGE,ANGELBRKG->ANGELONE 2021-11-11
ANSALINFRA|NOISIN|1,ANSALAPI|NOISIN|1,SYMBOL_CHANGE,ANSALINFRA->ANSALAPI 2010-05-14
SELAN|INE818A01017|1,ANTELOPUS|INE818A01017|1,SYMBOL_CHANGE,SELAN->ANTELOPUS 2025-09-22
APCOTEXLAT|NOISIN|1,APCOTEXIND|NOISIN|1,SYMBOL_CHANGE,APCOTEXLAT->APCOTEXIND 2006-11-01
ARISINFRA|INE0H9P01028|1,ARIS|INE0H9P01028|1,SYMBOL_CHANGE,ARISINFRA->ARIS 2026-02-09
ARROWCOAT|INE570D01018|1,ARROWGREEN|INE570D01018|1,SYMBOL_CHANGE,ARROWCOAT->ARROWGREEN 2016-05-11
ARVINDMILL|NOISIN|1,ARVIND|NOISIN|1,SYMBOL_CHANGE,ARVINDMILL->ARVIND 2008-07-07
ARVINFRA|INE034S01021|1,ARVSMART|INE034S01021|1,SYMBOL_CHANGE,ARVINFRA->ARVSMART 2016-12-05
ASHIKA|INE094B01013|1,ASHIKAG|INE094B01013|1,SYMBOL_CHANGE,ASHIKA->ASHIKAG 2026-07-27
ASTRAIDL|NOISIN|1,ASTRAZEN|NOISIN|1,SYMBOL_CHANGE,ASTRAIDL->ASTRAZEN 2007-04-10
ATULPROD|NOISIN|1,ATUL|NOISIN|1,SYMBOL_CHANGE,ATULPROD->ATUL 2005-03-10
GODHA|INE925Y01036|1,AURIGROW|INE925Y01036|1,SYMBOL_CHANGE,GODHA->AURIGROW 2025-10-17
MAJESCO|INE898S01029|1,AURUM|INE898S01029|1,SYMBOL_CHANGE,MAJESCO->AURUM 2021-10-22
INFIBEAM|INE483S01020|1,CCAVENUE|INE483S01020|1,SYMBOL_CHANGE,INFIBEAM->CCAVENUE 2026-02-03
AXSENSEX|INF846K010Q0|1,SENSEXAXIS|INF846K010Q0|1,SYMBOL_CHANGE,AXSENSEX->SENSEXAXIS 2026-07-03
UTIBANK|NOISIN|1,AXISBANK|NOISIN|1,SYMBOL_CHANGE,UTIBANK->AXISBANK 2007-08-16
AXISGOLD|INF846K01W80|1,GOLDAXIS|INF846K01W80|1,SYMBOL_CHANGE,AXISGOLD->GOLDAXIS 2026-07-03
AXISVALUE|INF846KA1119|1,VALUEAXIS|INF846KA1119|1,SYMBOL_CHANGE,AXISVALUE->VALUEAXIS 2026-07-03
AXISILVER|INF846K011K1|1,SILVERAXIS|INF846K011K1|1,SYMBOL_CHANGE,AXISILVER->SILVERAXIS 2026-07-03
AZTEC|NOISIN|1,AZTECSOFT|NOISIN|1,SYMBOL_CHANGE,AZTEC->AZTECSOFT 2006-09-20
KPIT|INE836A01035|1,BSOFT|INE836A01035|1,SYMBOL_CHANGE,KPIT->BSOFT 2019-02-26
BOROSIL|INE666D01022|1,BORORENEW|INE666D01022|1,SYMBOL_CHANGE,BOROSIL->BORORENEW 2020-02-20
JCHAC|INE782A01015|1,BOSCH-HCIL|INE782A01015|1,SYMBOL_CHANGE,JCHAC->BOSCH-HCIL 2025-12-24
BSTRANSCOM|INE043K01011|1,BSLIMITED|INE043K01011|1,SYMBOL_CHANGE,BSTRANSCOM->BSLIMITED 2012-11-29
BAJAJCORP|INE933K01021|1,BAJAJCON|INE933K01021|1,SYMBOL_CHANGE,BAJAJCORP->BAJAJCON 2019-01-15
BAJAUTOFIN|NOISIN|1,BAJFINANCE|NOISIN|1,SYMBOL_CHANGE,BAJAUTOFIN->BAJFINANCE 2010-09-29
BAJAJAUTO|NOISIN|1,BAJAJHLDNG|NOISIN|1,SYMBOL_CHANGE,BAJAJAUTO->BAJAJHLDNG 2008-03-14
NIRVIKARA|INE875R01011|1,BALKRISHNA|INE875R01011|1,SYMBOL_CHANGE,NIRVIKARA->BALKRISHNA 2016-09-06
BAGYAMETAL|NOISIN|1,BHAGYNAGAR|NOISIN|1,SYMBOL_CHANGE,BAGYAMETAL->BHAGYNAGAR 2006-09-12
SKSMICRO|INE180K01011|1,BHARATFIN|INE180K01011|1,SYMBOL_CHANGE,SKSMICRO->BHARATFIN 2016-07-01
BHARTI|NOISIN|1,BHARTIARTL|NOISIN|1,SYMBOL_CHANGE,BHARTI->BHARTIARTL 2006-06-19
BIRLAJUTE|NOISIN|1,BIRLACORPN|NOISIN|1,SYMBOL_CHANGE,BIRLAJUTE->BIRLACORPN 2008-07-28
HIL|INE557A01011|1,BIRLANU|INE557A01011|1,SYMBOL_CHANGE,HIL->BIRLANU 2025-04-09
MANAKINDST|INE831Q01016|1,BKMINDST|INE831Q01016|1,SYMBOL_CHANGE,MANAKINDST->BKMINDST 2017-11-23
AVAYAGCL|NOISIN|2,AGCNET|NOISIN|1,SYMBOL_CHANGE,AVAYAGCL->AGCNET 2010-06-08
AGCNET|INE676A01019|1,BBOX|INE676A01019|1,SYMBOL_CHANGE,AGCNET->BBOX 2021-12-03
KALYANBRAK|NOISIN|1,BOSCHCHASY|NOISIN|1,SYMBOL_CHANGE,KALYANBRAK->BOSCHCHASY 2006-02-10
MICO|NOISIN|1,BOSCHLTD|NOISIN|1,SYMBOL_CHANGE,MICO->BOSCHLTD 2008-02-28
RPGLS|NOISIN|1,BRABOURNE|NOISIN|1,SYMBOL_CHANGE,RPGLS->BRABOURNE 2008-03-14
SEARLEIND|NOISIN|3,RPGLS|NOISIN|1,SYMBOL_CHANGE,SEARLEIND->RPGLS 2006-12-05
LYCOS|INE425B01027|1,BCG|INE425B01027|1,SYMBOL_CHANGE,LYCOS->BCG 2018-10-08
ACRYSIL|INE482D01024|1,CARYSIL|INE482D01024|1,SYMBOL_CHANGE,ACRYSIL->CARYSIL 2022-11-18
CROMPGREAV|INE067A01029|1,CGPOWER|INE067A01029|1,SYMBOL_CHANGE,CROMPGREAV->CGPOWER 2017-03-08
MAHINDCIE|INE536H01010|1,CIEINDIA|INE536H01010|1,SYMBOL_CHANGE,MAHINDCIE->CIEINDIA 2023-06-19
COREPROTEC|INE247G01024|1,COREEDUTEC|INE247G01024|1,SYMBOL_CHANGE,COREPROTEC->COREEDUTEC 2011-09-07
COSMOFILMS|INE757A01017|1,COSMOFIRST|INE757A01017|1,SYMBOL_CHANGE,COSMOFILMS->COSMOFIRST 2022-07-25
CAREERP|INE521J01018|1,CPCAP|INE521J01018|1,SYMBOL_CHANGE,CAREERP->CPCAP 2025-03-20
SILLYMONKS|INE203Y01012|1,CRESTO|INE203Y01012|1,SYMBOL_CHANGE,SILLYMONKS->CRESTO 2026-09-10
FCH|INE688I01017|1,CAPF|INE688I01017|1,SYMBOL_CHANGE,FCH->CAPF 2012-12-06
MMFSL|INE180C01018|1,CGCL|INE180C01018|1,SYMBOL_CHANGE,MMFSL->CGCL 2013-08-05
CPIL|INE521J01018|1,CAREERP|INE521J01018|1,SYMBOL_CHANGE,CPIL->CAREERP 2011-11-16
ITDCEM|INE686A01026|1,CEMPRO|INE686A01026|1,SYMBOL_CHANGE,ITDCEM->CEMPRO 2025-09-17
CENBNK|NOISIN|1,CENTBOP|NOISIN|1,SYMBOL_CHANGE,CENBNK->CENTBOP 2005-12-06
TIFIN|INE149A01033|1,CHOLAHLDNG|INE149A01033|1,SYMBOL_CHANGE,TIFIN->CHOLAHLDNG 2019-04-09
CHOLADBS|NOISIN|2,CHOLAFIN|NOISIN|1,SYMBOL_CHANGE,CHOLADBS->CHOLAFIN 2010-06-22
CHOLAINV|NOISIN|1,CHOLADBS|NOISIN|1,SYMBOL_CHANGE,CHOLAINV->CHOLADBS 2006-06-01
CINEPRO|INE704H01022|1,CINELINE|INE704H01022|1,SYMBOL_CHANGE,CINEPRO->CINELINE 2013-08-23
COLORCHEM|NOISIN|1,CLNINDIA|NOISIN|1,SYMBOL_CHANGE,COLORCHEM->CLNINDIA 2006-06-05
NIITTECH|INE591G01017|1,COFORGE|INE591G01017|1,SYMBOL_CHANGE,NIITTECH->COFORGE 2020-08-20
SUVENPHAR|INE03QK01018|1,COHANCE|INE03QK01018|1,SYMBOL_CHANGE,SUVENPHAR->COHANCE 2025-05-19
VITLINFO|NOISIN|1,CORALHUB|NOISIN|1,SYMBOL_CHANGE,VITLINFO->CORALHUB 2010-07-26
COROMNFERT|NOISIN|1,COROMANDEL|NOISIN|1,SYMBOL_CHANGE,COROMNFERT->COROMANDEL 2009-10-12
NEOCURE|INE695B01025|1,COUNCODOS|INE695B01025|1,SYMBOL_CHANGE,NEOCURE->COUNCODOS 2012-08-31
CREATIVE|INE985W01018|1,CNL|INE985W01018|1,SYMBOL_CHANGE,CREATIVE->CNL 2025-12-10
CRESTCOMM|NOISIN|1,CRESTANI|NOISIN|1,SYMBOL_CHANGE,CRESTCOMM->CRESTANI 2005-01-04
KIRLOSKCUM|NOISIN|1,CUMMINSIND|NOISIN|1,SYMBOL_CHANGE,KIRLOSKCUM->CUMMINSIND 2005-06-17
INFOTECENT|INE136B01020|1,CYIENT|INE136B01020|1,SYMBOL_CHANGE,INFOTECENT->CYIENT 2014-05-22
DCB|INE503A01015|1,DCBBANK|INE503A01015|1,SYMBOL_CHANGE,DCB->DCBBANK 2014-01-15
DCMSRMCONS|INE499A01024|1,DCMSHRIRAM|INE499A01024|1,SYMBOL_CHANGE,DCMSRMCONS->DCMSHRIRAM 2014-03-13
DEEPIND|INE677H01012|1,DEEPENR|INE677H01012|1,SYMBOL_CHANGE,DEEPIND->DEEPENR 2020-09-30
EBIXFOREX|INE726L01019|1,DELPHIFX|INE726L01019|1,SYMBOL_CHANGE,EBIXFOREX->DELPHIFX 2021-09-01
DHARAMSI|INE505A01010|1,DMCC|INE505A01010|1,SYMBOL_CHANGE,DHARAMSI->DMCC 2022-11-02
DSPN50ETF|INF740KA1CL0|1,NIFTY50ADD|INF740KA1CL0|1,SYMBOL_CHANGE,DSPN50ETF->NIFTY50ADD 2024-02-15
NIFTY50ADD|INF740KA1CL0|1,NIFTYADD|INF740KA1CL0|1,SYMBOL_CHANGE,NIFTY50ADD->NIFTYADD 2025-12-15
DSPNEWETF|INF740KA1QK2|1,EQUAL50ADD|INF740KA1QK2|1,SYMBOL_CHANGE,DSPNEWETF->EQUAL50ADD 2024-02-15
DSPBANKETF|INF740KA1RX3|1,BANKETFADD|INF740KA1RX3|1,SYMBOL_CHANGE,DSPBANKETF->BANKETFADD 2024-02-15
BANKETFADD|INF740KA1RX3|1,BANKADD|INF740KA1RX3|1,SYMBOL_CHANGE,BANKETFADD->BANKADD 2025-12-15
DSPQ50ETF|INF740KA1QL0|1,MIDQ50ADD|INF740KA1QL0|1,SYMBOL_CHANGE,DSPQ50ETF->MIDQ50ADD 2024-02-15
DSPSILVETF|INF740KA1RE3|1,SILVERADD|INF740KA1RE3|1,SYMBOL_CHANGE,DSPSILVETF->SILVERADD 2024-02-15
DSPSENXETF|INF740KA1SZ6|1,SENSEXADD|INF740KA1SZ6|1,SYMBOL_CHANGE,DSPSENXETF->SENSEXADD 2024-02-15
DSPGOLDETF|INF740KA1SW3|1,GOLDETFADD|INF740KA1SW3|1,SYMBOL_CHANGE,DSPGOLDETF->GOLDETFADD 2024-02-15
GOLDETFADD|INF740KA1SW3|1,GOLDADD|INF740KA1SW3|1,SYMBOL_CHANGE,GOLDETFADD->GOLDADD 2025-12-15
DSPITETF|INF740KA1SX1|1,ITETFADD|INF740KA1SX1|1,SYMBOL_CHANGE,DSPITETF->ITETFADD 2024-02-15
ITETFADD|INF740KA1SX1|1,ITADD|INF740KA1SX1|1,SYMBOL_CHANGE,ITETFADD->ITADD 2025-12-15
DSPPSBKETF|INF740KA1SY9|1,PSUBANKADD|INF740KA1SY9|1,SYMBOL_CHANGE,DSPPSBKETF->PSUBANKADD 2024-02-15
DSPPVBKETF|INF740KA1TA7|1,PVTBANKADD|INF740KA1TA7|1,SYMBOL_CHANGE,DSPPVBKETF->PVTBANKADD 2024-02-15
DALMIABEL|INE439L01019|1,DALMIABHA|INE439L01019|1,SYMBOL_CHANGE,DALMIABEL->DALMIABHA 2013-01-09
DALMIACEM|NOISIN|1,DALMIASUG|NOISIN|1,SYMBOL_CHANGE,DALMIACEM->DALMIASUG 2010-09-30
SHRINATRAJ|INE200F01017|1,DALMIAREF|INE200F01017|1,SYMBOL_CHANGE,SHRINATRAJ->DALMIAREF 2014-05-22
DATATECH|NOISIN|2,DATAMATICS|NOISIN|1,SYMBOL_CHANGE,DATATECH->DATAMATICS 2009-04-20
TITANOCOMP|NOISIN|1,DENORA|NOISIN|1,SYMBOL_CHANGE,TITANOCOMP->DENORA 2007-08-20
ARROWGROUP|NOISIN|2,DELTACORP|NOISIN|1,SYMBOL_CHANGE,ARROWGROUP->DELTACORP 2008-12-11
DEWANHOUS|INE202B01012|1,DHFL|INE202B01012|1,SYMBOL_CHANGE,DEWANHOUS->DHFL 2012-05-22
IBVENTURES|INE274G01010|1,DHANI|INE274G01010|1,SYMBOL_CHANGE,IBVENTURES->DHANI 2020-10-28
IBSEC|INE274G01010|1,IBVENTURES|INE274G01010|1,SYMBOL_CHANGE,IBSEC->IBVENTURES 2015-04-01
DTIL|NOISIN|3,DPTL|NOISIN|1,SYMBOL_CHANGE,DTIL->DPTL 2010-07-26
DPTL|INE477B01010|1,DPL|INE477B01010|1,SYMBOL_CHANGE,DPTL->DPL 2014-11-12
DPL|INE477B01010|1,DVL|INE477B01010|1,SYMBOL_CHANGE,DPL->DVL 2019-01-02
SPICEMOBIL|INE927C01020|1,SMOBILITY|INE927C01020|1,SYMBOL_CHANGE,SPICEMOBIL->SMOBILITY 2011-07-26
SMOBILITY|INE927C01020|1,SPICEMOBI|INE927C01020|1,SYMBOL_CHANGE,SMOBILITY->SPICEMOBI 2014-08-19
BVXL|NOISIN|2,DIGJAM|NOISIN|1,SYMBOL_CHANGE,BVXL->DIGJAM 2008-04-28
DOLAT|INE966A01022|1,DOLATALGO|INE966A01022|1,SYMBOL_CHANGE,DOLAT->DOLATALGO 2021-12-20
AANJANEYA|INE928K01013|1,DRDATSONS|INE928K01013|1,SYMBOL_CHANGE,AANJANEYA->DRDATSONS 2013-09-02
DYNATECH|INE741L01018|1,DUCON|INE741L01018|1,SYMBOL_CHANGE,DYNATECH->DUCON 2016-05-11
MUDRA|INE311H01018|1,ELAND|INE311H01018|1,SYMBOL_CHANGE,MUDRA->ELAND 2015-03-13
ESSELPACK|INE255A01020|1,EPL|INE255A01020|1,SYMBOL_CHANGE,ESSELPACK->EPL 2020-10-19
ZOMATO|INE758T01015|1,ETERNAL|INE758T01015|1,SYMBOL_CHANGE,ZOMATO->ETERNAL 2025-04-09
ELGITYRE|NOISIN|1,ELGIRUBBER|NOISIN|1,SYMBOL_CHANGE,ELGITYRE->ELGIRUBBER 2008-12-22
EMAMIINFRA|INE778K01012|1,EMAMIREAL|INE778K01012|1,SYMBOL_CHANGE,EMAMIINFRA->EMAMIREAL 2018-11-15
IBREALEST|INE069I01010|1,EMBDL|INE069I01010|1,SYMBOL_CHANGE,IBREALEST->EMBDL 2024-07-08
INDUJENERT|NOISIN|2,ENTEGRA|NOISIN|1,SYMBOL_CHANGE,INDUJENERT->ENTEGRA 2007-04-25
INDOASIFU|INE076H01017|1,EONELECT|INE076H01017|1,SYMBOL_CHANGE,INDOASIFU->EONELECT 2011-08-18
MFL|INE071N01016|1,EPIGRAL|INE071N01016|1,SYMBOL_CHANGE,MFL->EPIGRAL 2023-09-11
PROINDIA|INE217G01035|1,EQUIPPP|INE217G01035|1,SYMBOL_CHANGE,PROINDIA->EQUIPPP 2021-11-30
ERACONS|NOISIN|1,ERAINFRA|NOISIN|1,SYMBOL_CHANGE,ERACONS->ERAINFRA 2008-02-25
ETERNEVRST|NOISIN|1,EVERESTIND|NOISIN|1,SYMBOL_CHANGE,ETERNEVRST->EVERESTIND 2005-05-27
EXCELINFO|INE688J01015|1,EXCEL|INE688J01015|1,SYMBOL_CHANGE,EXCELINFO->EXCEL 2015-05-05
CHLORIDIND|NOISIN|1,EXIDEIND|NOISIN|1,SYMBOL_CHANGE,CHLORIDIND->EXIDEIND 2005-09-12
THINKSOFT|INE201K01015|1,SQSBFSI|INE201K01015|1,SYMBOL_CHANGE,THINKSOFT->SQSBFSI 2014-09-30
SQSBFSI|INE201K01015|1,EXPLEOSOL|INE201K01015|1,SYMBOL_CHANGE,SQSBFSI->EXPLEOSOL 2019-05-02
SHRINGAR|NOISIN|3,FAME|NOISIN|1,SYMBOL_CHANGE,SHRINGAR->FAME 2008-02-25
FEDDERLOYD|INE249C01011|1,FEDDERELEC|INE249C01011|1,SYMBOL_CHANGE,FEDDERLOYD->FEDDERELEC 2017-06-13
GOETZEIND|NOISIN|1,FMGOETZE|NOISIN|1,SYMBOL_CHANGE,GOETZEIND->FMGOETZE 2006-09-12
HUGHESSOFT|NOISIN|1,FSS|NOISIN|1,SYMBOL_CHANGE,HUGHESSOFT->FSS 2005-03-17
DABURPHARM|NOISIN|1,FKONCO|NOISIN|1,SYMBOL_CHANGE,DABURPHARM->FKONCO 2009-02-19
FCEL|INE220J01025|1,FCONSUMER|INE220J01025|1,SYMBOL_CHANGE,FCEL->FCONSUMER 2016-10-25
FVIL|INE220J01025|1,FCEL|INE220J01025|1,SYMBOL_CHANGE,FVIL->FCEL 2013-10-17
PANTALOONR|INE623B01027|1,FRL|INE623B01027|1,SYMBOL_CHANGE,PANTALOONR->FRL 2013-04-11
PRETAILDVR|IN9623B01058|1,FRLDVR|IN9623B01058|1,SYMBOL_CHANGE,PRETAILDVR->FRLDVR 2013-04-11
AGRE|INE360L01017|1,FMNL|INE360L01017|1,SYMBOL_CHANGE,AGRE->FMNL 2012-03-06
GANESHHOUC|INE460C01014|1,GANESHHOU|INE460C01014|1,SYMBOL_CHANGE,GANESHHOUC->GANESHHOU 2025-09-15
GEPIL|INE878A01011|1,GVPIL|INE878A01011|1,SYMBOL_CHANGE,GEPIL->GVPIL 2025-08-28
AIL|INE878A01011|1,GEPIL|INE878A01011|1,SYMBOL_CHANGE,AIL->GEPIL 2016-09-14
APIL|INE878A01011|1,AIL|INE878A01011|1,SYMBOL_CHANGE,APIL->AIL 2012-07-11
ALSTOMT&D|INE200A01026|1,GET&D|INE200A01026|1,SYMBOL_CHANGE,ALSTOMT&D->GET&D 2016-09-14
AREVA|NOISIN|1,AREVAT&D|NOISIN|1,SYMBOL_CHANGE,AREVA->AREVAT&D 2008-07-14
AREVAT&D|INE200A01026|1,ALSTOMT&D|INE200A01026|1,SYMBOL_CHANGE,AREVAT&D->ALSTOMT&D 2012-03-12
GUJFLUORO|INE538A01037|1,GFLLIMITED|INE538A01037|1,SYMBOL_CHANGE,GUJFLUORO->GFLLIMITED 2019-07-25
GMRINFRA|INE776C01039|1,GMRAIRPORT|INE776C01039|1,SYMBOL_CHANGE,GMRINFRA->GMRAIRPORT 2024-12-11
GULFCORP|INE077F01035|1,GOCLCORP|INE077F01035|1,SYMBOL_CHANGE,GULFCORP->GOCLCORP 2015-11-10
SAHPETRO|INE586G01017|1,GULFPETRO|INE586G01017|1,SYMBOL_CHANGE,SAHPETRO->GULFPETRO 2015-05-06
NOVA|NOISIN|1,GSLNOVA|NOISIN|1,SYMBOL_CHANGE,NOVA->GSLNOVA 2009-12-18
GSSAMERICA|INE871H01011|1,GSS|INE871H01011|1,SYMBOL_CHANGE,GSSAMERICA->GSS 2011-08-24
GLOBALTELE|NOISIN|1,GTL|NOISIN|1,SYMBOL_CHANGE,GLOBALTELE->GTL 2005-01-14
GTNTEXT|NOISIN|1,GTNIND|NOISIN|1,SYMBOL_CHANGE,GTNTEXT->GTNIND 2006-02-24
GUJGASLTD|INE844O01030|1,GUJENERGY|INE844O01030|1,SYMBOL_CHANGE,GUJGASLTD->GUJENERGY 2026-07-01
GARWALLROP|INE276A01018|1,GARFIBRES|INE276A01018|1,SYMBOL_CHANGE,GARWALLROP->GARFIBRES 2018-08-13
GWALCHEM|NOISIN|1,GEECEE|NOISIN|1,SYMBOL_CHANGE,GWALCHEM->GEECEE 2010-03-05
GENUSOVERE|NOISIN|1,GENUSPOWER|NOISIN|1,SYMBOL_CHANGE,GENUSOVERE->GENUSPOWER 2008-01-14
GEOINFO|NOISIN|1,GEODESIC|NOISIN|1,SYMBOL_CHANGE,GEOINFO->GEODESIC 2008-10-06
GEOJIT|NOISIN|1,GEOJITBNPP|NOISIN|1,SYMBOL_CHANGE,GEOJIT->GEOJITBNPP 2009-06-05
GEOJITBNPP|INE007B01023|1,GEOJITFSL|INE007B01023|1,SYMBOL_CHANGE,GEOJITBNPP->GEOJITFSL 2017-03-02
INDSHAVING|NOISIN|1,GILLETTE|NOISIN|1,SYMBOL_CHANGE,INDSHAVING->GILLETTE 2006-04-04
GARWOFFS|NOISIN|2,GLOBOFFS|NOISIN|1,SYMBOL_CHANGE,GARWOFFS->GLOBOFFS 2011-06-07
PARADYNE|NOISIN|1,GLODYNE|NOISIN|1,SYMBOL_CHANGE,PARADYNE->GLODYNE 2007-11-19
GTCIND|NOISIN|1,GOLDENTOBC|NOISIN|1,SYMBOL_CHANGE,GTCIND->GOLDENTOBC 2008-09-29
GROWEV|INF666M01IH2|1,GROWWEV|INF666M01IH2|1,SYMBOL_CHANGE,GROWEV->GROWWEV 2024-08-23
GUJAPOLIND|NOISIN|1,GUJAPOLLO|NOISIN|1,SYMBOL_CHANGE,GUJAPOLIND->GUJAPOLLO 2007-07-06
SMSLIFE|INE320X01016|1,HALEOSLABS|INE320X01016|1,SYMBOL_CHANGE,SMSLIFE->HALEOSLABS 2025-11-26
HBLPOWER|INE292B01021|1,HBLENGINE|INE292B01021|1,SYMBOL_CHANGE,HBLPOWER->HBLENGINE 2024-12-23
HDFCSENETF|INF179KC1973|1,HDFCSENSEX|INF179KC1973|1,SYMBOL_CHANGE,HDFCSENETF->HDFCSENSEX 2023-06-16
HDFCMFGETF|INF179KC1981|1,HDFCGOLD|INF179KC1981|1,SYMBOL_CHANGE,HDFCMFGETF->HDFCGOLD 2023-06-16
HDFCNIFETF|INF179KC1965|1,HDFCNIFTY|INF179KC1965|1,SYMBOL_CHANGE,HDFCNIFETF->HDFCNIFTY 2023-06-16
HBANKETF|INF179KC1AN8|1,HDFCNIFBAN|INF179KC1AN8|1,SYMBOL_CHANGE,HBANKETF->HDFCNIFBAN 2023-06-16
HYDRBADIND|INE557A01011|1,HIL|INE557A01011|1,SYMBOL_CHANGE,HYDRBADIND->HIL 2012-10-26
HOTELEELA|INE102A01024|1,HLVLTD|INE102A01024|1,SYMBOL_CHANGE,HOTELEELA->HLVLTD 2020-01-08
INVSTSMART|NOISIN|1,HINVDIR|NOISIN|1,SYMBOL_CHANGE,INVSTSMART->HINVDIR 2009-09-07
HINDSANIT|NOISIN|1,HSIL|NOISIN|1,SYMBOL_CHANGE,HINDSANIT->HSIL 2009-04-27
HSIL|INE415A01038|1,AGI|INE415A01038|1,SYMBOL_CHANGE,HSIL->AGI 2022-05-11
TMRVL|INE759V01019|1,HEADSUP|INE759V01019|1,SYMBOL_CHANGE,TMRVL->HEADSUP 2022-07-18
SASTASUNDR|INE019J01013|1,HEALTHX|INE019J01013|1,SYMBOL_CHANGE,SASTASUNDR->HEALTHX 2026-04-30
MYSORECEM|NOISIN|2,HEIDELBERG|NOISIN|1,SYMBOL_CHANGE,MYSORECEM->HEIDELBERG 2009-05-15
HEROHONDA|INE158A01026|1,HEROMOTOCO|INE158A01026|1,SYMBOL_CHANGE,HEROHONDA->HEROMOTOCO 2011-08-08
HCIL|INE019C01026|1,HSCL|INE019C01026|1,SYMBOL_CHANGE,HCIL->HSCL 2016-08-16
HINDALC0|NOISIN|1,HINDALCO|NOISIN|1,SYMBOL_CHANGE,HINDALC0->HINDALCO 2007-08-27
ENNOREFO|NOISIN|2,HINDUJAFO|NOISIN|1,SYMBOL_CHANGE,ENNOREFO->HINDUJAFO 2008-03-24
HGSL|INE170I01016|1,HGS|INE170I01016|1,SYMBOL_CHANGE,HGSL->HGS 2011-11-30
HTMTGLOBAL|NOISIN|1,HGSL|NOISIN|1,SYMBOL_CHANGE,HTMTGLOBAL->HGSL 2009-01-23
HINDCONS|NOISIN|1,HCC|NOISIN|1,SYMBOL_CHANGE,HINDCONS->HCC 2006-07-10
HINDLEVER|NOISIN|1,HINDUNILVR|NOISIN|1,SYMBOL_CHANGE,HINDLEVER->HINDUNILVR 2007-07-19
SHIL|INE05AN01011|1,HINDWAREAP|INE05AN01011|1,SYMBOL_CHANGE,SHIL->HINDWAREAP 2022-06-21
HITECHPLAS|INE120D01012|1,HITECHCORP|INE120D01012|1,SYMBOL_CHANGE,HITECHPLAS->HITECHCORP 2017-05-23
SHRMHONDA|NOISIN|1,HONDAPOWER|NOISIN|1,SYMBOL_CHANGE,SHRMHONDA->HONDAPOWER 2006-04-04
TATAHONEY|NOISIN|1,HONAUT|NOISIN|1,SYMBOL_CHANGE,TATAHONEY->HONAUT 2005-03-24
AKRUTI|NOISIN|2,ACKRUTI|NOISIN|1,SYMBOL_CHANGE,AKRUTI->ACKRUTI 2009-06-30
ACKRUTI|INE703H01016|1,HUBTOWN|INE703H01016|1,SYMBOL_CHANGE,ACKRUTI->HUBTOWN 2011-11-15
PAPERPROD|INE275B01026|1,HUHTAMAKI|INE275B01026|1,SYMBOL_CHANGE,PAPERPROD->HUHTAMAKI 2020-11-26
ICICIFMCG|INF109KC1R48|1,FMCGIETF|INF109KC1R48|1,SYMBOL_CHANGE,ICICIFMCG->FMCGIETF 2023-12-20
ICICIPHARM|INF109KC1Q72|1,HEALTHIETF|INF109KC1Q72|1,SYMBOL_CHANGE,ICICIPHARM->HEALTHIETF 2023-12-20
ICICITECH|INF109KC16I6|1,ITIETF|INF109KC16I6|1,SYMBOL_CHANGE,ICICITECH->ITIETF 2023-12-20
ICICIM150|INF109KC1G82|1,MIDCAPIETF|INF109KC1G82|1,SYMBOL_CHANGE,ICICIM150->MIDCAPIETF 2023-12-20
ICICI10GS|INF109KC18O0|1,GSEC10IETF|INF109KC18O0|1,SYMBOL_CHANGE,ICICI10GS->GSEC10IETF 2023-12-20
ICICI500|INF109KC1V59|1,BSE500IETF|INF109KC1V59|1,SYMBOL_CHANGE,ICICI500->BSE500IETF 2023-12-20
ICICILIQ|INF109KC1KT9|1,LIQUIDIETF|INF109KC1KT9|1,SYMBOL_CHANGE,ICICILIQ->LIQUIDIETF 2023-12-20
IPRU5008|INF109KC1E27|1,ICICIBANKN|INF109KC1E27|1,SYMBOL_CHANGE,IPRU5008->ICICIBANKN 2019-07-19
IGOLD|INF109KB1WF4|1,GOLDIWIN|INF109KB1WF4|1,SYMBOL_CHANGE,IGOLD->GOLDIWIN 2016-07-25
GOLDIWIN|INF109KB1WF4|1,ICICIGOLD|INF109KB1WF4|1,SYMBOL_CHANGE,GOLDIWIN->ICICIGOLD 2018-04-10
IPGETF|INF109K01FV4|1,IGOLD|INF109K01FV4|1,SYMBOL_CHANGE,IPGETF->IGOLD 2014-05-05
ICICIQTY30|INF109KC15T5|1,QUAL30IETF|INF109KC15T5|1,SYMBOL_CHANGE,ICICIQTY30->QUAL30IETF 2023-12-20
IMIDCAP|INF109KB1XT3|1,MIDCAPIWIN|INF109KB1XT3|1,SYMBOL_CHANGE,IMIDCAP->MIDCAPIWIN 2016-07-25
MIDCAPIWIN|INF109KB1XT3|1,ICICIMCAP|INF109KB1XT3|1,SYMBOL_CHANGE,MIDCAPIWIN->ICICIMCAP 2018-04-10
ICICIMOM30|INF109KC17C7|1,MOM30IETF|INF109KC17C7|1,SYMBOL_CHANGE,ICICIMOM30->MOM30IETF 2023-12-20
BHARATIWIN|INF109KB15Y7|1,ICICIB22|INF109KB15Y7|1,SYMBOL_CHANGE,BHARATIWIN->ICICIB22 2018-04-19
ICICIFIN|INF109KC17L8|1,FINIETF|INF109KC17L8|1,SYMBOL_CHANGE,ICICIFIN->FINIETF 2023-12-20
ICICIAUTO|INF109KC1Y49|1,AUTOIETF|INF109KC1Y49|1,SYMBOL_CHANGE,ICICIAUTO->AUTOIETF 2023-12-20
ICICICOMMO|INF109KC19O8|1,COMMOIETF|INF109KC19O8|1,SYMBOL_CHANGE,ICICICOMMO->COMMOIETF 2023-12-20
ICICINXT50|INF109KC1NS5|1,NEXT50IETF|INF109KC1NS5|1,SYMBOL_CHANGE,ICICINXT50->NEXT50IETF 2023-12-20
PSUBANKICI|INF109KC10S8|1,PSUBNKIETF|INF109KC10S8|1,SYMBOL_CHANGE,PSUBANKICI->PSUBNKIETF 2023-12-20
ICICISILVE|INF109KC1Y56|1,SILVERIETF|INF109KC1Y56|1,SYMBOL_CHANGE,ICICISILVE->SILVERIETF 2023-12-20
ICICIINFRA|INF109KC16E5|1,INFRAIETF|INF109KC16E5|1,SYMBOL_CHANGE,ICICIINFRA->INFRAIETF 2023-12-20
NV20IWIN|INF109KB1WY5|1,ICICINV20|INF109KB1WY5|1,SYMBOL_CHANGE,NV20IWIN->ICICINV20 2018-04-10
ICNX100|INF109KA1962|1,NIF100IWIN|INF109KA1962|1,SYMBOL_CHANGE,ICNX100->NIF100IWIN 2016-07-25
NIF100IWIN|INF109KA1962|1,ICICINF100|INF109KA1962|1,SYMBOL_CHANGE,NIF100IWIN->ICICINF100 2018-04-10
ICCNX100|INF109KA1962|1,ICNX100|INF109KA1962|1,SYMBOL_CHANGE,ICCNX100->ICNX100 2014-05-05
ICICI5GSEC|INF109KC14A8|1,GSEC5IETF|INF109KC14A8|1,SYMBOL_CHANGE,ICICI5GSEC->GSEC5IETF 2023-12-20
ICICIALPLV|INF109KC1N59|1,ALPL30IETF|INF109KC1N59|1,SYMBOL_CHANGE,ICICIALPLV->ALPL30IETF 2023-12-20
INIFTY|INF109K012R6|1,NIFTYIWIN|INF109K012R6|1,SYMBOL_CHANGE,INIFTY->NIFTYIWIN 2016-07-25
NIFTYIWIN|INF109K012R6|1,ICICINIFTY|INF109K012R6|1,SYMBOL_CHANGE,NIFTYIWIN->ICICINIFTY 2018-04-10
NIFETF|INF109K012R6|1,INIFTY|INF109K012R6|1,SYMBOL_CHANGE,NIFETF->INIFTY 2014-05-05
ICICICONSU|INF109KC1V42|1,CONSUMIETF|INF109KC1V42|1,SYMBOL_CHANGE,ICICICONSU->CONSUMIETF 2023-12-20
LOWVOLIWIN|INF109KB10T8|1,ICICILOVOL|INF109KB10T8|1,SYMBOL_CHANGE,LOWVOLIWIN->ICICILOVOL 2018-04-10
ICICIBANKP|INF109KC1E35|1,PVTBANIETF|INF109KC1E35|1,SYMBOL_CHANGE,ICICIBANKP->PVTBANIETF 2023-12-20
ISENSEX|INF346A01034|1,SENSEXIWIN|INF346A01034|1,SYMBOL_CHANGE,ISENSEX->SENSEXIWIN 2016-07-25
SPICE|INF346A01034|1,ISENSEX|INF346A01034|1,SYMBOL_CHANGE,SPICE->ISENSEX 2014-08-18
SENSEXIWIN|INF346A01034|1,ICICISENSX|INF346A01034|1,SYMBOL_CHANGE,SENSEXIWIN->ICICISENSX 2018-04-10
IDFCBANK|INE092T01019|1,IDFCFIRSTB|INE092T01019|1,SYMBOL_CHANGE,IDFCBANK->IDFCFIRSTB 2019-01-16
IIFLSEC|INE489L01022|1,IIFLCAPS|INE489L01022|1,SYMBOL_CHANGE,IIFLSEC->IIFLCAPS 2024-12-03
INDIAINFO|INE530B01024|1,IIFL|INE530B01024|1,SYMBOL_CHANGE,INDIAINFO->IIFL 2014-03-13
MAYTASINFR|NOISIN|1,IL&FSENGG|NOISIN|1,SYMBOL_CHANGE,MAYTASINFR->IL&FSENGG 2011-02-08
ILFSTRANS|NOISIN|1,IL&FSTRANS|NOISIN|1,SYMBOL_CHANGE,ILFSTRANS->IL&FSTRANS 2010-04-16
ADHUNIKIND|INE452L01012|1,INCREDIBLE|INE452L01012|1,SYMBOL_CHANGE,ADHUNIKIND->INCREDIBLE 2021-05-20
LANABS|NOISIN|1,INEABS|NOISIN|1,SYMBOL_CHANGE,LANABS->INEABS 2008-07-21
INEABS|INE189B01011|1,STYABS|INE189B01011|1,SYMBOL_CHANGE,INEABS->STYABS 2012-06-20
ABSIND|NOISIN|1,LANABS|NOISIN|1,SYMBOL_CHANGE,ABSIND->LANABS 2005-06-14
STYABS|INE189B01011|1,INEOSSTYRO|INE189B01011|1,SYMBOL_CHANGE,STYABS->INEOSSTYRO 2016-04-04
VYSYABANK|NOISIN|1,INGVYSYABK|NOISIN|1,SYMBOL_CHANGE,VYSYABANK->INGVYSYABK 2005-08-16
IOLB|NOISIN|1,IOLN|NOISIN|1,SYMBOL_CHANGE,IOLB->IOLN 2008-02-18
TRAFALHSE|NOISIN|2,ITDCEM|NOISIN|1,SYMBOL_CHANGE,TRAFALHSE->ITDCEM 2005-08-16
IVRPRIME|NOISIN|1,IVRCLAH|NOISIN|1,SYMBOL_CHANGE,IVRPRIME->IVRCLAH 2010-04-13
LOGIXMICRO|INE848A01014|1,IZMO|INE848A01014|1,SYMBOL_CHANGE,LOGIXMICRO->IZMO 2015-05-15
CGIGARSH|NOISIN|1,IGARASHI|NOISIN|1,SYMBOL_CHANGE,CGIGARSH->IGARASHI 2005-04-21
ADLABS|INE172N01012|1,IMAGICAA|INE172N01012|1,SYMBOL_CHANGE,ADLABS->IMAGICAA 2020-04-22
INFRATEL|INE121J01017|1,INDUSTOWER|INE121J01017|1,SYMBOL_CHANGE,INFRATEL->INDUSTOWER 2020-12-18
INFOSYSTCH|NOISIN|1,INFY|INE009A01021|1,SYMBOL_CHANGE,INFOSYSTCH->INFY 2011-06-29
INFOSYSTCH|INE009A01021|1,INFY|INE009A01021|1,SYMBOL_CHANGE,INFOSYSTCH->INFY 2011-06-29
IILTD|NOISIN|2,INSECTICID|NOISIN|1,SYMBOL_CHANGE,IILTD->INSECTICID 2009-05-11
AFL|INE020G01017|1,INSPIRISYS|INE020G01017|1,SYMBOL_CHANGE,AFL->INSPIRISYS 2018-10-12
RELIGAREGO|INF205K01361|1,IVZINGOLD|INF205K01361|1,SYMBOL_CHANGE,RELIGAREGO->IVZINGOLD 2016-06-23
RELGRNIFTY|INF205K01DA9|1,IVZINNIFTY|INF205K01DA9|1,SYMBOL_CHANGE,RELGRNIFTY->IVZINNIFTY 2016-06-23
JBMAUTOCOM|NOISIN|1,JBMA|NOISIN|1,SYMBOL_CHANGE,JBMAUTOCOM->JBMA 2006-01-04
AKZOINDIA|INE133A01011|1,JSWDULUX|INE133A01011|1,SYMBOL_CHANGE,AKZOINDIA->JSWDULUX 2026-04-15
JINDALSWHL|INE824G01012|1,JSWHL|INE824G01012|1,SYMBOL_CHANGE,JINDALSWHL->JSWHL 2013-07-30
ISPATIND|INE136A01022|1,JSWISPAT|INE136A01022|1,SYMBOL_CHANGE,ISPATIND->JSWISPAT 2011-08-16
AIONJSW|INE743C01021|1,JSWISPL|INE743C01021|1,SYMBOL_CHANGE,AIONJSW->JSWISPL 2020-10-12
JSWSTL|NOISIN|1,JSWSTEEL|NOISIN|1,SYMBOL_CHANGE,JSWSTL->JSWSTEEL 2005-09-16
JTLINFRA|INE391J01024|1,JTLIND|INE391J01024|1,SYMBOL_CHANGE,JTLINFRA->JTLIND 2022-11-21
JPHYDRO|NOISIN|1,JPPOWER|NOISIN|1,SYMBOL_CHANGE,JPHYDRO->JPPOWER 2010-01-08
NAGPURENG|NOISIN|5,JAYNECOIND|NOISIN|1,SYMBOL_CHANGE,NAGPURENG->JAYNECOIND 2008-02-22
SAWPIPES|NOISIN|1,JINDALSAW|NOISIN|1,SYMBOL_CHANGE,SAWPIPES->JINDALSAW 2005-02-18
JSTAINLESS|NOISIN|1,JSL|NOISIN|1,SYMBOL_CHANGE,JSTAINLESS->JSL 2008-10-23
HITACHIHOM|INE782A01015|1,JCHAC|INE782A01015|1,SYMBOL_CHANGE,HITACHIHOM->JCHAC 2016-09-12
AMTREXAPPL|NOISIN|2,HITACHIHOM|NOISIN|1,SYMBOL_CHANGE,AMTREXAPPL->HITACHIHOM 2006-04-04
SONASTEER|INE643A01035|1,JTEKTINDIA|INE643A01035|1,SYMBOL_CHANGE,SONASTEER->JTEKTINDIA 2018-04-23
JUBILANT|INE700A01033|1,JUBLPHARMA|INE700A01033|1,SYMBOL_CHANGE,JUBILANT->JUBLPHARMA 2021-02-12
CEBBCO|INE209L01016|1,JWL|INE209L01016|1,SYMBOL_CHANGE,CEBBCO->JWL 2022-06-20
KARDA|INE278R01034|1,KBCGLOBAL|INE278R01034|1,SYMBOL_CHANGE,KARDA->KBCGLOBAL 2021-12-16
MANBRO|INE348N01042|1,KDGREEN|INE348N01042|1,SYMBOL_CHANGE,MANBRO->KDGREEN 2026-09-03
KPIGLOBAL|INE542W01017|1,KPIGREEN|INE542W01017|1,SYMBOL_CHANGE,KPIGLOBAL->KPIGREEN 2022-04-27
KSERAPRO|NOISIN|5,KSERASERA|NOISIN|1,SYMBOL_CHANGE,KSERAPRO->KSERASERA 2011-03-07
KALPATPOWR|INE220B01022|1,KPIL|INE220B01022|1,SYMBOL_CHANGE,KALPATPOWR->KPIL 2023-06-06
KIL|INE390H01012|1,KAMDHENU|INE390H01012|1,SYMBOL_CHANGE,KIL->KAMDHENU 2016-03-18
GOODLASNER|NOISIN|1,KANSAINER|NOISIN|1,SYMBOL_CHANGE,GOODLASNER->KANSAINER 2006-07-26
KNL|NOISIN|1,KGL|NOISIN|1,SYMBOL_CHANGE,KNL->KGL 2008-11-20
KEYCORPSER|INE681C01015|1,KEYFINSERV|INE681C01015|1,SYMBOL_CHANGE,KEYCORPSER->KEYFINSERV 2019-05-03
AIRDECCAN|NOISIN|1,KFA|NOISIN|1,SYMBOL_CHANGE,AIRDECCAN->KFA 2008-10-06
KIRIDYES|NOISIN|1,KIRIINDUS|NOISIN|1,SYMBOL_CHANGE,KIRIDYES->KIRIINDUS 2011-03-28
SATNAMOVER|NOISIN|1,KOHINOOR|NOISIN|1,SYMBOL_CHANGE,SATNAMOVER->KOHINOOR 2006-08-18
KTKNV20ETF|INF174K01Z71|1,KOTAKNV20|INF174K01Z71|1,SYMBOL_CHANGE,KTKNV20ETF->KOTAKNV20 2015-12-21
KOTAKLIQ|INF174KA1LV5|1,LIQUID1|INF174KA1LV5|1,SYMBOL_CHANGE,KOTAKLIQ->LIQUID1 2024-03-20
KOTAKALPHA|INF174KA1IA5|1,ALPHA|INF174KA1IA5|1,SYMBOL_CHANGE,KOTAKALPHA->ALPHA 2024-03-20
KOTAKMNC|INF174KA1JF2|1,MNC|INF174KA1JF2|1,SYMBOL_CHANGE,KOTAKMNC->MNC 2024-03-20
KOTAKSILVE|INF174KA1KU9|1,SILVER1|INF174KA1KU9|1,SYMBOL_CHANGE,KOTAKSILVE->SILVER1 2024-04-16
KOTAKGOLD|INF174KA1HJ8|1,GOLD1|INF174KA1HJ8|1,SYMBOL_CHANGE,KOTAKGOLD->GOLD1 2024-04-16
KOTAKLOVOL|INF174KA1IY5|1,LOWVOL1|INF174KA1IY5|1,SYMBOL_CHANGE,KOTAKLOVOL->LOWVOL1 2024-03-20
KOTAKNIFTY|INF174K014P6|1,NIFTY1|INF174K014P6|1,SYMBOL_CHANGE,KOTAKNIFTY->NIFTY1 2024-03-20
KOTAKBKETF|INF174K01F59|1,BANKNIFTY1|INF174K01F59|1,SYMBOL_CHANGE,KOTAKBKETF->BANKNIFTY1 2024-03-20
KOTAKIT|INF174KA1GC5|1,IT|INF174KA1GC5|1,SYMBOL_CHANGE,KOTAKIT->IT 2024-03-20
KOTAKCONS|INF174KA1JE5|1,CONS|INF174KA1JE5|1,SYMBOL_CHANGE,KOTAKCONS->CONS 2024-03-20
KOTAKMID50|INF174KA1IB3|1,MIDCAP|INF174KA1IB3|1,SYMBOL_CHANGE,KOTAKMID50->MIDCAP 2024-03-20
KOTAKPSUBK|INF373I01023|1,PSUBANK|INF373I01023|1,SYMBOL_CHANGE,KOTAKPSUBK->PSUBANK 2024-03-20
KSBPUMPS|INE999A01015|1,KSB|INE999A01015|1,SYMBOL_CHANGE,KSBPUMPS->KSB 2018-10-23
L&TFH|INE498L01015|1,LTF|INE498L01015|1,SYMBOL_CHANGE,L&TFH->LTF 2024-04-23
LLOYDELENG|INE245C01019|1,LEEL|INE245C01019|1,SYMBOL_CHANGE,LLOYDELENG->LEEL 2017-06-19
LICNMFET|INF767K01MV5|1,LICNETFGSC|INF767K01MV5|1,SYMBOL_CHANGE,LICNMFET->LICNETFGSC 2015-12-30
IDBIGOLD|INF397L01554|1,LICMFGOLD|INF397L01554|1,SYMBOL_CHANGE,IDBIGOLD->LICMFGOLD 2023-07-31
LAXMIMACH|INE269B01029|1,LMW|INE269B01029|1,SYMBOL_CHANGE,LAXMIMACH->LMW 2024-10-10
DAAWAT|INE818H01020|1,LTFOODS|INE818H01020|1,SYMBOL_CHANGE,DAAWAT->LTFOODS 2023-11-06
LTI|INE214T01019|1,LTIM|INE214T01019|1,SYMBOL_CHANGE,LTI->LTIM 2022-12-05
LTIM|INE214T01019|1,LTM|INE214T01019|1,SYMBOL_CHANGE,LTIM->LTM 2026-02-27
EXCEL|INE688J01023|1,LANDSMILL|INE688J01023|1,SYMBOL_CHANGE,EXCEL->LANDSMILL 2026-04-02
LINCPEN|INE802B01019|1,LINC|INE802B01019|1,SYMBOL_CHANGE,LINCPEN->LINC 2021-12-20
IOL|NOISIN|1,BOC|NOISIN|1,SYMBOL_CHANGE,IOL->BOC 2005-03-10
BOC|INE473A01011|1,LINDEINDIA|INE473A01011|1,SYMBOL_CHANGE,BOC->LINDEINDIA 2013-04-10
MAESGETF|INF769K01GS9|1,ESG|INF769K01GS9|1,SYMBOL_CHANGE,MAESGETF->ESG 2023-09-01
MODISNME|INE737D01021|1,MODISONLTD|INE737D01021|1,SYMBOL_CHANGE,MODISNME->MODISONLTD 2022-08-16
MACMILLAN|NOISIN|1,MPSLTD|NOISIN|1,SYMBOL_CHANGE,MACMILLAN->MPSLTD 2009-09-11
MANALU|NOISIN|1,MAANALU|NOISIN|1,SYMBOL_CHANGE,MANALU->MAANALU 2011-03-16
MAHINDFORG|INE536H01010|1,MAHINDCIE|INE536H01010|1,SYMBOL_CHANGE,MAHINDFORG->MAHINDCIE 2013-12-17
GESCOCORP|NOISIN|1,MAHLIFE|NOISIN|1,SYMBOL_CHANGE,GESCOCORP->MAHLIFE 2007-11-23
MARICOIND|NOISIN|1,MARICO|NOISIN|1,SYMBOL_CHANGE,MARICOIND->MARICO 2005-06-14
TASCPHARMA|NOISIN|1,MARKSANS|NOISIN|1,SYMBOL_CHANGE,TASCPHARMA->MARKSANS 2005-11-14
MAX|INE180A01020|1,MFSL|INE180A01020|1,SYMBOL_CHANGE,MAX->MFSL 2016-02-26
MLL|INE934B01028|1,MERCATOR|INE934B01028|1,SYMBOL_CHANGE,MLL->MERCATOR 2011-12-08
AHMEDFORGE|INE425A01011|1,METALFORGE|INE425A01011|1,SYMBOL_CHANGE,AHMEDFORGE->METALFORGE 2015-06-01
GMRFER|NOISIN|1,CRONIMET|NOISIN|1,SYMBOL_CHANGE,GMRFER->CRONIMET 2010-06-02
CRONIMET|INE592I01029|1,METKORE|INE592I01029|1,SYMBOL_CHANGE,CRONIMET->METKORE 2012-04-02
MANXT50|INF769K01FN2|1,NEXT50|INF769K01FN2|1,SYMBOL_CHANGE,MANXT50->NEXT50 2023-09-01
MAGOLDETF|INF769K01JP9|1,GOLDETF|INF769K01JP9|1,SYMBOL_CHANGE,MAGOLDETF->GOLDETF 2023-09-01
MANV30F|INF769K01JU9|1,LOWVOL|INF769K01JU9|1,SYMBOL_CHANGE,MANV30F->LOWVOL 2023-09-01
MAN50ETF|INF769K01EG9|1,NIFTYETF|INF769K01EG9|1,SYMBOL_CHANGE,MAN50ETF->NIFTYETF 2023-09-01
MAGS813ETF|INF769K01KF8|1,GSEC10YEAR|INF769K01KF8|1,SYMBOL_CHANGE,MAGS813ETF->GSEC10YEAR 2023-09-01
MAFSETF|INF769K01HI8|1,BFSI|INF769K01HI8|1,SYMBOL_CHANGE,MAFSETF->BFSI 2023-09-01
MAMFGETF|INF769K01IB1|1,MAKEINDIA|INF769K01IB1|1,SYMBOL_CHANGE,MAMFGETF->MAKEINDIA 2023-09-01
MAM150ETF|INF769K01IC9|1,MIDCAPETF|INF769K01IC9|1,SYMBOL_CHANGE,MAM150ETF->MIDCAPETF 2023-09-01
SILVRETF|INF769K01KG6|1,SILVERAG|INF769K01KG6|1,SYMBOL_CHANGE,SILVRETF->SILVERAG 2025-09-15
MASILVER|INF769K01KG6|1,SILVRETF|INF769K01KG6|1,SYMBOL_CHANGE,MASILVER->SILVRETF 2023-09-01
MIRZATAN|NOISIN|1,MIRZAINT|NOISIN|1,SYMBOL_CHANGE,MIRZATAN->MIRZAINT 2006-07-05
MOHOTAMILL|INE313D01013|1,MOHOTAIND|INE313D01013|1,SYMBOL_CHANGE,MOHOTAMILL->MOHOTAIND 2017-12-26
RAIREKMOH|INE313D01013|1,MOHOTAMILL|INE313D01013|1,SYMBOL_CHANGE,RAIREKMOH->MOHOTAMILL 2017-08-01
G5|INF247L01AK4|1,MOGSEC|INF247L01AK4|1,SYMBOL_CHANGE,G5->MOGSEC 2021-06-16
M100|INF247L01023|1,MOM100|INF247L01023|1,SYMBOL_CHANGE,M100->MOM100 2021-06-16
M50|INF247L01536|1,MOM50|INF247L01536|1,SYMBOL_CHANGE,M50->MOM50 2021-06-16
N100|INF247L01031|1,MON100|INF247L01031|1,SYMBOL_CHANGE,N100->MON100 2021-06-16
MPHASISBFL|NOISIN|1,MPHASIS|NOISIN|1,SYMBOL_CHANGE,MPHASISBFL->MPHASIS 2006-12-26
NAGAAGRI|INE295D01020|1,NACLIND|INE295D01020|1,SYMBOL_CHANGE,NAGAAGRI->NACLIND 2017-09-29
NAVBARFERO|NOISIN|1,NBVENTURES|NOISIN|1,SYMBOL_CHANGE,NAVBARFERO->NBVENTURES 2006-07-31
NBVENTURES|INE725A01022|1,NAVA|INE725A01022|1,SYMBOL_CHANGE,NBVENTURES->NAVA 2022-07-29
NAGARCONST|NOISIN|1,NCC|NOISIN|1,SYMBOL_CHANGE,NAGARCONST->NCC 2011-03-15
NXTDIGITAL|INE353A01023|1,NDLVENTURE|INE353A01023|1,SYMBOL_CHANGE,NXTDIGITAL->NDLVENTURE 2023-05-09
RELCONS|INF204KA1LD7|1,NETFCONSUM|INF204KA1LD7|1,SYMBOL_CHANGE,RELCONS->NETFCONSUM 2019-10-30
NETFCONSUM|INF204KA1LD7|1,CONSUMBEES|INF204KA1LD7|1,SYMBOL_CHANGE,NETFCONSUM->CONSUMBEES 2022-05-10
RELCNX100|INF204K014N5|1,NETFNIF100|INF204K014N5|1,SYMBOL_CHANGE,RELCNX100->NETFNIF100 2019-10-30
NETFNIF100|INF204K014N5|1,NIF100BEES|INF204K014N5|1,SYMBOL_CHANGE,NETFNIF100->NIF100BEES 2022-05-10
RETFMID150|INF204KB1V68|1,NETFMID150|INF204KB1V68|1,SYMBOL_CHANGE,RETFMID150->NETFMID150 2019-10-30
NETFMID150|INF204KB1V68|1,MID150BEES|INF204KB1V68|1,SYMBOL_CHANGE,NETFMID150->MID150BEES 2022-05-10
NETFNV20|INF204KB18I3|1,NV20BEES|INF204KB18I3|1,SYMBOL_CHANGE,NETFNV20->NV20BEES 2022-05-10
NEYVELILIG|INE589A01014|1,NLCINDIA|INE589A01014|1,SYMBOL_CHANGE,NEYVELILIG->NLCINDIA 2016-08-04
HINDUJATMT|NOISIN|1,HINDUJAVEN|NOISIN|1,SYMBOL_CHANGE,HINDUJATMT->HINDUJAVEN 2007-11-29
HINDUJAVEN|INE353A01023|1,NXTDIGITAL|INE353A01023|1,SYMBOL_CHANGE,HINDUJAVEN->NXTDIGITAL 2019-11-11
NAHARINVST|NOISIN|2,NAHARPOLY|NOISIN|1,SYMBOL_CHANGE,NAHARINVST->NAHARPOLY 2011-06-15
NAHARINVST|NOISIN|2,NAHARPOLY|INE308A01027|1,SYMBOL_CHANGE,NAHARINVST->NAHARPOLY 2011-06-15
NAHAREXPOT|NOISIN|1,NAHARINVST|NOISIN|1,SYMBOL_CHANGE,NAHAREXPOT->NAHARINVST 2007-11-01
JSTRIPS|NOISIN|1,NSIL|NOISIN|1,SYMBOL_CHANGE,JSTRIPS->NSIL 2005-06-07
NANDANEXIM|INE875G01030|1,NDL|INE875G01030|1,SYMBOL_CHANGE,NANDANEXIM->NDL 2013-11-21
NAVNETPUBL|INE060A01024|1,NAVNETEDUL|INE060A01024|1,SYMBOL_CHANGE,NAVNETPUBL->NAVNETEDUL 2013-09-19
NET4INDIA|NOISIN|1,NET4|NOISIN|1,SYMBOL_CHANGE,NET4INDIA->NET4 2011-02-28
SUJANATWR|INE333I01036|1,NTL|INE333I01036|1,SYMBOL_CHANGE,SUJANATWR->NTL 2017-02-17
MID-DAY|NOISIN|4,NEXTMEDIA|NOISIN|1,SYMBOL_CHANGE,MID-DAY->NEXTMEDIA 2011-06-15
MID-DAY|NOISIN|4,NEXTMEDIA|INE747B01016|1,SYMBOL_CHANGE,MID-DAY->NEXTMEDIA 2011-06-15
NILKAMPLST|NOISIN|2,NILKAMAL|NOISIN|1,SYMBOL_CHANGE,NILKAMPLST->NILKAMAL 2007-01-05
NETFSDL26|INF204KC1022|1,SDL26BEES|INF204KC1022|1,SYMBOL_CHANGE,NETFSDL26->SDL26BEES 2022-05-10
NETFGILT5Y|INF204KC1030|1,GILT5YBEES|INF204KC1030|1,SYMBOL_CHANGE,NETFGILT5Y->GILT5YBEES 2022-05-10
NETFAUTO|INF204KC1337|1,AUTOBEES|INF204KC1337|1,SYMBOL_CHANGE,NETFAUTO->AUTOBEES 2022-05-10
NETFPHARMA|INF204KC1089|1,PHARMABEES|INF204KC1089|1,SYMBOL_CHANGE,NETFPHARMA->PHARMABEES 2022-05-10
NETFSILVER|INF204KC1402|1,SILVERBEES|INF204KC1402|1,SYMBOL_CHANGE,NETFSILVER->SILVERBEES 2022-05-10
NCPSESDL24|INF204KB18W4|1,SDL24BEES|INF204KB18W4|1,SYMBOL_CHANGE,NCPSESDL24->SDL24BEES 2022-05-10
RNAM|INE298J01013|1,NAM-INDIA|INE298J01013|1,SYMBOL_CHANGE,RNAM->NAM-INDIA 2020-01-23
NETFIT|INF204KB15V2|1,ITBEES|INF204KB15V2|1,SYMBOL_CHANGE,NETFIT->ITBEES 2022-05-10
MEDIA|NOISIN|1,MVLIND|NOISIN|1,SYMBOL_CHANGE,MEDIA->MVLIND 2009-02-20
MVLIND|INE141B01020|1,NOESISIND|INE141B01020|1,SYMBOL_CHANGE,MVLIND->NOESISIND 2014-06-04
OMMETALS|INE239D01028|1,OMINFRAL|INE239D01028|1,SYMBOL_CHANGE,OMMETALS->OMINFRAL 2021-02-10
ORTINLAB|INE749B01020|1,ORTINGLOBE|INE749B01020|1,SYMBOL_CHANGE,ORTINLAB->ORTINGLOBE 2024-09-03
OBEROIREAL|NOISIN|1,OBEROIRLTY|NOISIN|1,SYMBOL_CHANGE,OBEROIREAL->OBEROIRLTY 2010-12-10
GOLDTELE|NOISIN|4,GOLDINFRA|NOISIN|1,SYMBOL_CHANGE,GOLDTELE->GOLDINFRA 2008-02-29
GOLDINFRA|INE260D01016|1,OLECTRA|INE260D01016|1,SYMBOL_CHANGE,GOLDINFRA->OLECTRA 2018-07-26
I-FLEX|NOISIN|1,OFSS|NOISIN|1,SYMBOL_CHANGE,I-FLEX->OFSS 2008-09-18
ORCHIDCHEM|INE191A01019|1,ORCHIDPHAR|INE191A01019|1,SYMBOL_CHANGE,ORCHIDCHEM->ORCHIDPHAR 2015-12-21
ORIENTCERA|INE607D01018|1,ORIENTBELL|INE607D01018|1,SYMBOL_CHANGE,ORIENTCERA->ORIENTBELL 2012-04-17
OTL|NOISIN|1,ORIENTALTL|NOISIN|1,SYMBOL_CHANGE,OTL->ORIENTALTL 2009-12-17
BINDALAGRO|INE143A01010|1,OSWALGREEN|INE143A01010|1,SYMBOL_CHANGE,BINDALAGRO->OSWALGREEN 2023-05-19
PREMAUTOEL|NOISIN|1,PAEL|NOISIN|1,SYMBOL_CHANGE,PREMAUTOEL->PAEL 2005-11-23
PILIND|INE600A01027|1,PILITA|INE600A01027|1,SYMBOL_CHANGE,PILIND->PILITA 2015-09-03
SOFTSOLINT|NOISIN|5,PVP|NOISIN|1,SYMBOL_CHANGE,SOFTSOLINT->PVP 2008-06-23
PVR|INE191H01014|1,PVRINOX|INE191H01014|1,SYMBOL_CHANGE,PVR->PVRINOX 2023-05-12
SEINV|INE420C01042|1,PAISALO|INE420C01042|1,SYMBOL_CHANGE,SEINV->PAISALO 2018-01-24
HOPFL|INE940H01014|1,PGIL|INE940H01014|1,SYMBOL_CHANGE,HOPFL->PGIL 2012-07-02
MORAREALTY|NOISIN|2,PENINLAND|NOISIN|1,SYMBOL_CHANGE,MORAREALTY->PENINLAND 2006-06-09
HALONIX|INE455B01016|1,PHOENIXLL|INE455B01016|1,SYMBOL_CHANGE,HALONIX->PHOENIXLL 2013-10-30
PHOENIXLMP|NOISIN|2,HALONIX|NOISIN|1,SYMBOL_CHANGE,PHOENIXLMP->HALONIX 2009-03-09
PIRHEALTH|INE140A01024|1,PEL|INE140A01024|1,SYMBOL_CHANGE,PIRHEALTH->PEL 2012-09-21
NICOLASPIR|NOISIN|1,PIRHEALTH|NOISIN|1,SYMBOL_CHANGE,NICOLASPIR->PIRHEALTH 2008-06-19
GUJGLASS|NOISIN|1,PIRGLASS|NOISIN|1,SYMBOL_CHANGE,GUJGLASS->PIRGLASS 2008-05-12
PITTILAM|INE450D01021|1,PITTIENG|INE450D01021|1,SYMBOL_CHANGE,PITTILAM->PITTIENG 2018-06-06
PRECOTMILL|NOISIN|1,PRECOT|NOISIN|1,SYMBOL_CHANGE,PRECOTMILL->PRECOT 2006-11-01
NUCENT|INE980A01023|1,PRESSMN|INE980A01023|1,SYMBOL_CHANGE,NUCENT->PRESSMN 2013-09-11
PREMINSTR|NOISIN|1,PRICOL|NOISIN|1,SYMBOL_CHANGE,PREMINSTR->PRICOL 2005-08-16
PRISMCEM|INE010A01011|1,PRSMJOHNSN|INE010A01011|1,SYMBOL_CHANGE,PRISMCEM->PRSMJOHNSN 2018-05-04
ADI|INE959A01019|1,FAIRCHEM|INE959A01019|1,SYMBOL_CHANGE,ADI->FAIRCHEM 2017-01-19
FAIRCHEM|INE959A01019|1,PRIVISCL|INE959A01019|1,SYMBOL_CHANGE,FAIRCHEM->PRIVISCL 2020-10-14
MERCK|INE199A01012|1,PGHL|INE199A01012|1,SYMBOL_CHANGE,MERCK->PGHL 2019-06-11
EMERCK|NOISIN|1,MERCK|NOISIN|1,SYMBOL_CHANGE,EMERCK->MERCK 2007-11-05
PROZONECSC|INE195N01013|1,PROZONINTU|INE195N01013|1,SYMBOL_CHANGE,PROZONECSC->PROZONINTU 2014-10-07
PROZONINTU|INE195N01013|1,PROZONER|INE195N01013|1,SYMBOL_CHANGE,PROZONINTU->PROZONER 2023-08-04
SOFFIASOFT|NOISIN|1,QUINTEGRA|NOISIN|1,SYMBOL_CHANGE,SOFFIASOFT->QUINTEGRA 2005-08-22
ORIENTREF|INE743M01012|1,RHIM|INE743M01012|1,SYMBOL_CHANGE,ORIENTREF->RHIM 2021-07-22
SAELTD|NOISIN|2,RPGTLTD|NOISIN|1,SYMBOL_CHANGE,SAELTD->RPGTLTD 2006-12-05
CESCVENT|INE425Y01011|1,RPSGVENT|INE425Y01011|1,SYMBOL_CHANGE,CESCVENT->RPSGVENT 2021-02-01
RAJASSPG|NOISIN|1,RSWM|NOISIN|1,SYMBOL_CHANGE,RAJASSPG->RSWM 2006-09-01
RAINCOM|INE855B01025|1,RAIN|INE855B01025|1,SYMBOL_CHANGE,RAINCOM->RAIN 2013-08-23
RANEMADRAS|NOISIN|1,RANEHOLDIN|NOISIN|1,SYMBOL_CHANGE,RANEMADRAS->RANEHOLDIN 2005-08-22
IBIPL|INE834M01019|1,RTNINFRA|INE834M01019|1,SYMBOL_CHANGE,IBIPL->RTNINFRA 2014-11-20
RTNINFRA|INE834M01019|1,RTNINDIA|INE834M01019|1,SYMBOL_CHANGE,RTNINFRA->RTNINDIA 2021-04-07
IBPOW|INE399K01017|1,RTNPOWER|INE399K01017|1,SYMBOL_CHANGE,IBPOW->RTNPOWER 2014-11-20
RCVL|NOISIN|1,RCOM|NOISIN|1,SYMBOL_CHANGE,RCVL->RCOM 2006-06-30
REL|NOISIN|1,RELINFRA|NOISIN|1,SYMBOL_CHANGE,REL->RELINFRA 2008-05-16
ADLABSFILM|NOISIN|1,RELMEDIA|NOISIN|1,SYMBOL_CHANGE,ADLABSFILM->RELMEDIA 2009-10-20
PIPAVAVYD|INE542F01012|1,PIPAVAVDOC|INE542F01012|1,SYMBOL_CHANGE,PIPAVAVYD->PIPAVAVDOC 2011-09-29
RDEL|INE542F01012|1,RNAVAL|INE542F01012|1,SYMBOL_CHANGE,RDEL->RNAVAL 2017-09-18
PIPAVAVDOC|INE542F01012|1,RDEL|INE542F01012|1,SYMBOL_CHANGE,PIPAVAVDOC->RDEL 2016-03-18
RJL|INE722H01016|1,RGL|INE722H01016|1,SYMBOL_CHANGE,RJL->RGL 2019-04-08
SBIGETS|INF200K01099|1,SETFGOLD|INF200K01099|1,SYMBOL_CHANGE,SBIGETS->SETFGOLD 2015-11-24
SETFNIFTY|INF200KA1FS1|1,SETFNIF50|INF200KA1FS1|1,SYMBOL_CHANGE,SETFNIFTY->SETFNIF50 2015-11-24
SETFBANK|INF200KA1580|1,SETFNIFBK|INF200KA1580|1,SYMBOL_CHANGE,SETFBANK->SETFNIFBK 2015-11-24
SETFNIFJR|INF200KA1598|1,SETFNN50|INF200KA1598|1,SYMBOL_CHANGE,SETFNIFJR->SETFNN50 2015-11-24
SCHENHERD|NOISIN|2,SIGROUPIND|NOISIN|1,SYMBOL_CHANGE,SCHENHERD->SIGROUPIND 2006-11-28
HERDILCHEM|NOISIN|1,SCHENHERD|NOISIN|1,SYMBOL_CHANGE,HERDILCHEM->SCHENHERD 2006-04-04
SUTLEJINDS|NOISIN|1,SILINV|NOISIN|1,SYMBOL_CHANGE,SUTLEJINDS->SILINV 2007-06-21
HORIZONINF|INE429F01012|1,SKIL|INE429F01012|1,SYMBOL_CHANGE,HORIZONINF->SKIL 2014-03-24
SWARAJMAZD|NOISIN|4,SMLISUZU|NOISIN|1,SYMBOL_CHANGE,SWARAJMAZD->SMLISUZU 2011-01-17
SMLISUZU|INE294B01019|1,SMLMAH|INE294B01019|1,SYMBOL_CHANGE,SMLISUZU->SMLMAH 2025-11-10
IBRETAILS|NOISIN|3,STOREONE|NOISIN|1,SYMBOL_CHANGE,IBRETAILS->STOREONE 2009-10-26
STOREONE|INE034H01016|1,SORILINFRA|INE034H01016|1,SYMBOL_CHANGE,STOREONE->SORILINFRA 2017-01-10
SUBHASPROJ|NOISIN|1,SPMLINFRA|NOISIN|1,SYMBOL_CHANGE,SUBHASPROJ->SPMLINFRA 2010-05-14
SREINTFIN|NOISIN|1,SREINFRA|NOISIN|1,SYMBOL_CHANGE,SREINTFIN->SREINFRA 2010-07-21
SHIV-VANI|INE756B01017|1,SVOGL|INE756B01017|1,SYMBOL_CHANGE,SHIV-VANI->SVOGL 2015-10-23
SWANENERGY|INE665A01038|1,SWANCORP|INE665A01038|1,SYMBOL_CHANGE,SWANENERGY->SWANCORP 2025-09-04
PERLENGINF|NOISIN|2,SAMBHAAV|NOISIN|1,SYMBOL_CHANGE,PERLENGINF->SAMBHAAV 2005-10-18
IBULHSGFIN|INE148I01020|1,SAMMAANCAP|INE148I01020|1,SYMBOL_CHANGE,IBULHSGFIN->SAMMAANCAP 2024-07-26
MOTHERSUMI|INE775A01035|1,MOTHERSON|INE775A01035|1,SYMBOL_CHANGE,MOTHERSUMI->MOTHERSON 2022-06-09
AVENTIS|INE058A01010|1,SANOFI|INE058A01010|1,SYMBOL_CHANGE,AVENTIS->SANOFI 2012-07-11
MICROSEC|INE019J01013|1,SASTASUNDR|INE019J01013|1,SYMBOL_CHANGE,MICROSEC->SASTASUNDR 2016-11-22
SAVITACHEM|NOISIN|1,SOTL|NOISIN|1,SYMBOL_CHANGE,SAVITACHEM->SOTL 2009-08-24
FAGBEARING|INE513A01014|1,SCHAEFFLER|INE513A01014|1,SYMBOL_CHANGE,FAGBEARING->SCHAEFFLER 2017-08-01
PRAKASHCON|INE023M01027|1,SETUINFRA|INE023M01027|1,SYMBOL_CHANGE,PRAKASHCON->SETUINFRA 2019-07-30
SEJALGLASS|NOISIN|3,SEZALGLASS|NOISIN|1,SYMBOL_CHANGE,SEJALGLASS->SEZALGLASS 2010-07-14
GAL|INE482J01021|1,SHAH|INE482J01021|1,SYMBOL_CHANGE,GAL->SHAH 2023-07-03
SHASUNCHEM|NOISIN|4,SHASUNPHAR|NOISIN|1,SYMBOL_CHANGE,SHASUNCHEM->SHASUNPHAR 2011-01-28
SHREYASHIP|NOISIN|2,SHREYAS|NOISIN|1,SYMBOL_CHANGE,SHREYASHIP->SHREYAS 2006-04-03
SRTRANSFIN|INE721A01013|1,SHRIRAMFIN|INE721A01013|1,SYMBOL_CHANGE,SRTRANSFIN->SHRIRAMFIN 2022-12-20
SIMPLEXCON|NOISIN|1,SIMPLEXINF|NOISIN|1,SYMBOL_CHANGE,SIMPLEXCON->SIMPLEXINF 2005-12-21
SITICABLE|INE965H01011|1,SITINET|INE965H01011|1,SYMBOL_CHANGE,SITICABLE->SITINET 2016-08-17
SOLAREX|NOISIN|2,SOLARINDS|NOISIN|1,SYMBOL_CHANGE,SOLAREX->SOLARINDS 2009-04-13
SPLLTD|NOISIN|3,SOMANYCERA|NOISIN|1,SYMBOL_CHANGE,SPLLTD->SOMANYCERA 2007-03-21
LANCOIN|INE943C01027|1,SRIPIPES|INE943C01027|1,SYMBOL_CHANGE,LANCOIN->SRIPIPES 2014-12-17
SGLTL|INE0M4D01010|1,SETL|INE0M4D01010|1,SYMBOL_CHANGE,SGLTL->SETL 2026-01-19
SENTINEL|INE577L01016|1,STEL|INE577L01016|1,SYMBOL_CHANGE,SENTINEL->STEL 2011-11-08
STRTECH|INE089C01029|1,STLTECH|INE089C01029|1,SYMBOL_CHANGE,STRTECH->STLTECH 2020-10-29
STROPTICAL|NOISIN|1,STRTECH|NOISIN|1,SYMBOL_CHANGE,STROPTICAL->STRTECH 2007-12-17
INEOSSTYRO|INE189B01011|1,STYRENIX|INE189B01011|1,SYMBOL_CHANGE,INEOSSTYRO->STYRENIX 2023-01-20
HEUBACHIND|INE492A01029|1,SUDARCOLOR|INE492A01029|1,SYMBOL_CHANGE,HEUBACHIND->SUDARCOLOR 2026-01-20
CLNINDIA|INE492A01029|1,HEUBACHIND|INE492A01029|1,SYMBOL_CHANGE,CLNINDIA->HEUBACHIND 2023-03-10
KECINTL|NOISIN|1,KECINFRA|NOISIN|1,SYMBOL_CHANGE,KECINTL->KECINFRA 2006-02-21
KECINFRA|NOISIN|2,SUMMIT|NOISIN|1,SYMBOL_CHANGE,KECINFRA->SUMMIT 2008-04-21
ATFL|INE209A01019|1,SUNDROP|INE209A01019|1,SYMBOL_CHANGE,ATFL->SUNDROP 2025-03-28
SUPREMYARN|NOISIN|1,SUPREMETEX|NOISIN|1,SYMBOL_CHANGE,SUPREMYARN->SUPREMETEX 2008-02-15
SURANAVEL|INE272L01014|1,SURANASOL|INE272L01014|1,SYMBOL_CHANGE,SURANAVEL->SURANASOL 2014-11-19
SURANATELE|NOISIN|2,SURANAT&P|NOISIN|1,SYMBOL_CHANGE,SURANATELE->SURANAT&P 2010-02-08
NUMERICPW|INE409B01013|1,SWELECTES|INE409B01013|1,SYMBOL_CHANGE,NUMERICPW->SWELECTES 2012-07-09
TATAGLOBAL|INE192A01025|1,TATACONSUM|INE192A01025|1,SYMBOL_CHANGE,TATAGLOBAL->TATACONSUM 2020-02-27
TATATEA|NOISIN|1,TATAGLOBAL|NOISIN|1,SYMBOL_CHANGE,TATATEA->TATAGLOBAL 2010-07-21
BHAGWATIHO|INE797H01018|1,TGBHOTELS|INE797H01018|1,SYMBOL_CHANGE,BHAGWATIHO->TGBHOTELS 2013-05-31
TWL|INE615H01020|1,TITAGARH|INE615H01020|1,SYMBOL_CHANGE,TWL->TITAGARH 2023-06-19
SHREYAS|INE757B01015|1,TRANSWORLD|INE757B01015|1,SYMBOL_CHANGE,SHREYAS->TRANSWORLD 2024-10-23
SUNDARMHLD|INE202Z01029|1,TSFINV|INE202Z01029|1,SYMBOL_CHANGE,SUNDARMHLD->TSFINV 2025-10-16
IBN18|INE886H01027|1,TV18BRDCST|INE886H01027|1,SYMBOL_CHANGE,IBN18->TV18BRDCST 2011-07-19
GBN|NOISIN|1,IBN18|NOISIN|1,SYMBOL_CHANGE,GBN->IBN18 2008-05-15
SUNCLAYLTD|INE105A01035|1,TVSHLTD|INE105A01035|1,SYMBOL_CHANGE,SUNCLAYLTD->TVSHLTD 2023-08-10
CONSCOFFEE|NOISIN|1,TATACOFFEE|NOISIN|1,SYMBOL_CHANGE,CONSCOFFEE->TATACOFFEE 2006-04-04
VSNL|NOISIN|1,TATACOMM|NOISIN|1,SYMBOL_CHANGE,VSNL->TATACOMM 2008-02-25
INVESTCORP|NOISIN|1,TATAINVEST|NOISIN|1,SYMBOL_CHANGE,INVESTCORP->TATAINVEST 2005-07-07
TATAMOTORS|INE155A01022|1,TMPV|INE155A01022|1,SYMBOL_CHANGE,TATAMOTORS->TMPV 2025-10-24
BHUSANSTL|INE824B01021|1,TATASTLBSL|INE824B01021|1,SYMBOL_CHANGE,BHUSANSTL->TATASTLBSL 2018-12-10
TISCO|NOISIN|1,TATASTEEL|NOISIN|1,SYMBOL_CHANGE,TISCO->TATASTEEL 2005-10-17
TATASPONGE|INE674A01014|1,TATASTLLP|INE674A01014|1,SYMBOL_CHANGE,TATASPONGE->TATASTLLP 2019-09-03
TATATELSER|NOISIN|1,TTML|NOISIN|1,SYMBOL_CHANGE,TATATELSER->TTML 2005-01-14
TEXMACOLTD|INE435C01024|1,TEXINFRA|INE435C01024|1,SYMBOL_CHANGE,TEXMACOLTD->TEXINFRA 2012-03-20
FORTUNEFIN|INE924D01017|1,THEINVEST|INE924D01017|1,SYMBOL_CHANGE,FORTUNEFIN->THEINVEST 2018-07-25
MADRASCEM|INE331A01037|1,RAMCOCEM|INE331A01037|1,SYMBOL_CHANGE,MADRASCEM->RAMCOCEM 2013-09-30
TIPSINDLTD|INE716B01029|1,TIPSMUSIC|INE716B01029|1,SYMBOL_CHANGE,TIPSINDLTD->TIPSMUSIC 2024-09-30
AHMEDELEC|NOISIN|1,TORRENTAEC|NOISIN|1,SYMBOL_CHANGE,AHMEDELEC->TORRENTAEC 2005-06-17
SURATELEC|NOISIN|1,TORRENTSEC|NOISIN|1,SYMBOL_CHANGE,SURATELEC->TORRENTSEC 2005-06-07
ABSHEKINDS|NOISIN|3,TRIDENT|NOISIN|1,SYMBOL_CHANGE,ABSHEKINDS->TRIDENT 2011-05-03
LEADEDSYS|NOISIN|2,TRIGYN|NOISIN|1,SYMBOL_CHANGE,LEADEDSYS->TRIGYN 2005-07-26
DHANVARSHA|INE615R01029|1,TRU|INE615R01029|1,SYMBOL_CHANGE,DHANVARSHA->TRU 2022-09-01
TCLCONS|INE388G01026|1,TICL|INE388G01026|1,SYMBOL_CHANGE,TCLCONS->TICL 2025-02-07
UCALFUEL|INE139B01016|1,UCAL|INE139B01016|1,SYMBOL_CHANGE,UCALFUEL->UCAL 2023-07-26
FLEX|NOISIN|1,UFLEX|NOISIN|1,SYMBOL_CHANGE,FLEX->UFLEX 2007-04-17
MRO-TEK|INE398B01018|1,UMIYA-MRO|INE398B01018|1,SYMBOL_CHANGE,MRO-TEK->UMIYA-MRO 2025-04-15
MINDAIND|INE405E01023|1,UNOMINDA|INE405E01023|1,SYMBOL_CHANGE,MINDAIND->UNOMINDA 2022-08-05
UNIPHOS|INE628A01036|1,UPL|INE628A01036|1,SYMBOL_CHANGE,UNIPHOS->UPL 2013-10-23
UTISENSETF|INF789FB1X58|1,SENSEXBETA|INF789FB1X58|1,SYMBOL_CHANGE,UTISENSETF->SENSEXBETA 2025-12-24
UTISXN50|INF789F1AUU3|1,SNXT50BETA|INF789F1AUU3|1,SYMBOL_CHANGE,UTISXN50->SNXT50BETA 2025-12-24
GOLDSHARE|INF789F1AUX7|1,GOLDBETA|INF789F1AUX7|1,SYMBOL_CHANGE,GOLDSHARE->GOLDBETA 2025-12-24
UTINEXT50|INF789F1AUW9|1,NEXT50BETA|INF789F1AUW9|1,SYMBOL_CHANGE,UTINEXT50->NEXT50BETA 2025-12-24
NIF10GETF|INF789F1AZF3|1,GILT10BETA|INF789F1AZF3|1,SYMBOL_CHANGE,NIF10GETF->GILT10BETA 2025-12-24
NIF5GETF|INF789F1AZE6|1,GILT5BETA|INF789F1AZE6|1,SYMBOL_CHANGE,NIF5GETF->GILT5BETA 2025-12-24
NIFITETF|INF789F1AZD8|1,ITBETA|INF789F1AZD8|1,SYMBOL_CHANGE,NIFITETF->ITBETA 2025-12-24
NIFMID150|INF789F1AYX9|1,MIDCAPBETA|INF789F1AYX9|1,SYMBOL_CHANGE,NIFMID150->MIDCAPBETA 2025-12-24
SILVERETF|INF789F1AYK6|1,SILVERBETA|INF789F1AYK6|1,SYMBOL_CHANGE,SILVERETF->SILVERBETA 2025-12-24
UTINIFTETF|INF789F1AZC0|1,NIFTYBETA|INF789F1AZC0|1,SYMBOL_CHANGE,UTINIFTETF->NIFTYBETA 2025-12-24
UTIBANKETF|INF789F1AUV1|1,BANKBETA|INF789F1AUV1|1,SYMBOL_CHANGE,UTIBANKETF->BANKBETA 2025-12-24
MBSWITCH|INE899L01022|1,UJAAS|INE899L01022|1,SYMBOL_CHANGE,MBSWITCH->UJAAS 2013-09-23
BARBEQUE|INE382M01027|1,UFBL|INE382M01027|1,SYMBOL_CHANGE,BARBEQUE->UFBL 2025-10-13
MCDOWELL-N|INE854D01024|1,UNITDSPR|INE854D01024|1,SYMBOL_CHANGE,MCDOWELL-N->UNITDSPR 2024-06-07
URAVI|INE568Z01015|1,URAVIDEF|INE568Z01015|1,SYMBOL_CHANGE,URAVI->URAVIDEF 2025-01-16
LLOYDSTEEL|INE292A01015|1,UTTAMVALUE|INE292A01015|1,SYMBOL_CHANGE,LLOYDSTEEL->UTTAMVALUE 2013-04-29
VATECH|NOISIN|1,WABAG|NOISIN|1,SYMBOL_CHANGE,VATECH->WABAG 2010-12-15
MAXWELL|INE450G01024|1,VIPCLOTHNG|INE450G01024|1,SYMBOL_CHANGE,MAXWELL->VIPCLOTHNG 2016-12-21
VIJAYTEX|NOISIN|1,VTXIND|NOISIN|1,SYMBOL_CHANGE,VIJAYTEX->VTXIND 2011-04-04
VAKRANSOFT|INE051B01021|1,VAKRANGEE|INE051B01021|1,SYMBOL_CHANGE,VAKRANSOFT->VAKRANGEE 2013-11-27
VDOCONAPPL|NOISIN|1,VALUEIND|NOISIN|1,SYMBOL_CHANGE,VDOCONAPPL->VALUEIND 2008-05-22
VSGML|NOISIN|1,VHL|NOISIN|1,SYMBOL_CHANGE,VSGML->VHL 2006-04-17
MAHAVIRSPG|NOISIN|1,VTL|NOISIN|1,SYMBOL_CHANGE,MAHAVIRSPG->VTL 2006-10-11
SSLT|INE205A01025|1,VEDL|INE205A01025|1,SYMBOL_CHANGE,SSLT->VEDL 2015-05-07
SESAGOA|INE205A01025|1,SSLT|INE205A01025|1,SYMBOL_CHANGE,SESAGOA->SSLT 2013-10-04
TIDEWATER|INE484C01030|1,VEEDOL|INE484C01030|1,SYMBOL_CHANGE,TIDEWATER->VEEDOL 2024-10-09
VIDHIDYE|INE632C01026|1,VIDHIING|INE632C01026|1,SYMBOL_CHANGE,VIDHIDYE->VIDHIING 2017-03-01
VIKASGLOB|INE806A01020|1,VIKASECO|INE806A01020|1,SYMBOL_CHANGE,VIKASGLOB->VIKASECO 2015-12-21
VIKASMCORP|INE161L01027|1,VIKASLIFE|INE161L01027|1,SYMBOL_CHANGE,VIKASMCORP->VIKASLIFE 2021-05-06
SEQUENT|INE807F01027|1,VIYASH|INE807F01027|1,SYMBOL_CHANGE,SEQUENT->VIYASH 2026-01-23
WABCO-TVS|INE342J01019|1,WABCOINDIA|INE342J01019|1,SYMBOL_CHANGE,WABCO-TVS->WABCOINDIA 2011-09-06
WELGUJ|NOISIN|1,WELCORP|NOISIN|1,SYMBOL_CHANGE,WELGUJ->WELCORP 2010-05-17
WELPROJ|INE625G01013|1,WELENT|INE625G01013|1,SYMBOL_CHANGE,WELPROJ->WELENT 2015-06-24
MSKPROJ|NOISIN|3,WELPROJ|NOISIN|1,SYMBOL_CHANGE,MSKPROJ->WELPROJ 2011-01-04
WELSPUNIND|INE192B01031|1,WELSPUNLIV|INE192B01031|1,SYMBOL_CHANGE,WELSPUNIND->WELSPUNLIV 2023-12-14
JUMPNET|INE974C01022|1,WINPRO|INE974C01022|1,SYMBOL_CHANGE,JUMPNET->WINPRO 2021-12-22
SURAJDIAMN|INE664A01015|1,WINSOMEDJ|INE664A01015|1,SYMBOL_CHANGE,SURAJDIAMN->WINSOMEDJ 2012-07-24
WFL|INE02WG01016|1,WEL|INE02WG01016|1,SYMBOL_CHANGE,WFL->WEL 2023-01-04
WORTH|INE196Y01018|1,WORTHPERI|INE196Y01018|1,SYMBOL_CHANGE,WORTH->WORTHPERI 2025-10-10
WYETHLEDE|NOISIN|1,WYETH|NOISIN|1,SYMBOL_CHANGE,WYETHLEDE->WYETH 2006-09-01
XLTL|NOISIN|1,XLTELENE|NOISIN|1,SYMBOL_CHANGE,XLTL->XLTELENE 2009-07-22
XLTELENE|NOISIN|2,XLENERGY|NOISIN|1,SYMBOL_CHANGE,XLTELENE->XLENERGY 2010-12-13
CAMBRIDGE|INE692G01013|1,XCHANGING|INE692G01013|1,SYMBOL_CHANGE,CAMBRIDGE->XCHANGING 2012-06-25
SCANDENT|NOISIN|1,CAMBRIDGE|NOISIN|1,SYMBOL_CHANGE,SCANDENT->CAMBRIDGE 2006-07-17
IBWSL|INE126M01010|1,SORILHOLD|INE126M01010|1,SYMBOL_CHANGE,IBWSL->SORILHOLD 2017-04-18
YAARII|INE126M01010|1,YAARI|INE126M01010|1,SYMBOL_CHANGE,YAARII->YAARI 2021-12-15
IBULISL|INE126M01010|1,YAARII|INE126M01010|1,SYMBOL_CHANGE,IBULISL->YAARII 2020-12-08
ZUARIAGRO|INE217A01012|1,ZUARIGLOB|INE217A01012|1,SYMBOL_CHANGE,ZUARIAGRO->ZUARIGLOB 2012-09-25
ZUARIGLOB|INE217A01012|1,ZUARIIND|INE217A01012|1,SYMBOL_CHANGE,ZUARIGLOB->ZUARIIND 2022-07-04
ZANDUPHARM|NOISIN|1,ZANDUREALT|NOISIN|1,SYMBOL_CHANGE,ZANDUPHARM->ZANDUREALT 2010-03-10
ZEETELE|NOISIN|1,ZEEL|NOISIN|1,SYMBOL_CHANGE,ZEETELE->ZEEL 2007-02-28
ZEENEWS|INE966H01019|1,ZEEMEDIA|INE966H01019|1,SYMBOL_CHANGE,ZEENEWS->ZEEMEDIA 2013-07-30
CADILAHC|INE010B01027|1,ZYDUSLIFE|INE010B01027|1,SYMBOL_CHANGE,CADILAHC->ZYDUSLIFE 2022-03-07
20MICRONS|NOISIN|1,20MICRONS|INE144J01019|1,ISIN_INTRO,20MICRONS -> INE144J01019
3IINFOTECH|NOISIN|1,3IINFOTECH|INE748C01020|1,ISIN_INTRO,3IINFOTECH -> INE748C01020
3MINDIA|NOISIN|1,3MINDIA|INE470A01017|1,ISIN_INTRO,3MINDIA -> INE470A01017
A2ZMES|NOISIN|1,A2ZMES|INE619I01012|1,ISIN_INTRO,A2ZMES -> INE619I01012
AANJANEYA|NOISIN|1,AANJANEYA|INE928K01013|1,ISIN_INTRO,AANJANEYA -> INE928K01013
AARTIDRUGS|NOISIN|2,AARTIDRUGS|INE767A01016|1,ISIN_INTRO,AARTIDRUGS -> INE767A01016
AARTIIND|NOISIN|2,AARTIIND|INE769A01020|1,ISIN_INTRO,AARTIIND -> INE769A01020
AARVEEDEN|NOISIN|3,AARVEEDEN|INE273D01019|1,ISIN_INTRO,AARVEEDEN -> INE273D01019
ABAN|NOISIN|1,ABAN|INE421A01028|1,ISIN_INTRO,ABAN -> INE421A01028
ABB|NOISIN|1,ABB|INE117A01022|1,ISIN_INTRO,ABB -> INE117A01022
ABBOTINDIA|NOISIN|1,ABBOTINDIA|INE358A01014|1,ISIN_INTRO,ABBOTINDIA -> INE358A01014
ABCIL|NOISIN|1,ABCIL|INE605B01016|1,ISIN_INTRO,ABCIL -> INE605B01016
ABGSHIP|NOISIN|1,ABGSHIP|INE067H01016|1,ISIN_INTRO,ABGSHIP -> INE067H01016
ABHISHEK|NOISIN|5,ABHISHEK|INE004I01017|1,ISIN_INTRO,ABHISHEK -> INE004I01017
ABIRLANUVO|NOISIN|1,ABIRLANUVO|INE069A01017|1,ISIN_INTRO,ABIRLANUVO -> INE069A01017
ACC|NOISIN|1,ACC|INE012A01025|1,ISIN_INTRO,ACC -> INE012A01025
ACE|NOISIN|1,ACE|INE731H01025|1,ISIN_INTRO,ACE -> INE731H01025
ACKRUTI|NOISIN|1,ACKRUTI|INE703H01016|1,ISIN_INTRO,ACKRUTI -> INE703H01016
ACROPETAL|NOISIN|1,ACROPETAL|INE055L01013|1,ISIN_INTRO,ACROPETAL -> INE055L01013
ADANIENT|NOISIN|1,ADANIENT|INE423A01024|1,ISIN_INTRO,ADANIENT -> INE423A01024
ADANIPOWER|NOISIN|1,ADANIPOWER|INE814H01011|1,ISIN_INTRO,ADANIPOWER -> INE814H01011
ADFFOODS|NOISIN|1,ADFFOODS|INE982B01019|1,ISIN_INTRO,ADFFOODS -> INE982B01019
ADHUNIK|NOISIN|2,ADHUNIK|INE400H01019|1,ISIN_INTRO,ADHUNIK -> INE400H01019
ADORWELD|NOISIN|1,ADORWELD|INE045A01017|1,ISIN_INTRO,ADORWELD -> INE045A01017
ADSL|NOISIN|1,ADSL|INE102I01027|1,ISIN_INTRO,ADSL -> INE102I01027
ADVANTA|NOISIN|1,ADVANTA|INE517H01010|1,ISIN_INTRO,ADVANTA -> INE517H01010
AEGISCHEM|NOISIN|1,AEGISCHEM|INE208C01017|1,ISIN_INTRO,AEGISCHEM -> INE208C01017
AFL|NOISIN|4,AFL|INE020G01017|1,ISIN_INTRO,AFL -> INE020G01017
AFTEK|NOISIN|3,AFTEK|INE796A01023|1,ISIN_INTRO,AFTEK -> INE796A01023
AGCNET|NOISIN|1,AGCNET|INE676A01019|1,ISIN_INTRO,AGCNET -> INE676A01019
AGRE|NOISIN|2,AGRE|INE360L01017|1,ISIN_INTRO,AGRE -> INE360L01017
AGRODUTCH|NOISIN|5,AGRODUTCH|INE135B01014|1,ISIN_INTRO,AGRODUTCH -> INE135B01014
AHLEAST|NOISIN|1,AHLEAST|INE926K01017|1,ISIN_INTRO,AHLEAST -> INE926K01017
AHLUCONT|NOISIN|1,AHLUCONT|INE758C01029|1,ISIN_INTRO,AHLUCONT -> INE758C01029
AHLWEST|NOISIN|1,AHLWEST|INE915K01010|1,ISIN_INTRO,AHLWEST -> INE915K01010
AHMEDFORGE|NOISIN|2,AHMEDFORGE|INE425A01011|1,ISIN_INTRO,AHMEDFORGE -> INE425A01011
AIAENG|NOISIN|1,AIAENG|INE212H01026|1,ISIN_INTRO,AIAENG -> INE212H01026
AJANTPHARM|NOISIN|2,AJANTPHARM|INE031B01015|1,ISIN_INTRO,AJANTPHARM -> INE031B01015
AJMERA|NOISIN|1,AJMERA|INE298G01027|1,ISIN_INTRO,AJMERA -> INE298G01027
AKSHOPTFBR|NOISIN|7,AKSHOPTFBR|INE523B01011|1,ISIN_INTRO,AKSHOPTFBR -> INE523B01011
AKZOINDIA|NOISIN|1,AKZOINDIA|INE133A01011|1,ISIN_INTRO,AKZOINDIA -> INE133A01011
ALBK|NOISIN|1,ALBK|INE428A01015|1,ISIN_INTRO,ALBK -> INE428A01015
ALCHEM|NOISIN|1,ALCHEM|INE964B01033|1,ISIN_INTRO,ALCHEM -> INE964B01033
ALEMBICLTD|NOISIN|1,ALEMBICLTD|INE426A01027|1,ISIN_INTRO,ALEMBICLTD -> INE426A01027
ALFALAVAL|NOISIN|1,ALFALAVAL|INE427A01017|1,ISIN_INTRO,ALFALAVAL -> INE427A01017
ALKALI|NOISIN|1,ALKALI|INE773I01017|1,ISIN_INTRO,ALKALI -> INE773I01017
ALLCARGO|NOISIN|1,ALLCARGO|INE418H01029|1,ISIN_INTRO,ALLCARGO -> INE418H01029
ALLSEC|NOISIN|3,ALLSEC|INE835G01018|1,ISIN_INTRO,ALLSEC -> INE835G01018
ALMONDZ|NOISIN|2,ALMONDZ|INE326B01027|1,ISIN_INTRO,ALMONDZ -> INE326B01027
ALOKTEXT|NOISIN|1,ALOKTEXT|INE270A01011|1,ISIN_INTRO,ALOKTEXT -> INE270A01011
ALPA|NOISIN|3,ALPA|INE385I01010|1,ISIN_INTRO,ALPA -> INE385I01010
ALPHAGEO|NOISIN|3,ALPHAGEO|INE137C01018|1,ISIN_INTRO,ALPHAGEO -> INE137C01018
ALPSINDUS|NOISIN|3,ALPSINDUS|INE093B01015|1,ISIN_INTRO,ALPSINDUS -> INE093B01015
AMAR|NOISIN|1,AMAR|INE787G01011|1,ISIN_INTRO,AMAR -> INE787G01011
AMARAJABAT|NOISIN|2,AMARAJABAT|INE885A01024|1,ISIN_INTRO,AMARAJABAT -> INE885A01024
AMARJOTHI|NOISIN|1,AMARJOTHI|INE484D01012|1,ISIN_INTRO,AMARJOTHI -> INE484D01012
AMBIKCO|NOISIN|1,AMBIKCO|INE540G01014|1,ISIN_INTRO,AMBIKCO -> INE540G01014
AMBUJACEM|NOISIN|1,AMBUJACEM|INE079A01024|1,ISIN_INTRO,AMBUJACEM -> INE079A01024
AMDIND|NOISIN|1,AMDIND|INE005I01014|1,ISIN_INTRO,AMDIND -> INE005I01014
AMLSTEEL|NOISIN|2,AMLSTEEL|INE577F01018|1,ISIN_INTRO,AMLSTEEL -> INE577F01018
AMRUTANJAN|NOISIN|1,AMRUTANJAN|INE098F01015|1,ISIN_INTRO,AMRUTANJAN -> INE098F01015
AMTEKAUTO|NOISIN|1,AMTEKAUTO|INE130C01021|1,ISIN_INTRO,AMTEKAUTO -> INE130C01021
AMTEKINDIA|NOISIN|1,AMTEKINDIA|INE068D01021|1,ISIN_INTRO,AMTEKINDIA -> INE068D01021
ANANTRAJ|NOISIN|1,ANANTRAJ|INE242C01024|1,ISIN_INTRO,ANANTRAJ -> INE242C01024
ANDHRABANK|NOISIN|1,ANDHRABANK|INE434A01013|1,ISIN_INTRO,ANDHRABANK -> INE434A01013
ANDHRACEMT|NOISIN|1,ANDHRACEMT|INE666E01012|1,ISIN_INTRO,ANDHRACEMT -> INE666E01012
ANDHRSUGAR|NOISIN|1,ANDHRSUGAR|INE715B01013|1,ISIN_INTRO,ANDHRSUGAR -> INE715B01013
ANGIND|NOISIN|2,ANGIND|INE017D01010|1,ISIN_INTRO,ANGIND -> INE017D01010
ANIKINDS|NOISIN|1,ANIKINDS|INE087B01017|1,ISIN_INTRO,ANIKINDS -> INE087B01017
ANKURDRUGS|NOISIN|1,ANKURDRUGS|INE238D01012|1,ISIN_INTRO,ANKURDRUGS -> INE238D01012
ANSALAPI|NOISIN|1,ANSALAPI|INE436A01026|1,ISIN_INTRO,ANSALAPI -> INE436A01026
ANSALHSG|NOISIN|2,ANSALHSG|INE880B01015|1,ISIN_INTRO,ANSALHSG -> INE880B01015
ANTGRAPHIC|NOISIN|6,ANTGRAPHIC|INE414B01021|1,ISIN_INTRO,ANTGRAPHIC -> INE414B01021
APARINDS|NOISIN|1,APARINDS|INE372A01015|1,ISIN_INTRO,APARINDS -> INE372A01015
APCOTEXIND|NOISIN|2,APCOTEXIND|INE116A01016|1,ISIN_INTRO,APCOTEXIND -> INE116A01016
APIL|NOISIN|1,APIL|INE878A01011|1,ISIN_INTRO,APIL -> INE878A01011
APOLLOHOSP|NOISIN|1,APOLLOHOSP|INE437A01024|1,ISIN_INTRO,APOLLOHOSP -> INE437A01024
APOLLOTYRE|NOISIN|1,APOLLOTYRE|INE438A01022|1,ISIN_INTRO,APOLLOTYRE -> INE438A01022
APPAPER|NOISIN|2,APPAPER|INE435A01028|1,ISIN_INTRO,APPAPER -> INE435A01028
APTECHT|NOISIN|1,APTECHT|INE266F01018|1,ISIN_INTRO,APTECHT -> INE266F01018
AQUA|NOISIN|1,AQUA|INE544K01026|1,ISIN_INTRO,AQUA -> INE544K01026
ARCHIDPLY|NOISIN|2,ARCHIDPLY|INE877I01016|1,ISIN_INTRO,ARCHIDPLY -> INE877I01016
ARCHIES|NOISIN|2,ARCHIES|INE731A01020|1,ISIN_INTRO,ARCHIES -> INE731A01020
AREVAT&D|NOISIN|1,AREVAT&D|INE200A01026|1,ISIN_INTRO,AREVAT&D -> INE200A01026
ARIES|NOISIN|3,ARIES|INE298I01015|1,ISIN_INTRO,ARIES -> INE298I01015
ARIHANT|NOISIN|3,ARIHANT|INE413D01011|1,ISIN_INTRO,ARIHANT -> INE413D01011
ARL|NOISIN|3,ARL|INE211C01029|1,ISIN_INTRO,ARL -> INE211C01029
AROGRANITE|NOISIN|1,AROGRANITE|INE210C01013|1,ISIN_INTRO,AROGRANITE -> INE210C01013
ARROWTEX|NOISIN|4,ARROWTEX|INE933J01015|1,ISIN_INTRO,ARROWTEX -> INE933J01015
ARSHIYA|NOISIN|1,ARSHIYA|INE968D01022|1,ISIN_INTRO,ARSHIYA -> INE968D01022
ARSSINFRA|NOISIN|1,ARSSINFRA|INE267I01010|1,ISIN_INTRO,ARSSINFRA -> INE267I01010
ARVIND|NOISIN|1,ARVIND|INE034A01011|1,ISIN_INTRO,ARVIND -> INE034A01011
ASAHIINDIA|NOISIN|2,ASAHIINDIA|INE439A01020|1,ISIN_INTRO,ASAHIINDIA -> INE439A01020
ASAL|NOISIN|3,ASAL|INE900C01027|1,ISIN_INTRO,ASAL -> INE900C01027
ASHAPURMIN|NOISIN|2,ASHAPURMIN|INE348A01023|1,ISIN_INTRO,ASHAPURMIN -> INE348A01023
ASHCONIUL|NOISIN|3,ASHCONIUL|INE714F01033|1,ISIN_INTRO,ASHCONIUL -> INE714F01033
ASHIMASYN|NOISIN|10,ASHIMASYN|INE440A01010|1,ISIN_INTRO,ASHIMASYN -> INE440A01010
ASHOKA|NOISIN|1,ASHOKA|INE442H01011|1,ISIN_INTRO,ASHOKA -> INE442H01011
ASHOKLEY|NOISIN|1,ASHOKLEY|INE208A01029|1,ISIN_INTRO,ASHOKLEY -> INE208A01029
ASIANELEC|NOISIN|3,ASIANELEC|INE441A01026|1,ISIN_INTRO,ASIANELEC -> INE441A01026
ASIANHOTNR|NOISIN|1,ASIANHOTNR|INE363A01022|1,ISIN_INTRO,ASIANHOTNR -> INE363A01022
ASIANPAINT|NOISIN|1,ASIANPAINT|INE021A01018|1,ISIN_INTRO,ASIANPAINT -> INE021A01018
ASIANTILES|NOISIN|2,ASIANTILES|INE022I01019|1,ISIN_INTRO,ASIANTILES -> INE022I01019
ASSAMCO|NOISIN|3,ASSAMCO|INE442A01024|1,ISIN_INTRO,ASSAMCO -> INE442A01024
ASTEC|NOISIN|1,ASTEC|INE563J01010|1,ISIN_INTRO,ASTEC -> INE563J01010
ASTERSILI|NOISIN|2,ASTERSILI|INE900K01012|1,ISIN_INTRO,ASTERSILI -> INE900K01012
ASTRAL|NOISIN|1,ASTRAL|INE006I01020|1,ISIN_INTRO,ASTRAL -> INE006I01020
ASTRAMICRO|NOISIN|1,ASTRAMICRO|INE386C01029|1,ISIN_INTRO,ASTRAMICRO -> INE386C01029
ASTRAZEN|NOISIN|1,ASTRAZEN|INE203A01020|1,ISIN_INTRO,ASTRAZEN -> INE203A01020
ATFL|NOISIN|3,ATFL|INE209A01019|1,ISIN_INTRO,ATFL -> INE209A01019
ATLANTA|NOISIN|1,ATLANTA|INE285H01022|1,ISIN_INTRO,ATLANTA -> INE285H01022
ATLASCYCLE|NOISIN|3,ATLASCYCLE|INE446A01017|1,ISIN_INTRO,ATLASCYCLE -> INE446A01017
ATNINTER|NOISIN|6,ATNINTER|INE803A01027|1,ISIN_INTRO,ATNINTER -> INE803A01027
ATUL|NOISIN|1,ATUL|INE100A01010|1,ISIN_INTRO,ATUL -> INE100A01010
AURIONPRO|NOISIN|6,AURIONPRO|INE132H01018|1,ISIN_INTRO,AURIONPRO -> INE132H01018
AUROPHARMA|NOISIN|1,AUROPHARMA|INE406A01037|1,ISIN_INTRO,AUROPHARMA -> INE406A01037
AUSOMENT|NOISIN|2,AUSOMENT|INE218C01016|1,ISIN_INTRO,AUSOMENT -> INE218C01016
AUSTRAL|NOISIN|2,AUSTRAL|INE455J01027|1,ISIN_INTRO,AUSTRAL -> INE455J01027
AUTOAXLES|NOISIN|2,AUTOAXLES|INE449A01011|1,ISIN_INTRO,AUTOAXLES -> INE449A01011
AUTOIND|NOISIN|4,AUTOIND|INE718H01014|1,ISIN_INTRO,AUTOIND -> INE718H01014
AUTOLITIND|NOISIN|3,AUTOLITIND|INE448A01013|1,ISIN_INTRO,AUTOLITIND -> INE448A01013
AVANTI|NOISIN|2,AVANTI|INE871C01012|1,ISIN_INTRO,AVANTI -> INE871C01012
AVENTIS|NOISIN|1,AVENTIS|INE058A01010|1,ISIN_INTRO,AVENTIS -> INE058A01010
AVTNPL|NOISIN|1,AVTNPL|INE488D01013|1,ISIN_INTRO,AVTNPL -> INE488D01013
AXIS-IT&T|NOISIN|8,AXIS-IT&T|INE555B01013|1,ISIN_INTRO,AXIS-IT&T -> INE555B01013
AXISBANK|NOISIN|1,AXISBANK|INE238A01026|1,ISIN_INTRO,AXISBANK -> INE238A01026
AXISGOLD|NOISIN|1,AXISGOLD|INF846K01347|1,ISIN_INTRO,AXISGOLD -> INF846K01347
BAGFILMS|NOISIN|6,BAGFILMS|INE116D01028|1,ISIN_INTRO,BAGFILMS -> INE116D01028
BAJAJ-AUTO|NOISIN|1,BAJAJ-AUTO|INE917I01010|1,ISIN_INTRO,BAJAJ-AUTO -> INE917I01010
BAJAJCORP|NOISIN|1,BAJAJCORP|INE933K01021|1,ISIN_INTRO,BAJAJCORP -> INE933K01021
BAJAJELEC|NOISIN|1,BAJAJELEC|INE193E01025|1,ISIN_INTRO,BAJAJELEC -> INE193E01025
BAJAJFINSV|NOISIN|1,BAJAJFINSV|INE918I01018|1,ISIN_INTRO,BAJAJFINSV -> INE918I01018
BAJAJHIND|NOISIN|1,BAJAJHIND|INE306A01021|1,ISIN_INTRO,BAJAJHIND -> INE306A01021
BAJAJHLDNG|NOISIN|1,BAJAJHLDNG|INE118A01012|1,ISIN_INTRO,BAJAJHLDNG -> INE118A01012
BAJFINANCE|NOISIN|1,BAJFINANCE|INE296A01016|1,ISIN_INTRO,BAJFINANCE -> INE296A01016
BALAJITELE|NOISIN|1,BALAJITELE|INE794B01026|1,ISIN_INTRO,BALAJITELE -> INE794B01026
BALAMINES|NOISIN|1,BALAMINES|INE050E01027|1,ISIN_INTRO,BALAMINES -> INE050E01027
BALKRISIND|NOISIN|1,BALKRISIND|INE787D01026|1,ISIN_INTRO,BALKRISIND -> INE787D01026
BALLARPUR|NOISIN|1,BALLARPUR|INE294A01037|1,ISIN_INTRO,BALLARPUR -> INE294A01037
BALMLAWRIE|NOISIN|1,BALMLAWRIE|INE164A01016|1,ISIN_INTRO,BALMLAWRIE -> INE164A01016
BALPHARMA|NOISIN|4,BALPHARMA|INE083D01012|1,ISIN_INTRO,BALPHARMA -> INE083D01012
BALRAMCHIN|NOISIN|1,BALRAMCHIN|INE119A01028|1,ISIN_INTRO,BALRAMCHIN -> INE119A01028
BANARISUG|NOISIN|1,BANARISUG|INE459A01010|1,ISIN_INTRO,BANARISUG -> INE459A01010
BANCOINDIA|NOISIN|1,BANCOINDIA|INE213C01025|1,ISIN_INTRO,BANCOINDIA -> INE213C01025
BANG|NOISIN|4,BANG|INE863I01016|1,ISIN_INTRO,BANG -> INE863I01016
BANKBARODA|NOISIN|1,BANKBARODA|INE028A01013|1,ISIN_INTRO,BANKBARODA -> INE028A01013
BANKBEES|NOISIN|1,BANKBEES|INF732E01078|1,ISIN_INTRO,BANKBEES -> INF732E01078
BANKINDIA|NOISIN|1,BANKINDIA|INE084A01016|1,ISIN_INTRO,BANKINDIA -> INE084A01016
BANSWRAS|NOISIN|2,BANSWRAS|INE629D01012|1,ISIN_INTRO,BANSWRAS -> INE629D01012
BARTRONICS|NOISIN|3,BARTRONICS|INE855F01034|1,ISIN_INTRO,BARTRONICS -> INE855F01034
BASF|NOISIN|1,BASF|INE373A01013|1,ISIN_INTRO,BASF -> INE373A01013
BASML|NOISIN|1,BASML|INE186H01014|1,ISIN_INTRO,BASML -> INE186H01014
BATAINDIA|NOISIN|1,BATAINDIA|INE176A01010|1,ISIN_INTRO,BATAINDIA -> INE176A01010
BATLIBOI|NOISIN|3,BATLIBOI|INE177C01022|1,ISIN_INTRO,BATLIBOI -> INE177C01022
BAYERCROP|NOISIN|1,BAYERCROP|INE462A01022|1,ISIN_INTRO,BAYERCROP -> INE462A01022
BBL|NOISIN|1,BBL|INE464A01028|1,ISIN_INTRO,BBL -> INE464A01028
BBTC|NOISIN|6,BBTC|INE050A01017|1,ISIN_INTRO,BBTC -> INE050A01017
BEARDSELL|NOISIN|2,BEARDSELL|INE520H01014|1,ISIN_INTRO,BEARDSELL -> INE520H01014
BECREL|NOISIN|2,BECREL|INE287A01015|1,ISIN_INTRO,BECREL -> INE287A01015
BEDMUTHA|NOISIN|1,BEDMUTHA|INE844K01012|1,ISIN_INTRO,BEDMUTHA -> INE844K01012
BEL|NOISIN|1,BEL|INE263A01016|1,ISIN_INTRO,BEL -> INE263A01016
BELLCERATL|NOISIN|1,BELLCERATL|INE403A01026|1,ISIN_INTRO,BELLCERATL -> INE403A01026
BEML|NOISIN|1,BEML|INE258A01016|1,ISIN_INTRO,BEML -> INE258A01016
BEPL|NOISIN|4,BEPL|INE922A01025|1,ISIN_INTRO,BEPL -> INE922A01025
BERGEPAINT|NOISIN|1,BERGEPAINT|INE463A01020|1,ISIN_INTRO,BERGEPAINT -> INE463A01020
BFINVEST|NOISIN|1,BFINVEST|INE878K01010|1,ISIN_INTRO,BFINVEST -> INE878K01010
BFUTILITIE|NOISIN|1,BFUTILITIE|INE243D01012|1,ISIN_INTRO,BFUTILITIE -> INE243D01012
BGRENERGY|NOISIN|1,BGRENERGY|INE661I01014|1,ISIN_INTRO,BGRENERGY -> INE661I01014
BHAGWATIHO|NOISIN|3,BHAGWATIHO|INE797H01018|1,ISIN_INTRO,BHAGWATIHO -> INE797H01018
BHAGYNAGAR|NOISIN|1,BHAGYNAGAR|INE458B01028|1,ISIN_INTRO,BHAGYNAGAR -> INE458B01028
BHARATFORG|NOISIN|1,BHARATFORG|INE465A01025|1,ISIN_INTRO,BHARATFORG -> INE465A01025
BHARATGEAR|NOISIN|2,BHARATGEAR|INE561C01019|1,ISIN_INTRO,BHARATGEAR -> INE561C01019
BHARATRAS|NOISIN|5,BHARATRAS|INE838B01013|1,ISIN_INTRO,BHARATRAS -> INE838B01013
BHARTIARTL|NOISIN|1,BHARTIARTL|INE397D01024|1,ISIN_INTRO,BHARTIARTL -> INE397D01024
BHARTISHIP|NOISIN|1,BHARTISHIP|INE673G01013|1,ISIN_INTRO,BHARTISHIP -> INE673G01013
BHEL|NOISIN|1,BHEL|INE257A01018|1,ISIN_INTRO,BHEL -> INE257A01018
BHUSANSTL|NOISIN|1,BHUSANSTL|INE824B01021|1,ISIN_INTRO,BHUSANSTL -> INE824B01021
BIL|NOISIN|2,BIL|INE828A01016|1,ISIN_INTRO,BIL -> INE828A01016
BILENERGY|NOISIN|1,BILENERGY|INE607L01011|1,ISIN_INTRO,BILENERGY -> INE607L01011
BILPOWER|NOISIN|1,BILPOWER|INE952D01018|1,ISIN_INTRO,BILPOWER -> INE952D01018
BINANIIND|NOISIN|1,BINANIIND|INE071A01013|1,ISIN_INTRO,BINANIIND -> INE071A01013
BINDALAGRO|NOISIN|1,BINDALAGRO|INE143A01010|1,ISIN_INTRO,BINDALAGRO -> INE143A01010
BIOCON|NOISIN|1,BIOCON|INE376G01013|1,ISIN_INTRO,BIOCON -> INE376G01013
BIRLACORPN|NOISIN|1,BIRLACORPN|INE340A01012|1,ISIN_INTRO,BIRLACORPN -> INE340A01012
BIRLACOT|NOISIN|4,BIRLACOT|INE655I01024|1,ISIN_INTRO,BIRLACOT -> INE655I01024
BIRLAERIC|NOISIN|8,BIRLAERIC|INE800A01015|1,ISIN_INTRO,BIRLAERIC -> INE800A01015
BIRLAMONEY|NOISIN|2,BIRLAMONEY|INE865C01022|1,ISIN_INTRO,BIRLAMONEY -> INE865C01022
BIRLAPOWER|NOISIN|5,BIRLAPOWER|INE224B01024|1,ISIN_INTRO,BIRLAPOWER -> INE224B01024
BLBLIMITED|NOISIN|6,BLBLIMITED|INE791A01024|1,ISIN_INTRO,BLBLIMITED -> INE791A01024
BLISSGVS|NOISIN|1,BLISSGVS|INE416D01022|1,ISIN_INTRO,BLISSGVS -> INE416D01022
BLKASHYAP|NOISIN|1,BLKASHYAP|INE350H01032|1,ISIN_INTRO,BLKASHYAP -> INE350H01032
BLUECHIP|NOISIN|7,BLUECHIP|INE657B01025|1,ISIN_INTRO,BLUECHIP -> INE657B01025
BLUEDART|NOISIN|1,BLUEDART|INE233B01017|1,ISIN_INTRO,BLUEDART -> INE233B01017
BLUESTARCO|NOISIN|1,BLUESTARCO|INE472A01039|1,ISIN_INTRO,BLUESTARCO -> INE472A01039
BLUESTINFO|NOISIN|2,BLUESTINFO|INE504B01011|1,ISIN_INTRO,BLUESTINFO -> INE504B01011
BOC|NOISIN|1,BOC|INE473A01011|1,ISIN_INTRO,BOC -> INE473A01011
BOMDYEING|NOISIN|1,BOMDYEING|INE032A01015|1,ISIN_INTRO,BOMDYEING -> INE032A01015
BOSCHLTD|NOISIN|1,BOSCHLTD|INE323A01026|1,ISIN_INTRO,BOSCHLTD -> INE323A01026
BPCL|NOISIN|1,BPCL|INE029A01011|1,ISIN_INTRO,BPCL -> INE029A01011
BPL|NOISIN|11,BPL|INE110A01019|1,ISIN_INTRO,BPL -> INE110A01019
BRANDHOUSE|NOISIN|1,BRANDHOUSE|INE317J01011|1,ISIN_INTRO,BRANDHOUSE -> INE317J01011
BRFL|NOISIN|1,BRFL|INE589G01011|1,ISIN_INTRO,BRFL -> INE589G01011
BRIGADE|NOISIN|1,BRIGADE|INE791I01019|1,ISIN_INTRO,BRIGADE -> INE791I01019
BRITANNIA|NOISIN|1,BRITANNIA|INE216A01022|1,ISIN_INTRO,BRITANNIA -> INE216A01022
BROADCAST|NOISIN|6,BROADCAST|INE698H01018|1,ISIN_INTRO,BROADCAST -> INE698H01018
BSELINFRA|NOISIN|5,BSELINFRA|INE395A01016|1,ISIN_INTRO,BSELINFRA -> INE395A01016
BSL|NOISIN|7,BSL|INE594B01012|1,ISIN_INTRO,BSL -> INE594B01012
BSLGOLDETF|NOISIN|1,BSLGOLDETF|INF209K01HT2|1,ISIN_INTRO,BSLGOLDETF -> INF209K01HT2
BSTRANSCOM|NOISIN|1,BSTRANSCOM|INE043K01011|1,ISIN_INTRO,BSTRANSCOM -> INE043K01011
BURNPUR|NOISIN|2,BURNPUR|INE817H01014|1,ISIN_INTRO,BURNPUR -> INE817H01014
BVCL|NOISIN|2,BVCL|INE139I01011|1,ISIN_INTRO,BVCL -> INE139I01011
CADILAHC|NOISIN|1,CADILAHC|INE010B01019|1,ISIN_INTRO,CADILAHC -> INE010B01019
CAIRN|NOISIN|1,CAIRN|INE910H01017|1,ISIN_INTRO,CAIRN -> INE910H01017
CALSOFT|NOISIN|3,CALSOFT|INE526B01014|1,ISIN_INTRO,CALSOFT -> INE526B01014
CAMLIN|NOISIN|2,CAMLIN|INE760A01029|1,ISIN_INTRO,CAMLIN -> INE760A01029
CANBK|NOISIN|1,CANBK|INE476A01014|1,ISIN_INTRO,CANBK -> INE476A01014
CANDC|NOISIN|1,CANDC|INE874H01015|1,ISIN_INTRO,CANDC -> INE874H01015
CANFINHOME|NOISIN|4,CANFINHOME|INE477A01012|1,ISIN_INTRO,CANFINHOME -> INE477A01012
CANTABIL|NOISIN|1,CANTABIL|INE068L01016|1,ISIN_INTRO,CANTABIL -> INE068L01016
CARBORUNIV|NOISIN|1,CARBORUNIV|INE120A01026|1,ISIN_INTRO,CARBORUNIV -> INE120A01026
CAROLINFO|NOISIN|3,CAROLINFO|INE198A01014|1,ISIN_INTRO,CAROLINFO -> INE198A01014
CASTROL|NOISIN|1,CASTROL|INE172A01019|1,ISIN_INTRO,CASTROL -> INE172A01019
CCCL|NOISIN|1,CCCL|INE429I01024|1,ISIN_INTRO,CCCL -> INE429I01024
CCL|NOISIN|2,CCL|INE421D01014|1,ISIN_INTRO,CCL -> INE421D01014
CEATLTD|NOISIN|2,CEATLTD|INE482A01020|1,ISIN_INTRO,CEATLTD -> INE482A01020
CEBBCO|NOISIN|2,CEBBCO|INE209L01016|1,ISIN_INTRO,CEBBCO -> INE209L01016
CELEBRITY|NOISIN|5,CELEBRITY|INE185H01016|1,ISIN_INTRO,CELEBRITY -> INE185H01016
CELESTIAL|NOISIN|2,CELESTIAL|INE221I01017|1,ISIN_INTRO,CELESTIAL -> INE221I01017
CENTENKA|NOISIN|2,CENTENKA|INE485A01015|1,ISIN_INTRO,CENTENKA -> INE485A01015
CENTEXT|NOISIN|5,CENTEXT|INE281A01026|1,ISIN_INTRO,CENTEXT -> INE281A01026
CENTRALBK|NOISIN|1,CENTRALBK|INE483A01010|1,ISIN_INTRO,CENTRALBK -> INE483A01010
CENTUM|NOISIN|3,CENTUM|INE320B01020|1,ISIN_INTRO,CENTUM -> INE320B01020
CENTURYPLY|NOISIN|1,CENTURYPLY|INE348B01021|1,ISIN_INTRO,CENTURYPLY -> INE348B01021
CENTURYTEX|NOISIN|1,CENTURYTEX|INE055A01016|1,ISIN_INTRO,CENTURYTEX -> INE055A01016
CERA|NOISIN|1,CERA|INE739E01017|1,ISIN_INTRO,CERA -> INE739E01017
CESC|NOISIN|1,CESC|INE486A01013|1,ISIN_INTRO,CESC -> INE486A01013
CHAMBLFERT|NOISIN|1,CHAMBLFERT|INE085A01013|1,ISIN_INTRO,CHAMBLFERT -> INE085A01013
CHEMFALKAL|NOISIN|2,CHEMFALKAL|INE479E01028|1,ISIN_INTRO,CHEMFALKAL -> INE479E01028
CHEMPLAST|NOISIN|2,CHEMPLAST|INE488A01027|1,ISIN_INTRO,CHEMPLAST -> INE488A01027
CHENNPETRO|NOISIN|1,CHENNPETRO|INE178A01016|1,ISIN_INTRO,CHENNPETRO -> INE178A01016
CHESLINTEX|NOISIN|8,CHESLINTEX|INE217C01018|1,ISIN_INTRO,CHESLINTEX -> INE217C01018
CHOLAFIN|NOISIN|1,CHOLAFIN|INE121A01016|1,ISIN_INTRO,CHOLAFIN -> INE121A01016
CILNOVA|NOISIN|1,CILNOVA|INE672K01017|1,ISIN_INTRO,CILNOVA -> INE672K01017
CINEMAX|NOISIN|1,CINEMAX|INE704H01014|1,ISIN_INTRO,CINEMAX -> INE704H01014
CINEVISTA|NOISIN|7,CINEVISTA|INE039B01026|1,ISIN_INTRO,CINEVISTA -> INE039B01026
CIPLA|NOISIN|1,CIPLA|INE059A01026|1,ISIN_INTRO,CIPLA -> INE059A01026
CLASSIC|NOISIN|2,CLASSIC|INE987C01024|1,ISIN_INTRO,CLASSIC -> INE987C01024
CLNINDIA|NOISIN|1,CLNINDIA|INE492A01029|1,ISIN_INTRO,CLNINDIA -> INE492A01029
CMAHENDRA|NOISIN|1,CMAHENDRA|INE378J01013|1,ISIN_INTRO,CMAHENDRA -> INE378J01013
CMC|NOISIN|1,CMC|INE314A01017|1,ISIN_INTRO,CMC -> INE314A01017
COALINDIA|NOISIN|1,COALINDIA|INE522F01014|1,ISIN_INTRO,COALINDIA -> INE522F01014
COLPAL|NOISIN|1,COLPAL|INE259A01022|1,ISIN_INTRO,COLPAL -> INE259A01022
COMPUAGE|NOISIN|2,COMPUAGE|INE070C01029|1,ISIN_INTRO,COMPUAGE -> INE070C01029
CONCOR|NOISIN|1,CONCOR|INE111A01017|1,ISIN_INTRO,CONCOR -> INE111A01017
CONSOFINVT|NOISIN|5,CONSOFINVT|INE025A01027|1,ISIN_INTRO,CONSOFINVT -> INE025A01027
CORAL-HUB|NOISIN|1,CORAL-HUB|INE108J01030|1,ISIN_INTRO,CORAL-HUB -> INE108J01030
CORDSCABLE|NOISIN|1,CORDSCABLE|INE792I01017|1,ISIN_INTRO,CORDSCABLE -> INE792I01017
COREPROTEC|NOISIN|1,COREPROTEC|INE247G01024|1,ISIN_INTRO,COREPROTEC -> INE247G01024
COROMANDEL|NOISIN|1,COROMANDEL|INE169A01031|1,ISIN_INTRO,COROMANDEL -> INE169A01031
CORPBANK|NOISIN|1,CORPBANK|INE112A01015|1,ISIN_INTRO,CORPBANK -> INE112A01015
COSMOFILMS|NOISIN|1,COSMOFILMS|INE757A01017|1,ISIN_INTRO,COSMOFILMS -> INE757A01017
COX&KINGS|NOISIN|1,COX&KINGS|INE008I01026|1,ISIN_INTRO,COX&KINGS -> INE008I01026
CPIL|NOISIN|1,CPIL|INE521J01018|1,ISIN_INTRO,CPIL -> INE521J01018
CREATIVEYE|NOISIN|8,CREATIVEYE|INE230B01021|1,ISIN_INTRO,CREATIVEYE -> INE230B01021
CRESTANI|NOISIN|9,CRESTANI|INE774A01012|1,ISIN_INTRO,CRESTANI -> INE774A01012
CREWBOS|NOISIN|1,CREWBOS|INE514G01019|1,ISIN_INTRO,CREWBOS -> INE514G01019
CRISIL|NOISIN|1,CRISIL|INE007A01017|1,ISIN_INTRO,CRISIL -> INE007A01017
CROMPGREAV|NOISIN|1,CROMPGREAV|INE067A01029|1,ISIN_INTRO,CROMPGREAV -> INE067A01029
CRONIMET|NOISIN|1,CRONIMET|INE592I01011|1,ISIN_INTRO,CRONIMET -> INE592I01011
CTE|NOISIN|2,CTE|INE627H01017|1,ISIN_INTRO,CTE -> INE627H01017
CUB|NOISIN|1,CUB|INE491A01021|1,ISIN_INTRO,CUB -> INE491A01021
CUBEXTUB|NOISIN|4,CUBEXTUB|INE144D01012|1,ISIN_INTRO,CUBEXTUB -> INE144D01012
CUMMINSIND|NOISIN|1,CUMMINSIND|INE298A01020|1,ISIN_INTRO,CUMMINSIND -> INE298A01020
CURATECH|NOISIN|2,CURATECH|INE117B01012|1,ISIN_INTRO,CURATECH -> INE117B01012
CYBERMEDIA|NOISIN|5,CYBERMEDIA|INE278G01037|1,ISIN_INTRO,CYBERMEDIA -> INE278G01037
CYBERTECH|NOISIN|3,CYBERTECH|INE214A01019|1,ISIN_INTRO,CYBERTECH -> INE214A01019
DAAWAT|NOISIN|1,DAAWAT|INE818H01012|1,ISIN_INTRO,DAAWAT -> INE818H01012
DABUR|NOISIN|1,DABUR|INE016A01026|1,ISIN_INTRO,DABUR -> INE016A01026
DALMIABEL|NOISIN|1,DALMIABEL|INE439L01019|1,ISIN_INTRO,DALMIABEL -> INE439L01019
DALMIASUG|NOISIN|1,DALMIASUG|INE495A01022|1,ISIN_INTRO,DALMIASUG -> INE495A01022
DATAMATICS|NOISIN|1,DATAMATICS|INE365B01017|1,ISIN_INTRO,DATAMATICS -> INE365B01017
DBCORP|NOISIN|1,DBCORP|INE950I01011|1,ISIN_INTRO,DBCORP -> INE950I01011
DBREALTY|NOISIN|1,DBREALTY|INE879I01012|1,ISIN_INTRO,DBREALTY -> INE879I01012
DCB|NOISIN|1,DCB|INE503A01015|1,ISIN_INTRO,DCB -> INE503A01015
DCHL|NOISIN|1,DCHL|INE137G01027|1,ISIN_INTRO,DCHL -> INE137G01027
DCM|NOISIN|5,DCM|INE498A01018|1,ISIN_INTRO,DCM -> INE498A01018
DCMSRMCONS|NOISIN|1,DCMSRMCONS|INE499A01024|1,ISIN_INTRO,DCMSRMCONS -> INE499A01024
DCW|NOISIN|1,DCW|INE500A01029|1,ISIN_INTRO,DCW -> INE500A01029
DECCANCE|NOISIN|1,DECCANCE|INE583C01013|1,ISIN_INTRO,DECCANCE -> INE583C01013
DECOLIGHT|NOISIN|5,DECOLIGHT|INE172I01012|1,ISIN_INTRO,DECOLIGHT -> INE172I01012
DEEPAKFERT|NOISIN|1,DEEPAKFERT|INE501A01019|1,ISIN_INTRO,DEEPAKFERT -> INE501A01019
DEEPAKNTR|NOISIN|1,DEEPAKNTR|INE288B01011|1,ISIN_INTRO,DEEPAKNTR -> INE288B01011
DEEPIND|NOISIN|1,DEEPIND|INE677H01012|1,ISIN_INTRO,DEEPIND -> INE677H01012
DELTACORP|NOISIN|1,DELTACORP|INE124G01033|1,ISIN_INTRO,DELTACORP -> INE124G01033
DEN|NOISIN|1,DEN|INE947J01015|1,ISIN_INTRO,DEN -> INE947J01015
DENABANK|NOISIN|1,DENABANK|INE077A01010|1,ISIN_INTRO,DENABANK -> INE077A01010
DENORA|NOISIN|3,DENORA|INE244A01016|1,ISIN_INTRO,DENORA -> INE244A01016
DENSO|NOISIN|1,DENSO|INE502A01017|1,ISIN_INTRO,DENSO -> INE502A01017
DEWANHOUS|NOISIN|1,DEWANHOUS|INE202B01012|1,ISIN_INTRO,DEWANHOUS -> INE202B01012
DHAMPURSUG|NOISIN|3,DHAMPURSUG|INE041A01016|1,ISIN_INTRO,DHAMPURSUG -> INE041A01016
DHANBANK|NOISIN|4,DHANBANK|INE680A01011|1,ISIN_INTRO,DHANBANK -> INE680A01011
DHARSUGAR|NOISIN|4,DHARSUGAR|INE988C01014|1,ISIN_INTRO,DHARSUGAR -> INE988C01014
DHUNINV|NOISIN|1,DHUNINV|INE320L01011|1,ISIN_INTRO,DHUNINV -> INE320L01011
DIAPOWER|NOISIN|1,DIAPOWER|INE989C01012|1,ISIN_INTRO,DIAPOWER -> INE989C01012
DICIND|NOISIN|1,DICIND|INE303A01010|1,ISIN_INTRO,DICIND -> INE303A01010
DIGJAM|NOISIN|3,DIGJAM|INE471A01023|1,ISIN_INTRO,DIGJAM -> INE471A01023
DISHMAN|NOISIN|1,DISHMAN|INE353G01020|1,ISIN_INTRO,DISHMAN -> INE353G01020
DISHTV|NOISIN|1,DISHTV|INE836F01026|1,ISIN_INTRO,DISHTV -> INE836F01026
DIVISLAB|NOISIN|1,DIVISLAB|INE361B01024|1,ISIN_INTRO,DIVISLAB -> INE361B01024
DLF|NOISIN|1,DLF|INE271C01023|1,ISIN_INTRO,DLF -> INE271C01023
DLINKINDIA|NOISIN|1,DLINKINDIA|INE250K01012|1,ISIN_INTRO,DLINKINDIA -> INE250K01012
DOLPHINOFF|NOISIN|2,DOLPHINOFF|INE920A01011|1,ISIN_INTRO,DOLPHINOFF -> INE920A01011
DONEAR|NOISIN|5,DONEAR|INE668D01028|1,ISIN_INTRO,DONEAR -> INE668D01028
DPSCLTD|NOISIN|3,DPSCLTD|INE360C01016|1,ISIN_INTRO,DPSCLTD -> INE360C01016
DPTL|NOISIN|1,DPTL|INE477B01010|1,ISIN_INTRO,DPTL -> INE477B01010
DQE|NOISIN|1,DQE|INE656K01010|1,ISIN_INTRO,DQE -> INE656K01010
DREDGECORP|NOISIN|1,DREDGECORP|INE506A01018|1,ISIN_INTRO,DREDGECORP -> INE506A01018
DRREDDY|NOISIN|1,DRREDDY|INE089A01023|1,ISIN_INTRO,DRREDDY -> INE089A01023
DSKULKARNI|NOISIN|1,DSKULKARNI|INE891A01014|1,ISIN_INTRO,DSKULKARNI -> INE891A01014
DUNCANSIND|NOISIN|11,DUNCANSIND|INE508A01014|1,ISIN_INTRO,DUNCANSIND -> INE508A01014
DWARKESH|NOISIN|5,DWARKESH|INE366A01033|1,ISIN_INTRO,DWARKESH -> INE366A01033
DYNAMATECH|NOISIN|1,DYNAMATECH|INE221B01012|1,ISIN_INTRO,DYNAMATECH -> INE221B01012
DYNASYS|NOISIN|1,DYNASYS|INE417B01032|1,ISIN_INTRO,DYNASYS -> INE417B01032
EASTSILK|NOISIN|2,EASTSILK|INE962C01027|1,ISIN_INTRO,EASTSILK -> INE962C01027
EASUNREYRL|NOISIN|1,EASUNREYRL|INE268C01029|1,ISIN_INTRO,EASUNREYRL -> INE268C01029
ECEIND|NOISIN|2,ECEIND|INE588B01014|1,ISIN_INTRO,ECEIND -> INE588B01014
ECLERX|NOISIN|2,ECLERX|INE738I01010|1,ISIN_INTRO,ECLERX -> INE738I01010
EDELWEISS|NOISIN|1,EDELWEISS|INE532F01054|1,ISIN_INTRO,EDELWEISS -> INE532F01054
EDL|NOISIN|1,EDL|INE180G01019|1,ISIN_INTRO,EDL -> INE180G01019
EDSERV|NOISIN|1,EDSERV|INE889J01019|1,ISIN_INTRO,EDSERV -> INE889J01019
EDUCOMP|NOISIN|1,EDUCOMP|INE216H01027|1,ISIN_INTRO,EDUCOMP -> INE216H01027
EICHERMOT|NOISIN|1,EICHERMOT|INE066A01013|1,ISIN_INTRO,EICHERMOT -> INE066A01013
EIDPARRY|NOISIN|1,EIDPARRY|INE126A01031|1,ISIN_INTRO,EIDPARRY -> INE126A01031
EIHAHOTELS|NOISIN|3,EIHAHOTELS|INE276C01014|1,ISIN_INTRO,EIHAHOTELS -> INE276C01014
EIHOTEL|NOISIN|1,EIHOTEL|INE230A01023|1,ISIN_INTRO,EIHOTEL -> INE230A01023
EIMCOELECO|NOISIN|2,EIMCOELECO|INE158B01016|1,ISIN_INTRO,EIMCOELECO -> INE158B01016
EKC|NOISIN|1,EKC|INE184H01027|1,ISIN_INTRO,EKC -> INE184H01027
ELDERPHARM|NOISIN|1,ELDERPHARM|INE975A01015|1,ISIN_INTRO,ELDERPHARM -> INE975A01015
ELECON|NOISIN|1,ELECON|INE205B01023|1,ISIN_INTRO,ELECON -> INE205B01023
ELECTCAST|NOISIN|1,ELECTCAST|INE086A01029|1,ISIN_INTRO,ELECTCAST -> INE086A01029
ELECTHERM|NOISIN|1,ELECTHERM|INE822G01016|1,ISIN_INTRO,ELECTHERM -> INE822G01016
ELFORGE|NOISIN|2,ELFORGE|INE158F01017|1,ISIN_INTRO,ELFORGE -> INE158F01017
ELGIEQUIP|NOISIN|1,ELGIEQUIP|INE285A01027|1,ISIN_INTRO,ELGIEQUIP -> INE285A01027
ELNET|NOISIN|1,ELNET|INE033C01019|1,ISIN_INTRO,ELNET -> INE033C01019
EMAMIINFRA|NOISIN|2,EMAMIINFRA|INE778K01012|1,ISIN_INTRO,EMAMIINFRA -> INE778K01012
EMAMILTD|NOISIN|1,EMAMILTD|INE548C01032|1,ISIN_INTRO,EMAMILTD -> INE548C01032
EMCO|NOISIN|1,EMCO|INE078A01026|1,ISIN_INTRO,EMCO -> INE078A01026
EMKAY|NOISIN|5,EMKAY|INE296H01011|1,ISIN_INTRO,EMKAY -> INE296H01011
EMMBI|NOISIN|1,EMMBI|INE753K01015|1,ISIN_INTRO,EMMBI -> INE753K01015
EMPEESUG|NOISIN|1,EMPEESUG|INE928B01012|1,ISIN_INTRO,EMPEESUG -> INE928B01012
ENERGYDEV|NOISIN|2,ENERGYDEV|INE306C01019|1,ISIN_INTRO,ENERGYDEV -> INE306C01019
ENGINERSIN|NOISIN|1,ENGINERSIN|INE510A01028|1,ISIN_INTRO,ENGINERSIN -> INE510A01028
ENIL|NOISIN|1,ENIL|INE265F01028|1,ISIN_INTRO,ENIL -> INE265F01028
ENTEGRA|NOISIN|3,ENTEGRA|INE826A01028|1,ISIN_INTRO,ENTEGRA -> INE826A01028
ERAINFRA|NOISIN|1,ERAINFRA|INE039E01020|1,ISIN_INTRO,ERAINFRA -> INE039E01020
EROSMEDIA|NOISIN|1,EROSMEDIA|INE416L01017|1,ISIN_INTRO,EROSMEDIA -> INE416L01017
ESABINDIA|NOISIN|1,ESABINDIA|INE284A01012|1,ISIN_INTRO,ESABINDIA -> INE284A01012
ESCORTS|NOISIN|1,ESCORTS|INE042A01014|1,ISIN_INTRO,ESCORTS -> INE042A01014
ESL|NOISIN|1,ESL|INE481K01013|1,ISIN_INTRO,ESL -> INE481K01013
ESSAROIL|NOISIN|1,ESSAROIL|INE011A01019|1,ISIN_INTRO,ESSAROIL -> INE011A01019
ESSARPORTS|NOISIN|1,ESSARPORTS|INE282A01024|1,ISIN_INTRO,ESSARPORTS -> INE282A01024
ESSDEE|NOISIN|1,ESSDEE|INE825H01017|1,ISIN_INTRO,ESSDEE -> INE825H01017
ESSELPACK|NOISIN|2,ESSELPACK|INE255A01020|1,ISIN_INTRO,ESSELPACK -> INE255A01020
ESTER|NOISIN|1,ESTER|INE778B01029|1,ISIN_INTRO,ESTER -> INE778B01029
EUROCERA|NOISIN|3,EUROCERA|INE649H01011|1,ISIN_INTRO,EUROCERA -> INE649H01011
EUROMULTI|NOISIN|1,EUROMULTI|INE063J01011|1,ISIN_INTRO,EUROMULTI -> INE063J01011
EUROTEXIND|NOISIN|4,EUROTEXIND|INE022C01012|1,ISIN_INTRO,EUROTEXIND -> INE022C01012
EVEREADY|NOISIN|2,EVEREADY|INE128A01029|1,ISIN_INTRO,EVEREADY -> INE128A01029
EVERESTIND|NOISIN|2,EVERESTIND|INE295A01018|1,ISIN_INTRO,EVERESTIND -> INE295A01018
EVERONN|NOISIN|1,EVERONN|INE678H01010|1,ISIN_INTRO,EVERONN -> INE678H01010
EVINIX|NOISIN|1,EVINIX|INE961H01028|1,ISIN_INTRO,EVINIX -> INE961H01028
EXCELCROP|NOISIN|3,EXCELCROP|INE223G01017|1,ISIN_INTRO,EXCELCROP -> INE223G01017
EXCELINDUS|NOISIN|4,EXCELINDUS|INE369A01029|1,ISIN_INTRO,EXCELINDUS -> INE369A01029
EXCELINFO|NOISIN|1,EXCELINFO|INE688J01015|1,ISIN_INTRO,EXCELINFO -> INE688J01015
EXIDEIND|NOISIN|1,EXIDEIND|INE302A01020|1,ISIN_INTRO,EXIDEIND -> INE302A01020
FACT|NOISIN|2,FACT|INE188A01015|1,ISIN_INTRO,FACT -> INE188A01015
FAGBEARING|NOISIN|1,FAGBEARING|INE513A01014|1,ISIN_INTRO,FAGBEARING -> INE513A01014
FAME|NOISIN|5,FAME|INE886G01011|1,ISIN_INTRO,FAME -> INE886G01011
FARMAXIND|NOISIN|1,FARMAXIND|INE890I01035|1,ISIN_INTRO,FARMAXIND -> INE890I01035
FCH|NOISIN|2,FCH|INE688I01017|1,ISIN_INTRO,FCH -> INE688I01017
FCSSOFT|NOISIN|1,FCSSOFT|INE512B01022|1,ISIN_INTRO,FCSSOFT -> INE512B01022
FDC|NOISIN|1,FDC|INE258B01022|1,ISIN_INTRO,FDC -> INE258B01022
FEDDERLOYD|NOISIN|2,FEDDERLOYD|INE249C01011|1,ISIN_INTRO,FEDDERLOYD -> INE249C01011
FEDERALBNK|NOISIN|1,FEDERALBNK|INE171A01011|1,ISIN_INTRO,FEDERALBNK -> INE171A01011
FIEMIND|NOISIN|1,FIEMIND|INE737H01014|1,ISIN_INTRO,FIEMIND -> INE737H01014
FINANTECH|NOISIN|2,FINANTECH|INE111B01023|1,ISIN_INTRO,FINANTECH -> INE111B01023
FINCABLES|NOISIN|1,FINCABLES|INE235A01022|1,ISIN_INTRO,FINCABLES -> INE235A01022
FINPIPE|NOISIN|1,FINPIPE|INE183A01016|1,ISIN_INTRO,FINPIPE -> INE183A01016
FIRSTLEASE|NOISIN|1,FIRSTLEASE|INE492B01019|1,ISIN_INTRO,FIRSTLEASE -> INE492B01019
FIRSTWIN|NOISIN|4,FIRSTWIN|INE315J01015|1,ISIN_INTRO,FIRSTWIN -> INE315J01015
FKONCO|NOISIN|1,FKONCO|INE575G01010|1,ISIN_INTRO,FKONCO -> INE575G01010
FMGOETZE|NOISIN|3,FMGOETZE|INE529A01010|1,ISIN_INTRO,FMGOETZE -> INE529A01010
FORTIS|NOISIN|1,FORTIS|INE061F01013|1,ISIN_INTRO,FORTIS -> INE061F01013
FOSECOIND|NOISIN|1,FOSECOIND|INE519A01011|1,ISIN_INTRO,FOSECOIND -> INE519A01011
FOURSOFT|NOISIN|9,FOURSOFT|INE218G01017|1,ISIN_INTRO,FOURSOFT -> INE218G01017
FSL|NOISIN|1,FSL|INE684F01012|1,ISIN_INTRO,FSL -> INE684F01012
FTCSF5YDIV|NOISIN|3,FTCSF5YDIV|INF090I01049|1,ISIN_INTRO,FTCSF5YDIV -> INF090I01049
FUTUREVENT|NOISIN|1,FUTUREVENT|INE220J01017|1,ISIN_INTRO,FUTUREVENT -> INE220J01017
GABRIEL|NOISIN|2,GABRIEL|INE524A01029|1,ISIN_INTRO,GABRIEL -> INE524A01029
GAEL|NOISIN|1,GAEL|INE036B01022|1,ISIN_INTRO,GAEL -> INE036B01022
GAIL|NOISIN|1,GAIL|INE129A01019|1,ISIN_INTRO,GAIL -> INE129A01019
GAL|NOISIN|1,GAL|INE482J01013|1,ISIN_INTRO,GAL -> INE482J01013
GALLANTT|NOISIN|3,GALLANTT|INE297H01019|1,ISIN_INTRO,GALLANTT -> INE297H01019
GALLISPAT|NOISIN|1,GALLISPAT|INE528K01011|1,ISIN_INTRO,GALLISPAT -> INE528K01011
GAMMNINFRA|NOISIN|2,GAMMNINFRA|INE181G01025|1,ISIN_INTRO,GAMMNINFRA -> INE181G01025
GAMMONIND|NOISIN|1,GAMMONIND|INE259B01020|1,ISIN_INTRO,GAMMONIND -> INE259B01020
GANDHITUBE|NOISIN|2,GANDHITUBE|INE524B01027|1,ISIN_INTRO,GANDHITUBE -> INE524B01027
GANESHHOUC|NOISIN|1,GANESHHOUC|INE460C01014|1,ISIN_INTRO,GANESHHOUC -> INE460C01014
GANGOTRI|NOISIN|2,GANGOTRI|INE670B01028|1,ISIN_INTRO,GANGOTRI -> INE670B01028
GARDENSILK|NOISIN|2,GARDENSILK|INE526A01016|1,ISIN_INTRO,GARDENSILK -> INE526A01016
GARWALLROP|NOISIN|2,GARWALLROP|INE276A01018|1,ISIN_INTRO,GARWALLROP -> INE276A01018
GATI|NOISIN|1,GATI|INE152B01027|1,ISIN_INTRO,GATI -> INE152B01027
GDL|NOISIN|1,GDL|INE852F01015|1,ISIN_INTRO,GDL -> INE852F01015
GEECEE|NOISIN|1,GEECEE|INE916G01016|1,ISIN_INTRO,GEECEE -> INE916G01016
GEINDSYS|NOISIN|1,GEINDSYS|INE599B01011|1,ISIN_INTRO,GEINDSYS -> INE599B01011
GEMINI|NOISIN|3,GEMINI|INE878C01033|1,ISIN_INTRO,GEMINI -> INE878C01033
GENESYS|NOISIN|8,GENESYS|INE727B01026|1,ISIN_INTRO,GENESYS -> INE727B01026
GENUSPOWER|NOISIN|2,GENUSPOWER|INE955D01029|1,ISIN_INTRO,GENUSPOWER -> INE955D01029
GEODESIC|NOISIN|1,GEODESIC|INE371D01029|1,ISIN_INTRO,GEODESIC -> INE371D01029
GEOJITBNPP|NOISIN|1,GEOJITBNPP|INE007B01023|1,ISIN_INTRO,GEOJITBNPP -> INE007B01023
GEOMETRIC|NOISIN|1,GEOMETRIC|INE797A01021|1,ISIN_INTRO,GEOMETRIC -> INE797A01021
GESHIP|NOISIN|1,GESHIP|INE017A01032|1,ISIN_INTRO,GESHIP -> INE017A01032
GHCL|NOISIN|1,GHCL|INE539A01019|1,ISIN_INTRO,GHCL -> INE539A01019
GICHSGFIN|NOISIN|1,GICHSGFIN|INE289B01019|1,ISIN_INTRO,GICHSGFIN -> INE289B01019
GILLANDERS|NOISIN|1,GILLANDERS|INE047B01011|1,ISIN_INTRO,GILLANDERS -> INE047B01011
GILLETTE|NOISIN|1,GILLETTE|INE322A01010|1,ISIN_INTRO,GILLETTE -> INE322A01010
GINNIFILA|NOISIN|6,GINNIFILA|INE424C01010|1,ISIN_INTRO,GINNIFILA -> INE424C01010
GIPCL|NOISIN|1,GIPCL|INE162A01010|1,ISIN_INTRO,GIPCL -> INE162A01010
GISOLUTION|NOISIN|4,GISOLUTION|INE065J01016|1,ISIN_INTRO,GISOLUTION -> INE065J01016
GITANJALI|NOISIN|1,GITANJALI|INE346H01014|1,ISIN_INTRO,GITANJALI -> INE346H01014
GKB|NOISIN|1,GKB|INE265D01015|1,ISIN_INTRO,GKB -> INE265D01015
GKWLIMITED|NOISIN|3,GKWLIMITED|INE528A01020|1,ISIN_INTRO,GKWLIMITED -> INE528A01020
GLAXO|NOISIN|1,GLAXO|INE159A01016|1,ISIN_INTRO,GLAXO -> INE159A01016
GLENMARK|NOISIN|1,GLENMARK|INE935A01035|1,ISIN_INTRO,GLENMARK -> INE935A01035
GLFL|NOISIN|6,GLFL|INE540A01017|1,ISIN_INTRO,GLFL -> INE540A01017
GLOBALVECT|NOISIN|5,GLOBALVECT|INE792H01019|1,ISIN_INTRO,GLOBALVECT -> INE792H01019
GLOBOFFS|NOISIN|1,GLOBOFFS|INE446C01013|1,ISIN_INTRO,GLOBOFFS -> INE446C01013
GLOBUSSPR|NOISIN|1,GLOBUSSPR|INE615I01010|1,ISIN_INTRO,GLOBUSSPR -> INE615I01010
GLODYNE|NOISIN|1,GLODYNE|INE932G01021|1,ISIN_INTRO,GLODYNE -> INE932G01021
GMBREW|NOISIN|3,GMBREW|INE075D01018|1,ISIN_INTRO,GMBREW -> INE075D01018
GMDCLTD|NOISIN|1,GMDCLTD|INE131A01031|1,ISIN_INTRO,GMDCLTD -> INE131A01031
GMRINFRA|NOISIN|1,GMRINFRA|INE776C01039|1,ISIN_INTRO,GMRINFRA -> INE776C01039
GNFC|NOISIN|1,GNFC|INE113A01013|1,ISIN_INTRO,GNFC -> INE113A01013
GOACARBON|NOISIN|4,GOACARBON|INE426D01013|1,ISIN_INTRO,GOACARBON -> INE426D01013
GODFRYPHLP|NOISIN|1,GODFRYPHLP|INE260B01010|1,ISIN_INTRO,GODFRYPHLP -> INE260B01010
GODREJCP|NOISIN|1,GODREJCP|INE102D01028|1,ISIN_INTRO,GODREJCP -> INE102D01028
GODREJIND|NOISIN|1,GODREJIND|INE233A01035|1,ISIN_INTRO,GODREJIND -> INE233A01035
GODREJPROP|NOISIN|1,GODREJPROP|INE484J01019|1,ISIN_INTRO,GODREJPROP -> INE484J01019
GOENKA|NOISIN|1,GOENKA|INE516K01016|1,ISIN_INTRO,GOENKA -> INE516K01016
GOKEX|NOISIN|3,GOKEX|INE887G01027|1,ISIN_INTRO,GOKEX -> INE887G01027
GOKUL|NOISIN|1,GOKUL|INE020J01029|1,ISIN_INTRO,GOKUL -> INE020J01029
GOLDBEES|NOISIN|1,GOLDBEES|INF732E01102|1,ISIN_INTRO,GOLDBEES -> INF732E01102
GOLDENTOBC|NOISIN|3,GOLDENTOBC|INE973A01010|1,ISIN_INTRO,GOLDENTOBC -> INE973A01010
GOLDIAM|NOISIN|5,GOLDIAM|INE025B01017|1,ISIN_INTRO,GOLDIAM -> INE025B01017
GOLDINFRA|NOISIN|2,GOLDINFRA|INE260D01016|1,ISIN_INTRO,GOLDINFRA -> INE260D01016
GOLDSHARE|NOISIN|1,GOLDSHARE|INF789F01059|1,ISIN_INTRO,GOLDSHARE -> INF789F01059
GOLDTECH|NOISIN|3,GOLDTECH|INE805A01014|1,ISIN_INTRO,GOLDTECH -> INE805A01014
GPIL|NOISIN|2,GPIL|INE177H01013|1,ISIN_INTRO,GPIL -> INE177H01013
GPPL|NOISIN|1,GPPL|INE517F01014|1,ISIN_INTRO,GPPL -> INE517F01014
GRABALALK|NOISIN|2,GRABALALK|INE012D01011|1,ISIN_INTRO,GRABALALK -> INE012D01011
GRANULES|NOISIN|1,GRANULES|INE101D01012|1,ISIN_INTRO,GRANULES -> INE101D01012
GRAPHITE|NOISIN|1,GRAPHITE|INE371A01025|1,ISIN_INTRO,GRAPHITE -> INE371A01025
GRASIM|NOISIN|1,GRASIM|INE047A01013|1,ISIN_INTRO,GRASIM -> INE047A01013
GRAVITA|NOISIN|1,GRAVITA|INE024L01019|1,ISIN_INTRO,GRAVITA -> INE024L01019
GREAVESCOT|NOISIN|1,GREAVESCOT|INE224A01026|1,ISIN_INTRO,GREAVESCOT -> INE224A01026
GREENPLY|NOISIN|1,GREENPLY|INE461C01020|1,ISIN_INTRO,GREENPLY -> INE461C01020
GREENPOWER|NOISIN|1,GREENPOWER|INE999K01014|1,ISIN_INTRO,GREENPOWER -> INE999K01014
GRINDWELL|NOISIN|1,GRINDWELL|INE536A01023|1,ISIN_INTRO,GRINDWELL -> INE536A01023
GRUH|NOISIN|1,GRUH|INE580B01011|1,ISIN_INTRO,GRUH -> INE580B01011
GSFC|NOISIN|1,GSFC|INE026A01017|1,ISIN_INTRO,GSFC -> INE026A01017
GSKCONS|NOISIN|1,GSKCONS|INE264A01014|1,ISIN_INTRO,GSKCONS -> INE264A01014
GSLNOVA|NOISIN|1,GSLNOVA|INE787A01022|1,ISIN_INTRO,GSLNOVA -> INE787A01022
GSPL|NOISIN|1,GSPL|INE246F01010|1,ISIN_INTRO,GSPL -> INE246F01010
GSSAMERICA|NOISIN|2,GSSAMERICA|INE871H01011|1,ISIN_INTRO,GSSAMERICA -> INE871H01011
GTL|NOISIN|1,GTL|INE043A01012|1,ISIN_INTRO,GTL -> INE043A01012
GTLINFRA|NOISIN|1,GTLINFRA|INE221H01019|1,ISIN_INTRO,GTLINFRA -> INE221H01019
GTNIND|NOISIN|6,GTNIND|INE537A01013|1,ISIN_INTRO,GTNIND -> INE537A01013
GTNTEX|NOISIN|5,GTNTEX|INE302H01017|1,ISIN_INTRO,GTNTEX -> INE302H01017
GTOFFSHORE|NOISIN|1,GTOFFSHORE|INE892H01017|1,ISIN_INTRO,GTOFFSHORE -> INE892H01017
GUJALKALI|NOISIN|1,GUJALKALI|INE186A01019|1,ISIN_INTRO,GUJALKALI -> INE186A01019
GUJAPOLLO|NOISIN|1,GUJAPOLLO|INE826C01016|1,ISIN_INTRO,GUJAPOLLO -> INE826C01016
GUJFLUORO|NOISIN|1,GUJFLUORO|INE538A01037|1,ISIN_INTRO,GUJFLUORO -> INE538A01037
GUJNRECOKE|NOISIN|1,GUJNRECOKE|INE110D01013|1,ISIN_INTRO,GUJNRECOKE -> INE110D01013
GUJNREDVR|NOISIN|1,GUJNREDVR|IN9110D01011|1,ISIN_INTRO,GUJNREDVR -> IN9110D01011
GUJRATGAS|NOISIN|1,GUJRATGAS|INE374A01029|1,ISIN_INTRO,GUJRATGAS -> INE374A01029
GUJSIDHCEM|NOISIN|4,GUJSIDHCEM|INE542A01013|1,ISIN_INTRO,GUJSIDHCEM -> INE542A01013
GULFOILCOR|NOISIN|2,GULFOILCOR|INE077F01027|1,ISIN_INTRO,GULFOILCOR -> INE077F01027
GVKPIL|NOISIN|1,GVKPIL|INE251H01024|1,ISIN_INTRO,GVKPIL -> INE251H01024
HALONIX|NOISIN|2,HALONIX|INE455B01016|1,ISIN_INTRO,HALONIX -> INE455B01016
HANUNG|NOISIN|1,HANUNG|INE648H01013|1,ISIN_INTRO,HANUNG -> INE648H01013
HARITASEAT|NOISIN|2,HARITASEAT|INE939D01015|1,ISIN_INTRO,HARITASEAT -> INE939D01015
HARRMALAYA|NOISIN|2,HARRMALAYA|INE544A01019|1,ISIN_INTRO,HARRMALAYA -> INE544A01019
HATHWAY|NOISIN|1,HATHWAY|INE982F01028|1,ISIN_INTRO,HATHWAY -> INE982F01028
HAVELLS|NOISIN|1,HAVELLS|INE176B01026|1,ISIN_INTRO,HAVELLS -> INE176B01026
HBLPOWER|NOISIN|2,HBLPOWER|INE292B01021|1,ISIN_INTRO,HBLPOWER -> INE292B01021
HBSTOCK|NOISIN|4,HBSTOCK|INE550B01014|1,ISIN_INTRO,HBSTOCK -> INE550B01014
HCC|NOISIN|1,HCC|INE549A01026|1,ISIN_INTRO,HCC -> INE549A01026
HCIL|NOISIN|1,HCIL|INE019C01026|1,ISIN_INTRO,HCIL -> INE019C01026
HCL-INSYS|NOISIN|1,HCL-INSYS|INE236A01020|1,ISIN_INTRO,HCL-INSYS -> INE236A01020
HCLTECH|NOISIN|1,HCLTECH|INE860A01027|1,ISIN_INTRO,HCLTECH -> INE860A01027
HDFC|NOISIN|1,HDFC|INE001A01036|1,ISIN_INTRO,HDFC -> INE001A01036
HDFCBANK|NOISIN|1,HDFCBANK|INE040A01018|1,ISIN_INTRO,HDFCBANK -> INE040A01018
HDFCMFGETF|NOISIN|1,HDFCMFGETF|INF179K01CN1|1,ISIN_INTRO,HDFCMFGETF -> INF179K01CN1
HDIL|NOISIN|1,HDIL|INE191I01012|1,ISIN_INTRO,HDIL -> INE191I01012
HEG|NOISIN|1,HEG|INE545A01016|1,ISIN_INTRO,HEG -> INE545A01016
HEIDELBERG|NOISIN|1,HEIDELBERG|INE578A01017|1,ISIN_INTRO,HEIDELBERG -> INE578A01017
HELIOSMATH|NOISIN|2,HELIOSMATH|INE674B01012|1,ISIN_INTRO,HELIOSMATH -> INE674B01012
HERCULES|NOISIN|1,HERCULES|INE688E01024|1,ISIN_INTRO,HERCULES -> INE688E01024
HERITGFOOD|NOISIN|7,HERITGFOOD|INE978A01019|1,ISIN_INTRO,HERITGFOOD -> INE978A01019
HEROHONDA|NOISIN|1,HEROHONDA|INE158A01026|1,ISIN_INTRO,HEROHONDA -> INE158A01026
HEXAWARE|NOISIN|1,HEXAWARE|INE093A01033|1,ISIN_INTRO,HEXAWARE -> INE093A01033
HFCL|NOISIN|1,HFCL|INE548A01028|1,ISIN_INTRO,HFCL -> INE548A01028
HGSL|NOISIN|1,HGSL|INE170I01016|1,ISIN_INTRO,HGSL -> INE170I01016
HIKAL|NOISIN|1,HIKAL|INE475B01014|1,ISIN_INTRO,HIKAL -> INE475B01014
HILTON|NOISIN|2,HILTON|INE788H01017|1,ISIN_INTRO,HILTON -> INE788H01017
HIMATSEIDE|NOISIN|2,HIMATSEIDE|INE049A01027|1,ISIN_INTRO,HIMATSEIDE -> INE049A01027
HINDALCO|NOISIN|1,HINDALCO|INE038A01020|1,ISIN_INTRO,HINDALCO -> INE038A01020
HINDCOMPOS|NOISIN|9,HINDCOMPOS|INE310C01011|1,ISIN_INTRO,HINDCOMPOS -> INE310C01011
HINDCOPPER|NOISIN|1,HINDCOPPER|INE531E01026|1,ISIN_INTRO,HINDCOPPER -> INE531E01026
HINDDORROL|NOISIN|3,HINDDORROL|INE551A01022|1,ISIN_INTRO,HINDDORROL -> INE551A01022
HINDMOTORS|NOISIN|1,HINDMOTORS|INE253A01025|1,ISIN_INTRO,HINDMOTORS -> INE253A01025
HINDNATGLS|NOISIN|1,HINDNATGLS|INE952A01022|1,ISIN_INTRO,HINDNATGLS -> INE952A01022
HINDOILEXP|NOISIN|1,HINDOILEXP|INE345A01011|1,ISIN_INTRO,HINDOILEXP -> INE345A01011
HINDPETRO|NOISIN|1,HINDPETRO|INE094A01015|1,ISIN_INTRO,HINDPETRO -> INE094A01015
HINDUJAFO|NOISIN|3,HINDUJAFO|INE291F01016|1,ISIN_INTRO,HINDUJAFO -> INE291F01016
HINDUJAVEN|NOISIN|1,HINDUJAVEN|INE353A01023|1,ISIN_INTRO,HINDUJAVEN -> INE353A01023
HINDUNILVR|NOISIN|1,HINDUNILVR|INE030A01027|1,ISIN_INTRO,HINDUNILVR -> INE030A01027
HINDZINC|NOISIN|1,HINDZINC|INE267A01025|1,ISIN_INTRO,HINDZINC -> INE267A01025
HIRECT|NOISIN|1,HIRECT|INE835D01023|1,ISIN_INTRO,HIRECT -> INE835D01023
HITACHIHOM|NOISIN|1,HITACHIHOM|INE782A01015|1,ISIN_INTRO,HITACHIHOM -> INE782A01015
HITECHGEAR|NOISIN|1,HITECHGEAR|INE127B01011|1,ISIN_INTRO,HITECHGEAR -> INE127B01011
HITECHPLAS|NOISIN|1,HITECHPLAS|INE120D01012|1,ISIN_INTRO,HITECHPLAS -> INE120D01012
HMT|NOISIN|2,HMT|INE262A01018|1,ISIN_INTRO,HMT -> INE262A01018
HMVL|NOISIN|1,HMVL|INE871K01015|1,ISIN_INTRO,HMVL -> INE871K01015
HNGSNGBEES|NOISIN|1,HNGSNGBEES|INF732E01227|1,ISIN_INTRO,HNGSNGBEES -> INF732E01227
HOCL|NOISIN|6,HOCL|INE048A01011|1,ISIN_INTRO,HOCL -> INE048A01011
HONAUT|NOISIN|1,HONAUT|INE671A01010|1,ISIN_INTRO,HONAUT -> INE671A01010
HONDAPOWER|NOISIN|2,HONDAPOWER|INE634A01018|1,ISIN_INTRO,HONDAPOWER -> INE634A01018
HOTELEELA|NOISIN|1,HOTELEELA|INE102A01024|1,ISIN_INTRO,HOTELEELA -> INE102A01024
HOTELRUGBY|NOISIN|11,HOTELRUGBY|INE275F01019|1,ISIN_INTRO,HOTELRUGBY -> INE275F01019
HOVS|NOISIN|6,HOVS|INE596H01014|1,ISIN_INTRO,HOVS -> INE596H01014
HSIL|NOISIN|2,HSIL|INE415A01038|1,ISIN_INTRO,HSIL -> INE415A01038
HTMEDIA|NOISIN|1,HTMEDIA|INE501G01024|1,ISIN_INTRO,HTMEDIA -> INE501G01024
HYDRBADIND|NOISIN|1,HYDRBADIND|INE557A01011|1,ISIN_INTRO,HYDRBADIND -> INE557A01011
HYDROS&S|NOISIN|1,HYDROS&S|INE473D01015|1,ISIN_INTRO,HYDROS&S -> INE473D01015
IBN18|NOISIN|1,IBN18|INE886H01027|1,ISIN_INTRO,IBN18 -> INE886H01027
IBPOW|NOISIN|1,IBPOW|INE399K01017|1,ISIN_INTRO,IBPOW -> INE399K01017
IBREALEST|NOISIN|1,IBREALEST|INE069I01010|1,ISIN_INTRO,IBREALEST -> INE069I01010
IBSEC|NOISIN|1,IBSEC|INE274G01010|1,ISIN_INTRO,IBSEC -> INE274G01010
ICICIBANK|NOISIN|1,ICICIBANK|INE090A01013|1,ISIN_INTRO,ICICIBANK -> INE090A01013
ICIL|NOISIN|4,ICIL|INE483B01018|1,ISIN_INTRO,ICIL -> INE483B01018
ICRA|NOISIN|1,ICRA|INE725G01011|1,ISIN_INTRO,ICRA -> INE725G01011
ICSA|NOISIN|1,ICSA|INE306B01029|1,ISIN_INTRO,ICSA -> INE306B01029
IDBI|NOISIN|1,IDBI|INE008A01015|1,ISIN_INTRO,IDBI -> INE008A01015
IDEA|NOISIN|1,IDEA|INE669E01016|1,ISIN_INTRO,IDEA -> INE669E01016
IDFC|NOISIN|1,IDFC|INE043D01016|1,ISIN_INTRO,IDFC -> INE043D01016
IFBAGRO|NOISIN|4,IFBAGRO|INE076C01018|1,ISIN_INTRO,IFBAGRO -> INE076C01018
IFBIND|NOISIN|4,IFBIND|INE559A01017|1,ISIN_INTRO,IFBIND -> INE559A01017
IFCI|NOISIN|1,IFCI|INE039A01010|1,ISIN_INTRO,IFCI -> INE039A01010
IFGLREFRAC|NOISIN|1,IFGLREFRAC|INE023B01012|1,ISIN_INTRO,IFGLREFRAC -> INE023B01012
IGARASHI|NOISIN|4,IGARASHI|INE188B01013|1,ISIN_INTRO,IGARASHI -> INE188B01013
IGL|NOISIN|1,IGL|INE203G01019|1,ISIN_INTRO,IGL -> INE203G01019
IGPL|NOISIN|2,IGPL|INE204A01010|1,ISIN_INTRO,IGPL -> INE204A01010
IL&FSENGG|NOISIN|1,IL&FSENGG|INE369I01014|1,ISIN_INTRO,IL&FSENGG -> INE369I01014
IL&FSTRANS|NOISIN|1,IL&FSTRANS|INE975G01012|1,ISIN_INTRO,IL&FSTRANS -> INE975G01012
IMPAL|NOISIN|1,IMPAL|INE547E01014|1,ISIN_INTRO,IMPAL -> INE547E01014
IMPEXFERRO|NOISIN|4,IMPEXFERRO|INE691G01015|1,ISIN_INTRO,IMPEXFERRO -> INE691G01015
INDBANK|NOISIN|3,INDBANK|INE841B01017|1,ISIN_INTRO,INDBANK -> INE841B01017
INDHOTEL|NOISIN|1,INDHOTEL|INE053A01029|1,ISIN_INTRO,INDHOTEL -> INE053A01029
INDIABULLS|NOISIN|1,INDIABULLS|INE894F01025|1,ISIN_INTRO,INDIABULLS -> INE894F01025
INDIACEM|NOISIN|1,INDIACEM|INE383A01012|1,ISIN_INTRO,INDIACEM -> INE383A01012
INDIAGLYCO|NOISIN|2,INDIAGLYCO|INE560A01015|1,ISIN_INTRO,INDIAGLYCO -> INE560A01015
INDIAINFO|NOISIN|1,INDIAINFO|INE530B01024|1,ISIN_INTRO,INDIAINFO -> INE530B01024
INDIANB|NOISIN|1,INDIANB|INE562A01011|1,ISIN_INTRO,INDIANB -> INE562A01011
INDIANCARD|NOISIN|2,INDIANCARD|INE061A01014|1,ISIN_INTRO,INDIANCARD -> INE061A01014
INDIANHUME|NOISIN|4,INDIANHUME|INE323C01030|1,ISIN_INTRO,INDIANHUME -> INE323C01030
INDLMETER|NOISIN|2,INDLMETER|INE065B01013|1,ISIN_INTRO,INDLMETER -> INE065B01013
INDNIPPON|NOISIN|1,INDNIPPON|INE092B01017|1,ISIN_INTRO,INDNIPPON -> INE092B01017
INDOASIFU|NOISIN|5,INDOASIFU|INE076H01017|1,ISIN_INTRO,INDOASIFU -> INE076H01017
INDOCO|NOISIN|2,INDOCO|INE873D01016|1,ISIN_INTRO,INDOCO -> INE873D01016
INDORAMA|NOISIN|1,INDORAMA|INE156A01020|1,ISIN_INTRO,INDORAMA -> INE156A01020
INDOSOLAR|NOISIN|1,INDOSOLAR|INE866K01015|1,ISIN_INTRO,INDOSOLAR -> INE866K01015
INDOTECH|NOISIN|1,INDOTECH|INE332H01014|1,ISIN_INTRO,INDOTECH -> INE332H01014
INDOWIND|NOISIN|2,INDOWIND|INE227G01018|1,ISIN_INTRO,INDOWIND -> INE227G01018
INDRAMEDCO|NOISIN|2,INDRAMEDCO|INE681B01017|1,ISIN_INTRO,INDRAMEDCO -> INE681B01017
INDSWFTLAB|NOISIN|1,INDSWFTLAB|INE915B01019|1,ISIN_INTRO,INDSWFTLAB -> INE915B01019
INDSWFTLTD|NOISIN|3,INDSWFTLTD|INE788B01028|1,ISIN_INTRO,INDSWFTLTD -> INE788B01028
INDUSFILA|NOISIN|4,INDUSFILA|INE025I01012|1,ISIN_INTRO,INDUSFILA -> INE025I01012
INDUSINDBK|NOISIN|1,INDUSINDBK|INE095A01012|1,ISIN_INTRO,INDUSINDBK -> INE095A01012
INEABS|NOISIN|1,INEABS|INE189B01011|1,ISIN_INTRO,INEABS -> INE189B01011
INFINITE|NOISIN|1,INFINITE|INE486J01014|1,ISIN_INTRO,INFINITE -> INE486J01014
INFODRIVE|NOISIN|1,INFODRIVE|INE804D01011|1,ISIN_INTRO,INFODRIVE -> INE804D01011
INFOMEDIA|NOISIN|3,INFOMEDIA|INE669A01022|1,ISIN_INTRO,INFOMEDIA -> INE669A01022
INFOSYSTCH|NOISIN|1,INFOSYSTCH|INE009A01021|1,ISIN_INTRO,INFOSYSTCH -> INE009A01021
INFOTECENT|NOISIN|1,INFOTECENT|INE136B01020|1,ISIN_INTRO,INFOTECENT -> INE136B01020
INFRABEES|NOISIN|1,INFRABEES|INF732E01268|1,ISIN_INTRO,INFRABEES -> INF732E01268
INGERRAND|NOISIN|1,INGERRAND|INE177A01018|1,ISIN_INTRO,INGERRAND -> INE177A01018
INGVYSYABK|NOISIN|1,INGVYSYABK|INE166A01011|1,ISIN_INTRO,INGVYSYABK -> INE166A01011
INNOIND|NOISIN|1,INNOIND|INE549I01011|1,ISIN_INTRO,INNOIND -> INE549I01011
INOXLEISUR|NOISIN|1,INOXLEISUR|INE312H01016|1,ISIN_INTRO,INOXLEISUR -> INE312H01016
INSECTICID|NOISIN|1,INSECTICID|INE070I01018|1,ISIN_INTRO,INSECTICID -> INE070I01018
IOB|NOISIN|1,IOB|INE565A01014|1,ISIN_INTRO,IOB -> INE565A01014
IOC|NOISIN|1,IOC|INE242A01010|1,ISIN_INTRO,IOC -> INE242A01010
IOLCP|NOISIN|1,IOLCP|INE485C01011|1,ISIN_INTRO,IOLCP -> INE485C01011
IOLN|NOISIN|5,IOLN|INE517C01011|1,ISIN_INTRO,IOLN -> INE517C01011
IPCALAB|NOISIN|1,IPCALAB|INE571A01020|1,ISIN_INTRO,IPCALAB -> INE571A01020
IPGETF|NOISIN|1,IPGETF|INF109K01FV4|1,ISIN_INTRO,IPGETF -> INF109K01FV4
IPRINGLTD|NOISIN|2,IPRINGLTD|INE558A01019|1,ISIN_INTRO,IPRINGLTD -> INE558A01019
IRB|NOISIN|1,IRB|INE821I01014|1,ISIN_INTRO,IRB -> INE821I01014
ISFT|NOISIN|1,ISFT|INE566K01011|1,ISIN_INTRO,ISFT -> INE566K01011
ISMTLTD|NOISIN|1,ISMTLTD|INE732F01019|1,ISIN_INTRO,ISMTLTD -> INE732F01019
ISPATIND|NOISIN|1,ISPATIND|INE136A01022|1,ISIN_INTRO,ISPATIND -> INE136A01022
ITC|NOISIN|1,ITC|INE154A01025|1,ISIN_INTRO,ITC -> INE154A01025
ITDCEM|NOISIN|3,ITDCEM|INE686A01018|1,ISIN_INTRO,ITDCEM -> INE686A01018
ITI|NOISIN|3,ITI|INE248A01017|1,ISIN_INTRO,ITI -> INE248A01017
IVC|NOISIN|2,IVC|INE050B01023|1,ISIN_INTRO,IVC -> INE050B01023
IVP|NOISIN|5,IVP|INE043C01018|1,ISIN_INTRO,IVP -> INE043C01018
IVRCLAH|NOISIN|1,IVRCLAH|INE414I01018|1,ISIN_INTRO,IVRCLAH -> INE414I01018
IVRCLINFRA|NOISIN|1,IVRCLINFRA|INE875A01025|1,ISIN_INTRO,IVRCLINFRA -> INE875A01025
J&KBANK|NOISIN|1,J&KBANK|INE168A01017|1,ISIN_INTRO,J&KBANK -> INE168A01017
JAGRAN|NOISIN|1,JAGRAN|INE199G01027|1,ISIN_INTRO,JAGRAN -> INE199G01027
JAGSNPHARM|NOISIN|2,JAGSNPHARM|INE048B01027|1,ISIN_INTRO,JAGSNPHARM -> INE048B01027
JAIBALAJI|NOISIN|1,JAIBALAJI|INE091G01018|1,ISIN_INTRO,JAIBALAJI -> INE091G01018
JAICORPLTD|NOISIN|3,JAICORPLTD|INE070D01027|1,ISIN_INTRO,JAICORPLTD -> INE070D01027
JAINSTUDIO|NOISIN|7,JAINSTUDIO|INE486B01011|1,ISIN_INTRO,JAINSTUDIO -> INE486B01011
JAMNAAUTO|NOISIN|1,JAMNAAUTO|INE039C01016|1,ISIN_INTRO,JAMNAAUTO -> INE039C01016
JAYAGROGN|NOISIN|1,JAYAGROGN|INE785A01026|1,ISIN_INTRO,JAYAGROGN -> INE785A01026
JAYBARMARU|NOISIN|2,JAYBARMARU|INE571B01028|1,ISIN_INTRO,JAYBARMARU -> INE571B01028
JAYNECOIND|NOISIN|2,JAYNECOIND|INE854B01010|1,ISIN_INTRO,JAYNECOIND -> INE854B01010
JAYSREETEA|NOISIN|1,JAYSREETEA|INE364A01020|1,ISIN_INTRO,JAYSREETEA -> INE364A01020
JBCHEPHARM|NOISIN|1,JBCHEPHARM|INE572A01028|1,ISIN_INTRO,JBCHEPHARM -> INE572A01028
JBFIND|NOISIN|1,JBFIND|INE187A01017|1,ISIN_INTRO,JBFIND -> INE187A01017
JCTEL|NOISIN|8,JCTEL|INE264B01020|1,ISIN_INTRO,JCTEL -> INE264B01020
JENSONICOL|NOISIN|11,JENSONICOL|INE819B01021|1,ISIN_INTRO,JENSONICOL -> INE819B01021
JETAIRWAYS|NOISIN|1,JETAIRWAYS|INE802G01018|1,ISIN_INTRO,JETAIRWAYS -> INE802G01018
JHS|NOISIN|2,JHS|INE544H01014|1,ISIN_INTRO,JHS -> INE544H01014
JIKIND|NOISIN|3,JIKIND|INE026B01049|1,ISIN_INTRO,JIKIND -> INE026B01049
JINDALPHOT|NOISIN|1,JINDALPHOT|INE796G01012|1,ISIN_INTRO,JINDALPHOT -> INE796G01012
JINDALPOLY|NOISIN|2,JINDALPOLY|INE197D01010|1,ISIN_INTRO,JINDALPOLY -> INE197D01010
JINDALSAW|NOISIN|1,JINDALSAW|INE324A01024|1,ISIN_INTRO,JINDALSAW -> INE324A01024
JINDALSTEL|NOISIN|1,JINDALSTEL|INE749A01030|1,ISIN_INTRO,JINDALSTEL -> INE749A01030
JINDALSWHL|NOISIN|2,JINDALSWHL|INE824G01012|1,ISIN_INTRO,JINDALSWHL -> INE824G01012
JINDCOT|NOISIN|2,JINDCOT|INE904J01016|1,ISIN_INTRO,JINDCOT -> INE904J01016
JINDRILL|NOISIN|1,JINDRILL|INE742C01031|1,ISIN_INTRO,JINDRILL -> INE742C01031
JINDWORLD|NOISIN|1,JINDWORLD|INE247D01013|1,ISIN_INTRO,JINDWORLD -> INE247D01013
JISLJALEQS|NOISIN|1,JISLJALEQS|INE175A01038|1,ISIN_INTRO,JISLJALEQS -> INE175A01038
JKCEMENT|NOISIN|1,JKCEMENT|INE823G01014|1,ISIN_INTRO,JKCEMENT -> INE823G01014
JKIL|NOISIN|1,JKIL|INE576I01014|1,ISIN_INTRO,JKIL -> INE576I01014
JKLAKSHMI|NOISIN|1,JKLAKSHMI|INE786A01032|1,ISIN_INTRO,JKLAKSHMI -> INE786A01032
JKPAPER|NOISIN|1,JKPAPER|INE789E01012|1,ISIN_INTRO,JKPAPER -> INE789E01012
JKTYRE|NOISIN|1,JKTYRE|INE573A01034|1,ISIN_INTRO,JKTYRE -> INE573A01034
JMCPROJECT|NOISIN|1,JMCPROJECT|INE890A01016|1,ISIN_INTRO,JMCPROJECT -> INE890A01016
JMFINANCIL|NOISIN|1,JMFINANCIL|INE780C01023|1,ISIN_INTRO,JMFINANCIL -> INE780C01023
JMTAUTOLTD|NOISIN|1,JMTAUTOLTD|INE988E01010|1,ISIN_INTRO,JMTAUTOLTD -> INE988E01010
JOCIL|NOISIN|1,JOCIL|INE839G01010|1,ISIN_INTRO,JOCIL -> INE839G01010
JPASSOCIAT|NOISIN|1,JPASSOCIAT|INE455F01025|1,ISIN_INTRO,JPASSOCIAT -> INE455F01025
JPINFRATEC|NOISIN|1,JPINFRATEC|INE099J01015|1,ISIN_INTRO,JPINFRATEC -> INE099J01015
JPPOWER|NOISIN|1,JPPOWER|INE351F01018|1,ISIN_INTRO,JPPOWER -> INE351F01018
JSL|NOISIN|1,JSL|INE220G01021|1,ISIN_INTRO,JSL -> INE220G01021
JSWENERGY|NOISIN|1,JSWENERGY|INE121E01018|1,ISIN_INTRO,JSWENERGY -> INE121E01018
JSWSTEEL|NOISIN|1,JSWSTEEL|INE019A01020|1,ISIN_INTRO,JSWSTEEL -> INE019A01020
JUBILANT|NOISIN|1,JUBILANT|INE700A01033|1,ISIN_INTRO,JUBILANT -> INE700A01033
JUBLFOOD|NOISIN|1,JUBLFOOD|INE797F01012|1,ISIN_INTRO,JUBLFOOD -> INE797F01012
JUBLINDS|NOISIN|1,JUBLINDS|INE645L01011|1,ISIN_INTRO,JUBLINDS -> INE645L01011
JUMBO|NOISIN|5,JUMBO|INE699D01015|1,ISIN_INTRO,JUMBO -> INE699D01015
JUNIORBEES|NOISIN|1,JUNIORBEES|INF732E01045|1,ISIN_INTRO,JUNIORBEES -> INF732E01045
JUPITER|NOISIN|1,JUPITER|INE918B01013|1,ISIN_INTRO,JUPITER -> INE918B01013
JVLAGRO|NOISIN|1,JVLAGRO|INE430G01026|1,ISIN_INTRO,JVLAGRO -> INE430G01026
JYOTHYLAB|NOISIN|1,JYOTHYLAB|INE668F01031|1,ISIN_INTRO,JYOTHYLAB -> INE668F01031
JYOTISTRUC|NOISIN|1,JYOTISTRUC|INE197A01024|1,ISIN_INTRO,JYOTISTRUC -> INE197A01024
KABRAEXTRU|NOISIN|2,KABRAEXTRU|INE900B01029|1,ISIN_INTRO,KABRAEXTRU -> INE900B01029
KAJARIACER|NOISIN|2,KAJARIACER|INE217B01028|1,ISIN_INTRO,KAJARIACER -> INE217B01028
KAKATCEM|NOISIN|1,KAKATCEM|INE437B01014|1,ISIN_INTRO,KAKATCEM -> INE437B01014
KALECONSUL|NOISIN|3,KALECONSUL|INE793A01012|1,ISIN_INTRO,KALECONSUL -> INE793A01012
KALINDEE|NOISIN|3,KALINDEE|INE178D01010|1,ISIN_INTRO,KALINDEE -> INE178D01010
KALPATPOWR|NOISIN|1,KALPATPOWR|INE220B01022|1,ISIN_INTRO,KALPATPOWR -> INE220B01022
KAMATHOTEL|NOISIN|4,KAMATHOTEL|INE967C01018|1,ISIN_INTRO,KAMATHOTEL -> INE967C01018
KANDAGIRI|NOISIN|1,KANDAGIRI|INE292D01019|1,ISIN_INTRO,KANDAGIRI -> INE292D01019
KANORICHEM|NOISIN|2,KANORICHEM|INE138C01024|1,ISIN_INTRO,KANORICHEM -> INE138C01024
KANSAINER|NOISIN|1,KANSAINER|INE531A01016|1,ISIN_INTRO,KANSAINER -> INE531A01016
KARURVYSYA|NOISIN|1,KARURVYSYA|INE036D01010|1,ISIN_INTRO,KARURVYSYA -> INE036D01010
KAUSHALYA|NOISIN|1,KAUSHALYA|INE234I01010|1,ISIN_INTRO,KAUSHALYA -> INE234I01010
KAVVERITEL|NOISIN|2,KAVVERITEL|INE641C01019|1,ISIN_INTRO,KAVVERITEL -> INE641C01019
KBIL|NOISIN|1,KBIL|INE920K01010|1,ISIN_INTRO,KBIL -> INE920K01010
KCP|NOISIN|1,KCP|INE805C01028|1,ISIN_INTRO,KCP -> INE805C01028
KCPSUGIND|NOISIN|3,KCPSUGIND|INE790B01024|1,ISIN_INTRO,KCPSUGIND -> INE790B01024
KEC|NOISIN|1,KEC|INE389H01022|1,ISIN_INTRO,KEC -> INE389H01022
KECL|NOISIN|2,KECL|INE134B01017|1,ISIN_INTRO,KECL -> INE134B01017
KEI|NOISIN|2,KEI|INE878B01027|1,ISIN_INTRO,KEI -> INE878B01027
KEMROCK|NOISIN|2,KEMROCK|INE990B01012|1,ISIN_INTRO,KEMROCK -> INE990B01012
KERNEX|NOISIN|8,KERNEX|INE202H01019|1,ISIN_INTRO,KERNEX -> INE202H01019
KESARENT|NOISIN|4,KESARENT|INE133B01019|1,ISIN_INTRO,KESARENT -> INE133B01019
KESORAMIND|NOISIN|1,KESORAMIND|INE087A01019|1,ISIN_INTRO,KESORAMIND -> INE087A01019
KFA|NOISIN|1,KFA|INE438H01019|1,ISIN_INTRO,KFA -> INE438H01019
KGL|NOISIN|1,KGL|INE299C01024|1,ISIN_INTRO,KGL -> INE299C01024
KHAITANELE|NOISIN|5,KHAITANELE|INE761A01019|1,ISIN_INTRO,KHAITANELE -> INE761A01019
KHAITANLTD|NOISIN|7,KHAITANLTD|INE731C01018|1,ISIN_INTRO,KHAITANLTD -> INE731C01018
KHANDSE|NOISIN|2,KHANDSE|INE060B01014|1,ISIN_INTRO,KHANDSE -> INE060B01014
KICL|NOISIN|1,KICL|INE029L01018|1,ISIN_INTRO,KICL -> INE029L01018
KIL|NOISIN|3,KIL|INE390H01012|1,ISIN_INTRO,KIL -> INE390H01012
KILITCH|NOISIN|1,KILITCH|INE729D01010|1,ISIN_INTRO,KILITCH -> INE729D01010
KINETICMOT|NOISIN|10,KINETICMOT|INE267B01015|1,ISIN_INTRO,KINETICMOT -> INE267B01015
KIRIINDUS|NOISIN|1,KIRIINDUS|INE415I01015|1,ISIN_INTRO,KIRIINDUS -> INE415I01015
KIRLOSBROS|NOISIN|1,KIRLOSBROS|INE732A01036|1,ISIN_INTRO,KIRLOSBROS -> INE732A01036
KIRLOSENG|NOISIN|1,KIRLOSENG|INE146L01010|1,ISIN_INTRO,KIRLOSENG -> INE146L01010
KIRLOSIND|NOISIN|1,KIRLOSIND|INE250A01039|1,ISIN_INTRO,KIRLOSIND -> INE250A01039
KITPLYIND|NOISIN|8,KITPLYIND|INE147B01019|1,ISIN_INTRO,KITPLYIND -> INE147B01019
KKCL|NOISIN|2,KKCL|INE401H01017|1,ISIN_INTRO,KKCL -> INE401H01017
KLGSYSTEL|NOISIN|2,KLGSYSTEL|INE799A01019|1,ISIN_INTRO,KLGSYSTEL -> INE799A01019
KLRF|NOISIN|1,KLRF|INE014E01015|1,ISIN_INTRO,KLRF -> INE014E01015
KMSUGAR|NOISIN|5,KMSUGAR|INE157H01023|1,ISIN_INTRO,KMSUGAR -> INE157H01023
KNRCON|NOISIN|2,KNRCON|INE634I01011|1,ISIN_INTRO,KNRCON -> INE634I01011
KOHINOOR|NOISIN|2,KOHINOOR|INE080B01012|1,ISIN_INTRO,KOHINOOR -> INE080B01012
KOLTEPATIL|NOISIN|1,KOLTEPATIL|INE094I01018|1,ISIN_INTRO,KOLTEPATIL -> INE094I01018
KOPRAN|NOISIN|4,KOPRAN|INE082A01010|1,ISIN_INTRO,KOPRAN -> INE082A01010
KOTAKBANK|NOISIN|1,KOTAKBANK|INE237A01028|1,ISIN_INTRO,KOTAKBANK -> INE237A01028
KOTAKGOLD|NOISIN|1,KOTAKGOLD|INF373I01015|1,ISIN_INTRO,KOTAKGOLD -> INF373I01015
KOTAKNIFTY|NOISIN|1,KOTAKNIFTY|INF174K01518|1,ISIN_INTRO,KOTAKNIFTY -> INF174K01518
KOTAKPSUBK|NOISIN|1,KOTAKPSUBK|INF373I01023|1,ISIN_INTRO,KOTAKPSUBK -> INF373I01023
KOTARISUG|NOISIN|4,KOTARISUG|INE419A01022|1,ISIN_INTRO,KOTARISUG -> INE419A01022
KOTHARIPET|NOISIN|8,KOTHARIPET|INE720A01015|1,ISIN_INTRO,KOTHARIPET -> INE720A01015
KOTHARIPRO|NOISIN|1,KOTHARIPRO|INE823A01017|1,ISIN_INTRO,KOTHARIPRO -> INE823A01017
KOUTONS|NOISIN|1,KOUTONS|INE406I01014|1,ISIN_INTRO,KOUTONS -> INE406I01014
KPIT|NOISIN|1,KPIT|INE836A01035|1,ISIN_INTRO,KPIT -> INE836A01035
KPRMILL|NOISIN|1,KPRMILL|INE930H01015|1,ISIN_INTRO,KPRMILL -> INE930H01015
KRBL|NOISIN|1,KRBL|INE001B01026|1,ISIN_INTRO,KRBL -> INE001B01026
KRISHNAENG|NOISIN|8,KRISHNAENG|INE409C01011|1,ISIN_INTRO,KRISHNAENG -> INE409C01011
KSBPUMPS|NOISIN|1,KSBPUMPS|INE999A01015|1,ISIN_INTRO,KSBPUMPS -> INE999A01015
KSCL|NOISIN|2,KSCL|INE455I01011|1,ISIN_INTRO,KSCL -> INE455I01011
KSE|NOISIN|1,KSE|INE953E01014|1,ISIN_INTRO,KSE -> INE953E01014
KSERASERA|NOISIN|1,KSERASERA|INE216D01018|1,ISIN_INTRO,KSERASERA -> INE216D01018
KSK|NOISIN|1,KSK|INE143H01015|1,ISIN_INTRO,KSK -> INE143H01015
KSL|NOISIN|1,KSL|INE907A01026|1,ISIN_INTRO,KSL -> INE907A01026
KSOILS|NOISIN|1,KSOILS|INE727D01022|1,ISIN_INTRO,KSOILS -> INE727D01022
KTKBANK|NOISIN|1,KTKBANK|INE614B01018|1,ISIN_INTRO,KTKBANK -> INE614B01018
KWALITY|NOISIN|2,KWALITY|INE775B01025|1,ISIN_INTRO,KWALITY -> INE775B01025
LAKPRE|NOISIN|1,LAKPRE|INE651C01018|1,ISIN_INTRO,LAKPRE -> INE651C01018
LAKSHMIEFL|NOISIN|1,LAKSHMIEFL|INE992B01026|1,ISIN_INTRO,LAKSHMIEFL -> INE992B01026
LAKSHMIMIL|NOISIN|1,LAKSHMIMIL|INE938C01019|1,ISIN_INTRO,LAKSHMIMIL -> INE938C01019
LAKSHVILAS|NOISIN|1,LAKSHVILAS|INE694C01018|1,ISIN_INTRO,LAKSHVILAS -> INE694C01018
LANCOIN|NOISIN|2,LANCOIN|INE943C01027|1,ISIN_INTRO,LANCOIN -> INE943C01027
LAOPALA|NOISIN|2,LAOPALA|INE059D01012|1,ISIN_INTRO,LAOPALA -> INE059D01012
LAXMIMACH|NOISIN|1,LAXMIMACH|INE269B01029|1,ISIN_INTRO,LAXMIMACH -> INE269B01029
LCCINFOTEC|NOISIN|10,LCCINFOTEC|INE938A01021|1,ISIN_INTRO,LCCINFOTEC -> INE938A01021
LGBBROSLTD|NOISIN|1,LGBBROSLTD|INE337A01034|1,ISIN_INTRO,LGBBROSLTD -> INE337A01034
LGBFORGE|NOISIN|4,LGBFORGE|INE201J01017|1,ISIN_INTRO,LGBFORGE -> INE201J01017
LIBERTSHOE|NOISIN|1,LIBERTSHOE|INE557B01019|1,ISIN_INTRO,LIBERTSHOE -> INE557B01019
LICHSGFIN|NOISIN|1,LICHSGFIN|INE115A01026|1,ISIN_INTRO,LICHSGFIN -> INE115A01026
LIQUIDBEES|NOISIN|1,LIQUIDBEES|INF732E01037|1,ISIN_INTRO,LIQUIDBEES -> INF732E01037
LITL|NOISIN|1,LITL|INE785C01048|1,ISIN_INTRO,LITL -> INE785C01048
LLOYDELENG|NOISIN|2,LLOYDELENG|INE245C01019|1,ISIN_INTRO,LLOYDELENG -> INE245C01019
LLOYDFIN|NOISIN|11,LLOYDFIN|INE174A01015|1,ISIN_INTRO,LLOYDFIN -> INE174A01015
LLOYDSTEEL|NOISIN|7,LLOYDSTEEL|INE292A01015|1,ISIN_INTRO,LLOYDSTEEL -> INE292A01015
LML|NOISIN|6,LML|INE862A01015|1,ISIN_INTRO,LML -> INE862A01015
LOGIXMICRO|NOISIN|3,LOGIXMICRO|INE848A01014|1,ISIN_INTRO,LOGIXMICRO -> INE848A01014
LOKESHMACH|NOISIN|2,LOKESHMACH|INE397H01017|1,ISIN_INTRO,LOKESHMACH -> INE397H01017
LOTUSEYE|NOISIN|5,LOTUSEYE|INE947I01017|1,ISIN_INTRO,LOTUSEYE -> INE947I01017
LOVABLE|NOISIN|1,LOVABLE|INE597L01014|1,ISIN_INTRO,LOVABLE -> INE597L01014
LPDC|NOISIN|5,LPDC|INE197J01017|1,ISIN_INTRO,LPDC -> INE197J01017
LT|NOISIN|1,LT|INE018A01030|1,ISIN_INTRO,LT -> INE018A01030
LUMAXAUTO|NOISIN|3,LUMAXAUTO|INE547G01019|1,ISIN_INTRO,LUMAXAUTO -> INE547G01019
LUMAXIND|NOISIN|5,LUMAXIND|INE162B01018|1,ISIN_INTRO,LUMAXIND -> INE162B01018
LUMAXTECH|NOISIN|3,LUMAXTECH|INE872H01019|1,ISIN_INTRO,LUMAXTECH -> INE872H01019
LUPIN|NOISIN|1,LUPIN|INE326A01037|1,ISIN_INTRO,LUPIN -> INE326A01037
LYKALABS|NOISIN|6,LYKALABS|INE933A01014|1,ISIN_INTRO,LYKALABS -> INE933A01014
M&M|NOISIN|1,M&M|INE101A01026|1,ISIN_INTRO,M&M -> INE101A01026
M&MFIN|NOISIN|1,M&MFIN|INE774D01016|1,ISIN_INTRO,M&MFIN -> INE774D01016
M100|NOISIN|1,M100|INF247L01023|1,ISIN_INTRO,M100 -> INF247L01023
M50|NOISIN|1,M50|INF247L01015|1,ISIN_INTRO,M50 -> INF247L01015
MAANALU|NOISIN|1,MAANALU|INE215I01019|1,ISIN_INTRO,MAANALU -> INE215I01019
MADHAV|NOISIN|2,MADHAV|INE925C01016|1,ISIN_INTRO,MADHAV -> INE925C01016
MADHUCON|NOISIN|1,MADHUCON|INE378D01032|1,ISIN_INTRO,MADHUCON -> INE378D01032
MADRASCEM|NOISIN|1,MADRASCEM|INE331A01037|1,ISIN_INTRO,MADRASCEM -> INE331A01037
MADRASFERT|NOISIN|7,MADRASFERT|INE414A01015|1,ISIN_INTRO,MADRASFERT -> INE414A01015
MAGMA|NOISIN|1,MAGMA|INE511C01022|1,ISIN_INTRO,MAGMA -> INE511C01022
MAGNUM|NOISIN|4,MAGNUM|INE387I01016|1,ISIN_INTRO,MAGNUM -> INE387I01016
MAHABANK|NOISIN|1,MAHABANK|INE457A01014|1,ISIN_INTRO,MAHABANK -> INE457A01014
MAHINDFORG|NOISIN|2,MAHINDFORG|INE536H01010|1,ISIN_INTRO,MAHINDFORG -> INE536H01010
MAHINDUGIN|NOISIN|2,MAHINDUGIN|INE850A01010|1,ISIN_INTRO,MAHINDUGIN -> INE850A01010
MAHLIFE|NOISIN|1,MAHLIFE|INE813A01018|1,ISIN_INTRO,MAHLIFE -> INE813A01018
MAHSCOOTER|NOISIN|5,MAHSCOOTER|INE288A01013|1,ISIN_INTRO,MAHSCOOTER -> INE288A01013
MAHSEAMLES|NOISIN|1,MAHSEAMLES|INE271B01025|1,ISIN_INTRO,MAHSEAMLES -> INE271B01025
MALUPAPER|NOISIN|3,MALUPAPER|INE383H01017|1,ISIN_INTRO,MALUPAPER -> INE383H01017
MALWACOTT|NOISIN|7,MALWACOTT|INE272B01015|1,ISIN_INTRO,MALWACOTT -> INE272B01015
MANAKSIA|NOISIN|2,MANAKSIA|INE015D01022|1,ISIN_INTRO,MANAKSIA -> INE015D01022
MANALIPETC|NOISIN|4,MANALIPETC|INE201A01024|1,ISIN_INTRO,MANALIPETC -> INE201A01024
MANAPPURAM|NOISIN|1,MANAPPURAM|INE522D01027|1,ISIN_INTRO,MANAPPURAM -> INE522D01027
MANDHANA|NOISIN|1,MANDHANA|INE087J01010|1,ISIN_INTRO,MANDHANA -> INE087J01010
MANGALAM|NOISIN|6,MANGALAM|INE584F01014|1,ISIN_INTRO,MANGALAM -> INE584F01014
MANGCHEFER|NOISIN|2,MANGCHEFER|INE558B01017|1,ISIN_INTRO,MANGCHEFER -> INE558B01017
MANGLMCEM|NOISIN|1,MANGLMCEM|INE347A01017|1,ISIN_INTRO,MANGLMCEM -> INE347A01017
MANGTIMBER|NOISIN|2,MANGTIMBER|INE805B01012|1,ISIN_INTRO,MANGTIMBER -> INE805B01012
MANINDS|NOISIN|1,MANINDS|INE993A01026|1,ISIN_INTRO,MANINDS -> INE993A01026
MANINFRA|NOISIN|1,MANINFRA|INE949H01015|1,ISIN_INTRO,MANINFRA -> INE949H01015
MANJEERA|NOISIN|1,MANJEERA|INE320D01018|1,ISIN_INTRO,MANJEERA -> INE320D01018
MANJUSHREE|NOISIN|1,MANJUSHREE|INE435H01015|1,ISIN_INTRO,MANJUSHREE -> INE435H01015
MANUGRAPH|NOISIN|1,MANUGRAPH|INE867A01022|1,ISIN_INTRO,MANUGRAPH -> INE867A01022
MARALOVER|NOISIN|5,MARALOVER|INE882A01013|1,ISIN_INTRO,MARALOVER -> INE882A01013
MARG|NOISIN|1,MARG|INE941E01019|1,ISIN_INTRO,MARG -> INE941E01019
MARICO|NOISIN|1,MARICO|INE196A01026|1,ISIN_INTRO,MARICO -> INE196A01026
MARKSANS|NOISIN|2,MARKSANS|INE750C01026|1,ISIN_INTRO,MARKSANS -> INE750C01026
MARUTI|NOISIN|1,MARUTI|INE585B01010|1,ISIN_INTRO,MARUTI -> INE585B01010
MASTEK|NOISIN|1,MASTEK|INE759A01021|1,ISIN_INTRO,MASTEK -> INE759A01021
MAWANASUG|NOISIN|3,MAWANASUG|INE636A01039|1,ISIN_INTRO,MAWANASUG -> INE636A01039
MAX|NOISIN|2,MAX|INE180A01020|1,ISIN_INTRO,MAX -> INE180A01020
MAXWELL|NOISIN|1,MAXWELL|INE450G01024|1,ISIN_INTRO,MAXWELL -> INE450G01024
MBECL|NOISIN|2,MBECL|INE748A01016|1,ISIN_INTRO,MBECL -> INE748A01016
MBLINFRA|NOISIN|1,MBLINFRA|INE912H01013|1,ISIN_INTRO,MBLINFRA -> INE912H01013
MCDHOLDING|NOISIN|7,MCDHOLDING|INE836H01014|1,ISIN_INTRO,MCDHOLDING -> INE836H01014
MCDOWELL-N|NOISIN|1,MCDOWELL-N|INE854D01016|1,ISIN_INTRO,MCDOWELL-N -> INE854D01016
MCLEODRUSS|NOISIN|1,MCLEODRUSS|INE942G01012|1,ISIN_INTRO,MCLEODRUSS -> INE942G01012
MEGASOFT|NOISIN|3,MEGASOFT|INE933B01012|1,ISIN_INTRO,MEGASOFT -> INE933B01012
MEGH|NOISIN|1,MEGH|INE974H01013|1,ISIN_INTRO,MEGH -> INE974H01013
MERCK|NOISIN|1,MERCK|INE199A01012|1,ISIN_INTRO,MERCK -> INE199A01012
MHRIL|NOISIN|1,MHRIL|INE998I01010|1,ISIN_INTRO,MHRIL -> INE998I01010
MIC|NOISIN|1,MIC|INE287C01029|1,ISIN_INTRO,MIC -> INE287C01029
MICROSEC|NOISIN|1,MICROSEC|INE019J01013|1,ISIN_INTRO,MICROSEC -> INE019J01013
MICROTECH|NOISIN|1,MICROTECH|INE358B01012|1,ISIN_INTRO,MICROTECH -> INE358B01012
MINDAIND|NOISIN|2,MINDAIND|INE405E01015|1,ISIN_INTRO,MINDAIND -> INE405E01015
MINDTREE|NOISIN|1,MINDTREE|INE018I01017|1,ISIN_INTRO,MINDTREE -> INE018I01017
MIRCELECTR|NOISIN|1,MIRCELECTR|INE831A01028|1,ISIN_INTRO,MIRCELECTR -> INE831A01028
MIRZAINT|NOISIN|5,MIRZAINT|INE771A01026|1,ISIN_INTRO,MIRZAINT -> INE771A01026
MLL|NOISIN|1,MLL|INE934B01028|1,ISIN_INTRO,MLL -> INE934B01028
MMFL|NOISIN|1,MMFL|INE227C01017|1,ISIN_INTRO,MMFL -> INE227C01017
MMFSL|NOISIN|1,MMFSL|INE180C01018|1,ISIN_INTRO,MMFSL -> INE180C01018
MMTC|NOISIN|1,MMTC|INE123F01029|1,ISIN_INTRO,MMTC -> INE123F01029
MOIL|NOISIN|1,MOIL|INE490G01020|1,ISIN_INTRO,MOIL -> INE490G01020
MONNETISPA|NOISIN|1,MONNETISPA|INE743C01013|1,ISIN_INTRO,MONNETISPA -> INE743C01013
MONSANTO|NOISIN|1,MONSANTO|INE274B01011|1,ISIN_INTRO,MONSANTO -> INE274B01011
MORARJETEX|NOISIN|5,MORARJETEX|INE161G01019|1,ISIN_INTRO,MORARJETEX -> INE161G01019
MOREPENLAB|NOISIN|8,MOREPENLAB|INE083A01026|1,ISIN_INTRO,MOREPENLAB -> INE083A01026
MOSERBAER|NOISIN|1,MOSERBAER|INE739A01015|1,ISIN_INTRO,MOSERBAER -> INE739A01015
MOTHERSUMI|NOISIN|1,MOTHERSUMI|INE775A01035|1,ISIN_INTRO,MOTHERSUMI -> INE775A01035
MOTILALOFS|NOISIN|1,MOTILALOFS|INE338I01027|1,ISIN_INTRO,MOTILALOFS -> INE338I01027
MOTOGENFIN|NOISIN|4,MOTOGENFIN|INE861B01015|1,ISIN_INTRO,MOTOGENFIN -> INE861B01015
MPHASIS|NOISIN|1,MPHASIS|INE356A01018|1,ISIN_INTRO,MPHASIS -> INE356A01018
MPSLTD|NOISIN|1,MPSLTD|INE943D01017|1,ISIN_INTRO,MPSLTD -> INE943D01017
MRF|NOISIN|1,MRF|INE883A01011|1,ISIN_INTRO,MRF -> INE883A01011
MRO-TEK|NOISIN|4,MRO-TEK|INE398B01018|1,ISIN_INTRO,MRO-TEK -> INE398B01018
MRPL|NOISIN|1,MRPL|INE103A01014|1,ISIN_INTRO,MRPL -> INE103A01014
MSPL|NOISIN|2,MSPL|INE752G01015|1,ISIN_INTRO,MSPL -> INE752G01015
MTNL|NOISIN|1,MTNL|INE153A01019|1,ISIN_INTRO,MTNL -> INE153A01019
MUDRA|NOISIN|1,MUDRA|INE311H01018|1,ISIN_INTRO,MUDRA -> INE311H01018
MUKANDENGG|NOISIN|3,MUKANDENGG|INE022B01014|1,ISIN_INTRO,MUKANDENGG -> INE022B01014
MUKANDLTD|NOISIN|2,MUKANDLTD|INE304A01026|1,ISIN_INTRO,MUKANDLTD -> INE304A01026
MUKTAARTS|NOISIN|6,MUKTAARTS|INE374B01019|1,ISIN_INTRO,MUKTAARTS -> INE374B01019
MUNDRAPORT|NOISIN|1,MUNDRAPORT|INE742F01042|1,ISIN_INTRO,MUNDRAPORT -> INE742F01042
MUNJALAU|NOISIN|1,MUNJALAU|INE672B01024|1,ISIN_INTRO,MUNJALAU -> INE672B01024
MUNJALSHOW|NOISIN|1,MUNJALSHOW|INE577A01027|1,ISIN_INTRO,MUNJALSHOW -> INE577A01027
MURLIIND|NOISIN|2,MURLIIND|INE806B01028|1,ISIN_INTRO,MURLIIND -> INE806B01028
MURUDCERA|NOISIN|1,MURUDCERA|INE692B01014|1,ISIN_INTRO,MURUDCERA -> INE692B01014
MUTHOOTFIN|NOISIN|1,MUTHOOTFIN|INE414G01012|1,ISIN_INTRO,MUTHOOTFIN -> INE414G01012
MVL|NOISIN|3,MVL|INE744I01034|1,ISIN_INTRO,MVL -> INE744I01034
MVLIND|NOISIN|3,MVLIND|INE141B01020|1,ISIN_INTRO,MVLIND -> INE141B01020
MYSOREBANK|NOISIN|1,MYSOREBANK|INE651A01020|1,ISIN_INTRO,MYSOREBANK -> INE651A01020
N100|NOISIN|1,N100|INF247L01031|1,ISIN_INTRO,N100 -> INF247L01031
NAGARFERT|NOISIN|1,NAGARFERT|INE580A01013|1,ISIN_INTRO,NAGARFERT -> INE580A01013
NAGREEKCAP|NOISIN|4,NAGREEKCAP|INE245I01016|1,ISIN_INTRO,NAGREEKCAP -> INE245I01016
NAGREEKEXP|NOISIN|3,NAGREEKEXP|INE123B01028|1,ISIN_INTRO,NAGREEKEXP -> INE123B01028
NAHARCAP|NOISIN|1,NAHARCAP|INE049I01012|1,ISIN_INTRO,NAHARCAP -> INE049I01012
NAHARINDUS|NOISIN|2,NAHARINDUS|INE289A01011|1,ISIN_INTRO,NAHARINDUS -> INE289A01011
NAHARPOLY|NOISIN|1,NAHARPOLY|INE308A01027|1,ISIN_INTRO,NAHARPOLY -> INE308A01027
NAHARSPING|NOISIN|3,NAHARSPING|INE290A01027|1,ISIN_INTRO,NAHARSPING -> INE290A01027
NANDAN|NOISIN|3,NANDAN|INE875G01022|1,ISIN_INTRO,NANDAN -> INE875G01022
NATCOPHARM|NOISIN|2,NATCOPHARM|INE987B01018|1,ISIN_INTRO,NATCOPHARM -> INE987B01018
NATIONALUM|NOISIN|1,NATIONALUM|INE139A01034|1,ISIN_INTRO,NATIONALUM -> INE139A01034
NATNLSTEEL|NOISIN|3,NATNLSTEEL|INE088B01015|1,ISIN_INTRO,NATNLSTEEL -> INE088B01015
NAUKRI|NOISIN|1,NAUKRI|INE663F01024|1,ISIN_INTRO,NAUKRI -> INE663F01024
NAVINFLUOR|NOISIN|1,NAVINFLUOR|INE048G01018|1,ISIN_INTRO,NAVINFLUOR -> INE048G01018
NAVNETPUBL|NOISIN|1,NAVNETPUBL|INE060A01024|1,ISIN_INTRO,NAVNETPUBL -> INE060A01024
NBVENTURES|NOISIN|1,NBVENTURES|INE725A01022|1,ISIN_INTRO,NBVENTURES -> INE725A01022
NCC|NOISIN|1,NCC|INE868B01028|1,ISIN_INTRO,NCC -> INE868B01028
NCLIND|NOISIN|1,NCLIND|INE732C01016|1,ISIN_INTRO,NCLIND -> INE732C01016
NDTV|NOISIN|1,NDTV|INE155G01029|1,ISIN_INTRO,NDTV -> INE155G01029
NECLIFE|NOISIN|2,NECLIFE|INE023H01027|1,ISIN_INTRO,NECLIFE -> INE023H01027
NEHAINT|NOISIN|2,NEHAINT|INE874D01022|1,ISIN_INTRO,NEHAINT -> INE874D01022
NELCAST|NOISIN|2,NELCAST|INE189I01016|1,ISIN_INTRO,NELCAST -> INE189I01016
NELCO|NOISIN|7,NELCO|INE045B01015|1,ISIN_INTRO,NELCO -> INE045B01015
NEOCURE|NOISIN|3,NEOCURE|INE695B01025|1,ISIN_INTRO,NEOCURE -> INE695B01025
NEPCMICON|NOISIN|8,NEPCMICON|INE588A01016|1,ISIN_INTRO,NEPCMICON -> INE588A01016
NESCO|NOISIN|1,NESCO|INE317F01027|1,ISIN_INTRO,NESCO -> INE317F01027
NESTLEIND|NOISIN|1,NESTLEIND|INE239A01016|1,ISIN_INTRO,NESTLEIND -> INE239A01016
NET4|NOISIN|1,NET4|INE553E01012|1,ISIN_INTRO,NET4 -> INE553E01012
NETWORK18|NOISIN|1,NETWORK18|INE870H01013|1,ISIN_INTRO,NETWORK18 -> INE870H01013
NEULANDLAB|NOISIN|2,NEULANDLAB|INE794A01010|1,ISIN_INTRO,NEULANDLAB -> INE794A01010
NEXTMEDIA|NOISIN|1,NEXTMEDIA|INE747B01016|1,ISIN_INTRO,NEXTMEDIA -> INE747B01016
NEYVELILIG|NOISIN|1,NEYVELILIG|INE589A01014|1,ISIN_INTRO,NEYVELILIG -> INE589A01014
NFL|NOISIN|1,NFL|INE870D01012|1,ISIN_INTRO,NFL -> INE870D01012
NHPC|NOISIN|1,NHPC|INE848E01016|1,ISIN_INTRO,NHPC -> INE848E01016
NICCO|NOISIN|2,NICCO|INE241C01026|1,ISIN_INTRO,NICCO -> INE241C01026
NIFTYBEES|NOISIN|1,NIFTYBEES|INF732E01011|1,ISIN_INTRO,NIFTYBEES -> INF732E01011
NIITLTD|NOISIN|1,NIITLTD|INE161A01038|1,ISIN_INTRO,NIITLTD -> INE161A01038
NIITTECH|NOISIN|1,NIITTECH|INE591G01017|1,ISIN_INTRO,NIITTECH -> INE591G01017
NILKAMAL|NOISIN|1,NILKAMAL|INE310A01015|1,ISIN_INTRO,NILKAMAL -> INE310A01015
NIPPOBATRY|NOISIN|1,NIPPOBATRY|INE567A01010|1,ISIN_INTRO,NIPPOBATRY -> INE567A01010
NISSAN|NOISIN|3,NISSAN|INE846H01021|1,ISIN_INTRO,NISSAN -> INE846H01021
NITCO|NOISIN|2,NITCO|INE858F01012|1,ISIN_INTRO,NITCO -> INE858F01012
NITESHEST|NOISIN|1,NITESHEST|INE639K01016|1,ISIN_INTRO,NITESHEST -> INE639K01016
NITINFIRE|NOISIN|1,NITINFIRE|INE489H01020|1,ISIN_INTRO,NITINFIRE -> INE489H01020
NITINSPIN|NOISIN|2,NITINSPIN|INE229H01012|1,ISIN_INTRO,NITINSPIN -> INE229H01012
NMDC|NOISIN|1,NMDC|INE584A01023|1,ISIN_INTRO,NMDC -> INE584A01023
NOCIL|NOISIN|2,NOCIL|INE163A01018|1,ISIN_INTRO,NOCIL -> INE163A01018
NOIDATOLL|NOISIN|1,NOIDATOLL|INE781B01015|1,ISIN_INTRO,NOIDATOLL -> INE781B01015
NORBTEAEXP|NOISIN|4,NORBTEAEXP|INE369C01017|1,ISIN_INTRO,NORBTEAEXP -> INE369C01017
NORTHGATE|NOISIN|3,NORTHGATE|INE217G01019|1,ISIN_INTRO,NORTHGATE -> INE217G01019
NOVOPANIND|NOISIN|5,NOVOPANIND|INE460B01016|1,ISIN_INTRO,NOVOPANIND -> INE460B01016
NRBBEARING|NOISIN|2,NRBBEARING|INE349A01021|1,ISIN_INTRO,NRBBEARING -> INE349A01021
NRC|NOISIN|9,NRC|INE953C01018|1,ISIN_INTRO,NRC -> INE953C01018
NSIL|NOISIN|5,NSIL|INE023A01030|1,ISIN_INTRO,NSIL -> INE023A01030
NTPC|NOISIN|1,NTPC|INE733E01010|1,ISIN_INTRO,NTPC -> INE733E01010
NUCHEM|NOISIN|7,NUCHEM|INE946A01016|1,ISIN_INTRO,NUCHEM -> INE946A01016
NUCLEUS|NOISIN|1,NUCLEUS|INE096B01018|1,ISIN_INTRO,NUCLEUS -> INE096B01018
NUMERICPW|NOISIN|1,NUMERICPW|INE409B01013|1,ISIN_INTRO,NUMERICPW -> INE409B01013
NUTEK|NOISIN|1,NUTEK|INE318J01027|1,ISIN_INTRO,NUTEK -> INE318J01027
OBEROIRLTY|NOISIN|1,OBEROIRLTY|INE093I01010|1,ISIN_INTRO,OBEROIRLTY -> INE093I01010
OCL|NOISIN|1,OCL|INE290B01025|1,ISIN_INTRO,OCL -> INE290B01025
OFSS|NOISIN|1,OFSS|INE881D01027|1,ISIN_INTRO,OFSS -> INE881D01027
OIL|NOISIN|1,OIL|INE274J01014|1,ISIN_INTRO,OIL -> INE274J01014
OILCOUNTUB|NOISIN|4,OILCOUNTUB|INE591A01010|1,ISIN_INTRO,OILCOUNTUB -> INE591A01010
OISL|NOISIN|4,OISL|INE196J01019|1,ISIN_INTRO,OISL -> INE196J01019
OMAXAUTO|NOISIN|1,OMAXAUTO|INE090B01011|1,ISIN_INTRO,OMAXAUTO -> INE090B01011
OMAXE|NOISIN|1,OMAXE|INE800H01010|1,ISIN_INTRO,OMAXE -> INE800H01010
OMKARCHEM|NOISIN|1,OMKARCHEM|INE474L01016|1,ISIN_INTRO,OMKARCHEM -> INE474L01016
OMMETALS|NOISIN|1,OMMETALS|INE239D01028|1,ISIN_INTRO,OMMETALS -> INE239D01028
OMNITECH|NOISIN|1,OMNITECH|INE810H01019|1,ISIN_INTRO,OMNITECH -> INE810H01019
ONGC|NOISIN|1,ONGC|INE213A01029|1,ISIN_INTRO,ONGC -> INE213A01029
ONMOBILE|NOISIN|1,ONMOBILE|INE809I01019|1,ISIN_INTRO,ONMOBILE -> INE809I01019
ONWARDTEC|NOISIN|8,ONWARDTEC|INE229A01017|1,ISIN_INTRO,ONWARDTEC -> INE229A01017
OPTOCIRCUI|NOISIN|1,OPTOCIRCUI|INE808B01016|1,ISIN_INTRO,OPTOCIRCUI -> INE808B01016
ORBITCORP|NOISIN|1,ORBITCORP|INE628H01015|1,ISIN_INTRO,ORBITCORP -> INE628H01015
ORCHIDCHEM|NOISIN|1,ORCHIDCHEM|INE191A01019|1,ISIN_INTRO,ORCHIDCHEM -> INE191A01019
ORIENTABRA|NOISIN|1,ORIENTABRA|INE569C01020|1,ISIN_INTRO,ORIENTABRA -> INE569C01020
ORIENTALTL|NOISIN|2,ORIENTALTL|INE998H01012|1,ISIN_INTRO,ORIENTALTL -> INE998H01012
ORIENTBANK|NOISIN|1,ORIENTBANK|INE141A01014|1,ISIN_INTRO,ORIENTBANK -> INE141A01014
ORIENTCERA|NOISIN|3,ORIENTCERA|INE607D01018|1,ISIN_INTRO,ORIENTCERA -> INE607D01018
ORIENTHOT|NOISIN|1,ORIENTHOT|INE750A01020|1,ISIN_INTRO,ORIENTHOT -> INE750A01020
ORIENTLTD|NOISIN|1,ORIENTLTD|INE609C01024|1,ISIN_INTRO,ORIENTLTD -> INE609C01024
ORIENTPPR|NOISIN|1,ORIENTPPR|INE592A01026|1,ISIN_INTRO,ORIENTPPR -> INE592A01026
ORISSAMINE|NOISIN|1,ORISSAMINE|INE725E01016|1,ISIN_INTRO,ORISSAMINE -> INE725E01016
OSWALMIN|NOISIN|2,OSWALMIN|INE469B01017|1,ISIN_INTRO,OSWALMIN -> INE469B01017
OUDHSUG|NOISIN|3,OUDHSUG|INE594A01014|1,ISIN_INTRO,OUDHSUG -> INE594A01014
PAEL|NOISIN|4,PAEL|INE766A01018|1,ISIN_INTRO,PAEL -> INE766A01018
PAGEIND|NOISIN|2,PAGEIND|INE761H01022|1,ISIN_INTRO,PAGEIND -> INE761H01022
PANACEABIO|NOISIN|1,PANACEABIO|INE922B01023|1,ISIN_INTRO,PANACEABIO -> INE922B01023
PANASONIC|NOISIN|2,PANASONIC|INE841C01015|1,ISIN_INTRO,PANASONIC -> INE841C01015
PANORAMUNI|NOISIN|2,PANORAMUNI|INE194B01029|1,ISIN_INTRO,PANORAMUNI -> INE194B01029
PANTALOONR|NOISIN|1,PANTALOONR|INE623B01027|1,ISIN_INTRO,PANTALOONR -> INE623B01027
PAPERPROD|NOISIN|1,PAPERPROD|INE275B01026|1,ISIN_INTRO,PAPERPROD -> INE275B01026
PARABDRUGS|NOISIN|1,PARABDRUGS|INE618H01016|1,ISIN_INTRO,PARABDRUGS -> INE618H01016
PARACABLES|NOISIN|3,PARACABLES|INE074B01023|1,ISIN_INTRO,PARACABLES -> INE074B01023
PARAL|NOISIN|1,PARAL|INE620C01013|1,ISIN_INTRO,PARAL -> INE620C01013
PARAPRINT|NOISIN|1,PARAPRINT|INE702L01010|1,ISIN_INTRO,PARAPRINT -> INE702L01010
PARASPETRO|NOISIN|3,PARASPETRO|INE162C01024|1,ISIN_INTRO,PARASPETRO -> INE162C01024
PAREKHPLAT|NOISIN|9,PAREKHPLAT|INE598A01015|1,ISIN_INTRO,PAREKHPLAT -> INE598A01015
PARRYSUGAR|NOISIN|2,PARRYSUGAR|INE353B01021|1,ISIN_INTRO,PARRYSUGAR -> INE353B01021
PARSVNATH|NOISIN|1,PARSVNATH|INE561H01026|1,ISIN_INTRO,PARSVNATH -> INE561H01026
PATELENG|NOISIN|1,PATELENG|INE244B01030|1,ISIN_INTRO,PATELENG -> INE244B01030
PATINTLOG|NOISIN|2,PATINTLOG|INE529D01014|1,ISIN_INTRO,PATINTLOG -> INE529D01014
PATNI|NOISIN|1,PATNI|INE660F01012|1,ISIN_INTRO,PATNI -> INE660F01012
PATSPINLTD|NOISIN|6,PATSPINLTD|INE790C01014|1,ISIN_INTRO,PATSPINLTD -> INE790C01014
PBAINFRA|NOISIN|1,PBAINFRA|INE160H01019|1,ISIN_INTRO,PBAINFRA -> INE160H01019
PDPL|NOISIN|1,PDPL|INE904D01019|1,ISIN_INTRO,PDPL -> INE904D01019
PDUMJEIND|NOISIN|2,PDUMJEIND|INE105C01023|1,ISIN_INTRO,PDUMJEIND -> INE105C01023
PDUMJEPULP|NOISIN|3,PDUMJEPULP|INE606A01024|1,ISIN_INTRO,PDUMJEPULP -> INE606A01024
PEACOCKIND|NOISIN|9,PEACOCKIND|INE600A01019|1,ISIN_INTRO,PEACOCKIND -> INE600A01019
PEARLPOLY|NOISIN|2,PEARLPOLY|INE844A01013|1,ISIN_INTRO,PEARLPOLY -> INE844A01013
PENIND|NOISIN|1,PENIND|INE932A01024|1,ISIN_INTRO,PENIND -> INE932A01024
PENINLAND|NOISIN|1,PENINLAND|INE138A01028|1,ISIN_INTRO,PENINLAND -> INE138A01028
PEPL|NOISIN|9,PEPL|INE843A01023|1,ISIN_INTRO,PEPL -> INE843A01023
PERSISTENT|NOISIN|1,PERSISTENT|INE262H01013|1,ISIN_INTRO,PERSISTENT -> INE262H01013
PETRONENGG|NOISIN|4,PETRONENGG|INE742A01019|1,ISIN_INTRO,PETRONENGG -> INE742A01019
PETRONET|NOISIN|1,PETRONET|INE347G01014|1,ISIN_INTRO,PETRONET -> INE347G01014
PFC|NOISIN|1,PFC|INE134E01011|1,ISIN_INTRO,PFC -> INE134E01011
PFIZER|NOISIN|1,PFIZER|INE182A01018|1,ISIN_INTRO,PFIZER -> INE182A01018
PFOCUS|NOISIN|2,PFOCUS|INE367G01038|1,ISIN_INTRO,PFOCUS -> INE367G01038
PFS|NOISIN|1,PFS|INE560K01014|1,ISIN_INTRO,PFS -> INE560K01014
PGHH|NOISIN|1,PGHH|INE179A01014|1,ISIN_INTRO,PGHH -> INE179A01014
PHILIPCARB|NOISIN|4,PHILIPCARB|INE602A01015|1,ISIN_INTRO,PHILIPCARB -> INE602A01015
PHOENIXLTD|NOISIN|1,PHOENIXLTD|INE211B01039|1,ISIN_INTRO,PHOENIXLTD -> INE211B01039
PIDILITIND|NOISIN|1,PIDILITIND|INE318A01026|1,ISIN_INTRO,PIDILITIND -> INE318A01026
PIIND|NOISIN|1,PIIND|INE603J01014|1,ISIN_INTRO,PIIND -> INE603J01014
PIONDIST|NOISIN|2,PIONDIST|INE889E01010|1,ISIN_INTRO,PIONDIST -> INE889E01010
PIONEEREMB|NOISIN|4,PIONEEREMB|INE156C01018|1,ISIN_INTRO,PIONEEREMB -> INE156C01018
PIPAVAVYD|NOISIN|1,PIPAVAVYD|INE542F01012|1,ISIN_INTRO,PIPAVAVYD -> INE542F01012
PIRGLASS|NOISIN|2,PIRGLASS|INE748E01018|1,ISIN_INTRO,PIRGLASS -> INE748E01018
PIRHEALTH|NOISIN|1,PIRHEALTH|INE140A01024|1,ISIN_INTRO,PIRHEALTH -> INE140A01024
PIRLIFE|NOISIN|4,PIRLIFE|INE122J01015|1,ISIN_INTRO,PIRLIFE -> INE122J01015
PITTILAM|NOISIN|3,PITTILAM|INE450D01013|1,ISIN_INTRO,PITTILAM -> INE450D01013
PLASTIBLEN|NOISIN|1,PLASTIBLEN|INE083C01014|1,ISIN_INTRO,PLASTIBLEN -> INE083C01014
PLETHICO|NOISIN|1,PLETHICO|INE491H01018|1,ISIN_INTRO,PLETHICO -> INE491H01018
PNB|NOISIN|1,PNB|INE160A01014|1,ISIN_INTRO,PNB -> INE160A01014
PNBGILTS|NOISIN|2,PNBGILTS|INE859A01011|1,ISIN_INTRO,PNBGILTS -> INE859A01011
PNC|NOISIN|2,PNC|INE392B01011|1,ISIN_INTRO,PNC -> INE392B01011
POCHIRAJU|NOISIN|1,POCHIRAJU|INE332G01032|1,ISIN_INTRO,POCHIRAJU -> INE332G01032
POLARIND|NOISIN|7,POLARIND|INE057B01010|1,ISIN_INTRO,POLARIND -> INE057B01010
POLARIS|NOISIN|1,POLARIS|INE763A01023|1,ISIN_INTRO,POLARIS -> INE763A01023
POLYPLEX|NOISIN|4,POLYPLEX|INE633B01018|1,ISIN_INTRO,POLYPLEX -> INE633B01018
PONDYOXIDE|NOISIN|1,PONDYOXIDE|INE063E01038|1,ISIN_INTRO,PONDYOXIDE -> INE063E01038
PONNIERODE|NOISIN|4,PONNIERODE|INE838E01017|1,ISIN_INTRO,PONNIERODE -> INE838E01017
POWERGRID|NOISIN|1,POWERGRID|INE752E01010|1,ISIN_INTRO,POWERGRID -> INE752E01010
PPAP|NOISIN|2,PPAP|INE095I01015|1,ISIN_INTRO,PPAP -> INE095I01015
PRADIP|NOISIN|1,PRADIP|INE495J01015|1,ISIN_INTRO,PRADIP -> INE495J01015
PRAENG|NOISIN|3,PRAENG|INE505C01016|1,ISIN_INTRO,PRAENG -> INE505C01016
PRAJIND|NOISIN|1,PRAJIND|INE074A01025|1,ISIN_INTRO,PRAJIND -> INE074A01025
PRAKASH|NOISIN|3,PRAKASH|INE603A01013|1,ISIN_INTRO,PRAKASH -> INE603A01013
PRAKASHSTL|NOISIN|1,PRAKASHSTL|INE696K01016|1,ISIN_INTRO,PRAKASHSTL -> INE696K01016
PRATIBHA|NOISIN|2,PRATIBHA|INE308H01022|1,ISIN_INTRO,PRATIBHA -> INE308H01022
PRECOT|NOISIN|2,PRECOT|INE283A01014|1,ISIN_INTRO,PRECOT -> INE283A01014
PRECWIRE|NOISIN|2,PRECWIRE|INE372C01011|1,ISIN_INTRO,PRECWIRE -> INE372C01011
PREMIER|NOISIN|4,PREMIER|INE342A01018|1,ISIN_INTRO,PREMIER -> INE342A01018
PRESTIGE|NOISIN|1,PRESTIGE|INE811K01011|1,ISIN_INTRO,PRESTIGE -> INE811K01011
PRETAILDVR|NOISIN|1,PRETAILDVR|IN9623B01058|1,ISIN_INTRO,PRETAILDVR -> IN9623B01058
PRICOL|NOISIN|3,PRICOL|INE605A01026|1,ISIN_INTRO,PRICOL -> INE605A01026
PRIMESECU|NOISIN|2,PRIMESECU|INE032B01021|1,ISIN_INTRO,PRIMESECU -> INE032B01021
PRISMCEM|NOISIN|1,PRISMCEM|INE010A01011|1,ISIN_INTRO,PRISMCEM -> INE010A01011
PRITHVI|NOISIN|1,PRITHVI|INE700C01013|1,ISIN_INTRO,PRITHVI -> INE700C01013
PROVOGUE|NOISIN|2,PROVOGUE|INE968G01025|1,ISIN_INTRO,PROVOGUE -> INE968G01025
PSB|NOISIN|1,PSB|INE608A01012|1,ISIN_INTRO,PSB -> INE608A01012
PSL|NOISIN|1,PSL|INE474B01017|1,ISIN_INTRO,PSL -> INE474B01017
PSUBNKBEES|NOISIN|1,PSUBNKBEES|INF732E01110|1,ISIN_INTRO,PSUBNKBEES -> INF732E01110
PTC|NOISIN|1,PTC|INE877F01012|1,ISIN_INTRO,PTC -> INE877F01012
PTL|NOISIN|7,PTL|INE034D01031|1,ISIN_INTRO,PTL -> INE034D01031
PUNJABCHEM|NOISIN|1,PUNJABCHEM|INE277B01014|1,ISIN_INTRO,PUNJABCHEM -> INE277B01014
PUNJLLOYD|NOISIN|1,PUNJLLOYD|INE701B01021|1,ISIN_INTRO,PUNJLLOYD -> INE701B01021
PURVA|NOISIN|1,PURVA|INE323I01011|1,ISIN_INTRO,PURVA -> INE323I01011
PVP|NOISIN|2,PVP|INE362A01016|1,ISIN_INTRO,PVP -> INE362A01016
PVR|NOISIN|3,PVR|INE191H01014|1,ISIN_INTRO,PVR -> INE191H01014
QGOLDHALF|NOISIN|1,QGOLDHALF|INF082J01010|1,ISIN_INTRO,QGOLDHALF -> INF082J01010
QNIFTY|NOISIN|1,QNIFTY|INF082J01028|1,ISIN_INTRO,QNIFTY -> INF082J01028
QUINTEGRA|NOISIN|10,QUINTEGRA|INE033B01011|1,ISIN_INTRO,QUINTEGRA -> INE033B01011
RADAAN|NOISIN|5,RADAAN|INE874F01027|1,ISIN_INTRO,RADAAN -> INE874F01027
RADICO|NOISIN|1,RADICO|INE944F01028|1,ISIN_INTRO,RADICO -> INE944F01028
RAINBOWPAP|NOISIN|1,RAINBOWPAP|INE028D01025|1,ISIN_INTRO,RAINBOWPAP -> INE028D01025
RAINCOM|NOISIN|1,RAINCOM|INE855B01025|1,ISIN_INTRO,RAINCOM -> INE855B01025
RAJESHEXPO|NOISIN|1,RAJESHEXPO|INE343B01030|1,ISIN_INTRO,RAJESHEXPO -> INE343B01030
RAJOIL|NOISIN|1,RAJOIL|INE294G01018|1,ISIN_INTRO,RAJOIL -> INE294G01018
RAJPALAYAM|NOISIN|1,RAJPALAYAM|INE296E01026|1,ISIN_INTRO,RAJPALAYAM -> INE296E01026
RAJRAYON|NOISIN|2,RAJRAYON|INE533D01016|1,ISIN_INTRO,RAJRAYON -> INE533D01016
RAJSREESUG|NOISIN|2,RAJSREESUG|INE562B01019|1,ISIN_INTRO,RAJSREESUG -> INE562B01019
RAJTV|NOISIN|5,RAJTV|INE952H01019|1,ISIN_INTRO,RAJTV -> INE952H01019
RAJVIR|NOISIN|3,RAJVIR|INE011H01014|1,ISIN_INTRO,RAJVIR -> INE011H01014
RALLIS|NOISIN|1,RALLIS|INE613A01012|1,ISIN_INTRO,RALLIS -> INE613A01012
RAMANEWS|NOISIN|4,RAMANEWS|INE278B01020|1,ISIN_INTRO,RAMANEWS -> INE278B01020
RAMCOIND|NOISIN|2,RAMCOIND|INE614A01028|1,ISIN_INTRO,RAMCOIND -> INE614A01028
RAMCOSYS|NOISIN|6,RAMCOSYS|INE246B01019|1,ISIN_INTRO,RAMCOSYS -> INE246B01019
RAMKY|NOISIN|1,RAMKY|INE874I01013|1,ISIN_INTRO,RAMKY -> INE874I01013
RAMSARUP|NOISIN|4,RAMSARUP|INE005D01015|1,ISIN_INTRO,RAMSARUP -> INE005D01015
RANASUG|NOISIN|5,RANASUG|INE625B01014|1,ISIN_INTRO,RANASUG -> INE625B01014
RANBAXY|NOISIN|1,RANBAXY|INE015A01028|1,ISIN_INTRO,RANBAXY -> INE015A01028
RANEENGINE|NOISIN|2,RANEENGINE|INE222J01013|1,ISIN_INTRO,RANEENGINE -> INE222J01013
RANEHOLDIN|NOISIN|1,RANEHOLDIN|INE384A01010|1,ISIN_INTRO,RANEHOLDIN -> INE384A01010
RANKLIN|NOISIN|1,RANKLIN|INE619C01015|1,ISIN_INTRO,RANKLIN -> INE619C01015
RATNAMANI|NOISIN|1,RATNAMANI|INE703B01027|1,ISIN_INTRO,RATNAMANI -> INE703B01027
RAYMOND|NOISIN|1,RAYMOND|INE301A01014|1,ISIN_INTRO,RAYMOND -> INE301A01014
RBL|NOISIN|3,RBL|INE244J01017|1,ISIN_INTRO,RBL -> INE244J01017
RBN|NOISIN|1,RBN|INE445K01018|1,ISIN_INTRO,RBN -> INE445K01018
RCF|NOISIN|1,RCF|INE027A01015|1,ISIN_INTRO,RCF -> INE027A01015
RCOM|NOISIN|1,RCOM|INE330H01018|1,ISIN_INTRO,RCOM -> INE330H01018
RECLTD|NOISIN|1,RECLTD|INE020B01018|1,ISIN_INTRO,RECLTD -> INE020B01018
REDINGTON|NOISIN|1,REDINGTON|INE891D01026|1,ISIN_INTRO,REDINGTON -> INE891D01026
REFEX|NOISIN|4,REFEX|INE056I01017|1,ISIN_INTRO,REFEX -> INE056I01017
REIAGROLTD|NOISIN|1,REIAGROLTD|INE385B01031|1,ISIN_INTRO,REIAGROLTD -> INE385B01031
REISIXTEN|NOISIN|1,REISIXTEN|INE849J01021|1,ISIN_INTRO,REISIXTEN -> INE849J01021
RELAXO|NOISIN|1,RELAXO|INE131B01021|1,ISIN_INTRO,RELAXO -> INE131B01021
RELCAPITAL|NOISIN|1,RELCAPITAL|INE013A01015|1,ISIN_INTRO,RELCAPITAL -> INE013A01015
RELGOLD|NOISIN|1,RELGOLD|INF733I01010|1,ISIN_INTRO,RELGOLD -> INF733I01010
RELGRNIFTY|NOISIN|1,RELGRNIFTY|INF205K01DA9|1,ISIN_INTRO,RELGRNIFTY -> INF205K01DA9
RELIANCE|NOISIN|1,RELIANCE|INE002A01018|1,ISIN_INTRO,RELIANCE -> INE002A01018
RELIGARE|NOISIN|1,RELIGARE|INE621H01010|1,ISIN_INTRO,RELIGARE -> INE621H01010
RELIGAREGO|NOISIN|1,RELIGAREGO|INF205K01361|1,ISIN_INTRO,RELIGAREGO -> INF205K01361
RELINFRA|NOISIN|1,RELINFRA|INE036A01016|1,ISIN_INTRO,RELINFRA -> INE036A01016
RELMEDIA|NOISIN|1,RELMEDIA|INE540B01015|1,ISIN_INTRO,RELMEDIA -> INE540B01015
RENUKA|NOISIN|1,RENUKA|INE087H01022|1,ISIN_INTRO,RENUKA -> INE087H01022
REPRO|NOISIN|2,REPRO|INE461B01014|1,ISIN_INTRO,REPRO -> INE461B01014
RESURGERE|NOISIN|1,RESURGERE|INE774I01023|1,ISIN_INTRO,RESURGERE -> INE774I01023
REVATHI|NOISIN|2,REVATHI|INE617A01013|1,ISIN_INTRO,REVATHI -> INE617A01013
RICOAUTO|NOISIN|2,RICOAUTO|INE209B01025|1,ISIN_INTRO,RICOAUTO -> INE209B01025
RIIL|NOISIN|1,RIIL|INE046A01015|1,ISIN_INTRO,RIIL -> INE046A01015
RKDL|NOISIN|2,RKDL|INE722J01012|1,ISIN_INTRO,RKDL -> INE722J01012
RKFORGE|NOISIN|4,RKFORGE|INE399G01015|1,ISIN_INTRO,RKFORGE -> INE399G01015
RMCL|NOISIN|5,RMCL|INE172H01014|1,ISIN_INTRO,RMCL -> INE172H01014
RML|NOISIN|2,RML|INE050H01012|1,ISIN_INTRO,RML -> INE050H01012
ROHITFERRO|NOISIN|3,ROHITFERRO|INE248H01012|1,ISIN_INTRO,ROHITFERRO -> INE248H01012
ROHLTD|NOISIN|1,ROHLTD|INE283H01019|1,ISIN_INTRO,ROHLTD -> INE283H01019
ROLTA|NOISIN|1,ROLTA|INE293A01013|1,ISIN_INTRO,ROLTA -> INE293A01013
ROMAN|NOISIN|4,ROMAN|INE924H01018|1,ISIN_INTRO,ROMAN -> INE924H01018
RPGLIFE|NOISIN|2,RPGLIFE|INE105J01010|1,ISIN_INTRO,RPGLIFE -> INE105J01010
RPOWER|NOISIN|1,RPOWER|INE614G01033|1,ISIN_INTRO,RPOWER -> INE614G01033
RPPINFRA|NOISIN|1,RPPINFRA|INE324L01013|1,ISIN_INTRO,RPPINFRA -> INE324L01013
RSSOFTWARE|NOISIN|4,RSSOFTWARE|INE165B01011|1,ISIN_INTRO,RSSOFTWARE -> INE165B01011
RSWM|NOISIN|2,RSWM|INE611A01016|1,ISIN_INTRO,RSWM -> INE611A01016
RSYSTEMS|NOISIN|1,RSYSTEMS|INE411H01024|1,ISIN_INTRO,RSYSTEMS -> INE411H01024
RUBYMILLS|NOISIN|4,RUBYMILLS|INE301D01018|1,ISIN_INTRO,RUBYMILLS -> INE301D01018
RUCHINFRA|NOISIN|4,RUCHINFRA|INE413B01023|1,ISIN_INTRO,RUCHINFRA -> INE413B01023
RUCHIRA|NOISIN|8,RUCHIRA|INE803H01014|1,ISIN_INTRO,RUCHIRA -> INE803H01014
RUCHISOYA|NOISIN|1,RUCHISOYA|INE619A01027|1,ISIN_INTRO,RUCHISOYA -> INE619A01027
SABTN|NOISIN|5,SABTN|INE416A01036|1,ISIN_INTRO,SABTN -> INE416A01036
SADBHAV|NOISIN|1,SADBHAV|INE226H01026|1,ISIN_INTRO,SADBHAV -> INE226H01026
SAGCEM|NOISIN|1,SAGCEM|INE229C01013|1,ISIN_INTRO,SAGCEM -> INE229C01013
SAHPETRO|NOISIN|5,SAHPETRO|INE586G01017|1,ISIN_INTRO,SAHPETRO -> INE586G01017
SAIL|NOISIN|1,SAIL|INE114A01011|1,ISIN_INTRO,SAIL -> INE114A01011
SAKHTISUG|NOISIN|3,SAKHTISUG|INE623A01011|1,ISIN_INTRO,SAKHTISUG -> INE623A01011
SAKSOFT|NOISIN|6,SAKSOFT|INE667G01015|1,ISIN_INTRO,SAKSOFT -> INE667G01015
SAKUMA|NOISIN|1,SAKUMA|INE190H01016|1,ISIN_INTRO,SAKUMA -> INE190H01016
SALONACOT|NOISIN|2,SALONACOT|INE498E01010|1,ISIN_INTRO,SALONACOT -> INE498E01010
SALORAINTL|NOISIN|2,SALORAINTL|INE924A01013|1,ISIN_INTRO,SALORAINTL -> INE924A01013
SALSTEEL|NOISIN|5,SALSTEEL|INE658G01014|1,ISIN_INTRO,SALSTEEL -> INE658G01014
SAMBANDAM|NOISIN|1,SAMBANDAM|INE304D01012|1,ISIN_INTRO,SAMBANDAM -> INE304D01012
SAMBHAAV|NOISIN|4,SAMBHAAV|INE699B01027|1,ISIN_INTRO,SAMBHAAV -> INE699B01027
SANDESH|NOISIN|2,SANDESH|INE583B01015|1,ISIN_INTRO,SANDESH -> INE583B01015
SANGAMIND|NOISIN|3,SANGAMIND|INE495C01010|1,ISIN_INTRO,SANGAMIND -> INE495C01010
SANGHIIND|NOISIN|1,SANGHIIND|INE999B01013|1,ISIN_INTRO,SANGHIIND -> INE999B01013
SANGHIPOLY|NOISIN|5,SANGHIPOLY|INE146A01013|1,ISIN_INTRO,SANGHIPOLY -> INE146A01013
SANGHVIFOR|NOISIN|1,SANGHVIFOR|INE263L01013|1,ISIN_INTRO,SANGHVIFOR -> INE263L01013
SANGHVIMOV|NOISIN|1,SANGHVIMOV|INE989A01024|1,ISIN_INTRO,SANGHVIMOV -> INE989A01024
SANWARIA|NOISIN|2,SANWARIA|INE890C01046|1,ISIN_INTRO,SANWARIA -> INE890C01046
SARDAEN|NOISIN|1,SARDAEN|INE385C01013|1,ISIN_INTRO,SARDAEN -> INE385C01013
SAREGAMA|NOISIN|6,SAREGAMA|INE979A01017|1,ISIN_INTRO,SAREGAMA -> INE979A01017
SASKEN|NOISIN|1,SASKEN|INE231F01020|1,ISIN_INTRO,SASKEN -> INE231F01020
SATHAISPAT|NOISIN|1,SATHAISPAT|INE176C01016|1,ISIN_INTRO,SATHAISPAT -> INE176C01016
SATYAMCOMP|NOISIN|1,SATYAMCOMP|INE275A01028|1,ISIN_INTRO,SATYAMCOMP -> INE275A01028
SAVERA|NOISIN|1,SAVERA|INE104E01014|1,ISIN_INTRO,SAVERA -> INE104E01014
SBBJ|NOISIN|1,SBBJ|INE648A01026|1,ISIN_INTRO,SBBJ -> INE648A01026
SBIGETS|NOISIN|1,SBIGETS|INF200K01099|1,ISIN_INTRO,SBIGETS -> INF200K01099
SBIN|NOISIN|1,SBIN|INE062A01012|1,ISIN_INTRO,SBIN -> INE062A01012
SBT|NOISIN|1,SBT|INE654A01024|1,ISIN_INTRO,SBT -> INE654A01024
SCI|NOISIN|1,SCI|INE109A01011|1,ISIN_INTRO,SCI -> INE109A01011
SEAMECLTD|NOISIN|3,SEAMECLTD|INE497B01018|1,ISIN_INTRO,SEAMECLTD -> INE497B01018
SEINVEST|NOISIN|1,SEINVEST|INE420C01034|1,ISIN_INTRO,SEINVEST -> INE420C01034
SELAN|NOISIN|2,SELAN|INE818A01017|1,ISIN_INTRO,SELAN -> INE818A01017
SELMCL|NOISIN|1,SELMCL|INE105I01012|1,ISIN_INTRO,SELMCL -> INE105I01012
SENTINEL|NOISIN|1,SENTINEL|INE577L01016|1,ISIN_INTRO,SENTINEL -> INE577L01016
SERVALL|NOISIN|1,SERVALL|INE431L01016|1,ISIN_INTRO,SERVALL -> INE431L01016
SESAGOA|NOISIN|1,SESAGOA|INE205A01025|1,ISIN_INTRO,SESAGOA -> INE205A01025
SESHAPAPER|NOISIN|1,SESHAPAPER|INE630A01016|1,ISIN_INTRO,SESHAPAPER -> INE630A01016
SGJHL|NOISIN|1,SGJHL|INE553K01019|1,ISIN_INTRO,SGJHL -> INE553K01019
SGL|NOISIN|3,SGL|INE353H01010|1,ISIN_INTRO,SGL -> INE353H01010
SHAHALLOYS|NOISIN|7,SHAHALLOYS|INE640C01011|1,ISIN_INTRO,SHAHALLOYS -> INE640C01011
SHANTIGEAR|NOISIN|1,SHANTIGEAR|INE631A01022|1,ISIN_INTRO,SHANTIGEAR -> INE631A01022
SHARIABEES|NOISIN|1,SHARIABEES|INF732E01128|1,ISIN_INTRO,SHARIABEES -> INF732E01128
SHARRESLTD|NOISIN|2,SHARRESLTD|INE559D01011|1,ISIN_INTRO,SHARRESLTD -> INE559D01011
SHASUNPHAR|NOISIN|2,SHASUNPHAR|INE317A01028|1,ISIN_INTRO,SHASUNPHAR -> INE317A01028
SHILPAMED|NOISIN|1,SHILPAMED|INE790G01023|1,ISIN_INTRO,SHILPAMED -> INE790G01023
SHILPI|NOISIN|1,SHILPI|INE510K01019|1,ISIN_INTRO,SHILPI -> INE510K01019
SHIV-VANI|NOISIN|2,SHIV-VANI|INE756B01017|1,ISIN_INTRO,SHIV-VANI -> INE756B01017
SHIVAMAUTO|NOISIN|1,SHIVAMAUTO|INE637H01016|1,ISIN_INTRO,SHIVAMAUTO -> INE637H01016
SHIVTEX|NOISIN|1,SHIVTEX|INE705C01012|1,ISIN_INTRO,SHIVTEX -> INE705C01012
SHLAKSHMI|NOISIN|1,SHLAKSHMI|INE851B01016|1,ISIN_INTRO,SHLAKSHMI -> INE851B01016
SHOPERSTOP|NOISIN|1,SHOPERSTOP|INE498B01024|1,ISIN_INTRO,SHOPERSTOP -> INE498B01024
SHPRE|NOISIN|1,SHPRE|INE318K01017|1,ISIN_INTRO,SHPRE -> INE318K01017
SHREEASHTA|NOISIN|2,SHREEASHTA|INE538H01024|1,ISIN_INTRO,SHREEASHTA -> INE538H01024
SHREECEM|NOISIN|1,SHREECEM|INE070A01015|1,ISIN_INTRO,SHREECEM -> INE070A01015
SHREERAMA|NOISIN|10,SHREERAMA|INE879A01019|1,ISIN_INTRO,SHREERAMA -> INE879A01019
SHRENUJ|NOISIN|1,SHRENUJ|INE633A01028|1,ISIN_INTRO,SHRENUJ -> INE633A01028
SHREYAS|NOISIN|5,SHREYAS|INE757B01015|1,ISIN_INTRO,SHREYAS -> INE757B01015
SHRIRAMCIT|NOISIN|1,SHRIRAMCIT|INE722A01011|1,ISIN_INTRO,SHRIRAMCIT -> INE722A01011
SHRIRAMEPC|NOISIN|1,SHRIRAMEPC|INE964H01014|1,ISIN_INTRO,SHRIRAMEPC -> INE964H01014
SHYAMTEL|NOISIN|3,SHYAMTEL|INE635A01023|1,ISIN_INTRO,SHYAMTEL -> INE635A01023
SICAGEN|NOISIN|2,SICAGEN|INE176J01011|1,ISIN_INTRO,SICAGEN -> INE176J01011
SICAL|NOISIN|3,SICAL|INE075B01012|1,ISIN_INTRO,SICAL -> INE075B01012
SIEMENS|NOISIN|1,SIEMENS|INE003A01024|1,ISIN_INTRO,SIEMENS -> INE003A01024
SILINV|NOISIN|1,SILINV|INE923A01015|1,ISIN_INTRO,SILINV -> INE923A01015
SIMBHSUGAR|NOISIN|7,SIMBHSUGAR|INE270C01017|1,ISIN_INTRO,SIMBHSUGAR -> INE270C01017
SIMPLEX|NOISIN|2,SIMPLEX|INE898F01018|1,ISIN_INTRO,SIMPLEX -> INE898F01018
SIMPLEXINF|NOISIN|1,SIMPLEXINF|INE059B01024|1,ISIN_INTRO,SIMPLEXINF -> INE059B01024
SINTEX|NOISIN|1,SINTEX|INE429C01035|1,ISIN_INTRO,SINTEX -> INE429C01035
SIRPAPER|NOISIN|3,SIRPAPER|INE202C01010|1,ISIN_INTRO,SIRPAPER -> INE202C01010
SITASHREE|NOISIN|3,SITASHREE|INE686I01011|1,ISIN_INTRO,SITASHREE -> INE686I01011
SIYSIL|NOISIN|1,SIYSIL|INE076B01010|1,ISIN_INTRO,SIYSIL -> INE076B01010
SJVN|NOISIN|1,SJVN|INE002L01015|1,ISIN_INTRO,SJVN -> INE002L01015
SKFINDIA|NOISIN|1,SKFINDIA|INE640A01023|1,ISIN_INTRO,SKFINDIA -> INE640A01023
SKMEGGPROD|NOISIN|3,SKMEGGPROD|INE411D01015|1,ISIN_INTRO,SKMEGGPROD -> INE411D01015
SKSMICRO|NOISIN|1,SKSMICRO|INE180K01011|1,ISIN_INTRO,SKSMICRO -> INE180K01011
SKUMARSYNF|NOISIN|2,SKUMARSYNF|INE772A01016|1,ISIN_INTRO,SKUMARSYNF -> INE772A01016
SMARTLINK|NOISIN|1,SMARTLINK|INE178C01020|1,ISIN_INTRO,SMARTLINK -> INE178C01020
SMLISUZU|NOISIN|1,SMLISUZU|INE294B01019|1,ISIN_INTRO,SMLISUZU -> INE294B01019
SMPL|NOISIN|1,SMPL|INE215G01021|1,ISIN_INTRO,SMPL -> INE215G01021
SMSPHARMA|NOISIN|2,SMSPHARMA|INE812G01017|1,ISIN_INTRO,SMSPHARMA -> INE812G01017
SOBHA|NOISIN|1,SOBHA|INE671H01015|1,ISIN_INTRO,SOBHA -> INE671H01015
SOLARINDS|NOISIN|1,SOLARINDS|INE343H01011|1,ISIN_INTRO,SOLARINDS -> INE343H01011
SOMANYCERA|NOISIN|2,SOMANYCERA|INE355A01028|1,ISIN_INTRO,SOMANYCERA -> INE355A01028
SOMATEX|NOISIN|5,SOMATEX|INE314C01013|1,ISIN_INTRO,SOMATEX -> INE314C01013
SONASTEER|NOISIN|3,SONASTEER|INE643A01035|1,ISIN_INTRO,SONASTEER -> INE643A01035
SONATSOFTW|NOISIN|2,SONATSOFTW|INE269A01021|1,ISIN_INTRO,SONATSOFTW -> INE269A01021
SOTL|NOISIN|1,SOTL|INE035D01012|1,ISIN_INTRO,SOTL -> INE035D01012
SOUISPAT|NOISIN|1,SOUISPAT|INE943B01011|1,ISIN_INTRO,SOUISPAT -> INE943B01011
SOUTHBANK|NOISIN|1,SOUTHBANK|INE683A01023|1,ISIN_INTRO,SOUTHBANK -> INE683A01023
SPANCO|NOISIN|1,SPANCO|INE360B01026|1,ISIN_INTRO,SPANCO -> INE360B01026
SPARC|NOISIN|1,SPARC|INE232I01014|1,ISIN_INTRO,SPARC -> INE232I01014
SPECTACLE|NOISIN|2,SPECTACLE|INE409H01028|1,ISIN_INTRO,SPECTACLE -> INE409H01028
SPENTEX|NOISIN|5,SPENTEX|INE376C01020|1,ISIN_INTRO,SPENTEX -> INE376C01020
SPIC|NOISIN|10,SPIC|INE147A01011|1,ISIN_INTRO,SPIC -> INE147A01011
SPICEMOBIL|NOISIN|2,SPICEMOBIL|INE927C01020|1,ISIN_INTRO,SPICEMOBIL -> INE927C01020
SPLIL|NOISIN|3,SPLIL|INE978G01016|1,ISIN_INTRO,SPLIL -> INE978G01016
SPMLINFRA|NOISIN|1,SPMLINFRA|INE937A01023|1,ISIN_INTRO,SPMLINFRA -> INE937A01023
SPYL|NOISIN|1,SPYL|INE268L01012|1,ISIN_INTRO,SPYL -> INE268L01012
SREINFRA|NOISIN|1,SREINFRA|INE872A01014|1,ISIN_INTRO,SREINFRA -> INE872A01014
SRF|NOISIN|1,SRF|INE647A01010|1,ISIN_INTRO,SRF -> INE647A01010
SRGINFOTEC|NOISIN|9,SRGINFOTEC|INE376A01032|1,ISIN_INTRO,SRGINFOTEC -> INE376A01032
SRHHLINDST|NOISIN|6,SRHHLINDST|INE724B01023|1,ISIN_INTRO,SRHHLINDST -> INE724B01023
SRHHYPOLTD|NOISIN|1,SRHHYPOLTD|INE917H01012|1,ISIN_INTRO,SRHHYPOLTD -> INE917H01012
SRTRANSFIN|NOISIN|1,SRTRANSFIN|INE721A01013|1,ISIN_INTRO,SRTRANSFIN -> INE721A01013
SSWL|NOISIN|2,SSWL|INE802C01017|1,ISIN_INTRO,SSWL -> INE802C01017
STAR|NOISIN|1,STAR|INE939A01011|1,ISIN_INTRO,STAR -> INE939A01011
STARPAPER|NOISIN|2,STARPAPER|INE733A01018|1,ISIN_INTRO,STARPAPER -> INE733A01018
STCINDIA|NOISIN|1,STCINDIA|INE655A01013|1,ISIN_INTRO,STCINDIA -> INE655A01013
STER|NOISIN|1,STER|INE268A01049|1,ISIN_INTRO,STER -> INE268A01049
STERLINBIO|NOISIN|1,STERLINBIO|INE324C01038|1,ISIN_INTRO,STERLINBIO -> INE324C01038
STERTOOLS|NOISIN|1,STERTOOLS|INE334A01015|1,ISIN_INTRO,STERTOOLS -> INE334A01015
STRTECH|NOISIN|1,STRTECH|INE089C01029|1,ISIN_INTRO,STRTECH -> INE089C01029
SUBEX|NOISIN|3,SUBEX|INE754A01014|1,ISIN_INTRO,SUBEX -> INE754A01014
SUDAR|NOISIN|1,SUDAR|INE384L01017|1,ISIN_INTRO,SUDAR -> INE384L01017
SUDARSCHEM|NOISIN|4,SUDARSCHEM|INE659A01015|1,ISIN_INTRO,SUDARSCHEM -> INE659A01015
SUJANATOW|NOISIN|2,SUJANATOW|INE333I01028|1,ISIN_INTRO,SUJANATOW -> INE333I01028
SUJANAUNI|NOISIN|2,SUJANAUNI|INE216G01011|1,ISIN_INTRO,SUJANAUNI -> INE216G01011
SUMEETINDS|NOISIN|1,SUMEETINDS|INE235C01010|1,ISIN_INTRO,SUMEETINDS -> INE235C01010
SUMMITSEC|NOISIN|1,SUMMITSEC|INE519C01017|1,ISIN_INTRO,SUMMITSEC -> INE519C01017
SUNCLAYTON|NOISIN|2,SUNCLAYTON|INE105A01027|1,ISIN_INTRO,SUNCLAYTON -> INE105A01027
SUNDARAM|NOISIN|1,SUNDARAM|INE108E01023|1,ISIN_INTRO,SUNDARAM -> INE108E01023
SUNDARMFIN|NOISIN|1,SUNDARMFIN|INE660A01013|1,ISIN_INTRO,SUNDARMFIN -> INE660A01013
SUNDRMBRAK|NOISIN|1,SUNDRMBRAK|INE073D01013|1,ISIN_INTRO,SUNDRMBRAK -> INE073D01013
SUNDRMFAST|NOISIN|1,SUNDRMFAST|INE387A01021|1,ISIN_INTRO,SUNDRMFAST -> INE387A01021
SUNFLAG|NOISIN|1,SUNFLAG|INE947A01014|1,ISIN_INTRO,SUNFLAG -> INE947A01014
SUNILHITEC|NOISIN|1,SUNILHITEC|INE305H01010|1,ISIN_INTRO,SUNILHITEC -> INE305H01010
SUNPHARMA|NOISIN|1,SUNPHARMA|INE044A01036|1,ISIN_INTRO,SUNPHARMA -> INE044A01036
SUNTECK|NOISIN|1,SUNTECK|INE805D01026|1,ISIN_INTRO,SUNTECK -> INE805D01026
SUNTV|NOISIN|1,SUNTV|INE424H01027|1,ISIN_INTRO,SUNTV -> INE424H01027
SUPER|NOISIN|1,SUPER|INE091C01017|1,ISIN_INTRO,SUPER -> INE091C01017
SUPERSPIN|NOISIN|5,SUPERSPIN|INE662A01027|1,ISIN_INTRO,SUPERSPIN -> INE662A01027
SUPPETRO|NOISIN|2,SUPPETRO|INE663A01017|1,ISIN_INTRO,SUPPETRO -> INE663A01017
SUPRAJIT|NOISIN|3,SUPRAJIT|INE399C01030|1,ISIN_INTRO,SUPRAJIT -> INE399C01030
SUPREMEIND|NOISIN|1,SUPREMEIND|INE195A01028|1,ISIN_INTRO,SUPREMEIND -> INE195A01028
SUPREMEINF|NOISIN|1,SUPREMEINF|INE550H01011|1,ISIN_INTRO,SUPREMEINF -> INE550H01011
SURAJDIAMN|NOISIN|1,SURAJDIAMN|INE664A01015|1,ISIN_INTRO,SURAJDIAMN -> INE664A01015
SURANACORP|NOISIN|3,SURANACORP|INE357D01010|1,ISIN_INTRO,SURANACORP -> INE357D01010
SURANAIND|NOISIN|1,SURANAIND|INE659D01019|1,ISIN_INTRO,SURANAIND -> INE659D01019
SURANAT&P|NOISIN|1,SURANAT&P|INE130B01023|1,ISIN_INTRO,SURANAT&P -> INE130B01023
SURANAVEL|NOISIN|1,SURANAVEL|INE272L01014|1,ISIN_INTRO,SURANAVEL -> INE272L01014
SURYAJYOTI|NOISIN|3,SURYAJYOTI|INE411C01017|1,ISIN_INTRO,SURYAJYOTI -> INE411C01017
SURYALAXMI|NOISIN|5,SURYALAXMI|INE713B01026|1,ISIN_INTRO,SURYALAXMI -> INE713B01026
SURYAPHARM|NOISIN|1,SURYAPHARM|INE249G01020|1,ISIN_INTRO,SURYAPHARM -> INE249G01020
SURYAROSNI|NOISIN|2,SURYAROSNI|INE335A01012|1,ISIN_INTRO,SURYAROSNI -> INE335A01012
SUTLEJTEX|NOISIN|3,SUTLEJTEX|INE645H01019|1,ISIN_INTRO,SUTLEJTEX -> INE645H01019
SUVEN|NOISIN|6,SUVEN|INE495B01038|1,ISIN_INTRO,SUVEN -> INE495B01038
SUZLON|NOISIN|1,SUZLON|INE040H01021|1,ISIN_INTRO,SUZLON -> INE040H01021
SWARAJENG|NOISIN|3,SWARAJENG|INE277A01016|1,ISIN_INTRO,SWARAJENG -> INE277A01016
SYMPHONY|NOISIN|1,SYMPHONY|INE225D01019|1,ISIN_INTRO,SYMPHONY -> INE225D01019
SYNCOM|NOISIN|1,SYNCOM|INE602K01014|1,ISIN_INTRO,SYNCOM -> INE602K01014
SYNDIBANK|NOISIN|1,SYNDIBANK|INE667A01018|1,ISIN_INTRO,SYNDIBANK -> INE667A01018
TAINWALCHM|NOISIN|2,TAINWALCHM|INE123C01018|1,ISIN_INTRO,TAINWALCHM -> INE123C01018
TAJGVK|NOISIN|1,TAJGVK|INE586B01026|1,ISIN_INTRO,TAJGVK -> INE586B01026
TAKE|NOISIN|1,TAKE|INE142I01023|1,ISIN_INTRO,TAKE -> INE142I01023
TALBROAUTO|NOISIN|2,TALBROAUTO|INE187D01011|1,ISIN_INTRO,TALBROAUTO -> INE187D01011
TALWALKARS|NOISIN|1,TALWALKARS|INE502K01016|1,ISIN_INTRO,TALWALKARS -> INE502K01016
TANFACIND|NOISIN|1,TANFACIND|INE639B01015|1,ISIN_INTRO,TANFACIND -> INE639B01015
TANLA|NOISIN|2,TANLA|INE483C01032|1,ISIN_INTRO,TANLA -> INE483C01032
TANTIACONS|NOISIN|1,TANTIACONS|INE388G01018|1,ISIN_INTRO,TANTIACONS -> INE388G01018
TARAPUR|NOISIN|1,TARAPUR|INE747K01017|1,ISIN_INTRO,TARAPUR -> INE747K01017
TATACHEM|NOISIN|1,TATACHEM|INE092A01019|1,ISIN_INTRO,TATACHEM -> INE092A01019
TATACOFFEE|NOISIN|1,TATACOFFEE|INE493A01019|1,ISIN_INTRO,TATACOFFEE -> INE493A01019
TATACOMM|NOISIN|1,TATACOMM|INE151A01013|1,ISIN_INTRO,TATACOMM -> INE151A01013
TATAELXSI|NOISIN|1,TATAELXSI|INE670A01012|1,ISIN_INTRO,TATAELXSI -> INE670A01012
TATAGLOBAL|NOISIN|1,TATAGLOBAL|INE192A01025|1,ISIN_INTRO,TATAGLOBAL -> INE192A01025
TATAINVEST|NOISIN|1,TATAINVEST|INE672A01018|1,ISIN_INTRO,TATAINVEST -> INE672A01018
TATAMETALI|NOISIN|2,TATAMETALI|INE056C01010|1,ISIN_INTRO,TATAMETALI -> INE056C01010
TATAMOTORS|NOISIN|1,TATAMOTORS|INE155A01014|1,ISIN_INTRO,TATAMOTORS -> INE155A01014
TATAMTRDVR|NOISIN|1,TATAMTRDVR|IN9155A01012|1,ISIN_INTRO,TATAMTRDVR -> IN9155A01012
TATAPOWER|NOISIN|1,TATAPOWER|INE245A01013|1,ISIN_INTRO,TATAPOWER -> INE245A01013
TATASPONGE|NOISIN|1,TATASPONGE|INE674A01014|1,ISIN_INTRO,TATASPONGE -> INE674A01014
TATASTEEL|NOISIN|1,TATASTEEL|INE081A01012|1,ISIN_INTRO,TATASTEEL -> INE081A01012
TCI|NOISIN|1,TCI|INE688A01022|1,ISIN_INTRO,TCI -> INE688A01022
TCIDEVELOP|NOISIN|1,TCIDEVELOP|INE662L01016|1,ISIN_INTRO,TCIDEVELOP -> INE662L01016
TCIFINANCE|NOISIN|9,TCIFINANCE|INE911B01018|1,ISIN_INTRO,TCIFINANCE -> INE911B01018
TCS|NOISIN|1,TCS|INE467B01029|1,ISIN_INTRO,TCS -> INE467B01029
TECHM|NOISIN|1,TECHM|INE669C01028|1,ISIN_INTRO,TECHM -> INE669C01028
TECHNO|NOISIN|1,TECHNO|INE286K01024|1,ISIN_INTRO,TECHNO -> INE286K01024
TECHNOFAB|NOISIN|1,TECHNOFAB|INE509K01011|1,ISIN_INTRO,TECHNOFAB -> INE509K01011
TECPRO|NOISIN|1,TECPRO|INE904H01010|1,ISIN_INTRO,TECPRO -> INE904H01010
TELEDATAIT|NOISIN|2,TELEDATAIT|INE391I01018|1,ISIN_INTRO,TELEDATAIT -> INE391I01018
TEXMACOLTD|NOISIN|1,TEXMACOLTD|INE435C01024|1,ISIN_INTRO,TEXMACOLTD -> INE435C01024
TEXMOPIPES|NOISIN|1,TEXMOPIPES|INE141K01013|1,ISIN_INTRO,TEXMOPIPES -> INE141K01013
TEXRAIL|NOISIN|1,TEXRAIL|INE621L01012|1,ISIN_INTRO,TEXRAIL -> INE621L01012
TFCILTD|NOISIN|3,TFCILTD|INE305A01015|1,ISIN_INTRO,TFCILTD -> INE305A01015
TFL|NOISIN|5,TFL|INE804H01012|1,ISIN_INTRO,TFL -> INE804H01012
THANGAMAYL|NOISIN|1,THANGAMAYL|INE085J01014|1,ISIN_INTRO,THANGAMAYL -> INE085J01014
THERMAX|NOISIN|1,THERMAX|INE152A01029|1,ISIN_INTRO,THERMAX -> INE152A01029
THINKSOFT|NOISIN|2,THINKSOFT|INE201K01015|1,ISIN_INTRO,THINKSOFT -> INE201K01015
THIRUSUGAR|NOISIN|5,THIRUSUGAR|INE409A01015|1,ISIN_INTRO,THIRUSUGAR -> INE409A01015
THOMASCOOK|NOISIN|1,THOMASCOOK|INE332A01027|1,ISIN_INTRO,THOMASCOOK -> INE332A01027
TI|NOISIN|1,TI|INE133E01013|1,ISIN_INTRO,TI -> INE133E01013
TIDEWATER|NOISIN|2,TIDEWATER|INE484C01014|1,ISIN_INTRO,TIDEWATER -> INE484C01014
TIIL|NOISIN|2,TIIL|INE545H01011|1,ISIN_INTRO,TIIL -> INE545H01011
TIL|NOISIN|2,TIL|INE806C01018|1,ISIN_INTRO,TIL -> INE806C01018
TIMESGTY|NOISIN|6,TIMESGTY|INE289C01025|1,ISIN_INTRO,TIMESGTY -> INE289C01025
TIMETECHNO|NOISIN|1,TIMETECHNO|INE508G01029|1,ISIN_INTRO,TIMETECHNO -> INE508G01029
TIMKEN|NOISIN|2,TIMKEN|INE325A01013|1,ISIN_INTRO,TIMKEN -> INE325A01013
TINPLATE|NOISIN|2,TINPLATE|INE422C01014|1,ISIN_INTRO,TINPLATE -> INE422C01014
TIPSINDLTD|NOISIN|4,TIPSINDLTD|INE716B01011|1,ISIN_INTRO,TIPSINDLTD -> INE716B01011
TIRUMALCHM|NOISIN|3,TIRUMALCHM|INE338A01016|1,ISIN_INTRO,TIRUMALCHM -> INE338A01016
TITAN|NOISIN|1,TITAN|INE280A01010|1,ISIN_INTRO,TITAN -> INE280A01010
TNPETRO|NOISIN|6,TNPETRO|INE148A01019|1,ISIN_INTRO,TNPETRO -> INE148A01019
TNPL|NOISIN|1,TNPL|INE107A01015|1,ISIN_INTRO,TNPL -> INE107A01015
TODAYS|NOISIN|3,TODAYS|INE944B01019|1,ISIN_INTRO,TODAYS -> INE944B01019
TORNTPHARM|NOISIN|1,TORNTPHARM|INE685A01028|1,ISIN_INTRO,TORNTPHARM -> INE685A01028
TORNTPOWER|NOISIN|1,TORNTPOWER|INE813H01021|1,ISIN_INTRO,TORNTPOWER -> INE813H01021
TRENT|NOISIN|1,TRENT|INE849A01012|1,ISIN_INTRO,TRENT -> INE849A01012
TRF|NOISIN|1,TRF|INE391D01019|1,ISIN_INTRO,TRF -> INE391D01019
TRICOM|NOISIN|1,TRICOM|INE771B01032|1,ISIN_INTRO,TRICOM -> INE771B01032
TRIDENT|NOISIN|1,TRIDENT|INE064C01014|1,ISIN_INTRO,TRIDENT -> INE064C01014
TRIGYN|NOISIN|4,TRIGYN|INE948A01012|1,ISIN_INTRO,TRIGYN -> INE948A01012
TRIL|NOISIN|1,TRIL|INE763I01018|1,ISIN_INTRO,TRIL -> INE763I01018
TRIVENI|NOISIN|1,TRIVENI|INE256C01024|1,ISIN_INTRO,TRIVENI -> INE256C01024
TTKHEALTH|NOISIN|2,TTKHEALTH|INE910C01018|1,ISIN_INTRO,TTKHEALTH -> INE910C01018
TTKPRESTIG|NOISIN|1,TTKPRESTIG|INE690A01010|1,ISIN_INTRO,TTKPRESTIG -> INE690A01010
TTL|NOISIN|2,TTL|INE592B01016|1,ISIN_INTRO,TTL -> INE592B01016
TTML|NOISIN|1,TTML|INE517B01013|1,ISIN_INTRO,TTML -> INE517B01013
TUBEINVEST|NOISIN|1,TUBEINVEST|INE149A01025|1,ISIN_INTRO,TUBEINVEST -> INE149A01025
TULIP|NOISIN|1,TULIP|INE122H01027|1,ISIN_INTRO,TULIP -> INE122H01027
TULSI|NOISIN|2,TULSI|INE474I01012|1,ISIN_INTRO,TULSI -> INE474I01012
TULSYAN|NOISIN|2,TULSYAN|INE463D01016|1,ISIN_INTRO,TULSYAN -> INE463D01016
TVSELECT|NOISIN|6,TVSELECT|INE236G01019|1,ISIN_INTRO,TVSELECT -> INE236G01019
TVSMOTOR|NOISIN|1,TVSMOTOR|INE494B01023|1,ISIN_INTRO,TVSMOTOR -> INE494B01023
TVSSRICHAK|NOISIN|2,TVSSRICHAK|INE421C01016|1,ISIN_INTRO,TVSSRICHAK -> INE421C01016
TVTODAY|NOISIN|1,TVTODAY|INE038F01029|1,ISIN_INTRO,TVTODAY -> INE038F01029
TWILITAKA|NOISIN|1,TWILITAKA|INE783B01029|1,ISIN_INTRO,TWILITAKA -> INE783B01029
TWL|NOISIN|1,TWL|INE615H01012|1,ISIN_INTRO,TWL -> INE615H01012
UBENGG|NOISIN|1,UBENGG|INE328C01013|1,ISIN_INTRO,UBENGG -> INE328C01013
UBHOLDINGS|NOISIN|1,UBHOLDINGS|INE696A01025|1,ISIN_INTRO,UBHOLDINGS -> INE696A01025
UBL|NOISIN|1,UBL|INE686F01025|1,ISIN_INTRO,UBL -> INE686F01025
UCALFUEL|NOISIN|2,UCALFUEL|INE139B01016|1,ISIN_INTRO,UCALFUEL -> INE139B01016
UCOBANK|NOISIN|1,UCOBANK|INE691A01018|1,ISIN_INTRO,UCOBANK -> INE691A01018
UFLEX|NOISIN|1,UFLEX|INE516A01017|1,ISIN_INTRO,UFLEX -> INE516A01017
UGARSUGAR|NOISIN|1,UGARSUGAR|INE071E01023|1,ISIN_INTRO,UGARSUGAR -> INE071E01023
ULTRACEMCO|NOISIN|1,ULTRACEMCO|INE481G01011|1,ISIN_INTRO,ULTRACEMCO -> INE481G01011
UMESLTD|NOISIN|1,UMESLTD|INE240C01028|1,ISIN_INTRO,UMESLTD -> INE240C01028
UNICHEMLAB|NOISIN|1,UNICHEMLAB|INE351A01035|1,ISIN_INTRO,UNICHEMLAB -> INE351A01035
UNIENTER|NOISIN|7,UNIENTER|INE037A01022|1,ISIN_INTRO,UNIENTER -> INE037A01022
UNIONBANK|NOISIN|1,UNIONBANK|INE692A01016|1,ISIN_INTRO,UNIONBANK -> INE692A01016
UNIPHOS|NOISIN|1,UNIPHOS|INE628A01036|1,ISIN_INTRO,UNIPHOS -> INE628A01036
UNIPLY|NOISIN|3,UNIPLY|INE950G01015|1,ISIN_INTRO,UNIPLY -> INE950G01015
UNITECH|NOISIN|1,UNITECH|INE694A01020|1,ISIN_INTRO,UNITECH -> INE694A01020
UNITEDBNK|NOISIN|1,UNITEDBNK|INE695A01019|1,ISIN_INTRO,UNITEDBNK -> INE695A01019
UNITEDTEA|NOISIN|1,UNITEDTEA|INE458F01011|1,ISIN_INTRO,UNITEDTEA -> INE458F01011
UNITY|NOISIN|1,UNITY|INE466H01028|1,ISIN_INTRO,UNITY -> INE466H01028
UNIVCABLES|NOISIN|5,UNIVCABLES|INE279A01012|1,ISIN_INTRO,UNIVCABLES -> INE279A01012
UPERGANGES|NOISIN|4,UPERGANGES|INE018B01012|1,ISIN_INTRO,UPERGANGES -> INE018B01012
USHAMART|NOISIN|1,USHAMART|INE228A01035|1,ISIN_INTRO,USHAMART -> INE228A01035
USHERAGRO|NOISIN|1,USHERAGRO|INE235G01011|1,ISIN_INTRO,USHERAGRO -> INE235G01011
UTTAMSTL|NOISIN|2,UTTAMSTL|INE699A01011|1,ISIN_INTRO,UTTAMSTL -> INE699A01011
UTTAMSUGAR|NOISIN|4,UTTAMSUGAR|INE786F01031|1,ISIN_INTRO,UTTAMSUGAR -> INE786F01031
UTVSOF|NOISIN|1,UTVSOF|INE507B01022|1,ISIN_INTRO,UTVSOF -> INE507B01022
VADILALIND|NOISIN|1,VADILALIND|INE694D01016|1,ISIN_INTRO,VADILALIND -> INE694D01016
VAIBHAVGEM|NOISIN|2,VAIBHAVGEM|INE884A01019|1,ISIN_INTRO,VAIBHAVGEM -> INE884A01019
VAKRANSOFT|NOISIN|4,VAKRANSOFT|INE051B01013|1,ISIN_INTRO,VAKRANSOFT -> INE051B01013
VALECHAENG|NOISIN|1,VALECHAENG|INE624C01015|1,ISIN_INTRO,VALECHAENG -> INE624C01015
VALUEIND|NOISIN|1,VALUEIND|INE352A01017|1,ISIN_INTRO,VALUEIND -> INE352A01017
VARDHACRLC|NOISIN|3,VARDHACRLC|INE116G01013|1,ISIN_INTRO,VARDHACRLC -> INE116G01013
VARDMNPOLY|NOISIN|4,VARDMNPOLY|INE835A01011|1,ISIN_INTRO,VARDMNPOLY -> INE835A01011
VARUN|NOISIN|1,VARUN|INE032G01012|1,ISIN_INTRO,VARUN -> INE032G01012
VARUNSHIP|NOISIN|1,VARUNSHIP|INE702A01013|1,ISIN_INTRO,VARUNSHIP -> INE702A01013
VASCONEQ|NOISIN|1,VASCONEQ|INE893I01013|1,ISIN_INTRO,VASCONEQ -> INE893I01013
VENKEYS|NOISIN|2,VENKEYS|INE398A01010|1,ISIN_INTRO,VENKEYS -> INE398A01010
VENUSREM|NOISIN|1,VENUSREM|INE411B01019|1,ISIN_INTRO,VENUSREM -> INE411B01019
VESUVIUS|NOISIN|1,VESUVIUS|INE386A01015|1,ISIN_INTRO,VESUVIUS -> INE386A01015
VGUARD|NOISIN|1,VGUARD|INE951I01019|1,ISIN_INTRO,VGUARD -> INE951I01019
VHL|NOISIN|2,VHL|INE701A01023|1,ISIN_INTRO,VHL -> INE701A01023
VICEROY|NOISIN|4,VICEROY|INE048C01017|1,ISIN_INTRO,VICEROY -> INE048C01017
VIDEOIND|NOISIN|1,VIDEOIND|INE703A01011|1,ISIN_INTRO,VIDEOIND -> INE703A01011
VIJAYABANK|NOISIN|1,VIJAYABANK|INE705A01016|1,ISIN_INTRO,VIJAYABANK -> INE705A01016
VIJSHAN|NOISIN|1,VIJSHAN|INE806F01011|1,ISIN_INTRO,VIJSHAN -> INE806F01011
VIKASHMET|NOISIN|2,VIKASHMET|INE158H01013|1,ISIN_INTRO,VIKASHMET -> INE158H01013
VINATIORGA|NOISIN|1,VINATIORGA|INE410B01029|1,ISIN_INTRO,VINATIORGA -> INE410B01029
VINDHYATEL|NOISIN|9,VINDHYATEL|INE707A01012|1,ISIN_INTRO,VINDHYATEL -> INE707A01012
VINYLINDIA|NOISIN|2,VINYLINDIA|INE250B01029|1,ISIN_INTRO,VINYLINDIA -> INE250B01029
VIPIND|NOISIN|4,VIPIND|INE054A01019|1,ISIN_INTRO,VIPIND -> INE054A01019
VIPUL|NOISIN|1,VIPUL|INE946H01037|1,ISIN_INTRO,VIPUL -> INE946H01037
VISAKAIND|NOISIN|3,VISAKAIND|INE392A01013|1,ISIN_INTRO,VISAKAIND -> INE392A01013
VISASTEEL|NOISIN|2,VISASTEEL|INE286H01012|1,ISIN_INTRO,VISASTEEL -> INE286H01012
VISESHINFO|NOISIN|3,VISESHINFO|INE861A01017|1,ISIN_INTRO,VISESHINFO -> INE861A01017
VISHALRET|NOISIN|2,VISHALRET|INE945H01013|1,ISIN_INTRO,VISHALRET -> INE945H01013
VISUINTL|NOISIN|2,VISUINTL|INE965A01016|1,ISIN_INTRO,VISUINTL -> INE965A01016
VIVIMEDLAB|NOISIN|3,VIVIMEDLAB|INE526G01013|1,ISIN_INTRO,VIVIMEDLAB -> INE526G01013
VLSFINANCE|NOISIN|1,VLSFINANCE|INE709A01018|1,ISIN_INTRO,VLSFINANCE -> INE709A01018
VOLTAMP|NOISIN|1,VOLTAMP|INE540H01012|1,ISIN_INTRO,VOLTAMP -> INE540H01012
VOLTAS|NOISIN|1,VOLTAS|INE226A01021|1,ISIN_INTRO,VOLTAS -> INE226A01021
VSTIND|NOISIN|1,VSTIND|INE710A01016|1,ISIN_INTRO,VSTIND -> INE710A01016
VSTTILLERS|NOISIN|1,VSTTILLERS|INE764D01017|1,ISIN_INTRO,VSTTILLERS -> INE764D01017
VTL|NOISIN|1,VTL|INE825A01012|1,ISIN_INTRO,VTL -> INE825A01012
VTXIND|NOISIN|1,VTXIND|INE119G01025|1,ISIN_INTRO,VTXIND -> INE119G01025
WABAG|NOISIN|1,WABAG|INE956G01020|1,ISIN_INTRO,WABAG -> INE956G01020
WABCO-TVS|NOISIN|1,WABCO-TVS|INE342J01019|1,ISIN_INTRO,WABCO-TVS -> INE342J01019
WALCHANNAG|NOISIN|3,WALCHANNAG|INE711A01022|1,ISIN_INTRO,WALCHANNAG -> INE711A01022
WANBURY|NOISIN|2,WANBURY|INE107F01022|1,ISIN_INTRO,WANBURY -> INE107F01022
WEBELSOLAR|NOISIN|4,WEBELSOLAR|INE855C01015|1,ISIN_INTRO,WEBELSOLAR -> INE855C01015
WEIZMANIND|NOISIN|5,WEIZMANIND|INE080A01014|1,ISIN_INTRO,WEIZMANIND -> INE080A01014
WELCORP|NOISIN|1,WELCORP|INE191B01025|1,ISIN_INTRO,WELCORP -> INE191B01025
WELINV|NOISIN|1,WELINV|INE389K01018|1,ISIN_INTRO,WELINV -> INE389K01018
WELPROJ|NOISIN|1,WELPROJ|INE625G01013|1,ISIN_INTRO,WELPROJ -> INE625G01013
WELSPUNIND|NOISIN|2,WELSPUNIND|INE192B01023|1,ISIN_INTRO,WELSPUNIND -> INE192B01023
WENDT|NOISIN|2,WENDT|INE274C01019|1,ISIN_INTRO,WENDT -> INE274C01019
WHEELS|NOISIN|1,WHEELS|INE715A01015|1,ISIN_INTRO,WHEELS -> INE715A01015
WHIRLPOOL|NOISIN|2,WHIRLPOOL|INE716A01013|1,ISIN_INTRO,WHIRLPOOL -> INE716A01013
WILLAMAGOR|NOISIN|4,WILLAMAGOR|INE210A01017|1,ISIN_INTRO,WILLAMAGOR -> INE210A01017
WINSOMYARN|NOISIN|5,WINSOMYARN|INE784B01027|1,ISIN_INTRO,WINSOMYARN -> INE784B01027
WIPRO|NOISIN|1,WIPRO|INE075A01022|1,ISIN_INTRO,WIPRO -> INE075A01022
WOCKPHARMA|NOISIN|2,WOCKPHARMA|INE049B01025|1,ISIN_INTRO,WOCKPHARMA -> INE049B01025
WSI|NOISIN|3,WSI|INE100D01014|1,ISIN_INTRO,WSI -> INE100D01014
WSTCSTPAPR|NOISIN|1,WSTCSTPAPR|INE976A01021|1,ISIN_INTRO,WSTCSTPAPR -> INE976A01021
WWIL|NOISIN|1,WWIL|INE965H01011|1,ISIN_INTRO,WWIL -> INE965H01011
WYETH|NOISIN|1,WYETH|INE378A01012|1,ISIN_INTRO,WYETH -> INE378A01012
XLENERGY|NOISIN|1,XLENERGY|INE183H01011|1,ISIN_INTRO,XLENERGY -> INE183H01011
XPROINDIA|NOISIN|2,XPROINDIA|INE445C01015|1,ISIN_INTRO,XPROINDIA -> INE445C01015
YESBANK|NOISIN|1,YESBANK|INE528G01019|1,ISIN_INTRO,YESBANK -> INE528G01019
ZANDUREALT|NOISIN|2,ZANDUREALT|INE719A01017|1,ISIN_INTRO,ZANDUREALT -> INE719A01017
ZEEL|NOISIN|1,ZEEL|INE256A01028|1,ISIN_INTRO,ZEEL -> INE256A01028
ZEELEARN|NOISIN|1,ZEELEARN|INE565L01011|1,ISIN_INTRO,ZEELEARN -> INE565L01011
ZEENEWS|NOISIN|1,ZEENEWS|INE966H01019|1,ISIN_INTRO,ZEENEWS -> INE966H01019
ZENITHBIR|NOISIN|2,ZENITHBIR|INE318D01020|1,ISIN_INTRO,ZENITHBIR -> INE318D01020
ZENITHCOMP|NOISIN|4,ZENITHCOMP|INE598B01013|1,ISIN_INTRO,ZENITHCOMP -> INE598B01013
ZENITHINFO|NOISIN|4,ZENITHINFO|INE899A01017|1,ISIN_INTRO,ZENITHINFO -> INE899A01017
ZENSARTECH|NOISIN|2,ZENSARTECH|INE520A01019|1,ISIN_INTRO,ZENSARTECH -> INE520A01019
ZICOM|NOISIN|3,ZICOM|INE871B01014|1,ISIN_INTRO,ZICOM -> INE871B01014
ZODIACLOTH|NOISIN|2,ZODIACLOTH|INE206B01013|1,ISIN_INTRO,ZODIACLOTH -> INE206B01013
ZODJRDMKJ|NOISIN|1,ZODJRDMKJ|INE077B01018|1,ISIN_INTRO,ZODJRDMKJ -> INE077B01018
ZUARIAGRO|NOISIN|1,ZUARIAGRO|INE217A01012|1,ISIN_INTRO,ZUARIAGRO -> INE217A01012
ZYDUSWELL|NOISIN|1,ZYDUSWELL|INE768C01010|1,ISIN_INTRO,ZYDUSWELL -> INE768C01010
ZYLOG|NOISIN|1,ZYLOG|INE225I01018|1,ISIN_INTRO,ZYLOG -> INE225I01018
20MICRONS|INE144J01019|1,20MICRONS|INE144J01027|1,ISIN_CHANGE_CA,Face Value Split Rs 10 To Rs 5
360ONE|INE466L01020|1,360ONE|INE466L01038|1,ISIN_CHANGE_CA,Bonus 1:1
8KMILES|INE650K01013|1,8KMILES|INE650K01021|1,ISIN_CHANGE_CA,Bonus 1:3/Face Value Split (Sub-Division) - From Rs 10/- Per Share To Rs 5/- Per Share [record filed under later symbol SECURKLOUD]
AAKASH|INE087Z01016|1,AAKASH|INE087Z01024|1,ISIN_CHANGE_CA,Face Value Split (Sub-Division) - From Rs 10/- Per Share To Re 1/- Per Share
ABINFRA|INE00YB01017|1,ABINFRA|INE00YB01025|1,ISIN_CHANGE_CA,Face Value Split (Sub-Division) - From Rs 10/- Per Share To Re 1/- Per Share
ACCURACY|INE648Z01015|1,ACCURACY|INE648Z01023|1,ISIN_CHANGE_CA,Face Value Split (Sub-Division) - From Rs 10/- Per Share To Re 1/- Per Share
ADANIPOWER|INE814H01011|1,ADANIPOWER|INE814H01029|1,ISIN_CHANGE_CA,Face Value Split (Sub-Division) - From Rs 10/- Per Share To Rs 2/- Per Share
ADFFOODS|INE982B01019|1,ADFFOODS|INE982B01027|1,ISIN_CHANGE_CA,Face Value Split (Sub-Division) - From Rs 10/- Per Share To Rs 2/- Per Share
ADVANTA|INE517H01010|1,ADVANTA|INE517H01028|1,ISIN_CHANGE_CA,Face Value Split From Rs.10/- To Rs.2/-
ADVENZYMES|INE837H01012|1,ADVENZYMES|INE837H01020|1,ISIN_CHANGE_CA,Face Value Split From Rs 10/- Per Share To Rs 2/- Per Share
AEGISCHEM|INE208C01017|1,AEGISCHEM|INE208C01025|1,ISIN_CHANGE_CA,Face Value Split From Rs 10 To Rs 1 [record filed under later symbol AEGISLOG]
AFFLE|INE00WC01019|1,AFFLE|INE00WC01027|1,ISIN_CHANGE_CA,Face Value Split (Sub-Division) - From Rs 10/- Per Share To Rs 2/- Per Share
AFIL|INE916Y01019|1,AFIL|INE916Y01027|1,ISIN_CHANGE_CA,Face Value Split (Sub-Division) - From Rs 10/- Per Share To Re 1/- Per Share
AGIIL|INE976R01017|1,AGIIL|INE976R01025|1,ISIN_CHANGE_CA,Face Value Split (Sub-Division) - From Rs 10/- Per Share To Rs 5/- Per Share
AGIIL|INE976R01025|1,AGIIL|INE976R01033|1,ISIN_CHANGE_CA,Face Value Split (Sub-Division) - From Rs 5/- Per Share To Re 1/- Per Share
AHCL|INE0Y8W01017|1,AHCL|INE0Y8W01025|1,ISIN_CHANGE_CA,Face Value Split (Sub-Division) - From Rs 10/- Per Share To Rs 2/- Per Share
AJANTPHARM|INE031B01015|1,AJANTPHARM|INE031B01031|1,ISIN_CHANGE_CA,Face Value Split From Rs. 10/- To Rs. 5/-
AJANTPHARM|INE031B01031|1,AJANTPHARM|INE031B01049|1,ISIN_CHANGE_CA,Face Value Split (Sub-Division) - From Rs 5/- Per Share To Rs 2/- Per Share
AJMERA|INE298G01027|1,AJMERA|INE298G01035|1,ISIN_CHANGE_CA,Face Value Split (Sub-Division) - From Rs 10/- Per Share To Rs 2/- Per Share
AJOONI|INE820Y01013|1,AJOONI|INE820Y01021|1,ISIN_CHANGE_CA,Face Value Split (Sub-Division) - From Rs 10/- Per Share To Rs 2/- Per Share
ALANKIT|INE914E01024|1,ALANKIT|INE914E01032|1,ISIN_CHANGE_CA,Face Value Split (Sub-Division) - From Rs 10/- Per Share To Rs 2/- Per Share
ALKYLAMINE|INE150B01013|1,ALKYLAMINE|INE150B01021|1,ISIN_CHANGE_CA,Face Value Split (Sub-Division) - From Rs 10/- Per Share To Rs 5/- Per Share
ALKYLAMINE|INE150B01021|1,ALKYLAMINE|INE150B01039|1,ISIN_CHANGE_CA,Face Value Split (Sub-Division) - From Rs 5/- Per Share To Rs 2/- Per Share
ALMONDZ|INE326B01027|1,ALMONDZ|INE326B01035|1,ISIN_CHANGE_CA,Face Value Split (Sub-Division) - From Rs 6/- Per Share To Re 1/- Per Share
AMARAJABAT|INE885A01024|1,AMARAJABAT|INE885A01032|1,ISIN_CHANGE_CA,Face Value Split From Rs.2/- To Re.1/- [record filed under later symbol ARE&M]
AMIORG|INE00FF01017|1,AMIORG|INE00FF01025|1,ISIN_CHANGE_CA,Face Value Split (Sub-Division) - From Rs 10/- Per Share To Rs 5/- Per Share [record filed under later symbol ACUTAAS]
AMRUTANJAN|INE098F01015|1,AMRUTANJAN|INE098F01023|1,ISIN_CHANGE_CA,Face Value  Split From Rs. 10 To Rs. 2/-
AMRUTANJAN|INE098F01023|1,AMRUTANJAN|INE098F01031|1,ISIN_CHANGE_CA,Face Value Split (Sub-Division) - From Rs 2/- Per Share To Re 1/- Per Share
ANDHRAPAP|INE435A01028|1,ANDHRAPAP|INE435A01051|1,ISIN_CHANGE_CA,Face Value Split (Sub-Division) - From Rs 10/- Per Share To Rs 2/- Per Share
ANDHRSUGAR|INE715B01013|1,ANDHRSUGAR|INE715B01021|1,ISIN_CHANGE_CA,Face Value Split (Sub-Division) - From Rs 10/- Per Share To Rs 2/- Per Share
ANGELONE|INE732I01013|1,ANGELONE|INE732I01021|1,ISIN_CHANGE_CA,Face Value Split (Sub-Division) - From Rs 10/- Per Share To Re 1/- Per Share
APCOTEXIND|INE116A01016|1,APCOTEXIND|INE116A01024|1,ISIN_CHANGE_CA,Face Value Split From Rs.10/- To Rs.5/-
APCOTEXIND|INE116A01024|1,APCOTEXIND|INE116A01032|1,ISIN_CHANGE_CA,Face Value Split (Sub-Division) - From Rs 5 Per Share To Rs 2 Per Share
APLAPOLLO|INE702C01019|1,APLAPOLLO|INE702C01027|1,ISIN_CHANGE_CA,Face Value Split (Sub-Division) - From Rs 10/- Per Share To Rs 2/- Per Share
APOLLO|INE713T01010|1,APOLLO|INE713T01028|1,ISIN_CHANGE_CA,Face Value Split (Sub-Division) - From Rs 10/- Per Share To Re 1/- Per Share
APOLSINHOT|INE451F01016|1,APOLSINHOT|INE451F01024|1,ISIN_CHANGE_CA,Face Value Split (Sub-Division) - From Rs 10/- Per Share To Rs 5/- Per Share
AQYLON|INE416A01044|1,AQYLON|INE416A01051|1,ISIN_CHANGE_CA,Face Value Split (Sub-Division) - From Rs 10/- Per Share To Re 1/- Per Share
ARCOTECH|INE574I01027|1,ARCOTECH|INE574I01035|1,ISIN_CHANGE_CA,Face Value Split From Rs 10/- Per Share To Rs 2/- Per Share
ARIHANTCAP|INE420B01028|1,ARIHANTCAP|INE420B01036|1,ISIN_CHANGE_CA,Face Value Split (Sub-Division) - From Rs 5/- Per Share To Re 1/- Per Share
ARTEMISMED|INE025R01013|1,ARTEMISMED|INE025R01021|1,ISIN_CHANGE_CA,Face Value Split (Sub-Division) - From Rs 10/- Per Share To Re 1/- Per Share
ASHIANA|INE365D01013|1,ASHIANA|INE365D01021|1,ISIN_CHANGE_CA,Face Value Split From Rs.10/- To Rs.2/-
ASHOKA|INE442H01011|1,ASHOKA|INE442H01029|1,ISIN_CHANGE_CA,Bonus 1:2 And Face Value Split Rs.10/- To Rs.5/-
ASIANPAINT|INE021A01018|1,ASIANPAINT|INE021A01026|1,ISIN_CHANGE_CA,Face Value Split Rs 10 To Re 1
ASTRAL|INE006I01020|1,ASTRAL|INE006I01038|1,ISIN_CHANGE_CA,Face Value Split From Rs.5/- To Rs.2/-
ASTRAL|INE006I01038|1,ASTRAL|INE006I01046|1,ISIN_CHANGE_CA,Face Value Split From Rs 2/- Per Share To Re 1/- Per Share
ATULAUTO|INE951D01010|1,ATULAUTO|INE951D01028|1,ISIN_CHANGE_CA,Face Value Split (Sub-Division) - From Rs 10/- Per Share To Rs 5/- Per Share
AVANTIFEED|INE871C01012|1,AVANTIFEED|INE871C01020|1,ISIN_CHANGE_CA,Face Value Split (Sub-Division) - From Rs 10/- Per Share To Rs 2/- Per Share
AVANTIFEED|INE871C01020|1,AVANTIFEED|INE871C01038|1,ISIN_CHANGE_CA,Bonus 1:2/Face Value Split (Sub-Division) From Rs 2/- Per Share To Re 1/- Per Share
AVROIND|INE652Z01017|1,AVROIND|INE652Z01025|1,ISIN_CHANGE_CA,Face Value Split (Sub-Division) - From Rs 10/- Per Share To Re 1/- Per Share
AVTNPL|INE488D01013|1,AVTNPL|INE488D01021|1,ISIN_CHANGE_CA,Face Value Split From Rs 10 To Re 1
AXISBANK|INE238A01026|1,AXISBANK|INE238A01034|1,ISIN_CHANGE_CA,Face Value Split From Rs 10/- To Rs 2/- Per Share
AXITA|INE02EZ01014|1,AXITA|INE02EZ01022|1,ISIN_CHANGE_CA,Face Value Split (Sub-Division) - From Rs 10/- Per Share To Re 1/- Per Share
BAJAJFINSV|INE918I01018|1,BAJAJFINSV|INE918I01026|1,ISIN_CHANGE_CA,Face Value Split (Sub-Division) - From Rs 5/- Per Share To Re 1/- Per Share
BAJFINANCE|INE296A01016|1,BAJFINANCE|INE296A01024|1,ISIN_CHANGE_CA,Bonus 1:1/Face Value Split (Sub-Division) - From Rs 10/- Per Share To Rs 2/- Per Share
BAJFINANCE|INE296A01024|1,BAJFINANCE|INE296A01032|1,ISIN_CHANGE_CA,Bonus 4:1
BALAXI|INE618N01014|1,BALAXI|INE618N01022|1,ISIN_CHANGE_CA,Face Value Split (Sub-Division) - From Rs 10/- Per Share To Rs 2/- Per Share
BANKBARODA|INE028A01013|1,BANKBARODA|INE028A01039|1,ISIN_CHANGE_CA,Face Value Split (Sub-Division) - From Rs 10/- Per Share To Rs 2/- Per Share
BANSWRAS|INE629D01012|1,BANSWRAS|INE629D01020|1,ISIN_CHANGE_CA,Face Value Split (Sub-Division) - From Rs 10/- Per Share To Rs 5/- Per Share
BASML|INE186H01014|1,BASML|INE186H01022|1,ISIN_CHANGE_CA,Face Value Split (Sub-Division) - From Rs 10/- Per Share To Rs 5/- Per Share
BATAINDIA|INE176A01010|1,BATAINDIA|INE176A01028|1,ISIN_CHANGE_CA,Face Value Split (Sub-Division) - From Rs 10/- Per Share To Rs 5/- Per Share
BBL|INE464A01028|1,BBL|INE464A01036|1,ISIN_CHANGE_CA,Face Value Split (Sub-Division) - From Rs 10/- Per Share To Rs 5/- Per Share
BBOX|INE676A01019|1,BBOX|INE676A01027|1,ISIN_CHANGE_CA,Face Value Split (Sub-Division) - From Rs 10/- Per Share To Rs 2/- Per Share
BBTC|INE050A01017|1,BBTC|INE050A01025|1,ISIN_CHANGE_CA,Face Value Split From Rs 10 To Rs 2
BCLIND|INE412G01016|1,BCLIND|INE412G01024|1,ISIN_CHANGE_CA,Face Value Split (Sub-Division) - From Rs 10/- Per Share To Re 1/- Per Share
BDL|INE171Z01018|1,BDL|INE171Z01026|1,ISIN_CHANGE_CA,Face Value Split (Sub-Division) - From Rs 10/- Per Share To Rs 5/- Per Share
BECTORFOOD|INE495P01012|1,BECTORFOOD|INE495P01020|1,ISIN_CHANGE_CA,Face Value Split (Sub-Division) - From Rs 10/- Per Share To Rs 2/- Per Share
BEL|INE263A01016|1,BEL|INE263A01024|1,ISIN_CHANGE_CA,Face Value Split From Rs 10/- Per Share To Re 1/- Per Share
BEML|INE258A01016|1,BEML|INE258A01024|1,ISIN_CHANGE_CA,Face Value Split (Sub-Division) - From Rs 10/- Per Share To Rs 5/- Per Share
BERGEPAINT|INE463A01020|1,BERGEPAINT|INE463A01038|1,ISIN_CHANGE_CA,Face Value Split (Sub-Division) - From Rs 2/- Per Share To Re 1/- Per Share
BESTAGRO|INE052T01013|1,BESTAGRO|INE052T01021|1,ISIN_CHANGE_CA,Bonus 1:2
BHAGCHEM|INE414D01019|1,BHAGCHEM|INE414D01027|1,ISIN_CHANGE_CA,Face Value Split (Sub-Division) - From Rs 10/- Per Share To Rs 1/- Per Share
BHARATRAS|INE838B01013|1,BHARATRAS|INE838B01021|1,ISIN_CHANGE_CA,Bonus 1:1
BHEL|INE257A01018|1,BHEL|INE257A01026|1,ISIN_CHANGE_CA,Face Value Split From Rs.10/- To Rs.2/-
BIGBLOC|INE412U01017|1,BIGBLOC|INE412U01025|1,ISIN_CHANGE_CA,Face Value Split (Sub-Division) - From Rs 10/- Per Share To Rs 2/- Per Share
BILENERGY|INE607L01011|1,BILENERGY|INE607L01029|1,ISIN_CHANGE_CA,Face Value Split From Rs.10/- To Re. 1/-
BLS|INE153T01019|1,BLS|INE153T01027|1,ISIN_CHANGE_CA,Face Value Split From Rs 10/- Per Share To Re 1/- Per Share
BOMDYEING|INE032A01015|1,BOMDYEING|INE032A01023|1,ISIN_CHANGE_CA,Face Value Split From Rs.10/- To Rs.2/-
BRITANNIA|INE216A01022|1,BRITANNIA|INE216A01030|1,ISIN_CHANGE_CA,Face Value Split (Sub-Division) - From Rs 2/- Per Share To Re 1/- Per Share
BSHSL|INE032Z01012|1,BSHSL|INE032Z01020|1,ISIN_CHANGE_CA,Face Value Split (Sub-Division) - From Rs 10/- Per Share To Re 1/- Per Share
BSLIMITED|INE043K01011|1,BSLIMITED|INE043K01029|1,ISIN_CHANGE_CA,Face Value Split From Rs 10/- To Re 1/-
BTML|INE0EEJ01015|1,BTML|INE0EEJ01023|1,ISIN_CHANGE_CA,Face Value Split (Sub-Division) - From Rs 10/- Per Share To Re 1/- Per Share
CADILAHC|INE010B01019|1,CADILAHC|INE010B01027|1,ISIN_CHANGE_CA,Face Value Split (Sub-Division) - From Rs 5/- Per Share To Re 1/- Per Share [record filed under later symbol ZYDUSLIFE]
CAMS|INE596I01012|1,CAMS|INE596I01020|1,ISIN_CHANGE_CA,Face Value Split (Sub-Division) - From Rs 10/- Per Share To Rs 2/- Per Share
CANBK|INE476A01014|1,CANBK|INE476A01022|1,ISIN_CHANGE_CA,Face Value Split (Sub-Division) - From Rs 10/- Per Share To Rs 2/- Per Share
CANFINHOME|INE477A01012|1,CANFINHOME|INE477A01020|1,ISIN_CHANGE_CA,Face Value Split (Sub-Division) - From Rs 10/- Per Share To Rs 2/- Per Share
CANTABIL|INE068L01016|1,CANTABIL|INE068L01024|1,ISIN_CHANGE_CA,Face Value Split (Sub-Division) - From Rs 10/- Per Share To Rs 2/- Per Share
CARBORUNIV|INE120A01026|1,CARBORUNIV|INE120A01034|1,ISIN_CHANGE_CA,Face Value Split From Rs.2/- To Re.1/-
CCL|INE421D01014|1,CCL|INE421D01022|1,ISIN_CHANGE_CA,Bonus 1:1 And Face Value Split From Rs.10/- To Rs.2/-
CESC|INE486A01013|1,CESC|INE486A01021|1,ISIN_CHANGE_CA,Face Value Split (Sub-Division) - From Rs 10/- Per Share To Re 1/- Per Share
CGCL|INE180C01026|1,CGCL|INE180C01042|1,ISIN_CHANGE_CA,Bonus 1:1
CHOLAFIN|INE121A01016|1,CHOLAFIN|INE121A01024|1,ISIN_CHANGE_CA,Face Value Split (Sub-Division) - From Rs 10/- Per Share To Rs 2/- Per Share
CLEDUCATE|INE201M01011|1,CLEDUCATE|INE201M01029|1,ISIN_CHANGE_CA,Face Value Split (Sub-Division) - From Rs 10/- Per Share To Rs 5/- Per Share
COASTCORP|INE377E01016|1,COASTCORP|INE377E01024|1,ISIN_CHANGE_CA,Face Value Split (Sub-Division) - From Rs 10/- Per Share To Rs 2/- Per Share
COCHINSHIP|INE704P01017|1,COCHINSHIP|INE704P01025|1,ISIN_CHANGE_CA,Face Value Split (Sub-Division) - From Rs 10/- Per Share To Rs 5/- Per Share
COFORGE|INE591G01017|1,COFORGE|INE591G01025|1,ISIN_CHANGE_CA,Face Value Split (Sub-Division) - From Rs 10/- Per Share To Rs 2/- Per Share
COMPINFO|INE070C01029|1,COMPINFO|INE070C01037|1,ISIN_CHANGE_CA,Face Value Split (Sub-Division) - From Rs 10/- Per Share To Rs 2/- Per Share
CONCOR|INE111A01017|1,CONCOR|INE111A01025|1,ISIN_CHANGE_CA,Face Value Split (Sub-Division) - From Rs 10/- Per Share To Rs 5/- Per Share
CORALFINAC|INE558D01013|1,CORALFINAC|INE558D01021|1,ISIN_CHANGE_CA,Face Value Split (Sub-Division) - From Rs 10/- Per Share To Rs 2/- Per Share
CORDELIA|INE0LZF01013|1,CORDELIA|INE0LZF01039|1,ISIN_CHANGE_CA,Face Value Split (Sub-Division) - From Rs 10/- Per Share To Re 1/- Per Share
CORPBANK|INE112A01015|1,CORPBANK|INE112A01023|1,ISIN_CHANGE_CA,Face Valus Split (Sub-Division) - From Rs 10/- Per To Rs 2/- Per Share
CRISIL|INE007A01017|1,CRISIL|INE007A01025|1,ISIN_CHANGE_CA,Face Value Split From Rs.10/- To Re.1/-
CRONIMET|INE592I01011|1,CRONIMET|INE592I01029|1,ISIN_CHANGE_CA,Face Value Split From Rs.10/- To Rs.2/- [record filed under later symbol METKORE]
DAMODARIND|INE497D01014|1,DAMODARIND|INE497D01022|1,ISIN_CHANGE_CA,Face Value Split (Sub-Division) - From Rs 10/- Per Share To Rs 5/- Per Share
DANGEE|INE688Y01014|1,DANGEE|INE688Y01022|1,ISIN_CHANGE_CA,Bonus 1:2
DAVANGERE|INE179G01011|1,DAVANGERE|INE179G01029|1,ISIN_CHANGE_CA,Face Value Split (Sub-Division) - From Rs 10/- Per Share To Re 1/- Per Share
DECCANCE|INE583C01013|1,DECCANCE|INE583C01021|1,ISIN_CHANGE_CA,Face Value Split (Sub-Division) - From Rs 10/- Per Share To Rs 5/- Per Share
DEEPAKNTR|INE288B01011|1,DEEPAKNTR|INE288B01029|1,ISIN_CHANGE_CA,Bonus 1 : 1 / Face Value Split From Rs 10/- Each To Rs 2/- Each
DEEPINDS|INE0FHS01016|1,DEEPINDS|INE0FHS01024|1,ISIN_CHANGE_CA,Face Value Split (Sub-Division) - From Rs 10/- Per Share To Rs 5/- Per Share
DELPHIFX|INE726L01019|1,DELPHIFX|INE726L01027|1,ISIN_CHANGE_CA,Face Value Split (Sub-Division) - From Rs 10/- Per Share To Rs 2/- Per Share
DEVIT|INE060X01018|1,DEVIT|INE060X01026|1,ISIN_CHANGE_CA,Face Value Split (Sub-Division) - From Rs 10/- Per Share To Rs 5/- Per Share
DEVIT|INE060X01026|1,DEVIT|INE060X01034|1,ISIN_CHANGE_CA,Face Value Split (Sub-Division) - From Rs 5/- Per Share To Rs 2/- Per Share
DFMFOODS|INE456C01012|1,DFMFOODS|INE456C01020|1,ISIN_CHANGE_CA,Face Value Split (Sub-Division) - From Rs 10/- Per Share To Rs 2/- Per Share
DIXON|INE935N01012|1,DIXON|INE935N01020|1,ISIN_CHANGE_CA,Face Value Split (Sub-Division) - From Rs 10/- Per Share To Rs 2/- Per Share
DOLLAR|INE325C01027|1,DOLLAR|INE325C01035|1,ISIN_CHANGE_CA,Face Value Split (Sub-Division) - From Rs 10/- Per Share To Rs 2/- Per Share
DPSCLTD|INE360C01016|1,DPSCLTD|INE360C01024|1,ISIN_CHANGE_CA,Bonus 22:1 And Face Value Split From Rs.10/- To Re.1/-
DRREDDY|INE089A01023|1,DRREDDY|INE089A01031|1,ISIN_CHANGE_CA,Face Value Split (Sub-Division) - From Rs 5/- Per Share To Re 1/- Per Share
DWARKESH|INE366A01033|1,DWARKESH|INE366A01041|1,ISIN_CHANGE_CA,Annual General Meeting/Dividend - Rs 10 Per Share/Face Value Split (Sub-Division) - From Rs 10/- Per Share To Re 1/- Per Share (Purpose Revised)
E2E|INE255Z01019|1,E2E|INE255Z01027|1,ISIN_CHANGE_CA,Face Value Split (Sub-Division) - From Rs 10/- Per Share To Re 1/- Per Share
EASEMYTRIP|INE07O001018|1,EASEMYTRIP|INE07O001026|1,ISIN_CHANGE_CA,Face Value Split (Sub-Division) - From Rs 2/- Per Share To Re 1/- Per Share
EICHERMOT|INE066A01013|1,EICHERMOT|INE066A01021|1,ISIN_CHANGE_CA,Face Value Split (Sub-Division) - From Rs 10/- Per Share To Re 1/- Per Share
ELECON|INE205B01023|1,ELECON|INE205B01031|1,ISIN_CHANGE_CA,Face Value Split (Sub-Division) - From Rs 2/- Per Share To Re 1/- Per Share
EXCEL|INE688J01015|1,EXCEL|INE688J01023|1,ISIN_CHANGE_CA,Bonus 1:2 [record filed under later symbol LANDSMILL]
EXXARO|INE0GFE01018|1,EXXARO|INE0GFE01026|1,ISIN_CHANGE_CA,Face Value Split (Sub-Division) - From Rs 10/- Per Share To Re 1/- Per Share
FCL|INE045J01018|1,FCL|INE045J01026|1,ISIN_CHANGE_CA,Face Valus Split (Sub-Division) - From Rs 10/- Per Share To Rs 2/- Per Share
FCL|INE045J01026|1,FCL|INE045J01034|1,ISIN_CHANGE_CA,Bonus 4:1
FEDERALBNK|INE171A01011|1,FEDERALBNK|INE171A01029|1,ISIN_CHANGE_CA,Face Value Split From Rs.10/- To Rs.2/-
FILATEX|INE816B01019|1,FILATEX|INE816B01027|1,ISIN_CHANGE_CA,Face Value Split (Sub-Division) - From Rs 10/- Per Share To Rs 2/- Per Share
FILATEX|INE816B01027|1,FILATEX|INE816B01035|1,ISIN_CHANGE_CA,Face Value Split (Sub-Division) - From Rs 2/- Per Share To Re 1/- Per Share
FILATFASH|INE185E01013|1,FILATFASH|INE185E01021|1,ISIN_CHANGE_CA,Face Value Split (Sub-Division) - From Rs 5/- Per Share To Re 1/- Per Share
FINPIPE|INE183A01016|1,FINPIPE|INE183A01024|1,ISIN_CHANGE_CA,Face Value Split (Sub-Division) - From Rs 10/- Per Share To Rs 2/- Per Share
FISCHER|INE771F01025|1,FISCHER|INE771F01041|1,ISIN_CHANGE_CA,Face Value Split (Sub-Division) - From Rs 10/- Per Share To Re 1/- Per Share
FOCUS|INE593W01010|1,FOCUS|INE593W01028|1,ISIN_CHANGE_CA,Face Value Split (Sub-Division) - From Rs 10/- Per Share To Rs 2/- Per Share
GAEL|INE036B01022|1,GAEL|INE036B01030|1,ISIN_CHANGE_CA,Face Value Split (Sub-Division) - From Rs 2/- Per Share To Re 1/- Per Share
GAL|INE482J01013|1,GAL|INE482J01021|1,ISIN_CHANGE_CA,Face Value Split From Rs 10 To Re 1 [record filed under later symbol SHAH]
GALLISPAT|INE528K01011|1,GALLISPAT|INE528K01029|1,ISIN_CHANGE_CA,Face Value Split (Sub-Division) - From Rs 10/- Per Share To Re 1/- Per Share
GANGAFORGE|INE691Z01015|1,GANGAFORGE|INE691Z01023|1,ISIN_CHANGE_CA,Face Value Split (Sub-Division) - From Rs 10/- Per Share To Re 1/- Per Share
GAYAPROJ|INE336H01015|1,GAYAPROJ|INE336H01023|1,ISIN_CHANGE_CA,Face Value Split From Rs 10/- Per Share To Rs 2/- Per Share
GEEKAYWIRE|INE669X01024|1,GEEKAYWIRE|INE669X01032|1,ISIN_CHANGE_CA,Face Value Split (Sub-Division) - From Rs 2/- Per Share To Re 1/- Per Share
GLOBAL|INE291W01011|1,GLOBAL|INE291W01029|1,ISIN_CHANGE_CA,Face Value Split (Sub-Division) - From Rs 10/- Per Share To Rs 5/- Per Share
GLOBAL|INE291W01029|1,GLOBAL|INE291W01037|1,ISIN_CHANGE_CA,Face Value Split (Sub-Division) - From Rs 5/- Per Share To Rs 2/- Per Share
GODFRYPHLP|INE260B01010|1,GODFRYPHLP|INE260B01028|1,ISIN_CHANGE_CA,Face Value Split From Rs 10/- Per Share To Rs 2/- Per Share
GODREJPROP|INE484J01019|1,GODREJPROP|INE484J01027|1,ISIN_CHANGE_CA,Face Value Split From Rs.10/- To Rs.5/-
GOENKA|INE516K01016|1,GOENKA|INE516K01024|1,ISIN_CHANGE_CA,Face Value Split From Rs.10/- To Re.1/-
GOKULAGRO|INE314T01025|1,GOKULAGRO|INE314T01033|1,ISIN_CHANGE_CA,Face Value Split (Sub-Division) - From Rs 2/- Per Share To Re 1/- Per Share
GOLDIAM|INE025B01017|1,GOLDIAM|INE025B01025|1,ISIN_CHANGE_CA,Face Value Split (Sub-Division) - From Rs 10/- Per Share To Rs 2/- Per Share
GPIL|INE177H01013|1,GPIL|INE177H01021|1,ISIN_CHANGE_CA,Bonus 1:1
GPIL|INE177H01021|1,GPIL|INE177H01039|1,ISIN_CHANGE_CA,Face Value Split (Sub-Division) - From Rs 5/- Per Share To Re 1/- Per Share
GRANULES|INE101D01012|1,GRANULES|INE101D01020|1,ISIN_CHANGE_CA,Face Value Split Rs 10 To Rs 1
GRASIM|INE047A01013|1,GRASIM|INE047A01021|1,ISIN_CHANGE_CA,Face Value Split From Rs 10 To Re 2
GRAVITA|INE024L01019|1,GRAVITA|INE024L01027|1,ISIN_CHANGE_CA,Face Value Split From Rs.10/- To Rs.2/-
GREENLAM|INE544R01013|1,GREENLAM|INE544R01021|1,ISIN_CHANGE_CA,Face Value Split (Sub-Division) - From Rs 5/- Per Share To Re 1/- Per Share
GREENPLY|INE461C01020|1,GREENPLY|INE461C01038|1,ISIN_CHANGE_CA,Face Value Split (Sub-Division) - From Rs 5/- Per Share To Re 1/- Per Share
GRUH|INE580B01011|1,GRUH|INE580B01029|1,ISIN_CHANGE_CA,Face Value Split From Rs 10 To Rs 2
GSFC|INE026A01017|1,GSFC|INE026A01025|1,ISIN_CHANGE_CA,Face Value Split From Rs 10 To Rs 2
GUJGASLTD|INE844O01022|1,GUJGASLTD|INE844O01030|1,ISIN_CHANGE_CA,Face Value Split (Sub-Division) - From Rs 10/- Per Share To Rs 2/- Per Share [record filed under later symbol GUJENERGY]
HAL|INE066F01012|1,HAL|INE066F01020|1,ISIN_CHANGE_CA,Face Value Split (Sub-Division) - From Rs 10/- Per Share To Rs 5/- Per Share
HARDWYN|INE626Z01011|1,HARDWYN|INE626Z01029|1,ISIN_CHANGE_CA,Bonus 1:3
HATHWAY|INE982F01028|1,HATHWAY|INE982F01036|1,ISIN_CHANGE_CA,Face Value Split (Sub-Division) - From Rs 10/- Per Share To Rs 2/- Per Share
HAVELLS|INE176B01026|1,HAVELLS|INE176B01034|1,ISIN_CHANGE_CA,Face Value Split From Rs 5/- Per Share To Re 1/- Per Share
HDFCBANK|INE040A01018|1,HDFCBANK|INE040A01026|1,ISIN_CHANGE_CA,Face Value Split From Rs.10/- To Rs.2/-
HDFCBANK|INE040A01026|1,HDFCBANK|INE040A01034|1,ISIN_CHANGE_CA,Face Value Split (Sub-Division) - From Rs 2 Per Share To Rs 1 Per Share
HEG|INE545A01016|1,HEG|INE545A01024|1,ISIN_CHANGE_CA,Face Value Split (Sub-Division) - From Rs 10/- Per Share To Rs 2/- Per Share [record filed under later symbol HEGAM]
HERITGFOOD|INE978A01019|1,HERITGFOOD|INE978A01027|1,ISIN_CHANGE_CA,Face Value Split (Sub-Division) - From Rs 10/- Per Share To Rs 5/- Per Share
HIKAL|INE475B01014|1,HIKAL|INE475B01022|1,ISIN_CHANGE_CA,Face Value Split (Sub-Division): From Rs 10/- Per Share To Rs 2/- Per Share
HINDCOMPOS|INE310C01011|1,HINDCOMPOS|INE310C01029|1,ISIN_CHANGE_CA,Bonus 1:2/Face Value Split (Sub-Division) From Rs 10 Per Share To Rs 5 Per Share
HITECH|INE106T01017|1,HITECH|INE106T01025|1,ISIN_CHANGE_CA,Face Value Split (Sub-Division) - From Rs 10/- Per Share To Re 1/- Per Share
HLEGLAS|INE461D01010|1,HLEGLAS|INE461D01028|1,ISIN_CHANGE_CA,Face Value Split (Sub-Division) - From Rs 10/- Per Share To Rs 2/- Per Share
HMAAGRO|INE0ECP01016|1,HMAAGRO|INE0ECP01024|1,ISIN_CHANGE_CA,Face Value Split (Sub-Division) - From Rs 10/- Per Share To Re 1/- Per Share
HNDFDS|INE254N01018|1,HNDFDS|INE254N01026|1,ISIN_CHANGE_CA,Face Value Split (Sub-Division) - From Rs 10/- Per Share To Rs 2/- Per Share
HPAL|INE0GSL01016|1,HPAL|INE0GSL01024|1,ISIN_CHANGE_CA,Face Value Split (Sub-Division) - From Rs 10/- Per Share To Rs 2/- Per Share
ICICIBANK|INE090A01013|1,ICICIBANK|INE090A01021|1,ISIN_CHANGE_CA,Face Value Split (Sub-Division) - From Rs 10/- Per Share To Rs 2/- Per Share
IEX|INE022Q01012|1,IEX|INE022Q01020|1,ISIN_CHANGE_CA,Face Value Split (Sub-Division) - From Rs 10/- Per Share To Re 1/- Per Share
IGL|INE203G01019|1,IGL|INE203G01027|1,ISIN_CHANGE_CA,Face Value Split (Sub-Division) - From Rs 10/- Per Share To Rs 2/- Per Share
INDIAGLYCO|INE560A01015|1,INDIAGLYCO|INE560A01023|1,ISIN_CHANGE_CA,Face Value Split (Sub-Division) - From Rs 10/- Per Share To Rs 5/- Per Share
INDNIPPON|INE092B01017|1,INDNIPPON|INE092B01025|1,ISIN_CHANGE_CA,Face Value Split (Sub-Division) - From Rs 10/- Per Share To Rs 5/- Per Share
INDOCO|INE873D01016|1,INDOCO|INE873D01024|1,ISIN_CHANGE_CA,Bonus 1:2 And Face Value Split From Rs.10 To Rs.2
INDTERRAIN|INE611L01013|1,INDTERRAIN|INE611L01021|1,ISIN_CHANGE_CA,Face Value Split (Sub-Division) - From Rs 10/- Per Share To Rs 2/- Per Share
INFIBEAM|INE483S01012|1,INFIBEAM|INE483S01020|1,ISIN_CHANGE_CA,Annual General Meeting/Face Value Split (Sub-Division) - From Rs 10/- Per Share To Re 1/- Per Share [record filed under later symbol CCAVENUE]
INFODRIVE|INE804D01011|1,INFODRIVE|INE804D01029|1,ISIN_CHANGE_CA,Face Value Split (Sub Division) - From Rs 10/- Per Share To Re 1/- Per Share
INVENTURE|INE878H01016|1,INVENTURE|INE878H01024|1,ISIN_CHANGE_CA,Face Value Split (Sub-Division) - From Rs 10/- Per Share To Re 1/- Per Share
IOLCP|INE485C01011|1,IOLCP|INE485C01029|1,ISIN_CHANGE_CA,Face Value Split (Sub-Division) - From Rs 10/- Per Share To Rs 2/- Per Share
IONEXCHANG|INE570A01014|1,IONEXCHANG|INE570A01022|1,ISIN_CHANGE_CA,Face Value Split (Sub-Division) - From Rs 10/- Per Share To Re 1/- Per Share
IPCALAB|INE571A01020|1,IPCALAB|INE571A01038|1,ISIN_CHANGE_CA,Face Value Split (Sub-Division) - From Rs 2/- Per Share To Re 1/- Per Share
IRB|INE821I01014|1,IRB|INE821I01022|1,ISIN_CHANGE_CA,Face Value Split (Sub-Division) - From Rs 10/- Per Share To Re 1/- Per Share
IRCON|INE962Y01013|1,IRCON|INE962Y01021|1,ISIN_CHANGE_CA,Face Value Split (Sub-Division) - From Rs 10/- Per Share To Rs 2/- Per Share
IRCTC|INE335Y01012|1,IRCTC|INE335Y01020|1,ISIN_CHANGE_CA,Face Value Split (Sub-Division) - From Rs 10/- Per Share To Rs 2/- Per Share
IRISDOREME|INE01GN01017|1,IRISDOREME|INE01GN01025|1,ISIN_CHANGE_CA,Face Value Split (Sub-Division) - From Rs 10/- Per Share To Rs 2/- Per Share
ITDCEM|INE686A01018|1,ITDCEM|INE686A01026|1,ISIN_CHANGE_CA,Face Value Split (Sub-Division) - From Rs 10/- Per Share To Re 1/- Per Share [record filed under later symbol CEMPRO]
J&KBANK|INE168A01017|1,J&KBANK|INE168A01041|1,ISIN_CHANGE_CA,Face Value Split - From Rs 10/- Per Share To Re 1/- Per Share
JAGSNPHARM|INE048B01027|1,JAGSNPHARM|INE048B01035|1,ISIN_CHANGE_CA,Face Value Split (Sub-Division) - From Rs 5/- Per Share To Rs 2/- Per Share
JAIBALAJI|INE091G01018|1,JAIBALAJI|INE091G01026|1,ISIN_CHANGE_CA,Face Value Split (Sub-Division) - From Rs 10/- Per Share To Rs 2/- Per Share
JAMNAAUTO|INE039C01016|1,JAMNAAUTO|INE039C01024|1,ISIN_CHANGE_CA,Face Value Split (Sub-Division) - From Rs 10/- Per Share To Rs 5/- Per Share
JAMNAAUTO|INE039C01024|1,JAMNAAUTO|INE039C01032|1,ISIN_CHANGE_CA,Face Value Split (Sub-Division) - From Rs 5/- Per Share To Re 1/- Per Share
JASH|INE039O01011|1,JASH|INE039O01029|1,ISIN_CHANGE_CA,Face Value Split (Sub-Division) - From Rs 10/- Per Share To Rs 2/- Per Share
JAYBARMARU|INE571B01028|1,JAYBARMARU|INE571B01036|1,ISIN_CHANGE_CA,Face Value Split (Sub-Division) - From Rs 5/- Per Share To Rs 2/- Per Share
JBCHEPHARM|INE572A01028|1,JBCHEPHARM|INE572A01036|1,ISIN_CHANGE_CA,Face Value Split (Sub-Division) - From Rs 2/- Per Share To Re 1/- Per Share
JBMA|INE927D01028|1,JBMA|INE927D01044|1,ISIN_CHANGE_CA,Face Value Split (Sub-Division) - From Rs 5/- Per Share To Rs 2/- Per Share
JBMA|INE927D01044|1,JBMA|INE927D01051|1,ISIN_CHANGE_CA,Face Value Split (Sub-Division) - From Rs 2/- Per Share To Re 1/- Per Share
JETFREIGHT|INE982V01017|1,JETFREIGHT|INE982V01025|1,ISIN_CHANGE_CA,Face Value Split (Sub-Division) - From Rs 10/- Per Share To Rs 5/- Per Share
JINDALSAW|INE324A01024|1,JINDALSAW|INE324A01032|1,ISIN_CHANGE_CA,Face Value Split (Sub-Division) - From Rs 2/- Per Share To Re 1/- Per Share
JINDWORLD|INE247D01013|1,JINDWORLD|INE247D01021|1,ISIN_CHANGE_CA,Face Value Split (Sub-Division) - From Rs 10/- Per Share To Rs 5/- Per Share
JINDWORLD|INE247D01021|1,JINDWORLD|INE247D01039|1,ISIN_CHANGE_CA,Face Value Split (Sub-Division) - From Rs 5/- Per Share To Re 1/- Per Share
JKIL|INE576I01014|1,JKIL|INE576I01022|1,ISIN_CHANGE_CA,Face Value Split (Sub-Division) - From Rs 10/- Per Share To Rs 5/- Per Share
JKTYRE|INE573A01034|1,JKTYRE|INE573A01042|1,ISIN_CHANGE_CA,Face Value Split (Sub-Division) - From Rs 10/- Per Share To Rs 2/- Per Share
JLHL|INE682M01012|1,JLHL|INE682M01020|1,ISIN_CHANGE_CA,Face Value Split (Sub-Division) - From Rs 10/- Per Share To Rs 2/- Per Share
JMA|INE412C01015|1,JMA|INE412C01023|1,ISIN_CHANGE_CA,Face Value Split (Sub-Division) - From Rs 10/- Per Share To Rs 2/- Per Share
JMCPROJECT|INE890A01016|1,JMCPROJECT|INE890A01024|1,ISIN_CHANGE_CA,Face Value Split (Sub-Division) - From Rs 10/- Per Share To Rs 2/- Per Share
JMTAUTOLTD|INE988E01010|1,JMTAUTOLTD|INE988E01028|1,ISIN_CHANGE_CA,Face Value Split (Sub-Division) - From Rs 10/- Per Share To Rs 2/- Per Share
JMTAUTOLTD|INE988E01028|1,JMTAUTOLTD|INE988E01036|1,ISIN_CHANGE_CA,Face Value Split From Rs 2 To Re 1
JTLIND|INE391J01024|1,JTLIND|INE391J01032|1,ISIN_CHANGE_CA,Face Value Split (Sub-Division) - From Rs 2/- Per Share To Re 1/- Per Share
JUBLFOOD|INE797F01012|1,JUBLFOOD|INE797F01020|1,ISIN_CHANGE_CA,Face Value Split (Sub-Division) - From Rs 10/- Per Share To Rs 2/- Per Share
KAJARIACER|INE217B01028|1,KAJARIACER|INE217B01036|1,ISIN_CHANGE_CA,Face Value Split From Rs 2 To Re 1
KAMDHENU|INE390H01012|1,KAMDHENU|INE390H01020|1,ISIN_CHANGE_CA,Face Value Split (Sub-Division) - From Rs 10/- Per Share To Re 1/- Per Share
KAMOPAINTS|INE0BTI01029|1,KAMOPAINTS|INE0BTI01037|1,ISIN_CHANGE_CA,Face Value Split (Sub-Division) - From Rs 5/- Per Share To Re 1/- Per Share
KANSAINER|INE531A01016|1,KANSAINER|INE531A01024|1,ISIN_CHANGE_CA,Face Value Split (Sub-Division) - From Rs 10/- Per Share To Re 1/- Per Share
KELLTONTEC|INE164B01022|1,KELLTONTEC|INE164B01030|1,ISIN_CHANGE_CA,Face Value Split (Sub-Division) - From Rs 5/- Per Share To Re 1/- Per Share
KIMS|INE967H01017|1,KIMS|INE967H01025|1,ISIN_CHANGE_CA,Face Value Split (Sub-Division) - From Rs 10/- Per Share To Rs 2/- Per Share
KIRLPNU|INE811A01020|1,KIRLPNU|INE811A01038|1,ISIN_CHANGE_CA,Face Value Split (Sub-Division) - From Rs 2/- Per Share To Re 1/- Per Share
KMEW|INE0CJD01011|1,KMEW|INE0CJD01029|1,ISIN_CHANGE_CA,Face Value Split (Sub-Division) - From Rs 10/- Per Share To Rs 5/- Per Share
KOTAKBANK|INE237A01028|1,KOTAKBANK|INE237A01036|1,ISIN_CHANGE_CA,Face Value Split (Sub-Division) - From Rs 5/- Per Share To Re 1/- Per Share
KPIGREEN|INE542W01017|1,KPIGREEN|INE542W01025|1,ISIN_CHANGE_CA,Face Value Split (Sub-Division) - From Rs10/- Per Share To Rs 5/- Per Share
KPRMILL|INE930H01023|1,KPRMILL|INE930H01031|1,ISIN_CHANGE_CA,Face Value Split (Sub-Division) - From Rs 5/- Per Share To Re 1/- Per Share
KRISHANA|INE506W01012|1,KRISHANA|INE506W01020|1,ISIN_CHANGE_CA,Face Value Split (Sub-Division) - From Rs 10/- Per Share To Rs 2/- Per Share
KRITIKA|INE00Z501011|1,KRITIKA|INE00Z501029|1,ISIN_CHANGE_CA,Face Value Split (Sub-Division) - From Rs 10/- Per Share To Rs 2/- Per Share
KSB|INE999A01015|1,KSB|INE999A01023|1,ISIN_CHANGE_CA,Face Value Split (Sub-Division) - From Rs 10/- Per Share To Rs 2/- Per Share
KSCL|INE455I01011|1,KSCL|INE455I01029|1,ISIN_CHANGE_CA,Face Value Split From Rs 10/- To Rs 2/-
KSERASERA|INE216D01018|1,KSERASERA|INE216D01026|1,ISIN_CHANGE_CA,Face Value Split (Sub-Division) - From Rs 10/- Per Share To Re 1/- Per Share
KSOLVES|INE0D6I01015|1,KSOLVES|INE0D6I01023|1,ISIN_CHANGE_CA,Face Value Split (Sub-Division) - From Rs 10/- Per Share To Rs 5/- Per Share
KTIL|INE096L01017|1,KTIL|INE096L01025|1,ISIN_CHANGE_CA,Bonus 1:25/ Face Value Split (Sub-Division) - From Rs 10/- Per Share To Rs 5/- Per Share
KUANTUM|INE529I01013|1,KUANTUM|INE529I01021|1,ISIN_CHANGE_CA,Face Value Split (Sub-Division) - From Rs 10/- Per Share To Re 1/- Per Share
LAMBODHARA|INE112F01014|1,LAMBODHARA|INE112F01022|1,ISIN_CHANGE_CA,Face Value Split From Rs 10 To Rs 5
LANCER|INE359U01010|1,LANCER|INE359U01028|1,ISIN_CHANGE_CA,Face Value Split (Sub-Division) - From Rs 10/- Per Share To Rs 5/- Per Share
LAOPALA|INE059D01012|1,LAOPALA|INE059D01020|1,ISIN_CHANGE_CA,Sub-Division From Rs 10/- Per Share To Rs 2/- Per Share
LAURUSLABS|INE947Q01010|1,LAURUSLABS|INE947Q01028|1,ISIN_CHANGE_CA,Face Value Split (Sub-Division) - From Rs 10/- Per Share To Rs 2/- Per Share
LEMERITE|INE0G1L01017|1,LEMERITE|INE0G1L01025|1,ISIN_CHANGE_CA,Face Value Split (Sub-Division) - From Rs 10/- Per Share To Rs 2/- Per Share
LIKHITHA|INE060901019|1,LIKHITHA|INE060901027|1,ISIN_CHANGE_CA,Face Value Split (Sub-Division) - From Rs 10/- Per Share To Rs 5/- Per Share
LINC|INE802B01019|1,LINC|INE802B01027|1,ISIN_CHANGE_CA,Face Value Split (Sub-Division) - From Rs 10/- Per Share To Rs 5/- Per Share
LUMAXTECH|INE872H01019|1,LUMAXTECH|INE872H01027|1,ISIN_CHANGE_CA,Face Value Split (Sub-Division) - From Rs 10/- Per Share To Rs 2/- Per Share
LUXIND|INE150G01012|1,LUXIND|INE150G01020|1,ISIN_CHANGE_CA,Face Value Split From Rs 10 To Rs 2
M&MFIN|INE774D01016|1,M&MFIN|INE774D01024|1,ISIN_CHANGE_CA,Face Value Split Rs 10 To Rs 2
MANINFRA|INE949H01015|1,MANINFRA|INE949H01023|1,ISIN_CHANGE_CA,Annual General Meeting / Dividend - Rs 1.35/- Per Share / Face Value Split - From Rs 10/- Per Share To Rs 2/- Per Share
MANORAMA|INE00VM01010|1,MANORAMA|INE00VM01036|1,ISIN_CHANGE_CA,Face Value Split (Sub-Division) - From Rs 10/- Per Share To Rs 2/- Per Share
MARATHON|INE182D01012|1,MARATHON|INE182D01020|1,ISIN_CHANGE_CA,Face Value Split (Sub-Division) - From Rs 10/- Per Share To Rs 5/- Per Share
MARINE|INE01JE01010|1,MARINE|INE01JE01028|1,ISIN_CHANGE_CA,Face Value Split (Sub-Division) - From Rs 10 Per Share To Rs 2 Per Share
MAYURUNIQ|INE040D01012|1,MAYURUNIQ|INE040D01038|1,ISIN_CHANGE_CA,Face Value Split From Rs.10/- To Rs.5/-
MAZDOCK|INE249Z01012|1,MAZDOCK|INE249Z01020|1,ISIN_CHANGE_CA,Face Value Split (Sub-Division) - From Rs 10/- Per Share To Rs 5/- Per Share
MBAPL|INE900L01010|1,MBAPL|INE900L01028|1,ISIN_CHANGE_CA,Face Value Split (Sub-Division) - From Rs 10/- Per Share To Rs 2/- Per Share
MBSWITCH|INE899L01014|1,MBSWITCH|INE899L01022|1,ISIN_CHANGE_CA,Face Value Split From Rs 10 To Re 1 [record filed under later symbol UJAAS]
MCDOWELL-N|INE854D01016|1,MCDOWELL-N|INE854D01024|1,ISIN_CHANGE_CA,Face Value Split (Sub-Division) - From Rs 10/- Per Share To Rs 2/- Per Share [record filed under later symbol UNITDSPR]
MCX|INE745G01035|1,MCX|INE745G01043|1,ISIN_CHANGE_CA,Face Value Split (Sub-Division) - From Rs 10/- Per Share To Rs 2/- Per Share
MEDICO|INE630Y01016|1,MEDICO|INE630Y01024|1,ISIN_CHANGE_CA,Face Value Split (Sub-Division) - From Rs 10/- Per Share To Rs 2/- Per Share
MENONBE|INE071D01025|1,MENONBE|INE071D01033|1,ISIN_CHANGE_CA,Face Value Split (Sub-Division) - From Rs 5/- Per Share To Re 1/- Per Share
MGEL|INE0APB01016|1,MGEL|INE0APB01024|1,ISIN_CHANGE_CA,Face Value Split (Sub-Division) - From Rs 10/- Per Share To Rs 2/- Per Share
MGEL|INE0APB01024|1,MGEL|INE0APB01032|1,ISIN_CHANGE_CA,Face Value Split (Sub-Division) - From Rs 2/- Per Share To Re 1/- Per Share
MINDAIND|INE405E01015|1,MINDAIND|INE405E01023|1,ISIN_CHANGE_CA,Face Value Split From Rs 10 To Rs 2 [record filed under later symbol UNOMINDA]
MITTAL|INE997Y01019|1,MITTAL|INE997Y01027|1,ISIN_CHANGE_CA,Face Value Split (Sub-Division) - From Rs 10/- Per Share To Re 1/- Per Share
MKPL|INE964W01013|1,MKPL|INE964W01021|1,ISIN_CHANGE_CA,Face Value Split (Sub-Division) - From Rs 10/- Per Share To Re 1/- Per Share
MOKSH|INE514Y01012|1,MOKSH|INE514Y01020|1,ISIN_CHANGE_CA,Face Value Split (Sub-Division) - From Rs 10/- Per Share To Rs 2/- Per Share
MOLDTKPAC|INE893J01011|1,MOLDTKPAC|INE893J01029|1,ISIN_CHANGE_CA,Face Value Split (Sub-Division) - From Rs 10/- Per Share To Rs 5/- Per Share
MUNJALAU|INE672B01024|1,MUNJALAU|INE672B01032|1,ISIN_CHANGE_CA,Face Value Split From Rs.10/- To Rs.2/-
MWL|INE0JYY01011|1,MWL|INE0JYY01029|1,ISIN_CHANGE_CA,Face Value Split (Sub-Division) - From Rs 10/- Per Share To Re 1/- Per Share
NARMADA|INE117Z01011|1,NARMADA|INE117Z01029|1,ISIN_CHANGE_CA,Face Value Split (Sub-Division) - From Rs 10/- Per Share To Rs 5/- Per Share
NATCOPHARM|INE987B01018|1,NATCOPHARM|INE987B01026|1,ISIN_CHANGE_CA,Face Value Split (Sub-Division) - From Rs 10/- Per Share To Rs 2/- Per Share
NAUKRI|INE663F01024|1,NAUKRI|INE663F01032|1,ISIN_CHANGE_CA,Face Value Split (Sub-Division) - From Rs 10/- Per Share To Rs 2/- Per Share
NAVA|INE725A01022|1,NAVA|INE725A01030|1,ISIN_CHANGE_CA,Face Value Split (Sub-Division) - From Rs 2/- Per Share To Re 1/- Per Share
NAVINFLUOR|INE048G01018|1,NAVINFLUOR|INE048G01026|1,ISIN_CHANGE_CA,Face Value Split From Rs 10/- Per Share To Rs 2/- Per Share
NAVKARURB|INE268H01036|1,NAVKARURB|INE268H01044|1,ISIN_CHANGE_CA,Face Value Split (Sub-Division) - From Rs 2/- Per Share To Re 1/- Per Share
NAZARA|INE418L01021|1,NAZARA|INE418L01047|1,ISIN_CHANGE_CA,Bonus 1:1
NBCC|INE095N01015|1,NBCC|INE095N01023|1,ISIN_CHANGE_CA,Face Value Split (Sub-Division) - From Rs 10/- Per Share To Rs 2/- Per Share
NBCC|INE095N01023|1,NBCC|INE095N01031|1,ISIN_CHANGE_CA,Face Value Split (Sub-Division) - From Rs 2/- Per Share To Re 1/- Per Share
NBIFIN|INE365I01012|1,NBIFIN|INE365I01020|1,ISIN_CHANGE_CA,Face Value Split (Sub-Division) - From Rs 10/- Per Share To Rs 5/- Per Share
NELCAST|INE189I01016|1,NELCAST|INE189I01024|1,ISIN_CHANGE_CA,Face Value Split From Rs 10 To Rs 2
NESCO|INE317F01027|1,NESCO|INE317F01035|1,ISIN_CHANGE_CA,Face Value Split (Sub-Division) - From Rs 10/- Per Share To Rs 2/- Per Share
NESTLEIND|INE239A01016|1,NESTLEIND|INE239A01024|1,ISIN_CHANGE_CA,Face Value Split (Sub-Division) - From Rs10/- Per Share To Re 1/- Per Share
NIPPOBATRY|INE567A01010|1,NIPPOBATRY|INE567A01028|1,ISIN_CHANGE_CA,Face Value Split (Sub-Division) - From Rs 10/- Per Share To Rs 5/- Per Share
NUVAMA|INE531F01015|1,NUVAMA|INE531F01023|1,ISIN_CHANGE_CA,Face Value Split (Sub-Division) - From Rs 10/- Per Share To Rs 2/- Per Share
ONEPOINT|INE840Y01011|1,ONEPOINT|INE840Y01029|1,ISIN_CHANGE_CA,Face Value Split (Sub-Division) - From Rs 10/- Per Share To Rs 2/- Per Share
ORISSAMINE|INE725E01016|1,ORISSAMINE|INE725E01024|1,ISIN_CHANGE_CA,Face Value Split From Rs.10/- To Re.1/-
OSIAHYPER|INE06IR01013|1,OSIAHYPER|INE06IR01021|1,ISIN_CHANGE_CA,Face Value Split (Sub-Division) - From Rs 10/- Per Share To Re 1/- Per Share
OSWALSEEDS|INE00IK01011|1,OSWALSEEDS|INE00IK01029|1,ISIN_CHANGE_CA,Face Value Split (Sub-Division) - From Rs 10/- Per Share To Rs 2/- Per Share
PAISALO|INE420C01042|1,PAISALO|INE420C01059|1,ISIN_CHANGE_CA,Face Value Split (Sub-Division) - From Rs 10/- Per Share To Re 1/- Per Share
PANAMAPET|INE305C01011|1,PANAMAPET|INE305C01029|1,ISIN_CHANGE_CA,Face Value Split From Rs.10/- To Rs.2/-
PARAS|INE045601015|1,PARAS|INE045601023|1,ISIN_CHANGE_CA,Face Value Split (Sub-Division) - From Rs 10/- Per Share To Rs 5/- Per Share
PASHUPATI|INE124Y01010|1,PASHUPATI|INE124Y01028|1,ISIN_CHANGE_CA,Face Value Split (Sub-Division) - From Rs 10/- Per Share To Re 1/- Per Share
PAVNAIND|INE07S101020|1,PAVNAIND|INE07S101038|1,ISIN_CHANGE_CA,Face Value Split (Sub-Division) - From Rs 10/- Per Share To Re 1/- Per Share
PCBL|INE602A01023|1,PCBL|INE602A01031|1,ISIN_CHANGE_CA,Face Value Split (Sub-Division) - From Rs 2/- Per Share To Re 1/- Per Share
PDSL|INE111Q01013|1,PDSL|INE111Q01021|1,ISIN_CHANGE_CA,Face Value Split (Sub-Division) - From Rs 10/- Per Share To Rs 2/- Per Share
PERSISTENT|INE262H01013|1,PERSISTENT|INE262H01021|1,ISIN_CHANGE_CA,Face Value Split (Sub-Division) - From Rs 10/- Per Share To Rs 5/- Per Share
PGEL|INE457L01011|1,PGEL|INE457L01029|1,ISIN_CHANGE_CA,Face Value Split (Sub-Division) - From Rs 10/- Per Share To Re 1/- Per Share
PHILIPCARB|INE602A01015|1,PHILIPCARB|INE602A01023|1,ISIN_CHANGE_CA,Face Value Split (Sub-Division) - From Rs 10/- Per Share To Rs 2/- Per Share [record filed under later symbol PCBL]
PIIND|INE603J01014|1,PIIND|INE603J01022|1,ISIN_CHANGE_CA,Face Value Split From Rs.10/- To Rs.5/-
PIIND|INE603J01022|1,PIIND|INE603J01030|1,ISIN_CHANGE_CA,Face Value Split From Rs.5/- Per Share To Re.1/- Per Share
PILITA|INE600A01027|1,PILITA|INE600A01035|1,ISIN_CHANGE_CA,Face Value Split (Sub-Division) - From Rs 4/- Per Share To Re 1/- Per Share
PITTILAM|INE450D01013|1,PITTILAM|INE450D01021|1,ISIN_CHANGE_CA,Face Value Split (Sub-Division) - From Rs 10/- Per Share To Rs 5/- Per Share [record filed under later symbol PITTIENG]
PLASTIBLEN|INE083C01014|1,PLASTIBLEN|INE083C01022|1,ISIN_CHANGE_CA,Face Value Split From Rs.10/- To Rs.5/-
PNB|INE160A01014|1,PNB|INE160A01022|1,ISIN_CHANGE_CA,Face Value Split (Sub-Division) - From Rs 10/- Per Share To Rs 2/- Per Share
PNCINFRA|INE195J01011|1,PNCINFRA|INE195J01029|1,ISIN_CHANGE_CA,Face Value Split From Rs 10 To Rs 2
POCL|INE063E01046|1,POCL|INE063E01053|1,ISIN_CHANGE_CA,Face Value Split (Sub-Division) - From Rs 10/- Per Share To Rs 5/- Per Share
POCL|INE063E01053|1,POCL|INE063E01061|1,ISIN_CHANGE_CA,Face Value Split (Sub-Division) - From Rs 5/- Per Share To Rs 2/- Per Share
POKARNA|INE637C01017|1,POKARNA|INE637C01025|1,ISIN_CHANGE_CA,Face Value Split (Sub-Division) - From Rs 10/- Per Share To Rs 2/- Per Share
POLYMED|INE205C01013|1,POLYMED|INE205C01021|1,ISIN_CHANGE_CA,Face Value Split (Sub-Division) - From Rs 10/- Per Share To Rs 5/- Per Share
PRAKASHCON|INE023M01019|1,PRAKASHCON|INE023M01027|1,ISIN_CHANGE_CA,Face Value Split From Rs 10 To Re 1 [record filed under later symbol SETUINFRA]
PRAKASHSTL|INE696K01016|1,PRAKASHSTL|INE696K01024|1,ISIN_CHANGE_CA,Face Value Split (Sub-Division) - From Rs 10/- Per Share To Re 1/- Per Share
PRECWIRE|INE372C01011|1,PRECWIRE|INE372C01029|1,ISIN_CHANGE_CA,Face Value Split (Sub-Division) - From Rs 10/- Per Share To Rs 5/- Per Share
PRECWIRE|INE372C01029|1,PRECWIRE|INE372C01037|1,ISIN_CHANGE_CA,Face Value Split (Sub-Division) - From Rs 5/- Per Share To Re 1/- Per Share
PREMEXPLN|INE863B01011|1,PREMEXPLN|INE863B01029|1,ISIN_CHANGE_CA,Face Value Split (Sub-Division) - From Rs 10/- Per Share To Rs 2/- Per Share
PTL|INE034D01031|1,PTL|INE034D01049|1,ISIN_CHANGE_CA,Face Value Split (Sub-Division) - From Rs 2/- Per Share To Re 1/- Per Share
RADHIKAJWE|INE583V01013|1,RADHIKAJWE|INE583V01021|1,ISIN_CHANGE_CA,Face Value Split (Sub-Division) - From Rs 10/- Per Share To Rs 2/- Per Share
RADIOCITY|INE919I01016|1,RADIOCITY|INE919I01024|1,ISIN_CHANGE_CA,Face Value Split (Sub-Division) - From Rs 10/- Per Share To Rs 2/- Per Share
RAJMET|INE00KV01014|1,RAJMET|INE00KV01022|1,ISIN_CHANGE_CA,Face Value Split (Sub-Division) - From Rs 10/- Per Share To Re 1/- Per Share
RAJRAYON|INE533D01016|1,RAJRAYON|INE533D01024|1,ISIN_CHANGE_CA,Face Value Split From Rs 10 To Re 1
RAJTV|INE952H01019|1,RAJTV|INE952H01027|1,ISIN_CHANGE_CA,Bonus 1:1 / Face Value Split From Rs.10/- To Rs.5/-
RALLIS|INE613A01012|1,RALLIS|INE613A01020|1,ISIN_CHANGE_CA,Face Value Split From Rs.10/- To Re.1/-
RAMAPHO|INE809A01024|1,RAMAPHO|INE809A01032|1,ISIN_CHANGE_CA,Face Value Split (Sub-Division) - From Rs 10/- Per Share To Rs 5/- Per Share
RAMASTEEL|INE230R01019|1,RAMASTEEL|INE230R01027|1,ISIN_CHANGE_CA,Bonus 4:1/Face Value Split (Sub-Division) - From Rs 10/- Per Share To Rs 5/- Per Share
RAMASTEEL|INE230R01027|1,RAMASTEEL|INE230R01035|1,ISIN_CHANGE_CA,Face Value Split (Sub-Division) - From Rs 5/- Per Share To Re 1/- Per Share
RASOYPR|INE904G01020|1,RASOYPR|INE904G01038|1,ISIN_CHANGE_CA,Bonus 2:1 / Face Value Split From Rs. 5/- To Re. 1/-
REFEX|INE056I01017|1,REFEX|INE056I01025|1,ISIN_CHANGE_CA,Face Value Split (Sub-Division) - From Rs 10/- Per Share To Rs 2/- Per Share
RELAXO|INE131B01021|1,RELAXO|INE131B01039|1,ISIN_CHANGE_CA,Face Value Split From Rs.5/- To Re.1/-
REMSONSIND|INE474C01015|1,REMSONSIND|INE474C01023|1,ISIN_CHANGE_CA,Face Value Split (Sub-Division) - From Rs 10/- Per Share To Rs 2/- Per Share
RGL|INE722H01016|1,RGL|INE722H01024|1,ISIN_CHANGE_CA,Face Value Split (Sub-Division) - From Rs 10/- Per Share To Rs 2/- Per Share
RKFORGE|INE399G01015|1,RKFORGE|INE399G01023|1,ISIN_CHANGE_CA,Face Value Split (Sub-Division) - From Rs 10/- Per Share To Rs 2/- Per Share
RMDRIP|INE219Y01018|1,RMDRIP|INE219Y01026|1,ISIN_CHANGE_CA,Face Value Split (Sub-Division) - From Rs 10/- Per Share To Re 1/- Per Share
ROLEXRINGS|INE645S01016|1,ROLEXRINGS|INE645S01024|1,ISIN_CHANGE_CA,Face Value Split (Sub-Division) - From Rs 10/- Per Share To Re 1/- Per Share
ROTO|INE535D01029|1,ROTO|INE535D01037|1,ISIN_CHANGE_CA,Face Value Split (Sub-Division) - From Rs 2/- Per Share To Re 1/- Per Share
RPPL|INE760W01015|1,RPPL|INE760W01023|1,ISIN_CHANGE_CA,Face Value Split (Sub-Division) - From Rs 10/- Per Share To Rs 5/- Per Share
RSSOFTWARE|INE165B01011|1,RSSOFTWARE|INE165B01029|1,ISIN_CHANGE_CA,Interim Dividend - Rs 1.50/- Per Share / Face Value Split - From Rs 10/- Per Share To Rs 5/- Per Share (Purpose Revised)
RSYSTEMS|INE411H01024|1,RSYSTEMS|INE411H01032|1,ISIN_CHANGE_CA,Face Value Split From Rs 10/- To Re 1/- Per Share
RUBYMILLS|INE301D01018|1,RUBYMILLS|INE301D01026|1,ISIN_CHANGE_CA,Face Value Split From Rs 10 To Rs 5
RUSHIL|INE573K01017|1,RUSHIL|INE573K01025|1,ISIN_CHANGE_CA,Face Value Split (Sub-Division) - From Rs 10/- Per Share To Re 1/- Per Share
SAGCEM|INE229C01013|1,SAGCEM|INE229C01021|1,ISIN_CHANGE_CA,Face Value Split (Sub-Division) - From Rs 10/- Per Share To Rs 2/- Per Share
SAKSOFT|INE667G01015|1,SAKSOFT|INE667G01023|1,ISIN_CHANGE_CA,Face Value Split (Sub-Division) - From Rs 10/- Per Share To Re 1/- Per Share
SAKUMA|INE190H01016|1,SAKUMA|INE190H01024|1,ISIN_CHANGE_CA,Face Value Split (Sub-Division) - From Rs 10/- Per Share To Re 1/- Per Share
SALASAR|INE170V01019|1,SALASAR|INE170V01027|1,ISIN_CHANGE_CA,Face Value Split (Sub-Division) - From Rs 10/- Per Share To Rs 1/- Per Share
SANGHVIMOV|INE989A01024|1,SANGHVIMOV|INE989A01032|1,ISIN_CHANGE_CA,Face Value Split (Sub-Division) - From Rs 2/- Per Share To Re 1/- Per Share
SAPPHIRE|INE806T01012|1,SAPPHIRE|INE806T01020|1,ISIN_CHANGE_CA,Face Value Split (Sub-Division) - From Rs 10/- Per Share To Rs 2/- Per Share
SARDAEN|INE385C01013|1,SARDAEN|INE385C01021|1,ISIN_CHANGE_CA,Face Value Split (Sub-Division) - From Rs 10/- Per Share To Re 1/- Per Share
SAREGAMA|INE979A01017|1,SAREGAMA|INE979A01025|1,ISIN_CHANGE_CA,Face Value Split (Sub-Division) - From Rs 10/- Per Share To Re 1/- Per Share
SARLAPOLY|INE453D01017|1,SARLAPOLY|INE453D01025|1,ISIN_CHANGE_CA,Face Value Split From Rs 10 To Re 1 (Record Date Revised)
SATIA|INE170E01015|1,SATIA|INE170E01023|1,ISIN_CHANGE_CA,Face Value Split (Sub-Division) - From Rs 10/- Per Share To Re 1/- Per Share
SBGLP|INE05ST01010|1,SBGLP|INE05ST01028|1,ISIN_CHANGE_CA,Face Value Split (Sub-Division) - From Rs 10/- Per Share To Re 1/- Per Share
SBIN|INE062A01012|1,SBIN|INE062A01020|1,ISIN_CHANGE_CA,Face Value Split Rs.10/- To Re.1/- Per Share
SCHAEFFLER|INE513A01014|1,SCHAEFFLER|INE513A01022|1,ISIN_CHANGE_CA,Face Value Split (Sub-Division) - From Rs 10/- Per Share To Rs 2/- Per Share
SDBL|INE480C01012|1,SDBL|INE480C01020|1,ISIN_CHANGE_CA,Face Value Split (Sub-Division) - From Rs 10/- Per Share To Rs 5/- Per Share
SDBL|INE480C01020|1,SDBL|INE480C01038|1,ISIN_CHANGE_CA,Face Value Split (Sub-Division) - From Rs 5/- Per Share To Rs 2/- Per Share
SENCO|INE602W01019|1,SENCO|INE602W01027|1,ISIN_CHANGE_CA,Face Value Split (Sub-Division) - From Rs 10/- Per Share To Rs 5/- Per Share
SERVOTECH|INE782X01017|1,SERVOTECH|INE782X01025|1,ISIN_CHANGE_CA,Face Value Split (Sub-Division) - From Rs 10/- Per Share To Rs 2/- Per Share
SESHAPAPER|INE630A01016|1,SESHAPAPER|INE630A01024|1,ISIN_CHANGE_CA,Face Value Split (Sub-Division) - From Rs 10/- Per Share To Rs 2/- Per Share
SHAILY|INE151G01010|1,SHAILY|INE151G01028|1,ISIN_CHANGE_CA,Face Value Split (Sub-Division) - From Rs 10/- Per Share To Rs 2/- Per Share
SHALPAINTS|INE849C01018|1,SHALPAINTS|INE849C01026|1,ISIN_CHANGE_CA,Face Value Split From Rs 10 To Rs 2
SHARDAMOTR|INE597I01010|1,SHARDAMOTR|INE597I01028|1,ISIN_CHANGE_CA,Face Value Split (Sub-Division) - From Rs 10/- Per Share To Rs 2/- Per Share
SHAREINDIA|INE932X01018|1,SHAREINDIA|INE932X01026|1,ISIN_CHANGE_CA,Face Value Split (Sub-Division) - From Rs 10/- Per Share To Rs 2/- Per Share
SHARONBIO|INE028B01011|1,SHARONBIO|INE028B01029|1,ISIN_CHANGE_CA,Bonus 1:1 / Face Value Split From 10/- To Face Value 2/-
SHILPAMED|INE790G01023|1,SHILPAMED|INE790G01031|1,ISIN_CHANGE_CA,Face Value Split (Sub-Division) - From Rs 2/- Per Share To Re 1/- Per Share
SHIVAMAUTO|INE637H01016|1,SHIVAMAUTO|INE637H01024|1,ISIN_CHANGE_CA,Face Value Split From Rs.10/- To Rs.2/-
SHRADHA|INE715Y01015|1,SHRADHA|INE715Y01023|1,ISIN_CHANGE_CA,Face Value Split (Sub-Division) - From Rs 10/- Per Share To Rs 5/- Per Share
SHRENIK|INE632X01022|1,SHRENIK|INE632X01030|1,ISIN_CHANGE_CA,Face Value Split (Sub-Division) - From Rs 2/- Per Share To Re 1/- Per Share
SHRIRAMFIN|INE721A01013|1,SHRIRAMFIN|INE721A01047|1,ISIN_CHANGE_CA,Face Value Split (Sub-Division) - From Rs 10/- Per Share To Rs 2/- Per Share
SIGACHI|INE0D0K01014|1,SIGACHI|INE0D0K01022|1,ISIN_CHANGE_CA,Face Value Split (Sub-Division) - From Rs 10/- Per Share To Re 1/- Per Share
SIGMA|INE0A0S01010|1,SIGMA|INE0A0S01028|1,ISIN_CHANGE_CA,Face Value Split (Sub-Division) - From Rs 10/- Per Share To Re 1/- Per Share
SIGNET|INE529F01019|1,SIGNET|INE529F01027|1,ISIN_CHANGE_CA,Face Value Split (Sub-Division) - From Rs 10/- Per Share To Rs 1/- Per Share
SILVERTUC|INE625X01018|1,SILVERTUC|INE625X01026|1,ISIN_CHANGE_CA,Bonus 1:1
SIS|INE285J01010|1,SIS|INE285J01028|1,ISIN_CHANGE_CA,Face Value Split (Sub-Division) - From Rs 10/- Per Share To Rs 5/- Per Share
SIYSIL|INE076B01010|1,SIYSIL|INE076B01028|1,ISIN_CHANGE_CA,Face Value Split (Sub-Division) - From Rs 10/- Per Share To Rs 2/- Per Share
SKMEGGPROD|INE411D01015|1,SKMEGGPROD|INE411D01023|1,ISIN_CHANGE_CA,Face Value Split (Sub-Division) - From Rs 10/- Per Share To Rs 5/- Per Share
SMSPHARMA|INE812G01017|1,SMSPHARMA|INE812G01025|1,ISIN_CHANGE_CA,Face Value Split (Sub-Division) - From Rs 10/- Per Share To Re 1/- Per Share
SONAMLTD|INE00LM01011|1,SONAMLTD|INE00LM01029|1,ISIN_CHANGE_CA,Face Value Split (Sub-Division) - From Rs 10/- Per Share To Rs 5/- Per Share
SOTL|INE035D01012|1,SOTL|INE035D01020|1,ISIN_CHANGE_CA,Face Value Split (Sub-Division) - From Rs 10/- Per Share To Rs 2/- Per Share
SPLPETRO|INE663A01025|1,SPLPETRO|INE663A01033|1,ISIN_CHANGE_CA,Face Value Split (Sub-Division) - From Rs 4/- Per Share To Rs 2/- Per Share
SPORTKING|INE885H01011|1,SPORTKING|INE885H01029|1,ISIN_CHANGE_CA,Face Value Split (Sub-Division) - From Rs 10/- Per Share To Re 1/- Per Share
SRPL|INE008Z01012|1,SRPL|INE008Z01020|1,ISIN_CHANGE_CA,Face Value Split (Sub-Division) - From Rs 10/- Per Share To Re 1/- Per Share
SSWL|INE802C01025|1,SSWL|INE802C01033|1,ISIN_CHANGE_CA,Face Value Split (Sub-Division) - From Rs 5/- Per Share To Re 1/- Per Share
STEELCAS|INE124E01020|1,STEELCAS|INE124E01038|1,ISIN_CHANGE_CA,Face Value Split (Sub-Division) - From Rs 5/- Per Share To Re 1/- Per Share
STEELXIND|INE503B01013|1,STEELXIND|INE503B01021|1,ISIN_CHANGE_CA,Face Value Split (Sub-Division) - From Rs 10/- Per Share To Re 1/- Per Share
SUDARSCHEM|INE659A01015|1,SUDARSCHEM|INE659A01023|1,ISIN_CHANGE_CA,Bonus 1 : 1 / Face Value Split From Rs 10/- To Rs 2/- Per Share
SUKHJITS|INE450E01011|1,SUKHJITS|INE450E01029|1,ISIN_CHANGE_CA,Face Value Split (Sub-Division) - From Rs 10/- Per Share To Rs 5/- Per Share
SUNILHITEC|INE305H01010|1,SUNILHITEC|INE305H01028|1,ISIN_CHANGE_CA,Bonus 1:1/Face Value Split (Sub-Division) - From Rs 10/- Per Share To Re 1/- Per Share
SUNTECK|INE805D01026|1,SUNTECK|INE805D01034|1,ISIN_CHANGE_CA,Face Value Split (Sub-Division) - From Rs 2/- Per Share To Rs 1/- Per Share
SUPREMEENG|INE319Z01013|1,SUPREMEENG|INE319Z01021|1,ISIN_CHANGE_CA,Face Value Split (Sub-Division) - From Rs 10/- Per Share To Re 1/- Per Share
SURANASOL|INE272L01014|1,SURANASOL|INE272L01022|1,ISIN_CHANGE_CA,Face Value Split (Sub-Division) - From Rs 10/- Per Share To Rs 5/- Per Share
SURANAT&P|INE130B01023|1,SURANAT&P|INE130B01031|1,ISIN_CHANGE_CA,Face Value Split (Sub-Division) - From Rs 5/- Per Share To Re 1/- Per Share
SURYAROSNI|INE335A01012|1,SURYAROSNI|INE335A01020|1,ISIN_CHANGE_CA,Face Value Split (Sub-Division) - From Rs 10/- Per Share To Rs 5/- Per Share
SUTLEJTEX|INE645H01019|1,SUTLEJTEX|INE645H01027|1,ISIN_CHANGE_CA,Face Value Split (Sub-Division) - From Rs 10/- Per Share To Re 1/- Per Share
SWANENERGY|INE665A01020|1,SWANENERGY|INE665A01038|1,ISIN_CHANGE_CA,Face Value Split From Rs 2/- To Re 1/- [record filed under later symbol SWANCORP]
SYMPHONY|INE225D01019|1,SYMPHONY|INE225D01027|1,ISIN_CHANGE_CA,Face Value Split Rs.10/- To Rs.2/-
TAALTECH|INE524T01011|1,TAALTECH|INE524T01029|1,ISIN_CHANGE_CA,Face Value Split (Sub-Division) - From Rs 10/- Per Share To Rs 2/- Per Share
TALBROAUTO|INE187D01011|1,TALBROAUTO|INE187D01029|1,ISIN_CHANGE_CA,Face Value Split (Sub-Division) - From Rs 10/- Per Share To Rs 2/- Per Share
TARACHAND|INE555Z01012|1,TARACHAND|INE555Z01020|1,ISIN_CHANGE_CA,Face Value Split (Sub-Division) - From Rs 10/- Per Share To Rs 2/- Per Share
TATACOFFEE|INE493A01019|1,TATACOFFEE|INE493A01027|1,ISIN_CHANGE_CA,Face Value Split (Sub-Division): From Rs 10/- Per Share To Re 1/- Per Share
TATAINVEST|INE672A01018|1,TATAINVEST|INE672A01026|1,ISIN_CHANGE_CA,Face Value Split (Sub-Division) - From Rs 10/- Per Share To Re 1/- Per Share
TATAMOTORS|INE155A01014|1,TATAMOTORS|INE155A01022|1,ISIN_CHANGE_CA,Face Value Split From Rs.10/- To Rs.2/- [record filed under later symbol TMPV]
TATAMTRDVR|IN9155A01012|1,TATAMTRDVR|IN9155A01020|1,ISIN_CHANGE_CA,Face Value Split From Rs.10/- To Rs.2/-
TATAPOWER|INE245A01013|1,TATAPOWER|INE245A01021|1,ISIN_CHANGE_CA,Face Value Split From Rs.10/- To Re.1/-
TATASTEEL|INE081A01012|1,TATASTEEL|INE081A01020|1,ISIN_CHANGE_CA,Face Value Split (Sub-Division) - From Rs 10/- Per Share To Re 1/- Per Share
TCC|INE887D01016|1,TCC|INE887D01024|1,ISIN_CHANGE_CA,Face Value Split (Sub-Division) - From Rs 10/- Per Share To Rs 2/- Per Share
TDPOWERSYS|INE419M01019|1,TDPOWERSYS|INE419M01027|1,ISIN_CHANGE_CA,Face Value Split (Sub-Division) - From Rs 10/- Per Share To Rs 2/- Per Share
TDPOWERSYS|INE419M01027|1,TDPOWERSYS|INE419M01035|1,ISIN_CHANGE_CA,Face Value Split (Sub-Division) - From Rs 2/- Per Share To Re 1/- Per Share
TECHM|INE669C01028|1,TECHM|INE669C01036|1,ISIN_CHANGE_CA,Bonus 1:1 / Face Value Split - From Rs 10/- Per Share To Rs 5/- Per Share
TEMBO|INE869Y01010|1,TEMBO|INE869Y01028|1,ISIN_CHANGE_CA,Face Value Split (Sub-Division) - From Rs 10/- Per Share To Re 1/- Per Share
TFCILTD|INE305A01015|1,TFCILTD|INE305A01023|1,ISIN_CHANGE_CA,Face Value Split (Sub-Division) - From Rs 10/- Per Share To Rs 2/- Per Share
THEMISMED|INE083B01016|1,THEMISMED|INE083B01024|1,ISIN_CHANGE_CA,Face Value Split (Sub-Division) - From Rs 10/- Per Share To Re 1/- Per Share
TIPSINDLTD|INE716B01011|1,TIPSINDLTD|INE716B01029|1,ISIN_CHANGE_CA,Face Value Split (Sub-Division) - From Rs 10/- Per Share To Re 1/- Per Share [record filed under later symbol TIPSMUSIC]
TIRUMALCHM|INE338A01016|1,TIRUMALCHM|INE338A01024|1,ISIN_CHANGE_CA,Face Value Split (Sub-Division) - From Rs 10/- Per Share To Re 1/- Per Share
TITAN|INE280A01010|1,TITAN|INE280A01028|1,ISIN_CHANGE_CA,Bonus 1:1 / Face Value Split From Rs.10/- To Re.1/-
TPLPLASTEH|INE413G01014|1,TPLPLASTEH|INE413G01022|1,ISIN_CHANGE_CA,Face Value Split (Sub-Division) - From Rs 10/- Per Share To Rs 2/- Per Share
TRENT|INE849A01012|1,TRENT|INE849A01020|1,ISIN_CHANGE_CA,Face Value Split From Rs 10 To Re 1
TRIDENT|INE064C01014|1,TRIDENT|INE064C01022|1,ISIN_CHANGE_CA,Face Value Split (Sub-Division) - From Rs 10/- Per Share To Rs 1/- Per Share
TRIL|INE763I01018|1,TRIL|INE763I01026|1,ISIN_CHANGE_CA,Face Value Split (Sub-Division) - From Rs 10/- Per Share To Re 1/- Per Share [record filed under later symbol TARIL]
TTKPRESTIG|INE690A01010|1,TTKPRESTIG|INE690A01028|1,ISIN_CHANGE_CA,Face Value Split (Sub-Division) - From Rs 10 Per Share To Re 1 Per Share
TWL|INE615H01012|1,TWL|INE615H01020|1,ISIN_CHANGE_CA,Face Value Split (Sub-Division) - From Rs 10/- Per Share To Rs 2/- Per Share [record filed under later symbol TITAGARH]
UNIPLY|INE950G01015|1,UNIPLY|INE950G01023|1,ISIN_CHANGE_CA,Face Value Split (Sub-Division) - From Rs 10/- Per Share To Rs 2/- Per Share
UNITEDPOLY|INE368U01011|1,UNITEDPOLY|INE368U01029|1,ISIN_CHANGE_CA,Face Value Split (Sub-Division) - From Rs 10/- Per Share To Re 1/- Per Share
V2RETAIL|INE945H01013|1,V2RETAIL|INE945H01021|1,ISIN_CHANGE_CA,Face Value Split (Sub-Division) - From Rs 10/- Per Share To Re 1/- Per Share
VAIBHAVGBL|INE884A01019|1,VAIBHAVGBL|INE884A01027|1,ISIN_CHANGE_CA,Face Value Split (Sub-Division) - From Rs 10/- Per Share To Rs 2/- Per Share
VAISHALI|INE972X01014|1,VAISHALI|INE972X01022|1,ISIN_CHANGE_CA,Bonus 1:1
VAKRANSOFT|INE051B01013|1,VAKRANSOFT|INE051B01021|1,ISIN_CHANGE_CA,Bonus 1:1 And Face Value Split From Rs.10/- To Re.1/- [record filed under later symbol VAKRANGEE]
VARDMNPOLY|INE835A01011|1,VARDMNPOLY|INE835A01029|1,ISIN_CHANGE_CA,Face Value Split (Sub-Division) - From Rs 10/- Per Share To Re 1/- Per Share
VBL|INE200M01013|1,VBL|INE200M01021|1,ISIN_CHANGE_CA,Face Value Split (Sub-Division) - From Rs 10/- Per Share To Rs 5/- Per Share
VBL|INE200M01021|1,VBL|INE200M01039|1,ISIN_CHANGE_CA,Face Value Split (Sub-Division) - From Rs 5/- Per Share To Rs 2/- Per Share
VCL|INE098201028|1,VCL|INE098201036|1,ISIN_CHANGE_CA,Face Value Split (Sub-Division) - From Rs 2/- Per Share To Re 1/- Per Share
VESUVIUS|INE386A01015|1,VESUVIUS|INE386A01023|1,ISIN_CHANGE_CA,Face Value Split (Sub-Division) - From Rs 10/- Per Share To Re 1/- Per Share
VGL|INE273D01019|1,VGL|INE273D01027|1,ISIN_CHANGE_CA,Face Value Split (Sub-Division) - From Rs 10/- Per Share To Rs 5/- Per Share
VGUARD|INE951I01019|1,VGUARD|INE951I01027|1,ISIN_CHANGE_CA,Face Value Split From Rs 10 To Re 1
VINATIORGA|INE410B01029|1,VINATIORGA|INE410B01037|1,ISIN_CHANGE_CA,Face Value Split (Sub-Division) - From Rs 2/- Per Share To Rs 1/- Per Share
VIPIND|INE054A01019|1,VIPIND|INE054A01027|1,ISIN_CHANGE_CA,Face Value Split From Rs.10/- To Rs.2/-
VISAKAIND|INE392A01013|1,VISAKAIND|INE392A01021|1,ISIN_CHANGE_CA,Face Value Split (Sub-Division) - From Rs 10/- Per Share To Rs 2/- Per Share
VISHNU|INE270I01014|1,VISHNU|INE270I01022|1,ISIN_CHANGE_CA,Face Value Split (Sub-Division) - From Rs 10/- Per Share To Rs 2/- Per Share
VISHWARAJ|INE430N01014|1,VISHWARAJ|INE430N01022|1,ISIN_CHANGE_CA,Face Value Split (Sub-Division) - From Rs 10/- Per Share To Rs 2/- Per Share
VIVIMEDLAB|INE526G01013|1,VIVIMEDLAB|INE526G01021|1,ISIN_CHANGE_CA,Face Value Split (Sub-Division) - From Rs 10/- Per Share To Rs 2/- Per Share
VTL|INE825A01012|1,VTL|INE825A01020|1,ISIN_CHANGE_CA,Face Value Split (Sub-Division) - From Rs 10/- Per Share To Rs 2/- Per Share
VTMLTD|INE222F01011|1,VTMLTD|INE222F01029|1,ISIN_CHANGE_CA,Face Value Split From  Rs.10/- To Re.1/-
WABAG|INE956G01020|1,WABAG|INE956G01038|1,ISIN_CHANGE_CA,Face Value Split From Rs.5/- To Rs.2/-
WEBELSOLAR|INE855C01015|1,WEBELSOLAR|INE855C01023|1,ISIN_CHANGE_CA,Face Value Split (Sub-Division) - From Rs 10/- Per Share To Re 1/- Per Share
WEL|INE02WG01016|1,WEL|INE02WG01024|1,ISIN_CHANGE_CA,Face Value Split (Sub-Division) - From Rs 10/- Per Share To Re 1/- Per Share
WELSPUNIND|INE192B01023|1,WELSPUNIND|INE192B01031|1,ISIN_CHANGE_CA,Interim Div - Rs 6/- Per Share + Face Value Split (Sub-Division) - From Rs 10/- Per Share To Re 1/- Per Share [record filed under later symbol WELSPUNLIV]
YESBANK|INE528G01019|1,YESBANK|INE528G01027|1,ISIN_CHANGE_CA,Face Value Split (Sub-Division) - From Rs 10/- Per Share To Rs 2/- Per Share
ZENSARTECH|INE520A01019|1,ZENSARTECH|INE520A01027|1,ISIN_CHANGE_CA,Face Value Split (Sub-Division) - From Rs 10 /- Per Share To Rs 2/- Per Share
ZYDUSWELL|INE768C01010|1,ZYDUSWELL|INE768C01028|1,ISIN_CHANGE_CA,Face Value Split (Sub-Division) - From Rs 10/- Per Share To Rs 2/- Per Share
ZYLOG|INE225I01018|1,ZYLOG|INE225I01026|1,ISIN_CHANGE_CA,Face Value Split From Rs 10 To Rs 5
