entity_id,symbols,first,last,isins,instrument_type,n_segments,end_status,end_evidence
20MICRONS|INE144J01019|1,20MICRONS,2008-10-06,2026-09-30,INE144J01019|INE144J01027,EQUITY,3,ACTIVE_AT_CUTOFF,
21STCENMGM|INE253B01015|1,21STCENMGM,2018-04-10,2026-09-30,INE253B01015,EQUITY,1,ACTIVE_AT_CUTOFF,
360ONE|INE466L01020|1,360ONE|IIFLWAM,2019-10-04,2026-09-30,INE466L01020|INE466L01038,EQUITY,3,ACTIVE_AT_CUTOFF,
3BBLACKBIO|INE994E01018|1,3BBLACKBIO,2026-04-20,2026-09-30,INE994E01018,EQUITY,1,ACTIVE_AT_CUTOFF,
3IINFOLTD|INE748C01038|1,3IINFOLTD,2021-11-08,2026-08-13,INE748C01038,EQUITY,1,ENDED_UNEXPLAINED,
3IINFOTECH|INE748C01020|1,3IINFOTECH,2005-04-22,2021-06-08,INE748C01020,EQUITY,2,ENDED_UNEXPLAINED,
3MINDIA|INE470A01017|1,3MINDIA,2005-01-03,2026-09-30,INE470A01017,EQUITY,2,ACTIVE_AT_CUTOFF,
3PLAND|INE105C01023|1,3PLAND|PDUMJEIND,2009-03-23,2026-09-30,INE105C01023,EQUITY,3,ACTIVE_AT_CUTOFF,
4THDIM|INE382T01022|1,4THDIM,2022-09-22,2022-12-05,INE382T01022,EQUITY,1,ENDED_UNEXPLAINED,
5PAISA|INE618L01018|1,5PAISA,2017-11-30,2026-09-30,INE618L01018,EQUITY,1,ACTIVE_AT_CUTOFF,
63MOONS|INE111B01023|1,63MOONS|FINANTECH,2006-02-17,2026-09-30,INE111B01023,EQUITY,3,ACTIVE_AT_CUTOFF,
8KMILES|INE650K01013|1,8KMILES|SECURKLOUD,2014-01-29,2026-09-30,INE650K01013|INE650K01021,EQUITY,3,ACTIVE_AT_CUTOFF,
A2ZINFRA|INE619I01012|1,A2ZINFRA|A2ZMES,2010-12-23,2026-09-30,INE619I01012,EQUITY,3,ACTIVE_AT_CUTOFF,
AAATECH|INE0D0U01013|1,AAATECH,2022-11-28,2026-09-30,INE0D0U01013,EQUITY,1,ACTIVE_AT_CUTOFF,
AADHARHFC|INE883F01010|1,AADHARHFC,2024-05-15,2026-09-30,INE883F01010,EQUITY,1,ACTIVE_AT_CUTOFF,
AAKASH|INE087Z01016|1,AAKASH,2020-09-29,2026-09-30,INE087Z01016|INE087Z01024,EQUITY,2,ACTIVE_AT_CUTOFF,
AANJANEYA|INE928K01013|1,AANJANEYA|DRDATSONS,2011-05-27,2015-05-21,INE928K01013,EQUITY,3,DELISTED_EVIDENCED,DRDATSONS 2018-07-02 Delisting - Liquidation
AAREYDRUGS|INE198H01019|1,AAREYDRUGS,2021-08-06,2026-09-30,INE198H01019,EQUITY,1,ACTIVE_AT_CUTOFF,
AARNAV|INE750R01016|1,AARNAV,2026-02-25,2026-08-20,INE750R01016,EQUITY,1,ENDED_UNEXPLAINED,
AARON|INE721Z01010|1,AARON,2020-11-06,2026-09-30,INE721Z01010,EQUITY,1,ACTIVE_AT_CUTOFF,
AARTECH|INE01C001018|1,AARTECH,2023-07-10,2024-04-23,INE01C001018,EQUITY,1,ENDED_UNEXPLAINED,
AARTECH|INE01C001026|1,AARTECH,2024-08-12,2026-07-09,INE01C001026,EQUITY,1,ENDED_UNEXPLAINED,
AARTIDRUGS|INE767A01016|1,AARTIDRUGS,2005-11-25,2026-09-30,INE767A01016,EQUITY,2,ACTIVE_AT_CUTOFF,
AARTIDRUGS|NOISIN|1,AARTIDRUGS,2005-01-03,2005-07-07,,UNKNOWN_NO_ISIN,1,ENDED_UNEXPLAINED,
AARTIIND|INE769A01020|1,AARTIIND,2008-12-01,2026-09-30,INE769A01020,EQUITY,2,ACTIVE_AT_CUTOFF,
AARTIIND|NOISIN|1,AARTIIND,2005-01-03,2008-08-21,,UNKNOWN_NO_ISIN,1,ENDED_UNEXPLAINED,
AARTIPHARM|INE0LRU01027|1,AARTIPHARM,2023-02-13,2026-09-30,INE0LRU01027,EQUITY,1,ACTIVE_AT_CUTOFF,
AARTISURF|INE09EO01013|1,AARTISURF,2020-11-24,2026-08-14,INE09EO01013,EQUITY,1,ENDED_UNEXPLAINED,
AARVEEDEN|INE273D01019|1,AARVEEDEN|VGL,2009-08-21,2026-09-30,INE273D01019|INE273D01027,EQUITY,4,ACTIVE_AT_CUTOFF,
AARVEEDEN|NOISIN|1,AARVEEDEN,2006-11-21,2008-08-21,,UNKNOWN_NO_ISIN,1,ENDED_UNEXPLAINED,
AARVEEDEN|NOISIN|2,AARVEEDEN,2008-12-01,2009-06-11,,UNKNOWN_NO_ISIN,1,ENDED_UNEXPLAINED,
AARVI|INE754X01016|1,AARVI,2020-06-24,2026-09-30,INE754X01016,EQUITY,1,ACTIVE_AT_CUTOFF,
AASTHA|INE2FMX01012|1,AASTHA,2026-07-20,2026-09-30,INE2FMX01012,EQUITY,1,ACTIVE_AT_CUTOFF,
AAVAS|INE216P01012|1,AAVAS,2018-10-08,2026-09-30,INE216P01012,EQUITY,1,ACTIVE_AT_CUTOFF,
ABANLLOYD|NOISIN|1,ABAN|ABANLLOYD|ABANLOYD,2005-01-03,2025-09-04,INE421A01028,EQUITY,4,ENDED_UNEXPLAINED,
ABANSENT|INE365O01028|1,ABANSENT,2026-04-20,2026-09-30,INE365O01028,EQUITY,1,ACTIVE_AT_CUTOFF,
ABBOTINDIA|INE358A01014|1,ABBOTINDIA,2010-01-08,2026-09-30,INE358A01014,EQUITY,2,ACTIVE_AT_CUTOFF,
ABB|INE117A01022|1,ABB,2005-01-03,2026-09-30,INE117A01022,EQUITY,2,ACTIVE_AT_CUTOFF,
ABCAPITAL|INE674K01013|1,ABCAPITAL,2017-09-15,2026-09-30,INE674K01013,EQUITY,1,ACTIVE_AT_CUTOFF,
ABCIL|INE605B01016|1,ABCIL|BCCL,2008-02-29,2016-01-13,INE605B01016,EQUITY,3,ENDED_UNEXPLAINED,
ABCOTS|INE08PH01015|1,ABCOTS,2025-09-24,2026-09-30,INE08PH01015,EQUITY,1,ACTIVE_AT_CUTOFF,
ABDL|INE552Z01027|1,ABDL,2024-07-02,2026-09-30,INE552Z01027,EQUITY,1,ACTIVE_AT_CUTOFF,
ABFRL|INE647O01011|1,ABFRL|PFRL,2013-07-31,2026-09-30,INE647O01011,EQUITY,2,ACTIVE_AT_CUTOFF,
ABGSEC|INF209KC1134|1,ABGSEC,2024-07-10,2026-09-30,INF209KC1134,FUND_UNIT,1,ACTIVE_AT_CUTOFF,
ABGSHIP|INE067H01016|1,ABGSHIP,2007-04-11,2017-01-23,INE067H01016,EQUITY,2,DELISTED_EVIDENCED,ABGSHIP 2020-03-02 Delisting - Liquidation
ABHISHEK|INE004I01017|1,ABHISHEK,2010-12-03,2013-06-04,INE004I01017,EQUITY,2,ENDED_UNEXPLAINED,
ABHISHEK|NOISIN|1,ABHISHEK|AML,2007-03-19,2009-05-28,,UNKNOWN_NO_ISIN,2,ENDED_UNEXPLAINED,
ABHISHEK|NOISIN|2,ABHISHEK,2009-08-21,2009-12-10,,UNKNOWN_NO_ISIN,1,ENDED_UNEXPLAINED,
ABHISHEK|NOISIN|3,ABHISHEK,2010-02-19,2010-03-18,,UNKNOWN_NO_ISIN,1,ENDED_UNEXPLAINED,
ABHISHEK|NOISIN|4,ABHISHEK,2010-06-11,2010-08-19,,UNKNOWN_NO_ISIN,1,ENDED_UNEXPLAINED,
ABINFRA|INE00YB01017|1,ABINFRA,2025-01-13,2026-08-21,INE00YB01017|INE00YB01025,EQUITY,2,ENDED_UNEXPLAINED,
ABIRLANUVO|INE069A01017|1,ABIRLANUVO|INDRAYON,2005-01-03,2017-07-04,INE069A01017,EQUITY,3,ENDED_UNEXPLAINED,
ABLBL|INE14LE01019|1,ABLBL,2025-07-07,2026-09-30,INE14LE01019,EQUITY,1,ACTIVE_AT_CUTOFF,
ABMINTLLTD|INE251C01025|1,ABMINTLLTD,2021-09-27,2026-08-17,INE251C01025,EQUITY,1,ENDED_UNEXPLAINED,
ABMINTLTD|INE251C01017|1,ABMINTLTD,2019-01-22,2021-07-26,INE251C01017,EQUITY,1,ENDED_UNEXPLAINED,
ABMKNO|INE850B01026|1,ABMKNO,2026-04-20,2026-09-30,INE850B01026,EQUITY,1,ACTIVE_AT_CUTOFF,
ABREL|INE055A01016|1,ABREL|CENTURYTEX,2005-01-03,2026-09-30,INE055A01016,EQUITY,3,ACTIVE_AT_CUTOFF,
ABSHEKINDS|NOISIN|1,ABSHEKINDS,2005-04-08,2008-12-12,,UNKNOWN_NO_ISIN,1,ENDED_UNEXPLAINED,
ABSHEKINDS|NOISIN|2,ABSHEKINDS,2009-03-02,2010-08-19,,UNKNOWN_NO_ISIN,1,ENDED_UNEXPLAINED,
ABSHEKINDS|NOISIN|3,ABSHEKINDS|TRIDENT,2010-12-03,2026-09-30,INE064C01014|INE064C01022,EQUITY,4,ACTIVE_AT_CUTOFF,
ABSIND|NOISIN|1,ABSIND|INEABS|INEOSSTYRO|LANABS|STYABS|STYRENIX,2005-01-03,2026-09-30,INE189B01011,EQUITY,7,ACTIVE_AT_CUTOFF,
ABSL10BANK|INF209KC1670|1,ABSL10BANK,2026-03-04,2026-09-30,INF209KC1670,FUND_UNIT,1,ACTIVE_AT_CUTOFF,
ABSLAMC|INE404A01024|1,ABSLAMC,2021-10-11,2026-09-30,INE404A01024,EQUITY,1,ACTIVE_AT_CUTOFF,
ABSLBANETF|INF209KB17D5|1,ABSLBANETF,2021-11-26,2026-09-30,INF209KB17D5,FUND_UNIT,1,ACTIVE_AT_CUTOFF,
ABSLBANETF|INF209KB1O58|1,ABSLBANETF,2019-10-30,2021-11-25,INF209KB1O58,FUND_UNIT,1,ENDED_UNEXPLAINED,
ABSLLIQUID|INF209KB18T9|1,ABSLLIQUID,2023-03-16,2026-09-30,INF209KB18T9,FUND_UNIT,1,ACTIVE_AT_CUTOFF,
ABSLMSCIN|INF209KC1662|1,ABSLMSCIN,2026-02-20,2026-09-30,INF209KC1662,FUND_UNIT,1,ACTIVE_AT_CUTOFF,
ABSLNN50ET|INF209KB16D7|1,ABSLNN50ET,2021-11-26,2026-09-30,INF209KB16D7,FUND_UNIT,1,ACTIVE_AT_CUTOFF,
ABSLNN50ET|INF209KB1B87|1,ABSLNN50ET,2018-12-27,2021-11-25,INF209KB1B87,FUND_UNIT,1,ENDED_UNEXPLAINED,
ABSLPSE|INF209KB19Z4|1,ABSLPSE,2024-05-23,2026-09-30,INF209KB19Z4,FUND_UNIT,1,ACTIVE_AT_CUTOFF,
ACCELYA|INE793A01012|1,ACCELYA|KALECONSUL,2009-08-21,2026-09-30,INE793A01012,EQUITY,3,ACTIVE_AT_CUTOFF,
ACCURACY|INE648Z01015|1,ACCURACY,2020-12-11,2026-07-01,INE648Z01015|INE648Z01023,EQUITY,2,ENDED_UNEXPLAINED,
ACC|INE012A01025|1,ACC,2005-01-03,2026-09-30,INE012A01025,EQUITY,2,ACTIVE_AT_CUTOFF,
ACEINTEG|INE543V01017|1,ACEINTEG,2022-11-04,2026-09-30,INE543V01017,EQUITY,1,ACTIVE_AT_CUTOFF,
ACE|INE731H01025|1,ACE,2006-09-26,2026-09-30,INE731H01025,EQUITY,2,ACTIVE_AT_CUTOFF,
ACGL|INE451C01013|1,ACGL,2026-08-17,2026-09-30,INE451C01013,EQUITY,1,ACTIVE_AT_CUTOFF,
ACI|INE128X01021|1,ACI,2022-11-21,2026-09-30,INE128X01021,EQUITY,1,ACTIVE_AT_CUTOFF,
ACKRUTI|INE703H01016|1,ACKRUTI|AKRUTI|HUBTOWN,2009-06-12,2026-09-30,INE703H01016,EQUITY,4,ACTIVE_AT_CUTOFF,
ACLGATI|INE152B01027|1,ACLGATI|GATI,2006-10-10,2025-11-11,INE152B01027,EQUITY,3,ENDED_UNEXPLAINED,
ACL|INE666E01020|1,ACL,2023-05-24,2026-09-30,INE666E01020,EQUITY,1,ACTIVE_AT_CUTOFF,
ACMESOLAR|INE622W01025|1,ACMESOLAR,2024-11-13,2026-09-30,INE622W01025,EQUITY,1,ACTIVE_AT_CUTOFF,
ACROPETAL|INE055L01013|1,ACROPETAL,2011-03-10,2016-05-20,INE055L01013,EQUITY,2,DELISTED_EVIDENCED,ACROPETAL 2018-08-08 Compulsory Delisting
ACRYSIL|INE482D01024|1,ACRYSIL|CARYSIL,2021-01-14,2026-09-30,INE482D01024,EQUITY,2,ACTIVE_AT_CUTOFF,
ACSTECH|INE366C01021|1,ACSTECH,2026-04-20,2026-08-25,INE366C01021,EQUITY,1,ENDED_UNEXPLAINED,
ACUTAAS|INE00FF01025|1,ACUTAAS|AMIORG,2021-09-14,2026-09-30,INE00FF01017|INE00FF01025,EQUITY,3,ACTIVE_AT_CUTOFF,
ADANIENSOL|INE931S01010|1,ADANIENSOL|ADANITRANS,2015-08-14,2026-09-30,INE931S01010,EQUITY,2,ACTIVE_AT_CUTOFF,
ADANIENT|INE423A01024|1,ADANIENT|ADANIEXPO,2005-01-03,2026-09-30,INE423A01024,EQUITY,3,ACTIVE_AT_CUTOFF,
ADANIGAS|INE399L01023|1,ADANIGAS|ATGL,2018-11-20,2026-09-30,INE399L01023,EQUITY,2,ACTIVE_AT_CUTOFF,
ADANIGREEN|INE364U01010|1,ADANIGREEN,2018-07-02,2026-09-30,INE364U01010,EQUITY,1,ACTIVE_AT_CUTOFF,
ADANIPORTS|INE742F01042|1,ADANIPORTS|MUNDRAPORT,2007-11-27,2026-09-30,INE742F01042,EQUITY,3,ACTIVE_AT_CUTOFF,
ADANIPOWER|INE814H01011|1,ADANIPOWER,2009-08-20,2026-09-30,INE814H01011|INE814H01029,EQUITY,3,ACTIVE_AT_CUTOFF,
ADDIND|INE757C01021|1,ADDIND,2026-08-18,2026-09-30,INE757C01021,EQUITY,1,ACTIVE_AT_CUTOFF,
ADFFOODS|INE982B01019|1,ADFFOODS,2010-09-15,2026-09-30,INE982B01019|INE982B01027,EQUITY,3,ACTIVE_AT_CUTOFF,
ADHUNIKIND|INE452L01012|1,ADHUNIKIND|INCREDIBLE,2016-07-01,2026-09-30,INE452L01012,EQUITY,2,ACTIVE_AT_CUTOFF,
ADHUNIK|INE400H01019|1,ADHUNIK,2007-08-31,2019-08-22,INE400H01019,EQUITY,2,ENDED_UNEXPLAINED,
ADHUNIK|NOISIN|1,ADHUNIK,2006-04-05,2007-06-07,,UNKNOWN_NO_ISIN,1,ENDED_UNEXPLAINED,
ADI|INE959A01019|1,ADI|FAIRCHEM|PRIVISCL,2015-05-08,2026-09-30,INE959A01019,EQUITY,3,ACTIVE_AT_CUTOFF,
ADLABSFILM|NOISIN|1,ADLABSFILM|RELMEDIA,2005-01-03,2014-04-28,INE540B01015,EQUITY,3,DELISTED_EVIDENCED,RELMEDIA 2014-05-06 Voluntary Delisting
ADLABS|INE172N01012|1,ADLABS|IMAGICAA,2015-04-06,2026-09-30,INE172N01012,EQUITY,2,ACTIVE_AT_CUTOFF,
ADL|INE0CHO01012|1,ADL,2024-03-11,2026-09-30,INE0CHO01012,EQUITY,1,ACTIVE_AT_CUTOFF,
ADORWELD|INE045A01017|1,ADOR|ADORWELD,2005-01-03,2026-09-30,INE045A01017,EQUITY,3,ACTIVE_AT_CUTOFF,
ADROITINFO|INE737B01033|1,ADROITINFO|SPHEREGSL,2015-10-13,2026-09-30,INE737B01033,EQUITY,2,ACTIVE_AT_CUTOFF,
ADSL|INE102I01027|1,ADSL,2007-07-25,2026-09-30,INE102I01027,EQUITY,2,ACTIVE_AT_CUTOFF,
ADVAIT|INE0ALI01010|1,ADVAIT,2026-01-20,2026-09-30,INE0ALI01010,EQUITY,1,ACTIVE_AT_CUTOFF,
ADVANCE|INE1B0W01010|1,ADVANCE,2025-10-24,2026-09-30,INE1B0W01010,EQUITY,1,ACTIVE_AT_CUTOFF,
ADVANIHOTR|INE199C01026|1,ADVANIHOTR,2011-06-23,2026-09-30,INE199C01026,EQUITY,1,ACTIVE_AT_CUTOFF,
ADVANIHOTR|NOISIN|1,ADVANIHOTR,2007-06-25,2007-07-12,,UNKNOWN_NO_ISIN,1,ENDED_UNEXPLAINED,
ADVANIHOTR|NOISIN|2,ADVANIHOTR,2007-08-31,2007-09-20,,UNKNOWN_NO_ISIN,1,ENDED_UNEXPLAINED,
ADVANIHOTR|NOISIN|3,ADVANIHOTR,2007-12-03,2008-03-07,,UNKNOWN_NO_ISIN,1,ENDED_UNEXPLAINED,
ADVANIHOTR|NOISIN|4,ADVANIHOTR,2008-06-13,2009-06-11,,UNKNOWN_NO_ISIN,1,ENDED_UNEXPLAINED,
ADVANIHOTR|NOISIN|5,ADVANIHOTR,2009-08-21,2009-09-17,,UNKNOWN_NO_ISIN,1,ENDED_UNEXPLAINED,
ADVANIHOTR|NOISIN|6,ADVANIHOTR,2009-11-20,2010-09-30,,UNKNOWN_NO_ISIN,1,ENDED_UNEXPLAINED,
ADVANIHOTR|NOISIN|7,ADVANIHOTR,2010-12-03,2011-06-21,,UNKNOWN_NO_ISIN,1,ENDED_UNEXPLAINED,
ADVANTA|INE517H01010|1,ADVANTA,2007-04-19,2016-07-29,INE517H01010|INE517H01028,EQUITY,3,ENDED_UNEXPLAINED,
ADVENTHTL|INE28GN01010|1,ADVENTHTL,2025-11-27,2026-09-30,INE28GN01010,EQUITY,1,ACTIVE_AT_CUTOFF,
ADVENZYMES|INE837H01012|1,ADVENZYMES,2016-08-01,2026-09-30,INE837H01012|INE837H01020,EQUITY,2,ACTIVE_AT_CUTOFF,
ADVIKCA|INE178T01024|1,ADVIKCA,2026-08-17,2026-09-30,INE178T01024,EQUITY,1,ACTIVE_AT_CUTOFF,
AEGISCHEM|INE208C01017|1,AEGISCHEM|AEGISLOG,2005-04-08,2026-09-30,INE208C01017|INE208C01025,EQUITY,4,ACTIVE_AT_CUTOFF,
AEGISVOPAK|INE0INX01018|1,AEGISVOPAK,2025-06-02,2026-09-30,INE0INX01018,EQUITY,1,ACTIVE_AT_CUTOFF,
AEPL|INE757T01025|1,AEPL,2026-03-12,2026-09-30,INE757T01025,EQUITY,1,ACTIVE_AT_CUTOFF,
AEQUS|INE947N01017|1,AEQUS,2025-12-10,2026-09-30,INE947N01017,EQUITY,1,ACTIVE_AT_CUTOFF,
AEROENTER|INE065D01027|1,AEROENTER|SATINDLTD,2022-11-21,2026-09-30,INE065D01027,EQUITY,2,ACTIVE_AT_CUTOFF,
AEROFLEX|INE024001021|1,AEROFLEX,2023-08-31,2026-09-30,INE024001021,EQUITY,1,ACTIVE_AT_CUTOFF,
AERONEU|INE035801013|1,AERONEU|SAH,2023-01-27,2026-09-30,INE035801013,EQUITY,2,ACTIVE_AT_CUTOFF,
AEROPLANE|INE05TO01019|1,AEROPLANE|AMIRCHAND,2026-04-02,2026-09-30,INE05TO01019,EQUITY,2,ACTIVE_AT_CUTOFF,
AETHER|INE0BWX01014|1,AETHER,2022-06-03,2026-09-30,INE0BWX01014,EQUITY,1,ACTIVE_AT_CUTOFF,
AFCONS|INE101I01011|1,AFCONS,2024-11-04,2026-09-30,INE101I01011,EQUITY,1,ACTIVE_AT_CUTOFF,
AFFLE|INE00WC01019|1,AFFLE,2019-08-08,2026-09-30,INE00WC01019|INE00WC01027,EQUITY,2,ACTIVE_AT_CUTOFF,
AFFORDABLE|INE692Z01013|1,AFFORDABLE,2024-10-23,2026-09-30,INE692Z01013,EQUITY,1,ACTIVE_AT_CUTOFF,
AFIL|INE916Y01019|1,AFIL,2024-07-10,2026-09-30,INE916Y01019|INE916Y01027,EQUITY,2,ACTIVE_AT_CUTOFF,
AFL|INE020G01017|1,AFL|INSPIRISYS,2010-08-20,2026-09-30,INE020G01017,EQUITY,3,ACTIVE_AT_CUTOFF,
AFL|NOISIN|1,AFL,2006-10-30,2007-03-01,,UNKNOWN_NO_ISIN,1,ENDED_UNEXPLAINED,
AFL|NOISIN|2,AFL,2007-06-08,2010-01-07,,UNKNOWN_NO_ISIN,1,ENDED_UNEXPLAINED,
AFL|NOISIN|3,AFL,2010-02-19,2010-06-10,,UNKNOWN_NO_ISIN,1,ENDED_UNEXPLAINED,
AFSL|INE00ZE01026|1,AFSL|AHL,2022-12-23,2026-09-30,INE00ZE01026,EQUITY,2,ACTIVE_AT_CUTOFF,
AFTEKINFO|NOISIN|1,AFTEK|AFTEKINFO,2005-01-03,2009-05-28,,UNKNOWN_NO_ISIN,2,ENDED_UNEXPLAINED,
AFTEK|INE796A01023|1,AFTEK,2010-12-03,2014-05-22,INE796A01023,EQUITY,2,DELISTED_EVIDENCED,AFTEK 2018-08-08 Compulsory Delisting
AFTEK|NOISIN|2,AFTEK,2009-08-21,2010-09-30,,UNKNOWN_NO_ISIN,1,ENDED_UNEXPLAINED,
AGARIND|INE204E01012|1,AGARIND,2014-05-26,2026-09-30,INE204E01012,EQUITY,1,ACTIVE_AT_CUTOFF,
AGARWALEYE|INE943P01029|1,AGARWALEYE,2025-02-04,2026-09-30,INE943P01029,EQUITY,1,ACTIVE_AT_CUTOFF,
AGCNET|INE676A01019|1,AGCNET|AVAYAGCL|BBOX,2009-08-21,2026-09-30,INE676A01019|INE676A01027,EQUITY,5,ACTIVE_AT_CUTOFF,
AGEEGOLD|NOISIN|1,AGEEGOLD,2005-01-03,2005-04-19,,UNKNOWN_NO_ISIN,1,ENDED_UNEXPLAINED,
AGIIL|INE976R01017|1,AGIIL,2024-07-15,2026-09-30,INE976R01017|INE976R01025|INE976R01033,EQUITY,3,ACTIVE_AT_CUTOFF,
AGI|INE415A01038|1,AGI|HSIL,2009-08-21,2026-09-30,INE415A01038,EQUITY,3,ACTIVE_AT_CUTOFF,
AGLSL|INE517U01013|1,AGLSL,2017-08-03,2019-10-23,INE517U01013,EQUITY,1,ENDED_UNEXPLAINED,
AGL|INE1YPB01014|1,AGL,2026-07-17,2026-09-30,INE1YPB01014,EQUITY,1,ACTIVE_AT_CUTOFF,
AGRE|INE360L01017|1,AGRE|FMNL,2011-06-17,2026-09-30,INE360L01017,EQUITY,3,ACTIVE_AT_CUTOFF,
AGRE|NOISIN|1,AGRE,2011-01-14,2011-04-18,,UNKNOWN_NO_ISIN,1,ENDED_UNEXPLAINED,
AGRITECH|INE449G01018|1,AGRITECH,2015-02-23,2026-09-30,INE449G01018,EQUITY,1,ACTIVE_AT_CUTOFF,
AGRODUTCH|INE135B01014|1,AGRODUTCH,2011-06-17,2016-09-26,INE135B01014,EQUITY,2,DELISTED_EVIDENCED,AGRODUTCH 2018-05-30 Compulsory Delisting
AGRODUTCH|NOISIN|1,AGRODUTCH,2005-01-03,2007-11-30,,UNKNOWN_NO_ISIN,1,ENDED_UNEXPLAINED,
AGRODUTCH|NOISIN|2,AGRODUTCH,2008-02-29,2009-05-28,,UNKNOWN_NO_ISIN,1,ENDED_UNEXPLAINED,
AGRODUTCH|NOISIN|3,AGRODUTCH,2009-08-21,2010-04-01,,UNKNOWN_NO_ISIN,1,ENDED_UNEXPLAINED,
AGRODUTCH|NOISIN|4,AGRODUTCH,2010-06-11,2011-04-18,,UNKNOWN_NO_ISIN,1,ENDED_UNEXPLAINED,
AGROPHOS|INE740V01019|1,AGROPHOS,2019-03-08,2026-09-30,INE740V01019,EQUITY,1,ACTIVE_AT_CUTOFF,
AGSTRA|INE583L01014|1,AGSTRA,2022-01-31,2025-01-29,INE583L01014,EQUITY,1,ENDED_UNEXPLAINED,
AHCL|INE0Y8W01017|1,AHCL,2025-09-17,2026-09-30,INE0Y8W01017|INE0Y8W01025,EQUITY,2,ACTIVE_AT_CUTOFF,
AHLADA|INE00PV01013|1,AHLADA,2021-01-28,2026-09-30,INE00PV01013,EQUITY,1,ACTIVE_AT_CUTOFF,
AHLEAST|INE926K01017|1,AHLEAST,2010-08-11,2026-09-30,INE926K01017,EQUITY,2,ACTIVE_AT_CUTOFF,
AHLUCONT|INE758C01029|1,AHLUCONT,2009-12-14,2026-09-30,INE758C01029,EQUITY,2,ACTIVE_AT_CUTOFF,
AHLWEST|INE915K01010|1,AHLWEST,2010-08-05,2026-04-22,INE915K01010,EQUITY,2,ENDED_UNEXPLAINED,
AHMEDELEC|NOISIN|1,AHMEDELEC|TORRENTAEC,2005-01-03,2006-09-20,,UNKNOWN_NO_ISIN,2,ENDED_UNEXPLAINED,
AHMEDFORGE|INE425A01011|1,AHMEDFORGE|METALFORGE,2006-06-12,2021-02-24,INE425A01011,EQUITY,3,ENDED_UNEXPLAINED,
AHMEDFORGE|NOISIN|1,AHMEDFORGE,2005-01-03,2006-02-16,,UNKNOWN_NO_ISIN,1,ENDED_UNEXPLAINED,
AIAENG|INE212H01026|1,AIAENG,2005-12-14,2026-09-30,INE212H01026,EQUITY,2,ACTIVE_AT_CUTOFF,
AICHAMP|NOISIN|1,AICHAMP,2007-02-14,2007-08-30,,UNKNOWN_NO_ISIN,1,ENDED_UNEXPLAINED,
AICHAMP|NOISIN|2,AICHAMP,2007-12-03,2007-12-28,,UNKNOWN_NO_ISIN,1,ENDED_UNEXPLAINED,
AICHAMP|NOISIN|3,AICHAMP,2008-02-29,2008-09-05,,UNKNOWN_NO_ISIN,1,ENDED_UNEXPLAINED,
AICHAMP|NOISIN|4,AICHAMP,2008-12-01,2009-06-11,,UNKNOWN_NO_ISIN,1,ENDED_UNEXPLAINED,
AICHAMP|NOISIN|5,AICHAMP,2009-08-24,2010-02-18,,UNKNOWN_NO_ISIN,1,ENDED_UNEXPLAINED,
AICHAMP|NOISIN|6,AICHAMP,2010-06-11,2010-11-22,,UNKNOWN_NO_ISIN,1,DELISTED_EVIDENCED,AICHAMP 2018-10-17 Voluntary Delisting
AIFL|INE428O01016|1,AIFL,2015-12-02,2019-02-21,INE428O01016,EQUITY,1,ENDED_UNEXPLAINED,
AIIL|INE206F01022|1,AIIL,2024-04-23,2026-09-30,INE206F01022,EQUITY,1,ACTIVE_AT_CUTOFF,
AIL|INE878A01011|1,AIL|APIL|GEPIL|GVPIL,2005-01-03,2026-09-30,INE878A01011,EQUITY,5,ACTIVE_AT_CUTOFF,
AIONJSW|INE743C01021|1,AIONJSW|JSWISPL,2018-11-01,2023-08-09,INE743C01021,EQUITY,2,ENDED_UNEXPLAINED,
AIRAN|INE645W01026|1,AIRAN,2019-05-03,2026-09-30,INE645W01026,EQUITY,1,ACTIVE_AT_CUTOFF,
AIRDECCAN|NOISIN|1,AIRDECCAN|KFA,2006-06-12,2014-09-23,INE438H01019,EQUITY,3,DELISTED_EVIDENCED,KFA 2018-05-30 Compulsory Delisting
AIROLAM|INE801L01010|1,AIROLAM,2021-10-13,2026-09-30,INE801L01010,EQUITY,1,ACTIVE_AT_CUTOFF,
AJANTPHARM|INE031B01015|1,AJANTPHARM,2009-08-21,2026-09-30,INE031B01015|INE031B01031|INE031B01049,EQUITY,4,ACTIVE_AT_CUTOFF,
AJANTPHARM|NOISIN|1,AJANTPHARM,2005-01-03,2009-06-11,,UNKNOWN_NO_ISIN,1,ENDED_UNEXPLAINED,
AJAXENGG|INE274Y01021|1,AJAXENGG,2025-02-17,2026-09-30,INE274Y01021,EQUITY,1,ACTIVE_AT_CUTOFF,
AJMERA|INE298G01027|1,AJMERA|SHREE,2009-06-16,2026-09-30,INE298G01027|INE298G01035,EQUITY,4,ACTIVE_AT_CUTOFF,
AJOONI|INE820Y01013|1,AJOONI,2021-05-07,2026-09-30,INE820Y01013|INE820Y01021,EQUITY,2,ACTIVE_AT_CUTOFF,
AJRINFRA|INE181G01025|1,AJRINFRA|GAMMNINFRA,2009-08-21,2023-01-20,INE181G01025,EQUITY,3,ENDED_UNEXPLAINED,
AKASH|INE737W01013|1,AKASH,2019-10-11,2026-09-30,INE737W01013,EQUITY,1,ACTIVE_AT_CUTOFF,
AKCAPIT|INE701G01012|1,AKCAPIT,2026-04-20,2026-09-30,INE701G01012,EQUITY,1,ACTIVE_AT_CUTOFF,
AKG|INE00Y801016|1,AKG,2021-02-16,2026-09-30,INE00Y801016,EQUITY,1,ACTIVE_AT_CUTOFF,
AKI|INE642Z01018|1,AKI,2023-04-06,2023-05-22,INE642Z01018,EQUITY,1,ENDED_UNEXPLAINED,
AKI|INE642Z01026|1,AKI,2024-04-23,2026-09-08,INE642Z01026,EQUITY,1,ENDED_UNEXPLAINED,
AKRUTI|NOISIN|1,AKRUTI,2007-02-07,2009-03-26,,UNKNOWN_NO_ISIN,1,ENDED_UNEXPLAINED,
AKSHARCHEM|INE542B01011|1,AKSHARCHEM,2017-03-28,2026-07-01,INE542B01011,EQUITY,1,ENDED_UNEXPLAINED,
AKSHAR|INE256Z01017|1,AKSHAR,2022-05-23,2023-06-07,INE256Z01017,EQUITY,1,ENDED_UNEXPLAINED,
AKSHAR|INE256Z01025|1,AKSHAR,2023-10-09,2026-09-30,INE256Z01025,EQUITY,1,ACTIVE_AT_CUTOFF,
AKSHOPTFBR|INE523B01011|1,AKSHOPTFBR,2011-06-17,2026-04-16,INE523B01011,EQUITY,2,ENDED_UNEXPLAINED,
AKSHOPTFBR|NOISIN|1,AKSHOPTFBR,2005-01-03,2005-01-20,,UNKNOWN_NO_ISIN,1,ENDED_UNEXPLAINED,
AKSHOPTFBR|NOISIN|2,AKSHOPTFBR,2005-04-08,2007-09-20,,UNKNOWN_NO_ISIN,1,ENDED_UNEXPLAINED,
AKSHOPTFBR|NOISIN|3,AKSHOPTFBR,2007-12-03,2008-04-21,,UNKNOWN_NO_ISIN,1,ENDED_UNEXPLAINED,
AKSHOPTFBR|NOISIN|4,AKSHOPTFBR,2008-06-13,2009-05-04,,UNKNOWN_NO_ISIN,1,ENDED_UNEXPLAINED,
AKSHOPTFBR|NOISIN|5,AKSHOPTFBR,2009-06-12,2009-10-05,,UNKNOWN_NO_ISIN,1,ENDED_UNEXPLAINED,
AKSHOPTFBR|NOISIN|6,AKSHOPTFBR,2009-11-20,2011-04-18,,UNKNOWN_NO_ISIN,1,ENDED_UNEXPLAINED,
AKUMS|INE09XN01023|1,AKUMS,2024-08-06,2026-09-30,INE09XN01023,EQUITY,1,ACTIVE_AT_CUTOFF,
AKZOINDIA|INE133A01011|1,AKZOINDIA|ICI|JSWDULUX,2005-01-03,2026-09-30,INE133A01011,EQUITY,4,ACTIVE_AT_CUTOFF,
ALANKIT|INE914E01024|1,ALANKIT,2015-06-30,2016-12-15,INE914E01024|INE914E01032,EQUITY,2,ENDED_UNEXPLAINED,
ALANKIT|INE914E01040|1,ALANKIT,2016-12-16,2026-09-30,INE914E01040,EQUITY,1,ACTIVE_AT_CUTOFF,
ALBERTDAVD|INE155C01010|1,ALBERTDAVD,2016-06-14,2026-09-30,INE155C01010,EQUITY,1,ACTIVE_AT_CUTOFF,
ALBK|INE428A01015|1,ALBK,2005-01-03,2020-03-19,INE428A01015,EQUITY,2,ENDED_UNEXPLAINED,
ALCHEMIST|NOISIN|1,ALCHEMIST,2007-01-22,2007-07-04,,UNKNOWN_NO_ISIN,1,ENDED_UNEXPLAINED,
ALCHEM|INE964B01033|1,ALCHEM,2007-07-31,2020-12-16,INE964B01033,EQUITY,2,ENDED_UNEXPLAINED,
ALEMBICLTD|INE426A01027|1,ALEMBICLTD,2005-01-03,2026-09-30,INE426A01027,EQUITY,2,ACTIVE_AT_CUTOFF,
ALFALAVAL|INE427A01017|1,ALFALAVAL,2005-01-03,2012-04-11,INE427A01017,EQUITY,2,DELISTED_EVIDENCED,ALFALAVAL 2012-04-19 Voluntary Delisting
ALFREDHE|INE782D01027|1,ALFREDHE,2026-08-17,2026-09-29,INE782D01027,EQUITY,1,ENDED_UNEXPLAINED,
ALGOQUANT|INE598D01035|1,ALGOQUANT,2026-01-06,2026-09-30,INE598D01035,EQUITY,1,ACTIVE_AT_CUTOFF,
ALICON|INE062D01024|1,ALICON,2011-11-23,2026-09-30,INE062D01024,EQUITY,1,ACTIVE_AT_CUTOFF,
ALIVUS|INE03Q201024|1,ALIVUS|GLS,2021-08-06,2026-09-30,INE03Q201024,EQUITY,2,ACTIVE_AT_CUTOFF,
ALKALI|INE773I01017|1,ALKALI,2008-11-06,2026-09-24,INE773I01017,EQUITY,2,ENDED_UNEXPLAINED,
ALKEM|INE540L01014|1,ALKEM,2015-12-23,2026-09-30,INE540L01014,EQUITY,1,ACTIVE_AT_CUTOFF,
ALKYLAMINE|INE150B01013|1,ALKYLAMINE,2011-06-22,2026-09-30,INE150B01013|INE150B01021|INE150B01039,EQUITY,3,ACTIVE_AT_CUTOFF,
ALKYLAMINE|NOISIN|1,ALKYLAMINE,2007-11-26,2011-06-20,,UNKNOWN_NO_ISIN,1,ENDED_UNEXPLAINED,
ALLCARGO|INE418H01029|1,ALLCARGO,2006-06-23,2026-09-30,INE418H01029,EQUITY,2,ACTIVE_AT_CUTOFF,
ALLDIGI|INE835G01018|1,ALLDIGI|ALLSEC,2010-06-11,2026-09-30,INE835G01018,EQUITY,3,ACTIVE_AT_CUTOFF,
ALLSEC|NOISIN|1,ALLSEC,2005-05-09,2009-02-19,,UNKNOWN_NO_ISIN,1,ENDED_UNEXPLAINED,
ALLSEC|NOISIN|2,ALLSEC,2009-11-20,2010-04-16,,UNKNOWN_NO_ISIN,1,ENDED_UNEXPLAINED,
ALLTIME|INE0GV601021|1,ALLTIME,2025-08-14,2026-09-30,INE0GV601021,EQUITY,1,ACTIVE_AT_CUTOFF,
ALMONDZ|INE326B01027|1,ALMONDZ,2009-08-21,2026-09-25,INE326B01027|INE326B01035,EQUITY,3,ENDED_UNEXPLAINED,
ALMONDZ|NOISIN|1,ALMONDZ,2008-06-16,2009-06-11,,UNKNOWN_NO_ISIN,1,ENDED_UNEXPLAINED,
ALOKINDS|INE270A01029|1,ALOKINDS,2020-03-05,2026-09-30,INE270A01029,EQUITY,1,ACTIVE_AT_CUTOFF,
ALOKTEXT|INE270A01011|1,ALOKTEXT,2005-01-03,2019-12-09,INE270A01011,EQUITY,2,ENDED_UNEXPLAINED,
ALPA|INE385I01010|1,ALPA,2010-06-11,2026-09-30,INE385I01010,EQUITY,2,ACTIVE_AT_CUTOFF,
ALPA|NOISIN|1,ALPA,2007-08-06,2009-08-20,,UNKNOWN_NO_ISIN,1,ENDED_UNEXPLAINED,
ALPA|NOISIN|2,ALPA,2009-11-20,2010-04-16,,UNKNOWN_NO_ISIN,1,ENDED_UNEXPLAINED,
ALPHAETF|INF769K01KU7|1,ALPHAETF,2023-10-27,2026-09-30,INF769K01KU7,FUND_UNIT,1,ACTIVE_AT_CUTOFF,
ALPHAGEO|INE137C01018|1,ALPHAGEO,2009-11-20,2026-08-19,INE137C01018,EQUITY,2,ENDED_UNEXPLAINED,
ALPHAGEO|NOISIN|1,ALPHAGEO,2007-05-11,2007-06-14,,UNKNOWN_NO_ISIN,1,ENDED_UNEXPLAINED,
ALPHAGEO|NOISIN|2,ALPHAGEO,2007-08-31,2009-09-03,,UNKNOWN_NO_ISIN,1,ENDED_UNEXPLAINED,
ALPHA|INF174KA1IA5|1,ALPHA|KOTAKALPHA,2021-12-29,2026-09-30,INF174KA1IA5,FUND_UNIT,2,ACTIVE_AT_CUTOFF,
ALPINEHOU|INE840D01015|1,ALPINEHOU,2011-12-30,2014-01-10,INE840D01015,EQUITY,1,ENDED_UNEXPLAINED,
ALPINETEX|INE1JCQ01037|1,ALPINETEX,2026-08-04,2026-09-30,INE1JCQ01037,EQUITY,1,ACTIVE_AT_CUTOFF,
ALPL30IETF|INF109KC17V7|1,ALPL30IETF,2024-05-10,2026-09-30,INF109KC17V7,FUND_UNIT,1,ACTIVE_AT_CUTOFF,
ALPL30IETF|INF109KC1N59|1,ALPL30IETF|ICICIALPLV,2020-08-18,2024-05-09,INF109KC1N59,FUND_UNIT,2,ENDED_UNEXPLAINED,
ALPSINDUS|INE093B01015|1,ALPSINDUS,2011-06-17,2025-12-15,INE093B01015,EQUITY,2,ENDED_UNEXPLAINED,
ALPSINDUS|NOISIN|1,ALPSINDUS,2005-01-03,2009-04-17,,UNKNOWN_NO_ISIN,1,ENDED_UNEXPLAINED,
ALPSINDUS|NOISIN|2,ALPSINDUS,2009-08-21,2011-04-18,,UNKNOWN_NO_ISIN,1,ENDED_UNEXPLAINED,
ALSTOMT&D|INE200A01026|1,ALSTOMT&D|AREVA|AREVAT&D|GET&D|GVT&D,2008-06-30,2026-09-30,INE200A01026,EQUITY,6,ACTIVE_AT_CUTOFF,
ALUFLUOR|INE058F01019|1,ALUFLUOR,2026-08-17,2026-09-30,INE058F01019,EQUITY,1,ACTIVE_AT_CUTOFF,
AMAGI|INE121R01077|1,AMAGI,2026-01-21,2026-09-30,INE121R01077,EQUITY,1,ACTIVE_AT_CUTOFF,
AMAL|INE841D01013|1,AMAL,2026-08-17,2026-09-30,INE841D01013,EQUITY,1,ACTIVE_AT_CUTOFF,
AMANTA|INE084K01015|1,AMANTA,2025-09-23,2026-06-16,INE084K01015,EQUITY,1,ENDED_UNEXPLAINED,
AMARAJABAT|INE885A01024|1,AMARAJABAT|ARE&M,2005-11-25,2026-09-30,INE885A01024|INE885A01032,EQUITY,4,ACTIVE_AT_CUTOFF,
AMARAJABAT|NOISIN|1,AMARAJABAT,2005-04-08,2005-06-30,,UNKNOWN_NO_ISIN,1,ENDED_UNEXPLAINED,
AMARJOTHI|INE484D01012|1,AMARJOTHI,2010-01-08,2026-09-30,INE484D01012,EQUITY,2,ACTIVE_AT_CUTOFF,
AMAR|INE787G01011|1,AMAR,2005-09-16,2013-08-01,INE787G01011,EQUITY,2,DELISTED_EVIDENCED,AMAR 2019-10-17 Delisting - Liquidation
AMBALALSA|INE432A01017|1,AMBALALSA,2026-04-20,2026-08-20,INE432A01017,EQUITY,1,ENDED_UNEXPLAINED,
AMBER|INE371P01015|1,AMBER,2018-01-30,2026-09-30,INE371P01015,EQUITY,1,ACTIVE_AT_CUTOFF,
AMBICAAGAR|INE792B01012|1,AMBICAAGAR,2021-04-29,2026-09-30,INE792B01012,EQUITY,1,ACTIVE_AT_CUTOFF,
AMBICAAGAR|NOISIN|1,AMBICAAGAR,2005-01-03,2009-06-11,,UNKNOWN_NO_ISIN,1,ENDED_UNEXPLAINED,
AMBICAAGAR|NOISIN|2,AMBICAAGAR,2009-08-21,2009-09-08,,UNKNOWN_NO_ISIN,1,ENDED_UNEXPLAINED,
AMBICAAGAR|NOISIN|3,AMBICAAGAR,2010-03-10,2010-09-02,,UNKNOWN_NO_ISIN,1,ENDED_UNEXPLAINED,
AMBIKCO|INE540G01014|1,AMBIKCO,2008-01-29,2026-09-30,INE540G01014,EQUITY,2,ACTIVE_AT_CUTOFF,
AMBUJACEM|INE079A01024|1,AMBUJACEM|GUJAMBCEM,2005-01-03,2026-09-30,INE079A01024,EQUITY,3,ACTIVE_AT_CUTOFF,
AMDIND|INE005I01014|1,AMDIND|AMDMET,2007-03-19,2026-09-17,INE005I01014,EQUITY,3,ENDED_UNEXPLAINED,
AMITSPIN|NOISIN|1,AMITSPIN,2005-01-03,2005-03-03,,UNKNOWN_NO_ISIN,1,ENDED_UNEXPLAINED,
AMITSPIN|NOISIN|2,AMITSPIN,2005-04-08,2005-05-12,,UNKNOWN_NO_ISIN,1,ENDED_UNEXPLAINED,
AMJLAND|INE606A01024|1,AMJLAND|PDUMJEPULP,2010-08-20,2026-09-30,INE606A01024,EQUITY,3,ACTIVE_AT_CUTOFF,
AMLSTEEL|INE577F01018|1,AMLSTEEL,2010-06-11,2014-11-12,INE577F01018,EQUITY,2,ENDED_UNEXPLAINED,
AMLSTEEL|NOISIN|1,AMLSTEEL,2010-01-08,2010-02-18,,UNKNOWN_NO_ISIN,1,ENDED_UNEXPLAINED,
AMNPLST|INE275D01022|1,AMNPLST,2023-11-10,2026-09-30,INE275D01022,EQUITY,1,ACTIVE_AT_CUTOFF,
AMRUTANJAN|INE098F01015|1,AMRUTANJAN,2009-11-05,2026-09-30,INE098F01015|INE098F01023|INE098F01031,EQUITY,4,ACTIVE_AT_CUTOFF,
AMTEKAUTO|INE130C01021|1,AMTEKAUTO,2005-01-03,2018-03-28,INE130C01021,EQUITY,2,ENDED_UNEXPLAINED,
AMTEKINDIA|INE068D01021|1,AMTEKINDIA|CASTEXTECH,2005-06-27,2020-10-20,INE068D01021,EQUITY,3,ENDED_UNEXPLAINED,
AMTL|INE436N01029|1,AMTL,2012-08-23,2017-04-21,INE436N01029,EQUITY,1,DELISTED_EVIDENCED,AMTL 2017-05-02 Voluntary Delisting
AMTREXAPPL|NOISIN|1,AMTREXAPPL,2005-01-03,2005-07-29,,UNKNOWN_NO_ISIN,1,ENDED_UNEXPLAINED,
AMTREXAPPL|NOISIN|2,AMTREXAPPL|BOSCH-HCIL|HITACHIHOM|JCHAC,2005-11-25,2026-09-30,INE782A01015,EQUITY,5,ACTIVE_AT_CUTOFF,
ANANDAMRUB|INE618N01014|1,ANANDAMRUB|BALAXI,2015-12-15,2026-09-30,INE618N01014|INE618N01022,EQUITY,3,ACTIVE_AT_CUTOFF,
ANANDRATHI|INE463V01026|1,ANANDRATHI,2021-12-14,2026-09-30,INE463V01026,EQUITY,1,ACTIVE_AT_CUTOFF,
ANANTRAJ|INE242C01024|1,ANANTRAJ,2006-09-27,2026-09-30,INE242C01024,EQUITY,2,ACTIVE_AT_CUTOFF,
ANDHRABANK|INE434A01013|1,ANDHRABANK,2005-01-03,2020-03-19,INE434A01013,EQUITY,2,ENDED_UNEXPLAINED,
ANDHRACEMT|INE666E01012|1,ANDHRACEMT,2010-11-08,2023-03-02,INE666E01012,EQUITY,2,ENDED_UNEXPLAINED,
ANDHRAPAP|INE435A01028|1,ANDHRAPAP|ANDPAPER|APPAPER|IPAPPM,2009-08-21,2026-09-30,INE435A01028|INE435A01051,EQUITY,6,ACTIVE_AT_CUTOFF,
ANDHRSUGAR|INE715B01013|1,ANDHRSUGAR,2005-01-03,2026-09-30,INE715B01013|INE715B01021,EQUITY,3,ACTIVE_AT_CUTOFF,
ANDREWYU|INE449C01025|1,ANDREWYU,2021-08-05,2026-09-30,INE449C01025,EQUITY,1,ACTIVE_AT_CUTOFF,
ANGAUTO|NOISIN|1,ANGAUTO,2007-02-12,2009-09-17,,UNKNOWN_NO_ISIN,1,ENDED_UNEXPLAINED,
ANGAUTO|NOISIN|2,ANGAUTO|ANGIND,2009-11-20,2011-04-18,,UNKNOWN_NO_ISIN,2,ENDED_UNEXPLAINED,
ANGELBRKG|INE732I01013|1,ANGELBRKG|ANGELONE,2020-10-05,2026-09-30,INE732I01013|INE732I01021,EQUITY,3,ACTIVE_AT_CUTOFF,
ANGIND|INE017D01010|1,ANGIND,2011-06-17,2018-03-16,INE017D01010,EQUITY,2,DELISTED_EVIDENCED,ANGIND 2020-07-10 Delisting - Liquidation
ANIKINDS|INE087B01017|1,ANIKINDS,2008-05-21,2026-09-30,INE087B01017,EQUITY,2,ACTIVE_AT_CUTOFF,
ANKITMETAL|INE106I01010|1,ANKITMETAL,2013-03-14,2024-05-07,INE106I01010,EQUITY,1,ENDED_UNEXPLAINED,
ANKURDRUGS|INE238D01012|1,ANKURDRUGS,2007-05-22,2013-08-22,INE238D01012,EQUITY,2,DELISTED_EVIDENCED,ANKURDRUGS 2017-05-12 Delisting - Liquidation
ANMOL|INE02AR01019|1,ANMOL,2021-06-04,2026-09-16,INE02AR01019,EQUITY,1,ENDED_UNEXPLAINED,
ANNAPURNA|INE0MGM01017|1,ANNAPURNA,2026-08-12,2026-09-30,INE0MGM01017,EQUITY,1,ACTIVE_AT_CUTOFF,
ANNU|INE103001017|1,ANNU,2026-09-17,2026-09-30,INE103001017,EQUITY,1,ACTIVE_AT_CUTOFF,
ANSALAPI|INE436A01026|1,ANSALAPI|ANSALINFRA,2006-01-27,2022-09-21,INE436A01026,EQUITY,3,ENDED_UNEXPLAINED,
ANSALBU|INE030C01015|1,ANSALBU,2026-08-17,2026-09-30,INE030C01015,EQUITY,1,ACTIVE_AT_CUTOFF,
ANSALHSG|INE880B01015|1,ANSALHSG,2007-03-02,2022-10-12,INE880B01015,EQUITY,2,ENDED_UNEXPLAINED,
ANSALHSG|NOISIN|1,ANSALHSG,2006-10-06,2006-11-23,,UNKNOWN_NO_ISIN,1,ENDED_UNEXPLAINED,
ANTELOPUS|INE818A01017|1,ANTELOPUS|SELAN,2008-12-01,2026-09-30,INE818A01017,EQUITY,3,ACTIVE_AT_CUTOFF,
ANTGRAPHIC|INE414B01021|1,ANTGRAPHIC,2009-08-21,2026-09-30,INE414B01021,EQUITY,2,ACTIVE_AT_CUTOFF,
ANTGRAPHIC|NOISIN|1,ANTGRAPHIC,2005-01-03,2005-02-17,,UNKNOWN_NO_ISIN,1,ENDED_UNEXPLAINED,
ANTGRAPHIC|NOISIN|2,ANTGRAPHIC,2005-07-08,2007-01-11,,UNKNOWN_NO_ISIN,1,ENDED_UNEXPLAINED,
ANTGRAPHIC|NOISIN|3,ANTGRAPHIC,2007-03-02,2007-08-23,,UNKNOWN_NO_ISIN,1,ENDED_UNEXPLAINED,
ANTGRAPHIC|NOISIN|4,ANTGRAPHIC,2007-12-03,2007-12-28,,UNKNOWN_NO_ISIN,1,ENDED_UNEXPLAINED,
ANTGRAPHIC|NOISIN|5,ANTGRAPHIC,2008-02-29,2009-06-11,,UNKNOWN_NO_ISIN,1,ENDED_UNEXPLAINED,
ANTHEM|INE0CZ201020|1,ANTHEM,2025-07-21,2026-09-30,INE0CZ201020,EQUITY,1,ACTIVE_AT_CUTOFF,
ANUHPHR|INE489G01022|1,ANUHPHR,2024-12-20,2026-09-30,INE489G01022,EQUITY,1,ACTIVE_AT_CUTOFF,
ANUP|INE294Z01018|1,ANUP,2019-03-18,2026-09-30,INE294Z01018,EQUITY,1,ACTIVE_AT_CUTOFF,
ANURAS|INE930P01018|1,ANURAS,2021-03-24,2026-09-30,INE930P01018,EQUITY,1,ACTIVE_AT_CUTOFF,
AONEGOLD|INF1J2R01114|1,AONEGOLD,2025-09-10,2026-09-30,INF1J2R01114,FUND_UNIT,1,ACTIVE_AT_CUTOFF,
AONELIQUID|INF1J2R01056|1,AONELIQUID,2025-03-28,2026-09-30,INF1J2R01056,FUND_UNIT,1,ACTIVE_AT_CUTOFF,
AONENIFTY|INF1J2R01064|1,AONENIFTY,2025-05-28,2026-09-30,INF1J2R01064,FUND_UNIT,1,ACTIVE_AT_CUTOFF,
AONESILVER|INF1J2R01171|1,AONESILVER,2026-03-02,2026-09-30,INF1J2R01171,FUND_UNIT,1,ACTIVE_AT_CUTOFF,
AONETMMQ50|INF1J2R01148|1,AONETMMQ50,2025-11-27,2026-09-30,INF1J2R01148,FUND_UNIT,1,ACTIVE_AT_CUTOFF,
AONETOTAL|INF1J2R01015|1,AONETOTAL,2025-03-05,2026-09-30,INF1J2R01015,FUND_UNIT,1,ACTIVE_AT_CUTOFF,
APARINDS|INE372A01015|1,APARINDS,2005-01-03,2026-09-30,INE372A01015,EQUITY,2,ACTIVE_AT_CUTOFF,
APCL|INE071F01012|1,APCL,2017-04-10,2026-09-30,INE071F01012,EQUITY,1,ACTIVE_AT_CUTOFF,
APCOTEXIND|INE116A01016|1,APCOTEXIND,2008-08-27,2026-09-30,INE116A01016|INE116A01024|INE116A01032,EQUITY,4,ACTIVE_AT_CUTOFF,
APCOTEXIND|NOISIN|1,APCOTEXIND|APCOTEXLAT,2005-01-03,2008-06-12,,UNKNOWN_NO_ISIN,2,ENDED_UNEXPLAINED,
APEX|INE346W01013|1,APEX,2017-09-18,2026-09-30,INE346W01013,EQUITY,1,ACTIVE_AT_CUTOFF,
APLAB|INE273A01015|1,APLAB,2011-09-06,2013-08-27,INE273A01015,EQUITY,1,ENDED_UNEXPLAINED,
APLAB|NOISIN|1,APLAB,2010-06-30,2011-06-16,,UNKNOWN_NO_ISIN,1,ENDED_UNEXPLAINED,
APLAPOLLO|INE702C01019|1,APLAPOLLO,2011-12-14,2026-09-30,INE702C01019|INE702C01027,EQUITY,2,ACTIVE_AT_CUTOFF,
APLLTD|INE901L01018|1,APLLTD,2011-10-04,2026-09-30,INE901L01018,EQUITY,1,ACTIVE_AT_CUTOFF,
APOLLOHOSP|INE437A01024|1,APOLLOHOSP,2005-01-03,2026-09-30,INE437A01024,EQUITY,2,ACTIVE_AT_CUTOFF,
APOLLOPIPE|INE126J01016|1,APOLLOPIPE,2019-11-11,2026-09-30,INE126J01016,EQUITY,1,ACTIVE_AT_CUTOFF,
APOLLOSIND|NOISIN|1,APOLLOSIND,2008-02-07,2009-05-04,,UNKNOWN_NO_ISIN,1,ENDED_UNEXPLAINED,
APOLLOSIND|NOISIN|2,APOLLOSIND,2009-06-12,2009-07-09,,UNKNOWN_NO_ISIN,1,ENDED_UNEXPLAINED,
APOLLOSIND|NOISIN|3,APOLLOSIND|BIRLAMONEY,2009-08-21,2010-01-07,,UNKNOWN_NO_ISIN,2,ENDED_UNEXPLAINED,
APOLLOTYRE|INE438A01022|1,APOLLOTYRE,2005-01-03,2026-09-30,INE438A01022,EQUITY,2,ACTIVE_AT_CUTOFF,
APOLLO|INE713T01010|1,APOLLO,2018-02-06,2026-09-30,INE713T01010|INE713T01028,EQUITY,2,ACTIVE_AT_CUTOFF,
APOLSINHOT|INE451F01016|1,APOLSINHOT,2016-02-22,2026-09-30,INE451F01016|INE451F01024,EQUITY,2,ACTIVE_AT_CUTOFF,
APOORVA|INE217S01014|1,APOORVA,2026-08-20,2026-09-30,INE217S01014,EQUITY,1,ACTIVE_AT_CUTOFF,
APPAPER|NOISIN|1,APPAPER,2005-01-03,2009-03-19,,UNKNOWN_NO_ISIN,1,ENDED_UNEXPLAINED,
APTECHT|INE266F01018|1,APTECHT,2005-01-03,2026-09-30,INE266F01018,EQUITY,2,ACTIVE_AT_CUTOFF,
APTUS|INE852O01025|1,APTUS,2021-08-24,2026-09-30,INE852O01025,EQUITY,1,ACTIVE_AT_CUTOFF,
AQUA|INE544K01026|1,AQUA,2010-02-23,2013-12-09,INE544K01026,EQUITY,2,DELISTED_EVIDENCED,AQUA 2018-07-02 Delisting - Liquidation
AQYLON|INE416A01044|1,AQYLON|SABTNL,2024-04-18,2026-09-30,INE416A01044|INE416A01051,EQUITY,3,ACTIVE_AT_CUTOFF,
ARCHIDPLY|INE877I01016|1,ARCHIDPLY,2009-08-21,2026-09-30,INE877I01016,EQUITY,2,ACTIVE_AT_CUTOFF,
ARCHIDPLY|NOISIN|1,ARCHIDPLY,2008-07-04,2009-06-11,,UNKNOWN_NO_ISIN,1,ENDED_UNEXPLAINED,
ARCHIES|INE731A01020|1,ARCHIES,2009-11-20,2026-09-30,INE731A01020,EQUITY,2,ACTIVE_AT_CUTOFF,
ARCHIES|NOISIN|1,ARCHIES,2005-01-03,2009-09-17,,UNKNOWN_NO_ISIN,1,ENDED_UNEXPLAINED,
ARCIL|INE148G01016|1,ARCIL,2026-09-17,2026-09-30,INE148G01016,EQUITY,1,ACTIVE_AT_CUTOFF,
ARCL|INE372M01010|1,ARCL,2026-08-17,2026-09-30,INE372M01010,EQUITY,1,ACTIVE_AT_CUTOFF,
ARCOTECH|INE574I01027|1,ARCOTECH,2014-04-16,2020-12-16,INE574I01027|INE574I01035,EQUITY,2,ENDED_UNEXPLAINED,
ARDEE|INE0XNF01022|1,ARDEE,2026-08-12,2026-09-30,INE0XNF01022,EQUITY,1,ACTIVE_AT_CUTOFF,
ARENTERP|INE610C01014|1,ARENTERP,2018-01-12,2026-09-30,INE610C01014,EQUITY,1,ACTIVE_AT_CUTOFF,
ARFIN|INE784R01023|1,ARFIN,2025-07-22,2026-09-30,INE784R01023,EQUITY,1,ACTIVE_AT_CUTOFF,
ARHAMFISCL|NOISIN|1,ARHAMFISCL,2005-04-08,2005-09-01,,UNKNOWN_NO_ISIN,1,ENDED_UNEXPLAINED,
ARHAMFISCL|NOISIN|2,ARHAMFISCL|COLORCHIPS,2006-02-17,2006-05-11,,UNKNOWN_NO_ISIN,2,ENDED_UNEXPLAINED,
ARIES|INE298I01015|1,ARIES,2010-02-19,2026-09-07,INE298I01015,EQUITY,2,ENDED_UNEXPLAINED,
ARIES|NOISIN|1,ARIES,2008-01-11,2009-09-03,,UNKNOWN_NO_ISIN,1,ENDED_UNEXPLAINED,
ARIES|NOISIN|2,ARIES,2009-11-20,2009-12-10,,UNKNOWN_NO_ISIN,1,ENDED_UNEXPLAINED,
ARIHANTCAP|INE420B01028|1,ARIHANTCAP,2021-06-15,2026-09-30,INE420B01028|INE420B01036,EQUITY,2,ACTIVE_AT_CUTOFF,
ARIHANTSUP|INE643K01018|1,ARIHANTSUP,2017-03-28,2026-09-30,INE643K01018,EQUITY,1,ACTIVE_AT_CUTOFF,
ARIHANT|INE413D01011|1,ARIHANT,2010-08-20,2026-09-30,INE413D01011,EQUITY,2,ACTIVE_AT_CUTOFF,
ARIHANT|NOISIN|1,ARIHANT,2006-12-26,2009-08-20,,UNKNOWN_NO_ISIN,1,ENDED_UNEXPLAINED,
ARIHANT|NOISIN|2,ARIHANT,2009-11-20,2010-07-08,,UNKNOWN_NO_ISIN,1,ENDED_UNEXPLAINED,
ARISINFRA|INE0H9P01028|1,ARIS|ARISINFRA,2025-06-25,2026-09-30,INE0H9P01028,EQUITY,2,ACTIVE_AT_CUTOFF,
ARKADE|INE0QRL01017|1,ARKADE,2024-09-24,2026-09-30,INE0QRL01017,EQUITY,1,ACTIVE_AT_CUTOFF,
ARL|INE211C01029|1,ARL,2008-02-29,2012-05-11,INE211C01029,EQUITY,2,ENDED_UNEXPLAINED,
ARL|NOISIN|1,ARL,2005-04-08,2005-07-29,,UNKNOWN_NO_ISIN,1,ENDED_UNEXPLAINED,
ARL|NOISIN|2,ARL,2006-02-17,2008-01-10,,UNKNOWN_NO_ISIN,1,ENDED_UNEXPLAINED,
ARMANFIN|INE109C01017|1,ARMANFIN,2016-06-14,2026-09-30,INE109C01017,EQUITY,1,ACTIVE_AT_CUTOFF,
ARMEE|INE0TWE01016|1,ARMEE,2026-09-30,2026-09-30,INE0TWE01016,EQUITY,1,ACTIVE_AT_CUTOFF,
AROGRANITE|INE210C01013|1,AROGRANITE,2007-04-24,2026-09-30,INE210C01013,EQUITY,2,ACTIVE_AT_CUTOFF,
ARROWCOAT|INE570D01018|1,ARROWCOAT|ARROWGREEN,2015-05-21,2026-09-30,INE570D01018,EQUITY,2,ACTIVE_AT_CUTOFF,
ARROWGROUP|NOISIN|1,ARROWGROUP,2007-11-02,2008-08-07,,UNKNOWN_NO_ISIN,1,ENDED_UNEXPLAINED,
ARROWGROUP|NOISIN|2,ARROWGROUP|DELTACORP,2008-12-01,2026-09-30,INE124G01033,EQUITY,3,ACTIVE_AT_CUTOFF,
ARROWTEX|INE933J01015|1,ARROWTEX,2011-03-07,2020-01-01,INE933J01015,EQUITY,2,ENDED_UNEXPLAINED,
ARROWTEX|NOISIN|1,ARROWTEX,2009-05-11,2009-09-03,,UNKNOWN_NO_ISIN,1,ENDED_UNEXPLAINED,
ARROWTEX|NOISIN|2,ARROWTEX,2009-11-20,2010-07-08,,UNKNOWN_NO_ISIN,1,ENDED_UNEXPLAINED,
ARROWTEX|NOISIN|3,ARROWTEX,2010-08-20,2010-11-25,,UNKNOWN_NO_ISIN,1,ENDED_UNEXPLAINED,
ARSHIYA|INE968D01022|1,ARSHIYA,2009-12-14,2023-12-13,INE968D01022,EQUITY,2,ENDED_UNEXPLAINED,
ARSSBL|INE549H01021|1,ARSSBL,2025-09-30,2026-09-30,INE549H01021,EQUITY,1,ACTIVE_AT_CUTOFF,
ARSSINFRA|INE267I01010|1,ARSSINFRA,2010-03-03,2022-05-24,INE267I01010,EQUITY,2,ENDED_UNEXPLAINED,
ARTEMISMED|INE025R01013|1,ARTEMISMED,2020-02-06,2026-09-30,INE025R01013|INE025R01021,EQUITY,2,ACTIVE_AT_CUTOFF,
ARTNIRMAN|INE738V01013|1,ARTNIRMAN,2021-10-20,2026-09-30,INE738V01013,EQUITY,1,ACTIVE_AT_CUTOFF,
ARVEE|INE006Z01016|1,ARVEE,2021-03-22,2026-09-30,INE006Z01016,EQUITY,1,ACTIVE_AT_CUTOFF,
ARVINDFASN|INE955V01021|1,ARVINDFASN,2019-03-25,2026-09-30,INE955V01021,EQUITY,1,ACTIVE_AT_CUTOFF,
ARVINDMILL|NOISIN|1,ARVIND|ARVINDMILL,2005-01-03,2026-09-30,INE034A01011,EQUITY,3,ACTIVE_AT_CUTOFF,
ARVINDREM|INE211C01037|1,ARVINDREM,2012-06-08,2015-09-24,INE211C01037,EQUITY,1,DELISTED_EVIDENCED,ARVINDREM 2018-08-08 Compulsory Delisting
ARVINFRA|INE034S01021|1,ARVINFRA|ARVSMART,2015-09-09,2026-09-30,INE034S01021,EQUITY,2,ACTIVE_AT_CUTOFF,
ARYAMAN|INE032E01017|1,ARYAMAN,2026-08-17,2026-09-30,INE032E01017,EQUITY,1,ACTIVE_AT_CUTOFF,
ASAHIINDIA|INE439A01020|1,ASAHIINDIA,2009-03-02,2026-09-30,INE439A01020,EQUITY,2,ACTIVE_AT_CUTOFF,
ASAHIINDIA|NOISIN|1,ASAHIINDIA,2005-01-03,2008-11-28,,UNKNOWN_NO_ISIN,1,ENDED_UNEXPLAINED,
ASAHISONG|INE228I01012|1,ASAHISONG,2011-08-29,2026-07-30,INE228I01012,EQUITY,1,ENDED_UNEXPLAINED,
ASALCBR|INE073G01016|1,ASALCBR,2020-02-12,2026-09-30,INE073G01016,EQUITY,1,ACTIVE_AT_CUTOFF,
ASAL|INE900C01027|1,ASAL,2009-08-21,2026-09-30,INE900C01027,EQUITY,2,ACTIVE_AT_CUTOFF,
ASAL|NOISIN|1,ASAL,2005-04-08,2005-04-28,,UNKNOWN_NO_ISIN,1,ENDED_UNEXPLAINED,
ASAL|NOISIN|2,ASAL,2005-07-08,2009-05-04,,UNKNOWN_NO_ISIN,1,ENDED_UNEXPLAINED,
ASHAPURMIN|INE348A01023|1,ASHAPURMIN,2009-11-20,2026-09-30,INE348A01023,EQUITY,2,ACTIVE_AT_CUTOFF,
ASHAPURMIN|NOISIN|1,ASHAPURMIN,2005-01-03,2009-09-17,,UNKNOWN_NO_ISIN,1,ENDED_UNEXPLAINED,
ASHCONIUL|INE714F01033|1,ASHCONIUL,2011-06-17,2013-07-18,INE714F01033,EQUITY,2,DELISTED_EVIDENCED,ASHCONIUL 2017-05-12 Delisting - Liquidation
ASHCONIUL|NOISIN|1,ASHCONIUL,2010-10-04,2010-10-28,,UNKNOWN_NO_ISIN,1,ENDED_UNEXPLAINED,
ASHCONIUL|NOISIN|2,ASHCONIUL,2010-12-03,2011-04-18,,UNKNOWN_NO_ISIN,1,ENDED_UNEXPLAINED,
ASHCO|NOISIN|1,ASHCO,2007-10-22,2008-05-02,,UNKNOWN_NO_ISIN,1,ENDED_UNEXPLAINED,
ASHCO|NOISIN|2,ASHCO,2008-06-13,2009-04-17,,UNKNOWN_NO_ISIN,1,ENDED_UNEXPLAINED,
ASHCO|NOISIN|3,ASHCO,2009-08-21,2009-10-05,,UNKNOWN_NO_ISIN,1,ENDED_UNEXPLAINED,
ASHCO|NOISIN|4,ASHCO,2009-11-20,2010-04-16,,UNKNOWN_NO_ISIN,1,ENDED_UNEXPLAINED,
ASHCO|NOISIN|5,ASHCO,2010-08-20,2010-09-20,,UNKNOWN_NO_ISIN,1,ENDED_UNEXPLAINED,
ASHIANA|INE365D01013|1,ASHIANA,2011-06-29,2026-09-30,INE365D01013|INE365D01021,EQUITY,2,ACTIVE_AT_CUTOFF,
ASHIKAG|INE094B01013|1,ASHIKA|ASHIKAG,2026-04-20,2026-08-10,INE094B01013,EQUITY,2,ENDED_UNEXPLAINED,
ASHIMASYN|INE440A01010|1,ASHIMASYN,2011-03-07,2026-09-30,INE440A01010,EQUITY,2,ACTIVE_AT_CUTOFF,
ASHIMASYN|NOISIN|1,ASHIMASYN,2005-01-03,2005-04-07,,UNKNOWN_NO_ISIN,1,ENDED_UNEXPLAINED,
ASHIMASYN|NOISIN|2,ASHIMASYN,2005-07-08,2005-07-14,,UNKNOWN_NO_ISIN,1,ENDED_UNEXPLAINED,
ASHIMASYN|NOISIN|3,ASHIMASYN,2006-06-12,2006-06-29,,UNKNOWN_NO_ISIN,1,ENDED_UNEXPLAINED,
ASHIMASYN|NOISIN|4,ASHIMASYN,2006-08-28,2006-10-19,,UNKNOWN_NO_ISIN,1,ENDED_UNEXPLAINED,
ASHIMASYN|NOISIN|5,ASHIMASYN,2006-11-24,2007-01-25,,UNKNOWN_NO_ISIN,1,ENDED_UNEXPLAINED,
ASHIMASYN|NOISIN|6,ASHIMASYN,2007-03-02,2007-11-15,,UNKNOWN_NO_ISIN,1,ENDED_UNEXPLAINED,
ASHIMASYN|NOISIN|7,ASHIMASYN,2008-02-29,2009-04-17,,UNKNOWN_NO_ISIN,1,ENDED_UNEXPLAINED,
ASHIMASYN|NOISIN|8,ASHIMASYN,2009-08-21,2010-08-19,,UNKNOWN_NO_ISIN,1,ENDED_UNEXPLAINED,
ASHIMASYN|NOISIN|9,ASHIMASYN,2010-12-03,2011-01-06,,UNKNOWN_NO_ISIN,1,ENDED_UNEXPLAINED,
ASHOKAMET|INE760Y01011|1,ASHOKAMET,2023-06-27,2026-09-30,INE760Y01011,EQUITY,1,ACTIVE_AT_CUTOFF,
ASHOKA|INE442H01011|1,ASHOKA,2010-10-14,2026-09-30,INE442H01011|INE442H01029,EQUITY,3,ACTIVE_AT_CUTOFF,
ASHOKLEY|INE208A01029|1,ASHOKLEY,2005-01-03,2026-09-30,INE208A01029,EQUITY,2,ACTIVE_AT_CUTOFF,
ASIANELEC|INE441A01026|1,ASIANELEC,2009-08-21,2013-10-24,INE441A01026,EQUITY,2,DELISTED_EVIDENCED,ASIANELEC 2018-07-02 Delisting - Liquidation
ASIANELEC|NOISIN|1,ASIANELEC,2005-01-03,2005-07-07,,UNKNOWN_NO_ISIN,1,ENDED_UNEXPLAINED,
ASIANELEC|NOISIN|2,ASIANELEC,2005-11-25,2009-04-17,,UNKNOWN_NO_ISIN,1,ENDED_UNEXPLAINED,
ASIANENE|INE276G01015|1,ASIANENE,2021-12-09,2026-09-30,INE276G01015,EQUITY,1,ACTIVE_AT_CUTOFF,
ASIANHOTEL|NOISIN|1,ASIANHOTEL,2005-01-03,2010-02-23,,UNKNOWN_NO_ISIN,1,ENDED_UNEXPLAINED,
ASIANHOTNR|INE363A01022|1,ASIANHOTNR,2010-04-07,2026-09-30,INE363A01022,EQUITY,2,ACTIVE_AT_CUTOFF,
ASIANPAINT|INE021A01018|1,ASIANPAINT,2005-01-03,2026-09-30,INE021A01018|INE021A01026,EQUITY,3,ACTIVE_AT_CUTOFF,
ASIANTILES|INE022I01019|1,ASIANTILES,2010-02-19,2026-09-30,INE022I01019,EQUITY,2,ACTIVE_AT_CUTOFF,
ASIANTILES|NOISIN|1,ASIANTILES,2007-08-23,2009-11-19,,UNKNOWN_NO_ISIN,1,ENDED_UNEXPLAINED,
ASIANTNE|INE822B01017|1,ASIANTNE,2026-08-17,2026-09-30,INE822B01017,EQUITY,1,ACTIVE_AT_CUTOFF,
ASIL|INE988A01026|1,ASIL,2011-06-24,2017-08-02,INE988A01026,EQUITY,1,ENDED_UNEXPLAINED,
ASIL|NOISIN|1,ASIL,2005-10-17,2005-11-10,,UNKNOWN_NO_ISIN,1,ENDED_UNEXPLAINED,
ASIL|NOISIN|2,ASIL,2006-06-12,2007-12-28,,UNKNOWN_NO_ISIN,1,ENDED_UNEXPLAINED,
ASIL|NOISIN|3,ASIL,2008-02-29,2008-04-21,,UNKNOWN_NO_ISIN,1,ENDED_UNEXPLAINED,
ASIL|NOISIN|4,ASIL,2008-06-13,2008-12-12,,UNKNOWN_NO_ISIN,1,ENDED_UNEXPLAINED,
ASIL|NOISIN|5,ASIL,2009-03-02,2009-06-11,,UNKNOWN_NO_ISIN,1,ENDED_UNEXPLAINED,
ASIL|NOISIN|6,ASIL,2009-08-21,2009-11-26,,UNKNOWN_NO_ISIN,1,ENDED_UNEXPLAINED,
ASIL|NOISIN|7,ASIL,2010-02-19,2010-05-13,,UNKNOWN_NO_ISIN,1,ENDED_UNEXPLAINED,
ASIL|NOISIN|8,ASIL,2010-08-20,2011-04-18,,UNKNOWN_NO_ISIN,1,ENDED_UNEXPLAINED,
ASIL|NOISIN|9,ASIL,2011-06-17,2011-06-21,,UNKNOWN_NO_ISIN,1,ENDED_UNEXPLAINED,
ASKAUTOLTD|INE491J01022|1,ASKAUTOLTD,2023-11-15,2026-09-30,INE491J01022,EQUITY,1,ACTIVE_AT_CUTOFF,
ASMS|INE855F01042|1,ASMS,2023-03-01,2026-09-30,INE855F01042,EQUITY,1,ACTIVE_AT_CUTOFF,
ASPINWALL|INE991I01015|1,ASPINWALL,2017-08-23,2026-09-30,INE991I01015,EQUITY,1,ACTIVE_AT_CUTOFF,
ASSAMCO|INE442A01024|1,ASSAMCO,2009-06-12,2019-02-27,INE442A01024,EQUITY,2,DELISTED_EVIDENCED,ASSAMCO 2020-01-20 Voluntary Delisting
ASSAMCO|NOISIN|1,ASSAMCO,2006-09-29,2007-08-30,,UNKNOWN_NO_ISIN,1,ENDED_UNEXPLAINED,
ASSAMCO|NOISIN|2,ASSAMCO,2007-12-03,2009-04-17,,UNKNOWN_NO_ISIN,1,ENDED_UNEXPLAINED,
ASSAMENT|INE165G01010|1,ASSAMENT,2026-08-17,2026-09-30,INE165G01010,EQUITY,1,ACTIVE_AT_CUTOFF,
ASTAR|INE194D01017|1,ASTAR,2026-04-20,2026-09-30,INE194D01017,EQUITY,1,ACTIVE_AT_CUTOFF,
ASTEC|INE563J01010|1,ASTEC,2009-11-25,2026-09-30,INE563J01010,EQUITY,2,ACTIVE_AT_CUTOFF,
ASTERDM|INE914M01019|1,ASTERDM,2018-02-26,2026-09-30,INE914M01019,EQUITY,1,ACTIVE_AT_CUTOFF,
ASTERSILI|INE900K01012|1,ASTERSILI|SHRIASTER,2011-06-17,2016-05-19,INE900K01012,EQUITY,3,DELISTED_EVIDENCED,SHRIASTER 2018-05-30 Compulsory Delisting
ASTERSILI|NOISIN|1,ASTERSILI,2010-07-28,2011-04-18,,UNKNOWN_NO_ISIN,1,ENDED_UNEXPLAINED,
ASTRAIDL|NOISIN|1,ASTRAIDL|ASTRAZEN,2005-01-03,2026-09-30,INE203A01020,EQUITY,3,ACTIVE_AT_CUTOFF,
ASTRAL|INE006I01020|1,ASTRAL,2007-03-20,2026-09-30,INE006I01020|INE006I01038|INE006I01046,EQUITY,4,ACTIVE_AT_CUTOFF,
ASTRAMICRO|INE386C01029|1,ASTRAMICRO,2005-01-03,2026-09-30,INE386C01029,EQUITY,2,ACTIVE_AT_CUTOFF,
ASTRON|INE646X01014|1,ASTRON,2018-01-12,2026-04-16,INE646X01014,EQUITY,1,ENDED_UNEXPLAINED,
ATALREAL|INE0ALR01011|1,ATALREAL,2023-05-12,2023-09-14,INE0ALR01011,EQUITY,1,ENDED_UNEXPLAINED,
ATALREAL|INE0ALR01029|1,ATALREAL,2024-01-29,2026-09-30,INE0ALR01029,EQUITY,1,ACTIVE_AT_CUTOFF,
ATAM|INE09KD01013|1,ATAM,2023-05-10,2026-09-30,INE09KD01013,EQUITY,1,ACTIVE_AT_CUTOFF,
ATCOM|NOISIN|1,ATCOM,2005-01-03,2005-04-07,,UNKNOWN_NO_ISIN,1,ENDED_UNEXPLAINED,
ATCOM|NOISIN|2,ATCOM,2005-07-08,2005-07-14,,UNKNOWN_NO_ISIN,1,ENDED_UNEXPLAINED,
ATFL|INE209A01019|1,ATFL|SUNDROP,2006-08-28,2026-09-30,INE209A01019,EQUITY,3,ACTIVE_AT_CUTOFF,
ATFL|NOISIN|1,ATFL,2005-01-03,2005-04-28,,UNKNOWN_NO_ISIN,1,ENDED_UNEXPLAINED,
ATFL|NOISIN|2,ATFL,2005-07-08,2006-06-29,,UNKNOWN_NO_ISIN,1,ENDED_UNEXPLAINED,
ATHERENERG|INE0LEZ01016|1,ATHERENERG,2025-05-06,2026-09-30,INE0LEZ01016,EQUITY,1,ACTIVE_AT_CUTOFF,
ATLANTAA|INE285H01022|1,ATLANTA|ATLANTAA,2006-09-25,2026-09-30,INE285H01022,EQUITY,3,ACTIVE_AT_CUTOFF,
ATLANTAELE|INE0Z4F01028|1,ATLANTAELE,2025-09-29,2026-09-30,INE0Z4F01028,EQUITY,1,ACTIVE_AT_CUTOFF,
ATLASCYCLE|INE446A01017|1,ATLASCYCLE,2006-11-24,2017-01-18,INE446A01017,EQUITY,2,ENDED_UNEXPLAINED,
ATLASCYCLE|INE446A01025|1,ATLASCYCLE,2025-01-03,2026-09-30,INE446A01025,EQUITY,1,ACTIVE_AT_CUTOFF,
ATLASCYCLE|NOISIN|1,ATLASCYCLE,2005-01-03,2005-09-22,,UNKNOWN_NO_ISIN,1,ENDED_UNEXPLAINED,
ATLASCYCLE|NOISIN|2,ATLASCYCLE,2006-06-12,2006-06-29,,UNKNOWN_NO_ISIN,1,ENDED_UNEXPLAINED,
ATL|INE0NN701020|1,ATL,2023-08-25,2026-09-30,INE0NN701020,EQUITY,1,ACTIVE_AT_CUTOFF,
ATNINTER|INE803A01027|1,ATNINTER,2010-08-20,2017-02-01,INE803A01027,EQUITY,2,ENDED_UNEXPLAINED,
ATNINTER|NOISIN|1,ATNINTER,2006-09-01,2007-01-11,,UNKNOWN_NO_ISIN,1,ENDED_UNEXPLAINED,
ATNINTER|NOISIN|2,ATNINTER,2007-03-02,2007-08-23,,UNKNOWN_NO_ISIN,1,ENDED_UNEXPLAINED,
ATNINTER|NOISIN|3,ATNINTER,2007-12-03,2007-12-28,,UNKNOWN_NO_ISIN,1,ENDED_UNEXPLAINED,
ATNINTER|NOISIN|4,ATNINTER,2008-02-29,2009-05-28,,UNKNOWN_NO_ISIN,1,ENDED_UNEXPLAINED,
ATNINTER|NOISIN|5,ATNINTER,2009-08-21,2010-05-13,,UNKNOWN_NO_ISIN,1,ENDED_UNEXPLAINED,
ATNINT|NOISIN|1,ATNINT,2005-07-08,2006-05-19,,UNKNOWN_NO_ISIN,1,ENDED_UNEXPLAINED,
ATULAUTO|INE951D01010|1,ATULAUTO,2013-06-26,2026-09-30,INE951D01010|INE951D01028,EQUITY,2,ACTIVE_AT_CUTOFF,
ATULPROD|NOISIN|1,ATUL|ATULPROD,2005-01-03,2026-09-30,INE100A01010,EQUITY,3,ACTIVE_AT_CUTOFF,
AUBANK|INE949L01017|1,AUBANK,2017-07-10,2026-09-30,INE949L01017,EQUITY,1,ACTIVE_AT_CUTOFF,
AUGMONT|INE16W401027|1,AUGMONT,2026-08-31,2026-09-30,INE16W401027,EQUITY,1,ACTIVE_AT_CUTOFF,
AURIGROW|INE925Y01036|1,AURIGROW|GODHA,2022-06-21,2026-07-07,INE925Y01036,EQUITY,2,ENDED_UNEXPLAINED,
AURIONPRO|INE132H01018|1,AURIONPRO,2010-02-19,2026-09-30,INE132H01018,EQUITY,2,ACTIVE_AT_CUTOFF,
AURIONPRO|NOISIN|1,AURIONPRO,2005-10-25,2006-11-23,,UNKNOWN_NO_ISIN,1,ENDED_UNEXPLAINED,
AURIONPRO|NOISIN|2,AURIONPRO,2007-03-02,2008-04-21,,UNKNOWN_NO_ISIN,1,ENDED_UNEXPLAINED,
AURIONPRO|NOISIN|3,AURIONPRO,2008-06-13,2008-11-28,,UNKNOWN_NO_ISIN,1,ENDED_UNEXPLAINED,
AURIONPRO|NOISIN|4,AURIONPRO,2009-03-03,2009-06-11,,UNKNOWN_NO_ISIN,1,ENDED_UNEXPLAINED,
AURIONPRO|NOISIN|5,AURIONPRO,2009-08-21,2009-12-24,,UNKNOWN_NO_ISIN,1,ENDED_UNEXPLAINED,
AUROPHARMA|INE406A01037|1,AUROPHARMA,2005-01-03,2026-09-30,INE406A01037,EQUITY,2,ACTIVE_AT_CUTOFF,
AURUM|INE898S01029|1,AURUM|MAJESCO,2015-09-02,2026-09-30,INE898S01029,EQUITY,2,ACTIVE_AT_CUTOFF,
AURUS|INE142K01011|1,AURUS|LYPSAGEMS,2013-11-05,2026-09-30,INE142K01011,EQUITY,2,ACTIVE_AT_CUTOFF,
AUSOMENT|INE218C01016|1,AUSOMENT,2010-12-03,2026-09-30,INE218C01016,EQUITY,2,ACTIVE_AT_CUTOFF,
AUSOMENT|NOISIN|1,AUSOMENT,2010-02-22,2010-09-16,,UNKNOWN_NO_ISIN,1,ENDED_UNEXPLAINED,
AUSTENG|INE759F01012|1,AUSTENG,2026-08-17,2026-09-30,INE759F01012,EQUITY,1,ACTIVE_AT_CUTOFF,
AUSTRAL|INE455J01027|1,AUSTRAL,2011-03-07,2017-05-19,INE455J01027,EQUITY,2,ENDED_UNEXPLAINED,
AUSTRAL|NOISIN|1,AUSTRAL,2008-09-04,2011-01-06,,UNKNOWN_NO_ISIN,1,ENDED_UNEXPLAINED,
AUTOAXLES|INE449A01011|1,AUTOAXLES,2009-11-20,2026-09-30,INE449A01011,EQUITY,2,ACTIVE_AT_CUTOFF,
AUTOAXLES|NOISIN|1,AUTOAXLES,2005-01-03,2009-08-06,,UNKNOWN_NO_ISIN,1,ENDED_UNEXPLAINED,
AUTOBEES|INF204KC1337|1,AUTOBEES|NETFAUTO,2022-01-25,2026-09-30,INF204KC1337,FUND_UNIT,2,ACTIVE_AT_CUTOFF,
AUTOIETF|INF109KC10V2|1,AUTOIETF,2024-03-01,2026-09-30,INF109KC10V2,FUND_UNIT,1,ACTIVE_AT_CUTOFF,
AUTOIETF|INF109KC1Y49|1,AUTOIETF|ICICIAUTO,2022-01-18,2024-02-29,INF109KC1Y49,FUND_UNIT,2,ENDED_UNEXPLAINED,
AUTOIND|INE718H01014|1,AUTOIND,2009-11-20,2026-09-30,INE718H01014,EQUITY,2,ACTIVE_AT_CUTOFF,
AUTOIND|NOISIN|1,AUTOIND,2007-01-31,2008-06-12,,UNKNOWN_NO_ISIN,1,ENDED_UNEXPLAINED,
AUTOIND|NOISIN|2,AUTOIND,2008-08-22,2009-06-11,,UNKNOWN_NO_ISIN,1,ENDED_UNEXPLAINED,
AUTOIND|NOISIN|3,AUTOIND,2009-08-21,2009-10-05,,UNKNOWN_NO_ISIN,1,ENDED_UNEXPLAINED,
AUTOLITIND|INE448A01013|1,AUTOLITIND,2010-08-20,2021-01-22,INE448A01013,EQUITY,2,ENDED_UNEXPLAINED,
AUTOLITIND|NOISIN|1,AUTOLITIND,2008-11-11,2009-08-06,,UNKNOWN_NO_ISIN,1,ENDED_UNEXPLAINED,
AUTOLITIND|NOISIN|2,AUTOLITIND,2009-11-20,2010-07-08,,UNKNOWN_NO_ISIN,1,ENDED_UNEXPLAINED,
AUTORIDFIN|NOISIN|1,AUTORIDFIN,2005-04-08,2005-04-19,,UNKNOWN_NO_ISIN,1,ENDED_UNEXPLAINED,
AVADHSUGAR|INE349W01017|1,AVADHSUGAR,2017-11-22,2026-09-30,INE349W01017,EQUITY,1,ACTIVE_AT_CUTOFF,
AVAILFC|INE325G01010|1,AVAILFC,2026-04-20,2026-06-03,INE325G01010,EQUITY,1,ENDED_UNEXPLAINED,
AVALON|INE0LCL01028|1,AVALON,2023-04-18,2026-09-30,INE0LCL01028,EQUITY,1,ACTIVE_AT_CUTOFF,
AVANCE|INE758A01072|1,AVANCE,2026-08-17,2026-09-30,INE758A01072,EQUITY,1,ACTIVE_AT_CUTOFF,
AVANTEL|INE005B01027|1,AVANTEL,2024-07-31,2026-09-30,INE005B01027,EQUITY,1,ACTIVE_AT_CUTOFF,
AVANTIFEED|INE871C01012|1,AVANTI|AVANTIFEED,2010-06-11,2026-09-30,INE871C01012|INE871C01020|INE871C01038,EQUITY,5,ACTIVE_AT_CUTOFF,
AVANTI|NOISIN|1,AVANTI,2010-01-08,2010-02-18,,UNKNOWN_NO_ISIN,1,ENDED_UNEXPLAINED,
AVAYAGCL|NOISIN|1,AVAYAGCL,2005-01-03,2009-05-28,,UNKNOWN_NO_ISIN,1,ENDED_UNEXPLAINED,
AVENTIS|INE058A01010|1,AVENTIS|SANOFI,2005-01-03,2026-09-30,INE058A01010,EQUITY,3,ACTIVE_AT_CUTOFF,
AVG|INE680Z01018|1,AVG,2023-05-12,2026-07-03,INE680Z01018,EQUITY,1,ENDED_UNEXPLAINED,
AVL|INE679V01027|1,AVL,2024-11-06,2026-09-30,INE679V01027,EQUITY,1,ACTIVE_AT_CUTOFF,
AVONMORE|INE323B01016|1,AVONMORE,2023-01-04,2024-06-18,INE323B01016,EQUITY,1,ENDED_UNEXPLAINED,
AVONMORE|INE323B01024|1,AVONMORE,2024-11-11,2026-09-30,INE323B01024,EQUITY,1,ACTIVE_AT_CUTOFF,
AVROIND|INE652Z01017|1,AVROIND,2022-04-07,2026-09-30,INE652Z01017|INE652Z01025,EQUITY,2,ACTIVE_AT_CUTOFF,
AVTNPL|INE488D01013|1,AVTNPL,2007-01-10,2026-09-30,INE488D01013|INE488D01021,EQUITY,3,ACTIVE_AT_CUTOFF,
AWFIS|INE108V01019|1,AWFIS,2024-05-30,2026-09-30,INE108V01019,EQUITY,1,ACTIVE_AT_CUTOFF,
AWHCL|INE01BK01022|1,AWHCL,2021-01-01,2026-09-30,INE01BK01022,EQUITY,1,ACTIVE_AT_CUTOFF,
AWL|INE699H01024|1,AWL,2022-02-08,2026-09-30,INE699H01024,EQUITY,1,ACTIVE_AT_CUTOFF,
AXIS-IT&T|INE555B01013|1,AXIS-IT&T|AXISCADES,2010-12-03,2026-09-30,INE555B01013,EQUITY,3,ACTIVE_AT_CUTOFF,
AXIS-IT&T|NOISIN|1,AXIS-IT&T,2006-08-28,2006-12-14,,UNKNOWN_NO_ISIN,1,ENDED_UNEXPLAINED,
AXIS-IT&T|NOISIN|2,AXIS-IT&T,2007-03-02,2007-08-30,,UNKNOWN_NO_ISIN,1,ENDED_UNEXPLAINED,
AXIS-IT&T|NOISIN|3,AXIS-IT&T,2008-02-29,2008-08-07,,UNKNOWN_NO_ISIN,1,ENDED_UNEXPLAINED,
AXIS-IT&T|NOISIN|4,AXIS-IT&T,2008-12-01,2009-02-19,,UNKNOWN_NO_ISIN,1,ENDED_UNEXPLAINED,
AXIS-IT&T|NOISIN|5,AXIS-IT&T,2009-06-12,2009-09-17,,UNKNOWN_NO_ISIN,1,ENDED_UNEXPLAINED,
AXIS-IT&T|NOISIN|6,AXIS-IT&T,2009-11-20,2010-04-16,,UNKNOWN_NO_ISIN,1,ENDED_UNEXPLAINED,
AXIS-IT&T|NOISIN|7,AXIS-IT&T,2010-06-11,2010-09-16,,UNKNOWN_NO_ISIN,1,ENDED_UNEXPLAINED,
AXISBANK|INE238A01026|1,AXISBANK|UTIBANK,2005-01-03,2026-09-30,INE238A01026|INE238A01034,EQUITY,4,ACTIVE_AT_CUTOFF,
AXISBNKETF|INF846K01X63|1,AXISBNKETF|BNKETFAXIS,2020-11-09,2026-09-30,INF846K01X63,FUND_UNIT,2,ACTIVE_AT_CUTOFF,
AXISBPSETF|INF846K01Z04|1,AXISBPSETF,2021-05-18,2026-04-28,INF846K01Z04,FUND_UNIT,1,ENDED_UNEXPLAINED,
AXISCETF|INF846K016C7|1,AXISCETF|CONSUMAXIS,2021-09-23,2026-09-30,INF846K016C7,FUND_UNIT,2,ACTIVE_AT_CUTOFF,
AXISGOLD|INF846K01347|1,AXISGOLD,2010-11-16,2020-07-23,INF846K01347,FUND_UNIT,2,ENDED_UNEXPLAINED,
AXISGOLD|INF846K01W80|1,AXISGOLD|GOLDAXIS,2020-07-27,2026-09-30,INF846K01W80,FUND_UNIT,2,ACTIVE_AT_CUTOFF,
AXISHCETF|INF846K01Z12|1,AXISHCETF|HEALTHAXIS,2021-05-21,2026-09-30,INF846K01Z12,FUND_UNIT,2,ACTIVE_AT_CUTOFF,
AXISILVER|INF846K011K1|1,AXISILVER|SILVERAXIS,2022-09-27,2026-09-30,INF846K011K1,FUND_UNIT,2,ACTIVE_AT_CUTOFF,
AXISNIFTY|INF846K01W98|1,AXISNIFTY|NIFTYAXIS,2020-07-27,2026-09-30,INF846K01W98,FUND_UNIT,2,ACTIVE_AT_CUTOFF,
AXISNIFTY|INF846K01ZL0|1,AXISNIFTY,2017-07-10,2020-07-23,INF846K01ZL0,FUND_UNIT,1,ENDED_UNEXPLAINED,
AXISTECETF|INF846K01Y96|1,AXISTECETF|ITAXIS,2021-03-31,2026-09-30,INF846K01Y96,FUND_UNIT,2,ACTIVE_AT_CUTOFF,
AXISVALUE|INF846KA1119|1,AXISVALUE|VALUEAXIS,2025-03-20,2026-09-30,INF846KA1119,FUND_UNIT,2,ACTIVE_AT_CUTOFF,
AXITA|INE02EZ01014|1,AXITA,2022-06-21,2026-09-30,INE02EZ01014|INE02EZ01022,EQUITY,2,ACTIVE_AT_CUTOFF,
AXSENSEX|INF846K010Q0|1,AXSENSEX|SENSEXAXIS,2023-03-29,2026-09-30,INF846K010Q0,FUND_UNIT,2,ACTIVE_AT_CUTOFF,
AXTEL|INE767C01012|1,AXTEL,2026-08-17,2026-09-30,INE767C01012,EQUITY,1,ACTIVE_AT_CUTOFF,
AYE|INE501X01029|1,AYE,2026-02-16,2026-09-30,INE501X01029,EQUITY,1,ACTIVE_AT_CUTOFF,
AYMSYNTEX|INE193B01039|1,AYMSYNTEX|WELSYNTEX,2015-08-14,2026-09-30,INE193B01039,EQUITY,2,ACTIVE_AT_CUTOFF,
AZADIND|INE566M01017|1,AZADIND,2026-08-17,2026-09-30,INE566M01017,EQUITY,1,ACTIVE_AT_CUTOFF,
AZAD|INE02IJ01035|1,AZAD,2023-12-28,2026-09-30,INE02IJ01035,EQUITY,1,ACTIVE_AT_CUTOFF,
AZTECSOFT|NOISIN|1,AZTEC|AZTECSOFT,2005-01-03,2009-06-22,,UNKNOWN_NO_ISIN,2,ENDED_UNEXPLAINED,
BAFNAPHARM|INE878I01014|1,BAFNAPHARM,2012-11-12,2019-05-31,INE878I01014,EQUITY,1,ENDED_UNEXPLAINED,
BAFNAPH|INE878I01022|1,BAFNAPH,2020-03-17,2026-06-09,INE878I01022,EQUITY,1,ENDED_UNEXPLAINED,
BAGFILMS|INE116D01028|1,BAGFILMS,2011-06-17,2026-09-30,INE116D01028,EQUITY,2,ACTIVE_AT_CUTOFF,
BAGFILMS|NOISIN|1,BAGFILMS,2005-01-03,2007-01-25,,UNKNOWN_NO_ISIN,1,ENDED_UNEXPLAINED,
BAGFILMS|NOISIN|2,BAGFILMS,2007-06-08,2007-07-26,,UNKNOWN_NO_ISIN,1,ENDED_UNEXPLAINED,
BAGFILMS|NOISIN|3,BAGFILMS,2007-08-31,2009-05-28,,UNKNOWN_NO_ISIN,1,ENDED_UNEXPLAINED,
BAGFILMS|NOISIN|4,BAGFILMS,2009-08-21,2010-04-16,,UNKNOWN_NO_ISIN,1,ENDED_UNEXPLAINED,
BAGFILMS|NOISIN|5,BAGFILMS,2010-06-11,2011-04-18,,UNKNOWN_NO_ISIN,1,ENDED_UNEXPLAINED,
BAGYAMETAL|NOISIN|1,BAGYAMETAL|BHAGYNAGAR,2005-04-08,2017-03-09,INE458B01028,EQUITY,3,ENDED_UNEXPLAINED,
BAIDFIN|INE020D01022|1,BAIDFIN,2023-01-20,2026-09-30,INE020D01022,EQUITY,1,ACTIVE_AT_CUTOFF,
BAJAJ-AUTO|INE917I01010|1,BAJAJ-AUTO,2008-05-26,2026-09-30,INE917I01010,EQUITY,2,ACTIVE_AT_CUTOFF,
BAJAJAUTO|NOISIN|1,BAJAJAUTO|BAJAJHLDNG,2005-01-03,2026-09-30,INE118A01012,EQUITY,3,ACTIVE_AT_CUTOFF,
BAJAJCON|INE933K01021|1,BAJAJCON|BAJAJCORP,2010-08-18,2026-09-30,INE933K01021,EQUITY,3,ACTIVE_AT_CUTOFF,
BAJAJELEC|INE193E01025|1,BAJAJELEC,2007-11-02,2026-09-30,INE193E01025,EQUITY,2,ACTIVE_AT_CUTOFF,
BAJAJFINSV|INE918I01018|1,BAJAJFINSV,2008-05-26,2026-09-30,INE918I01018|INE918I01026,EQUITY,3,ACTIVE_AT_CUTOFF,
BAJAJHCARE|INE411U01027|1,BAJAJHCARE,2021-11-25,2026-09-30,INE411U01027,EQUITY,1,ACTIVE_AT_CUTOFF,
BAJAJHFL|INE377Y01014|1,BAJAJHFL,2024-09-16,2026-09-30,INE377Y01014,EQUITY,1,ACTIVE_AT_CUTOFF,
BAJAJHIND|INE306A01021|1,BAJAJHIND,2005-01-03,2026-09-30,INE306A01021,EQUITY,2,ACTIVE_AT_CUTOFF,
BAJAJINDEF|INE0O9T01021|1,BAJAJINDEF,2025-03-10,2026-09-30,INE0O9T01021,EQUITY,1,ACTIVE_AT_CUTOFF,
BAJAJPLAST|NOISIN|1,BAJAJPLAST,2005-01-03,2005-05-26,,UNKNOWN_NO_ISIN,1,ENDED_UNEXPLAINED,
BAJAJST|INE704G01024|1,BAJAJST,2026-04-20,2026-09-30,INE704G01024,EQUITY,1,ACTIVE_AT_CUTOFF,
BAJAUTOFIN|NOISIN|1,BAJAUTOFIN|BAJFINANCE,2005-01-03,2026-09-30,INE296A01016|INE296A01024|INE296A01032,EQUITY,5,ACTIVE_AT_CUTOFF,
BAJEL|INE0KQN01018|1,BAJEL,2024-01-03,2026-09-30,INE0KQN01018,EQUITY,1,ACTIVE_AT_CUTOFF,
BALAJEE|INE0S2G01011|1,BALAJEE,2024-09-26,2026-09-30,INE0S2G01011,EQUITY,1,ACTIVE_AT_CUTOFF,
BALAJITELE|INE794B01026|1,BALAJITELE,2005-01-03,2026-09-30,INE794B01026,EQUITY,2,ACTIVE_AT_CUTOFF,
BALAMINES|INE050E01027|1,BALAMINES,2007-04-05,2026-09-30,INE050E01027,EQUITY,2,ACTIVE_AT_CUTOFF,
BALASPONGE|NOISIN|1,BALASPONGE,2005-01-03,2007-06-07,,UNKNOWN_NO_ISIN,1,ENDED_UNEXPLAINED,
BALASTEELS|NOISIN|1,BALASTEELS,2005-08-02,2007-06-07,,UNKNOWN_NO_ISIN,1,ENDED_UNEXPLAINED,
BALKRISHNA|INE875R01011|1,BALKRISHNA|NIRVIKARA,2015-08-11,2026-09-30,INE875R01011,EQUITY,2,ACTIVE_AT_CUTOFF,
BALKRISIND|INE787D01026|1,BALKRISIND,2006-01-27,2026-09-30,INE787D01026,EQUITY,2,ACTIVE_AT_CUTOFF,
BALLARPUR|INE294A01037|1,BALLARPUR,2008-03-31,2020-11-27,INE294A01037,EQUITY,2,ENDED_UNEXPLAINED,
BALMLAWRIE|INE164A01016|1,BALMLAWRIE,2005-01-03,2026-09-30,INE164A01016,EQUITY,2,ACTIVE_AT_CUTOFF,
BALPHARMA|INE083D01012|1,BALPHARMA,2011-03-07,2026-09-30,INE083D01012,EQUITY,2,ACTIVE_AT_CUTOFF,
BALPHARMA|NOISIN|1,BALPHARMA,2006-05-08,2009-08-20,,UNKNOWN_NO_ISIN,1,ENDED_UNEXPLAINED,
BALPHARMA|NOISIN|2,BALPHARMA,2009-11-20,2010-04-01,,UNKNOWN_NO_ISIN,1,ENDED_UNEXPLAINED,
BALPHARMA|NOISIN|3,BALPHARMA,2010-06-11,2011-01-20,,UNKNOWN_NO_ISIN,1,ENDED_UNEXPLAINED,
BALRAMCHIN|INE119A01028|1,BALRAMCHIN,2005-01-03,2026-09-30,INE119A01028,EQUITY,2,ACTIVE_AT_CUTOFF,
BALUFORGE|INE011E01029|1,BALUFORGE,2024-04-29,2026-09-30,INE011E01029,EQUITY,1,ACTIVE_AT_CUTOFF,
BANARBEADS|INE655B01011|1,BANARBEADS,2013-06-28,2026-09-30,INE655B01011,EQUITY,1,ACTIVE_AT_CUTOFF,
BANARISUG|INE459A01010|1,BANARISUG,2005-01-03,2026-09-30,INE459A01010,EQUITY,2,ACTIVE_AT_CUTOFF,
BANCOINDIA|INE213C01025|1,BANCOINDIA,2006-12-22,2026-09-30,INE213C01025,EQUITY,2,ACTIVE_AT_CUTOFF,
BANDHANBNK|INE545U01014|1,BANDHANBNK,2018-03-27,2026-09-30,INE545U01014,EQUITY,1,ACTIVE_AT_CUTOFF,
BANG|INE863I01016|1,BANG,2009-06-12,2026-09-30,INE863I01016,EQUITY,2,ACTIVE_AT_CUTOFF,
BANG|NOISIN|1,BANG,2008-02-20,2008-06-26,,UNKNOWN_NO_ISIN,1,ENDED_UNEXPLAINED,
BANG|NOISIN|2,BANG,2008-08-22,2008-10-03,,UNKNOWN_NO_ISIN,1,ENDED_UNEXPLAINED,
BANG|NOISIN|3,BANG,2008-12-01,2009-05-04,,UNKNOWN_NO_ISIN,1,ENDED_UNEXPLAINED,
BANK10ADD|INF740KA1YH2|1,BANK10ADD,2026-03-12,2026-09-30,INF740KA1YH2,FUND_UNIT,1,ACTIVE_AT_CUTOFF,
BANK10BETF|INF0QA701CI0|1,BANK10BETF,2026-07-21,2026-09-30,INF0QA701CI0,FUND_UNIT,1,ACTIVE_AT_CUTOFF,
BANKADD|INF740KA1RX3|1,BANKADD|BANKETFADD|DSPBANKETF,2023-01-06,2026-09-30,INF740KA1RX3,FUND_UNIT,3,ACTIVE_AT_CUTOFF,
BANKA|INE862Y01015|1,BANKA,2020-10-29,2026-09-30,INE862Y01015,EQUITY,1,ACTIVE_AT_CUTOFF,
BANKBARODA|INE028A01013|1,BANKBARODA,2005-01-03,2026-09-30,INE028A01013|INE028A01039,EQUITY,3,ACTIVE_AT_CUTOFF,
BANKBEES|INF204KB15I9|1,BANKBEES,2019-12-20,2026-09-30,INF204KB15I9,FUND_UNIT,1,ACTIVE_AT_CUTOFF,
BANKBEES|INF732E01078|1,BANKBEES,2005-01-03,2019-12-19,INF732E01078,FUND_UNIT,2,ENDED_UNEXPLAINED,
BANKBETA|INF789F1AUV1|1,BANKBETA|UTIBANKETF,2021-02-19,2026-09-30,INF789F1AUV1,FUND_UNIT,2,ACTIVE_AT_CUTOFF,
BANKBETF|INF0QA701714|1,BANKBETF,2024-01-29,2026-09-30,INF0QA701714,FUND_UNIT,1,ACTIVE_AT_CUTOFF,
BANKETF|INF769K01KR3|1,BANKETF,2023-07-26,2026-09-30,INF769K01KR3,FUND_UNIT,1,ACTIVE_AT_CUTOFF,
BANKIETF|INF109KC15I8|1,BANKIETF|ICICIBANKN,2022-09-02,2026-09-30,INF109KC15I8,FUND_UNIT,2,ACTIVE_AT_CUTOFF,
BANKINDIA|INE084A01016|1,BANKINDIA,2005-01-03,2026-09-30,INE084A01016,EQUITY,2,ACTIVE_AT_CUTOFF,
BANKNIFTY1|INF174K01F59|1,BANKNIFTY1|KOTAKBKETF,2014-12-11,2026-02-26,INF174K01F59,FUND_UNIT,2,ENDED_UNEXPLAINED,
BANKNIFTY1|INF174KA1ZB7|1,BANKNIFTY1,2026-02-27,2026-09-30,INF174KA1ZB7,FUND_UNIT,1,ACTIVE_AT_CUTOFF,
BANKPSU|INF769K01LZ4|1,BANKPSU,2024-10-08,2026-09-30,INF769K01LZ4,FUND_UNIT,1,ACTIVE_AT_CUTOFF,
BANKPUNJAB|NOISIN|1,BANKPUNJAB,2005-01-03,2005-10-05,,UNKNOWN_NO_ISIN,1,ENDED_UNEXPLAINED,
BANKRAJAS|NOISIN|1,BANKRAJAS,2005-01-03,2007-06-07,,UNKNOWN_NO_ISIN,1,ENDED_UNEXPLAINED,
BANKRAJAS|NOISIN|2,BANKRAJAS,2007-08-31,2010-08-23,,UNKNOWN_NO_ISIN,1,ENDED_UNEXPLAINED,
BANSALWIRE|INE0B9K01025|1,BANSALWIRE,2024-07-10,2026-09-30,INE0B9K01025,EQUITY,1,ACTIVE_AT_CUTOFF,
BANSWRAS|INE629D01012|1,BANSWRAS,2009-08-21,2026-09-30,INE629D01012|INE629D01020,EQUITY,3,ACTIVE_AT_CUTOFF,
BANSWRAS|NOISIN|1,BANSWRAS,2007-04-11,2009-06-11,,UNKNOWN_NO_ISIN,1,ENDED_UNEXPLAINED,
BARBEQUE|INE382M01027|1,BARBEQUE|UFBL,2021-04-07,2026-08-11,INE382M01027,EQUITY,2,ENDED_UNEXPLAINED,
BARTRONICS|INE855F01034|1,BARTRONICS,2007-03-02,2019-09-09,INE855F01034,EQUITY,2,ENDED_UNEXPLAINED,
BARTRONICS|NOISIN|1,BARTRONICS,2006-01-12,2006-04-17,,UNKNOWN_NO_ISIN,1,ENDED_UNEXPLAINED,
BARTRONICS|NOISIN|2,BARTRONICS,2006-06-12,2006-11-23,,UNKNOWN_NO_ISIN,1,ENDED_UNEXPLAINED,
BASF|INE373A01013|1,BASF,2005-01-03,2026-09-30,INE373A01013,EQUITY,2,ACTIVE_AT_CUTOFF,
BASML|INE186H01014|1,BASML,2005-11-14,2026-07-01,INE186H01014|INE186H01022,EQUITY,3,ENDED_UNEXPLAINED,
BATAINDIA|INE176A01010|1,BATAINDIA,2005-01-03,2026-09-30,INE176A01010|INE176A01028,EQUITY,3,ACTIVE_AT_CUTOFF,
BATLIBOI|INE177C01022|1,BATLIBOI,2010-12-03,2026-09-30,INE177C01022,EQUITY,2,ACTIVE_AT_CUTOFF,
BATLIBOI|NOISIN|1,BATLIBOI,2006-12-20,2009-04-17,,UNKNOWN_NO_ISIN,1,ENDED_UNEXPLAINED,
BATLIBOI|NOISIN|2,BATLIBOI,2009-08-21,2010-08-19,,UNKNOWN_NO_ISIN,1,DELISTED_EVIDENCED,BATLIBOI 2012-06-28 Voluntary Delisting
BAYERCROP|INE462A01022|1,BAYERCROP,2010-01-08,2026-09-30,INE462A01022,EQUITY,2,ACTIVE_AT_CUTOFF,
BBETF0432|INF754K01OB1|1,BBETF0432,2021-12-17,2026-09-30,INF754K01OB1,FUND_UNIT,1,ACTIVE_AT_CUTOFF,
BBL|INE464A01028|1,BBL,2006-11-21,2026-09-30,INE464A01028|INE464A01036,EQUITY,3,ACTIVE_AT_CUTOFF,
BBNPNBETF|INF251K01TL6|1,BBNPNBETF,2024-06-24,2026-09-30,INF251K01TL6,FUND_UNIT,1,ACTIVE_AT_CUTOFF,
BBNPPGOLD|INF251K01SU9|1,BBNPPGOLD,2023-12-19,2026-09-30,INF251K01SU9,FUND_UNIT,1,ACTIVE_AT_CUTOFF,
BBTCL|INE01EE01011|1,BBTCL,2022-11-23,2026-09-30,INE01EE01011,EQUITY,1,ACTIVE_AT_CUTOFF,
BBTC|INE050A01017|1,BBTC,2009-11-20,2026-09-30,INE050A01017|INE050A01025,EQUITY,3,ACTIVE_AT_CUTOFF,
BBTC|NOISIN|1,BBTC,2005-01-03,2005-04-07,,UNKNOWN_NO_ISIN,1,ENDED_UNEXPLAINED,
BBTC|NOISIN|2,BBTC,2005-07-08,2008-04-21,,UNKNOWN_NO_ISIN,1,ENDED_UNEXPLAINED,
BBTC|NOISIN|3,BBTC,2008-06-13,2008-08-21,,UNKNOWN_NO_ISIN,1,ENDED_UNEXPLAINED,
BBTC|NOISIN|4,BBTC,2008-12-01,2009-04-17,,UNKNOWN_NO_ISIN,1,ENDED_UNEXPLAINED,
BBTC|NOISIN|5,BBTC,2009-06-12,2009-08-20,,UNKNOWN_NO_ISIN,1,ENDED_UNEXPLAINED,
BCCL|NOISIN|1,BCCL,2005-12-05,2007-11-30,,UNKNOWN_NO_ISIN,1,ENDED_UNEXPLAINED,
BCG|INE425B01027|1,BCG|LYCOS,2015-05-08,2026-09-30,INE425B01027,EQUITY,2,ACTIVE_AT_CUTOFF,
BCLIND|INE412G01016|1,BCLIND,2021-03-04,2026-09-30,INE412G01016|INE412G01024,EQUITY,2,ACTIVE_AT_CUTOFF,
BCONCEPTS|INE977Y01011|1,BCONCEPTS,2022-01-11,2026-09-30,INE977Y01011,EQUITY,1,ACTIVE_AT_CUTOFF,
BCPL|INE00SW01015|1,BCPL,2026-03-27,2026-09-30,INE00SW01015,EQUITY,1,ACTIVE_AT_CUTOFF,
BCP|INE905P01028|1,BCP,2019-08-19,2023-04-28,INE905P01028,EQUITY,1,ENDED_UNEXPLAINED,
BDL|INE171Z01018|1,BDL,2018-03-23,2026-09-30,INE171Z01018|INE171Z01026,EQUITY,2,ACTIVE_AT_CUTOFF,
BEARDSELL|INE520H01014|1,BEARDSELL,2010-06-11,2017-03-29,INE520H01014,EQUITY,2,ENDED_UNEXPLAINED,
BEARDSELL|INE520H01022|1,BEARDSELL,2017-05-30,2026-09-30,INE520H01022,EQUITY,1,ACTIVE_AT_CUTOFF,
BEARDSELL|NOISIN|1,BEARDSELL,2010-01-08,2010-02-18,,UNKNOWN_NO_ISIN,1,ENDED_UNEXPLAINED,
BECREL|INE287A01015|1,BECREL,2011-06-17,2013-11-20,INE287A01015,EQUITY,2,ENDED_UNEXPLAINED,
BECREL|NOISIN|1,BECREL,2010-08-09,2011-04-18,,UNKNOWN_NO_ISIN,1,ENDED_UNEXPLAINED,
BECTORFOOD|INE495P01012|1,BECTORFOOD,2020-12-24,2026-09-30,INE495P01012|INE495P01020,EQUITY,2,ACTIVE_AT_CUTOFF,
BEDMUTHA|INE844K01012|1,BEDMUTHA,2010-10-14,2026-09-30,INE844K01012,EQUITY,2,ACTIVE_AT_CUTOFF,
BEEKAY|INE213D01015|1,BEEKAY,2026-04-20,2026-09-30,INE213D01015,EQUITY,1,ACTIVE_AT_CUTOFF,
BELCERAMIC|NOISIN|1,BELCERAMIC,2005-04-08,2006-06-29,,UNKNOWN_NO_ISIN,1,ENDED_UNEXPLAINED,
BELCERAMIC|NOISIN|2,BELCERAMIC,2006-08-28,2007-11-29,,UNKNOWN_NO_ISIN,1,ENDED_UNEXPLAINED,
BELCERAMIC|NOISIN|3,BELCERAMIC,2008-02-29,2009-04-17,,UNKNOWN_NO_ISIN,1,ENDED_UNEXPLAINED,
BELCERAMIC|NOISIN|4,BELCERAMIC,2009-08-21,2010-07-23,,UNKNOWN_NO_ISIN,1,ENDED_UNEXPLAINED,
BELLACASA|INE344T01014|1,BELLACASA,2025-07-18,2026-09-30,INE344T01014,EQUITY,1,ACTIVE_AT_CUTOFF,
BELLCERATL|INE403A01026|1,BELLCERATL,2010-09-23,2012-05-25,INE403A01026,EQUITY,2,ENDED_UNEXPLAINED,
BELRISE|INE894V01022|1,BELRISE,2025-05-28,2026-09-30,INE894V01022,EQUITY,1,ACTIVE_AT_CUTOFF,
BEL|INE263A01016|1,BEL,2005-01-03,2026-09-30,INE263A01016|INE263A01024,EQUITY,3,ACTIVE_AT_CUTOFF,
BEML|INE258A01016|1,BEML,2005-01-03,2026-09-30,INE258A01016|INE258A01024,EQUITY,3,ACTIVE_AT_CUTOFF,
BENARAS|INE664D01019|1,BENARAS,2026-08-17,2026-09-30,INE664D01019,EQUITY,1,ACTIVE_AT_CUTOFF,
BENGALASM|INE083K01017|1,BENGALASM,2026-04-20,2026-09-30,INE083K01017,EQUITY,1,ACTIVE_AT_CUTOFF,
BEPL|INE922A01025|1,BEPL,2010-08-20,2026-09-30,INE922A01025,EQUITY,2,ACTIVE_AT_CUTOFF,
BEPL|NOISIN|1,BEPL,2005-03-21,2006-02-16,,UNKNOWN_NO_ISIN,1,ENDED_UNEXPLAINED,
BEPL|NOISIN|2,BEPL,2006-06-12,2009-12-10,,UNKNOWN_NO_ISIN,1,ENDED_UNEXPLAINED,
BEPL|NOISIN|3,BEPL,2010-02-19,2010-06-10,,UNKNOWN_NO_ISIN,1,ENDED_UNEXPLAINED,
BERGEPAINT|INE463A01020|1,BERGEPAINT,2005-01-03,2026-09-30,INE463A01020|INE463A01038,EQUITY,3,ACTIVE_AT_CUTOFF,
BESTAGRO|INE052T01013|1,BESTAGRO,2021-02-22,2026-09-30,INE052T01013|INE052T01021,EQUITY,2,ACTIVE_AT_CUTOFF,
BETA|INE351Y01019|1,BETA,2025-11-24,2026-09-30,INE351Y01019,EQUITY,1,ACTIVE_AT_CUTOFF,
BFINVEST|INE878K01010|1,BFINVEST,2011-01-31,2026-09-30,INE878K01010,EQUITY,2,ACTIVE_AT_CUTOFF,
BFSI|INF769K01HI8|1,BFSI|MAFSETF,2021-08-05,2026-09-30,INF769K01HI8,FUND_UNIT,2,ACTIVE_AT_CUTOFF,
BFUTILITIE|INE243D01012|1,BFUTILITIE,2007-05-03,2026-09-30,INE243D01012,EQUITY,2,ACTIVE_AT_CUTOFF,
BGFL|NOISIN|1,BGFL,2005-01-03,2006-07-07,,UNKNOWN_NO_ISIN,1,ENDED_UNEXPLAINED,
BGLOBAL|INE224M01013|1,BGLOBAL,2011-07-28,2014-01-10,INE224M01013,EQUITY,1,ENDED_UNEXPLAINED,
BGRENERGY|INE661I01014|1,BGRENERGY,2008-01-03,2026-02-23,INE661I01014,EQUITY,2,ENDED_UNEXPLAINED,
BHAGCHEM|INE414D01019|1,BHAGCHEM,2021-10-18,2026-09-30,INE414D01019|INE414D01027,EQUITY,2,ACTIVE_AT_CUTOFF,
BHAGERIA|INE354C01019|1,BHAGERIA,2016-03-02,2016-10-26,INE354C01019,EQUITY,1,ENDED_UNEXPLAINED,
BHAGERIA|INE354C01027|1,BHAGERIA,2016-10-27,2026-09-30,INE354C01027,EQUITY,1,ACTIVE_AT_CUTOFF,
BHAGWATIHO|INE797H01018|1,BHAGWATIHO|TGBHOTELS,2010-12-03,2026-09-30,INE797H01018,EQUITY,3,ACTIVE_AT_CUTOFF,
BHAGWATIHO|NOISIN|1,BHAGWATIHO,2007-05-17,2007-11-29,,UNKNOWN_NO_ISIN,1,ENDED_UNEXPLAINED,
BHAGWATIHO|NOISIN|2,BHAGWATIHO,2008-02-29,2010-08-05,,UNKNOWN_NO_ISIN,1,ENDED_UNEXPLAINED,
BHAGYANGR|INE458B01036|1,BHAGYANGR,2017-05-31,2026-09-30,INE458B01036,EQUITY,1,ACTIVE_AT_CUTOFF,
BHAGYAPROP|INE363W01018|1,BHAGYAPROP,2017-08-23,2022-12-09,INE363W01018,EQUITY,1,ENDED_UNEXPLAINED,
BHANDARI|INE474E01029|1,BHANDARI,2017-01-30,2026-09-30,INE474E01029,EQUITY,1,ACTIVE_AT_CUTOFF,
BHARATCOAL|INE05XR01022|1,BHARATCOAL,2026-01-19,2026-09-30,INE05XR01022,EQUITY,1,ACTIVE_AT_CUTOFF,
BHARATFIN|INE180K01011|1,BHARATFIN|SKSMICRO,2010-08-16,2019-07-02,INE180K01011,EQUITY,3,ENDED_UNEXPLAINED,
BHARATFORG|INE465A01025|1,BHARATFORG,2005-01-03,2026-09-30,INE465A01025,EQUITY,2,ACTIVE_AT_CUTOFF,
BHARATGEAR|INE561C01019|1,BHARATGEAR,2009-11-20,2026-07-06,INE561C01019,EQUITY,2,ENDED_UNEXPLAINED,
BHARATGEAR|NOISIN|1,BHARATGEAR,2005-01-03,2009-08-20,,UNKNOWN_NO_ISIN,1,ENDED_UNEXPLAINED,
BHARATIDIL|INE673G01013|1,BHARATIDIL|BHARTISHIP,2005-01-03,2017-09-27,INE673G01013,EQUITY,3,ENDED_UNEXPLAINED,
BHARATIWIN|INF109KB15Y7|1,BHARATIWIN|ICICIB22,2017-11-28,2026-09-30,INF109KB15Y7,FUND_UNIT,2,ACTIVE_AT_CUTOFF,
BHARATRAS|INE838B01013|1,BHARATRAS,2010-08-20,2026-09-30,INE838B01013|INE838B01021,EQUITY,3,ACTIVE_AT_CUTOFF,
BHARATRAS|NOISIN|1,BHARATRAS,2005-01-03,2005-05-19,,UNKNOWN_NO_ISIN,1,ENDED_UNEXPLAINED,
BHARATRAS|NOISIN|2,BHARATRAS,2005-07-08,2005-08-25,,UNKNOWN_NO_ISIN,1,ENDED_UNEXPLAINED,
BHARATRAS|NOISIN|3,BHARATRAS,2006-02-17,2008-01-23,,UNKNOWN_NO_ISIN,1,ENDED_UNEXPLAINED,
BHARATRAS|NOISIN|4,BHARATRAS,2008-02-29,2010-06-10,,UNKNOWN_NO_ISIN,1,ENDED_UNEXPLAINED,
BHARATSE|INE415D01024|1,BHARATSE,2025-03-24,2026-09-30,INE415D01024,EQUITY,1,ACTIVE_AT_CUTOFF,
BHARATWIRE|INE316L01019|1,BHARATWIRE,2016-04-20,2026-09-30,INE316L01019,EQUITY,1,ACTIVE_AT_CUTOFF,
BHARTIARTL|INE397D01024|1,BHARTI|BHARTIARTL,2005-01-03,2026-09-30,INE397D01024,EQUITY,3,ACTIVE_AT_CUTOFF,
BHARTIHEXA|INE343G01021|1,BHARTIHEXA,2024-04-12,2026-09-30,INE343G01021,EQUITY,1,ACTIVE_AT_CUTOFF,
BHEL|INE257A01018|1,BHEL,2005-01-03,2026-09-30,INE257A01018|INE257A01026,EQUITY,3,ACTIVE_AT_CUTOFF,
BHUSANSTL|INE824B01021|1,BHUSANSTL|TATASTLBSL,2005-01-03,2021-08-05,INE824B01021,EQUITY,3,ENDED_UNEXPLAINED,
BIGBLOC|INE412U01017|1,BIGBLOC,2016-09-20,2026-09-30,INE412U01017|INE412U01025,EQUITY,2,ACTIVE_AT_CUTOFF,
BIKAJI|INE00E101023|1,BIKAJI,2022-11-16,2026-09-30,INE00E101023,EQUITY,1,ACTIVE_AT_CUTOFF,
BILENERGY|INE607L01011|1,BILENERGY,2011-03-01,2020-11-27,INE607L01011|INE607L01029,EQUITY,3,ENDED_UNEXPLAINED,
BILPOWER|INE952D01018|1,BILPOWER,2007-01-29,2018-05-17,INE952D01018,EQUITY,2,ENDED_UNEXPLAINED,
BILT|NOISIN|1,BILT,2005-01-03,2008-02-28,,UNKNOWN_NO_ISIN,1,ENDED_UNEXPLAINED,
BILVYAPAR|INE071A01013|1,BILVYAPAR|BINANIIND,2006-09-27,2025-11-25,INE071A01013,EQUITY,3,ENDED_UNEXPLAINED,
BIL|INE828A01016|1,BIL,2006-06-12,2026-09-30,INE828A01016,EQUITY,2,ACTIVE_AT_CUTOFF,
BIL|NOISIN|1,BIL,2005-01-03,2006-04-20,,UNKNOWN_NO_ISIN,1,ENDED_UNEXPLAINED,
BIMETAL|INE469A01019|1,BIMETAL,2011-06-22,2026-09-30,INE469A01019,EQUITY,1,ACTIVE_AT_CUTOFF,
BIMETAL|NOISIN|1,BIMETAL,2009-11-05,2011-06-20,,UNKNOWN_NO_ISIN,1,ENDED_UNEXPLAINED,
BINANICEM|NOISIN|1,BINANICEM,2007-05-28,2011-05-20,,UNKNOWN_NO_ISIN,1,DELISTED_EVIDENCED,BINANICEM 2011-05-30 Voluntary Delisting
BINDALAGRO|INE143A01010|1,BINDALAGRO|OSWALGREEN,2005-01-03,2026-09-30,INE143A01010,EQUITY,3,ACTIVE_AT_CUTOFF,
BIOCON|INE376G01013|1,BIOCON,2005-01-03,2026-09-30,INE376G01013,EQUITY,2,ACTIVE_AT_CUTOFF,
BIOFILCHEM|INE829A01014|1,BIOFILCHEM,2019-11-22,2026-09-30,INE829A01014,EQUITY,1,ACTIVE_AT_CUTOFF,
BIRLACABLE|INE800A01015|1,BIRLACABLE|BIRLAERIC,2011-06-17,2026-09-30,INE800A01015,EQUITY,3,ACTIVE_AT_CUTOFF,
BIRLACORPN|INE340A01012|1,BIRLACORPN|BIRLAJUTE,2005-01-03,2026-09-30,INE340A01012,EQUITY,3,ACTIVE_AT_CUTOFF,
BIRLACOT|INE655I01024|1,BIRLACOT,2010-12-03,2017-03-08,INE655I01024,EQUITY,2,ENDED_UNEXPLAINED,
BIRLACOT|NOISIN|1,BIRLACOT,2008-07-30,2009-02-19,,UNKNOWN_NO_ISIN,1,ENDED_UNEXPLAINED,
BIRLACOT|NOISIN|2,BIRLACOT,2009-11-20,2010-01-21,,UNKNOWN_NO_ISIN,1,ENDED_UNEXPLAINED,
BIRLACOT|NOISIN|3,BIRLACOT,2010-06-11,2010-08-19,,UNKNOWN_NO_ISIN,1,DELISTED_EVIDENCED,BIRLACOT 2016-03-16 Voluntary Delisting
BIRLAERIC|NOISIN|1,BIRLAERIC,2005-01-03,2006-05-11,,UNKNOWN_NO_ISIN,1,ENDED_UNEXPLAINED,
BIRLAERIC|NOISIN|2,BIRLAERIC,2006-06-12,2006-06-29,,UNKNOWN_NO_ISIN,1,ENDED_UNEXPLAINED,
BIRLAERIC|NOISIN|3,BIRLAERIC,2006-08-28,2007-11-29,,UNKNOWN_NO_ISIN,1,ENDED_UNEXPLAINED,
BIRLAERIC|NOISIN|4,BIRLAERIC,2008-02-29,2009-05-28,,UNKNOWN_NO_ISIN,1,ENDED_UNEXPLAINED,
BIRLAERIC|NOISIN|5,BIRLAERIC,2009-08-21,2010-01-07,,UNKNOWN_NO_ISIN,1,ENDED_UNEXPLAINED,
BIRLAERIC|NOISIN|6,BIRLAERIC,2010-02-19,2010-09-16,,UNKNOWN_NO_ISIN,1,ENDED_UNEXPLAINED,
BIRLAERIC|NOISIN|7,BIRLAERIC,2010-12-03,2011-03-17,,UNKNOWN_NO_ISIN,1,ENDED_UNEXPLAINED,
BIRLAMONEY|INE865C01022|1,BIRLAMONEY,2010-02-19,2026-09-30,INE865C01022,EQUITY,2,ACTIVE_AT_CUTOFF,
BIRLANU|INE557A01011|1,BIRLANU|HIL|HYDRBADIND,2005-01-03,2026-09-30,INE557A01011,EQUITY,4,ACTIVE_AT_CUTOFF,
BIRLAPOWER|INE224B01024|1,BIRLAPOWER,2011-06-17,2013-08-22,INE224B01024,EQUITY,2,DELISTED_EVIDENCED,BIRLAPOWER 2018-07-02 Delisting - Liquidation
BIRLAPOWER|NOISIN|1,BIRLAPOWER,2007-06-06,2007-11-15,,UNKNOWN_NO_ISIN,1,ENDED_UNEXPLAINED,
BIRLAPOWER|NOISIN|2,BIRLAPOWER,2008-02-29,2009-05-14,,UNKNOWN_NO_ISIN,1,ENDED_UNEXPLAINED,
BIRLAPOWER|NOISIN|3,BIRLAPOWER,2009-08-21,2010-01-07,,UNKNOWN_NO_ISIN,1,ENDED_UNEXPLAINED,
BIRLAPOWER|NOISIN|4,BIRLAPOWER,2010-02-19,2011-04-28,,UNKNOWN_NO_ISIN,1,ENDED_UNEXPLAINED,
BIRLAPREC|INE372E01025|1,BIRLAPREC,2026-04-20,2026-09-08,INE372E01025,EQUITY,1,ENDED_UNEXPLAINED,
BIRLATYRE|INE0AEJ01013|1,BIRLATYRE,2020-02-25,2022-05-24,INE0AEJ01013,EQUITY,1,ENDED_UNEXPLAINED,
BI|INE986A01012|1,BI,2026-04-20,2026-08-19,INE986A01012,EQUITY,1,ENDED_UNEXPLAINED,
BKMINDST|INE831Q01016|1,BKMINDST|MANAKINDST,2015-04-16,2021-05-21,INE831Q01016,EQUITY,2,ENDED_UNEXPLAINED,
BLACKBUCK|INE0UIZ01018|1,BLACKBUCK,2024-11-22,2026-09-30,INE0UIZ01018,EQUITY,1,ACTIVE_AT_CUTOFF,
BLACKROSE|INE761G01016|1,BLACKROSE,2026-04-20,2026-09-30,INE761G01016,EQUITY,1,ACTIVE_AT_CUTOFF,
BLAL|INE0N7W01012|1,BLAL,2023-05-04,2026-09-30,INE0N7W01012,EQUITY,1,ACTIVE_AT_CUTOFF,
BLBLIMITED|INE791A01024|1,BLBLIMITED,2010-12-03,2026-09-30,INE791A01024,EQUITY,2,ACTIVE_AT_CUTOFF,
BLBLIMITED|NOISIN|1,BLBLIMITED,2005-01-03,2005-04-07,,UNKNOWN_NO_ISIN,1,ENDED_UNEXPLAINED,
BLBLIMITED|NOISIN|2,BLBLIMITED,2005-07-08,2005-07-14,,UNKNOWN_NO_ISIN,1,ENDED_UNEXPLAINED,
BLBLIMITED|NOISIN|3,BLBLIMITED,2006-02-21,2009-05-28,,UNKNOWN_NO_ISIN,1,ENDED_UNEXPLAINED,
BLBLIMITED|NOISIN|4,BLBLIMITED,2009-08-21,2009-09-17,,UNKNOWN_NO_ISIN,1,ENDED_UNEXPLAINED,
BLBLIMITED|NOISIN|5,BLBLIMITED,2009-11-20,2010-10-28,,UNKNOWN_NO_ISIN,1,ENDED_UNEXPLAINED,
BLEL|INE1EEM01017|1,BLEL,2026-08-19,2026-09-30,INE1EEM01017,EQUITY,1,ACTIVE_AT_CUTOFF,
BLIL|INE525F01025|1,BLIL,2026-04-20,2026-09-30,INE525F01025,EQUITY,1,ACTIVE_AT_CUTOFF,
BLISSGVS|INE416D01022|1,BLISSGVS,2010-07-26,2026-07-02,INE416D01022,EQUITY,2,ENDED_UNEXPLAINED,
BLKASHYAP|INE350H01032|1,BLKASHYAP,2006-03-17,2026-09-30,INE350H01032,EQUITY,2,ACTIVE_AT_CUTOFF,
BLOWPLAST|NOISIN|1,BLOWPLAST,2005-08-23,2007-02-19,,UNKNOWN_NO_ISIN,1,ENDED_UNEXPLAINED,
BLSE|INE0NLT01010|1,BLSE,2024-02-06,2026-09-30,INE0NLT01010,EQUITY,1,ACTIVE_AT_CUTOFF,
BLS|INE153T01019|1,BLS,2016-11-22,2026-09-30,INE153T01019|INE153T01027,EQUITY,2,ACTIVE_AT_CUTOFF,
BLUEBIRD|NOISIN|1,BLUEBIRD,2006-12-11,2009-06-11,,UNKNOWN_NO_ISIN,1,ENDED_UNEXPLAINED,
BLUEBIRD|NOISIN|2,BLUEBIRD,2009-08-21,2010-09-02,,UNKNOWN_NO_ISIN,1,DELISTED_EVIDENCED,BLUEBIRD 2017-03-24 Delisting - Liquidation
BLUEBLENDS|INE113O01014|1,BLUEBLENDS,2015-08-24,2019-06-17,INE113O01014,EQUITY,1,ENDED_UNEXPLAINED,
BLUECHIP|INE657B01025|1,BLUECHIP,2011-03-07,2026-08-31,INE657B01025,EQUITY,2,ENDED_UNEXPLAINED,
BLUECHIP|NOISIN|1,BLUECHIP,2005-01-03,2006-01-13,,UNKNOWN_NO_ISIN,1,ENDED_UNEXPLAINED,
BLUECHIP|NOISIN|2,BLUECHIP,2006-06-12,2006-06-29,,UNKNOWN_NO_ISIN,1,ENDED_UNEXPLAINED,
BLUECHIP|NOISIN|3,BLUECHIP,2006-08-28,2006-10-19,,UNKNOWN_NO_ISIN,1,ENDED_UNEXPLAINED,
BLUECHIP|NOISIN|4,BLUECHIP,2006-11-24,2009-05-28,,UNKNOWN_NO_ISIN,1,ENDED_UNEXPLAINED,
BLUECHIP|NOISIN|5,BLUECHIP,2009-08-21,2010-09-30,,UNKNOWN_NO_ISIN,1,ENDED_UNEXPLAINED,
BLUECHIP|NOISIN|6,BLUECHIP,2010-12-03,2011-01-20,,UNKNOWN_NO_ISIN,1,ENDED_UNEXPLAINED,
BLUECLOUDS|INE373T01047|1,BLUECLOUDS,2026-08-17,2026-09-30,INE373T01047,EQUITY,1,ACTIVE_AT_CUTOFF,
BLUECOAST|INE472B01011|1,BLUECOAST,2011-06-24,2026-09-30,INE472B01011,EQUITY,1,ACTIVE_AT_CUTOFF,
BLUECOAST|NOISIN|1,BLUECOAST,2007-03-02,2007-03-06,,UNKNOWN_NO_ISIN,1,ENDED_UNEXPLAINED,
BLUECOAST|NOISIN|2,BLUECOAST,2007-04-19,2007-05-21,,UNKNOWN_NO_ISIN,1,ENDED_UNEXPLAINED,
BLUECOAST|NOISIN|3,BLUECOAST,2007-09-03,2008-10-01,,UNKNOWN_NO_ISIN,1,ENDED_UNEXPLAINED,
BLUECOAST|NOISIN|4,BLUECOAST,2008-11-07,2009-06-25,,UNKNOWN_NO_ISIN,1,ENDED_UNEXPLAINED,
BLUECOAST|NOISIN|5,BLUECOAST,2009-08-21,2010-02-18,,UNKNOWN_NO_ISIN,1,ENDED_UNEXPLAINED,
BLUECOAST|NOISIN|6,BLUECOAST,2010-06-11,2010-12-23,,UNKNOWN_NO_ISIN,1,ENDED_UNEXPLAINED,
BLUECOAST|NOISIN|7,BLUECOAST,2011-03-08,2011-06-20,,UNKNOWN_NO_ISIN,1,ENDED_UNEXPLAINED,
BLUEDART|INE233B01017|1,BLUEDART,2005-01-03,2026-09-30,INE233B01017,EQUITY,2,ACTIVE_AT_CUTOFF,
BLUEJET|INE0KBH01020|1,BLUEJET,2023-11-01,2026-09-30,INE0KBH01020,EQUITY,1,ACTIVE_AT_CUTOFF,
BLUESTARCO|INE472A01039|1,BLUESTARCO,2005-01-03,2026-09-30,INE472A01039,EQUITY,2,ACTIVE_AT_CUTOFF,
BLUESTINFO|INE504B01011|1,BLUESTINFO,2009-08-21,2016-06-01,INE504B01011,EQUITY,2,ENDED_UNEXPLAINED,
BLUESTINFO|NOISIN|1,BLUESTINFO,2005-01-03,2009-06-11,,UNKNOWN_NO_ISIN,1,ENDED_UNEXPLAINED,
BLUESTONE|INE304W01038|1,BLUESTONE,2025-08-19,2026-09-30,INE304W01038,EQUITY,1,ACTIVE_AT_CUTOFF,
BLUSPRING|INE0U4101014|1,BLUSPRING,2025-06-25,2026-09-30,INE0U4101014,EQUITY,1,ACTIVE_AT_CUTOFF,
BMWVENTLTD|INE965W01036|1,BMWVENTLTD,2025-10-16,2026-09-30,INE965W01036,EQUITY,1,ACTIVE_AT_CUTOFF,
BNAGROCHEM|INE00HZ01011|1,BNAGROCHEM,2026-04-20,2026-09-30,INE00HZ01011,EQUITY,1,ACTIVE_AT_CUTOFF,
BNALTD|INE489D01011|1,BNALTD,2026-04-20,2026-07-21,INE489D01011,EQUITY,1,ENDED_UNEXPLAINED,
BOC|INE473A01011|1,BOC|IOL|LINDEINDIA,2005-01-03,2026-09-30,INE473A01011,EQUITY,4,ACTIVE_AT_CUTOFF,
BODALCHEM|INE338D01028|1,BODALCHEM,2011-08-22,2026-09-28,INE338D01028,EQUITY,1,ENDED_UNEXPLAINED,
BODHTREE|INE104F01011|1,BODHTREE,2012-03-02,2013-02-21,INE104F01011,EQUITY,1,ENDED_UNEXPLAINED,
BODHTREE|NOISIN|1,BODHTREE,2010-08-09,2010-12-02,,UNKNOWN_NO_ISIN,1,ENDED_UNEXPLAINED,
BOHRAIND|INE802W01023|1,BOHRAIND,2022-11-11,2026-09-30,INE802W01023,EQUITY,1,ACTIVE_AT_CUTOFF,
BOMDYEING|INE032A01015|1,BOMDYEING,2005-01-03,2026-09-30,INE032A01015|INE032A01023,EQUITY,3,ACTIVE_AT_CUTOFF,
BONGAIREFN|NOISIN|1,BONGAIREFN,2005-01-03,2009-04-20,,UNKNOWN_NO_ISIN,1,ENDED_UNEXPLAINED,
BONLON|INE0B9A01018|1,BONLON,2026-04-13,2026-09-30,INE0B9A01018,EQUITY,1,ACTIVE_AT_CUTOFF,
BORANA|INE16SF01016|1,BORANA,2025-06-10,2026-09-30,INE16SF01016,EQUITY,1,ACTIVE_AT_CUTOFF,
BOROLTD|INE02PY01013|1,BOROLTD,2020-11-24,2026-09-30,INE02PY01013,EQUITY,1,ACTIVE_AT_CUTOFF,
BORORENEW|INE666D01022|1,BORORENEW|BOROSIL,2018-05-25,2026-09-30,INE666D01022,EQUITY,2,ACTIVE_AT_CUTOFF,
BOROSCI|INE02L001032|1,BOROSCI,2024-06-24,2026-09-30,INE02L001032,EQUITY,1,ACTIVE_AT_CUTOFF,
BOSCHCHASY|NOISIN|1,BOSCHCHASY|KALYANBRAK,2005-01-03,2008-10-29,,UNKNOWN_NO_ISIN,2,DELISTED_EVIDENCED,BOSCHCHASY 2008-11-07 Voluntary Delisting
BOSCHLTD|INE323A01026|1,BOSCHLTD|MICO,2005-01-03,2026-09-30,INE323A01026,EQUITY,3,ACTIVE_AT_CUTOFF,
BPCL|INE029A01011|1,BPCL,2005-01-03,2026-09-30,INE029A01011,EQUITY,2,ACTIVE_AT_CUTOFF,
BPLENGG|NOISIN|1,BPLENGG,2005-01-03,2005-05-26,,UNKNOWN_NO_ISIN,1,ENDED_UNEXPLAINED,
BPLENGG|NOISIN|2,BPLENGG,2005-07-08,2005-07-14,,UNKNOWN_NO_ISIN,1,ENDED_UNEXPLAINED,
BPLENGG|NOISIN|3,BPLENGG,2006-06-12,2006-10-19,,UNKNOWN_NO_ISIN,1,ENDED_UNEXPLAINED,
BPLENGG|NOISIN|4,BPLENGG,2006-11-24,2006-12-29,,UNKNOWN_NO_ISIN,1,ENDED_UNEXPLAINED,
BPLENGG|NOISIN|5,BPLENGG,2007-03-02,2007-09-20,,UNKNOWN_NO_ISIN,1,ENDED_UNEXPLAINED,
BPLENGG|NOISIN|6,BPLENGG,2007-12-03,2007-12-28,,UNKNOWN_NO_ISIN,1,DELISTED_EVIDENCED,BPLENGG 2017-03-24 Delisting - Liquidation
BPLPHARMA|INE365Y01019|1,BPLPHARMA,2026-08-17,2026-09-30,INE365Y01019,EQUITY,1,ACTIVE_AT_CUTOFF,
BPLREFRIG|NOISIN|1,BPLREFRIG,2005-01-03,2005-04-07,,UNKNOWN_NO_ISIN,1,ENDED_UNEXPLAINED,
BPLREFRIG|NOISIN|2,BPLREFRIG,2005-07-08,2005-07-21,,UNKNOWN_NO_ISIN,1,DELISTED_EVIDENCED,BPLREFRIG 2016-09-12 Delisting - Liquidation
BPLSANTECH|NOISIN|1,BPLSANTECH,2005-01-03,2005-05-05,,UNKNOWN_NO_ISIN,1,ENDED_UNEXPLAINED,
BPLSANTECH|NOISIN|2,BPLSANTECH,2005-07-08,2005-07-21,,UNKNOWN_NO_ISIN,1,DELISTED_EVIDENCED,BPLSANTECH 2016-09-12 Delisting - Liquidation
BPLSANUTIL|NOISIN|1,BPLSANUTIL,2005-01-03,2005-07-21,,UNKNOWN_NO_ISIN,1,DELISTED_EVIDENCED,BPLSANUTIL 2018-05-22 Compulsory Delisting
BPL|INE110A01019|1,BPL,2011-06-17,2026-09-30,INE110A01019,EQUITY,2,ACTIVE_AT_CUTOFF,
BPL|NOISIN|1,BPL,2005-01-03,2005-04-28,,UNKNOWN_NO_ISIN,1,ENDED_UNEXPLAINED,
BPL|NOISIN|10,BPL,2010-02-19,2011-04-18,,UNKNOWN_NO_ISIN,1,ENDED_UNEXPLAINED,
BPL|NOISIN|2,BPL,2005-07-08,2005-07-29,,UNKNOWN_NO_ISIN,1,ENDED_UNEXPLAINED,
BPL|NOISIN|3,BPL,2006-08-28,2006-10-19,,UNKNOWN_NO_ISIN,1,ENDED_UNEXPLAINED,
BPL|NOISIN|4,BPL,2006-11-24,2006-12-29,,UNKNOWN_NO_ISIN,1,ENDED_UNEXPLAINED,
BPL|NOISIN|5,BPL,2007-03-02,2007-09-20,,UNKNOWN_NO_ISIN,1,ENDED_UNEXPLAINED,
BPL|NOISIN|6,BPL,2007-12-03,2007-12-28,,UNKNOWN_NO_ISIN,1,ENDED_UNEXPLAINED,
BPL|NOISIN|7,BPL,2008-02-29,2008-12-26,,UNKNOWN_NO_ISIN,1,ENDED_UNEXPLAINED,
BPL|NOISIN|8,BPL,2009-03-02,2009-07-09,,UNKNOWN_NO_ISIN,1,ENDED_UNEXPLAINED,
BPL|NOISIN|9,BPL,2009-08-21,2009-11-26,,UNKNOWN_NO_ISIN,1,ENDED_UNEXPLAINED,
BRABOURNE|NOISIN|1,BRABOURNE|RPGLS|SEARLEIND,2006-02-17,2009-04-17,,UNKNOWN_NO_ISIN,3,ENDED_UNEXPLAINED,
BRABOURNE|NOISIN|2,BRABOURNE,2009-08-21,2010-01-21,,UNKNOWN_NO_ISIN,1,ENDED_UNEXPLAINED,
BRAHMINFRA|INE320I01017|1,BRAHMINFRA,2026-08-17,2026-09-30,INE320I01017,EQUITY,1,ACTIVE_AT_CUTOFF,
BRANDHOUSE|INE317J01011|1,BRANDHOUSE,2009-03-27,2015-03-30,INE317J01011,EQUITY,2,DELISTED_EVIDENCED,BRANDHOUSE 2018-05-30 Delisting - Liquidation
BRFL|INE589G01011|1,BRFL,2005-12-05,2022-04-01,INE589G01011,EQUITY,2,ENDED_UNEXPLAINED,
BRIGADE|INE791I01019|1,BRIGADE,2007-12-31,2026-09-30,INE791I01019,EQUITY,2,ACTIVE_AT_CUTOFF,
BRIGHOTEL|INE03NU01014|1,BRIGHOTEL,2025-07-31,2026-09-30,INE03NU01014,EQUITY,1,ACTIVE_AT_CUTOFF,
BRIGHTBR|INE630D01010|1,BRIGHTBR,2026-08-17,2026-09-30,INE630D01010,EQUITY,1,ACTIVE_AT_CUTOFF,
BRITANNIA|INE216A01022|1,BRITANNIA,2005-01-03,2026-09-30,INE216A01022|INE216A01030,EQUITY,3,ACTIVE_AT_CUTOFF,
BRNL|INE727S01012|1,BRNL,2017-09-18,2026-09-30,INE727S01012,EQUITY,1,ACTIVE_AT_CUTOFF,
BROADCAST|INE698H01018|1,BROADCAST,2011-06-17,2016-05-09,INE698H01018,EQUITY,2,DELISTED_EVIDENCED,BROADCAST 2018-05-30 Compulsory Delisting
BROADCAST|NOISIN|1,BROADCAST,2007-03-07,2007-12-13,,UNKNOWN_NO_ISIN,1,ENDED_UNEXPLAINED,
BROADCAST|NOISIN|2,BROADCAST,2008-02-29,2008-06-26,,UNKNOWN_NO_ISIN,1,ENDED_UNEXPLAINED,
BROADCAST|NOISIN|3,BROADCAST,2008-08-22,2009-05-28,,UNKNOWN_NO_ISIN,1,ENDED_UNEXPLAINED,
BROADCAST|NOISIN|4,BROADCAST,2009-11-20,2010-10-28,,UNKNOWN_NO_ISIN,1,ENDED_UNEXPLAINED,
BROADCAST|NOISIN|5,BROADCAST,2010-12-03,2011-04-18,,UNKNOWN_NO_ISIN,1,ENDED_UNEXPLAINED,
BROOKS|INE650L01011|1,BROOKS,2011-09-05,2026-09-30,INE650L01011,EQUITY,1,ACTIVE_AT_CUTOFF,
BSCFAUG08A|NOISIN|1,BSCFAUG08A,2005-09-21,2008-08-06,,UNKNOWN_NO_ISIN,1,ENDED_UNEXPLAINED,
BSCFAUG08B|NOISIN|1,BSCFAUG08B,2005-10-04,2005-10-14,,UNKNOWN_NO_ISIN,1,ENDED_UNEXPLAINED,
BSCFAUG08B|NOISIN|2,BSCFAUG08B,2006-03-10,2006-03-10,,UNKNOWN_NO_ISIN,1,ENDED_UNEXPLAINED,
BSE500IETF|INF109KC1V59|1,BSE500IETF|ICICI500,2021-10-29,2026-09-30,INF109KC1V59,FUND_UNIT,2,ACTIVE_AT_CUTOFF,
BSELINFRA|INE395A01016|1,BSELINFRA,2011-06-17,2021-07-12,INE395A01016,EQUITY,2,ENDED_UNEXPLAINED,
BSELINFRA|NOISIN|1,BSELINFRA,2005-01-03,2006-06-09,,UNKNOWN_NO_ISIN,1,ENDED_UNEXPLAINED,
BSELINFRA|NOISIN|2,BSELINFRA,2006-08-28,2009-01-09,,UNKNOWN_NO_ISIN,1,ENDED_UNEXPLAINED,
BSELINFRA|NOISIN|3,BSELINFRA,2009-03-02,2009-06-11,,UNKNOWN_NO_ISIN,1,ENDED_UNEXPLAINED,
BSELINFRA|NOISIN|4,BSELINFRA,2009-08-21,2011-04-18,,UNKNOWN_NO_ISIN,1,ENDED_UNEXPLAINED,
BSE|INE118H01025|1,BSE,2017-02-03,2026-09-30,INE118H01025,EQUITY,1,ACTIVE_AT_CUTOFF,
BSHSL|INE032Z01012|1,BSHSL,2020-10-28,2026-09-30,INE032Z01012|INE032Z01020,EQUITY,2,ACTIVE_AT_CUTOFF,
BSLGOLDETF|INF209K01HT2|1,BSLGOLDETF,2011-05-23,2021-11-25,INF209K01HT2,FUND_UNIT,2,ENDED_UNEXPLAINED,
BSLGOLDETF|INF209KB18D3|1,BSLGOLDETF,2021-11-26,2026-09-30,INF209KB18D3,FUND_UNIT,1,ACTIVE_AT_CUTOFF,
BSLIMITED|INE043K01011|1,BSLIMITED|BSTRANSCOM,2010-10-27,2018-02-21,INE043K01011|INE043K01029,EQUITY,4,ENDED_UNEXPLAINED,
BSLNIFTY|INF209K01IR4|1,BSLNIFTY,2011-07-27,2021-11-25,INF209K01IR4,FUND_UNIT,1,ENDED_UNEXPLAINED,
BSLNIFTY|INF209KB19D1|1,BSLNIFTY,2021-11-26,2026-09-30,INF209KB19D1,FUND_UNIT,1,ACTIVE_AT_CUTOFF,
BSLSENETFG|INF209KB10E8|1,BSLSENETFG,2021-11-26,2026-09-30,INF209KB10E8,FUND_UNIT,1,ACTIVE_AT_CUTOFF,
BSLSENETFG|INF209KB1119|1,BSLSENETFG,2021-10-06,2021-11-25,INF209KB1119,FUND_UNIT,1,ENDED_UNEXPLAINED,
BSL|INE594B01012|1,BSL,2009-08-21,2026-09-30,INE594B01012,EQUITY,2,ACTIVE_AT_CUTOFF,
BSL|NOISIN|1,BSL,2005-01-03,2005-03-03,,UNKNOWN_NO_ISIN,1,ENDED_UNEXPLAINED,
BSL|NOISIN|2,BSL,2005-04-08,2005-04-15,,UNKNOWN_NO_ISIN,1,ENDED_UNEXPLAINED,
BSL|NOISIN|3,BSL,2005-07-08,2005-11-18,,UNKNOWN_NO_ISIN,1,ENDED_UNEXPLAINED,
BSL|NOISIN|4,BSL,2006-06-12,2007-07-26,,UNKNOWN_NO_ISIN,1,ENDED_UNEXPLAINED,
BSL|NOISIN|5,BSL,2007-08-31,2007-12-28,,UNKNOWN_NO_ISIN,1,ENDED_UNEXPLAINED,
BSL|NOISIN|6,BSL,2008-02-29,2009-06-11,,UNKNOWN_NO_ISIN,1,ENDED_UNEXPLAINED,
BSOFT|INE836A01035|1,BSOFT|KPIT,2005-01-03,2026-09-30,INE836A01035,EQUITY,3,ACTIVE_AT_CUTOFF,
BTML|INE0EEJ01015|1,BTML,2023-02-15,2026-09-30,INE0EEJ01015|INE0EEJ01023,EQUITY,2,ACTIVE_AT_CUTOFF,
BTTL|INE274K01012|1,BTTL,2026-04-20,2026-07-08,INE274K01012,EQUITY,1,ENDED_UNEXPLAINED,
BUILDPRO|INE24OJ01011|1,BUILDPRO,2026-01-27,2026-09-30,INE24OJ01011,EQUITY,1,ACTIVE_AT_CUTOFF,
BURGERKING|INE07T201019|1,BURGERKING|RBA,2020-12-14,2026-09-30,INE07T201019,EQUITY,2,ACTIVE_AT_CUTOFF,
BURNPUR|INE817H01014|1,BURNPUR,2009-08-21,2025-01-29,INE817H01014,EQUITY,2,ENDED_UNEXPLAINED,
BURNPUR|INE817H01022|1,BURNPUR,2026-08-25,2026-09-08,INE817H01022,EQUITY,1,ENDED_UNEXPLAINED,
BURNPUR|NOISIN|1,BURNPUR,2008-01-03,2009-05-28,,UNKNOWN_NO_ISIN,1,ENDED_UNEXPLAINED,
BUTTERFLY|INE295F01017|1,BUTTERFLY,2014-04-28,2026-09-30,INE295F01017,EQUITY,1,ACTIVE_AT_CUTOFF,
BVCL|INE139I01011|1,BVCL,2009-11-20,2026-09-30,INE139I01011,EQUITY,2,ACTIVE_AT_CUTOFF,
BVCL|NOISIN|1,BVCL,2007-11-23,2009-08-20,,UNKNOWN_NO_ISIN,1,ENDED_UNEXPLAINED,
BVXL|NOISIN|1,BVXL,2006-09-05,2007-09-20,,UNKNOWN_NO_ISIN,1,ENDED_UNEXPLAINED,
BVXL|NOISIN|2,BVXL|DIGJAM,2007-12-03,2009-05-28,,UNKNOWN_NO_ISIN,2,ENDED_UNEXPLAINED,
BYKE|INE319B01014|1,BYKE|THEBYKE,2011-12-30,2026-09-30,INE319B01014,EQUITY,2,ACTIVE_AT_CUTOFF,
CADILAHC|INE010B01019|1,CADILAHC|ZYDUSLIFE,2005-01-03,2026-09-30,INE010B01019|INE010B01027,EQUITY,4,ACTIVE_AT_CUTOFF,
CAIRN|INE910H01017|1,CAIRN,2007-01-09,2017-04-25,INE910H01017,EQUITY,2,ENDED_UNEXPLAINED,
CALSOFT|INE526B01014|1,CALSOFT,2010-08-20,2026-09-02,INE526B01014,EQUITY,2,ENDED_UNEXPLAINED,
CALSOFT|NOISIN|1,CALSOFT,2005-01-03,2005-05-19,,UNKNOWN_NO_ISIN,1,ENDED_UNEXPLAINED,
CALSOFT|NOISIN|2,CALSOFT,2005-07-08,2010-05-27,,UNKNOWN_NO_ISIN,1,ENDED_UNEXPLAINED,
CAMBRIDGE|INE692G01013|1,CAMBRIDGE|XCHANGING,2011-09-06,2026-09-30,INE692G01013,EQUITY,2,ACTIVE_AT_CUTOFF,
CAMBRIDGE|NOISIN|1,CAMBRIDGE|SCANDENT,2005-03-09,2008-06-26,,UNKNOWN_NO_ISIN,2,ENDED_UNEXPLAINED,
CAMBRIDGE|NOISIN|2,CAMBRIDGE,2008-08-22,2011-06-09,,UNKNOWN_NO_ISIN,1,ENDED_UNEXPLAINED,
CAMLINFINE|INE052I01032|1,CAMLINFINE,2015-01-20,2026-09-30,INE052I01032,EQUITY,1,ACTIVE_AT_CUTOFF,
CAMLIN|INE760A01029|1,CAMLIN|KOKUYOCMLN,2009-08-21,2026-09-30,INE760A01029,EQUITY,3,ACTIVE_AT_CUTOFF,
CAMLIN|NOISIN|1,CAMLIN,2008-07-28,2009-06-11,,UNKNOWN_NO_ISIN,1,ENDED_UNEXPLAINED,
CAMPUS|INE278Y01022|1,CAMPUS,2022-05-09,2026-09-30,INE278Y01022,EQUITY,1,ACTIVE_AT_CUTOFF,
CAMS|INE596I01012|1,CAMS,2020-10-05,2026-09-30,INE596I01012|INE596I01020,EQUITY,2,ACTIVE_AT_CUTOFF,
CANBK|INE476A01014|1,CANBK,2005-01-03,2026-09-30,INE476A01014|INE476A01022,EQUITY,3,ACTIVE_AT_CUTOFF,
CANDC|INE874H01015|1,CANDC,2007-02-26,2019-02-25,INE874H01015,EQUITY,2,ENDED_UNEXPLAINED,
CANFINHOME|INE477A01012|1,CANFINHOME,2009-08-21,2026-09-30,INE477A01012|INE477A01020,EQUITY,3,ACTIVE_AT_CUTOFF,
CANFINHOME|NOISIN|1,CANFINHOME,2005-01-03,2006-06-09,,UNKNOWN_NO_ISIN,1,ENDED_UNEXPLAINED,
CANFINHOME|NOISIN|2,CANFINHOME,2006-08-28,2007-11-30,,UNKNOWN_NO_ISIN,1,ENDED_UNEXPLAINED,
CANFINHOME|NOISIN|3,CANFINHOME,2008-02-29,2009-06-11,,UNKNOWN_NO_ISIN,1,ENDED_UNEXPLAINED,
CANHLIFE|INE01TY01017|1,CANHLIFE,2025-10-17,2026-09-30,INE01TY01017,EQUITY,1,ACTIVE_AT_CUTOFF,
CANTABIL|INE068L01016|1,CANTABIL,2010-10-12,2026-09-30,INE068L01016|INE068L01024,EQUITY,3,ACTIVE_AT_CUTOFF,
CAPACITE|INE264T01014|1,CAPACITE,2017-09-25,2026-09-30,INE264T01014,EQUITY,1,ACTIVE_AT_CUTOFF,
CAPF|INE688I01017|1,CAPF|FCH,2010-12-03,2018-12-27,INE688I01017,EQUITY,3,ENDED_UNEXPLAINED,
CAPILLARY|INE0ILV01024|1,CAPILLARY,2025-11-21,2026-09-30,INE0ILV01024,EQUITY,1,ACTIVE_AT_CUTOFF,
CAPITALSFB|INE646H01017|1,CAPITALSFB,2024-02-14,2026-09-30,INE646H01017,EQUITY,1,ACTIVE_AT_CUTOFF,
CAPLIPOINT|INE475E01018|1,CAPLIPOINT,2014-06-23,2016-10-19,INE475E01018,EQUITY,1,ENDED_UNEXPLAINED,
CAPLIPOINT|INE475E01026|1,CAPLIPOINT,2016-10-20,2026-09-30,INE475E01026,EQUITY,1,ACTIVE_AT_CUTOFF,
CAPTRUST|INE707C01018|1,CAPTRUST,2017-01-16,2026-08-06,INE707C01018,EQUITY,1,ENDED_UNEXPLAINED,
CARBORUNIV|INE120A01026|1,CARBORUNIV,2005-01-03,2026-09-30,INE120A01026|INE120A01034,EQUITY,3,ACTIVE_AT_CUTOFF,
CAREERP|INE521J01018|1,CAREERP|CPCAP|CPIL,2010-10-06,2026-09-30,INE521J01018,EQUITY,4,ACTIVE_AT_CUTOFF,
CARERATING|INE752H01013|1,CARERATING,2012-12-26,2026-09-30,INE752H01013,EQUITY,1,ACTIVE_AT_CUTOFF,
CAROLINFO|INE198A01014|1,CAROLINFO,2010-12-03,2012-03-09,INE198A01014,EQUITY,2,DELISTED_EVIDENCED,CAROLINFO 2012-03-19 Voluntary Delisting
CAROLINFO|NOISIN|1,CAROLINFO,2005-01-03,2006-02-16,,UNKNOWN_NO_ISIN,1,ENDED_UNEXPLAINED,
CAROLINFO|NOISIN|2,CAROLINFO,2006-06-12,2010-08-19,,UNKNOWN_NO_ISIN,1,ENDED_UNEXPLAINED,
CARRARO|INE0V7W01012|1,CARRARO,2024-12-30,2026-09-30,INE0V7W01012,EQUITY,1,ACTIVE_AT_CUTOFF,
CARTRADE|INE290S01011|1,CARTRADE,2021-08-20,2026-09-30,INE290S01011,EQUITY,1,ACTIVE_AT_CUTOFF,
CASHIETF|INF109K1A021|1,CASHIETF,2025-03-19,2026-09-30,INF109K1A021,FUND_UNIT,1,ACTIVE_AT_CUTOFF,
CASTROLIND|INE172A01027|1,CASTROLIND,2014-03-28,2026-09-30,INE172A01027,EQUITY,1,ACTIVE_AT_CUTOFF,
CASTROL|INE172A01019|1,CASTROL,2007-08-16,2014-02-26,INE172A01019,EQUITY,2,ENDED_UNEXPLAINED,
CCAVENUE|INE483S01020|1,CCAVENUE|INFIBEAM,2016-04-04,2026-09-30,INE483S01012|INE483S01020,EQUITY,3,ACTIVE_AT_CUTOFF,
CCCL|INE429I01024|1,CCCL,2007-10-15,2026-09-30,INE429I01024,EQUITY,2,ACTIVE_AT_CUTOFF,
CCHHL|INE652F01027|1,CCHHL,2015-02-03,2026-09-30,INE652F01027,EQUITY,1,ACTIVE_AT_CUTOFF,
CCL|INE421D01014|1,CCL,2008-08-22,2026-09-30,INE421D01014|INE421D01022,EQUITY,3,ACTIVE_AT_CUTOFF,
CCL|NOISIN|1,CCL,2005-01-03,2008-06-12,,UNKNOWN_NO_ISIN,1,ENDED_UNEXPLAINED,
CDSL|INE736A01011|1,CDSL,2017-06-30,2026-09-30,INE736A01011,EQUITY,1,ACTIVE_AT_CUTOFF,
CEATLTD|INE482A01020|1,CEATLTD,2009-08-21,2026-09-30,INE482A01020,EQUITY,2,ACTIVE_AT_CUTOFF,
CEATLTD|NOISIN|1,CEATLTD,2008-02-01,2009-05-28,,UNKNOWN_NO_ISIN,1,ENDED_UNEXPLAINED,
CEAT|NOISIN|1,CEAT,2005-01-03,2006-06-09,,UNKNOWN_NO_ISIN,1,ENDED_UNEXPLAINED,
CEAT|NOISIN|2,CEAT,2006-08-28,2007-12-24,,UNKNOWN_NO_ISIN,1,ENDED_UNEXPLAINED,
CEBBCO|INE209L01016|1,CEBBCO|JWL,2011-06-17,2026-09-30,INE209L01016,EQUITY,3,ACTIVE_AT_CUTOFF,
CEBBCO|NOISIN|1,CEBBCO,2010-10-18,2011-03-31,,UNKNOWN_NO_ISIN,1,ENDED_UNEXPLAINED,
CEIGALL|INE0AG901020|1,CEIGALL,2024-08-08,2026-09-30,INE0AG901020,EQUITY,1,ACTIVE_AT_CUTOFF,
CEINSYS|INE016Q01014|1,CEINSYS,2026-02-19,2026-09-30,INE016Q01014,EQUITY,1,ACTIVE_AT_CUTOFF,
CELEBRITY|INE185H01016|1,CELEBRITY,2010-11-09,2026-09-30,INE185H01016,EQUITY,2,ACTIVE_AT_CUTOFF,
CELEBRITY|NOISIN|1,CELEBRITY,2006-01-12,2007-12-13,,UNKNOWN_NO_ISIN,1,ENDED_UNEXPLAINED,
CELEBRITY|NOISIN|2,CELEBRITY,2008-02-29,2008-04-21,,UNKNOWN_NO_ISIN,1,ENDED_UNEXPLAINED,
CELEBRITY|NOISIN|3,CELEBRITY,2008-06-13,2009-06-11,,UNKNOWN_NO_ISIN,1,ENDED_UNEXPLAINED,
CELEBRITY|NOISIN|4,CELEBRITY,2009-08-21,2010-08-19,,UNKNOWN_NO_ISIN,1,ENDED_UNEXPLAINED,
CELESTIAL|INE221I01017|1,CELESTIAL,2008-02-29,2019-09-09,INE221I01017,EQUITY,2,ENDED_UNEXPLAINED,
CELESTIAL|NOISIN|1,CELESTIAL,2007-07-17,2007-11-30,,UNKNOWN_NO_ISIN,1,ENDED_UNEXPLAINED,
CELLO|INE0LMW01024|1,CELLO,2023-11-06,2026-09-30,INE0LMW01024,EQUITY,1,ACTIVE_AT_CUTOFF,
CEMNTGROWW|INF666M01PH7|1,CEMNTGROWW,2026-07-28,2026-09-30,INF666M01PH7,FUND_UNIT,1,ACTIVE_AT_CUTOFF,
CEMPRO|INE686A01026|1,CEMPRO|ITDCEM,2009-08-21,2026-09-30,INE686A01018|INE686A01026,EQUITY,4,ACTIVE_AT_CUTOFF,
CENBNK|NOISIN|1,CENBNK|CENTBOP,2005-01-03,2008-06-06,,UNKNOWN_NO_ISIN,2,ENDED_UNEXPLAINED,
CENTENKA|INE485A01015|1,CENTENKA,2009-06-12,2026-09-30,INE485A01015,EQUITY,2,ACTIVE_AT_CUTOFF,
CENTENKA|NOISIN|1,CENTENKA,2005-01-03,2009-03-19,,UNKNOWN_NO_ISIN,1,ENDED_UNEXPLAINED,
CENTEXT|INE281A01026|1,CENTEXT,2011-06-17,2026-09-30,INE281A01026,EQUITY,2,ACTIVE_AT_CUTOFF,
CENTEXT|NOISIN|1,CENTEXT,2005-01-03,2005-04-07,,UNKNOWN_NO_ISIN,1,ENDED_UNEXPLAINED,
CENTEXT|NOISIN|2,CENTEXT,2005-07-08,2007-12-28,,UNKNOWN_NO_ISIN,1,ENDED_UNEXPLAINED,
CENTEXT|NOISIN|3,CENTEXT,2008-02-29,2009-06-11,,UNKNOWN_NO_ISIN,1,ENDED_UNEXPLAINED,
CENTEXT|NOISIN|4,CENTEXT,2009-08-21,2011-04-18,,UNKNOWN_NO_ISIN,1,ENDED_UNEXPLAINED,
CENTRALBK|INE483A01010|1,CENTRALBK,2007-08-21,2026-09-30,INE483A01010,EQUITY,2,ACTIVE_AT_CUTOFF,
CENTRUM|INE660C01027|1,CENTRUM,2018-04-04,2026-09-30,INE660C01027,EQUITY,1,ACTIVE_AT_CUTOFF,
CENTUM|INE320B01020|1,CENTUM,2010-12-03,2026-09-30,INE320B01020,EQUITY,2,ACTIVE_AT_CUTOFF,
CENTUM|NOISIN|1,CENTUM,2007-10-05,2009-07-23,,UNKNOWN_NO_ISIN,1,ENDED_UNEXPLAINED,
CENTUM|NOISIN|2,CENTUM,2009-11-20,2010-09-16,,UNKNOWN_NO_ISIN,1,ENDED_UNEXPLAINED,
CENTURYPLY|INE348B01021|1,CENTURYPLY,2006-03-23,2026-09-30,INE348B01021,EQUITY,2,ACTIVE_AT_CUTOFF,
CERA|INE739E01017|1,CERA,2007-11-02,2026-09-30,INE739E01017,EQUITY,2,ACTIVE_AT_CUTOFF,
CEREBRAINT|INE345B01019|1,CEREBRAINT,2013-06-26,2024-08-07,INE345B01019,EQUITY,1,ENDED_UNEXPLAINED,
CESCVENT|INE425Y01011|1,CESCVENT|RPSGVENT,2019-02-08,2026-09-30,INE425Y01011,EQUITY,2,ACTIVE_AT_CUTOFF,
CESC|INE486A01013|1,CESC,2005-01-03,2026-09-30,INE486A01013|INE486A01021,EQUITY,3,ACTIVE_AT_CUTOFF,
CEWATER|INE037Z01029|1,CEWATER,2024-12-27,2026-09-30,INE037Z01029,EQUITY,1,ACTIVE_AT_CUTOFF,
CFEL|INE700F01024|1,CFEL,2026-08-17,2026-09-16,INE700F01024,EQUITY,1,ENDED_UNEXPLAINED,
CGCL|INE180C01018|1,CGCL|MMFSL,2010-10-29,2016-11-23,INE180C01018,EQUITY,3,ENDED_UNEXPLAINED,
CGCL|INE180C01026|1,CGCL,2016-11-24,2026-09-30,INE180C01026|INE180C01042,EQUITY,2,ACTIVE_AT_CUTOFF,
CGIGARSH|NOISIN|1,CGIGARSH|IGARASHI,2005-01-03,2009-04-17,,UNKNOWN_NO_ISIN,2,ENDED_UNEXPLAINED,
CGPOWER|INE067A01029|1,CGPOWER|CROMPGREAV,2005-01-03,2026-09-30,INE067A01029,EQUITY,3,ACTIVE_AT_CUTOFF,
CGVAK|INE084D01010|1,CGVAK,2026-08-17,2026-09-30,INE084D01010,EQUITY,1,ACTIVE_AT_CUTOFF,
CHALET|INE427F01016|1,CHALET,2019-02-07,2026-09-30,INE427F01016,EQUITY,1,ACTIVE_AT_CUTOFF,
CHAMBLFERT|INE085A01013|1,CHAMBLFERT,2005-01-03,2026-09-30,INE085A01013,EQUITY,2,ACTIVE_AT_CUTOFF,
CHAMPDANY|NOISIN|1,CHAMPDANY,2005-01-03,2005-07-07,,UNKNOWN_NO_ISIN,1,ENDED_UNEXPLAINED,
CHEMBONDCH|INE0TGX01019|1,CHEMBONDCH,2025-08-06,2026-05-11,INE0TGX01019,EQUITY,1,ENDED_UNEXPLAINED,
CHEMBOND|INE995D01025|1,CHEMBOND,2019-11-20,2026-09-30,INE995D01025,EQUITY,1,ACTIVE_AT_CUTOFF,
CHEMCON|INE03YM01018|1,CHEMCON,2020-10-01,2026-09-30,INE03YM01018,EQUITY,1,ACTIVE_AT_CUTOFF,
CHEMCRUX|INE298W01016|1,CHEMCRUX,2026-08-17,2026-09-30,INE298W01016,EQUITY,1,ACTIVE_AT_CUTOFF,
CHEMFAB|INE783X01023|1,CHEMFAB,2018-07-24,2026-09-30,INE783X01023,EQUITY,1,ACTIVE_AT_CUTOFF,
CHEMFALKAL|INE479E01028|1,CHEMFALKAL,2010-06-11,2017-05-24,INE479E01028,EQUITY,2,ENDED_UNEXPLAINED,
CHEMFALKAL|NOISIN|1,CHEMFALKAL,2006-05-18,2010-02-18,,UNKNOWN_NO_ISIN,1,ENDED_UNEXPLAINED,
CHEMICAL|INF174KA1XV0|1,CHEMICAL,2025-11-19,2026-09-30,INF174KA1XV0,FUND_UNIT,1,ACTIVE_AT_CUTOFF,
CHEMPLASTS|INE488A01050|1,CHEMPLASTS,2021-08-24,2026-09-30,INE488A01050,EQUITY,1,ACTIVE_AT_CUTOFF,
CHEMPLAST|INE488A01027|1,CHEMPLAST,2009-06-12,2012-06-14,INE488A01027,EQUITY,2,DELISTED_EVIDENCED,CHEMPLAST 2012-06-25 Voluntary Delisting
CHEMPLAST|NOISIN|1,CHEMPLAST,2005-01-03,2009-04-17,,UNKNOWN_NO_ISIN,1,ENDED_UNEXPLAINED,
CHENNPETRO|INE178A01016|1,CHENNPETRO,2005-01-03,2026-09-30,INE178A01016,EQUITY,2,ACTIVE_AT_CUTOFF,
CHESLINTEX|INE217C01018|1,CHESLINTEX,2010-12-03,2015-05-20,INE217C01018,EQUITY,2,ENDED_UNEXPLAINED,
CHESLINTEX|NOISIN|1,CHESLINTEX,2005-01-03,2005-04-07,,UNKNOWN_NO_ISIN,1,ENDED_UNEXPLAINED,
CHESLINTEX|NOISIN|2,CHESLINTEX,2005-07-08,2005-07-14,,UNKNOWN_NO_ISIN,1,ENDED_UNEXPLAINED,
CHESLINTEX|NOISIN|3,CHESLINTEX,2006-02-17,2007-12-28,,UNKNOWN_NO_ISIN,1,ENDED_UNEXPLAINED,
CHESLINTEX|NOISIN|4,CHESLINTEX,2008-02-29,2008-08-07,,UNKNOWN_NO_ISIN,1,ENDED_UNEXPLAINED,
CHESLINTEX|NOISIN|5,CHESLINTEX,2008-12-01,2009-05-04,,UNKNOWN_NO_ISIN,1,ENDED_UNEXPLAINED,
CHESLINTEX|NOISIN|6,CHESLINTEX,2009-08-21,2009-09-17,,UNKNOWN_NO_ISIN,1,ENDED_UNEXPLAINED,
CHESLINTEX|NOISIN|7,CHESLINTEX,2009-11-20,2010-09-16,,UNKNOWN_NO_ISIN,1,ENDED_UNEXPLAINED,
CHETTINAD|INE132B01011|1,CHETTINAD,2011-06-27,2013-05-30,INE132B01011,EQUITY,1,DELISTED_EVIDENCED,CHETTINAD 2013-06-07 Voluntary Delisting
CHETTINAD|NOISIN|1,CHETTINAD,2007-05-17,2011-06-20,,UNKNOWN_NO_ISIN,1,ENDED_UNEXPLAINED,
CHEVIOT|INE974B01016|1,CHEVIOT,2022-06-20,2026-09-30,INE974B01016,EQUITY,1,ACTIVE_AT_CUTOFF,
CHI|NOISIN|1,CHI,2008-04-24,2010-02-02,,UNKNOWN_NO_ISIN,1,ENDED_UNEXPLAINED,
CHLORIDIND|NOISIN|1,CHLORIDIND|EXIDEIND,2005-01-03,2026-09-30,INE302A01020,EQUITY,3,ACTIVE_AT_CUTOFF,
CHOICEGOLD|INF2KCX01012|1,CHOICEGOLD,2025-11-10,2026-09-30,INF2KCX01012,FUND_UNIT,1,ACTIVE_AT_CUTOFF,
CHOICEIN|INE102B01014|1,CHOICEIN,2022-04-08,2026-09-30,INE102B01014,EQUITY,1,ACTIVE_AT_CUTOFF,
CHOLADBS|NOISIN|1,CHOLADBS|CHOLAINV,2005-01-03,2009-04-17,,UNKNOWN_NO_ISIN,2,ENDED_UNEXPLAINED,
CHOLADBS|NOISIN|2,CHOLADBS|CHOLAFIN,2009-06-12,2026-09-30,INE121A01016|INE121A01024,EQUITY,4,ACTIVE_AT_CUTOFF,
CHOLAHLDNG|INE149A01033|1,CHOLAHLDNG|TIFIN,2017-10-10,2026-09-30,INE149A01033,EQUITY,2,ACTIVE_AT_CUTOFF,
CHROMATIC|INE662C01015|1,CHROMATIC,2012-05-29,2020-12-16,INE662C01015,EQUITY,1,ENDED_UNEXPLAINED,
CIEINDIA|INE536H01010|1,CIEINDIA|MAHINDCIE|MAHINDFORG,2009-08-21,2026-09-30,INE536H01010,EQUITY,4,ACTIVE_AT_CUTOFF,
CIFL|INE345H01024|1,CIFL,2025-04-17,2026-09-30,INE345H01024,EQUITY,1,ACTIVE_AT_CUTOFF,
CIGNITITEC|INE675C01017|1,CIGNITITEC,2014-10-13,2026-05-14,INE675C01017,EQUITY,1,ENDED_UNEXPLAINED,
CILNOVA|INE672K01017|1,CILNOVA,2011-06-06,2013-12-04,INE672K01017,EQUITY,2,ENDED_UNEXPLAINED,
CIMCOBIRLA|NOISIN|1,CIMCOBIRLA,2005-01-03,2005-04-15,,UNKNOWN_NO_ISIN,1,ENDED_UNEXPLAINED,
CIMCOBIRLA|NOISIN|2,CIMCOBIRLA,2005-07-08,2005-07-21,,UNKNOWN_NO_ISIN,1,ENDED_UNEXPLAINED,
CIMCOBIRLA|NOISIN|3,CIMCOBIRLA,2006-06-12,2006-08-24,,UNKNOWN_NO_ISIN,1,ENDED_UNEXPLAINED,
CIMCOBIRLA|NOISIN|4,CIMCOBIRLA,2007-08-31,2007-12-28,,UNKNOWN_NO_ISIN,1,ENDED_UNEXPLAINED,
CIMCOBIRLA|NOISIN|5,CIMCOBIRLA,2008-02-29,2008-04-21,,UNKNOWN_NO_ISIN,1,ENDED_UNEXPLAINED,
CIMCOBIRLA|NOISIN|6,CIMCOBIRLA,2008-06-13,2009-03-19,,UNKNOWN_NO_ISIN,1,ENDED_UNEXPLAINED,
CIMMCO|INE184C01028|1,CIMMCO,2011-09-08,2020-10-21,INE184C01028,EQUITY,1,ENDED_UNEXPLAINED,
CINELINE|INE704H01022|1,CINELINE|CINEPRO,2012-06-27,2026-09-30,INE704H01022,EQUITY,2,ACTIVE_AT_CUTOFF,
CINEMAXIN|INE460N01011|1,CINEMAXIN,2012-11-02,2014-03-06,INE460N01011,EQUITY,1,ENDED_UNEXPLAINED,
CINEMAX|INE704H01014|1,CINEMAX,2007-02-14,2012-05-16,INE704H01014,EQUITY,2,ENDED_UNEXPLAINED,
CINEVISTA|INE039B01026|1,CINEVISTA,2010-08-20,2026-09-30,INE039B01026,EQUITY,2,ACTIVE_AT_CUTOFF,
CINEVISTA|NOISIN|1,CINEVISTA,2005-01-03,2005-11-18,,UNKNOWN_NO_ISIN,1,ENDED_UNEXPLAINED,
CINEVISTA|NOISIN|2,CINEVISTA,2006-06-12,2006-06-29,,UNKNOWN_NO_ISIN,1,ENDED_UNEXPLAINED,
CINEVISTA|NOISIN|3,CINEVISTA,2006-08-28,2006-09-21,,UNKNOWN_NO_ISIN,1,ENDED_UNEXPLAINED,
CINEVISTA|NOISIN|4,CINEVISTA,2006-11-24,2007-05-17,,UNKNOWN_NO_ISIN,1,ENDED_UNEXPLAINED,
CINEVISTA|NOISIN|5,CINEVISTA,2007-08-31,2009-08-20,,UNKNOWN_NO_ISIN,1,ENDED_UNEXPLAINED,
CINEVISTA|NOISIN|6,CINEVISTA,2009-11-20,2010-06-10,,UNKNOWN_NO_ISIN,1,ENDED_UNEXPLAINED,
CIPLA|INE059A01026|1,CIPLA,2005-01-03,2026-09-30,INE059A01026,EQUITY,2,ACTIVE_AT_CUTOFF,
CIPL|NOISIN|1,CIPL,2005-01-03,2005-04-07,,UNKNOWN_NO_ISIN,1,ENDED_UNEXPLAINED,
CIPL|NOISIN|2,CIPL,2005-07-08,2005-07-21,,UNKNOWN_NO_ISIN,1,ENDED_UNEXPLAINED,
CIPL|NOISIN|3,CIPL,2005-11-25,2006-10-04,,UNKNOWN_NO_ISIN,1,ENDED_UNEXPLAINED,
CKFSL|INE391Z01012|1,CKFSL,2019-04-30,2020-02-20,INE391Z01012,EQUITY,1,ENDED_UNEXPLAINED,
CLARIANT|NOISIN|1,CLARIANT,2005-01-03,2006-04-12,,UNKNOWN_NO_ISIN,1,ENDED_UNEXPLAINED,
CLASSIC|INE987C01024|1,CLASSIC,2009-11-20,2014-01-16,INE987C01024,EQUITY,2,DELISTED_EVIDENCED,CLASSIC 2018-07-02 Delisting - Liquidation
CLASSIC|NOISIN|1,CLASSIC,2005-01-03,2009-10-05,,UNKNOWN_NO_ISIN,1,ENDED_UNEXPLAINED,
CLEANMAX|INE647U01026|1,CLEANMAX,2026-03-02,2026-09-30,INE647U01026,EQUITY,1,ACTIVE_AT_CUTOFF,
CLEAN|INE227W01023|1,CLEAN,2021-07-19,2026-09-30,INE227W01023,EQUITY,1,ACTIVE_AT_CUTOFF,
CLEDUCATE|INE201M01011|1,CLEDUCATE,2017-04-18,2026-09-30,INE201M01011|INE201M01029,EQUITY,2,ACTIVE_AT_CUTOFF,
CLNINDIA|INE492A01029|1,CLNINDIA|COLORCHEM|HEUBACHIND|SUDARCOLOR,2005-01-03,2026-09-30,INE492A01029,EQUITY,5,ACTIVE_AT_CUTOFF,
CLSEL|INE419D01026|1,CLSEL,2021-05-12,2026-09-30,INE419D01026,EQUITY,1,ACTIVE_AT_CUTOFF,
CLUTCHAUTO|INE779B01019|1,CLUTCHAUTO,2011-09-06,2015-02-20,INE779B01019,EQUITY,1,DELISTED_EVIDENCED,CLUTCHAUTO 2018-07-02 Delisting - Liquidation
CLUTCHAUTO|NOISIN|1,CLUTCHAUTO,2007-01-23,2011-06-16,,UNKNOWN_NO_ISIN,1,ENDED_UNEXPLAINED,
CMAHENDRA|INE378J01013|1,CMAHENDRA,2011-01-20,2015-09-24,INE378J01013,EQUITY,2,DELISTED_EVIDENCED,CMAHENDRA 2018-08-08 Compulsory Delisting
CMC|INE314A01017|1,CMC,2005-01-03,2015-09-29,INE314A01017,EQUITY,2,ENDED_UNEXPLAINED,
CMICABLES|INE981B01011|1,CMICABLES,2016-11-29,2023-04-19,INE981B01011,EQUITY,1,ENDED_UNEXPLAINED,
CMLL|INE11XY01018|1,CMLL,2026-07-24,2026-09-30,INE11XY01018,EQUITY,1,ACTIVE_AT_CUTOFF,
CMPDI|INE05HV01027|1,CMPDI,2026-03-30,2026-09-30,INE05HV01027,EQUITY,1,ACTIVE_AT_CUTOFF,
CMRGREEN|INE00WV01027|1,CMRGREEN,2026-06-10,2026-09-30,INE00WV01027,EQUITY,1,ACTIVE_AT_CUTOFF,
CMSINFO|INE925R01014|1,CMSINFO,2021-12-31,2026-09-30,INE925R01014,EQUITY,1,ACTIVE_AT_CUTOFF,
CNL|INE985W01018|1,CNL|CREATIVE,2019-08-05,2026-09-30,INE985W01018,EQUITY,2,ACTIVE_AT_CUTOFF,
CNOVAPETRO|INE672K01025|1,CNOVAPETRO,2014-02-03,2021-02-24,INE672K01025,EQUITY,1,ENDED_UNEXPLAINED,
COALINDIA|INE522F01014|1,COALINDIA,2010-11-04,2026-09-30,INE522F01014,EQUITY,2,ACTIVE_AT_CUTOFF,
COASTCORP|INE377E01016|1,COASTCORP,2021-10-08,2026-09-30,INE377E01016|INE377E01024,EQUITY,2,ACTIVE_AT_CUTOFF,
COCHINREFN|NOISIN|1,COCHINREFN,2005-01-03,2006-09-21,,UNKNOWN_NO_ISIN,1,ENDED_UNEXPLAINED,
COCHINSHIP|INE704P01017|1,COCHINSHIP,2017-08-11,2026-09-30,INE704P01017|INE704P01025,EQUITY,2,ACTIVE_AT_CUTOFF,
COCKERILL|INE515A01019|1,COCKERILL,2026-04-20,2026-09-30,INE515A01019,EQUITY,1,ACTIVE_AT_CUTOFF,
COFFEEDAY|INE335K01011|1,COFFEEDAY,2015-11-02,2026-09-30,INE335K01011,EQUITY,1,ACTIVE_AT_CUTOFF,
COFORGE|INE591G01017|1,COFORGE|NIITTECH,2005-01-03,2026-09-30,INE591G01017|INE591G01025,EQUITY,4,ACTIVE_AT_CUTOFF,
COHANCE|INE03QK01018|1,COHANCE|SUVENPHAR,2020-03-24,2026-09-30,INE03QK01018,EQUITY,2,ACTIVE_AT_CUTOFF,
COLGATE|NOISIN|1,COLGATE,2005-01-03,2007-11-28,,UNKNOWN_NO_ISIN,1,ENDED_UNEXPLAINED,
COLORCHIPS|NOISIN|2,COLORCHIPS,2006-06-12,2007-01-11,,UNKNOWN_NO_ISIN,1,ENDED_UNEXPLAINED,
COLORCHIPS|NOISIN|3,COLORCHIPS,2007-03-02,2007-07-26,,UNKNOWN_NO_ISIN,1,ENDED_UNEXPLAINED,
COLORCHIPS|NOISIN|4,COLORCHIPS,2007-08-31,2007-09-12,,UNKNOWN_NO_ISIN,1,ENDED_UNEXPLAINED,
COLPAL|INE259A01022|1,COLPAL,2007-12-17,2026-09-30,INE259A01022,EQUITY,2,ACTIVE_AT_CUTOFF,
COMFINTE|INE819A01049|1,COMFINTE,2026-04-20,2026-09-30,INE819A01049,EQUITY,1,ACTIVE_AT_CUTOFF,
COMMOIETF|INF109KC19O8|1,COMMOIETF|ICICICOMMO,2022-12-21,2026-09-30,INF109KC19O8,FUND_UNIT,2,ACTIVE_AT_CUTOFF,
COMPEAU|INE823B01015|1,COMPEAU,2026-08-17,2026-09-30,INE823B01015,EQUITY,1,ACTIVE_AT_CUTOFF,
COMPINFO|INE070C01029|1,COMPINFO|COMPUAGE,2011-03-07,2023-10-27,INE070C01029|INE070C01037,EQUITY,4,ENDED_UNEXPLAINED,
COMPUAGE|NOISIN|1,COMPUAGE,2010-10-01,2010-12-02,,UNKNOWN_NO_ISIN,1,ENDED_UNEXPLAINED,
COMPUSOFT|INE453B01029|1,COMPUSOFT,2012-03-02,2026-09-30,INE453B01029,EQUITY,1,ACTIVE_AT_CUTOFF,
COMPUTECH|NOISIN|1,COMPUTECH,2005-01-03,2005-04-07,,UNKNOWN_NO_ISIN,1,ENDED_UNEXPLAINED,
COMPUTECH|NOISIN|2,COMPUTECH,2005-07-08,2005-11-18,,UNKNOWN_NO_ISIN,1,ENDED_UNEXPLAINED,
COMPUTECH|NOISIN|3,COMPUTECH,2006-02-17,2007-12-13,,UNKNOWN_NO_ISIN,1,ENDED_UNEXPLAINED,
COMPUTECH|NOISIN|4,COMPUTECH,2008-02-29,2010-05-31,,UNKNOWN_NO_ISIN,1,DELISTED_EVIDENCED,COMPUTECH 2017-03-24 Compulsory Delisting
COMSYN|INE073V01015|1,COMSYN,2024-01-23,2026-09-30,INE073V01015,EQUITY,1,ACTIVE_AT_CUTOFF,
COMSYS|NOISIN|1,COMSYS,2005-12-28,2006-02-16,,UNKNOWN_NO_ISIN,1,ENDED_UNEXPLAINED,
COMSYS|NOISIN|2,COMSYS,2006-06-12,2006-06-29,,UNKNOWN_NO_ISIN,1,ENDED_UNEXPLAINED,
COMSYS|NOISIN|3,COMSYS,2006-08-28,2007-01-11,,UNKNOWN_NO_ISIN,1,ENDED_UNEXPLAINED,
COMSYS|NOISIN|4,COMSYS,2007-03-02,2009-10-29,,UNKNOWN_NO_ISIN,1,ENDED_UNEXPLAINED,
COMSYS|NOISIN|5,COMSYS,2010-02-19,2010-07-08,,UNKNOWN_NO_ISIN,1,ENDED_UNEXPLAINED,
COMSYS|NOISIN|6,COMSYS,2010-08-20,2010-11-24,,UNKNOWN_NO_ISIN,1,ENDED_UNEXPLAINED,
CONCORDBIO|INE338H01029|1,CONCORDBIO,2023-08-18,2026-09-30,INE338H01029,EQUITY,1,ACTIVE_AT_CUTOFF,
CONCOR|INE111A01017|1,CONCOR,2005-01-03,2026-09-30,INE111A01017|INE111A01025,EQUITY,3,ACTIVE_AT_CUTOFF,
CONFIPET|INE552D01024|1,CONFIPET,2019-06-13,2026-09-30,INE552D01024,EQUITY,1,ACTIVE_AT_CUTOFF,
CONSCOFFEE|NOISIN|1,CONSCOFFEE|TATACOFFEE,2005-01-03,2024-01-12,INE493A01019|INE493A01027,EQUITY,4,ENDED_UNEXPLAINED,
CONSOFINVT|INE025A01027|1,CONSOFINVT,2010-12-03,2026-07-22,INE025A01027,EQUITY,2,ENDED_UNEXPLAINED,
CONSOFINVT|NOISIN|1,CONSOFINVT,2005-03-29,2007-12-28,,UNKNOWN_NO_ISIN,1,ENDED_UNEXPLAINED,
CONSOFINVT|NOISIN|2,CONSOFINVT,2008-02-29,2008-04-21,,UNKNOWN_NO_ISIN,1,ENDED_UNEXPLAINED,
CONSOFINVT|NOISIN|3,CONSOFINVT,2008-06-13,2010-01-21,,UNKNOWN_NO_ISIN,1,ENDED_UNEXPLAINED,
CONSOFINVT|NOISIN|4,CONSOFINVT,2010-06-11,2010-09-02,,UNKNOWN_NO_ISIN,1,ENDED_UNEXPLAINED,
CONSUMBEES|INF204KA1LD7|1,CONSUMBEES|NETFCONSUM|RELCONS,2014-04-22,2026-09-30,INF204KA1LD7,FUND_UNIT,3,ACTIVE_AT_CUTOFF,
CONSUMER|INF769K01NS5|1,CONSUMER,2025-01-01,2026-09-30,INF769K01NS5,FUND_UNIT,1,ACTIVE_AT_CUTOFF,
CONSUMIETF|INF109KC1V42|1,CONSUMIETF|ICICICONSU,2021-11-02,2026-09-30,INF109KC1V42,FUND_UNIT,2,ACTIVE_AT_CUTOFF,
CONS|INF174KA1JE5|1,CONS|KOTAKCONS,2022-08-04,2026-02-26,INF174KA1JE5,FUND_UNIT,2,ENDED_UNEXPLAINED,
CONS|INF174KA1ZF8|1,CONS,2026-02-27,2026-09-30,INF174KA1ZF8,FUND_UNIT,1,ACTIVE_AT_CUTOFF,
CONTROLPR|INE663B01015|1,CONTROLPR,2016-06-24,2026-09-30,INE663B01015,EQUITY,1,ACTIVE_AT_CUTOFF,
CORAL-HUB|INE108J01030|1,CORAL-HUB,2011-02-25,2012-06-15,INE108J01030,EQUITY,2,DELISTED_EVIDENCED,CORAL-HUB 2017-05-12 Compulsory Delisting
CORALFINAC|INE558D01013|1,CORALFINAC,2017-06-29,2026-09-30,INE558D01013|INE558D01021,EQUITY,2,ACTIVE_AT_CUTOFF,
CORALHUB|NOISIN|1,CORALHUB|VITLINFO,2008-08-11,2011-02-02,,UNKNOWN_NO_ISIN,2,ENDED_UNEXPLAINED,
CORDELIA|INE0LZF01013|1,CORDELIA,2026-07-01,2026-09-30,INE0LZF01013|INE0LZF01039,EQUITY,2,ACTIVE_AT_CUTOFF,
CORDSCABLE|INE792I01017|1,CORDSCABLE,2008-02-13,2026-09-24,INE792I01017,EQUITY,2,ENDED_UNEXPLAINED,
COREEDUTEC|INE247G01024|1,COREEDUTEC|COREPROTEC,2007-05-25,2015-09-24,INE247G01024,EQUITY,3,DELISTED_EVIDENCED,COREEDUTEC 2018-07-02 Delisting - Liquidation
COREEMBLG|NOISIN|1,COREEMBLG,2005-01-03,2005-07-07,,UNKNOWN_NO_ISIN,1,ENDED_UNEXPLAINED,
COREEMBLG|NOISIN|2,COREEMBLG,2005-11-25,2006-05-11,,UNKNOWN_NO_ISIN,1,ENDED_UNEXPLAINED,
COREEMBLG|NOISIN|3,COREEMBLG,2006-08-28,2006-10-17,,UNKNOWN_NO_ISIN,1,ENDED_UNEXPLAINED,
COREEMBLG|NOISIN|4,COREEMBLG,2006-11-24,2006-12-29,,UNKNOWN_NO_ISIN,1,ENDED_UNEXPLAINED,
COREEMBLG|NOISIN|5,COREEMBLG,2007-03-05,2007-11-15,,UNKNOWN_NO_ISIN,1,ENDED_UNEXPLAINED,
COREEMBLG|NOISIN|6,COREEMBLG,2008-02-29,2008-08-07,,UNKNOWN_NO_ISIN,1,ENDED_UNEXPLAINED,
COREEMBLG|NOISIN|7,COREEMBLG,2008-12-05,2009-01-09,,UNKNOWN_NO_ISIN,1,ENDED_UNEXPLAINED,
COREEMBLG|NOISIN|8,COREEMBLG,2009-06-12,2009-08-06,,UNKNOWN_NO_ISIN,1,ENDED_UNEXPLAINED,
COREPARENT|NOISIN|1,COREPARENT,2005-01-03,2005-05-19,,UNKNOWN_NO_ISIN,1,DELISTED_EVIDENCED,COREPARENT 2017-03-24 Compulsory Delisting
COROENGG|INE312J01012|1,COROENGG,2011-06-23,2015-01-29,INE312J01012,EQUITY,1,ENDED_UNEXPLAINED,
COROENGG|NOISIN|1,COROENGG,2011-02-17,2011-04-28,,UNKNOWN_NO_ISIN,1,ENDED_UNEXPLAINED,
COROENGG|NOISIN|2,COROENGG,2011-06-17,2011-06-17,,UNKNOWN_NO_ISIN,1,ENDED_UNEXPLAINED,
COROMANDEL|INE169A01031|1,COROMANDEL|COROMNFERT,2005-01-03,2026-09-30,INE169A01031,EQUITY,3,ACTIVE_AT_CUTOFF,
CORONA|INE02ZQ01018|1,CORONA,2025-12-15,2026-09-30,INE02ZQ01018,EQUITY,1,ACTIVE_AT_CUTOFF,
CORPBANK|INE112A01015|1,CORPBANK,2005-01-03,2020-03-19,INE112A01015|INE112A01023,EQUITY,3,ENDED_UNEXPLAINED,
COSMOFILMS|INE757A01017|1,COSMOFILMS|COSMOFIRST,2005-01-03,2026-09-30,INE757A01017,EQUITY,3,ACTIVE_AT_CUTOFF,
COUNCODOS|INE695B01025|1,COUNCODOS|NEOCURE,2011-03-07,2026-08-10,INE695B01025,EQUITY,3,ENDED_UNEXPLAINED,
COX&KINGS|INE008I01026|1,COX&KINGS,2009-12-11,2019-12-24,INE008I01026,EQUITY,2,ENDED_UNEXPLAINED,
CPEDU|INE0P6P01016|1,CPEDU,2025-09-19,2026-09-30,INE0P6P01016,EQUITY,1,ACTIVE_AT_CUTOFF,
CPL|INE536P01021|1,CPL,2026-07-23,2026-09-30,INE536P01021,EQUITY,1,ACTIVE_AT_CUTOFF,
CPPLUS|INE819V01029|1,CPPLUS,2025-08-05,2026-09-30,INE819V01029,EQUITY,1,ACTIVE_AT_CUTOFF,
CPSEETF|INF457M01133|1,CPSEETF,2014-04-04,2026-09-30,INF457M01133,FUND_UNIT,1,ACTIVE_AT_CUTOFF,
CRAFTSMAN|INE00LO01017|1,CRAFTSMAN,2021-03-25,2026-09-30,INE00LO01017,EQUITY,1,ACTIVE_AT_CUTOFF,
CRAMC|INE218I01013|1,CRAMC,2025-10-16,2026-09-30,INE218I01013,EQUITY,1,ACTIVE_AT_CUTOFF,
CRANESSOFT|NOISIN|1,CRANESSOFT,2005-01-03,2010-09-02,,UNKNOWN_NO_ISIN,1,DELISTED_EVIDENCED,CRANESSOFT 2018-08-08 Voluntary Delisting
CRAVATEX|INE145E01017|1,CRAVATEX,2026-08-17,2026-09-30,INE145E01017,EQUITY,1,ACTIVE_AT_CUTOFF,
CREATIVEYE|INE230B01021|1,CREATIVEYE,2009-06-12,2026-09-30,INE230B01021,EQUITY,2,ACTIVE_AT_CUTOFF,
CREATIVEYE|NOISIN|1,CREATIVEYE,2005-01-03,2005-04-07,,UNKNOWN_NO_ISIN,1,ENDED_UNEXPLAINED,
CREATIVEYE|NOISIN|2,CREATIVEYE,2005-07-08,2005-07-21,,UNKNOWN_NO_ISIN,1,ENDED_UNEXPLAINED,
CREATIVEYE|NOISIN|3,CREATIVEYE,2006-06-12,2006-09-07,,UNKNOWN_NO_ISIN,1,ENDED_UNEXPLAINED,
CREATIVEYE|NOISIN|4,CREATIVEYE,2006-11-24,2006-12-14,,UNKNOWN_NO_ISIN,1,ENDED_UNEXPLAINED,
CREATIVEYE|NOISIN|5,CREATIVEYE,2007-03-02,2007-05-17,,UNKNOWN_NO_ISIN,1,ENDED_UNEXPLAINED,
CREATIVEYE|NOISIN|6,CREATIVEYE,2007-08-31,2007-09-20,,UNKNOWN_NO_ISIN,1,ENDED_UNEXPLAINED,
CREATIVEYE|NOISIN|7,CREATIVEYE,2008-02-29,2009-04-17,,UNKNOWN_NO_ISIN,1,ENDED_UNEXPLAINED,
CREDITACC|INE741K01010|1,CREDITACC,2018-08-23,2026-09-30,INE741K01010,EQUITY,1,ACTIVE_AT_CUTOFF,
CRESTANI|INE774A01012|1,CRESTANI,2010-06-11,2014-05-22,INE774A01012,EQUITY,2,DELISTED_EVIDENCED,CRESTANI 2018-05-30 Compulsory Delisting
CRESTANI|NOISIN|1,CRESTANI|CRESTCOMM,2005-01-03,2005-05-12,,UNKNOWN_NO_ISIN,2,ENDED_UNEXPLAINED,
CRESTANI|NOISIN|2,CRESTANI,2006-06-12,2006-06-29,,UNKNOWN_NO_ISIN,1,ENDED_UNEXPLAINED,
CRESTANI|NOISIN|3,CRESTANI,2006-08-28,2006-12-29,,UNKNOWN_NO_ISIN,1,ENDED_UNEXPLAINED,
CRESTANI|NOISIN|4,CRESTANI,2007-03-02,2007-12-13,,UNKNOWN_NO_ISIN,1,ENDED_UNEXPLAINED,
CRESTANI|NOISIN|5,CRESTANI,2008-02-29,2008-04-21,,UNKNOWN_NO_ISIN,1,ENDED_UNEXPLAINED,
CRESTANI|NOISIN|6,CRESTANI,2008-06-13,2009-05-04,,UNKNOWN_NO_ISIN,1,ENDED_UNEXPLAINED,
CRESTANI|NOISIN|7,CRESTANI,2009-11-20,2009-12-10,,UNKNOWN_NO_ISIN,1,ENDED_UNEXPLAINED,
CRESTANI|NOISIN|8,CRESTANI,2010-02-19,2010-04-01,,UNKNOWN_NO_ISIN,1,ENDED_UNEXPLAINED,
CRESTO|INE203Y01012|1,CRESTO|SILLYMONKS,2020-07-08,2026-09-30,INE203Y01012,EQUITY,2,ACTIVE_AT_CUTOFF,
CREST|INE559D01011|1,CREST|SHARRESLTD,2009-11-20,2026-09-30,INE559D01011,EQUITY,3,ACTIVE_AT_CUTOFF,
CREWBOS|INE514G01019|1,CREWBOS,2005-01-03,2013-09-16,INE514G01019,EQUITY,2,DELISTED_EVIDENCED,CREWBOS 2017-05-12 Delisting - Liquidation
CRISIL|INE007A01017|1,CRISIL,2005-01-03,2026-09-30,INE007A01017|INE007A01025,EQUITY,3,ACTIVE_AT_CUTOFF,
CRIZAC|INE0S4R01014|1,CRIZAC,2025-07-09,2026-09-30,INE0S4R01014,EQUITY,1,ACTIVE_AT_CUTOFF,
CRMFGETF|INF760K01BR1|1,CRMFGETF,2012-03-27,2019-11-06,INF760K01BR1,FUND_UNIT,1,ENDED_UNEXPLAINED,
CROMPTON|INE299U01018|1,CROMPTON,2016-05-27,2026-09-30,INE299U01018,EQUITY,1,ACTIVE_AT_CUTOFF,
CRONIMET|INE592I01011|1,CRONIMET|GMRFER|METKORE,2008-06-30,2018-08-27,INE592I01011|INE592I01029,EQUITY,5,ENDED_UNEXPLAINED,
CROWN|INE491V01019|1,CROWN,2022-02-08,2026-09-30,INE491V01019,EQUITY,1,ACTIVE_AT_CUTOFF,
CRSL|INE716D01033|1,CRSL,2026-08-17,2026-08-25,INE716D01033,EQUITY,1,ENDED_UNEXPLAINED,
CSBBANK|INE679A01013|1,CSBBANK,2019-12-04,2026-09-30,INE679A01013,EQUITY,1,ACTIVE_AT_CUTOFF,
CSLFINANCE|INE718F01018|1,CSLFINANCE,2022-07-21,2026-09-30,INE718F01018,EQUITY,1,ACTIVE_AT_CUTOFF,
CSM|INE0ZK601013|1,CSM,2026-07-16,2026-09-30,INE0ZK601013,EQUITY,1,ACTIVE_AT_CUTOFF,
CTE|INE627H01017|1,CTE,2010-06-11,2026-08-25,INE627H01017,EQUITY,2,ENDED_UNEXPLAINED,
CTE|NOISIN|1,CTE,2007-02-07,2010-04-29,,UNKNOWN_NO_ISIN,1,ENDED_UNEXPLAINED,
CUBEXTUB|INE144D01012|1,CUBEXTUB,2010-02-19,2026-09-28,INE144D01012,EQUITY,2,ENDED_UNEXPLAINED,
CUBEXTUB|NOISIN|1,CUBEXTUB,2008-01-25,2008-08-21,,UNKNOWN_NO_ISIN,1,ENDED_UNEXPLAINED,
CUBEXTUB|NOISIN|2,CUBEXTUB,2008-12-01,2009-04-17,,UNKNOWN_NO_ISIN,1,ENDED_UNEXPLAINED,
CUBEXTUB|NOISIN|3,CUBEXTUB,2009-08-21,2010-01-07,,UNKNOWN_NO_ISIN,1,ENDED_UNEXPLAINED,
CUB|INE491A01021|1,CUB,2005-01-03,2026-09-30,INE491A01021,EQUITY,2,ACTIVE_AT_CUTOFF,
CUMMINSIND|INE298A01020|1,CUMMINSIND|KIRLOSKCUM,2005-01-03,2026-09-30,INE298A01020,EQUITY,3,ACTIVE_AT_CUTOFF,
CUPID|INE509F01011|1,CUPID,2016-09-16,2023-12-12,INE509F01011,EQUITY,1,ENDED_UNEXPLAINED,
CUPID|INE509F01029|1,CUPID,2024-10-28,2026-09-30,INE509F01029,EQUITY,1,ACTIVE_AT_CUTOFF,
CURAA|INE117B01020|1,CURAA,2025-04-08,2026-09-17,INE117B01020,EQUITY,1,ENDED_UNEXPLAINED,
CURATECH|INE117B01012|1,CURATECH,2011-03-07,2017-12-29,INE117B01012,EQUITY,2,ENDED_UNEXPLAINED,
CURATECH|NOISIN|1,CURATECH,2010-12-03,2011-01-06,,UNKNOWN_NO_ISIN,1,ENDED_UNEXPLAINED,
CYBERMEDIA|INE278G01037|1,CYBERMEDIA,2011-06-17,2026-09-08,INE278G01037,EQUITY,2,ENDED_UNEXPLAINED,
CYBERMEDIA|NOISIN|1,CYBERMEDIA,2005-06-10,2005-09-15,,UNKNOWN_NO_ISIN,1,ENDED_UNEXPLAINED,
CYBERMEDIA|NOISIN|2,CYBERMEDIA,2005-11-25,2009-06-11,,UNKNOWN_NO_ISIN,1,ENDED_UNEXPLAINED,
CYBERMEDIA|NOISIN|3,CYBERMEDIA,2009-08-21,2009-12-24,,UNKNOWN_NO_ISIN,1,ENDED_UNEXPLAINED,
CYBERMEDIA|NOISIN|4,CYBERMEDIA,2010-02-19,2011-04-18,,UNKNOWN_NO_ISIN,1,ENDED_UNEXPLAINED,
CYBERTECH|INE214A01019|1,CYBERTECH,2006-02-17,2026-06-29,INE214A01019,EQUITY,2,ENDED_UNEXPLAINED,
CYBERTECH|NOISIN|1,CYBERTECH,2005-04-08,2005-06-02,,UNKNOWN_NO_ISIN,1,ENDED_UNEXPLAINED,
CYBERTECH|NOISIN|2,CYBERTECH,2005-07-08,2005-07-14,,UNKNOWN_NO_ISIN,1,ENDED_UNEXPLAINED,
CYIENTDLM|INE055S01018|1,CYIENTDLM,2023-07-10,2026-09-30,INE055S01018,EQUITY,1,ACTIVE_AT_CUTOFF,
CYIENT|INE136B01020|1,CYIENT|INFOTECENT,2005-01-03,2026-09-30,INE136B01020,EQUITY,3,ACTIVE_AT_CUTOFF,
D-LINK|NOISIN|1,D-LINK,2005-01-03,2009-06-11,,UNKNOWN_NO_ISIN,1,ENDED_UNEXPLAINED,
DAAWAT|INE818H01012|1,DAAWAT,2006-12-18,2017-02-07,INE818H01012,EQUITY,2,ENDED_UNEXPLAINED,
DAAWAT|INE818H01020|1,DAAWAT|LTFOODS,2017-02-08,2026-09-30,INE818H01020,EQUITY,2,ACTIVE_AT_CUTOFF,
DABURPHARM|NOISIN|1,DABURPHARM|FKONCO,2005-01-03,2014-01-02,INE575G01010,EQUITY,3,DELISTED_EVIDENCED,FKONCO 2014-01-10 Voluntary Delisting
DABUR|INE016A01026|1,DABUR,2005-01-03,2026-09-30,INE016A01026,EQUITY,2,ACTIVE_AT_CUTOFF,
DAICHI|INE928C01010|1,DAICHI,2026-04-20,2026-09-04,INE928C01010,EQUITY,1,ENDED_UNEXPLAINED,
DALBHARAT|INE00R701025|1,DALBHARAT,2019-02-05,2026-09-30,INE00R701025,EQUITY,1,ACTIVE_AT_CUTOFF,
DALMIABEL|INE439L01019|1,DALMIABEL|DALMIABHA,2011-02-10,2018-11-28,INE439L01019,EQUITY,3,ENDED_UNEXPLAINED,
DALMIACEM|NOISIN|1,DALMIACEM|DALMIASUG,2005-01-03,2026-09-30,INE495A01022,EQUITY,3,ACTIVE_AT_CUTOFF,
DALMIAREF|INE200F01017|1,DALMIAREF|SHRINATRAJ,2012-01-16,2015-01-29,INE200F01017,EQUITY,2,ENDED_UNEXPLAINED,
DAMCAPITAL|INE284H01025|1,DAMCAPITAL,2024-12-27,2026-09-30,INE284H01025,EQUITY,1,ACTIVE_AT_CUTOFF,
DAMODARIND|INE497D01014|1,DAMODARIND,2016-07-04,2026-07-07,INE497D01014|INE497D01022,EQUITY,2,ENDED_UNEXPLAINED,
DANGEE|INE688Y01014|1,DANGEE,2020-11-13,2026-09-30,INE688Y01014|INE688Y01022,EQUITY,2,ACTIVE_AT_CUTOFF,
DATAMATICS|INE365B01017|1,DATAMATICS|DATATECH,2007-06-08,2026-09-30,INE365B01017,EQUITY,3,ACTIVE_AT_CUTOFF,
DATAPATTNS|INE0IX101010|1,DATAPATTNS,2021-12-24,2026-09-30,INE0IX101010,EQUITY,1,ACTIVE_AT_CUTOFF,
DATATECH|NOISIN|1,DATATECH,2005-01-03,2007-03-01,,UNKNOWN_NO_ISIN,1,ENDED_UNEXPLAINED,
DAVANGERE|INE179G01011|1,DAVANGERE,2024-01-25,2026-09-30,INE179G01011|INE179G01029,EQUITY,2,ACTIVE_AT_CUTOFF,
DBCORP|INE950I01011|1,DBCORP,2010-01-06,2026-09-30,INE950I01011,EQUITY,2,ACTIVE_AT_CUTOFF,
DBEIL|INE0OPA01019|1,DBEIL,2024-10-28,2026-06-01,INE0OPA01019,EQUITY,1,ENDED_UNEXPLAINED,
DBEIL|INE0OPA01027|1,DBEIL,2026-09-07,2026-09-30,INE0OPA01027,EQUITY,1,ACTIVE_AT_CUTOFF,
DBL|INE917M01012|1,DBL,2016-08-11,2026-09-30,INE917M01012,EQUITY,1,ACTIVE_AT_CUTOFF,
DBOL|INE0I3401014|1,DBOL,2022-09-22,2026-09-30,INE0I3401014,EQUITY,1,ACTIVE_AT_CUTOFF,
DBREALTY|INE879I01012|1,DBREALTY,2010-02-24,2026-09-30,INE879I01012,EQUITY,2,ACTIVE_AT_CUTOFF,
DBSTOCKBRO|INE921B01025|1,DBSTOCKBRO,2012-02-29,2026-07-09,INE921B01025,EQUITY,1,ENDED_UNEXPLAINED,
DCAL|INE385W01011|1,DCAL,2017-10-06,2026-09-30,INE385W01011,EQUITY,1,ACTIVE_AT_CUTOFF,
DCBBANK|INE503A01015|1,DCB|DCBBANK,2006-10-27,2026-09-30,INE503A01015,EQUITY,3,ACTIVE_AT_CUTOFF,
DCHL|INE137G01027|1,DCHL,2005-01-03,2012-11-22,INE137G01027,EQUITY,2,DELISTED_EVIDENCED,DCHL 2017-05-12 Compulsory Delisting
DCI|INE0A1101019|1,DCI,2022-10-19,2026-09-30,INE0A1101019,EQUITY,1,ACTIVE_AT_CUTOFF,
DCMFINSERV|INE891B01012|1,DCMFINSERV,2018-06-22,2026-09-30,INE891B01012,EQUITY,1,ACTIVE_AT_CUTOFF,
DCMFINSERV|NOISIN|1,DCMFINSERV,2005-01-03,2005-03-17,,UNKNOWN_NO_ISIN,1,ENDED_UNEXPLAINED,
DCMFINSERV|NOISIN|2,DCMFINSERV,2005-07-08,2005-07-29,,UNKNOWN_NO_ISIN,1,ENDED_UNEXPLAINED,
DCMFINSERV|NOISIN|3,DCMFINSERV,2006-06-12,2006-06-29,,UNKNOWN_NO_ISIN,1,ENDED_UNEXPLAINED,
DCMFINSERV|NOISIN|4,DCMFINSERV,2006-08-28,2007-05-17,,UNKNOWN_NO_ISIN,1,ENDED_UNEXPLAINED,
DCMFINSERV|NOISIN|5,DCMFINSERV,2007-12-03,2009-11-19,,UNKNOWN_NO_ISIN,1,ENDED_UNEXPLAINED,
DCMFINSERV|NOISIN|6,DCMFINSERV,2010-02-19,2010-06-10,,UNKNOWN_NO_ISIN,1,ENDED_UNEXPLAINED,
DCMFINSERV|NOISIN|7,DCMFINSERV,2010-08-20,2010-10-25,,UNKNOWN_NO_ISIN,1,ENDED_UNEXPLAINED,
DCMNVL|INE08KP01019|1,DCMNVL,2019-07-30,2026-09-30,INE08KP01019,EQUITY,1,ACTIVE_AT_CUTOFF,
DCMSHRIRAM|INE499A01024|1,DCMSHRIRAM|DCMSRMCONS,2005-01-03,2026-09-30,INE499A01024,EQUITY,3,ACTIVE_AT_CUTOFF,
DCMSIL|INE0OU201013|1,DCMSIL,2026-03-04,2026-09-30,INE0OU201013,EQUITY,1,ACTIVE_AT_CUTOFF,
DCMSRIND|INE843D01027|1,DCMSRIND,2021-12-24,2026-09-30,INE843D01027,EQUITY,1,ACTIVE_AT_CUTOFF,
DCM|INE498A01018|1,DCM,2009-08-21,2026-09-30,INE498A01018,EQUITY,2,ACTIVE_AT_CUTOFF,
DCM|NOISIN|1,DCM,2005-01-03,2005-05-05,,UNKNOWN_NO_ISIN,1,ENDED_UNEXPLAINED,
DCM|NOISIN|2,DCM,2005-07-08,2005-08-11,,UNKNOWN_NO_ISIN,1,ENDED_UNEXPLAINED,
DCM|NOISIN|3,DCM,2006-06-12,2006-06-29,,UNKNOWN_NO_ISIN,1,ENDED_UNEXPLAINED,
DCM|NOISIN|4,DCM,2006-08-28,2009-06-11,,UNKNOWN_NO_ISIN,1,ENDED_UNEXPLAINED,
DCW|INE500A01029|1,DCW,2005-01-03,2026-09-30,INE500A01029,EQUITY,2,ACTIVE_AT_CUTOFF,
DCXINDIA|INE0KL801015|1,DCXINDIA,2022-11-11,2026-09-30,INE0KL801015,EQUITY,1,ACTIVE_AT_CUTOFF,
DDEVPLSTIK|INE0HR601026|1,DDEVPLSTIK,2025-01-15,2026-09-30,INE0HR601026,EQUITY,1,ACTIVE_AT_CUTOFF,
DECCANCE|INE583C01013|1,DECCANCE,2007-08-02,2026-09-30,INE583C01013|INE583C01021,EQUITY,3,ACTIVE_AT_CUTOFF,
DECNGOLD|INE945F01025|1,DECNGOLD,2026-04-20,2026-09-30,INE945F01025,EQUITY,1,ACTIVE_AT_CUTOFF,
DECOLIGHT|INE172I01012|1,DECOLIGHT,2011-06-17,2015-04-23,INE172I01012,EQUITY,2,DELISTED_EVIDENCED,DECOLIGHT 2018-09-11 Delisting - Liquidation
DECOLIGHT|NOISIN|1,DECOLIGHT,2007-06-19,2009-06-11,,UNKNOWN_NO_ISIN,1,ENDED_UNEXPLAINED,
DECOLIGHT|NOISIN|2,DECOLIGHT,2009-08-21,2010-02-18,,UNKNOWN_NO_ISIN,1,ENDED_UNEXPLAINED,
DECOLIGHT|NOISIN|3,DECOLIGHT,2010-06-11,2010-08-05,,UNKNOWN_NO_ISIN,1,ENDED_UNEXPLAINED,
DECOLIGHT|NOISIN|4,DECOLIGHT,2010-12-03,2011-02-22,,UNKNOWN_NO_ISIN,1,ENDED_UNEXPLAINED,
DEEDEV|INE841L01016|1,DEEDEV,2024-06-26,2026-09-30,INE841L01016,EQUITY,1,ACTIVE_AT_CUTOFF,
DEEPAKFERT|INE501A01019|1,DEEPAKFERT,2005-01-03,2026-09-30,INE501A01019,EQUITY,2,ACTIVE_AT_CUTOFF,
DEEPAKNTR|INE288B01011|1,DEEPAKNTR,2010-09-29,2026-09-30,INE288B01011|INE288B01029,EQUITY,3,ACTIVE_AT_CUTOFF,
DEEPA|INE1M2N01020|1,DEEPA,2026-09-08,2026-09-30,INE1M2N01020,EQUITY,1,ACTIVE_AT_CUTOFF,
DEEPENR|INE677H01012|1,DEEPENR|DEEPIND,2010-03-09,2024-09-04,INE677H01012,EQUITY,3,ENDED_UNEXPLAINED,
DEEPINDS|INE0FHS01016|1,DEEPINDS,2021-05-11,2026-09-30,INE0FHS01016|INE0FHS01024,EQUITY,2,ACTIVE_AT_CUTOFF,
DEEP|INE00IY01012|1,DEEP,2026-08-17,2026-09-18,INE00IY01012,EQUITY,1,ENDED_UNEXPLAINED,
DEFENCE|INF769K01QC2|1,DEFENCE,2026-02-19,2026-09-30,INF769K01QC2,FUND_UNIT,1,ACTIVE_AT_CUTOFF,
DELHIVERY|INE148O01028|1,DELHIVERY,2022-05-24,2026-09-30,INE148O01028,EQUITY,1,ACTIVE_AT_CUTOFF,
DELPHIFX|INE726L01019|1,DELPHIFX|EBIXFOREX|WEIZFOREX,2011-07-12,2026-07-02,INE726L01019|INE726L01027,EQUITY,4,ENDED_UNEXPLAINED,
DELTAMAGNT|INE393A01011|1,DELTAMAGNT,2011-06-24,2026-09-30,INE393A01011,EQUITY,1,ACTIVE_AT_CUTOFF,
DELTAMAGNT|NOISIN|1,DELTAMAGNT,2008-12-22,2009-01-22,,UNKNOWN_NO_ISIN,1,ENDED_UNEXPLAINED,
DELTAMAGNT|NOISIN|2,DELTAMAGNT,2009-03-16,2009-04-08,,UNKNOWN_NO_ISIN,1,ENDED_UNEXPLAINED,
DELTAMAGNT|NOISIN|3,DELTAMAGNT,2009-05-19,2009-06-24,,UNKNOWN_NO_ISIN,1,ENDED_UNEXPLAINED,
DELTAMAGNT|NOISIN|4,DELTAMAGNT,2009-08-21,2010-07-06,,UNKNOWN_NO_ISIN,1,ENDED_UNEXPLAINED,
DELTAMAGNT|NOISIN|5,DELTAMAGNT,2011-03-08,2011-06-20,,UNKNOWN_NO_ISIN,1,ENDED_UNEXPLAINED,
DENABANK|INE077A01010|1,DENABANK,2005-01-03,2019-03-07,INE077A01010,EQUITY,2,ENDED_UNEXPLAINED,
DENORA|INE244A01016|1,DENORA,2010-12-03,2026-09-30,INE244A01016,EQUITY,2,ACTIVE_AT_CUTOFF,
DENORA|NOISIN|1,DENORA|TITANOCOMP,2005-01-03,2009-06-11,,UNKNOWN_NO_ISIN,2,ENDED_UNEXPLAINED,
DENORA|NOISIN|2,DENORA,2009-11-20,2010-08-19,,UNKNOWN_NO_ISIN,1,ENDED_UNEXPLAINED,
DENSO|INE502A01017|1,DENSO,2010-06-30,2013-10-28,INE502A01017,EQUITY,2,ENDED_UNEXPLAINED,
DENTA|INE0R4L01018|1,DENTA,2025-02-11,2026-09-30,INE0R4L01018,EQUITY,1,ACTIVE_AT_CUTOFF,
DEN|INE947J01015|1,DEN,2009-11-24,2026-09-30,INE947J01015,EQUITY,2,ACTIVE_AT_CUTOFF,
DEVIT|INE060X01018|1,DEVIT,2022-02-15,2026-09-30,INE060X01018|INE060X01026|INE060X01034,EQUITY,3,ACTIVE_AT_CUTOFF,
DEVX|INE0VOV01021|1,DEVX,2025-10-01,2026-09-30,INE0VOV01021,EQUITY,1,ACTIVE_AT_CUTOFF,
DEVYANI|INE872J01023|1,DEVYANI,2021-08-16,2026-09-30,INE872J01023,EQUITY,1,ACTIVE_AT_CUTOFF,
DEWANHOUS|INE202B01012|1,DEWANHOUS|DHFL,2005-01-03,2021-06-11,INE202B01012,EQUITY,3,ENDED_UNEXPLAINED,
DFMFOODS|INE456C01012|1,DFMFOODS,2016-12-29,2023-03-27,INE456C01012|INE456C01020,EQUITY,2,ENDED_UNEXPLAINED,
DGCONTENT|INE03JI01017|1,DGCONTENT,2019-07-02,2026-09-30,INE03JI01017,EQUITY,1,ACTIVE_AT_CUTOFF,
DHABRIYA|INE260R01016|1,DHABRIYA,2026-08-17,2026-08-21,INE260R01016,EQUITY,1,ENDED_UNEXPLAINED,
DHAMPURSUG|INE041A01016|1,DHAMPURSUG,2008-12-01,2026-09-30,INE041A01016,EQUITY,2,ACTIVE_AT_CUTOFF,
DHAMPURSUG|NOISIN|1,DHAMPURSUG,2005-01-03,2007-12-28,,UNKNOWN_NO_ISIN,1,ENDED_UNEXPLAINED,
DHAMPURSUG|NOISIN|2,DHAMPURSUG,2008-02-29,2008-08-07,,UNKNOWN_NO_ISIN,1,ENDED_UNEXPLAINED,
DHANBANK|INE680A01011|1,DHANBANK,2007-12-03,2026-09-30,INE680A01011,EQUITY,2,ACTIVE_AT_CUTOFF,
DHANBANK|NOISIN|1,DHANBANK,2005-01-03,2005-05-26,,UNKNOWN_NO_ISIN,1,ENDED_UNEXPLAINED,
DHANBANK|NOISIN|2,DHANBANK,2005-07-08,2005-07-21,,UNKNOWN_NO_ISIN,1,ENDED_UNEXPLAINED,
DHANBANK|NOISIN|3,DHANBANK,2006-02-17,2007-08-30,,UNKNOWN_NO_ISIN,1,ENDED_UNEXPLAINED,
DHANI|INE274G01010|1,DHANI|IBSEC|IBVENTURES,2008-04-02,2025-10-27,INE274G01010,EQUITY,4,ENDED_UNEXPLAINED,
DHANUKA|INE435G01025|1,DHANUKA,2011-06-29,2026-09-30,INE435G01025,EQUITY,1,ACTIVE_AT_CUTOFF,
DHANUS|INE406H01016|1,DHANUS,2012-08-21,2013-07-18,INE406H01016,EQUITY,1,DELISTED_EVIDENCED,DHANUS 2017-05-12 Delisting - Liquidation
DHANUS|NOISIN|1,DHANUS,2007-10-17,2011-05-24,,UNKNOWN_NO_ISIN,1,ENDED_UNEXPLAINED,
DHANVARSHA|INE615R01029|1,DHANVARSHA|TRU,2022-05-10,2026-09-30,INE615R01029,EQUITY,2,ACTIVE_AT_CUTOFF,
DHARAMSI|INE505A01010|1,DHARAMSI|DMCC,2021-12-01,2026-09-30,INE505A01010,EQUITY,2,ACTIVE_AT_CUTOFF,
DHARMAJ|INE00OQ01016|1,DHARMAJ,2022-12-08,2026-09-30,INE00OQ01016,EQUITY,1,ACTIVE_AT_CUTOFF,
DHARSUGAR|INE988C01014|1,DHARSUGAR,2009-11-20,2022-05-24,INE988C01014,EQUITY,2,ENDED_UNEXPLAINED,
DHARSUGAR|NOISIN|1,DHARSUGAR,2005-01-03,2007-11-29,,UNKNOWN_NO_ISIN,1,ENDED_UNEXPLAINED,
DHARSUGAR|NOISIN|2,DHARSUGAR,2008-02-29,2008-08-21,,UNKNOWN_NO_ISIN,1,ENDED_UNEXPLAINED,
DHARSUGAR|NOISIN|3,DHARSUGAR,2008-12-01,2009-08-20,,UNKNOWN_NO_ISIN,1,ENDED_UNEXPLAINED,
DHATRE|INE715T01031|1,DHATRE,2026-08-17,2026-09-30,INE715T01031,EQUITY,1,ACTIVE_AT_CUTOFF,
DHOOTTRANS|INE01NH01023|1,DHOOTTRANS,2026-08-17,2026-09-30,INE01NH01023,EQUITY,1,ACTIVE_AT_CUTOFF,
DHRUV|INE506Z01015|1,DHRUV,2021-11-25,2026-09-30,INE506Z01015,EQUITY,1,ACTIVE_AT_CUTOFF,
DHUNINV|INE320L01011|1,DHUNINV,2011-04-01,2026-09-30,INE320L01011,EQUITY,2,ACTIVE_AT_CUTOFF,
DIACABS|INE989C01020|1,DIACABS,2023-10-04,2024-10-03,INE989C01020,EQUITY,1,ENDED_UNEXPLAINED,
DIACABS|INE989C01038|1,DIACABS,2025-01-13,2026-08-03,INE989C01038,EQUITY,1,ENDED_UNEXPLAINED,
DIAMINESQ|INE591D01014|1,DIAMINESQ,2023-09-25,2026-09-30,INE591D01014,EQUITY,1,ACTIVE_AT_CUTOFF,
DIAMONDYD|INE393P01035|1,DIAMONDYD,2017-10-05,2026-09-30,INE393P01035,EQUITY,1,ACTIVE_AT_CUTOFF,
DIAPOWER|INE989C01012|1,DIAPOWER,2010-09-29,2018-04-30,INE989C01012,EQUITY,2,ENDED_UNEXPLAINED,
DICIND|INE303A01010|1,DICIND,2005-01-03,2026-09-30,INE303A01010,EQUITY,2,ACTIVE_AT_CUTOFF,
DIFFNKG|INE184O01015|1,DIFFNKG,2024-10-18,2026-09-30,INE184O01015,EQUITY,1,ACTIVE_AT_CUTOFF,
DIGIDRIVE|INE0PSC01024|1,DIGIDRIVE,2024-01-24,2026-09-30,INE0PSC01024,EQUITY,1,ACTIVE_AT_CUTOFF,
DIGISPICE|INE927C01020|1,DIGISPICE|SMOBILITY|SPICEMOBI|SPICEMOBIL,2009-08-21,2026-09-30,INE927C01020,EQUITY,5,ACTIVE_AT_CUTOFF,
DIGITIDE|INE0U4701011|1,DIGITIDE,2025-06-25,2026-09-30,INE0U4701011,EQUITY,1,ACTIVE_AT_CUTOFF,
DIGJAMLMTD|INE731U01028|1,DIGJAMLMTD,2021-11-01,2026-09-15,INE731U01028,EQUITY,1,ENDED_UNEXPLAINED,
DIGJAMLTD|INE731U01010|1,DIGJAMLTD,2016-07-27,2019-08-28,INE731U01010,EQUITY,1,ENDED_UNEXPLAINED,
DIGJAM|INE471A01023|1,DIGJAM,2010-08-20,2016-03-29,INE471A01023,EQUITY,2,ENDED_UNEXPLAINED,
DIGJAM|NOISIN|2,DIGJAM,2009-08-21,2010-07-08,,UNKNOWN_NO_ISIN,1,ENDED_UNEXPLAINED,
DIL|INE411Y01011|1,DIL,2022-03-31,2025-12-24,INE411Y01011,EQUITY,1,ENDED_UNEXPLAINED,
DISAQ|INE131C01011|1,DISAQ,2026-04-20,2026-09-30,INE131C01011,EQUITY,1,ACTIVE_AT_CUTOFF,
DISHMAN|INE353G01020|1,DISHMAN,2005-01-03,2017-05-29,INE353G01020,EQUITY,2,ENDED_UNEXPLAINED,
DISHTV|INE836F01026|1,DISHTV,2007-04-18,2026-09-30,INE836F01026,EQUITY,2,ACTIVE_AT_CUTOFF,
DIVGIITTS|INE753U01022|1,DIVGIITTS,2023-03-14,2026-09-30,INE753U01022,EQUITY,1,ACTIVE_AT_CUTOFF,
DIVIDEND|INF769K01PY8|1,DIVIDEND,2025-12-19,2026-09-30,INF769K01PY8,FUND_UNIT,1,ACTIVE_AT_CUTOFF,
DIVISLAB|INE361B01024|1,DIVISLAB,2005-01-03,2026-09-30,INE361B01024,EQUITY,2,ACTIVE_AT_CUTOFF,
DIVOPPBEES|INF204KA1MS3|1,DIVOPPBEES|NETFDIVOPP|RELDIVOPP,2014-05-22,2026-09-30,INF204KA1MS3,FUND_UNIT,3,ACTIVE_AT_CUTOFF,
DIXON|INE935N01012|1,DIXON,2017-09-18,2026-09-30,INE935N01012|INE935N01020,EQUITY,2,ACTIVE_AT_CUTOFF,
DJML|INE0B1K01014|1,DJML,2022-12-05,2026-09-30,INE0B1K01014,EQUITY,1,ACTIVE_AT_CUTOFF,
DLF|INE271C01023|1,DLF,2007-07-05,2026-09-30,INE271C01023,EQUITY,2,ACTIVE_AT_CUTOFF,
DLINKINDIA|INE250K01012|1,DLINKINDIA,2009-12-18,2026-09-30,INE250K01012,EQUITY,2,ACTIVE_AT_CUTOFF,
DMART|INE192R01011|1,DMART,2017-03-21,2026-09-30,INE192R01011,EQUITY,1,ACTIVE_AT_CUTOFF,
DNAMEDIA|INE016M01021|1,DNAMEDIA,2017-12-26,2026-09-30,INE016M01021,EQUITY,1,ACTIVE_AT_CUTOFF,
DODLA|INE021O01019|1,DODLA,2021-06-28,2026-09-30,INE021O01019,EQUITY,1,ACTIVE_AT_CUTOFF,
DOLATALGO|INE966A01022|1,DOLAT|DOLATALGO,2019-08-19,2026-09-30,INE966A01022,EQUITY,2,ACTIVE_AT_CUTOFF,
DOLLAR|INE325C01027|1,DOLLAR,2017-05-30,2026-09-30,INE325C01027|INE325C01035,EQUITY,2,ACTIVE_AT_CUTOFF,
DOLLEX|INE0JHH01011|1,DOLLEX,2026-09-11,2026-09-30,INE0JHH01011,EQUITY,1,ACTIVE_AT_CUTOFF,
DOLPHINOFF|INE920A01011|1,DOLPHINOFF,2009-08-21,2019-08-22,INE920A01011,EQUITY,2,ENDED_UNEXPLAINED,
DOLPHINOFF|NOISIN|1,DOLPHINOFF,2006-10-06,2009-06-11,,UNKNOWN_NO_ISIN,1,ENDED_UNEXPLAINED,
DOLPHIN|INE920A01029|1,DOLPHIN,2023-09-04,2023-09-06,INE920A01029,EQUITY,1,ENDED_UNEXPLAINED,
DOLPHIN|INE920A01037|1,DOLPHIN,2024-04-15,2026-09-30,INE920A01037,EQUITY,1,ACTIVE_AT_CUTOFF,
DOMS|INE321T01012|1,DOMS,2023-12-20,2026-09-30,INE321T01012,EQUITY,1,ACTIVE_AT_CUTOFF,
DONEAR|INE668D01028|1,DONEAR,2011-06-17,2026-09-30,INE668D01028,EQUITY,2,ACTIVE_AT_CUTOFF,
DONEAR|NOISIN|1,DONEAR,2006-12-20,2009-05-28,,UNKNOWN_NO_ISIN,1,ENDED_UNEXPLAINED,
DONEAR|NOISIN|2,DONEAR,2009-08-21,2009-12-10,,UNKNOWN_NO_ISIN,1,ENDED_UNEXPLAINED,
DONEAR|NOISIN|3,DONEAR,2010-02-19,2010-10-28,,UNKNOWN_NO_ISIN,1,ENDED_UNEXPLAINED,
DONEAR|NOISIN|4,DONEAR,2010-12-03,2011-04-18,,UNKNOWN_NO_ISIN,1,ENDED_UNEXPLAINED,
DPABHUSHAN|INE266Y01019|1,DPABHUSHAN,2020-11-03,2026-09-30,INE266Y01019,EQUITY,1,ACTIVE_AT_CUTOFF,
DPL|INE477B01010|1,DPL|DPTL|DTIL|DVL,2008-12-01,2026-09-30,INE477B01010,EQUITY,5,ACTIVE_AT_CUTOFF,
DPSCLTD|INE360C01016|1,DPSCLTD,2008-12-01,2026-05-19,INE360C01016|INE360C01024,EQUITY,3,ENDED_UNEXPLAINED,
DPSCLTD|NOISIN|1,DPSCLTD,2008-04-21,2008-05-02,,UNKNOWN_NO_ISIN,1,ENDED_UNEXPLAINED,
DPSCLTD|NOISIN|2,DPSCLTD,2008-06-13,2008-09-05,,UNKNOWN_NO_ISIN,1,ENDED_UNEXPLAINED,
DPWIRES|INE864X01013|1,DPWIRES,2020-01-17,2026-07-01,INE864X01013,EQUITY,1,ENDED_UNEXPLAINED,
DQE|INE656K01010|1,DQE,2011-06-20,2021-01-01,INE656K01010,EQUITY,2,ENDED_UNEXPLAINED,
DRAGARWQ|INE934C01018|1,DRAGARWQ,2026-04-20,2026-09-30,INE934C01018,EQUITY,1,ACTIVE_AT_CUTOFF,
DRCSYSTEMS|INE03RS01019|1,DRCSYSTEMS,2021-03-25,2021-10-13,INE03RS01019,EQUITY,1,ENDED_UNEXPLAINED,
DRCSYSTEMS|INE03RS01027|1,DRCSYSTEMS,2022-08-08,2026-09-30,INE03RS01027,EQUITY,1,ACTIVE_AT_CUTOFF,
DREAMFOLKS|INE0JS101016|1,DREAMFOLKS,2022-09-06,2026-09-30,INE0JS101016,EQUITY,1,ACTIVE_AT_CUTOFF,
DREDGECORP|INE506A01018|1,DREDGECORP,2005-01-03,2026-09-30,INE506A01018,EQUITY,2,ACTIVE_AT_CUTOFF,
DRREDDY|INE089A01023|1,DRREDDY,2005-01-03,2026-09-30,INE089A01023|INE089A01031,EQUITY,3,ACTIVE_AT_CUTOFF,
DSFCL|INE0OFM01015|1,DSFCL,2026-03-04,2026-09-30,INE0OFM01015,EQUITY,1,ACTIVE_AT_CUTOFF,
DSKULKARNI|INE891A01014|1,DSKULKARNI,2005-01-03,2018-03-20,INE891A01014,EQUITY,2,ENDED_UNEXPLAINED,
DSPGOLDETF|INF740KA1SW3|1,DSPGOLDETF|GOLDADD|GOLDETFADD,2023-05-05,2026-08-27,INF740KA1SW3,FUND_UNIT,3,ENDED_UNEXPLAINED,
DSPITETF|INF740KA1SX1|1,DSPITETF|ITADD|ITETFADD,2023-07-13,2026-09-30,INF740KA1SX1,FUND_UNIT,3,ACTIVE_AT_CUTOFF,
DSPN50ETF|INF740KA1CL0|1,DSPN50ETF|NIFTY50ADD|NIFTYADD,2021-12-30,2026-09-30,INF740KA1CL0,FUND_UNIT,3,ACTIVE_AT_CUTOFF,
DSPNEWETF|INF740KA1QK2|1,DSPNEWETF|EQUAL50ADD,2021-11-12,2026-09-30,INF740KA1QK2,FUND_UNIT,2,ACTIVE_AT_CUTOFF,
DSPPSBKETF|INF740KA1SY9|1,DSPPSBKETF|PSUBANKADD,2023-08-02,2026-09-30,INF740KA1SY9,FUND_UNIT,2,ACTIVE_AT_CUTOFF,
DSPPVBKETF|INF740KA1TA7|1,DSPPVBKETF|PVTBANKADD,2023-08-02,2026-09-30,INF740KA1TA7,FUND_UNIT,2,ACTIVE_AT_CUTOFF,
DSPQ50ETF|INF740KA1QL0|1,DSPQ50ETF|MIDQ50ADD,2021-12-30,2026-07-02,INF740KA1QL0,FUND_UNIT,2,ENDED_UNEXPLAINED,
DSPSENXETF|INF740KA1SZ6|1,DSPSENXETF|SENSEXADD,2023-08-02,2026-09-30,INF740KA1SZ6,FUND_UNIT,2,ACTIVE_AT_CUTOFF,
DSPSILVETF|INF740KA1RE3|1,DSPSILVETF|SILVERADD,2022-08-25,2026-08-27,INF740KA1RE3,FUND_UNIT,2,ENDED_UNEXPLAINED,
DSSL|INE417B01040|1,DSSL,2011-12-01,2026-09-30,INE417B01040,EQUITY,1,ACTIVE_AT_CUTOFF,
DTIL|INE341R01014|1,DTIL,2015-02-04,2026-09-02,INE341R01014,EQUITY,1,ENDED_UNEXPLAINED,
DTIL|NOISIN|1,DTIL,2008-01-11,2008-02-18,,UNKNOWN_NO_ISIN,1,ENDED_UNEXPLAINED,
DTIL|NOISIN|2,DTIL,2008-04-09,2008-08-21,,UNKNOWN_NO_ISIN,1,ENDED_UNEXPLAINED,
DUCON|INE741L01018|1,DUCON|DYNATECH,2012-10-23,2026-09-30,INE741L01018,EQUITY,2,ACTIVE_AT_CUTOFF,
DUNCANSIND|INE508A01014|1,DUNCANSIND,2010-02-19,2013-05-22,INE508A01014,EQUITY,2,ENDED_UNEXPLAINED,
DUNCANSIND|NOISIN|1,DUNCANSIND,2005-01-03,2005-04-15,,UNKNOWN_NO_ISIN,1,ENDED_UNEXPLAINED,
DUNCANSIND|NOISIN|10,DUNCANSIND,2009-11-20,2009-12-24,,UNKNOWN_NO_ISIN,1,ENDED_UNEXPLAINED,
DUNCANSIND|NOISIN|2,DUNCANSIND,2005-07-08,2005-07-14,,UNKNOWN_NO_ISIN,1,ENDED_UNEXPLAINED,
DUNCANSIND|NOISIN|3,DUNCANSIND,2006-06-12,2006-06-29,,UNKNOWN_NO_ISIN,1,ENDED_UNEXPLAINED,
DUNCANSIND|NOISIN|4,DUNCANSIND,2006-08-28,2006-12-29,,UNKNOWN_NO_ISIN,1,ENDED_UNEXPLAINED,
DUNCANSIND|NOISIN|5,DUNCANSIND,2007-03-02,2007-09-20,,UNKNOWN_NO_ISIN,1,ENDED_UNEXPLAINED,
DUNCANSIND|NOISIN|6,DUNCANSIND,2007-12-03,2007-12-28,,UNKNOWN_NO_ISIN,1,ENDED_UNEXPLAINED,
DUNCANSIND|NOISIN|7,DUNCANSIND,2008-02-29,2008-05-29,,UNKNOWN_NO_ISIN,1,ENDED_UNEXPLAINED,
DUNCANSIND|NOISIN|8,DUNCANSIND,2008-08-22,2009-02-19,,UNKNOWN_NO_ISIN,1,ENDED_UNEXPLAINED,
DUNCANSIND|NOISIN|9,DUNCANSIND,2009-06-12,2009-08-20,,UNKNOWN_NO_ISIN,1,ENDED_UNEXPLAINED,
DUNCANSLTD|INE508A01022|1,DUNCANSLTD,2013-07-19,2014-06-05,INE508A01022,EQUITY,1,DELISTED_EVIDENCED,DUNCANSLTD 2018-09-11 Compulsory Delisting
DWARKESH|INE366A01033|1,DWARKESH,2009-03-02,2026-09-30,INE366A01033|INE366A01041,EQUITY,3,ACTIVE_AT_CUTOFF,
DWARKESH|NOISIN|1,DWARKESH,2005-01-03,2007-12-28,,UNKNOWN_NO_ISIN,1,ENDED_UNEXPLAINED,
DWARKESH|NOISIN|2,DWARKESH,2008-02-29,2008-05-02,,UNKNOWN_NO_ISIN,1,ENDED_UNEXPLAINED,
DWARKESH|NOISIN|3,DWARKESH,2008-06-13,2008-08-21,,UNKNOWN_NO_ISIN,1,ENDED_UNEXPLAINED,
DWARKESH|NOISIN|4,DWARKESH,2008-12-01,2009-01-09,,UNKNOWN_NO_ISIN,1,ENDED_UNEXPLAINED,
DYCL|INE600Y01019|1,DYCL,2022-07-27,2026-09-30,INE600Y01019,EQUITY,1,ACTIVE_AT_CUTOFF,
DYNACONS|NOISIN|1,DYNACONS,2005-04-08,2005-06-16,,UNKNOWN_NO_ISIN,1,ENDED_UNEXPLAINED,
DYNACONS|NOISIN|2,DYNACONS,2006-06-12,2006-06-29,,UNKNOWN_NO_ISIN,1,ENDED_UNEXPLAINED,
DYNACONS|NOISIN|3,DYNACONS,2006-08-28,2006-12-14,,UNKNOWN_NO_ISIN,1,ENDED_UNEXPLAINED,
DYNACONS|NOISIN|4,DYNACONS,2007-03-02,2007-08-23,,UNKNOWN_NO_ISIN,1,ENDED_UNEXPLAINED,
DYNACONS|NOISIN|5,DYNACONS,2007-12-03,2007-12-28,,UNKNOWN_NO_ISIN,1,ENDED_UNEXPLAINED,
DYNACONS|NOISIN|6,DYNACONS,2008-02-29,2009-02-19,,UNKNOWN_NO_ISIN,1,ENDED_UNEXPLAINED,
DYNACONS|NOISIN|7,DYNACONS,2009-06-12,2009-09-17,,UNKNOWN_NO_ISIN,1,ENDED_UNEXPLAINED,
DYNACONS|NOISIN|8,DYNACONS,2009-11-20,2011-01-05,,UNKNOWN_NO_ISIN,1,ENDED_UNEXPLAINED,
DYNAMATECH|INE221B01012|1,DYNAMATECH,2006-09-14,2026-09-30,INE221B01012,EQUITY,2,ACTIVE_AT_CUTOFF,
DYNASYS|INE417B01032|1,DYNASYS,2011-04-26,2011-11-02,INE417B01032,EQUITY,2,ENDED_UNEXPLAINED,
DYNPRO|INE256H01015|1,DYNPRO,2017-07-19,2026-09-30,INE256H01015,EQUITY,1,ACTIVE_AT_CUTOFF,
E2E|INE255Z01019|1,E2E,2022-04-12,2026-08-10,INE255Z01019|INE255Z01027,EQUITY,2,ENDED_UNEXPLAINED,
EASEMYTRIP|INE07O001018|1,EASEMYTRIP,2021-03-19,2026-09-30,INE07O001018|INE07O001026,EQUITY,2,ACTIVE_AT_CUTOFF,
EASTSILK|INE962C01027|1,EASTSILK,2011-06-17,2022-06-14,INE962C01027,EQUITY,2,ENDED_UNEXPLAINED,
EASTSILK|NOISIN|1,EASTSILK,2005-04-08,2011-04-18,,UNKNOWN_NO_ISIN,1,ENDED_UNEXPLAINED,
EASTWEST|INE595R01023|1,EASTWEST,2026-08-17,2026-09-30,INE595R01023,EQUITY,1,ACTIVE_AT_CUTOFF,
EASUNREYRL|INE268C01029|1,EASUNREYRL,2005-01-03,2019-09-23,INE268C01029,EQUITY,2,ENDED_UNEXPLAINED,
EBANK10|INF754K01XH9|1,EBANK10,2026-08-05,2026-09-30,INF754K01XH9,FUND_UNIT,1,ACTIVE_AT_CUTOFF,
EBANKNIFTY|INF754K01TE4|1,EBANKNIFTY,2024-09-16,2026-09-30,INF754K01TE4,FUND_UNIT,1,ACTIVE_AT_CUTOFF,
EBANK|INF754K01EL1|1,EBANK,2015-12-21,2023-08-01,INF754K01EL1,FUND_UNIT,1,ENDED_UNEXPLAINED,
EBBETF0423|INF754K01KN4|1,EBBETF0423,2020-01-02,2023-04-11,INF754K01KN4,FUND_UNIT,1,ENDED_UNEXPLAINED,
EBBETF0425|INF754K01LD3|1,EBBETF0425,2020-07-29,2025-04-08,INF754K01LD3,FUND_UNIT,1,ENDED_UNEXPLAINED,
EBBETF0430|INF754K01KO2|1,EBBETF0430,2020-01-02,2026-09-30,INF754K01KO2,FUND_UNIT,1,ACTIVE_AT_CUTOFF,
EBBETF0431|INF754K01LE1|1,EBBETF0431,2020-07-29,2026-09-30,INF754K01LE1,FUND_UNIT,1,ACTIVE_AT_CUTOFF,
EBBETF0433|INF754K01QX0|1,EBBETF0433,2022-12-16,2026-09-30,INF754K01QX0,FUND_UNIT,1,ACTIVE_AT_CUTOFF,
EBGNG|INE18JU01028|1,EBGNG,2025-07-30,2026-09-30,INE18JU01028,EQUITY,1,ACTIVE_AT_CUTOFF,
EBIX|INE432F01032|1,EBIX,2026-08-17,2026-09-02,INE432F01032,EQUITY,1,ENDED_UNEXPLAINED,
ECAPINSURE|INF754K01TX4|1,ECAPINSURE,2025-01-06,2026-09-30,INF754K01TX4,FUND_UNIT,1,ACTIVE_AT_CUTOFF,
ECEIND|INE588B01014|1,ECEIND,2009-08-21,2019-05-09,INE588B01014,EQUITY,2,DELISTED_EVIDENCED,ECEIND 2019-05-17 Voluntary Delisting
ECEIND|NOISIN|1,ECEIND,2007-09-24,2009-06-11,,UNKNOWN_NO_ISIN,1,ENDED_UNEXPLAINED,
ECLERX|INE738I01010|1,ECLERX,2009-03-02,2026-09-30,INE738I01010,EQUITY,2,ACTIVE_AT_CUTOFF,
ECLERX|NOISIN|1,ECLERX,2007-12-31,2008-11-28,,UNKNOWN_NO_ISIN,1,ENDED_UNEXPLAINED,
ECORECO|INE316A01038|1,ECORECO,2026-08-17,2026-09-30,INE316A01038,EQUITY,1,ACTIVE_AT_CUTOFF,
ECOSMOBLTY|INE06HJ01020|1,ECOSMOBLTY,2024-09-04,2026-09-30,INE06HJ01020,EQUITY,1,ACTIVE_AT_CUTOFF,
EDELWEISS|INE532F01054|1,EDELWEISS,2007-12-12,2026-09-30,INE532F01054,EQUITY,2,ACTIVE_AT_CUTOFF,
EDL|INE180G01019|1,EDL,2007-11-26,2019-02-27,INE180G01019,EQUITY,2,DELISTED_EVIDENCED,EDL 2020-07-24 Voluntary Delisting
EDSERV|INE889J01019|1,EDSERV,2009-03-02,2013-12-09,INE889J01019,EQUITY,2,DELISTED_EVIDENCED,EDSERV 2018-07-02 Delisting - Liquidation
EDUCOMP|INE216H01027|1,EDUCOMP,2006-01-13,2017-09-22,INE216H01027,EQUITY,2,ENDED_UNEXPLAINED,
EFCIL|INE886D01026|1,EFCIL,2025-08-20,2026-09-30,INE886D01026,EQUITY,1,ACTIVE_AT_CUTOFF,
EGOLD|INF754K01SE6|1,EGOLD,2023-11-10,2026-09-30,INF754K01SE6,FUND_UNIT,1,ACTIVE_AT_CUTOFF,
EICHERMOT|INE066A01013|1,EICHERMOT,2005-01-03,2026-09-30,INE066A01013|INE066A01021,EQUITY,3,ACTIVE_AT_CUTOFF,
EICHER|NOISIN|1,EICHER,2005-01-03,2005-09-09,,UNKNOWN_NO_ISIN,1,ENDED_UNEXPLAINED,
EICHER|NOISIN|2,EICHER,2006-06-12,2006-06-29,,UNKNOWN_NO_ISIN,1,ENDED_UNEXPLAINED,
EICHER|NOISIN|3,EICHER,2006-08-28,2006-09-21,,UNKNOWN_NO_ISIN,1,DELISTED_EVIDENCED,EICHER 2007-03-13 Voluntary Delisting
EIDPARRY|INE126A01031|1,EIDPARRY,2005-01-03,2026-09-30,INE126A01031,EQUITY,2,ACTIVE_AT_CUTOFF,
EIEL|INE0LLY01014|1,EIEL,2024-11-29,2026-09-30,INE0LLY01014,EQUITY,1,ACTIVE_AT_CUTOFF,
EIFFL|INE546V01010|1,EIFFL,2021-10-12,2026-06-22,INE546V01010,EQUITY,1,ENDED_UNEXPLAINED,
EIHAHOTELS|INE276C01014|1,EIHAHOTELS,2010-12-03,2026-09-30,INE276C01014,EQUITY,2,ACTIVE_AT_CUTOFF,
EIHAHOTELS|NOISIN|1,EIHAHOTELS,2008-04-08,2009-11-19,,UNKNOWN_NO_ISIN,1,ENDED_UNEXPLAINED,
EIHAHOTELS|NOISIN|2,EIHAHOTELS,2010-02-19,2010-09-16,,UNKNOWN_NO_ISIN,1,ENDED_UNEXPLAINED,
EIHOTEL|INE230A01023|1,EIHOTEL,2005-01-03,2026-09-30,INE230A01023,EQUITY,2,ACTIVE_AT_CUTOFF,
EIMCOELECO|INE158B01016|1,EIMCOELECO,2006-11-24,2026-09-30,INE158B01016,EQUITY,2,ACTIVE_AT_CUTOFF,
EIMCOELECO|NOISIN|1,EIMCOELECO,2005-01-03,2006-08-25,,UNKNOWN_NO_ISIN,1,ENDED_UNEXPLAINED,
EKC|INE184H01027|1,EKC,2005-12-15,2026-09-30,INE184H01027,EQUITY,2,ACTIVE_AT_CUTOFF,
EKI|INE0CPR01018|1,EKI,2026-08-17,2026-09-30,INE0CPR01018,EQUITY,1,ACTIVE_AT_CUTOFF,
ELAND|INE311H01018|1,ELAND|MUDRA,2007-03-09,2019-09-23,INE311H01018,EQUITY,3,DELISTED_EVIDENCED,ELAND 2019-10-01 Voluntary Delisting
ELANTAS|INE280B01018|1,ELANTAS,2026-04-20,2026-09-30,INE280B01018,EQUITY,1,ACTIVE_AT_CUTOFF,
ELCIDIN|INE927X01018|1,ELCIDIN,2026-04-20,2026-09-30,INE927X01018,EQUITY,1,ACTIVE_AT_CUTOFF,
ELDEHSG|INE668G01021|1,ELDEHSG,2022-04-12,2026-09-30,INE668G01021,EQUITY,1,ACTIVE_AT_CUTOFF,
ELDERPHARM|INE975A01015|1,ELDERPHARM,2005-01-03,2015-11-20,INE975A01015,EQUITY,2,DELISTED_EVIDENCED,ELDERPHARM 2018-05-30 Delisting - Liquidation
ELECON|INE205B01023|1,ELECON,2006-09-29,2026-09-30,INE205B01023|INE205B01031,EQUITY,3,ACTIVE_AT_CUTOFF,
ELECTCAST|INE086A01029|1,ELECTCAST,2005-01-03,2026-09-30,INE086A01029,EQUITY,2,ACTIVE_AT_CUTOFF,
ELECTHERM|INE822G01016|1,ELECTHERM,2007-08-20,2026-09-30,INE822G01016,EQUITY,2,ACTIVE_AT_CUTOFF,
ELEVATE|INE147X01013|1,ELEVATE,2026-09-30,2026-09-30,INE147X01013,EQUITY,1,ACTIVE_AT_CUTOFF,
ELFORGE|INE158F01017|1,ELFORGE,2010-06-11,2014-11-21,INE158F01017,EQUITY,2,ENDED_UNEXPLAINED,
ELFORGE|NOISIN|1,ELFORGE,2009-11-05,2010-04-29,,UNKNOWN_NO_ISIN,1,ENDED_UNEXPLAINED,
ELGIEQUIP|INE285A01027|1,ELGIEQUIP,2005-01-03,2026-09-30,INE285A01027,EQUITY,2,ACTIVE_AT_CUTOFF,
ELGIRUBBER|NOISIN|1,ELGIRUBBER|ELGITYRE,2005-01-03,2009-06-11,,UNKNOWN_NO_ISIN,2,ENDED_UNEXPLAINED,
ELGIRUBBER|NOISIN|2,ELGIRUBBER,2009-08-21,2011-01-10,,UNKNOWN_NO_ISIN,1,ENDED_UNEXPLAINED,
ELGIRUBCO|INE819L01012|1,ELGIRUBCO,2011-08-25,2026-09-30,INE819L01012,EQUITY,1,ACTIVE_AT_CUTOFF,
ELIN|INE050401020|1,ELIN,2022-12-30,2026-09-30,INE050401020,EQUITY,1,ACTIVE_AT_CUTOFF,
ELIQUID|INF754K01VW2|1,ELIQUID,2025-10-10,2026-09-30,INF754K01VW2,FUND_UNIT,1,ACTIVE_AT_CUTOFF,
ELITECON|INE669R01026|1,ELITECON,2026-04-20,2026-09-30,INE669R01026,EQUITY,1,ACTIVE_AT_CUTOFF,
ELLEN|INE236E01022|1,ELLEN,2025-07-01,2026-09-30,INE236E01022,EQUITY,1,ACTIVE_AT_CUTOFF,
ELM250|INF754K01VV4|1,ELM250,2025-09-09,2026-09-30,INF754K01VV4,FUND_UNIT,1,ACTIVE_AT_CUTOFF,
ELMDIV|INF754K01XI7|1,ELMDIV,2026-08-05,2026-09-30,INF754K01XI7,FUND_UNIT,1,ACTIVE_AT_CUTOFF,
ELNET|INE033C01019|1,ELNET,2009-11-05,2014-09-24,INE033C01019,EQUITY,2,ENDED_UNEXPLAINED,
ELPROINTL|INE579B01039|1,ELPROINTL,2026-04-20,2026-09-30,INE579B01039,EQUITY,1,ACTIVE_AT_CUTOFF,
EMAMIINFRA|INE778K01012|1,EMAMIINFRA|EMAMIREAL,2011-03-07,2026-09-30,INE778K01012,EQUITY,3,ACTIVE_AT_CUTOFF,
EMAMIINFRA|NOISIN|1,EMAMIINFRA,2010-07-28,2011-01-06,,UNKNOWN_NO_ISIN,1,ENDED_UNEXPLAINED,
EMAMILTD|INE548C01032|1,EMAMILTD,2006-08-03,2026-09-30,INE548C01032,EQUITY,2,ACTIVE_AT_CUTOFF,
EMAMIPAP|INE830C01026|1,EMAMIPAP,2019-05-30,2026-07-24,INE830C01026,EQUITY,1,ENDED_UNEXPLAINED,
EMBDL|INE069I01010|1,EMBDL|IBREALEST,2007-03-23,2026-09-30,INE069I01010,EQUITY,3,ACTIVE_AT_CUTOFF,
EMCO|INE078A01026|1,EMCO,2005-12-15,2019-06-28,INE078A01026,EQUITY,2,ENDED_UNEXPLAINED,
EMCURE|INE168P01015|1,EMCURE,2024-07-10,2026-09-30,INE168P01015,EQUITY,1,ACTIVE_AT_CUTOFF,
EMERCK|NOISIN|1,EMERCK|MERCK|PGHL,2005-01-03,2026-09-30,INE199A01012,EQUITY,4,ACTIVE_AT_CUTOFF,
EMETAL|INF754K01XG1|1,EMETAL,2026-07-28,2026-09-30,INF754K01XG1,FUND_UNIT,1,ACTIVE_AT_CUTOFF,
EMIL|INE02YR01019|1,EMIL,2022-10-17,2026-09-30,INE02YR01019,EQUITY,1,ACTIVE_AT_CUTOFF,
EMKAY|INE296H01011|1,EMKAY,2010-06-11,2026-09-30,INE296H01011,EQUITY,2,ACTIVE_AT_CUTOFF,
EMKAY|NOISIN|1,EMKAY,2006-04-28,2007-11-01,,UNKNOWN_NO_ISIN,1,ENDED_UNEXPLAINED,
EMKAY|NOISIN|2,EMKAY,2007-12-03,2009-05-28,,UNKNOWN_NO_ISIN,1,ENDED_UNEXPLAINED,
EMKAY|NOISIN|3,EMKAY,2009-08-21,2010-01-07,,UNKNOWN_NO_ISIN,1,ENDED_UNEXPLAINED,
EMKAY|NOISIN|4,EMKAY,2010-02-19,2010-04-16,,UNKNOWN_NO_ISIN,1,ENDED_UNEXPLAINED,
EMMBI|INE753K01015|1,EMMBI,2010-02-24,2026-07-02,INE753K01015,EQUITY,2,ENDED_UNEXPLAINED,
EMMVEE|INE1C6T01020|1,EMMVEE,2025-11-18,2026-09-30,INE1C6T01020,EQUITY,1,ACTIVE_AT_CUTOFF,
EMPEESUG|INE928B01012|1,EMPEESUG,2010-08-09,2014-11-03,INE928B01012,EQUITY,2,ENDED_UNEXPLAINED,
EMPIND|INE515H01014|1,EMPIND,2026-08-17,2026-09-30,INE515H01014,EQUITY,1,ACTIVE_AT_CUTOFF,
EMPOWER|INE507F01023|1,EMPOWER,2026-04-20,2026-09-30,INE507F01023,EQUITY,1,ACTIVE_AT_CUTOFF,
EMSLIMITED|INE0OV601013|1,EMSLIMITED,2023-09-21,2026-09-30,INE0OV601013,EQUITY,1,ACTIVE_AT_CUTOFF,
EMUDHRA|INE01QM01018|1,EMUDHRA,2022-06-01,2026-09-30,INE01QM01018,EQUITY,1,ACTIVE_AT_CUTOFF,
EMULTIMQ|INF754K01TF1|1,EMULTIMQ,2024-11-07,2026-09-30,INF754K01TF1,FUND_UNIT,1,ACTIVE_AT_CUTOFF,
ENDURANCE|INE913H01037|1,ENDURANCE,2016-10-19,2026-09-30,INE913H01037,EQUITY,1,ACTIVE_AT_CUTOFF,
ENERGYAXIS|INF846KA1598|1,ENERGYAXIS,2026-09-02,2026-09-30,INF846KA1598,FUND_UNIT,1,ACTIVE_AT_CUTOFF,
ENERGYDEV|INE306C01019|1,ENERGYDEV,2010-12-03,2026-09-30,INE306C01019,EQUITY,2,ACTIVE_AT_CUTOFF,
ENERGYDEV|NOISIN|1,ENERGYDEV,2007-11-02,2010-10-14,,UNKNOWN_NO_ISIN,1,ENDED_UNEXPLAINED,
ENERGY|INF769K01PR2|1,ENERGY,2025-11-13,2026-09-30,INF769K01PR2,FUND_UNIT,1,ACTIVE_AT_CUTOFF,
ENEXT50|INF754K01XF3|1,ENEXT50,2026-05-25,2026-09-30,INF754K01XF3,FUND_UNIT,1,ACTIVE_AT_CUTOFF,
ENGINERSIN|INE510A01028|1,ENGINERSIN,2005-01-03,2026-09-30,INE510A01028,EQUITY,2,ACTIVE_AT_CUTOFF,
ENIFTY|INF754K01VX0|1,ENIFTY,2025-11-27,2026-09-30,INF754K01VX0,FUND_UNIT,1,ACTIVE_AT_CUTOFF,
ENIL|INE265F01028|1,ENIL,2006-02-15,2026-09-30,INE265F01028,EQUITY,2,ACTIVE_AT_CUTOFF,
ENKEIWHEL|INE130L01014|1,ENKEIWHEL,2026-08-17,2026-09-30,INE130L01014,EQUITY,1,ACTIVE_AT_CUTOFF,
ENKEI|NOISIN|1,ENKEI,2006-10-03,2009-04-02,,UNKNOWN_NO_ISIN,1,ENDED_UNEXPLAINED,
ENKEI|NOISIN|2,ENKEI,2009-06-12,2009-08-06,,UNKNOWN_NO_ISIN,1,ENDED_UNEXPLAINED,
ENKEI|NOISIN|3,ENKEI,2009-11-20,2009-12-10,,UNKNOWN_NO_ISIN,1,ENDED_UNEXPLAINED,
ENKEI|NOISIN|4,ENKEI,2010-04-21,2010-11-22,,UNKNOWN_NO_ISIN,1,ENDED_UNEXPLAINED,
ENNOREFO|NOISIN|1,ENNOREFO,2006-09-26,2007-06-07,,UNKNOWN_NO_ISIN,1,ENDED_UNEXPLAINED,
ENNOREFO|NOISIN|2,ENNOREFO|HINDUJAFO,2007-08-31,2008-06-12,,UNKNOWN_NO_ISIN,2,ENDED_UNEXPLAINED,
ENRIN|INE1NPP01017|1,ENRIN,2025-07-03,2026-09-30,INE1NPP01017,EQUITY,1,ACTIVE_AT_CUTOFF,
ENTEGRA|INE826A01028|1,ENTEGRA,2009-11-20,2013-08-14,INE826A01028,EQUITY,2,DELISTED_EVIDENCED,ENTEGRA 2020-03-02 Compulsory Delisting
ENTEGRA|NOISIN|1,ENTEGRA|INDUJENERT,2006-08-28,2009-05-04,,UNKNOWN_NO_ISIN,2,ENDED_UNEXPLAINED,
ENTEGRA|NOISIN|2,ENTEGRA,2009-06-12,2009-08-20,,UNKNOWN_NO_ISIN,1,ENDED_UNEXPLAINED,
ENTERO|INE010601016|1,ENTERO,2024-02-16,2026-09-30,INE010601016,EQUITY,1,ACTIVE_AT_CUTOFF,
EONELECT|INE076H01017|1,EONELECT|INDOASIFU,2010-12-03,2012-04-26,INE076H01017,EQUITY,3,ENDED_UNEXPLAINED,
EON|INE076H01025|1,EON,2012-06-21,2020-02-26,INE076H01025,EQUITY,1,ENDED_UNEXPLAINED,
EPACKPEB|INE0MLS01022|1,EPACKPEB,2025-10-01,2026-09-30,INE0MLS01022,EQUITY,1,ACTIVE_AT_CUTOFF,
EPACK|INE0G5901015|1,EPACK,2024-01-30,2026-09-30,INE0G5901015,EQUITY,1,ACTIVE_AT_CUTOFF,
EPIGRAL|INE071N01016|1,EPIGRAL|MFL,2021-09-02,2026-09-30,INE071N01016,EQUITY,2,ACTIVE_AT_CUTOFF,
EPL|INE255A01020|1,EPL|ESSELPACK,2009-08-21,2026-09-30,INE255A01020,EQUITY,3,ACTIVE_AT_CUTOFF,
EQ30|INF754K01EM9|1,EQ30,2016-05-30,2021-09-30,INF754K01EM9,FUND_UNIT,1,ENDED_UNEXPLAINED,
EQUAL200|INF769K01OA1|1,EQUAL200,2025-03-17,2026-09-30,INF769K01OA1,FUND_UNIT,1,ACTIVE_AT_CUTOFF,
EQUAL50|INF769K01OO2|1,EQUAL50,2025-05-15,2026-09-30,INF769K01OO2,FUND_UNIT,1,ACTIVE_AT_CUTOFF,
EQUIPPP|INE217G01035|1,EQUIPPP|PROINDIA,2021-06-03,2022-05-24,INE217G01035,EQUITY,2,ENDED_UNEXPLAINED,
EQUITASBNK|INE063P01018|1,EQUITASBNK,2020-11-02,2026-09-30,INE063P01018,EQUITY,1,ACTIVE_AT_CUTOFF,
EQUITAS|INE988K01017|1,EQUITAS,2016-04-21,2023-02-02,INE988K01017,EQUITY,1,ENDED_UNEXPLAINED,
ERACONS|NOISIN|1,ERACONS|ERAINFRA,2006-03-29,2015-12-24,INE039E01020,EQUITY,3,DELISTED_EVIDENCED,ERAINFRA 2018-08-08 Compulsory Delisting
ERIS|INE406M01024|1,ERIS,2017-06-29,2026-09-30,INE406M01024,EQUITY,1,ACTIVE_AT_CUTOFF,
EROSMEDIA|INE416L01017|1,EROSMEDIA,2010-10-06,2024-10-24,INE416L01017,EQUITY,2,ENDED_UNEXPLAINED,
ESABINDIA|INE284A01012|1,ESABINDIA,2005-01-03,2026-09-30,INE284A01012,EQUITY,2,ACTIVE_AT_CUTOFF,
ESAFSFB|INE818W01011|1,ESAFSFB,2023-11-10,2026-08-10,INE818W01011,EQUITY,1,ENDED_UNEXPLAINED,
ESCORTS|INE042A01014|1,ESCORTS,2005-01-03,2026-09-30,INE042A01014,EQUITY,2,ACTIVE_AT_CUTOFF,
ESDS|INE0DRI01029|1,ESDS,2026-09-04,2026-09-30,INE0DRI01029,EQUITY,1,ACTIVE_AT_CUTOFF,
ESENSEX|INF754K01VY8|1,ESENSEX,2025-11-27,2026-09-30,INF754K01VY8,FUND_UNIT,1,ACTIVE_AT_CUTOFF,
ESG|INF769K01GS9|1,ESG|MAESGETF,2020-11-24,2026-09-30,INF769K01GS9,FUND_UNIT,2,ACTIVE_AT_CUTOFF,
ESILVER|INF754K01SF3|1,ESILVER,2023-11-24,2026-09-30,INF754K01SF3,FUND_UNIT,1,ACTIVE_AT_CUTOFF,
ESL|INE481K01013|1,ESL,2010-10-08,2018-04-26,INE481K01013,EQUITY,2,ENDED_UNEXPLAINED,
ESSARGUJ|NOISIN|1,ESSARGUJ,2005-01-03,2005-04-22,,UNKNOWN_NO_ISIN,1,ENDED_UNEXPLAINED,
ESSAROIL|INE011A01019|1,ESSAROIL,2005-01-03,2016-02-09,INE011A01019,EQUITY,2,DELISTED_EVIDENCED,ESSAROIL 2016-02-17 Voluntary Delisting
ESSARPORTS|INE282A01024|1,ESSARPORTS,2011-06-14,2015-12-23,INE282A01024,EQUITY,2,DELISTED_EVIDENCED,ESSARPORTS 2015-12-31 Voluntary Delisting
ESSARSHIP|NOISIN|1,ESSARSHIP,2008-03-11,2010-08-19,,UNKNOWN_NO_ISIN,1,ENDED_UNEXPLAINED,
ESSARSHIP|NOISIN|2,ESSARSHIP,2010-12-03,2011-05-17,,UNKNOWN_NO_ISIN,1,ENDED_UNEXPLAINED,
ESSARSHPNG|INE122M01019|1,ESSARSHPNG,2011-11-29,2026-09-30,INE122M01019,EQUITY,1,ACTIVE_AT_CUTOFF,
ESSDEE|INE825H01017|1,ESSDEE,2006-12-28,2019-05-27,INE825H01017,EQUITY,2,ENDED_UNEXPLAINED,
ESSELPACK|NOISIN|1,ESSELPACK,2005-01-03,2009-06-11,,UNKNOWN_NO_ISIN,1,ENDED_UNEXPLAINED,
ESSENTIA|INE418N01035|1,ESSENTIA,2022-06-21,2026-09-30,INE418N01035,EQUITY,1,ACTIVE_AT_CUTOFF,
ESTER|INE778B01029|1,ESTER,2011-06-20,2026-09-30,INE778B01029,EQUITY,2,ACTIVE_AT_CUTOFF,
ESTL|NOISIN|1,ESTL,2005-06-13,2007-12-13,,UNKNOWN_NO_ISIN,1,DELISTED_EVIDENCED,ESTL 2007-12-24 Voluntary Delisting
ETCNET|NOISIN|1,ETCNET,2005-02-09,2007-08-30,,UNKNOWN_NO_ISIN,1,ENDED_UNEXPLAINED,
ETCNET|NOISIN|2,ETCNET,2007-12-03,2007-12-28,,UNKNOWN_NO_ISIN,1,ENDED_UNEXPLAINED,
ETC|NOISIN|1,ETC,2008-03-28,2009-12-10,,UNKNOWN_NO_ISIN,1,ENDED_UNEXPLAINED,
ETC|NOISIN|2,ETC,2010-02-19,2010-09-15,,UNKNOWN_NO_ISIN,1,ENDED_UNEXPLAINED,
ETERNAL|INE758T01015|1,ETERNAL|ZOMATO,2021-07-23,2026-09-30,INE758T01015,EQUITY,2,ACTIVE_AT_CUTOFF,
ETERNEVRST|NOISIN|1,ETERNEVRST|EVERESTIND,2005-01-03,2009-06-11,,UNKNOWN_NO_ISIN,2,ENDED_UNEXPLAINED,
ETHOSLTD|INE04TZ01018|1,ETHOSLTD,2022-05-30,2026-09-30,INE04TZ01018,EQUITY,1,ACTIVE_AT_CUTOFF,
EUREKAFORB|INE0KCE01017|1,EUREKAFORB,2024-09-11,2026-09-30,INE0KCE01017,EQUITY,1,ACTIVE_AT_CUTOFF,
EUROBOND|INE505V01016|1,EUROBOND,2025-08-01,2026-09-30,INE505V01016,EQUITY,1,ACTIVE_AT_CUTOFF,
EUROCERA|INE649H01011|1,EUROCERA,2010-02-19,2018-06-22,INE649H01011,EQUITY,2,ENDED_UNEXPLAINED,
EUROCERA|NOISIN|1,EUROCERA,2007-03-09,2009-05-28,,UNKNOWN_NO_ISIN,1,ENDED_UNEXPLAINED,
EUROCERA|NOISIN|2,EUROCERA,2009-08-21,2010-01-07,,UNKNOWN_NO_ISIN,1,ENDED_UNEXPLAINED,
EUROMULTI|INE063J01011|1,EUROMULTI,2009-10-15,2020-12-24,INE063J01011,EQUITY,2,ENDED_UNEXPLAINED,
EUROPRATIK|INE198501012|1,EUROPRATIK,2025-09-23,2026-09-30,INE198501012,EQUITY,1,ACTIVE_AT_CUTOFF,
EUROTEXIND|INE022C01012|1,EUROTEXIND,2009-11-20,2026-09-30,INE022C01012,EQUITY,2,ACTIVE_AT_CUTOFF,
EUROTEXIND|NOISIN|1,EUROTEXIND,2005-01-03,2008-01-10,,UNKNOWN_NO_ISIN,1,ENDED_UNEXPLAINED,
EUROTEXIND|NOISIN|2,EUROTEXIND,2008-02-29,2009-06-11,,UNKNOWN_NO_ISIN,1,ENDED_UNEXPLAINED,
EUROTEXIND|NOISIN|3,EUROTEXIND,2009-08-21,2009-10-05,,UNKNOWN_NO_ISIN,1,ENDED_UNEXPLAINED,
EVEREADY|INE128A01029|1,EVEREADY,2008-02-29,2026-09-30,INE128A01029,EQUITY,2,ACTIVE_AT_CUTOFF,
EVEREADY|NOISIN|1,EVEREADY,2005-04-27,2007-11-30,,UNKNOWN_NO_ISIN,1,ENDED_UNEXPLAINED,
EVERESTIND|INE295A01018|1,EVERESTIND,2009-08-21,2026-07-01,INE295A01018,EQUITY,2,ENDED_UNEXPLAINED,
EVERONN|INE678H01010|1,EVERONN,2007-08-01,2016-11-03,INE678H01010,EQUITY,2,DELISTED_EVIDENCED,EVERONN 2018-07-02 Delisting - Liquidation
EVIETF|INF109K1A153|1,EVIETF,2025-04-15,2026-09-30,INF109K1A153,FUND_UNIT,1,ACTIVE_AT_CUTOFF,
EVINDIA|INF769K01LQ3|1,EVINDIA,2024-07-16,2026-09-30,INF769K01LQ3,FUND_UNIT,1,ACTIVE_AT_CUTOFF,
EVINIX|INE961H01028|1,EVINIX,2007-03-07,2011-08-25,INE961H01028,EQUITY,2,DELISTED_EVIDENCED,EVINIX 2017-05-12 Compulsory Delisting
EXCELCROP|INE223G01017|1,EXCELCROP,2009-08-21,2019-08-28,INE223G01017,EQUITY,2,ENDED_UNEXPLAINED,
EXCELCROP|NOISIN|1,EXCELCROP,2005-01-03,2008-06-12,,UNKNOWN_NO_ISIN,1,ENDED_UNEXPLAINED,
EXCELCROP|NOISIN|2,EXCELCROP,2008-12-01,2009-06-11,,UNKNOWN_NO_ISIN,1,ENDED_UNEXPLAINED,
EXCELINDUS|INE369A01029|1,EXCELINDUS,2009-11-20,2026-09-30,INE369A01029,EQUITY,2,ACTIVE_AT_CUTOFF,
EXCELINDUS|NOISIN|1,EXCELINDUS,2005-01-03,2005-09-22,,UNKNOWN_NO_ISIN,1,ENDED_UNEXPLAINED,
EXCELINDUS|NOISIN|2,EXCELINDUS,2005-11-25,2006-11-16,,UNKNOWN_NO_ISIN,1,ENDED_UNEXPLAINED,
EXCELINDUS|NOISIN|3,EXCELINDUS,2007-03-02,2009-08-20,,UNKNOWN_NO_ISIN,1,ENDED_UNEXPLAINED,
EXCELINFO|INE688J01015|1,EXCEL|EXCELINFO|LANDSMILL,2009-08-03,2026-09-30,INE688J01015|INE688J01023,EQUITY,5,ACTIVE_AT_CUTOFF,
EXCELSOFT|INE606N01019|1,EXCELSOFT,2025-11-26,2026-09-30,INE606N01019,EQUITY,1,ACTIVE_AT_CUTOFF,
EXICOM|INE777F01014|1,EXICOM,2024-03-05,2026-09-30,INE777F01014,EQUITY,1,ACTIVE_AT_CUTOFF,
EXPLEOSOL|INE201K01015|1,EXPLEOSOL|SQSBFSI|THINKSOFT,2010-06-11,2026-09-30,INE201K01015,EQUITY,4,ACTIVE_AT_CUTOFF,
EXXARO|INE0GFE01018|1,EXXARO,2021-08-31,2026-09-30,INE0GFE01018|INE0GFE01026,EQUITY,2,ACTIVE_AT_CUTOFF,
FABTECH|INE0HF201011|1,FABTECH,2025-10-23,2026-09-30,INE0HF201011,EQUITY,1,ACTIVE_AT_CUTOFF,
FACT|INE188A01015|1,FACT,2008-02-29,2026-09-30,INE188A01015,EQUITY,2,ACTIVE_AT_CUTOFF,
FACT|NOISIN|1,FACT,2005-01-03,2007-11-30,,UNKNOWN_NO_ISIN,1,ENDED_UNEXPLAINED,
FAGBEARING|INE513A01014|1,FAGBEARING|SCHAEFFLER,2005-01-03,2026-09-30,INE513A01014|INE513A01022,EQUITY,4,ACTIVE_AT_CUTOFF,
FAIRCHEMOR|INE0DNW01011|1,FAIRCHEMOR,2021-01-08,2026-07-03,INE0DNW01011,EQUITY,1,ENDED_UNEXPLAINED,
FAME|INE886G01011|1,FAME,2011-06-17,2013-06-26,INE886G01011,EQUITY,2,ENDED_UNEXPLAINED,
FAME|NOISIN|1,FAME|SHRINGAR,2006-11-24,2009-04-17,,UNKNOWN_NO_ISIN,2,ENDED_UNEXPLAINED,
FAME|NOISIN|2,FAME,2009-08-21,2009-10-05,,UNKNOWN_NO_ISIN,1,ENDED_UNEXPLAINED,
FAME|NOISIN|3,FAME,2009-11-20,2010-01-21,,UNKNOWN_NO_ISIN,1,ENDED_UNEXPLAINED,
FAME|NOISIN|4,FAME,2010-06-11,2011-03-31,,UNKNOWN_NO_ISIN,1,ENDED_UNEXPLAINED,
FARMAXIND|INE890I01035|1,FARMAXIND,2010-08-17,2017-03-06,INE890I01035,EQUITY,2,DELISTED_EVIDENCED,FARMAXIND 2020-07-10 Compulsory Delisting
FAZE3Q|INE963C01033|1,FAZE3Q,2022-11-18,2026-09-30,INE963C01033,EQUITY,1,ACTIVE_AT_CUTOFF,
FCEL|INE220J01025|1,FCEL|FCONSUMER|FVIL,2013-07-18,2024-05-15,INE220J01025,EQUITY,3,ENDED_UNEXPLAINED,
FCH|NOISIN|1,FCH,2008-02-01,2010-08-19,,UNKNOWN_NO_ISIN,1,ENDED_UNEXPLAINED,
FCL|INE045J01018|1,FCL,2015-01-15,2026-09-30,INE045J01018|INE045J01026|INE045J01034,EQUITY,3,ACTIVE_AT_CUTOFF,
FCSSOFT|INE512B01022|1,FCSSOFT,2005-09-21,2026-09-30,INE512B01022,EQUITY,2,ACTIVE_AT_CUTOFF,
FDC|INE258B01022|1,FDC,2005-01-03,2026-09-30,INE258B01022,EQUITY,2,ACTIVE_AT_CUTOFF,
FEDDERELEC|INE249C01011|1,FEDDERELEC|FEDDERLOYD,2009-11-20,2018-09-24,INE249C01011,EQUITY,3,ENDED_UNEXPLAINED,
FEDDERLOYD|NOISIN|1,FEDDERLOYD,2005-09-15,2009-08-20,,UNKNOWN_NO_ISIN,1,ENDED_UNEXPLAINED,
FEDDERSHOL|INE417D01020|1,FEDDERSHOL,2026-04-20,2026-09-30,INE417D01020,EQUITY,1,ACTIVE_AT_CUTOFF,
FEDERALBNK|INE171A01011|1,FEDERALBNK,2005-01-03,2026-09-30,INE171A01011|INE171A01029,EQUITY,3,ACTIVE_AT_CUTOFF,
FEDFINA|INE007N01010|1,FEDFINA,2023-11-30,2026-09-30,INE007N01010,EQUITY,1,ACTIVE_AT_CUTOFF,
FELDVR|IN9623B01058|1,FELDVR|FRLDVR|PRETAILDVR,2009-02-13,2023-02-21,IN9623B01058,OTHER_ISIN,4,ENDED_UNEXPLAINED,
FEL|INE623B01027|1,FEL|FRL|PANTALOONR,2005-01-03,2023-01-20,INE623B01027,EQUITY,4,ENDED_UNEXPLAINED,
FERMENTA|INE225B01021|1,FERMENTA,2026-04-20,2026-09-30,INE225B01021,EQUITY,1,ACTIVE_AT_CUTOFF,
FIBERWEB|INE296C01020|1,FIBERWEB,2022-02-16,2026-09-30,INE296C01020,EQUITY,1,ACTIVE_AT_CUTOFF,
FIEMIND|INE737H01014|1,FIEMIND,2006-10-19,2026-09-30,INE737H01014,EQUITY,2,ACTIVE_AT_CUTOFF,
FILATEX|INE816B01019|1,FILATEX,2011-08-29,2026-09-30,INE816B01019|INE816B01027|INE816B01035,EQUITY,3,ACTIVE_AT_CUTOFF,
FILATFASH|INE185E01013|1,FILATFASH,2024-05-06,2026-09-30,INE185E01013|INE185E01021,EQUITY,2,ACTIVE_AT_CUTOFF,
FINANTECH|NOISIN|1,FINANTECH,2005-06-20,2005-07-07,,UNKNOWN_NO_ISIN,1,ENDED_UNEXPLAINED,
FINCABLES|INE235A01022|1,FINCABLES,2005-01-03,2026-09-30,INE235A01022,EQUITY,2,ACTIVE_AT_CUTOFF,
FINEORG|INE686Y01026|1,FINEORG,2018-07-02,2026-09-30,INE686Y01026,EQUITY,1,ACTIVE_AT_CUTOFF,
FINIETF|INF109KC17L8|1,FINIETF|ICICIFIN,2022-11-30,2026-09-30,INF109KC17L8,FUND_UNIT,2,ACTIVE_AT_CUTOFF,
FINKURVE|INE734I01027|1,FINKURVE,2025-10-01,2026-09-30,INE734I01027,EQUITY,1,ACTIVE_AT_CUTOFF,
FINOPB|INE02NC01014|1,FINOPB,2021-11-12,2026-09-30,INE02NC01014,EQUITY,1,ACTIVE_AT_CUTOFF,
FINPIPE|INE183A01016|1,FINPIPE,2005-01-03,2026-09-30,INE183A01016|INE183A01024,EQUITY,3,ACTIVE_AT_CUTOFF,
FIRSTCRY|INE02RE01045|1,FIRSTCRY,2024-08-13,2026-09-30,INE02RE01045,EQUITY,1,ACTIVE_AT_CUTOFF,
FIRSTLEASE|INE492B01019|1,FIRSTLEASE,2005-01-03,2013-12-09,INE492B01019,EQUITY,2,DELISTED_EVIDENCED,FIRSTLEASE 2018-05-30 Delisting - Liquidation
FIRSTWIN|INE315J01015|1,FIRSTWIN,2010-12-03,2018-02-20,INE315J01015,EQUITY,2,DELISTED_EVIDENCED,FIRSTWIN 2020-07-10 Compulsory Delisting
FIRSTWIN|NOISIN|1,FIRSTWIN,2008-07-08,2009-06-11,,UNKNOWN_NO_ISIN,1,ENDED_UNEXPLAINED,
FIRSTWIN|NOISIN|2,FIRSTWIN,2009-08-21,2010-02-18,,UNKNOWN_NO_ISIN,1,ENDED_UNEXPLAINED,
FIRSTWIN|NOISIN|3,FIRSTWIN,2010-06-11,2010-08-19,,UNKNOWN_NO_ISIN,1,ENDED_UNEXPLAINED,
FISCHER|INE771F01025|1,FISCHER,2025-07-10,2026-09-30,INE771F01025|INE771F01041,EQUITY,2,ACTIVE_AT_CUTOFF,
FIVESTAR|INE128S01021|1,FIVESTAR,2022-11-21,2026-09-30,INE128S01021,EQUITY,1,ACTIVE_AT_CUTOFF,
FLAIR|INE00Y201027|1,FLAIR,2023-12-01,2026-09-30,INE00Y201027,EQUITY,1,ACTIVE_AT_CUTOFF,
FLEXCHEM|NOISIN|1,FLEXCHEM,2005-01-03,2005-05-19,,UNKNOWN_NO_ISIN,1,ENDED_UNEXPLAINED,
FLEXCHEM|NOISIN|2,FLEXCHEM,2005-07-08,2006-04-17,,UNKNOWN_NO_ISIN,1,ENDED_UNEXPLAINED,
FLEXCHEM|NOISIN|3,FLEXCHEM,2006-06-12,2006-12-14,,UNKNOWN_NO_ISIN,1,ENDED_UNEXPLAINED,
FLEXENGG|NOISIN|1,FLEXENGG,2005-01-03,2006-05-11,,UNKNOWN_NO_ISIN,1,ENDED_UNEXPLAINED,
FLEXENGG|NOISIN|2,FLEXENGG,2006-06-12,2006-12-14,,UNKNOWN_NO_ISIN,1,ENDED_UNEXPLAINED,
FLEXIADD|INF740KA1WU9|1,FLEXIADD,2025-10-16,2026-09-30,INF740KA1WU9,FUND_UNIT,1,ACTIVE_AT_CUTOFF,
FLEXITUFF|INE060J01017|1,FLEXITUFF,2011-10-19,2026-06-16,INE060J01017,EQUITY,1,ENDED_UNEXPLAINED,
FLEX|NOISIN|1,FLEX|UFLEX,2005-01-03,2026-09-30,INE516A01017,EQUITY,3,ACTIVE_AT_CUTOFF,
FLFL|INE452O01016|1,FLFL,2013-10-17,2023-03-31,INE452O01016,EQUITY,1,ENDED_UNEXPLAINED,
FLUOROCHEM|INE09N301011|1,FLUOROCHEM,2019-10-31,2026-09-30,INE09N301011,EQUITY,1,ACTIVE_AT_CUTOFF,
FMCGADD|INF740KA1ZA4|1,FMCGADD,2026-05-22,2026-09-30,INF740KA1ZA4,FUND_UNIT,1,ACTIVE_AT_CUTOFF,
FMCGIETF|INF109KC19V3|1,FMCGIETF,2024-05-10,2026-09-30,INF109KC19V3,FUND_UNIT,1,ACTIVE_AT_CUTOFF,
FMCGIETF|INF109KC1R48|1,FMCGIETF|ICICIFMCG,2021-08-10,2024-05-09,INF109KC1R48,FUND_UNIT,2,ENDED_UNEXPLAINED,
FMGOETZE|INE529A01010|1,FMGOETZE,2009-11-20,2026-09-30,INE529A01010,EQUITY,2,ACTIVE_AT_CUTOFF,
FMGOETZE|NOISIN|1,FMGOETZE|GOETZEIND,2005-01-03,2009-04-17,,UNKNOWN_NO_ISIN,2,ENDED_UNEXPLAINED,
FMGOETZE|NOISIN|2,FMGOETZE,2009-06-12,2009-08-06,,UNKNOWN_NO_ISIN,1,ENDED_UNEXPLAINED,
FOCUS|INE593W01010|1,FOCUS,2021-11-24,2026-07-01,INE593W01010|INE593W01028,EQUITY,2,ENDED_UNEXPLAINED,
FOODSIN|INE976E01023|1,FOODSIN,2021-11-16,2026-09-30,INE976E01023,EQUITY,1,ACTIVE_AT_CUTOFF,
FORCEMOT|INE451A01017|1,FORCEMOT,2019-08-19,2026-09-30,INE451A01017,EQUITY,1,ACTIVE_AT_CUTOFF,
FORTIS|INE061F01013|1,FORTIS,2007-05-09,2026-09-30,INE061F01013,EQUITY,2,ACTIVE_AT_CUTOFF,
FORTUNEFIN|INE924D01017|1,FORTUNEFIN|THEINVEST,2017-08-02,2026-09-30,INE924D01017,EQUITY,2,ACTIVE_AT_CUTOFF,
FOSECOIND|INE519A01011|1,FOSECOIND,2005-01-03,2026-09-30,INE519A01011,EQUITY,2,ACTIVE_AT_CUTOFF,
FOURSOFT|INE218G01017|1,FOURSOFT|PALRED,2010-08-20,2015-07-07,INE218G01017,EQUITY,3,ENDED_UNEXPLAINED,
FOURSOFT|NOISIN|1,FOURSOFT,2005-01-03,2005-05-26,,UNKNOWN_NO_ISIN,1,ENDED_UNEXPLAINED,
FOURSOFT|NOISIN|2,FOURSOFT,2005-07-08,2006-04-07,,UNKNOWN_NO_ISIN,1,ENDED_UNEXPLAINED,
FOURSOFT|NOISIN|3,FOURSOFT,2006-06-12,2006-06-29,,UNKNOWN_NO_ISIN,1,ENDED_UNEXPLAINED,
FOURSOFT|NOISIN|4,FOURSOFT,2006-08-28,2007-12-13,,UNKNOWN_NO_ISIN,1,ENDED_UNEXPLAINED,
FOURSOFT|NOISIN|5,FOURSOFT,2008-02-29,2008-04-21,,UNKNOWN_NO_ISIN,1,ENDED_UNEXPLAINED,
FOURSOFT|NOISIN|6,FOURSOFT,2008-06-13,2009-05-28,,UNKNOWN_NO_ISIN,1,ENDED_UNEXPLAINED,
FOURSOFT|NOISIN|7,FOURSOFT,2009-08-21,2009-12-24,,UNKNOWN_NO_ISIN,1,ENDED_UNEXPLAINED,
FOURSOFT|NOISIN|8,FOURSOFT,2010-02-19,2010-06-10,,UNKNOWN_NO_ISIN,1,ENDED_UNEXPLAINED,
FRACTAL|INE212S01015|1,FRACTAL,2026-02-16,2026-09-30,INE212S01015,EQUITY,1,ACTIVE_AT_CUTOFF,
FREDUN|INE194R01017|1,FREDUN,2026-08-17,2026-09-30,INE194R01017,EQUITY,1,ACTIVE_AT_CUTOFF,
FRETAIL|INE752P01024|1,FRETAIL,2016-09-14,2022-07-22,INE752P01024,EQUITY,1,ENDED_UNEXPLAINED,
FRONTSP|INE572D01014|1,FRONTSP,2026-04-20,2026-09-30,INE572D01014,EQUITY,1,ACTIVE_AT_CUTOFF,
FSC|INE935Q01015|1,FSC,2017-12-18,2022-11-21,INE935Q01015,EQUITY,1,ENDED_UNEXPLAINED,
FSL|INE684F01012|1,FSL,2007-02-22,2026-09-30,INE684F01012,EQUITY,2,ACTIVE_AT_CUTOFF,
FSS|NOISIN|1,FSS|HUGHESSOFT,2005-01-03,2006-02-02,,UNKNOWN_NO_ISIN,2,DELISTED_EVIDENCED,FSS 2006-02-10 Voluntary Delisting
FTCPOF3YDV|NOISIN|1,FTCPOF3YDV,2007-08-23,2007-09-12,,UNKNOWN_NO_ISIN,1,ENDED_UNEXPLAINED,
FTCPOF3YDV|NOISIN|2,FTCPOF3YDV,2007-10-22,2007-11-06,,UNKNOWN_NO_ISIN,1,ENDED_UNEXPLAINED,
FTCPOF3YDV|NOISIN|3,FTCPOF3YDV,2007-12-06,2010-05-19,,UNKNOWN_NO_ISIN,1,ENDED_UNEXPLAINED,
FTCPOF3YGR|NOISIN|1,FTCPOF3YGR,2007-08-06,2007-08-23,,UNKNOWN_NO_ISIN,1,ENDED_UNEXPLAINED,
FTCPOF3YGR|NOISIN|2,FTCPOF3YGR,2007-09-27,2007-11-01,,UNKNOWN_NO_ISIN,1,ENDED_UNEXPLAINED,
FTCPOF3YGR|NOISIN|3,FTCPOF3YGR,2007-12-14,2009-08-10,,UNKNOWN_NO_ISIN,1,ENDED_UNEXPLAINED,
FTCPOF3YGR|NOISIN|4,FTCPOF3YGR,2009-09-09,2010-05-27,,UNKNOWN_NO_ISIN,1,ENDED_UNEXPLAINED,
FTCPOF5YDV|INF090I01080|1,FTCPOF5YDV,2012-01-13,2012-05-22,INF090I01080,FUND_UNIT,1,ENDED_UNEXPLAINED,
FTCPOF5YDV|NOISIN|1,FTCPOF5YDV,2008-02-20,2008-07-11,,UNKNOWN_NO_ISIN,1,ENDED_UNEXPLAINED,
FTCPOF5YDV|NOISIN|2,FTCPOF5YDV,2008-08-12,2010-04-08,,UNKNOWN_NO_ISIN,1,ENDED_UNEXPLAINED,
FTCPOF5YDV|NOISIN|3,FTCPOF5YDV,2010-05-11,2010-06-29,,UNKNOWN_NO_ISIN,1,ENDED_UNEXPLAINED,
FTCPOF5YDV|NOISIN|4,FTCPOF5YDV,2010-07-30,2010-11-22,,UNKNOWN_NO_ISIN,1,ENDED_UNEXPLAINED,
FTCPOF5YDV|NOISIN|5,FTCPOF5YDV,2011-01-07,2011-02-07,,UNKNOWN_NO_ISIN,1,ENDED_UNEXPLAINED,
FTCPOF5YDV|NOISIN|6,FTCPOF5YDV,2011-04-06,2011-06-21,,UNKNOWN_NO_ISIN,1,ENDED_UNEXPLAINED,
FTCPOF5YGR|INF090I01072|1,FTCPOF5YGR,2011-06-24,2012-04-23,INF090I01072,FUND_UNIT,1,ENDED_UNEXPLAINED,
FTCPOF5YGR|NOISIN|1,FTCPOF5YGR,2007-08-27,2007-08-27,,UNKNOWN_NO_ISIN,1,ENDED_UNEXPLAINED,
FTCPOF5YGR|NOISIN|10,FTCPOF5YGR,2011-05-25,2011-06-20,,UNKNOWN_NO_ISIN,1,ENDED_UNEXPLAINED,
FTCPOF5YGR|NOISIN|2,FTCPOF5YGR,2007-10-10,2007-10-10,,UNKNOWN_NO_ISIN,1,ENDED_UNEXPLAINED,
FTCPOF5YGR|NOISIN|3,FTCPOF5YGR,2007-11-12,2007-12-13,,UNKNOWN_NO_ISIN,1,ENDED_UNEXPLAINED,
FTCPOF5YGR|NOISIN|4,FTCPOF5YGR,2008-02-27,2008-02-27,,UNKNOWN_NO_ISIN,1,ENDED_UNEXPLAINED,
FTCPOF5YGR|NOISIN|5,FTCPOF5YGR,2008-04-24,2008-05-02,,UNKNOWN_NO_ISIN,1,ENDED_UNEXPLAINED,
FTCPOF5YGR|NOISIN|6,FTCPOF5YGR,2008-07-25,2008-08-28,,UNKNOWN_NO_ISIN,1,ENDED_UNEXPLAINED,
FTCPOF5YGR|NOISIN|7,FTCPOF5YGR,2008-12-01,2009-08-07,,UNKNOWN_NO_ISIN,1,ENDED_UNEXPLAINED,
FTCPOF5YGR|NOISIN|8,FTCPOF5YGR,2009-09-22,2009-10-15,,UNKNOWN_NO_ISIN,1,ENDED_UNEXPLAINED,
FTCPOF5YGR|NOISIN|9,FTCPOF5YGR,2009-12-04,2011-04-21,,UNKNOWN_NO_ISIN,1,ENDED_UNEXPLAINED,
FTCSF3YDIV|NOISIN|1,FTCSF3YDIV,2007-06-19,2009-12-11,,UNKNOWN_NO_ISIN,1,ENDED_UNEXPLAINED,
FTCSF3YGRO|NOISIN|1,FTCSF3YGRO,2007-06-14,2009-12-11,,UNKNOWN_NO_ISIN,1,ENDED_UNEXPLAINED,
FTCSF5YDIV|INF090I01049|1,FTCSF5YDIV,2008-01-01,2011-12-23,INF090I01049,FUND_UNIT,2,ENDED_UNEXPLAINED,
FTCSF5YDIV|NOISIN|1,FTCSF5YDIV,2007-08-08,2007-08-08,,UNKNOWN_NO_ISIN,1,ENDED_UNEXPLAINED,
FTCSF5YDIV|NOISIN|2,FTCSF5YDIV,2007-10-09,2007-10-09,,UNKNOWN_NO_ISIN,1,ENDED_UNEXPLAINED,
FTCSF5YGRO|INF090I01031|1,FTCSF5YGRO,2011-06-30,2011-12-23,INF090I01031,FUND_UNIT,1,ENDED_UNEXPLAINED,
FTCSF5YGRO|NOISIN|1,FTCSF5YGRO,2007-08-29,2011-06-20,,UNKNOWN_NO_ISIN,1,ENDED_UNEXPLAINED,
FUSION|INE139R01012|1,FUSION,2022-11-15,2026-09-30,INE139R01012,EQUITY,1,ACTIVE_AT_CUTOFF,
FUTUREVENT|INE220J01017|1,FUTUREVENT,2011-05-10,2013-06-20,INE220J01017,EQUITY,2,ENDED_UNEXPLAINED,
G5|INF247L01AK4|1,G5|MOGSEC,2020-12-16,2026-09-30,INF247L01AK4,FUND_UNIT,2,ACTIVE_AT_CUTOFF,
GABRIEL|INE524A01029|1,GABRIEL,2009-08-21,2026-09-30,INE524A01029,EQUITY,2,ACTIVE_AT_CUTOFF,
GABRIEL|NOISIN|1,GABRIEL,2005-04-20,2009-06-11,,UNKNOWN_NO_ISIN,1,ENDED_UNEXPLAINED,
GAEL|INE036B01022|1,GAEL,2005-01-03,2026-09-30,INE036B01022|INE036B01030,EQUITY,3,ACTIVE_AT_CUTOFF,
GAIL|INE129A01019|1,GAIL,2005-01-03,2026-09-30,INE129A01019,EQUITY,2,ACTIVE_AT_CUTOFF,
GAJA|INE18UN01038|1,GAJA,2026-08-26,2026-09-30,INE18UN01038,EQUITY,1,ACTIVE_AT_CUTOFF,
GALAPREC|INE0RE001014|1,GALAPREC,2024-09-23,2026-09-30,INE0RE001014,EQUITY,1,ACTIVE_AT_CUTOFF,
GALAXYSURF|INE600K01018|1,GALAXYSURF,2018-02-08,2026-09-30,INE600K01018,EQUITY,1,ACTIVE_AT_CUTOFF,
GALLANTT|INE297H01019|1,GALLANTT,2010-02-19,2026-09-30,INE297H01019,EQUITY,2,ACTIVE_AT_CUTOFF,
GALLANTT|NOISIN|1,GALLANTT,2006-04-04,2008-01-10,,UNKNOWN_NO_ISIN,1,ENDED_UNEXPLAINED,
GALLANTT|NOISIN|2,GALLANTT,2008-02-29,2010-01-07,,UNKNOWN_NO_ISIN,1,ENDED_UNEXPLAINED,
GALLISPAT|INE528K01011|1,GALLISPAT,2010-10-11,2022-06-03,INE528K01011|INE528K01029,EQUITY,3,ENDED_UNEXPLAINED,
GAL|INE482J01013|1,GAL|SHAH,2010-10-27,2026-09-30,INE482J01013|INE482J01021,EQUITY,4,ACTIVE_AT_CUTOFF,
GAMMNINFRA|NOISIN|1,GAMMNINFRA,2008-04-03,2009-06-11,,UNKNOWN_NO_ISIN,1,ENDED_UNEXPLAINED,
GAMMONIND|INE259B01020|1,GAMMONIND,2005-01-03,2017-09-22,INE259B01020,EQUITY,2,ENDED_UNEXPLAINED,
GANDHAR|INE717W01049|1,GANDHAR,2023-11-30,2026-09-30,INE717W01049,EQUITY,1,ACTIVE_AT_CUTOFF,
GANDHITUBE|INE524B01027|1,GANDHITUBE,2009-08-21,2026-09-30,INE524B01027,EQUITY,2,ACTIVE_AT_CUTOFF,
GANDHITUBE|NOISIN|1,GANDHITUBE,2007-01-31,2009-06-11,,UNKNOWN_NO_ISIN,1,ENDED_UNEXPLAINED,
GANECOS|INE845D01014|1,GANECOS,2015-03-09,2026-09-30,INE845D01014,EQUITY,1,ACTIVE_AT_CUTOFF,
GANESHBE|INE388A01029|1,GANESHBE,2021-09-16,2026-07-30,INE388A01029,EQUITY,1,ENDED_UNEXPLAINED,
GANESHCP|INE652V01016|1,GANESHCP,2025-09-29,2026-09-30,INE652V01016,EQUITY,1,ACTIVE_AT_CUTOFF,
GANESHHOUC|INE460C01014|1,GANESHHOU|GANESHHOUC,2007-03-02,2026-09-30,INE460C01014,EQUITY,3,ACTIVE_AT_CUTOFF,
GANGAFORGE|INE691Z01015|1,GANGAFORGE,2021-07-06,2026-09-30,INE691Z01015|INE691Z01023,EQUITY,2,ACTIVE_AT_CUTOFF,
GANGESSECU|INE335W01016|1,GANGESSECU,2018-02-07,2026-09-30,INE335W01016,EQUITY,1,ACTIVE_AT_CUTOFF,
GANGOTRI|INE670B01028|1,GANGOTRI,2009-08-21,2017-05-22,INE670B01028,EQUITY,2,ENDED_UNEXPLAINED,
GANGOTRI|NOISIN|1,GANGOTRI,2006-04-07,2009-05-28,,UNKNOWN_NO_ISIN,1,ENDED_UNEXPLAINED,
GARDENSILK|INE526A01016|1,GARDENSILK,2009-08-21,2021-01-25,INE526A01016,EQUITY,2,ENDED_UNEXPLAINED,
GARDENSILK|NOISIN|1,GARDENSILK,2005-01-03,2009-06-11,,UNKNOWN_NO_ISIN,1,ENDED_UNEXPLAINED,
GARFIBRES|INE276A01018|1,GARFIBRES|GARWALLROP,2007-08-31,2026-09-30,INE276A01018,EQUITY,3,ACTIVE_AT_CUTOFF,
GARUDA|INE0JVO01026|1,GARUDA,2024-10-15,2026-09-30,INE0JVO01026,EQUITY,1,ACTIVE_AT_CUTOFF,
GARWALLROP|NOISIN|1,GARWALLROP,2007-04-03,2007-06-07,,UNKNOWN_NO_ISIN,1,ENDED_UNEXPLAINED,
GARWOFFS|NOISIN|1,GARWOFFS,2007-05-03,2009-05-04,,UNKNOWN_NO_ISIN,1,ENDED_UNEXPLAINED,
GARWOFFS|NOISIN|2,GARWOFFS|GLOBOFFS,2009-08-21,2021-03-12,INE446C01013,EQUITY,3,ENDED_UNEXPLAINED,
GATECHDVR|INE224E01036|1,GATECHDVR|SCAPDVR,2017-10-10,2026-08-03,INE224E01036,EQUITY,2,ENDED_UNEXPLAINED,
GATECH|INE224E01028|1,GATECH|STAMPEDE,2016-07-25,2026-08-05,INE224E01028,EQUITY,2,ENDED_UNEXPLAINED,
GATEWAY|INE079J01017|1,GATEWAY,2022-04-05,2026-09-30,INE079J01017,EQUITY,1,ACTIVE_AT_CUTOFF,
GAUDIUMIVF|INE0P8B01020|1,GAUDIUMIVF,2026-03-16,2026-09-30,INE0P8B01020,EQUITY,1,ACTIVE_AT_CUTOFF,
GAYAHWS|INE287Z01012|1,GAYAHWS,2018-08-23,2026-09-30,INE287Z01012,EQUITY,1,ACTIVE_AT_CUTOFF,
GAYAPROJ|INE336H01015|1,GAYAPROJ,2011-08-22,2026-09-30,INE336H01015|INE336H01023,EQUITY,2,ACTIVE_AT_CUTOFF,
GBGLOBAL|INE087J01028|1,GBGLOBAL|MIL,2019-06-21,2021-05-19,INE087J01028,EQUITY,2,ENDED_UNEXPLAINED,
GBN|NOISIN|1,GBN|IBN18|TV18BRDCST,2007-02-08,2024-10-15,INE886H01027,EQUITY,4,ENDED_UNEXPLAINED,
GCSL|INE199P01028|1,GCSL,2025-09-04,2026-09-30,INE199P01028,EQUITY,1,ACTIVE_AT_CUTOFF,
GDL|INE852F01015|1,GDL,2005-03-31,2022-01-04,INE852F01015,EQUITY,2,ENDED_UNEXPLAINED,
GEECEE|INE916G01016|1,GEECEE|GWALCHEM,2006-10-04,2026-07-02,INE916G01016,EQUITY,3,ENDED_UNEXPLAINED,
GEEKAYWIRE|INE669X01016|1,GEEKAYWIRE,2020-03-06,2023-06-06,INE669X01016,EQUITY,1,ENDED_UNEXPLAINED,
GEEKAYWIRE|INE669X01024|1,GEEKAYWIRE,2024-02-12,2026-09-30,INE669X01024|INE669X01032,EQUITY,2,ACTIVE_AT_CUTOFF,
GEINDSYS|INE599B01011|1,GEINDSYS,2010-08-13,2016-02-19,INE599B01011,EQUITY,2,DELISTED_EVIDENCED,GEINDSYS 2018-08-08 Compulsory Delisting
GEMAROMA|INE06XZ01023|1,GEMAROMA,2025-08-26,2026-09-30,INE06XZ01023,EQUITY,1,ACTIVE_AT_CUTOFF,
GEMINI|INE878C01033|1,GEMINI,2010-12-03,2018-02-06,INE878C01033,EQUITY,2,DELISTED_EVIDENCED,GEMINI 2020-03-02 Delisting - Liquidation
GEMINI|NOISIN|1,GEMINI,2007-01-18,2010-04-16,,UNKNOWN_NO_ISIN,1,ENDED_UNEXPLAINED,
GEMINI|NOISIN|2,GEMINI,2010-06-11,2010-10-28,,UNKNOWN_NO_ISIN,1,ENDED_UNEXPLAINED,
GENCON|INE854S01022|1,GENCON,2021-02-16,2026-09-30,INE854S01022,EQUITY,1,ACTIVE_AT_CUTOFF,
GENESYS|INE727B01026|1,GENESYS,2009-06-12,2026-09-30,INE727B01026,EQUITY,2,ACTIVE_AT_CUTOFF,
GENESYS|NOISIN|1,GENESYS,2005-01-03,2005-05-19,,UNKNOWN_NO_ISIN,1,ENDED_UNEXPLAINED,
GENESYS|NOISIN|2,GENESYS,2005-07-08,2005-07-14,,UNKNOWN_NO_ISIN,1,ENDED_UNEXPLAINED,
GENESYS|NOISIN|3,GENESYS,2006-06-12,2006-06-29,,UNKNOWN_NO_ISIN,1,ENDED_UNEXPLAINED,
GENESYS|NOISIN|4,GENESYS,2006-08-28,2006-12-29,,UNKNOWN_NO_ISIN,1,ENDED_UNEXPLAINED,
GENESYS|NOISIN|5,GENESYS,2007-03-05,2007-11-01,,UNKNOWN_NO_ISIN,1,ENDED_UNEXPLAINED,
GENESYS|NOISIN|6,GENESYS,2007-12-03,2008-06-12,,UNKNOWN_NO_ISIN,1,ENDED_UNEXPLAINED,
GENESYS|NOISIN|7,GENESYS,2008-08-22,2009-02-27,,UNKNOWN_NO_ISIN,1,ENDED_UNEXPLAINED,
GENSOL|INE06H201014|1,GENSOL,2023-07-03,2025-03-18,INE06H201014,EQUITY,1,ENDED_UNEXPLAINED,
GENUSOVERE|NOISIN|1,GENUSOVERE|GENUSPOWER,2005-07-08,2010-04-16,,UNKNOWN_NO_ISIN,2,ENDED_UNEXPLAINED,
GENUSPAPER|INE949P01018|1,GENUSPAPER,2015-03-02,2026-09-30,INE949P01018,EQUITY,1,ACTIVE_AT_CUTOFF,
GENUSPOWER|INE955D01029|1,GENUSPOWER,2010-06-11,2026-09-30,INE955D01029,EQUITY,2,ACTIVE_AT_CUTOFF,
GEODESIC|INE371D01029|1,GEODESIC|GEOINFO,2005-01-03,2013-12-09,INE371D01029,EQUITY,3,DELISTED_EVIDENCED,GEODESIC 2018-09-11 Delisting - Liquidation
GEOJITBNPP|INE007B01023|1,GEOJIT|GEOJITBNPP|GEOJITFSL,2005-07-01,2026-09-30,INE007B01023,EQUITY,4,ACTIVE_AT_CUTOFF,
GEOMETRIC|INE797A01021|1,GEOMETRIC,2005-01-03,2017-03-10,INE797A01021,EQUITY,2,ENDED_UNEXPLAINED,
GEORGWILIM|NOISIN|1,GEORGWILIM,2005-01-03,2006-06-29,,UNKNOWN_NO_ISIN,1,ENDED_UNEXPLAINED,
GESCOCORP|NOISIN|1,GESCOCORP|MAHLIFE,2005-01-03,2026-09-30,INE813A01018,EQUITY,3,ACTIVE_AT_CUTOFF,
GESHIPPING|NOISIN|1,GESHIPPING,2005-01-03,2006-11-07,,UNKNOWN_NO_ISIN,1,ENDED_UNEXPLAINED,
GESHIP|INE017A01032|1,GESHIP,2006-11-27,2026-09-30,INE017A01032,EQUITY,2,ACTIVE_AT_CUTOFF,
GFLLIMITED|INE538A01037|1,GFLLIMITED|GUJFLUORO,2005-01-03,2026-09-30,INE538A01037,EQUITY,3,ACTIVE_AT_CUTOFF,
GFSTEELS|INE534A01028|1,GFSTEELS,2020-04-13,2026-09-15,INE534A01028,EQUITY,1,ENDED_UNEXPLAINED,
GHCLTEXTIL|INE0PA801013|1,GHCLTEXTIL,2023-06-26,2026-09-30,INE0PA801013,EQUITY,1,ACTIVE_AT_CUTOFF,
GHCL|INE539A01019|1,GHCL,2005-01-03,2026-09-30,INE539A01019,EQUITY,2,ACTIVE_AT_CUTOFF,
GICHSGFIN|INE289B01019|1,GICHSGFIN,2005-01-03,2026-09-30,INE289B01019,EQUITY,2,ACTIVE_AT_CUTOFF,
GICL|INE947T01022|1,GICL,2026-03-23,2026-09-10,INE947T01022,EQUITY,1,ENDED_UNEXPLAINED,
GICRE|INE481Y01014|1,GICRE,2017-10-25,2026-09-30,INE481Y01014,EQUITY,1,ACTIVE_AT_CUTOFF,
GILLANDERS|INE047B01011|1,GILLANDERS,2009-12-14,2026-09-30,INE047B01011,EQUITY,2,ACTIVE_AT_CUTOFF,
GILLETTE|INE322A01010|1,GILLETTE|INDSHAVING,2005-01-03,2026-09-30,INE322A01010,EQUITY,3,ACTIVE_AT_CUTOFF,
GILT10BETA|INF789F1AZF3|1,GILT10BETA|NIF10GETF,2024-02-05,2026-09-30,INF789F1AZF3,FUND_UNIT,2,ACTIVE_AT_CUTOFF,
GILT5BETA|INF789F1AZE6|1,GILT5BETA|NIF5GETF,2024-02-05,2026-09-30,INF789F1AZE6,FUND_UNIT,2,ACTIVE_AT_CUTOFF,
GILT5YBEES|INF204KC1030|1,GILT5YBEES|NETFGILT5Y,2021-04-08,2026-09-30,INF204KC1030,FUND_UNIT,2,ACTIVE_AT_CUTOFF,
GINNIFILA|INE424C01010|1,GINNIFILA,2009-08-21,2026-07-08,INE424C01010,EQUITY,2,ENDED_UNEXPLAINED,
GINNIFILA|NOISIN|1,GINNIFILA,2005-01-03,2007-01-11,,UNKNOWN_NO_ISIN,1,ENDED_UNEXPLAINED,
GINNIFILA|NOISIN|2,GINNIFILA,2007-03-02,2007-11-29,,UNKNOWN_NO_ISIN,1,ENDED_UNEXPLAINED,
GINNIFILA|NOISIN|3,GINNIFILA,2008-02-29,2008-05-29,,UNKNOWN_NO_ISIN,1,ENDED_UNEXPLAINED,
GINNIFILA|NOISIN|4,GINNIFILA,2008-08-22,2008-12-26,,UNKNOWN_NO_ISIN,1,ENDED_UNEXPLAINED,
GINNIFILA|NOISIN|5,GINNIFILA,2009-03-02,2009-06-11,,UNKNOWN_NO_ISIN,1,ENDED_UNEXPLAINED,
GIPCL|INE162A01010|1,GIPCL,2005-01-03,2026-09-30,INE162A01010,EQUITY,2,ACTIVE_AT_CUTOFF,
GISOLUTION|INE065J01016|1,GISOLUTION,2011-03-07,2023-04-06,INE065J01016,EQUITY,2,ENDED_UNEXPLAINED,
GISOLUTION|NOISIN|1,GISOLUTION,2009-01-30,2009-06-11,,UNKNOWN_NO_ISIN,1,ENDED_UNEXPLAINED,
GISOLUTION|NOISIN|2,GISOLUTION,2009-08-21,2009-12-10,,UNKNOWN_NO_ISIN,1,ENDED_UNEXPLAINED,
GISOLUTION|NOISIN|3,GISOLUTION,2010-02-19,2010-11-11,,UNKNOWN_NO_ISIN,1,ENDED_UNEXPLAINED,
GITANJALI|INE346H01014|1,GITANJALI,2006-03-10,2018-04-26,INE346H01014,EQUITY,2,ENDED_UNEXPLAINED,
GKB|INE265D01015|1,GKB,2010-03-02,2026-09-30,INE265D01015,EQUITY,2,ACTIVE_AT_CUTOFF,
GKENERGY|INE1AG301022|1,GKENERGY,2025-09-26,2026-09-30,INE1AG301022,EQUITY,1,ACTIVE_AT_CUTOFF,
GKSL|INE0V0W01025|1,GKSL,2025-12-30,2026-09-30,INE0V0W01025,EQUITY,1,ACTIVE_AT_CUTOFF,
GKWLIMITED|INE528A01020|1,GKWLIMITED,2010-06-11,2026-09-30,INE528A01020,EQUITY,2,ACTIVE_AT_CUTOFF,
GKWLIMITED|NOISIN|1,GKWLIMITED,2009-07-20,2009-08-20,,UNKNOWN_NO_ISIN,1,ENDED_UNEXPLAINED,
GKWLIMITED|NOISIN|2,GKWLIMITED,2009-11-20,2010-04-29,,UNKNOWN_NO_ISIN,1,ENDED_UNEXPLAINED,
GKW|NOISIN|1,GKW,2005-01-03,2005-02-24,,UNKNOWN_NO_ISIN,1,ENDED_UNEXPLAINED,
GKW|NOISIN|2,GKW,2006-06-12,2007-09-06,,UNKNOWN_NO_ISIN,1,ENDED_UNEXPLAINED,
GKW|NOISIN|3,GKW,2007-12-03,2009-06-23,,UNKNOWN_NO_ISIN,1,ENDED_UNEXPLAINED,
GLAND|INE068V01023|1,GLAND,2020-11-20,2026-09-30,INE068V01023,EQUITY,1,ACTIVE_AT_CUTOFF,
GLASSWALL|INE644Q01039|1,GLASSWALL,2026-09-16,2026-09-30,INE644Q01039,EQUITY,1,ACTIVE_AT_CUTOFF,
GLAXO|INE159A01016|1,GLAXO,2005-01-03,2026-09-30,INE159A01016,EQUITY,2,ACTIVE_AT_CUTOFF,
GLENMARK|INE935A01035|1,GLENMARK,2005-01-03,2026-09-30,INE935A01035,EQUITY,2,ACTIVE_AT_CUTOFF,
GLFL|INE540A01017|1,GLFL,2010-12-03,2026-09-30,INE540A01017,EQUITY,2,ACTIVE_AT_CUTOFF,
GLFL|NOISIN|1,GLFL,2005-07-08,2006-06-29,,UNKNOWN_NO_ISIN,1,ENDED_UNEXPLAINED,
GLFL|NOISIN|2,GLFL,2006-08-28,2007-07-12,,UNKNOWN_NO_ISIN,1,ENDED_UNEXPLAINED,
GLFL|NOISIN|3,GLFL,2008-02-29,2008-05-02,,UNKNOWN_NO_ISIN,1,ENDED_UNEXPLAINED,
GLFL|NOISIN|4,GLFL,2008-06-13,2010-05-27,,UNKNOWN_NO_ISIN,1,ENDED_UNEXPLAINED,
GLFL|NOISIN|5,GLFL,2010-08-20,2010-09-16,,UNKNOWN_NO_ISIN,1,ENDED_UNEXPLAINED,
GLOBALE|INE0URU01010|1,GLOBALE,2024-09-10,2026-09-30,INE0URU01010,EQUITY,1,ACTIVE_AT_CUTOFF,
GLOBALTELE|NOISIN|1,GLOBALTELE|GTL,2005-01-03,2026-09-30,INE043A01012,EQUITY,3,ACTIVE_AT_CUTOFF,
GLOBALVECT|INE792H01019|1,GLOBALVECT,2010-06-11,2026-09-30,INE792H01019,EQUITY,2,ACTIVE_AT_CUTOFF,
GLOBALVECT|NOISIN|1,GLOBALVECT,2006-10-27,2008-08-21,,UNKNOWN_NO_ISIN,1,ENDED_UNEXPLAINED,
GLOBALVECT|NOISIN|2,GLOBALVECT,2008-12-01,2008-12-26,,UNKNOWN_NO_ISIN,1,ENDED_UNEXPLAINED,
GLOBALVECT|NOISIN|3,GLOBALVECT,2009-03-02,2009-05-28,,UNKNOWN_NO_ISIN,1,ENDED_UNEXPLAINED,
GLOBALVECT|NOISIN|4,GLOBALVECT,2009-11-20,2010-03-18,,UNKNOWN_NO_ISIN,1,ENDED_UNEXPLAINED,
GLOBAL|INE291W01011|1,GLOBAL,2020-12-07,2026-09-30,INE291W01011|INE291W01029|INE291W01037,EQUITY,3,ACTIVE_AT_CUTOFF,
GLOBECIVIL|INE0V3U01015|1,GLOBECIVIL,2025-07-15,2026-09-30,INE0V3U01015,EQUITY,1,ACTIVE_AT_CUTOFF,
GLOBE|INE581X01013|1,GLOBE,2020-10-07,2021-02-01,INE581X01013,EQUITY,1,ENDED_UNEXPLAINED,
GLOBE|INE581X01021|1,GLOBE,2021-10-12,2026-09-30,INE581X01021,EQUITY,1,ACTIVE_AT_CUTOFF,
GLOBUSSPR|INE615I01010|1,GLOBUSSPR,2009-09-23,2026-09-30,INE615I01010,EQUITY,2,ACTIVE_AT_CUTOFF,
GLODYNE|INE932G01021|1,GLODYNE|PARADYNE,2005-11-10,2014-11-05,INE932G01021,EQUITY,3,DELISTED_EVIDENCED,GLODYNE 2018-05-30 Delisting - Liquidation
GLORY|INE408H01012|1,GLORY,2011-09-06,2014-05-16,INE408H01012,EQUITY,1,DELISTED_EVIDENCED,GLORY 2018-07-02 Delisting - Liquidation
GLORY|NOISIN|1,GLORY,2007-06-18,2008-03-07,,UNKNOWN_NO_ISIN,1,ENDED_UNEXPLAINED,
GLORY|NOISIN|2,GLORY,2008-06-13,2008-10-03,,UNKNOWN_NO_ISIN,1,ENDED_UNEXPLAINED,
GLORY|NOISIN|3,GLORY,2008-12-01,2011-06-16,,UNKNOWN_NO_ISIN,1,ENDED_UNEXPLAINED,
GLOSTERLTD|INE350Z01018|1,GLOSTERLTD,2024-04-26,2026-09-30,INE350Z01018,EQUITY,1,ACTIVE_AT_CUTOFF,
GLOTTIS|INE0TQE01026|1,GLOTTIS,2025-10-07,2026-09-30,INE0TQE01026,EQUITY,1,ACTIVE_AT_CUTOFF,
GMBREW|INE075D01018|1,GMBREW,2010-12-03,2026-09-30,INE075D01018,EQUITY,2,ACTIVE_AT_CUTOFF,
GMBREW|NOISIN|1,GMBREW,2005-01-03,2005-07-07,,UNKNOWN_NO_ISIN,1,ENDED_UNEXPLAINED,
GMBREW|NOISIN|2,GMBREW,2005-11-25,2010-08-19,,UNKNOWN_NO_ISIN,1,ENDED_UNEXPLAINED,
GMDCLTD|INE131A01031|1,GMDCLTD,2005-01-03,2026-09-30,INE131A01031,EQUITY,2,ACTIVE_AT_CUTOFF,
GMMPFAUDLR|INE541A01023|1,GMMPFAUDLR,2018-03-05,2026-09-30,INE541A01023,EQUITY,1,ACTIVE_AT_CUTOFF,
GMRAIRPORT|INE776C01039|1,GMRAIRPORT|GMRINFRA,2006-08-21,2026-09-30,INE776C01039,EQUITY,3,ACTIVE_AT_CUTOFF,
GMRINDSTRS|NOISIN|1,GMRINDSTRS,2006-04-28,2006-06-09,,UNKNOWN_NO_ISIN,1,ENDED_UNEXPLAINED,
GMRINDSTRS|NOISIN|2,GMRINDSTRS,2006-08-28,2007-07-12,,UNKNOWN_NO_ISIN,1,ENDED_UNEXPLAINED,
GMRINDS|NOISIN|1,GMRINDS,2007-09-24,2007-11-29,,UNKNOWN_NO_ISIN,1,ENDED_UNEXPLAINED,
GMRINDS|NOISIN|2,GMRINDS,2008-02-29,2009-03-05,,UNKNOWN_NO_ISIN,1,ENDED_UNEXPLAINED,
GMRINDS|NOISIN|3,GMRINDS,2009-06-12,2009-09-17,,UNKNOWN_NO_ISIN,1,ENDED_UNEXPLAINED,
GMRINDS|NOISIN|4,GMRINDS,2009-11-20,2009-12-24,,UNKNOWN_NO_ISIN,1,ENDED_UNEXPLAINED,
GMRINDS|NOISIN|5,GMRINDS,2010-02-19,2010-10-14,,UNKNOWN_NO_ISIN,1,ENDED_UNEXPLAINED,
GMRP&UI|INE0CU601026|1,GMRP&UI,2022-04-06,2026-09-30,INE0CU601026,EQUITY,1,ACTIVE_AT_CUTOFF,
GNA|INE934S01014|1,GNA,2016-10-10,2026-09-30,INE934S01014,EQUITY,1,ACTIVE_AT_CUTOFF,
GNFC|INE113A01013|1,GNFC,2005-01-03,2026-09-30,INE113A01013,EQUITY,2,ACTIVE_AT_CUTOFF,
GNRL|INE207H01018|1,GNRL,2026-04-20,2026-09-30,INE207H01018,EQUITY,1,ACTIVE_AT_CUTOFF,
GOACARBON|INE426D01013|1,GOACARBON,2008-12-01,2026-09-30,INE426D01013,EQUITY,2,ACTIVE_AT_CUTOFF,
GOACARBON|NOISIN|1,GOACARBON,2007-06-05,2008-01-10,,UNKNOWN_NO_ISIN,1,ENDED_UNEXPLAINED,
GOACARBON|NOISIN|2,GOACARBON,2008-02-29,2008-04-21,,UNKNOWN_NO_ISIN,1,ENDED_UNEXPLAINED,
GOACARBON|NOISIN|3,GOACARBON,2008-06-13,2008-08-21,,UNKNOWN_NO_ISIN,1,ENDED_UNEXPLAINED,
GOCLCORP|INE077F01035|1,GOCLCORP|GULFCORP,2014-07-10,2026-09-30,INE077F01035,EQUITY,2,ACTIVE_AT_CUTOFF,
GOCOLORS|INE0BJS01011|1,GOCOLORS,2021-11-30,2026-09-30,INE0BJS01011,EQUITY,1,ACTIVE_AT_CUTOFF,
GODAVARIB|INE497S01012|1,GODAVARIB,2024-10-30,2026-09-30,INE497S01012,EQUITY,1,ACTIVE_AT_CUTOFF,
GODAVRFERT|NOISIN|1,GODAVRFERT,2005-01-03,2007-03-01,,UNKNOWN_NO_ISIN,1,ENDED_UNEXPLAINED,
GODAVRFERT|NOISIN|2,GODAVRFERT,2007-06-08,2008-02-14,,UNKNOWN_NO_ISIN,1,ENDED_UNEXPLAINED,
GODFRYPHLP|INE260B01010|1,GODFRYPHLP,2005-01-03,2026-09-30,INE260B01010|INE260B01028,EQUITY,3,ACTIVE_AT_CUTOFF,
GODHA|INE925Y01010|1,GODHA,2020-12-24,2022-01-27,INE925Y01010,EQUITY,1,ENDED_UNEXPLAINED,
GODIGIT|INE03JT01014|1,GODIGIT,2024-05-23,2026-09-30,INE03JT01014,EQUITY,1,ACTIVE_AT_CUTOFF,
GODREJAGRO|INE850D01014|1,GODREJAGRO,2017-10-16,2026-09-30,INE850D01014,EQUITY,1,ACTIVE_AT_CUTOFF,
GODREJCP|INE102D01028|1,GODREJCP,2005-01-03,2026-09-30,INE102D01028,EQUITY,2,ACTIVE_AT_CUTOFF,
GODREJIND|INE233A01035|1,GODREJIND,2005-01-03,2026-09-30,INE233A01035,EQUITY,2,ACTIVE_AT_CUTOFF,
GODREJPROP|INE484J01019|1,GODREJPROP,2010-01-05,2026-09-30,INE484J01019|INE484J01027,EQUITY,3,ACTIVE_AT_CUTOFF,
GOENKA|INE516K01016|1,GOENKA,2010-04-16,2014-09-23,INE516K01016|INE516K01024,EQUITY,3,ENDED_UNEXPLAINED,
GOKEX|INE887G01027|1,GOKEX,2011-06-17,2026-09-30,INE887G01027,EQUITY,2,ACTIVE_AT_CUTOFF,
GOKEX|NOISIN|1,GOKEX,2005-04-27,2009-04-02,,UNKNOWN_NO_ISIN,1,ENDED_UNEXPLAINED,
GOKEX|NOISIN|2,GOKEX,2009-08-21,2011-03-17,,UNKNOWN_NO_ISIN,1,ENDED_UNEXPLAINED,
GOKULAGRO|INE314T01025|1,GOKULAGRO,2016-03-29,2026-09-30,INE314T01025|INE314T01033,EQUITY,2,ACTIVE_AT_CUTOFF,
GOKUL|INE020J01029|1,GOKUL,2008-06-04,2026-09-30,INE020J01029,EQUITY,2,ACTIVE_AT_CUTOFF,
GOLD1|INF174KA1HJ8|1,GOLD1|KOTAKGOLD,2021-07-23,2026-09-30,INF174KA1HJ8,FUND_UNIT,2,ACTIVE_AT_CUTOFF,
GOLD360|INF579M01BB5|1,GOLD360,2025-03-17,2026-09-30,INF579M01BB5,FUND_UNIT,1,ACTIVE_AT_CUTOFF,
GOLDADD|INF740KA1ZP2|1,GOLDADD,2026-08-28,2026-09-30,INF740KA1ZP2,FUND_UNIT,1,ACTIVE_AT_CUTOFF,
GOLDBEES|INF204KB17I5|1,GOLDBEES,2019-12-20,2026-09-30,INF204KB17I5,FUND_UNIT,1,ACTIVE_AT_CUTOFF,
GOLDBEES|INF732E01102|1,GOLDBEES,2007-03-19,2019-12-19,INF732E01102,FUND_UNIT,2,ENDED_UNEXPLAINED,
GOLDBETA|INF789F1AUX7|1,GOLDBETA|GOLDSHARE,2021-03-26,2026-09-30,INF789F1AUX7,FUND_UNIT,2,ACTIVE_AT_CUTOFF,
GOLDBND|INF194KB1KJ7|1,GOLDBND,2025-12-12,2026-09-30,INF194KB1KJ7,FUND_UNIT,1,ACTIVE_AT_CUTOFF,
GOLDCASE|INF0R8F01042|1,GOLDCASE,2024-03-01,2026-09-30,INF0R8F01042,FUND_UNIT,1,ACTIVE_AT_CUTOFF,
GOLDENTOBC|INE973A01010|1,GOLDENTOBC,2010-02-19,2022-06-14,INE973A01010,EQUITY,2,ENDED_UNEXPLAINED,
GOLDENTOBC|NOISIN|1,GOLDENTOBC|GTCIND,2005-01-03,2009-06-11,,UNKNOWN_NO_ISIN,2,ENDED_UNEXPLAINED,
GOLDENTOBC|NOISIN|2,GOLDENTOBC,2009-08-21,2009-11-26,,UNKNOWN_NO_ISIN,1,ENDED_UNEXPLAINED,
GOLDETF|INF769K01JP9|1,GOLDETF|MAGOLDETF,2023-02-24,2026-09-30,INF769K01JP9,FUND_UNIT,2,ACTIVE_AT_CUTOFF,
GOLDIAM|INE025B01017|1,GOLDIAM,2010-12-03,2026-09-30,INE025B01017|INE025B01025,EQUITY,3,ACTIVE_AT_CUTOFF,
GOLDIAM|NOISIN|1,GOLDIAM,2005-08-29,2007-03-01,,UNKNOWN_NO_ISIN,1,ENDED_UNEXPLAINED,
GOLDIAM|NOISIN|2,GOLDIAM,2007-06-08,2007-12-28,,UNKNOWN_NO_ISIN,1,ENDED_UNEXPLAINED,
GOLDIAM|NOISIN|3,GOLDIAM,2008-02-29,2009-04-17,,UNKNOWN_NO_ISIN,1,ENDED_UNEXPLAINED,
GOLDIAM|NOISIN|4,GOLDIAM,2009-08-21,2010-08-19,,UNKNOWN_NO_ISIN,1,ENDED_UNEXPLAINED,
GOLDIETF|INF109KC1NT3|1,GOLDIETF|ICICIGOLD,2018-11-16,2026-09-30,INF109KC1NT3,FUND_UNIT,2,ACTIVE_AT_CUTOFF,
GOLDINFRA|INE260D01016|1,GOLDINFRA|OLECTRA,2008-08-22,2026-09-30,INE260D01016,EQUITY,3,ACTIVE_AT_CUTOFF,
GOLDINFRA|NOISIN|1,GOLDINFRA|GOLDTELE,2007-08-31,2008-06-12,,UNKNOWN_NO_ISIN,2,ENDED_UNEXPLAINED,
GOLDIWIN|INF109KB1WF4|1,GOLDIWIN|ICICIGOLD|IGOLD,2016-06-10,2018-11-15,INF109KB1WF4,FUND_UNIT,3,ENDED_UNEXPLAINED,
GOLDSHARE|INF789F01059|1,GOLDSHARE,2007-04-17,2021-03-25,INF789F01059,FUND_UNIT,2,ENDED_UNEXPLAINED,
GOLDTECH|INE805A01014|1,GOLDTECH,2008-02-29,2026-07-01,INE805A01014,EQUITY,2,ENDED_UNEXPLAINED,
GOLDTECH|NOISIN|1,GOLDTECH,2005-01-03,2005-09-01,,UNKNOWN_NO_ISIN,1,ENDED_UNEXPLAINED,
GOLDTECH|NOISIN|2,GOLDTECH,2006-06-12,2007-11-15,,UNKNOWN_NO_ISIN,1,ENDED_UNEXPLAINED,
GOLDTELE|NOISIN|1,GOLDTELE,2005-07-08,2005-09-22,,UNKNOWN_NO_ISIN,1,ENDED_UNEXPLAINED,
GOLDTELE|NOISIN|2,GOLDTELE,2005-11-25,2006-04-27,,UNKNOWN_NO_ISIN,1,ENDED_UNEXPLAINED,
GOLDTELE|NOISIN|3,GOLDTELE,2006-06-12,2007-07-26,,UNKNOWN_NO_ISIN,1,ENDED_UNEXPLAINED,
GOODLASNER|NOISIN|1,GOODLASNER|KANSAINER,2005-01-03,2026-09-30,INE531A01016|INE531A01024,EQUITY,4,ACTIVE_AT_CUTOFF,
GOODLUCK|INE127I01024|1,GOODLUCK,2015-01-08,2026-09-30,INE127I01024,EQUITY,1,ACTIVE_AT_CUTOFF,
GOODYEAR|INE533A01012|1,GOODYEAR,2020-10-05,2026-09-30,INE533A01012,EQUITY,1,ACTIVE_AT_CUTOFF,
GOPAL|INE0L9R01028|1,GOPAL,2024-03-14,2026-09-30,INE0L9R01028,EQUITY,1,ACTIVE_AT_CUTOFF,
GOYALALUM|INE705X01018|1,GOYALALUM,2022-11-04,2023-03-09,INE705X01018,EQUITY,1,ENDED_UNEXPLAINED,
GOYALALUM|INE705X01026|1,GOYALALUM,2023-05-23,2026-09-30,INE705X01026,EQUITY,1,ACTIVE_AT_CUTOFF,
GPELECT|NOISIN|1,GPELECT,2005-01-03,2005-03-24,,UNKNOWN_NO_ISIN,1,ENDED_UNEXPLAINED,
GPELECT|NOISIN|2,GPELECT,2005-07-08,2005-07-29,,UNKNOWN_NO_ISIN,1,ENDED_UNEXPLAINED,
GPELECT|NOISIN|3,GPELECT,2006-06-12,2007-08-16,,UNKNOWN_NO_ISIN,1,ENDED_UNEXPLAINED,
GPELECT|NOISIN|4,GPELECT,2008-03-03,2008-05-28,,UNKNOWN_NO_ISIN,1,ENDED_UNEXPLAINED,
GPELECT|NOISIN|5,GPELECT,2008-08-25,2008-09-19,,UNKNOWN_NO_ISIN,1,ENDED_UNEXPLAINED,
GPELECT|NOISIN|6,GPELECT,2008-10-24,2008-11-21,,UNKNOWN_NO_ISIN,1,ENDED_UNEXPLAINED,
GPIL|INE177H01013|1,GPIL,2007-08-31,2026-09-30,INE177H01013|INE177H01021|INE177H01039,EQUITY,4,ACTIVE_AT_CUTOFF,
GPIL|NOISIN|1,GPIL,2006-04-25,2007-06-07,,UNKNOWN_NO_ISIN,1,ENDED_UNEXPLAINED,
GPPL|INE517F01014|1,GPPL,2010-09-09,2026-09-30,INE517F01014,EQUITY,2,ACTIVE_AT_CUTOFF,
GPTHEALTH|INE486R01017|1,GPTHEALTH,2024-02-29,2026-09-30,INE486R01017,EQUITY,1,ACTIVE_AT_CUTOFF,
GPTINFRA|INE390G01014|1,GPTINFRA,2016-07-11,2026-09-30,INE390G01014,EQUITY,1,ACTIVE_AT_CUTOFF,
GRABALALK|INE012D01011|1,GRABALALK,2009-03-02,2012-03-12,INE012D01011,EQUITY,2,ENDED_UNEXPLAINED,
GRABALALK|NOISIN|1,GRABALALK,2008-04-08,2008-11-19,,UNKNOWN_NO_ISIN,1,ENDED_UNEXPLAINED,
GRADIENTE|INE361K01017|1,GRADIENTE,2026-05-22,2026-09-15,INE361K01017,EQUITY,1,ENDED_UNEXPLAINED,
GRANDFONRY|NOISIN|1,GRANDFONRY,2005-01-03,2005-02-03,,UNKNOWN_NO_ISIN,1,ENDED_UNEXPLAINED,
GRANDFONRY|NOISIN|2,GRANDFONRY,2005-04-08,2005-04-15,,UNKNOWN_NO_ISIN,1,ENDED_UNEXPLAINED,
GRANDFONRY|NOISIN|3,GRANDFONRY,2005-07-08,2005-07-21,,UNKNOWN_NO_ISIN,1,ENDED_UNEXPLAINED,
GRANDOAK|INE926B01016|1,GRANDOAK,2026-04-20,2026-09-30,INE926B01016,EQUITY,1,ACTIVE_AT_CUTOFF,
GRANULES|INE101D01012|1,GRANULES,2005-06-20,2026-09-30,INE101D01012|INE101D01020,EQUITY,3,ACTIVE_AT_CUTOFF,
GRAPHITE|INE371A01025|1,GRAPHITE,2005-01-03,2026-09-30,INE371A01025,EQUITY,2,ACTIVE_AT_CUTOFF,
GRASIM|INE047A01013|1,GRASIM,2005-01-03,2026-09-30,INE047A01013|INE047A01021,EQUITY,3,ACTIVE_AT_CUTOFF,
GRAUWEIL|INE266D01021|1,GRAUWEIL,2021-08-05,2026-09-30,INE266D01021,EQUITY,1,ACTIVE_AT_CUTOFF,
GRAVISSHO|INE214F01026|1,GRAVISSHO,2026-04-20,2026-09-16,INE214F01026,EQUITY,1,ENDED_UNEXPLAINED,
GRAVITA|INE024L01019|1,GRAVITA,2010-11-16,2026-09-30,INE024L01019|INE024L01027,EQUITY,3,ACTIVE_AT_CUTOFF,
GREAVESCOT|INE224A01026|1,GREAVESCOT,2005-01-03,2026-09-30,INE224A01026,EQUITY,2,ACTIVE_AT_CUTOFF,
GREENFIRE|INE217G01027|1,GREENFIRE|PROSEED,2012-10-31,2020-12-17,INE217G01027,EQUITY,2,ENDED_UNEXPLAINED,
GREENLAM|INE544R01013|1,GREENLAM,2015-03-17,2026-09-30,INE544R01013|INE544R01021,EQUITY,2,ACTIVE_AT_CUTOFF,
GREENPANEL|INE08ZM01014|1,GREENPANEL,2019-11-06,2026-09-30,INE08ZM01014,EQUITY,1,ACTIVE_AT_CUTOFF,
GREENPLY|INE461C01020|1,GREENPLY,2005-01-03,2026-09-30,INE461C01020|INE461C01038,EQUITY,3,ACTIVE_AT_CUTOFF,
GREENPOWER|INE999K01014|1,GREENPOWER,2010-10-08,2026-09-30,INE999K01014,EQUITY,2,ACTIVE_AT_CUTOFF,
GRINDWELL|INE536A01023|1,GRINDWELL,2006-09-11,2026-09-30,INE536A01023,EQUITY,2,ACTIVE_AT_CUTOFF,
GRINFRA|INE201P01022|1,GRINFRA,2021-07-19,2026-09-30,INE201P01022,EQUITY,1,ACTIVE_AT_CUTOFF,
GRMOVER|INE192H01020|1,GRMOVER,2022-09-07,2026-09-30,INE192H01020,EQUITY,1,ACTIVE_AT_CUTOFF,
GROBTEA|INE646C01018|1,GROBTEA,2016-11-22,2026-09-30,INE646C01018,EQUITY,1,ACTIVE_AT_CUTOFF,
GROWEV|INF666M01IH2|1,GROWEV|GROWWEV,2024-08-12,2026-09-30,INF666M01IH2,FUND_UNIT,2,ACTIVE_AT_CUTOFF,
GROWWCAPM|INF666M01MM4|1,GROWWCAPM,2025-12-04,2026-09-30,INF666M01MM4,FUND_UNIT,1,ACTIVE_AT_CUTOFF,
GROWWCHEM|INF666M01NP5|1,GROWWCHEM,2026-01-16,2026-09-30,INF666M01NP5,FUND_UNIT,1,ACTIVE_AT_CUTOFF,
GROWWDEFNC|INF666M01IO8|1,GROWWDEFNC,2024-10-11,2026-09-30,INF666M01IO8,FUND_UNIT,1,ACTIVE_AT_CUTOFF,
GROWWGOLD|INF666M01IW1|1,GROWWGOLD,2024-10-24,2026-02-05,INF666M01IW1,FUND_UNIT,1,ENDED_UNEXPLAINED,
GROWWGOLD|INF666M01OE7|1,GROWWGOLD,2026-02-06,2026-09-30,INF666M01OE7,FUND_UNIT,1,ACTIVE_AT_CUTOFF,
GROWWHOSPI|INF666M01OD9|1,GROWWHOSPI,2026-03-05,2026-09-30,INF666M01OD9,FUND_UNIT,1,ACTIVE_AT_CUTOFF,
GROWWLIQID|INF666M01IP5|1,GROWWLIQID,2024-09-26,2026-09-30,INF666M01IP5,FUND_UNIT,1,ACTIVE_AT_CUTOFF,
GROWWLOVOL|INF666M01LB9|1,GROWWLOVOL,2025-06-17,2026-09-30,INF666M01LB9,FUND_UNIT,1,ACTIVE_AT_CUTOFF,
GROWWMC150|INF666M01MV5|1,GROWWMC150,2025-11-17,2026-09-30,INF666M01MV5,FUND_UNIT,1,ACTIVE_AT_CUTOFF,
GROWWMETAL|INF666M01NI0|1,GROWWMETAL,2025-12-23,2026-09-30,INF666M01NI0,FUND_UNIT,1,ACTIVE_AT_CUTOFF,
GROWWMOM50|INF666M01KJ4|1,GROWWMOM50,2025-04-24,2026-09-30,INF666M01KJ4,FUND_UNIT,1,ACTIVE_AT_CUTOFF,
GROWWN200|INF666M01JV1|1,GROWWN200,2025-02-28,2026-09-30,INF666M01JV1,FUND_UNIT,1,ACTIVE_AT_CUTOFF,
GROWWNET|INF666M01LI4|1,GROWWNET,2025-07-03,2026-09-30,INF666M01LI4,FUND_UNIT,1,ACTIVE_AT_CUTOFF,
GROWWNIFTY|INF666M01LL8|1,GROWWNIFTY,2025-07-22,2026-09-30,INF666M01LL8,FUND_UNIT,1,ACTIVE_AT_CUTOFF,
GROWWNXT50|INF666M01LZ8|1,GROWWNXT50,2025-08-26,2026-09-30,INF666M01LZ8,FUND_UNIT,1,ACTIVE_AT_CUTOFF,
GROWWPOWER|INF666M01LM6|1,GROWWPOWER,2025-08-07,2026-09-30,INF666M01LM6,FUND_UNIT,1,ACTIVE_AT_CUTOFF,
GROWWPSE|INF666M01NQ3|1,GROWWPSE,2026-02-11,2026-09-30,INF666M01NQ3,FUND_UNIT,1,ACTIVE_AT_CUTOFF,
GROWWPSUBK|INF666M01OG2|1,GROWWPSUBK,2026-03-27,2026-09-30,INF666M01OG2,FUND_UNIT,1,ACTIVE_AT_CUTOFF,
GROWWRAIL|INF666M01JJ6|1,GROWWRAIL,2025-02-07,2026-09-30,INF666M01JJ6,FUND_UNIT,1,ACTIVE_AT_CUTOFF,
GROWWRLTY|INF666M01MN2|1,GROWWRLTY,2025-10-09,2026-09-30,INF666M01MN2,FUND_UNIT,1,ACTIVE_AT_CUTOFF,
GROWWSC250|INF666M01MO0|1,GROWWSC250,2025-10-30,2026-09-30,INF666M01MO0,FUND_UNIT,1,ACTIVE_AT_CUTOFF,
GROWWSLVR|INF666M01LA1|1,GROWWSLVR,2025-05-23,2026-02-05,INF666M01LA1,FUND_UNIT,1,ENDED_UNEXPLAINED,
GROWWSLVR|INF666M01OF4|1,GROWWSLVR,2026-02-06,2026-09-30,INF666M01OF4,FUND_UNIT,1,ACTIVE_AT_CUTOFF,
GROWW|INE0HOQ01053|1,GROWW,2025-11-12,2026-09-30,INE0HOQ01053,EQUITY,1,ACTIVE_AT_CUTOFF,
GRPLTD|INE137I01015|1,GRPLTD,2015-02-12,2026-09-30,INE137I01015,EQUITY,1,ACTIVE_AT_CUTOFF,
GRSE|INE382Z01011|1,GRSE,2018-10-10,2026-09-30,INE382Z01011,EQUITY,1,ACTIVE_AT_CUTOFF,
GRUH|INE580B01011|1,GRUH,2005-01-03,2019-10-15,INE580B01011|INE580B01029,EQUITY,3,ENDED_UNEXPLAINED,
GRWRHITECH|INE291A01017|1,GRWRHITECH,2022-02-03,2026-09-30,INE291A01017,EQUITY,1,ACTIVE_AT_CUTOFF,
GSCLCEMENT|INE542A01039|1,GSCLCEMENT,2013-05-29,2023-04-20,INE542A01039,EQUITY,1,ENDED_UNEXPLAINED,
GSEC10ABSL|INF209KC1142|1,GSEC10ABSL,2024-08-19,2026-09-30,INF209KC1142,FUND_UNIT,1,ACTIVE_AT_CUTOFF,
GSEC10ADD|INF740KA1ZI7|1,GSEC10ADD,2026-08-20,2026-09-29,INF740KA1ZI7,FUND_UNIT,1,ENDED_UNEXPLAINED,
GSEC10IETF|INF109KC18O0|1,GSEC10IETF|ICICI10GS,2022-12-19,2026-09-29,INF109KC18O0,FUND_UNIT,2,ENDED_UNEXPLAINED,
GSEC10YEAR|INF769K01KF8|1,GSEC10YEAR|MAGS813ETF,2023-04-10,2026-09-30,INF769K01KF8,FUND_UNIT,2,ACTIVE_AT_CUTOFF,
GSEC5IETF|INF109KC14A8|1,GSEC5IETF|ICICI5GSEC,2022-03-10,2026-09-30,INF109KC14A8,FUND_UNIT,2,ACTIVE_AT_CUTOFF,
GSFC|INE026A01017|1,GSFC,2005-01-03,2026-09-30,INE026A01017|INE026A01025,EQUITY,3,ACTIVE_AT_CUTOFF,
GSKCONS|INE264A01014|1,GSKCONS,2005-01-03,2020-04-15,INE264A01014,EQUITY,2,ENDED_UNEXPLAINED,
GSLNOVA|INE787A01022|1,GSLNOVA|NOVA,2009-12-14,2015-04-13,INE787A01022,EQUITY,3,DELISTED_EVIDENCED,GSLNOVA 2015-04-22 Voluntary Delisting
GSLSU|INE0JSX01015|1,GSLSU,2023-04-11,2026-09-30,INE0JSX01015,EQUITY,1,ACTIVE_AT_CUTOFF,
GSPCROP|INE713R01022|1,GSPCROP,2026-03-24,2026-09-30,INE713R01022,EQUITY,1,ACTIVE_AT_CUTOFF,
GSPL|INE246F01010|1,GSPL,2006-02-16,2026-05-11,INE246F01010,EQUITY,2,ENDED_UNEXPLAINED,
GSSAMERICA|INE871H01011|1,GSS|GSSAMERICA,2009-06-12,2026-09-30,INE871H01011,EQUITY,3,ACTIVE_AT_CUTOFF,
GSSAMERICA|NOISIN|1,GSSAMERICA,2008-03-07,2009-02-27,,UNKNOWN_NO_ISIN,1,ENDED_UNEXPLAINED,
GTECJAINX|INE586X01012|1,GTECJAINX|KEERTI,2020-11-13,2026-09-30,INE586X01012,EQUITY,2,ACTIVE_AT_CUTOFF,
GTLINFRA|INE221H01019|1,GTLINFRA,2006-11-09,2026-09-30,INE221H01019,EQUITY,2,ACTIVE_AT_CUTOFF,
GTNIND|INE537A01013|1,GTNIND,2010-08-20,2021-03-12,INE537A01013,EQUITY,2,ENDED_UNEXPLAINED,
GTNIND|NOISIN|1,GTNIND|GTNTEXT,2005-01-03,2006-11-16,,UNKNOWN_NO_ISIN,2,ENDED_UNEXPLAINED,
GTNIND|NOISIN|2,GTNIND,2007-03-02,2008-01-10,,UNKNOWN_NO_ISIN,1,ENDED_UNEXPLAINED,
GTNIND|NOISIN|3,GTNIND,2008-02-29,2009-06-11,,UNKNOWN_NO_ISIN,1,ENDED_UNEXPLAINED,
GTNIND|NOISIN|4,GTNIND,2009-08-21,2009-12-10,,UNKNOWN_NO_ISIN,1,ENDED_UNEXPLAINED,
GTNIND|NOISIN|5,GTNIND,2010-02-19,2010-07-08,,UNKNOWN_NO_ISIN,1,ENDED_UNEXPLAINED,
GTNTEX|INE302H01017|1,GTNTEX,2010-08-20,2022-01-03,INE302H01017,EQUITY,2,ENDED_UNEXPLAINED,
GTNTEX|NOISIN|1,GTNTEX,2006-05-18,2008-01-10,,UNKNOWN_NO_ISIN,1,ENDED_UNEXPLAINED,
GTNTEX|NOISIN|2,GTNTEX,2008-02-29,2009-06-11,,UNKNOWN_NO_ISIN,1,ENDED_UNEXPLAINED,
GTNTEX|NOISIN|3,GTNTEX,2009-08-21,2009-12-10,,UNKNOWN_NO_ISIN,1,ENDED_UNEXPLAINED,
GTNTEX|NOISIN|4,GTNTEX,2010-02-19,2010-07-08,,UNKNOWN_NO_ISIN,1,ENDED_UNEXPLAINED,
GTOFFSHORE|INE892H01017|1,GTOFFSHORE,2006-12-21,2017-06-21,INE892H01017,EQUITY,2,DELISTED_EVIDENCED,GTOFFSHORE 2018-07-02 Delisting - Liquidation
GTPL|INE869I01013|1,GTPL,2017-07-04,2026-09-30,INE869I01013,EQUITY,1,ACTIVE_AT_CUTOFF,
GUFICBIO|INE742B01025|1,GUFICBIO,2011-09-06,2026-09-30,INE742B01025,EQUITY,1,ACTIVE_AT_CUTOFF,
GUFICBIO|NOISIN|1,GUFICBIO,2005-01-03,2006-01-05,,UNKNOWN_NO_ISIN,1,ENDED_UNEXPLAINED,
GUFICBIO|NOISIN|2,GUFICBIO,2006-06-12,2007-09-20,,UNKNOWN_NO_ISIN,1,ENDED_UNEXPLAINED,
GUFICBIO|NOISIN|3,GUFICBIO,2007-12-03,2007-12-28,,UNKNOWN_NO_ISIN,1,ENDED_UNEXPLAINED,
GUFICBIO|NOISIN|4,GUFICBIO,2008-02-29,2009-05-28,,UNKNOWN_NO_ISIN,1,ENDED_UNEXPLAINED,
GUFICBIO|NOISIN|5,GUFICBIO,2009-08-21,2010-01-07,,UNKNOWN_NO_ISIN,1,ENDED_UNEXPLAINED,
GUFICBIO|NOISIN|6,GUFICBIO,2010-02-19,2010-07-08,,UNKNOWN_NO_ISIN,1,ENDED_UNEXPLAINED,
GUFICBIO|NOISIN|7,GUFICBIO,2010-08-20,2011-06-16,,UNKNOWN_NO_ISIN,1,ENDED_UNEXPLAINED,
GUJALKALI|INE186A01019|1,GUJALKALI,2005-01-03,2026-09-30,INE186A01019,EQUITY,2,ACTIVE_AT_CUTOFF,
GUJAPOLIND|NOISIN|1,GUJAPOLIND|GUJAPOLLO,2007-06-04,2026-09-30,INE826C01016,EQUITY,3,ACTIVE_AT_CUTOFF,
GUJENERGY|INE844O01030|1,GUJENERGY|GUJGASLTD,2015-10-01,2026-09-30,INE844O01022|INE844O01030,EQUITY,3,ACTIVE_AT_CUTOFF,
GUJGLASS|NOISIN|1,GUJGLASS|PIRGLASS,2008-02-28,2009-04-17,,UNKNOWN_NO_ISIN,2,ENDED_UNEXPLAINED,
GUJNRECOKE|INE110D01013|1,GUJNRECOKE,2005-01-03,2018-02-09,INE110D01013,EQUITY,2,ENDED_UNEXPLAINED,
GUJNREDVR|IN9110D01011|1,GUJNREDVR,2010-05-26,2018-02-09,IN9110D01011,OTHER_ISIN,2,ENDED_UNEXPLAINED,
GUJRAFFIA|INE610B01024|1,GUJRAFFIA,2024-04-29,2026-09-30,INE610B01024,EQUITY,1,ACTIVE_AT_CUTOFF,
GUJRATGAS|INE374A01029|1,GUJRATGAS,2005-01-03,2015-05-26,INE374A01029,EQUITY,2,ENDED_UNEXPLAINED,
GUJSIDHCEM|INE542A01013|1,GUJSIDHCEM,2011-06-17,2013-02-21,INE542A01013,EQUITY,2,ENDED_UNEXPLAINED,
GUJSIDHCEM|NOISIN|1,GUJSIDHCEM,2005-01-03,2005-05-19,,UNKNOWN_NO_ISIN,1,ENDED_UNEXPLAINED,
GUJSIDHCEM|NOISIN|2,GUJSIDHCEM,2005-07-08,2005-07-14,,UNKNOWN_NO_ISIN,1,ENDED_UNEXPLAINED,
GUJSIDHCEM|NOISIN|3,GUJSIDHCEM,2006-06-12,2011-04-18,,UNKNOWN_NO_ISIN,1,ENDED_UNEXPLAINED,
GUJTHEM|INE942C01045|1,GUJTHEM,2025-02-25,2026-09-30,INE942C01045,EQUITY,1,ACTIVE_AT_CUTOFF,
GULFOILCOR|INE077F01027|1,GULFOILCOR,2009-08-21,2014-06-03,INE077F01027,EQUITY,2,ENDED_UNEXPLAINED,
GULFOILCOR|NOISIN|1,GULFOILCOR,2007-11-08,2009-06-11,,UNKNOWN_NO_ISIN,1,ENDED_UNEXPLAINED,
GULFOILLUB|INE635Q01029|1,GULFOILLUB,2014-08-14,2026-09-30,INE635Q01029,EQUITY,1,ACTIVE_AT_CUTOFF,
GULFPETRO|INE586G01017|1,GULFPETRO|SAHPETRO,2011-03-07,2026-06-09,INE586G01017,EQUITY,3,ENDED_UNEXPLAINED,
GULPOLY|INE255D01016|1,GULPOLY,2015-01-28,2016-12-27,INE255D01016,EQUITY,1,ENDED_UNEXPLAINED,
GULPOLY|INE255D01024|1,GULPOLY,2016-12-28,2026-09-30,INE255D01024,EQUITY,1,ACTIVE_AT_CUTOFF,
GVKPIL|INE251H01024|1,GVKPIL,2006-02-27,2024-07-19,INE251H01024,EQUITY,2,ENDED_UNEXPLAINED,
GVPTECH|INE382T01030|1,GVPTECH,2024-03-26,2026-09-02,INE382T01030,EQUITY,1,ENDED_UNEXPLAINED,
GYFTR|INE724A01017|1,GYFTR,2026-07-10,2026-09-30,INE724A01017,EQUITY,1,ACTIVE_AT_CUTOFF,
HALDER|INE115S01010|1,HALDER,2026-02-24,2026-09-30,INE115S01010,EQUITY,1,ACTIVE_AT_CUTOFF,
HALDYNGL|INE506D01020|1,HALDYNGL,2026-04-20,2026-09-30,INE506D01020,EQUITY,1,ACTIVE_AT_CUTOFF,
HALEOSLABS|INE320X01016|1,HALEOSLABS|SMSLIFE,2017-09-01,2026-09-30,INE320X01016,EQUITY,2,ACTIVE_AT_CUTOFF,
HALONIX|INE455B01016|1,HALONIX|PHOENIXLL,2010-12-03,2017-09-11,INE455B01016,EQUITY,3,ENDED_UNEXPLAINED,
HALONIX|NOISIN|1,HALONIX|PHOENIXLMP,2006-08-28,2010-08-05,,UNKNOWN_NO_ISIN,2,ENDED_UNEXPLAINED,
HAL|INE066F01012|1,HAL,2018-03-28,2026-09-30,INE066F01012|INE066F01020,EQUITY,2,ACTIVE_AT_CUTOFF,
HAMPTON|INE299D01022|1,HAMPTON,2026-08-17,2026-09-30,INE299D01022,EQUITY,1,ACTIVE_AT_CUTOFF,
HANILERA|NOISIN|1,HANILERA,2005-07-11,2006-07-11,,UNKNOWN_NO_ISIN,1,DELISTED_EVIDENCED,HANILERA 2016-09-12 Delisting - Liquidation
HANUNG|INE648H01013|1,HANUNG,2006-10-20,2017-08-02,INE648H01013,EQUITY,2,DELISTED_EVIDENCED,HANUNG 2019-10-17 Delisting - Liquidation
HAPPSTMNDS|INE419U01012|1,HAPPSTMNDS,2020-09-17,2026-09-30,INE419U01012,EQUITY,1,ACTIVE_AT_CUTOFF,
HAPPYFORGE|INE330T01021|1,HAPPYFORGE,2023-12-27,2026-09-30,INE330T01021,EQUITY,1,ACTIVE_AT_CUTOFF,
HARDWYN|INE626Z01011|1,HARDWYN,2022-04-12,2026-09-30,INE626Z01011|INE626Z01029,EQUITY,2,ACTIVE_AT_CUTOFF,
HARIOMPIPE|INE00EV01017|1,HARIOMPIPE,2022-04-29,2026-09-30,INE00EV01017,EQUITY,1,ACTIVE_AT_CUTOFF,
HARITASEAT|INE939D01015|1,HARITASEAT,2010-06-14,2021-04-09,INE939D01015,EQUITY,2,ENDED_UNEXPLAINED,
HARITASEAT|NOISIN|1,HARITASEAT,2009-04-06,2010-03-18,,UNKNOWN_NO_ISIN,1,ENDED_UNEXPLAINED,
HARRMALAYA|INE544A01019|1,HARRMALAYA,2007-03-02,2026-09-30,INE544A01019,EQUITY,2,ACTIVE_AT_CUTOFF,
HARRMALAYA|NOISIN|1,HARRMALAYA,2005-01-03,2007-01-11,,UNKNOWN_NO_ISIN,1,ENDED_UNEXPLAINED,
HARSHA|INE0JUS01029|1,HARSHA,2022-09-26,2026-09-30,INE0JUS01029,EQUITY,1,ACTIVE_AT_CUTOFF,
HARYANSHET|NOISIN|1,HARYANSHET,2005-01-03,2005-03-03,,UNKNOWN_NO_ISIN,1,ENDED_UNEXPLAINED,
HARYANSHET|NOISIN|2,HARYANSHET,2005-04-08,2005-07-21,,UNKNOWN_NO_ISIN,1,DELISTED_EVIDENCED,HARYANSHET 2017-03-24 Compulsory Delisting
HATHWAY|INE982F01028|1,HATHWAY,2010-02-25,2026-09-30,INE982F01028|INE982F01036,EQUITY,3,ACTIVE_AT_CUTOFF,
HATSUN|INE473B01035|1,HATSUN,2014-06-20,2026-09-30,INE473B01035,EQUITY,1,ACTIVE_AT_CUTOFF,
HAVELLS|INE176B01026|1,HAVELLS,2005-01-03,2026-09-30,INE176B01026|INE176B01034,EQUITY,3,ACTIVE_AT_CUTOFF,
HAVISHA|INE293B01029|1,HAVISHA,2024-04-23,2026-09-30,INE293B01029,EQUITY,1,ACTIVE_AT_CUTOFF,
HAWKINCOOK|INE979B01015|1,HAWKINCOOK,2026-04-20,2026-09-30,INE979B01015,EQUITY,1,ACTIVE_AT_CUTOFF,
HAZOOR|INE550F01049|1,HAZOOR,2026-08-17,2026-09-30,INE550F01049,EQUITY,1,ACTIVE_AT_CUTOFF,
HBANKETF|INF179KC1AN8|1,HBANKETF|HDFCNIFBAN,2020-08-28,2024-02-01,INF179KC1AN8,FUND_UNIT,2,ENDED_UNEXPLAINED,
HBESD|INE640B01021|1,HBESD,2026-04-20,2026-09-30,INE640B01021,EQUITY,1,ACTIVE_AT_CUTOFF,
HBLENGINE|INE292B01021|1,HBLENGINE|HBLPOWER,2009-08-21,2026-09-30,INE292B01021,EQUITY,3,ACTIVE_AT_CUTOFF,
HBLPOWER|NOISIN|1,HBLPOWER,2007-01-04,2009-06-11,,UNKNOWN_NO_ISIN,1,ENDED_UNEXPLAINED,
HBPOR|INE638B01025|1,HBPOR,2026-08-17,2026-09-30,INE638B01025,EQUITY,1,ACTIVE_AT_CUTOFF,
HBSL|INE550B01022|1,HBSL,2018-08-09,2026-09-30,INE550B01022,EQUITY,1,ACTIVE_AT_CUTOFF,
HBSTOCK|INE550B01014|1,HBSTOCK,2009-08-21,2018-03-08,INE550B01014,EQUITY,2,ENDED_UNEXPLAINED,
HBSTOCK|NOISIN|1,HBSTOCK,2005-01-03,2005-04-07,,UNKNOWN_NO_ISIN,1,ENDED_UNEXPLAINED,
HBSTOCK|NOISIN|2,HBSTOCK,2005-07-08,2007-07-26,,UNKNOWN_NO_ISIN,1,ENDED_UNEXPLAINED,
HBSTOCK|NOISIN|3,HBSTOCK,2007-08-31,2009-04-17,,UNKNOWN_NO_ISIN,1,ENDED_UNEXPLAINED,
HCC|INE549A01026|1,HCC|HINDCONS,2005-01-03,2026-09-30,INE549A01026,EQUITY,3,ACTIVE_AT_CUTOFF,
HCG|INE075I01017|1,HCG,2016-03-30,2026-09-30,INE075I01017,EQUITY,1,ACTIVE_AT_CUTOFF,
HCIL|INE019C01026|1,HCIL|HSCL,2007-03-02,2026-09-30,INE019C01026,EQUITY,3,ACTIVE_AT_CUTOFF,
HCL-INSYS|INE236A01020|1,HCL-INSYS,2005-01-03,2026-09-30,INE236A01020,EQUITY,2,ACTIVE_AT_CUTOFF,
HCLTECH|INE860A01027|1,HCLTECH,2005-01-03,2026-09-30,INE860A01027,EQUITY,2,ACTIVE_AT_CUTOFF,
HDBFS|INE756I01012|1,HDBFS,2025-07-02,2026-09-30,INE756I01012,EQUITY,1,ACTIVE_AT_CUTOFF,
HDFCAMC|INE127D01025|1,HDFCAMC,2018-08-06,2026-09-30,INE127D01025,EQUITY,1,ACTIVE_AT_CUTOFF,
HDFCBANK|INE040A01018|1,HDFCBANK,2005-01-03,2026-09-30,INE040A01018|INE040A01026|INE040A01034,EQUITY,4,ACTIVE_AT_CUTOFF,
HDFCBSE500|INF179KC1EZ4|1,HDFCBSE500,2023-02-21,2026-09-30,INF179KC1EZ4,FUND_UNIT,1,ACTIVE_AT_CUTOFF,
HDFCGOLD|INF179KC1981|1,HDFCGOLD|HDFCMFGETF,2021-02-19,2026-09-30,INF179KC1981,FUND_UNIT,2,ACTIVE_AT_CUTOFF,
HDFCGROWTH|INF179KC1DJ0|1,HDFCGROWTH,2022-09-29,2026-09-30,INF179KC1DJ0,FUND_UNIT,1,ACTIVE_AT_CUTOFF,
HDFCLIFE|INE795G01014|1,HDFCLIFE,2017-11-17,2026-09-30,INE795G01014,EQUITY,1,ACTIVE_AT_CUTOFF,
HDFCLIQUID|INF179KC1HE2|1,HDFCLIQUID,2023-08-31,2025-02-27,INF179KC1HE2,FUND_UNIT,1,ENDED_UNEXPLAINED,
HDFCLIQUID|INF179KC1JG3|1,HDFCLIQUID,2025-02-28,2026-09-30,INF179KC1JG3,FUND_UNIT,1,ACTIVE_AT_CUTOFF,
HDFCLOWVOL|INF179KC1DN2|1,HDFCLOWVOL,2022-10-17,2023-10-19,INF179KC1DN2,FUND_UNIT,1,ENDED_UNEXPLAINED,
HDFCLOWVOL|INF179KC1HU8|1,HDFCLOWVOL,2023-10-20,2026-09-30,INF179KC1HU8,FUND_UNIT,1,ACTIVE_AT_CUTOFF,
HDFCMFGETF|INF179K01CN1|1,HDFCMFGETF,2010-08-19,2021-02-18,INF179K01CN1,FUND_UNIT,2,ENDED_UNEXPLAINED,
HDFCMID150|INF179KC1FA4|1,HDFCMID150,2023-02-21,2023-10-19,INF179KC1FA4,FUND_UNIT,1,ENDED_UNEXPLAINED,
HDFCMID150|INF179KC1HT0|1,HDFCMID150,2023-10-20,2026-09-30,INF179KC1HT0,FUND_UNIT,1,ACTIVE_AT_CUTOFF,
HDFCMOMENT|INF179KC1DM4|1,HDFCMOMENT,2022-10-17,2023-10-19,INF179KC1DM4,FUND_UNIT,1,ENDED_UNEXPLAINED,
HDFCMOMENT|INF179KC1HV6|1,HDFCMOMENT,2023-10-20,2026-09-30,INF179KC1HV6,FUND_UNIT,1,ACTIVE_AT_CUTOFF,
HDFCNEXT50|INF179KC1DA9|1,HDFCNEXT50,2022-08-11,2023-10-19,INF179KC1DA9,FUND_UNIT,1,ENDED_UNEXPLAINED,
HDFCNEXT50|INF179KC1HS2|1,HDFCNEXT50,2023-10-20,2026-09-30,INF179KC1HS2,FUND_UNIT,1,ACTIVE_AT_CUTOFF,
HDFCNIF100|INF179KC1DB7|1,HDFCNIF100,2022-08-11,2023-10-19,INF179KC1DB7,FUND_UNIT,1,ENDED_UNEXPLAINED,
HDFCNIF100|INF179KC1HR4|1,HDFCNIF100,2023-10-20,2026-09-30,INF179KC1HR4,FUND_UNIT,1,ACTIVE_AT_CUTOFF,
HDFCNIFBAN|INF179KC1HY0|1,HDFCNIFBAN,2024-02-02,2026-09-30,INF179KC1HY0,FUND_UNIT,1,ACTIVE_AT_CUTOFF,
HDFCNIFETF|INF179KB1KP3|1,HDFCNIFETF,2015-12-16,2021-02-18,INF179KB1KP3,FUND_UNIT,1,ENDED_UNEXPLAINED,
HDFCNIFETF|INF179KC1965|1,HDFCNIFETF|HDFCNIFTY,2021-02-19,2026-09-30,INF179KC1965,FUND_UNIT,2,ACTIVE_AT_CUTOFF,
HDFCNIFIT|INF179KC1DX1|1,HDFCNIFIT,2022-11-22,2024-02-01,INF179KC1DX1,FUND_UNIT,1,ENDED_UNEXPLAINED,
HDFCNIFIT|INF179KC1IA8|1,HDFCNIFIT,2024-02-02,2026-09-30,INF179KC1IA8,FUND_UNIT,1,ACTIVE_AT_CUTOFF,
HDFCNIMEG|INF179KC1KT4|1,HDFCNIMEG,2026-07-31,2026-09-30,INF179KC1KT4,FUND_UNIT,1,ACTIVE_AT_CUTOFF,
HDFCPSUBK|INF179KC1HW4|1,HDFCPSUBK,2024-02-07,2026-09-30,INF179KC1HW4,FUND_UNIT,1,ACTIVE_AT_CUTOFF,
HDFCPVTBAN|INF179KC1DW3|1,HDFCPVTBAN,2022-11-22,2024-02-01,INF179KC1DW3,FUND_UNIT,1,ENDED_UNEXPLAINED,
HDFCPVTBAN|INF179KC1HZ7|1,HDFCPVTBAN,2024-02-02,2026-09-30,INF179KC1HZ7,FUND_UNIT,1,ACTIVE_AT_CUTOFF,
HDFCQUAL|INF179KC1DL6|1,HDFCQUAL,2022-09-29,2026-09-30,INF179KC1DL6,FUND_UNIT,1,ACTIVE_AT_CUTOFF,
HDFCSENETF|INF179KB1KQ1|1,HDFCSENETF,2015-12-16,2021-02-18,INF179KB1KQ1,FUND_UNIT,1,ENDED_UNEXPLAINED,
HDFCSENETF|INF179KC1973|1,HDFCSENETF|HDFCSENSEX,2021-02-19,2024-02-01,INF179KC1973,FUND_UNIT,2,ENDED_UNEXPLAINED,
HDFCSENSEX|INF179KC1HX2|1,HDFCSENSEX,2024-02-02,2026-09-30,INF179KC1HX2,FUND_UNIT,1,ACTIVE_AT_CUTOFF,
HDFCSILVER|INF179KC1DI2|1,HDFCSILVER,2022-09-07,2026-09-30,INF179KC1DI2,FUND_UNIT,1,ACTIVE_AT_CUTOFF,
HDFCSML250|INF179KC1FB2|1,HDFCSML250,2023-02-21,2026-09-30,INF179KC1FB2,FUND_UNIT,1,ACTIVE_AT_CUTOFF,
HDFCVALUE|INF179KC1DK8|1,HDFCVALUE,2022-09-29,2026-09-30,INF179KC1DK8,FUND_UNIT,1,ACTIVE_AT_CUTOFF,
HDFC|INE001A01036|1,HDFC,2005-01-03,2023-07-12,INE001A01036,EQUITY,2,ENDED_UNEXPLAINED,
HDIL|INE191I01012|1,HDIL,2007-07-24,2019-11-21,INE191I01012,EQUITY,2,ENDED_UNEXPLAINED,
HEADSUP|INE759V01019|1,HEADSUP|TMRVL,2016-12-28,2026-09-30,INE759V01019,EQUITY,2,ACTIVE_AT_CUTOFF,
HEALTHADD|INF740KA1UF4|1,HEALTHADD,2024-02-07,2026-07-02,INF740KA1UF4,FUND_UNIT,1,ENDED_UNEXPLAINED,
HEALTHADD|INF740KA1ZG1|1,HEALTHADD,2026-07-03,2026-09-30,INF740KA1ZG1,FUND_UNIT,1,ACTIVE_AT_CUTOFF,
HEALTHCARE|INF769K01QA6|1,HEALTHCARE,2026-02-16,2026-09-30,INF769K01QA6,FUND_UNIT,1,ACTIVE_AT_CUTOFF,
HEALTHIETF|INF109KC1Q72|1,HEALTHIETF|ICICIPHARM,2021-05-25,2026-09-30,INF109KC1Q72,FUND_UNIT,2,ACTIVE_AT_CUTOFF,
HEALTHX|INE019J01013|1,HEALTHX|MICROSEC|SASTASUNDR,2010-10-05,2026-09-30,INE019J01013,EQUITY,4,ACTIVE_AT_CUTOFF,
HEALTHY|INF209KB10C2|1,HEALTHY,2021-10-28,2026-09-30,INF209KB10C2,FUND_UNIT,1,ACTIVE_AT_CUTOFF,
HECPROJECT|INE558R01013|1,HECPROJECT,2021-12-30,2026-09-30,INE558R01013,EQUITY,1,ACTIVE_AT_CUTOFF,
HEGAM|INE545A01024|1,HEG|HEGAM,2005-01-03,2026-09-30,INE545A01016|INE545A01024,EQUITY,4,ACTIVE_AT_CUTOFF,
HEIDELBERG|INE578A01017|1,HEIDELBERG|MYSORECEM,2006-08-28,2026-09-30,INE578A01017,EQUITY,3,ACTIVE_AT_CUTOFF,
HELIOSMATH|INE674B01012|1,HELIOSMATH,2009-06-12,2015-08-21,INE674B01012,EQUITY,2,DELISTED_EVIDENCED,HELIOSMATH 2018-05-30 Delisting - Liquidation
HELIOSMATH|NOISIN|1,HELIOSMATH,2005-02-24,2009-02-27,,UNKNOWN_NO_ISIN,1,ENDED_UNEXPLAINED,
HEMIPROP|INE0AJG01018|1,HEMIPROP,2020-11-05,2026-09-30,INE0AJG01018,EQUITY,1,ACTIVE_AT_CUTOFF,
HERANBA|INE694N01015|1,HERANBA,2021-03-05,2026-09-30,INE694N01015,EQUITY,1,ACTIVE_AT_CUTOFF,
HERCULES|INE688E01024|1,HERCULES,2008-02-20,2026-01-01,INE688E01024,EQUITY,2,ENDED_UNEXPLAINED,
HERDILCHEM|NOISIN|1,HERDILCHEM|SCHENHERD,2005-01-03,2006-04-07,,UNKNOWN_NO_ISIN,2,ENDED_UNEXPLAINED,
HERITGFOOD|INE978A01019|1,HERITGFOOD,2011-03-07,2026-09-30,INE978A01019|INE978A01027,EQUITY,3,ACTIVE_AT_CUTOFF,
HERITGFOOD|NOISIN|1,HERITGFOOD,2005-01-03,2007-02-08,,UNKNOWN_NO_ISIN,1,ENDED_UNEXPLAINED,
HERITGFOOD|NOISIN|2,HERITGFOOD,2007-06-08,2008-01-10,,UNKNOWN_NO_ISIN,1,ENDED_UNEXPLAINED,
HERITGFOOD|NOISIN|3,HERITGFOOD,2008-02-29,2008-11-03,,UNKNOWN_NO_ISIN,1,ENDED_UNEXPLAINED,
HERITGFOOD|NOISIN|4,HERITGFOOD,2009-03-02,2009-08-20,,UNKNOWN_NO_ISIN,1,ENDED_UNEXPLAINED,
HERITGFOOD|NOISIN|5,HERITGFOOD,2009-11-20,2010-09-16,,UNKNOWN_NO_ISIN,1,ENDED_UNEXPLAINED,
HERITGFOOD|NOISIN|6,HERITGFOOD,2010-12-03,2011-01-06,,UNKNOWN_NO_ISIN,1,ENDED_UNEXPLAINED,
HEROHONDA|INE158A01026|1,HEROHONDA|HEROMOTOCO,2005-01-03,2026-09-30,INE158A01026,EQUITY,3,ACTIVE_AT_CUTOFF,
HEROMOTORS|INE012G01022|1,HEROMOTORS,2026-09-23,2026-09-30,INE012G01022,EQUITY,1,ACTIVE_AT_CUTOFF,
HESTERBIO|INE782E01017|1,HESTERBIO,2015-03-13,2026-09-30,INE782E01017,EQUITY,1,ACTIVE_AT_CUTOFF,
HEXAGON|INE0JUI01012|1,HEXAGON,2026-06-29,2026-07-15,INE0JUI01012,EQUITY,1,ENDED_UNEXPLAINED,
HEXATRADEX|INE750M01017|1,HEXATRADEX,2012-05-04,2026-09-30,INE750M01017,EQUITY,1,ACTIVE_AT_CUTOFF,
HEXAWARE|INE093A01033|1,HEXAWARE,2005-01-03,2020-10-30,INE093A01033,EQUITY,2,DELISTED_EVIDENCED,HEXAWARE 2020-11-09 Voluntary Delisting
HEXT|INE093A01041|1,HEXT,2025-02-19,2026-09-30,INE093A01041,EQUITY,1,ACTIVE_AT_CUTOFF,
HFCL|INE548A01028|1,HFCL,2011-03-23,2026-09-02,INE548A01028,EQUITY,2,ENDED_UNEXPLAINED,
HGINFRA|INE926X01010|1,HGINFRA,2018-03-09,2026-09-30,INE926X01010,EQUITY,1,ACTIVE_AT_CUTOFF,
HGM|INE596H01014|1,HGM|HOVS,2010-06-11,2026-09-30,INE596H01014,EQUITY,3,ACTIVE_AT_CUTOFF,
HGSL|INE170I01016|1,HGS|HGSL|HTMTGLOBAL,2007-06-19,2026-09-30,INE170I01016,EQUITY,4,ACTIVE_AT_CUTOFF,
HIGHGROUND|INE361M01021|1,HIGHGROUND,2016-11-24,2019-09-23,INE361M01021,EQUITY,1,ENDED_UNEXPLAINED,
HIKAL|INE475B01014|1,HIKAL,2005-01-03,2026-09-30,INE475B01014|INE475B01022,EQUITY,3,ACTIVE_AT_CUTOFF,
HILINFRA|INE00RL01028|1,HILINFRA,2025-08-28,2026-09-30,INE00RL01028,EQUITY,1,ACTIVE_AT_CUTOFF,
HILTON|INE788H01017|1,HILTON,2009-08-21,2026-09-30,INE788H01017,EQUITY,2,ACTIVE_AT_CUTOFF,
HILTON|NOISIN|1,HILTON,2007-05-24,2009-06-11,,UNKNOWN_NO_ISIN,1,ENDED_UNEXPLAINED,
HIMACHLFUT|NOISIN|1,HIMACHLFUT,2005-01-03,2010-02-18,,UNKNOWN_NO_ISIN,1,ENDED_UNEXPLAINED,
HIMACHLFUT|NOISIN|2,HIMACHLFUT,2010-06-11,2010-12-02,,UNKNOWN_NO_ISIN,1,ENDED_UNEXPLAINED,
HIMATSEIDE|INE049A01027|1,HIMATSEIDE,2011-03-07,2026-09-30,INE049A01027,EQUITY,2,ACTIVE_AT_CUTOFF,
HIMATSEIDE|NOISIN|1,HIMATSEIDE,2005-01-03,2010-12-02,,UNKNOWN_NO_ISIN,1,ENDED_UNEXPLAINED,
HINDADH|INE074C01013|1,HINDADH,2026-08-17,2026-09-30,INE074C01013,EQUITY,1,ACTIVE_AT_CUTOFF,
HINDALC0|NOISIN|1,HINDALC0|HINDALCO,2005-01-03,2026-09-30,INE038A01020,EQUITY,3,ACTIVE_AT_CUTOFF,
HINDALUMI|INE227B01019|1,HINDALUMI,2026-08-17,2026-09-30,INE227B01019,EQUITY,1,ACTIVE_AT_CUTOFF,
HINDCOMPOS|INE310C01011|1,HINDCOMPOS,2009-11-20,2026-09-30,INE310C01011|INE310C01029,EQUITY,3,ACTIVE_AT_CUTOFF,
HINDCOMPOS|NOISIN|1,HINDCOMPOS,2005-01-03,2005-03-03,,UNKNOWN_NO_ISIN,1,ENDED_UNEXPLAINED,
HINDCOMPOS|NOISIN|2,HINDCOMPOS,2005-04-08,2005-07-07,,UNKNOWN_NO_ISIN,1,ENDED_UNEXPLAINED,
HINDCOMPOS|NOISIN|3,HINDCOMPOS,2006-06-12,2006-06-29,,UNKNOWN_NO_ISIN,1,ENDED_UNEXPLAINED,
HINDCOMPOS|NOISIN|4,HINDCOMPOS,2006-11-24,2007-07-12,,UNKNOWN_NO_ISIN,1,ENDED_UNEXPLAINED,
HINDCOMPOS|NOISIN|5,HINDCOMPOS,2007-08-31,2008-01-10,,UNKNOWN_NO_ISIN,1,ENDED_UNEXPLAINED,
HINDCOMPOS|NOISIN|6,HINDCOMPOS,2008-02-29,2008-04-21,,UNKNOWN_NO_ISIN,1,ENDED_UNEXPLAINED,
HINDCOMPOS|NOISIN|7,HINDCOMPOS,2008-06-13,2009-05-28,,UNKNOWN_NO_ISIN,1,ENDED_UNEXPLAINED,
HINDCOMPOS|NOISIN|8,HINDCOMPOS,2009-08-21,2009-10-05,,UNKNOWN_NO_ISIN,1,ENDED_UNEXPLAINED,
HINDCON|INE642Y01011|1,HINDCON,2021-07-05,2023-08-11,INE642Y01011,EQUITY,1,ENDED_UNEXPLAINED,
HINDCON|INE642Y01029|1,HINDCON,2023-11-20,2026-09-30,INE642Y01029,EQUITY,1,ACTIVE_AT_CUTOFF,
HINDCOPPER|INE531E01026|1,HINDCOPPER,2010-01-08,2026-09-30,INE531E01026,EQUITY,2,ACTIVE_AT_CUTOFF,
HINDDORROL|INE551A01022|1,HINDDORROL,2007-03-02,2018-05-21,INE551A01022,EQUITY,2,DELISTED_EVIDENCED,HINDDORROL 2019-10-17 Delisting - Liquidation
HINDDORROL|NOISIN|1,HINDDORROL,2005-01-03,2005-03-10,,UNKNOWN_NO_ISIN,1,ENDED_UNEXPLAINED,
HINDDORROL|NOISIN|2,HINDDORROL,2006-02-17,2006-06-29,,UNKNOWN_NO_ISIN,1,ENDED_UNEXPLAINED,
HINDLEVER|NOISIN|1,HINDLEVER|HINDUNILVR,2005-01-03,2026-09-30,INE030A01027,EQUITY,3,ACTIVE_AT_CUTOFF,
HINDMOTORS|INE253A01025|1,HINDMOTORS,2011-03-08,2025-10-01,INE253A01025,EQUITY,2,ENDED_UNEXPLAINED,
HINDMOTOR|NOISIN|1,HINDMOTOR,2005-01-03,2009-06-11,,UNKNOWN_NO_ISIN,1,ENDED_UNEXPLAINED,
HINDMOTOR|NOISIN|2,HINDMOTOR,2009-08-21,2009-11-26,,UNKNOWN_NO_ISIN,1,ENDED_UNEXPLAINED,
HINDMOTOR|NOISIN|3,HINDMOTOR,2010-02-19,2011-01-25,,UNKNOWN_NO_ISIN,1,ENDED_UNEXPLAINED,
HINDNATGLS|INE952A01022|1,HINDNATGLS,2009-04-15,2025-09-02,INE952A01022,EQUITY,2,ENDED_UNEXPLAINED,
HINDOILEXP|INE345A01011|1,HINDOILEXP,2005-01-03,2026-09-30,INE345A01011,EQUITY,2,ACTIVE_AT_CUTOFF,
HINDPETRO|INE094A01015|1,HINDPETRO,2005-01-03,2026-09-30,INE094A01015,EQUITY,2,ACTIVE_AT_CUTOFF,
HINDSANIT|NOISIN|1,HINDSANIT|HSIL,2005-01-03,2009-06-11,,UNKNOWN_NO_ISIN,2,ENDED_UNEXPLAINED,
HINDSPG|NOISIN|1,HINDSPG,2005-01-03,2005-03-03,,UNKNOWN_NO_ISIN,1,DELISTED_EVIDENCED,HINDSPG 2005-04-05 Voluntary Delisting
HINDSYNTEX|INE155B01012|1,HINDSYNTEX,2011-09-07,2019-09-09,INE155B01012,EQUITY,1,ENDED_UNEXPLAINED,
HINDSYNTEX|NOISIN|1,HINDSYNTEX,2005-01-03,2005-03-17,,UNKNOWN_NO_ISIN,1,ENDED_UNEXPLAINED,
HINDSYNTEX|NOISIN|2,HINDSYNTEX,2005-07-08,2005-08-04,,UNKNOWN_NO_ISIN,1,ENDED_UNEXPLAINED,
HINDSYNTEX|NOISIN|3,HINDSYNTEX,2006-06-12,2007-11-29,,UNKNOWN_NO_ISIN,1,ENDED_UNEXPLAINED,
HINDSYNTEX|NOISIN|4,HINDSYNTEX,2008-02-29,2008-08-07,,UNKNOWN_NO_ISIN,1,ENDED_UNEXPLAINED,
HINDSYNTEX|NOISIN|5,HINDSYNTEX,2008-12-02,2008-12-26,,UNKNOWN_NO_ISIN,1,ENDED_UNEXPLAINED,
HINDSYNTEX|NOISIN|6,HINDSYNTEX,2009-03-03,2009-06-11,,UNKNOWN_NO_ISIN,1,ENDED_UNEXPLAINED,
HINDSYNTEX|NOISIN|7,HINDSYNTEX,2009-08-21,2009-12-24,,UNKNOWN_NO_ISIN,1,ENDED_UNEXPLAINED,
HINDSYNTEX|NOISIN|8,HINDSYNTEX,2010-02-19,2010-09-16,,UNKNOWN_NO_ISIN,1,ENDED_UNEXPLAINED,
HINDSYNTEX|NOISIN|9,HINDSYNTEX,2010-12-03,2011-04-18,,UNKNOWN_NO_ISIN,1,ENDED_UNEXPLAINED,
HINDUJAFO|INE291F01016|1,HINDUJAFO,2009-11-20,2017-06-05,INE291F01016,EQUITY,2,ENDED_UNEXPLAINED,
HINDUJAFO|NOISIN|2,HINDUJAFO,2008-08-22,2009-06-11,,UNKNOWN_NO_ISIN,1,ENDED_UNEXPLAINED,
HINDUJATMT|NOISIN|1,HINDUJATMT|HINDUJAVEN|NDLVENTURE|NXTDIGITAL,2007-04-24,2026-09-30,INE353A01023,EQUITY,5,ACTIVE_AT_CUTOFF,
HINDWAREAP|INE05AN01011|1,HINDWAREAP|SHIL,2020-01-09,2026-09-30,INE05AN01011,EQUITY,2,ACTIVE_AT_CUTOFF,
HINDZINC|INE267A01025|1,HINDZINC,2006-11-21,2026-09-30,INE267A01025,EQUITY,2,ACTIVE_AT_CUTOFF,
HINVDIR|NOISIN|1,HINVDIR|INVSTSMART,2005-07-27,2010-07-07,,UNKNOWN_NO_ISIN,2,DELISTED_EVIDENCED,HINVDIR 2010-07-15 Voluntary Delisting
HIRAFERRO|INE573I01011|1,HIRAFERRO,2011-10-25,2014-08-01,INE573I01011,EQUITY,1,ENDED_UNEXPLAINED,
HIRECT|INE835D01023|1,HIRECT,2006-12-26,2026-09-30,INE835D01023,EQUITY,2,ACTIVE_AT_CUTOFF,
HISARMETAL|INE598C01011|1,HISARMETAL,2017-01-05,2026-09-30,INE598C01011,EQUITY,1,ACTIVE_AT_CUTOFF,
HITECHCORP|INE120D01012|1,HITECHCORP|HITECHPLAS,2007-12-20,2026-06-01,INE120D01012,EQUITY,3,ENDED_UNEXPLAINED,
HITECHGEAR|INE127B01011|1,HITECHGEAR,2005-01-03,2024-09-03,INE127B01011,EQUITY,2,ENDED_UNEXPLAINED,
HITECH|INE106T01017|1,HITECH,2018-05-07,2026-09-30,INE106T01017|INE106T01025,EQUITY,2,ACTIVE_AT_CUTOFF,
HLEGLAS|INE461D01010|1,HLEGLAS,2021-02-22,2026-09-30,INE461D01010|INE461D01028,EQUITY,2,ACTIVE_AT_CUTOFF,
HLVLTD|INE102A01024|1,HLVLTD|HOTELEELA,2005-04-08,2026-09-30,INE102A01024,EQUITY,3,ACTIVE_AT_CUTOFF,
HMAAGRO|INE0ECP01016|1,HMAAGRO,2023-07-04,2026-09-30,INE0ECP01016|INE0ECP01024,EQUITY,2,ACTIVE_AT_CUTOFF,
HMT|INE262A01018|1,HMT,2008-12-01,2016-05-20,INE262A01018,EQUITY,2,ENDED_UNEXPLAINED,
HMT|NOISIN|1,HMT,2005-01-03,2008-08-21,,UNKNOWN_NO_ISIN,1,ENDED_UNEXPLAINED,
HMVL|INE871K01015|1,HMVL,2010-07-21,2026-08-06,INE871K01015,EQUITY,2,ENDED_UNEXPLAINED,
HNDFDS|INE254N01018|1,HNDFDS,2019-08-19,2026-09-30,INE254N01018|INE254N01026,EQUITY,2,ACTIVE_AT_CUTOFF,
HNGSNGBEES|INF204KB19I1|1,HNGSNGBEES,2019-12-20,2026-09-30,INF204KB19I1,FUND_UNIT,1,ACTIVE_AT_CUTOFF,
HNGSNGBEES|INF732E01227|1,HNGSNGBEES,2010-03-18,2019-12-19,INF732E01227,FUND_UNIT,2,ENDED_UNEXPLAINED,
HOCL|INE048A01011|1,HOCL,2011-03-07,2017-08-16,INE048A01011,EQUITY,2,DELISTED_EVIDENCED,HOCL 2017-08-24 Voluntary Delisting
HOCL|NOISIN|1,HOCL,2005-01-03,2005-04-07,,UNKNOWN_NO_ISIN,1,ENDED_UNEXPLAINED,
HOCL|NOISIN|2,HOCL,2006-06-12,2006-06-29,,UNKNOWN_NO_ISIN,1,ENDED_UNEXPLAINED,
HOCL|NOISIN|3,HOCL,2006-08-28,2006-11-30,,UNKNOWN_NO_ISIN,1,ENDED_UNEXPLAINED,
HOCL|NOISIN|4,HOCL,2007-06-08,2010-02-18,,UNKNOWN_NO_ISIN,1,ENDED_UNEXPLAINED,
HOCL|NOISIN|5,HOCL,2010-06-11,2010-12-02,,UNKNOWN_NO_ISIN,1,ENDED_UNEXPLAINED,
HOMEFIRST|INE481N01025|1,HOMEFIRST,2021-02-03,2026-09-30,INE481N01025,EQUITY,1,ACTIVE_AT_CUTOFF,
HONASA|INE0J5401028|1,HONASA,2023-11-07,2026-09-30,INE0J5401028,EQUITY,1,ACTIVE_AT_CUTOFF,
HONAUT|INE671A01010|1,HONAUT|TATAHONEY,2005-01-03,2026-09-30,INE671A01010,EQUITY,3,ACTIVE_AT_CUTOFF,
HONDAPOWER|INE634A01018|1,HONDAPOWER,2010-06-11,2026-09-30,INE634A01018,EQUITY,2,ACTIVE_AT_CUTOFF,
HONDAPOWER|NOISIN|1,HONDAPOWER|SHRMHONDA,2005-01-03,2010-02-18,,UNKNOWN_NO_ISIN,2,ENDED_UNEXPLAINED,
HOPFL|INE940H01014|1,HOPFL|PGIL,2011-09-06,2023-10-20,INE940H01014,EQUITY,2,ENDED_UNEXPLAINED,
HOPFL|NOISIN|1,HOPFL,2007-02-15,2009-09-17,,UNKNOWN_NO_ISIN,1,ENDED_UNEXPLAINED,
HOPFL|NOISIN|2,HOPFL,2009-11-20,2010-09-02,,UNKNOWN_NO_ISIN,1,ENDED_UNEXPLAINED,
HOPFL|NOISIN|3,HOPFL,2010-12-03,2011-06-09,,UNKNOWN_NO_ISIN,1,ENDED_UNEXPLAINED,
HORIZONBAT|NOISIN|1,HORIZONBAT,2008-01-25,2008-02-07,,UNKNOWN_NO_ISIN,1,ENDED_UNEXPLAINED,
HORIZONIND|INE685T01010|1,HORIZONIND,2026-08-24,2026-09-30,INE685T01010,EQUITY,1,ACTIVE_AT_CUTOFF,
HORIZONINF|INE429F01012|1,HORIZONINF|SKIL,2011-09-06,2021-11-18,INE429F01012,EQUITY,2,ENDED_UNEXPLAINED,
HORIZONINF|NOISIN|1,HORIZONINF,2008-06-13,2010-09-30,,UNKNOWN_NO_ISIN,1,ENDED_UNEXPLAINED,
HORIZONINF|NOISIN|2,HORIZONINF,2010-12-03,2011-01-06,,UNKNOWN_NO_ISIN,1,ENDED_UNEXPLAINED,
HORIZONINF|NOISIN|3,HORIZONINF,2011-03-07,2011-04-28,,UNKNOWN_NO_ISIN,1,ENDED_UNEXPLAINED,
HOTELRUGBY|INE275F01019|1,HOTELRUGBY|UNIVAFOODS,2010-12-03,2023-12-18,INE275F01019,EQUITY,3,ENDED_UNEXPLAINED,
HOTELRUGBY|NOISIN|1,HOTELRUGBY,2005-09-26,2005-10-06,,UNKNOWN_NO_ISIN,1,ENDED_UNEXPLAINED,
HOTELRUGBY|NOISIN|10,HOTELRUGBY,2010-08-20,2010-09-16,,UNKNOWN_NO_ISIN,1,ENDED_UNEXPLAINED,
HOTELRUGBY|NOISIN|2,HOTELRUGBY,2006-08-30,2006-12-14,,UNKNOWN_NO_ISIN,1,ENDED_UNEXPLAINED,
HOTELRUGBY|NOISIN|3,HOTELRUGBY,2007-03-02,2007-05-17,,UNKNOWN_NO_ISIN,1,ENDED_UNEXPLAINED,
HOTELRUGBY|NOISIN|4,HOTELRUGBY,2007-08-31,2007-09-20,,UNKNOWN_NO_ISIN,1,ENDED_UNEXPLAINED,
HOTELRUGBY|NOISIN|5,HOTELRUGBY,2007-12-03,2007-12-28,,UNKNOWN_NO_ISIN,1,ENDED_UNEXPLAINED,
HOTELRUGBY|NOISIN|6,HOTELRUGBY,2008-02-29,2008-05-02,,UNKNOWN_NO_ISIN,1,ENDED_UNEXPLAINED,
HOTELRUGBY|NOISIN|7,HOTELRUGBY,2008-06-13,2009-06-11,,UNKNOWN_NO_ISIN,1,ENDED_UNEXPLAINED,
HOTELRUGBY|NOISIN|8,HOTELRUGBY,2009-08-21,2009-12-24,,UNKNOWN_NO_ISIN,1,ENDED_UNEXPLAINED,
HOTELRUGBY|NOISIN|9,HOTELRUGBY,2010-02-19,2010-05-13,,UNKNOWN_NO_ISIN,1,ENDED_UNEXPLAINED,
HOVS|NOISIN|1,HOVS,2006-09-27,2007-01-25,,UNKNOWN_NO_ISIN,1,ENDED_UNEXPLAINED,
HOVS|NOISIN|2,HOVS,2007-06-08,2007-08-23,,UNKNOWN_NO_ISIN,1,ENDED_UNEXPLAINED,
HOVS|NOISIN|3,HOVS,2007-12-03,2008-06-12,,UNKNOWN_NO_ISIN,1,ENDED_UNEXPLAINED,
HOVS|NOISIN|4,HOVS,2008-08-22,2009-06-11,,UNKNOWN_NO_ISIN,1,ENDED_UNEXPLAINED,
HOVS|NOISIN|5,HOVS,2009-08-21,2010-04-16,,UNKNOWN_NO_ISIN,1,ENDED_UNEXPLAINED,
HPAL|INE0GSL01016|1,HPAL,2022-01-10,2026-09-30,INE0GSL01016|INE0GSL01024,EQUITY,2,ACTIVE_AT_CUTOFF,
HPIL|INE05X901010|1,HPIL,2022-11-07,2026-09-29,INE05X901010,EQUITY,1,ENDED_UNEXPLAINED,
HPL|INE495S01016|1,HPL,2016-10-04,2026-09-30,INE495S01016,EQUITY,1,ACTIVE_AT_CUTOFF,
HRYNSHP|INE400G01011|1,HRYNSHP,2026-08-17,2026-09-30,INE400G01011,EQUITY,1,ACTIVE_AT_CUTOFF,
HSBCGOLD|INF336L01RX2|1,HSBCGOLD,2026-03-27,2026-09-30,INF336L01RX2,FUND_UNIT,1,ACTIVE_AT_CUTOFF,
HTEL|INE0LEG01024|1,HTEL,2026-09-16,2026-09-30,INE0LEG01024,EQUITY,1,ACTIVE_AT_CUTOFF,
HTMEDIA|INE501G01024|1,HTMEDIA,2005-09-01,2026-09-30,INE501G01024,EQUITY,2,ACTIVE_AT_CUTOFF,
HTMT|NOISIN|1,HTMT,2005-01-03,2007-03-28,,UNKNOWN_NO_ISIN,1,ENDED_UNEXPLAINED,
HUDCO|INE031A01017|1,HUDCO,2017-05-19,2026-09-30,INE031A01017,EQUITY,1,ACTIVE_AT_CUTOFF,
HUHTAMAKI|INE275B01026|1,HUHTAMAKI|PAPERPROD,2005-01-03,2026-09-30,INE275B01026,EQUITY,3,ACTIVE_AT_CUTOFF,
HYBRIDETF|INF769K01RJ5|1,HYBRIDETF,2026-07-31,2026-09-30,INF769K01RJ5,FUND_UNIT,1,ACTIVE_AT_CUTOFF,
HYBRIDFIN|INE965B01022|1,HYBRIDFIN,2022-12-13,2026-09-30,INE965B01022,EQUITY,1,ACTIVE_AT_CUTOFF,
HYDROS&S|INE473D01015|1,HYDROS&S|KINGFA,2010-01-11,2026-09-30,INE473D01015,EQUITY,3,ACTIVE_AT_CUTOFF,
HYUNDAI|INE0V6F01027|1,HYUNDAI,2024-10-22,2026-09-30,INE0V6F01027,EQUITY,1,ACTIVE_AT_CUTOFF,
I-FLEX|NOISIN|1,I-FLEX|OFSS,2005-01-03,2026-09-30,INE881D01027,EQUITY,3,ACTIVE_AT_CUTOFF,
IBIPL|INE834M01019|1,IBIPL|RTNINDIA|RTNINFRA,2012-08-13,2026-09-30,INE834M01019,EQUITY,3,ACTIVE_AT_CUTOFF,
IBMFNIFTY|INF666M01FS5|1,IBMFNIFTY,2019-05-08,2023-10-25,INF666M01FS5,FUND_UNIT,1,ENDED_UNEXPLAINED,
IBPOW|INE399K01017|1,IBPOW|RTNPOWER,2009-10-30,2026-09-30,INE399K01017,EQUITY,3,ACTIVE_AT_CUTOFF,
IBP|NOISIN|1,IBP,2005-01-03,2007-06-01,,UNKNOWN_NO_ISIN,1,ENDED_UNEXPLAINED,
IBRETAILS|NOISIN|1,IBRETAILS,2008-06-13,2008-12-26,,UNKNOWN_NO_ISIN,1,ENDED_UNEXPLAINED,
IBRETAILS|NOISIN|2,IBRETAILS,2009-03-02,2009-06-11,,UNKNOWN_NO_ISIN,1,ENDED_UNEXPLAINED,
IBRETAILS|NOISIN|3,IBRETAILS|STOREONE,2009-08-21,2010-08-19,,UNKNOWN_NO_ISIN,2,ENDED_UNEXPLAINED,
IBULHSGFIN|INE148I01020|1,IBULHSGFIN|SAMMAANCAP,2013-08-06,2026-09-30,INE148I01020,EQUITY,2,ACTIVE_AT_CUTOFF,
IBULISL|INE126M01010|1,IBULISL|IBULLSLTD|IBWSL|SORILHOLD|YAARI|YAARII,2011-09-05,2026-09-30,INE126M01010,EQUITY,6,ACTIVE_AT_CUTOFF,
ICCNX100|INF109KA1962|1,ICCNX100|ICICINF100|ICNX100|NIF100IETF|NIF100IWIN,2013-08-27,2024-05-09,INF109KA1962,FUND_UNIT,5,ENDED_UNEXPLAINED,
ICDSLTD|INE613B01010|1,ICDSLTD,2024-10-21,2026-09-08,INE613B01010,EQUITY,1,ENDED_UNEXPLAINED,
ICEMAKE|INE520Y01019|1,ICEMAKE,2020-10-12,2026-09-30,INE520Y01019,EQUITY,1,ACTIVE_AT_CUTOFF,
ICICI500|INF109KC1CZ3|1,ICICI500,2018-05-16,2021-10-28,INF109KC1CZ3,FUND_UNIT,1,ENDED_UNEXPLAINED,
ICICIAMC|INE346A01027|1,ICICIAMC,2025-12-19,2026-09-30,INE346A01027,EQUITY,1,ACTIVE_AT_CUTOFF,
ICICIBANKN|INF109KC1E27|1,ICICIBANKN|IPRU5008,2019-07-15,2022-09-01,INF109KC1E27,FUND_UNIT,2,ENDED_UNEXPLAINED,
ICICIBANKP|INF109KC1E35|1,ICICIBANKP|PVTBANIETF,2019-08-14,2024-02-29,INF109KC1E35,FUND_UNIT,2,ENDED_UNEXPLAINED,
ICICIBANK|INE090A01013|1,ICICIBANK,2005-01-03,2026-09-30,INE090A01013|INE090A01021,EQUITY,3,ACTIVE_AT_CUTOFF,
ICICIGI|INE765G01017|1,ICICIGI,2017-09-27,2026-09-30,INE765G01017,EQUITY,1,ACTIVE_AT_CUTOFF,
ICICIINFRA|INF109KC16E5|1,ICICIINFRA|INFRAIETF,2022-08-23,2026-09-30,INF109KC16E5,FUND_UNIT,2,ACTIVE_AT_CUTOFF,
ICICILIQ|INF109KC1KT9|1,ICICILIQ|LIQUIDIETF,2018-09-26,2026-09-30,INF109KC1KT9,FUND_UNIT,2,ACTIVE_AT_CUTOFF,
ICICILOVOL|INF109KB10T8|1,ICICILOVOL|LOWVOLIETF|LOWVOLIWIN,2017-07-11,2024-02-29,INF109KB10T8,FUND_UNIT,3,ENDED_UNEXPLAINED,
ICICIM150|INF109KC1G82|1,ICICIM150|MIDCAPIETF,2020-01-28,2024-05-09,INF109KC1G82,FUND_UNIT,2,ENDED_UNEXPLAINED,
ICICIMCAP|INF109KB1XT3|1,ICICIMCAP|IMIDCAP|MIDCAPIWIN|MIDSELIETF,2016-07-11,2024-05-09,INF109KB1XT3,FUND_UNIT,4,ENDED_UNEXPLAINED,
ICICIMOM30|INF109KC17C7|1,ICICIMOM30|MOM30IETF,2022-08-10,2026-09-30,INF109KC17C7,FUND_UNIT,2,ACTIVE_AT_CUTOFF,
ICICINIFTY|INF109K012R6|1,ICICINIFTY|INIFTY|NIFETF|NIFTYIETF|NIFTYIWIN,2013-04-05,2026-09-30,INF109K012R6,FUND_UNIT,5,ACTIVE_AT_CUTOFF,
ICICINV20|INF109KB1WY5|1,ICICINV20|INV20|NV20IETF|NV20IWIN,2016-06-28,2024-02-29,INF109KB1WY5,FUND_UNIT,4,ENDED_UNEXPLAINED,
ICICINXT50|INF109KC1JI4|1,ICICINXT50,2018-08-31,2018-11-14,INF109KC1JI4,FUND_UNIT,1,ENDED_UNEXPLAINED,
ICICINXT50|INF109KC1NS5|1,ICICINXT50|NEXT50IETF,2018-11-16,2026-09-30,INF109KC1NS5,FUND_UNIT,2,ACTIVE_AT_CUTOFF,
ICICIPRULI|INE726G01019|1,ICICIPRULI,2016-09-29,2026-09-30,INE726G01019,EQUITY,1,ACTIVE_AT_CUTOFF,
ICICIQTY30|INF109KC15T5|1,ICICIQTY30|QUAL30IETF,2023-08-10,2024-05-09,INF109KC15T5,FUND_UNIT,2,ENDED_UNEXPLAINED,
ICICISENSX|INF346A01034|1,ICICISENSX|ISENSEX|SENSEXIETF|SENSEXIWIN|SPICE,2014-07-30,2026-09-30,INF346A01034,FUND_UNIT,5,ACTIVE_AT_CUTOFF,
ICICISILVE|INF109KC1Y56|1,ICICISILVE|SILVERIETF,2022-01-31,2026-09-30,INF109KC1Y56,FUND_UNIT,2,ACTIVE_AT_CUTOFF,
ICICITECH|INF109KC16I6|1,ICICITECH|ITIETF,2022-09-02,2026-09-30,INF109KC16I6,FUND_UNIT,2,ACTIVE_AT_CUTOFF,
ICICITECH|INF109KC1N67|1,ICICITECH,2020-08-20,2022-09-01,INF109KC1N67,FUND_UNIT,1,ENDED_UNEXPLAINED,
ICIL|INE483B01018|1,ICIL,2010-12-03,2016-11-11,INE483B01018,EQUITY,2,ENDED_UNEXPLAINED,
ICIL|INE483B01026|1,ICIL,2016-11-15,2026-09-30,INE483B01026,EQUITY,1,ACTIVE_AT_CUTOFF,
ICIL|NOISIN|1,ICIL,2005-09-12,2007-12-13,,UNKNOWN_NO_ISIN,1,ENDED_UNEXPLAINED,
ICIL|NOISIN|2,ICIL,2008-02-29,2009-10-05,,UNKNOWN_NO_ISIN,1,ENDED_UNEXPLAINED,
ICIL|NOISIN|3,ICIL,2009-11-20,2010-05-27,,UNKNOWN_NO_ISIN,1,ENDED_UNEXPLAINED,
ICRA|INE725G01011|1,ICRA,2007-04-13,2026-09-30,INE725G01011,EQUITY,2,ACTIVE_AT_CUTOFF,
ICSA|INE306B01029|1,ICSA,2006-09-28,2018-01-03,INE306B01029,EQUITY,2,ENDED_UNEXPLAINED,
IDBIBANK|NOISIN|1,IDBIBANK,2005-01-03,2005-05-06,,UNKNOWN_NO_ISIN,1,ENDED_UNEXPLAINED,
IDBIGOLD|INF397L01554|1,IDBIGOLD|LICMFGOLD,2011-11-17,2026-03-05,INF397L01554,FUND_UNIT,2,ENDED_UNEXPLAINED,
IDBI|INE008A01015|1,IDBI,2005-01-03,2026-09-30,INE008A01015,EQUITY,2,ACTIVE_AT_CUTOFF,
IDEAFORGE|INE349Y01013|1,IDEAFORGE,2023-07-07,2026-09-30,INE349Y01013,EQUITY,1,ACTIVE_AT_CUTOFF,
IDEA|INE669E01016|1,IDEA,2007-03-09,2026-09-30,INE669E01016,EQUITY,2,ACTIVE_AT_CUTOFF,
IDFCBANK|INE092T01019|1,IDFCBANK|IDFCFIRSTB,2015-11-23,2026-09-30,INE092T01019,EQUITY,2,ACTIVE_AT_CUTOFF,
IDFC|INE043D01016|1,IDFC,2005-08-12,2024-10-09,INE043D01016,EQUITY,2,ENDED_UNEXPLAINED,
IDFNIFTYET|INF194KA1U07|1,IDFNIFTYET,2016-10-18,2026-09-30,INF194KA1U07,FUND_UNIT,1,ACTIVE_AT_CUTOFF,
IEL|INE059901020|1,IEL,2023-01-10,2025-10-27,INE059901020,EQUITY,1,ENDED_UNEXPLAINED,
IEX|INE022Q01012|1,IEX,2017-10-23,2026-09-30,INE022Q01012|INE022Q01020,EQUITY,2,ACTIVE_AT_CUTOFF,
IFBAGRO|INE076C01018|1,IFBAGRO,2007-06-08,2026-09-30,INE076C01018,EQUITY,2,ACTIVE_AT_CUTOFF,
IFBAGRO|NOISIN|1,IFBAGRO,2005-04-08,2005-09-22,,UNKNOWN_NO_ISIN,1,ENDED_UNEXPLAINED,
IFBAGRO|NOISIN|2,IFBAGRO,2006-06-12,2006-06-29,,UNKNOWN_NO_ISIN,1,ENDED_UNEXPLAINED,
IFBAGRO|NOISIN|3,IFBAGRO,2006-08-28,2007-03-01,,UNKNOWN_NO_ISIN,1,ENDED_UNEXPLAINED,
IFBIND|INE559A01017|1,IFBIND,2009-06-12,2026-09-30,INE559A01017,EQUITY,2,ACTIVE_AT_CUTOFF,
IFBIND|NOISIN|1,IFBIND,2005-01-03,2005-05-26,,UNKNOWN_NO_ISIN,1,ENDED_UNEXPLAINED,
IFBIND|NOISIN|2,IFBIND,2006-02-17,2007-08-30,,UNKNOWN_NO_ISIN,1,ENDED_UNEXPLAINED,
IFBIND|NOISIN|3,IFBIND,2007-12-03,2009-02-27,,UNKNOWN_NO_ISIN,1,ENDED_UNEXPLAINED,
IFCI|INE039A01010|1,IFCI,2005-01-03,2026-09-30,INE039A01010,EQUITY,2,ACTIVE_AT_CUTOFF,
IFGLEXPOR|INE133Y01011|1,IFGLEXPOR,2017-11-28,2026-09-30,INE133Y01011,EQUITY,1,ACTIVE_AT_CUTOFF,
IFGLREFRAC|INE023B01012|1,IFGLREFRAC,2005-01-03,2017-09-13,INE023B01012,EQUITY,2,ENDED_UNEXPLAINED,
IFL|NOISIN|1,IFL,2009-06-19,2010-09-02,,UNKNOWN_NO_ISIN,1,ENDED_UNEXPLAINED,
IGARASHI|INE188B01013|1,IGARASHI,2010-08-20,2026-09-30,INE188B01013,EQUITY,2,ACTIVE_AT_CUTOFF,
IGARASHI|NOISIN|2,IGARASHI,2009-08-21,2009-10-05,,UNKNOWN_NO_ISIN,1,ENDED_UNEXPLAINED,
IGARASHI|NOISIN|3,IGARASHI,2009-11-20,2010-01-21,,UNKNOWN_NO_ISIN,1,ENDED_UNEXPLAINED,
IGCL|INE05J901018|1,IGCL,2025-07-17,2026-09-30,INE05J901018,EQUITY,1,ACTIVE_AT_CUTOFF,
IGFLFERT|NOISIN|1,IGFLFERT,2005-01-03,2006-04-07,,UNKNOWN_NO_ISIN,1,ENDED_UNEXPLAINED,
IGIL|INE0Q9301021|1,IGIL,2024-12-20,2026-09-30,INE0Q9301021,EQUITY,1,ACTIVE_AT_CUTOFF,
IGL|INE203G01019|1,IGL,2005-01-03,2026-09-30,INE203G01019|INE203G01027,EQUITY,3,ACTIVE_AT_CUTOFF,
IGOLD|INF109K01FV4|1,IGOLD|IPGETF,2010-09-02,2016-06-09,INF109K01FV4,FUND_UNIT,3,ENDED_UNEXPLAINED,
IGPL|INE204A01010|1,IGPL,2009-11-20,2026-09-30,INE204A01010,EQUITY,2,ACTIVE_AT_CUTOFF,
IGPL|NOISIN|1,IGPL,2007-01-29,2009-08-20,,UNKNOWN_NO_ISIN,1,ENDED_UNEXPLAINED,
IGS|NOISIN|1,IGS,2005-01-03,2008-01-25,,UNKNOWN_NO_ISIN,1,DELISTED_EVIDENCED,IGS 2008-02-04 Voluntary Delisting
IIFLCAPS|INE489L01022|1,IIFLCAPS|IIFLSEC,2019-10-07,2026-09-30,INE489L01022,EQUITY,2,ACTIVE_AT_CUTOFF,
IIFLNIFTY|INF579M01019|1,IIFLNIFTY,2011-10-25,2015-07-22,INF579M01019,FUND_UNIT,1,ENDED_UNEXPLAINED,
IIFL|INE530B01024|1,IIFL|INDIAINFO,2005-05-17,2026-09-30,INE530B01024,EQUITY,3,ACTIVE_AT_CUTOFF,
IILTD|NOISIN|1,IILTD,2007-05-30,2008-08-21,,UNKNOWN_NO_ISIN,1,ENDED_UNEXPLAINED,
IILTD|NOISIN|2,IILTD|INSECTICID,2008-12-01,2026-09-30,INE070I01018,EQUITY,3,ACTIVE_AT_CUTOFF,
IITL|INE886A01014|1,IITL,2011-09-08,2026-09-30,INE886A01014,EQUITY,1,ACTIVE_AT_CUTOFF,
IITL|NOISIN|1,IITL,2010-08-17,2010-08-23,,UNKNOWN_NO_ISIN,1,ENDED_UNEXPLAINED,
IITL|NOISIN|2,IITL,2011-03-07,2011-06-09,,UNKNOWN_NO_ISIN,1,ENDED_UNEXPLAINED,
IKIO|INE0LOJ01019|1,IKIO,2023-06-16,2026-09-30,INE0LOJ01019,EQUITY,1,ACTIVE_AT_CUTOFF,
IKS|INE115Q01022|1,IKS,2024-12-19,2026-09-30,INE115Q01022,EQUITY,1,ACTIVE_AT_CUTOFF,
IL&FSENGG|INE369I01014|1,IL&FSENGG|MAYTASINFR,2007-10-25,2018-10-15,INE369I01014,EQUITY,3,ENDED_UNEXPLAINED,
IL&FSTRANS|INE975G01012|1,IL&FSTRANS|ILFSTRANS,2010-03-30,2019-03-29,INE975G01012,EQUITY,3,ENDED_UNEXPLAINED,
IMFA|INE919H01018|1,IMFA,2011-08-26,2026-09-30,INE919H01018,EQUITY,1,ACTIVE_AT_CUTOFF,
IMFA|NOISIN|1,IMFA,2010-07-23,2010-11-22,,UNKNOWN_NO_ISIN,1,ENDED_UNEXPLAINED,
IMPAL|INE547E01014|1,IMPAL,2005-10-07,2026-09-30,INE547E01014,EQUITY,2,ACTIVE_AT_CUTOFF,
IMPEXFERRO|INE691G01015|1,IMPEXFERRO,2009-11-20,2024-01-18,INE691G01015,EQUITY,2,ENDED_UNEXPLAINED,
IMPEXFERRO|NOISIN|1,IMPEXFERRO,2005-02-03,2008-06-12,,UNKNOWN_NO_ISIN,1,ENDED_UNEXPLAINED,
IMPEXFERRO|NOISIN|2,IMPEXFERRO,2008-08-22,2009-06-11,,UNKNOWN_NO_ISIN,1,ENDED_UNEXPLAINED,
IMPEXFERRO|NOISIN|3,IMPEXFERRO,2009-08-21,2009-09-17,,UNKNOWN_NO_ISIN,1,ENDED_UNEXPLAINED,
INA|INE0LGX01024|1,INA,2026-03-09,2026-09-30,INE0LGX01024,EQUITY,1,ACTIVE_AT_CUTOFF,
INDBANK|INE841B01017|1,INDBANK,2009-11-20,2026-09-30,INE841B01017,EQUITY,2,ACTIVE_AT_CUTOFF,
INDBANK|NOISIN|1,INDBANK,2008-10-08,2009-05-28,,UNKNOWN_NO_ISIN,1,ENDED_UNEXPLAINED,
INDBANK|NOISIN|2,INDBANK,2009-08-21,2009-10-05,,UNKNOWN_NO_ISIN,1,ENDED_UNEXPLAINED,
INDGN|INE065X01017|1,INDGN,2024-05-13,2026-09-30,INE065X01017,EQUITY,1,ACTIVE_AT_CUTOFF,
INDGYPSUM|NOISIN|1,INDGYPSUM,2005-01-03,2005-01-04,,UNKNOWN_NO_ISIN,1,DELISTED_EVIDENCED,INDGYPSUM 2005-01-12 Voluntary Delisting
INDHOTEL|INE053A01029|1,INDHOTEL,2005-01-03,2026-09-30,INE053A01029,EQUITY,2,ACTIVE_AT_CUTOFF,
INDIABULLS|INE894F01025|1,INDIABULLS,2005-01-03,2013-03-18,INE894F01025,EQUITY,2,ENDED_UNEXPLAINED,
INDIACEM|INE383A01012|1,INDIACEM,2005-01-03,2026-09-30,INE383A01012,EQUITY,2,ACTIVE_AT_CUTOFF,
INDIAFOILS|NOISIN|1,INDIAFOILS,2005-01-03,2005-03-17,,UNKNOWN_NO_ISIN,1,ENDED_UNEXPLAINED,
INDIAFOILS|NOISIN|2,INDIAFOILS,2005-07-08,2005-07-21,,UNKNOWN_NO_ISIN,1,ENDED_UNEXPLAINED,
INDIAFOILS|NOISIN|3,INDIAFOILS,2006-06-12,2006-06-29,,UNKNOWN_NO_ISIN,1,ENDED_UNEXPLAINED,
INDIAFOILS|NOISIN|4,INDIAFOILS,2006-08-28,2007-07-12,,UNKNOWN_NO_ISIN,1,ENDED_UNEXPLAINED,
INDIAFOILS|NOISIN|5,INDIAFOILS,2007-08-31,2007-11-29,,UNKNOWN_NO_ISIN,1,ENDED_UNEXPLAINED,
INDIAFOILS|NOISIN|6,INDIAFOILS,2008-02-29,2008-04-21,,UNKNOWN_NO_ISIN,1,ENDED_UNEXPLAINED,
INDIAFOILS|NOISIN|7,INDIAFOILS,2008-06-13,2008-09-19,,UNKNOWN_NO_ISIN,1,ENDED_UNEXPLAINED,
INDIAGLYCO|INE560A01015|1,INDIAGLYCO,2009-06-12,2026-09-30,INE560A01015|INE560A01023,EQUITY,3,ACTIVE_AT_CUTOFF,
INDIAGLYCO|NOISIN|1,INDIAGLYCO,2005-07-01,2009-04-17,,UNKNOWN_NO_ISIN,1,ENDED_UNEXPLAINED,
INDIAMART|INE933S01016|1,INDIAMART,2019-07-04,2026-09-30,INE933S01016,EQUITY,1,ACTIVE_AT_CUTOFF,
INDIANB|INE562A01011|1,INDIANB,2007-03-01,2026-09-30,INE562A01011,EQUITY,2,ACTIVE_AT_CUTOFF,
INDIANCARD|INE061A01014|1,INDIANCARD,2009-08-21,2026-09-30,INE061A01014,EQUITY,2,ACTIVE_AT_CUTOFF,
INDIANCARD|NOISIN|1,INDIANCARD,2005-01-03,2009-06-11,,UNKNOWN_NO_ISIN,1,ENDED_UNEXPLAINED,
INDIANHUME|INE323C01030|1,INDIANHUME,2008-02-29,2026-09-30,INE323C01030,EQUITY,2,ACTIVE_AT_CUTOFF,
INDIANHUME|NOISIN|1,INDIANHUME,2005-01-03,2005-07-07,,UNKNOWN_NO_ISIN,1,ENDED_UNEXPLAINED,
INDIANHUME|NOISIN|2,INDIANHUME,2005-11-25,2006-06-09,,UNKNOWN_NO_ISIN,1,ENDED_UNEXPLAINED,
INDIANHUME|NOISIN|3,INDIANHUME,2006-08-28,2007-11-01,,UNKNOWN_NO_ISIN,1,ENDED_UNEXPLAINED,
INDIASHLTR|INE922K01024|1,INDIASHLTR,2023-12-20,2026-09-30,INE922K01024,EQUITY,1,ACTIVE_AT_CUTOFF,
INDIGOPNTS|INE09VQ01012|1,INDIGOPNTS,2021-02-02,2026-09-30,INE09VQ01012,EQUITY,1,ACTIVE_AT_CUTOFF,
INDIGO|INE646L01027|1,INDIGO,2015-11-10,2026-09-30,INE646L01027,EQUITY,1,ACTIVE_AT_CUTOFF,
INDIQUBE|INE06ST01018|1,INDIQUBE,2025-07-30,2026-09-30,INE06ST01018,EQUITY,1,ACTIVE_AT_CUTOFF,
INDLMETER|INE065B01013|1,INDLMETER,2006-06-15,2022-04-20,INE065B01013,EQUITY,2,ENDED_UNEXPLAINED,
INDLMETER|NOISIN|1,INDLMETER,2005-07-08,2005-07-29,,UNKNOWN_NO_ISIN,1,ENDED_UNEXPLAINED,
INDNIPPON|INE092B01017|1,INDNIPPON,2005-01-03,2026-09-30,INE092B01017|INE092B01025,EQUITY,3,ACTIVE_AT_CUTOFF,
INDOAMIN|INE760F01028|1,INDOAMIN,2022-04-29,2026-09-30,INE760F01028,EQUITY,1,ACTIVE_AT_CUTOFF,
INDOASIFU|NOISIN|1,INDOASIFU,2007-01-03,2009-09-17,,UNKNOWN_NO_ISIN,1,ENDED_UNEXPLAINED,
INDOASIFU|NOISIN|2,INDOASIFU,2009-11-20,2010-01-07,,UNKNOWN_NO_ISIN,1,ENDED_UNEXPLAINED,
INDOASIFU|NOISIN|3,INDOASIFU,2010-02-19,2010-04-16,,UNKNOWN_NO_ISIN,1,ENDED_UNEXPLAINED,
INDOASIFU|NOISIN|4,INDOASIFU,2010-06-11,2010-07-22,,UNKNOWN_NO_ISIN,1,ENDED_UNEXPLAINED,
INDOBORAX|INE803D01021|1,INDOBORAX,2022-03-29,2026-09-30,INE803D01021,EQUITY,1,ACTIVE_AT_CUTOFF,
INDOCO|INE873D01016|1,INDOCO,2010-02-19,2026-09-30,INE873D01016|INE873D01024,EQUITY,3,ACTIVE_AT_CUTOFF,
INDOCO|NOISIN|1,INDOCO,2005-01-14,2009-11-19,,UNKNOWN_NO_ISIN,1,ENDED_UNEXPLAINED,
INDOFARM|INE622H01018|1,INDOFARM,2025-01-07,2026-09-30,INE622H01018,EQUITY,1,ACTIVE_AT_CUTOFF,
INDOKEM|INE716F01012|1,INDOKEM,2026-08-17,2026-09-30,INE716F01012,EQUITY,1,ACTIVE_AT_CUTOFF,
INDOMIM|INE084101034|1,INDOMIM,2026-07-30,2026-09-30,INE084101034,EQUITY,1,ACTIVE_AT_CUTOFF,
INDORAMA|INE156A01020|1,INDORAMA,2005-01-03,2026-09-30,INE156A01020,EQUITY,2,ACTIVE_AT_CUTOFF,
INDORAMTEX|NOISIN|1,INDORAMTEX,2005-01-03,2007-01-23,,UNKNOWN_NO_ISIN,1,ENDED_UNEXPLAINED,
INDOSOLAR|INE866K01015|1,INDOSOLAR,2010-09-29,2019-05-21,INE866K01015,EQUITY,2,ENDED_UNEXPLAINED,
INDOSTAR|INE896L01010|1,INDOSTAR,2018-05-21,2026-09-30,INE896L01010,EQUITY,1,ACTIVE_AT_CUTOFF,
INDOTECH|INE332H01014|1,INDOTECH,2006-03-16,2026-09-30,INE332H01014,EQUITY,2,ACTIVE_AT_CUTOFF,
INDOTHAI|INE337M01013|1,INDOTHAI,2011-11-02,2024-12-11,INE337M01013,EQUITY,1,ENDED_UNEXPLAINED,
INDOTHAI|INE337M01021|1,INDOTHAI,2025-09-15,2026-09-30,INE337M01021,EQUITY,1,ACTIVE_AT_CUTOFF,
INDOUS|INE250Z01010|1,INDOUS,2024-09-27,2026-09-30,INE250Z01010,EQUITY,1,ACTIVE_AT_CUTOFF,
INDOWIND|INE227G01018|1,INDOWIND,2008-06-13,2026-09-30,INE227G01018,EQUITY,2,ACTIVE_AT_CUTOFF,
INDOWIND|NOISIN|1,INDOWIND,2007-09-14,2008-04-21,,UNKNOWN_NO_ISIN,1,ENDED_UNEXPLAINED,
INDPRUD|INE620D01011|1,INDPRUD,2026-04-20,2026-09-30,INE620D01011,EQUITY,1,ACTIVE_AT_CUTOFF,
INDRAMEDCO|INE681B01017|1,INDRAMEDCO,2008-02-29,2026-09-30,INE681B01017,EQUITY,2,ACTIVE_AT_CUTOFF,
INDRAMEDCO|NOISIN|1,INDRAMEDCO,2005-01-03,2007-12-28,,UNKNOWN_NO_ISIN,1,ENDED_UNEXPLAINED,
INDSWFTLAB|INE915B01019|1,INDSWFTLAB,2005-04-08,2026-09-30,INE915B01019,EQUITY,2,ACTIVE_AT_CUTOFF,
INDSWFTLTD|INE788B01028|1,INDSWFTLTD,2009-11-20,2025-08-13,INE788B01028,EQUITY,2,ENDED_UNEXPLAINED,
INDSWFTLTD|NOISIN|1,INDSWFTLTD,2005-04-08,2006-11-23,,UNKNOWN_NO_ISIN,1,ENDED_UNEXPLAINED,
INDSWFTLTD|NOISIN|2,INDSWFTLTD,2007-03-02,2009-08-20,,UNKNOWN_NO_ISIN,1,ENDED_UNEXPLAINED,
INDTERRAIN|INE611L01013|1,INDTERRAIN,2011-09-07,2026-09-30,INE611L01013|INE611L01021,EQUITY,2,ACTIVE_AT_CUTOFF,
INDTERRAIN|NOISIN|1,INDTERRAIN,2011-03-25,2011-06-16,,UNKNOWN_NO_ISIN,1,ENDED_UNEXPLAINED,
INDUJENERT|NOISIN|1,INDUJENERT,2005-01-03,2005-07-29,,UNKNOWN_NO_ISIN,1,ENDED_UNEXPLAINED,
INDUSFILA|INE025I01012|1,INDUSFILA,2010-12-03,2014-06-05,INE025I01012,EQUITY,2,DELISTED_EVIDENCED,INDUSFILA 2019-02-20 Compulsory Delisting
INDUSFILA|NOISIN|1,INDUSFILA,2007-03-08,2008-06-12,,UNKNOWN_NO_ISIN,1,ENDED_UNEXPLAINED,
INDUSFILA|NOISIN|2,INDUSFILA,2008-08-22,2009-10-05,,UNKNOWN_NO_ISIN,1,ENDED_UNEXPLAINED,
INDUSFILA|NOISIN|3,INDUSFILA,2009-11-20,2010-10-14,,UNKNOWN_NO_ISIN,1,ENDED_UNEXPLAINED,
INDUSINDBK|INE095A01012|1,INDUSINDBK,2005-01-03,2026-09-30,INE095A01012,EQUITY,2,ACTIVE_AT_CUTOFF,
INDUSTOWER|INE121J01017|1,INDUSTOWER|INFRATEL,2012-12-28,2026-09-30,INE121J01017,EQUITY,2,ACTIVE_AT_CUTOFF,
INFINITE|INE486J01014|1,INFINITE,2010-02-03,2018-12-13,INE486J01014,EQUITY,2,DELISTED_EVIDENCED,INFINITE 2018-12-21 Voluntary Delisting
INFOBEAN|INE344S01016|1,INFOBEAN,2019-07-15,2026-09-30,INE344S01016,EQUITY,1,ACTIVE_AT_CUTOFF,
INFODRIVE|INE804D01011|1,INFODRIVE,2010-01-08,2015-01-29,INE804D01011|INE804D01029,EQUITY,3,ENDED_UNEXPLAINED,
INFOMEDIA|INE669A01022|1,INFOMEDIA,2009-08-21,2026-09-30,INE669A01022,EQUITY,2,ACTIVE_AT_CUTOFF,
INFOMEDIA|NOISIN|1,INFOMEDIA,2006-10-12,2007-04-19,,UNKNOWN_NO_ISIN,1,ENDED_UNEXPLAINED,
INFOMEDIA|NOISIN|2,INFOMEDIA,2007-06-08,2009-06-11,,UNKNOWN_NO_ISIN,1,ENDED_UNEXPLAINED,
INFOSYSTCH|INE009A01021|1,INFOSYSTCH|INFY,2005-01-03,2026-09-30,INE009A01021,EQUITY,3,ACTIVE_AT_CUTOFF,
INFRABEES|INF732E01268|1,INFRABEES,2010-10-05,2026-09-30,INF732E01268,FUND_UNIT,2,ACTIVE_AT_CUTOFF,
INFRA|INF769K01QB4|1,INFRA,2026-02-18,2026-09-30,INF769K01QB4,FUND_UNIT,1,ACTIVE_AT_CUTOFF,
INGERRAND|INE177A01018|1,INGERRAND,2005-01-03,2026-09-30,INE177A01018,EQUITY,2,ACTIVE_AT_CUTOFF,
INGVYSYABK|INE166A01011|1,INGVYSYABK|VYSYABANK,2005-01-03,2015-04-15,INE166A01011,EQUITY,3,ENDED_UNEXPLAINED,
INNOIND|INE549I01011|1,INNOIND,2011-05-13,2015-09-24,INE549I01011,EQUITY,2,DELISTED_EVIDENCED,INNOIND 2018-07-02 Delisting - Liquidation
INNOVACAP|INE0DUT01020|1,INNOVACAP,2023-12-29,2026-09-30,INE0DUT01020,EQUITY,1,ACTIVE_AT_CUTOFF,
INNOVANA|INE403Y01018|1,INNOVANA,2024-12-17,2026-09-30,INE403Y01018,EQUITY,1,ACTIVE_AT_CUTOFF,
INNOVISION|INE0ADB01012|1,INNOVISION,2026-03-23,2026-09-30,INE0ADB01012,EQUITY,1,ACTIVE_AT_CUTOFF,
INOXGREEN|INE510W01014|1,INOXGREEN,2022-11-23,2026-09-30,INE510W01014,EQUITY,1,ACTIVE_AT_CUTOFF,
INOXINDIA|INE616N01034|1,INOXINDIA,2023-12-21,2026-09-30,INE616N01034,EQUITY,1,ACTIVE_AT_CUTOFF,
INOXLEISUR|INE312H01016|1,INOXLEISUR,2006-02-23,2023-02-16,INE312H01016,EQUITY,2,ENDED_UNEXPLAINED,
INOXWIND|INE066P01011|1,INOXWIND,2015-04-09,2026-09-30,INE066P01011,EQUITY,1,ACTIVE_AT_CUTOFF,
INSUREIETF|INF109K1A567|1,INSUREIETF,2026-08-05,2026-09-30,INF109K1A567,FUND_UNIT,1,ACTIVE_AT_CUTOFF,
INTEGRA|INE418N01027|1,INTEGRA,2013-10-01,2021-02-24,INE418N01027,EQUITY,1,ENDED_UNEXPLAINED,
INTELLECT|INE306R01017|1,INTELLECT,2015-01-02,2026-09-30,INE306R01017,EQUITY,1,ACTIVE_AT_CUTOFF,
INTENTECH|INE781A01025|1,INTENTECH,2017-03-23,2026-09-30,INE781A01025,EQUITY,1,ACTIVE_AT_CUTOFF,
INTERARCH|INE00M901018|1,INTERARCH,2024-08-26,2026-09-30,INE00M901018,EQUITY,1,ACTIVE_AT_CUTOFF,
INTERNET|INF769K01PB6|1,INTERNET,2025-07-08,2026-09-30,INF769K01PB6,FUND_UNIT,1,ACTIVE_AT_CUTOFF,
INTLCONV|INE575C01027|1,INTLCONV,2021-09-16,2026-09-30,INE575C01027,EQUITY,1,ACTIVE_AT_CUTOFF,
INVENTURE|INE878H01016|1,INVENTURE,2011-08-04,2026-09-30,INE878H01016|INE878H01024,EQUITY,2,ACTIVE_AT_CUTOFF,
INVESTCORP|NOISIN|1,INVESTCORP|TATAINVEST,2005-01-03,2026-09-30,INE672A01018|INE672A01026,EQUITY,4,ACTIVE_AT_CUTOFF,
INVPRECQ|INE155E01016|1,INVPRECQ,2026-04-20,2026-07-24,INE155E01016,EQUITY,1,ENDED_UNEXPLAINED,
IOB|INE565A01014|1,IOB,2005-01-03,2026-09-30,INE565A01014,EQUITY,2,ACTIVE_AT_CUTOFF,
IOC|INE242A01010|1,IOC,2005-01-03,2026-09-30,INE242A01010,EQUITY,2,ACTIVE_AT_CUTOFF,
IOLB|NOISIN|1,IOLB|IOLN,2007-07-19,2008-05-02,,UNKNOWN_NO_ISIN,2,ENDED_UNEXPLAINED,
IOLCP|INE485C01011|1,IOLCP,2010-11-08,2026-09-30,INE485C01011|INE485C01029,EQUITY,3,ACTIVE_AT_CUTOFF,
IOLN|INE517C01011|1,IOLN,2011-06-17,2013-01-22,INE517C01011,EQUITY,2,DELISTED_EVIDENCED,IOLN 2017-05-12 Delisting - Liquidation
IOLN|NOISIN|2,IOLN,2008-06-13,2009-01-09,,UNKNOWN_NO_ISIN,1,ENDED_UNEXPLAINED,
IOLN|NOISIN|3,IOLN,2009-03-02,2010-04-16,,UNKNOWN_NO_ISIN,1,ENDED_UNEXPLAINED,
IOLN|NOISIN|4,IOLN,2010-06-11,2011-04-18,,UNKNOWN_NO_ISIN,1,ENDED_UNEXPLAINED,
IONEXCHANG|INE570A01014|1,IONEXCHANG,2022-02-22,2026-09-30,INE570A01014|INE570A01022,EQUITY,2,ACTIVE_AT_CUTOFF,
IPCALAB|INE571A01020|1,IPCALAB,2005-01-03,2026-09-30,INE571A01020|INE571A01038,EQUITY,3,ACTIVE_AT_CUTOFF,
IPCL|NOISIN|1,IPCL,2005-01-03,2007-10-04,,UNKNOWN_NO_ISIN,1,ENDED_UNEXPLAINED,
IPL|INE0D6701023|1,IPL,2021-07-05,2026-09-30,INE0D6701023,EQUITY,1,ACTIVE_AT_CUTOFF,
IPRINGLTD|INE558A01019|1,IPRINGLTD,2010-02-19,2026-09-30,INE558A01019,EQUITY,2,ACTIVE_AT_CUTOFF,
IPRINGLTD|NOISIN|1,IPRINGLTD,2009-11-05,2009-12-10,,UNKNOWN_NO_ISIN,1,ENDED_UNEXPLAINED,
IRB|INE821I01014|1,IRB,2008-02-25,2026-09-30,INE821I01014|INE821I01022,EQUITY,3,ACTIVE_AT_CUTOFF,
IRCON|INE962Y01013|1,IRCON,2018-09-28,2026-09-30,INE962Y01013|INE962Y01021,EQUITY,2,ACTIVE_AT_CUTOFF,
IRCTC|INE335Y01012|1,IRCTC,2019-10-14,2026-09-30,INE335Y01012|INE335Y01020,EQUITY,2,ACTIVE_AT_CUTOFF,
IREDA|INE202E01016|1,IREDA,2023-11-29,2026-09-30,INE202E01016,EQUITY,1,ACTIVE_AT_CUTOFF,
IRFC|INE053F01010|1,IRFC,2021-01-29,2026-09-30,INE053F01010,EQUITY,1,ACTIVE_AT_CUTOFF,
IRISDOREME|INE01GN01017|1,IRISDOREME,2021-02-22,2026-09-30,INE01GN01017|INE01GN01025,EQUITY,2,ACTIVE_AT_CUTOFF,
IRIS|INE864K01010|1,IRIS,2021-11-08,2026-09-30,INE864K01010,EQUITY,1,ACTIVE_AT_CUTOFF,
IRMENERGY|INE07U701015|1,IRMENERGY,2023-10-26,2026-09-30,INE07U701015,EQUITY,1,ACTIVE_AT_CUTOFF,
ISEC|INE763G01038|1,ISEC,2018-04-04,2025-03-21,INE763G01038,EQUITY,1,ENDED_UNEXPLAINED,
ISFT|INE566K01011|1,ISFT,2010-04-12,2026-09-25,INE566K01011,EQUITY,2,ENDED_UNEXPLAINED,
ISGEC|INE858B01029|1,ISGEC,2021-05-05,2026-09-30,INE858B01029,EQUITY,1,ACTIVE_AT_CUTOFF,
ISHANCH|INE561M01018|1,ISHANCH,2025-03-24,2026-09-30,INE561M01018,EQUITY,1,ACTIVE_AT_CUTOFF,
ISMTLTD|INE732F01019|1,ISMTLTD,2007-08-28,2024-08-05,INE732F01019,EQUITY,2,ENDED_UNEXPLAINED,
ISPATIND|INE136A01022|1,ISPATIND|JSWISPAT,2006-04-20,2013-06-10,INE136A01022,EQUITY,3,ENDED_UNEXPLAINED,
ISTLTD|INE684B01029|1,ISTLTD,2026-08-17,2026-09-30,INE684B01029,EQUITY,1,ACTIVE_AT_CUTOFF,
IT&T|NOISIN|1,IT&T,2005-01-03,2005-07-14,,UNKNOWN_NO_ISIN,1,ENDED_UNEXPLAINED,
ITBEES|INF204KB15V2|1,ITBEES|NETFIT,2020-07-01,2026-09-30,INF204KB15V2,FUND_UNIT,2,ACTIVE_AT_CUTOFF,
ITBETA|INF789F1AZD8|1,ITBETA|NIFITETF,2024-02-01,2026-09-30,INF789F1AZD8,FUND_UNIT,2,ACTIVE_AT_CUTOFF,
ITCHOTELS|INE379A01028|1,ITCHOTELS,2025-02-11,2026-09-30,INE379A01028,EQUITY,1,ACTIVE_AT_CUTOFF,
ITCHOTEL|NOISIN|1,ITCHOTEL,2005-01-03,2005-04-07,,UNKNOWN_NO_ISIN,1,ENDED_UNEXPLAINED,
ITC|INE154A01025|1,ITC,2005-01-03,2026-09-30,INE154A01025,EQUITY,2,ACTIVE_AT_CUTOFF,
ITDCEM|NOISIN|1,ITDCEM|TRAFALHSE,2005-07-08,2006-06-29,,UNKNOWN_NO_ISIN,2,ENDED_UNEXPLAINED,
ITDCEM|NOISIN|2,ITDCEM,2006-08-28,2009-05-28,,UNKNOWN_NO_ISIN,1,ENDED_UNEXPLAINED,
ITDC|INE353K01014|1,ITDC,2016-12-30,2026-09-30,INE353K01014,EQUITY,1,ACTIVE_AT_CUTOFF,
ITETF|INF769K01KV5|1,ITETF,2023-10-27,2026-09-30,INF769K01KV5,FUND_UNIT,1,ACTIVE_AT_CUTOFF,
ITI|INE248A01017|1,ITI,2009-08-21,2026-09-30,INE248A01017,EQUITY,2,ACTIVE_AT_CUTOFF,
ITI|NOISIN|1,ITI,2005-01-03,2008-08-21,,UNKNOWN_NO_ISIN,1,ENDED_UNEXPLAINED,
ITI|NOISIN|2,ITI,2008-12-01,2009-05-28,,UNKNOWN_NO_ISIN,1,ENDED_UNEXPLAINED,
ITL|INE478D01014|1,ITL,2026-08-17,2026-09-30,INE478D01014,EQUITY,1,ACTIVE_AT_CUTOFF,
IT|INF174KA1GC5|1,IT|KOTAKIT,2021-03-05,2026-09-30,INF174KA1GC5,FUND_UNIT,2,ACTIVE_AT_CUTOFF,
IVALUE|INE056801025|1,IVALUE,2025-09-25,2026-09-30,INE056801025,EQUITY,1,ACTIVE_AT_CUTOFF,
IVC|INE050B01023|1,IVC,2006-02-17,2026-09-30,INE050B01023,EQUITY,2,ACTIVE_AT_CUTOFF,
IVC|NOISIN|1,IVC,2005-01-03,2005-12-22,,UNKNOWN_NO_ISIN,1,ENDED_UNEXPLAINED,
IVP|INE043C01018|1,IVP,2011-06-17,2026-07-08,INE043C01018,EQUITY,2,ENDED_UNEXPLAINED,
IVP|NOISIN|1,IVP,2005-01-03,2006-05-11,,UNKNOWN_NO_ISIN,1,ENDED_UNEXPLAINED,
IVP|NOISIN|2,IVP,2006-06-12,2006-12-14,,UNKNOWN_NO_ISIN,1,ENDED_UNEXPLAINED,
IVP|NOISIN|3,IVP,2007-03-02,2007-12-13,,UNKNOWN_NO_ISIN,1,ENDED_UNEXPLAINED,
IVP|NOISIN|4,IVP,2008-02-29,2011-04-28,,UNKNOWN_NO_ISIN,1,ENDED_UNEXPLAINED,
IVRCLAH|INE414I01018|1,IVRCLAH|IVRPRIME,2007-08-16,2012-08-14,INE414I01018,EQUITY,3,ENDED_UNEXPLAINED,
IVRCLINFRA|INE875A01025|1,IVRCLINFRA,2005-01-03,2019-06-06,INE875A01025,EQUITY,2,ENDED_UNEXPLAINED,
IVZBANKNF|INF205KA1CB9|1,IVZBANKNF,2026-08-21,2026-09-30,INF205KA1CB9,FUND_UNIT,1,ACTIVE_AT_CUTOFF,
IVZINGOLD|INF205K01361|1,IVZINGOLD|RELIGAREGO,2010-03-22,2026-04-29,INF205K01361,FUND_UNIT,3,ENDED_UNEXPLAINED,
IVZINGOLD|INF205KA1BP1|1,IVZINGOLD,2026-04-30,2026-09-30,INF205KA1BP1,FUND_UNIT,1,ACTIVE_AT_CUTOFF,
IVZINNIFTY|INF205K01DA9|1,IVZINNIFTY|RELGRNIFTY,2011-06-17,2026-07-30,INF205K01DA9,FUND_UNIT,3,ENDED_UNEXPLAINED,
IVZINNIFTY|INF205KA1CC7|1,IVZINNIFTY,2026-07-31,2026-09-30,INF205KA1CC7,FUND_UNIT,1,ACTIVE_AT_CUTOFF,
IVZSENSEX|INF205KA1CA1|1,IVZSENSEX,2026-08-21,2026-09-30,INF205KA1CA1,FUND_UNIT,1,ACTIVE_AT_CUTOFF,
IWEL|INE0FLR01028|1,IWEL,2021-06-25,2025-06-19,INE0FLR01028,EQUITY,1,ENDED_UNEXPLAINED,
IWP|INE586E01020|1,IWP,2026-04-20,2026-09-30,INE586E01020,EQUITY,1,ACTIVE_AT_CUTOFF,
IXIGO|INE0HV901016|1,IXIGO,2024-06-18,2026-09-30,INE0HV901016,EQUITY,1,ACTIVE_AT_CUTOFF,
IZMO|INE848A01014|1,IZMO|LOGIXMICRO,2008-06-13,2026-09-30,INE848A01014,EQUITY,3,ACTIVE_AT_CUTOFF,
J&KBANK|INE168A01017|1,J&KBANK,2005-01-03,2026-09-30,INE168A01017|INE168A01041,EQUITY,3,ACTIVE_AT_CUTOFF,
JAGRAN|INE199G01027|1,JAGRAN,2006-02-22,2026-09-30,INE199G01027,EQUITY,2,ACTIVE_AT_CUTOFF,
JAGSNPHARM|INE048B01027|1,JAGSNPHARM,2007-03-02,2026-09-30,INE048B01027|INE048B01035,EQUITY,3,ACTIVE_AT_CUTOFF,
JAGSNPHARM|NOISIN|1,JAGSNPHARM,2005-01-03,2007-01-11,,UNKNOWN_NO_ISIN,1,ENDED_UNEXPLAINED,
JAIBALAJI|INE091G01018|1,JAIBALAJI,2007-08-31,2026-09-30,INE091G01018|INE091G01026,EQUITY,3,ACTIVE_AT_CUTOFF,
JAICORPLTD|INE070D01027|1,JAICORPLTD,2007-12-03,2026-09-30,INE070D01027,EQUITY,2,ACTIVE_AT_CUTOFF,
JAICORPLTD|NOISIN|1,JAICORPLTD,2005-01-03,2006-06-09,,UNKNOWN_NO_ISIN,1,ENDED_UNEXPLAINED,
JAICORPLTD|NOISIN|2,JAICORPLTD,2007-03-02,2007-08-30,,UNKNOWN_NO_ISIN,1,ENDED_UNEXPLAINED,
JAIHINDPRO|INE343D01010|1,JAIHINDPRO,2012-02-29,2018-09-05,INE343D01010,EQUITY,1,ENDED_UNEXPLAINED,
JAINREC|INE0YD401026|1,JAINREC,2025-10-01,2026-09-30,INE0YD401026,EQUITY,1,ACTIVE_AT_CUTOFF,
JAINSTUDIO|INE486B01011|1,JAINSTUDIO,2011-06-17,2012-08-17,INE486B01011,EQUITY,2,ENDED_UNEXPLAINED,
JAINSTUDIO|NOISIN|1,JAINSTUDIO,2005-01-03,2005-07-14,,UNKNOWN_NO_ISIN,1,ENDED_UNEXPLAINED,
JAINSTUDIO|NOISIN|2,JAINSTUDIO,2006-06-12,2006-12-29,,UNKNOWN_NO_ISIN,1,ENDED_UNEXPLAINED,
JAINSTUDIO|NOISIN|3,JAINSTUDIO,2007-03-02,2007-05-07,,UNKNOWN_NO_ISIN,1,ENDED_UNEXPLAINED,
JAINSTUDIO|NOISIN|4,JAINSTUDIO,2007-06-08,2009-02-19,,UNKNOWN_NO_ISIN,1,ENDED_UNEXPLAINED,
JAINSTUDIO|NOISIN|5,JAINSTUDIO,2009-08-21,2009-11-26,,UNKNOWN_NO_ISIN,1,ENDED_UNEXPLAINED,
JAINSTUDIO|NOISIN|6,JAINSTUDIO,2010-02-19,2011-03-31,,UNKNOWN_NO_ISIN,1,ENDED_UNEXPLAINED,
JAIPURKURT|INE696V01013|1,JAIPURKURT,2021-09-02,2026-09-30,INE696V01013,EQUITY,1,ACTIVE_AT_CUTOFF,
JAMNAAUTO|INE039C01016|1,JAMNAAUTO,2010-12-10,2026-09-30,INE039C01016|INE039C01024|INE039C01032,EQUITY,4,ACTIVE_AT_CUTOFF,
JARO|INE00YJ01010|1,JARO,2025-09-30,2026-09-30,INE00YJ01010,EQUITY,1,ACTIVE_AT_CUTOFF,
JASH|INE039O01011|1,JASH,2019-10-30,2026-09-30,INE039O01011|INE039O01029,EQUITY,2,ACTIVE_AT_CUTOFF,
JAYAGROGN|INE785A01026|1,JAYAGROGN,2005-01-03,2026-09-30,INE785A01026,EQUITY,2,ACTIVE_AT_CUTOFF,
JAYBARMARU|INE571B01028|1,JAYBARMARU,2010-02-19,2026-09-30,INE571B01028|INE571B01036,EQUITY,3,ACTIVE_AT_CUTOFF,
JAYBARMARU|NOISIN|1,JAYBARMARU,2005-01-03,2009-11-19,,UNKNOWN_NO_ISIN,1,ENDED_UNEXPLAINED,
JAYKAY|INE903A01025|1,JAYKAY,2025-12-03,2026-09-30,INE903A01025,EQUITY,1,ACTIVE_AT_CUTOFF,
JAYNECOIND|INE854B01010|1,JAYNECOIND,2009-08-21,2026-09-30,INE854B01010,EQUITY,2,ACTIVE_AT_CUTOFF,
JAYNECOIND|NOISIN|1,JAYNECOIND|NAGPURENG,2007-08-31,2009-06-11,,UNKNOWN_NO_ISIN,2,ENDED_UNEXPLAINED,
JAYPEEHOT|NOISIN|1,JAYPEEHOT,2005-01-03,2006-02-16,,UNKNOWN_NO_ISIN,1,ENDED_UNEXPLAINED,
JAYPEEHOT|NOISIN|2,JAYPEEHOT,2006-06-12,2007-10-05,,UNKNOWN_NO_ISIN,1,ENDED_UNEXPLAINED,
JAYPEEHOT|NOISIN|3,JAYPEEHOT,2007-12-03,2009-06-04,,UNKNOWN_NO_ISIN,1,ENDED_UNEXPLAINED,
JAYSREETEA|INE364A01020|1,JAYSREETEA,2005-01-03,2026-09-30,INE364A01020,EQUITY,2,ACTIVE_AT_CUTOFF,
JBCHEPHARM|INE572A01028|1,JBCHEPHARM,2005-01-03,2026-07-16,INE572A01028|INE572A01036,EQUITY,3,ENDED_UNEXPLAINED,
JBFIND|INE187A01017|1,JBFIND,2005-01-03,2023-01-20,INE187A01017,EQUITY,2,ENDED_UNEXPLAINED,
JBMAUTOCOM|NOISIN|1,JBMA|JBMAUTOCOM,2005-01-03,2011-06-16,,UNKNOWN_NO_ISIN,2,ENDED_UNEXPLAINED,
JBMA|INE927D01010|1,JBMA,2011-09-07,2014-09-08,INE927D01010,EQUITY,1,ENDED_UNEXPLAINED,
JBMA|INE927D01028|1,JBMA,2014-11-13,2026-09-30,INE927D01028|INE927D01044|INE927D01051,EQUITY,3,ACTIVE_AT_CUTOFF,
JCTELEC|NOISIN|1,JCTELEC,2005-01-03,2005-05-19,,UNKNOWN_NO_ISIN,1,ENDED_UNEXPLAINED,
JCTELEC|NOISIN|2,JCTELEC,2005-07-08,2005-07-14,,UNKNOWN_NO_ISIN,1,ENDED_UNEXPLAINED,
JCTELEC|NOISIN|3,JCTELEC,2006-06-12,2006-06-29,,UNKNOWN_NO_ISIN,1,ENDED_UNEXPLAINED,
JCTELEC|NOISIN|4,JCTELEC,2006-08-28,2006-10-19,,UNKNOWN_NO_ISIN,1,ENDED_UNEXPLAINED,
JCTELEC|NOISIN|5,JCTELEC,2006-11-24,2007-01-25,,UNKNOWN_NO_ISIN,1,ENDED_UNEXPLAINED,
JCTELEC|NOISIN|6,JCTELEC,2007-03-02,2007-04-19,,UNKNOWN_NO_ISIN,1,ENDED_UNEXPLAINED,
JCTELEC|NOISIN|7,JCTELEC,2007-06-08,2007-07-27,,UNKNOWN_NO_ISIN,1,ENDED_UNEXPLAINED,
JCTEL|INE264B01020|1,JCTEL,2011-06-17,2016-05-19,INE264B01020,EQUITY,2,DELISTED_EVIDENCED,JCTEL 2018-07-02 Delisting - Liquidation
JCTEL|NOISIN|1,JCTEL,2007-11-21,2007-12-13,,UNKNOWN_NO_ISIN,1,ENDED_UNEXPLAINED,
JCTEL|NOISIN|2,JCTEL,2008-02-29,2008-04-21,,UNKNOWN_NO_ISIN,1,ENDED_UNEXPLAINED,
JCTEL|NOISIN|3,JCTEL,2008-06-13,2008-08-07,,UNKNOWN_NO_ISIN,1,ENDED_UNEXPLAINED,
JCTEL|NOISIN|4,JCTEL,2008-12-01,2009-05-28,,UNKNOWN_NO_ISIN,1,ENDED_UNEXPLAINED,
JCTEL|NOISIN|5,JCTEL,2009-08-21,2009-09-17,,UNKNOWN_NO_ISIN,1,ENDED_UNEXPLAINED,
JCTEL|NOISIN|6,JCTEL,2009-11-20,2010-09-16,,UNKNOWN_NO_ISIN,1,ENDED_UNEXPLAINED,
JCTEL|NOISIN|7,JCTEL,2010-12-03,2011-02-17,,UNKNOWN_NO_ISIN,1,ENDED_UNEXPLAINED,
JDORGOCHEM|INE263B01022|1,JDORGOCHEM,2011-09-12,2013-12-12,INE263B01022,EQUITY,1,DELISTED_EVIDENCED,JDORGOCHEM 2014-07-18 Voluntary Delisting
JDORGOCHEM|NOISIN|1,JDORGOCHEM,2008-09-02,2009-04-17,,UNKNOWN_NO_ISIN,1,ENDED_UNEXPLAINED,
JDORGOCHEM|NOISIN|2,JDORGOCHEM,2009-08-25,2009-09-17,,UNKNOWN_NO_ISIN,1,ENDED_UNEXPLAINED,
JDORGOCHEM|NOISIN|3,JDORGOCHEM,2009-11-20,2010-02-02,,UNKNOWN_NO_ISIN,1,ENDED_UNEXPLAINED,
JDORGOCHEM|NOISIN|4,JDORGOCHEM,2010-06-14,2011-04-13,,UNKNOWN_NO_ISIN,1,ENDED_UNEXPLAINED,
JDORGO|NOISIN|1,JDORGO,2005-03-14,2005-04-07,,UNKNOWN_NO_ISIN,1,ENDED_UNEXPLAINED,
JDORGO|NOISIN|2,JDORGO,2006-06-12,2006-06-29,,UNKNOWN_NO_ISIN,1,ENDED_UNEXPLAINED,
JDORGO|NOISIN|3,JDORGO,2006-07-31,2006-10-23,,UNKNOWN_NO_ISIN,1,ENDED_UNEXPLAINED,
JDORGO|NOISIN|4,JDORGO,2006-11-29,2007-01-25,,UNKNOWN_NO_ISIN,1,ENDED_UNEXPLAINED,
JDORGO|NOISIN|5,JDORGO,2007-06-08,2007-08-14,,UNKNOWN_NO_ISIN,1,ENDED_UNEXPLAINED,
JDORGO|NOISIN|6,JDORGO,2008-02-29,2008-07-18,,UNKNOWN_NO_ISIN,1,ENDED_UNEXPLAINED,
JENBURPH|INE354A01013|1,JENBURPH,2026-08-17,2026-09-30,INE354A01013,EQUITY,1,ACTIVE_AT_CUTOFF,
JENSONICOL|INE819B01021|1,JENSONICOL,2010-06-11,2017-11-08,INE819B01021,EQUITY,2,DELISTED_EVIDENCED,JENSONICOL 2019-02-13 Delisting - Liquidation
JENSONICOL|NOISIN|1,JENSONICOL,2005-01-03,2005-04-28,,UNKNOWN_NO_ISIN,1,ENDED_UNEXPLAINED,
JENSONICOL|NOISIN|10,JENSONICOL,2009-08-21,2010-04-16,,UNKNOWN_NO_ISIN,1,ENDED_UNEXPLAINED,
JENSONICOL|NOISIN|2,JENSONICOL,2005-07-08,2005-07-21,,UNKNOWN_NO_ISIN,1,ENDED_UNEXPLAINED,
JENSONICOL|NOISIN|3,JENSONICOL,2006-06-12,2006-06-29,,UNKNOWN_NO_ISIN,1,ENDED_UNEXPLAINED,
JENSONICOL|NOISIN|4,JENSONICOL,2006-08-28,2006-09-21,,UNKNOWN_NO_ISIN,1,ENDED_UNEXPLAINED,
JENSONICOL|NOISIN|5,JENSONICOL,2006-11-24,2007-08-23,,UNKNOWN_NO_ISIN,1,ENDED_UNEXPLAINED,
JENSONICOL|NOISIN|6,JENSONICOL,2007-12-03,2007-12-28,,UNKNOWN_NO_ISIN,1,ENDED_UNEXPLAINED,
JENSONICOL|NOISIN|7,JENSONICOL,2008-02-29,2008-04-21,,UNKNOWN_NO_ISIN,1,ENDED_UNEXPLAINED,
JENSONICOL|NOISIN|8,JENSONICOL,2008-06-13,2009-01-09,,UNKNOWN_NO_ISIN,1,ENDED_UNEXPLAINED,
JENSONICOL|NOISIN|9,JENSONICOL,2009-03-02,2009-06-11,,UNKNOWN_NO_ISIN,1,ENDED_UNEXPLAINED,
JETAIRWAYS|INE802G01018|1,JETAIRWAYS,2005-03-14,2019-06-27,INE802G01018,EQUITY,2,ENDED_UNEXPLAINED,
JETFREIGHT|INE982V01017|1,JETFREIGHT,2021-12-21,2026-09-30,INE982V01017|INE982V01025,EQUITY,2,ACTIVE_AT_CUTOFF,
JEYPORE|NOISIN|1,JEYPORE,2010-06-30,2010-11-22,,UNKNOWN_NO_ISIN,1,ENDED_UNEXPLAINED,
JGCHEM|INE0MB501011|1,JGCHEM,2024-03-13,2026-09-30,INE0MB501011,EQUITY,1,ACTIVE_AT_CUTOFF,
JHS|INE544H01014|1,JHS,2009-11-20,2026-09-30,INE544H01014,EQUITY,2,ACTIVE_AT_CUTOFF,
JHS|NOISIN|1,JHS,2006-10-23,2009-08-20,,UNKNOWN_NO_ISIN,1,ENDED_UNEXPLAINED,
JIKINDS|NOISIN|1,JIKINDS,2005-01-03,2005-04-07,,UNKNOWN_NO_ISIN,1,ENDED_UNEXPLAINED,
JIKINDS|NOISIN|2,JIKINDS,2005-07-08,2005-07-29,,UNKNOWN_NO_ISIN,1,ENDED_UNEXPLAINED,
JIKINDS|NOISIN|3,JIKINDS,2006-06-12,2006-06-29,,UNKNOWN_NO_ISIN,1,ENDED_UNEXPLAINED,
JIKINDS|NOISIN|4,JIKINDS,2006-08-28,2007-02-06,,UNKNOWN_NO_ISIN,1,ENDED_UNEXPLAINED,
JIKIND|INE026B01049|1,JIKIND,2009-11-20,2017-03-23,INE026B01049,EQUITY,2,ENDED_UNEXPLAINED,
JIKIND|NOISIN|1,JIKIND,2008-11-26,2009-04-02,,UNKNOWN_NO_ISIN,1,ENDED_UNEXPLAINED,
JIKIND|NOISIN|2,JIKIND,2009-06-12,2009-09-17,,UNKNOWN_NO_ISIN,1,ENDED_UNEXPLAINED,
JIK|NOISIN|1,JIK,2007-06-08,2007-08-23,,UNKNOWN_NO_ISIN,1,ENDED_UNEXPLAINED,
JIK|NOISIN|2,JIK,2007-12-03,2008-09-30,,UNKNOWN_NO_ISIN,1,ENDED_UNEXPLAINED,
JINDALDRIL|NOISIN|1,JINDALDRIL,2005-01-03,2005-03-03,,UNKNOWN_NO_ISIN,1,ENDED_UNEXPLAINED,
JINDALDRIL|NOISIN|2,JINDALDRIL,2005-04-08,2006-06-09,,UNKNOWN_NO_ISIN,1,ENDED_UNEXPLAINED,
JINDALDRIL|NOISIN|3,JINDALDRIL,2006-08-28,2006-09-11,,UNKNOWN_NO_ISIN,1,ENDED_UNEXPLAINED,
JINDALIRON|NOISIN|1,JINDALIRON,2005-01-03,2005-02-17,,UNKNOWN_NO_ISIN,1,ENDED_UNEXPLAINED,
JINDALPHOT|INE796G01012|1,JINDALPHOT,2005-04-07,2026-09-30,INE796G01012,EQUITY,2,ACTIVE_AT_CUTOFF,
JINDALPOLY|INE197D01010|1,JINDALPOLY,2007-12-03,2026-09-30,INE197D01010,EQUITY,2,ACTIVE_AT_CUTOFF,
JINDALPOLY|NOISIN|1,JINDALPOLY,2005-01-03,2007-08-30,,UNKNOWN_NO_ISIN,1,ENDED_UNEXPLAINED,
JINDALSAW|INE324A01024|1,JINDALSAW|SAWPIPES,2005-01-03,2026-09-30,INE324A01024|INE324A01032,EQUITY,4,ACTIVE_AT_CUTOFF,
JINDALSTEL|INE749A01030|1,JINDALSTEL,2005-01-03,2026-09-30,INE749A01030,EQUITY,2,ACTIVE_AT_CUTOFF,
JINDALSWHL|INE824G01012|1,JINDALSWHL|JSWHL,2007-06-08,2026-09-30,INE824G01012,EQUITY,3,ACTIVE_AT_CUTOFF,
JINDALSWHL|NOISIN|1,JINDALSWHL,2005-06-21,2007-03-01,,UNKNOWN_NO_ISIN,1,ENDED_UNEXPLAINED,
JINDCOT|INE904J01016|1,JINDCOT,2010-08-20,2019-09-09,INE904J01016,EQUITY,2,ENDED_UNEXPLAINED,
JINDCOT|NOISIN|1,JINDCOT,2009-09-22,2010-07-08,,UNKNOWN_NO_ISIN,1,ENDED_UNEXPLAINED,
JINDRILL|INE742C01031|1,JINDRILL,2006-12-22,2026-09-30,INE742C01031,EQUITY,2,ACTIVE_AT_CUTOFF,
JINDVIJSTL|NOISIN|1,JINDVIJSTL,2005-01-03,2005-02-18,,UNKNOWN_NO_ISIN,1,ENDED_UNEXPLAINED,
JINDWORLD|INE247D01013|1,JINDWORLD,2010-11-25,2026-09-30,INE247D01013|INE247D01021|INE247D01039,EQUITY,4,ACTIVE_AT_CUTOFF,
JIOFIN|INE758E01017|1,JIOFIN,2023-09-04,2026-09-30,INE758E01017,EQUITY,1,ACTIVE_AT_CUTOFF,
JISLDVREQS|IN9175A01010|1,JISLDVREQS,2011-11-30,2026-09-30,IN9175A01010,OTHER_ISIN,1,ACTIVE_AT_CUTOFF,
JISLJALEQS|INE175A01038|1,JISLJALEQS,2005-01-03,2026-09-30,INE175A01038,EQUITY,2,ACTIVE_AT_CUTOFF,
JITFINFRA|INE863T01013|1,JITFINFRA,2023-11-22,2026-09-30,INE863T01013,EQUITY,1,ACTIVE_AT_CUTOFF,
JIYAECO|INE023S01016|1,JIYAECO,2019-08-19,2020-11-23,INE023S01016,EQUITY,1,ENDED_UNEXPLAINED,
JKCEMENT|INE823G01014|1,JKCEMENT,2006-03-14,2026-09-30,INE823G01014,EQUITY,2,ACTIVE_AT_CUTOFF,
JKIL|INE576I01014|1,JKIL,2008-02-12,2026-09-30,INE576I01014|INE576I01022,EQUITY,3,ACTIVE_AT_CUTOFF,
JKINDUSTRY|NOISIN|1,JKINDUSTRY,2005-01-03,2007-01-18,,UNKNOWN_NO_ISIN,1,ENDED_UNEXPLAINED,
JKIPL|INE1FF001016|1,JKIPL,2025-10-17,2026-09-30,INE1FF001016,EQUITY,1,ACTIVE_AT_CUTOFF,
JKLAKSHMI|INE786A01032|1,JKLAKSHMI,2006-06-19,2026-09-30,INE786A01032,EQUITY,2,ACTIVE_AT_CUTOFF,
JKPAPER|INE789E01012|1,JKPAPER,2005-06-16,2026-09-30,INE789E01012,EQUITY,2,ACTIVE_AT_CUTOFF,
JKTYRE|INE573A01034|1,JKTYRE,2007-03-19,2026-09-30,INE573A01034|INE573A01042,EQUITY,3,ACTIVE_AT_CUTOFF,
JLHL|INE682M01012|1,JLHL,2023-09-18,2026-09-30,INE682M01012|INE682M01020,EQUITY,2,ACTIVE_AT_CUTOFF,
JMA|INE412C01015|1,JMA,2015-03-30,2026-09-30,INE412C01015|INE412C01023,EQUITY,2,ACTIVE_AT_CUTOFF,
JMCPROJECT|INE890A01016|1,JMCPROJECT,2007-11-26,2023-01-10,INE890A01016|INE890A01024,EQUITY,3,ENDED_UNEXPLAINED,
JMFINANCIL|INE780C01023|1,JMFINANCIL,2006-10-10,2026-09-30,INE780C01023,EQUITY,2,ACTIVE_AT_CUTOFF,
JMTAUTOLTD|INE988E01010|1,JMTAUTOLTD,2007-04-02,2021-10-22,INE988E01010|INE988E01028|INE988E01036,EQUITY,4,ENDED_UNEXPLAINED,
JNKINDIA|INE0OAF01028|1,JNKINDIA,2024-04-30,2026-09-30,INE0OAF01028,EQUITY,1,ACTIVE_AT_CUTOFF,
JNPR|INE05C901015|1,JNPR,2026-08-06,2026-09-30,INE05C901015,EQUITY,1,ACTIVE_AT_CUTOFF,
JOCIL|INE839G01010|1,JOCIL,2008-10-08,2026-09-30,INE839G01010,EQUITY,2,ACTIVE_AT_CUTOFF,
JPASSOCIAT|INE455F01025|1,JPASSOCIAT,2005-01-03,2024-06-05,INE455F01025,EQUITY,2,ENDED_UNEXPLAINED,
JPHYDRO|NOISIN|1,JPHYDRO|JPPOWER,2005-04-18,2026-09-30,INE351F01018,EQUITY,3,ACTIVE_AT_CUTOFF,
JPINFRATEC|INE099J01015|1,JPINFRATEC,2010-05-21,2022-05-24,INE099J01015,EQUITY,2,ENDED_UNEXPLAINED,
JPOLYINVST|INE147P01019|1,JPOLYINVST,2013-11-26,2026-09-30,INE147P01019,EQUITY,1,ACTIVE_AT_CUTOFF,
JSFB|INE953L01027|1,JSFB,2024-02-14,2026-09-30,INE953L01027,EQUITY,1,ACTIVE_AT_CUTOFF,
JSLHISAR|INE455T01018|1,JSLHISAR,2016-02-11,2023-03-08,INE455T01018,EQUITY,1,ENDED_UNEXPLAINED,
JSLL|INE0J5801029|1,JSLL,2025-08-11,2026-09-30,INE0J5801029,EQUITY,1,ACTIVE_AT_CUTOFF,
JSL|INE220G01021|1,JSL|JSTAINLESS,2005-01-03,2026-09-30,INE220G01021,EQUITY,3,ACTIVE_AT_CUTOFF,
JSTRIPS|NOISIN|1,JSTRIPS|NSIL,2005-01-03,2005-08-19,,UNKNOWN_NO_ISIN,2,ENDED_UNEXPLAINED,
JSWCEMENT|INE718I01012|1,JSWCEMENT,2025-08-14,2026-09-30,INE718I01012,EQUITY,1,ACTIVE_AT_CUTOFF,
JSWENERGY|INE121E01018|1,JSWENERGY,2010-01-04,2026-09-30,INE121E01018,EQUITY,2,ACTIVE_AT_CUTOFF,
JSWINFRA|INE880J01026|1,JSWINFRA,2023-10-03,2026-09-30,INE880J01026,EQUITY,1,ACTIVE_AT_CUTOFF,
JSWSTEEL|INE019A01020|1,JSWSTEEL|JSWSTL,2005-03-23,2017-01-04,INE019A01020,EQUITY,3,ENDED_UNEXPLAINED,
JSWSTEEL|INE019A01038|1,JSWSTEEL,2017-01-05,2026-09-30,INE019A01038,EQUITY,1,ACTIVE_AT_CUTOFF,
JTEKTINDIA|INE643A01035|1,JTEKTINDIA|SONASTEER,2009-11-20,2026-09-30,INE643A01035,EQUITY,3,ACTIVE_AT_CUTOFF,
JTLIND|INE391J01024|1,JTLIND|JTLINFRA,2021-12-23,2026-09-30,INE391J01024|INE391J01032,EQUITY,3,ACTIVE_AT_CUTOFF,
JUBILANT|INE700A01033|1,JUBILANT|JUBLPHARMA,2005-01-03,2026-09-30,INE700A01033,EQUITY,3,ACTIVE_AT_CUTOFF,
JUBLCPL|INE03CC01015|1,JUBLCPL,2025-03-03,2026-09-30,INE03CC01015,EQUITY,1,ACTIVE_AT_CUTOFF,
JUBLFOOD|INE797F01012|1,JUBLFOOD,2010-02-08,2026-09-30,INE797F01012|INE797F01020,EQUITY,3,ACTIVE_AT_CUTOFF,
JUBLINDS|INE645L01011|1,JUBLINDS,2011-02-28,2024-10-25,INE645L01011,EQUITY,2,ENDED_UNEXPLAINED,
JUBLINGREA|INE0BY001018|1,JUBLINGREA,2021-04-06,2026-09-30,INE0BY001018,EQUITY,1,ACTIVE_AT_CUTOFF,
JUMBO|INE699D01015|1,JUMBO,2011-03-07,2014-04-11,INE699D01015,EQUITY,2,ENDED_UNEXPLAINED,
JUMBO|NOISIN|1,JUMBO,2009-11-05,2010-01-07,,UNKNOWN_NO_ISIN,1,ENDED_UNEXPLAINED,
JUMBO|NOISIN|2,JUMBO,2010-02-19,2010-04-16,,UNKNOWN_NO_ISIN,1,ENDED_UNEXPLAINED,
JUMBO|NOISIN|3,JUMBO,2010-06-11,2010-07-08,,UNKNOWN_NO_ISIN,1,ENDED_UNEXPLAINED,
JUMBO|NOISIN|4,JUMBO,2010-08-20,2011-01-06,,UNKNOWN_NO_ISIN,1,ENDED_UNEXPLAINED,
JUMPNET|INE974C01022|1,JUMPNET|WINPRO,2019-08-19,2023-04-28,INE974C01022,EQUITY,2,ENDED_UNEXPLAINED,
JUNIORBEES|INF732E01045|1,JUNIORBEES,2005-01-03,2026-09-30,INF732E01045,FUND_UNIT,2,ACTIVE_AT_CUTOFF,
JUNIPER|INE696F01016|1,JUNIPER,2024-02-28,2026-09-30,INE696F01016,EQUITY,1,ACTIVE_AT_CUTOFF,
JUPITER|INE918B01013|1,JUPITER,2010-01-08,2012-06-15,INE918B01013,EQUITY,2,ENDED_UNEXPLAINED,
JUSTDIAL|INE599M01018|1,JUSTDIAL,2013-06-05,2026-09-30,INE599M01018,EQUITY,1,ACTIVE_AT_CUTOFF,
JVLAGRO|INE430G01026|1,JVLAGRO,2011-06-17,2018-09-24,INE430G01026,EQUITY,2,ENDED_UNEXPLAINED,
JYOTHYLAB|INE668F01031|1,JYOTHYLAB,2007-12-19,2026-09-30,INE668F01031,EQUITY,2,ACTIVE_AT_CUTOFF,
JYOTICNC|INE980O01024|1,JYOTICNC,2024-01-16,2026-09-30,INE980O01024,EQUITY,1,ACTIVE_AT_CUTOFF,
JYOTIRES|INE577D01013|1,JYOTIRES,2026-08-17,2026-09-30,INE577D01013,EQUITY,1,ACTIVE_AT_CUTOFF,
JYOTISTRUC|INE197A01024|1,JYOTISTRUC,2005-01-03,2026-09-30,INE197A01024,EQUITY,2,ACTIVE_AT_CUTOFF,
KABRAEXTRU|INE900B01029|1,KABRAEXTRU,2008-08-22,2026-09-30,INE900B01029,EQUITY,2,ACTIVE_AT_CUTOFF,
KABRAEXTRU|NOISIN|1,KABRAEXTRU,2005-01-03,2008-06-12,,UNKNOWN_NO_ISIN,1,ENDED_UNEXPLAINED,
KAJARIACER|INE217B01028|1,KAJARIACER,2008-02-29,2026-09-30,INE217B01028|INE217B01036,EQUITY,3,ACTIVE_AT_CUTOFF,
KAJARIACER|NOISIN|1,KAJARIACER,2005-04-08,2007-12-13,,UNKNOWN_NO_ISIN,1,ENDED_UNEXPLAINED,
KAKATCEM|INE437B01014|1,KAKATCEM,2005-01-03,2026-09-30,INE437B01014,EQUITY,2,ACTIVE_AT_CUTOFF,
KALAMANDIR|INE438K01021|1,KALAMANDIR,2023-09-27,2026-09-30,INE438K01021,EQUITY,1,ACTIVE_AT_CUTOFF,
KALECONSUL|NOISIN|1,KALECONSUL,2005-01-03,2005-11-18,,UNKNOWN_NO_ISIN,1,ENDED_UNEXPLAINED,
KALECONSUL|NOISIN|2,KALECONSUL,2006-06-12,2009-06-11,,UNKNOWN_NO_ISIN,1,ENDED_UNEXPLAINED,
KALINDEE|INE178D01010|1,KALINDEE,2010-02-19,2017-02-08,INE178D01010,EQUITY,2,ENDED_UNEXPLAINED,
KALINDEE|NOISIN|1,KALINDEE,2007-06-08,2008-01-10,,UNKNOWN_NO_ISIN,1,ENDED_UNEXPLAINED,
KALINDEE|NOISIN|2,KALINDEE,2008-02-29,2010-01-07,,UNKNOWN_NO_ISIN,1,ENDED_UNEXPLAINED,
KALPATARU|INE227J01012|1,KALPATARU,2025-07-01,2026-09-30,INE227J01012,EQUITY,1,ACTIVE_AT_CUTOFF,
KALPATPOWR|INE220B01022|1,KALPATPOWR|KPIL,2005-01-03,2026-09-30,INE220B01022,EQUITY,3,ACTIVE_AT_CUTOFF,
KALSTEELS|NOISIN|1,KALSTEELS,2008-10-21,2009-04-17,,UNKNOWN_NO_ISIN,1,ENDED_UNEXPLAINED,
KALSTEELS|NOISIN|2,KALSTEELS,2009-08-21,2010-04-21,,UNKNOWN_NO_ISIN,1,ENDED_UNEXPLAINED,
KALYANIFRG|INE314G01014|1,KALYANIFRG,2024-02-22,2026-09-02,INE314G01014,EQUITY,1,ENDED_UNEXPLAINED,
KALYANIFRG|NOISIN|1,KALYANIFRG,2007-12-20,2009-06-11,,UNKNOWN_NO_ISIN,1,ENDED_UNEXPLAINED,
KALYANIFRG|NOISIN|2,KALYANIFRG,2009-11-20,2010-08-19,,UNKNOWN_NO_ISIN,1,ENDED_UNEXPLAINED,
KALYANKJIL|INE303R01014|1,KALYANKJIL,2021-03-26,2026-09-30,INE303R01014,EQUITY,1,ACTIVE_AT_CUTOFF,
KAMAHOLD|INE411F01010|1,KAMAHOLD,2026-04-20,2026-09-30,INE411F01010,EQUITY,1,ACTIVE_AT_CUTOFF,
KAMANWALA|INE344D01018|1,KAMANWALA,2026-08-17,2026-09-30,INE344D01018,EQUITY,1,ACTIVE_AT_CUTOFF,
KAMATHOTEL|INE967C01018|1,KAMATHOTEL,2010-06-11,2026-09-30,INE967C01018,EQUITY,2,ACTIVE_AT_CUTOFF,
KAMATHOTEL|NOISIN|1,KAMATHOTEL,2005-01-03,2006-02-16,,UNKNOWN_NO_ISIN,1,ENDED_UNEXPLAINED,
KAMATHOTEL|NOISIN|2,KAMATHOTEL,2006-06-12,2009-10-05,,UNKNOWN_NO_ISIN,1,ENDED_UNEXPLAINED,
KAMATHOTEL|NOISIN|3,KAMATHOTEL,2009-11-20,2010-04-16,,UNKNOWN_NO_ISIN,1,ENDED_UNEXPLAINED,
KAMDHENU|INE390H01012|1,KAMDHENU|KIL,2010-06-11,2026-09-30,INE390H01012|INE390H01020,EQUITY,4,ACTIVE_AT_CUTOFF,
KAMOPAINTS|INE0BTI01029|1,KAMOPAINTS,2023-02-08,2026-09-30,INE0BTI01029|INE0BTI01037,EQUITY,2,ACTIVE_AT_CUTOFF,
KANANIIND|INE879E01029|1,KANANIIND,2011-12-14,2012-09-13,INE879E01029,EQUITY,1,ENDED_UNEXPLAINED,
KANANIIND|INE879E01037|1,KANANIIND,2012-12-03,2026-09-30,INE879E01037,EQUITY,1,ACTIVE_AT_CUTOFF,
KANCHI|INE081G01019|1,KANCHI,2026-04-20,2026-09-30,INE081G01019,EQUITY,1,ACTIVE_AT_CUTOFF,
KANCOTEA|INE398L01017|1,KANCOTEA,2026-08-17,2026-09-30,INE398L01017,EQUITY,1,ACTIVE_AT_CUTOFF,
KANDAGIRI|INE292D01019|1,KANDAGIRI,2010-08-11,2015-01-23,INE292D01019,EQUITY,2,ENDED_UNEXPLAINED,
KANOHAR|INE877D01025|1,KANOHAR,2026-09-16,2026-09-30,INE877D01025,EQUITY,1,ACTIVE_AT_CUTOFF,
KANORICHEM|INE138C01024|1,KANORICHEM,2008-02-29,2026-05-18,INE138C01024,EQUITY,2,ENDED_UNEXPLAINED,
KANORICHEM|NOISIN|1,KANORICHEM,2005-01-03,2007-11-30,,UNKNOWN_NO_ISIN,1,ENDED_UNEXPLAINED,
KANPRPLA|INE694E01014|1,KANPRPLA,2021-01-01,2026-09-30,INE694E01014,EQUITY,1,ACTIVE_AT_CUTOFF,
KAPSTON|INE542Z01010|1,KAPSTON,2020-05-27,2024-06-20,INE542Z01010,EQUITY,1,ENDED_UNEXPLAINED,
KAPSTON|INE542Z01028|1,KAPSTON,2024-09-30,2026-09-30,INE542Z01028,EQUITY,1,ACTIVE_AT_CUTOFF,
KARAMTARA|INE590T01012|1,KARAMTARA,2026-09-17,2026-09-30,INE590T01012,EQUITY,1,ACTIVE_AT_CUTOFF,
KARDA|INE278R01018|1,KARDA,2018-04-16,2020-05-26,INE278R01018,EQUITY,1,ENDED_UNEXPLAINED,
KARDA|INE278R01026|1,KARDA,2020-11-10,2021-06-08,INE278R01026,EQUITY,1,ENDED_UNEXPLAINED,
KARDA|INE278R01034|1,KARDA|KBCGLOBAL,2021-09-13,2025-06-20,INE278R01034,EQUITY,2,ENDED_UNEXPLAINED,
KARMAENG|INE725L01011|1,KARMAENG,2011-07-12,2026-09-30,INE725L01011,EQUITY,1,ACTIVE_AT_CUTOFF,
KARURKCP|INE727F01019|1,KARURKCP,2011-06-22,2015-01-29,INE727F01019,EQUITY,1,ENDED_UNEXPLAINED,
KARURKCP|NOISIN|1,KARURKCP,2010-03-02,2011-06-20,,UNKNOWN_NO_ISIN,1,ENDED_UNEXPLAINED,
KARURVYSYA|INE036D01010|1,KARURVYSYA,2005-01-03,2016-11-17,INE036D01010,EQUITY,2,ENDED_UNEXPLAINED,
KARURVYSYA|INE036D01028|1,KARURVYSYA,2016-11-18,2026-09-30,INE036D01028,EQUITY,1,ACTIVE_AT_CUTOFF,
KAUSHALYA|INE234I01010|1,KAUSHALYA,2007-12-14,2023-10-06,INE234I01010,EQUITY,2,ENDED_UNEXPLAINED,
KAUSHALYA|INE234I01028|1,KAUSHALYA,2024-03-04,2026-07-08,INE234I01028,EQUITY,1,ENDED_UNEXPLAINED,
KAVDEFENCE|INE641C01019|1,KAVDEFENCE|KAVVERITEL,2010-06-11,2026-09-17,INE641C01019,EQUITY,3,ENDED_UNEXPLAINED,
KAVVERITEL|NOISIN|1,KAVVERITEL,2008-01-29,2010-02-18,,UNKNOWN_NO_ISIN,1,ENDED_UNEXPLAINED,
KAYA|INE587G01015|1,KAYA,2015-08-28,2026-08-24,INE587G01015,EQUITY,1,ENDED_UNEXPLAINED,
KAYNES|INE918Z01012|1,KAYNES,2022-11-22,2026-09-30,INE918Z01012,EQUITY,1,ACTIVE_AT_CUTOFF,
KBIL|INE920K01010|1,KBIL,2011-01-18,2015-07-08,INE920K01010,EQUITY,2,ENDED_UNEXPLAINED,
KBL|NOISIN|1,KBL,2006-04-07,2010-03-08,,UNKNOWN_NO_ISIN,1,ENDED_UNEXPLAINED,
KCPSUGIND|INE790B01024|1,KCPSUGIND,2008-12-01,2026-08-10,INE790B01024,EQUITY,2,ENDED_UNEXPLAINED,
KCPSUGIND|NOISIN|1,KCPSUGIND,2005-01-03,2007-12-28,,UNKNOWN_NO_ISIN,1,ENDED_UNEXPLAINED,
KCPSUGIND|NOISIN|2,KCPSUGIND,2008-02-29,2008-08-07,,UNKNOWN_NO_ISIN,1,ENDED_UNEXPLAINED,
KCP|INE805C01028|1,KCP,2005-01-03,2026-09-30,INE805C01028,EQUITY,2,ACTIVE_AT_CUTOFF,
KDDL|INE291D01011|1,KDDL,2016-03-23,2026-09-30,INE291D01011,EQUITY,1,ACTIVE_AT_CUTOFF,
KDGREEN|INE348N01042|1,KDGREEN|MANBRO,2026-08-17,2026-09-30,INE348N01042,EQUITY,2,ACTIVE_AT_CUTOFF,
KECINFRA|NOISIN|1,KECINFRA|KECINTL,2005-01-03,2007-11-30,,UNKNOWN_NO_ISIN,2,ENDED_UNEXPLAINED,
KECINFRA|NOISIN|2,KECINFRA|SUMMIT,2008-02-29,2009-04-17,,UNKNOWN_NO_ISIN,2,ENDED_UNEXPLAINED,
KECL|INE134B01017|1,KECL,2010-12-03,2026-09-30,INE134B01017,EQUITY,2,ACTIVE_AT_CUTOFF,
KECL|NOISIN|1,KECL,2010-03-09,2010-09-16,,UNKNOWN_NO_ISIN,1,ENDED_UNEXPLAINED,
KEC|INE389H01022|1,KEC,2006-03-10,2026-09-30,INE389H01022,EQUITY,2,ACTIVE_AT_CUTOFF,
KEEPLEARN|INE055C01020|1,KEEPLEARN,2024-03-18,2026-09-30,INE055C01020,EQUITY,1,ACTIVE_AT_CUTOFF,
KEI|INE878B01027|1,KEI,2009-08-21,2026-09-30,INE878B01027,EQUITY,2,ACTIVE_AT_CUTOFF,
KEI|NOISIN|1,KEI,2006-03-23,2009-04-17,,UNKNOWN_NO_ISIN,1,ENDED_UNEXPLAINED,
KELLTONTEC|INE164B01022|1,KELLTONTEC,2016-03-02,2026-09-30,INE164B01022|INE164B01030,EQUITY,2,ACTIVE_AT_CUTOFF,
KEMROCK|INE990B01012|1,KEMROCK,2009-11-20,2016-05-20,INE990B01012,EQUITY,2,DELISTED_EVIDENCED,KEMROCK 2018-05-30 Compulsory Delisting
KEMROCK|NOISIN|1,KEMROCK,2009-06-16,2009-08-20,,UNKNOWN_NO_ISIN,1,ENDED_UNEXPLAINED,
KENNAMET|INE717A01029|1,KENNAMET,2019-08-19,2026-09-30,INE717A01029,EQUITY,1,ACTIVE_AT_CUTOFF,
KERNEX|INE202H01019|1,KERNEX,2010-12-03,2026-09-30,INE202H01019,EQUITY,2,ACTIVE_AT_CUTOFF,
KERNEX|NOISIN|1,KERNEX,2005-12-20,2006-08-24,,UNKNOWN_NO_ISIN,1,ENDED_UNEXPLAINED,
KERNEX|NOISIN|2,KERNEX,2006-11-24,2007-01-25,,UNKNOWN_NO_ISIN,1,ENDED_UNEXPLAINED,
KERNEX|NOISIN|3,KERNEX,2007-03-02,2007-06-14,,UNKNOWN_NO_ISIN,1,ENDED_UNEXPLAINED,
KERNEX|NOISIN|4,KERNEX,2007-12-03,2008-05-02,,UNKNOWN_NO_ISIN,1,ENDED_UNEXPLAINED,
KERNEX|NOISIN|5,KERNEX,2008-06-13,2009-02-19,,UNKNOWN_NO_ISIN,1,ENDED_UNEXPLAINED,
KERNEX|NOISIN|6,KERNEX,2009-08-21,2009-12-24,,UNKNOWN_NO_ISIN,1,ENDED_UNEXPLAINED,
KERNEX|NOISIN|7,KERNEX,2010-02-19,2010-08-05,,UNKNOWN_NO_ISIN,1,ENDED_UNEXPLAINED,
KESARENT|INE133B01019|1,KESARENT,2008-12-02,2019-12-30,INE133B01019,EQUITY,2,DELISTED_EVIDENCED,KESARENT 2020-01-07 Voluntary Delisting
KESARENT|NOISIN|1,KESARENT,2007-01-02,2007-11-15,,UNKNOWN_NO_ISIN,1,ENDED_UNEXPLAINED,
KESARENT|NOISIN|2,KESARENT,2008-03-03,2008-04-17,,UNKNOWN_NO_ISIN,1,ENDED_UNEXPLAINED,
KESARENT|NOISIN|3,KESARENT,2008-06-13,2008-08-07,,UNKNOWN_NO_ISIN,1,ENDED_UNEXPLAINED,
KESORAMIND|INE087A01019|1,KESORAMIND,2005-01-03,2026-09-30,INE087A01019,EQUITY,2,ACTIVE_AT_CUTOFF,
KEYCORPSER|INE681C01015|1,KEYCORPSER|KEYFINSERV,2011-07-13,2026-09-30,INE681C01015,EQUITY,2,ACTIVE_AT_CUTOFF,
KEYCORPSER|NOISIN|1,KEYCORPSER,2005-01-05,2005-04-07,,UNKNOWN_NO_ISIN,1,ENDED_UNEXPLAINED,
KEYCORPSER|NOISIN|2,KEYCORPSER,2005-07-11,2005-09-22,,UNKNOWN_NO_ISIN,1,ENDED_UNEXPLAINED,
KEYCORPSER|NOISIN|3,KEYCORPSER,2006-06-14,2008-06-11,,UNKNOWN_NO_ISIN,1,ENDED_UNEXPLAINED,
KEYCORPSER|NOISIN|4,KEYCORPSER,2008-09-30,2008-12-24,,UNKNOWN_NO_ISIN,1,ENDED_UNEXPLAINED,
KEYCORPSER|NOISIN|5,KEYCORPSER,2009-04-28,2009-11-18,,UNKNOWN_NO_ISIN,1,ENDED_UNEXPLAINED,
KEYCORPSER|NOISIN|6,KEYCORPSER,2010-02-19,2010-04-30,,UNKNOWN_NO_ISIN,1,ENDED_UNEXPLAINED,
KEYCORPSER|NOISIN|7,KEYCORPSER,2010-06-01,2010-12-02,,UNKNOWN_NO_ISIN,1,ENDED_UNEXPLAINED,
KEYCORPSER|NOISIN|8,KEYCORPSER,2011-03-08,2011-06-10,,UNKNOWN_NO_ISIN,1,ENDED_UNEXPLAINED,
KFINTECH|INE138Y01010|1,KFINTECH,2022-12-29,2026-09-30,INE138Y01010,EQUITY,1,ACTIVE_AT_CUTOFF,
KGL|INE299C01024|1,KGL|KNL,2007-05-03,2017-07-19,INE299C01024,EQUITY,3,ENDED_UNEXPLAINED,
KHADIM|INE834I01025|1,KHADIM,2017-11-14,2026-06-17,INE834I01025,EQUITY,1,ENDED_UNEXPLAINED,
KHAICHEM|INE745B01028|1,KHAICHEM,2020-10-30,2026-09-30,INE745B01028,EQUITY,1,ACTIVE_AT_CUTOFF,
KHAITANELE|INE761A01019|1,KHAITANELE,2010-12-03,2017-03-20,INE761A01019,EQUITY,2,ENDED_UNEXPLAINED,
KHAITANELE|NOISIN|1,KHAITANELE,2005-01-03,2006-11-23,,UNKNOWN_NO_ISIN,1,ENDED_UNEXPLAINED,
KHAITANELE|NOISIN|2,KHAITANELE,2007-03-02,2009-08-06,,UNKNOWN_NO_ISIN,1,ENDED_UNEXPLAINED,
KHAITANELE|NOISIN|3,KHAITANELE,2009-11-20,2009-12-24,,UNKNOWN_NO_ISIN,1,ENDED_UNEXPLAINED,
KHAITANELE|NOISIN|4,KHAITANELE,2010-02-19,2010-10-28,,UNKNOWN_NO_ISIN,1,ENDED_UNEXPLAINED,
KHAITANLTD|INE731C01018|1,KHAITANLTD,2010-08-20,2026-09-30,INE731C01018,EQUITY,2,ACTIVE_AT_CUTOFF,
KHAITANLTD|NOISIN|1,KHAITANLTD,2005-01-03,2005-07-07,,UNKNOWN_NO_ISIN,1,ENDED_UNEXPLAINED,
KHAITANLTD|NOISIN|2,KHAITANLTD,2005-11-25,2006-11-23,,UNKNOWN_NO_ISIN,1,ENDED_UNEXPLAINED,
KHAITANLTD|NOISIN|3,KHAITANLTD,2007-03-02,2007-08-30,,UNKNOWN_NO_ISIN,1,ENDED_UNEXPLAINED,
KHAITANLTD|NOISIN|4,KHAITANLTD,2008-02-29,2009-06-25,,UNKNOWN_NO_ISIN,1,ENDED_UNEXPLAINED,
KHAITANLTD|NOISIN|5,KHAITANLTD,2009-08-21,2009-09-15,,UNKNOWN_NO_ISIN,1,ENDED_UNEXPLAINED,
KHAITANLTD|NOISIN|6,KHAITANLTD,2009-11-20,2010-07-08,,UNKNOWN_NO_ISIN,1,ENDED_UNEXPLAINED,
KHANDSE|INE060B01014|1,KHANDSE,2005-11-25,2026-09-30,INE060B01014,EQUITY,2,ACTIVE_AT_CUTOFF,
KHANDSE|NOISIN|1,KHANDSE,2005-04-08,2005-07-07,,UNKNOWN_NO_ISIN,1,ENDED_UNEXPLAINED,
KICL|INE029L01018|1,KICL,2011-01-31,2026-09-30,INE029L01018,EQUITY,2,ACTIVE_AT_CUTOFF,
KILITCH|INE729D01010|1,KILITCH,2010-09-29,2026-07-02,INE729D01010,EQUITY,2,ENDED_UNEXPLAINED,
KIL|NOISIN|1,KIL,2006-05-09,2009-08-20,,UNKNOWN_NO_ISIN,1,ENDED_UNEXPLAINED,
KIL|NOISIN|2,KIL,2009-11-20,2010-04-29,,UNKNOWN_NO_ISIN,1,ENDED_UNEXPLAINED,
KIMS|INE967H01017|1,KIMS,2021-06-28,2026-09-30,INE967H01017|INE967H01025,EQUITY,2,ACTIVE_AT_CUTOFF,
KINETICMOT|INE267B01015|1,KINETICMOT,2011-06-17,2013-03-21,INE267B01015,EQUITY,2,ENDED_UNEXPLAINED,
KINETICMOT|NOISIN|1,KINETICMOT,2005-01-03,2005-05-26,,UNKNOWN_NO_ISIN,1,ENDED_UNEXPLAINED,
KINETICMOT|NOISIN|2,KINETICMOT,2005-07-08,2005-12-01,,UNKNOWN_NO_ISIN,1,ENDED_UNEXPLAINED,
KINETICMOT|NOISIN|3,KINETICMOT,2006-06-12,2006-06-29,,UNKNOWN_NO_ISIN,1,ENDED_UNEXPLAINED,
KINETICMOT|NOISIN|4,KINETICMOT,2006-08-28,2007-05-17,,UNKNOWN_NO_ISIN,1,ENDED_UNEXPLAINED,
KINETICMOT|NOISIN|5,KINETICMOT,2007-08-31,2007-09-20,,UNKNOWN_NO_ISIN,1,ENDED_UNEXPLAINED,
KINETICMOT|NOISIN|6,KINETICMOT,2007-12-03,2008-01-10,,UNKNOWN_NO_ISIN,1,ENDED_UNEXPLAINED,
KINETICMOT|NOISIN|7,KINETICMOT,2008-02-29,2008-05-15,,UNKNOWN_NO_ISIN,1,ENDED_UNEXPLAINED,
KINETICMOT|NOISIN|8,KINETICMOT,2008-12-01,2009-04-02,,UNKNOWN_NO_ISIN,1,ENDED_UNEXPLAINED,
KINETICMOT|NOISIN|9,KINETICMOT,2009-06-12,2011-04-18,,UNKNOWN_NO_ISIN,1,ENDED_UNEXPLAINED,
KIOCL|INE880L01014|1,KIOCL,2017-03-01,2026-09-30,INE880L01014,EQUITY,1,ACTIVE_AT_CUTOFF,
KIRANVYPAR|INE555P01013|1,KIRANVYPAR,2026-04-20,2026-09-30,INE555P01013,EQUITY,1,ACTIVE_AT_CUTOFF,
KIRIDYES|NOISIN|1,KIRIDYES|KIRIINDUS,2008-04-22,2026-09-30,INE415I01015,EQUITY,3,ACTIVE_AT_CUTOFF,
KIRLFER|INE884B01025|1,KIRLFER,2019-11-13,2026-09-30,INE884B01025,EQUITY,1,ACTIVE_AT_CUTOFF,
KIRLOSBROS|INE732A01036|1,KIRLOSBROS,2010-04-20,2026-09-30,INE732A01036,EQUITY,2,ACTIVE_AT_CUTOFF,
KIRLOSENG|INE146L01010|1,KIRLOSENG,2011-01-07,2026-09-30,INE146L01010,EQUITY,2,ACTIVE_AT_CUTOFF,
KIRLOSIND|INE250A01039|1,KIRLOSIND,2010-06-24,2026-09-30,INE250A01039,EQUITY,2,ACTIVE_AT_CUTOFF,
KIRLOSOIL|NOISIN|1,KIRLOSOIL,2005-01-03,2010-04-20,,UNKNOWN_NO_ISIN,1,ENDED_UNEXPLAINED,
KIRLPNU|INE811A01020|1,KIRLPNU,2023-04-26,2026-09-30,INE811A01020|INE811A01038,EQUITY,2,ACTIVE_AT_CUTOFF,
KISSHT|INE12F801023|1,KISSHT,2026-05-08,2026-09-30,INE12F801023,EQUITY,1,ACTIVE_AT_CUTOFF,
KITEX|INE602G01020|1,KITEX,2012-09-25,2026-09-30,INE602G01020,EQUITY,1,ACTIVE_AT_CUTOFF,
KITPLYIND|INE147B01019|1,KITPLYIND,2010-06-11,2013-06-20,INE147B01019,EQUITY,2,DELISTED_EVIDENCED,KITPLYIND 2019-08-20 Voluntary Delisting
KITPLYIND|NOISIN|1,KITPLYIND,2005-01-03,2005-05-05,,UNKNOWN_NO_ISIN,1,ENDED_UNEXPLAINED,
KITPLYIND|NOISIN|2,KITPLYIND,2005-07-08,2005-08-25,,UNKNOWN_NO_ISIN,1,ENDED_UNEXPLAINED,
KITPLYIND|NOISIN|3,KITPLYIND,2006-06-12,2006-06-29,,UNKNOWN_NO_ISIN,1,ENDED_UNEXPLAINED,
KITPLYIND|NOISIN|4,KITPLYIND,2006-08-28,2006-09-12,,UNKNOWN_NO_ISIN,1,ENDED_UNEXPLAINED,
KITPLYIND|NOISIN|5,KITPLYIND,2008-11-10,2009-01-09,,UNKNOWN_NO_ISIN,1,ENDED_UNEXPLAINED,
KITPLYIND|NOISIN|6,KITPLYIND,2009-08-21,2009-09-17,,UNKNOWN_NO_ISIN,1,ENDED_UNEXPLAINED,
KITPLYIND|NOISIN|7,KITPLYIND,2009-11-20,2010-02-18,,UNKNOWN_NO_ISIN,1,ENDED_UNEXPLAINED,
KJMCFIN|INE533C01018|1,KJMCFIN,2026-08-17,2026-09-30,INE533C01018,EQUITY,1,ACTIVE_AT_CUTOFF,
KKCL|INE401H01017|1,KKCL,2008-02-29,2026-09-30,INE401H01017,EQUITY,2,ACTIVE_AT_CUTOFF,
KKCL|NOISIN|1,KKCL,2006-04-13,2008-01-10,,UNKNOWN_NO_ISIN,1,ENDED_UNEXPLAINED,
KLBRENG-B|INE338F01015|1,KLBRENG-B,2026-04-20,2026-09-30,INE338F01015,EQUITY,1,ACTIVE_AT_CUTOFF,
KLGSYSTEL|INE799A01019|1,KLGSYSTEL,2007-03-02,2013-08-21,INE799A01019,EQUITY,2,DELISTED_EVIDENCED,KLGSYSTEL 2018-04-24 Compulsory Delisting
KLGSYSTEL|NOISIN|1,KLGSYSTEL,2005-01-03,2007-01-11,,UNKNOWN_NO_ISIN,1,ENDED_UNEXPLAINED,
KLRF|INE014E01015|1,KLRF,2010-03-02,2015-01-28,INE014E01015,EQUITY,2,ENDED_UNEXPLAINED,
KMCSHIL|INE879K01018|1,KMCSHIL,2026-08-17,2026-09-30,INE879K01018,EQUITY,1,ACTIVE_AT_CUTOFF,
KMEW|INE0CJD01011|1,KMEW,2024-11-14,2026-09-30,INE0CJD01011|INE0CJD01029,EQUITY,2,ACTIVE_AT_CUTOFF,
KMSUGAR|INE157H01023|1,KMSUGAR,2010-08-30,2026-09-30,INE157H01023,EQUITY,2,ACTIVE_AT_CUTOFF,
KMSUGAR|NOISIN|1,KMSUGAR,2007-05-31,2007-12-28,,UNKNOWN_NO_ISIN,1,ENDED_UNEXPLAINED,
KMSUGAR|NOISIN|2,KMSUGAR,2008-02-29,2008-08-07,,UNKNOWN_NO_ISIN,1,ENDED_UNEXPLAINED,
KMSUGAR|NOISIN|3,KMSUGAR,2008-12-01,2008-12-26,,UNKNOWN_NO_ISIN,1,ENDED_UNEXPLAINED,
KMSUGAR|NOISIN|4,KMSUGAR,2009-03-02,2009-04-17,,UNKNOWN_NO_ISIN,1,ENDED_UNEXPLAINED,
KNACK|INE17QZ01016|1,KNACK,2026-07-08,2026-09-30,INE17QZ01016,EQUITY,1,ACTIVE_AT_CUTOFF,
KNAGRI|INE0KNW01016|1,KNAGRI,2025-12-09,2026-09-30,INE0KNW01016,EQUITY,1,ACTIVE_AT_CUTOFF,
KNRCON|INE634I01011|1,KNRCON,2009-08-21,2016-12-13,INE634I01011,EQUITY,2,ENDED_UNEXPLAINED,
KNRCON|INE634I01029|1,KNRCON,2016-12-14,2026-09-30,INE634I01029,EQUITY,1,ACTIVE_AT_CUTOFF,
KNRCON|NOISIN|1,KNRCON,2008-02-18,2009-06-11,,UNKNOWN_NO_ISIN,1,ENDED_UNEXPLAINED,
KOHINOOR|INE080B01012|1,KOHINOOR,2009-11-20,2026-09-30,INE080B01012,EQUITY,2,ACTIVE_AT_CUTOFF,
KOHINOOR|NOISIN|1,KOHINOOR|SATNAMOVER,2005-01-03,2009-08-20,,UNKNOWN_NO_ISIN,2,ENDED_UNEXPLAINED,
KOJAMFIN|NOISIN|1,KOJAMFIN,2005-04-08,2006-06-29,,UNKNOWN_NO_ISIN,1,ENDED_UNEXPLAINED,
KOJAMFIN|NOISIN|2,KOJAMFIN,2006-11-24,2007-01-11,,UNKNOWN_NO_ISIN,1,ENDED_UNEXPLAINED,
KOJAMFIN|NOISIN|3,KOJAMFIN,2007-06-08,2007-09-27,,UNKNOWN_NO_ISIN,1,ENDED_UNEXPLAINED,
KOLTEPATIL|INE094I01018|1,KOLTEPATIL,2007-12-13,2026-09-30,INE094I01018,EQUITY,2,ACTIVE_AT_CUTOFF,
KOPDRUGS|INE746A01010|1,KOPDRUGS,2011-09-07,2013-08-12,INE746A01010,EQUITY,1,DELISTED_EVIDENCED,KOPDRUGS 2018-05-30 Compulsory Delisting
KOPDRUGS|NOISIN|1,KOPDRUGS,2005-01-03,2005-04-07,,UNKNOWN_NO_ISIN,1,ENDED_UNEXPLAINED,
KOPDRUGS|NOISIN|10,KOPDRUGS,2010-02-19,2011-06-09,,UNKNOWN_NO_ISIN,1,ENDED_UNEXPLAINED,
KOPDRUGS|NOISIN|2,KOPDRUGS,2005-07-08,2005-07-14,,UNKNOWN_NO_ISIN,1,ENDED_UNEXPLAINED,
KOPDRUGS|NOISIN|3,KOPDRUGS,2006-06-12,2006-06-29,,UNKNOWN_NO_ISIN,1,ENDED_UNEXPLAINED,
KOPDRUGS|NOISIN|4,KOPDRUGS,2006-08-28,2006-12-29,,UNKNOWN_NO_ISIN,1,ENDED_UNEXPLAINED,
KOPDRUGS|NOISIN|5,KOPDRUGS,2007-03-02,2007-08-23,,UNKNOWN_NO_ISIN,1,ENDED_UNEXPLAINED,
KOPDRUGS|NOISIN|6,KOPDRUGS,2007-12-03,2007-12-28,,UNKNOWN_NO_ISIN,1,ENDED_UNEXPLAINED,
KOPDRUGS|NOISIN|7,KOPDRUGS,2008-02-29,2008-08-07,,UNKNOWN_NO_ISIN,1,ENDED_UNEXPLAINED,
KOPDRUGS|NOISIN|8,KOPDRUGS,2008-12-02,2009-06-11,,UNKNOWN_NO_ISIN,1,ENDED_UNEXPLAINED,
KOPDRUGS|NOISIN|9,KOPDRUGS,2009-08-24,2009-12-24,,UNKNOWN_NO_ISIN,1,ENDED_UNEXPLAINED,
KOPRAN|INE082A01010|1,KOPRAN,2010-02-19,2026-09-30,INE082A01010,EQUITY,2,ACTIVE_AT_CUTOFF,
KOPRAN|NOISIN|1,KOPRAN,2005-01-03,2005-07-07,,UNKNOWN_NO_ISIN,1,ENDED_UNEXPLAINED,
KOPRAN|NOISIN|2,KOPRAN,2006-06-12,2007-11-29,,UNKNOWN_NO_ISIN,1,ENDED_UNEXPLAINED,
KOPRAN|NOISIN|3,KOPRAN,2008-02-29,2009-08-06,,UNKNOWN_NO_ISIN,1,ENDED_UNEXPLAINED,
KOTAKBANK|INE237A01028|1,KOTAKBANK,2005-01-03,2026-09-30,INE237A01028|INE237A01036,EQUITY,3,ACTIVE_AT_CUTOFF,
KOTAKGOLD|INF373I01015|1,KOTAKGOLD,2007-08-08,2015-04-13,INF373I01015,FUND_UNIT,2,ENDED_UNEXPLAINED,
KOTAKGOLD|INF373I01049|1,KOTAKGOLD,2015-04-15,2021-07-22,INF373I01049,FUND_UNIT,1,ENDED_UNEXPLAINED,
KOTAKLIQ|INF174KA1LV5|1,KOTAKLIQ|LIQUID1,2023-02-01,2026-09-30,INF174KA1LV5,FUND_UNIT,2,ACTIVE_AT_CUTOFF,
KOTAKLOVOL|INF174KA1IY5|1,KOTAKLOVOL|LOWVOL1,2022-03-29,2026-09-30,INF174KA1IY5,FUND_UNIT,2,ACTIVE_AT_CUTOFF,
KOTAKMID50|INF174KA1IB3|1,KOTAKMID50|MIDCAP,2022-02-04,2026-02-26,INF174KA1IB3,FUND_UNIT,2,ENDED_UNEXPLAINED,
KOTAKMNC|INF174KA1JF2|1,KOTAKMNC|MNC,2022-08-16,2026-09-30,INF174KA1JF2,FUND_UNIT,2,ACTIVE_AT_CUTOFF,
KOTAKNIFTY|INF174K014P6|1,KOTAKNIFTY|NIFTY1,2017-07-28,2026-09-30,INF174K014P6,FUND_UNIT,2,ACTIVE_AT_CUTOFF,
KOTAKNIFTY|INF174K01518|1,KOTAKNIFTY,2010-02-11,2017-07-27,INF174K01518,FUND_UNIT,2,ENDED_UNEXPLAINED,
KOTAKNV20|INF174K01Z71|1,KOTAKNV20|KTKNV20ETF|NV20,2015-12-09,2026-02-26,INF174K01Z71,FUND_UNIT,3,ENDED_UNEXPLAINED,
KOTAKPSUBK|INF373I01023|1,KOTAKPSUBK|PSUBANK,2007-11-16,2026-07-09,INF373I01023,FUND_UNIT,3,ENDED_UNEXPLAINED,
KOTAKSILVE|INF174KA1KU9|1,KOTAKSILVE|SILVER1,2022-12-14,2026-02-26,INF174KA1KU9,FUND_UNIT,2,ENDED_UNEXPLAINED,
KOTARISUG|INE419A01022|1,KOTARISUG,2009-06-12,2026-08-26,INE419A01022,EQUITY,2,ENDED_UNEXPLAINED,
KOTARISUG|NOISIN|1,KOTARISUG,2005-01-03,2006-02-16,,UNKNOWN_NO_ISIN,1,ENDED_UNEXPLAINED,
KOTARISUG|NOISIN|2,KOTARISUG,2006-06-12,2007-12-13,,UNKNOWN_NO_ISIN,1,ENDED_UNEXPLAINED,
KOTARISUG|NOISIN|3,KOTARISUG,2008-02-29,2009-04-17,,UNKNOWN_NO_ISIN,1,ENDED_UNEXPLAINED,
KOTHARIPET|INE720A01015|1,KOTHARIPET,2009-08-21,2026-09-30,INE720A01015,EQUITY,2,ACTIVE_AT_CUTOFF,
KOTHARIPET|NOISIN|1,KOTHARIPET,2005-01-03,2005-09-22,,UNKNOWN_NO_ISIN,1,ENDED_UNEXPLAINED,
KOTHARIPET|NOISIN|2,KOTHARIPET,2006-06-12,2006-06-29,,UNKNOWN_NO_ISIN,1,ENDED_UNEXPLAINED,
KOTHARIPET|NOISIN|3,KOTHARIPET,2006-08-28,2006-11-23,,UNKNOWN_NO_ISIN,1,ENDED_UNEXPLAINED,
KOTHARIPET|NOISIN|4,KOTHARIPET,2007-03-02,2007-06-07,,UNKNOWN_NO_ISIN,1,ENDED_UNEXPLAINED,
KOTHARIPET|NOISIN|5,KOTHARIPET,2007-12-03,2007-12-28,,UNKNOWN_NO_ISIN,1,ENDED_UNEXPLAINED,
KOTHARIPET|NOISIN|6,KOTHARIPET,2008-02-29,2008-04-21,,UNKNOWN_NO_ISIN,1,ENDED_UNEXPLAINED,
KOTHARIPET|NOISIN|7,KOTHARIPET,2008-06-13,2009-06-11,,UNKNOWN_NO_ISIN,1,ENDED_UNEXPLAINED,
KOTHARIPRO|INE823A01017|1,KOTHARIPRO,2005-01-03,2026-09-30,INE823A01017,EQUITY,2,ACTIVE_AT_CUTOFF,
KOTIC|INE972A01020|1,KOTIC,2026-04-20,2026-09-30,INE972A01020,EQUITY,1,ACTIVE_AT_CUTOFF,
KOTYARK|INE0J0B01017|1,KOTYARK,2026-03-12,2026-09-30,INE0J0B01017,EQUITY,1,ACTIVE_AT_CUTOFF,
KOUTONS|INE406I01014|1,KOUTONS,2007-10-12,2013-09-16,INE406I01014,EQUITY,2,DELISTED_EVIDENCED,KOUTONS 2017-05-12 Delisting - Liquidation
KOVAI|INE177F01017|1,KOVAI,2021-08-05,2026-09-30,INE177F01017,EQUITY,1,ACTIVE_AT_CUTOFF,
KOVAI|NOISIN|1,KOVAI,2010-03-02,2010-11-22,,UNKNOWN_NO_ISIN,1,ENDED_UNEXPLAINED,
KPEL|INE127T01021|1,KPEL,2024-11-14,2026-09-30,INE127T01021,EQUITY,1,ACTIVE_AT_CUTOFF,
KPIGLOBAL|INE542W01017|1,KPIGLOBAL|KPIGREEN,2021-07-27,2026-09-30,INE542W01017|INE542W01025,EQUITY,3,ACTIVE_AT_CUTOFF,
KPITTECH|INE04I401011|1,KPITTECH,2019-05-08,2026-09-30,INE04I401011,EQUITY,1,ACTIVE_AT_CUTOFF,
KPL|INE552U01010|1,KPL,2026-04-20,2026-09-30,INE552U01010,EQUITY,1,ACTIVE_AT_CUTOFF,
KPRMILL|INE930H01015|1,KPRMILL,2007-08-28,2016-11-29,INE930H01015,EQUITY,2,ENDED_UNEXPLAINED,
KPRMILL|INE930H01023|1,KPRMILL,2016-11-30,2026-09-30,INE930H01023|INE930H01031,EQUITY,2,ACTIVE_AT_CUTOFF,
KRBL|INE001B01026|1,KRBL,2005-04-08,2026-09-30,INE001B01026,EQUITY,2,ACTIVE_AT_CUTOFF,
KREBSBIO|INE268B01013|1,KREBSBIO,2018-08-23,2026-09-30,INE268B01013,EQUITY,1,ACTIVE_AT_CUTOFF,
KRIDHANINF|INE524L01026|1,KRIDHANINF,2015-12-11,2026-09-30,INE524L01026,EQUITY,1,ACTIVE_AT_CUTOFF,
KRISHANA|INE506W01012|1,KRISHANA,2019-08-22,2026-09-30,INE506W01012|INE506W01020,EQUITY,2,ACTIVE_AT_CUTOFF,
KRISHIVAL|INE0GGO01015|1,KRISHIVAL,2025-10-20,2026-09-30,INE0GGO01015,EQUITY,1,ACTIVE_AT_CUTOFF,
KRISHNADEF|INE0J5601015|1,KRISHNADEF,2025-12-30,2026-09-30,INE0J5601015,EQUITY,1,ACTIVE_AT_CUTOFF,
KRISHNAENG|INE409C01011|1,KRISHNAENG,2011-06-17,2015-02-09,INE409C01011,EQUITY,2,DELISTED_EVIDENCED,KRISHNAENG 2017-02-07 Compulsory Delisting
KRISHNAENG|NOISIN|1,KRISHNAENG,2006-08-28,2006-12-29,,UNKNOWN_NO_ISIN,1,ENDED_UNEXPLAINED,
KRISHNAENG|NOISIN|2,KRISHNAENG,2007-03-02,2007-08-23,,UNKNOWN_NO_ISIN,1,ENDED_UNEXPLAINED,
KRISHNAENG|NOISIN|3,KRISHNAENG,2007-12-03,2007-12-28,,UNKNOWN_NO_ISIN,1,ENDED_UNEXPLAINED,
KRISHNAENG|NOISIN|4,KRISHNAENG,2008-02-29,2008-08-21,,UNKNOWN_NO_ISIN,1,ENDED_UNEXPLAINED,
KRISHNAENG|NOISIN|5,KRISHNAENG,2008-12-01,2009-05-28,,UNKNOWN_NO_ISIN,1,ENDED_UNEXPLAINED,
KRISHNAENG|NOISIN|6,KRISHNAENG,2009-08-21,2009-09-17,,UNKNOWN_NO_ISIN,1,ENDED_UNEXPLAINED,
KRISHNAENG|NOISIN|7,KRISHNAENG,2009-11-20,2011-04-18,,UNKNOWN_NO_ISIN,1,ENDED_UNEXPLAINED,
KRITIIND|INE479D01038|1,KRITI|KRITIIND,2011-10-25,2026-09-30,INE479D01038,EQUITY,2,ACTIVE_AT_CUTOFF,
KRITIKA|INE00Z501011|1,KRITIKA,2022-05-04,2026-09-30,INE00Z501011|INE00Z501029,EQUITY,2,ACTIVE_AT_CUTOFF,
KRITINUT|INE798K01010|1,KRITINUT,2022-10-07,2026-09-30,INE798K01010,EQUITY,1,ACTIVE_AT_CUTOFF,
KRN|INE0Q3J01015|1,KRN,2024-10-03,2026-09-30,INE0Q3J01015,EQUITY,1,ACTIVE_AT_CUTOFF,
KRONOX|INE0ATZ01017|1,KRONOX,2024-06-25,2026-08-25,INE0ATZ01017,EQUITY,1,ENDED_UNEXPLAINED,
KROSS|INE0O6601022|1,KROSS,2024-09-16,2026-09-30,INE0O6601022,EQUITY,1,ACTIVE_AT_CUTOFF,
KRSNAA|INE08LI01020|1,KRSNAA,2021-08-16,2026-09-30,INE08LI01020,EQUITY,1,ACTIVE_AT_CUTOFF,
KRYSTAL|INE0QN801017|1,KRYSTAL,2024-03-21,2026-09-30,INE0QN801017,EQUITY,1,ACTIVE_AT_CUTOFF,
KSBPUMPS|INE999A01015|1,KSB|KSBPUMPS,2005-01-03,2026-09-30,INE999A01015|INE999A01023,EQUITY,4,ACTIVE_AT_CUTOFF,
KSCL|INE455I01011|1,KSCL,2008-02-29,2026-09-30,INE455I01011|INE455I01029,EQUITY,3,ACTIVE_AT_CUTOFF,
KSCL|NOISIN|1,KSCL,2007-10-04,2007-12-13,,UNKNOWN_NO_ISIN,1,ENDED_UNEXPLAINED,
KSERAPRO|NOISIN|1,KSERAPRO,2006-10-05,2007-01-25,,UNKNOWN_NO_ISIN,1,ENDED_UNEXPLAINED,
KSERAPRO|NOISIN|2,KSERAPRO,2007-03-02,2007-11-15,,UNKNOWN_NO_ISIN,1,ENDED_UNEXPLAINED,
KSERAPRO|NOISIN|3,KSERAPRO,2008-02-29,2009-06-11,,UNKNOWN_NO_ISIN,1,ENDED_UNEXPLAINED,
KSERAPRO|NOISIN|4,KSERAPRO,2009-08-21,2010-02-18,,UNKNOWN_NO_ISIN,1,ENDED_UNEXPLAINED,
KSERAPRO|NOISIN|5,KSERAPRO|KSERASERA,2010-06-11,2020-08-21,INE216D01018|INE216D01026,EQUITY,4,ENDED_UNEXPLAINED,
KSE|INE953E01014|1,KSE,2009-11-05,2014-01-10,INE953E01014,EQUITY,2,ENDED_UNEXPLAINED,
KSE|INE953E01022|1,KSE,2026-08-17,2026-09-30,INE953E01022,EQUITY,1,ACTIVE_AT_CUTOFF,
KSHINTL|INE987S01020|1,KSHINTL,2025-12-23,2026-09-30,INE987S01020,EQUITY,1,ACTIVE_AT_CUTOFF,
KSHITIJPOL|INE013801019|1,KSHITIJPOL,2022-07-27,2022-08-24,INE013801019,EQUITY,1,ENDED_UNEXPLAINED,
KSHITIJPOL|INE013801027|1,KSHITIJPOL,2022-12-06,2026-09-28,INE013801027,EQUITY,1,ENDED_UNEXPLAINED,
KSK|INE143H01015|1,KSK,2008-07-14,2020-11-27,INE143H01015,EQUITY,2,ENDED_UNEXPLAINED,
KSL|INE907A01026|1,KSL,2010-05-19,2026-09-30,INE907A01026,EQUITY,2,ACTIVE_AT_CUTOFF,
KSOILS|INE727D01022|1,KSOILS,2007-04-02,2013-06-20,INE727D01022,EQUITY,2,DELISTED_EVIDENCED,KSOILS 2018-05-22 Compulsory Delisting
KSOLVES|INE0D6I01015|1,KSOLVES,2022-09-23,2026-09-30,INE0D6I01015|INE0D6I01023,EQUITY,2,ACTIVE_AT_CUTOFF,
KSR|INE1SPP01016|1,KSR,2025-12-11,2026-09-17,INE1SPP01016,EQUITY,1,ENDED_UNEXPLAINED,
KTIL|INE096L01017|1,KTIL,2011-06-23,2019-12-30,INE096L01017|INE096L01025,EQUITY,2,DELISTED_EVIDENCED,KTIL 2020-01-07 Voluntary Delisting
KTIL|NOISIN|1,KTIL,2011-01-05,2011-06-21,,UNKNOWN_NO_ISIN,1,ENDED_UNEXPLAINED,
KTKBANK|INE614B01018|1,KTKBANK,2005-01-03,2026-09-30,INE614B01018,EQUITY,2,ACTIVE_AT_CUTOFF,
KUANTUM|INE529I01013|1,KUANTUM,2019-10-23,2026-09-30,INE529I01013|INE529I01021,EQUITY,2,ACTIVE_AT_CUTOFF,
KUSUMGAR|INE0ISX01025|1,KUSUMGAR,2026-07-15,2026-09-30,INE0ISX01025,EQUITY,1,ACTIVE_AT_CUTOFF,
KWALITY|INE775B01025|1,KWALITY,2010-06-11,2021-02-23,INE775B01025,EQUITY,2,ENDED_UNEXPLAINED,
KWALITY|NOISIN|1,KWALITY,2010-01-08,2010-02-18,,UNKNOWN_NO_ISIN,1,ENDED_UNEXPLAINED,
KWIL|INE2KCE01013|1,KWIL,2026-03-02,2026-09-30,INE2KCE01013,EQUITY,1,ACTIVE_AT_CUTOFF,
L&TFH|INE498L01015|1,L&TFH|LTF,2011-08-12,2026-09-30,INE498L01015,EQUITY,2,ACTIVE_AT_CUTOFF,
LADDERUP|INE519D01015|1,LADDERUP,2026-08-17,2026-09-16,INE519D01015,EQUITY,1,ENDED_UNEXPLAINED,
LAGNAM|INE548Z01017|1,LAGNAM,2021-09-30,2026-09-30,INE548Z01017,EQUITY,1,ACTIVE_AT_CUTOFF,
LAHOTIOV|INE515C01023|1,LAHOTIOV,2026-04-20,2026-09-30,INE515C01023,EQUITY,1,ACTIVE_AT_CUTOFF,
LAKPRE|INE651C01018|1,LAKPRE,2006-09-26,2018-09-24,INE651C01018,EQUITY,2,ENDED_UNEXPLAINED,
LAKSHMIEFL|INE992B01026|1,LAKSHMIEFL,2007-02-06,2018-08-16,INE992B01026,EQUITY,2,ENDED_UNEXPLAINED,
LAKSHMIFIN|NOISIN|1,LAKSHMIFIN,2010-06-30,2010-11-22,,UNKNOWN_NO_ISIN,1,ENDED_UNEXPLAINED,
LAKSHMIMIL|INE938C01019|1,LAKSHMIMIL,2009-11-13,2026-09-30,INE938C01019,EQUITY,2,ACTIVE_AT_CUTOFF,
LAKSHVILAS|INE694C01018|1,LAKSHVILAS,2005-01-03,2020-11-25,INE694C01018,EQUITY,2,ENDED_UNEXPLAINED,
LALITHAA|INE0K9O01026|1,LALITHAA,2026-08-24,2026-09-30,INE0K9O01026,EQUITY,1,ACTIVE_AT_CUTOFF,
LALPATHLAB|INE600L01024|1,LALPATHLAB,2015-12-23,2026-09-30,INE600L01024,EQUITY,1,ACTIVE_AT_CUTOFF,
LAL|INE740X01015|1,LAL,2023-04-10,2024-02-07,INE740X01015,EQUITY,1,ENDED_UNEXPLAINED,
LAL|INE740X01023|1,LAL,2024-05-13,2026-09-30,INE740X01023,EQUITY,1,ACTIVE_AT_CUTOFF,
LAMBODHARA|INE112F01014|1,LAMBODHARA,2015-02-04,2026-09-30,INE112F01014|INE112F01022,EQUITY,2,ACTIVE_AT_CUTOFF,
LANCER|INE359U01010|1,LANCER,2022-05-10,2026-09-30,INE359U01010|INE359U01028,EQUITY,2,ACTIVE_AT_CUTOFF,
LANCOIN|INE943C01027|1,LANCOIN|SRIPIPES,2011-02-23,2022-01-12,INE943C01027,EQUITY,3,ENDED_UNEXPLAINED,
LANCOIN|NOISIN|1,LANCOIN,2007-08-28,2010-11-22,,UNKNOWN_NO_ISIN,1,ENDED_UNEXPLAINED,
LANCORHOL|INE572G01025|1,LANCORHOL,2024-04-23,2026-09-08,INE572G01025,EQUITY,1,ENDED_UNEXPLAINED,
LANDMARK|INE559R01029|1,LANDMARK,2022-12-23,2026-09-30,INE559R01029,EQUITY,1,ACTIVE_AT_CUTOFF,
LAOPALA|INE059D01012|1,LAOPALA,2008-12-02,2026-09-30,INE059D01012|INE059D01020,EQUITY,3,ACTIVE_AT_CUTOFF,
LAOPALA|NOISIN|1,LAOPALA,2007-03-16,2008-08-21,,UNKNOWN_NO_ISIN,1,ENDED_UNEXPLAINED,
LARGEMID50|INF769K01RK3|1,LARGEMID50,2026-08-20,2026-09-30,INF769K01RK3,FUND_UNIT,1,ACTIVE_AT_CUTOFF,
LASA|INE670X01014|1,LASA,2018-02-22,2026-09-09,INE670X01014,EQUITY,1,ENDED_UNEXPLAINED,
LASERPOWER|INE17IR01028|1,LASERPOWER,2026-07-16,2026-09-30,INE17IR01028,EQUITY,1,ACTIVE_AT_CUTOFF,
LATENTVIEW|INE0I7C01011|1,LATENTVIEW,2021-11-23,2026-09-30,INE0I7C01011,EQUITY,1,ACTIVE_AT_CUTOFF,
LATTEYS|INE262Z01023|1,LATTEYS,2023-05-23,2026-09-30,INE262Z01023,EQUITY,1,ACTIVE_AT_CUTOFF,
LAURUSLABS|INE947Q01010|1,LAURUSLABS,2016-12-19,2026-09-30,INE947Q01010|INE947Q01028,EQUITY,2,ACTIVE_AT_CUTOFF,
LAXMICOT|INE801V01019|1,LAXMICOT,2021-11-12,2026-09-30,INE801V01019,EQUITY,1,ACTIVE_AT_CUTOFF,
LAXMIDENTL|INE0WO601020|1,LAXMIDENTL,2025-01-20,2026-09-30,INE0WO601020,EQUITY,1,ACTIVE_AT_CUTOFF,
LAXMIINDIA|INE06WU01026|1,LAXMIINDIA,2025-08-05,2026-09-30,INE06WU01026,EQUITY,1,ACTIVE_AT_CUTOFF,
LAXMIMACH|INE269B01029|1,LAXMIMACH|LMW,2005-01-03,2026-09-30,INE269B01029,EQUITY,3,ACTIVE_AT_CUTOFF,
LCCINFOTEC|INE938A01021|1,LCCINFOTEC,2011-03-07,2026-09-30,INE938A01021,EQUITY,2,ACTIVE_AT_CUTOFF,
LCCINFOTEC|NOISIN|1,LCCINFOTEC,2005-04-08,2005-06-02,,UNKNOWN_NO_ISIN,1,ENDED_UNEXPLAINED,
LCCINFOTEC|NOISIN|2,LCCINFOTEC,2005-07-08,2005-07-14,,UNKNOWN_NO_ISIN,1,ENDED_UNEXPLAINED,
LCCINFOTEC|NOISIN|3,LCCINFOTEC,2006-06-12,2006-06-29,,UNKNOWN_NO_ISIN,1,ENDED_UNEXPLAINED,
LCCINFOTEC|NOISIN|4,LCCINFOTEC,2006-08-28,2006-12-14,,UNKNOWN_NO_ISIN,1,ENDED_UNEXPLAINED,
LCCINFOTEC|NOISIN|5,LCCINFOTEC,2007-03-02,2007-05-17,,UNKNOWN_NO_ISIN,1,ENDED_UNEXPLAINED,
LCCINFOTEC|NOISIN|6,LCCINFOTEC,2008-02-29,2009-06-11,,UNKNOWN_NO_ISIN,1,ENDED_UNEXPLAINED,
LCCINFOTEC|NOISIN|7,LCCINFOTEC,2009-08-21,2009-09-17,,UNKNOWN_NO_ISIN,1,ENDED_UNEXPLAINED,
LCCINFOTEC|NOISIN|8,LCCINFOTEC,2009-11-20,2010-01-21,,UNKNOWN_NO_ISIN,1,ENDED_UNEXPLAINED,
LCCINFOTEC|NOISIN|9,LCCINFOTEC,2010-06-11,2010-11-11,,UNKNOWN_NO_ISIN,1,ENDED_UNEXPLAINED,
LCCPROJECT|INE1FPN01026|1,LCCPROJECT,2026-09-17,2026-09-30,INE1FPN01026,EQUITY,1,ACTIVE_AT_CUTOFF,
LCL|INE0QJW01029|1,LCL,2026-07-30,2026-09-30,INE0QJW01029,EQUITY,1,ACTIVE_AT_CUTOFF,
LEADEDSYS|NOISIN|1,LEADEDSYS,2005-01-03,2005-04-07,,UNKNOWN_NO_ISIN,1,ENDED_UNEXPLAINED,
LEADEDSYS|NOISIN|2,LEADEDSYS|TRIGYN,2005-07-08,2005-11-18,,UNKNOWN_NO_ISIN,2,ENDED_UNEXPLAINED,
LEAPIND|INE00GO01025|1,LEAPIND,2026-08-14,2026-09-30,INE00GO01025,EQUITY,1,ACTIVE_AT_CUTOFF,
LEEL|INE245C01019|1,LEEL|LLOYDELENG,2005-07-08,2019-05-21,INE245C01019,EQUITY,3,ENDED_UNEXPLAINED,
LEENEE|INE791B01014|1,LEENEE,2026-08-17,2026-09-02,INE791B01014,EQUITY,1,ENDED_UNEXPLAINED,
LEMERITE|INE0G1L01017|1,LEMERITE,2025-12-12,2026-09-30,INE0G1L01017|INE0G1L01025,EQUITY,2,ACTIVE_AT_CUTOFF,
LEMONTREE|INE970X01018|1,LEMONTREE,2018-04-09,2026-09-30,INE970X01018,EQUITY,1,ACTIVE_AT_CUTOFF,
LENSKART|INE956O01016|1,LENSKART,2025-11-10,2026-09-30,INE956O01016,EQUITY,1,ACTIVE_AT_CUTOFF,
LEXUS|INE500X01013|1,LEXUS,2023-03-13,2026-09-30,INE500X01013,EQUITY,1,ACTIVE_AT_CUTOFF,
LFIC|INE850E01012|1,LFIC,2019-05-22,2026-09-30,INE850E01012,EQUITY,1,ACTIVE_AT_CUTOFF,
LGBBROSLTD|INE337A01034|1,LGBBROSLTD,2010-03-30,2026-09-30,INE337A01034,EQUITY,2,ACTIVE_AT_CUTOFF,
LGBFORGE|INE201J01017|1,LGBFORGE,2010-02-19,2024-06-25,INE201J01017,EQUITY,2,ENDED_UNEXPLAINED,
LGBFORGE|NOISIN|1,LGBFORGE,2008-08-01,2008-12-12,,UNKNOWN_NO_ISIN,1,ENDED_UNEXPLAINED,
LGBFORGE|NOISIN|2,LGBFORGE,2009-03-02,2009-06-11,,UNKNOWN_NO_ISIN,1,ENDED_UNEXPLAINED,
LGBFORGE|NOISIN|3,LGBFORGE,2009-08-21,2009-12-24,,UNKNOWN_NO_ISIN,1,ENDED_UNEXPLAINED,
LGBROS|NOISIN|1,LGBROS,2005-01-03,2010-03-12,,UNKNOWN_NO_ISIN,1,ENDED_UNEXPLAINED,
LGEINDIA|INE324D01010|1,LGEINDIA,2025-10-14,2026-09-30,INE324D01010,EQUITY,1,ACTIVE_AT_CUTOFF,
LGHL|INE258Y01016|1,LGHL,2024-01-31,2026-09-30,INE258Y01016,EQUITY,1,ACTIVE_AT_CUTOFF,
LIBAS|INE908V01012|1,LIBAS,2019-07-23,2026-09-30,INE908V01012,EQUITY,1,ACTIVE_AT_CUTOFF,
LIBERTSHOE|INE557B01019|1,LIBERTSHOE,2005-01-03,2026-09-30,INE557B01019,EQUITY,2,ACTIVE_AT_CUTOFF,
LICHSGFIN|INE115A01026|1,LICHSGFIN,2005-01-03,2026-09-30,INE115A01026,EQUITY,2,ACTIVE_AT_CUTOFF,
LICI|INE0J1Y01017|1,LICI,2022-05-17,2026-09-30,INE0J1Y01017,EQUITY,1,ACTIVE_AT_CUTOFF,
LICMFGOLD|INF767K01SM1|1,LICMFGOLD,2026-03-06,2026-09-30,INF767K01SM1,FUND_UNIT,1,ACTIVE_AT_CUTOFF,
LICNETFGSC|INF767K01MV5|1,LICNETFGSC|LICNMFET,2015-01-01,2026-09-30,INF767K01MV5,FUND_UNIT,2,ACTIVE_AT_CUTOFF,
LICNETFN50|INF767K01OS7|1,LICNETFN50|LICNFENGP,2015-12-07,2026-09-30,INF767K01OS7,FUND_UNIT,2,ACTIVE_AT_CUTOFF,
LICNETFSEN|INF767K01OT5|1,LICNETFSEN,2016-08-03,2026-09-30,INF767K01OT5,FUND_UNIT,1,ACTIVE_AT_CUTOFF,
LICNFNHGP|INF767K01PC8|1,LICNFNHGP,2016-05-26,2026-09-30,INF767K01PC8,FUND_UNIT,1,ACTIVE_AT_CUTOFF,
LICNMID100|INF767K01RN1|1,LICNMID100,2024-02-19,2026-09-30,INF767K01RN1,FUND_UNIT,1,ACTIVE_AT_CUTOFF,
LIKHITHA|INE060901019|1,LIKHITHA,2020-10-29,2026-09-30,INE060901019|INE060901027,EQUITY,2,ACTIVE_AT_CUTOFF,
LINCOLN|INE405C01035|1,LINCOLN,2015-12-17,2026-09-30,INE405C01035,EQUITY,1,ACTIVE_AT_CUTOFF,
LINCPEN|INE802B01019|1,LINC|LINCPEN,2015-03-09,2026-09-30,INE802B01019|INE802B01027,EQUITY,3,ACTIVE_AT_CUTOFF,
LIQGRWBEES|INF204KC1FU1|1,LIQGRWBEES,2025-07-25,2026-09-30,INF204KC1FU1,FUND_UNIT,1,ACTIVE_AT_CUTOFF,
LIQUIDADD|INF740KA1UM0|1,LIQUIDADD,2024-04-03,2026-09-30,INF740KA1UM0,FUND_UNIT,1,ACTIVE_AT_CUTOFF,
LIQUIDBEES|INF732E01037|1,LIQUIDBEES,2005-01-03,2026-09-30,INF732E01037,FUND_UNIT,2,ACTIVE_AT_CUTOFF,
LIQUIDBETA|INF789F1AG68|1,LIQUIDBETA,2026-07-21,2026-09-30,INF789F1AG68,FUND_UNIT,1,ACTIVE_AT_CUTOFF,
LIQUIDBETF|INF0QA701854|1,LIQUIDBETF,2024-06-03,2026-09-30,INF0QA701854,FUND_UNIT,1,ACTIVE_AT_CUTOFF,
LIQUIDCASE|INF0R8F01034|1,LIQUIDCASE,2024-01-24,2026-09-30,INF0R8F01034,FUND_UNIT,1,ACTIVE_AT_CUTOFF,
LIQUIDETF|INF740KA1EU7|1,LIQUIDETF,2018-03-20,2026-09-30,INF740KA1EU7,FUND_UNIT,1,ACTIVE_AT_CUTOFF,
LIQUIDPLUS|INF769K01MY5|1,LIQUIDPLUS,2024-11-13,2026-09-30,INF769K01MY5,FUND_UNIT,1,ACTIVE_AT_CUTOFF,
LIQUIDSBI|INF200KA13Z8|1,LIQUIDSBI,2023-11-02,2026-09-30,INF200KA13Z8,FUND_UNIT,1,ACTIVE_AT_CUTOFF,
LIQUIDSHRI|INF680P01422|1,LIQUIDSHRI,2024-07-09,2026-09-30,INF680P01422,FUND_UNIT,1,ACTIVE_AT_CUTOFF,
LIQUID|INF769K01KS1|1,LIQUID,2023-07-31,2026-09-30,INF769K01KS1,FUND_UNIT,1,ACTIVE_AT_CUTOFF,
LITL|INE785C01048|1,LITL,2006-11-27,2018-09-12,INE785C01048,EQUITY,2,DELISTED_EVIDENCED,LITL 2019-10-17 Delisting - Liquidation
LKPSEC|INE341H01023|1,LKPSEC,2026-08-17,2026-09-30,INE341H01023,EQUITY,1,ACTIVE_AT_CUTOFF,
LLOYDELENG|NOISIN|1,LLOYDELENG,2005-01-03,2005-04-07,,UNKNOWN_NO_ISIN,1,ENDED_UNEXPLAINED,
LLOYDFIN|INE174A01015|1,LLOYDFIN,2011-06-17,2014-03-27,INE174A01015,EQUITY,2,DELISTED_EVIDENCED,LLOYDFIN 2018-07-02 Delisting - Liquidation
LLOYDFIN|NOISIN|1,LLOYDFIN,2005-04-08,2005-04-21,,UNKNOWN_NO_ISIN,1,ENDED_UNEXPLAINED,
LLOYDFIN|NOISIN|10,LLOYDFIN,2010-06-11,2011-04-18,,UNKNOWN_NO_ISIN,1,ENDED_UNEXPLAINED,
LLOYDFIN|NOISIN|2,LLOYDFIN,2005-07-08,2005-07-14,,UNKNOWN_NO_ISIN,1,ENDED_UNEXPLAINED,
LLOYDFIN|NOISIN|3,LLOYDFIN,2006-06-12,2006-06-29,,UNKNOWN_NO_ISIN,1,ENDED_UNEXPLAINED,
LLOYDFIN|NOISIN|4,LLOYDFIN,2006-08-28,2006-12-14,,UNKNOWN_NO_ISIN,1,ENDED_UNEXPLAINED,
LLOYDFIN|NOISIN|5,LLOYDFIN,2007-03-05,2007-05-17,,UNKNOWN_NO_ISIN,1,ENDED_UNEXPLAINED,
LLOYDFIN|NOISIN|6,LLOYDFIN,2008-02-29,2009-01-09,,UNKNOWN_NO_ISIN,1,ENDED_UNEXPLAINED,
LLOYDFIN|NOISIN|7,LLOYDFIN,2009-03-02,2009-06-11,,UNKNOWN_NO_ISIN,1,ENDED_UNEXPLAINED,
LLOYDFIN|NOISIN|8,LLOYDFIN,2009-08-21,2010-01-07,,UNKNOWN_NO_ISIN,1,ENDED_UNEXPLAINED,
LLOYDFIN|NOISIN|9,LLOYDFIN,2010-02-19,2010-04-16,,UNKNOWN_NO_ISIN,1,ENDED_UNEXPLAINED,
LLOYDSENGG|INE093R01011|1,LLOYDSENGG|LSIL,2016-08-01,2026-09-30,INE093R01011,EQUITY,2,ACTIVE_AT_CUTOFF,
LLOYDSENT|INE080I01025|1,LLOYDSENT,2024-10-17,2026-09-30,INE080I01025,EQUITY,1,ACTIVE_AT_CUTOFF,
LLOYDSME|INE281B01032|1,LLOYDSME,2023-07-17,2026-09-30,INE281B01032,EQUITY,1,ACTIVE_AT_CUTOFF,
LLOYDSTEEL|INE292A01015|1,LLOYDSTEEL|UTTAMVALUE,2010-02-19,2016-03-23,INE292A01015,EQUITY,3,ENDED_UNEXPLAINED,
LLOYDSTEEL|NOISIN|1,LLOYDSTEEL,2005-04-08,2006-06-29,,UNKNOWN_NO_ISIN,1,ENDED_UNEXPLAINED,
LLOYDSTEEL|NOISIN|2,LLOYDSTEEL,2006-08-28,2007-01-25,,UNKNOWN_NO_ISIN,1,ENDED_UNEXPLAINED,
LLOYDSTEEL|NOISIN|3,LLOYDSTEEL,2007-06-08,2007-12-13,,UNKNOWN_NO_ISIN,1,ENDED_UNEXPLAINED,
LLOYDSTEEL|NOISIN|4,LLOYDSTEEL,2008-02-29,2008-08-21,,UNKNOWN_NO_ISIN,1,ENDED_UNEXPLAINED,
LLOYDSTEEL|NOISIN|5,LLOYDSTEEL,2008-12-01,2009-06-11,,UNKNOWN_NO_ISIN,1,ENDED_UNEXPLAINED,
LLOYDSTEEL|NOISIN|6,LLOYDSTEEL,2009-08-21,2010-01-07,,UNKNOWN_NO_ISIN,1,ENDED_UNEXPLAINED,
LML|INE862A01015|1,LML,2008-02-29,2018-05-14,INE862A01015,EQUITY,2,DELISTED_EVIDENCED,LML 2019-10-17 Delisting - Liquidation
LML|NOISIN|1,LML,2005-01-03,2005-04-07,,UNKNOWN_NO_ISIN,1,ENDED_UNEXPLAINED,
LML|NOISIN|2,LML,2005-07-08,2007-01-11,,UNKNOWN_NO_ISIN,1,ENDED_UNEXPLAINED,
LML|NOISIN|3,LML,2007-03-02,2007-04-19,,UNKNOWN_NO_ISIN,1,ENDED_UNEXPLAINED,
LML|NOISIN|4,LML,2007-06-08,2007-08-23,,UNKNOWN_NO_ISIN,1,ENDED_UNEXPLAINED,
LML|NOISIN|5,LML,2007-12-03,2007-12-28,,UNKNOWN_NO_ISIN,1,ENDED_UNEXPLAINED,
LODHA|INE670K01029|1,LODHA,2021-04-19,2026-09-30,INE670K01029,EQUITY,1,ACTIVE_AT_CUTOFF,
LOGIXMICRO|NOISIN|1,LOGIXMICRO,2007-02-05,2007-06-14,,UNKNOWN_NO_ISIN,1,ENDED_UNEXPLAINED,
LOGIXMICRO|NOISIN|2,LOGIXMICRO,2007-08-31,2008-05-02,,UNKNOWN_NO_ISIN,1,ENDED_UNEXPLAINED,
LOKESHMACH|INE397H01017|1,LOKESHMACH,2010-06-11,2026-09-30,INE397H01017,EQUITY,2,ACTIVE_AT_CUTOFF,
LOKESHMACH|NOISIN|1,LOKESHMACH,2006-05-05,2010-04-16,,UNKNOWN_NO_ISIN,1,ENDED_UNEXPLAINED,
LORDSCHLO|INE846D01012|1,LORDSCHLO,2023-08-28,2026-09-30,INE846D01012,EQUITY,1,ACTIVE_AT_CUTOFF,
LOTTEINDIA|NOISIN|1,LOTTEINDIA,2005-04-08,2005-08-19,,UNKNOWN_NO_ISIN,1,ENDED_UNEXPLAINED,
LOTTEINDIA|NOISIN|2,LOTTEINDIA,2006-06-12,2006-06-29,,UNKNOWN_NO_ISIN,1,ENDED_UNEXPLAINED,
LOTTEINDIA|NOISIN|3,LOTTEINDIA,2006-08-28,2006-09-21,,UNKNOWN_NO_ISIN,1,ENDED_UNEXPLAINED,
LOTTEINDIA|NOISIN|4,LOTTEINDIA,2006-11-27,2006-12-29,,UNKNOWN_NO_ISIN,1,ENDED_UNEXPLAINED,
LOTTEINDIA|NOISIN|5,LOTTEINDIA,2007-03-02,2008-01-10,,UNKNOWN_NO_ISIN,1,ENDED_UNEXPLAINED,
LOTTEINDIA|NOISIN|6,LOTTEINDIA,2008-02-29,2008-04-21,,UNKNOWN_NO_ISIN,1,ENDED_UNEXPLAINED,
LOTTEINDIA|NOISIN|7,LOTTEINDIA,2008-06-13,2008-07-10,,UNKNOWN_NO_ISIN,1,ENDED_UNEXPLAINED,
LOTTEINDIA|NOISIN|8,LOTTEINDIA,2008-08-22,2009-01-09,,UNKNOWN_NO_ISIN,1,ENDED_UNEXPLAINED,
LOTTEINDIA|NOISIN|9,LOTTEINDIA,2009-03-02,2009-07-23,,UNKNOWN_NO_ISIN,1,DELISTED_EVIDENCED,LOTTEINDIA 2009-07-31 Voluntary Delisting
LOTUSCHO|INE026D01011|1,LOTUSCHO,2026-08-17,2026-09-30,INE026D01011,EQUITY,1,ACTIVE_AT_CUTOFF,
LOTUSDEV|INE0V9Q01010|1,LOTUSDEV,2025-08-06,2026-08-10,INE0V9Q01010,EQUITY,1,ENDED_UNEXPLAINED,
LOTUSEYE|INE947I01017|1,LOTUSEYE,2011-06-17,2026-09-30,INE947I01017,EQUITY,2,ACTIVE_AT_CUTOFF,
LOTUSEYE|NOISIN|1,LOTUSEYE,2008-07-11,2008-11-28,,UNKNOWN_NO_ISIN,1,ENDED_UNEXPLAINED,
LOTUSEYE|NOISIN|2,LOTUSEYE,2009-03-02,2009-05-04,,UNKNOWN_NO_ISIN,1,ENDED_UNEXPLAINED,
LOTUSEYE|NOISIN|3,LOTUSEYE,2009-06-12,2009-12-10,,UNKNOWN_NO_ISIN,1,ENDED_UNEXPLAINED,
LOTUSEYE|NOISIN|4,LOTUSEYE,2010-02-19,2011-04-18,,UNKNOWN_NO_ISIN,1,ENDED_UNEXPLAINED,
LOVABLE|INE597L01014|1,LOVABLE,2011-03-24,2026-09-30,INE597L01014,EQUITY,2,ACTIVE_AT_CUTOFF,
LOWVOLIETF|INF109KC19U5|1,LOWVOLIETF,2024-03-01,2026-09-30,INF109KC19U5,FUND_UNIT,1,ACTIVE_AT_CUTOFF,
LOWVOL|INF769K01JU9|1,LOWVOL|MANV30F,2023-03-31,2026-09-30,INF769K01JU9,FUND_UNIT,2,ACTIVE_AT_CUTOFF,
LOYALTEX|INE970D01010|1,LOYALTEX,2022-08-11,2026-09-30,INE970D01010,EQUITY,1,ACTIVE_AT_CUTOFF,
LPDC|INE197J01017|1,LPDC,2011-06-17,2026-09-30,INE197J01017,EQUITY,2,ACTIVE_AT_CUTOFF,
LPDC|NOISIN|1,LPDC,2008-08-12,2009-04-17,,UNKNOWN_NO_ISIN,1,ENDED_UNEXPLAINED,
LPDC|NOISIN|2,LPDC,2009-08-21,2009-12-10,,UNKNOWN_NO_ISIN,1,ENDED_UNEXPLAINED,
LPDC|NOISIN|3,LPDC,2010-02-19,2010-07-22,,UNKNOWN_NO_ISIN,1,ENDED_UNEXPLAINED,
LPDC|NOISIN|4,LPDC,2010-12-03,2011-04-18,,UNKNOWN_NO_ISIN,1,ENDED_UNEXPLAINED,
LTGILTBEES|INF204KB1882|1,LTGILTBEES|NETFLTGILT|RRSLGETF,2016-07-14,2026-09-30,INF204KB1882,FUND_UNIT,3,ACTIVE_AT_CUTOFF,
LTGILTCASE|INF0R8F01133|1,LTGILTCASE,2025-08-20,2026-09-30,INF0R8F01133,FUND_UNIT,1,ACTIVE_AT_CUTOFF,
LTIM|INE214T01019|1,LTI|LTIM|LTM,2016-07-21,2026-09-30,INE214T01019,EQUITY,3,ACTIVE_AT_CUTOFF,
LTTS|INE010V01017|1,LTTS,2016-09-23,2026-09-30,INE010V01017,EQUITY,1,ACTIVE_AT_CUTOFF,
LT|INE018A01030|1,LT,2005-01-03,2026-09-30,INE018A01030,EQUITY,2,ACTIVE_AT_CUTOFF,
LUMAXAUTO|INE547G01019|1,LUMAXAUTO,2011-06-17,2016-05-20,INE547G01019,EQUITY,2,DELISTED_EVIDENCED,LUMAXAUTO 2018-05-30 Compulsory Delisting
LUMAXAUTO|NOISIN|1,LUMAXAUTO,2005-01-03,2009-09-17,,UNKNOWN_NO_ISIN,1,ENDED_UNEXPLAINED,
LUMAXAUTO|NOISIN|2,LUMAXAUTO,2009-11-20,2011-04-18,,UNKNOWN_NO_ISIN,1,ENDED_UNEXPLAINED,
LUMAXIND|INE162B01018|1,LUMAXIND,2011-03-07,2026-09-30,INE162B01018,EQUITY,2,ACTIVE_AT_CUTOFF,
LUMAXIND|NOISIN|1,LUMAXIND,2005-01-03,2006-11-23,,UNKNOWN_NO_ISIN,1,ENDED_UNEXPLAINED,
LUMAXIND|NOISIN|2,LUMAXIND,2007-03-02,2009-09-17,,UNKNOWN_NO_ISIN,1,ENDED_UNEXPLAINED,
LUMAXIND|NOISIN|3,LUMAXIND,2009-11-20,2010-07-08,,UNKNOWN_NO_ISIN,1,ENDED_UNEXPLAINED,
LUMAXIND|NOISIN|4,LUMAXIND,2010-08-20,2011-01-20,,UNKNOWN_NO_ISIN,1,ENDED_UNEXPLAINED,
LUMAXTECH|INE872H01019|1,LUMAXTECH,2010-06-11,2026-09-30,INE872H01019|INE872H01027,EQUITY,3,ACTIVE_AT_CUTOFF,
LUMAXTECH|NOISIN|1,LUMAXTECH,2007-01-16,2009-08-06,,UNKNOWN_NO_ISIN,1,ENDED_UNEXPLAINED,
LUMAXTECH|NOISIN|2,LUMAXTECH,2010-02-19,2010-04-16,,UNKNOWN_NO_ISIN,1,ENDED_UNEXPLAINED,
LUMINO|INE185Q01025|1,LUMINO,2026-09-03,2026-09-30,INE185Q01025,EQUITY,1,ACTIVE_AT_CUTOFF,
LUPIN|INE326A01037|1,LUPIN,2005-01-03,2026-09-30,INE326A01037,EQUITY,2,ACTIVE_AT_CUTOFF,
LUXIND|INE150G01012|1,LUXIND,2015-12-15,2026-09-30,INE150G01012|INE150G01020,EQUITY,2,ACTIVE_AT_CUTOFF,
LXCHEM|INE576O01020|1,LXCHEM,2021-03-25,2026-09-30,INE576O01020,EQUITY,1,ACTIVE_AT_CUTOFF,
LYKALABS|INE933A01014|1,LYKALABS,2010-02-19,2026-07-01,INE933A01014,EQUITY,2,ENDED_UNEXPLAINED,
LYKALABS|NOISIN|1,LYKALABS,2005-01-03,2006-11-23,,UNKNOWN_NO_ISIN,1,ENDED_UNEXPLAINED,
LYKALABS|NOISIN|2,LYKALABS,2007-03-02,2007-08-23,,UNKNOWN_NO_ISIN,1,ENDED_UNEXPLAINED,
LYKALABS|NOISIN|3,LYKALABS,2008-02-29,2008-04-21,,UNKNOWN_NO_ISIN,1,ENDED_UNEXPLAINED,
LYKALABS|NOISIN|4,LYKALABS,2008-06-13,2009-04-17,,UNKNOWN_NO_ISIN,1,ENDED_UNEXPLAINED,
LYKALABS|NOISIN|5,LYKALABS,2009-06-12,2009-12-10,,UNKNOWN_NO_ISIN,1,ENDED_UNEXPLAINED,
M&MFIN|INE774D01016|1,M&MFIN,2006-03-17,2026-09-30,INE774D01016|INE774D01024,EQUITY,3,ACTIVE_AT_CUTOFF,
M&M|INE101A01026|1,M&M,2005-01-03,2026-09-30,INE101A01026,EQUITY,2,ACTIVE_AT_CUTOFF,
M100|INF247L01023|1,M100|MOM100,2011-02-04,2026-09-30,INF247L01023,FUND_UNIT,3,ACTIVE_AT_CUTOFF,
M50|INF247L01015|1,M50,2010-07-30,2014-10-16,INF247L01015,FUND_UNIT,2,ENDED_UNEXPLAINED,
M50|INF247L01536|1,M50|MOM50,2014-10-17,2026-09-30,INF247L01536,FUND_UNIT,2,ACTIVE_AT_CUTOFF,
MAANALU|INE215I01019|1,MAANALU|MANALU,2007-10-22,2023-06-08,INE215I01019,EQUITY,3,ENDED_UNEXPLAINED,
MAANALU|INE215I01027|1,MAANALU,2023-10-30,2026-09-30,INE215I01027,EQUITY,1,ACTIVE_AT_CUTOFF,
MAARSOFTW|NOISIN|1,MAARSOFTW,2005-01-03,2007-08-23,,UNKNOWN_NO_ISIN,1,ENDED_UNEXPLAINED,
MAARSOFTW|NOISIN|2,MAARSOFTW,2007-12-03,2007-12-28,,UNKNOWN_NO_ISIN,1,ENDED_UNEXPLAINED,
MAARSOFTW|NOISIN|3,MAARSOFTW,2008-02-29,2008-05-02,,UNKNOWN_NO_ISIN,1,ENDED_UNEXPLAINED,
MAARSOFTW|NOISIN|4,MAARSOFTW,2008-06-13,2009-04-17,,UNKNOWN_NO_ISIN,1,DELISTED_EVIDENCED,MAARSOFTW 2018-03-26 Compulsory Delisting
MACMILLAN|NOISIN|1,MACMILLAN|MPSLTD,2005-01-03,2026-09-30,INE943D01017,EQUITY,3,ACTIVE_AT_CUTOFF,
MACPOWER|INE155Z01011|1,MACPOWER,2020-08-19,2026-09-30,INE155Z01011,EQUITY,1,ACTIVE_AT_CUTOFF,
MADHAVIPL|INE631R01026|1,MADHAVIPL,2026-04-20,2026-09-30,INE631R01026,EQUITY,1,ACTIVE_AT_CUTOFF,
MADHAV|INE925C01016|1,MADHAV,2009-03-02,2026-09-30,INE925C01016,EQUITY,2,ACTIVE_AT_CUTOFF,
MADHAV|NOISIN|1,MADHAV,2007-12-20,2008-12-26,,UNKNOWN_NO_ISIN,1,ENDED_UNEXPLAINED,
MADHUCON|INE378D01032|1,MADHUCON,2006-10-05,2026-09-30,INE378D01032,EQUITY,2,ACTIVE_AT_CUTOFF,
MADRASCEM|INE331A01037|1,MADRASCEM|RAMCOCEM,2005-01-03,2026-09-30,INE331A01037,EQUITY,3,ACTIVE_AT_CUTOFF,
MADRASFERT|INE414A01015|1,MADRASFERT,2010-08-20,2026-09-30,INE414A01015,EQUITY,2,ACTIVE_AT_CUTOFF,
MADRASFERT|NOISIN|1,MADRASFERT,2005-01-03,2006-06-29,,UNKNOWN_NO_ISIN,1,ENDED_UNEXPLAINED,
MADRASFERT|NOISIN|2,MADRASFERT,2006-08-28,2007-01-11,,UNKNOWN_NO_ISIN,1,ENDED_UNEXPLAINED,
MADRASFERT|NOISIN|3,MADRASFERT,2007-03-02,2007-08-23,,UNKNOWN_NO_ISIN,1,ENDED_UNEXPLAINED,
MADRASFERT|NOISIN|4,MADRASFERT,2007-12-03,2007-12-28,,UNKNOWN_NO_ISIN,1,ENDED_UNEXPLAINED,
MADRASFERT|NOISIN|5,MADRASFERT,2008-02-29,2009-06-11,,UNKNOWN_NO_ISIN,1,ENDED_UNEXPLAINED,
MADRASFERT|NOISIN|6,MADRASFERT,2009-08-21,2010-01-21,,UNKNOWN_NO_ISIN,1,ENDED_UNEXPLAINED,
MAFANG|INF769K01HF4|1,MAFANG,2021-05-14,2026-09-30,INF769K01HF4,FUND_UNIT,1,ACTIVE_AT_CUTOFF,
MAFATIND|INE270B01035|1,MAFATIND,2026-04-20,2026-09-30,INE270B01035,EQUITY,1,ACTIVE_AT_CUTOFF,
MAGADSUGAR|INE347W01011|1,MAGADSUGAR,2017-11-22,2026-09-30,INE347W01011,EQUITY,1,ACTIVE_AT_CUTOFF,
MAGMA|INE511C01022|1,MAGMA|POONAWALLA,2005-01-03,2026-09-30,INE511C01022,EQUITY,3,ACTIVE_AT_CUTOFF,
MAGNUM|INE387I01016|1,MAGNUM,2010-12-03,2026-09-30,INE387I01016,EQUITY,2,ACTIVE_AT_CUTOFF,
MAGNUM|NOISIN|1,MAGNUM,2007-09-20,2009-10-05,,UNKNOWN_NO_ISIN,1,ENDED_UNEXPLAINED,
MAGNUM|NOISIN|2,MAGNUM,2009-11-20,2010-04-16,,UNKNOWN_NO_ISIN,1,ENDED_UNEXPLAINED,
MAGNUM|NOISIN|3,MAGNUM,2010-06-11,2010-08-05,,UNKNOWN_NO_ISIN,1,ENDED_UNEXPLAINED,
MAHABANK|INE457A01014|1,MAHABANK,2005-01-03,2026-09-30,INE457A01014,EQUITY,2,ACTIVE_AT_CUTOFF,
MAHAPEXLTD|INE843B01013|1,MAHAPEXLTD,2022-02-22,2026-09-30,INE843B01013,EQUITY,1,ACTIVE_AT_CUTOFF,
MAHASTEEL|INE451L01014|1,MAHASTEEL,2016-07-01,2026-08-10,INE451L01014,EQUITY,1,ENDED_UNEXPLAINED,
MAHAVIRSPG|NOISIN|1,MAHAVIRSPG|VTL,2005-01-03,2026-09-30,INE825A01012|INE825A01020,EQUITY,4,ACTIVE_AT_CUTOFF,
MAHEPC|INE215D01010|1,MAHEPC,2020-02-14,2026-09-30,INE215D01010,EQUITY,1,ACTIVE_AT_CUTOFF,
MAHESHWARI|INE263W01010|1,MAHESHWARI,2019-04-15,2026-09-30,INE263W01010,EQUITY,1,ACTIVE_AT_CUTOFF,
MAHINDFORG|NOISIN|1,MAHINDFORG,2007-08-30,2009-06-11,,UNKNOWN_NO_ISIN,1,ENDED_UNEXPLAINED,
MAHINDUGIN|INE850A01010|1,MAHINDUGIN,2009-08-21,2014-12-22,INE850A01010,EQUITY,2,ENDED_UNEXPLAINED,
MAHINDUGIN|NOISIN|1,MAHINDUGIN,2005-04-08,2009-06-11,,UNKNOWN_NO_ISIN,1,ENDED_UNEXPLAINED,
MAHKTECH|INF769K01HS7|1,MAHKTECH,2021-12-10,2026-09-30,INF769K01HS7,FUND_UNIT,1,ACTIVE_AT_CUTOFF,
MAHLOG|INE766P01016|1,MAHLOG,2017-11-10,2026-09-30,INE766P01016,EQUITY,1,ACTIVE_AT_CUTOFF,
MAHSCOOTER|INE288A01013|1,MAHSCOOTER,2010-12-03,2026-09-30,INE288A01013,EQUITY,2,ACTIVE_AT_CUTOFF,
MAHSCOOTER|NOISIN|1,MAHSCOOTER,2005-01-03,2009-06-11,,UNKNOWN_NO_ISIN,1,ENDED_UNEXPLAINED,
MAHSCOOTER|NOISIN|2,MAHSCOOTER,2009-08-21,2009-12-10,,UNKNOWN_NO_ISIN,1,ENDED_UNEXPLAINED,
MAHSCOOTER|NOISIN|3,MAHSCOOTER,2010-02-19,2010-03-18,,UNKNOWN_NO_ISIN,1,ENDED_UNEXPLAINED,
MAHSCOOTER|NOISIN|4,MAHSCOOTER,2010-06-11,2010-08-19,,UNKNOWN_NO_ISIN,1,ENDED_UNEXPLAINED,
MAHSEAMLES|INE271B01025|1,MAHSEAMLES,2005-01-03,2026-09-30,INE271B01025,EQUITY,2,ACTIVE_AT_CUTOFF,
MAITHANALL|INE683C01011|1,MAITHANALL,2011-07-05,2026-09-30,INE683C01011,EQUITY,1,ACTIVE_AT_CUTOFF,
MAJESAUT|INE201B01022|1,MAJESAUT,2026-04-20,2026-08-06,INE201B01022,EQUITY,1,ENDED_UNEXPLAINED,
MAKEINDIA|INF769K01IB1|1,MAKEINDIA|MAMFGETF,2022-02-02,2026-09-30,INF769K01IB1,FUND_UNIT,2,ACTIVE_AT_CUTOFF,
MAKERSL|INE987A01010|1,MAKERSL,2026-08-17,2026-09-30,INE987A01010,EQUITY,1,ACTIVE_AT_CUTOFF,
MAKE|INE432P01015|1,MAKE,2014-07-15,2015-05-25,INE432P01015,EQUITY,1,ENDED_UNEXPLAINED,
MALCO|NOISIN|1,MALCO,2007-04-12,2009-06-11,,UNKNOWN_NO_ISIN,1,DELISTED_EVIDENCED,MALCO 2009-06-19 Voluntary Delisting
MALLCOM|INE389C01015|1,MALLCOM,2022-02-02,2026-09-30,INE389C01015,EQUITY,1,ACTIVE_AT_CUTOFF,
MALUPAPER|INE383H01017|1,MALUPAPER,2010-02-19,2026-09-30,INE383H01017,EQUITY,2,ACTIVE_AT_CUTOFF,
MALUPAPER|NOISIN|1,MALUPAPER,2006-04-05,2009-05-28,,UNKNOWN_NO_ISIN,1,ENDED_UNEXPLAINED,
MALUPAPER|NOISIN|2,MALUPAPER,2009-08-21,2009-12-10,,UNKNOWN_NO_ISIN,1,ENDED_UNEXPLAINED,
MALWACOTT|INE272B01015|1,MALWACOTT,2010-06-11,2013-10-08,INE272B01015,EQUITY,2,DELISTED_EVIDENCED,MALWACOTT 2018-09-11 Compulsory Delisting
MALWACOTT|NOISIN|1,MALWACOTT,2005-01-03,2006-06-09,,UNKNOWN_NO_ISIN,1,ENDED_UNEXPLAINED,
MALWACOTT|NOISIN|2,MALWACOTT,2006-08-28,2008-01-10,,UNKNOWN_NO_ISIN,1,ENDED_UNEXPLAINED,
MALWACOTT|NOISIN|3,MALWACOTT,2008-02-29,2008-09-05,,UNKNOWN_NO_ISIN,1,ENDED_UNEXPLAINED,
MALWACOTT|NOISIN|4,MALWACOTT,2008-12-01,2009-04-17,,UNKNOWN_NO_ISIN,1,ENDED_UNEXPLAINED,
MALWACOTT|NOISIN|5,MALWACOTT,2009-08-21,2009-09-17,,UNKNOWN_NO_ISIN,1,ENDED_UNEXPLAINED,
MALWACOTT|NOISIN|6,MALWACOTT,2009-11-20,2010-04-29,,UNKNOWN_NO_ISIN,1,ENDED_UNEXPLAINED,
MAM150ETF|INF769K01IC9|1,MAM150ETF|MIDCAPETF,2022-03-15,2026-09-30,INF769K01IC9,FUND_UNIT,2,ACTIVE_AT_CUTOFF,
MAMATA|INE0TO701015|1,MAMATA,2025-01-10,2026-09-30,INE0TO701015,EQUITY,1,ACTIVE_AT_CUTOFF,
MAN50ETF|INF769K01EG9|1,MAN50ETF|NIFTYETF,2018-11-28,2026-09-30,INF769K01EG9,FUND_UNIT,2,ACTIVE_AT_CUTOFF,
MANAKALUCO|INE859Q01017|1,MANAKALUCO,2015-04-16,2026-09-30,INE859Q01017,EQUITY,1,ACTIVE_AT_CUTOFF,
MANAKCOAT|INE830Q01018|1,MANAKCOAT,2015-04-16,2026-09-30,INE830Q01018,EQUITY,1,ACTIVE_AT_CUTOFF,
MANAKSIA|INE015D01022|1,MANAKSIA,2009-08-21,2026-09-30,INE015D01022,EQUITY,2,ACTIVE_AT_CUTOFF,
MANAKSIA|NOISIN|1,MANAKSIA,2008-01-08,2009-06-11,,UNKNOWN_NO_ISIN,1,ENDED_UNEXPLAINED,
MANAKSTEEL|INE824Q01011|1,MANAKSTEEL,2015-04-16,2026-09-04,INE824Q01011,EQUITY,1,ENDED_UNEXPLAINED,
MANALIPETC|INE201A01024|1,MANALIPETC,2009-08-21,2026-09-30,INE201A01024,EQUITY,2,ACTIVE_AT_CUTOFF,
MANALIPETC|NOISIN|1,MANALIPETC,2006-12-06,2007-11-30,,UNKNOWN_NO_ISIN,1,ENDED_UNEXPLAINED,
MANALIPETC|NOISIN|2,MANALIPETC,2008-02-29,2008-05-29,,UNKNOWN_NO_ISIN,1,ENDED_UNEXPLAINED,
MANALIPETC|NOISIN|3,MANALIPETC,2008-08-22,2009-04-17,,UNKNOWN_NO_ISIN,1,ENDED_UNEXPLAINED,
MANALIPET|NOISIN|1,MANALIPET,2005-01-03,2006-09-27,,UNKNOWN_NO_ISIN,1,ENDED_UNEXPLAINED,
MANAPPURAM|INE522D01027|1,MANAPPURAM,2010-06-30,2026-09-30,INE522D01027,EQUITY,2,ACTIVE_AT_CUTOFF,
MANBA|INE939X01013|1,MANBA,2024-10-15,2026-09-30,INE939X01013,EQUITY,1,ACTIVE_AT_CUTOFF,
MANCREDIT|INE545L01039|1,MANCREDIT,2024-08-16,2026-09-30,INE545L01039,EQUITY,1,ACTIVE_AT_CUTOFF,
MANDHANA|INE087J01010|1,MANDHANA,2010-05-19,2019-02-13,INE087J01010,EQUITY,2,ENDED_UNEXPLAINED,
MANGALAM|INE584F01014|1,MANGALAM,2011-03-07,2026-09-30,INE584F01014,EQUITY,2,ACTIVE_AT_CUTOFF,
MANGALAM|NOISIN|1,MANGALAM,2005-05-23,2005-12-22,,UNKNOWN_NO_ISIN,1,ENDED_UNEXPLAINED,
MANGALAM|NOISIN|2,MANGALAM,2006-06-12,2006-11-23,,UNKNOWN_NO_ISIN,1,ENDED_UNEXPLAINED,
MANGALAM|NOISIN|3,MANGALAM,2007-03-02,2007-11-29,,UNKNOWN_NO_ISIN,1,ENDED_UNEXPLAINED,
MANGALAM|NOISIN|4,MANGALAM,2008-02-29,2008-09-05,,UNKNOWN_NO_ISIN,1,ENDED_UNEXPLAINED,
MANGALAM|NOISIN|5,MANGALAM,2008-12-01,2010-12-02,,UNKNOWN_NO_ISIN,1,ENDED_UNEXPLAINED,
MANGCHEFER|INE558B01017|1,MANGCHEFER,2008-02-29,2025-10-30,INE558B01017,EQUITY,2,ENDED_UNEXPLAINED,
MANGCHEFER|NOISIN|1,MANGCHEFER,2007-10-22,2007-11-30,,UNKNOWN_NO_ISIN,1,ENDED_UNEXPLAINED,
MANGLMCEM|INE347A01017|1,MANGLMCEM,2005-01-03,2026-09-30,INE347A01017,EQUITY,2,ACTIVE_AT_CUTOFF,
MANGTIMBER|INE805B01012|1,MANGTIMBER,2010-06-11,2022-01-04,INE805B01012,EQUITY,2,ENDED_UNEXPLAINED,
MANGTIMBER|NOISIN|1,MANGTIMBER,2005-01-03,2010-04-16,,UNKNOWN_NO_ISIN,1,ENDED_UNEXPLAINED,
MANINDS|INE993A01026|1,MANINDS,2005-06-24,2026-09-30,INE993A01026,EQUITY,2,ACTIVE_AT_CUTOFF,
MANINFRA|INE949H01015|1,MANINFRA,2010-03-11,2026-09-30,INE949H01015|INE949H01023,EQUITY,3,ACTIVE_AT_CUTOFF,
MANIPALHOS|INE459N01021|1,MANIPALHOS,2026-08-05,2026-09-30,INE459N01021,EQUITY,1,ACTIVE_AT_CUTOFF,
MANJEERA|INE320D01018|1,MANJEERA,2010-06-30,2015-01-23,INE320D01018,EQUITY,2,ENDED_UNEXPLAINED,
MANJUSHREE|INE435H01015|1,MANJUSHREE,2010-12-29,2015-03-16,INE435H01015,EQUITY,2,DELISTED_EVIDENCED,MANJUSHREE 2015-03-24 Voluntary Delisting
MANKIND|INE634S01028|1,MANKIND,2023-05-09,2026-09-30,INE634S01028,EQUITY,1,ACTIVE_AT_CUTOFF,
MANOMAY|INE784W01015|1,MANOMAY,2023-01-18,2026-09-30,INE784W01015,EQUITY,1,ACTIVE_AT_CUTOFF,
MANORAMA|INE00VM01010|1,MANORAMA,2022-07-01,2026-09-30,INE00VM01010|INE00VM01036,EQUITY,2,ACTIVE_AT_CUTOFF,
MANORG|INE370D01013|1,MANORG,2021-11-02,2026-09-30,INE370D01013,EQUITY,1,ACTIVE_AT_CUTOFF,
MANPASAND|INE122R01018|1,MANPASAND,2015-07-09,2019-09-23,INE122R01018,EQUITY,1,ENDED_UNEXPLAINED,
MANUFGBEES|INF204KC1GH6|1,MANUFGBEES,2025-08-29,2026-09-30,INF204KC1GH6,FUND_UNIT,1,ACTIVE_AT_CUTOFF,
MANUGRAPH|INE867A01022|1,MANUGRAPH,2006-09-14,2026-09-25,INE867A01022,EQUITY,2,ENDED_UNEXPLAINED,
MANXT50|INF769K01FN2|1,MANXT50|NEXT50,2020-01-31,2026-09-30,INF769K01FN2,FUND_UNIT,2,ACTIVE_AT_CUTOFF,
MANYAVAR|INE825V01034|1,MANYAVAR,2022-02-16,2026-09-30,INE825V01034,EQUITY,1,ACTIVE_AT_CUTOFF,
MAPMYINDIA|INE0BV301023|1,MAPMYINDIA,2021-12-21,2026-09-30,INE0BV301023,EQUITY,1,ACTIVE_AT_CUTOFF,
MARALOVER|INE882A01013|1,MARALOVER,2010-06-11,2026-09-30,INE882A01013,EQUITY,2,ACTIVE_AT_CUTOFF,
MARALOVER|NOISIN|1,MARALOVER,2005-01-03,2007-12-28,,UNKNOWN_NO_ISIN,1,ENDED_UNEXPLAINED,
MARALOVER|NOISIN|2,MARALOVER,2008-02-29,2009-04-17,,UNKNOWN_NO_ISIN,1,ENDED_UNEXPLAINED,
MARALOVER|NOISIN|3,MARALOVER,2009-08-21,2009-11-26,,UNKNOWN_NO_ISIN,1,ENDED_UNEXPLAINED,
MARALOVER|NOISIN|4,MARALOVER,2010-02-19,2010-04-29,,UNKNOWN_NO_ISIN,1,ENDED_UNEXPLAINED,
MARATHON|INE182D01012|1,MARATHON,2016-09-29,2026-09-30,INE182D01012|INE182D01020,EQUITY,2,ACTIVE_AT_CUTOFF,
MARDIACHEM|NOISIN|1,MARDIACHEM,2005-04-08,2005-04-19,,UNKNOWN_NO_ISIN,1,DELISTED_EVIDENCED,MARDIACHEM 2016-08-31 Delisting - Liquidation
MARG|INE941E01019|1,MARG,2009-11-05,2015-01-29,INE941E01019,EQUITY,2,ENDED_UNEXPLAINED,
MARICOIND|NOISIN|1,MARICO|MARICOIND,2005-01-03,2026-09-30,INE196A01026,EQUITY,3,ACTIVE_AT_CUTOFF,
MARINE|INE01JE01010|1,MARINE,2020-12-02,2026-09-30,INE01JE01010|INE01JE01028,EQUITY,2,ACTIVE_AT_CUTOFF,
MARKOLINES|INE0FW001016|1,MARKOLINES,2025-10-14,2026-09-30,INE0FW001016,EQUITY,1,ACTIVE_AT_CUTOFF,
MARKSANS|INE750C01026|1,MARKSANS,2008-02-29,2026-09-30,INE750C01026,EQUITY,2,ACTIVE_AT_CUTOFF,
MARKSANS|NOISIN|1,MARKSANS|TASCPHARMA,2005-01-03,2007-09-20,,UNKNOWN_NO_ISIN,2,ENDED_UNEXPLAINED,
MARSHALL|INE00SZ01018|1,MARSHALL,2021-11-22,2024-11-14,INE00SZ01018,EQUITY,1,ENDED_UNEXPLAINED,
MARSONS|INE415B01044|1,MARSONS,2026-03-13,2026-09-30,INE415B01044,EQUITY,1,ACTIVE_AT_CUTOFF,
MARUTI|INE585B01010|1,MARUTI,2005-01-03,2026-09-30,INE585B01010,EQUITY,2,ACTIVE_AT_CUTOFF,
MASFIN|INE348L01012|1,MASFIN,2017-10-18,2026-09-30,INE348L01012,EQUITY,1,ACTIVE_AT_CUTOFF,
MASILVER|INF769K01KG6|1,MASILVER|SILVERAG|SILVRETF,2023-06-15,2026-09-30,INF769K01KG6,FUND_UNIT,3,ACTIVE_AT_CUTOFF,
MASKINVEST|INE885F01015|1,MASKINVEST,2024-04-08,2026-09-30,INE885F01015,EQUITY,1,ACTIVE_AT_CUTOFF,
MASPTOP50|INF769K01HP3|1,MASPTOP50,2021-09-24,2026-09-30,INF769K01HP3,FUND_UNIT,1,ACTIVE_AT_CUTOFF,
MASTEK|INE759A01021|1,MASTEK,2005-01-03,2026-09-30,INE759A01021,EQUITY,2,ACTIVE_AT_CUTOFF,
MASTERTR|INE677D01037|1,MASTERTR,2024-11-12,2026-09-30,INE677D01037,EQUITY,1,ACTIVE_AT_CUTOFF,
MATRIMONY|INE866R01028|1,MATRIMONY,2017-09-21,2026-09-30,INE866R01028,EQUITY,1,ACTIVE_AT_CUTOFF,
MATRIXLABS|NOISIN|1,MATRIXLABS,2005-01-03,2009-08-13,,UNKNOWN_NO_ISIN,1,DELISTED_EVIDENCED,MATRIXLABS 2009-08-21 Voluntary Delisting
MAWANASUG|INE636A01039|1,MAWANASUG,2009-11-20,2026-09-30,INE636A01039,EQUITY,2,ACTIVE_AT_CUTOFF,
MAWANASUG|NOISIN|1,MAWANASUG,2009-03-20,2009-04-17,,UNKNOWN_NO_ISIN,1,ENDED_UNEXPLAINED,
MAWANASUG|NOISIN|2,MAWANASUG,2009-06-12,2009-08-20,,UNKNOWN_NO_ISIN,1,ENDED_UNEXPLAINED,
MAWANA|NOISIN|1,MAWANA,2006-08-22,2007-10-23,,UNKNOWN_NO_ISIN,1,ENDED_UNEXPLAINED,
MAXESTATES|INE03EI01018|1,MAXESTATES,2023-11-13,2026-09-30,INE03EI01018,EQUITY,1,ACTIVE_AT_CUTOFF,
MAXHEALTH|INE027H01010|1,MAXHEALTH,2020-09-04,2026-09-30,INE027H01010,EQUITY,1,ACTIVE_AT_CUTOFF,
MAXINDIA|INE153U01017|1,MAXINDIA,2016-07-28,2020-06-11,INE153U01017,EQUITY,1,ENDED_UNEXPLAINED,
MAXIND|INE0CG601016|1,MAXIND,2020-09-11,2026-09-30,INE0CG601016,EQUITY,1,ACTIVE_AT_CUTOFF,
MAXVIL|INE154U01015|1,MAXVIL,2016-07-07,2023-08-10,INE154U01015,EQUITY,1,ENDED_UNEXPLAINED,
MAXWELL|INE450G01024|1,MAXWELL|VIPCLOTHNG,2007-08-06,2026-09-30,INE450G01024,EQUITY,3,ACTIVE_AT_CUTOFF,
MAX|INE180A01020|1,MAX|MFSL,2005-07-08,2026-09-30,INE180A01020,EQUITY,3,ACTIVE_AT_CUTOFF,
MAX|NOISIN|1,MAX,2005-01-03,2005-04-07,,UNKNOWN_NO_ISIN,1,ENDED_UNEXPLAINED,
MAYURUNIQ|INE040D01012|1,MAYURUNIQ,2012-09-25,2026-09-30,INE040D01012|INE040D01038,EQUITY,2,ACTIVE_AT_CUTOFF,
MAZDA|INE885E01034|1,MAZDA,2016-11-01,2025-01-20,INE885E01034,EQUITY,1,ENDED_UNEXPLAINED,
MAZDA|INE885E01042|1,MAZDA,2025-05-19,2026-07-08,INE885E01042,EQUITY,1,ENDED_UNEXPLAINED,
MAZDOCK|INE249Z01012|1,MAZDOCK,2020-10-12,2026-09-30,INE249Z01012|INE249Z01020,EQUITY,2,ACTIVE_AT_CUTOFF,
MBAPL|INE900L01010|1,MBAPL,2019-08-22,2026-09-30,INE900L01010|INE900L01028,EQUITY,2,ACTIVE_AT_CUTOFF,
MBECL|INE748A01016|1,MBECL,2007-03-02,2024-08-08,INE748A01016,EQUITY,2,ENDED_UNEXPLAINED,
MBECL|NOISIN|1,MBECL,2006-10-06,2006-12-14,,UNKNOWN_NO_ISIN,1,ENDED_UNEXPLAINED,
MBEL|INE08N601015|1,MBEL,2025-08-06,2026-09-30,INE08N601015,EQUITY,1,ACTIVE_AT_CUTOFF,
MBLINFRA|INE912H01013|1,MBLINFRA,2010-01-11,2026-09-30,INE912H01013,EQUITY,2,ACTIVE_AT_CUTOFF,
MBSWITCH|INE899L01014|1,MBSWITCH|UJAAS,2011-10-20,2023-11-02,INE899L01014|INE899L01022,EQUITY,3,ENDED_UNEXPLAINED,
MCCHRLS-B|INE435D01014|1,MCCHRLS-B,2026-04-20,2026-09-30,INE435D01014,EQUITY,1,ACTIVE_AT_CUTOFF,
MCDHOLDING|INE836H01014|1,MCDHOLDING,2010-12-03,2021-09-22,INE836H01014,EQUITY,2,ENDED_UNEXPLAINED,
MCDHOLDING|NOISIN|1,MCDHOLDING,2007-05-30,2007-12-13,,UNKNOWN_NO_ISIN,1,ENDED_UNEXPLAINED,
MCDHOLDING|NOISIN|2,MCDHOLDING,2008-02-29,2008-08-07,,UNKNOWN_NO_ISIN,1,ENDED_UNEXPLAINED,
MCDHOLDING|NOISIN|3,MCDHOLDING,2008-12-01,2008-12-26,,UNKNOWN_NO_ISIN,1,ENDED_UNEXPLAINED,
MCDHOLDING|NOISIN|4,MCDHOLDING,2009-03-02,2009-04-17,,UNKNOWN_NO_ISIN,1,ENDED_UNEXPLAINED,
MCDHOLDING|NOISIN|5,MCDHOLDING,2009-08-21,2009-11-26,,UNKNOWN_NO_ISIN,1,ENDED_UNEXPLAINED,
MCDHOLDING|NOISIN|6,MCDHOLDING,2010-02-19,2010-08-05,,UNKNOWN_NO_ISIN,1,ENDED_UNEXPLAINED,
MCDOWELL-N|INE854D01016|1,MCDOWELL-N|UNITDSPR,2005-01-03,2026-09-30,INE854D01016|INE854D01024,EQUITY,4,ACTIVE_AT_CUTOFF,
MCLEODRUSS|INE942G01012|1,MCLEODRUSS,2005-07-29,2026-09-30,INE942G01012,EQUITY,2,ACTIVE_AT_CUTOFF,
MCLOUD|INE613C01026|1,MCLOUD,2025-02-07,2026-09-30,INE613C01026,EQUITY,1,ACTIVE_AT_CUTOFF,
MCL|INE813V01022|1,MCL,2020-08-19,2026-09-30,INE813V01022,EQUITY,1,ACTIVE_AT_CUTOFF,
MCX|INE745G01035|1,MCX,2012-03-09,2026-09-30,INE745G01035|INE745G01043,EQUITY,2,ACTIVE_AT_CUTOFF,
MEDANTA|INE474Q01031|1,MEDANTA,2022-11-16,2026-09-30,INE474Q01031,EQUITY,1,ACTIVE_AT_CUTOFF,
MEDIASSIST|INE456Z01021|1,MEDIASSIST,2024-01-23,2026-09-30,INE456Z01021,EQUITY,1,ACTIVE_AT_CUTOFF,
MEDIAVIDEO|NOISIN|1,MEDIAVIDEO,2005-01-03,2007-10-01,,UNKNOWN_NO_ISIN,1,ENDED_UNEXPLAINED,
MEDIA|NOISIN|1,MEDIA|MVLIND,2007-11-30,2009-06-11,,UNKNOWN_NO_ISIN,2,ENDED_UNEXPLAINED,
MEDICAMEQ|INE646B01010|1,MEDICAMEQ,2021-10-27,2026-09-17,INE646B01010,EQUITY,1,ENDED_UNEXPLAINED,
MEDICAPQ|INE442D01010|1,MEDICAPQ,2026-08-17,2026-09-17,INE442D01010,EQUITY,1,ENDED_UNEXPLAINED,
MEDICO|INE630Y01016|1,MEDICO,2022-05-26,2026-09-30,INE630Y01016|INE630Y01024,EQUITY,2,ACTIVE_AT_CUTOFF,
MEDPLUS|INE804L01022|1,MEDPLUS,2021-12-23,2026-09-30,INE804L01022,EQUITY,1,ACTIVE_AT_CUTOFF,
MEESHO|INE0VDM01015|1,MEESHO,2025-12-10,2026-09-30,INE0VDM01015,EQUITY,1,ACTIVE_AT_CUTOFF,
MEGASOFT|INE933B01012|1,MEGASOFT|SIGMAADV,2010-12-03,2026-08-27,INE933B01012,EQUITY,3,ENDED_UNEXPLAINED,
MEGASOFT|NOISIN|1,MEGASOFT,2007-07-19,2009-09-03,,UNKNOWN_NO_ISIN,1,ENDED_UNEXPLAINED,
MEGASOFT|NOISIN|2,MEGASOFT,2009-11-20,2010-09-16,,UNKNOWN_NO_ISIN,1,ENDED_UNEXPLAINED,
MEGASTAR|INE00EM01016|1,MEGASTAR,2022-02-16,2026-09-30,INE00EM01016,EQUITY,1,ACTIVE_AT_CUTOFF,
MEGH|INE974H01013|1,MEGH,2007-06-28,2021-05-17,INE974H01013,EQUITY,2,ENDED_UNEXPLAINED,
MEIL|INE0PKD01011|1,MEIL,2025-08-28,2026-09-30,INE0PKD01011,EQUITY,1,ACTIVE_AT_CUTOFF,
MELSTAR|INE817A01019|1,MELSTAR,2011-06-23,2017-05-05,INE817A01019,EQUITY,1,ENDED_UNEXPLAINED,
MELSTAR|NOISIN|1,MELSTAR,2005-01-03,2005-11-18,,UNKNOWN_NO_ISIN,1,ENDED_UNEXPLAINED,
MELSTAR|NOISIN|10,MELSTAR,2009-11-20,2011-06-21,,UNKNOWN_NO_ISIN,1,ENDED_UNEXPLAINED,
MELSTAR|NOISIN|2,MELSTAR,2006-06-12,2006-06-29,,UNKNOWN_NO_ISIN,1,ENDED_UNEXPLAINED,
MELSTAR|NOISIN|3,MELSTAR,2006-08-28,2006-12-29,,UNKNOWN_NO_ISIN,1,ENDED_UNEXPLAINED,
MELSTAR|NOISIN|4,MELSTAR,2007-03-02,2007-06-28,,UNKNOWN_NO_ISIN,1,ENDED_UNEXPLAINED,
MELSTAR|NOISIN|5,MELSTAR,2007-08-31,2007-09-20,,UNKNOWN_NO_ISIN,1,ENDED_UNEXPLAINED,
MELSTAR|NOISIN|6,MELSTAR,2007-12-03,2008-01-10,,UNKNOWN_NO_ISIN,1,ENDED_UNEXPLAINED,
MELSTAR|NOISIN|7,MELSTAR,2008-02-29,2008-09-18,,UNKNOWN_NO_ISIN,1,ENDED_UNEXPLAINED,
MELSTAR|NOISIN|8,MELSTAR,2008-12-01,2009-03-19,,UNKNOWN_NO_ISIN,1,ENDED_UNEXPLAINED,
MELSTAR|NOISIN|9,MELSTAR,2009-06-12,2009-09-03,,UNKNOWN_NO_ISIN,1,ENDED_UNEXPLAINED,
MENNPIS|INE650G01029|1,MENNPIS,2026-04-20,2026-09-09,INE650G01029,EQUITY,1,ENDED_UNEXPLAINED,
MENONBE|INE071D01025|1,MENONBE,2015-03-09,2026-09-30,INE071D01025|INE071D01033,EQUITY,2,ACTIVE_AT_CUTOFF,
MEP|INE776I01010|1,MEP,2015-05-06,2024-03-19,INE776I01010,EQUITY,1,ENDED_UNEXPLAINED,
MERCANTILE|INE689O01013|1,MERCANTILE,2026-04-20,2026-09-30,INE689O01013,EQUITY,1,ACTIVE_AT_CUTOFF,
MERCATOR|INE934B01028|1,MERCATOR|MLL,2005-06-20,2022-05-24,INE934B01028,EQUITY,3,ENDED_UNEXPLAINED,
MERCURYEV|INE763M01028|1,MERCURYEV,2026-07-27,2026-09-30,INE763M01028,EQUITY,1,ACTIVE_AT_CUTOFF,
METALIETF|INF109KC19W1|1,METALIETF,2024-08-20,2026-09-30,INF109KC19W1,FUND_UNIT,1,ACTIVE_AT_CUTOFF,
METAL|INF769K01LY7|1,METAL,2024-10-09,2026-09-30,INF769K01LY7,FUND_UNIT,1,ACTIVE_AT_CUTOFF,
METROBRAND|INE317I01021|1,METROBRAND,2021-12-22,2026-09-30,INE317I01021,EQUITY,1,ACTIVE_AT_CUTOFF,
METROGLOBL|INE085D01033|1,METROGLOBL,2026-04-20,2026-09-30,INE085D01033,EQUITY,1,ACTIVE_AT_CUTOFF,
METROPOLIS|INE112L01020|1,METROPOLIS,2019-04-15,2026-09-30,INE112L01020,EQUITY,1,ACTIVE_AT_CUTOFF,
MFML|INE0US801024|1,MFML,2024-09-10,2026-09-30,INE0US801024,EQUITY,1,ACTIVE_AT_CUTOFF,
MGEL|INE0APB01016|1,MGEL,2020-12-23,2026-09-30,INE0APB01016|INE0APB01024|INE0APB01032,EQUITY,3,ACTIVE_AT_CUTOFF,
MGL|INE002S01010|1,MGL,2016-07-01,2026-09-30,INE002S01010,EQUITY,1,ACTIVE_AT_CUTOFF,
MGOLD|INF247L01072|1,MGOLD,2012-03-27,2015-03-25,INF247L01072,FUND_UNIT,1,ENDED_UNEXPLAINED,
MHLXMIRU|INE112D01035|1,MHLXMIRU,2022-01-27,2026-08-17,INE112D01035,EQUITY,1,ENDED_UNEXPLAINED,
MHRIL|INE998I01010|1,MHRIL,2009-07-16,2026-09-30,INE998I01010,EQUITY,2,ACTIVE_AT_CUTOFF,
MICEL|INE287C01037|1,MICEL,2022-01-03,2026-07-02,INE287C01037,EQUITY,1,ENDED_UNEXPLAINED,
MICROTECH|INE358B01012|1,MICROTECH,2006-09-27,2014-06-16,INE358B01012,EQUITY,2,DELISTED_EVIDENCED,MICROTECH 2018-07-02 Delisting - Liquidation
MICRO|NOISIN|1,MICRO,2005-01-03,2010-04-05,,UNKNOWN_NO_ISIN,1,DELISTED_EVIDENCED,MICRO 2010-04-13 Voluntary Delisting
MIC|INE287C01029|1,MIC,2007-05-30,2021-05-14,INE287C01029,EQUITY,2,ENDED_UNEXPLAINED,
MID-DAY|NOISIN|1,MID-DAY,2005-01-03,2006-06-29,,UNKNOWN_NO_ISIN,1,ENDED_UNEXPLAINED,
MID-DAY|NOISIN|2,MID-DAY,2006-08-28,2007-12-13,,UNKNOWN_NO_ISIN,1,ENDED_UNEXPLAINED,
MID-DAY|NOISIN|3,MID-DAY,2008-02-29,2009-02-19,,UNKNOWN_NO_ISIN,1,ENDED_UNEXPLAINED,
MID-DAY|NOISIN|4,MID-DAY|NEXTMEDIA,2009-08-21,2026-09-30,INE747B01016,EQUITY,3,ACTIVE_AT_CUTOFF,
MID150BEES|INF204KB1V68|1,MID150BEES|NETFMID150|RETFMID150,2019-02-04,2026-09-30,INF204KB1V68,FUND_UNIT,3,ACTIVE_AT_CUTOFF,
MID150CASE|INF0R8F01059|1,MID150CASE,2024-06-19,2026-09-30,INF0R8F01059,FUND_UNIT,1,ACTIVE_AT_CUTOFF,
MID150|INF174KA1VW2|1,MID150,2025-03-28,2026-09-30,INF174KA1VW2,FUND_UNIT,1,ACTIVE_AT_CUTOFF,
MIDBANKADD|INF740KA1ZH9|1,MIDBANKADD,2026-08-07,2026-09-30,INF740KA1ZH9,FUND_UNIT,1,ACTIVE_AT_CUTOFF,
MIDCAPADD|INF740KA1WW5|1,MIDCAPADD,2025-12-18,2026-09-30,INF740KA1WW5,FUND_UNIT,1,ACTIVE_AT_CUTOFF,
MIDCAPBETA|INF789F1AYX9|1,MIDCAPBETA|NIFMID150,2023-09-05,2026-09-30,INF789F1AYX9,FUND_UNIT,2,ACTIVE_AT_CUTOFF,
MIDCAPIETF|INF109KC11W8|1,MIDCAPIETF,2024-05-10,2026-09-30,INF109KC11W8,FUND_UNIT,1,ACTIVE_AT_CUTOFF,
MIDCAP|INF174KA1ZC5|1,MIDCAP,2026-02-27,2026-09-30,INF174KA1ZC5,FUND_UNIT,1,ACTIVE_AT_CUTOFF,
MIDHANI|INE099Z01011|1,MIDHANI,2018-04-04,2026-09-30,INE099Z01011,EQUITY,1,ACTIVE_AT_CUTOFF,
MIDQ50ADD|INF740KA1ZF3|1,MIDQ50ADD,2026-07-03,2026-09-30,INF740KA1ZF3,FUND_UNIT,1,ACTIVE_AT_CUTOFF,
MIDSELIETF|INF109KC10W0|1,MIDSELIETF,2024-05-10,2026-09-30,INF109KC10W0,FUND_UNIT,1,ACTIVE_AT_CUTOFF,
MIDSMALL|INF769K01LJ8|1,MIDSMALL,2024-05-28,2026-09-30,INF769K01LJ8,FUND_UNIT,1,ACTIVE_AT_CUTOFF,
MIDWESTLTD|INE0XAD01024|1,MIDWESTLTD,2025-10-24,2026-09-30,INE0XAD01024,EQUITY,1,ACTIVE_AT_CUTOFF,
MIIL|INE898Q01015|1,MIIL,2026-08-17,2026-09-30,INE898Q01015,EQUITY,1,ACTIVE_AT_CUTOFF,
MILKYMIST|INE00IT01020|1,MILKYMIST,2026-08-18,2026-09-24,INE00IT01020,EQUITY,1,ENDED_UNEXPLAINED,
MINALIND|INE097E01028|1,MINALIND,2026-08-17,2026-08-25,INE097E01028,EQUITY,1,ENDED_UNEXPLAINED,
MINDACORP|INE842C01013|1,MINDACORP,2012-06-13,2013-11-21,INE842C01013,EQUITY,1,ENDED_UNEXPLAINED,
MINDACORP|INE842C01021|1,MINDACORP,2015-01-06,2026-09-30,INE842C01021,EQUITY,1,ACTIVE_AT_CUTOFF,
MINDAIND|INE405E01015|1,MINDAIND|UNOMINDA,2008-02-29,2026-09-30,INE405E01015|INE405E01023,EQUITY,4,ACTIVE_AT_CUTOFF,
MINDAIND|NOISIN|1,MINDAIND,2007-02-02,2007-11-30,,UNKNOWN_NO_ISIN,1,ENDED_UNEXPLAINED,
MINDTECK|INE110B01017|1,MINDTECK,2016-08-02,2026-09-30,INE110B01017,EQUITY,1,ACTIVE_AT_CUTOFF,
MINDTREE|INE018I01017|1,MINDTREE,2007-03-07,2022-11-22,INE018I01017,EQUITY,2,ENDED_UNEXPLAINED,
MIRCELECTR|INE831A01028|1,MIRCELECTR|ONIDA,2005-01-03,2026-09-30,INE831A01028,EQUITY,3,ACTIVE_AT_CUTOFF,
MIRZAINT|INE771A01026|1,MIRZAINT,2011-03-07,2026-09-30,INE771A01026,EQUITY,2,ACTIVE_AT_CUTOFF,
MIRZAINT|NOISIN|1,MIRZAINT|MIRZATAN,2005-01-03,2007-03-01,,UNKNOWN_NO_ISIN,2,ENDED_UNEXPLAINED,
MIRZAINT|NOISIN|2,MIRZAINT,2007-06-08,2007-12-28,,UNKNOWN_NO_ISIN,1,ENDED_UNEXPLAINED,
MIRZAINT|NOISIN|3,MIRZAINT,2008-02-29,2008-12-26,,UNKNOWN_NO_ISIN,1,ENDED_UNEXPLAINED,
MIRZAINT|NOISIN|4,MIRZAINT,2009-03-02,2010-12-02,,UNKNOWN_NO_ISIN,1,ENDED_UNEXPLAINED,
MITCON|INE828O01033|1,MITCON,2022-03-17,2026-09-30,INE828O01033,EQUITY,1,ACTIVE_AT_CUTOFF,
MITTAL|INE997Y01019|1,MITTAL,2020-04-29,2026-09-30,INE997Y01019|INE997Y01027,EQUITY,2,ACTIVE_AT_CUTOFF,
MKEXIM|INE227F01010|1,MKEXIM,2026-08-17,2026-09-30,INE227F01010,EQUITY,1,ACTIVE_AT_CUTOFF,
MKPL|INE964W01013|1,MKPL,2023-06-13,2026-09-30,INE964W01013|INE964W01021,EQUITY,2,ACTIVE_AT_CUTOFF,
MLKFOOD|INE588G01021|1,MLKFOOD,2026-08-17,2026-09-30,INE588G01021,EQUITY,1,ACTIVE_AT_CUTOFF,
MMFL|INE227C01017|1,MMFL,2006-12-20,2026-09-30,INE227C01017,EQUITY,2,ACTIVE_AT_CUTOFF,
MMP|INE511Y01018|1,MMP,2020-01-09,2026-09-30,INE511Y01018,EQUITY,1,ACTIVE_AT_CUTOFF,
MMTC|INE123F01029|1,MMTC,2010-01-08,2026-09-30,INE123F01029,EQUITY,2,ACTIVE_AT_CUTOFF,
MMWL|INE200D01020|1,MMWL,2014-03-26,2026-09-30,INE200D01020,EQUITY,1,ACTIVE_AT_CUTOFF,
MOALPHA50|INF247L01FR8|1,MOALPHA50,2025-07-10,2026-09-30,INF247L01FR8,FUND_UNIT,1,ACTIVE_AT_CUTOFF,
MOBANK10|INF247L01GV8|1,MOBANK10,2026-04-10,2026-09-30,INF247L01GV8,FUND_UNIT,1,ACTIVE_AT_CUTOFF,
MOBIKWIK|INE0HLU01028|1,MOBIKWIK,2024-12-18,2026-09-30,INE0HLU01028,EQUITY,1,ACTIVE_AT_CUTOFF,
MOCAPITAL|INF247L01EV3|1,MOCAPITAL,2025-03-13,2026-09-30,INF247L01EV3,FUND_UNIT,1,ACTIVE_AT_CUTOFF,
MODEFENCE|INF247L01DJ0|1,MODEFENCE,2024-08-27,2026-09-30,INF247L01DJ0,FUND_UNIT,1,ACTIVE_AT_CUTOFF,
MODINATUR|INE537F01012|1,MODINATUR,2025-12-11,2026-09-30,INE537F01012,EQUITY,1,ACTIVE_AT_CUTOFF,
MODIRUBBER|INE832A01018|1,MODIRUBBER,2024-03-11,2026-09-30,INE832A01018,EQUITY,1,ACTIVE_AT_CUTOFF,
MODISNME|INE737D01021|1,MODISNME|MODISONLTD,2021-05-03,2026-09-10,INE737D01021,EQUITY,2,ENDED_UNEXPLAINED,
MODIS|INE0L0L01012|1,MODIS,2025-11-14,2026-09-30,INE0L0L01012,EQUITY,1,ACTIVE_AT_CUTOFF,
MODTHREAD|INE794W01014|1,MODTHREAD,2025-02-24,2026-09-30,INE794W01014,EQUITY,1,ACTIVE_AT_CUTOFF,
MOENERGY|INF247L01GH7|1,MOENERGY,2025-10-16,2026-09-30,INF247L01GH7,FUND_UNIT,1,ACTIVE_AT_CUTOFF,
MOGOLD|INF247L01FY4|1,MOGOLD,2025-07-31,2026-09-30,INF247L01FY4,FUND_UNIT,1,ACTIVE_AT_CUTOFF,
MOHEALTH|INF247L01BB1|1,MOHEALTH,2022-08-04,2026-09-30,INF247L01BB1,FUND_UNIT,1,ACTIVE_AT_CUTOFF,
MOHITE|INE154B01023|1,MOHITE,2026-08-17,2026-09-30,INE154B01023,EQUITY,1,ACTIVE_AT_CUTOFF,
MOHITIND|INE954E01012|1,MOHITIND,2013-03-14,2026-09-30,INE954E01012,EQUITY,1,ACTIVE_AT_CUTOFF,
MOHOTAIND|INE313D01013|1,MOHOTAIND|MOHOTAMILL|RAIREKMOH,2012-12-04,2021-11-18,INE313D01013,EQUITY,3,ENDED_UNEXPLAINED,
MOIL|INE490G01020|1,MOIL,2010-12-15,2026-09-30,INE490G01020,EQUITY,2,ACTIVE_AT_CUTOFF,
MOINFRA|INF247L01FL1|1,MOINFRA,2025-05-21,2026-09-30,INF247L01FL1,FUND_UNIT,1,ACTIVE_AT_CUTOFF,
MOIPO|INF247L01GI5|1,MOIPO,2025-11-20,2026-09-30,INF247L01GI5,FUND_UNIT,1,ACTIVE_AT_CUTOFF,
MOKSH|INE514Y01012|1,MOKSH,2021-05-21,2026-09-30,INE514Y01012|INE514Y01020,EQUITY,2,ACTIVE_AT_CUTOFF,
MOLBIO|INE869T01028|1,MOLBIO,2026-08-17,2026-09-30,INE869T01028,EQUITY,1,ACTIVE_AT_CUTOFF,
MOLDTECH|INE835B01035|1,MOLDTECH,2016-07-07,2026-08-10,INE835B01035,EQUITY,1,ENDED_UNEXPLAINED,
MOLDTKPAC|INE893J01011|1,MOLDTKPAC,2015-02-23,2026-09-30,INE893J01011|INE893J01029,EQUITY,2,ACTIVE_AT_CUTOFF,
MOLOWVOL|INF247L01BA3|1,MOLOWVOL,2022-03-30,2022-08-11,INF247L01BA3,FUND_UNIT,1,ENDED_UNEXPLAINED,
MOLOWVOL|INF247L01BL0|1,MOLOWVOL,2022-08-12,2026-09-30,INF247L01BL0,FUND_UNIT,1,ACTIVE_AT_CUTOFF,
MOL|INE0CT101020|1,MOL,2021-09-02,2026-09-30,INE0CT101020,EQUITY,1,ACTIVE_AT_CUTOFF,
MOMENTUM30|INF174KA1XS6|1,MOMENTUM30,2025-10-17,2026-09-30,INF174KA1XS6,FUND_UNIT,1,ACTIVE_AT_CUTOFF,
MOMENTUM50|INF247L01DK8|1,MOMENTUM50,2024-09-30,2026-09-30,INF247L01DK8,FUND_UNIT,1,ACTIVE_AT_CUTOFF,
MOMENTUM|INF209KB14K7|1,MOMENTUM,2022-08-19,2026-09-30,INF209KB14K7,FUND_UNIT,1,ACTIVE_AT_CUTOFF,
MOMETAL|INF247L01HG7|1,MOMETAL,2026-08-06,2026-09-30,INF247L01HG7,FUND_UNIT,1,ACTIVE_AT_CUTOFF,
MOMGF|INF247L01FK3|1,MOMGF,2025-05-28,2026-09-30,INF247L01FK3,FUND_UNIT,1,ACTIVE_AT_CUTOFF,
MOMIDMTM|INF247L01FQ0|1,MOMIDMTM,2025-07-03,2026-09-30,INF247L01FQ0,FUND_UNIT,1,ACTIVE_AT_CUTOFF,
MOMMIDCAP|INF769K01RC0|1,MOMMIDCAP,2026-07-22,2026-09-30,INF769K01RC0,FUND_UNIT,1,ACTIVE_AT_CUTOFF,
MOMNC|INF247L01GK1|1,MOMNC,2025-12-04,2026-09-30,INF247L01GK1,FUND_UNIT,1,ACTIVE_AT_CUTOFF,
MOMOMENTUM|INF247L01AX7|1,MOMOMENTUM,2022-02-17,2022-08-11,INF247L01AX7,FUND_UNIT,1,ENDED_UNEXPLAINED,
MOMOMENTUM|INF247L01BK2|1,MOMOMENTUM,2022-08-12,2026-09-30,INF247L01BK2,FUND_UNIT,1,ACTIVE_AT_CUTOFF,
MOMSBELIEF|INE1FCO01014|1,MOMSBELIEF,2026-09-23,2026-09-30,INE1FCO01014,EQUITY,1,ACTIVE_AT_CUTOFF,
MON100|INF247L01031|1,MON100|N100,2011-03-31,2021-06-17,INF247L01031,FUND_UNIT,3,ENDED_UNEXPLAINED,
MON100|INF247L01AP3|1,MON100,2021-06-18,2026-09-30,INF247L01AP3,FUND_UNIT,1,ACTIVE_AT_CUTOFF,
MON50EQUAL|INF247L01FC0|1,MON50EQUAL,2025-05-07,2026-09-30,INF247L01FC0,FUND_UNIT,1,ACTIVE_AT_CUTOFF,
MONARCH|INE903D01011|1,MONARCH,2022-01-06,2026-09-30,INE903D01011,EQUITY,1,ACTIVE_AT_CUTOFF,
MONEXT50|INF247L01FD8|1,MONEXT50,2025-05-14,2026-09-30,INF247L01FD8,FUND_UNIT,1,ACTIVE_AT_CUTOFF,
MONEYBOXX|INE296Q01012|1,MONEYBOXX,2025-10-15,2026-09-30,INE296Q01012,EQUITY,1,ACTIVE_AT_CUTOFF,
MONIFTY100|INF247L01GG9|1,MONIFTY100,2025-10-16,2026-09-30,INF247L01GG9,FUND_UNIT,1,ACTIVE_AT_CUTOFF,
MONIFTY500|INF247L01BU1|1,MONIFTY500,2023-10-06,2026-09-30,INF247L01BU1,FUND_UNIT,1,ACTIVE_AT_CUTOFF,
MONNETISPA|INE743C01013|1,MONNETISPA,2005-01-03,2018-07-31,INE743C01013,EQUITY,2,ENDED_UNEXPLAINED,
MONQ50|INF247L01AU3|1,MONQ50,2021-12-29,2026-09-30,INF247L01AU3,FUND_UNIT,1,ACTIVE_AT_CUTOFF,
MONSANTO|INE274B01011|1,MONSANTO,2005-01-03,2019-09-26,INE274B01011,EQUITY,2,ENDED_UNEXPLAINED,
MONTECARLO|INE950M01013|1,MONTECARLO,2014-12-19,2026-09-30,INE950M01013,EQUITY,1,ACTIVE_AT_CUTOFF,
MOOILGAS|INF247L01HH5|1,MOOILGAS,2026-08-06,2026-09-30,INF247L01HH5,FUND_UNIT,1,ACTIVE_AT_CUTOFF,
MOPSE|INF247L01FO5|1,MOPSE,2025-06-05,2026-09-30,INF247L01FO5,FUND_UNIT,1,ACTIVE_AT_CUTOFF,
MOQUALITY|INF247L01BH8|1,MOQUALITY,2022-08-26,2026-09-30,INF247L01BH8,FUND_UNIT,1,ACTIVE_AT_CUTOFF,
MORAREALTY|NOISIN|1,MORAREALTY,2005-01-03,2005-03-03,,UNKNOWN_NO_ISIN,1,ENDED_UNEXPLAINED,
MORAREALTY|NOISIN|2,MORAREALTY|PENINLAND,2005-11-25,2026-09-30,INE138A01028,EQUITY,3,ACTIVE_AT_CUTOFF,
MORARJEE|INE161G01027|1,MORARJEE,2012-10-03,2024-01-30,INE161G01027,EQUITY,1,ENDED_UNEXPLAINED,
MORARJETEX|INE161G01019|1,MORARJETEX,2010-06-11,2012-07-19,INE161G01019,EQUITY,2,ENDED_UNEXPLAINED,
MORARJETEX|NOISIN|1,MORARJETEX,2007-12-03,2008-01-10,,UNKNOWN_NO_ISIN,1,ENDED_UNEXPLAINED,
MORARJETEX|NOISIN|2,MORARJETEX,2008-02-29,2009-01-09,,UNKNOWN_NO_ISIN,1,ENDED_UNEXPLAINED,
MORARJETEX|NOISIN|3,MORARJETEX,2009-03-02,2009-06-11,,UNKNOWN_NO_ISIN,1,ENDED_UNEXPLAINED,
MORARJETEX|NOISIN|4,MORARJETEX,2009-11-20,2010-03-18,,UNKNOWN_NO_ISIN,1,ENDED_UNEXPLAINED,
MOREALTY|INF247L01CI4|1,MOREALTY,2024-03-21,2026-09-30,INF247L01CI4,FUND_UNIT,1,ACTIVE_AT_CUTOFF,
MOREPENHTL|NOISIN|1,MOREPENHTL,2005-01-03,2005-07-29,,UNKNOWN_NO_ISIN,1,ENDED_UNEXPLAINED,
MOREPENHTL|NOISIN|2,MOREPENHTL,2006-09-25,2006-11-23,,UNKNOWN_NO_ISIN,1,ENDED_UNEXPLAINED,
MOREPENLAB|INE083A01026|1,MOREPENLAB,2009-08-21,2026-09-30,INE083A01026,EQUITY,2,ACTIVE_AT_CUTOFF,
MOREPENLAB|NOISIN|1,MOREPENLAB,2005-01-03,2005-04-07,,UNKNOWN_NO_ISIN,1,ENDED_UNEXPLAINED,
MOREPENLAB|NOISIN|2,MOREPENLAB,2005-07-08,2005-08-25,,UNKNOWN_NO_ISIN,1,ENDED_UNEXPLAINED,
MOREPENLAB|NOISIN|3,MOREPENLAB,2006-06-12,2006-06-29,,UNKNOWN_NO_ISIN,1,ENDED_UNEXPLAINED,
MOREPENLAB|NOISIN|4,MOREPENLAB,2006-08-28,2006-11-02,,UNKNOWN_NO_ISIN,1,ENDED_UNEXPLAINED,
MOREPENLAB|NOISIN|5,MOREPENLAB,2007-06-08,2007-12-13,,UNKNOWN_NO_ISIN,1,ENDED_UNEXPLAINED,
MOREPENLAB|NOISIN|6,MOREPENLAB,2008-02-29,2009-01-09,,UNKNOWN_NO_ISIN,1,ENDED_UNEXPLAINED,
MOREPENLAB|NOISIN|7,MOREPENLAB,2009-03-02,2009-06-11,,UNKNOWN_NO_ISIN,1,ENDED_UNEXPLAINED,
MORGANSTAN|NOISIN|1,MORGANSTAN,2005-01-03,2008-12-04,,UNKNOWN_NO_ISIN,1,ENDED_UNEXPLAINED,
MOSCHIP|INE935B01025|1,MOSCHIP,2025-02-05,2026-09-30,INE935B01025,EQUITY,1,ACTIVE_AT_CUTOFF,
MOSERBAER|INE739A01015|1,MOSERBAER,2005-01-03,2018-06-06,INE739A01015,EQUITY,2,DELISTED_EVIDENCED,MOSERBAER 2019-10-17 Delisting - Liquidation
MOSERVICE|INF247L01GJ3|1,MOSERVICE,2025-11-27,2026-09-30,INF247L01GJ3,FUND_UNIT,1,ACTIVE_AT_CUTOFF,
MOSILVER|INF247L01FZ1|1,MOSILVER,2025-08-14,2026-09-30,INF247L01FZ1,FUND_UNIT,1,ACTIVE_AT_CUTOFF,
MOSMALL250|INF247L01CH6|1,MOSMALL250,2024-03-21,2026-09-30,INF247L01CH6,FUND_UNIT,1,ACTIVE_AT_CUTOFF,
MOTHERSON|INE775A01035|1,MOTHERSON|MOTHERSUMI,2005-01-03,2026-09-30,INE775A01035,EQUITY,3,ACTIVE_AT_CUTOFF,
MOTILALOFS|INE338I01027|1,MOTILALOFS,2007-09-11,2026-09-30,INE338I01027,EQUITY,2,ACTIVE_AT_CUTOFF,
MOTISONS|INE0FRK01012|1,MOTISONS,2024-01-09,2024-10-07,INE0FRK01012,EQUITY,1,ENDED_UNEXPLAINED,
MOTISONS|INE0FRK01020|1,MOTISONS,2024-12-31,2026-09-30,INE0FRK01020,EQUITY,1,ACTIVE_AT_CUTOFF,
MOTOGENFIN|INE861B01015|1,MOTOGENFIN,2009-08-21,2020-06-17,INE861B01015,EQUITY,2,ENDED_UNEXPLAINED,
MOTOGENFIN|INE861B01023|1,MOTOGENFIN,2020-08-18,2026-09-30,INE861B01023,EQUITY,1,ACTIVE_AT_CUTOFF,
MOTOGENFIN|NOISIN|1,MOTOGENFIN,2005-02-03,2005-07-29,,UNKNOWN_NO_ISIN,1,ENDED_UNEXPLAINED,
MOTOGENFIN|NOISIN|2,MOTOGENFIN,2006-06-12,2007-03-01,,UNKNOWN_NO_ISIN,1,ENDED_UNEXPLAINED,
MOTOGENFIN|NOISIN|3,MOTOGENFIN,2007-06-08,2009-06-11,,UNKNOWN_NO_ISIN,1,ENDED_UNEXPLAINED,
MOTOUR|INF247L01FP2|1,MOTOUR,2025-06-12,2026-09-30,INF247L01FP2,FUND_UNIT,1,ACTIVE_AT_CUTOFF,
MOVALUE|INF247L01BE5|1,MOVALUE,2022-08-26,2026-09-30,INF247L01BE5,FUND_UNIT,1,ACTIVE_AT_CUTOFF,
MPDL|INE493H01014|1,MPDL,2026-08-18,2026-08-26,INE493H01014,EQUITY,1,ENDED_UNEXPLAINED,
MPHASISBFL|NOISIN|1,MPHASIS|MPHASISBFL,2005-01-03,2026-09-30,INE356A01018,EQUITY,3,ACTIVE_AT_CUTOFF,
MPIMANIPAL|INE241U01028|1,MPIMANIPAL,2026-09-17,2026-09-30,INE241U01028,EQUITY,1,ACTIVE_AT_CUTOFF,
MRF|INE883A01011|1,MRF,2005-01-03,2026-09-30,INE883A01011,EQUITY,2,ACTIVE_AT_CUTOFF,
MRO-TEK|INE398B01018|1,MRO-TEK|UMIYA-MRO,2011-06-17,2026-09-30,INE398B01018,EQUITY,3,ACTIVE_AT_CUTOFF,
MRO-TEK|NOISIN|1,MRO-TEK,2005-01-03,2005-03-24,,UNKNOWN_NO_ISIN,1,ENDED_UNEXPLAINED,
MRO-TEK|NOISIN|2,MRO-TEK,2005-07-08,2009-09-17,,UNKNOWN_NO_ISIN,1,ENDED_UNEXPLAINED,
MRO-TEK|NOISIN|3,MRO-TEK,2009-11-20,2011-04-18,,UNKNOWN_NO_ISIN,1,ENDED_UNEXPLAINED,
MRPL|INE103A01014|1,MRPL,2005-01-03,2026-09-30,INE103A01014,EQUITY,2,ACTIVE_AT_CUTOFF,
MSCI360|INF579M01BP5|1,MSCI360,2026-05-29,2026-09-30,INF579M01BP5,FUND_UNIT,1,ACTIVE_AT_CUTOFF,
MSCIADD|INF740KA1WV7|1,MSCIADD,2025-12-01,2026-09-30,INF740KA1WV7,FUND_UNIT,1,ACTIVE_AT_CUTOFF,
MSCIINDIA|INF174KA1VD2|1,MSCIINDIA,2025-02-27,2026-09-30,INF174KA1VD2,FUND_UNIT,1,ACTIVE_AT_CUTOFF,
MSKPROJ|NOISIN|1,MSKPROJ,2005-01-03,2007-08-30,,UNKNOWN_NO_ISIN,1,ENDED_UNEXPLAINED,
MSKPROJ|NOISIN|2,MSKPROJ,2007-12-03,2008-01-10,,UNKNOWN_NO_ISIN,1,ENDED_UNEXPLAINED,
MSKPROJ|NOISIN|3,MSKPROJ|WELENT|WELPROJ,2008-02-29,2026-09-30,INE625G01013,EQUITY,4,ACTIVE_AT_CUTOFF,
MSL|INE829S01016|1,MSL,2026-08-17,2026-09-30,INE829S01016,EQUITY,1,ACTIVE_AT_CUTOFF,
MSPL|INE752G01015|1,MSPL,2007-06-08,2026-09-30,INE752G01015,EQUITY,2,ACTIVE_AT_CUTOFF,
MSPL|NOISIN|1,MSPL,2005-07-18,2007-03-01,,UNKNOWN_NO_ISIN,1,ENDED_UNEXPLAINED,
MSTCLTD|INE255X01014|1,MSTCLTD,2019-04-12,2026-09-30,INE255X01014,EQUITY,1,ACTIVE_AT_CUTOFF,
MSUMI|INE0FS801015|1,MSUMI,2022-04-11,2026-09-30,INE0FS801015,EQUITY,1,ACTIVE_AT_CUTOFF,
MTARTECH|INE864I01014|1,MTARTECH,2021-03-15,2026-06-24,INE864I01014,EQUITY,1,ENDED_UNEXPLAINED,
MTEDUCARE|INE472M01018|1,MTEDUCARE,2012-04-26,2022-12-23,INE472M01018,EQUITY,1,ENDED_UNEXPLAINED,
MTNL|INE153A01019|1,MTNL,2005-01-03,2026-09-30,INE153A01019,EQUITY,2,ACTIVE_AT_CUTOFF,
MUFIN|INE08KJ01020|1,MUFIN,2023-11-07,2026-09-30,INE08KJ01020,EQUITY,1,ACTIVE_AT_CUTOFF,
MUFTI|INE220Q01020|1,MUFTI,2023-12-27,2026-09-30,INE220Q01020,EQUITY,1,ACTIVE_AT_CUTOFF,
MUKANDENGG|INE022B01014|1,MUKANDENGG,2008-02-29,2021-04-06,INE022B01014,EQUITY,2,ENDED_UNEXPLAINED,
MUKANDENGG|NOISIN|1,MUKANDENGG,2005-01-03,2005-07-29,,UNKNOWN_NO_ISIN,1,ENDED_UNEXPLAINED,
MUKANDENGG|NOISIN|2,MUKANDENGG,2006-06-12,2008-01-10,,UNKNOWN_NO_ISIN,1,ENDED_UNEXPLAINED,
MUKANDLTD|INE304A01026|1,MUKANDLTD,2009-06-12,2026-09-30,INE304A01026,EQUITY,2,ACTIVE_AT_CUTOFF,
MUKANDLTD|NOISIN|1,MUKANDLTD,2005-01-03,2009-04-17,,UNKNOWN_NO_ISIN,1,ENDED_UNEXPLAINED,
MUKESHB|INE596B01017|1,MUKESHB,2026-08-17,2026-09-30,INE596B01017,EQUITY,1,ACTIVE_AT_CUTOFF,
MUKKA|INE0CG401037|1,MUKKA,2024-03-22,2026-09-16,INE0CG401037,EQUITY,1,ENDED_UNEXPLAINED,
MUKTAARTS|INE374B01019|1,MUKTAARTS,2010-06-11,2026-09-30,INE374B01019,EQUITY,2,ACTIVE_AT_CUTOFF,
MUKTAARTS|NOISIN|1,MUKTAARTS,2005-01-03,2005-07-14,,UNKNOWN_NO_ISIN,1,ENDED_UNEXPLAINED,
MUKTAARTS|NOISIN|2,MUKTAARTS,2006-06-12,2006-06-29,,UNKNOWN_NO_ISIN,1,ENDED_UNEXPLAINED,
MUKTAARTS|NOISIN|3,MUKTAARTS,2006-08-28,2007-03-08,,UNKNOWN_NO_ISIN,1,ENDED_UNEXPLAINED,
MUKTAARTS|NOISIN|4,MUKTAARTS,2007-06-08,2009-06-11,,UNKNOWN_NO_ISIN,1,ENDED_UNEXPLAINED,
MUKTAARTS|NOISIN|5,MUKTAARTS,2009-08-21,2010-03-18,,UNKNOWN_NO_ISIN,1,ENDED_UNEXPLAINED,
MULTICAP|INF769K01LX9|1,MULTICAP,2024-09-05,2026-09-30,INF769K01LX9,FUND_UNIT,1,ACTIVE_AT_CUTOFF,
MUNJALAUTO|NOISIN|1,MUNJALAUTO,2005-01-03,2006-05-16,,UNKNOWN_NO_ISIN,1,ENDED_UNEXPLAINED,
MUNJALAU|INE672B01024|1,MUNJALAU,2006-07-19,2026-09-30,INE672B01024|INE672B01032,EQUITY,3,ACTIVE_AT_CUTOFF,
MUNJALSHOW|INE577A01027|1,MUNJALSHOW,2005-01-03,2026-09-30,INE577A01027,EQUITY,2,ACTIVE_AT_CUTOFF,
MURLIIND|INE806B01028|1,MURLIIND,2011-06-17,2013-09-26,INE806B01028,EQUITY,2,DELISTED_EVIDENCED,MURLIIND 2018-08-08 Compulsory Delisting
MURLIIND|NOISIN|1,MURLIIND,2007-02-19,2011-03-17,,UNKNOWN_NO_ISIN,1,ENDED_UNEXPLAINED,
MURUDCERA|INE692B01014|1,MURUDCERA,2005-01-03,2026-09-30,INE692B01014,EQUITY,2,ACTIVE_AT_CUTOFF,
MUTHOOTCAP|INE296G01013|1,MUTHOOTCAP,2015-08-24,2026-09-30,INE296G01013,EQUITY,1,ACTIVE_AT_CUTOFF,
MUTHOOTFIN|INE414G01012|1,MUTHOOTFIN,2011-05-06,2026-09-30,INE414G01012,EQUITY,2,ACTIVE_AT_CUTOFF,
MUTHOOTMF|INE046W01019|1,MUTHOOTMF,2023-12-26,2026-09-30,INE046W01019,EQUITY,1,ACTIVE_AT_CUTOFF,
MVELECTRO|INE0OWZ01020|1,MVELECTRO,2026-08-06,2026-09-30,INE0OWZ01020,EQUITY,1,ACTIVE_AT_CUTOFF,
MVGJL|INE0KNT01012|1,MVGJL,2023-10-03,2026-09-30,INE0KNT01012,EQUITY,1,ACTIVE_AT_CUTOFF,
MVLIND|INE141B01020|1,MVLIND|NOESISIND,2010-06-11,2017-03-23,INE141B01020,EQUITY,3,ENDED_UNEXPLAINED,
MVLIND|NOISIN|2,MVLIND,2009-08-21,2010-02-18,,UNKNOWN_NO_ISIN,1,ENDED_UNEXPLAINED,
MVL|INE744I01034|1,MVL,2010-02-19,2019-08-16,INE744I01034,EQUITY,2,ENDED_UNEXPLAINED,
MVL|NOISIN|1,MVL,2008-06-30,2009-02-27,,UNKNOWN_NO_ISIN,1,ENDED_UNEXPLAINED,
MVL|NOISIN|2,MVL,2009-06-12,2009-11-19,,UNKNOWN_NO_ISIN,1,ENDED_UNEXPLAINED,
MWL|INE0JYY01011|1,MWL,2025-09-18,2026-09-30,INE0JYY01011|INE0JYY01029,EQUITY,2,ACTIVE_AT_CUTOFF,
MYSOREBANK|INE651A01020|1,MYSOREBANK,2009-07-28,2017-03-15,INE651A01020,EQUITY,2,ENDED_UNEXPLAINED,
MYSORECEM|NOISIN|1,MYSORECEM,2005-01-03,2006-06-29,,UNKNOWN_NO_ISIN,1,ENDED_UNEXPLAINED,
MYSORPETRO|INE741A01011|1,MYSORPETRO,2026-08-18,2026-08-24,INE741A01011,EQUITY,1,ENDED_UNEXPLAINED,
NACLIND|INE295D01020|1,NACLIND|NAGAAGRI,2017-04-07,2026-09-30,INE295D01020,EQUITY,2,ACTIVE_AT_CUTOFF,
NAGAFERT|INE454M01024|1,NAGAFERT,2017-02-22,2026-04-09,INE454M01024,EQUITY,1,ENDED_UNEXPLAINED,
NAGARCONST|NOISIN|1,NAGARCONST|NCC,2005-01-03,2026-09-30,INE868B01028,EQUITY,3,ACTIVE_AT_CUTOFF,
NAGARFERT|INE580A01013|1,NAGARFERT,2005-01-03,2011-08-26,INE580A01013,EQUITY,2,ENDED_UNEXPLAINED,
NAGAROIL|INE453M01018|1,NAGAROIL,2012-03-28,2019-08-22,INE453M01018,EQUITY,1,ENDED_UNEXPLAINED,
NAGPURENG|NOISIN|1,NAGPURENG,2005-07-08,2005-07-29,,UNKNOWN_NO_ISIN,1,ENDED_UNEXPLAINED,
NAGPURENG|NOISIN|2,NAGPURENG,2006-06-12,2006-06-29,,UNKNOWN_NO_ISIN,1,ENDED_UNEXPLAINED,
NAGPURENG|NOISIN|3,NAGPURENG,2006-08-28,2007-01-11,,UNKNOWN_NO_ISIN,1,ENDED_UNEXPLAINED,
NAGPURENG|NOISIN|4,NAGPURENG,2007-03-02,2007-05-31,,UNKNOWN_NO_ISIN,1,ENDED_UNEXPLAINED,
NAGREEKA|NOISIN|1,NAGREEKA,2005-12-22,2007-03-21,,UNKNOWN_NO_ISIN,1,ENDED_UNEXPLAINED,
NAGREEKCAP|INE245I01016|1,NAGREEKCAP,2009-08-21,2026-09-30,INE245I01016,EQUITY,2,ACTIVE_AT_CUTOFF,
NAGREEKCAP|NOISIN|1,NAGREEKCAP,2007-09-18,2007-12-13,,UNKNOWN_NO_ISIN,1,ENDED_UNEXPLAINED,
NAGREEKCAP|NOISIN|2,NAGREEKCAP,2008-02-29,2008-05-29,,UNKNOWN_NO_ISIN,1,ENDED_UNEXPLAINED,
NAGREEKCAP|NOISIN|3,NAGREEKCAP,2008-08-22,2009-06-11,,UNKNOWN_NO_ISIN,1,ENDED_UNEXPLAINED,
NAGREEKEXP|INE123B01028|1,NAGREEKEXP,2010-02-19,2026-09-30,INE123B01028,EQUITY,2,ACTIVE_AT_CUTOFF,
NAGREEKEXP|NOISIN|1,NAGREEKEXP,2007-06-18,2009-06-11,,UNKNOWN_NO_ISIN,1,ENDED_UNEXPLAINED,
NAGREEKEXP|NOISIN|2,NAGREEKEXP,2009-08-21,2009-12-24,,UNKNOWN_NO_ISIN,1,ENDED_UNEXPLAINED,
NAHARCAP|INE049I01012|1,NAHARCAP,2008-03-11,2026-09-30,INE049I01012,EQUITY,2,ACTIVE_AT_CUTOFF,
NAHAREXPOT|NOISIN|1,NAHAREXPOT|NAHARINVST,2007-03-23,2010-09-30,,UNKNOWN_NO_ISIN,2,ENDED_UNEXPLAINED,
NAHAREXP|NOISIN|1,NAHAREXP,2005-01-03,2007-01-23,,UNKNOWN_NO_ISIN,1,ENDED_UNEXPLAINED,
NAHARINDUS|INE289A01011|1,NAHARINDUS,2009-06-12,2026-09-30,INE289A01011,EQUITY,2,ACTIVE_AT_CUTOFF,
NAHARINDUS|NOISIN|1,NAHARINDUS,2005-12-15,2009-04-17,,UNKNOWN_NO_ISIN,1,ENDED_UNEXPLAINED,
NAHARINTL|NOISIN|1,NAHARINTL,2005-01-03,2005-04-15,,UNKNOWN_NO_ISIN,1,ENDED_UNEXPLAINED,
NAHARINVST|NOISIN|2,NAHARINVST|NAHARPOLY,2010-12-03,2026-09-30,INE308A01027,EQUITY,3,ACTIVE_AT_CUTOFF,
NAHARSPG|NOISIN|1,NAHARSPG,2005-01-03,2007-01-23,,UNKNOWN_NO_ISIN,1,ENDED_UNEXPLAINED,
NAHARSPING|INE290A01027|1,NAHARSPING,2010-02-19,2026-09-30,INE290A01027,EQUITY,2,ACTIVE_AT_CUTOFF,
NAHARSPING|NOISIN|1,NAHARSPING,2007-03-23,2009-05-28,,UNKNOWN_NO_ISIN,1,ENDED_UNEXPLAINED,
NAHARSPING|NOISIN|2,NAHARSPING,2009-08-21,2009-12-10,,UNKNOWN_NO_ISIN,1,ENDED_UNEXPLAINED,
NAKODA|INE559B01023|1,NAKODA,2013-03-14,2018-02-21,INE559B01023,EQUITY,1,ENDED_UNEXPLAINED,
NAM-INDIA|INE298J01013|1,NAM-INDIA|RNAM,2017-11-06,2026-09-30,INE298J01013,EQUITY,2,ACTIVE_AT_CUTOFF,
NANDANEXIM|INE875G01030|1,NANDANEXIM|NDL,2012-03-23,2024-09-10,INE875G01030,EQUITY,2,ENDED_UNEXPLAINED,
NANDAN|INE875G01022|1,NANDAN,2009-08-21,2012-03-06,INE875G01022,EQUITY,2,ENDED_UNEXPLAINED,
NANDAN|NOISIN|1,NANDAN,2005-12-29,2008-01-10,,UNKNOWN_NO_ISIN,1,ENDED_UNEXPLAINED,
NANDAN|NOISIN|2,NANDAN,2008-02-29,2009-05-28,,UNKNOWN_NO_ISIN,1,ENDED_UNEXPLAINED,
NARMADA|INE117Z01011|1,NARMADA,2022-10-27,2026-09-30,INE117Z01011|INE117Z01029,EQUITY,2,ACTIVE_AT_CUTOFF,
NARMDCHEMA|NOISIN|1,NARMDCHEMA,2005-01-03,2005-04-07,,UNKNOWN_NO_ISIN,1,ENDED_UNEXPLAINED,
NARMDCHEMA|NOISIN|2,NARMDCHEMA,2005-07-08,2007-03-14,,UNKNOWN_NO_ISIN,1,ENDED_UNEXPLAINED,
NATCAPSUQ|INE936B01015|1,NATCAPSUQ,2025-02-14,2026-09-02,INE936B01015,EQUITY,1,ENDED_UNEXPLAINED,
NATCOPHARM|INE987B01018|1,NATCOPHARM,2006-08-28,2026-09-30,INE987B01018|INE987B01026,EQUITY,3,ACTIVE_AT_CUTOFF,
NATCOPHARM|NOISIN|1,NATCOPHARM,2005-01-03,2006-06-29,,UNKNOWN_NO_ISIN,1,ENDED_UNEXPLAINED,
NATHBIOGEN|INE448G01010|1,NATHBIOGEN,2015-02-23,2026-09-30,INE448G01010,EQUITY,1,ACTIVE_AT_CUTOFF,
NATHSEED|INE778A01021|1,NATHSEED|TECHIN,2011-09-22,2023-08-10,INE778A01021,EQUITY,2,ENDED_UNEXPLAINED,
NATIONALUM|INE139A01034|1,NATIONALUM,2005-01-03,2026-09-30,INE139A01034,EQUITY,2,ACTIVE_AT_CUTOFF,
NATIONSTD|INE166R01015|1,NATIONSTD,2026-04-20,2026-09-30,INE166R01015,EQUITY,1,ACTIVE_AT_CUTOFF,
NATNLSTEEL|INE088B01015|1,NATNLSTEEL,2009-11-20,2022-01-10,INE088B01015,EQUITY,2,ENDED_UNEXPLAINED,
NATNLSTEEL|NOISIN|1,NATNLSTEEL,2005-01-03,2009-05-04,,UNKNOWN_NO_ISIN,1,ENDED_UNEXPLAINED,
NATNLSTEEL|NOISIN|2,NATNLSTEEL,2009-08-21,2009-09-17,,UNKNOWN_NO_ISIN,1,ENDED_UNEXPLAINED,
NAUKRI|INE663F01024|1,NAUKRI,2006-11-21,2026-09-30,INE663F01024|INE663F01032,EQUITY,3,ACTIVE_AT_CUTOFF,
NAVA|INE725A01022|1,NAVA|NAVBARFERO|NBVENTURES,2005-01-03,2026-09-30,INE725A01022|INE725A01030,EQUITY,5,ACTIVE_AT_CUTOFF,
NAVINFLUOR|INE048G01018|1,NAVINFLUOR,2007-06-01,2026-09-30,INE048G01018|INE048G01026,EQUITY,3,ACTIVE_AT_CUTOFF,
NAVINIFTY|INF959L01HI3|1,NAVINIFTY,2023-09-25,2024-11-28,INF959L01HI3,FUND_UNIT,1,ENDED_UNEXPLAINED,
NAVKARCORP|INE278M01019|1,NAVKARCORP,2015-09-09,2026-09-30,INE278M01019,EQUITY,1,ACTIVE_AT_CUTOFF,
NAVKARURB|INE268H01036|1,NAVKARURB,2025-01-17,2026-09-30,INE268H01036|INE268H01044,EQUITY,2,ACTIVE_AT_CUTOFF,
NAVNETEDUL|INE060A01024|1,NAVNETEDUL|NAVNETPUBL,2005-01-03,2026-09-30,INE060A01024,EQUITY,3,ACTIVE_AT_CUTOFF,
NAZARA|INE418L01021|1,NAZARA,2021-03-30,2026-09-30,INE418L01021|INE418L01047,EQUITY,2,ACTIVE_AT_CUTOFF,
NBCC|INE095N01015|1,NBCC,2012-04-26,2026-09-30,INE095N01015|INE095N01023|INE095N01031,EQUITY,3,ACTIVE_AT_CUTOFF,
NBIFIN|INE365I01012|1,NBIFIN,2017-05-30,2026-09-30,INE365I01012|INE365I01020,EQUITY,2,ACTIVE_AT_CUTOFF,
NCLIND|INE732C01016|1,NCLIND,2007-04-03,2026-09-30,INE732C01016,EQUITY,2,ACTIVE_AT_CUTOFF,
NCOPPER|INE846H01039|1,NCOPPER,2011-10-17,2015-10-19,INE846H01039,EQUITY,1,DELISTED_EVIDENCED,NCOPPER 2018-05-30 Compulsory Delisting
NCPSESDL24|INF204KB18W4|1,NCPSESDL24|SDL24BEES,2020-11-18,2024-09-25,INF204KB18W4,FUND_UNIT,2,ENDED_UNEXPLAINED,
NDGL|INE756C01015|1,NDGL,2016-09-15,2026-09-30,INE756C01015,EQUITY,1,ACTIVE_AT_CUTOFF,
NDL|INE875G01048|1,NDL,2024-12-31,2026-09-30,INE875G01048,EQUITY,1,ACTIVE_AT_CUTOFF,
NDRAUTO|INE07OG01012|1,NDRAUTO,2020-08-13,2026-09-30,INE07OG01012,EQUITY,1,ACTIVE_AT_CUTOFF,
NDTV|INE155G01029|1,NDTV,2005-01-03,2026-09-30,INE155G01029,EQUITY,2,ACTIVE_AT_CUTOFF,
NEAGI|INE605D01012|1,NEAGI,2026-04-22,2026-09-29,INE605D01012,EQUITY,1,ENDED_UNEXPLAINED,
NECCLTD|INE553C01016|1,NECCLTD,2016-03-02,2026-07-02,INE553C01016,EQUITY,1,ENDED_UNEXPLAINED,
NECLIFE|INE023H01027|1,NECLIFE,2009-08-21,2026-09-30,INE023H01027,EQUITY,2,ACTIVE_AT_CUTOFF,
NECLIFE|NOISIN|1,NECLIFE,2005-07-18,2009-06-11,,UNKNOWN_NO_ISIN,1,ENDED_UNEXPLAINED,
NEHAINT|INE874D01022|1,NEHAINT,2011-06-17,2015-01-29,INE874D01022,EQUITY,2,ENDED_UNEXPLAINED,
NEHAINT|NOISIN|1,NEHAINT,2010-08-09,2010-11-25,,UNKNOWN_NO_ISIN,1,ENDED_UNEXPLAINED,
NELCAST|INE189I01016|1,NELCAST,2009-11-20,2026-09-30,INE189I01016|INE189I01024,EQUITY,3,ACTIVE_AT_CUTOFF,
NELCAST|NOISIN|1,NELCAST,2007-06-27,2009-08-06,,UNKNOWN_NO_ISIN,1,ENDED_UNEXPLAINED,
NELCO|INE045B01015|1,NELCO,2009-06-12,2026-09-30,INE045B01015,EQUITY,2,ACTIVE_AT_CUTOFF,
NELCO|NOISIN|1,NELCO,2005-01-03,2005-05-19,,UNKNOWN_NO_ISIN,1,ENDED_UNEXPLAINED,
NELCO|NOISIN|2,NELCO,2005-07-08,2005-07-21,,UNKNOWN_NO_ISIN,1,ENDED_UNEXPLAINED,
NELCO|NOISIN|3,NELCO,2006-06-12,2008-01-10,,UNKNOWN_NO_ISIN,1,ENDED_UNEXPLAINED,
NELCO|NOISIN|4,NELCO,2008-02-29,2008-05-29,,UNKNOWN_NO_ISIN,1,ENDED_UNEXPLAINED,
NELCO|NOISIN|5,NELCO,2008-08-22,2008-12-12,,UNKNOWN_NO_ISIN,1,ENDED_UNEXPLAINED,
NELCO|NOISIN|6,NELCO,2009-03-02,2009-04-02,,UNKNOWN_NO_ISIN,1,ENDED_UNEXPLAINED,
NEOCORP|INE851C01014|1,NEOCORP,2012-03-02,2014-06-12,INE851C01014,EQUITY,1,ENDED_UNEXPLAINED,
NEOCURE|NOISIN|1,NEOCURE,2009-01-22,2009-06-11,,UNKNOWN_NO_ISIN,1,ENDED_UNEXPLAINED,
NEOCURE|NOISIN|2,NEOCURE,2009-11-20,2010-12-09,,UNKNOWN_NO_ISIN,1,ENDED_UNEXPLAINED,
NEOCURTHER|NOISIN|1,NEOCURTHER,2005-04-08,2005-04-15,,UNKNOWN_NO_ISIN,1,ENDED_UNEXPLAINED,
NEOCURTHER|NOISIN|2,NEOCURTHER,2006-06-12,2006-10-19,,UNKNOWN_NO_ISIN,1,ENDED_UNEXPLAINED,
NEOCURTHER|NOISIN|3,NEOCURTHER,2006-11-24,2006-12-14,,UNKNOWN_NO_ISIN,1,ENDED_UNEXPLAINED,
NEOCURTHER|NOISIN|4,NEOCURTHER,2007-12-03,2007-12-28,,UNKNOWN_NO_ISIN,1,ENDED_UNEXPLAINED,
NEOCURTHER|NOISIN|5,NEOCURTHER,2008-02-29,2008-04-21,,UNKNOWN_NO_ISIN,1,ENDED_UNEXPLAINED,
NEOCURTHER|NOISIN|6,NEOCURTHER,2008-06-13,2008-11-10,,UNKNOWN_NO_ISIN,1,ENDED_UNEXPLAINED,
NEOGEN|INE136S01016|1,NEOGEN,2019-05-22,2026-09-30,INE136S01016,EQUITY,1,ACTIVE_AT_CUTOFF,
NEPCMICON|INE588A01016|1,NEPCMICON,2011-06-17,2014-06-12,INE588A01016,EQUITY,2,DELISTED_EVIDENCED,NEPCMICON 2018-08-08 Compulsory Delisting
NEPCMICON|NOISIN|1,NEPCMICON,2006-11-24,2006-12-14,,UNKNOWN_NO_ISIN,1,ENDED_UNEXPLAINED,
NEPCMICON|NOISIN|2,NEPCMICON,2007-03-02,2007-07-12,,UNKNOWN_NO_ISIN,1,ENDED_UNEXPLAINED,
NEPCMICON|NOISIN|3,NEPCMICON,2007-08-31,2007-12-13,,UNKNOWN_NO_ISIN,1,ENDED_UNEXPLAINED,
NEPCMICON|NOISIN|4,NEPCMICON,2008-02-29,2008-05-29,,UNKNOWN_NO_ISIN,1,ENDED_UNEXPLAINED,
NEPCMICON|NOISIN|5,NEPCMICON,2008-08-22,2009-05-28,,UNKNOWN_NO_ISIN,1,ENDED_UNEXPLAINED,
NEPCMICON|NOISIN|6,NEPCMICON,2009-08-21,2009-12-24,,UNKNOWN_NO_ISIN,1,ENDED_UNEXPLAINED,
NEPCMICON|NOISIN|7,NEPCMICON,2010-02-19,2011-04-18,,UNKNOWN_NO_ISIN,1,ENDED_UNEXPLAINED,
NEPHROPLUS|INE428V01029|1,NEPHROPLUS,2025-12-17,2026-09-30,INE428V01029,EQUITY,1,ACTIVE_AT_CUTOFF,
NESCO|INE317F01027|1,NESCO,2008-04-08,2026-09-30,INE317F01027|INE317F01035,EQUITY,3,ACTIVE_AT_CUTOFF,
NESTLEIND|INE239A01016|1,NESTLEIND,2010-01-08,2026-09-30,INE239A01016|INE239A01024,EQUITY,3,ACTIVE_AT_CUTOFF,
NET4INDIA|NOISIN|1,NET4|NET4INDIA,2010-12-10,2017-03-23,INE553E01012,EQUITY,3,DELISTED_EVIDENCED,NET4 2018-09-11 Compulsory Delisting
NETFINCO|NOISIN|1,NETFINCO,2007-06-19,2007-12-28,,UNKNOWN_NO_ISIN,1,ENDED_UNEXPLAINED,
NETFINCO|NOISIN|2,NETFINCO,2008-02-29,2008-11-20,,UNKNOWN_NO_ISIN,1,ENDED_UNEXPLAINED,
NETFNIF100|INF204K014N5|1,NETFNIF100|NIF100BEES|RELCNX100,2013-03-28,2026-09-30,INF204K014N5,FUND_UNIT,3,ACTIVE_AT_CUTOFF,
NETFNV20|INF204KA17D8|1,NETFNV20|RELNV20,2015-06-24,2019-12-19,INF204KA17D8,FUND_UNIT,2,ENDED_UNEXPLAINED,
NETFNV20|INF204KB18I3|1,NETFNV20|NV20BEES,2019-12-20,2026-09-30,INF204KB18I3,FUND_UNIT,2,ACTIVE_AT_CUTOFF,
NETFPHARMA|INF204KC1089|1,NETFPHARMA|PHARMABEES,2021-07-07,2026-09-30,INF204KC1089,FUND_UNIT,2,ACTIVE_AT_CUTOFF,
NETFSDL26|INF204KC1022|1,NETFSDL26|SDL26BEES,2021-03-31,2026-04-27,INF204KC1022,FUND_UNIT,2,ENDED_UNEXPLAINED,
NETFSILVER|INF204KC1402|1,NETFSILVER|SILVERBEES,2022-02-07,2026-09-30,INF204KC1402,FUND_UNIT,2,ACTIVE_AT_CUTOFF,
NETF|INF277K015R5|1,NETF,2019-01-07,2026-09-30,INF277K015R5,FUND_UNIT,1,ACTIVE_AT_CUTOFF,
NETWEB|INE0NT901020|1,NETWEB,2023-07-27,2026-09-30,INE0NT901020,EQUITY,1,ACTIVE_AT_CUTOFF,
NETWORK18|INE870H01013|1,NETWORK18,2007-02-02,2026-09-30,INE870H01013,EQUITY,2,ACTIVE_AT_CUTOFF,
NEULANDLAB|INE794A01010|1,NEULANDLAB,2011-03-07,2026-09-30,INE794A01010,EQUITY,2,ACTIVE_AT_CUTOFF,
NEULANDLAB|NOISIN|1,NEULANDLAB,2008-10-13,2010-12-09,,UNKNOWN_NO_ISIN,1,ENDED_UNEXPLAINED,
NEWGEN|INE619B01017|1,NEWGEN,2018-01-29,2026-09-30,INE619B01017,EQUITY,1,ACTIVE_AT_CUTOFF,
NEXT30ADD|INF740KA1VE5|1,NEXT30ADD,2025-02-05,2026-09-30,INF740KA1VE5,FUND_UNIT,1,ACTIVE_AT_CUTOFF,
NEXT50ADD|INF740KA1XU7|1,NEXT50ADD,2026-01-09,2026-09-30,INF740KA1XU7,FUND_UNIT,1,ACTIVE_AT_CUTOFF,
NEXT50BETA|INF789F1AUW9|1,NEXT50BETA|UTINEXT50,2021-03-26,2026-09-30,INF789F1AUW9,FUND_UNIT,2,ACTIVE_AT_CUTOFF,
NEXT50ETF|INF174KA1YO3|1,NEXT50ETF,2026-01-14,2026-09-30,INF174KA1YO3,FUND_UNIT,1,ACTIVE_AT_CUTOFF,
NEYVELILIG|INE589A01014|1,NEYVELILIG|NLCINDIA,2005-01-03,2026-09-30,INE589A01014,EQUITY,3,ACTIVE_AT_CUTOFF,
NFL|INE870D01012|1,NFL,2006-12-28,2026-09-30,INE870D01012,EQUITY,2,ACTIVE_AT_CUTOFF,
NGCT|INE970N01019|1,NGCT,2013-11-28,2016-08-24,INE970N01019,EQUITY,1,ENDED_UNEXPLAINED,
NGIL|INE236Y01012|1,NGIL,2021-08-20,2026-09-30,INE236Y01012,EQUITY,1,ACTIVE_AT_CUTOFF,
NGLFINE|INE887E01022|1,NGLFINE,2022-07-08,2026-09-30,INE887E01022,EQUITY,1,ACTIVE_AT_CUTOFF,
NHPC|INE848E01016|1,NHPC,2009-09-01,2026-09-30,INE848E01016,EQUITY,2,ACTIVE_AT_CUTOFF,
NH|INE410P01011|1,NH,2016-01-06,2026-09-30,INE410P01011,EQUITY,1,ACTIVE_AT_CUTOFF,
NIACL|INE470Y01017|1,NIACL,2017-11-13,2026-09-30,INE470Y01017,EQUITY,1,ACTIVE_AT_CUTOFF,
NIBE|INE149O01018|1,NIBE,2025-02-07,2026-09-30,INE149O01018,EQUITY,1,ACTIVE_AT_CUTOFF,
NIBL|INE047O01014|1,NIBL,2013-05-02,2026-09-30,INE047O01014,EQUITY,1,ACTIVE_AT_CUTOFF,
NICCOCORP|NOISIN|1,NICCOCORP,2005-04-08,2005-04-15,,UNKNOWN_NO_ISIN,1,ENDED_UNEXPLAINED,
NICCOCORP|NOISIN|2,NICCOCORP,2005-07-08,2005-07-14,,UNKNOWN_NO_ISIN,1,ENDED_UNEXPLAINED,
NICCOCORP|NOISIN|3,NICCOCORP,2006-06-12,2006-09-28,,UNKNOWN_NO_ISIN,1,ENDED_UNEXPLAINED,
NICCOPAR|INE653C01022|1,NICCOPAR,2026-08-18,2026-09-30,INE653C01022,EQUITY,1,ACTIVE_AT_CUTOFF,
NICCO|INE241C01026|1,NICCO,2009-08-21,2016-01-04,INE241C01026,EQUITY,2,DELISTED_EVIDENCED,NICCO 2020-07-10 Delisting - Liquidation
NICCO|NOISIN|1,NICCO,2006-12-18,2009-05-28,,UNKNOWN_NO_ISIN,1,ENDED_UNEXPLAINED,
NICOLASPIR|NOISIN|1,NICOLASPIR|PEL|PIRHEALTH,2005-01-03,2025-09-22,INE140A01024,EQUITY,4,ENDED_UNEXPLAINED,
NIF100IETF|INF109KC16V9|1,NIF100IETF,2024-05-10,2026-09-30,INF109KC16V9,FUND_UNIT,1,ACTIVE_AT_CUTOFF,
NIF500BETA|INF789F1AG76|1,NIF500BETA,2026-08-28,2026-09-30,INF789F1AG76,FUND_UNIT,1,ACTIVE_AT_CUTOFF,
NIFTY100EW|INF174KA1UW4|1,NIFTY100EW,2025-03-04,2026-09-30,INF174KA1UW4,FUND_UNIT,1,ACTIVE_AT_CUTOFF,
NIFTYBEES|INF204KB14I2|1,NIFTYBEES,2019-12-20,2026-09-30,INF204KB14I2,FUND_UNIT,1,ACTIVE_AT_CUTOFF,
NIFTYBEES|INF732E01011|1,NIFTYBEES,2005-01-03,2019-12-19,INF732E01011,FUND_UNIT,2,ENDED_UNEXPLAINED,
NIFTYBETA|INF789F1AZC0|1,NIFTYBETA|UTINIFTETF,2023-09-25,2026-09-30,INF789F1AZC0,FUND_UNIT,2,ACTIVE_AT_CUTOFF,
NIFTYBETF|INF0QA701722|1,NIFTYBETF,2024-01-29,2026-09-30,INF0QA701722,FUND_UNIT,1,ACTIVE_AT_CUTOFF,
NIFTYCASE|INF0R8F01166|1,NIFTYCASE,2025-10-20,2026-09-30,INF0R8F01166,FUND_UNIT,1,ACTIVE_AT_CUTOFF,
NIFTYEES|INF754K01EK3|1,NIFTYEES,2015-05-14,2021-09-29,INF754K01EK3,FUND_UNIT,1,ENDED_UNEXPLAINED,
NIFTYJBLK|INF22M001184|1,NIFTYJBLK,2026-08-20,2026-09-30,INF22M001184,FUND_UNIT,1,ACTIVE_AT_CUTOFF,
NIFTYQLITY|INF209KB15K4|1,NIFTYQLITY,2022-08-19,2026-09-30,INF209KB15K4,FUND_UNIT,1,ACTIVE_AT_CUTOFF,
NIITLTD|INE161A01038|1,NIITLTD,2005-01-03,2026-09-30,INE161A01038,EQUITY,2,ACTIVE_AT_CUTOFF,
NIITMTS|INE342G01023|1,NIITMTS,2023-08-23,2026-09-30,INE342G01023,EQUITY,1,ACTIVE_AT_CUTOFF,
NILAINFRA|INE937C01029|1,NILAINFRA,2015-05-21,2026-09-30,INE937C01029,EQUITY,1,ACTIVE_AT_CUTOFF,
NILASPACES|INE00S901012|1,NILASPACES,2019-01-11,2026-09-30,INE00S901012,EQUITY,1,ACTIVE_AT_CUTOFF,
NILE|INE445D01013|1,NILE,2026-04-20,2026-09-30,INE445D01013,EQUITY,1,ACTIVE_AT_CUTOFF,
NILKAMAL|INE310A01015|1,NILKAMAL|NILKAMPLST,2006-06-12,2026-09-30,INE310A01015,EQUITY,3,ACTIVE_AT_CUTOFF,
NILKAMPLST|NOISIN|1,NILKAMPLST,2005-01-03,2006-02-16,,UNKNOWN_NO_ISIN,1,ENDED_UNEXPLAINED,
NIMBSPROJ|INE875B01015|1,NIMBSPROJ,2026-04-06,2026-09-30,INE875B01015,EQUITY,1,ACTIVE_AT_CUTOFF,
NINSYS|INE395U01014|1,NINSYS,2023-02-21,2026-09-30,INE395U01014,EQUITY,1,ACTIVE_AT_CUTOFF,
NIPPOBATRY|INE567A01010|1,NIPPOBATRY,2005-01-03,2026-09-30,INE567A01010|INE567A01028,EQUITY,3,ACTIVE_AT_CUTOFF,
NIPPONDENR|NOISIN|1,NIPPONDENR,2005-01-03,2005-12-07,,UNKNOWN_NO_ISIN,1,ENDED_UNEXPLAINED,
NIRAJISPAT|INE326T01011|1,NIRAJISPAT,2024-09-04,2026-09-02,INE326T01011,EQUITY,1,ENDED_UNEXPLAINED,
NIRAJ|INE368I01016|1,NIRAJ,2020-10-01,2026-09-30,INE368I01016,EQUITY,1,ACTIVE_AT_CUTOFF,
NIRLON|INE910A01012|1,NIRLON,2026-04-20,2026-09-30,INE910A01012,EQUITY,1,ACTIVE_AT_CUTOFF,
NIRMA|NOISIN|1,NIRMA,2005-01-03,2011-03-23,,UNKNOWN_NO_ISIN,1,DELISTED_EVIDENCED,NIRMA 2012-03-28 Voluntary Delisting
NISSAN|INE846H01021|1,NISSAN,2010-08-20,2011-09-28,INE846H01021,EQUITY,2,ENDED_UNEXPLAINED,
NISSAN|NOISIN|1,NISSAN,2006-12-29,2007-01-02,,UNKNOWN_NO_ISIN,1,ENDED_UNEXPLAINED,
NISSAN|NOISIN|2,NISSAN,2010-02-19,2010-07-08,,UNKNOWN_NO_ISIN,1,ENDED_UNEXPLAINED,
NITCO|INE858F01012|1,NITCO,2010-12-03,2026-09-30,INE858F01012,EQUITY,2,ACTIVE_AT_CUTOFF,
NITCO|NOISIN|1,NITCO,2006-03-21,2010-08-05,,UNKNOWN_NO_ISIN,1,ENDED_UNEXPLAINED,
NITESHEST|INE639K01016|1,NITESHEST,2010-05-13,2019-10-30,INE639K01016,EQUITY,2,DELISTED_EVIDENCED,NITESHEST 2019-11-07 Voluntary Delisting
NITINFIRE|INE489H01020|1,NITINFIRE,2007-06-05,2019-08-28,INE489H01020,EQUITY,2,ENDED_UNEXPLAINED,
NITINSPIN|INE229H01012|1,NITINSPIN,2009-08-21,2026-09-30,INE229H01012,EQUITY,2,ACTIVE_AT_CUTOFF,
NITINSPIN|NOISIN|1,NITINSPIN,2006-02-02,2009-05-28,,UNKNOWN_NO_ISIN,1,ENDED_UNEXPLAINED,
NITIRAJ|INE439T01012|1,NITIRAJ,2021-04-22,2026-09-30,INE439T01012,EQUITY,1,ACTIVE_AT_CUTOFF,
NITTAGELA|INE265B01019|1,NITTAGELA,2026-04-20,2026-09-30,INE265B01019,EQUITY,1,ACTIVE_AT_CUTOFF,
NIVABUPA|INE995S01015|1,NIVABUPA,2024-11-14,2026-09-30,INE995S01015,EQUITY,1,ACTIVE_AT_CUTOFF,
NIVINFRA|INE303D01014|1,NIVINFRA,2013-06-20,2013-07-17,INE303D01014,EQUITY,1,ENDED_UNEXPLAINED,
NKIND|INE542C01019|1,NKIND,2016-07-04,2026-09-30,INE542C01019,EQUITY,1,ACTIVE_AT_CUTOFF,
NMDC|INE584A01023|1,NMDC,2008-03-03,2026-09-30,INE584A01023,EQUITY,2,ACTIVE_AT_CUTOFF,
NOCIL|INE163A01018|1,NOCIL,2008-02-29,2026-09-30,INE163A01018,EQUITY,2,ACTIVE_AT_CUTOFF,
NOCIL|NOISIN|1,NOCIL,2005-01-03,2007-11-30,,UNKNOWN_NO_ISIN,1,ENDED_UNEXPLAINED,
NOIDATOLL|INE781B01015|1,NOIDATOLL,2005-01-03,2026-09-30,INE781B01015,EQUITY,2,ACTIVE_AT_CUTOFF,
NOL|INE296D01010|1,NOL,2011-06-22,2015-01-29,INE296D01010,EQUITY,1,ENDED_UNEXPLAINED,
NOL|NOISIN|1,NOL,2010-06-30,2010-09-16,,UNKNOWN_NO_ISIN,1,ENDED_UNEXPLAINED,
NOL|NOISIN|2,NOL,2010-12-03,2011-04-18,,UNKNOWN_NO_ISIN,1,ENDED_UNEXPLAINED,
NOL|NOISIN|3,NOL,2011-06-17,2011-06-20,,UNKNOWN_NO_ISIN,1,ENDED_UNEXPLAINED,
NORBTEAEXP|INE369C01017|1,NORBTEAEXP,2008-02-29,2026-09-30,INE369C01017,EQUITY,2,ACTIVE_AT_CUTOFF,
NORBTEAEXP|NOISIN|1,NORBTEAEXP,2005-01-03,2005-06-02,,UNKNOWN_NO_ISIN,1,ENDED_UNEXPLAINED,
NORBTEAEXP|NOISIN|2,NORBTEAEXP,2005-07-08,2005-07-29,,UNKNOWN_NO_ISIN,1,ENDED_UNEXPLAINED,
NORBTEAEXP|NOISIN|3,NORBTEAEXP,2006-06-12,2007-12-28,,UNKNOWN_NO_ISIN,1,ENDED_UNEXPLAINED,
NORTHARC|INE850M01015|1,NORTHARC,2024-09-24,2026-09-30,INE850M01015,EQUITY,1,ACTIVE_AT_CUTOFF,
NORTHGATE|INE217G01019|1,NORTHGATE,2011-06-17,2012-07-11,INE217G01019,EQUITY,2,ENDED_UNEXPLAINED,
NORTHGATE|NOISIN|1,NORTHGATE,2007-04-03,2009-06-11,,UNKNOWN_NO_ISIN,1,ENDED_UNEXPLAINED,
NORTHGATE|NOISIN|2,NORTHGATE,2009-08-21,2010-12-02,,UNKNOWN_NO_ISIN,1,ENDED_UNEXPLAINED,
NOVAAGRI|INE02H701025|1,NOVAAGRI,2024-02-14,2026-09-30,INE02H701025,EQUITY,1,ACTIVE_AT_CUTOFF,
NOVAPETRO|NOISIN|1,NOVAPETRO,2005-01-03,2005-07-14,,UNKNOWN_NO_ISIN,1,ENDED_UNEXPLAINED,
NOVAPETRO|NOISIN|2,NOVAPETRO,2006-06-12,2006-12-29,,UNKNOWN_NO_ISIN,1,ENDED_UNEXPLAINED,
NOVAPETRO|NOISIN|3,NOVAPETRO,2007-03-02,2007-04-19,,UNKNOWN_NO_ISIN,1,ENDED_UNEXPLAINED,
NOVAPETRO|NOISIN|4,NOVAPETRO,2007-06-08,2007-09-20,,UNKNOWN_NO_ISIN,1,ENDED_UNEXPLAINED,
NOVAPETRO|NOISIN|5,NOVAPETRO,2007-12-03,2008-01-10,,UNKNOWN_NO_ISIN,1,ENDED_UNEXPLAINED,
NOVAPETRO|NOISIN|6,NOVAPETRO,2008-02-29,2009-03-05,,UNKNOWN_NO_ISIN,1,ENDED_UNEXPLAINED,
NOVAPETRO|NOISIN|7,NOVAPETRO,2009-06-12,2009-10-16,,UNKNOWN_NO_ISIN,1,ENDED_UNEXPLAINED,
NOVARTIND|INE234A01025|1,NOVARTIND,2020-10-05,2026-09-30,INE234A01025,EQUITY,1,ACTIVE_AT_CUTOFF,
NOVOPANIND|INE460B01016|1,NOVOPANIND,2011-06-17,2014-10-31,INE460B01016,EQUITY,2,DELISTED_EVIDENCED,NOVOPANIND 2014-11-10 Voluntary Delisting
NOVOPANIND|NOISIN|1,NOVOPANIND,2005-01-03,2006-06-09,,UNKNOWN_NO_ISIN,1,ENDED_UNEXPLAINED,
NOVOPANIND|NOISIN|2,NOVOPANIND,2006-08-28,2009-04-02,,UNKNOWN_NO_ISIN,1,ENDED_UNEXPLAINED,
NOVOPANIND|NOISIN|3,NOVOPANIND,2009-06-12,2009-10-16,,UNKNOWN_NO_ISIN,1,ENDED_UNEXPLAINED,
NOVOPANIND|NOISIN|4,NOVOPANIND,2009-11-20,2011-03-04,,UNKNOWN_NO_ISIN,1,ENDED_UNEXPLAINED,
NPBET|INF277K010X4|1,NPBET,2019-09-09,2026-09-30,INF277K010X4,FUND_UNIT,1,ACTIVE_AT_CUTOFF,
NPST|INE0FFK01017|1,NPST,2025-04-30,2026-09-30,INE0FFK01017,EQUITY,1,ACTIVE_AT_CUTOFF,
NRAIL|INE740D01017|1,NRAIL,2017-04-05,2026-09-30,INE740D01017,EQUITY,1,ACTIVE_AT_CUTOFF,
NRBBEARING|INE349A01021|1,NRBBEARING,2010-02-19,2026-09-30,INE349A01021,EQUITY,2,ACTIVE_AT_CUTOFF,
NRBBEARING|NOISIN|1,NRBBEARING,2005-01-03,2010-01-07,,UNKNOWN_NO_ISIN,1,ENDED_UNEXPLAINED,
NRC|INE953C01018|1,NRC,2010-08-20,2013-12-10,INE953C01018,EQUITY,2,DELISTED_EVIDENCED,NRC 2018-08-08 Compulsory Delisting
NRC|NOISIN|1,NRC,2005-01-03,2006-02-16,,UNKNOWN_NO_ISIN,1,ENDED_UNEXPLAINED,
NRC|NOISIN|2,NRC,2006-06-12,2006-06-29,,UNKNOWN_NO_ISIN,1,ENDED_UNEXPLAINED,
NRC|NOISIN|3,NRC,2006-08-28,2007-01-25,,UNKNOWN_NO_ISIN,1,ENDED_UNEXPLAINED,
NRC|NOISIN|4,NRC,2007-03-02,2007-11-29,,UNKNOWN_NO_ISIN,1,ENDED_UNEXPLAINED,
NRC|NOISIN|5,NRC,2008-02-29,2008-12-26,,UNKNOWN_NO_ISIN,1,ENDED_UNEXPLAINED,
NRC|NOISIN|6,NRC,2009-03-02,2009-04-17,,UNKNOWN_NO_ISIN,1,ENDED_UNEXPLAINED,
NRC|NOISIN|7,NRC,2009-08-21,2010-01-07,,UNKNOWN_NO_ISIN,1,ENDED_UNEXPLAINED,
NRC|NOISIN|8,NRC,2010-02-19,2010-07-08,,UNKNOWN_NO_ISIN,1,ENDED_UNEXPLAINED,
NRL|INE0JM501013|1,NRL,2023-01-12,2026-06-17,INE0JM501013,EQUITY,1,ENDED_UNEXPLAINED,
NSIL|INE023A01030|1,NSIL,2009-08-21,2026-09-30,INE023A01030,EQUITY,2,ACTIVE_AT_CUTOFF,
NSIL|NOISIN|2,NSIL,2006-06-14,2007-11-30,,UNKNOWN_NO_ISIN,1,ENDED_UNEXPLAINED,
NSIL|NOISIN|3,NSIL,2008-02-29,2008-05-02,,UNKNOWN_NO_ISIN,1,ENDED_UNEXPLAINED,
NSIL|NOISIN|4,NSIL,2008-06-13,2009-06-11,,UNKNOWN_NO_ISIN,1,ENDED_UNEXPLAINED,
NSLNISP|INE0NNS01018|1,NSLNISP,2023-03-06,2026-09-30,INE0NNS01018,EQUITY,1,ACTIVE_AT_CUTOFF,
NTCIND|INE920C01017|1,NTCIND,2026-08-17,2026-09-30,INE920C01017,EQUITY,1,ACTIVE_AT_CUTOFF,
NTL|INE333I01036|1,NTL|SUJANATWR,2013-09-11,2021-12-01,INE333I01036,EQUITY,2,ENDED_UNEXPLAINED,
NTPCGREEN|INE0ONG01011|1,NTPCGREEN,2024-11-27,2026-09-30,INE0ONG01011,EQUITY,1,ACTIVE_AT_CUTOFF,
NTPC|INE733E01010|1,NTPC,2005-01-03,2026-09-30,INE733E01010,EQUITY,2,ACTIVE_AT_CUTOFF,
NUCENT|INE980A01023|1,NUCENT|PRESSMN,2011-06-23,2023-06-06,INE980A01023,EQUITY,2,ENDED_UNEXPLAINED,
NUCENT|NOISIN|1,NUCENT,2005-01-05,2005-09-22,,UNKNOWN_NO_ISIN,1,ENDED_UNEXPLAINED,
NUCENT|NOISIN|2,NUCENT,2005-11-25,2006-06-09,,UNKNOWN_NO_ISIN,1,ENDED_UNEXPLAINED,
NUCENT|NOISIN|3,NUCENT,2006-08-28,2009-01-14,,UNKNOWN_NO_ISIN,1,ENDED_UNEXPLAINED,
NUCENT|NOISIN|4,NUCENT,2009-03-23,2010-02-17,,UNKNOWN_NO_ISIN,1,ENDED_UNEXPLAINED,
NUCENT|NOISIN|5,NUCENT,2010-06-11,2010-08-18,,UNKNOWN_NO_ISIN,1,ENDED_UNEXPLAINED,
NUCENT|NOISIN|6,NUCENT,2011-03-24,2011-06-17,,UNKNOWN_NO_ISIN,1,ENDED_UNEXPLAINED,
NUCHEM|INE946A01016|1,NUCHEM,2009-08-21,2012-02-27,INE946A01016,EQUITY,2,DELISTED_EVIDENCED,NUCHEM 2017-05-12 Compulsory Delisting
NUCHEM|NOISIN|1,NUCHEM,2005-04-08,2005-05-05,,UNKNOWN_NO_ISIN,1,ENDED_UNEXPLAINED,
NUCHEM|NOISIN|2,NUCHEM,2005-07-08,2005-07-14,,UNKNOWN_NO_ISIN,1,ENDED_UNEXPLAINED,
NUCHEM|NOISIN|3,NUCHEM,2006-06-12,2006-06-29,,UNKNOWN_NO_ISIN,1,ENDED_UNEXPLAINED,
NUCHEM|NOISIN|4,NUCHEM,2006-08-28,2006-11-23,,UNKNOWN_NO_ISIN,1,ENDED_UNEXPLAINED,
NUCHEM|NOISIN|5,NUCHEM,2007-03-02,2007-06-14,,UNKNOWN_NO_ISIN,1,ENDED_UNEXPLAINED,
NUCHEM|NOISIN|6,NUCHEM,2008-02-29,2009-05-28,,UNKNOWN_NO_ISIN,1,ENDED_UNEXPLAINED,
NUCLEUS|INE096B01018|1,NUCLEUS,2005-01-03,2026-09-30,INE096B01018,EQUITY,2,ACTIVE_AT_CUTOFF,
NUMERICPW|INE409B01013|1,NUMERICPW|SWELECTES,2006-05-09,2026-09-30,INE409B01013,EQUITY,3,ACTIVE_AT_CUTOFF,
NURECA|INE0DSF01015|1,NURECA,2021-03-12,2026-08-10,INE0DSF01015,EQUITY,1,ENDED_UNEXPLAINED,
NUTEK|INE318J01027|1,NUTEK,2008-08-27,2019-03-29,INE318J01027,EQUITY,2,ENDED_UNEXPLAINED,
NUVAMA|INE531F01015|1,NUVAMA,2023-10-11,2026-09-30,INE531F01015|INE531F01023,EQUITY,2,ACTIVE_AT_CUTOFF,
NUVOCO|INE118D01016|1,NUVOCO,2021-08-23,2026-09-30,INE118D01016,EQUITY,1,ACTIVE_AT_CUTOFF,
NV20IETF|INF109KC11V0|1,NV20IETF,2024-03-01,2026-09-30,INF109KC11V0,FUND_UNIT,1,ACTIVE_AT_CUTOFF,
NV20|INF174KA1ZE1|1,NV20,2026-02-27,2026-09-30,INF174KA1ZE1,FUND_UNIT,1,ACTIVE_AT_CUTOFF,
NYKAA|INE388Y01029|1,NYKAA,2021-11-10,2026-09-30,INE388Y01029,EQUITY,1,ACTIVE_AT_CUTOFF,
OAL|INE959C01023|1,OAL,2019-07-11,2026-09-30,INE959C01023,EQUITY,1,ACTIVE_AT_CUTOFF,
OBCL|INE426Z01016|1,OBCL,2022-04-07,2026-09-30,INE426Z01016,EQUITY,1,ACTIVE_AT_CUTOFF,
OBEROIREAL|NOISIN|1,OBEROIREAL|OBEROIRLTY,2010-10-20,2026-09-30,INE093I01010,EQUITY,3,ACTIVE_AT_CUTOFF,
OCCLLTD|INE0PK601023|1,OCCLLTD,2024-11-13,2026-06-10,INE0PK601023,EQUITY,1,ENDED_UNEXPLAINED,
OCCL|INE321D01016|1,OCCL,2016-01-27,2025-06-11,INE321D01016,EQUITY,1,ENDED_UNEXPLAINED,
OCL|INE290B01025|1,OCL,2005-01-03,2018-10-24,INE290B01025,EQUITY,2,ENDED_UNEXPLAINED,
OCTAV|NOISIN|1,OCTAV,2008-08-08,2010-02-02,,UNKNOWN_NO_ISIN,1,ENDED_UNEXPLAINED,
ODIGMA|INE054301028|1,ODIGMA,2024-12-27,2026-09-30,INE054301028,EQUITY,1,ACTIVE_AT_CUTOFF,
ODYCORP|INE839E01023|1,ODYCORP,2026-08-17,2026-09-30,INE839E01023,EQUITY,1,ACTIVE_AT_CUTOFF,
OENCONNECT|NOISIN|1,OENCONNECT,2005-01-03,2007-06-07,,UNKNOWN_NO_ISIN,1,ENDED_UNEXPLAINED,
OENCONNECT|NOISIN|2,OENCONNECT,2007-08-31,2007-09-07,,UNKNOWN_NO_ISIN,1,DELISTED_EVIDENCED,OENCONNECT 2007-09-17 Voluntary Delisting
OILCOUNTUB|INE591A01010|1,OILCOUNTUB,2007-12-03,2026-04-29,INE591A01010,EQUITY,2,ENDED_UNEXPLAINED,
OILCOUNTUB|NOISIN|1,OILCOUNTUB,2005-01-03,2005-08-25,,UNKNOWN_NO_ISIN,1,ENDED_UNEXPLAINED,
OILCOUNTUB|NOISIN|2,OILCOUNTUB,2006-06-12,2007-04-19,,UNKNOWN_NO_ISIN,1,ENDED_UNEXPLAINED,
OILCOUNTUB|NOISIN|3,OILCOUNTUB,2007-06-08,2007-06-28,,UNKNOWN_NO_ISIN,1,ENDED_UNEXPLAINED,
OILIETF|INF109KC18W3|1,OILIETF,2024-07-24,2026-09-30,INF109KC18W3,FUND_UNIT,1,ACTIVE_AT_CUTOFF,
OIL|INE274J01014|1,OIL,2009-09-30,2026-09-30,INE274J01014,EQUITY,2,ACTIVE_AT_CUTOFF,
OISL|INE196J01019|1,OISL,2010-12-03,2020-11-27,INE196J01019,EQUITY,2,ENDED_UNEXPLAINED,
OISL|NOISIN|1,OISL,2008-08-01,2009-04-17,,UNKNOWN_NO_ISIN,1,ENDED_UNEXPLAINED,
OISL|NOISIN|2,OISL,2009-08-21,2009-12-10,,UNKNOWN_NO_ISIN,1,ENDED_UNEXPLAINED,
OISL|NOISIN|3,OISL,2010-02-19,2010-08-19,,UNKNOWN_NO_ISIN,1,ENDED_UNEXPLAINED,
OLAELEC|INE0LXG01040|1,OLAELEC,2024-08-09,2026-09-30,INE0LXG01040,EQUITY,1,ACTIVE_AT_CUTOFF,
OMAXAUTO|INE090B01011|1,OMAXAUTO,2005-01-03,2026-09-30,INE090B01011,EQUITY,2,ACTIVE_AT_CUTOFF,
OMAXE|INE800H01010|1,OMAXE,2007-08-09,2026-09-30,INE800H01010,EQUITY,2,ACTIVE_AT_CUTOFF,
OMFREIGHT|INE1BZC01019|1,OMFREIGHT,2025-10-24,2026-07-02,INE1BZC01019,EQUITY,1,ENDED_UNEXPLAINED,
OMINFRAL|INE239D01028|1,OMINFRAL|OMMETALS,2011-06-17,2026-09-30,INE239D01028,EQUITY,3,ACTIVE_AT_CUTOFF,
OMKARCHEM|INE474L01016|1,OMKARCHEM,2011-02-10,2022-11-02,INE474L01016,EQUITY,2,ENDED_UNEXPLAINED,
OMNITECH|INE810H01019|1,OMNITECH,2007-08-14,2016-11-17,INE810H01019,EQUITY,2,DELISTED_EVIDENCED,OMNITECH 2018-08-08 Delisting - Liquidation
OMNI|INE0UH301010|1,OMNI,2026-03-05,2026-09-30,INE0UH301010,EQUITY,1,ACTIVE_AT_CUTOFF,
OMPOWER|INE25E901019|1,OMPOWER,2026-05-04,2026-09-30,INE25E901019,EQUITY,1,ACTIVE_AT_CUTOFF,
ONEGLOBAL|INE670O01013|1,ONEGLOBAL,2026-08-17,2026-09-30,INE670O01013,EQUITY,1,ACTIVE_AT_CUTOFF,
ONELIFECAP|INE912L01015|1,ONELIFECAP,2011-10-17,2026-05-21,INE912L01015,EQUITY,1,ENDED_UNEXPLAINED,
ONEPOINT|INE840Y01011|1,ONEPOINT,2019-05-09,2026-09-30,INE840Y01011|INE840Y01029,EQUITY,2,ACTIVE_AT_CUTOFF,
ONESOURCE|INE013P01021|1,ONESOURCE,2025-02-06,2026-09-30,INE013P01021,EQUITY,1,ACTIVE_AT_CUTOFF,
ONGC|INE213A01029|1,ONGC,2005-01-03,2026-09-30,INE213A01029,EQUITY,2,ACTIVE_AT_CUTOFF,
ONIXSOLAR|INE173M01012|1,ONIXSOLAR,2026-08-17,2026-09-30,INE173M01012,EQUITY,1,ACTIVE_AT_CUTOFF,
ONMOBILE|INE809I01019|1,ONMOBILE,2008-02-19,2026-07-06,INE809I01019,EQUITY,2,ENDED_UNEXPLAINED,
ONWARDTEC|INE229A01017|1,ONWARDTEC,2011-03-07,2026-09-30,INE229A01017,EQUITY,2,ACTIVE_AT_CUTOFF,
ONWARDTEC|NOISIN|1,ONWARDTEC,2005-01-03,2005-07-07,,UNKNOWN_NO_ISIN,1,ENDED_UNEXPLAINED,
ONWARDTEC|NOISIN|2,ONWARDTEC,2005-11-25,2006-12-14,,UNKNOWN_NO_ISIN,1,ENDED_UNEXPLAINED,
ONWARDTEC|NOISIN|3,ONWARDTEC,2007-03-02,2007-12-13,,UNKNOWN_NO_ISIN,1,ENDED_UNEXPLAINED,
ONWARDTEC|NOISIN|4,ONWARDTEC,2008-02-29,2009-06-11,,UNKNOWN_NO_ISIN,1,ENDED_UNEXPLAINED,
ONWARDTEC|NOISIN|5,ONWARDTEC,2009-08-21,2009-10-16,,UNKNOWN_NO_ISIN,1,ENDED_UNEXPLAINED,
ONWARDTEC|NOISIN|6,ONWARDTEC,2009-11-20,2010-07-08,,UNKNOWN_NO_ISIN,1,ENDED_UNEXPLAINED,
ONWARDTEC|NOISIN|7,ONWARDTEC,2010-12-03,2011-01-20,,UNKNOWN_NO_ISIN,1,ENDED_UNEXPLAINED,
OPTIEMUS|INE350C01017|1,OPTIEMUS,2017-08-08,2026-09-30,INE350C01017,EQUITY,1,ACTIVE_AT_CUTOFF,
OPTIFIN|INE031G01022|1,OPTIFIN,2026-08-17,2026-09-30,INE031G01022,EQUITY,1,ACTIVE_AT_CUTOFF,
OPTOCIRCUI|INE808B01016|1,OPTOCIRCUI,2005-01-03,2021-02-19,INE808B01016,EQUITY,2,ENDED_UNEXPLAINED,
ORBITCORP|INE628H01015|1,ORBITCORP,2007-04-12,2017-02-15,INE628H01015,EQUITY,2,DELISTED_EVIDENCED,ORBITCORP 2018-08-08 Compulsory Delisting
ORBTEXP|INE231G01010|1,ORBTEXP,2013-11-05,2026-09-30,INE231G01010,EQUITY,1,ACTIVE_AT_CUTOFF,
ORCHASP|INE215B01022|1,ORCHASP,2025-02-07,2026-09-30,INE215B01022,EQUITY,1,ACTIVE_AT_CUTOFF,
ORCHIDCHEM|INE191A01019|1,ORCHIDCHEM|ORCHIDPHAR,2005-01-03,2017-09-27,INE191A01019,EQUITY,3,ENDED_UNEXPLAINED,
ORCHPHARMA|INE191A01027|1,ORCHPHARMA,2021-05-05,2026-09-30,INE191A01027,EQUITY,1,ACTIVE_AT_CUTOFF,
ORGINFO|NOISIN|1,ORGINFO,2007-08-17,2008-09-18,,UNKNOWN_NO_ISIN,1,ENDED_UNEXPLAINED,
ORGINFO|NOISIN|2,ORGINFO,2008-12-01,2009-11-13,,UNKNOWN_NO_ISIN,1,DELISTED_EVIDENCED,ORGINFO 2017-09-15 Compulsory Delisting
ORICONENT|INE730A01022|1,ORICONENT,2015-07-24,2026-09-30,INE730A01022,EQUITY,1,ACTIVE_AT_CUTOFF,
ORIENTABRA|INE569C01020|1,ORIENTABRA|ORIENTCER,2005-12-15,2026-09-30,INE569C01020,EQUITY,3,ACTIVE_AT_CUTOFF,
ORIENTALTL|INE998H01012|1,ORIENTALTL,2010-06-11,2026-09-30,INE998H01012,EQUITY,2,ACTIVE_AT_CUTOFF,
ORIENTALTL|NOISIN|1,ORIENTALTL|OTL,2007-03-07,2010-02-18,,UNKNOWN_NO_ISIN,2,ENDED_UNEXPLAINED,
ORIENTBANK|INE141A01014|1,ORIENTBANK,2005-01-03,2020-03-20,INE141A01014,EQUITY,2,ENDED_UNEXPLAINED,
ORIENTBELL|INE607D01018|1,ORIENTBELL|ORIENTCERA,2009-11-20,2026-09-30,INE607D01018,EQUITY,3,ACTIVE_AT_CUTOFF,
ORIENTCEM|INE876N01018|1,ORIENTCEM,2013-07-26,2026-09-30,INE876N01018,EQUITY,1,ACTIVE_AT_CUTOFF,
ORIENTCERA|NOISIN|1,ORIENTCERA,2007-02-14,2009-01-22,,UNKNOWN_NO_ISIN,1,ENDED_UNEXPLAINED,
ORIENTCERA|NOISIN|2,ORIENTCERA,2009-03-02,2009-08-20,,UNKNOWN_NO_ISIN,1,ENDED_UNEXPLAINED,
ORIENTELEC|INE142Z01019|1,ORIENTELEC,2018-05-28,2026-09-30,INE142Z01019,EQUITY,1,ACTIVE_AT_CUTOFF,
ORIENTHOT|INE750A01020|1,ORIENTHOT,2005-01-03,2026-09-30,INE750A01020,EQUITY,2,ACTIVE_AT_CUTOFF,
ORIENTINFO|NOISIN|1,ORIENTINFO,2005-01-03,2006-12-29,,UNKNOWN_NO_ISIN,1,ENDED_UNEXPLAINED,
ORIENTINFO|NOISIN|2,ORIENTINFO,2007-03-02,2007-11-29,,UNKNOWN_NO_ISIN,1,ENDED_UNEXPLAINED,
ORIENTINFO|NOISIN|3,ORIENTINFO,2008-02-29,2008-12-19,,UNKNOWN_NO_ISIN,1,ENDED_UNEXPLAINED,
ORIENTLTD|INE609C01024|1,ORIENTLTD,2010-03-03,2026-07-29,INE609C01024,EQUITY,2,ENDED_UNEXPLAINED,
ORIENTPPR|INE592A01026|1,ORIENTPPR,2005-01-03,2026-09-30,INE592A01026,EQUITY,2,ACTIVE_AT_CUTOFF,
ORIENTPRES|NOISIN|1,ORIENTPRES,2005-04-11,2005-05-26,,UNKNOWN_NO_ISIN,1,ENDED_UNEXPLAINED,
ORIENTPRES|NOISIN|2,ORIENTPRES,2005-07-08,2005-07-21,,UNKNOWN_NO_ISIN,1,ENDED_UNEXPLAINED,
ORIENTPRES|NOISIN|3,ORIENTPRES,2006-06-16,2006-06-21,,UNKNOWN_NO_ISIN,1,ENDED_UNEXPLAINED,
ORIENTPRES|NOISIN|4,ORIENTPRES,2006-11-27,2006-12-14,,UNKNOWN_NO_ISIN,1,ENDED_UNEXPLAINED,
ORIENTPRES|NOISIN|5,ORIENTPRES,2007-03-02,2007-04-19,,UNKNOWN_NO_ISIN,1,ENDED_UNEXPLAINED,
ORIENTPRES|NOISIN|6,ORIENTPRES,2007-06-08,2007-11-30,,UNKNOWN_NO_ISIN,1,ENDED_UNEXPLAINED,
ORIENTPRES|NOISIN|7,ORIENTPRES,2008-03-04,2009-10-30,,UNKNOWN_NO_ISIN,1,ENDED_UNEXPLAINED,
ORIENTREF|INE743M01012|1,ORIENTREF|RHIM,2012-03-23,2026-09-30,INE743M01012,EQUITY,2,ACTIVE_AT_CUTOFF,
ORIENTTECH|INE0PPK01015|1,ORIENTTECH,2024-09-11,2026-09-30,INE0PPK01015,EQUITY,1,ACTIVE_AT_CUTOFF,
ORIRAIL|INE457G01029|1,ORIRAIL,2026-08-17,2026-09-30,INE457G01029,EQUITY,1,ACTIVE_AT_CUTOFF,
ORISSAMINE|INE725E01016|1,ORISSAMINE,2010-09-29,2026-09-30,INE725E01016|INE725E01024,EQUITY,3,ACTIVE_AT_CUTOFF,
ORKLAINDIA|INE16NZ01023|1,ORKLAINDIA,2025-11-06,2026-09-30,INE16NZ01023,EQUITY,1,ACTIVE_AT_CUTOFF,
ORTEL|INE849L01019|1,ORTEL,2015-04-06,2019-09-23,INE849L01019,EQUITY,1,ENDED_UNEXPLAINED,
ORTINGLOBE|INE749B01020|1,ORTINGLOBE|ORTINLAB,2021-04-15,2026-09-30,INE749B01020,EQUITY,2,ACTIVE_AT_CUTOFF,
ORTINLABSS|INE749B01012|1,ORTINLABSS,2015-09-02,2021-01-11,INE749B01012,EQUITY,1,ENDED_UNEXPLAINED,
OSIAHYPER|INE06IR01013|1,OSIAHYPER,2022-12-01,2026-05-05,INE06IR01013|INE06IR01021,EQUITY,2,ENDED_UNEXPLAINED,
OSWALAGRO|INE142A01012|1,OSWALAGRO,2018-05-02,2026-09-30,INE142A01012,EQUITY,1,ACTIVE_AT_CUTOFF,
OSWALMIN|INE469B01017|1,OSWALMIN,2011-05-25,2015-01-29,INE469B01017,EQUITY,2,ENDED_UNEXPLAINED,
OSWALMIN|NOISIN|1,OSWALMIN,2010-12-29,2011-01-06,,UNKNOWN_NO_ISIN,1,ENDED_UNEXPLAINED,
OSWALPUMPS|INE0BYP01024|1,OSWALPUMPS,2025-06-20,2026-09-30,INE0BYP01024,EQUITY,1,ACTIVE_AT_CUTOFF,
OSWALSEEDS|INE00IK01011|1,OSWALSEEDS,2023-02-28,2026-09-30,INE00IK01011|INE00IK01029,EQUITY,2,ACTIVE_AT_CUTOFF,
OUDHSUG|INE594A01014|1,OUDHSUG,2009-03-02,2017-03-22,INE594A01014,EQUITY,2,ENDED_UNEXPLAINED,
OUDHSUG|NOISIN|1,OUDHSUG,2005-01-03,2007-12-28,,UNKNOWN_NO_ISIN,1,ENDED_UNEXPLAINED,
OUDHSUG|NOISIN|2,OUDHSUG,2008-02-29,2008-12-26,,UNKNOWN_NO_ISIN,1,ENDED_UNEXPLAINED,
PACEDIGITK|INE0S3G01027|1,PACEDIGITK,2025-10-06,2026-09-30,INE0S3G01027,EQUITY,1,ACTIVE_AT_CUTOFF,
PACIFICI|INE883C01025|1,PACIFICI,2026-08-17,2026-09-30,INE883C01025,EQUITY,1,ACTIVE_AT_CUTOFF,
PADMALAYAT|NOISIN|1,PADMALAYAT,2005-01-03,2005-07-29,,UNKNOWN_NO_ISIN,1,DELISTED_EVIDENCED,PADMALAYAT 2017-09-25 Voluntary Delisting
PAEL|INE766A01018|1,PAEL,2009-08-21,2022-04-08,INE766A01018,EQUITY,2,ENDED_UNEXPLAINED,
PAEL|NOISIN|1,PAEL|PREMAUTOEL,2005-01-03,2006-06-09,,UNKNOWN_NO_ISIN,2,ENDED_UNEXPLAINED,
PAEL|NOISIN|2,PAEL,2006-08-28,2008-06-12,,UNKNOWN_NO_ISIN,1,ENDED_UNEXPLAINED,
PAEL|NOISIN|3,PAEL,2008-08-22,2009-06-11,,UNKNOWN_NO_ISIN,1,ENDED_UNEXPLAINED,
PAGEIND|INE761H01022|1,PAGEIND,2007-08-31,2026-09-30,INE761H01022,EQUITY,2,ACTIVE_AT_CUTOFF,
PAGEIND|NOISIN|1,PAGEIND,2007-03-16,2007-05-17,,UNKNOWN_NO_ISIN,1,ENDED_UNEXPLAINED,
PAISALO|INE420C01042|1,PAISALO|SEINV,2011-10-17,2026-09-30,INE420C01042|INE420C01059,EQUITY,3,ACTIVE_AT_CUTOFF,
PAKKA|INE551D01018|1,PAKKA,2023-07-11,2026-09-30,INE551D01018,EQUITY,1,ACTIVE_AT_CUTOFF,
PALASHSECU|INE471W01019|1,PALASHSECU,2018-02-07,2026-09-29,INE471W01019,EQUITY,1,ENDED_UNEXPLAINED,
PALREDTECH|INE218G01025|1,PALREDTECH,2015-10-21,2016-04-25,INE218G01025,EQUITY,1,ENDED_UNEXPLAINED,
PALREDTEC|INE218G01033|1,PALREDTEC,2016-05-09,2026-09-30,INE218G01033,EQUITY,1,ACTIVE_AT_CUTOFF,
PANACEABIO|INE922B01023|1,PANACEABIO,2005-01-03,2026-09-30,INE922B01023,EQUITY,2,ACTIVE_AT_CUTOFF,
PANACHE|INE895W01019|1,PANACHE,2020-01-06,2026-07-15,INE895W01019,EQUITY,1,ENDED_UNEXPLAINED,
PANAMAPET|INE305C01011|1,PANAMAPET,2011-09-30,2026-09-30,INE305C01011|INE305C01029,EQUITY,2,ACTIVE_AT_CUTOFF,
PANASONIC|INE841C01015|1,PANASONIC,2010-06-11,2015-01-29,INE841C01015,EQUITY,2,ENDED_UNEXPLAINED,
PANASONIC|NOISIN|1,PANASONIC,2010-01-08,2010-03-18,,UNKNOWN_NO_ISIN,1,ENDED_UNEXPLAINED,
PANCARBON|INE013E01017|1,PANCARBON,2011-06-22,2014-12-26,INE013E01017,EQUITY,1,ENDED_UNEXPLAINED,
PANCARBON|NOISIN|1,PANCARBON,2010-03-03,2011-06-20,,UNKNOWN_NO_ISIN,1,ENDED_UNEXPLAINED,
PANCHMAHQ|INE798F01010|1,PANCHMAHQ,2026-08-17,2026-09-30,INE798F01010,EQUITY,1,ACTIVE_AT_CUTOFF,
PANCHSHEEL|INE316G01019|1,PANCHSHEEL,2011-10-25,2015-01-29,INE316G01019,EQUITY,1,ENDED_UNEXPLAINED,
PANORAMA|INE258R01028|1,PANORAMA,2026-08-17,2026-09-30,INE258R01028,EQUITY,1,ACTIVE_AT_CUTOFF,
PANORAMUNI|INE194B01029|1,PANORAMUNI,2008-12-01,2018-05-21,INE194B01029,EQUITY,2,DELISTED_EVIDENCED,PANORAMUNI 2020-07-10 Compulsory Delisting
PANORAMUNI|NOISIN|1,PANORAMUNI,2007-01-03,2008-08-21,,UNKNOWN_NO_ISIN,1,ENDED_UNEXPLAINED,
PANSARI|INE697V01011|1,PANSARI,2021-10-19,2026-09-30,INE697V01011,EQUITY,1,ACTIVE_AT_CUTOFF,
PARABDRUGS|INE618H01016|1,PARABDRUGS,2010-07-01,2018-09-21,INE618H01016,EQUITY,2,ENDED_UNEXPLAINED,
PARACABLES|INE074B01023|1,PARACABLES,2010-06-11,2026-09-30,INE074B01023,EQUITY,2,ACTIVE_AT_CUTOFF,
PARACABLES|NOISIN|1,PARACABLES,2007-01-03,2009-04-17,,UNKNOWN_NO_ISIN,1,ENDED_UNEXPLAINED,
PARACABLES|NOISIN|2,PARACABLES,2009-08-21,2010-04-16,,UNKNOWN_NO_ISIN,1,ENDED_UNEXPLAINED,
PARADEEP|INE088F01024|1,PARADEEP,2022-05-27,2026-09-30,INE088F01024,EQUITY,1,ACTIVE_AT_CUTOFF,
PARAGMILK|INE883N01014|1,PARAGMILK,2016-05-19,2026-09-30,INE883N01014,EQUITY,1,ACTIVE_AT_CUTOFF,
PARAL|INE620C01013|1,PARAL,2006-11-21,2014-05-22,INE620C01013,EQUITY,2,DELISTED_EVIDENCED,PARAL 2018-08-08 Compulsory Delisting
PARAPRINT|INE702L01010|1,PARAPRINT,2011-05-09,2016-05-20,INE702L01010,EQUITY,2,DELISTED_EVIDENCED,PARAPRINT 2018-07-02 Delisting - Liquidation
PARASPETRO|INE162C01024|1,PARASPETRO,2011-03-07,2026-09-30,INE162C01024,EQUITY,2,ACTIVE_AT_CUTOFF,
PARASPETRO|NOISIN|1,PARASPETRO,2005-04-11,2006-01-23,,UNKNOWN_NO_ISIN,1,ENDED_UNEXPLAINED,
PARASPETRO|NOISIN|2,PARASPETRO,2010-08-30,2010-12-02,,UNKNOWN_NO_ISIN,1,ENDED_UNEXPLAINED,
PARAS|INE045601015|1,PARAS,2021-10-18,2026-09-30,INE045601015|INE045601023,EQUITY,2,ACTIVE_AT_CUTOFF,
PAREKHPLAT|INE598A01015|1,PAREKHPLAT,2010-02-19,2011-08-25,INE598A01015,EQUITY,2,DELISTED_EVIDENCED,PAREKHPLAT 2017-05-12 Compulsory Delisting
PAREKHPLAT|NOISIN|1,PAREKHPLAT,2005-01-03,2005-03-10,,UNKNOWN_NO_ISIN,1,ENDED_UNEXPLAINED,
PAREKHPLAT|NOISIN|2,PAREKHPLAT,2005-07-08,2005-07-14,,UNKNOWN_NO_ISIN,1,ENDED_UNEXPLAINED,
PAREKHPLAT|NOISIN|3,PAREKHPLAT,2006-06-12,2006-06-29,,UNKNOWN_NO_ISIN,1,ENDED_UNEXPLAINED,
PAREKHPLAT|NOISIN|4,PAREKHPLAT,2006-08-28,2006-09-21,,UNKNOWN_NO_ISIN,1,ENDED_UNEXPLAINED,
PAREKHPLAT|NOISIN|5,PAREKHPLAT,2006-11-24,2007-06-14,,UNKNOWN_NO_ISIN,1,ENDED_UNEXPLAINED,
PAREKHPLAT|NOISIN|6,PAREKHPLAT,2007-12-03,2007-12-28,,UNKNOWN_NO_ISIN,1,ENDED_UNEXPLAINED,
PAREKHPLAT|NOISIN|7,PAREKHPLAT,2008-02-29,2009-01-09,,UNKNOWN_NO_ISIN,1,ENDED_UNEXPLAINED,
PAREKHPLAT|NOISIN|8,PAREKHPLAT,2009-03-02,2009-11-12,,UNKNOWN_NO_ISIN,1,ENDED_UNEXPLAINED,
PARIN|INE00U801010|1,PARIN,2026-09-25,2026-09-30,INE00U801010,EQUITY,1,ACTIVE_AT_CUTOFF,
PARKHOSPS|INE119201023|1,PARKHOSPS,2025-12-17,2026-09-30,INE119201023,EQUITY,1,ACTIVE_AT_CUTOFF,
PARKHOTELS|INE988S01028|1,PARKHOTELS,2024-02-12,2026-09-30,INE988S01028,EQUITY,1,ACTIVE_AT_CUTOFF,
PARNAXLAB|INE383L01019|1,PARNAXLAB,2026-08-17,2026-09-30,INE383L01019,EQUITY,1,ACTIVE_AT_CUTOFF,
PARRYSUGAR|INE353B01021|1,PARRYSUGAR,2011-06-17,2017-05-24,INE353B01021,EQUITY,2,ENDED_UNEXPLAINED,
PARRYSUGAR|NOISIN|1,PARRYSUGAR,2010-12-03,2011-03-31,,UNKNOWN_NO_ISIN,1,ENDED_UNEXPLAINED,
PARSVNATH|INE561H01026|1,PARSVNATH,2006-11-30,2026-04-20,INE561H01026,EQUITY,2,ENDED_UNEXPLAINED,
PAR|INE04LG01015|1,PAR,2021-09-16,2026-09-03,INE04LG01015,EQUITY,1,ENDED_UNEXPLAINED,
PASHUPATI|INE124Y01010|1,PASHUPATI,2025-07-17,2026-09-30,INE124Y01010|INE124Y01028,EQUITY,2,ACTIVE_AT_CUTOFF,
PASUPATFAB|NOISIN|1,PASUPATFAB,2005-01-03,2005-04-01,,UNKNOWN_NO_ISIN,1,ENDED_UNEXPLAINED,
PASUPATI|NOISIN|1,PASUPATI,2006-03-28,2006-09-07,,UNKNOWN_NO_ISIN,1,ENDED_UNEXPLAINED,
PASUPATI|NOISIN|2,PASUPATI,2006-11-24,2007-08-16,,UNKNOWN_NO_ISIN,1,DELISTED_EVIDENCED,PASUPATI 2017-05-12 Compulsory Delisting
PASUPTAC|INE818B01023|1,PASUPTAC,2021-10-12,2026-09-30,INE818B01023,EQUITY,1,ACTIVE_AT_CUTOFF,
PATANJALI|INE619A01035|1,PATANJALI|RUCHI,2020-02-07,2026-09-30,INE619A01035,EQUITY,2,ACTIVE_AT_CUTOFF,
PATELENG|INE244B01030|1,PATELENG,2005-02-24,2026-09-30,INE244B01030,EQUITY,2,ACTIVE_AT_CUTOFF,
PATELRMART|INE0R8B01010|1,PATELRMART,2025-09-10,2026-09-30,INE0R8B01010,EQUITY,1,ACTIVE_AT_CUTOFF,
PATINTLOG|INE529D01014|1,PATINTLOG,2010-12-03,2026-09-30,INE529D01014,EQUITY,2,ACTIVE_AT_CUTOFF,
PATINTLOG|NOISIN|1,PATINTLOG,2008-01-11,2010-08-19,,UNKNOWN_NO_ISIN,1,ENDED_UNEXPLAINED,
PATNI|INE660F01012|1,PATNI,2005-01-03,2012-05-18,INE660F01012,EQUITY,2,DELISTED_EVIDENCED,PATNI 2012-05-28 Voluntary Delisting
PATSPINLTD|INE790C01014|1,PATSPINLTD,2011-03-07,2022-01-03,INE790C01014,EQUITY,2,ENDED_UNEXPLAINED,
PATSPINLTD|NOISIN|1,PATSPINLTD,2005-01-03,2005-09-22,,UNKNOWN_NO_ISIN,1,ENDED_UNEXPLAINED,
PATSPINLTD|NOISIN|2,PATSPINLTD,2005-11-25,2007-12-28,,UNKNOWN_NO_ISIN,1,ENDED_UNEXPLAINED,
PATSPINLTD|NOISIN|3,PATSPINLTD,2008-02-29,2009-06-11,,UNKNOWN_NO_ISIN,1,ENDED_UNEXPLAINED,
PATSPINLTD|NOISIN|4,PATSPINLTD,2009-08-21,2010-07-08,,UNKNOWN_NO_ISIN,1,ENDED_UNEXPLAINED,
PATSPINLTD|NOISIN|5,PATSPINLTD,2010-08-20,2010-12-02,,UNKNOWN_NO_ISIN,1,ENDED_UNEXPLAINED,
PAUSHAKLTD|INE111F01024|1,PAUSHAKLTD,2025-12-01,2026-09-30,INE111F01024,EQUITY,1,ACTIVE_AT_CUTOFF,
PAVCI|NOISIN|1,PAVCI,2005-01-03,2005-11-18,,UNKNOWN_NO_ISIN,1,ENDED_UNEXPLAINED,
PAVCI|NOISIN|2,PAVCI,2006-06-12,2007-12-06,,UNKNOWN_NO_ISIN,1,DELISTED_EVIDENCED,PAVCI 2007-12-14 Voluntary Delisting
PAVNAIND|INE07S101020|1,PAVNAIND,2023-06-01,2026-09-30,INE07S101020|INE07S101038,EQUITY,2,ACTIVE_AT_CUTOFF,
PAYTM|INE982J01020|1,PAYTM,2021-11-18,2026-09-30,INE982J01020,EQUITY,1,ACTIVE_AT_CUTOFF,
PBAINFRA|INE160H01019|1,PBAINFRA,2005-11-24,2022-08-23,INE160H01019,EQUITY,2,ENDED_UNEXPLAINED,
PBMPOLY|INE501F01018|1,PBMPOLY,2026-08-17,2026-09-30,INE501F01018,EQUITY,1,ACTIVE_AT_CUTOFF,
PCBL|INE602A01023|1,PCBL|PHILIPCARB,2009-11-20,2026-09-30,INE602A01015|INE602A01023|INE602A01031,EQUITY,5,ACTIVE_AT_CUTOFF,
PCJEWELLER|INE785M01013|1,PCJEWELLER,2012-12-27,2024-10-07,INE785M01013,EQUITY,1,ENDED_UNEXPLAINED,
PCJEWELLER|INE785M01021|1,PCJEWELLER,2024-12-31,2026-09-30,INE785M01021,EQUITY,1,ACTIVE_AT_CUTOFF,
PDMJEPAPER|INE865T01018|1,PDMJEPAPER,2016-08-23,2026-09-30,INE865T01018,EQUITY,1,ACTIVE_AT_CUTOFF,
PDPL|INE904D01019|1,PDPL,2010-08-19,2021-10-28,INE904D01019,EQUITY,2,ENDED_UNEXPLAINED,
PDSL|INE111Q01013|1,PDSL|PDSMFL,2014-11-07,2026-09-30,INE111Q01013|INE111Q01021,EQUITY,3,ACTIVE_AT_CUTOFF,
PDUMJEAGRO|NOISIN|1,PDUMJEAGRO,2005-04-11,2007-12-12,,UNKNOWN_NO_ISIN,1,ENDED_UNEXPLAINED,
PDUMJEAGRO|NOISIN|2,PDUMJEAGRO|PDUMJEIND,2008-02-29,2009-02-16,,UNKNOWN_NO_ISIN,2,ENDED_UNEXPLAINED,
PDUMJEPULP|NOISIN|1,PDUMJEPULP,2005-04-08,2007-11-30,,UNKNOWN_NO_ISIN,1,ENDED_UNEXPLAINED,
PDUMJEPULP|NOISIN|2,PDUMJEPULP,2008-02-29,2010-06-10,,UNKNOWN_NO_ISIN,1,ENDED_UNEXPLAINED,
PEACOCKIND|INE600A01019|1,PEACOCKIND,2009-08-21,2013-07-05,INE600A01019,EQUITY,2,ENDED_UNEXPLAINED,
PEACOCKIND|NOISIN|1,PEACOCKIND,2005-04-08,2005-05-19,,UNKNOWN_NO_ISIN,1,ENDED_UNEXPLAINED,
PEACOCKIND|NOISIN|2,PEACOCKIND,2005-07-08,2005-07-21,,UNKNOWN_NO_ISIN,1,ENDED_UNEXPLAINED,
PEACOCKIND|NOISIN|3,PEACOCKIND,2006-06-12,2006-06-29,,UNKNOWN_NO_ISIN,1,ENDED_UNEXPLAINED,
PEACOCKIND|NOISIN|4,PEACOCKIND,2006-08-28,2007-01-25,,UNKNOWN_NO_ISIN,1,ENDED_UNEXPLAINED,
PEACOCKIND|NOISIN|5,PEACOCKIND,2007-03-06,2007-08-23,,UNKNOWN_NO_ISIN,1,ENDED_UNEXPLAINED,
PEACOCKIND|NOISIN|6,PEACOCKIND,2007-12-03,2007-12-28,,UNKNOWN_NO_ISIN,1,ENDED_UNEXPLAINED,
PEACOCKIND|NOISIN|7,PEACOCKIND,2008-03-03,2008-12-12,,UNKNOWN_NO_ISIN,1,ENDED_UNEXPLAINED,
PEACOCKIND|NOISIN|8,PEACOCKIND,2009-03-02,2009-05-04,,UNKNOWN_NO_ISIN,1,ENDED_UNEXPLAINED,
PEARLGLOBL|NOISIN|1,PEARLGLOBL,2005-01-03,2005-03-17,,UNKNOWN_NO_ISIN,1,ENDED_UNEXPLAINED,
PEARLGLOBL|NOISIN|2,PEARLGLOBL,2005-07-08,2007-12-13,,UNKNOWN_NO_ISIN,1,ENDED_UNEXPLAINED,
PEARLGLOBL|NOISIN|3,PEARLGLOBL,2008-02-29,2008-04-21,,UNKNOWN_NO_ISIN,1,ENDED_UNEXPLAINED,
PEARLGLOBL|NOISIN|4,PEARLGLOBL,2008-06-13,2008-08-07,,UNKNOWN_NO_ISIN,1,ENDED_UNEXPLAINED,
PEARLGLOBL|NOISIN|5,PEARLGLOBL,2008-12-01,2009-01-22,,UNKNOWN_NO_ISIN,1,ENDED_UNEXPLAINED,
PEARLGLOBL|NOISIN|6,PEARLGLOBL,2009-03-02,2009-08-13,,UNKNOWN_NO_ISIN,1,DELISTED_EVIDENCED,PEARLGLOBL 2009-08-21 Voluntary Delisting
PEARLPOLY|INE844A01013|1,PEARLPOLY,2009-08-24,2026-09-30,INE844A01013,EQUITY,2,ACTIVE_AT_CUTOFF,
PEARLPOLY|NOISIN|1,PEARLPOLY,2005-04-08,2009-06-10,,UNKNOWN_NO_ISIN,1,ENDED_UNEXPLAINED,
PENIND|INE932A01024|1,PENIND,2010-11-25,2026-09-30,INE932A01024,EQUITY,2,ACTIVE_AT_CUTOFF,
PENPEBS|INE455O01019|1,PENPEBS,2015-09-28,2019-06-06,INE455O01019,EQUITY,1,ENDED_UNEXPLAINED,
PENTACOMMU|NOISIN|1,PENTACOMMU,2005-01-03,2006-01-13,,UNKNOWN_NO_ISIN,1,ENDED_UNEXPLAINED,
PENTACOMMU|NOISIN|2,PENTACOMMU,2006-06-12,2006-06-29,,UNKNOWN_NO_ISIN,1,ENDED_UNEXPLAINED,
PENTACOMMU|NOISIN|3,PENTACOMMU,2006-08-28,2006-09-12,,UNKNOWN_NO_ISIN,1,DELISTED_EVIDENCED,PENTACOMMU 2009-01-09 Voluntary Delisting
PENTSFWARE|NOISIN|1,PENTSFWARE,2005-01-03,2006-01-13,,UNKNOWN_NO_ISIN,1,ENDED_UNEXPLAINED,
PENTSFWARE|NOISIN|2,PENTSFWARE,2006-06-12,2006-09-12,,UNKNOWN_NO_ISIN,1,DELISTED_EVIDENCED,PENTSFWARE 2009-01-09 Voluntary Delisting
PEPL|INE843A01023|1,PEPL,2011-06-17,2012-01-31,INE843A01023,EQUITY,2,DELISTED_EVIDENCED,PEPL 2018-02-26 Compulsory Delisting
PEPL|NOISIN|1,PEPL,2005-01-03,2005-07-21,,UNKNOWN_NO_ISIN,1,ENDED_UNEXPLAINED,
PEPL|NOISIN|2,PEPL,2006-08-29,2006-12-12,,UNKNOWN_NO_ISIN,1,ENDED_UNEXPLAINED,
PEPL|NOISIN|3,PEPL,2007-03-05,2007-07-26,,UNKNOWN_NO_ISIN,1,ENDED_UNEXPLAINED,
PEPL|NOISIN|4,PEPL,2007-12-03,2007-12-28,,UNKNOWN_NO_ISIN,1,ENDED_UNEXPLAINED,
PEPL|NOISIN|5,PEPL,2008-02-29,2008-04-21,,UNKNOWN_NO_ISIN,1,ENDED_UNEXPLAINED,
PEPL|NOISIN|6,PEPL,2008-06-13,2008-08-21,,UNKNOWN_NO_ISIN,1,ENDED_UNEXPLAINED,
PEPL|NOISIN|7,PEPL,2008-12-01,2009-03-02,,UNKNOWN_NO_ISIN,1,ENDED_UNEXPLAINED,
PEPL|NOISIN|8,PEPL,2009-08-21,2011-04-18,,UNKNOWN_NO_ISIN,1,ENDED_UNEXPLAINED,
PERIATEA|INE431F01018|1,PERIATEA|PKTEA,2011-06-23,2026-09-17,INE431F01018,EQUITY,2,ENDED_UNEXPLAINED,
PERIATEA|NOISIN|1,PERIATEA,2010-06-30,2011-06-21,,UNKNOWN_NO_ISIN,1,ENDED_UNEXPLAINED,
PERLENGINF|NOISIN|1,PERLENGINF,2005-01-03,2005-05-19,,UNKNOWN_NO_ISIN,1,ENDED_UNEXPLAINED,
PERLENGINF|NOISIN|2,PERLENGINF|SAMBHAAV,2005-07-11,2005-11-10,,UNKNOWN_NO_ISIN,2,ENDED_UNEXPLAINED,
PERMAGN|INE418E01018|1,PERMAGN,2026-08-17,2026-09-30,INE418E01018,EQUITY,1,ACTIVE_AT_CUTOFF,
PERNIASPOP|INE0I1B01016|1,PERNIASPOP,2026-09-07,2026-09-30,INE0I1B01016,EQUITY,1,ACTIVE_AT_CUTOFF,
PERSISTENT|INE262H01013|1,PERSISTENT,2010-04-06,2026-09-30,INE262H01013|INE262H01021,EQUITY,3,ACTIVE_AT_CUTOFF,
PETRONENGG|INE742A01019|1,PETRONENGG,2010-02-19,2019-03-22,INE742A01019,EQUITY,2,ENDED_UNEXPLAINED,
PETRONENGG|NOISIN|1,PETRONENGG,2005-01-03,2006-06-09,,UNKNOWN_NO_ISIN,1,ENDED_UNEXPLAINED,
PETRONENGG|NOISIN|2,PETRONENGG,2006-08-28,2008-08-21,,UNKNOWN_NO_ISIN,1,ENDED_UNEXPLAINED,
PETRONENGG|NOISIN|3,PETRONENGG,2008-12-01,2009-11-19,,UNKNOWN_NO_ISIN,1,ENDED_UNEXPLAINED,
PETRONET|INE347G01014|1,PETRONET,2005-01-03,2026-09-30,INE347G01014,EQUITY,2,ACTIVE_AT_CUTOFF,
PFC|INE134E01011|1,PFC,2007-02-23,2026-09-30,INE134E01011,EQUITY,2,ACTIVE_AT_CUTOFF,
PFIZER|INE182A01018|1,PFIZER,2005-01-03,2026-09-30,INE182A01018,EQUITY,2,ACTIVE_AT_CUTOFF,
PFOCUS|INE367G01038|1,PFOCUS,2010-06-11,2026-09-30,INE367G01038,EQUITY,2,ACTIVE_AT_CUTOFF,
PFOCUS|NOISIN|1,PFOCUS,2006-06-20,2010-04-16,,UNKNOWN_NO_ISIN,1,ENDED_UNEXPLAINED,
PFS|INE560K01014|1,PFS,2011-03-30,2026-09-30,INE560K01014,EQUITY,2,ACTIVE_AT_CUTOFF,
PGEL|INE457L01011|1,PGEL,2011-09-26,2026-09-30,INE457L01011|INE457L01029,EQUITY,2,ACTIVE_AT_CUTOFF,
PGHH|INE179A01014|1,PGHH,2005-01-03,2026-09-30,INE179A01014,EQUITY,2,ACTIVE_AT_CUTOFF,
PGIL|INE940H01022|1,PGIL,2024-01-23,2026-09-30,INE940H01022,EQUITY,1,ACTIVE_AT_CUTOFF,
PHARMACIA|NOISIN|1,PHARMACIA,2005-01-03,2005-03-03,,UNKNOWN_NO_ISIN,1,ENDED_UNEXPLAINED,
PHILCORP|NOISIN|1,PHILCORP,2005-01-03,2005-02-17,,UNKNOWN_NO_ISIN,1,ENDED_UNEXPLAINED,
PHILCORP|NOISIN|2,PHILCORP,2005-04-08,2005-05-05,,UNKNOWN_NO_ISIN,1,ENDED_UNEXPLAINED,
PHILCORP|NOISIN|3,PHILCORP,2005-07-08,2005-08-19,,UNKNOWN_NO_ISIN,1,ENDED_UNEXPLAINED,
PHILCORP|NOISIN|4,PHILCORP,2006-06-12,2006-06-29,,UNKNOWN_NO_ISIN,1,ENDED_UNEXPLAINED,
PHILCORP|NOISIN|5,PHILCORP,2006-08-28,2007-07-12,,UNKNOWN_NO_ISIN,1,DELISTED_EVIDENCED,PHILCORP 2010-02-09 Voluntary Delisting
PHILIPCARB|NOISIN|1,PHILIPCARB,2005-01-03,2006-02-16,,UNKNOWN_NO_ISIN,1,ENDED_UNEXPLAINED,
PHILIPCARB|NOISIN|2,PHILIPCARB,2006-06-12,2006-06-29,,UNKNOWN_NO_ISIN,1,ENDED_UNEXPLAINED,
PHILIPCARB|NOISIN|3,PHILIPCARB,2006-11-24,2009-05-28,,UNKNOWN_NO_ISIN,1,ENDED_UNEXPLAINED,
PHOENIXLMP|NOISIN|1,PHOENIXLMP,2005-01-03,2006-06-09,,UNKNOWN_NO_ISIN,1,ENDED_UNEXPLAINED,
PHOENIXLTD|INE211B01039|1,PHOENIXLTD,2007-04-23,2026-09-30,INE211B01039,EQUITY,2,ACTIVE_AT_CUTOFF,
PHOENXINTL|INE245B01011|1,PHOENXINTL,2026-08-17,2026-09-30,INE245B01011,EQUITY,1,ACTIVE_AT_CUTOFF,
PICCADIL|INE546C01010|1,PICCADIL,2025-07-02,2026-09-30,INE546C01010,EQUITY,1,ACTIVE_AT_CUTOFF,
PIDILITIND|INE318A01026|1,PIDILITIND,2005-01-03,2026-09-30,INE318A01026,EQUITY,2,ACTIVE_AT_CUTOFF,
PIGL|INE557Z01018|1,PIGL,2023-05-17,2026-09-30,INE557Z01018,EQUITY,1,ACTIVE_AT_CUTOFF,
PIIND|INE603J01014|1,PIIND,2011-06-15,2026-09-30,INE603J01014|INE603J01022|INE603J01030,EQUITY,4,ACTIVE_AT_CUTOFF,
PILANIINVS|INE417C01014|1,PILANIINVS,2015-12-23,2026-09-30,INE417C01014,EQUITY,1,ACTIVE_AT_CUTOFF,
PILIND|INE600A01027|1,PILIND|PILITA,2013-10-31,2026-09-30,INE600A01027|INE600A01035,EQUITY,3,ACTIVE_AT_CUTOFF,
PINCON|INE675G01018|1,PINCON,2016-06-15,2018-05-21,INE675G01018,EQUITY,1,ENDED_UNEXPLAINED,
PINELABS|INE15B701018|1,PINELABS,2025-11-14,2026-09-30,INE15B701018,EQUITY,1,ACTIVE_AT_CUTOFF,
PIONDIST|INE889E01010|1,PIONDIST,2010-12-03,2023-01-05,INE889E01010,EQUITY,2,ENDED_UNEXPLAINED,
PIONDIST|NOISIN|1,PIONDIST,2010-06-15,2010-08-19,,UNKNOWN_NO_ISIN,1,ENDED_UNEXPLAINED,
PIONEEREMB|INE156C01018|1,PIONEEREMB,2010-12-03,2026-09-30,INE156C01018,EQUITY,2,ACTIVE_AT_CUTOFF,
PIONEEREMB|NOISIN|1,PIONEEREMB,2006-05-16,2009-04-17,,UNKNOWN_NO_ISIN,1,ENDED_UNEXPLAINED,
PIONEEREMB|NOISIN|2,PIONEEREMB,2009-08-21,2010-04-29,,UNKNOWN_NO_ISIN,1,ENDED_UNEXPLAINED,
PIONEEREMB|NOISIN|3,PIONEEREMB,2010-06-11,2010-08-19,,UNKNOWN_NO_ISIN,1,ENDED_UNEXPLAINED,
PIONRINV|INE746D01014|1,PIONRINV,2026-04-20,2026-07-27,INE746D01014,EQUITY,1,ENDED_UNEXPLAINED,
PIPAVAVDOC|INE542F01012|1,PIPAVAVDOC|PIPAVAVYD|RDEL|RNAVAL,2009-10-09,2021-01-22,INE542F01012,EQUITY,5,ENDED_UNEXPLAINED,
PIRAMALFIN|INE202B01038|1,PIRAMALFIN,2025-11-21,2026-09-30,INE202B01038,EQUITY,1,ACTIVE_AT_CUTOFF,
PIRAMYDRET|NOISIN|1,PIRAMYDRET,2005-12-06,2006-06-29,,UNKNOWN_NO_ISIN,1,ENDED_UNEXPLAINED,
PIRAMYDRET|NOISIN|2,PIRAMYDRET,2006-08-28,2006-12-14,,UNKNOWN_NO_ISIN,1,ENDED_UNEXPLAINED,
PIRAMYDRET|NOISIN|3,PIRAMYDRET,2007-03-02,2007-12-13,,UNKNOWN_NO_ISIN,1,ENDED_UNEXPLAINED,
PIRAMYDRET|NOISIN|4,PIRAMYDRET,2008-02-29,2008-04-21,,UNKNOWN_NO_ISIN,1,ENDED_UNEXPLAINED,
PIRGLASS|INE748E01018|1,PIRGLASS,2010-02-19,2014-07-18,INE748E01018,EQUITY,2,DELISTED_EVIDENCED,PIRGLASS 2014-07-28 Voluntary Delisting
PIRLIFE|INE122J01015|1,PIRLIFE|PIRPHYTO,2010-08-20,2017-04-06,INE122J01015,EQUITY,3,ENDED_UNEXPLAINED,
PIRLIFE|NOISIN|1,PIRLIFE,2008-05-29,2009-02-19,,UNKNOWN_NO_ISIN,1,ENDED_UNEXPLAINED,
PIRLIFE|NOISIN|2,PIRLIFE,2009-06-12,2009-08-06,,UNKNOWN_NO_ISIN,1,ENDED_UNEXPLAINED,
PIRLIFE|NOISIN|3,PIRLIFE,2009-11-20,2010-04-01,,UNKNOWN_NO_ISIN,1,ENDED_UNEXPLAINED,
PITTIENG|INE450D01021|1,PITTIENG|PITTILAM,2010-12-03,2026-09-30,INE450D01013|INE450D01021,EQUITY,4,ACTIVE_AT_CUTOFF,
PITTILAM|NOISIN|1,PITTILAM,2007-02-02,2010-04-16,,UNKNOWN_NO_ISIN,1,ENDED_UNEXPLAINED,
PITTILAM|NOISIN|2,PITTILAM,2010-06-11,2010-10-28,,UNKNOWN_NO_ISIN,1,ENDED_UNEXPLAINED,
PIXTRANS|INE751B01018|1,PIXTRANS,2022-04-28,2026-09-30,INE751B01018,EQUITY,1,ACTIVE_AT_CUTOFF,
PLASTIBLEN|INE083C01014|1,PLASTIBLEN,2006-12-28,2026-09-30,INE083C01014|INE083C01022,EQUITY,3,ACTIVE_AT_CUTOFF,
PLATIND|INE0PT501018|1,PLATIND,2024-03-20,2026-09-30,INE0PT501018,EQUITY,1,ACTIVE_AT_CUTOFF,
PLAZACABLE|INE0INJ01017|1,PLAZACABLE,2023-10-27,2026-09-30,INE0INJ01017,EQUITY,1,ACTIVE_AT_CUTOFF,
PLETHICO|INE491H01018|1,PLETHICO,2006-05-05,2015-08-21,INE491H01018,EQUITY,2,DELISTED_EVIDENCED,PLETHICO 2018-05-30 Compulsory Delisting
PML|INE291E01019|1,PML,2026-04-20,2026-09-30,INE291E01019,EQUITY,1,ACTIVE_AT_CUTOFF,
PNBGILTS|INE859A01011|1,PNBGILTS,2008-12-01,2026-09-30,INE859A01011,EQUITY,2,ACTIVE_AT_CUTOFF,
PNBGILTS|NOISIN|1,PNBGILTS,2005-01-03,2008-08-07,,UNKNOWN_NO_ISIN,1,ENDED_UNEXPLAINED,
PNBHOUSING|INE572E01012|1,PNBHOUSING,2016-11-07,2026-09-30,INE572E01012,EQUITY,1,ACTIVE_AT_CUTOFF,
PNB|INE160A01014|1,PNB,2005-01-03,2026-09-30,INE160A01014|INE160A01022,EQUITY,3,ACTIVE_AT_CUTOFF,
PNCINFRA|INE195J01011|1,PNCINFRA,2015-05-26,2026-09-30,INE195J01011|INE195J01029,EQUITY,2,ACTIVE_AT_CUTOFF,
PNC|INE392B01011|1,PNC,2007-08-31,2026-09-30,INE392B01011,EQUITY,2,ACTIVE_AT_CUTOFF,
PNC|NOISIN|1,PNC,2005-01-03,2007-07-12,,UNKNOWN_NO_ISIN,1,ENDED_UNEXPLAINED,
PNEUMATIC|INE096T01010|1,PNEUMATIC,2015-10-06,2017-05-19,INE096T01010,EQUITY,1,ENDED_UNEXPLAINED,
PNGJL|INE953R01016|1,PNGJL,2024-09-17,2026-09-30,INE953R01016,EQUITY,1,ACTIVE_AT_CUTOFF,
PNGSREVA|INE1RDG01013|1,PNGSREVA,2026-03-04,2026-09-30,INE1RDG01013,EQUITY,1,ACTIVE_AT_CUTOFF,
POCHIRAJU|INE332G01032|1,POCHIRAJU,2007-02-09,2018-11-19,INE332G01032,EQUITY,2,ENDED_UNEXPLAINED,
POCL|INE063E01046|1,POCL,2023-03-06,2026-09-30,INE063E01046|INE063E01053|INE063E01061,EQUITY,3,ACTIVE_AT_CUTOFF,
PODDARHOUS|INE888B01018|1,PODDARHOUS,2017-04-10,2023-10-27,INE888B01018,EQUITY,1,ENDED_UNEXPLAINED,
PODDARMENT|INE371C01013|1,PODDARMENT,2016-11-22,2026-09-30,INE371C01013,EQUITY,1,ACTIVE_AT_CUTOFF,
POEL|INE035S01028|1,POEL,2026-08-17,2026-09-30,INE035S01028,EQUITY,1,ACTIVE_AT_CUTOFF,
POKARNA|INE637C01017|1,POKARNA,2016-07-07,2026-09-30,INE637C01017|INE637C01025,EQUITY,2,ACTIVE_AT_CUTOFF,
POLARIND|INE057B01010|1,POLARIND,2010-02-19,2013-08-20,INE057B01010,EQUITY,2,DELISTED_EVIDENCED,POLARIND 2017-05-12 Compulsory Delisting
POLARIND|NOISIN|1,POLARIND,2005-01-03,2005-03-03,,UNKNOWN_NO_ISIN,1,ENDED_UNEXPLAINED,
POLARIND|NOISIN|2,POLARIND,2005-04-11,2005-05-19,,UNKNOWN_NO_ISIN,1,ENDED_UNEXPLAINED,
POLARIND|NOISIN|3,POLARIND,2006-08-28,2007-09-20,,UNKNOWN_NO_ISIN,1,ENDED_UNEXPLAINED,
POLARIND|NOISIN|4,POLARIND,2007-12-03,2007-12-28,,UNKNOWN_NO_ISIN,1,ENDED_UNEXPLAINED,
POLARIND|NOISIN|5,POLARIND,2008-02-29,2008-08-21,,UNKNOWN_NO_ISIN,1,ENDED_UNEXPLAINED,
POLARIND|NOISIN|6,POLARIND,2008-12-01,2009-12-10,,UNKNOWN_NO_ISIN,1,ENDED_UNEXPLAINED,
POLARIS|INE763A01023|1,POLARIS,2005-01-03,2018-07-24,INE763A01023,EQUITY,2,DELISTED_EVIDENCED,POLARIS 2018-08-01 Voluntary Delisting
POLICYBZR|INE417T01026|1,POLICYBZR,2021-11-15,2026-09-30,INE417T01026,EQUITY,1,ACTIVE_AT_CUTOFF,
POLYCAB|INE455K01017|1,POLYCAB,2019-04-16,2026-09-30,INE455K01017,EQUITY,1,ACTIVE_AT_CUTOFF,
POLYMED|INE205C01013|1,POLYMED,2011-12-07,2026-09-30,INE205C01013|INE205C01021,EQUITY,2,ACTIVE_AT_CUTOFF,
POLYPLEX|INE633B01018|1,POLYPLEX,2010-06-11,2026-09-30,INE633B01018,EQUITY,2,ACTIVE_AT_CUTOFF,
POLYPLEX|NOISIN|1,POLYPLEX,2005-01-03,2006-06-29,,UNKNOWN_NO_ISIN,1,ENDED_UNEXPLAINED,
POLYPLEX|NOISIN|2,POLYPLEX,2006-08-28,2007-11-15,,UNKNOWN_NO_ISIN,1,ENDED_UNEXPLAINED,
POLYPLEX|NOISIN|3,POLYPLEX,2008-02-29,2010-02-18,,UNKNOWN_NO_ISIN,1,ENDED_UNEXPLAINED,
POLYSPIN|INE914G01029|1,POLYSPIN,2026-08-17,2026-09-30,INE914G01029,EQUITY,1,ACTIVE_AT_CUTOFF,
PONDYOXIDE|INE063E01038|1,PONDYOXIDE,2010-10-01,2015-01-07,INE063E01038,EQUITY,2,ENDED_UNEXPLAINED,
PONNIERODE|INE838E01017|1,PONNIERODE,2008-12-01,2026-09-30,INE838E01017,EQUITY,2,ACTIVE_AT_CUTOFF,
PONNIERODE|NOISIN|1,PONNIERODE,2005-01-03,2006-02-16,,UNKNOWN_NO_ISIN,1,ENDED_UNEXPLAINED,
PONNIERODE|NOISIN|2,PONNIERODE,2006-06-12,2007-12-28,,UNKNOWN_NO_ISIN,1,ENDED_UNEXPLAINED,
PONNIERODE|NOISIN|3,PONNIERODE,2008-02-29,2008-08-21,,UNKNOWN_NO_ISIN,1,ENDED_UNEXPLAINED,
POWERGRID|INE752E01010|1,POWERGRID,2007-10-05,2026-09-30,INE752E01010,EQUITY,2,ACTIVE_AT_CUTOFF,
POWERICA|INE921L01032|1,POWERICA,2026-04-02,2026-09-30,INE921L01032,EQUITY,1,ACTIVE_AT_CUTOFF,
POWERINDIA|INE07Y701011|1,POWERINDIA,2020-04-17,2026-09-30,INE07Y701011,EQUITY,1,ACTIVE_AT_CUTOFF,
POWERMECH|INE211R01019|1,POWERMECH,2015-08-26,2026-09-30,INE211R01019,EQUITY,1,ACTIVE_AT_CUTOFF,
PPAP|INE095I01015|1,PPAP,2009-08-21,2026-07-14,INE095I01015,EQUITY,2,ENDED_UNEXPLAINED,
PPAP|NOISIN|1,PPAP,2008-01-11,2009-06-11,,UNKNOWN_NO_ISIN,1,ENDED_UNEXPLAINED,
PPLPHARMA|INE0DK501011|1,PPLPHARMA,2022-11-03,2026-09-30,INE0DK501011,EQUITY,1,ACTIVE_AT_CUTOFF,
PPL|INE050001010|1,PPL,2019-08-23,2026-07-01,INE050001010,EQUITY,1,ENDED_UNEXPLAINED,
PRABHAT|INE302M01033|1,PRABHAT,2015-09-21,2021-04-22,INE302M01033,EQUITY,1,ENDED_UNEXPLAINED,
PRABHA|INE0I0M01023|1,PRABHA,2025-04-03,2026-09-30,INE0I0M01023,EQUITY,1,ACTIVE_AT_CUTOFF,
PRADIP|INE495J01015|1,PRADIP,2010-04-05,2021-10-14,INE495J01015,EQUITY,2,ENDED_UNEXPLAINED,
PRADPME|INE770A01010|1,PRADPME,2026-04-20,2026-06-30,INE770A01010,EQUITY,1,ENDED_UNEXPLAINED,
PRAENG|INE505C01016|1,PRAENG,2011-06-17,2026-09-30,INE505C01016,EQUITY,2,ACTIVE_AT_CUTOFF,
PRAENG|NOISIN|1,PRAENG,2007-01-02,2009-06-11,,UNKNOWN_NO_ISIN,1,ENDED_UNEXPLAINED,
PRAENG|NOISIN|2,PRAENG,2009-08-21,2011-04-18,,UNKNOWN_NO_ISIN,1,ENDED_UNEXPLAINED,
PRAJIND|INE074A01025|1,PRAJIND,2005-01-03,2026-09-30,INE074A01025,EQUITY,2,ACTIVE_AT_CUTOFF,
PRAKASHCON|INE023M01019|1,PRAKASHCON|SETUINFRA,2011-10-04,2022-11-16,INE023M01019|INE023M01027,EQUITY,3,ENDED_UNEXPLAINED,
PRAKASHSTL|INE696K01016|1,PRAKASHSTL,2010-08-25,2026-09-30,INE696K01016|INE696K01024,EQUITY,3,ACTIVE_AT_CUTOFF,
PRAKASH|INE603A01013|1,PRAKASH,2007-08-31,2026-09-30,INE603A01013,EQUITY,2,ACTIVE_AT_CUTOFF,
PRAKASH|NOISIN|1,PRAKASH,2005-11-25,2006-06-09,,UNKNOWN_NO_ISIN,1,ENDED_UNEXPLAINED,
PRAKASH|NOISIN|2,PRAKASH,2006-08-28,2007-06-07,,UNKNOWN_NO_ISIN,1,ENDED_UNEXPLAINED,
PRANAV|INE0H4201019|1,PRANAV,2026-09-15,2026-09-30,INE0H4201019,EQUITY,1,ACTIVE_AT_CUTOFF,
PRASOLCHEM|INE455U01024|1,PRASOLCHEM,2026-09-16,2026-09-30,INE455U01024,EQUITY,1,ACTIVE_AT_CUTOFF,
PRATIBHA|INE308H01022|1,PRATIBHA,2007-03-02,2018-09-24,INE308H01022,EQUITY,2,ENDED_UNEXPLAINED,
PRATIBHA|NOISIN|1,PRATIBHA,2006-03-16,2006-11-23,,UNKNOWN_NO_ISIN,1,ENDED_UNEXPLAINED,
PRAVEG|INE722B01019|1,PRAVEG,2026-04-20,2026-09-30,INE722B01019,EQUITY,1,ACTIVE_AT_CUTOFF,
PRAXIS|INE546Y01022|1,PRAXIS,2018-02-15,2026-09-30,INE546Y01022,EQUITY,1,ACTIVE_AT_CUTOFF,
PRECAM|INE484I01029|1,PRECAM,2016-02-08,2026-09-30,INE484I01029,EQUITY,1,ACTIVE_AT_CUTOFF,
PRECOTMILL|NOISIN|1,PRECOT|PRECOTMILL,2005-08-19,2009-05-28,,UNKNOWN_NO_ISIN,2,ENDED_UNEXPLAINED,
PRECOT|INE283A01014|1,PRECOT,2009-08-21,2026-09-30,INE283A01014,EQUITY,2,ACTIVE_AT_CUTOFF,
PRECWIRE|INE372C01011|1,PRECWIRE,2009-11-20,2026-09-30,INE372C01011|INE372C01029|INE372C01037,EQUITY,4,ACTIVE_AT_CUTOFF,
PRECWIRE|NOISIN|1,PRECWIRE,2005-01-03,2009-08-06,,UNKNOWN_NO_ISIN,1,ENDED_UNEXPLAINED,
PREMAUTO|NOISIN|1,PREMAUTO,2005-04-08,2005-05-19,,UNKNOWN_NO_ISIN,1,ENDED_UNEXPLAINED,
PREMCO|INE001E01012|1,PREMCO,2026-04-20,2026-09-30,INE001E01012,EQUITY,1,ACTIVE_AT_CUTOFF,
PREMEXPLN|INE863B01011|1,PREMEXPLN,2016-06-17,2026-09-30,INE863B01011|INE863B01029,EQUITY,2,ACTIVE_AT_CUTOFF,
PREMIERENE|INE0BS701011|1,PREMIERENE,2024-09-03,2026-09-30,INE0BS701011,EQUITY,1,ACTIVE_AT_CUTOFF,
PREMIERPOL|INE309M01012|1,PREMIERPOL,2012-08-23,2024-10-17,INE309M01012,EQUITY,1,ENDED_UNEXPLAINED,
PREMIERPOL|INE309M01020|1,PREMIERPOL,2025-02-24,2026-09-30,INE309M01020,EQUITY,1,ACTIVE_AT_CUTOFF,
PREMIER|INE342A01018|1,PREMIER,2010-02-19,2022-05-24,INE342A01018,EQUITY,2,ENDED_UNEXPLAINED,
PREMIER|NOISIN|1,PREMIER,2005-07-08,2007-03-01,,UNKNOWN_NO_ISIN,1,ENDED_UNEXPLAINED,
PREMIER|NOISIN|2,PREMIER,2007-06-08,2009-10-16,,UNKNOWN_NO_ISIN,1,ENDED_UNEXPLAINED,
PREMIER|NOISIN|3,PREMIER,2009-11-20,2009-12-24,,UNKNOWN_NO_ISIN,1,ENDED_UNEXPLAINED,
PREMINSTR|NOISIN|1,PREMINSTR|PRICOL,2005-01-03,2009-05-28,,UNKNOWN_NO_ISIN,2,ENDED_UNEXPLAINED,
PRESTIGE|INE811K01011|1,PRESTIGE,2010-10-27,2026-09-30,INE811K01011,EQUITY,2,ACTIVE_AT_CUTOFF,
PRICOLLTD|INE726V01018|1,PRICOLLTD,2017-02-27,2026-09-30,INE726V01018,EQUITY,1,ACTIVE_AT_CUTOFF,
PRICOL|INE605A01026|1,PRICOL,2010-02-19,2016-12-02,INE605A01026,EQUITY,2,ENDED_UNEXPLAINED,
PRICOL|NOISIN|2,PRICOL,2009-08-21,2009-11-12,,UNKNOWN_NO_ISIN,1,ENDED_UNEXPLAINED,
PRIMESECU|INE032B01021|1,PRIMESECU,2009-08-21,2026-09-30,INE032B01021,EQUITY,2,ACTIVE_AT_CUTOFF,
PRIMESECU|NOISIN|1,PRIMESECU,2005-06-17,2009-06-11,,UNKNOWN_NO_ISIN,1,ENDED_UNEXPLAINED,
PRIMESEC|NOISIN|1,PRIMESEC,2005-01-03,2005-04-19,,UNKNOWN_NO_ISIN,1,ENDED_UNEXPLAINED,
PRIMO|INE607A01022|1,PRIMO,2025-04-22,2026-09-30,INE607A01022,EQUITY,1,ACTIVE_AT_CUTOFF,
PRINCEPIPE|INE689W01016|1,PRINCEPIPE,2019-12-30,2026-09-30,INE689W01016,EQUITY,1,ACTIVE_AT_CUTOFF,
PRIORITY|INE15EH01014|1,PRIORITY,2026-09-21,2026-09-30,INE15EH01014,EQUITY,1,ACTIVE_AT_CUTOFF,
PRISMCEM|INE010A01011|1,PRISMCEM|PRSMJOHNSN,2005-01-03,2026-09-30,INE010A01011,EQUITY,3,ACTIVE_AT_CUTOFF,
PRISMX|INE286N01028|1,PRISMX,2026-08-17,2026-09-30,INE286N01028,EQUITY,1,ACTIVE_AT_CUTOFF,
PRITHVISOF|INE621B01021|1,PRITHVISOF,2011-06-23,2015-01-29,INE621B01021,EQUITY,1,ENDED_UNEXPLAINED,
PRITHVISOF|NOISIN|1,PRITHVISOF,2010-10-01,2011-06-15,,UNKNOWN_NO_ISIN,1,ENDED_UNEXPLAINED,
PRITHVI|INE700C01013|1,PRITHVI,2005-11-16,2014-12-24,INE700C01013,EQUITY,2,DELISTED_EVIDENCED,PRITHVI 2018-09-11 Compulsory Delisting
PRITIKAUTO|INE583R01029|1,PRITIKAUTO,2021-08-10,2026-09-30,INE583R01029,EQUITY,1,ACTIVE_AT_CUTOFF,
PRITI|INE974Z01015|1,PRITI,2022-03-02,2026-09-30,INE974Z01015,EQUITY,1,ACTIVE_AT_CUTOFF,
PROSTARM|INE0BX301013|1,PROSTARM,2025-06-17,2026-09-30,INE0BX301013,EQUITY,1,ACTIVE_AT_CUTOFF,
PROTEAN|INE004A01022|1,PROTEAN,2025-02-06,2026-09-30,INE004A01022,EQUITY,1,ACTIVE_AT_CUTOFF,
PROVOGE|INE968G01033|1,PROVOGE,2012-04-11,2019-10-24,INE968G01033,EQUITY,1,ENDED_UNEXPLAINED,
PROVOGUE|INE968G01025|1,PROVOGUE,2006-11-24,2012-03-06,INE968G01025,EQUITY,2,ENDED_UNEXPLAINED,
PROVOGUE|NOISIN|1,PROVOGUE,2005-07-07,2006-06-29,,UNKNOWN_NO_ISIN,1,ENDED_UNEXPLAINED,
PROZONECSC|INE195N01013|1,PROZONECSC|PROZONER|PROZONINTU,2012-09-27,2026-09-30,INE195N01013,EQUITY,3,ACTIVE_AT_CUTOFF,
PRUDENT|INE00F201020|1,PRUDENT,2022-05-20,2026-09-30,INE00F201020,EQUITY,1,ACTIVE_AT_CUTOFF,
PRUDMOULI|INE024D01016|1,PRUDMOULI,2024-03-11,2026-09-30,INE024D01016,EQUITY,1,ACTIVE_AT_CUTOFF,
PSB|INE608A01012|1,PSB,2010-12-30,2026-09-30,INE608A01012,EQUITY,2,ACTIVE_AT_CUTOFF,
PSL|INE474B01017|1,PSL,2005-01-03,2020-08-17,INE474B01017,EQUITY,2,ENDED_UNEXPLAINED,
PSPPROJECT|INE488V01015|1,PSPPROJECT,2017-06-12,2026-09-30,INE488V01015,EQUITY,1,ACTIVE_AT_CUTOFF,
PSTL|NOISIN|1,PSTL,2007-01-05,2009-06-11,,UNKNOWN_NO_ISIN,1,ENDED_UNEXPLAINED,
PSTL|NOISIN|2,PSTL,2009-08-21,2010-05-31,,UNKNOWN_NO_ISIN,1,DELISTED_EVIDENCED,PSTL 2016-09-12 Delisting - Liquidation
PSUBANKICI|INF109KC10S8|1,PSUBANKICI|PSUBNKIETF,2023-03-21,2026-09-30,INF109KC10S8,FUND_UNIT,2,ACTIVE_AT_CUTOFF,
PSUBANK|INF174KA1A86|1,PSUBANK,2026-07-10,2026-09-30,INF174KA1A86,FUND_UNIT,1,ACTIVE_AT_CUTOFF,
PSUBNKBEES|INF204KB16I7|1,PSUBNKBEES,2019-12-20,2026-09-30,INF204KB16I7,FUND_UNIT,1,ACTIVE_AT_CUTOFF,
PSUBNKBEES|INF732E01110|1,PSUBNKBEES,2007-11-01,2019-12-19,INF732E01110,FUND_UNIT,2,ENDED_UNEXPLAINED,
PTCIL|INE596F01018|1,PTCIL,2023-06-09,2026-09-30,INE596F01018,EQUITY,1,ACTIVE_AT_CUTOFF,
PTC|INE877F01012|1,PTC,2005-01-03,2026-09-30,INE877F01012,EQUITY,2,ACTIVE_AT_CUTOFF,
PTL|INE034D01031|1,PTL,2011-06-17,2026-09-30,INE034D01031|INE034D01049,EQUITY,3,ACTIVE_AT_CUTOFF,
PTL|NOISIN|1,PTL,2007-01-29,2007-03-01,,UNKNOWN_NO_ISIN,1,ENDED_UNEXPLAINED,
PTL|NOISIN|2,PTL,2007-06-08,2007-11-29,,UNKNOWN_NO_ISIN,1,ENDED_UNEXPLAINED,
PTL|NOISIN|3,PTL,2008-03-04,2009-06-11,,UNKNOWN_NO_ISIN,1,ENDED_UNEXPLAINED,
PTL|NOISIN|4,PTL,2009-08-21,2010-02-18,,UNKNOWN_NO_ISIN,1,ENDED_UNEXPLAINED,
PTL|NOISIN|5,PTL,2010-06-11,2010-07-08,,UNKNOWN_NO_ISIN,1,ENDED_UNEXPLAINED,
PTL|NOISIN|6,PTL,2010-12-03,2011-03-04,,UNKNOWN_NO_ISIN,1,ENDED_UNEXPLAINED,
PUNJABCHEM|INE277B01014|1,PUNJABCHEM,2007-03-08,2026-09-30,INE277B01014,EQUITY,2,ACTIVE_AT_CUTOFF,
PUNJABTRAC|NOISIN|1,PUNJABTRAC,2005-01-03,2009-02-24,,UNKNOWN_NO_ISIN,1,ENDED_UNEXPLAINED,
PUNJLLOYD|INE701B01021|1,PUNJLLOYD,2006-01-06,2019-09-23,INE701B01021,EQUITY,2,ENDED_UNEXPLAINED,
PURVA|INE323I01011|1,PURVA,2007-08-30,2026-09-30,INE323I01011,EQUITY,2,ACTIVE_AT_CUTOFF,
PVP|INE362A01016|1,PVP,2009-06-12,2026-09-30,INE362A01016,EQUITY,2,ACTIVE_AT_CUTOFF,
PVP|NOISIN|1,PVP|SOFTSOLINT,2007-12-03,2009-03-19,,UNKNOWN_NO_ISIN,2,ENDED_UNEXPLAINED,
PVRINOX|INE191H01014|1,PVR|PVRINOX,2010-02-19,2026-09-30,INE191H01014,EQUITY,3,ACTIVE_AT_CUTOFF,
PVR|NOISIN|1,PVR,2006-01-04,2007-12-13,,UNKNOWN_NO_ISIN,1,ENDED_UNEXPLAINED,
PVR|NOISIN|2,PVR,2008-02-29,2009-12-10,,UNKNOWN_NO_ISIN,1,ENDED_UNEXPLAINED,
PVSL|INE772T01024|1,PVSL,2024-03-19,2026-09-30,INE772T01024,EQUITY,1,ACTIVE_AT_CUTOFF,
PVTBANIETF|INF109KC18U7|1,PVTBANIETF,2024-03-01,2026-09-30,INF109KC18U7,FUND_UNIT,1,ACTIVE_AT_CUTOFF,
PVTBANK|INF174KA1A94|1,PVTBANK,2026-07-22,2026-09-30,INF174KA1A94,FUND_UNIT,1,ACTIVE_AT_CUTOFF,
PVTBKGROWW|INF666M01OT5|1,PVTBKGROWW,2026-05-26,2026-09-30,INF666M01OT5,FUND_UNIT,1,ACTIVE_AT_CUTOFF,
PWL|INE0LP301011|1,PWL,2025-11-18,2026-09-30,INE0LP301011,EQUITY,1,ACTIVE_AT_CUTOFF,
PYRAMID|INE0MIS01010|1,PYRAMID,2023-09-12,2026-09-30,INE0MIS01010,EQUITY,1,ACTIVE_AT_CUTOFF,
QGOLDHALF|INF082J01010|1,QGOLDHALF,2008-02-28,2021-12-16,INF082J01010,FUND_UNIT,2,ENDED_UNEXPLAINED,
QGOLDHALF|INF082J01408|1,QGOLDHALF,2021-12-17,2026-09-30,INF082J01408,FUND_UNIT,1,ACTIVE_AT_CUTOFF,
QMSMEDI|INE0FMW01018|1,QMSMEDI,2026-06-18,2026-08-17,INE0FMW01018,EQUITY,1,ENDED_UNEXPLAINED,
QNIFTY|INF082J01028|1,QNIFTY,2008-07-18,2026-02-12,INF082J01028,FUND_UNIT,2,ENDED_UNEXPLAINED,
QNIFTY|INF082J01499|1,QNIFTY,2026-02-13,2026-09-30,INF082J01499,FUND_UNIT,1,ACTIVE_AT_CUTOFF,
QPOWER|INE0SII01026|1,QPOWER,2025-02-24,2026-09-30,INE0SII01026,EQUITY,1,ACTIVE_AT_CUTOFF,
QUADFUTURE|INE0LRY01011|1,QUADFUTURE,2025-01-14,2026-09-30,INE0LRY01011,EQUITY,1,ACTIVE_AT_CUTOFF,
QUAL30IETF|INF109KC18V5|1,QUAL30IETF,2024-05-10,2026-09-30,INF109KC18V5,FUND_UNIT,1,ACTIVE_AT_CUTOFF,
QUALITY30|INF174KA1WT6|1,QUALITY|QUALITY30,2025-07-18,2026-09-30,INF174KA1WT6,FUND_UNIT,2,ACTIVE_AT_CUTOFF,
QUESS|INE615P01015|1,QUESS,2016-07-12,2026-09-30,INE615P01015,EQUITY,1,ACTIVE_AT_CUTOFF,
QUICKHEAL|INE306L01010|1,QUICKHEAL,2016-02-18,2026-09-30,INE306L01010,EQUITY,1,ACTIVE_AT_CUTOFF,
QUINTEGRA|INE033B01011|1,QUINTEGRA,2011-06-17,2026-09-30,INE033B01011,EQUITY,2,ACTIVE_AT_CUTOFF,
QUINTEGRA|NOISIN|1,QUINTEGRA|SOFFIASOFT,2005-01-03,2005-12-01,,UNKNOWN_NO_ISIN,2,ENDED_UNEXPLAINED,
QUINTEGRA|NOISIN|2,QUINTEGRA,2006-06-12,2006-08-24,,UNKNOWN_NO_ISIN,1,ENDED_UNEXPLAINED,
QUINTEGRA|NOISIN|3,QUINTEGRA,2006-11-24,2007-02-22,,UNKNOWN_NO_ISIN,1,ENDED_UNEXPLAINED,
QUINTEGRA|NOISIN|4,QUINTEGRA,2007-06-08,2007-06-28,,UNKNOWN_NO_ISIN,1,ENDED_UNEXPLAINED,
QUINTEGRA|NOISIN|5,QUINTEGRA,2007-08-31,2007-12-28,,UNKNOWN_NO_ISIN,1,ENDED_UNEXPLAINED,
QUINTEGRA|NOISIN|6,QUINTEGRA,2008-02-29,2009-05-04,,UNKNOWN_NO_ISIN,1,ENDED_UNEXPLAINED,
QUINTEGRA|NOISIN|7,QUINTEGRA,2009-11-20,2010-01-21,,UNKNOWN_NO_ISIN,1,ENDED_UNEXPLAINED,
QUINTEGRA|NOISIN|8,QUINTEGRA,2010-08-20,2010-10-14,,UNKNOWN_NO_ISIN,1,ENDED_UNEXPLAINED,
QUINTEGRA|NOISIN|9,QUINTEGRA,2010-12-03,2011-04-18,,UNKNOWN_NO_ISIN,1,ENDED_UNEXPLAINED,
QUINT|INE641R01017|1,QUINT,2026-04-20,2026-09-21,INE641R01017,EQUITY,1,ENDED_UNEXPLAINED,
RACE|INE084Q01012|1,RACE,2023-05-09,2026-09-30,INE084Q01012,EQUITY,1,ACTIVE_AT_CUTOFF,
RACLGEAR|INE704B01017|1,RACLGEAR,2024-11-27,2026-09-30,INE704B01017,EQUITY,1,ACTIVE_AT_CUTOFF,
RADAAN|INE874F01027|1,RADAAN,2009-08-21,2026-09-30,INE874F01027,EQUITY,2,ACTIVE_AT_CUTOFF,
RADAAN|NOISIN|1,RADAAN,2005-01-03,2005-09-09,,UNKNOWN_NO_ISIN,1,ENDED_UNEXPLAINED,
RADAAN|NOISIN|2,RADAAN,2005-11-25,2007-05-31,,UNKNOWN_NO_ISIN,1,ENDED_UNEXPLAINED,
RADAAN|NOISIN|3,RADAAN,2007-08-31,2007-12-28,,UNKNOWN_NO_ISIN,1,ENDED_UNEXPLAINED,
RADAAN|NOISIN|4,RADAAN,2008-02-29,2009-05-28,,UNKNOWN_NO_ISIN,1,ENDED_UNEXPLAINED,
RADHIKAJWE|INE583V01013|1,RADHIKAJWE,2022-07-18,2026-09-15,INE583V01013|INE583V01021,EQUITY,2,ENDED_UNEXPLAINED,
RADIANTCMS|INE855R01021|1,RADIANTCMS,2023-01-04,2026-09-30,INE855R01021,EQUITY,1,ACTIVE_AT_CUTOFF,
RADICO|INE944F01028|1,RADICO,2005-01-03,2026-09-30,INE944F01028,EQUITY,2,ACTIVE_AT_CUTOFF,
RADIOCITY|INE919I01016|1,RADIOCITY,2017-03-17,2026-09-30,INE919I01016|INE919I01024,EQUITY,2,ACTIVE_AT_CUTOFF,
RAILTEL|INE0DD101019|1,RAILTEL,2021-02-26,2026-09-30,INE0DD101019,EQUITY,1,ACTIVE_AT_CUTOFF,
RAINBOWPAP|INE028D01025|1,RAINBOWPAP,2010-06-02,2018-07-04,INE028D01025,EQUITY,2,ENDED_UNEXPLAINED,
RAINBOW|INE961O01016|1,RAINBOW,2022-05-10,2026-09-30,INE961O01016,EQUITY,1,ACTIVE_AT_CUTOFF,
RAINCALCIN|NOISIN|1,RAINCALCIN,2005-01-03,2005-07-07,,UNKNOWN_NO_ISIN,1,ENDED_UNEXPLAINED,
RAINCALCIN|NOISIN|2,RAINCALCIN,2005-11-25,2007-12-24,,UNKNOWN_NO_ISIN,1,ENDED_UNEXPLAINED,
RAINCOM|INE855B01025|1,RAIN|RAINCOM,2008-03-03,2026-09-30,INE855B01025,EQUITY,3,ACTIVE_AT_CUTOFF,
RAIREKMOH|NOISIN|1,RAIREKMOH,2006-01-09,2006-01-09,,UNKNOWN_NO_ISIN,1,ENDED_UNEXPLAINED,
RAIREKMOH|NOISIN|2,RAIREKMOH,2006-03-14,2006-05-29,,UNKNOWN_NO_ISIN,1,ENDED_UNEXPLAINED,
RAIREKMOH|NOISIN|3,RAIREKMOH,2006-08-02,2006-08-17,,UNKNOWN_NO_ISIN,1,ENDED_UNEXPLAINED,
RAIREKMOH|NOISIN|4,RAIREKMOH,2006-10-11,2006-10-26,,UNKNOWN_NO_ISIN,1,ENDED_UNEXPLAINED,
RAJASSPG|NOISIN|1,RAJASSPG|RSWM,2005-01-03,2009-04-24,,UNKNOWN_NO_ISIN,2,ENDED_UNEXPLAINED,
RAJESHEXPO|INE343B01030|1,RAJESHEXPO,2005-01-03,2025-12-24,INE343B01030,EQUITY,2,ENDED_UNEXPLAINED,
RAJMET|INE00KV01014|1,RAJMET,2021-02-16,2026-09-30,INE00KV01014|INE00KV01022,EQUITY,2,ACTIVE_AT_CUTOFF,
RAJOIL|INE294G01018|1,RAJOIL,2009-08-12,2017-11-21,INE294G01018,EQUITY,2,ENDED_UNEXPLAINED,
RAJOOENG|INE535F01024|1,RAJOOENG,2025-05-29,2026-06-30,INE535F01024,EQUITY,1,ENDED_UNEXPLAINED,
RAJPALAYAM|INE296E01026|1,RAJPALAYAM,2010-01-11,2026-09-30,INE296E01026,EQUITY,2,ACTIVE_AT_CUTOFF,
RAJRATAN|INE451D01011|1,RAJRATAN,2020-05-22,2022-02-02,INE451D01011,EQUITY,1,ENDED_UNEXPLAINED,
RAJRATAN|INE451D01029|1,RAJRATAN,2022-03-28,2026-09-30,INE451D01029,EQUITY,1,ACTIVE_AT_CUTOFF,
RAJRAYON|INE533D01016|1,RAJRAYON,2009-11-20,2017-12-06,INE533D01016|INE533D01024,EQUITY,3,ENDED_UNEXPLAINED,
RAJRAYON|NOISIN|1,RAJRAYON,2007-01-04,2009-09-03,,UNKNOWN_NO_ISIN,1,ENDED_UNEXPLAINED,
RAJRILTD|INE533D01032|1,RAJRILTD,2022-04-01,2022-04-29,INE533D01032,EQUITY,1,ENDED_UNEXPLAINED,
RAJSREESUG|INE562B01019|1,RAJSREESUG,2008-02-29,2026-09-30,INE562B01019,EQUITY,2,ACTIVE_AT_CUTOFF,
RAJSREESUG|NOISIN|1,RAJSREESUG,2005-01-03,2007-12-28,,UNKNOWN_NO_ISIN,1,ENDED_UNEXPLAINED,
RAJTV|INE952H01019|1,RAJTV,2010-12-03,2026-09-30,INE952H01019|INE952H01027,EQUITY,3,ACTIVE_AT_CUTOFF,
RAJTV|NOISIN|1,RAJTV,2007-03-16,2007-05-31,,UNKNOWN_NO_ISIN,1,ENDED_UNEXPLAINED,
RAJTV|NOISIN|2,RAJTV,2007-08-31,2009-09-17,,UNKNOWN_NO_ISIN,1,ENDED_UNEXPLAINED,
RAJTV|NOISIN|3,RAJTV,2009-11-20,2010-03-18,,UNKNOWN_NO_ISIN,1,ENDED_UNEXPLAINED,
RAJTV|NOISIN|4,RAJTV,2010-06-11,2010-09-16,,UNKNOWN_NO_ISIN,1,ENDED_UNEXPLAINED,
RAJVIR|INE011H01014|1,RAJVIR,2010-06-11,2018-03-16,INE011H01014,EQUITY,2,ENDED_UNEXPLAINED,
RAJVIR|NOISIN|1,RAJVIR,2005-09-20,2006-06-09,,UNKNOWN_NO_ISIN,1,ENDED_UNEXPLAINED,
RAJVIR|NOISIN|2,RAJVIR,2006-08-28,2010-04-29,,UNKNOWN_NO_ISIN,1,ENDED_UNEXPLAINED,
RALLIS|INE613A01012|1,RALLIS,2005-04-08,2026-09-30,INE613A01012|INE613A01020,EQUITY,3,ACTIVE_AT_CUTOFF,
RAMANEWSPR|NOISIN|1,RAMANEWSPR,2005-01-03,2006-07-20,,UNKNOWN_NO_ISIN,1,ENDED_UNEXPLAINED,
RAMANEWS|INE278B01020|1,RAMANEWS,2011-06-17,2026-09-30,INE278B01020,EQUITY,2,ACTIVE_AT_CUTOFF,
RAMANEWS|NOISIN|1,RAMANEWS,2006-09-20,2009-12-10,,UNKNOWN_NO_ISIN,1,ENDED_UNEXPLAINED,
RAMANEWS|NOISIN|2,RAMANEWS,2010-02-19,2010-04-16,,UNKNOWN_NO_ISIN,1,ENDED_UNEXPLAINED,
RAMANEWS|NOISIN|3,RAMANEWS,2010-06-11,2010-12-23,,UNKNOWN_NO_ISIN,1,ENDED_UNEXPLAINED,
RAMAPHO|INE809A01024|1,RAMAPHO,2022-08-05,2026-09-30,INE809A01024|INE809A01032,EQUITY,2,ACTIVE_AT_CUTOFF,
RAMASTEEL|INE230R01019|1,RAMASTEEL,2015-09-07,2026-06-25,INE230R01019|INE230R01027|INE230R01035,EQUITY,3,ENDED_UNEXPLAINED,
RAMBHAJO|INE1SJO01012|1,RAMBHAJO,2026-07-15,2026-09-30,INE1SJO01012,EQUITY,1,ACTIVE_AT_CUTOFF,
RAMCOIND|INE614A01028|1,RAMCOIND,2009-11-20,2026-09-30,INE614A01028,EQUITY,2,ACTIVE_AT_CUTOFF,
RAMCOIND|NOISIN|1,RAMCOIND,2005-01-03,2009-08-20,,UNKNOWN_NO_ISIN,1,ENDED_UNEXPLAINED,
RAMCOSYS|INE246B01019|1,RAMCOSYS,2010-12-03,2026-09-30,INE246B01019,EQUITY,2,ACTIVE_AT_CUTOFF,
RAMCOSYS|NOISIN|1,RAMCOSYS,2005-01-03,2006-08-24,,UNKNOWN_NO_ISIN,1,ENDED_UNEXPLAINED,
RAMCOSYS|NOISIN|2,RAMCOSYS,2006-11-24,2007-05-07,,UNKNOWN_NO_ISIN,1,ENDED_UNEXPLAINED,
RAMCOSYS|NOISIN|3,RAMCOSYS,2007-06-08,2008-01-10,,UNKNOWN_NO_ISIN,1,ENDED_UNEXPLAINED,
RAMCOSYS|NOISIN|4,RAMCOSYS,2008-02-29,2009-05-28,,UNKNOWN_NO_ISIN,1,ENDED_UNEXPLAINED,
RAMCOSYS|NOISIN|5,RAMCOSYS,2009-08-21,2010-10-28,,UNKNOWN_NO_ISIN,1,ENDED_UNEXPLAINED,
RAMKY|INE874I01013|1,RAMKY,2010-10-08,2026-09-30,INE874I01013,EQUITY,2,ACTIVE_AT_CUTOFF,
RAMRAT|INE207E01023|1,RAMRAT,2022-07-29,2026-09-30,INE207E01023,EQUITY,1,ACTIVE_AT_CUTOFF,
RAMSARUP|INE005D01015|1,RAMSARUP,2011-03-07,2014-01-02,INE005D01015,EQUITY,2,ENDED_UNEXPLAINED,
RAMSARUP|NOISIN|1,RAMSARUP,2007-07-09,2009-04-02,,UNKNOWN_NO_ISIN,1,ENDED_UNEXPLAINED,
RAMSARUP|NOISIN|2,RAMSARUP,2009-11-20,2010-08-19,,UNKNOWN_NO_ISIN,1,ENDED_UNEXPLAINED,
RAMSARUP|NOISIN|3,RAMSARUP,2010-12-03,2011-01-06,,UNKNOWN_NO_ISIN,1,ENDED_UNEXPLAINED,
RANASUG|INE625B01014|1,RANASUG,2009-11-20,2026-09-30,INE625B01014,EQUITY,2,ACTIVE_AT_CUTOFF,
RANASUG|NOISIN|1,RANASUG,2005-02-24,2006-02-16,,UNKNOWN_NO_ISIN,1,ENDED_UNEXPLAINED,
RANASUG|NOISIN|2,RANASUG,2006-06-12,2007-12-13,,UNKNOWN_NO_ISIN,1,ENDED_UNEXPLAINED,
RANASUG|NOISIN|3,RANASUG,2008-02-29,2008-08-07,,UNKNOWN_NO_ISIN,1,ENDED_UNEXPLAINED,
RANASUG|NOISIN|4,RANASUG,2008-12-01,2009-04-17,,UNKNOWN_NO_ISIN,1,ENDED_UNEXPLAINED,
RANBAXY|INE015A01028|1,RANBAXY,2005-01-03,2015-04-01,INE015A01028,EQUITY,2,ENDED_UNEXPLAINED,
RANEBRAKE|NOISIN|1,RANEBRAKE,2005-01-03,2008-02-14,,UNKNOWN_NO_ISIN,1,ENDED_UNEXPLAINED,
RANEENGINE|INE222J01013|1,RANEENGINE,2010-06-11,2025-04-21,INE222J01013,EQUITY,2,ENDED_UNEXPLAINED,
RANEENGINE|NOISIN|1,RANEENGINE,2008-06-24,2010-01-21,,UNKNOWN_NO_ISIN,1,ENDED_UNEXPLAINED,
RANEHOLDIN|INE384A01010|1,RANEHOLDIN|RANEMADRAS,2005-01-03,2026-09-30,INE384A01010,EQUITY,3,ACTIVE_AT_CUTOFF,
RANKLIN|INE619C01015|1,RANKLIN,2011-02-17,2015-01-29,INE619C01015,EQUITY,2,ENDED_UNEXPLAINED,
RASOYPR|INE904G01020|1,RASOYPR,2011-12-12,2017-08-07,INE904G01020|INE904G01038,EQUITY,2,DELISTED_EVIDENCED,RASOYPR 2020-07-10 Delisting - Liquidation
RATEGAIN|INE0CLI01024|1,RATEGAIN,2021-12-17,2026-09-30,INE0CLI01024,EQUITY,1,ACTIVE_AT_CUTOFF,
RATNAMANI|INE703B01027|1,RATNAMANI,2006-05-09,2026-09-30,INE703B01027,EQUITY,2,ACTIVE_AT_CUTOFF,
RATNAVEER|INE05CZ01011|1,RATNAVEER,2023-09-26,2026-09-30,INE05CZ01011,EQUITY,1,ACTIVE_AT_CUTOFF,
RAYMONDLSL|INE02ID01020|1,RAYMONDLSL,2024-09-19,2026-09-30,INE02ID01020,EQUITY,1,ACTIVE_AT_CUTOFF,
RAYMONDREL|INE1SY401010|1,RAYMONDREL,2025-07-15,2026-09-30,INE1SY401010,EQUITY,1,ACTIVE_AT_CUTOFF,
RAYMOND|INE301A01014|1,RAYMOND,2005-01-03,2026-09-30,INE301A01014,EQUITY,2,ACTIVE_AT_CUTOFF,
RBLBANK|INE976G01028|1,RBLBANK,2016-08-31,2026-09-30,INE976G01028,EQUITY,1,ACTIVE_AT_CUTOFF,
RBL|INE244J01017|1,RBL,2009-11-20,2025-04-21,INE244J01017,EQUITY,2,ENDED_UNEXPLAINED,
RBL|NOISIN|1,RBL,2008-06-20,2009-03-19,,UNKNOWN_NO_ISIN,1,ENDED_UNEXPLAINED,
RBL|NOISIN|2,RBL,2009-06-12,2009-08-20,,UNKNOWN_NO_ISIN,1,ENDED_UNEXPLAINED,
RBN|INE445K01018|1,RBN,2010-12-03,2014-03-20,INE445K01018,EQUITY,2,DELISTED_EVIDENCED,RBN 2014-03-28 Voluntary Delisting
RBZJEWEL|INE0PEQ01016|1,RBZJEWEL,2024-01-10,2026-09-07,INE0PEQ01016,EQUITY,1,ENDED_UNEXPLAINED,
RCAPVL|NOISIN|1,RCAPVL,2006-02-21,2006-07-24,,UNKNOWN_NO_ISIN,1,ENDED_UNEXPLAINED,
RCF|INE027A01015|1,RCF,2005-01-03,2026-09-30,INE027A01015,EQUITY,2,ACTIVE_AT_CUTOFF,
RCOM|INE330H01018|1,RCOM|RCVL,2006-03-06,2022-05-24,INE330H01018,EQUITY,3,ENDED_UNEXPLAINED,
RECLTD|INE020B01018|1,RECLTD,2008-03-12,2026-09-30,INE020B01018,EQUITY,2,ACTIVE_AT_CUTOFF,
REDINGTON|INE891D01026|1,REDINGTON,2007-02-15,2026-09-30,INE891D01026,EQUITY,2,ACTIVE_AT_CUTOFF,
REDTAPE|INE0LXT01019|1,REDTAPE,2023-08-28,2026-09-30,INE0LXT01019,EQUITY,1,ACTIVE_AT_CUTOFF,
REFEX|INE056I01017|1,REFEX,2011-06-17,2026-09-30,INE056I01017|INE056I01025,EQUITY,3,ACTIVE_AT_CUTOFF,
REFEX|NOISIN|1,REFEX,2009-12-03,2009-12-10,,UNKNOWN_NO_ISIN,1,ENDED_UNEXPLAINED,
REFEX|NOISIN|2,REFEX,2010-02-19,2010-11-11,,UNKNOWN_NO_ISIN,1,ENDED_UNEXPLAINED,
REFEX|NOISIN|3,REFEX,2011-03-07,2011-03-31,,UNKNOWN_NO_ISIN,1,ENDED_UNEXPLAINED,
REGAAL|INE0MHO01029|1,REGAAL,2025-08-20,2026-09-30,INE0MHO01029,EQUITY,1,ACTIVE_AT_CUTOFF,
REGENCERAM|INE277C01012|1,REGENCERAM,2012-06-18,2026-09-30,INE277C01012,EQUITY,1,ACTIVE_AT_CUTOFF,
REGENCERAM|NOISIN|1,REGENCERAM,2005-01-03,2005-05-26,,UNKNOWN_NO_ISIN,1,ENDED_UNEXPLAINED,
REGENCERAM|NOISIN|2,REGENCERAM,2005-07-08,2005-07-21,,UNKNOWN_NO_ISIN,1,ENDED_UNEXPLAINED,
REGENCERAM|NOISIN|3,REGENCERAM,2006-08-28,2008-01-10,,UNKNOWN_NO_ISIN,1,ENDED_UNEXPLAINED,
REGENCERAM|NOISIN|4,REGENCERAM,2008-02-29,2009-06-10,,UNKNOWN_NO_ISIN,1,ENDED_UNEXPLAINED,
REGENCERAM|NOISIN|5,REGENCERAM,2009-08-21,2009-10-05,,UNKNOWN_NO_ISIN,1,ENDED_UNEXPLAINED,
REGENCERAM|NOISIN|6,REGENCERAM,2009-11-20,2010-11-22,,UNKNOWN_NO_ISIN,1,ENDED_UNEXPLAINED,
REIAGROLTD|INE385B01031|1,REIAGROLTD,2008-11-25,2017-08-07,INE385B01031,EQUITY,2,DELISTED_EVIDENCED,REIAGROLTD 2018-09-11 Delisting - Liquidation
REIAGRO|NOISIN|1,REIAGRO,2005-01-03,2008-02-28,,UNKNOWN_NO_ISIN,1,ENDED_UNEXPLAINED,
REIAGRO|NOISIN|2,REIAGRO,2008-06-13,2008-09-19,,UNKNOWN_NO_ISIN,1,ENDED_UNEXPLAINED,
REISIXTEN|INE849J01021|1,REISIXTEN,2009-04-27,2016-11-07,INE849J01021,EQUITY,2,DELISTED_EVIDENCED,REISIXTEN 2018-09-11 Compulsory Delisting
RELAXO|INE131B01021|1,RELAXO,2011-06-17,2026-09-30,INE131B01021|INE131B01039,EQUITY,3,ACTIVE_AT_CUTOFF,
RELBANK|INF733I01028|1,RELBANK,2011-06-22,2016-11-02,INF733I01028,FUND_UNIT,1,ENDED_UNEXPLAINED,
RELBANK|NOISIN|1,RELBANK,2008-06-27,2011-06-20,,UNKNOWN_NO_ISIN,1,ENDED_UNEXPLAINED,
RELCAPITAL|INE013A01015|1,RELCAPITAL,2005-01-03,2022-05-24,INE013A01015,EQUITY,2,ENDED_UNEXPLAINED,
RELCHEMQ|INE750D01016|1,RELCHEMQ,2022-05-25,2026-09-30,INE750D01016,EQUITY,1,ACTIVE_AT_CUTOFF,
RELGOLD|INF733I01010|1,RELGOLD,2007-11-26,2016-11-02,INF733I01010,FUND_UNIT,2,ENDED_UNEXPLAINED,
RELIABLE|INE375Y01018|1,RELIABLE,2024-07-10,2026-09-30,INE375Y01018,EQUITY,1,ACTIVE_AT_CUTOFF,
RELIANCE|INE002A01018|1,RELIANCE,2005-01-03,2026-09-30,INE002A01018,EQUITY,2,ACTIVE_AT_CUTOFF,
RELIGARE|INE621H01010|1,RELIGARE,2007-11-21,2026-09-30,INE621H01010,EQUITY,2,ACTIVE_AT_CUTOFF,
RELINFRA|INE036A01016|1,REL|RELINFRA,2005-01-03,2025-06-04,INE036A01016,EQUITY,3,ENDED_UNEXPLAINED,
RELNIFTY|INF204KA1EU6|1,RELNIFTY,2013-11-27,2016-11-02,INF204KA1EU6,FUND_UNIT,1,ENDED_UNEXPLAINED,
RELTD|INE206N01018|1,RELTD,2024-07-30,2026-09-30,INE206N01018,EQUITY,1,ACTIVE_AT_CUTOFF,
REMSONSIND|INE474C01015|1,REMSONSIND,2011-09-15,2026-09-30,INE474C01015|INE474C01023,EQUITY,2,ACTIVE_AT_CUTOFF,
REMSONSIND|NOISIN|1,REMSONSIND,2005-01-03,2005-04-15,,UNKNOWN_NO_ISIN,1,ENDED_UNEXPLAINED,
REMSONSIND|NOISIN|10,REMSONSIND,2008-11-04,2009-01-14,,UNKNOWN_NO_ISIN,1,ENDED_UNEXPLAINED,
REMSONSIND|NOISIN|11,REMSONSIND,2009-02-26,2009-02-26,,UNKNOWN_NO_ISIN,1,ENDED_UNEXPLAINED,
REMSONSIND|NOISIN|12,REMSONSIND,2009-04-15,2009-12-24,,UNKNOWN_NO_ISIN,1,ENDED_UNEXPLAINED,
REMSONSIND|NOISIN|13,REMSONSIND,2010-06-11,2011-06-16,,UNKNOWN_NO_ISIN,1,ENDED_UNEXPLAINED,
REMSONSIND|NOISIN|2,REMSONSIND,2005-07-08,2005-09-15,,UNKNOWN_NO_ISIN,1,ENDED_UNEXPLAINED,
REMSONSIND|NOISIN|3,REMSONSIND,2006-06-14,2006-06-26,,UNKNOWN_NO_ISIN,1,ENDED_UNEXPLAINED,
REMSONSIND|NOISIN|4,REMSONSIND,2006-08-29,2006-12-29,,UNKNOWN_NO_ISIN,1,ENDED_UNEXPLAINED,
REMSONSIND|NOISIN|5,REMSONSIND,2007-03-12,2007-04-17,,UNKNOWN_NO_ISIN,1,ENDED_UNEXPLAINED,
REMSONSIND|NOISIN|6,REMSONSIND,2007-06-11,2007-10-03,,UNKNOWN_NO_ISIN,1,ENDED_UNEXPLAINED,
REMSONSIND|NOISIN|7,REMSONSIND,2007-12-04,2008-01-10,,UNKNOWN_NO_ISIN,1,ENDED_UNEXPLAINED,
REMSONSIND|NOISIN|8,REMSONSIND,2008-02-29,2008-06-26,,UNKNOWN_NO_ISIN,1,ENDED_UNEXPLAINED,
REMSONSIND|NOISIN|9,REMSONSIND,2008-08-26,2008-09-19,,UNKNOWN_NO_ISIN,1,ENDED_UNEXPLAINED,
RENTOMOJO|INE08T701025|1,RENTOMOJO,2026-09-17,2026-09-30,INE08T701025,EQUITY,1,ACTIVE_AT_CUTOFF,
RENUKA|INE087H01022|1,RENUKA,2005-10-31,2026-09-30,INE087H01022,EQUITY,2,ACTIVE_AT_CUTOFF,
RENVL|NOISIN|1,RENVL,2006-02-24,2006-07-24,,UNKNOWN_NO_ISIN,1,ENDED_UNEXPLAINED,
REPCOHOME|INE612J01015|1,REPCOHOME,2013-04-01,2026-09-30,INE612J01015,EQUITY,1,ACTIVE_AT_CUTOFF,
REPL|INE364Z01019|1,REPL,2020-12-14,2026-09-30,INE364Z01019,EQUITY,1,ACTIVE_AT_CUTOFF,
REPRO|INE461B01014|1,REPRO,2008-08-22,2026-09-30,INE461B01014,EQUITY,2,ACTIVE_AT_CUTOFF,
REPRO|NOISIN|1,REPRO,2005-12-22,2008-06-12,,UNKNOWN_NO_ISIN,1,ENDED_UNEXPLAINED,
RESPONIND|INE688D01026|1,RESPONIND,2011-06-23,2026-09-30,INE688D01026,EQUITY,1,ACTIVE_AT_CUTOFF,
RESPONIND|NOISIN|1,RESPONIND,2010-10-29,2011-06-13,,UNKNOWN_NO_ISIN,1,ENDED_UNEXPLAINED,
RESURGERE|INE774I01023|1,RESURGERE,2008-09-01,2012-03-01,INE774I01023,EQUITY,2,ENDED_UNEXPLAINED,
RETAIL|INE03DD01011|1,RETAIL,2024-07-10,2026-09-30,INE03DD01011,EQUITY,1,ACTIVE_AT_CUTOFF,
REVATHIEQU|INE0DAB01012|1,REVATHIEQU|RVTH,2024-09-25,2026-09-30,INE0DAB01012,EQUITY,2,ACTIVE_AT_CUTOFF,
REVATHI|INE617A01013|1,REVATHI|SEMAC,2008-06-13,2026-09-30,INE617A01013,EQUITY,3,ACTIVE_AT_CUTOFF,
REVATHI|NOISIN|1,REVATHI,2005-08-11,2008-05-02,,UNKNOWN_NO_ISIN,1,ENDED_UNEXPLAINED,
REVL|NOISIN|1,REVL,2005-01-03,2008-02-14,,UNKNOWN_NO_ISIN,1,ENDED_UNEXPLAINED,
RGL|INE722H01016|1,RGL|RJL,2011-09-06,2026-09-30,INE722H01016|INE722H01024,EQUITY,3,ACTIVE_AT_CUTOFF,
RHETAN|INE0KKN01029|1,RHETAN,2025-09-26,2026-09-30,INE0KKN01029,EQUITY,1,ACTIVE_AT_CUTOFF,
RHFL|INE217K01011|1,RHFL,2017-10-09,2025-09-23,INE217K01011,EQUITY,1,ENDED_UNEXPLAINED,
RHL|INE508K01013|1,RHL,2023-05-10,2026-09-30,INE508K01013,EQUITY,1,ACTIVE_AT_CUTOFF,
RICOAUTO|INE209B01025|1,RICOAUTO,2009-11-20,2026-09-30,INE209B01025,EQUITY,2,ACTIVE_AT_CUTOFF,
RICOAUTO|NOISIN|1,RICOAUTO,2005-01-03,2009-08-06,,UNKNOWN_NO_ISIN,1,ENDED_UNEXPLAINED,
RIIL|INE046A01015|1,RIIL,2005-01-03,2026-09-30,INE046A01015,EQUITY,2,ACTIVE_AT_CUTOFF,
RIR|INE302D01024|1,RIR,2026-07-16,2026-09-30,INE302D01024,EQUITY,1,ACTIVE_AT_CUTOFF,
RISHABH|INE0N2P01017|1,RISHABH,2023-09-11,2026-09-30,INE0N2P01017,EQUITY,1,ACTIVE_AT_CUTOFF,
RITCO|INE01EG01016|1,RITCO,2022-04-12,2026-09-30,INE01EG01016,EQUITY,1,ACTIVE_AT_CUTOFF,
RITES|INE320J01015|1,RITES,2018-07-02,2026-09-30,INE320J01015,EQUITY,1,ACTIVE_AT_CUTOFF,
RJL|NOISIN|1,RJL,2007-12-12,2011-06-16,,UNKNOWN_NO_ISIN,1,ENDED_UNEXPLAINED,
RKDL|INE722J01012|1,RKDL,2011-06-17,2026-09-30,INE722J01012,EQUITY,2,ACTIVE_AT_CUTOFF,
RKDL|NOISIN|1,RKDL,2010-12-27,2011-03-31,,UNKNOWN_NO_ISIN,1,ENDED_UNEXPLAINED,
RKEC|INE786W01010|1,RKEC,2020-12-18,2026-09-30,INE786W01010,EQUITY,1,ACTIVE_AT_CUTOFF,
RKFORGE|INE399G01015|1,RKFORGE,2010-06-11,2026-09-30,INE399G01015|INE399G01023,EQUITY,3,ACTIVE_AT_CUTOFF,
RKFORGE|NOISIN|1,RKFORGE,2005-01-03,2007-08-30,,UNKNOWN_NO_ISIN,1,ENDED_UNEXPLAINED,
RKFORGE|NOISIN|2,RKFORGE,2007-12-03,2008-02-21,,UNKNOWN_NO_ISIN,1,ENDED_UNEXPLAINED,
RKFORGE|NOISIN|3,RKFORGE,2008-06-13,2009-11-19,,UNKNOWN_NO_ISIN,1,ENDED_UNEXPLAINED,
RKSWAMY|INE0NQ801033|1,RKSWAMY,2024-03-12,2026-09-30,INE0NQ801033,EQUITY,1,ACTIVE_AT_CUTOFF,
RMCL|INE172H01014|1,RMCL,2011-06-17,2021-02-19,INE172H01014,EQUITY,2,ENDED_UNEXPLAINED,
RMCL|NOISIN|1,RMCL,2007-11-26,2009-05-28,,UNKNOWN_NO_ISIN,1,ENDED_UNEXPLAINED,
RMCL|NOISIN|2,RMCL,2009-08-21,2010-04-16,,UNKNOWN_NO_ISIN,1,ENDED_UNEXPLAINED,
RMCL|NOISIN|3,RMCL,2010-06-11,2010-10-28,,UNKNOWN_NO_ISIN,1,ENDED_UNEXPLAINED,
RMCL|NOISIN|4,RMCL,2010-12-03,2011-04-18,,UNKNOWN_NO_ISIN,1,ENDED_UNEXPLAINED,
RMC|INE655V01019|1,RMC,2026-06-22,2026-09-30,INE655V01019,EQUITY,1,ACTIVE_AT_CUTOFF,
RMDRIP|INE219Y01018|1,RMDRIP,2025-07-30,2026-07-28,INE219Y01018|INE219Y01026,EQUITY,2,ENDED_UNEXPLAINED,
RMEDIA|NOISIN|1,RMEDIA,2009-12-04,2010-02-18,,UNKNOWN_NO_ISIN,1,ENDED_UNEXPLAINED,
RML|INE050H01012|1,RML,2009-11-20,2026-09-30,INE050H01012,EQUITY,2,ACTIVE_AT_CUTOFF,
RML|NOISIN|1,RML,2005-08-30,2009-08-06,,UNKNOWN_NO_ISIN,1,ENDED_UNEXPLAINED,
RMMIL|INE774I01031|1,RMMIL,2012-06-27,2016-05-20,INE774I01031,EQUITY,1,ENDED_UNEXPLAINED,
RNBDENIMS|INE012Q01021|1,RNBDENIMS,2025-09-04,2026-02-23,INE012Q01021,EQUITY,1,ENDED_UNEXPLAINED,
RNBDENIMS|INE012Q01039|1,RNBDENIMS,2026-05-19,2026-09-04,INE012Q01039,EQUITY,1,ENDED_UNEXPLAINED,
RNRL|NOISIN|1,RNRL,2006-03-01,2010-11-09,,UNKNOWN_NO_ISIN,1,ENDED_UNEXPLAINED,
ROHITFERRO|INE248H01012|1,ROHITFERRO,2009-11-20,2022-04-07,INE248H01012,EQUITY,2,ENDED_UNEXPLAINED,
ROHITFERRO|NOISIN|1,ROHITFERRO,2006-04-13,2008-06-12,,UNKNOWN_NO_ISIN,1,ENDED_UNEXPLAINED,
ROHITFERRO|NOISIN|2,ROHITFERRO,2008-08-22,2009-08-06,,UNKNOWN_NO_ISIN,1,ENDED_UNEXPLAINED,
ROHLTD|INE283H01019|1,ROHLTD,2006-02-06,2026-09-30,INE283H01019,EQUITY,2,ACTIVE_AT_CUTOFF,
ROLEXRINGS|INE645S01016|1,ROLEXRINGS,2021-08-09,2026-09-30,INE645S01016|INE645S01024,EQUITY,2,ACTIVE_AT_CUTOFF,
ROLLT|INE927A01040|1,ROLLT,2016-11-22,2026-05-07,INE927A01040,EQUITY,1,ENDED_UNEXPLAINED,
ROLTA|INE293A01013|1,ROLTA,2005-01-03,2022-08-22,INE293A01013,EQUITY,2,ENDED_UNEXPLAINED,
ROMAN|INE924H01018|1,ROMAN|TARMAT,2011-06-17,2026-09-30,INE924H01018,EQUITY,3,ACTIVE_AT_CUTOFF,
ROMAN|NOISIN|1,ROMAN,2007-07-09,2007-12-28,,UNKNOWN_NO_ISIN,1,ENDED_UNEXPLAINED,
ROMAN|NOISIN|2,ROMAN,2008-02-29,2009-09-03,,UNKNOWN_NO_ISIN,1,ENDED_UNEXPLAINED,
ROMAN|NOISIN|3,ROMAN,2009-11-20,2011-04-18,,UNKNOWN_NO_ISIN,1,ENDED_UNEXPLAINED,
ROML|INE294G01026|1,ROML,2020-11-03,2026-09-30,INE294G01026,EQUITY,1,ACTIVE_AT_CUTOFF,
ROSSARI|INE02A801020|1,ROSSARI,2020-07-23,2026-09-30,INE02A801020,EQUITY,1,ACTIVE_AT_CUTOFF,
ROSSELLIND|INE847C01020|1,ROSSELLIND,2012-09-25,2026-09-30,INE847C01020,EQUITY,1,ACTIVE_AT_CUTOFF,
ROSSTECH|INE0OJW01016|1,ROSSTECH,2024-12-23,2026-09-30,INE0OJW01016,EQUITY,1,ACTIVE_AT_CUTOFF,
ROTO|INE535D01029|1,ROTO,2022-04-21,2026-09-30,INE535D01029|INE535D01037,EQUITY,2,ACTIVE_AT_CUTOFF,
ROUTE|INE450U01017|1,ROUTE,2020-09-21,2026-09-30,INE450U01017,EQUITY,1,ACTIVE_AT_CUTOFF,
RPEL|INE912T01018|1,RPEL,2024-08-08,2026-09-30,INE912T01018,EQUITY,1,ACTIVE_AT_CUTOFF,
RPGCABLES|NOISIN|1,RPGCABLES,2006-06-12,2006-06-29,,UNKNOWN_NO_ISIN,1,ENDED_UNEXPLAINED,
RPGCABLES|NOISIN|2,RPGCABLES,2006-08-28,2006-12-29,,UNKNOWN_NO_ISIN,1,ENDED_UNEXPLAINED,
RPGCABLES|NOISIN|3,RPGCABLES,2007-06-08,2007-11-30,,UNKNOWN_NO_ISIN,1,ENDED_UNEXPLAINED,
RPGCABLES|NOISIN|4,RPGCABLES,2008-02-29,2008-12-12,,UNKNOWN_NO_ISIN,1,ENDED_UNEXPLAINED,
RPGCABLES|NOISIN|5,RPGCABLES,2009-03-02,2009-05-04,,UNKNOWN_NO_ISIN,1,ENDED_UNEXPLAINED,
RPGCABLES|NOISIN|6,RPGCABLES,2009-06-12,2009-10-16,,UNKNOWN_NO_ISIN,1,ENDED_UNEXPLAINED,
RPGCABLES|NOISIN|7,RPGCABLES,2009-11-20,2010-04-15,,UNKNOWN_NO_ISIN,1,ENDED_UNEXPLAINED,
RPGLIFE|INE105J01010|1,RPGLIFE,2009-08-21,2026-09-30,INE105J01010,EQUITY,2,ACTIVE_AT_CUTOFF,
RPGLIFE|NOISIN|1,RPGLIFE,2008-06-10,2009-06-11,,UNKNOWN_NO_ISIN,1,ENDED_UNEXPLAINED,
RPGTELECOM|NOISIN|1,RPGTELECOM,2005-01-03,2005-05-12,,UNKNOWN_NO_ISIN,1,ENDED_UNEXPLAINED,
RPGTLTD|NOISIN|1,RPGTLTD|SAELTD,2005-07-08,2008-02-11,,UNKNOWN_NO_ISIN,2,ENDED_UNEXPLAINED,
RPL|NOISIN|1,RPL,2006-05-11,2009-09-24,,UNKNOWN_NO_ISIN,1,ENDED_UNEXPLAINED,
RPOWER|INE614G01033|1,RPOWER,2008-02-11,2026-09-30,INE614G01033,EQUITY,2,ACTIVE_AT_CUTOFF,
RPPINFRA|INE324L01013|1,RPPINFRA,2010-12-06,2026-09-30,INE324L01013,EQUITY,2,ACTIVE_AT_CUTOFF,
RPPL|INE760W01015|1,RPPL,2021-11-26,2026-08-10,INE760W01015|INE760W01023,EQUITY,2,ENDED_UNEXPLAINED,
RPTECH|INE0J1F01024|1,RPTECH,2024-02-14,2026-09-30,INE0J1F01024,EQUITY,1,ACTIVE_AT_CUTOFF,
RRECL|INE0AK901016|1,RRECL,2026-08-17,2026-09-30,INE0AK901016,EQUITY,1,ACTIVE_AT_CUTOFF,
RRIL|INE951M01037|1,RRIL,2026-04-20,2026-09-30,INE951M01037,EQUITY,1,ACTIVE_AT_CUTOFF,
RRKABEL|INE777K01022|1,RRKABEL,2023-09-20,2026-09-30,INE777K01022,EQUITY,1,ACTIVE_AT_CUTOFF,
RSDFIN|INE616F01022|1,RSDFIN,2026-04-20,2026-08-05,INE616F01022,EQUITY,1,ENDED_UNEXPLAINED,
RSL|INE313L01016|1,RSL,2026-03-19,2026-09-30,INE313L01016,EQUITY,1,ACTIVE_AT_CUTOFF,
RSSOFTWARE|INE165B01011|1,RSSOFTWARE,2011-06-17,2026-09-30,INE165B01011|INE165B01029,EQUITY,3,ACTIVE_AT_CUTOFF,
RSSOFTWARE|NOISIN|1,RSSOFTWARE,2005-01-03,2005-07-07,,UNKNOWN_NO_ISIN,1,ENDED_UNEXPLAINED,
RSSOFTWARE|NOISIN|2,RSSOFTWARE,2005-11-25,2009-06-11,,UNKNOWN_NO_ISIN,1,ENDED_UNEXPLAINED,
RSSOFTWARE|NOISIN|3,RSSOFTWARE,2009-08-21,2011-03-04,,UNKNOWN_NO_ISIN,1,ENDED_UNEXPLAINED,
RSWM|INE611A01016|1,RSWM,2009-06-12,2026-09-30,INE611A01016,EQUITY,2,ACTIVE_AT_CUTOFF,
RSYSTEMS|INE411H01024|1,RSYSTEMS,2006-04-26,2026-09-30,INE411H01024|INE411H01032,EQUITY,3,ACTIVE_AT_CUTOFF,
RTSPOWR|INE005C01017|1,RTSPOWR,2026-08-17,2026-09-30,INE005C01017,EQUITY,1,ACTIVE_AT_CUTOFF,
RUBFILA|INE642C01025|1,RUBFILA,2024-08-08,2026-09-30,INE642C01025,EQUITY,1,ACTIVE_AT_CUTOFF,
RUBICON|INE506V01022|1,RUBICON,2025-10-16,2026-09-30,INE506V01022,EQUITY,1,ACTIVE_AT_CUTOFF,
RUBYMILLS|INE301D01018|1,RUBYMILLS,2008-06-13,2026-09-30,INE301D01018|INE301D01026,EQUITY,3,ACTIVE_AT_CUTOFF,
RUBYMILLS|NOISIN|1,RUBYMILLS,2005-01-03,2007-02-08,,UNKNOWN_NO_ISIN,1,ENDED_UNEXPLAINED,
RUBYMILLS|NOISIN|2,RUBYMILLS,2007-06-08,2007-12-13,,UNKNOWN_NO_ISIN,1,ENDED_UNEXPLAINED,
RUBYMILLS|NOISIN|3,RUBYMILLS,2008-02-29,2008-04-21,,UNKNOWN_NO_ISIN,1,ENDED_UNEXPLAINED,
RUCHINFRA|INE413B01023|1,RUCHINFRA,2009-08-21,2026-09-30,INE413B01023,EQUITY,2,ACTIVE_AT_CUTOFF,
RUCHINFRA|NOISIN|1,RUCHINFRA,2005-01-03,2005-04-07,,UNKNOWN_NO_ISIN,1,ENDED_UNEXPLAINED,
RUCHINFRA|NOISIN|2,RUCHINFRA,2005-07-08,2008-12-26,,UNKNOWN_NO_ISIN,1,ENDED_UNEXPLAINED,
RUCHINFRA|NOISIN|3,RUCHINFRA,2009-03-02,2009-05-04,,UNKNOWN_NO_ISIN,1,ENDED_UNEXPLAINED,
RUCHIRA|INE803H01014|1,RUCHIRA,2011-06-17,2026-09-30,INE803H01014,EQUITY,2,ACTIVE_AT_CUTOFF,
RUCHIRA|NOISIN|1,RUCHIRA,2006-12-20,2007-08-30,,UNKNOWN_NO_ISIN,1,ENDED_UNEXPLAINED,
RUCHIRA|NOISIN|2,RUCHIRA,2007-12-03,2009-05-28,,UNKNOWN_NO_ISIN,1,ENDED_UNEXPLAINED,
RUCHIRA|NOISIN|3,RUCHIRA,2009-08-21,2009-12-10,,UNKNOWN_NO_ISIN,1,ENDED_UNEXPLAINED,
RUCHIRA|NOISIN|4,RUCHIRA,2010-02-19,2010-04-16,,UNKNOWN_NO_ISIN,1,ENDED_UNEXPLAINED,
RUCHIRA|NOISIN|5,RUCHIRA,2010-06-11,2010-08-05,,UNKNOWN_NO_ISIN,1,ENDED_UNEXPLAINED,
RUCHIRA|NOISIN|6,RUCHIRA,2010-12-03,2011-01-06,,UNKNOWN_NO_ISIN,1,ENDED_UNEXPLAINED,
RUCHIRA|NOISIN|7,RUCHIRA,2011-03-07,2011-04-18,,UNKNOWN_NO_ISIN,1,ENDED_UNEXPLAINED,
RUCHISOYA|INE619A01027|1,RUCHISOYA,2005-01-03,2019-11-13,INE619A01027,EQUITY,2,ENDED_UNEXPLAINED,
RUDRA|INE027T01023|1,RUDRA,2025-12-19,2026-09-30,INE027T01023,EQUITY,1,ACTIVE_AT_CUTOFF,
RUPA|INE895B01021|1,RUPA,2011-12-07,2026-09-30,INE895B01021,EQUITY,1,ACTIVE_AT_CUTOFF,
RUSHIL|INE573K01017|1,RUSHIL,2011-07-07,2026-09-30,INE573K01017|INE573K01025,EQUITY,2,ACTIVE_AT_CUTOFF,
RUSTOMJEE|INE263M01029|1,RUSTOMJEE,2022-11-24,2026-09-30,INE263M01029,EQUITY,1,ACTIVE_AT_CUTOFF,
RVHL|INE09E501017|1,RVHL,2021-01-04,2026-09-30,INE09E501017,EQUITY,1,ACTIVE_AT_CUTOFF,
RVNL|INE415G01027|1,RVNL,2019-04-11,2026-09-30,INE415G01027,EQUITY,1,ACTIVE_AT_CUTOFF,
S&SPOWER|INE902B01017|1,S&SPOWER,2020-04-07,2026-09-30,INE902B01017,EQUITY,1,ACTIVE_AT_CUTOFF,
SAATVIKGL|INE13B501022|1,SAATVIKGL,2025-09-26,2026-09-30,INE13B501022,EQUITY,1,ACTIVE_AT_CUTOFF,
SABERORGAN|INE243A01018|1,SABERORGAN,2011-09-06,2015-01-15,INE243A01018,EQUITY,1,ENDED_UNEXPLAINED,
SABERORGAN|NOISIN|1,SABERORGAN,2005-01-03,2006-01-13,,UNKNOWN_NO_ISIN,1,ENDED_UNEXPLAINED,
SABERORGAN|NOISIN|2,SABERORGAN,2006-06-12,2008-01-10,,UNKNOWN_NO_ISIN,1,ENDED_UNEXPLAINED,
SABERORGAN|NOISIN|3,SABERORGAN,2008-02-29,2008-08-21,,UNKNOWN_NO_ISIN,1,ENDED_UNEXPLAINED,
SABERORGAN|NOISIN|4,SABERORGAN,2008-12-01,2011-06-09,,UNKNOWN_NO_ISIN,1,ENDED_UNEXPLAINED,
SABEVENTS|INE860T01019|1,SABEVENTS,2016-09-29,2026-08-04,INE860T01019,EQUITY,1,ENDED_UNEXPLAINED,
SABTN|INE416A01036|1,SABTN,2011-06-17,2021-06-17,INE416A01036,EQUITY,2,ENDED_UNEXPLAINED,
SABTN|NOISIN|1,SABTN,2007-11-16,2009-05-28,,UNKNOWN_NO_ISIN,1,ENDED_UNEXPLAINED,
SABTN|NOISIN|2,SABTN,2009-08-21,2009-12-24,,UNKNOWN_NO_ISIN,1,ENDED_UNEXPLAINED,
SABTN|NOISIN|3,SABTN,2010-02-19,2010-06-10,,UNKNOWN_NO_ISIN,1,ENDED_UNEXPLAINED,
SABTN|NOISIN|4,SABTN,2010-08-20,2011-03-17,,UNKNOWN_NO_ISIN,1,ENDED_UNEXPLAINED,
SAB|INE137M01017|1,SAB,2026-08-17,2026-09-25,INE137M01017,EQUITY,1,ENDED_UNEXPLAINED,
SADBHAV|INE226H01026|1,SADBHAV,2006-03-01,2026-09-30,INE226H01026,EQUITY,2,ACTIVE_AT_CUTOFF,
SADBHIN|INE764L01010|1,SADBHIN,2015-09-16,2026-09-30,INE764L01010,EQUITY,1,ACTIVE_AT_CUTOFF,
SADHNANIQ|INE888C01040|1,SADHNANIQ,2023-05-05,2026-04-23,INE888C01040,EQUITY,1,ENDED_UNEXPLAINED,
SAELTD|NOISIN|1,SAELTD,2005-01-03,2005-03-03,,UNKNOWN_NO_ISIN,1,ENDED_UNEXPLAINED,
SAFARI|INE429E01023|1,SAFARI,2019-09-12,2026-09-30,INE429E01023,EQUITY,1,ACTIVE_AT_CUTOFF,
SAGARDEEP|INE976T01013|1,SAGARDEEP,2019-01-25,2026-09-30,INE976T01013,EQUITY,1,ACTIVE_AT_CUTOFF,
SAGCEM|INE229C01013|1,SAGCEM,2007-01-29,2026-09-30,INE229C01013|INE229C01021,EQUITY,3,ACTIVE_AT_CUTOFF,
SAGILITY|INE0W2G01015|1,SAGILITY,2024-11-12,2026-09-30,INE0W2G01015,EQUITY,1,ACTIVE_AT_CUTOFF,
SAHLIBHFI|INE861D01011|1,SAHLIBHFI,2026-04-10,2026-09-30,INE861D01011,EQUITY,1,ACTIVE_AT_CUTOFF,
SAHPETRO|NOISIN|1,SAHPETRO,2005-01-03,2006-11-23,,UNKNOWN_NO_ISIN,1,ENDED_UNEXPLAINED,
SAHPETRO|NOISIN|2,SAHPETRO,2007-03-02,2008-11-28,,UNKNOWN_NO_ISIN,1,ENDED_UNEXPLAINED,
SAHPETRO|NOISIN|3,SAHPETRO,2009-03-02,2009-09-03,,UNKNOWN_NO_ISIN,1,ENDED_UNEXPLAINED,
SAHPETRO|NOISIN|4,SAHPETRO,2009-11-20,2010-11-25,,UNKNOWN_NO_ISIN,1,ENDED_UNEXPLAINED,
SAHYADRI|INE280H01015|1,SAHYADRI,2023-04-06,2026-09-30,INE280H01015,EQUITY,1,ACTIVE_AT_CUTOFF,
SAICAPI|INE531X01018|1,SAICAPI,2026-08-17,2026-09-30,INE531X01018,EQUITY,1,ACTIVE_AT_CUTOFF,
SAILIFE|INE570L01029|1,SAILIFE,2024-12-18,2026-09-30,INE570L01029,EQUITY,1,ACTIVE_AT_CUTOFF,
SAIL|INE114A01011|1,SAIL,2005-01-03,2026-09-30,INE114A01011,EQUITY,2,ACTIVE_AT_CUTOFF,
SAIPARENT|INE0H9F01037|1,SAIPARENT,2026-04-02,2026-09-30,INE0H9F01037,EQUITY,1,ACTIVE_AT_CUTOFF,
SAKAR|INE732S01012|1,SAKAR,2019-04-11,2026-09-30,INE732S01012,EQUITY,1,ACTIVE_AT_CUTOFF,
SAKHTISUG|INE623A01011|1,SAKHTISUG,2009-11-20,2026-09-30,INE623A01011,EQUITY,2,ACTIVE_AT_CUTOFF,
SAKHTISUG|NOISIN|1,SAKHTISUG,2005-01-03,2008-08-07,,UNKNOWN_NO_ISIN,1,ENDED_UNEXPLAINED,
SAKHTISUG|NOISIN|2,SAKHTISUG,2008-12-01,2009-06-11,,UNKNOWN_NO_ISIN,1,ENDED_UNEXPLAINED,
SAKSOFT|INE667G01015|1,SAKSOFT,2011-06-17,2026-09-30,INE667G01015|INE667G01023,EQUITY,3,ACTIVE_AT_CUTOFF,
SAKSOFT|NOISIN|1,SAKSOFT,2005-05-09,2005-07-07,,UNKNOWN_NO_ISIN,1,ENDED_UNEXPLAINED,
SAKSOFT|NOISIN|2,SAKSOFT,2005-11-25,2008-04-21,,UNKNOWN_NO_ISIN,1,ENDED_UNEXPLAINED,
SAKSOFT|NOISIN|3,SAKSOFT,2008-06-13,2009-10-16,,UNKNOWN_NO_ISIN,1,ENDED_UNEXPLAINED,
SAKSOFT|NOISIN|4,SAKSOFT,2009-11-20,2010-06-10,,UNKNOWN_NO_ISIN,1,ENDED_UNEXPLAINED,
SAKSOFT|NOISIN|5,SAKSOFT,2010-08-20,2011-02-03,,UNKNOWN_NO_ISIN,1,ENDED_UNEXPLAINED,
SAKTHIFIN|INE302E01014|1,SAKTHIFIN,2014-05-23,2014-12-04,INE302E01014,EQUITY,1,ENDED_UNEXPLAINED,
SAKTHIFIN|NOISIN|1,SAKTHIFIN,2010-08-09,2010-08-19,,UNKNOWN_NO_ISIN,1,ENDED_UNEXPLAINED,
SAKUMA|INE190H01016|1,SAKUMA,2006-03-08,2026-09-30,INE190H01016|INE190H01024,EQUITY,3,ACTIVE_AT_CUTOFF,
SALASAR|INE170V01019|1,SALASAR,2017-08-08,2026-09-30,INE170V01019|INE170V01027,EQUITY,2,ACTIVE_AT_CUTOFF,
SALONACOT|INE498E01010|1,SALONA|SALONACOT,2011-03-10,2026-09-30,INE498E01010,EQUITY,3,ACTIVE_AT_CUTOFF,
SALONACOT|NOISIN|1,SALONACOT,2010-08-09,2010-11-22,,UNKNOWN_NO_ISIN,1,ENDED_UNEXPLAINED,
SALORAINTL|INE924A01013|1,SALORAINTL,2010-12-03,2019-04-16,INE924A01013,EQUITY,2,DELISTED_EVIDENCED,SALORAINTL 2019-04-25 Voluntary Delisting
SALORAINTL|NOISIN|1,SALORAINTL,2005-04-08,2010-08-19,,UNKNOWN_NO_ISIN,1,ENDED_UNEXPLAINED,
SALSTEEL|INE658G01014|1,SALSTEEL,2010-02-19,2026-09-30,INE658G01014,EQUITY,2,ACTIVE_AT_CUTOFF,
SALSTEEL|NOISIN|1,SALSTEEL,2005-01-03,2006-06-29,,UNKNOWN_NO_ISIN,1,ENDED_UNEXPLAINED,
SALSTEEL|NOISIN|2,SALSTEEL,2006-08-28,2007-05-17,,UNKNOWN_NO_ISIN,1,ENDED_UNEXPLAINED,
SALSTEEL|NOISIN|3,SALSTEEL,2007-08-31,2009-06-11,,UNKNOWN_NO_ISIN,1,ENDED_UNEXPLAINED,
SALSTEEL|NOISIN|4,SALSTEEL,2009-08-21,2010-01-07,,UNKNOWN_NO_ISIN,1,ENDED_UNEXPLAINED,
SALZERELEC|INE457F01013|1,SALZERELEC,2015-12-02,2026-09-30,INE457F01013,EQUITY,1,ACTIVE_AT_CUTOFF,
SAMBANDAM|INE304D01012|1,SAMBANDAM,2010-08-09,2026-09-30,INE304D01012,EQUITY,2,ACTIVE_AT_CUTOFF,
SAMBHAAV|INE699B01027|1,SAMBHAAV,2009-11-20,2026-09-30,INE699B01027,EQUITY,2,ACTIVE_AT_CUTOFF,
SAMBHAAV|NOISIN|2,SAMBHAAV,2006-08-28,2008-01-10,,UNKNOWN_NO_ISIN,1,ENDED_UNEXPLAINED,
SAMBHAAV|NOISIN|3,SAMBHAAV,2008-02-29,2009-09-17,,UNKNOWN_NO_ISIN,1,ENDED_UNEXPLAINED,
SAMBHV|INE12NJ01018|1,SAMBHV,2025-07-02,2026-09-30,INE12NJ01018,EQUITY,1,ACTIVE_AT_CUTOFF,
SAMHI|INE08U801020|1,SAMHI,2023-09-22,2026-09-30,INE08U801020,EQUITY,1,ACTIVE_AT_CUTOFF,
SAMINDUS|INE653D01012|1,SAMINDUS,2012-08-28,2014-12-09,INE653D01012,EQUITY,1,ENDED_UNEXPLAINED,
SAMPANN|INE735M01018|1,SAMPANN|SEPOWER,2012-08-10,2026-09-30,INE735M01018,EQUITY,2,ACTIVE_AT_CUTOFF,
SAMRUDDHI|NOISIN|1,SAMRUDDHI,2010-06-29,2010-08-23,,UNKNOWN_NO_ISIN,1,ENDED_UNEXPLAINED,
SAMTEL|INE381A01016|1,SAMTEL,2012-06-18,2017-11-21,INE381A01016,EQUITY,1,DELISTED_EVIDENCED,SAMTEL 2019-10-17 Delisting - Liquidation
SAMTEL|NOISIN|1,SAMTEL,2005-01-03,2007-04-19,,UNKNOWN_NO_ISIN,1,ENDED_UNEXPLAINED,
SAMTEL|NOISIN|2,SAMTEL,2007-06-08,2007-07-12,,UNKNOWN_NO_ISIN,1,ENDED_UNEXPLAINED,
SAMTEL|NOISIN|3,SAMTEL,2007-08-31,2007-09-20,,UNKNOWN_NO_ISIN,1,ENDED_UNEXPLAINED,
SAMTEL|NOISIN|4,SAMTEL,2007-12-03,2007-12-28,,UNKNOWN_NO_ISIN,1,ENDED_UNEXPLAINED,
SAMTEL|NOISIN|5,SAMTEL,2008-02-29,2008-08-07,,UNKNOWN_NO_ISIN,1,ENDED_UNEXPLAINED,
SAMTEL|NOISIN|6,SAMTEL,2008-12-01,2009-04-02,,UNKNOWN_NO_ISIN,1,ENDED_UNEXPLAINED,
SAMTEL|NOISIN|7,SAMTEL,2009-08-21,2010-11-22,,UNKNOWN_NO_ISIN,1,ENDED_UNEXPLAINED,
SANATHAN|INE0JPD01013|1,SANATHAN,2024-12-27,2026-09-30,INE0JPD01013,EQUITY,1,ACTIVE_AT_CUTOFF,
SANCO|INE782L01012|1,SANCO,2016-11-22,2022-10-04,INE782L01012,EQUITY,1,ENDED_UNEXPLAINED,
SANDESH|INE583B01015|1,SANDESH,2006-06-12,2026-09-30,INE583B01015,EQUITY,2,ACTIVE_AT_CUTOFF,
SANDESH|NOISIN|1,SANDESH,2005-01-03,2005-12-01,,UNKNOWN_NO_ISIN,1,ENDED_UNEXPLAINED,
SANDHAR|INE278H01035|1,SANDHAR,2018-04-02,2026-09-30,INE278H01035,EQUITY,1,ACTIVE_AT_CUTOFF,
SANDUMA|INE149K01016|1,SANDUMA,2023-09-07,2026-09-30,INE149K01016,EQUITY,1,ACTIVE_AT_CUTOFF,
SANGAMIND|INE495C01010|1,SANGAMIND,2010-02-19,2026-09-30,INE495C01010,EQUITY,2,ACTIVE_AT_CUTOFF,
SANGAMIND|NOISIN|1,SANGAMIND,2005-01-03,2009-04-17,,UNKNOWN_NO_ISIN,1,ENDED_UNEXPLAINED,
SANGAMIND|NOISIN|2,SANGAMIND,2009-08-21,2009-12-24,,UNKNOWN_NO_ISIN,1,ENDED_UNEXPLAINED,
SANGHIIND|INE999B01013|1,SANGHIIND,2006-06-23,2026-04-02,INE999B01013,EQUITY,2,ENDED_UNEXPLAINED,
SANGHIPOLY|INE146A01013|1,SANGHIPOLY,2011-06-17,2011-11-02,INE146A01013,EQUITY,2,DELISTED_EVIDENCED,SANGHIPOLY 2017-03-24 Delisting - Liquidation
SANGHIPOLY|NOISIN|1,SANGHIPOLY,2006-06-23,2007-12-13,,UNKNOWN_NO_ISIN,1,ENDED_UNEXPLAINED,
SANGHIPOLY|NOISIN|2,SANGHIPOLY,2008-02-29,2009-04-17,,UNKNOWN_NO_ISIN,1,ENDED_UNEXPLAINED,
SANGHIPOLY|NOISIN|3,SANGHIPOLY,2009-06-12,2009-12-24,,UNKNOWN_NO_ISIN,1,ENDED_UNEXPLAINED,
SANGHIPOLY|NOISIN|4,SANGHIPOLY,2010-02-19,2011-04-18,,UNKNOWN_NO_ISIN,1,ENDED_UNEXPLAINED,
SANGHVIFOR|INE263L01013|1,SANGHVIFOR,2011-05-23,2021-04-30,INE263L01013,EQUITY,2,ENDED_UNEXPLAINED,
SANGHVIMOV|INE989A01024|1,SANGHVIMOV,2007-01-24,2026-09-30,INE989A01024|INE989A01032,EQUITY,3,ACTIVE_AT_CUTOFF,
SANGINITA|INE753W01010|1,SANGINITA,2019-07-15,2026-02-25,INE753W01010,EQUITY,1,ENDED_UNEXPLAINED,
SANOFICONR|INE0UOS01011|1,SANOFICONR,2024-09-27,2026-09-30,INE0UOS01011,EQUITY,1,ACTIVE_AT_CUTOFF,
SANSERA|INE953O01021|1,SANSERA,2021-09-24,2026-09-30,INE953O01021,EQUITY,1,ACTIVE_AT_CUTOFF,
SANSTAR|INE08NE01025|1,SANSTAR,2024-07-26,2026-09-30,INE08NE01025,EQUITY,1,ACTIVE_AT_CUTOFF,
SANWARIA|INE890C01046|1,SANWARIA,2007-03-02,2020-09-11,INE890C01046,EQUITY,2,ENDED_UNEXPLAINED,
SANWARIA|NOISIN|1,SANWARIA,2006-03-27,2007-01-11,,UNKNOWN_NO_ISIN,1,ENDED_UNEXPLAINED,
SAPL|NOISIN|1,SAPL,2007-07-23,2010-07-14,,UNKNOWN_NO_ISIN,1,ENDED_UNEXPLAINED,
SAPPHIRE|INE806T01012|1,SAPPHIRE,2021-11-18,2026-09-30,INE806T01012|INE806T01020,EQUITY,2,ACTIVE_AT_CUTOFF,
SAPPL|INE185C01017|1,SAPPL,2026-04-21,2026-09-30,INE185C01017,EQUITY,1,ACTIVE_AT_CUTOFF,
SARDAEN|INE385C01013|1,SARDAEN,2009-12-03,2026-09-30,INE385C01013|INE385C01021,EQUITY,3,ACTIVE_AT_CUTOFF,
SAREGAMA|INE979A01017|1,SAREGAMA,2010-12-03,2026-09-30,INE979A01017|INE979A01025,EQUITY,3,ACTIVE_AT_CUTOFF,
SAREGAMA|NOISIN|1,SAREGAMA,2005-01-03,2006-02-16,,UNKNOWN_NO_ISIN,1,ENDED_UNEXPLAINED,
SAREGAMA|NOISIN|2,SAREGAMA,2006-06-12,2007-09-20,,UNKNOWN_NO_ISIN,1,ENDED_UNEXPLAINED,
SAREGAMA|NOISIN|3,SAREGAMA,2007-12-03,2009-06-11,,UNKNOWN_NO_ISIN,1,ENDED_UNEXPLAINED,
SAREGAMA|NOISIN|4,SAREGAMA,2009-08-21,2009-11-26,,UNKNOWN_NO_ISIN,1,ENDED_UNEXPLAINED,
SAREGAMA|NOISIN|5,SAREGAMA,2010-02-19,2010-09-02,,UNKNOWN_NO_ISIN,1,ENDED_UNEXPLAINED,
SARLAPOLY|INE453D01017|1,SARLAPOLY,2011-06-23,2026-09-30,INE453D01017|INE453D01025,EQUITY,2,ACTIVE_AT_CUTOFF,
SARLAPOLY|NOISIN|1,SARLAPOLY,2007-01-19,2011-06-21,,UNKNOWN_NO_ISIN,1,ENDED_UNEXPLAINED,
SARTHAKIND|INE074H01012|1,SARTHAKIND,2011-12-19,2012-09-05,INE074H01012,EQUITY,1,ENDED_UNEXPLAINED,
SARVESHWAR|INE324X01018|1,SARVESHWAR,2022-12-08,2023-08-07,INE324X01018,EQUITY,1,ENDED_UNEXPLAINED,
SARVESHWAR|INE324X01026|1,SARVESHWAR,2024-01-01,2026-09-30,INE324X01026,EQUITY,1,ACTIVE_AT_CUTOFF,
SASKEN|INE231F01020|1,SASKEN,2005-09-09,2026-09-30,INE231F01020,EQUITY,2,ACTIVE_AT_CUTOFF,
SATHAISPAT|INE176C01016|1,SATHAISPAT,2006-12-27,2020-05-18,INE176C01016,EQUITY,2,ENDED_UNEXPLAINED,
SATIA|INE170E01015|1,SATIA,2019-07-17,2026-09-30,INE170E01015|INE170E01023,EQUITY,2,ACTIVE_AT_CUTOFF,
SATIN|INE836B01017|1,SATIN,2015-09-10,2026-09-30,INE836B01017,EQUITY,1,ACTIVE_AT_CUTOFF,
SATYAMCOMP|INE275A01028|1,SATYAMCOMP,2005-01-03,2013-07-03,INE275A01028,EQUITY,2,ENDED_UNEXPLAINED,
SAURASHCEM|INE626A01014|1,SAURASHCEM,2024-02-27,2026-09-30,INE626A01014,EQUITY,1,ACTIVE_AT_CUTOFF,
SAVERA|INE104E01014|1,SAVERA,2010-06-30,2015-01-29,INE104E01014,EQUITY,2,ENDED_UNEXPLAINED,
SAVITACHEM|NOISIN|1,SAVITACHEM|SOTL,2005-01-03,2026-09-30,INE035D01012|INE035D01020,EQUITY,4,ACTIVE_AT_CUTOFF,
SAYAJIHOTL|INE318C01014|1,SAYAJIHOTL,2012-08-28,2026-09-29,INE318C01014,EQUITY,1,ENDED_UNEXPLAINED,
SAYAJIIND|INE327G01032|1,SAYAJIIND,2026-08-17,2026-09-30,INE327G01032,EQUITY,1,ACTIVE_AT_CUTOFF,
SB&TINTL|INE465B01015|1,SB&TINTL,2011-09-06,2012-10-19,INE465B01015,EQUITY,1,DELISTED_EVIDENCED,SB&TINTL 2017-09-15 Compulsory Delisting
SB&TINTL|NOISIN|1,SB&TINTL,2005-01-03,2005-08-19,,UNKNOWN_NO_ISIN,1,ENDED_UNEXPLAINED,
SB&TINTL|NOISIN|2,SB&TINTL,2006-06-12,2006-06-29,,UNKNOWN_NO_ISIN,1,ENDED_UNEXPLAINED,
SB&TINTL|NOISIN|3,SB&TINTL,2006-08-28,2007-12-13,,UNKNOWN_NO_ISIN,1,ENDED_UNEXPLAINED,
SB&TINTL|NOISIN|4,SB&TINTL,2008-02-29,2009-09-03,,UNKNOWN_NO_ISIN,1,ENDED_UNEXPLAINED,
SB&TINTL|NOISIN|5,SB&TINTL,2009-11-20,2011-03-17,,UNKNOWN_NO_ISIN,1,ENDED_UNEXPLAINED,
SBBJ|INE648A01026|1,SBBJ,2009-07-21,2017-03-15,INE648A01026,EQUITY,2,ENDED_UNEXPLAINED,
SBCL|INE386D01027|1,SBCL,2021-06-24,2026-09-30,INE386D01027,EQUITY,1,ACTIVE_AT_CUTOFF,
SBC|INE04AK01010|1,SBC,2021-11-23,2022-01-12,INE04AK01010,EQUITY,1,ENDED_UNEXPLAINED,
SBC|INE04AK01028|1,SBC,2022-03-29,2026-09-30,INE04AK01028,EQUITY,1,ACTIVE_AT_CUTOFF,
SBFC|INE423Y01016|1,SBFC,2023-08-16,2026-09-30,INE423Y01016,EQUITY,1,ACTIVE_AT_CUTOFF,
SBGLP|INE05ST01010|1,SBGLP,2023-02-10,2026-09-30,INE05ST01010|INE05ST01028,EQUITY,2,ACTIVE_AT_CUTOFF,
SBIBPB|INF200KB1712|1,SBIBPB,2025-03-27,2026-09-30,INF200KB1712,FUND_UNIT,1,ACTIVE_AT_CUTOFF,
SBICARD|INE018E01016|1,SBICARD,2020-03-16,2026-09-30,INE018E01016,EQUITY,1,ACTIVE_AT_CUTOFF,
SBIETFCON|INF200KA1X17|1,SBIETFCON,2021-07-29,2026-09-30,INF200KA1X17,FUND_UNIT,1,ACTIVE_AT_CUTOFF,
SBIETFIT|INF200KA1S14|1,SBIETFIT,2020-10-22,2026-09-30,INF200KA1S14,FUND_UNIT,1,ACTIVE_AT_CUTOFF,
SBIETFPB|INF200KA1S22|1,SBIETFPB,2020-10-22,2026-09-30,INF200KA1S22,FUND_UNIT,1,ACTIVE_AT_CUTOFF,
SBIETFQLTY|INF200KA1WX6|1,SBIETFQLTY,2018-12-17,2026-09-30,INF200KA1WX6,FUND_UNIT,1,ACTIVE_AT_CUTOFF,
SBIFUNDS|INE640G01020|1,SBIFUNDS,2026-07-21,2026-09-30,INE640G01020,EQUITY,1,ACTIVE_AT_CUTOFF,
SBIGETS|INF200K01099|1,SBIGETS|SETFGOLD,2009-05-28,2022-01-06,INF200K01099,FUND_UNIT,3,ENDED_UNEXPLAINED,
SBIHOMEFIN|NOISIN|1,SBIHOMEFIN,2005-01-03,2005-04-07,,UNKNOWN_NO_ISIN,1,ENDED_UNEXPLAINED,
SBIHOMEFIN|NOISIN|2,SBIHOMEFIN,2005-07-08,2005-07-21,,UNKNOWN_NO_ISIN,1,ENDED_UNEXPLAINED,
SBILIFE|INE123W01016|1,SBILIFE,2017-10-03,2026-09-30,INE123W01016,EQUITY,1,ACTIVE_AT_CUTOFF,
SBILIQETF|INF200KB1969|1,SBILIQETF,2025-08-13,2026-09-30,INF200KB1969,FUND_UNIT,1,ACTIVE_AT_CUTOFF,
SBIMIDMOM|INF200KB1AJ0|1,SBIMIDMOM,2026-03-06,2026-09-30,INF200KB1AJ0,FUND_UNIT,1,ACTIVE_AT_CUTOFF,
SBINEQWETF|INF200KB1282|1,SBINEQWETF,2024-07-23,2026-09-30,INF200KB1282,FUND_UNIT,1,ACTIVE_AT_CUTOFF,
SBINMID150|INF200KB1AK8|1,SBINMID150,2026-04-06,2026-09-30,INF200KB1AK8,FUND_UNIT,1,ACTIVE_AT_CUTOFF,
SBIN|INE062A01012|1,SBIN,2005-01-03,2026-09-30,INE062A01012|INE062A01020,EQUITY,3,ACTIVE_AT_CUTOFF,
SBISILVER|INF200KB1217|1,SBISILVER,2024-07-08,2026-09-30,INF200KB1217,FUND_UNIT,1,ACTIVE_AT_CUTOFF,
SBISMLETF|INF200KB1AY9|1,SBISMLETF,2026-05-25,2026-09-30,INF200KB1AY9,FUND_UNIT,1,ACTIVE_AT_CUTOFF,
SBIVALETF|INF200KB1AX1|1,SBIVALETF,2026-05-25,2026-09-30,INF200KB1AX1,FUND_UNIT,1,ACTIVE_AT_CUTOFF,
SBT|INE654A01024|1,SBT,2009-09-16,2017-03-15,INE654A01024,EQUITY,2,ENDED_UNEXPLAINED,
SCANSTL|INE099G01011|1,SCANSTL,2026-04-20,2026-07-31,INE099G01011,EQUITY,1,ENDED_UNEXPLAINED,
SCHAND|INE807K01035|1,SCHAND,2017-05-09,2026-09-30,INE807K01035,EQUITY,1,ACTIVE_AT_CUTOFF,
SCHENHERD|NOISIN|2,SCHENHERD|SIGROUPIND,2006-06-12,2007-08-23,,UNKNOWN_NO_ISIN,2,ENDED_UNEXPLAINED,
SCHNEIDER|INE839M01018|1,SCHNEIDER,2012-04-03,2026-09-30,INE839M01018,EQUITY,1,ACTIVE_AT_CUTOFF,
SCILAL|INE0PB301013|1,SCILAL,2024-04-04,2026-09-30,INE0PB301013,EQUITY,1,ACTIVE_AT_CUTOFF,
SCI|INE109A01011|1,SCI,2005-01-03,2026-09-30,INE109A01011,EQUITY,2,ACTIVE_AT_CUTOFF,
SCODATUBES|INE090501011|1,SCODATUBES,2025-06-18,2026-09-30,INE090501011,EQUITY,1,ACTIVE_AT_CUTOFF,
SCPL|INE501Y01019|1,SCPL,2022-11-22,2026-08-21,INE501Y01019,EQUITY,1,ENDED_UNEXPLAINED,
SDBL|INE480C01012|1,SDBL,2014-04-01,2026-09-30,INE480C01012|INE480C01020|INE480C01038,EQUITY,3,ACTIVE_AT_CUTOFF,
SEAMECLTD|INE497B01018|1,SEAMECLTD,2011-06-17,2026-09-30,INE497B01018,EQUITY,2,ACTIVE_AT_CUTOFF,
SEAMECLTD|NOISIN|1,SEAMECLTD,2005-01-03,2009-08-20,,UNKNOWN_NO_ISIN,1,ENDED_UNEXPLAINED,
SEAMECLTD|NOISIN|2,SEAMECLTD,2009-11-20,2011-04-18,,UNKNOWN_NO_ISIN,1,ENDED_UNEXPLAINED,
SEARLEIND|NOISIN|1,SEARLEIND,2005-01-03,2005-05-26,,UNKNOWN_NO_ISIN,1,ENDED_UNEXPLAINED,
SEARLEIND|NOISIN|2,SEARLEIND,2005-07-08,2005-07-14,,UNKNOWN_NO_ISIN,1,ENDED_UNEXPLAINED,
SECLEDBETA|INF789F1AH42|1,SECLEDBETA,2026-09-18,2026-09-30,INF789F1AH42,FUND_UNIT,1,ACTIVE_AT_CUTOFF,
SECMARK|INE0BTM01013|1,SECMARK,2023-10-16,2026-09-30,INE0BTM01013,EQUITY,1,ACTIVE_AT_CUTOFF,
SECURCRED|INE195Y01010|1,SECURCRED,2022-10-17,2024-06-21,INE195Y01010,EQUITY,1,ENDED_UNEXPLAINED,
SEDEMAC|INE00XB01019|1,SEDEMAC,2026-03-11,2026-09-30,INE00XB01019,EQUITY,1,ACTIVE_AT_CUTOFF,
SEIL|INE440T01028|1,SEIL,2026-04-20,2026-09-30,INE440T01028,EQUITY,1,ACTIVE_AT_CUTOFF,
SEINVEST|INE420C01034|1,SEINVEST,2009-06-16,2011-10-03,INE420C01034,EQUITY,2,ENDED_UNEXPLAINED,
SEJALGLASS|NOISIN|1,SEJALGLASS,2008-07-01,2009-10-05,,UNKNOWN_NO_ISIN,1,ENDED_UNEXPLAINED,
SEJALGLASS|NOISIN|2,SEJALGLASS,2009-11-20,2010-04-01,,UNKNOWN_NO_ISIN,1,ENDED_UNEXPLAINED,
SEJALGLASS|NOISIN|3,SEJALGLASS|SEZALGLASS,2010-06-11,2010-08-19,,UNKNOWN_NO_ISIN,2,ENDED_UNEXPLAINED,
SEJALLTD|INE955I01044|1,SEJALLTD,2022-04-05,2026-09-30,INE955I01044,EQUITY,1,ACTIVE_AT_CUTOFF,
SEKURITIND|INE068B01017|1,SEKURITIND,2026-08-17,2026-09-30,INE068B01017,EQUITY,1,ACTIVE_AT_CUTOFF,
SELAN|NOISIN|1,SELAN,2006-09-26,2008-08-21,,UNKNOWN_NO_ISIN,1,ENDED_UNEXPLAINED,
SELECTIPO|INF769K01ON4|1,SELECTIPO,2025-03-17,2026-09-30,INF769K01ON4,FUND_UNIT,1,ACTIVE_AT_CUTOFF,
SELMCL|INE105I01012|1,SELMCL,2007-08-21,2020-03-26,INE105I01012,EQUITY,2,ENDED_UNEXPLAINED,
SELMC|INE105I01020|1,SELMC,2021-11-12,2026-09-09,INE105I01020,EQUITY,1,ENDED_UNEXPLAINED,
SENCO|INE602W01019|1,SENCO,2023-07-14,2026-09-30,INE602W01019|INE602W01027,EQUITY,2,ACTIVE_AT_CUTOFF,
SENORES|INE0RB801010|1,SENORES,2024-12-30,2026-09-30,INE0RB801010,EQUITY,1,ACTIVE_AT_CUTOFF,
SENSEXBETA|INF789FB1X58|1,SENSEXBETA|UTISENSETF,2015-09-03,2026-09-30,INF789FB1X58,FUND_UNIT,2,ACTIVE_AT_CUTOFF,
SENSEXETF|INF769K01KT9|1,SENSEXETF,2023-10-06,2026-09-30,INF769K01KT9,FUND_UNIT,1,ACTIVE_AT_CUTOFF,
SENTINEL|INE577L01016|1,SENTINEL|STEL,2011-02-23,2026-09-30,INE577L01016,EQUITY,3,ACTIVE_AT_CUTOFF,
SEPC|INE964H01014|1,SEPC|SHRIRAMEPC,2008-02-20,2026-09-30,INE964H01014,EQUITY,3,ACTIVE_AT_CUTOFF,
SEQUENT|INE807F01027|1,SEQUENT|VIYASH,2016-03-10,2026-09-30,INE807F01027,EQUITY,2,ACTIVE_AT_CUTOFF,
SERVALL|INE431L01016|1,SERVALL,2011-05-12,2017-08-22,INE431L01016,EQUITY,2,DELISTED_EVIDENCED,SERVALL 2019-10-17 Delisting - Liquidation
SERVOTECH|INE782X01017|1,SERVOTECH,2021-09-02,2023-06-12,INE782X01017|INE782X01025,EQUITY,2,ENDED_UNEXPLAINED,
SERVOTECH|INE782X01033|1,SERVOTECH,2023-09-25,2026-09-30,INE782X01033,EQUITY,1,ACTIVE_AT_CUTOFF,
SESAGOA|INE205A01025|1,SESAGOA|SSLT|VEDL,2005-01-03,2026-09-30,INE205A01025,EQUITY,4,ACTIVE_AT_CUTOFF,
SESHAPAPER|INE630A01016|1,SESHAPAPER,2005-01-03,2026-09-30,INE630A01016|INE630A01024,EQUITY,3,ACTIVE_AT_CUTOFF,
SETCO|INE878E01021|1,SETCO,2016-07-01,2026-04-08,INE878E01021,EQUITY,1,ENDED_UNEXPLAINED,
SETF10GILT|INF200KA1JT1|1,SETF10GILT,2016-06-23,2026-09-30,INF200KA1JT1,FUND_UNIT,1,ACTIVE_AT_CUTOFF,
SETFBANK|INF200KA1580|1,SETFBANK|SETFNIFBK,2015-03-25,2026-09-30,INF200KA1580,FUND_UNIT,2,ACTIVE_AT_CUTOFF,
SETFGOLD|INF200KA16D8|1,SETFGOLD,2022-01-07,2026-09-30,INF200KA16D8,FUND_UNIT,1,ACTIVE_AT_CUTOFF,
SETFNIF50|INF200KA1FS1|1,SETFNIF50|SETFNIFTY,2015-07-27,2026-09-30,INF200KA1FS1,FUND_UNIT,2,ACTIVE_AT_CUTOFF,
SETFNIFJR|INF200KA1598|1,SETFNIFJR|SETFNN50,2015-03-27,2026-09-30,INF200KA1598,FUND_UNIT,2,ACTIVE_AT_CUTOFF,
SETL|INE0M4D01010|1,SETL|SGLTL,2025-01-13,2026-09-30,INE0M4D01010,EQUITY,2,ACTIVE_AT_CUTOFF,
SEYAIND|INE573R01012|1,SEYAIND,2019-07-11,2023-05-22,INE573R01012,EQUITY,1,ENDED_UNEXPLAINED,
SEZALGLASS|INE955I01028|1,SEZALGLASS,2011-09-06,2011-11-09,INE955I01028,EQUITY,1,ENDED_UNEXPLAINED,
SEZALGLASS|NOISIN|2,SEZALGLASS,2010-12-03,2011-04-18,,UNKNOWN_NO_ISIN,1,ENDED_UNEXPLAINED,
SEZAL|INE955I01036|1,SEZAL,2011-11-22,2017-12-01,INE955I01036,EQUITY,1,ENDED_UNEXPLAINED,
SFCL|INE935O01010|1,SFCL,2013-11-07,2017-03-30,INE935O01010,EQUITY,1,ENDED_UNEXPLAINED,
SFL|INE916U01025|1,SFL,2016-12-09,2026-09-30,INE916U01025,EQUITY,1,ACTIVE_AT_CUTOFF,
SGFIN|INE618R01015|1,SGFIN,2025-08-05,2026-09-30,INE618R01015,EQUITY,1,ACTIVE_AT_CUTOFF,
SGFL|INE883G01018|1,SGFL,2011-06-23,2014-02-28,INE883G01018,EQUITY,1,ENDED_UNEXPLAINED,
SGFL|NOISIN|1,SGFL,2007-05-22,2007-08-30,,UNKNOWN_NO_ISIN,1,ENDED_UNEXPLAINED,
SGFL|NOISIN|2,SGFL,2007-12-03,2009-05-14,,UNKNOWN_NO_ISIN,1,ENDED_UNEXPLAINED,
SGFL|NOISIN|3,SGFL,2009-11-20,2010-04-16,,UNKNOWN_NO_ISIN,1,ENDED_UNEXPLAINED,
SGFL|NOISIN|4,SGFL,2010-06-11,2010-09-16,,UNKNOWN_NO_ISIN,1,ENDED_UNEXPLAINED,
SGFL|NOISIN|5,SGFL,2010-12-03,2011-01-06,,UNKNOWN_NO_ISIN,1,ENDED_UNEXPLAINED,
SGFL|NOISIN|6,SGFL,2011-03-07,2011-06-21,,UNKNOWN_NO_ISIN,1,ENDED_UNEXPLAINED,
SGIL|INE00QT01015|1,SGIL,2021-07-28,2026-09-30,INE00QT01015,EQUITY,1,ACTIVE_AT_CUTOFF,
SGJHL|INE553K01019|1,SGJHL,2010-04-09,2016-11-21,INE553K01019,EQUITY,2,DELISTED_EVIDENCED,SGJHL 2018-08-08 Compulsory Delisting
SGLRES|INE967B01028|1,SGLRES,2026-08-17,2026-09-30,INE967B01028,EQUITY,1,ACTIVE_AT_CUTOFF,
SGL|INE353H01010|1,SGL,2009-08-21,2026-09-30,INE353H01010,EQUITY,2,ACTIVE_AT_CUTOFF,
SGL|NOISIN|1,SGL,2006-04-10,2007-03-01,,UNKNOWN_NO_ISIN,1,ENDED_UNEXPLAINED,
SGL|NOISIN|2,SGL,2007-06-08,2009-05-28,,UNKNOWN_NO_ISIN,1,ENDED_UNEXPLAINED,
SGMART|INE385F01024|1,SGMART,2025-09-12,2026-09-30,INE385F01024,EQUITY,1,ACTIVE_AT_CUTOFF,
SGRL|INE414Y01015|1,SGRL,2026-08-17,2026-09-30,INE414Y01015,EQUITY,1,ACTIVE_AT_CUTOFF,
SHADOWFAX|INE12UN01015|1,SHADOWFAX,2026-01-28,2026-09-30,INE12UN01015,EQUITY,1,ACTIVE_AT_CUTOFF,
SHAHALLOYS|INE640C01011|1,SHAHALLOYS,2011-06-17,2026-09-02,INE640C01011,EQUITY,2,ENDED_UNEXPLAINED,
SHAHALLOYS|NOISIN|1,SHAHALLOYS,2005-06-16,2007-11-29,,UNKNOWN_NO_ISIN,1,ENDED_UNEXPLAINED,
SHAHALLOYS|NOISIN|2,SHAHALLOYS,2008-02-29,2008-06-12,,UNKNOWN_NO_ISIN,1,ENDED_UNEXPLAINED,
SHAHALLOYS|NOISIN|3,SHAHALLOYS,2008-08-22,2008-12-12,,UNKNOWN_NO_ISIN,1,ENDED_UNEXPLAINED,
SHAHALLOYS|NOISIN|4,SHAHALLOYS,2009-03-02,2009-06-11,,UNKNOWN_NO_ISIN,1,ENDED_UNEXPLAINED,
SHAHALLOYS|NOISIN|5,SHAHALLOYS,2009-08-21,2010-01-07,,UNKNOWN_NO_ISIN,1,ENDED_UNEXPLAINED,
SHAHALLOYS|NOISIN|6,SHAHALLOYS,2010-02-19,2011-03-04,,UNKNOWN_NO_ISIN,1,ENDED_UNEXPLAINED,
SHAILY|INE151G01010|1,SHAILY,2022-04-04,2026-09-30,INE151G01010|INE151G01028,EQUITY,2,ACTIVE_AT_CUTOFF,
SHAKTIGAS|NOISIN|1,SHAKTIGAS,2005-01-03,2005-04-19,,UNKNOWN_NO_ISIN,1,ENDED_UNEXPLAINED,
SHAKTIPUMP|INE908D01010|1,SHAKTIPUMP,2011-10-25,2026-09-30,INE908D01010,EQUITY,1,ACTIVE_AT_CUTOFF,
SHALBY|INE597J01018|1,SHALBY,2017-12-15,2026-09-30,INE597J01018,EQUITY,1,ACTIVE_AT_CUTOFF,
SHALPAINTS|INE849C01018|1,SHALPAINTS,2011-09-06,2026-08-05,INE849C01018|INE849C01026,EQUITY,2,ENDED_UNEXPLAINED,
SHALPAINTS|NOISIN|1,SHALPAINTS,2008-03-03,2011-06-09,,UNKNOWN_NO_ISIN,1,ENDED_UNEXPLAINED,
SHAMKNFAB|NOISIN|1,SHAMKNFAB,2005-01-03,2005-03-29,,UNKNOWN_NO_ISIN,1,ENDED_UNEXPLAINED,
SHANKARA|INE274V01019|1,SHANKARA,2017-04-05,2026-09-30,INE274V01019,EQUITY,1,ACTIVE_AT_CUTOFF,
SHANKESH|INE1WFC01025|1,SHANKESH,2026-08-25,2026-09-30,INE1WFC01025,EQUITY,1,ACTIVE_AT_CUTOFF,
SHANTIGEAR|INE631A01022|1,SHANTIGEAR,2005-01-03,2026-09-30,INE631A01022,EQUITY,2,ACTIVE_AT_CUTOFF,
SHANTIGOLD|INE06ZD01017|1,SHANTIGOLD,2025-08-01,2026-09-30,INE06ZD01017,EQUITY,1,ACTIVE_AT_CUTOFF,
SHANTI|INE933X01016|1,SHANTI,2021-09-16,2026-09-30,INE933X01016,EQUITY,1,ACTIVE_AT_CUTOFF,
SHARDACROP|INE221J01015|1,SHARDACROP,2014-09-23,2026-09-30,INE221J01015,EQUITY,1,ACTIVE_AT_CUTOFF,
SHARDAMOTR|INE597I01010|1,SHARDAMOTR,2015-09-03,2026-09-30,INE597I01010|INE597I01028,EQUITY,2,ACTIVE_AT_CUTOFF,
SHARDUL|INE037B01020|1,SHARDUL,2026-04-20,2026-07-16,INE037B01020,EQUITY,1,ENDED_UNEXPLAINED,
SHAREINDIA|INE932X01018|1,SHAREINDIA,2020-09-21,2026-09-30,INE932X01018|INE932X01026,EQUITY,2,ACTIVE_AT_CUTOFF,
SHARIABEES|INF732E01128|1,SHARIABEES,2009-04-01,2026-09-30,INF732E01128,FUND_UNIT,2,ACTIVE_AT_CUTOFF,
SHARONBIO|INE028B01011|1,SHARONBIO,2011-12-07,2017-09-13,INE028B01011|INE028B01029,EQUITY,2,ENDED_UNEXPLAINED,
SHARRESLTD|NOISIN|1,SHARRESLTD,2006-12-27,2009-08-06,,UNKNOWN_NO_ISIN,1,ENDED_UNEXPLAINED,
SHASUNCHEM|NOISIN|1,SHASUNCHEM,2005-01-03,2009-01-09,,UNKNOWN_NO_ISIN,1,ENDED_UNEXPLAINED,
SHASUNCHEM|NOISIN|2,SHASUNCHEM,2009-03-02,2009-06-11,,UNKNOWN_NO_ISIN,1,ENDED_UNEXPLAINED,
SHASUNCHEM|NOISIN|3,SHASUNCHEM,2009-08-21,2009-12-10,,UNKNOWN_NO_ISIN,1,ENDED_UNEXPLAINED,
SHASUNCHEM|NOISIN|4,SHASUNCHEM|SHASUNPHAR,2010-02-19,2011-05-12,,UNKNOWN_NO_ISIN,2,ENDED_UNEXPLAINED,
SHASUNPHAR|INE317A01028|1,SHASUNPHAR,2011-06-17,2015-11-17,INE317A01028,EQUITY,2,ENDED_UNEXPLAINED,
SHBAJRG|INE402H01015|1,SHBAJRG,2026-04-20,2026-09-30,INE402H01015,EQUITY,1,ACTIVE_AT_CUTOFF,
SHEKHAWATI|INE268L01046|1,SHEKHAWATI,2025-08-11,2026-08-14,INE268L01046,EQUITY,1,ENDED_UNEXPLAINED,
SHEMAROO|INE363M01019|1,SHEMAROO,2014-10-21,2026-09-30,INE363M01019,EQUITY,1,ACTIVE_AT_CUTOFF,
SHERVANI|INE011D01013|1,SHERVANI,2026-08-17,2026-09-30,INE011D01013,EQUITY,1,ACTIVE_AT_CUTOFF,
SHILCTECH|INE024F01011|1,SHILCTECH,2025-11-24,2026-09-30,INE024F01011,EQUITY,1,ACTIVE_AT_CUTOFF,
SHILGRAVQ|INE960A01017|1,SHILGRAVQ,2026-08-17,2026-09-30,INE960A01017,EQUITY,1,ACTIVE_AT_CUTOFF,
SHILPAMED|INE790G01023|1,SHILPAMED,2009-12-03,2026-09-30,INE790G01023|INE790G01031,EQUITY,3,ACTIVE_AT_CUTOFF,
SHILPI|INE510K01019|1,SHILPI,2011-04-08,2018-08-16,INE510K01019,EQUITY,2,DELISTED_EVIDENCED,SHILPI 2020-03-02 Delisting - Liquidation
SHINDL|INE220Z01013|1,SHINDL,2026-04-20,2026-09-30,INE220Z01013,EQUITY,1,ACTIVE_AT_CUTOFF,
SHIPROCKET|INE0FOO01011|1,SHIPROCKET,2026-08-19,2026-09-30,INE0FOO01011,EQUITY,1,ACTIVE_AT_CUTOFF,
SHIRPUR-G|INE196B01016|1,SHIRPUR-G,2013-03-01,2020-11-23,INE196B01016,EQUITY,1,ENDED_UNEXPLAINED,
SHIV-VANI|INE756B01017|1,SHIV-VANI|SVOGL,2006-08-28,2016-09-26,INE756B01017,EQUITY,3,DELISTED_EVIDENCED,SVOGL 2018-07-02 Delisting - Liquidation
SHIV-VANI|NOISIN|1,SHIV-VANI,2005-07-22,2006-06-09,,UNKNOWN_NO_ISIN,1,ENDED_UNEXPLAINED,
SHIVAAGRO|INE960E01019|1,SHIVAAGRO,2026-08-17,2026-09-30,INE960E01019,EQUITY,1,ACTIVE_AT_CUTOFF,
SHIVACEM|INE555C01029|1,SHIVACEM,2026-08-17,2026-09-30,INE555C01029,EQUITY,1,ACTIVE_AT_CUTOFF,
SHIVALIK|INE788J01021|1,SHIVALIK,2021-12-09,2026-09-30,INE788J01021,EQUITY,1,ACTIVE_AT_CUTOFF,
SHIVAMAUTO|INE637H01016|1,SHIVAMAUTO,2006-11-21,2026-09-30,INE637H01016|INE637H01024,EQUITY,3,ACTIVE_AT_CUTOFF,
SHIVAMILLS|INE644Y01017|1,SHIVAMILLS,2018-03-13,2026-09-30,INE644Y01017,EQUITY,1,ACTIVE_AT_CUTOFF,
SHIVATEX|INE705C01020|1,SHIVATEX,2018-01-09,2026-09-30,INE705C01020,EQUITY,1,ACTIVE_AT_CUTOFF,
SHIVAUM|INE719F01016|1,SHIVAUM,2025-11-14,2026-09-30,INE719F01016,EQUITY,1,ACTIVE_AT_CUTOFF,
SHIVTEX|INE705C01012|1,SHIVTEX,2005-04-08,2017-11-02,INE705C01012,EQUITY,2,ENDED_UNEXPLAINED,
SHK|INE500L01026|1,SHK,2015-11-16,2026-09-30,INE500L01026,EQUITY,1,ACTIVE_AT_CUTOFF,
SHLAKSHMI|INE851B01016|1,SHLAKSHMI,2007-12-03,2015-07-10,INE851B01016,EQUITY,2,ENDED_UNEXPLAINED,
SHOPERSTOP|INE498B01024|1,SHOPERSTOP,2005-05-23,2026-09-30,INE498B01024,EQUITY,2,ACTIVE_AT_CUTOFF,
SHPRE|INE318K01017|1,SHPRE,2009-10-15,2012-05-02,INE318K01017,EQUITY,2,DELISTED_EVIDENCED,SHPRE 2012-05-10 Voluntary Delisting
SHRADDHA|INE311M01018|1,SHRADDHA,2026-08-17,2026-09-30,INE311M01018,EQUITY,1,ACTIVE_AT_CUTOFF,
SHRADHA|INE715Y01015|1,SHRADHA,2020-10-22,2024-06-24,INE715Y01015|INE715Y01023,EQUITY,2,ENDED_UNEXPLAINED,
SHRADHA|INE715Y01031|1,SHRADHA,2025-05-12,2026-09-30,INE715Y01031,EQUITY,1,ACTIVE_AT_CUTOFF,
SHREDIGCEM|INE232A01011|1,SHREDIGCEM,2019-08-19,2026-09-30,INE232A01011,EQUITY,1,ACTIVE_AT_CUTOFF,
SHREEASHTA|INE538H01024|1,SHREEASHTA,2008-08-22,2014-06-19,INE538H01024,EQUITY,2,DELISTED_EVIDENCED,SHREEASHTA 2018-07-02 Delisting - Liquidation
SHREEASHTA|NOISIN|1,SHREEASHTA,2007-01-10,2008-06-12,,UNKNOWN_NO_ISIN,1,ENDED_UNEXPLAINED,
SHREECEM|INE070A01015|1,SHREECEM,2005-01-03,2026-09-30,INE070A01015,EQUITY,2,ACTIVE_AT_CUTOFF,
SHREEJISPG|INE1B6101010|1,SHREEJISPG,2025-08-26,2026-09-30,INE1B6101010,EQUITY,1,ACTIVE_AT_CUTOFF,
SHREEPUSHK|INE712K01011|1,SHREEPUSHK,2015-09-28,2026-09-30,INE712K01011,EQUITY,1,ACTIVE_AT_CUTOFF,
SHREERAMA|INE879A01019|1,SHREERAMA,2010-12-03,2026-09-30,INE879A01019,EQUITY,2,ACTIVE_AT_CUTOFF,
SHREERAMA|NOISIN|1,SHREERAMA,2005-07-08,2005-09-01,,UNKNOWN_NO_ISIN,1,ENDED_UNEXPLAINED,
SHREERAMA|NOISIN|2,SHREERAMA,2006-06-12,2006-06-29,,UNKNOWN_NO_ISIN,1,ENDED_UNEXPLAINED,
SHREERAMA|NOISIN|3,SHREERAMA,2006-08-28,2006-09-21,,UNKNOWN_NO_ISIN,1,ENDED_UNEXPLAINED,
SHREERAMA|NOISIN|4,SHREERAMA,2006-11-24,2007-02-08,,UNKNOWN_NO_ISIN,1,ENDED_UNEXPLAINED,
SHREERAMA|NOISIN|5,SHREERAMA,2007-06-08,2007-09-20,,UNKNOWN_NO_ISIN,1,ENDED_UNEXPLAINED,
SHREERAMA|NOISIN|6,SHREERAMA,2008-02-29,2009-01-09,,UNKNOWN_NO_ISIN,1,ENDED_UNEXPLAINED,
SHREERAMA|NOISIN|7,SHREERAMA,2009-03-02,2009-06-11,,UNKNOWN_NO_ISIN,1,ENDED_UNEXPLAINED,
SHREERAMA|NOISIN|8,SHREERAMA,2009-08-21,2009-10-16,,UNKNOWN_NO_ISIN,1,ENDED_UNEXPLAINED,
SHREERAMA|NOISIN|9,SHREERAMA,2009-11-20,2010-10-14,,UNKNOWN_NO_ISIN,1,ENDED_UNEXPLAINED,
SHRENIK|INE632X01022|1,SHRENIK,2019-08-02,2026-01-01,INE632X01022|INE632X01030,EQUITY,2,ENDED_UNEXPLAINED,
SHRENUJ|INE633A01028|1,SHRENUJ,2005-01-03,2017-01-23,INE633A01028,EQUITY,2,DELISTED_EVIDENCED,SHRENUJ 2018-08-08 Compulsory Delisting
SHREYANIND|INE231C01019|1,SHREYANIND,2011-06-22,2026-09-30,INE231C01019,EQUITY,1,ACTIVE_AT_CUTOFF,
SHREYANIND|NOISIN|1,SHREYANIND,2006-06-23,2008-11-26,,UNKNOWN_NO_ISIN,1,ENDED_UNEXPLAINED,
SHREYANIND|NOISIN|2,SHREYANIND,2009-06-12,2011-06-20,,UNKNOWN_NO_ISIN,1,ENDED_UNEXPLAINED,
SHREYASHIP|NOISIN|1,SHREYASHIP,2005-04-08,2005-07-07,,UNKNOWN_NO_ISIN,1,ENDED_UNEXPLAINED,
SHREYASHIP|NOISIN|2,SHREYAS|SHREYASHIP,2005-11-25,2009-05-28,,UNKNOWN_NO_ISIN,2,ENDED_UNEXPLAINED,
SHREYAS|INE757B01015|1,SHREYAS|TRANSWORLD,2010-12-03,2026-06-18,INE757B01015,EQUITY,3,ENDED_UNEXPLAINED,
SHREYAS|NOISIN|2,SHREYAS,2009-08-21,2009-12-24,,UNKNOWN_NO_ISIN,1,ENDED_UNEXPLAINED,
SHREYAS|NOISIN|3,SHREYAS,2010-02-19,2010-04-16,,UNKNOWN_NO_ISIN,1,ENDED_UNEXPLAINED,
SHREYAS|NOISIN|4,SHREYAS,2010-06-11,2010-10-14,,UNKNOWN_NO_ISIN,1,ENDED_UNEXPLAINED,
SHRIKRISH|INE997I01012|1,SHRIKRISH,2026-04-20,2026-09-30,INE997I01012,EQUITY,1,ACTIVE_AT_CUTOFF,
SHRINGARMS|INE1B3L01017|1,SHRINGARMS,2025-09-17,2026-09-30,INE1B3L01017,EQUITY,1,ACTIVE_AT_CUTOFF,
SHRINGAR|NOISIN|1,SHRINGAR,2005-04-29,2006-06-29,,UNKNOWN_NO_ISIN,1,ENDED_UNEXPLAINED,
SHRINGAR|NOISIN|2,SHRINGAR,2006-08-28,2006-10-19,,UNKNOWN_NO_ISIN,1,ENDED_UNEXPLAINED,
SHRIPISTON|INE526E01018|1,SHRIPISTON,2023-05-22,2026-09-30,INE526E01018,EQUITY,1,ACTIVE_AT_CUTOFF,
SHRIRAMCIT|INE722A01011|1,SHRIRAMCIT,2005-04-04,2022-11-28,INE722A01011,EQUITY,2,ENDED_UNEXPLAINED,
SHRIRAMFIN|INE721A01013|1,SHRIRAMFIN|SRTRANSFIN,2005-01-03,2026-09-30,INE721A01013|INE721A01047,EQUITY,4,ACTIVE_AT_CUTOFF,
SHRIRAMINV|NOISIN|1,SHRIRAMINV,2005-01-03,2005-12-13,,UNKNOWN_NO_ISIN,1,ENDED_UNEXPLAINED,
SHRIRAMPPS|INE217L01019|1,SHRIRAMPPS,2021-12-20,2026-09-30,INE217L01019,EQUITY,1,ACTIVE_AT_CUTOFF,
SHRJAGP|INE564J01026|1,SHRJAGP,2026-08-17,2026-09-30,INE564J01026,EQUITY,1,ACTIVE_AT_CUTOFF,
SHRVINDPPR|NOISIN|1,SHRVINDPPR,2005-01-03,2005-03-03,,UNKNOWN_NO_ISIN,1,ENDED_UNEXPLAINED,
SHRVINDPPR|NOISIN|2,SHRVINDPPR,2005-04-08,2005-04-28,,UNKNOWN_NO_ISIN,1,DELISTED_EVIDENCED,SHRVINDPPR 2017-03-24 Compulsory Delisting
SHUKRAPHAR|INE551C01044|1,SHUKRAPHAR,2026-08-14,2026-09-30,INE551C01044,EQUITY,1,ACTIVE_AT_CUTOFF,
SHYAMCENT|INE979R01011|1,SHYAMCENT,2015-08-11,2026-07-02,INE979R01011,EQUITY,1,ENDED_UNEXPLAINED,
SHYAMMETL|INE810G01011|1,SHYAMMETL,2021-06-24,2026-09-30,INE810G01011,EQUITY,1,ACTIVE_AT_CUTOFF,
SHYAMTELE|NOISIN|1,SHYAMTELE,2005-01-03,2006-07-24,,UNKNOWN_NO_ISIN,1,ENDED_UNEXPLAINED,
SHYAMTEL|INE635A01023|1,SHYAMTEL,2009-08-21,2026-09-30,INE635A01023,EQUITY,2,ACTIVE_AT_CUTOFF,
SHYAMTEL|NOISIN|1,SHYAMTEL,2006-11-06,2007-12-28,,UNKNOWN_NO_ISIN,1,ENDED_UNEXPLAINED,
SHYAMTEL|NOISIN|2,SHYAMTEL,2008-02-29,2009-06-11,,UNKNOWN_NO_ISIN,1,ENDED_UNEXPLAINED,
SICAGEN|INE176J01011|1,SICAGEN,2009-08-21,2026-09-30,INE176J01011,EQUITY,2,ACTIVE_AT_CUTOFF,
SICAGEN|NOISIN|1,SICAGEN,2008-08-21,2009-04-17,,UNKNOWN_NO_ISIN,1,ENDED_UNEXPLAINED,
SICALLOG|INE075B01020|1,SICALLOG,2023-10-27,2026-07-31,INE075B01020,EQUITY,1,ENDED_UNEXPLAINED,
SICAL|INE075B01012|1,SICAL,2009-08-21,2022-12-28,INE075B01012,EQUITY,2,ENDED_UNEXPLAINED,
SICAL|NOISIN|1,SICAL,2005-01-03,2008-11-14,,UNKNOWN_NO_ISIN,1,ENDED_UNEXPLAINED,
SICAL|NOISIN|2,SICAL,2009-03-02,2009-06-11,,UNKNOWN_NO_ISIN,1,ENDED_UNEXPLAINED,
SIEL|INE843L01012|1,SIEL,2026-08-17,2026-09-30,INE843L01012,EQUITY,1,ACTIVE_AT_CUTOFF,
SIEMENS|INE003A01024|1,SIEMENS,2005-01-03,2026-09-30,INE003A01024,EQUITY,2,ACTIVE_AT_CUTOFF,
SIGACHI|INE0D0K01014|1,SIGACHI,2021-11-30,2026-09-30,INE0D0K01014|INE0D0K01022,EQUITY,2,ACTIVE_AT_CUTOFF,
SIGIND|INE529F01035|1,SIGIND,2018-08-29,2026-08-24,INE529F01035,EQUITY,1,ENDED_UNEXPLAINED,
SIGMA|INE0A0S01010|1,SIGMA,2023-06-09,2026-09-30,INE0A0S01010|INE0A0S01028,EQUITY,2,ACTIVE_AT_CUTOFF,
SIGNATURE|INE903U01023|1,SIGNATURE,2023-09-27,2026-09-30,INE903U01023,EQUITY,1,ACTIVE_AT_CUTOFF,
SIGNETIND|INE529F01019|1,SIGNET|SIGNETIND,2012-05-30,2018-08-10,INE529F01019|INE529F01027,EQUITY,3,ENDED_UNEXPLAINED,
SIGNPOST|INE0KGZ01021|1,SIGNPOST,2024-02-28,2026-09-30,INE0KGZ01021,EQUITY,1,ACTIVE_AT_CUTOFF,
SIGROUPIND|NOISIN|2,SIGROUPIND,2007-12-03,2009-02-05,,UNKNOWN_NO_ISIN,1,ENDED_UNEXPLAINED,
SIGROUPIND|NOISIN|3,SIGROUPIND,2009-06-12,2009-09-15,,UNKNOWN_NO_ISIN,1,DELISTED_EVIDENCED,SIGROUPIND 2009-09-23 Voluntary Delisting
SIKA|INE438E01032|1,SIKA,2026-04-20,2026-09-30,INE438E01032,EQUITY,1,ACTIVE_AT_CUTOFF,
SIKKO|INE112X01017|1,SIKKO,2021-10-22,2025-10-27,INE112X01017,EQUITY,1,ENDED_UNEXPLAINED,
SIKKO|INE112X01025|1,SIKKO,2026-02-02,2026-08-10,INE112X01025,EQUITY,1,ENDED_UNEXPLAINED,
SILGO|INE01II01013|1,SILGO,2021-03-03,2026-09-30,INE01II01013,EQUITY,1,ACTIVE_AT_CUTOFF,
SILINV|INE923A01015|1,SILINV|SUTLEJINDS,2005-01-03,2026-09-30,INE923A01015,EQUITY,3,ACTIVE_AT_CUTOFF,
SILVER001|INF966L01EI5|1,SILVER001,2026-08-25,2026-09-30,INF966L01EI5,FUND_UNIT,1,ACTIVE_AT_CUTOFF,
SILVER1|INF174KA1ZD3|1,SILVER1,2026-02-27,2026-09-30,INF174KA1ZD3,FUND_UNIT,1,ACTIVE_AT_CUTOFF,
SILVER360|INF579M01BC3|1,SILVER360,2025-04-04,2026-09-30,INF579M01BC3,FUND_UNIT,1,ACTIVE_AT_CUTOFF,
SILVERADD|INF740KA1ZQ0|1,SILVERADD,2026-08-28,2026-09-30,INF740KA1ZQ0,FUND_UNIT,1,ACTIVE_AT_CUTOFF,
SILVERBETA|INF789F1AYK6|1,SILVERBETA|SILVERETF,2023-04-20,2026-09-30,INF789F1AYK6,FUND_UNIT,2,ACTIVE_AT_CUTOFF,
SILVERBND|INF194KB1KI9|1,SILVERBND,2025-12-12,2026-09-30,INF194KB1KI9,FUND_UNIT,1,ACTIVE_AT_CUTOFF,
SILVERCASE|INF0R8F01091|1,SILVERCASE,2025-03-26,2026-09-30,INF0R8F01091,FUND_UNIT,1,ACTIVE_AT_CUTOFF,
SILVERTUC|INE625X01018|1,SILVERTUC,2022-05-12,2026-09-30,INE625X01018|INE625X01026,EQUITY,2,ACTIVE_AT_CUTOFF,
SILVER|INF209KB19F6|1,SILVER,2022-02-03,2026-09-30,INF209KB19F6,FUND_UNIT,1,ACTIVE_AT_CUTOFF,
SIL|INE173A01025|1,SIL,2024-03-11,2026-09-30,INE173A01025,EQUITY,1,ACTIVE_AT_CUTOFF,
SIL|NOISIN|1,SIL,2005-01-03,2005-12-15,,UNKNOWN_NO_ISIN,1,ENDED_UNEXPLAINED,
SIL|NOISIN|2,SIL,2006-02-17,2006-08-25,,UNKNOWN_NO_ISIN,1,ENDED_UNEXPLAINED,
SIL|NOISIN|3,SIL,2007-03-02,2007-06-28,,UNKNOWN_NO_ISIN,1,ENDED_UNEXPLAINED,
SIL|NOISIN|4,SIL,2007-12-03,2007-12-28,,UNKNOWN_NO_ISIN,1,ENDED_UNEXPLAINED,
SIL|NOISIN|5,SIL,2008-02-29,2010-04-16,,UNKNOWN_NO_ISIN,1,ENDED_UNEXPLAINED,
SIL|NOISIN|6,SIL,2010-06-11,2010-11-22,,UNKNOWN_NO_ISIN,1,ENDED_UNEXPLAINED,
SIMBHALS|INE748T01016|1,SIMBHALS,2016-03-30,2024-06-26,INE748T01016,EQUITY,1,ENDED_UNEXPLAINED,
SIMBHSUGAR|INE270C01017|1,SIMBHSUGAR,2009-11-20,2015-11-23,INE270C01017,EQUITY,2,ENDED_UNEXPLAINED,
SIMBHSUGAR|NOISIN|1,SIMBHSUGAR,2006-06-27,2007-10-05,,UNKNOWN_NO_ISIN,1,ENDED_UNEXPLAINED,
SIMBHSUGAR|NOISIN|2,SIMBHSUGAR,2007-12-03,2007-12-28,,UNKNOWN_NO_ISIN,1,ENDED_UNEXPLAINED,
SIMBHSUGAR|NOISIN|3,SIMBHSUGAR,2008-02-29,2008-08-07,,UNKNOWN_NO_ISIN,1,ENDED_UNEXPLAINED,
SIMBHSUGAR|NOISIN|4,SIMBHSUGAR,2008-12-01,2008-12-26,,UNKNOWN_NO_ISIN,1,ENDED_UNEXPLAINED,
SIMBHSUGAR|NOISIN|5,SIMBHSUGAR,2009-03-02,2009-04-02,,UNKNOWN_NO_ISIN,1,ENDED_UNEXPLAINED,
SIMBHSUGAR|NOISIN|6,SIMBHSUGAR,2009-06-12,2009-08-20,,UNKNOWN_NO_ISIN,1,ENDED_UNEXPLAINED,
SIMPLEXCAS|INE658D01011|1,SIMPLEXCAS,2012-08-29,2015-01-07,INE658D01011,EQUITY,1,ENDED_UNEXPLAINED,
SIMPLEXCON|NOISIN|1,SIMPLEXCON|SIMPLEXINF,2005-01-03,2026-09-30,INE059B01024,EQUITY,3,ACTIVE_AT_CUTOFF,
SIMPLEX|INE898F01018|1,SIMPLEX,2010-02-19,2018-09-24,INE898F01018,EQUITY,2,ENDED_UNEXPLAINED,
SIMPLEX|NOISIN|1,SIMPLEX,2007-08-03,2009-11-19,,UNKNOWN_NO_ISIN,1,ENDED_UNEXPLAINED,
SIMPLXREA|INE167H01014|1,SIMPLXREA,2026-08-17,2026-09-30,INE167H01014,EQUITY,1,ACTIVE_AT_CUTOFF,
SINCLAIR|INE985A01022|1,SINCLAIR,2024-04-10,2026-09-30,INE985A01022,EQUITY,1,ACTIVE_AT_CUTOFF,
SINDHUTRAD|INE325D01025|1,SINDHUTRAD,2023-06-20,2026-09-30,INE325D01025,EQUITY,1,ACTIVE_AT_CUTOFF,
SINGERIND|INE638A01035|1,SINGERIND,2026-03-19,2026-09-30,INE638A01035,EQUITY,1,ACTIVE_AT_CUTOFF,
SINTERCOM|INE129Z01016|1,SINTERCOM,2020-10-07,2026-09-30,INE129Z01016,EQUITY,1,ACTIVE_AT_CUTOFF,
SINTEX|INE429C01035|1,SINTEX,2005-01-03,2022-03-21,INE429C01035,EQUITY,2,ENDED_UNEXPLAINED,
SIRCA|INE792Z01011|1,SIRCA,2019-07-22,2026-09-30,INE792Z01011,EQUITY,1,ACTIVE_AT_CUTOFF,
SIRPAPER|INE202C01010|1,SIRPAPER,2011-06-17,2015-07-10,INE202C01010,EQUITY,2,DELISTED_EVIDENCED,SIRPAPER 2019-03-19 Voluntary Delisting
SIRPAPER|NOISIN|1,SIRPAPER,2005-01-03,2010-04-16,,UNKNOWN_NO_ISIN,1,ENDED_UNEXPLAINED,
SIRPAPER|NOISIN|2,SIRPAPER,2010-06-11,2011-04-18,,UNKNOWN_NO_ISIN,1,ENDED_UNEXPLAINED,
SIS|INE285J01010|1,SIS,2017-08-10,2026-09-30,INE285J01010|INE285J01028,EQUITY,2,ACTIVE_AT_CUTOFF,
SITASHREE|INE686I01011|1,SITASHREE,2010-06-11,2018-03-16,INE686I01011,EQUITY,2,ENDED_UNEXPLAINED,
SITASHREE|NOISIN|1,SITASHREE,2008-04-07,2009-08-20,,UNKNOWN_NO_ISIN,1,ENDED_UNEXPLAINED,
SITASHREE|NOISIN|2,SITASHREE,2009-11-20,2010-04-01,,UNKNOWN_NO_ISIN,1,ENDED_UNEXPLAINED,
SITICABLE|INE965H01011|1,SITICABLE|SITINET|WWIL,2007-01-10,2023-06-06,INE965H01011,EQUITY,4,ENDED_UNEXPLAINED,
SIYSIL|INE076B01010|1,SIYSIL,2007-01-29,2026-09-30,INE076B01010|INE076B01028,EQUITY,3,ACTIVE_AT_CUTOFF,
SJS|INE284S01014|1,SJS,2021-11-15,2026-09-30,INE284S01014,EQUITY,1,ACTIVE_AT_CUTOFF,
SJVN|INE002L01015|1,SJVN,2010-05-20,2026-09-30,INE002L01015,EQUITY,2,ACTIVE_AT_CUTOFF,
SKFINDIA|INE640A01023|1,SKFINDIA,2005-01-03,2026-09-30,INE640A01023,EQUITY,2,ACTIVE_AT_CUTOFF,
SKFINDUS|INE2J8701016|1,SKFINDUS,2025-12-19,2026-09-30,INE2J8701016,EQUITY,1,ACTIVE_AT_CUTOFF,
SKIPPER|INE439E01022|1,SKIPPER,2015-05-27,2026-09-30,INE439E01022,EQUITY,1,ACTIVE_AT_CUTOFF,
SKMEGGPROD|INE411D01015|1,SKMEGGPROD,2011-03-07,2026-09-30,INE411D01015|INE411D01023,EQUITY,3,ACTIVE_AT_CUTOFF,
SKMEGGPROD|NOISIN|1,SKMEGGPROD,2005-01-03,2009-06-11,,UNKNOWN_NO_ISIN,1,ENDED_UNEXPLAINED,
SKMEGGPROD|NOISIN|2,SKMEGGPROD,2009-08-21,2010-11-25,,UNKNOWN_NO_ISIN,1,ENDED_UNEXPLAINED,
SKUMARSYNF|INE772A01016|1,SKUMARSYNF,2005-11-25,2015-03-30,INE772A01016,EQUITY,2,ENDED_UNEXPLAINED,
SKUMARSYNF|NOISIN|1,SKUMARSYNF,2005-04-08,2005-07-07,,UNKNOWN_NO_ISIN,1,ENDED_UNEXPLAINED,
SKYGOLD|INE01IU01018|1,SKYGOLD,2023-01-06,2026-09-30,INE01IU01018,EQUITY,1,ACTIVE_AT_CUTOFF,
SKYWAYS|INE0PX301025|1,SKYWAYS,2026-09-01,2026-09-30,INE0PX301025,EQUITY,1,ACTIVE_AT_CUTOFF,
SMALL250|INF769K01PQ4|1,SMALL250,2025-11-13,2026-09-30,INF769K01PQ4,FUND_UNIT,1,ACTIVE_AT_CUTOFF,
SMALLADD|INF740KA1WX3|1,SMALLADD,2025-12-18,2026-09-30,INF740KA1WX3,FUND_UNIT,1,ACTIVE_AT_CUTOFF,
SMALLCAP|INF769K01LC3|1,SMALLCAP,2024-02-29,2026-09-30,INF769K01LC3,FUND_UNIT,1,ACTIVE_AT_CUTOFF,
SMALLGROWW|INF666M01PG9|1,SMALLGROWW,2026-06-18,2026-09-30,INF666M01PG9,FUND_UNIT,1,ACTIVE_AT_CUTOFF,
SMALLIETF|INF109K1A476|1,SMALLIETF,2026-06-24,2026-09-30,INF109K1A476,FUND_UNIT,1,ACTIVE_AT_CUTOFF,
SMARTLINK|INE178C01020|1,SMARTLINK,2009-08-21,2026-05-18,INE178C01020,EQUITY,2,ENDED_UNEXPLAINED,
SMARTWORKS|INE0NAZ01010|1,SMARTWORKS,2025-07-17,2026-09-30,INE0NAZ01010,EQUITY,1,ACTIVE_AT_CUTOFF,
SMCGLOBAL|INE103C01036|1,SMCGLOBAL,2021-03-10,2026-09-30,INE103C01036,EQUITY,1,ACTIVE_AT_CUTOFF,
SML100CASE|INF0R8F01141|1,SML100CASE,2025-09-12,2026-09-30,INF0R8F01141,FUND_UNIT,1,ACTIVE_AT_CUTOFF,
SMLISUZU|INE294B01019|1,SMLISUZU|SMLMAH|SWARAJMAZD,2010-02-19,2026-09-30,INE294B01019,EQUITY,4,ACTIVE_AT_CUTOFF,
SMLT|INE017W01010|1,SMLT,2021-11-25,2026-09-30,INE017W01010,EQUITY,1,ACTIVE_AT_CUTOFF,
SMPL|INE215G01021|1,SMPL,2010-03-09,2019-08-30,INE215G01021,EQUITY,2,ENDED_UNEXPLAINED,
SMSPHARMA|INE812G01017|1,SMSPHARMA,2008-08-22,2026-09-30,INE812G01017|INE812G01025,EQUITY,3,ACTIVE_AT_CUTOFF,
SMSPHARMA|NOISIN|1,SMSPHARMA,2007-02-28,2008-06-12,,UNKNOWN_NO_ISIN,1,ENDED_UNEXPLAINED,
SMZSCHEM|NOISIN|1,SMZSCHEM,2005-01-03,2005-04-21,,UNKNOWN_NO_ISIN,1,ENDED_UNEXPLAINED,
SMZSCHEM|NOISIN|2,SMZSCHEM,2005-07-08,2005-08-19,,UNKNOWN_NO_ISIN,1,ENDED_UNEXPLAINED,
SMZSCHEM|NOISIN|3,SMZSCHEM,2006-08-29,2006-10-06,,UNKNOWN_NO_ISIN,1,ENDED_UNEXPLAINED,
SMZSCHEM|NOISIN|4,SMZSCHEM,2006-11-27,2006-12-08,,UNKNOWN_NO_ISIN,1,ENDED_UNEXPLAINED,
SMZSCHEM|NOISIN|5,SMZSCHEM,2007-01-12,2007-09-20,,UNKNOWN_NO_ISIN,1,ENDED_UNEXPLAINED,
SMZSCHEM|NOISIN|6,SMZSCHEM,2007-12-03,2007-12-28,,UNKNOWN_NO_ISIN,1,ENDED_UNEXPLAINED,
SMZSCHEM|NOISIN|7,SMZSCHEM,2008-02-29,2008-09-09,,UNKNOWN_NO_ISIN,1,DELISTED_EVIDENCED,SMZSCHEM 2016-08-31 Delisting - Liquidation
SNOWCEMIND|NOISIN|1,SNOWCEMIND,2005-01-03,2005-05-19,,UNKNOWN_NO_ISIN,1,ENDED_UNEXPLAINED,
SNOWCEMIND|NOISIN|2,SNOWCEMIND,2005-07-08,2005-07-29,,UNKNOWN_NO_ISIN,1,ENDED_UNEXPLAINED,
SNOWCEMIND|NOISIN|3,SNOWCEMIND,2006-06-12,2006-06-29,,UNKNOWN_NO_ISIN,1,ENDED_UNEXPLAINED,
SNOWCEMIND|NOISIN|4,SNOWCEMIND,2006-08-28,2006-09-12,,UNKNOWN_NO_ISIN,1,DELISTED_EVIDENCED,SNOWCEMIND 2016-09-12 Delisting - Liquidation
SNOWMAN|INE734N01019|1,SNOWMAN,2014-09-26,2026-09-30,INE734N01019,EQUITY,1,ACTIVE_AT_CUTOFF,
SNXT30BEES|INF204KC1EZ3|1,SNXT30BEES,2025-06-13,2026-09-30,INF204KC1EZ3,FUND_UNIT,1,ACTIVE_AT_CUTOFF,
SNXT50BETA|INF789F1AUU3|1,SNXT50BETA|UTISXN50,2021-02-19,2026-09-30,INF789F1AUU3,FUND_UNIT,2,ACTIVE_AT_CUTOFF,
SOBHA|INE671H01015|1,SOBHA,2006-12-20,2026-09-30,INE671H01015,EQUITY,2,ACTIVE_AT_CUTOFF,
SOFTPRO|NOISIN|1,SOFTPRO,2005-01-03,2006-09-21,,UNKNOWN_NO_ISIN,1,ENDED_UNEXPLAINED,
SOFTPRO|NOISIN|2,SOFTPRO,2006-11-24,2006-12-29,,UNKNOWN_NO_ISIN,1,ENDED_UNEXPLAINED,
SOFTPRO|NOISIN|3,SOFTPRO,2007-03-05,2007-08-23,,UNKNOWN_NO_ISIN,1,ENDED_UNEXPLAINED,
SOFTPRO|NOISIN|4,SOFTPRO,2008-02-29,2008-04-21,,UNKNOWN_NO_ISIN,1,ENDED_UNEXPLAINED,
SOFTPRO|NOISIN|5,SOFTPRO,2008-06-13,2009-06-11,,UNKNOWN_NO_ISIN,1,ENDED_UNEXPLAINED,
SOFTPRO|NOISIN|6,SOFTPRO,2009-08-21,2010-02-18,,UNKNOWN_NO_ISIN,1,ENDED_UNEXPLAINED,
SOFTPRO|NOISIN|7,SOFTPRO,2010-06-11,2010-10-28,,UNKNOWN_NO_ISIN,1,ENDED_UNEXPLAINED,
SOFTSOLINT|NOISIN|1,SOFTSOLINT,2005-01-03,2005-05-19,,UNKNOWN_NO_ISIN,1,ENDED_UNEXPLAINED,
SOFTSOLINT|NOISIN|2,SOFTSOLINT,2005-07-08,2005-07-14,,UNKNOWN_NO_ISIN,1,ENDED_UNEXPLAINED,
SOFTSOLINT|NOISIN|3,SOFTSOLINT,2006-06-12,2006-06-29,,UNKNOWN_NO_ISIN,1,ENDED_UNEXPLAINED,
SOFTSOLINT|NOISIN|4,SOFTSOLINT,2006-11-24,2007-08-30,,UNKNOWN_NO_ISIN,1,ENDED_UNEXPLAINED,
SOFTTECHGR|INE863A01013|1,SOFTTECHGR,2011-06-22,2017-06-20,INE863A01013,EQUITY,1,DELISTED_EVIDENCED,SOFTTECHGR 2018-09-11 Compulsory Delisting
SOFTTECHGR|NOISIN|1,SOFTTECHGR,2005-01-03,2005-02-24,,UNKNOWN_NO_ISIN,1,ENDED_UNEXPLAINED,
SOFTTECHGR|NOISIN|10,SOFTTECHGR,2011-04-19,2011-06-20,,UNKNOWN_NO_ISIN,1,ENDED_UNEXPLAINED,
SOFTTECHGR|NOISIN|2,SOFTTECHGR,2005-04-08,2005-04-15,,UNKNOWN_NO_ISIN,1,ENDED_UNEXPLAINED,
SOFTTECHGR|NOISIN|3,SOFTTECHGR,2005-07-08,2005-07-21,,UNKNOWN_NO_ISIN,1,ENDED_UNEXPLAINED,
SOFTTECHGR|NOISIN|4,SOFTTECHGR,2006-06-12,2006-06-29,,UNKNOWN_NO_ISIN,1,ENDED_UNEXPLAINED,
SOFTTECHGR|NOISIN|5,SOFTTECHGR,2006-08-28,2006-12-29,,UNKNOWN_NO_ISIN,1,ENDED_UNEXPLAINED,
SOFTTECHGR|NOISIN|6,SOFTTECHGR,2007-03-02,2007-08-23,,UNKNOWN_NO_ISIN,1,ENDED_UNEXPLAINED,
SOFTTECHGR|NOISIN|7,SOFTTECHGR,2007-12-03,2008-01-10,,UNKNOWN_NO_ISIN,1,ENDED_UNEXPLAINED,
SOFTTECHGR|NOISIN|8,SOFTTECHGR,2008-02-29,2008-06-12,,UNKNOWN_NO_ISIN,1,ENDED_UNEXPLAINED,
SOFTTECHGR|NOISIN|9,SOFTTECHGR,2008-08-22,2009-09-08,,UNKNOWN_NO_ISIN,1,ENDED_UNEXPLAINED,
SOFTTECH|INE728Z01015|1,SOFTTECH,2022-02-25,2026-09-30,INE728Z01015,EQUITY,1,ACTIVE_AT_CUTOFF,
SOLARA|INE624Z01016|1,SOLARA,2018-07-11,2026-09-30,INE624Z01016,EQUITY,1,ACTIVE_AT_CUTOFF,
SOLAREX|NOISIN|1,SOLAREX,2006-04-03,2006-06-29,,UNKNOWN_NO_ISIN,1,ENDED_UNEXPLAINED,
SOLAREX|NOISIN|2,SOLAREX|SOLARINDS,2006-08-28,2016-07-13,INE343H01011,EQUITY,3,ENDED_UNEXPLAINED,
SOLARINDS|INE343H01029|1,SOLARINDS,2016-07-14,2026-09-30,INE343H01029,EQUITY,1,ACTIVE_AT_CUTOFF,
SOLARWORLD|INE0TY101024|1,SOLARWORLD,2025-09-30,2026-09-30,INE0TY101024,EQUITY,1,ACTIVE_AT_CUTOFF,
SOLECTCENT|NOISIN|1,SOLECTCENT,2005-01-03,2006-11-16,,UNKNOWN_NO_ISIN,1,ENDED_UNEXPLAINED,
SOLECTCENT|NOISIN|2,SOLECTCENT,2007-03-02,2007-08-07,,UNKNOWN_NO_ISIN,1,ENDED_UNEXPLAINED,
SOLEMS|NOISIN|1,SOLEMS,2008-03-18,2009-09-03,,UNKNOWN_NO_ISIN,1,ENDED_UNEXPLAINED,
SOLEMS|NOISIN|2,SOLEMS,2009-11-20,2010-03-05,,UNKNOWN_NO_ISIN,1,ENDED_UNEXPLAINED,
SOLEMS|NOISIN|3,SOLEMS,2010-06-11,2010-08-23,,UNKNOWN_NO_ISIN,1,ENDED_UNEXPLAINED,
SOLEX|INE880Y01017|1,SOLEX,2025-10-08,2026-09-30,INE880Y01017,EQUITY,1,ACTIVE_AT_CUTOFF,
SOMANYCERA|INE355A01028|1,SOMANYCERA,2009-11-20,2026-09-30,INE355A01028,EQUITY,2,ACTIVE_AT_CUTOFF,
SOMANYCERA|NOISIN|1,SOMANYCERA|SPLLTD,2006-02-17,2009-08-20,,UNKNOWN_NO_ISIN,2,ENDED_UNEXPLAINED,
SOMATEX|INE314C01013|1,SOMATEX,2009-08-21,2026-09-30,INE314C01013,EQUITY,2,ACTIVE_AT_CUTOFF,
SOMATEX|NOISIN|1,SOMATEX,2005-01-03,2007-12-13,,UNKNOWN_NO_ISIN,1,ENDED_UNEXPLAINED,
SOMATEX|NOISIN|2,SOMATEX,2008-02-29,2008-04-21,,UNKNOWN_NO_ISIN,1,ENDED_UNEXPLAINED,
SOMATEX|NOISIN|3,SOMATEX,2008-06-13,2008-08-21,,UNKNOWN_NO_ISIN,1,ENDED_UNEXPLAINED,
SOMATEX|NOISIN|4,SOMATEX,2008-12-01,2009-06-11,,UNKNOWN_NO_ISIN,1,ENDED_UNEXPLAINED,
SOMICONVEY|INE323J01019|1,SOMICONVEY,2016-07-18,2026-09-30,INE323J01019,EQUITY,1,ACTIVE_AT_CUTOFF,
SONACOMS|INE073K01018|1,SONACOMS,2021-06-24,2026-09-30,INE073K01018,EQUITY,1,ACTIVE_AT_CUTOFF,
SONAL|INE321M01017|1,SONAL,2026-04-21,2026-09-30,INE321M01017,EQUITY,1,ACTIVE_AT_CUTOFF,
SONAMCLOCK|INE00LM01011|1,SONAMCLOCK|SONAMLTD,2022-04-07,2026-09-02,INE00LM01011|INE00LM01029,EQUITY,3,ENDED_UNEXPLAINED,
SONASTEER|NOISIN|1,SONASTEER,2005-01-03,2007-11-30,,UNKNOWN_NO_ISIN,1,ENDED_UNEXPLAINED,
SONASTEER|NOISIN|2,SONASTEER,2008-02-29,2009-06-11,,UNKNOWN_NO_ISIN,1,ENDED_UNEXPLAINED,
SONATSOFTW|INE269A01021|1,SONATSOFTW,2006-11-24,2026-09-30,INE269A01021,EQUITY,2,ACTIVE_AT_CUTOFF,
SONATSOFTW|NOISIN|1,SONATSOFTW,2005-01-03,2006-08-25,,UNKNOWN_NO_ISIN,1,ENDED_UNEXPLAINED,
SORILINFRA|INE034H01016|1,SORILINFRA|STOREONE,2011-09-06,2022-08-17,INE034H01016,EQUITY,2,ENDED_UNEXPLAINED,
SOUISPAT|INE943B01011|1,SOUISPAT,2010-10-01,2014-09-08,INE943B01011,EQUITY,2,ENDED_UNEXPLAINED,
SOUISPAT|INE943B01029|1,SOUISPAT,2014-10-10,2015-01-29,INE943B01029,EQUITY,1,ENDED_UNEXPLAINED,
SOUTHBANK|INE683A01023|1,SOUTHBANK,2005-01-03,2026-09-30,INE683A01023,EQUITY,2,ACTIVE_AT_CUTOFF,
SOUTHWEST|INE980Y01015|1,SOUTHWEST,2019-04-18,2026-09-30,INE980Y01015,EQUITY,1,ACTIVE_AT_CUTOFF,
SPAL|INE212I01016|1,SPAL,2016-08-29,2026-09-30,INE212I01016,EQUITY,1,ACTIVE_AT_CUTOFF,
SPANCO|INE360B01026|1,SPANCO,2010-12-29,2013-07-18,INE360B01026,EQUITY,2,DELISTED_EVIDENCED,SPANCO 2017-05-12 Compulsory Delisting
SPANDANA|INE572J01011|1,SPANDANA,2019-08-19,2026-09-30,INE572J01011,EQUITY,1,ACTIVE_AT_CUTOFF,
SPARC|INE232I01014|1,SPARC,2007-07-18,2026-09-30,INE232I01014,EQUITY,2,ACTIVE_AT_CUTOFF,
SPCENET|INE970N01027|1,SPCENET,2017-01-24,2026-09-30,INE970N01027,EQUITY,1,ACTIVE_AT_CUTOFF,
SPECIALITY|INE247M01014|1,SPECIALITY,2012-06-13,2026-08-13,INE247M01014,EQUITY,1,ENDED_UNEXPLAINED,
SPECTACLE|INE409H01028|1,SPECTACLE,2011-06-17,2016-03-22,INE409H01028,EQUITY,2,DELISTED_EVIDENCED,SPECTACLE 2018-08-08 Compulsory Delisting
SPECTACLE|NOISIN|1,SPECTACLE,2010-03-09,2011-03-04,,UNKNOWN_NO_ISIN,1,ENDED_UNEXPLAINED,
SPECTRUM|INE01EO01010|1,SPECTRUM,2025-03-28,2026-08-10,INE01EO01010,EQUITY,1,ENDED_UNEXPLAINED,
SPELS|INE252A01019|1,SPELS,2026-08-17,2026-09-09,INE252A01019,EQUITY,1,ENDED_UNEXPLAINED,
SPENCERS|INE020801028|1,SPENCERS,2019-02-08,2026-09-30,INE020801028,EQUITY,1,ACTIVE_AT_CUTOFF,
SPENTEX|INE376C01020|1,SPENTEX,2010-12-03,2018-09-26,INE376C01020,EQUITY,2,ENDED_UNEXPLAINED,
SPENTEX|NOISIN|1,SPENTEX,2006-12-20,2009-05-28,,UNKNOWN_NO_ISIN,1,ENDED_UNEXPLAINED,
SPENTEX|NOISIN|2,SPENTEX,2009-08-21,2009-12-10,,UNKNOWN_NO_ISIN,1,ENDED_UNEXPLAINED,
SPENTEX|NOISIN|3,SPENTEX,2010-02-19,2010-04-16,,UNKNOWN_NO_ISIN,1,ENDED_UNEXPLAINED,
SPENTEX|NOISIN|4,SPENTEX,2010-06-11,2010-09-16,,UNKNOWN_NO_ISIN,1,ENDED_UNEXPLAINED,
SPICEJET|INE285B01017|1,SPICEJET,2019-08-19,2023-04-28,INE285B01017,EQUITY,1,ENDED_UNEXPLAINED,
SPICEMOBIL|NOISIN|1,SPICEMOBIL,2008-05-27,2009-02-19,,UNKNOWN_NO_ISIN,1,ENDED_UNEXPLAINED,
SPICETELE|NOISIN|1,SPICETELE,2008-06-16,2010-03-10,,UNKNOWN_NO_ISIN,1,ENDED_UNEXPLAINED,
SPIC|INE147A01011|1,SPIC,2010-08-20,2026-09-30,INE147A01011,EQUITY,2,ACTIVE_AT_CUTOFF,
SPIC|NOISIN|1,SPIC,2005-01-03,2005-05-19,,UNKNOWN_NO_ISIN,1,ENDED_UNEXPLAINED,
SPIC|NOISIN|2,SPIC,2005-07-08,2006-06-29,,UNKNOWN_NO_ISIN,1,ENDED_UNEXPLAINED,
SPIC|NOISIN|3,SPIC,2006-08-28,2006-10-19,,UNKNOWN_NO_ISIN,1,ENDED_UNEXPLAINED,
SPIC|NOISIN|4,SPIC,2006-11-24,2007-08-23,,UNKNOWN_NO_ISIN,1,ENDED_UNEXPLAINED,
SPIC|NOISIN|5,SPIC,2007-12-03,2009-04-17,,UNKNOWN_NO_ISIN,1,ENDED_UNEXPLAINED,
SPIC|NOISIN|6,SPIC,2009-08-21,2009-10-05,,UNKNOWN_NO_ISIN,1,ENDED_UNEXPLAINED,
SPIC|NOISIN|7,SPIC,2009-11-20,2009-12-10,,UNKNOWN_NO_ISIN,1,ENDED_UNEXPLAINED,
SPIC|NOISIN|8,SPIC,2010-02-19,2010-04-16,,UNKNOWN_NO_ISIN,1,ENDED_UNEXPLAINED,
SPIC|NOISIN|9,SPIC,2010-06-11,2010-07-08,,UNKNOWN_NO_ISIN,1,ENDED_UNEXPLAINED,
SPLIL|INE978G01016|1,SPLIL,2010-02-19,2026-09-30,INE978G01016,EQUITY,2,ACTIVE_AT_CUTOFF,
SPLIL|NOISIN|1,SPLIL,2005-07-26,2009-04-17,,UNKNOWN_NO_ISIN,1,ENDED_UNEXPLAINED,
SPLIL|NOISIN|2,SPLIL,2009-08-21,2009-11-26,,UNKNOWN_NO_ISIN,1,ENDED_UNEXPLAINED,
SPLLTD|NOISIN|1,SPLLTD,2005-04-08,2005-05-19,,UNKNOWN_NO_ISIN,1,ENDED_UNEXPLAINED,
SPLLTD|NOISIN|2,SPLLTD,2005-07-08,2005-07-21,,UNKNOWN_NO_ISIN,1,ENDED_UNEXPLAINED,
SPLPETRO|INE663A01025|1,SPLPETRO,2022-06-07,2026-09-30,INE663A01025|INE663A01033,EQUITY,2,ACTIVE_AT_CUTOFF,
SPMLINFRA|INE937A01023|1,SPMLINFRA|SUBHASPROJ,2005-04-08,2026-09-30,INE937A01023,EQUITY,3,ACTIVE_AT_CUTOFF,
SPORTKING|INE885H01011|1,SPORTKING,2022-08-24,2026-09-30,INE885H01011|INE885H01029,EQUITY,2,ACTIVE_AT_CUTOFF,
SPSL|NOISIN|1,SPSL,2006-09-26,2006-11-23,,UNKNOWN_NO_ISIN,1,ENDED_UNEXPLAINED,
SPSL|NOISIN|2,SPSL,2007-03-02,2009-05-08,,UNKNOWN_NO_ISIN,1,ENDED_UNEXPLAINED,
SPTL|INE501W01021|1,SPTL,2017-08-23,2023-03-02,INE501W01021,EQUITY,1,ENDED_UNEXPLAINED,
SPYL|INE268L01012|1,SPYL,2011-01-12,2013-04-11,INE268L01012,EQUITY,2,ENDED_UNEXPLAINED,
SPYL|INE268L01020|1,SPYL,2013-04-12,2023-11-20,INE268L01020,EQUITY,1,ENDED_UNEXPLAINED,
SQRDSFWARE|NOISIN|1,SQRDSFWARE,2005-01-03,2005-04-07,,UNKNOWN_NO_ISIN,1,ENDED_UNEXPLAINED,
SQRDSFWARE|NOISIN|2,SQRDSFWARE,2005-07-08,2005-07-29,,UNKNOWN_NO_ISIN,1,DELISTED_EVIDENCED,SQRDSFWARE 2017-03-24 Compulsory Delisting
SRD|INE01NE01012|1,SRD,2024-10-09,2026-09-30,INE01NE01012,EQUITY,1,ACTIVE_AT_CUTOFF,
SREEL|INE099F01013|1,SREEL,2014-01-01,2026-09-11,INE099F01013,EQUITY,1,ENDED_UNEXPLAINED,
SREINFRA|INE872A01014|1,SREINFRA|SREINTFIN,2005-01-03,2022-05-24,INE872A01014,EQUITY,3,ENDED_UNEXPLAINED,
SRERAYHIST|NOISIN|1,SRERAYHIST,2005-01-03,2005-03-03,,UNKNOWN_NO_ISIN,1,ENDED_UNEXPLAINED,
SRERAYHIST|NOISIN|2,SRERAYHIST,2005-07-08,2005-11-18,,UNKNOWN_NO_ISIN,1,ENDED_UNEXPLAINED,
SRERAYHIST|NOISIN|3,SRERAYHIST,2006-02-17,2006-08-17,,UNKNOWN_NO_ISIN,1,ENDED_UNEXPLAINED,
SRF|INE647A01010|1,SRF,2005-01-03,2026-09-30,INE647A01010,EQUITY,2,ACTIVE_AT_CUTOFF,
SRGHFL|INE559N01010|1,SRGHFL,2023-08-21,2026-09-30,INE559N01010,EQUITY,1,ACTIVE_AT_CUTOFF,
SRGINFOTEC|INE376A01032|1,SRGINFOTEC,2009-08-21,2013-08-29,INE376A01032,EQUITY,2,DELISTED_EVIDENCED,SRGINFOTEC 2017-06-30 Voluntary Delisting
SRGINFOTEC|NOISIN|1,SRGINFOTEC,2005-07-08,2005-08-25,,UNKNOWN_NO_ISIN,1,ENDED_UNEXPLAINED,
SRGINFOTEC|NOISIN|2,SRGINFOTEC,2006-06-12,2006-06-29,,UNKNOWN_NO_ISIN,1,ENDED_UNEXPLAINED,
SRGINFOTEC|NOISIN|3,SRGINFOTEC,2006-08-28,2006-11-16,,UNKNOWN_NO_ISIN,1,ENDED_UNEXPLAINED,
SRGINFOTEC|NOISIN|4,SRGINFOTEC,2007-06-08,2007-06-28,,UNKNOWN_NO_ISIN,1,ENDED_UNEXPLAINED,
SRGINFOTEC|NOISIN|5,SRGINFOTEC,2008-02-29,2008-04-21,,UNKNOWN_NO_ISIN,1,ENDED_UNEXPLAINED,
SRGINFOTEC|NOISIN|6,SRGINFOTEC,2008-06-13,2008-09-18,,UNKNOWN_NO_ISIN,1,ENDED_UNEXPLAINED,
SRGINFOTEC|NOISIN|7,SRGINFOTEC,2008-12-01,2009-01-09,,UNKNOWN_NO_ISIN,1,ENDED_UNEXPLAINED,
SRGINFOTEC|NOISIN|8,SRGINFOTEC,2009-03-02,2009-03-19,,UNKNOWN_NO_ISIN,1,ENDED_UNEXPLAINED,
SRHHLINDST|INE724B01023|1,SRHHLINDST,2010-06-11,2012-10-31,INE724B01023,EQUITY,2,ENDED_UNEXPLAINED,
SRHHLINDST|NOISIN|1,SRHHLINDST,2007-05-08,2007-08-23,,UNKNOWN_NO_ISIN,1,ENDED_UNEXPLAINED,
SRHHLINDST|NOISIN|2,SRHHLINDST,2007-12-03,2007-12-28,,UNKNOWN_NO_ISIN,1,ENDED_UNEXPLAINED,
SRHHLINDST|NOISIN|3,SRHHLINDST,2008-03-03,2009-06-10,,UNKNOWN_NO_ISIN,1,ENDED_UNEXPLAINED,
SRHHLINDST|NOISIN|4,SRHHLINDST,2009-08-21,2009-09-17,,UNKNOWN_NO_ISIN,1,ENDED_UNEXPLAINED,
SRHHLINDST|NOISIN|5,SRHHLINDST,2009-11-20,2010-04-16,,UNKNOWN_NO_ISIN,1,ENDED_UNEXPLAINED,
SRHHYPOLTD|INE917H01012|1,SRHHYPOLTD,2007-05-08,2026-09-30,INE917H01012,EQUITY,2,ACTIVE_AT_CUTOFF,
SRIADIKARI|NOISIN|1,SRIADIKARI,2005-01-03,2005-08-25,,UNKNOWN_NO_ISIN,1,ENDED_UNEXPLAINED,
SRIADIKARI|NOISIN|2,SRIADIKARI,2006-06-12,2007-10-24,,UNKNOWN_NO_ISIN,1,ENDED_UNEXPLAINED,
SRICHAMUND|INE004H01019|1,SRICHAMUND,2011-06-23,2015-01-23,INE004H01019,EQUITY,1,ENDED_UNEXPLAINED,
SRICHAMUND|NOISIN|1,SRICHAMUND,2010-10-18,2011-06-21,,UNKNOWN_NO_ISIN,1,ENDED_UNEXPLAINED,
SRIKPRIND|INE009C01019|1,SRIKPRIND,2026-08-18,2026-09-07,INE009C01019,EQUITY,1,ENDED_UNEXPLAINED,
SRM|INE0R6Z01013|1,SRM,2024-04-19,2026-09-30,INE0R6Z01013,EQUITY,1,ACTIVE_AT_CUTOFF,
SRPL|INE008Z01012|1,SRPL,2020-09-23,2024-10-22,INE008Z01012|INE008Z01020,EQUITY,2,ENDED_UNEXPLAINED,
SRSLTD|INE219H01039|1,SRSLTD,2011-09-16,2018-08-21,INE219H01039,EQUITY,1,ENDED_UNEXPLAINED,
SRTL|INE19GK01015|1,SRTL,2026-03-17,2026-09-30,INE19GK01015,EQUITY,1,ACTIVE_AT_CUTOFF,
SSDL|INE0PQ101010|1,SSDL,2024-09-03,2026-09-30,INE0PQ101010,EQUITY,1,ACTIVE_AT_CUTOFF,
SSRETAIL|INE1EQW01028|1,SSRETAIL,2026-09-23,2026-09-30,INE1EQW01028,EQUITY,1,ACTIVE_AT_CUTOFF,
SSWL|INE802C01017|1,SSWL,2009-11-20,2021-09-06,INE802C01017,EQUITY,2,ENDED_UNEXPLAINED,
SSWL|INE802C01025|1,SSWL,2021-12-06,2026-09-30,INE802C01025|INE802C01033,EQUITY,2,ACTIVE_AT_CUTOFF,
SSWL|NOISIN|1,SSWL,2005-06-06,2009-10-05,,UNKNOWN_NO_ISIN,1,ENDED_UNEXPLAINED,
STALLION|INE0RYC01010|1,STALLION,2025-02-05,2026-08-10,INE0RYC01010,EQUITY,1,ENDED_UNEXPLAINED,
STANLEY|INE01A001028|1,STANLEY,2024-06-28,2026-09-30,INE01A001028,EQUITY,1,ACTIVE_AT_CUTOFF,
STARCEMENT|INE460H01021|1,STARCEMENT,2017-07-03,2026-09-30,INE460H01021,EQUITY,1,ACTIVE_AT_CUTOFF,
STARHEALTH|INE575P01011|1,STARHEALTH,2021-12-10,2026-09-30,INE575P01011,EQUITY,1,ACTIVE_AT_CUTOFF,
STARPAPER|INE733A01018|1,STARPAPER,2009-08-21,2026-09-30,INE733A01018,EQUITY,2,ACTIVE_AT_CUTOFF,
STARPAPER|NOISIN|1,STARPAPER,2005-01-03,2009-06-11,,UNKNOWN_NO_ISIN,1,ENDED_UNEXPLAINED,
STARTECK|INE992I01013|1,STARTECK,2022-05-04,2026-09-30,INE992I01013,EQUITY,1,ACTIVE_AT_CUTOFF,
STAR|INE939A01011|1,STAR,2005-01-03,2026-09-30,INE939A01011,EQUITY,2,ACTIVE_AT_CUTOFF,
STCINDIA|INE655A01013|1,STCINDIA,2005-01-03,2026-09-30,INE655A01013,EQUITY,2,ACTIVE_AT_CUTOFF,
STEAMHOUSE|INE0FRO01022|1,STEAMHOUSE,2026-09-17,2026-09-30,INE0FRO01022,EQUITY,1,ACTIVE_AT_CUTOFF,
STEELCAS|INE124E01020|1,STEELCAS,2021-11-23,2026-09-30,INE124E01020|INE124E01038,EQUITY,2,ACTIVE_AT_CUTOFF,
STEELCITY|INE395H01011|1,STEELCITY,2019-06-27,2026-09-30,INE395H01011,EQUITY,1,ACTIVE_AT_CUTOFF,
STEELTUBES|NOISIN|1,STEELTUBES,2005-04-08,2005-05-26,,UNKNOWN_NO_ISIN,1,ENDED_UNEXPLAINED,
STEELTUBES|NOISIN|2,STEELTUBES,2005-07-08,2005-07-14,,UNKNOWN_NO_ISIN,1,ENDED_UNEXPLAINED,
STEELTUBES|NOISIN|3,STEELTUBES,2006-06-12,2006-09-07,,UNKNOWN_NO_ISIN,1,ENDED_UNEXPLAINED,
STEELTUBES|NOISIN|4,STEELTUBES,2006-11-24,2007-01-25,,UNKNOWN_NO_ISIN,1,ENDED_UNEXPLAINED,
STEELTUBES|NOISIN|5,STEELTUBES,2007-06-08,2007-10-05,,UNKNOWN_NO_ISIN,1,ENDED_UNEXPLAINED,
STEELTUBES|NOISIN|6,STEELTUBES,2007-12-03,2007-12-28,,UNKNOWN_NO_ISIN,1,ENDED_UNEXPLAINED,
STEELTUBES|NOISIN|7,STEELTUBES,2008-02-29,2009-05-04,,UNKNOWN_NO_ISIN,1,ENDED_UNEXPLAINED,
STEELTUBES|NOISIN|8,STEELTUBES,2009-08-21,2009-12-10,,UNKNOWN_NO_ISIN,1,ENDED_UNEXPLAINED,
STEELTUBES|NOISIN|9,STEELTUBES,2010-02-19,2010-09-02,,UNKNOWN_NO_ISIN,1,DELISTED_EVIDENCED,STEELTUBES 2017-03-24 Compulsory Delisting
STEELXIND|INE503B01013|1,STEELXIND,2017-07-20,2026-09-30,INE503B01013|INE503B01021,EQUITY,2,ACTIVE_AT_CUTOFF,
STERLINBIO|INE324C01038|1,STERLINBIO,2005-01-03,2018-02-21,INE324C01038,EQUITY,2,ENDED_UNEXPLAINED,
STERTOOLS|INE334A01015|1,STERTOOLS,2006-02-02,2017-01-09,INE334A01015,EQUITY,2,ENDED_UNEXPLAINED,
STERTOOLS|INE334A01023|1,STERTOOLS,2017-01-10,2026-09-30,INE334A01023,EQUITY,1,ACTIVE_AT_CUTOFF,
STER|INE268A01049|1,STER,2005-01-03,2013-08-26,INE268A01049,EQUITY,2,ENDED_UNEXPLAINED,
STINDIA|INE090C01019|1,STINDIA,2011-11-23,2020-08-21,INE090C01019,EQUITY,1,ENDED_UNEXPLAINED,
STINDIA|NOISIN|1,STINDIA,2006-06-23,2009-03-18,,UNKNOWN_NO_ISIN,1,ENDED_UNEXPLAINED,
STINDIA|NOISIN|2,STINDIA,2009-11-20,2010-05-27,,UNKNOWN_NO_ISIN,1,ENDED_UNEXPLAINED,
STINDIA|NOISIN|3,STINDIA,2010-12-03,2011-05-24,,UNKNOWN_NO_ISIN,1,ENDED_UNEXPLAINED,
STLNETWORK|INE1VXE01018|1,STLNETWORK,2025-09-18,2026-09-30,INE1VXE01018,EQUITY,1,ACTIVE_AT_CUTOFF,
STLSTRINF|INE205F01016|1,STLSTRINF,2026-08-18,2026-09-30,INE205F01016,EQUITY,1,ACTIVE_AT_CUTOFF,
STLTECH|INE089C01029|1,STLTECH|STROPTICAL|STRTECH,2005-01-03,2026-05-13,INE089C01029,EQUITY,4,ENDED_UNEXPLAINED,
STOREONE|NOISIN|2,STOREONE,2010-12-03,2011-06-09,,UNKNOWN_NO_ISIN,1,ENDED_UNEXPLAINED,
STOVEKRAFT|INE00IN01015|1,STOVEKRAFT,2021-02-05,2026-09-30,INE00IN01015,EQUITY,1,ACTIVE_AT_CUTOFF,
STUDDS|INE00Q601028|1,STUDDS,2025-11-07,2026-09-30,INE00Q601028,EQUITY,1,ACTIVE_AT_CUTOFF,
STYLAMIND|INE239C01020|1,STYLAMIND,2021-08-02,2026-09-30,INE239C01020,EQUITY,1,ACTIVE_AT_CUTOFF,
STYLEBAAZA|INE01FR01028|1,STYLEBAAZA,2024-09-06,2026-09-30,INE01FR01028,EQUITY,1,ACTIVE_AT_CUTOFF,
STYL|INE04VU01023|1,STYL,2025-09-30,2026-09-30,INE04VU01023,EQUITY,1,ACTIVE_AT_CUTOFF,
SUBCAPCITY|INE845C01016|1,SUBCAPCITY,2022-09-13,2023-01-04,INE845C01016,EQUITY,1,ENDED_UNEXPLAINED,
SUBEXLTD|INE754A01055|1,SUBEXLTD,2020-11-19,2026-09-30,INE754A01055,EQUITY,1,ACTIVE_AT_CUTOFF,
SUBEX|INE754A01014|1,SUBEX,2009-11-20,2020-10-21,INE754A01014,EQUITY,2,ENDED_UNEXPLAINED,
SUBEX|NOISIN|1,SUBEX,2005-01-03,2009-05-28,,UNKNOWN_NO_ISIN,1,ENDED_UNEXPLAINED,
SUBEX|NOISIN|2,SUBEX,2009-08-21,2009-10-05,,UNKNOWN_NO_ISIN,1,ENDED_UNEXPLAINED,
SUBROS|INE287B01021|1,SUBROS,2011-11-23,2026-09-30,INE287B01021,EQUITY,1,ACTIVE_AT_CUTOFF,
SUBROS|NOISIN|1,SUBROS,2005-07-13,2010-11-22,,UNKNOWN_NO_ISIN,1,ENDED_UNEXPLAINED,
SUDARSCHEM|INE659A01015|1,SUDARSCHEM,2009-11-20,2026-09-30,INE659A01015|INE659A01023,EQUITY,3,ACTIVE_AT_CUTOFF,
SUDARSCHEM|NOISIN|1,SUDARSCHEM,2006-05-16,2007-11-29,,UNKNOWN_NO_ISIN,1,ENDED_UNEXPLAINED,
SUDARSCHEM|NOISIN|2,SUDARSCHEM,2008-03-03,2008-05-02,,UNKNOWN_NO_ISIN,1,ENDED_UNEXPLAINED,
SUDARSCHEM|NOISIN|3,SUDARSCHEM,2008-06-16,2009-08-20,,UNKNOWN_NO_ISIN,1,ENDED_UNEXPLAINED,
SUDAR|INE384L01017|1,SUDAR,2011-03-11,2016-08-22,INE384L01017,EQUITY,2,DELISTED_EVIDENCED,SUDAR 2018-09-11 Compulsory Delisting
SUDEEPPHRM|INE0QPI01025|1,SUDEEPPHRM,2025-11-28,2026-09-30,INE0QPI01025,EQUITY,1,ACTIVE_AT_CUTOFF,
SUJANATOW|INE333I01028|1,SUJANATOW,2011-03-07,2013-08-06,INE333I01028,EQUITY,2,ENDED_UNEXPLAINED,
SUJANATOW|NOISIN|1,SUJANATOW,2008-10-13,2010-12-02,,UNKNOWN_NO_ISIN,1,ENDED_UNEXPLAINED,
SUJANAUNI|INE216G01011|1,SUJANAUNI,2009-11-20,2020-11-23,INE216G01011,EQUITY,2,ENDED_UNEXPLAINED,
SUJANAUNI|NOISIN|1,SUJANAUNI,2008-02-19,2009-08-20,,UNKNOWN_NO_ISIN,1,ENDED_UNEXPLAINED,
SUKHJITS|INE450E01011|1,SUKHJITS,2022-11-07,2026-09-30,INE450E01011|INE450E01029,EQUITY,2,ACTIVE_AT_CUTOFF,
SULA|INE142Q01026|1,SULA,2022-12-22,2026-09-30,INE142Q01026,EQUITY,1,ACTIVE_AT_CUTOFF,
SUMEDHA|INE886B01012|1,SUMEDHA,2026-08-17,2026-09-30,INE886B01012,EQUITY,1,ACTIVE_AT_CUTOFF,
SUMEETINDS|INE235C01010|1,SUMEETINDS,2010-12-10,2024-07-23,INE235C01010,EQUITY,2,ENDED_UNEXPLAINED,
SUMEETINDS|INE235C01028|1,SUMEETINDS,2025-07-03,2025-07-04,INE235C01028,EQUITY,1,ENDED_UNEXPLAINED,
SUMEETINDS|INE235C01036|1,SUMEETINDS,2025-10-06,2026-09-30,INE235C01036,EQUITY,1,ACTIVE_AT_CUTOFF,
SUMICHEM|INE258G01013|1,SUMICHEM,2020-02-07,2026-09-30,INE258G01013,EQUITY,1,ACTIVE_AT_CUTOFF,
SUMIT|INE748Z01013|1,SUMIT,2019-07-30,2026-09-30,INE748Z01013,EQUITY,1,ACTIVE_AT_CUTOFF,
SUMMITSEC|INE519C01017|1,SUMMITSEC,2011-02-11,2026-09-30,INE519C01017,EQUITY,2,ACTIVE_AT_CUTOFF,
SUMMIT|NOISIN|2,SUMMIT,2009-08-21,2010-02-02,,UNKNOWN_NO_ISIN,1,ENDED_UNEXPLAINED,
SUNCLAYLTD|INE105A01035|1,SUNCLAYLTD|TVSHLTD,2012-11-07,2026-09-30,INE105A01035,EQUITY,2,ACTIVE_AT_CUTOFF,
SUNCLAYTON|INE105A01027|1,SUNCLAYTON,2009-08-21,2012-09-06,INE105A01027,EQUITY,2,ENDED_UNEXPLAINED,
SUNCLAYTON|NOISIN|1,SUNCLAYTON,2008-06-20,2009-06-11,,UNKNOWN_NO_ISIN,1,ENDED_UNEXPLAINED,
SUNCLAY|INE0Q3R01026|1,SUNCLAY,2024-01-12,2026-09-30,INE0Q3R01026,EQUITY,1,ACTIVE_AT_CUTOFF,
SUNDARAM|INE108E01023|1,SUNDARAM,2010-06-02,2026-09-30,INE108E01023,EQUITY,2,ACTIVE_AT_CUTOFF,
SUNDARMFIN|INE660A01013|1,SUNDARMFIN,2005-01-03,2026-09-30,INE660A01013,EQUITY,2,ACTIVE_AT_CUTOFF,
SUNDARMHLD|INE202Z01029|1,SUNDARMHLD|TSFINV,2018-07-24,2026-09-30,INE202Z01029,EQUITY,2,ACTIVE_AT_CUTOFF,
SUNDRMBRAK|INE073D01013|1,SUNDRMBRAK,2005-01-03,2026-09-30,INE073D01013,EQUITY,2,ACTIVE_AT_CUTOFF,
SUNDRMCLAY|NOISIN|1,SUNDRMCLAY,2005-01-03,2008-04-23,,UNKNOWN_NO_ISIN,1,ENDED_UNEXPLAINED,
SUNDRMFAST|INE387A01021|1,SUNDRMFAST,2005-01-03,2026-09-30,INE387A01021,EQUITY,2,ACTIVE_AT_CUTOFF,
SUNFLAG|INE947A01014|1,SUNFLAG,2005-09-29,2026-09-30,INE947A01014,EQUITY,2,ACTIVE_AT_CUTOFF,
SUNILHITEC|INE305H01010|1,SUNILHITEC,2006-03-02,2018-08-16,INE305H01010|INE305H01028,EQUITY,3,ENDED_UNEXPLAINED,
SUNLOC|INE671C01016|1,SUNLOC,2026-08-17,2026-09-30,INE671C01016,EQUITY,1,ACTIVE_AT_CUTOFF,
SUNPHARMA|INE044A01036|1,SUNPHARMA,2005-01-03,2026-09-30,INE044A01036,EQUITY,2,ACTIVE_AT_CUTOFF,
SUNRAKSHAK|INE671K01027|1,SUNRAKSHAK,2026-08-17,2026-09-30,INE671K01027,EQUITY,1,ACTIVE_AT_CUTOFF,
SUNSHIEL|INE199E01014|1,SUNSHIEL,2026-08-17,2026-09-30,INE199E01014,EQUITY,1,ACTIVE_AT_CUTOFF,
SUNSHINE|INE1B3O01011|1,SUNSHINE,2026-08-25,2026-09-30,INE1B3O01011,EQUITY,1,ACTIVE_AT_CUTOFF,
SUNTECK|INE805D01026|1,SUNTECK,2009-11-13,2026-09-30,INE805D01026|INE805D01034,EQUITY,3,ACTIVE_AT_CUTOFF,
SUNTV|INE424H01027|1,SUNTV,2006-04-24,2026-09-30,INE424H01027,EQUITY,2,ACTIVE_AT_CUTOFF,
SUPERHOUSE|INE712B01010|1,SUPERHOUSE,2014-09-26,2026-09-30,INE712B01010,EQUITY,1,ACTIVE_AT_CUTOFF,
SUPERSPIN|INE662A01027|1,SUPERSPIN,2010-06-11,2026-06-17,INE662A01027,EQUITY,2,ENDED_UNEXPLAINED,
SUPERSPIN|NOISIN|1,SUPERSPIN,2005-01-03,2008-12-26,,UNKNOWN_NO_ISIN,1,ENDED_UNEXPLAINED,
SUPERSPIN|NOISIN|2,SUPERSPIN,2009-03-02,2009-05-28,,UNKNOWN_NO_ISIN,1,ENDED_UNEXPLAINED,
SUPERSPIN|NOISIN|3,SUPERSPIN,2009-08-21,2009-12-10,,UNKNOWN_NO_ISIN,1,ENDED_UNEXPLAINED,
SUPERSPIN|NOISIN|4,SUPERSPIN,2010-02-19,2010-04-16,,UNKNOWN_NO_ISIN,1,ENDED_UNEXPLAINED,
SUPER|INE091C01017|1,SUPER,2010-01-11,2015-01-28,INE091C01017,EQUITY,2,ENDED_UNEXPLAINED,
SUPPETRO|INE663A01017|1,SUPPETRO,2009-11-20,2022-04-06,INE663A01017,EQUITY,2,ENDED_UNEXPLAINED,
SUPPETRO|NOISIN|1,SUPPETRO,2005-01-03,2009-08-06,,UNKNOWN_NO_ISIN,1,ENDED_UNEXPLAINED,
SUPRAJIT|INE399C01030|1,SUPRAJIT,2010-06-11,2026-09-30,INE399C01030,EQUITY,2,ACTIVE_AT_CUTOFF,
SUPRAJIT|NOISIN|1,SUPRAJIT,2005-02-18,2009-08-20,,UNKNOWN_NO_ISIN,1,ENDED_UNEXPLAINED,
SUPRAJIT|NOISIN|2,SUPRAJIT,2009-11-20,2010-02-18,,UNKNOWN_NO_ISIN,1,ENDED_UNEXPLAINED,
SUPREMEENG|INE319Z01013|1,SUPREMEENG,2020-12-04,2024-05-14,INE319Z01013|INE319Z01021,EQUITY,2,ENDED_UNEXPLAINED,
SUPREMEIND|INE195A01028|1,SUPREMEIND,2005-01-03,2026-09-30,INE195A01028,EQUITY,2,ACTIVE_AT_CUTOFF,
SUPREMEINF|INE550H01011|1,SUPREMEINF,2007-10-18,2026-09-30,INE550H01011,EQUITY,2,ACTIVE_AT_CUTOFF,
SUPREMETEX|INE651G01027|1,SUPREMETEX,2015-02-23,2018-03-16,INE651G01027,EQUITY,1,DELISTED_EVIDENCED,SUPREMETEX 2019-10-17 Delisting - Liquidation
SUPREMETEX|NOISIN|1,SUPREMETEX|SUPREMYARN,2007-03-14,2009-06-11,,UNKNOWN_NO_ISIN,2,ENDED_UNEXPLAINED,
SUPREMETEX|NOISIN|2,SUPREMETEX,2009-08-21,2010-01-07,,UNKNOWN_NO_ISIN,1,ENDED_UNEXPLAINED,
SUPREMETEX|NOISIN|3,SUPREMETEX,2010-02-19,2010-11-22,,UNKNOWN_NO_ISIN,1,ENDED_UNEXPLAINED,
SUPREME|INE822E01011|1,SUPREME,2025-02-03,2026-09-30,INE822E01011,EQUITY,1,ACTIVE_AT_CUTOFF,
SUPRIYA|INE07RO01027|1,SUPRIYA,2021-12-28,2026-09-30,INE07RO01027,EQUITY,1,ACTIVE_AT_CUTOFF,
SUPTANERY|INE460D01038|1,SUPTANERY,2026-08-17,2026-08-26,INE460D01038,EQUITY,1,ENDED_UNEXPLAINED,
SURAJDIAMN|INE664A01015|1,SURAJDIAMN|WINSOMEDJ,2005-01-03,2015-03-23,INE664A01015,EQUITY,3,DELISTED_EVIDENCED,WINSOMEDJ 2015-03-31 Voluntary Delisting
SURAJEST|INE843S01025|1,SURAJEST,2023-12-26,2026-09-30,INE843S01025,EQUITY,1,ACTIVE_AT_CUTOFF,
SURAJLTD|INE713C01016|1,SURAJLTD,2024-08-29,2026-09-30,INE713C01016,EQUITY,1,ACTIVE_AT_CUTOFF,
SURAKSHA|INE877V01027|1,SURAKSHA,2024-12-06,2026-09-30,INE877V01027,EQUITY,1,ACTIVE_AT_CUTOFF,
SURANACORP|INE357D01010|1,SURANACORP,2010-12-03,2017-06-27,INE357D01010,EQUITY,2,ENDED_UNEXPLAINED,
SURANACORP|NOISIN|1,SURANACORP,2008-05-27,2010-02-18,,UNKNOWN_NO_ISIN,1,ENDED_UNEXPLAINED,
SURANACORP|NOISIN|2,SURANACORP,2010-06-11,2010-08-19,,UNKNOWN_NO_ISIN,1,ENDED_UNEXPLAINED,
SURANAIND|INE659D01019|1,SURANAIND,2006-12-28,2018-03-16,INE659D01019,EQUITY,2,DELISTED_EVIDENCED,SURANAIND 2020-03-02 Delisting - Liquidation
SURANASOL|INE272L01014|1,SURANASOL|SURANAVEL,2011-01-21,2026-09-30,INE272L01014|INE272L01022,EQUITY,4,ACTIVE_AT_CUTOFF,
SURANAT&P|INE130B01023|1,SURANAT&P|SURANATELE,2009-11-20,2026-09-30,INE130B01023|INE130B01031,EQUITY,4,ACTIVE_AT_CUTOFF,
SURANATELE|NOISIN|1,SURANATELE,2005-01-03,2009-10-16,,UNKNOWN_NO_ISIN,1,ENDED_UNEXPLAINED,
SURATELEC|NOISIN|1,SURATELEC|TORRENTSEC,2005-01-03,2006-09-20,,UNKNOWN_NO_ISIN,2,ENDED_UNEXPLAINED,
SURYAJYOTI|INE411C01017|1,SURYAJYOTI,2009-08-21,2016-05-20,INE411C01017,EQUITY,2,DELISTED_EVIDENCED,SURYAJYOTI 2018-08-08 Compulsory Delisting
SURYAJYOTI|NOISIN|1,SURYAJYOTI,2006-03-02,2008-06-12,,UNKNOWN_NO_ISIN,1,ENDED_UNEXPLAINED,
SURYAJYOTI|NOISIN|2,SURYAJYOTI,2008-08-22,2009-06-11,,UNKNOWN_NO_ISIN,1,ENDED_UNEXPLAINED,
SURYALAXMI|INE713B01026|1,SURYALAXMI,2010-06-11,2026-09-30,INE713B01026,EQUITY,2,ACTIVE_AT_CUTOFF,
SURYALAXMI|NOISIN|1,SURYALAXMI,2005-06-15,2008-12-26,,UNKNOWN_NO_ISIN,1,ENDED_UNEXPLAINED,
SURYALAXMI|NOISIN|2,SURYALAXMI,2009-03-03,2009-06-11,,UNKNOWN_NO_ISIN,1,ENDED_UNEXPLAINED,
SURYALAXMI|NOISIN|3,SURYALAXMI,2009-08-21,2009-09-17,,UNKNOWN_NO_ISIN,1,ENDED_UNEXPLAINED,
SURYALAXMI|NOISIN|4,SURYALAXMI,2009-11-20,2010-01-21,,UNKNOWN_NO_ISIN,1,ENDED_UNEXPLAINED,
SURYALA|INE132C01027|1,SURYALA,2026-04-20,2026-09-30,INE132C01027,EQUITY,1,ACTIVE_AT_CUTOFF,
SURYAPHARM|INE249G01020|1,SURYAPHARM,2005-01-03,2014-09-23,INE249G01020,EQUITY,2,DELISTED_EVIDENCED,SURYAPHARM 2018-05-30 Compulsory Delisting
SURYAROSNI|INE335A01012|1,SURYAROSNI,2009-08-21,2026-09-30,INE335A01012|INE335A01020,EQUITY,3,ACTIVE_AT_CUTOFF,
SURYAROSNI|NOISIN|1,SURYAROSNI,2005-01-03,2009-06-11,,UNKNOWN_NO_ISIN,1,ENDED_UNEXPLAINED,
SURYCOTMIL|NOISIN|1,SURYCOTMIL,2005-01-03,2005-04-05,,UNKNOWN_NO_ISIN,1,ENDED_UNEXPLAINED,
SURYODAY|INE428Q01011|1,SURYODAY,2021-03-26,2026-09-30,INE428Q01011,EQUITY,1,ACTIVE_AT_CUTOFF,
SUTLEJTEX|INE645H01019|1,SUTLEJTEX,2009-11-20,2026-07-02,INE645H01019|INE645H01027,EQUITY,3,ENDED_UNEXPLAINED,
SUTLEJTEX|NOISIN|1,SUTLEJTEX,2006-12-14,2008-11-26,,UNKNOWN_NO_ISIN,1,ENDED_UNEXPLAINED,
SUTLEJTEX|NOISIN|2,SUTLEJTEX,2009-03-02,2009-06-11,,UNKNOWN_NO_ISIN,1,ENDED_UNEXPLAINED,
SUULD|INE591Q01016|1,SUULD,2020-10-19,2024-07-02,INE591Q01016,EQUITY,1,ENDED_UNEXPLAINED,
SUVEN|INE495B01038|1,SUVEN,2011-06-17,2026-09-30,INE495B01038,EQUITY,2,ACTIVE_AT_CUTOFF,
SUVEN|NOISIN|1,SUVEN,2005-01-03,2007-01-11,,UNKNOWN_NO_ISIN,1,ENDED_UNEXPLAINED,
SUVEN|NOISIN|2,SUVEN,2007-03-02,2007-12-28,,UNKNOWN_NO_ISIN,1,ENDED_UNEXPLAINED,
SUVEN|NOISIN|3,SUVEN,2008-02-29,2009-09-03,,UNKNOWN_NO_ISIN,1,ENDED_UNEXPLAINED,
SUVEN|NOISIN|4,SUVEN,2009-11-20,2010-04-01,,UNKNOWN_NO_ISIN,1,ENDED_UNEXPLAINED,
SUVEN|NOISIN|5,SUVEN,2010-06-11,2011-04-18,,UNKNOWN_NO_ISIN,1,ENDED_UNEXPLAINED,
SUVIDHAA|INE018401013|1,SUVIDHAA,2021-04-16,2026-09-30,INE018401013,EQUITY,1,ACTIVE_AT_CUTOFF,
SUYOG|INE442P01014|1,SUYOG,2024-08-20,2026-09-30,INE442P01014,EQUITY,1,ACTIVE_AT_CUTOFF,
SUZLON|INE040H01021|1,SUZLON,2005-10-19,2026-09-30,INE040H01021,EQUITY,2,ACTIVE_AT_CUTOFF,
SVGLOBAL|INE159L01013|1,SVGLOBAL,2026-08-17,2026-09-30,INE159L01013,EQUITY,1,ACTIVE_AT_CUTOFF,
SVLL|INE00CE01017|1,SVLL,2023-04-21,2026-09-30,INE00CE01017,EQUITY,1,ACTIVE_AT_CUTOFF,
SVPGLOB|INE308E01029|1,SVPGLOB,2021-07-14,2026-09-30,INE308E01029,EQUITY,1,ACTIVE_AT_CUTOFF,
SWANCORP|INE665A01038|1,SWANCORP|SWANENERGY,2012-05-29,2026-09-30,INE665A01020|INE665A01038,EQUITY,3,ACTIVE_AT_CUTOFF,
SWARAJENG|INE277A01016|1,SWARAJENG,2009-08-21,2026-09-30,INE277A01016,EQUITY,2,ACTIVE_AT_CUTOFF,
SWARAJENG|NOISIN|1,SWARAJENG,2005-01-03,2008-01-10,,UNKNOWN_NO_ISIN,1,ENDED_UNEXPLAINED,
SWARAJENG|NOISIN|2,SWARAJENG,2008-02-29,2009-06-11,,UNKNOWN_NO_ISIN,1,ENDED_UNEXPLAINED,
SWARAJMAZD|NOISIN|1,SWARAJMAZD,2005-01-03,2006-11-30,,UNKNOWN_NO_ISIN,1,ENDED_UNEXPLAINED,
SWARAJMAZD|NOISIN|2,SWARAJMAZD,2007-03-02,2009-06-11,,UNKNOWN_NO_ISIN,1,ENDED_UNEXPLAINED,
SWARAJMAZD|NOISIN|3,SWARAJMAZD,2009-08-21,2009-11-26,,UNKNOWN_NO_ISIN,1,ENDED_UNEXPLAINED,
SWARAJ|INE0GMR01016|1,SWARAJ,2026-08-13,2026-08-25,INE0GMR01016,EQUITY,1,ENDED_UNEXPLAINED,
SWARNSAR|INE967A01012|1,SWARNSAR,2026-08-17,2026-09-30,INE967A01012,EQUITY,1,ACTIVE_AT_CUTOFF,
SWIGGY|INE00H001014|1,SWIGGY,2024-11-13,2026-09-30,INE00H001014,EQUITY,1,ACTIVE_AT_CUTOFF,
SWISSMLTRY|INE010C01025|1,SWISSMLTRY,2026-08-17,2026-09-02,INE010C01025,EQUITY,1,ENDED_UNEXPLAINED,
SWSOLAR|INE00M201021|1,SWSOLAR,2019-08-20,2026-09-30,INE00M201021,EQUITY,1,ACTIVE_AT_CUTOFF,
SYMBIOTEC|INE899I01028|1,SYMBIOTEC,2026-09-01,2026-09-30,INE899I01028,EQUITY,1,ACTIVE_AT_CUTOFF,
SYMPHONY|INE225D01019|1,SYMPHONY,2011-06-15,2026-09-30,INE225D01019|INE225D01027,EQUITY,3,ACTIVE_AT_CUTOFF,
SYNCOMF|INE312C01025|1,SYNCOMF,2022-11-18,2026-09-30,INE312C01025,EQUITY,1,ACTIVE_AT_CUTOFF,
SYNCOM|INE602K01014|1,SYNCOM,2010-02-15,2020-09-25,INE602K01014,EQUITY,2,ENDED_UNEXPLAINED,
SYNDIBANK|INE667A01018|1,SYNDIBANK,2005-01-03,2020-03-19,INE667A01018,EQUITY,2,ENDED_UNEXPLAINED,
SYNGENE|INE398R01022|1,SYNGENE,2015-08-11,2026-09-30,INE398R01022,EQUITY,1,ACTIVE_AT_CUTOFF,
SYRMA|INE0DYJ01015|1,SYRMA,2022-08-26,2026-09-30,INE0DYJ01015,EQUITY,1,ACTIVE_AT_CUTOFF,
SYSTMTXC|INE356B01024|1,SYSTMTXC,2025-10-06,2026-06-17,INE356B01024,EQUITY,1,ENDED_UNEXPLAINED,
TAALTECH|INE524T01011|1,TAALTECH,2026-04-20,2026-09-30,INE524T01011|INE524T01029,EQUITY,2,ACTIVE_AT_CUTOFF,
TAINWALCHM|INE123C01018|1,TAINWALCHM,2006-06-12,2026-09-30,INE123C01018,EQUITY,2,ACTIVE_AT_CUTOFF,
TAINWALCHM|NOISIN|1,TAINWALCHM,2005-04-08,2005-11-10,,UNKNOWN_NO_ISIN,1,ENDED_UNEXPLAINED,
TAJGVK|INE586B01026|1,TAJGVK,2005-01-03,2026-09-30,INE586B01026,EQUITY,2,ACTIVE_AT_CUTOFF,
TAKE|INE142I01023|1,TAKE,2007-08-27,2026-09-30,INE142I01023,EQUITY,2,ACTIVE_AT_CUTOFF,
TAKSHEEL|INE889I01011|1,TAKSHEEL,2011-10-19,2013-08-22,INE889I01011,EQUITY,1,DELISTED_EVIDENCED,TAKSHEEL 2017-05-12 Compulsory Delisting
TALBROAUTO|INE187D01011|1,TALBROAUTO,2009-08-21,2026-09-30,INE187D01011|INE187D01029,EQUITY,3,ACTIVE_AT_CUTOFF,
TALBROAUTO|NOISIN|1,TALBROAUTO,2006-09-29,2009-06-11,,UNKNOWN_NO_ISIN,1,ENDED_UNEXPLAINED,
TALWALKARS|INE502K01016|1,TALWALKARS,2010-05-10,2020-02-20,INE502K01016,EQUITY,2,ENDED_UNEXPLAINED,
TALWGYM|INE627Z01019|1,TALWGYM,2018-07-13,2020-02-20,INE627Z01019,EQUITY,1,ENDED_UNEXPLAINED,
TAMBOLIIN|INE864J01012|1,TAMBOLIIN,2026-04-20,2026-07-01,INE864J01012,EQUITY,1,ENDED_UNEXPLAINED,
TANAA|INE692C01020|1,TANAA,2026-08-17,2026-09-30,INE692C01020,EQUITY,1,ACTIVE_AT_CUTOFF,
TANFACIND|INE639B01015|1,TANFACIND,2010-03-03,2014-12-26,INE639B01015,EQUITY,2,ENDED_UNEXPLAINED,
TANLA|INE483C01032|1,TANLA,2011-06-17,2026-09-30,INE483C01032,EQUITY,2,ACTIVE_AT_CUTOFF,
TANLA|NOISIN|1,TANLA,2007-01-05,2011-03-04,,UNKNOWN_NO_ISIN,1,ENDED_UNEXPLAINED,
TANTIACONS|INE388G01018|1,TANTIACONS,2008-02-19,2017-02-15,INE388G01018,EQUITY,2,ENDED_UNEXPLAINED,
TARACHAND|INE555Z01012|1,TARACHAND,2024-04-16,2026-09-30,INE555Z01012|INE555Z01020,EQUITY,2,ACTIVE_AT_CUTOFF,
TARAJEWELS|INE799L01016|1,TARAJEWELS,2012-12-20,2018-08-16,INE799L01016,EQUITY,1,ENDED_UNEXPLAINED,
TARAPUR|INE747K01017|1,TARAPUR,2010-05-18,2026-09-30,INE747K01017,EQUITY,2,ACTIVE_AT_CUTOFF,
TARC|INE0EK901012|1,TARC,2021-01-04,2026-09-30,INE0EK901012,EQUITY,1,ACTIVE_AT_CUTOFF,
TARIL|INE763I01026|1,TARIL|TRIL,2007-12-28,2026-09-30,INE763I01018|INE763I01026,EQUITY,4,ACTIVE_AT_CUTOFF,
TARSONS|INE144Z01023|1,TARSONS,2021-11-26,2026-09-30,INE144Z01023,EQUITY,1,ACTIVE_AT_CUTOFF,
TASTYBITE|INE488B01017|1,TASTYBITE,2017-03-23,2026-09-30,INE488B01017,EQUITY,1,ACTIVE_AT_CUTOFF,
TATACAP|INE976I01016|1,TATACAP,2025-10-13,2026-09-30,INE976I01016,EQUITY,1,ACTIVE_AT_CUTOFF,
TATACHEM|INE092A01019|1,TATACHEM,2005-01-03,2026-09-30,INE092A01019,EQUITY,2,ACTIVE_AT_CUTOFF,
TATACOMM|INE151A01013|1,TATACOMM|VSNL,2005-01-03,2026-09-30,INE151A01013,EQUITY,3,ACTIVE_AT_CUTOFF,
TATACONSUM|INE192A01025|1,TATACONSUM|TATAGLOBAL|TATATEA,2005-01-03,2026-09-30,INE192A01025,EQUITY,4,ACTIVE_AT_CUTOFF,
TATAELXSI|INE670A01012|1,TATAELXSI,2005-01-03,2026-09-30,INE670A01012,EQUITY,2,ACTIVE_AT_CUTOFF,
TATAFIN|NOISIN|1,TATAFIN,2005-01-03,2005-08-04,,UNKNOWN_NO_ISIN,1,ENDED_UNEXPLAINED,
TATAGOLD|INF277KA1976|1,TATAGOLD,2024-01-17,2026-09-30,INF277KA1976,FUND_UNIT,1,ACTIVE_AT_CUTOFF,
TATAINFOTE|NOISIN|1,TATAINFOTE,2005-01-03,2006-02-16,,UNKNOWN_NO_ISIN,1,ENDED_UNEXPLAINED,
TATAINFO|NOISIN|1,TATAINFO,2005-01-03,2006-08-09,,UNKNOWN_NO_ISIN,1,ENDED_UNEXPLAINED,
TATAMETALI|INE056C01010|1,TATAMETALI,2009-08-21,2024-02-05,INE056C01010,EQUITY,2,ENDED_UNEXPLAINED,
TATAMETALI|NOISIN|1,TATAMETALI,2005-01-03,2009-05-28,,UNKNOWN_NO_ISIN,1,ENDED_UNEXPLAINED,
TATAMOTORS|INE155A01014|1,TATAMOTORS|TMPV,2005-01-03,2026-09-30,INE155A01014|INE155A01022,EQUITY,4,ACTIVE_AT_CUTOFF,
TATAMTRDVR|IN9155A01012|1,TATAMTRDVR,2008-11-05,2024-08-29,IN9155A01012|IN9155A01020,OTHER_ISIN,3,ENDED_UNEXPLAINED,
TATAPOWER|INE245A01013|1,TATAPOWER,2005-01-03,2026-09-30,INE245A01013|INE245A01021,EQUITY,3,ACTIVE_AT_CUTOFF,
TATASPONGE|INE674A01014|1,TATASPONGE|TATASTLLP,2005-01-03,2023-11-16,INE674A01014,EQUITY,3,ENDED_UNEXPLAINED,
TATASTEEL|INE081A01012|1,TATASTEEL|TISCO,2005-01-03,2026-09-30,INE081A01012|INE081A01020,EQUITY,4,ACTIVE_AT_CUTOFF,
TATATECH|INE142M01025|1,TATATECH,2023-11-30,2026-09-30,INE142M01025,EQUITY,1,ACTIVE_AT_CUTOFF,
TATATELSER|NOISIN|1,TATATELSER|TTML,2005-01-03,2026-09-30,INE517B01013,EQUITY,3,ACTIVE_AT_CUTOFF,
TATAVASHIS|NOISIN|1,TATAVASHIS,2005-01-03,2005-05-26,,UNKNOWN_NO_ISIN,1,ENDED_UNEXPLAINED,
TATAVASHIS|NOISIN|2,TATAVASHIS,2005-07-08,2006-02-23,,UNKNOWN_NO_ISIN,1,ENDED_UNEXPLAINED,
TATSILV|INF277KA1984|1,TATSILV,2024-01-17,2026-09-30,INF277KA1984,FUND_UNIT,1,ACTIVE_AT_CUTOFF,
TATVA|INE0GK401011|1,TATVA,2021-07-29,2026-09-30,INE0GK401011,EQUITY,1,ACTIVE_AT_CUTOFF,
TBOTEK|INE673O01025|1,TBOTEK,2024-05-15,2026-09-30,INE673O01025,EQUITY,1,ACTIVE_AT_CUTOFF,
TBZ|INE760L01018|1,TBZ,2012-05-23,2026-09-22,INE760L01018,EQUITY,1,ENDED_UNEXPLAINED,
TCC|INE887D01016|1,TCC,2026-02-25,2026-09-30,INE887D01016|INE887D01024,EQUITY,2,ACTIVE_AT_CUTOFF,
TCIDEVELOP|INE662L01016|1,TCIDEVELOP,2011-05-04,2022-11-10,INE662L01016,EQUITY,2,ENDED_UNEXPLAINED,
TCIEXP|INE586V01016|1,TCIEXP,2016-12-29,2026-09-30,INE586V01016,EQUITY,1,ACTIVE_AT_CUTOFF,
TCIFINANCE|INE911B01018|1,TCIFINANCE,2011-06-17,2026-09-30,INE911B01018,EQUITY,2,ACTIVE_AT_CUTOFF,
TCIFINANCE|NOISIN|1,TCIFINANCE,2005-01-03,2006-04-27,,UNKNOWN_NO_ISIN,1,ENDED_UNEXPLAINED,
TCIFINANCE|NOISIN|2,TCIFINANCE,2006-06-12,2007-08-23,,UNKNOWN_NO_ISIN,1,ENDED_UNEXPLAINED,
TCIFINANCE|NOISIN|3,TCIFINANCE,2008-02-29,2008-11-14,,UNKNOWN_NO_ISIN,1,ENDED_UNEXPLAINED,
TCIFINANCE|NOISIN|4,TCIFINANCE,2009-03-02,2009-06-10,,UNKNOWN_NO_ISIN,1,ENDED_UNEXPLAINED,
TCIFINANCE|NOISIN|5,TCIFINANCE,2009-08-21,2009-12-24,,UNKNOWN_NO_ISIN,1,ENDED_UNEXPLAINED,
TCIFINANCE|NOISIN|6,TCIFINANCE,2010-02-19,2010-08-05,,UNKNOWN_NO_ISIN,1,ENDED_UNEXPLAINED,
TCIFINANCE|NOISIN|7,TCIFINANCE,2010-12-03,2011-01-20,,UNKNOWN_NO_ISIN,1,ENDED_UNEXPLAINED,
TCIFINANCE|NOISIN|8,TCIFINANCE,2011-03-07,2011-05-12,,UNKNOWN_NO_ISIN,1,ENDED_UNEXPLAINED,
TCI|INE688A01022|1,TCI,2005-01-03,2026-09-30,INE688A01022,EQUITY,2,ACTIVE_AT_CUTOFF,
TCLCONS|INE388G01026|1,TCLCONS|TICL,2023-10-31,2026-07-23,INE388G01026,EQUITY,2,ENDED_UNEXPLAINED,
TCNSBRANDS|INE778U01029|1,TCNSBRANDS,2018-07-30,2024-09-02,INE778U01029,EQUITY,1,ENDED_UNEXPLAINED,
TCPLPACK|INE822C01015|1,TCPLPACK,2017-10-17,2026-09-30,INE822C01015,EQUITY,1,ACTIVE_AT_CUTOFF,
TCPLTD|NOISIN|1,TCPLTD,2010-03-02,2010-06-09,,UNKNOWN_NO_ISIN,1,ENDED_UNEXPLAINED,
TCS|INE467B01029|1,TCS,2005-01-03,2026-09-30,INE467B01029,EQUITY,2,ACTIVE_AT_CUTOFF,
TDPOWERSYS|INE419M01019|1,TDPOWERSYS,2011-09-08,2026-09-30,INE419M01019|INE419M01027|INE419M01035,EQUITY,3,ACTIVE_AT_CUTOFF,
TEAMGTY|INE289C01025|1,TEAMGTY|TIMESGTY,2011-06-17,2026-09-30,INE289C01025,EQUITY,3,ACTIVE_AT_CUTOFF,
TEAMLEASE|INE985S01024|1,TEAMLEASE,2016-02-12,2026-09-30,INE985S01024,EQUITY,1,ACTIVE_AT_CUTOFF,
TECHM|INE669C01028|1,TECHM,2006-08-28,2026-09-30,INE669C01028|INE669C01036,EQUITY,3,ACTIVE_AT_CUTOFF,
TECHNOCRAF|INE1D0W01018|1,TECHNOCRAF,2026-08-14,2026-09-30,INE1D0W01018,EQUITY,1,ACTIVE_AT_CUTOFF,
TECHNOELEC|NOISIN|1,TECHNOELEC,2007-04-02,2010-07-06,,UNKNOWN_NO_ISIN,1,ENDED_UNEXPLAINED,
TECHNOE|INE285K01026|1,TECHNOE,2018-12-18,2026-09-30,INE285K01026,EQUITY,1,ACTIVE_AT_CUTOFF,
TECHNOFAB|INE509K01011|1,TECHNOFAB,2010-07-16,2020-11-27,INE509K01011,EQUITY,2,ENDED_UNEXPLAINED,
TECHNO|INE286K01024|1,TECHNO,2010-11-25,2018-08-07,INE286K01024,EQUITY,2,ENDED_UNEXPLAINED,
TECHNVISN|INE314H01012|1,TECHNVISN,2026-04-21,2026-09-30,INE314H01012,EQUITY,1,ACTIVE_AT_CUTOFF,
TECH|INF209KB11D8|1,TECH,2021-11-03,2026-09-30,INF209KB11D8,FUND_UNIT,1,ACTIVE_AT_CUTOFF,
TECILCHEM|INE014B01011|1,TECILCHEM,2024-06-03,2026-09-30,INE014B01011,EQUITY,1,ACTIVE_AT_CUTOFF,
TECPRO|INE904H01010|1,TECPRO,2010-10-12,2015-02-20,INE904H01010,EQUITY,2,DELISTED_EVIDENCED,TECPRO 2018-08-08 Compulsory Delisting
TEGA|INE011K01018|1,TEGA,2021-12-13,2026-09-30,INE011K01018,EQUITY,1,ACTIVE_AT_CUTOFF,
TEJASNET|INE010J01012|1,TEJASNET,2017-06-27,2026-09-30,INE010J01012,EQUITY,1,ACTIVE_AT_CUTOFF,
TELEDATAGL|NOISIN|1,TELEDATAGL,2008-01-17,2009-09-08,,UNKNOWN_NO_ISIN,1,DELISTED_EVIDENCED,TELEDATAGL 2017-03-24 Compulsory Delisting
TELEDATAIN|NOISIN|1,TELEDATAIN,2005-01-03,2007-11-15,,UNKNOWN_NO_ISIN,1,ENDED_UNEXPLAINED,
TELEDATAIT|INE391I01018|1,TELEDATAIT,2010-02-19,2012-05-24,INE391I01018,EQUITY,2,DELISTED_EVIDENCED,TELEDATAIT 2017-05-12 Delisting - Liquidation
TELEDATAIT|NOISIN|1,TELEDATAIT,2009-07-15,2009-10-29,,UNKNOWN_NO_ISIN,1,ENDED_UNEXPLAINED,
TELEMARINE|INE473I01014|1,TELEMARINE,2011-07-15,2011-11-22,INE473I01014,EQUITY,1,DELISTED_EVIDENCED,TELEMARINE 2017-05-12 Delisting - Liquidation
TEMBO|INE869Y01010|1,TEMBO,2021-04-23,2026-09-30,INE869Y01010|INE869Y01028,EQUITY,2,ACTIVE_AT_CUTOFF,
TEMPSENS|INE1KZI01025|1,TEMPSENS,2026-08-28,2026-09-30,INE1KZI01025,EQUITY,1,ACTIVE_AT_CUTOFF,
TENNIND|INE19RI01016|1,TENNIND,2025-11-19,2026-09-30,INE19RI01016,EQUITY,1,ACTIVE_AT_CUTOFF,
TERAI|INE390D01011|1,TERAI,2026-08-17,2026-09-30,INE390D01011,EQUITY,1,ACTIVE_AT_CUTOFF,
TERASOFT|INE482B01010|1,TERASOFT,2016-12-29,2026-09-30,INE482B01010,EQUITY,1,ACTIVE_AT_CUTOFF,
TEXINFRA|INE435C01024|1,TEXINFRA|TEXMACOLTD,2005-01-03,2026-09-30,INE435C01024,EQUITY,3,ACTIVE_AT_CUTOFF,
TEXMOPIPES|INE141K01013|1,TEXMOPIPES,2010-03-10,2026-09-30,INE141K01013,EQUITY,2,ACTIVE_AT_CUTOFF,
TEXRAIL|INE621L01012|1,TEXRAIL,2011-03-17,2026-09-30,INE621L01012,EQUITY,2,ACTIVE_AT_CUTOFF,
TFCILTD|INE305A01015|1,TFCILTD,2009-08-21,2026-09-30,INE305A01015|INE305A01023,EQUITY,3,ACTIVE_AT_CUTOFF,
TFCILTD|NOISIN|1,TFCILTD,2005-01-03,2007-03-01,,UNKNOWN_NO_ISIN,1,ENDED_UNEXPLAINED,
TFCILTD|NOISIN|2,TFCILTD,2007-06-08,2009-06-11,,UNKNOWN_NO_ISIN,1,ENDED_UNEXPLAINED,
TFL|INE804H01012|1,TFL,2011-06-17,2026-09-30,INE804H01012,EQUITY,2,ACTIVE_AT_CUTOFF,
TFL|NOISIN|1,TFL,2007-02-26,2008-01-10,,UNKNOWN_NO_ISIN,1,ENDED_UNEXPLAINED,
TFL|NOISIN|2,TFL,2008-02-29,2010-04-16,,UNKNOWN_NO_ISIN,1,ENDED_UNEXPLAINED,
TFL|NOISIN|3,TFL,2010-06-11,2010-08-19,,UNKNOWN_NO_ISIN,1,ENDED_UNEXPLAINED,
TFL|NOISIN|4,TFL,2010-12-03,2011-03-04,,UNKNOWN_NO_ISIN,1,ENDED_UNEXPLAINED,
TGVSL|INE284B01028|1,TGVSL,2026-08-17,2026-09-30,INE284B01028,EQUITY,1,ACTIVE_AT_CUTOFF,
THACKER|INE077P01034|1,THACKER,2026-04-20,2026-09-30,INE077P01034,EQUITY,1,ACTIVE_AT_CUTOFF,
THAKDEV|INE403F01017|1,THAKDEV,2026-04-21,2026-09-30,INE403F01017,EQUITY,1,ACTIVE_AT_CUTOFF,
THANGAMAYL|INE085J01014|1,THANGAMAYL,2010-02-19,2026-09-30,INE085J01014,EQUITY,2,ACTIVE_AT_CUTOFF,
THEJO|INE121N01019|1,THEJO,2023-10-10,2026-09-30,INE121N01019,EQUITY,1,ACTIVE_AT_CUTOFF,
THELEELA|INE0AQ201015|1,THELEELA,2025-06-02,2026-09-30,INE0AQ201015,EQUITY,1,ACTIVE_AT_CUTOFF,
THEMISMED|INE083B01016|1,THEMISMED,2011-06-22,2026-09-30,INE083B01016|INE083B01024,EQUITY,2,ACTIVE_AT_CUTOFF,
THEMISMED|NOISIN|1,THEMISMED,2007-04-02,2009-04-17,,UNKNOWN_NO_ISIN,1,ENDED_UNEXPLAINED,
THEMISMED|NOISIN|2,THEMISMED,2009-06-12,2009-08-20,,UNKNOWN_NO_ISIN,1,ENDED_UNEXPLAINED,
THEMISMED|NOISIN|3,THEMISMED,2009-11-20,2011-06-20,,UNKNOWN_NO_ISIN,1,ENDED_UNEXPLAINED,
THERMAX|INE152A01029|1,THERMAX,2005-01-03,2026-09-30,INE152A01029,EQUITY,2,ACTIVE_AT_CUTOFF,
THINKSOFT|NOISIN|1,THINKSOFT,2009-10-26,2010-02-18,,UNKNOWN_NO_ISIN,1,ENDED_UNEXPLAINED,
THIRUSUGAR|INE409A01015|1,THIRUSUGAR,2008-02-29,2019-05-27,INE409A01015,EQUITY,2,ENDED_UNEXPLAINED,
THIRUSUGAR|NOISIN|1,THIRUSUGAR,2005-01-03,2005-04-28,,UNKNOWN_NO_ISIN,1,ENDED_UNEXPLAINED,
THIRUSUGAR|NOISIN|2,THIRUSUGAR,2005-07-08,2006-02-16,,UNKNOWN_NO_ISIN,1,ENDED_UNEXPLAINED,
THIRUSUGAR|NOISIN|3,THIRUSUGAR,2006-06-12,2006-06-29,,UNKNOWN_NO_ISIN,1,ENDED_UNEXPLAINED,
THIRUSUGAR|NOISIN|4,THIRUSUGAR,2006-08-28,2007-12-28,,UNKNOWN_NO_ISIN,1,ENDED_UNEXPLAINED,
THOMASCOOK|INE332A01027|1,THOMASCOOK,2005-01-03,2026-09-30,INE332A01027,EQUITY,2,ACTIVE_AT_CUTOFF,
THOMASCOTT|INE480M01011|1,THOMASCOTT,2012-02-13,2026-09-30,INE480M01011,EQUITY,1,ACTIVE_AT_CUTOFF,
THYROCARE|INE594H01019|1,THYROCARE,2016-05-09,2026-09-30,INE594H01019,EQUITY,1,ACTIVE_AT_CUTOFF,
TIDEWATER|INE484C01014|1,TIDEWATER,2007-12-03,2016-03-16,INE484C01014,EQUITY,2,ENDED_UNEXPLAINED,
TIDEWATER|INE484C01022|1,TIDEWATER,2016-03-17,2021-07-14,INE484C01022,EQUITY,1,ENDED_UNEXPLAINED,
TIDEWATER|INE484C01030|1,TIDEWATER|VEEDOL,2021-10-18,2026-09-30,INE484C01030,EQUITY,2,ACTIVE_AT_CUTOFF,
TIDEWATER|NOISIN|1,TIDEWATER,2007-01-16,2007-09-20,,UNKNOWN_NO_ISIN,1,ENDED_UNEXPLAINED,
TIGERLOGS|INE906O01029|1,TIGERLOGS,2025-09-18,2026-09-30,INE906O01029,EQUITY,1,ACTIVE_AT_CUTOFF,
TIIL|INE545H01011|1,TIIL,2009-11-20,2026-09-30,INE545H01011,EQUITY,2,ACTIVE_AT_CUTOFF,
TIIL|NOISIN|1,TIIL,2007-02-12,2009-09-03,,UNKNOWN_NO_ISIN,1,ENDED_UNEXPLAINED,
TIINDIA|INE974X01010|1,TIINDIA,2017-11-16,2026-09-30,INE974X01010,EQUITY,1,ACTIVE_AT_CUTOFF,
TIJARIA|INE440L01017|1,TIJARIA,2011-10-14,2026-09-03,INE440L01017,EQUITY,1,ENDED_UNEXPLAINED,
TIL|INE806C01018|1,TIL,2008-02-29,2026-08-10,INE806C01018,EQUITY,2,ENDED_UNEXPLAINED,
TIL|NOISIN|1,TIL,2005-04-08,2007-11-30,,UNKNOWN_NO_ISIN,1,ENDED_UNEXPLAINED,
TIMBOR|INE346L01016|1,TIMBOR,2011-06-22,2015-09-24,INE346L01016,EQUITY,1,DELISTED_EVIDENCED,TIMBOR 2018-07-02 Delisting - Liquidation
TIMESGTY|NOISIN|1,TIMESGTY,2005-01-03,2007-11-29,,UNKNOWN_NO_ISIN,1,ENDED_UNEXPLAINED,
TIMESGTY|NOISIN|2,TIMESGTY,2008-02-29,2009-12-10,,UNKNOWN_NO_ISIN,1,ENDED_UNEXPLAINED,
TIMESGTY|NOISIN|3,TIMESGTY,2010-02-19,2010-04-16,,UNKNOWN_NO_ISIN,1,ENDED_UNEXPLAINED,
TIMESGTY|NOISIN|4,TIMESGTY,2010-06-11,2010-11-11,,UNKNOWN_NO_ISIN,1,ENDED_UNEXPLAINED,
TIMESGTY|NOISIN|5,TIMESGTY,2011-03-07,2011-04-18,,UNKNOWN_NO_ISIN,1,ENDED_UNEXPLAINED,
TIMETECHNO|INE508G01029|1,TIMETECHNO,2007-06-13,2026-09-30,INE508G01029,EQUITY,2,ACTIVE_AT_CUTOFF,
TIMEX|INE064A01026|1,TIMEX,2026-04-20,2026-09-30,INE064A01026,EQUITY,1,ACTIVE_AT_CUTOFF,
TIMKEN|INE325A01013|1,TIMKEN,2008-12-01,2026-09-30,INE325A01013,EQUITY,2,ACTIVE_AT_CUTOFF,
TIMKEN|NOISIN|1,TIMKEN,2007-02-06,2008-08-21,,UNKNOWN_NO_ISIN,1,ENDED_UNEXPLAINED,
TINNARUBR|INE015C01016|1,TINNARUBR,2025-04-17,2026-09-30,INE015C01016,EQUITY,1,ACTIVE_AT_CUTOFF,
TINPLATE|INE422C01014|1,TINPLATE,2009-08-21,2024-01-18,INE422C01014,EQUITY,2,ENDED_UNEXPLAINED,
TINPLATE|NOISIN|1,TINPLATE,2006-01-27,2009-06-11,,UNKNOWN_NO_ISIN,1,ENDED_UNEXPLAINED,
TIPSFILMS|INE0LQS01015|1,TIPSFILMS,2022-10-20,2026-09-30,INE0LQS01015,EQUITY,1,ACTIVE_AT_CUTOFF,
TIPSINDLTD|INE716B01011|1,TIPSINDLTD|TIPSMUSIC,2007-06-08,2026-09-30,INE716B01011|INE716B01029,EQUITY,4,ACTIVE_AT_CUTOFF,
TIPSINDLTD|NOISIN|1,TIPSINDLTD,2005-01-03,2005-07-14,,UNKNOWN_NO_ISIN,1,ENDED_UNEXPLAINED,
TIPSINDLTD|NOISIN|2,TIPSINDLTD,2005-11-25,2006-10-06,,UNKNOWN_NO_ISIN,1,ENDED_UNEXPLAINED,
TIPSINDLTD|NOISIN|3,TIPSINDLTD,2006-11-24,2007-03-08,,UNKNOWN_NO_ISIN,1,ENDED_UNEXPLAINED,
TIRUMALCHM|INE338A01016|1,TIRUMALCHM,2009-08-21,2026-09-30,INE338A01016|INE338A01024,EQUITY,3,ACTIVE_AT_CUTOFF,
TIRUMALCHM|NOISIN|1,TIRUMALCHM,2005-01-03,2006-06-09,,UNKNOWN_NO_ISIN,1,ENDED_UNEXPLAINED,
TIRUMALCHM|NOISIN|2,TIRUMALCHM,2006-08-28,2009-06-11,,UNKNOWN_NO_ISIN,1,ENDED_UNEXPLAINED,
TIRUPATIFL|INE319Y01016|1,TIRUPATIFL,2020-08-04,2020-11-09,INE319Y01016,EQUITY,1,ENDED_UNEXPLAINED,
TIRUPATIFL|INE319Y01024|1,TIRUPATIFL,2022-01-04,2026-07-23,INE319Y01024,EQUITY,1,ENDED_UNEXPLAINED,
TITAGARH|INE615H01020|1,TITAGARH|TWL,2008-04-21,2026-09-30,INE615H01012|INE615H01020,EQUITY,4,ACTIVE_AT_CUTOFF,
TITAN|INE280A01010|1,TITAN,2005-01-03,2026-09-30,INE280A01010|INE280A01028,EQUITY,3,ACTIVE_AT_CUTOFF,
TI|INE133E01013|1,TI,2010-07-16,2026-09-30,INE133E01013,EQUITY,2,ACTIVE_AT_CUTOFF,
TMB|INE668A01016|1,TMB,2022-09-21,2026-09-30,INE668A01016,EQUITY,1,ACTIVE_AT_CUTOFF,
TMCV|INE1TAE01010|1,TMCV,2025-11-26,2026-09-30,INE1TAE01010,EQUITY,1,ACTIVE_AT_CUTOFF,
TNIDETF|INF277KA1364|1,TNIDETF,2022-04-08,2026-09-30,INF277KA1364,FUND_UNIT,1,ACTIVE_AT_CUTOFF,
TNPETRO|INE148A01019|1,TNPETRO,2009-08-21,2026-09-30,INE148A01019,EQUITY,2,ACTIVE_AT_CUTOFF,
TNPETRO|NOISIN|1,TNPETRO,2005-01-03,2006-10-19,,UNKNOWN_NO_ISIN,1,ENDED_UNEXPLAINED,
TNPETRO|NOISIN|2,TNPETRO,2006-11-24,2007-09-20,,UNKNOWN_NO_ISIN,1,ENDED_UNEXPLAINED,
TNPETRO|NOISIN|3,TNPETRO,2007-12-03,2008-01-10,,UNKNOWN_NO_ISIN,1,ENDED_UNEXPLAINED,
TNPETRO|NOISIN|4,TNPETRO,2008-02-29,2008-05-29,,UNKNOWN_NO_ISIN,1,ENDED_UNEXPLAINED,
TNPETRO|NOISIN|5,TNPETRO,2008-08-22,2009-06-11,,UNKNOWN_NO_ISIN,1,ENDED_UNEXPLAINED,
TNPL|INE107A01015|1,TNPL,2005-01-03,2026-09-30,INE107A01015,EQUITY,2,ACTIVE_AT_CUTOFF,
TNTELE|INE141D01018|1,TNTELE,2023-11-22,2026-09-30,INE141D01018,EQUITY,1,ACTIVE_AT_CUTOFF,
TNTELE|NOISIN|1,TNTELE,2005-01-03,2005-07-29,,UNKNOWN_NO_ISIN,1,ENDED_UNEXPLAINED,
TNTELE|NOISIN|2,TNTELE,2006-06-12,2006-11-23,,UNKNOWN_NO_ISIN,1,ENDED_UNEXPLAINED,
TNTELE|NOISIN|3,TNTELE,2007-03-02,2007-09-20,,UNKNOWN_NO_ISIN,1,ENDED_UNEXPLAINED,
TNTELE|NOISIN|4,TNTELE,2007-12-03,2008-01-10,,UNKNOWN_NO_ISIN,1,ENDED_UNEXPLAINED,
TNTELE|NOISIN|5,TNTELE,2008-02-29,2009-05-04,,UNKNOWN_NO_ISIN,1,ENDED_UNEXPLAINED,
TNTELE|NOISIN|6,TNTELE,2009-06-12,2009-12-10,,UNKNOWN_NO_ISIN,1,ENDED_UNEXPLAINED,
TNTELE|NOISIN|7,TNTELE,2010-02-19,2010-07-08,,UNKNOWN_NO_ISIN,1,ENDED_UNEXPLAINED,
TNTELE|NOISIN|8,TNTELE,2010-08-20,2010-09-16,,UNKNOWN_NO_ISIN,1,ENDED_UNEXPLAINED,
TODAYS|INE944B01019|1,TODAYS,2010-12-03,2018-02-06,INE944B01019,EQUITY,2,DELISTED_EVIDENCED,TODAYS 2020-03-02 Delisting - Liquidation
TODAYS|NOISIN|1,TODAYS,2005-01-03,2010-04-16,,UNKNOWN_NO_ISIN,1,ENDED_UNEXPLAINED,
TODAYS|NOISIN|2,TODAYS,2010-06-11,2010-09-16,,UNKNOWN_NO_ISIN,1,ENDED_UNEXPLAINED,
TOKYOPLAST|INE932C01012|1,TOKYOPLAST,2011-06-23,2026-09-30,INE932C01012,EQUITY,1,ACTIVE_AT_CUTOFF,
TOKYOPLAST|NOISIN|1,TOKYOPLAST,2005-01-03,2005-08-11,,UNKNOWN_NO_ISIN,1,ENDED_UNEXPLAINED,
TOKYOPLAST|NOISIN|2,TOKYOPLAST,2006-06-12,2007-01-11,,UNKNOWN_NO_ISIN,1,ENDED_UNEXPLAINED,
TOKYOPLAST|NOISIN|3,TOKYOPLAST,2007-03-05,2007-11-29,,UNKNOWN_NO_ISIN,1,ENDED_UNEXPLAINED,
TOKYOPLAST|NOISIN|4,TOKYOPLAST,2008-02-29,2011-06-21,,UNKNOWN_NO_ISIN,1,ENDED_UNEXPLAINED,
TOLINS|INE0RWQ01014|1,TOLINS,2024-09-30,2026-09-30,INE0RWQ01014,EQUITY,1,ACTIVE_AT_CUTOFF,
TOP100CASE|INF0R8F01067|1,TOP100CASE,2024-06-19,2026-09-30,INF0R8F01067,FUND_UNIT,1,ACTIVE_AT_CUTOFF,
TOP10ADD|INF740KA1UR9|1,TOP10ADD,2024-09-11,2026-09-30,INF740KA1UR9,FUND_UNIT,1,ACTIVE_AT_CUTOFF,
TOP15IETF|INF109K1A344|1,TOP15IETF,2025-07-02,2026-09-30,INF109K1A344,FUND_UNIT,1,ACTIVE_AT_CUTOFF,
TOP20|INF769K01PZ5|1,TOP20,2025-12-19,2026-09-30,INF769K01PZ5,FUND_UNIT,1,ACTIVE_AT_CUTOFF,
TORNTPHARM|INE685A01028|1,TORNTPHARM,2005-01-03,2026-09-30,INE685A01028,EQUITY,2,ACTIVE_AT_CUTOFF,
TORNTPOWER|INE813H01021|1,TORNTPOWER,2006-11-28,2026-09-30,INE813H01021,EQUITY,2,ACTIVE_AT_CUTOFF,
TOTAL|INE336X01012|1,TOTAL,2020-08-28,2026-09-09,INE336X01012,EQUITY,1,ENDED_UNEXPLAINED,
TOUCHWOOD|INE486Y01013|1,TOUCHWOOD,2020-01-21,2026-09-30,INE486Y01013,EQUITY,1,ACTIVE_AT_CUTOFF,
TOYAMSL|INE457P01020|1,TOYAMSL,2026-08-17,2026-09-30,INE457P01020,EQUITY,1,ACTIVE_AT_CUTOFF,
TPHQ|INE065J01024|1,TPHQ,2024-06-10,2026-08-21,INE065J01024,EQUITY,1,ENDED_UNEXPLAINED,
TPLPLASTEH|INE413G01014|1,TPLPLASTEH,2015-05-20,2026-09-30,INE413G01014|INE413G01022,EQUITY,2,ACTIVE_AT_CUTOFF,
TRACXN|INE0HMF01019|1,TRACXN,2022-10-20,2026-09-30,INE0HMF01019,EQUITY,1,ACTIVE_AT_CUTOFF,
TRAFALHSE|NOISIN|1,TRAFALHSE,2005-01-03,2005-03-17,,UNKNOWN_NO_ISIN,1,ENDED_UNEXPLAINED,
TRANSCOR|INE330E01023|1,TRANSCOR,2026-08-17,2026-09-30,INE330E01023,EQUITY,1,ACTIVE_AT_CUTOFF,
TRANSPEK|INE687A01016|1,TRANSPEK,2026-04-20,2026-08-10,INE687A01016,EQUITY,1,ENDED_UNEXPLAINED,
TRANSRAILL|INE454P01035|1,TRANSRAILL,2024-12-27,2026-09-30,INE454P01035,EQUITY,1,ACTIVE_AT_CUTOFF,
TRAVELFOOD|INE103V01028|1,TRAVELFOOD,2025-07-14,2026-09-30,INE103V01028,EQUITY,1,ACTIVE_AT_CUTOFF,
TREADS|NOISIN|1,TREADS,2008-07-02,2008-11-28,,UNKNOWN_NO_ISIN,1,ENDED_UNEXPLAINED,
TREADS|NOISIN|2,TREADS,2009-03-02,2011-01-10,,UNKNOWN_NO_ISIN,1,ENDED_UNEXPLAINED,
TREEHOUSE|INE040M01013|1,TREEHOUSE,2011-08-26,2026-09-30,INE040M01013,EQUITY,1,ACTIVE_AT_CUTOFF,
TREJHARA|INE00CA01015|1,TREJHARA,2019-01-11,2026-09-30,INE00CA01015,EQUITY,1,ACTIVE_AT_CUTOFF,
TREL|INE0O3901029|1,TREL,2023-08-25,2026-09-30,INE0O3901029,EQUITY,1,ACTIVE_AT_CUTOFF,
TRENT|INE849A01012|1,TRENT,2005-01-03,2026-09-30,INE849A01012|INE849A01020,EQUITY,3,ACTIVE_AT_CUTOFF,
TRF|INE391D01019|1,TRF,2010-01-08,2026-09-30,INE391D01019,EQUITY,2,ACTIVE_AT_CUTOFF,
TRICOM|INE771B01032|1,TRICOM,2006-12-20,2017-03-23,INE771B01032,EQUITY,2,DELISTED_EVIDENCED,TRICOM 2018-07-02 Delisting - Liquidation
TRIGYN|INE948A01012|1,TRIGYN,2009-08-21,2026-09-30,INE948A01012,EQUITY,2,ACTIVE_AT_CUTOFF,
TRIGYN|NOISIN|2,TRIGYN,2006-06-12,2006-06-29,,UNKNOWN_NO_ISIN,1,ENDED_UNEXPLAINED,
TRIGYN|NOISIN|3,TRIGYN,2006-08-28,2009-06-11,,UNKNOWN_NO_ISIN,1,ENDED_UNEXPLAINED,
TRITONV|INE440G01017|1,TRITONV,2026-08-17,2026-09-30,INE440G01017,EQUITY,1,ACTIVE_AT_CUTOFF,
TRITURBINE|INE152M01016|1,TRITURBINE,2011-11-15,2026-09-30,INE152M01016,EQUITY,1,ACTIVE_AT_CUTOFF,
TRIVENI|INE256C01024|1,TRIVENI,2005-12-13,2026-09-30,INE256C01024,EQUITY,2,ACTIVE_AT_CUTOFF,
TRUALT|INE0MWH01014|1,TRUALT,2025-10-03,2026-09-30,INE0MWH01014,EQUITY,1,ACTIVE_AT_CUTOFF,
TTKHEALTH|INE910C01018|1,TTKHEALTH|TTKHLTCARE,2010-06-11,2026-09-30,INE910C01018,EQUITY,3,ACTIVE_AT_CUTOFF,
TTKHEALTH|NOISIN|1,TTKHEALTH,2010-01-08,2010-04-29,,UNKNOWN_NO_ISIN,1,ENDED_UNEXPLAINED,
TTKPRESTIG|INE690A01010|1,TTKPRESTIG,2005-01-03,2026-09-30,INE690A01010|INE690A01028,EQUITY,3,ACTIVE_AT_CUTOFF,
TTL|INE592B01016|1,TTL,2007-06-08,2024-12-11,INE592B01016,EQUITY,2,ENDED_UNEXPLAINED,
TTL|INE592B01024|1,TTL,2025-03-17,2026-09-30,INE592B01024,EQUITY,1,ACTIVE_AT_CUTOFF,
TTL|NOISIN|1,TTL,2007-02-22,2007-03-01,,UNKNOWN_NO_ISIN,1,ENDED_UNEXPLAINED,
TUBEINVEST|INE149A01025|1,TUBEINVEST,2005-01-03,2017-08-23,INE149A01025,EQUITY,2,ENDED_UNEXPLAINED,
TULIP|INE122H01027|1,TULIP,2006-01-05,2014-07-08,INE122H01027,EQUITY,2,DELISTED_EVIDENCED,TULIP 2018-05-30 Delisting - Liquidation
TULSI|INE474I01012|1,TULSI,2009-08-21,2018-03-16,INE474I01012,EQUITY,2,ENDED_UNEXPLAINED,
TULSI|NOISIN|1,TULSI,2008-02-25,2009-06-11,,UNKNOWN_NO_ISIN,1,ENDED_UNEXPLAINED,
TULSYAN|INE463D01016|1,TULSYAN,2010-06-11,2014-01-10,INE463D01016,EQUITY,2,ENDED_UNEXPLAINED,
TULSYAN|NOISIN|1,TULSYAN,2009-11-05,2010-02-18,,UNKNOWN_NO_ISIN,1,ENDED_UNEXPLAINED,
TURTLEMINT|INE0OC301013|1,TURTLEMINT,2026-06-29,2026-09-30,INE0OC301013,EQUITY,1,ACTIVE_AT_CUTOFF,
TUTIALKA|INE400A01014|1,TUTIALKA,2026-08-17,2026-09-30,INE400A01014,EQUITY,1,ACTIVE_AT_CUTOFF,
TV-18|NOISIN|1,TV-18,2006-12-27,2011-06-20,,UNKNOWN_NO_ISIN,1,ENDED_UNEXPLAINED,
TV18|NOISIN|1,TV18,2005-01-03,2006-11-16,,UNKNOWN_NO_ISIN,1,ENDED_UNEXPLAINED,
TVSELECT|INE236G01019|1,TVSELECT,2010-06-11,2026-09-30,INE236G01019,EQUITY,2,ACTIVE_AT_CUTOFF,
TVSELECT|NOISIN|1,TVSELECT,2005-01-03,2005-12-15,,UNKNOWN_NO_ISIN,1,ENDED_UNEXPLAINED,
TVSELECT|NOISIN|2,TVSELECT,2006-06-12,2006-06-29,,UNKNOWN_NO_ISIN,1,ENDED_UNEXPLAINED,
TVSELECT|NOISIN|3,TVSELECT,2006-08-28,2007-06-14,,UNKNOWN_NO_ISIN,1,ENDED_UNEXPLAINED,
TVSELECT|NOISIN|4,TVSELECT,2007-08-31,2009-08-20,,UNKNOWN_NO_ISIN,1,ENDED_UNEXPLAINED,
TVSELECT|NOISIN|5,TVSELECT,2009-11-20,2010-04-16,,UNKNOWN_NO_ISIN,1,ENDED_UNEXPLAINED,
TVSMOTOR|INE494B01023|1,TVSMOTOR,2005-01-03,2026-09-30,INE494B01023,EQUITY,2,ACTIVE_AT_CUTOFF,
TVSSCS|INE395N01027|1,TVSSCS,2023-08-23,2026-09-30,INE395N01027,EQUITY,1,ACTIVE_AT_CUTOFF,
TVSSRICHAK|INE421C01016|1,TVSSRICHAK,2009-11-20,2026-09-30,INE421C01016,EQUITY,2,ACTIVE_AT_CUTOFF,
TVSSRICHAK|NOISIN|1,TVSSRICHAK,2007-02-13,2009-08-20,,UNKNOWN_NO_ISIN,1,ENDED_UNEXPLAINED,
TVTODAY|INE038F01029|1,TVTODAY,2005-01-03,2026-09-30,INE038F01029,EQUITY,2,ACTIVE_AT_CUTOFF,
TVVISION|INE871L01013|1,TVVISION,2016-09-29,2026-08-04,INE871L01013,EQUITY,1,ENDED_UNEXPLAINED,
TWCGOLDETF|INF2F0001370|1,TWCGOLDETF,2026-01-02,2026-09-30,INF2F0001370,FUND_UNIT,1,ACTIVE_AT_CUTOFF,
TWILITAKA|INE783B01029|1,TWILITAKA,2010-06-15,2014-08-22,INE783B01029,EQUITY,2,DELISTED_EVIDENCED,TWILITAKA 2018-07-02 Delisting - Liquidation
UBENGG|INE328C01013|1,UBENGG,2009-06-16,2014-09-23,INE328C01013,EQUITY,2,DELISTED_EVIDENCED,UBENGG 2018-07-02 Delisting - Liquidation
UBHOLDINGS|INE696A01025|1,UBHOLDINGS,2008-05-21,2017-05-19,INE696A01025,EQUITY,2,DELISTED_EVIDENCED,UBHOLDINGS 2018-09-11 Delisting - Liquidation
UBL|INE686F01025|1,UBL,2008-07-28,2026-09-30,INE686F01025,EQUITY,2,ACTIVE_AT_CUTOFF,
UCALFUEL|INE139B01016|1,UCAL|UCALFUEL,2009-06-12,2026-08-19,INE139B01016,EQUITY,3,ENDED_UNEXPLAINED,
UCALFUEL|NOISIN|1,UCALFUEL,2005-01-03,2009-04-17,,UNKNOWN_NO_ISIN,1,ENDED_UNEXPLAINED,
UCOBANK|INE691A01018|1,UCOBANK,2005-01-03,2026-09-30,INE691A01018,EQUITY,2,ACTIVE_AT_CUTOFF,
UDAICEMENT|INE225C01029|1,UDAICEMENT,2021-12-23,2025-08-22,INE225C01029,EQUITY,1,ENDED_UNEXPLAINED,
UDAYJEW|INE551B01012|1,UDAYJEW,2026-08-17,2026-09-30,INE551B01012,EQUITY,1,ACTIVE_AT_CUTOFF,
UDS|INE851I01011|1,UDS,2023-10-04,2026-09-30,INE851I01011,EQUITY,1,ACTIVE_AT_CUTOFF,
UEL|INE899L01030|1,UEL,2026-02-02,2026-09-30,INE899L01030,EQUITY,1,ACTIVE_AT_CUTOFF,
UFO|INE527H01019|1,UFO,2015-05-14,2026-09-30,INE527H01019,EQUITY,1,ACTIVE_AT_CUTOFF,
UGARSUGAR|INE071E01023|1,UGARSUGAR,2010-08-23,2026-09-29,INE071E01023,EQUITY,2,ENDED_UNEXPLAINED,
UGROCAP|INE583D01011|1,UGROCAP,2021-08-11,2026-09-30,INE583D01011,EQUITY,1,ACTIVE_AT_CUTOFF,
UJJIVANSFB|INE551W01018|1,UJJIVANSFB,2019-12-12,2026-09-30,INE551W01018,EQUITY,1,ACTIVE_AT_CUTOFF,
UJJIVAN|INE334L01012|1,UJJIVAN,2016-05-10,2024-05-02,INE334L01012,EQUITY,1,ENDED_UNEXPLAINED,
ULTRACEMCO|INE481G01011|1,ULTRACEMCO,2005-01-03,2026-09-30,INE481G01011,EQUITY,2,ACTIVE_AT_CUTOFF,
ULTRAMAR|INE405A01021|1,ULTRAMAR,2026-04-20,2026-09-30,INE405A01021,EQUITY,1,ACTIVE_AT_CUTOFF,
UMAEXPORTS|INE0GIU01018|1,UMAEXPORTS,2022-04-25,2026-06-08,INE0GIU01018,EQUITY,1,ENDED_UNEXPLAINED,
UMANGDAIRY|INE864B01027|1,UMANGDAIRY,2015-12-02,2025-06-26,INE864B01027,EQUITY,1,ENDED_UNEXPLAINED,
UMESLTD|INE240C01028|1,UMESLTD,2010-07-12,2026-09-30,INE240C01028,EQUITY,2,ACTIVE_AT_CUTOFF,
UMESL|NOISIN|1,UMESL,2010-02-19,2010-04-01,,UNKNOWN_NO_ISIN,1,ENDED_UNEXPLAINED,
UMESL|NOISIN|2,UMESL,2010-06-11,2010-06-11,,UNKNOWN_NO_ISIN,1,ENDED_UNEXPLAINED,
UMITL|NOISIN|1,UMITL,2005-04-08,2005-11-07,,UNKNOWN_NO_ISIN,1,ENDED_UNEXPLAINED,
UMITL|NOISIN|2,UMITL,2006-06-12,2006-06-29,,UNKNOWN_NO_ISIN,1,ENDED_UNEXPLAINED,
UMITL|NOISIN|3,UMITL,2006-08-28,2007-02-08,,UNKNOWN_NO_ISIN,1,ENDED_UNEXPLAINED,
UMITL|NOISIN|4,UMITL,2007-06-08,2007-08-23,,UNKNOWN_NO_ISIN,1,ENDED_UNEXPLAINED,
UMITL|NOISIN|5,UMITL,2007-12-03,2007-12-28,,UNKNOWN_NO_ISIN,1,ENDED_UNEXPLAINED,
UMITL|NOISIN|6,UMITL,2008-02-29,2008-05-15,,UNKNOWN_NO_ISIN,1,ENDED_UNEXPLAINED,
UMITL|NOISIN|7,UMITL,2008-08-22,2009-02-19,,UNKNOWN_NO_ISIN,1,ENDED_UNEXPLAINED,
UMITL|NOISIN|8,UMITL,2009-11-20,2009-12-10,,UNKNOWN_NO_ISIN,1,ENDED_UNEXPLAINED,
UNICHEMLAB|INE351A01035|1,UNICHEMLAB,2005-01-03,2026-09-30,INE351A01035,EQUITY,2,ACTIVE_AT_CUTOFF,
UNIDT|INE961D01019|1,UNIDT,2020-09-25,2026-09-30,INE961D01019,EQUITY,1,ACTIVE_AT_CUTOFF,
UNIECOM|INE00U401027|1,UNIECOM,2024-08-13,2026-09-30,INE00U401027,EQUITY,1,ACTIVE_AT_CUTOFF,
UNIENTER|INE037A01022|1,UNIENTER,2011-03-07,2026-09-30,INE037A01022,EQUITY,2,ACTIVE_AT_CUTOFF,
UNIENTER|NOISIN|1,UNIENTER,2005-01-03,2005-08-19,,UNKNOWN_NO_ISIN,1,ENDED_UNEXPLAINED,
UNIENTER|NOISIN|2,UNIENTER,2006-06-12,2006-06-29,,UNKNOWN_NO_ISIN,1,ENDED_UNEXPLAINED,
UNIENTER|NOISIN|3,UNIENTER,2006-08-28,2007-04-05,,UNKNOWN_NO_ISIN,1,ENDED_UNEXPLAINED,
UNIENTER|NOISIN|4,UNIENTER,2007-06-08,2007-10-05,,UNKNOWN_NO_ISIN,1,ENDED_UNEXPLAINED,
UNIENTER|NOISIN|5,UNIENTER,2007-12-03,2008-01-10,,UNKNOWN_NO_ISIN,1,ENDED_UNEXPLAINED,
UNIENTER|NOISIN|6,UNIENTER,2008-02-29,2010-11-11,,UNKNOWN_NO_ISIN,1,ENDED_UNEXPLAINED,
UNIINFO|INE481Z01011|1,UNIINFO,2022-01-12,2026-09-30,INE481Z01011,EQUITY,1,ACTIVE_AT_CUTOFF,
UNIMECH|INE0U3I01011|1,UNIMECH,2024-12-31,2026-09-30,INE0U3I01011,EQUITY,1,ACTIVE_AT_CUTOFF,
UNIONBANK|INE692A01016|1,UNIONBANK,2005-01-03,2026-09-30,INE692A01016,EQUITY,2,ACTIVE_AT_CUTOFF,
UNIONCARBI|NOISIN|1,UNIONCARBI,2005-01-03,2005-03-14,,UNKNOWN_NO_ISIN,1,ENDED_UNEXPLAINED,
UNIONGOLD|INF582M01KS4|1,UNIONGOLD,2025-02-21,2026-09-30,INF582M01KS4,FUND_UNIT,1,ACTIVE_AT_CUTOFF,
UNIPARTS|INE244O01017|1,UNIPARTS,2022-12-12,2026-09-30,INE244O01017,EQUITY,1,ACTIVE_AT_CUTOFF,
UNIPHOS|INE628A01036|1,UNIPHOS|UPL,2005-01-03,2026-09-30,INE628A01036,EQUITY,3,ACTIVE_AT_CUTOFF,
UNIPLY|INE950G01015|1,UNIPLY,2010-06-11,2020-09-11,INE950G01015|INE950G01023,EQUITY,3,ENDED_UNEXPLAINED,
UNIPLY|NOISIN|1,UNIPLY,2007-03-09,2009-04-17,,UNKNOWN_NO_ISIN,1,ENDED_UNEXPLAINED,
UNIPLY|NOISIN|2,UNIPLY,2009-08-21,2010-04-16,,UNKNOWN_NO_ISIN,1,ENDED_UNEXPLAINED,
UNITECH|INE694A01020|1,UNITECH,2005-01-03,2026-09-30,INE694A01020,EQUITY,2,ACTIVE_AT_CUTOFF,
UNITEDBNK|INE695A01019|1,UNITEDBNK,2010-03-18,2020-03-20,INE695A01019,EQUITY,2,ENDED_UNEXPLAINED,
UNITEDPOLY|INE368U01011|1,UNITEDPOLY,2021-12-31,2026-09-30,INE368U01011|INE368U01029,EQUITY,2,ACTIVE_AT_CUTOFF,
UNITEDTEA|INE458F01011|1,UNITEDTEA,2010-01-08,2026-09-30,INE458F01011,EQUITY,2,ACTIVE_AT_CUTOFF,
UNITY|INE466H01028|1,UNITY,2006-06-12,2018-08-29,INE466H01028,EQUITY,2,ENDED_UNEXPLAINED,
UNIVASTU|INE562X01013|1,UNIVASTU,2020-06-22,2026-07-01,INE562X01013,EQUITY,1,ENDED_UNEXPLAINED,
UNIVCABLES|INE279A01012|1,UNIVCABLES,2010-12-03,2026-09-30,INE279A01012,EQUITY,2,ACTIVE_AT_CUTOFF,
UNIVCABLES|NOISIN|1,UNIVCABLES,2005-04-08,2005-05-26,,UNKNOWN_NO_ISIN,1,ENDED_UNEXPLAINED,
UNIVCABLES|NOISIN|2,UNIVCABLES,2005-07-08,2008-11-28,,UNKNOWN_NO_ISIN,1,ENDED_UNEXPLAINED,
UNIVCABLES|NOISIN|3,UNIVCABLES,2009-03-02,2009-08-20,,UNKNOWN_NO_ISIN,1,ENDED_UNEXPLAINED,
UNIVCABLES|NOISIN|4,UNIVCABLES,2009-11-20,2010-08-19,,UNKNOWN_NO_ISIN,1,ENDED_UNEXPLAINED,
UNIVPHOTO|INE03V001013|1,UNIVPHOTO,2020-03-02,2026-02-20,INE03V001013,EQUITY,1,ENDED_UNEXPLAINED,
UNIWESTBNK|NOISIN|1,UNIWESTBNK,2005-01-03,2005-04-07,,UNKNOWN_NO_ISIN,1,ENDED_UNEXPLAINED,
UNIWESTBNK|NOISIN|2,UNIWESTBNK,2005-07-08,2005-08-11,,UNKNOWN_NO_ISIN,1,ENDED_UNEXPLAINED,
UNIWESTBNK|NOISIN|3,UNIWESTBNK,2006-06-12,2006-09-29,,UNKNOWN_NO_ISIN,1,ENDED_UNEXPLAINED,
UPERGANGES|INE018B01012|1,UPERGANGES,2009-11-20,2017-03-22,INE018B01012,EQUITY,2,ENDED_UNEXPLAINED,
UPERGANGES|NOISIN|1,UPERGANGES,2005-01-03,2006-02-16,,UNKNOWN_NO_ISIN,1,ENDED_UNEXPLAINED,
UPERGANGES|NOISIN|2,UPERGANGES,2006-06-19,2008-08-07,,UNKNOWN_NO_ISIN,1,ENDED_UNEXPLAINED,
UPERGANGES|NOISIN|3,UPERGANGES,2008-12-01,2009-08-20,,UNKNOWN_NO_ISIN,1,ENDED_UNEXPLAINED,
UPHOT|INE726E01014|1,UPHOT,2026-08-18,2026-09-29,INE726E01014,EQUITY,1,ENDED_UNEXPLAINED,
URAVIDEF|INE568Z01015|1,URAVI|URAVIDEF,2023-07-05,2026-07-02,INE568Z01015,EQUITY,2,ENDED_UNEXPLAINED,
URBANCO|INE0CAZ01013|1,URBANCO,2025-09-17,2026-09-30,INE0CAZ01013,EQUITY,1,ACTIVE_AT_CUTOFF,
URJA|INE550C01020|1,URJA,2017-03-28,2026-09-30,INE550C01020,EQUITY,1,ACTIVE_AT_CUTOFF,
USHAMART|INE228A01035|1,USHAMART,2005-01-03,2026-09-30,INE228A01035,EQUITY,2,ACTIVE_AT_CUTOFF,
USHERAGRO|INE235G01011|1,USHERAGRO,2010-07-30,2018-09-21,INE235G01011,EQUITY,2,DELISTED_EVIDENCED,USHERAGRO 2020-03-02 Delisting - Liquidation
USK|INE0N0Y01013|1,USK,2023-04-20,2026-09-30,INE0N0Y01013,EQUITY,1,ACTIVE_AT_CUTOFF,
UTIAMC|INE094J01016|1,UTIAMC,2020-10-12,2026-09-30,INE094J01016,EQUITY,1,ACTIVE_AT_CUTOFF,
UTIBANKETF|INF789F1AUN8|1,UTIBANKETF,2020-09-04,2021-02-18,INF789F1AUN8,FUND_UNIT,1,ENDED_UNEXPLAINED,
UTINEXT50|INF789FC1N82|1,UTINEXT50,2017-08-08,2021-03-25,INF789FC1N82,FUND_UNIT,1,ENDED_UNEXPLAINED,
UTINIFTETF|INF789FB1X41|1,UTINIFTETF,2015-09-03,2023-09-22,INF789FB1X41,FUND_UNIT,1,ENDED_UNEXPLAINED,
UTISUNDER|INF789F01042|1,UTISUNDER,2011-06-22,2012-03-12,INF789F01042,FUND_UNIT,1,ENDED_UNEXPLAINED,
UTISUNDER|NOISIN|1,UTISUNDER,2005-01-03,2011-06-20,,UNKNOWN_NO_ISIN,1,ENDED_UNEXPLAINED,
UTISXN50|INF789F1AHR6|1,UTISXN50,2019-03-13,2021-02-18,INF789F1AHR6,FUND_UNIT,1,ENDED_UNEXPLAINED,
UTKARSHBNK|INE735W01017|1,UTKARSHBNK,2023-07-21,2026-09-30,INE735W01017,EQUITY,1,ACTIVE_AT_CUTOFF,
UTLSOLAR|INE12UR01024|1,UTLSOLAR,2025-11-20,2026-09-30,INE12UR01024,EQUITY,1,ACTIVE_AT_CUTOFF,
UTTAMSTL|INE699A01011|1,UTTAMSTL,2005-07-08,2022-05-24,INE699A01011,EQUITY,2,ENDED_UNEXPLAINED,
UTTAMSTL|NOISIN|1,UTTAMSTL,2005-01-03,2005-04-07,,UNKNOWN_NO_ISIN,1,ENDED_UNEXPLAINED,
UTTAMSUGAR|INE786F01031|1,UTTAMSUGAR,2009-11-20,2026-09-30,INE786F01031,EQUITY,2,ACTIVE_AT_CUTOFF,
UTTAMSUGAR|NOISIN|1,UTTAMSUGAR,2006-04-10,2008-08-07,,UNKNOWN_NO_ISIN,1,ENDED_UNEXPLAINED,
UTTAMSUGAR|NOISIN|2,UTTAMSUGAR,2008-12-01,2009-04-17,,UNKNOWN_NO_ISIN,1,ENDED_UNEXPLAINED,
UTTAMSUGAR|NOISIN|3,UTTAMSUGAR,2009-06-12,2009-08-20,,UNKNOWN_NO_ISIN,1,ENDED_UNEXPLAINED,
UTVSOF|INE507B01022|1,UTVSOF,2005-03-17,2012-03-07,INE507B01022,EQUITY,2,DELISTED_EVIDENCED,UTVSOF 2012-03-16 Voluntary Delisting
UVSL|INE292A01023|1,UVSL,2016-07-11,2020-11-20,INE292A01023,EQUITY,1,ENDED_UNEXPLAINED,
UYFINCORP|INE152C01025|1,UYFINCORP,2024-10-03,2026-08-10,INE152C01025,EQUITY,1,ENDED_UNEXPLAINED,
V2RETAIL|INE945H01013|1,V2RETAIL|VISHALRET,2010-06-11,2026-09-30,INE945H01013|INE945H01021,EQUITY,4,ACTIVE_AT_CUTOFF,
VADILALIND|INE694D01016|1,VADILALIND,2011-06-15,2026-09-30,INE694D01016,EQUITY,2,ACTIVE_AT_CUTOFF,
VADILENT|INE693D01018|1,VADILENT,2026-08-17,2026-09-30,INE693D01018,EQUITY,1,ACTIVE_AT_CUTOFF,
VAIBHAVGBL|INE884A01019|1,VAIBHAVGBL|VAIBHAVGEM,2009-08-21,2026-09-30,INE884A01019|INE884A01027,EQUITY,4,ACTIVE_AT_CUTOFF,
VAIBHAVGEM|NOISIN|1,VAIBHAVGEM,2005-01-03,2009-04-17,,UNKNOWN_NO_ISIN,1,ENDED_UNEXPLAINED,
VAISHALI|INE972X01014|1,VAISHALI,2020-01-15,2026-09-30,INE972X01014|INE972X01022,EQUITY,2,ACTIVE_AT_CUTOFF,
VAKRANGEE|INE051B01021|1,VAKRANGEE|VAKRANSOFT,2010-06-11,2026-09-30,INE051B01013|INE051B01021,EQUITY,4,ACTIVE_AT_CUTOFF,
VAKRANSOFT|NOISIN|1,VAKRANSOFT,2006-04-03,2006-11-23,,UNKNOWN_NO_ISIN,1,ENDED_UNEXPLAINED,
VAKRANSOFT|NOISIN|2,VAKRANSOFT,2007-03-02,2009-09-03,,UNKNOWN_NO_ISIN,1,ENDED_UNEXPLAINED,
VAKRANSOFT|NOISIN|3,VAKRANSOFT,2009-11-20,2010-04-01,,UNKNOWN_NO_ISIN,1,ENDED_UNEXPLAINED,
VAL30IETF|INF109KC16X5|1,VAL30IETF,2024-10-22,2026-09-30,INF109KC16X5,FUND_UNIT,1,ACTIVE_AT_CUTOFF,
VALECHAENG|INE624C01015|1,VALECHAENG,2006-09-11,2016-09-26,INE624C01015,EQUITY,2,ENDED_UNEXPLAINED,
VALIANTLAB|INE0JWS01017|1,VALIANTLAB,2023-10-20,2026-08-27,INE0JWS01017,EQUITY,1,ENDED_UNEXPLAINED,
VALIANTORG|INE565V01010|1,VALIANTORG,2020-10-05,2026-09-30,INE565V01010,EQUITY,1,ACTIVE_AT_CUTOFF,
VALUEIND|INE352A01017|1,VALUEIND|VDOCONAPPL,2005-01-03,2017-12-06,INE352A01017,EQUITY,3,ENDED_UNEXPLAINED,
VALUE|INF769K01QV2|1,VALUE,2026-03-27,2026-09-30,INF769K01QV2,FUND_UNIT,1,ACTIVE_AT_CUTOFF,
VAML|INE1CDF01017|1,VAML,2026-06-30,2026-09-30,INE1CDF01017,EQUITY,1,ACTIVE_AT_CUTOFF,
VARDHACRLC|INE116G01013|1,VARDHACRLC,2006-08-28,2026-07-02,INE116G01013,EQUITY,2,ENDED_UNEXPLAINED,
VARDHACRLC|NOISIN|1,VARDHACRLC,2005-01-03,2006-04-17,,UNKNOWN_NO_ISIN,1,ENDED_UNEXPLAINED,
VARDHACRLC|NOISIN|2,VARDHACRLC,2006-06-12,2006-06-29,,UNKNOWN_NO_ISIN,1,ENDED_UNEXPLAINED,
VARDHMNSPG|NOISIN|1,VARDHMNSPG,2005-01-03,2005-04-12,,UNKNOWN_NO_ISIN,1,ENDED_UNEXPLAINED,
VARDMNPOLY|INE835A01011|1,VARDMNPOLY,2010-12-03,2026-09-30,INE835A01011|INE835A01029,EQUITY,3,ACTIVE_AT_CUTOFF,
VARDMNPOLY|NOISIN|1,VARDMNPOLY,2005-01-03,2009-06-11,,UNKNOWN_NO_ISIN,1,ENDED_UNEXPLAINED,
VARDMNPOLY|NOISIN|2,VARDMNPOLY,2009-08-21,2009-12-24,,UNKNOWN_NO_ISIN,1,ENDED_UNEXPLAINED,
VARDMNPOLY|NOISIN|3,VARDMNPOLY,2010-02-19,2010-10-28,,UNKNOWN_NO_ISIN,1,ENDED_UNEXPLAINED,
VARMORA|INE0M5301040|1,VARMORA,2026-09-29,2026-09-30,INE0M5301040,EQUITY,1,ACTIVE_AT_CUTOFF,
VARROC|INE665L01035|1,VARROC,2018-07-06,2026-09-30,INE665L01035,EQUITY,1,ACTIVE_AT_CUTOFF,
VARUNSHIP|INE702A01013|1,VARUNSHIP,2005-01-03,2015-07-10,INE702A01013,EQUITY,2,ENDED_UNEXPLAINED,
VARUN|INE032G01012|1,VARUN,2007-11-22,2014-09-23,INE032G01012,EQUITY,2,DELISTED_EVIDENCED,VARUN 2018-05-30 Delisting - Liquidation
VASCONEQ|INE893I01013|1,VASCONEQ,2010-02-15,2026-09-30,INE893I01013,EQUITY,2,ACTIVE_AT_CUTOFF,
VASUPRADA|INE574G01013|1,VASUPRADA,2026-08-17,2026-09-28,INE574G01013,EQUITY,1,ENDED_UNEXPLAINED,
VASWANI|INE590L01019|1,VASWANI,2011-10-24,2026-09-30,INE590L01019,EQUITY,1,ACTIVE_AT_CUTOFF,
VATECH|NOISIN|1,VATECH|WABAG,2010-10-13,2026-09-30,INE956G01020|INE956G01038,EQUITY,4,ACTIVE_AT_CUTOFF,
VATSMUSC|NOISIN|1,VATSMUSC,2005-01-12,2005-01-12,,UNKNOWN_NO_ISIN,1,ENDED_UNEXPLAINED,
VATSMUSC|NOISIN|2,VATSMUSC,2005-08-08,2005-08-08,,UNKNOWN_NO_ISIN,1,ENDED_UNEXPLAINED,
VATSMUSC|NOISIN|3,VATSMUSC,2006-10-13,2006-10-13,,UNKNOWN_NO_ISIN,1,ENDED_UNEXPLAINED,
VATSMUSC|NOISIN|4,VATSMUSC,2006-12-18,2006-12-18,,UNKNOWN_NO_ISIN,1,ENDED_UNEXPLAINED,
VATSMUSC|NOISIN|5,VATSMUSC,2007-02-06,2007-04-17,,UNKNOWN_NO_ISIN,1,ENDED_UNEXPLAINED,
VATSMUSC|NOISIN|6,VATSMUSC,2007-05-28,2007-05-28,,UNKNOWN_NO_ISIN,1,DELISTED_EVIDENCED,VATSMUSC 2018-08-08 Compulsory Delisting
VBL|INE200M01013|1,VBL,2016-11-08,2026-09-30,INE200M01013|INE200M01021|INE200M01039,EQUITY,3,ACTIVE_AT_CUTOFF,
VCL|INE098201028|1,VCL,2022-04-19,2026-08-19,INE098201028|INE098201036,EQUITY,2,ENDED_UNEXPLAINED,
VDOCONINTL|NOISIN|1,VDOCONINTL,2005-01-03,2006-01-05,,UNKNOWN_NO_ISIN,1,ENDED_UNEXPLAINED,
VEDAVAAG|INE359B01010|1,VEDAVAAG,2026-08-17,2026-09-30,INE359B01010,EQUITY,1,ACTIVE_AT_CUTOFF,
VEDPOWER|INE694L01019|1,VEDPOWER,2026-06-30,2026-09-30,INE694L01019,EQUITY,1,ACTIVE_AT_CUTOFF,
VELJAN|INE232E01013|1,VELJAN,2026-04-20,2026-07-02,INE232E01013,EQUITY,1,ENDED_UNEXPLAINED,
VENKEYS|INE398A01010|1,VENKEYS,2009-08-21,2026-09-30,INE398A01010,EQUITY,2,ACTIVE_AT_CUTOFF,
VENKEYS|NOISIN|1,VENKEYS,2005-01-03,2009-06-11,,UNKNOWN_NO_ISIN,1,ENDED_UNEXPLAINED,
VENTIVE|INE781S01027|1,VENTIVE,2024-12-30,2026-09-30,INE781S01027,EQUITY,1,ACTIVE_AT_CUTOFF,
VENUSPIPES|INE0JA001018|1,VENUSPIPES,2022-06-07,2026-09-30,INE0JA001018,EQUITY,1,ACTIVE_AT_CUTOFF,
VENUSREM|INE411B01019|1,VENUSREM,2006-12-20,2026-09-30,INE411B01019,EQUITY,2,ACTIVE_AT_CUTOFF,
VERANDA|INE0IQ001011|1,VERANDA,2022-04-27,2026-09-30,INE0IQ001011,EQUITY,1,ACTIVE_AT_CUTOFF,
VERTOZ|INE188Y01015|1,VERTOZ,2020-05-14,2024-06-27,INE188Y01015,EQUITY,1,ENDED_UNEXPLAINED,
VERTOZ|INE188Y01023|1,VERTOZ,2024-07-08,2025-01-29,INE188Y01023,EQUITY,1,ENDED_UNEXPLAINED,
VERTOZ|INE188Y01031|1,VERTOZ,2025-07-14,2026-09-30,INE188Y01031,EQUITY,1,ACTIVE_AT_CUTOFF,
VESUVIUS|INE386A01015|1,VESUVIUS,2005-01-03,2026-09-30,INE386A01015|INE386A01023,EQUITY,3,ACTIVE_AT_CUTOFF,
VETO|INE918N01018|1,VETO,2015-04-29,2026-09-30,INE918N01018,EQUITY,1,ACTIVE_AT_CUTOFF,
VGCL|INE761Q01015|1,VGCL,2026-08-17,2026-09-30,INE761Q01015,EQUITY,1,ACTIVE_AT_CUTOFF,
VGUARD|INE951I01019|1,VGUARD,2008-03-13,2026-09-30,INE951I01019|INE951I01027,EQUITY,3,ACTIVE_AT_CUTOFF,
VHL|INE701A01023|1,VHL,2009-03-04,2026-09-30,INE701A01023,EQUITY,2,ACTIVE_AT_CUTOFF,
VHL|NOISIN|1,VHL|VSGML,2005-06-30,2008-11-28,,UNKNOWN_NO_ISIN,2,ENDED_UNEXPLAINED,
VICEROY|INE048C01017|1,VICEROY,2010-06-11,2018-12-21,INE048C01017,EQUITY,2,ENDED_UNEXPLAINED,
VICEROY|NOISIN|1,VICEROY,2007-08-21,2008-11-14,,UNKNOWN_NO_ISIN,1,ENDED_UNEXPLAINED,
VICEROY|NOISIN|2,VICEROY,2009-03-02,2009-06-11,,UNKNOWN_NO_ISIN,1,ENDED_UNEXPLAINED,
VICEROY|NOISIN|3,VICEROY,2009-08-21,2010-04-16,,UNKNOWN_NO_ISIN,1,ENDED_UNEXPLAINED,
VIDEOIND|INE703A01011|1,VIDEOIND,2005-01-03,2018-05-21,INE703A01011,EQUITY,2,ENDED_UNEXPLAINED,
VIDHIDYE|INE632C01026|1,VIDHIDYE|VIDHIING,2016-03-02,2026-09-30,INE632C01026,EQUITY,2,ACTIVE_AT_CUTOFF,
VIDYAWIRES|INE14UN01029|1,VIDYAWIRES,2025-12-10,2026-09-30,INE14UN01029,EQUITY,1,ACTIVE_AT_CUTOFF,
VIJAYABANK|INE705A01016|1,VIJAYABANK,2005-01-03,2019-03-07,INE705A01016,EQUITY,2,ENDED_UNEXPLAINED,
VIJAYA|INE043W01024|1,VIJAYA,2021-09-14,2026-09-30,INE043W01024,EQUITY,1,ACTIVE_AT_CUTOFF,
VIJAYTEX|NOISIN|1,VIJAYTEX|VTXIND,2010-08-09,2014-01-10,INE119G01025,EQUITY,3,ENDED_UNEXPLAINED,
VIJIFIN|INE159N01019|1,VIJIFIN,2016-07-11,2016-10-25,INE159N01019,EQUITY,1,ENDED_UNEXPLAINED,
VIJIFIN|INE159N01027|1,VIJIFIN,2016-10-26,2026-03-18,INE159N01027,EQUITY,1,ENDED_UNEXPLAINED,
VIJSHAN|INE806F01011|1,VIJSHAN,2008-05-21,2018-12-21,INE806F01011,EQUITY,2,ENDED_UNEXPLAINED,
VIJSOLX|INE362D01010|1,VIJSOLX,2026-08-17,2026-09-30,INE362D01010,EQUITY,1,ACTIVE_AT_CUTOFF,
VIKASECO|INE806A01020|1,VIKASECO|VIKASGLOB,2014-06-13,2026-09-30,INE806A01020,EQUITY,2,ACTIVE_AT_CUTOFF,
VIKASGLOB|INE806A01012|1,VIKASGLOB,2011-12-12,2014-02-28,INE806A01012,EQUITY,1,ENDED_UNEXPLAINED,
VIKASHMET|INE158H01013|1,VIKASHMET,2008-08-22,2012-07-13,INE158H01013,EQUITY,2,DELISTED_EVIDENCED,VIKASHMET 2017-05-12 Compulsory Delisting
VIKASHMET|NOISIN|1,VIKASHMET,2005-11-28,2008-06-12,,UNKNOWN_NO_ISIN,1,ENDED_UNEXPLAINED,
VIKASLIFE|INE161L01027|1,VIKASLIFE|VIKASMCORP,2019-05-22,2026-09-30,INE161L01027,EQUITY,2,ACTIVE_AT_CUTOFF,
VIKASPROP|INE767B01022|1,VIKASPROP,2019-08-19,2022-08-22,INE767B01022,EQUITY,1,ENDED_UNEXPLAINED,
VIKASWSP|INE706A01022|1,VIKASWSP,2019-08-19,2022-04-22,INE706A01022,EQUITY,1,ENDED_UNEXPLAINED,
VIKRAMSOLR|INE078V01014|1,VIKRAMSOLR,2025-08-26,2026-09-30,INE078V01014,EQUITY,1,ACTIVE_AT_CUTOFF,
VIKRAN|INE01R501028|1,VIKRAN,2025-09-03,2026-09-30,INE01R501028,EQUITY,1,ACTIVE_AT_CUTOFF,
VIMALOIL|INE067D01015|1,VIMALOIL,2013-05-21,2017-04-10,INE067D01015,EQUITY,1,ENDED_UNEXPLAINED,
VIMTALABS|INE579C01029|1,VIMTALABS,2011-09-06,2026-09-30,INE579C01029,EQUITY,1,ACTIVE_AT_CUTOFF,
VIMTALABS|NOISIN|1,VIMTALABS,2005-12-15,2009-06-11,,UNKNOWN_NO_ISIN,1,ENDED_UNEXPLAINED,
VIMTALABS|NOISIN|2,VIMTALABS,2009-08-21,2010-10-14,,UNKNOWN_NO_ISIN,1,ENDED_UNEXPLAINED,
VIMTALABS|NOISIN|3,VIMTALABS,2010-12-03,2011-06-09,,UNKNOWN_NO_ISIN,1,ENDED_UNEXPLAINED,
VINATIORGA|INE410B01029|1,VINATIORGA,2009-07-28,2026-09-30,INE410B01029|INE410B01037,EQUITY,3,ACTIVE_AT_CUTOFF,
VINCARDS|NOISIN|1,VINCARDS,2008-08-19,2009-06-11,,UNKNOWN_NO_ISIN,1,ENDED_UNEXPLAINED,
VINCARDS|NOISIN|2,VINCARDS,2009-08-21,2009-09-08,,UNKNOWN_NO_ISIN,1,DELISTED_EVIDENCED,VINCARDS 2016-09-12 Delisting - Liquidation
VINCOFE|INE498Q01014|1,VINCOFE,2024-10-18,2026-09-30,INE498Q01014,EQUITY,1,ACTIVE_AT_CUTOFF,
VINDHYATEL|INE707A01012|1,VINDHYATEL,2011-06-17,2026-09-30,INE707A01012,EQUITY,2,ACTIVE_AT_CUTOFF,
VINDHYATEL|NOISIN|1,VINDHYATEL,2005-04-08,2005-05-12,,UNKNOWN_NO_ISIN,1,ENDED_UNEXPLAINED,
VINDHYATEL|NOISIN|2,VINDHYATEL,2006-06-12,2006-06-29,,UNKNOWN_NO_ISIN,1,ENDED_UNEXPLAINED,
VINDHYATEL|NOISIN|3,VINDHYATEL,2006-08-28,2006-11-30,,UNKNOWN_NO_ISIN,1,ENDED_UNEXPLAINED,
VINDHYATEL|NOISIN|4,VINDHYATEL,2007-03-02,2008-04-21,,UNKNOWN_NO_ISIN,1,ENDED_UNEXPLAINED,
VINDHYATEL|NOISIN|5,VINDHYATEL,2008-06-16,2009-01-07,,UNKNOWN_NO_ISIN,1,ENDED_UNEXPLAINED,
VINDHYATEL|NOISIN|6,VINDHYATEL,2009-03-02,2009-03-18,,UNKNOWN_NO_ISIN,1,ENDED_UNEXPLAINED,
VINDHYATEL|NOISIN|7,VINDHYATEL,2009-06-12,2009-08-20,,UNKNOWN_NO_ISIN,1,ENDED_UNEXPLAINED,
VINDHYATEL|NOISIN|8,VINDHYATEL,2009-11-20,2011-03-17,,UNKNOWN_NO_ISIN,1,ENDED_UNEXPLAINED,
VINEETLAB|INE505Y01010|1,VINEETLAB,2021-06-29,2026-09-30,INE505Y01010,EQUITY,1,ACTIVE_AT_CUTOFF,
VINNY|INE01KI01019|1,VINNY,2022-11-28,2023-01-11,INE01KI01019,EQUITY,1,ENDED_UNEXPLAINED,
VINNY|INE01KI01027|1,VINNY,2023-05-23,2026-09-30,INE01KI01027,EQUITY,1,ACTIVE_AT_CUTOFF,
VINTAGE|NOISIN|1,VINTAGE,2005-01-03,2005-02-24,,UNKNOWN_NO_ISIN,1,ENDED_UNEXPLAINED,
VINTAGE|NOISIN|2,VINTAGE,2005-07-08,2005-07-14,,UNKNOWN_NO_ISIN,1,ENDED_UNEXPLAINED,
VINTAGE|NOISIN|3,VINTAGE,2006-06-12,2006-06-29,,UNKNOWN_NO_ISIN,1,ENDED_UNEXPLAINED,
VINTAGE|NOISIN|4,VINTAGE,2006-08-28,2006-10-06,,UNKNOWN_NO_ISIN,1,ENDED_UNEXPLAINED,
VINTAGE|NOISIN|5,VINTAGE,2006-11-24,2007-04-19,,UNKNOWN_NO_ISIN,1,ENDED_UNEXPLAINED,
VINTAGE|NOISIN|6,VINTAGE,2007-06-08,2007-08-23,,UNKNOWN_NO_ISIN,1,ENDED_UNEXPLAINED,
VINTAGE|NOISIN|7,VINTAGE,2007-12-03,2007-12-28,,UNKNOWN_NO_ISIN,1,ENDED_UNEXPLAINED,
VINYLCHEM|NOISIN|1,VINYLCHEM,2005-01-03,2005-05-12,,UNKNOWN_NO_ISIN,1,ENDED_UNEXPLAINED,
VINYLCHEM|NOISIN|2,VINYLCHEM,2005-07-08,2005-07-21,,UNKNOWN_NO_ISIN,1,ENDED_UNEXPLAINED,
VINYLCHEM|NOISIN|3,VINYLCHEM,2006-06-12,2008-02-13,,UNKNOWN_NO_ISIN,1,ENDED_UNEXPLAINED,
VINYLINDIA|INE250B01029|1,VINYLINDIA,2009-06-12,2026-09-30,INE250B01029,EQUITY,2,ACTIVE_AT_CUTOFF,
VINYLINDIA|NOISIN|1,VINYLINDIA,2008-07-21,2009-04-17,,UNKNOWN_NO_ISIN,1,ENDED_UNEXPLAINED,
VIPIND|INE054A01019|1,VIPIND,2008-02-29,2026-09-30,INE054A01019|INE054A01027,EQUITY,3,ACTIVE_AT_CUTOFF,
VIPIND|NOISIN|1,VIPIND,2005-01-03,2005-04-28,,UNKNOWN_NO_ISIN,1,ENDED_UNEXPLAINED,
VIPIND|NOISIN|2,VIPIND,2005-07-08,2007-07-26,,UNKNOWN_NO_ISIN,1,ENDED_UNEXPLAINED,
VIPIND|NOISIN|3,VIPIND,2007-08-31,2007-12-28,,UNKNOWN_NO_ISIN,1,ENDED_UNEXPLAINED,
VIPULLTD|INE946H01037|1,VIPUL|VIPULLTD,2010-01-08,2026-07-07,INE946H01037,EQUITY,3,ENDED_UNEXPLAINED,
VIRAT|INE467D01017|1,VIRAT,2026-08-17,2026-09-30,INE467D01017,EQUITY,1,ACTIVE_AT_CUTOFF,
VIRINCHI|INE539B01017|1,VIRINCHI,2023-05-03,2026-09-30,INE539B01017,EQUITY,1,ACTIVE_AT_CUTOFF,
VIRTUALG|INE247C01023|1,VIRTUALG,2026-08-17,2026-09-02,INE247C01023,EQUITY,1,ENDED_UNEXPLAINED,
VISACHROME|INE286H01012|1,VISACHROME|VISASTEEL,2008-02-29,2026-09-30,INE286H01012,EQUITY,3,ACTIVE_AT_CUTOFF,
VISAKAIND|INE392A01013|1,VISAKAIND,2009-11-20,2026-09-25,INE392A01013|INE392A01021,EQUITY,3,ENDED_UNEXPLAINED,
VISAKAIND|NOISIN|1,VISAKAIND,2005-01-03,2008-08-21,,UNKNOWN_NO_ISIN,1,ENDED_UNEXPLAINED,
VISAKAIND|NOISIN|2,VISAKAIND,2008-12-01,2009-06-11,,UNKNOWN_NO_ISIN,1,ENDED_UNEXPLAINED,
VISASTEEL|NOISIN|1,VISASTEEL,2006-03-17,2007-12-13,,UNKNOWN_NO_ISIN,1,ENDED_UNEXPLAINED,
VISESHINFO|INE861A01017|1,VISESHINFO,2010-12-03,2012-08-17,INE861A01017,EQUITY,2,ENDED_UNEXPLAINED,
VISESHINFO|INE861A01058|1,VISESHINFO,2013-03-01,2023-09-14,INE861A01058,EQUITY,1,ENDED_UNEXPLAINED,
VISESHINFO|NOISIN|1,VISESHINFO,2005-01-03,2005-04-07,,UNKNOWN_NO_ISIN,1,ENDED_UNEXPLAINED,
VISESHINFO|NOISIN|2,VISESHINFO,2005-07-08,2010-08-19,,UNKNOWN_NO_ISIN,1,ENDED_UNEXPLAINED,
VISHALEXPO|NOISIN|1,VISHALEXPO,2005-01-03,2007-09-20,,UNKNOWN_NO_ISIN,1,ENDED_UNEXPLAINED,
VISHALEXPO|NOISIN|2,VISHALEXPO,2007-12-03,2007-12-28,,UNKNOWN_NO_ISIN,1,ENDED_UNEXPLAINED,
VISHALEXPO|NOISIN|3,VISHALEXPO,2008-02-29,2009-04-17,,UNKNOWN_NO_ISIN,1,ENDED_UNEXPLAINED,
VISHALEXPO|NOISIN|4,VISHALEXPO,2009-08-21,2009-11-13,,UNKNOWN_NO_ISIN,1,DELISTED_EVIDENCED,VISHALEXPO 2017-03-24 Compulsory Delisting
VISHALRET|NOISIN|1,VISHALRET,2007-07-04,2009-11-26,,UNKNOWN_NO_ISIN,1,ENDED_UNEXPLAINED,
VISHAL|INE755Q01025|1,VISHAL,2019-08-21,2026-09-30,INE755Q01025,EQUITY,1,ACTIVE_AT_CUTOFF,
VISHNU|INE270I01014|1,VISHNU,2015-03-05,2026-09-30,INE270I01014|INE270I01022,EQUITY,2,ACTIVE_AT_CUTOFF,
VISHWARAJ|INE430N01014|1,VISHWARAJ,2019-10-31,2026-09-30,INE430N01014|INE430N01022,EQUITY,2,ACTIVE_AT_CUTOFF,
VISL|INE1CLE01013|1,VISL,2026-06-30,2026-09-30,INE1CLE01013,EQUITY,1,ACTIVE_AT_CUTOFF,
VISUALSOFT|NOISIN|1,VISUALSOFT,2005-01-03,2007-04-27,,UNKNOWN_NO_ISIN,1,ENDED_UNEXPLAINED,
VISUINTL|INE965A01016|1,VISUINTL,2010-12-03,2017-04-10,INE965A01016,EQUITY,2,ENDED_UNEXPLAINED,
VISUINTL|NOISIN|1,VISUINTL,2006-12-29,2010-08-19,,UNKNOWN_NO_ISIN,1,ENDED_UNEXPLAINED,
VITAL|INE0L4K01016|1,VITAL,2026-03-11,2026-09-30,INE0L4K01016,EQUITY,1,ACTIVE_AT_CUTOFF,
VIVIANA|INE0MEG01014|1,VIVIANA,2026-09-07,2026-09-30,INE0MEG01014,EQUITY,1,ACTIVE_AT_CUTOFF,
VIVIDHA|INE370E01029|1,VIVIDHA,2013-05-21,2026-09-30,INE370E01029,EQUITY,1,ACTIVE_AT_CUTOFF,
VIVIMEDLAB|INE526G01013|1,VIVIMEDLAB,2009-08-21,2026-04-16,INE526G01013|INE526G01021,EQUITY,3,ENDED_UNEXPLAINED,
VIVIMEDLAB|NOISIN|1,VIVIMEDLAB,2005-08-17,2006-02-16,,UNKNOWN_NO_ISIN,1,ENDED_UNEXPLAINED,
VIVIMEDLAB|NOISIN|2,VIVIMEDLAB,2006-06-12,2009-06-11,,UNKNOWN_NO_ISIN,1,ENDED_UNEXPLAINED,
VIVOBIOT|INE380K01017|1,VIVOBIOT,2026-08-17,2026-09-30,INE380K01017,EQUITY,1,ACTIVE_AT_CUTOFF,
VKSPL|INE213M01016|1,VKSPL,2012-08-01,2012-11-30,INE213M01016,EQUITY,1,ENDED_UNEXPLAINED,
VKSPL|INE213M01024|1,VKSPL,2013-03-01,2016-12-21,INE213M01024,EQUITY,1,DELISTED_EVIDENCED,VKSPL 2018-09-11 Compulsory Delisting
VLEGOV|INE03HW01020|1,VLEGOV,2023-08-29,2026-09-30,INE03HW01020,EQUITY,1,ACTIVE_AT_CUTOFF,
VLSFINANCE|INE709A01018|1,VLSFINANCE,2005-01-03,2026-09-30,INE709A01018,EQUITY,2,ACTIVE_AT_CUTOFF,
VMART|INE665J01013|1,VMART,2013-03-06,2026-09-30,INE665J01013,EQUITY,1,ACTIVE_AT_CUTOFF,
VMM|INE01EA01019|1,VMM,2024-12-18,2026-09-30,INE01EA01019,EQUITY,1,ACTIVE_AT_CUTOFF,
VMSTMT|INE0SJA01013|1,VMSTMT,2025-10-09,2026-09-30,INE0SJA01013,EQUITY,1,ACTIVE_AT_CUTOFF,
VOEPL|INE0I0T01010|1,VOEPL,2026-07-01,2026-09-30,INE0I0T01010,EQUITY,1,ACTIVE_AT_CUTOFF,
VOGL|INE704J01044|1,VOGL,2026-06-30,2026-09-30,INE704J01044,EQUITY,1,ACTIVE_AT_CUTOFF,
VOITHPAPR|INE285C01015|1,VOITHPAPR,2026-08-17,2026-09-30,INE285C01015,EQUITY,1,ACTIVE_AT_CUTOFF,
VOLTAMP|INE540H01012|1,VOLTAMP,2006-09-20,2026-09-30,INE540H01012,EQUITY,2,ACTIVE_AT_CUTOFF,
VOLTAS|INE226A01021|1,VOLTAS,2005-01-03,2026-09-30,INE226A01021,EQUITY,2,ACTIVE_AT_CUTOFF,
VPRPL|INE0AE001013|1,VPRPL,2023-09-05,2026-09-30,INE0AE001013,EQUITY,1,ACTIVE_AT_CUTOFF,
VRAJ|INE0S2V01010|1,VRAJ,2024-07-18,2026-09-30,INE0S2V01010,EQUITY,1,ACTIVE_AT_CUTOFF,
VRLLOG|INE366I01010|1,VRLLOG,2015-04-30,2026-09-30,INE366I01010,EQUITY,1,ACTIVE_AT_CUTOFF,
VSSL|INE050M01012|1,VSSL,2012-05-31,2026-09-30,INE050M01012,EQUITY,1,ACTIVE_AT_CUTOFF,
VSTIND|INE710A01016|1,VSTIND,2005-01-03,2026-09-30,INE710A01016,EQUITY,2,ACTIVE_AT_CUTOFF,
VSTL|INE0QTF01015|1,VSTL,2024-03-05,2026-09-30,INE0QTF01015,EQUITY,1,ACTIVE_AT_CUTOFF,
VSTTILLERS|INE764D01017|1,VSTTILLERS,2011-06-20,2026-09-30,INE764D01017,EQUITY,2,ACTIVE_AT_CUTOFF,
VTMLTD|INE222F01011|1,VTMLTD,2011-12-30,2026-09-30,INE222F01011|INE222F01029,EQUITY,2,ACTIVE_AT_CUTOFF,
VXL|NOISIN|1,VXL,2005-01-03,2005-04-07,,UNKNOWN_NO_ISIN,1,ENDED_UNEXPLAINED,
VXL|NOISIN|2,VXL,2005-07-08,2005-07-14,,UNKNOWN_NO_ISIN,1,ENDED_UNEXPLAINED,
WAAREEENER|INE377N01017|1,WAAREEENER,2024-10-28,2026-09-30,INE377N01017,EQUITY,1,ACTIVE_AT_CUTOFF,
WAAREEINDO|INE866K01023|1,WAAREEINDO,2026-01-01,2026-09-30,INE866K01023,EQUITY,1,ACTIVE_AT_CUTOFF,
WAAREERTL|INE299N01021|1,WAAREERTL,2025-04-09,2026-09-30,INE299N01021,EQUITY,1,ACTIVE_AT_CUTOFF,
WABCO-TVS|INE342J01019|1,WABCO-TVS|WABCOINDIA|ZFCVINDIA,2008-10-01,2026-09-30,INE342J01019,EQUITY,4,ACTIVE_AT_CUTOFF,
WAKEFIT|INE0E7301029|1,WAKEFIT,2025-12-15,2026-09-30,INE0E7301029,EQUITY,1,ACTIVE_AT_CUTOFF,
WALCHANNAG|INE711A01022|1,WALCHANNAG,2007-03-02,2026-09-30,INE711A01022,EQUITY,2,ACTIVE_AT_CUTOFF,
WALCHANNAG|NOISIN|1,WALCHANNAG,2005-01-03,2005-07-07,,UNKNOWN_NO_ISIN,1,ENDED_UNEXPLAINED,
WALCHANNAG|NOISIN|2,WALCHANNAG,2006-02-17,2007-01-25,,UNKNOWN_NO_ISIN,1,ENDED_UNEXPLAINED,
WANBURY|INE107F01022|1,WANBURY,2009-11-20,2026-09-30,INE107F01022,EQUITY,2,ACTIVE_AT_CUTOFF,
WANBURY|NOISIN|1,WANBURY,2007-01-29,2009-08-20,,UNKNOWN_NO_ISIN,1,ENDED_UNEXPLAINED,
WARDINMOBI|INE945P01024|1,WARDINMOBI,2026-08-17,2026-09-30,INE945P01024,EQUITY,1,ACTIVE_AT_CUTOFF,
WARTSILA|NOISIN|1,WARTSILA,2005-01-03,2007-06-11,,UNKNOWN_NO_ISIN,1,DELISTED_EVIDENCED,WARTSILA 2007-06-19 Voluntary Delisting
WATERBASE|INE054C01015|1,WATERBASE,2019-08-19,2026-09-30,INE054C01015,EQUITY,1,ACTIVE_AT_CUTOFF,
WCIL|INE0CJF01024|1,WCIL,2024-09-24,2026-09-30,INE0CJF01024,EQUITY,1,ACTIVE_AT_CUTOFF,
WEALTH|INE658T01017|1,WEALTH,2021-01-21,2026-09-30,INE658T01017,EQUITY,1,ACTIVE_AT_CUTOFF,
WEBELSOLAR|INE855C01015|1,WEBELSOLAR,2010-06-11,2026-09-30,INE855C01015|INE855C01023,EQUITY,3,ACTIVE_AT_CUTOFF,
WEBELSOLAR|NOISIN|1,WEBELSOLAR,2007-05-15,2008-01-10,,UNKNOWN_NO_ISIN,1,ENDED_UNEXPLAINED,
WEBELSOLAR|NOISIN|2,WEBELSOLAR,2008-02-29,2009-11-26,,UNKNOWN_NO_ISIN,1,ENDED_UNEXPLAINED,
WEBELSOLAR|NOISIN|3,WEBELSOLAR,2010-02-19,2010-04-16,,UNKNOWN_NO_ISIN,1,ENDED_UNEXPLAINED,
WEIZMANIND|INE080A01014|1,WEIZMANIND,2010-06-11,2026-09-30,INE080A01014,EQUITY,2,ACTIVE_AT_CUTOFF,
WEIZMANIND|NOISIN|1,WEIZMANIND,2005-07-08,2007-08-30,,UNKNOWN_NO_ISIN,1,ENDED_UNEXPLAINED,
WEIZMANIND|NOISIN|2,WEIZMANIND,2007-12-03,2008-11-28,,UNKNOWN_NO_ISIN,1,ENDED_UNEXPLAINED,
WEIZMANIND|NOISIN|3,WEIZMANIND,2009-03-09,2009-09-17,,UNKNOWN_NO_ISIN,1,ENDED_UNEXPLAINED,
WEIZMANIND|NOISIN|4,WEIZMANIND,2009-11-20,2010-02-18,,UNKNOWN_NO_ISIN,1,ENDED_UNEXPLAINED,
WELCORP|INE191B01025|1,WELCORP|WELGUJ,2005-05-24,2026-09-30,INE191B01025,EQUITY,3,ACTIVE_AT_CUTOFF,
WELENTRP|INE072P01019|1,WELENTRP,2014-07-25,2015-06-03,INE072P01019,EQUITY,1,ENDED_UNEXPLAINED,
WELGLOB|INE390K01016|1,WELGLOB,2011-08-08,2012-11-22,INE390K01016,EQUITY,1,ENDED_UNEXPLAINED,
WELINV|INE389K01018|1,WELINV,2010-10-04,2026-05-27,INE389K01018,EQUITY,2,ENDED_UNEXPLAINED,
WELLWININD|NOISIN|1,WELLWININD,2005-01-03,2005-07-29,,UNKNOWN_NO_ISIN,1,ENDED_UNEXPLAINED,
WELLWININD|NOISIN|2,WELLWININD,2006-06-12,2006-06-29,,UNKNOWN_NO_ISIN,1,ENDED_UNEXPLAINED,
WELLWININD|NOISIN|3,WELLWININD,2006-08-28,2006-09-12,,UNKNOWN_NO_ISIN,1,DELISTED_EVIDENCED,WELLWININD 2017-03-24 Compulsory Delisting
WELSPLSOL|INE731F01037|1,WELSPLSOL,2026-04-20,2026-09-30,INE731F01037,EQUITY,1,ACTIVE_AT_CUTOFF,
WELSPUNGUJ|NOISIN|1,WELSPUNGUJ,2005-01-03,2005-04-19,,UNKNOWN_NO_ISIN,1,ENDED_UNEXPLAINED,
WELSPUNIND|INE192B01023|1,WELSPUNIND|WELSPUNLIV,2009-08-21,2026-09-30,INE192B01023|INE192B01031,EQUITY,4,ACTIVE_AT_CUTOFF,
WELSPUNIND|NOISIN|1,WELSPUNIND,2005-01-03,2009-03-19,,UNKNOWN_NO_ISIN,1,ENDED_UNEXPLAINED,
WEL|INE02WG01016|1,WEL|WFL,2022-01-17,2026-09-30,INE02WG01016|INE02WG01024,EQUITY,3,ACTIVE_AT_CUTOFF,
WENDT|INE274C01019|1,WENDT,2010-06-14,2026-09-30,INE274C01019,EQUITY,2,ACTIVE_AT_CUTOFF,
WENDT|NOISIN|1,WENDT,2006-08-07,2010-02-18,,UNKNOWN_NO_ISIN,1,ENDED_UNEXPLAINED,
WESTLIFE|INE274F01020|1,WESTLIFE,2019-08-19,2026-09-30,INE274F01020,EQUITY,1,ACTIVE_AT_CUTOFF,
WEWIN|INE082W01014|1,WEWIN,2022-06-15,2026-09-30,INE082W01014,EQUITY,1,ACTIVE_AT_CUTOFF,
WEWORK|INE085001019|1,WEWORK,2025-10-10,2026-09-30,INE085001019,EQUITY,1,ACTIVE_AT_CUTOFF,
WHBRADY|INE855A01019|1,WHBRADY,2026-08-18,2026-09-30,INE855A01019,EQUITY,1,ACTIVE_AT_CUTOFF,
WHEELS|INE715A01015|1,WHEELS,2005-01-03,2026-09-30,INE715A01015,EQUITY,2,ACTIVE_AT_CUTOFF,
WHIRLPOOL|INE716A01013|1,WHIRLPOOL,2010-08-20,2026-09-30,INE716A01013,EQUITY,2,ACTIVE_AT_CUTOFF,
WHIRLPOOL|NOISIN|1,WHIRLPOOL,2010-01-08,2010-06-10,,UNKNOWN_NO_ISIN,1,ENDED_UNEXPLAINED,
WILLAMAGOR|INE210A01017|1,WILLAMAGOR,2009-11-20,2026-09-30,INE210A01017,EQUITY,2,ACTIVE_AT_CUTOFF,
WILLAMAGOR|NOISIN|1,WILLAMAGOR,2005-04-08,2007-11-29,,UNKNOWN_NO_ISIN,1,ENDED_UNEXPLAINED,
WILLAMAGOR|NOISIN|2,WILLAMAGOR,2008-02-29,2009-04-17,,UNKNOWN_NO_ISIN,1,ENDED_UNEXPLAINED,
WILLAMAGOR|NOISIN|3,WILLAMAGOR,2009-06-12,2009-09-03,,UNKNOWN_NO_ISIN,1,ENDED_UNEXPLAINED,
WIMCOLTD|NOISIN|1,WIMCOLTD,2005-05-02,2005-07-07,,UNKNOWN_NO_ISIN,1,DELISTED_EVIDENCED,WIMCOLTD 2005-12-14 Voluntary Delisting
WIMCO|NOISIN|1,WIMCO,2005-01-03,2005-03-23,,UNKNOWN_NO_ISIN,1,ENDED_UNEXPLAINED,
WIMPLAST|INE015B01018|1,WIMPLAST,2026-04-20,2026-06-08,INE015B01018,EQUITY,1,ENDED_UNEXPLAINED,
WINDLAS|INE0H5O01029|1,WINDLAS,2021-08-16,2026-09-30,INE0H5O01029,EQUITY,1,ACTIVE_AT_CUTOFF,
WINDMACHIN|INE052A01021|1,WINDMACHIN,2011-09-02,2026-09-30,INE052A01021,EQUITY,1,ACTIVE_AT_CUTOFF,
WINDSOR|NOISIN|1,WINDSOR,2005-04-08,2005-04-15,,UNKNOWN_NO_ISIN,1,ENDED_UNEXPLAINED,
WINDSOR|NOISIN|2,WINDSOR,2005-07-08,2005-07-14,,UNKNOWN_NO_ISIN,1,ENDED_UNEXPLAINED,
WINDSOR|NOISIN|3,WINDSOR,2006-06-12,2006-06-29,,UNKNOWN_NO_ISIN,1,ENDED_UNEXPLAINED,
WINDSOR|NOISIN|4,WINDSOR,2006-08-28,2007-02-08,,UNKNOWN_NO_ISIN,1,ENDED_UNEXPLAINED,
WINDSOR|NOISIN|5,WINDSOR,2007-06-08,2007-09-20,,UNKNOWN_NO_ISIN,1,ENDED_UNEXPLAINED,
WINDSOR|NOISIN|6,WINDSOR,2007-12-03,2008-01-10,,UNKNOWN_NO_ISIN,1,ENDED_UNEXPLAINED,
WINDSOR|NOISIN|7,WINDSOR,2008-02-29,2009-02-13,,UNKNOWN_NO_ISIN,1,ENDED_UNEXPLAINED,
WINDSOR|NOISIN|8,WINDSOR,2009-08-21,2011-06-15,,UNKNOWN_NO_ISIN,1,ENDED_UNEXPLAINED,
WINSOME|INE784B01035|1,WINSOME,2011-08-25,2023-11-10,INE784B01035,EQUITY,1,ENDED_UNEXPLAINED,
WINSOMYARN|INE784B01027|1,WINSOMYARN,2010-12-03,2011-08-03,INE784B01027,EQUITY,2,ENDED_UNEXPLAINED,
WINSOMYARN|NOISIN|1,WINSOMYARN,2005-01-03,2009-01-09,,UNKNOWN_NO_ISIN,1,ENDED_UNEXPLAINED,
WINSOMYARN|NOISIN|2,WINSOMYARN,2009-03-02,2009-05-04,,UNKNOWN_NO_ISIN,1,ENDED_UNEXPLAINED,
WINSOMYARN|NOISIN|3,WINSOMYARN,2009-06-12,2009-08-20,,UNKNOWN_NO_ISIN,1,ENDED_UNEXPLAINED,
WINSOMYARN|NOISIN|4,WINSOMYARN,2009-11-20,2010-09-16,,UNKNOWN_NO_ISIN,1,ENDED_UNEXPLAINED,
WIPL|INE215F01023|1,WIPL,2024-04-22,2026-09-30,INE215F01023,EQUITY,1,ACTIVE_AT_CUTOFF,
WIPRO|INE075A01022|1,WIPRO,2005-01-03,2026-09-30,INE075A01022,EQUITY,2,ACTIVE_AT_CUTOFF,
WOCKPHARMA|INE049B01025|1,WOCKPHARMA,2011-03-07,2026-09-30,INE049B01025,EQUITY,2,ACTIVE_AT_CUTOFF,
WOCKPHARMA|NOISIN|1,WOCKPHARMA,2005-01-03,2010-12-02,,UNKNOWN_NO_ISIN,1,ENDED_UNEXPLAINED,
WONDERLA|INE066O01014|1,WONDERLA,2014-05-23,2026-09-30,INE066O01014,EQUITY,1,ACTIVE_AT_CUTOFF,
WOPOLIN|NOISIN|1,WOPOLIN,2006-08-29,2006-09-12,,UNKNOWN_NO_ISIN,1,DELISTED_EVIDENCED,WOPOLIN 2016-09-12 Delisting - Liquidation
WORTHPERI|INE196Y01018|1,WORTH|WORTHPERI,2020-08-04,2026-09-30,INE196Y01018,EQUITY,2,ACTIVE_AT_CUTOFF,
WPIL|INE765D01022|1,WPIL,2026-04-20,2026-09-30,INE765D01022,EQUITY,1,ACTIVE_AT_CUTOFF,
WSI|INE100D01014|1,WSI,2009-08-21,2026-09-30,INE100D01014,EQUITY,2,ACTIVE_AT_CUTOFF,
WSI|NOISIN|1,WSI,2007-08-01,2007-08-30,,UNKNOWN_NO_ISIN,1,ENDED_UNEXPLAINED,
WSI|NOISIN|2,WSI,2007-12-03,2009-06-11,,UNKNOWN_NO_ISIN,1,ENDED_UNEXPLAINED,
WSTCSTPAPR|INE976A01021|1,WSTCSTPAPR,2005-01-03,2026-09-30,INE976A01021,EQUITY,2,ACTIVE_AT_CUTOFF,
WYETHLEDE|NOISIN|1,WYETH|WYETHLEDE,2005-01-03,2014-12-09,INE378A01012,EQUITY,3,ENDED_UNEXPLAINED,
XELPMOC|INE01P501012|1,XELPMOC,2019-02-18,2026-09-30,INE01P501012,EQUITY,1,ACTIVE_AT_CUTOFF,
XLENERGY|INE183H01011|1,XLENERGY|XLTELENE,2010-02-19,2018-03-16,INE183H01011,EQUITY,3,ENDED_UNEXPLAINED,
XLTELENE|NOISIN|1,XLTELENE|XLTL,2006-12-28,2009-11-26,,UNKNOWN_NO_ISIN,2,ENDED_UNEXPLAINED,
XPROINDIA|INE445C01015|1,XPROINDIA,2008-02-29,2026-09-30,INE445C01015,EQUITY,2,ACTIVE_AT_CUTOFF,
XPROINDIA|NOISIN|1,XPROINDIA,2005-01-03,2007-11-30,,UNKNOWN_NO_ISIN,1,ENDED_UNEXPLAINED,
XTGLOBAL|INE547B01028|1,XTGLOBAL,2024-09-16,2026-09-30,INE547B01028,EQUITY,1,ACTIVE_AT_CUTOFF,
XTRANET|INE0NG701011|1,XTRANET,2026-08-13,2026-09-30,INE0NG701011,EQUITY,1,ACTIVE_AT_CUTOFF,
YASHO|INE616Z01012|1,YASHO,2023-08-21,2026-09-30,INE616Z01012,EQUITY,1,ACTIVE_AT_CUTOFF,
YATHARTH|INE0JO301016|1,YATHARTH,2023-08-07,2026-09-30,INE0JO301016,EQUITY,1,ACTIVE_AT_CUTOFF,
YATRA|INE0JR601024|1,YATRA,2023-09-28,2026-09-30,INE0JR601024,EQUITY,1,ACTIVE_AT_CUTOFF,
YESBANK|INE528G01019|1,YESBANK,2005-07-12,2020-03-13,INE528G01019|INE528G01027,EQUITY,3,ENDED_UNEXPLAINED,
YESBANK|INE528G01035|1,YESBANK,2020-03-16,2026-09-30,INE528G01035,EQUITY,1,ACTIVE_AT_CUTOFF,
YOGI|INE290E01011|1,YOGI,2026-08-18,2026-09-30,INE290E01011,EQUITY,1,ACTIVE_AT_CUTOFF,
YOKOGAWA|NOISIN|1,YOKOGAWA,2005-01-03,2007-04-30,,UNKNOWN_NO_ISIN,1,DELISTED_EVIDENCED,YOKOGAWA 2007-05-10 Voluntary Delisting
YUKEN|INE384C01016|1,YUKEN,2021-09-02,2026-09-30,INE384C01016,EQUITY,1,ACTIVE_AT_CUTOFF,
ZAGGLE|INE07K301024|1,ZAGGLE,2023-09-22,2026-09-30,INE07K301024,EQUITY,1,ACTIVE_AT_CUTOFF,
ZANDUPHARM|NOISIN|1,ZANDUPHARM|ZANDUREALT,2005-01-03,2011-04-18,,UNKNOWN_NO_ISIN,2,ENDED_UNEXPLAINED,
ZANDUREALT|INE719A01017|1,ZANDUREALT,2011-06-17,2018-05-23,INE719A01017,EQUITY,2,ENDED_UNEXPLAINED,
ZEELEARN|INE565L01011|1,ZEELEARN,2011-01-03,2026-09-30,INE565L01011,EQUITY,2,ACTIVE_AT_CUTOFF,
ZEEL|INE256A01028|1,ZEEL|ZEETELE,2005-01-03,2026-09-30,INE256A01028,EQUITY,3,ACTIVE_AT_CUTOFF,
ZEEMEDIA|INE966H01019|1,ZEEMEDIA|ZEENEWS,2007-01-10,2026-09-30,INE966H01019,EQUITY,3,ACTIVE_AT_CUTOFF,
ZENITHBIR|INE318D01020|1,ZENITHBIR|ZENITHSTL,2008-02-29,2026-09-30,INE318D01020,EQUITY,3,ACTIVE_AT_CUTOFF,
ZENITHBIR|NOISIN|1,ZENITHBIR,2007-04-30,2007-11-30,,UNKNOWN_NO_ISIN,1,ENDED_UNEXPLAINED,
ZENITHCOMP|INE598B01013|1,ZENITHCOMP,2010-02-19,2016-03-10,INE598B01013,EQUITY,2,DELISTED_EVIDENCED,ZENITHCOMP 2016-03-18 Voluntary Delisting
ZENITHCOMP|NOISIN|1,ZENITHCOMP,2005-01-03,2007-06-07,,UNKNOWN_NO_ISIN,1,ENDED_UNEXPLAINED,
ZENITHCOMP|NOISIN|2,ZENITHCOMP,2007-08-31,2009-05-28,,UNKNOWN_NO_ISIN,1,ENDED_UNEXPLAINED,
ZENITHCOMP|NOISIN|3,ZENITHCOMP,2009-08-21,2009-12-24,,UNKNOWN_NO_ISIN,1,ENDED_UNEXPLAINED,
ZENITHEXPO|INE058B01018|1,ZENITHEXPO,2011-06-24,2026-09-30,INE058B01018,EQUITY,1,ACTIVE_AT_CUTOFF,
ZENITHEXPO|NOISIN|1,ZENITHEXPO,2005-01-03,2005-06-02,,UNKNOWN_NO_ISIN,1,ENDED_UNEXPLAINED,
ZENITHEXPO|NOISIN|2,ZENITHEXPO,2005-07-08,2005-11-18,,UNKNOWN_NO_ISIN,1,ENDED_UNEXPLAINED,
ZENITHEXPO|NOISIN|3,ZENITHEXPO,2006-06-19,2007-11-29,,UNKNOWN_NO_ISIN,1,ENDED_UNEXPLAINED,
ZENITHEXPO|NOISIN|4,ZENITHEXPO,2008-03-03,2008-03-24,,UNKNOWN_NO_ISIN,1,ENDED_UNEXPLAINED,
ZENITHEXPO|NOISIN|5,ZENITHEXPO,2008-06-13,2008-10-08,,UNKNOWN_NO_ISIN,1,ENDED_UNEXPLAINED,
ZENITHEXPO|NOISIN|6,ZENITHEXPO,2008-12-10,2009-02-06,,UNKNOWN_NO_ISIN,1,ENDED_UNEXPLAINED,
ZENITHEXPO|NOISIN|7,ZENITHEXPO,2009-03-24,2009-03-24,,UNKNOWN_NO_ISIN,1,ENDED_UNEXPLAINED,
ZENITHEXPO|NOISIN|8,ZENITHEXPO,2009-05-22,2010-09-02,,UNKNOWN_NO_ISIN,1,ENDED_UNEXPLAINED,
ZENITHEXPO|NOISIN|9,ZENITHEXPO,2010-12-03,2011-06-17,,UNKNOWN_NO_ISIN,1,ENDED_UNEXPLAINED,
ZENITHINFO|INE899A01017|1,ZENITHINFO,2009-08-21,2014-11-20,INE899A01017,EQUITY,2,DELISTED_EVIDENCED,ZENITHINFO 2018-07-02 Delisting - Liquidation
ZENITHINFO|NOISIN|1,ZENITHINFO,2005-01-03,2005-07-07,,UNKNOWN_NO_ISIN,1,ENDED_UNEXPLAINED,
ZENITHINFO|NOISIN|2,ZENITHINFO,2005-11-25,2007-06-07,,UNKNOWN_NO_ISIN,1,ENDED_UNEXPLAINED,
ZENITHINFO|NOISIN|3,ZENITHINFO,2007-08-31,2009-06-11,,UNKNOWN_NO_ISIN,1,ENDED_UNEXPLAINED,
ZENSARTECH|INE520A01019|1,ZENSARTECH,2009-03-02,2026-09-30,INE520A01019|INE520A01027,EQUITY,3,ACTIVE_AT_CUTOFF,
ZENSARTECH|NOISIN|1,ZENSARTECH,2005-01-03,2008-11-28,,UNKNOWN_NO_ISIN,1,ENDED_UNEXPLAINED,
ZENTEC|INE251B01027|1,ZENTEC,2015-03-30,2026-09-30,INE251B01027,EQUITY,1,ACTIVE_AT_CUTOFF,
ZFSTEERING|INE116C01012|1,ZFSTEERING,2026-04-21,2026-09-30,INE116C01012,EQUITY,1,ACTIVE_AT_CUTOFF,
ZICOM|INE871B01014|1,ZICOM,2008-02-29,2020-11-27,INE871B01014,EQUITY,2,ENDED_UNEXPLAINED,
ZICOM|NOISIN|1,ZICOM,2006-04-18,2006-04-20,,UNKNOWN_NO_ISIN,1,ENDED_UNEXPLAINED,
ZICOM|NOISIN|2,ZICOM,2006-06-12,2007-12-28,,UNKNOWN_NO_ISIN,1,ENDED_UNEXPLAINED,
ZIMLAB|INE518E01015|1,ZIMLAB,2022-11-25,2026-09-30,INE518E01015,EQUITY,1,ACTIVE_AT_CUTOFF,
ZODIACLOTH|INE206B01013|1,ZODIACLOTH,2008-02-29,2026-09-30,INE206B01013,EQUITY,2,ACTIVE_AT_CUTOFF,
ZODIACLOTH|NOISIN|1,ZODIACLOTH,2005-04-08,2008-01-10,,UNKNOWN_NO_ISIN,1,ENDED_UNEXPLAINED,
ZODIAC|INE761Y01019|1,ZODIAC,2021-12-14,2026-09-30,INE761Y01019,EQUITY,1,ACTIVE_AT_CUTOFF,
ZODJRDMKJ|INE077B01018|1,ZODJRDMKJ,2005-04-08,2021-09-20,INE077B01018,EQUITY,2,ENDED_UNEXPLAINED,
ZOTA|INE358U01012|1,ZOTA,2019-08-19,2026-09-30,INE358U01012,EQUITY,1,ACTIVE_AT_CUTOFF,
ZSARACOM|INE967G01019|1,ZSARACOM,2026-04-20,2026-09-30,INE967G01019,EQUITY,1,ACTIVE_AT_CUTOFF,
ZUARIAGRO|INE217A01012|1,ZUARIAGRO|ZUARIGLOB|ZUARIIND,2005-01-03,2026-09-30,INE217A01012,EQUITY,4,ACTIVE_AT_CUTOFF,
ZUARI|INE840M01016|1,ZUARI,2012-12-12,2026-09-30,INE840M01016,EQUITY,1,ACTIVE_AT_CUTOFF,
ZYDUSWELL|INE768C01010|1,ZYDUSWELL,2009-11-13,2026-09-30,INE768C01010|INE768C01028,EQUITY,3,ACTIVE_AT_CUTOFF,
ZYLOG|INE225I01018|1,ZYLOG,2007-08-17,2018-03-16,INE225I01018|INE225I01026,EQUITY,3,ENDED_UNEXPLAINED,
