symbol,isin,first,last,n_sessions,first_pos,last_pos,max_gap_sessions,segment_id,instrument_type,entity_id
20MICRONS,,2008-10-06,2011-06-21,666,934,1600,1,20MICRONS|NOISIN|1,UNKNOWN_NO_ISIN,20MICRONS|INE144J01019|1
20MICRONS,INE144J01019,2011-06-22,2013-01-28,397,1601,1997,0,20MICRONS|INE144J01019|1,EQUITY,20MICRONS|INE144J01019|1
20MICRONS,INE144J01027,2013-01-29,2026-09-30,3201,1998,5368,105,20MICRONS|INE144J01027|1,EQUITY,20MICRONS|INE144J01019|1
21STCENMGM,INE253B01015,2018-04-10,2026-09-30,1762,3276,5368,310,21STCENMGM|INE253B01015|1,EQUITY,21STCENMGM|INE253B01015|1
360ONE,INE466L01020,2023-01-23,2023-03-01,27,4461,4487,0,360ONE|INE466L01020|1,EQUITY,360ONE|INE466L01020|1
360ONE,INE466L01038,2023-03-02,2026-09-30,881,4488,5368,0,360ONE|INE466L01038|1,EQUITY,360ONE|INE466L01020|1
3BBLACKBIO,INE994E01018,2026-04-20,2026-09-30,114,5255,5368,0,3BBLACKBIO|INE994E01018|1,EQUITY,3BBLACKBIO|INE994E01018|1
3IINFOLTD,INE748C01038,2021-11-08,2026-08-13,1177,4159,5335,0,3IINFOLTD|INE748C01038|1,EQUITY,3IINFOLTD|INE748C01038|1
3IINFOTECH,,2005-04-22,2011-06-21,1526,75,1600,0,3IINFOTECH|NOISIN|1,UNKNOWN_NO_ISIN,3IINFOTECH|INE748C01020|1
3IINFOTECH,INE748C01020,2011-06-22,2021-06-08,2190,1601,4055,84,3IINFOTECH|INE748C01020|1,EQUITY,3IINFOTECH|INE748C01020|1
3MINDIA,,2005-01-03,2011-06-21,1599,0,1600,1,3MINDIA|NOISIN|1,UNKNOWN_NO_ISIN,3MINDIA|INE470A01017|1
3MINDIA,INE470A01017,2011-06-22,2026-09-30,3768,1601,5368,0,3MINDIA|INE470A01017|1,EQUITY,3MINDIA|INE470A01017|1
3PLAND,INE105C01023,2018-05-04,2026-09-30,1471,3293,5368,89,3PLAND|INE105C01023|1,EQUITY,3PLAND|INE105C01023|1
4THDIM,INE382T01022,2022-09-22,2022-12-05,50,4377,4426,0,4THDIM|INE382T01022|1,EQUITY,4THDIM|INE382T01022|1
5PAISA,INE618L01018,2017-11-30,2026-09-30,2081,3189,5368,59,5PAISA|INE618L01018|1,EQUITY,5PAISA|INE618L01018|1
63MOONS,INE111B01023,2017-01-19,2026-09-30,2098,2975,5368,68,63MOONS|INE111B01023|1,EQUITY,63MOONS|INE111B01023|1
8KMILES,INE650K01013,2014-01-29,2016-10-10,661,2246,2906,0,8KMILES|INE650K01013|1,EQUITY,8KMILES|INE650K01013|1
8KMILES,INE650K01021,2016-10-13,2020-09-23,701,2907,3882,241,8KMILES|INE650K01021|1,EQUITY,8KMILES|INE650K01013|1
A2ZINFRA,INE619I01012,2014-12-31,2026-09-30,2282,2468,5368,273,A2ZINFRA|INE619I01012|1,EQUITY,A2ZINFRA|INE619I01012|1
A2ZMES,,2010-12-23,2011-06-21,124,1477,1600,0,A2ZMES|NOISIN|1,UNKNOWN_NO_ISIN,A2ZINFRA|INE619I01012|1
A2ZMES,INE619I01012,2011-06-22,2014-12-30,747,1601,2467,42,A2ZMES|INE619I01012|1,EQUITY,A2ZINFRA|INE619I01012|1
AAATECH,INE0D0U01013,2022-11-28,2026-09-30,751,4421,5368,64,AAATECH|INE0D0U01013|1,EQUITY,AAATECH|INE0D0U01013|1
AADHARHFC,INE883F01010,2024-05-15,2026-09-30,589,4780,5368,0,AADHARHFC|INE883F01010|1,EQUITY,AADHARHFC|INE883F01010|1
AAKASH,INE087Z01016,2020-09-29,2022-02-03,280,3886,4220,55,AAKASH|INE087Z01016|1,EQUITY,AAKASH|INE087Z01016|1
AAKASH,INE087Z01024,2022-02-04,2026-09-30,761,4221,5368,93,AAKASH|INE087Z01024|1,EQUITY,AAKASH|INE087Z01016|1
AANJANEYA,,2011-05-27,2011-06-21,18,1583,1600,0,AANJANEYA|NOISIN|1,UNKNOWN_NO_ISIN,AANJANEYA|INE928K01013|1
AANJANEYA,INE928K01013,2011-06-22,2013-08-30,544,1601,2144,0,AANJANEYA|INE928K01013|1,EQUITY,AANJANEYA|INE928K01013|1
AAREYDRUGS,INE198H01019,2021-08-06,2026-09-30,747,4097,5368,137,AAREYDRUGS|INE198H01019|1,EQUITY,AAREYDRUGS|INE198H01019|1
AARNAV,INE750R01016,2026-02-25,2026-08-20,119,5222,5340,0,AARNAV|INE750R01016|1,EQUITY,AARNAV|INE750R01016|1
AARON,INE721Z01010,2020-11-06,2026-09-30,1290,3913,5368,66,AARON|INE721Z01010|1,EQUITY,AARON|INE721Z01010|1
AARTECH,INE01C001018,2023-07-10,2024-04-23,116,4573,4765,77,AARTECH|INE01C001018|1,EQUITY,AARTECH|INE01C001018|1
AARTECH,INE01C001026,2024-08-12,2026-07-09,409,4840,5310,62,AARTECH|INE01C001026|1,EQUITY,AARTECH|INE01C001026|1
AARTIDRUGS,,2005-01-03,2005-07-07,130,0,129,0,AARTIDRUGS|NOISIN|1,UNKNOWN_NO_ISIN,AARTIDRUGS|NOISIN|1
AARTIDRUGS,,2005-11-25,2011-06-21,1377,223,1600,1,AARTIDRUGS|NOISIN|2,UNKNOWN_NO_ISIN,AARTIDRUGS|INE767A01016|1
AARTIDRUGS,INE767A01016,2011-06-22,2026-09-30,3705,1601,5368,63,AARTIDRUGS|INE767A01016|1,EQUITY,AARTIDRUGS|INE767A01016|1
AARTIIND,,2005-01-03,2008-08-21,905,0,904,0,AARTIIND|NOISIN|1,UNKNOWN_NO_ISIN,AARTIIND|NOISIN|1
AARTIIND,,2008-12-01,2011-06-21,630,970,1600,1,AARTIIND|NOISIN|2,UNKNOWN_NO_ISIN,AARTIIND|INE769A01020|1
AARTIIND,INE769A01020,2011-06-22,2026-09-30,3758,1601,5368,10,AARTIIND|INE769A01020|1,EQUITY,AARTIIND|INE769A01020|1
AARTIPHARM,INE0LRU01027,2023-02-13,2026-09-30,894,4475,5368,0,AARTIPHARM|INE0LRU01027|1,EQUITY,AARTIPHARM|INE0LRU01027|1
AARTISURF,INE09EO01013,2020-11-24,2026-08-14,1285,3924,5336,71,AARTISURF|INE09EO01013|1,EQUITY,AARTISURF|INE09EO01013|1
AARVEEDEN,,2006-11-21,2008-08-21,437,468,904,0,AARVEEDEN|NOISIN|1,UNKNOWN_NO_ISIN,AARVEEDEN|NOISIN|1
AARVEEDEN,,2008-12-01,2009-06-11,112,970,1095,2,AARVEEDEN|NOISIN|2,UNKNOWN_NO_ISIN,AARVEEDEN|NOISIN|2
AARVEEDEN,,2009-08-21,2011-06-21,455,1146,1600,0,AARVEEDEN|NOISIN|3,UNKNOWN_NO_ISIN,AARVEEDEN|INE273D01019|1
AARVEEDEN,INE273D01019,2011-06-22,2024-08-02,3062,1601,4834,59,AARVEEDEN|INE273D01019|1,EQUITY,AARVEEDEN|INE273D01019|1
AARVI,INE754X01016,2020-06-24,2026-09-30,1551,3817,5368,1,AARVI|INE754X01016|1,EQUITY,AARVI|INE754X01016|1
AASTHA,INE2FMX01012,2026-07-20,2026-09-30,52,5317,5368,0,AASTHA|INE2FMX01012|1,EQUITY,AASTHA|INE2FMX01012|1
AAVAS,INE216P01012,2018-10-08,2026-09-30,1970,3399,5368,0,AAVAS|INE216P01012|1,EQUITY,AAVAS|INE216P01012|1
ABAN,,2006-08-18,2011-06-21,1197,404,1600,0,ABAN|NOISIN|1,UNKNOWN_NO_ISIN,ABANLLOYD|NOISIN|1
ABAN,INE421A01028,2011-06-22,2025-09-04,3010,1601,5104,118,ABAN|INE421A01028|1,EQUITY,ABANLLOYD|NOISIN|1
ABANLLOYD,,2005-01-03,2005-01-14,10,0,9,0,ABANLLOYD|NOISIN|1,UNKNOWN_NO_ISIN,ABANLLOYD|NOISIN|1
ABANLOYD,,2005-01-17,2006-08-17,394,10,403,0,ABANLOYD|NOISIN|1,UNKNOWN_NO_ISIN,ABANLLOYD|NOISIN|1
ABANSENT,INE365O01028,2026-04-20,2026-09-30,46,5255,5368,68,ABANSENT|INE365O01028|1,EQUITY,ABANSENT|INE365O01028|1
ABB,,2005-01-03,2011-06-21,1601,0,1600,0,ABB|NOISIN|1,UNKNOWN_NO_ISIN,ABB|INE117A01022|1
ABB,INE117A01022,2011-06-22,2026-09-30,3758,1601,5368,10,ABB|INE117A01022|1,EQUITY,ABB|INE117A01022|1
ABBOTINDIA,,2010-01-08,2011-06-21,364,1237,1600,0,ABBOTINDIA|NOISIN|1,UNKNOWN_NO_ISIN,ABBOTINDIA|INE358A01014|1
ABBOTINDIA,INE358A01014,2011-06-22,2026-09-30,3768,1601,5368,0,ABBOTINDIA|INE358A01014|1,EQUITY,ABBOTINDIA|INE358A01014|1
ABCAPITAL,INE674K01013,2017-09-15,2026-09-30,2230,3137,5368,2,ABCAPITAL|INE674K01013|1,EQUITY,ABCAPITAL|INE674K01013|1
ABCIL,,2009-03-09,2011-06-21,566,1035,1600,0,ABCIL|NOISIN|1,UNKNOWN_NO_ISIN,ABCIL|INE605B01016|1
ABCIL,INE605B01016,2011-06-22,2016-01-13,1064,1601,2724,60,ABCIL|INE605B01016|1,EQUITY,ABCIL|INE605B01016|1
ABCOTS,INE08PH01015,2025-09-24,2026-09-30,251,5118,5368,0,ABCOTS|INE08PH01015|1,EQUITY,ABCOTS|INE08PH01015|1
ABDL,INE552Z01027,2024-07-02,2026-09-30,557,4812,5368,0,ABDL|INE552Z01027|1,EQUITY,ABDL|INE552Z01027|1
ABFRL,INE647O01011,2016-01-29,2026-09-30,2634,2735,5368,0,ABFRL|INE647O01011|1,EQUITY,ABFRL|INE647O01011|1
ABGSEC,INF209KC1134,2024-07-10,2026-09-30,520,4818,5368,3,ABGSEC|INF209KC1134|1,FUND_UNIT,ABGSEC|INF209KC1134|1
ABGSHIP,,2007-04-11,2011-06-21,1039,562,1600,0,ABGSHIP|NOISIN|1,UNKNOWN_NO_ISIN,ABGSHIP|INE067H01016|1
ABGSHIP,INE067H01016,2011-06-22,2017-01-23,1377,1601,2977,0,ABGSHIP|INE067H01016|1,EQUITY,ABGSHIP|INE067H01016|1
ABHISHEK,,2008-06-26,2009-05-28,220,865,1085,1,ABHISHEK|NOISIN|1,UNKNOWN_NO_ISIN,ABHISHEK|NOISIN|1
ABHISHEK,,2009-08-21,2009-12-10,74,1146,1219,0,ABHISHEK|NOISIN|2,UNKNOWN_NO_ISIN,ABHISHEK|NOISIN|2
ABHISHEK,,2010-02-19,2010-03-18,19,1265,1283,0,ABHISHEK|NOISIN|3,UNKNOWN_NO_ISIN,ABHISHEK|NOISIN|3
ABHISHEK,,2010-06-11,2010-08-19,50,1341,1390,0,ABHISHEK|NOISIN|4,UNKNOWN_NO_ISIN,ABHISHEK|NOISIN|4
ABHISHEK,,2010-12-03,2011-06-21,137,1464,1600,0,ABHISHEK|NOISIN|5,UNKNOWN_NO_ISIN,ABHISHEK|INE004I01017|1
ABHISHEK,INE004I01017,2011-06-22,2013-06-04,414,1601,2083,67,ABHISHEK|INE004I01017|1,EQUITY,ABHISHEK|INE004I01017|1
ABINFRA,INE00YB01017,2025-01-13,2025-10-16,113,4945,5133,76,ABINFRA|INE00YB01017|1,EQUITY,ABINFRA|INE00YB01017|1
ABINFRA,INE00YB01025,2025-10-17,2026-08-21,208,5134,5341,0,ABINFRA|INE00YB01025|1,EQUITY,ABINFRA|INE00YB01017|1
ABIRLANUVO,,2005-12-07,2011-06-21,1370,231,1600,0,ABIRLANUVO|NOISIN|1,UNKNOWN_NO_ISIN,ABIRLANUVO|INE069A01017|1
ABIRLANUVO,INE069A01017,2011-06-22,2017-07-04,1486,1601,3086,0,ABIRLANUVO|INE069A01017|1,EQUITY,ABIRLANUVO|INE069A01017|1
ABLBL,INE14LE01019,2025-07-07,2026-09-30,306,5063,5368,0,ABLBL|INE14LE01019|1,EQUITY,ABLBL|INE14LE01019|1
ABMINTLLTD,INE251C01025,2021-09-27,2026-08-17,512,4131,5337,193,ABMINTLLTD|INE251C01025|1,EQUITY,ABMINTLLTD|INE251C01025|1
ABMINTLTD,INE251C01017,2019-01-22,2021-07-26,130,3471,4088,461,ABMINTLTD|INE251C01017|1,EQUITY,ABMINTLTD|INE251C01017|1
ABMKNO,INE850B01026,2026-04-20,2026-09-30,114,5255,5368,0,ABMKNO|INE850B01026|1,EQUITY,ABMKNO|INE850B01026|1
ABREL,INE055A01016,2024-10-10,2026-09-30,488,4881,5368,0,ABREL|INE055A01016|1,EQUITY,ABREL|INE055A01016|1
ABSHEKINDS,,2005-04-08,2008-12-12,913,66,978,0,ABSHEKINDS|NOISIN|1,UNKNOWN_NO_ISIN,ABSHEKINDS|NOISIN|1
ABSHEKINDS,,2009-03-02,2010-08-19,360,1030,1390,1,ABSHEKINDS|NOISIN|2,UNKNOWN_NO_ISIN,ABSHEKINDS|NOISIN|2
ABSHEKINDS,,2010-12-03,2011-05-02,101,1464,1564,0,ABSHEKINDS|NOISIN|3,UNKNOWN_NO_ISIN,ABSHEKINDS|NOISIN|3
ABSIND,,2005-01-03,2005-06-13,112,0,111,0,ABSIND|NOISIN|1,UNKNOWN_NO_ISIN,ABSIND|NOISIN|1
ABSL10BANK,INF209KC1670,2026-03-04,2026-09-30,143,5226,5368,0,ABSL10BANK|INF209KC1670|1,FUND_UNIT,ABSL10BANK|INF209KC1670|1
ABSLAMC,INE404A01024,2021-10-11,2026-09-30,1228,4141,5368,0,ABSLAMC|INE404A01024|1,EQUITY,ABSLAMC|INE404A01024|1
ABSLBANETF,INF209KB17D5,2021-11-26,2026-09-30,1197,4172,5368,0,ABSLBANETF|INF209KB17D5|1,FUND_UNIT,ABSLBANETF|INF209KB17D5|1
ABSLBANETF,INF209KB1O58,2019-10-30,2021-11-25,500,3657,4171,2,ABSLBANETF|INF209KB1O58|1,FUND_UNIT,ABSLBANETF|INF209KB1O58|1
ABSLLIQUID,INF209KB18T9,2023-03-16,2026-09-30,853,4497,5368,2,ABSLLIQUID|INF209KB18T9|1,FUND_UNIT,ABSLLIQUID|INF209KB18T9|1
ABSLMSCIN,INF209KC1662,2026-02-20,2026-09-30,149,5219,5368,1,ABSLMSCIN|INF209KC1662|1,FUND_UNIT,ABSLMSCIN|INF209KC1662|1
ABSLNN50ET,INF209KB16D7,2021-11-26,2026-09-30,1197,4172,5368,0,ABSLNN50ET|INF209KB16D7|1,FUND_UNIT,ABSLNN50ET|INF209KB16D7|1
ABSLNN50ET,INF209KB1B87,2018-12-27,2021-11-25,658,3453,4171,4,ABSLNN50ET|INF209KB1B87|1,FUND_UNIT,ABSLNN50ET|INF209KB1B87|1
ABSLPSE,INF209KB19Z4,2024-05-23,2026-09-30,584,4785,5368,0,ABSLPSE|INF209KB19Z4|1,FUND_UNIT,ABSLPSE|INF209KB19Z4|1
ACC,,2005-01-03,2011-06-21,1601,0,1600,0,ACC|NOISIN|1,UNKNOWN_NO_ISIN,ACC|INE012A01025|1
ACC,INE012A01025,2011-06-22,2026-09-30,3768,1601,5368,0,ACC|INE012A01025|1,EQUITY,ACC|INE012A01025|1
ACCELYA,INE793A01012,2013-03-01,2026-09-30,3348,2021,5368,0,ACCELYA|INE793A01012|1,EQUITY,ACCELYA|INE793A01012|1
ACCURACY,INE648Z01015,2020-12-11,2023-02-14,541,3936,4476,0,ACCURACY|INE648Z01015|1,EQUITY,ACCURACY|INE648Z01015|1
ACCURACY,INE648Z01023,2023-02-15,2026-07-01,523,4477,5304,121,ACCURACY|INE648Z01023|1,EQUITY,ACCURACY|INE648Z01015|1
ACE,,2006-09-26,2011-06-21,1170,431,1600,0,ACE|NOISIN|1,UNKNOWN_NO_ISIN,ACE|INE731H01025|1
ACE,INE731H01025,2011-06-22,2026-09-30,3752,1601,5368,16,ACE|INE731H01025|1,EQUITY,ACE|INE731H01025|1
ACEINTEG,INE543V01017,2022-11-04,2026-09-30,818,4406,5368,145,ACEINTEG|INE543V01017|1,EQUITY,ACEINTEG|INE543V01017|1
ACGL,INE451C01013,2026-08-17,2026-09-30,32,5337,5368,0,ACGL|INE451C01013|1,EQUITY,ACGL|INE451C01013|1
ACI,INE128X01021,2022-11-21,2026-09-30,953,4416,5368,0,ACI|INE128X01021|1,EQUITY,ACI|INE128X01021|1
ACKRUTI,,2009-06-30,2011-06-21,493,1108,1600,0,ACKRUTI|NOISIN|1,UNKNOWN_NO_ISIN,ACKRUTI|INE703H01016|1
ACKRUTI,INE703H01016,2011-06-22,2011-11-14,97,1601,1697,0,ACKRUTI|INE703H01016|1,EQUITY,ACKRUTI|INE703H01016|1
ACL,INE666E01020,2023-05-24,2026-09-30,725,4541,5368,63,ACL|INE666E01020|1,EQUITY,ACL|INE666E01020|1
ACLGATI,INE152B01027,2023-11-30,2025-11-11,480,4670,5149,0,ACLGATI|INE152B01027|1,EQUITY,ACLGATI|INE152B01027|1
ACMESOLAR,INE622W01025,2024-11-13,2026-09-30,464,4905,5368,0,ACMESOLAR|INE622W01025|1,EQUITY,ACMESOLAR|INE622W01025|1
ACROPETAL,,2011-03-10,2011-06-21,71,1530,1600,0,ACROPETAL|NOISIN|1,UNKNOWN_NO_ISIN,ACROPETAL|INE055L01013|1
ACROPETAL,INE055L01013,2011-06-22,2016-05-20,1041,1601,2809,62,ACROPETAL|INE055L01013|1,EQUITY,ACROPETAL|INE055L01013|1
ACRYSIL,INE482D01024,2021-01-14,2022-11-17,456,3959,4414,0,ACRYSIL|INE482D01024|1,EQUITY,ACRYSIL|INE482D01024|1
ACSTECH,INE366C01021,2026-04-20,2026-08-25,89,5255,5343,0,ACSTECH|INE366C01021|1,EQUITY,ACSTECH|INE366C01021|1
ACUTAAS,INE00FF01025,2025-06-02,2026-09-30,331,5038,5368,0,ACUTAAS|INE00FF01025|1,EQUITY,ACUTAAS|INE00FF01025|1
ADANIENSOL,INE931S01010,2023-08-24,2026-09-30,764,4605,5368,0,ADANIENSOL|INE931S01010|1,EQUITY,ADANIENSOL|INE931S01010|1
ADANIENT,,2006-09-20,2011-06-21,1174,427,1600,0,ADANIENT|NOISIN|1,UNKNOWN_NO_ISIN,ADANIENT|INE423A01024|1
ADANIENT,INE423A01024,2011-06-22,2026-09-30,3768,1601,5368,0,ADANIENT|INE423A01024|1,EQUITY,ADANIENT|INE423A01024|1
ADANIEXPO,,2005-01-03,2006-09-19,427,0,426,0,ADANIEXPO|NOISIN|1,UNKNOWN_NO_ISIN,ADANIENT|INE423A01024|1
ADANIGAS,INE399L01023,2018-11-20,2021-01-12,530,3428,3957,0,ADANIGAS|INE399L01023|1,EQUITY,ADANIGAS|INE399L01023|1
ADANIGREEN,INE364U01010,2018-07-02,2026-09-30,1970,3334,5368,65,ADANIGREEN|INE364U01010|1,EQUITY,ADANIGREEN|INE364U01010|1
ADANIPORTS,INE742F01042,2012-01-17,2026-09-30,3627,1742,5368,0,ADANIPORTS|INE742F01042|1,EQUITY,ADANIPORTS|INE742F01042|1
ADANIPOWER,,2009-08-20,2011-06-21,456,1145,1600,0,ADANIPOWER|NOISIN|1,UNKNOWN_NO_ISIN,ADANIPOWER|INE814H01011|1
ADANIPOWER,INE814H01011,2011-06-22,2025-09-19,3311,1601,5115,67,ADANIPOWER|INE814H01011|1,EQUITY,ADANIPOWER|INE814H01011|1
ADANIPOWER,INE814H01029,2025-09-22,2026-09-30,253,5116,5368,0,ADANIPOWER|INE814H01029|1,EQUITY,ADANIPOWER|INE814H01011|1
ADANITRANS,INE931S01010,2015-08-14,2023-08-23,1797,2623,4604,103,ADANITRANS|INE931S01010|1,EQUITY,ADANIENSOL|INE931S01010|1
ADDIND,INE757C01021,2026-08-18,2026-09-30,31,5338,5368,0,ADDIND|INE757C01021|1,EQUITY,ADDIND|INE757C01021|1
ADFFOODS,,2010-09-15,2011-06-21,193,1408,1600,0,ADFFOODS|NOISIN|1,UNKNOWN_NO_ISIN,ADFFOODS|INE982B01019|1
ADFFOODS,INE982B01019,2011-06-22,2023-09-08,3016,1601,4616,0,ADFFOODS|INE982B01019|1,EQUITY,ADFFOODS|INE982B01019|1
ADFFOODS,INE982B01027,2023-09-11,2026-09-30,752,4617,5368,0,ADFFOODS|INE982B01027|1,EQUITY,ADFFOODS|INE982B01019|1
ADHUNIK,,2006-04-05,2007-06-07,290,312,601,0,ADHUNIK|NOISIN|1,UNKNOWN_NO_ISIN,ADHUNIK|NOISIN|1
ADHUNIK,,2007-08-31,2011-06-21,940,661,1600,0,ADHUNIK|NOISIN|2,UNKNOWN_NO_ISIN,ADHUNIK|INE400H01019|1
ADHUNIK,INE400H01019,2011-06-22,2019-08-22,1828,1601,3614,67,ADHUNIK|INE400H01019|1,EQUITY,ADHUNIK|INE400H01019|1
ADHUNIKIND,INE452L01012,2016-07-01,2021-05-19,1015,2839,4041,72,ADHUNIKIND|INE452L01012|1,EQUITY,ADHUNIKIND|INE452L01012|1
ADI,INE959A01019,2015-05-08,2017-01-18,422,2553,2974,0,ADI|INE959A01019|1,EQUITY,ADI|INE959A01019|1
ADL,INE0CHO01012,2024-03-11,2026-09-30,494,4738,5368,71,ADL|INE0CHO01012|1,EQUITY,ADL|INE0CHO01012|1
ADLABS,INE172N01012,2015-04-06,2020-04-21,1103,2531,3773,81,ADLABS|INE172N01012|1,EQUITY,ADLABS|INE172N01012|1
ADLABSFILM,,2005-01-03,2009-10-16,1183,0,1182,0,ADLABSFILM|NOISIN|1,UNKNOWN_NO_ISIN,ADLABSFILM|NOISIN|1
ADOR,INE045A01017,2025-04-11,2026-09-30,364,5005,5368,0,ADOR|INE045A01017|1,EQUITY,ADORWELD|INE045A01017|1
ADORWELD,,2005-01-03,2011-06-21,1600,0,1600,1,ADORWELD|NOISIN|1,UNKNOWN_NO_ISIN,ADORWELD|INE045A01017|1
ADORWELD,INE045A01017,2011-06-22,2025-04-09,3367,1601,5004,37,ADORWELD|INE045A01017|1,EQUITY,ADORWELD|INE045A01017|1
ADROITINFO,INE737B01033,2018-04-19,2026-09-30,1204,3283,5368,122,ADROITINFO|INE737B01033|1,EQUITY,ADROITINFO|INE737B01033|1
ADSL,,2007-07-25,2011-06-21,965,635,1600,1,ADSL|NOISIN|1,UNKNOWN_NO_ISIN,ADSL|INE102I01027|1
ADSL,INE102I01027,2011-06-22,2026-09-30,3379,1601,5368,166,ADSL|INE102I01027|1,EQUITY,ADSL|INE102I01027|1
ADVAIT,INE0ALI01010,2026-01-20,2026-09-30,172,5197,5368,0,ADVAIT|INE0ALI01010|1,EQUITY,ADVAIT|INE0ALI01010|1
ADVANCE,INE1B0W01010,2025-10-24,2026-09-30,231,5138,5368,0,ADVANCE|INE1B0W01010|1,EQUITY,ADVANCE|INE1B0W01010|1
ADVANIHOTR,,2007-06-25,2007-07-12,14,613,626,0,ADVANIHOTR|NOISIN|1,UNKNOWN_NO_ISIN,ADVANIHOTR|NOISIN|1
ADVANIHOTR,,2007-08-31,2007-09-20,15,661,675,0,ADVANIHOTR|NOISIN|2,UNKNOWN_NO_ISIN,ADVANIHOTR|NOISIN|2
ADVANIHOTR,,2007-12-03,2008-03-07,67,726,792,0,ADVANIHOTR|NOISIN|3,UNKNOWN_NO_ISIN,ADVANIHOTR|NOISIN|3
ADVANIHOTR,,2008-06-13,2009-06-11,212,856,1095,2,ADVANIHOTR|NOISIN|4,UNKNOWN_NO_ISIN,ADVANIHOTR|NOISIN|4
ADVANIHOTR,,2009-08-21,2009-09-17,20,1146,1165,0,ADVANIHOTR|NOISIN|5,UNKNOWN_NO_ISIN,ADVANIHOTR|NOISIN|5
ADVANIHOTR,,2009-11-20,2010-09-30,214,1205,1419,1,ADVANIHOTR|NOISIN|6,UNKNOWN_NO_ISIN,ADVANIHOTR|NOISIN|6
ADVANIHOTR,,2010-12-03,2011-06-21,132,1464,1600,1,ADVANIHOTR|NOISIN|7,UNKNOWN_NO_ISIN,ADVANIHOTR|NOISIN|7
ADVANIHOTR,INE199C01026,2011-06-23,2026-09-30,3525,1602,5368,40,ADVANIHOTR|INE199C01026|1,EQUITY,ADVANIHOTR|INE199C01026|1
ADVANTA,,2007-04-19,2011-06-21,1029,568,1600,1,ADVANTA|NOISIN|1,UNKNOWN_NO_ISIN,ADVANTA|INE517H01010|1
ADVANTA,INE517H01010,2011-06-22,2013-07-05,506,1601,2106,0,ADVANTA|INE517H01010|1,EQUITY,ADVANTA|INE517H01010|1
ADVANTA,INE517H01028,2013-07-08,2016-07-29,726,2107,2858,26,ADVANTA|INE517H01028|1,EQUITY,ADVANTA|INE517H01010|1
ADVENTHTL,INE28GN01010,2025-11-27,2026-09-30,208,5161,5368,0,ADVENTHTL|INE28GN01010|1,EQUITY,ADVENTHTL|INE28GN01010|1
ADVENZYMES,INE837H01012,2016-08-01,2017-05-25,201,2859,3059,0,ADVENZYMES|INE837H01012|1,EQUITY,ADVENZYMES|INE837H01012|1
ADVENZYMES,INE837H01020,2017-05-26,2026-09-30,2309,3060,5368,0,ADVENZYMES|INE837H01020|1,EQUITY,ADVENZYMES|INE837H01012|1
ADVIKCA,INE178T01024,2026-08-17,2026-09-30,32,5337,5368,0,ADVIKCA|INE178T01024|1,EQUITY,ADVIKCA|INE178T01024|1
AEGISCHEM,,2005-04-08,2011-06-21,1535,66,1600,0,AEGISCHEM|NOISIN|1,UNKNOWN_NO_ISIN,AEGISCHEM|INE208C01017|1
AEGISCHEM,INE208C01017,2011-06-22,2015-09-16,1046,1601,2646,0,AEGISCHEM|INE208C01017|1,EQUITY,AEGISCHEM|INE208C01017|1
AEGISCHEM,INE208C01025,2015-09-18,2024-06-06,2149,2647,4795,0,AEGISCHEM|INE208C01025|1,EQUITY,AEGISCHEM|INE208C01017|1
AEGISLOG,INE208C01025,2024-06-07,2026-09-30,573,4796,5368,0,AEGISLOG|INE208C01025|1,EQUITY,AEGISCHEM|INE208C01017|1
AEGISVOPAK,INE0INX01018,2025-06-02,2026-09-30,331,5038,5368,0,AEGISVOPAK|INE0INX01018|1,EQUITY,AEGISVOPAK|INE0INX01018|1
AEPL,INE757T01025,2026-03-12,2026-09-30,116,5232,5368,21,AEPL|INE757T01025|1,EQUITY,AEPL|INE757T01025|1
AEQUS,INE947N01017,2025-12-10,2026-09-30,199,5170,5368,0,AEQUS|INE947N01017|1,EQUITY,AEQUS|INE947N01017|1
AEROENTER,INE065D01027,2025-06-25,2026-09-30,314,5055,5368,0,AEROENTER|INE065D01027|1,EQUITY,AEROENTER|INE065D01027|1
AEROFLEX,INE024001021,2023-08-31,2026-09-30,759,4610,5368,0,AEROFLEX|INE024001021|1,EQUITY,AEROFLEX|INE024001021|1
AERONEU,INE035801013,2025-09-08,2026-09-30,263,5106,5368,0,AERONEU|INE035801013|1,EQUITY,AERONEU|INE035801013|1
AEROPLANE,INE05TO01019,2026-07-20,2026-09-30,52,5317,5368,0,AEROPLANE|INE05TO01019|1,EQUITY,AEROPLANE|INE05TO01019|1
AETHER,INE0BWX01014,2022-06-03,2026-09-30,1068,4301,5368,0,AETHER|INE0BWX01014|1,EQUITY,AETHER|INE0BWX01014|1
AFCONS,INE101I01011,2024-11-04,2026-09-30,471,4898,5368,0,AFCONS|INE101I01011|1,EQUITY,AFCONS|INE101I01011|1
AFFLE,INE00WC01019,2019-08-08,2021-10-07,416,3606,4139,65,AFFLE|INE00WC01019|1,EQUITY,AFFLE|INE00WC01019|1
AFFLE,INE00WC01027,2021-10-08,2026-09-30,1229,4140,5368,0,AFFLE|INE00WC01027|1,EQUITY,AFFLE|INE00WC01019|1
AFFORDABLE,INE692Z01013,2024-10-23,2026-09-30,386,4890,5368,93,AFFORDABLE|INE692Z01013|1,EQUITY,AFFORDABLE|INE692Z01013|1
AFIL,INE916Y01019,2024-07-10,2025-04-16,190,4818,5007,0,AFIL|INE916Y01019|1,EQUITY,AFIL|INE916Y01019|1
AFIL,INE916Y01027,2025-04-17,2026-09-30,272,5008,5368,89,AFIL|INE916Y01027|1,EQUITY,AFIL|INE916Y01019|1
AFL,,2006-10-30,2007-03-01,84,452,535,0,AFL|NOISIN|1,UNKNOWN_NO_ISIN,AFL|NOISIN|1
AFL,,2007-06-08,2010-01-07,631,602,1236,1,AFL|NOISIN|2,UNKNOWN_NO_ISIN,AFL|NOISIN|2
AFL,,2010-02-19,2010-06-10,76,1265,1340,0,AFL|NOISIN|3,UNKNOWN_NO_ISIN,AFL|NOISIN|3
AFL,,2010-08-20,2011-06-21,210,1391,1600,0,AFL|NOISIN|4,UNKNOWN_NO_ISIN,AFL|INE020G01017|1
AFL,INE020G01017,2011-06-22,2018-10-11,1564,1601,3402,168,AFL|INE020G01017|1,EQUITY,AFL|INE020G01017|1
AFSL,INE00ZE01026,2025-05-05,2026-09-30,351,5018,5368,0,AFSL|INE00ZE01026|1,EQUITY,AFSL|INE00ZE01026|1
AFTEK,,2006-11-27,2009-05-28,614,472,1085,0,AFTEK|NOISIN|1,UNKNOWN_NO_ISIN,AFTEKINFO|NOISIN|1
AFTEK,,2009-08-21,2010-09-30,256,1146,1419,18,AFTEK|NOISIN|2,UNKNOWN_NO_ISIN,AFTEK|NOISIN|2
AFTEK,,2010-12-03,2011-06-21,137,1464,1600,0,AFTEK|NOISIN|3,UNKNOWN_NO_ISIN,AFTEK|INE796A01023|1
AFTEK,INE796A01023,2011-06-22,2014-05-22,638,1601,2320,82,AFTEK|INE796A01023|1,EQUITY,AFTEK|INE796A01023|1
AFTEKINFO,,2005-01-03,2006-11-24,472,0,471,0,AFTEKINFO|NOISIN|1,UNKNOWN_NO_ISIN,AFTEKINFO|NOISIN|1
AGARIND,INE204E01012,2014-05-26,2026-09-30,2700,2322,5368,292,AGARIND|INE204E01012|1,EQUITY,AGARIND|INE204E01012|1
AGARWALEYE,INE943P01029,2025-02-04,2026-09-30,408,4961,5368,0,AGARWALEYE|INE943P01029|1,EQUITY,AGARWALEYE|INE943P01029|1
AGCNET,,2010-06-08,2011-06-21,263,1338,1600,0,AGCNET|NOISIN|1,UNKNOWN_NO_ISIN,AGCNET|INE676A01019|1
AGCNET,INE676A01019,2011-06-22,2021-12-02,2170,1601,4176,112,AGCNET|INE676A01019|1,EQUITY,AGCNET|INE676A01019|1
AGEEGOLD,,2005-01-03,2005-04-19,54,0,72,19,AGEEGOLD|NOISIN|1,UNKNOWN_NO_ISIN,AGEEGOLD|NOISIN|1
AGI,INE415A01038,2022-05-11,2026-09-30,1085,4284,5368,0,AGI|INE415A01038|1,EQUITY,AGI|INE415A01038|1
AGIIL,INE976R01017,2024-07-15,2025-02-06,143,4821,4963,0,AGIIL|INE976R01017|1,EQUITY,AGIIL|INE976R01017|1
AGIIL,INE976R01025,2025-02-07,2025-10-09,165,4964,5128,0,AGIIL|INE976R01025|1,EQUITY,AGIIL|INE976R01017|1
AGIIL,INE976R01033,2025-10-10,2026-09-30,240,5129,5368,0,AGIIL|INE976R01033|1,EQUITY,AGIIL|INE976R01017|1
AGL,INE1YPB01014,2026-07-17,2026-09-30,53,5316,5368,0,AGL|INE1YPB01014|1,EQUITY,AGL|INE1YPB01014|1
AGLSL,INE517U01013,2017-08-03,2019-10-23,546,3108,3653,0,AGLSL|INE517U01013|1,EQUITY,AGLSL|INE517U01013|1
AGRE,,2011-01-14,2011-04-18,63,1493,1555,0,AGRE|NOISIN|1,UNKNOWN_NO_ISIN,AGRE|NOISIN|1
AGRE,,2011-06-17,2011-06-21,3,1598,1600,0,AGRE|NOISIN|2,UNKNOWN_NO_ISIN,AGRE|INE360L01017|1
AGRE,INE360L01017,2011-06-22,2012-03-05,174,1601,1774,0,AGRE|INE360L01017|1,EQUITY,AGRE|INE360L01017|1
AGRITECH,INE449G01018,2015-02-23,2026-09-30,2226,2504,5368,72,AGRITECH|INE449G01018|1,EQUITY,AGRITECH|INE449G01018|1
AGRODUTCH,,2005-01-03,2007-11-30,726,0,725,0,AGRODUTCH|NOISIN|1,UNKNOWN_NO_ISIN,AGRODUTCH|NOISIN|1
AGRODUTCH,,2008-02-29,2009-05-28,298,788,1085,0,AGRODUTCH|NOISIN|2,UNKNOWN_NO_ISIN,AGRODUTCH|NOISIN|2
AGRODUTCH,,2009-08-21,2010-04-01,129,1146,1292,18,AGRODUTCH|NOISIN|3,UNKNOWN_NO_ISIN,AGRODUTCH|NOISIN|3
AGRODUTCH,,2010-06-11,2011-04-18,195,1341,1555,20,AGRODUTCH|NOISIN|4,UNKNOWN_NO_ISIN,AGRODUTCH|NOISIN|4
AGRODUTCH,,2011-06-17,2011-06-21,3,1598,1600,0,AGRODUTCH|NOISIN|5,UNKNOWN_NO_ISIN,AGRODUTCH|INE135B01014|1
AGRODUTCH,INE135B01014,2011-06-22,2016-09-26,1130,1601,2896,42,AGRODUTCH|INE135B01014|1,EQUITY,AGRODUTCH|INE135B01014|1
AGROPHOS,INE740V01019,2019-03-08,2026-09-30,1693,3503,5368,111,AGROPHOS|INE740V01019|1,EQUITY,AGROPHOS|INE740V01019|1
AGSTRA,INE583L01014,2022-01-31,2025-01-29,687,4217,4957,54,AGSTRA|INE583L01014|1,EQUITY,AGSTRA|INE583L01014|1
AHCL,INE0Y8W01017,2025-09-17,2026-04-22,82,5113,5257,63,AHCL|INE0Y8W01017|1,EQUITY,AHCL|INE0Y8W01017|1
AHCL,INE0Y8W01025,2026-04-23,2026-09-30,111,5258,5368,0,AHCL|INE0Y8W01025|1,EQUITY,AHCL|INE0Y8W01017|1
AHL,INE00ZE01026,2022-12-23,2025-01-29,518,4440,4957,0,AHL|INE00ZE01026|1,EQUITY,AFSL|INE00ZE01026|1
AHLADA,INE00PV01013,2021-01-28,2026-09-30,1281,3968,5368,63,AHLADA|INE00PV01013|1,EQUITY,AHLADA|INE00PV01013|1
AHLEAST,,2010-08-11,2011-06-21,217,1384,1600,0,AHLEAST|NOISIN|1,UNKNOWN_NO_ISIN,AHLEAST|INE926K01017|1
AHLEAST,INE926K01017,2011-06-22,2026-09-30,3596,1601,5368,55,AHLEAST|INE926K01017|1,EQUITY,AHLEAST|INE926K01017|1
AHLUCONT,,2009-12-14,2011-06-21,380,1221,1600,0,AHLUCONT|NOISIN|1,UNKNOWN_NO_ISIN,AHLUCONT|INE758C01029|1
AHLUCONT,INE758C01029,2011-06-22,2026-09-30,3650,1601,5368,95,AHLUCONT|INE758C01029|1,EQUITY,AHLUCONT|INE758C01029|1
AHLWEST,,2010-08-05,2011-06-21,221,1380,1600,0,AHLWEST|NOISIN|1,UNKNOWN_NO_ISIN,AHLWEST|INE915K01010|1
AHLWEST,INE915K01010,2011-06-22,2026-04-22,2376,1601,5257,1099,AHLWEST|INE915K01010|1,EQUITY,AHLWEST|INE915K01010|1
AHMEDELEC,,2005-01-03,2005-06-16,115,0,114,0,AHMEDELEC|NOISIN|1,UNKNOWN_NO_ISIN,AHMEDELEC|NOISIN|1
AHMEDFORGE,,2005-01-03,2006-02-16,280,0,279,0,AHMEDFORGE|NOISIN|1,UNKNOWN_NO_ISIN,AHMEDFORGE|NOISIN|1
AHMEDFORGE,,2006-06-12,2011-06-21,1245,356,1600,0,AHMEDFORGE|NOISIN|2,UNKNOWN_NO_ISIN,AHMEDFORGE|INE425A01011|1
AHMEDFORGE,INE425A01011,2011-06-22,2015-05-29,968,1601,2568,0,AHMEDFORGE|INE425A01011|1,EQUITY,AHMEDFORGE|INE425A01011|1
AIAENG,,2005-12-14,2011-06-21,1365,236,1600,0,AIAENG|NOISIN|1,UNKNOWN_NO_ISIN,AIAENG|INE212H01026|1
AIAENG,INE212H01026,2011-06-22,2026-09-30,3768,1601,5368,0,AIAENG|INE212H01026|1,EQUITY,AIAENG|INE212H01026|1
AICHAMP,,2007-02-14,2007-08-30,136,525,660,0,AICHAMP|NOISIN|1,UNKNOWN_NO_ISIN,AICHAMP|NOISIN|1
AICHAMP,,2007-12-03,2007-12-28,18,726,743,0,AICHAMP|NOISIN|2,UNKNOWN_NO_ISIN,AICHAMP|NOISIN|2
AICHAMP,,2008-02-29,2008-09-05,105,788,914,2,AICHAMP|NOISIN|3,UNKNOWN_NO_ISIN,AICHAMP|NOISIN|3
AICHAMP,,2008-12-01,2009-06-11,97,970,1095,4,AICHAMP|NOISIN|4,UNKNOWN_NO_ISIN,AICHAMP|NOISIN|4
AICHAMP,,2009-08-24,2010-02-18,105,1147,1264,1,AICHAMP|NOISIN|5,UNKNOWN_NO_ISIN,AICHAMP|NOISIN|5
AICHAMP,,2010-06-11,2010-11-22,110,1341,1455,1,AICHAMP|NOISIN|6,UNKNOWN_NO_ISIN,AICHAMP|NOISIN|6
AIFL,INE428O01016,2015-12-02,2019-02-21,799,2695,3493,0,AIFL|INE428O01016|1,EQUITY,AIFL|INE428O01016|1
AIIL,INE206F01022,2024-04-23,2026-09-30,604,4765,5368,0,AIIL|INE206F01022|1,EQUITY,AIIL|INE206F01022|1
AIL,INE878A01011,2012-07-11,2016-09-12,1026,1862,2887,0,AIL|INE878A01011|1,EQUITY,AIL|INE878A01011|1
AIONJSW,INE743C01021,2018-11-01,2020-10-09,449,3416,3893,29,AIONJSW|INE743C01021|1,EQUITY,AIONJSW|INE743C01021|1
AIRAN,INE645W01026,2019-05-03,2026-09-30,1526,3538,5368,70,AIRAN|INE645W01026|1,EQUITY,AIRAN|INE645W01026|1
AIRDECCAN,,2006-06-12,2008-10-03,578,356,933,0,AIRDECCAN|NOISIN|1,UNKNOWN_NO_ISIN,AIRDECCAN|NOISIN|1
AIROLAM,INE801L01010,2021-10-13,2026-09-30,1156,4143,5368,70,AIROLAM|INE801L01010|1,EQUITY,AIROLAM|INE801L01010|1
AJANTPHARM,,2005-01-03,2009-06-11,1096,0,1095,0,AJANTPHARM|NOISIN|1,UNKNOWN_NO_ISIN,AJANTPHARM|NOISIN|1
AJANTPHARM,,2009-08-21,2011-06-21,455,1146,1600,0,AJANTPHARM|NOISIN|2,UNKNOWN_NO_ISIN,AJANTPHARM|INE031B01015|1
AJANTPHARM,INE031B01015,2011-06-22,2012-08-09,283,1601,1883,0,AJANTPHARM|INE031B01015|1,EQUITY,AJANTPHARM|INE031B01015|1
AJANTPHARM,INE031B01031,2012-08-10,2015-03-20,639,1884,2522,0,AJANTPHARM|INE031B01031|1,EQUITY,AJANTPHARM|INE031B01015|1
AJANTPHARM,INE031B01049,2015-03-23,2026-09-30,2846,2523,5368,0,AJANTPHARM|INE031B01049|1,EQUITY,AJANTPHARM|INE031B01015|1
AJAXENGG,INE274Y01021,2025-02-17,2026-09-30,399,4970,5368,0,AJAXENGG|INE274Y01021|1,EQUITY,AJAXENGG|INE274Y01021|1
AJMERA,,2009-06-23,2011-06-21,498,1103,1600,0,AJMERA|NOISIN|1,UNKNOWN_NO_ISIN,AJMERA|INE298G01027|1
AJMERA,INE298G01027,2011-06-22,2026-01-13,3429,1601,5193,64,AJMERA|INE298G01027|1,EQUITY,AJMERA|INE298G01027|1
AJMERA,INE298G01035,2026-01-14,2026-09-30,175,5194,5368,0,AJMERA|INE298G01035|1,EQUITY,AJMERA|INE298G01027|1
AJOONI,INE820Y01013,2021-05-07,2022-10-06,310,4034,4386,43,AJOONI|INE820Y01013|1,EQUITY,AJOONI|INE820Y01013|1
AJOONI,INE820Y01021,2022-10-07,2026-09-30,787,4387,5368,66,AJOONI|INE820Y01021|1,EQUITY,AJOONI|INE820Y01013|1
AJRINFRA,INE181G01025,2021-10-12,2023-01-20,220,4142,4460,57,AJRINFRA|INE181G01025|1,EQUITY,AJRINFRA|INE181G01025|1
AKASH,INE737W01013,2019-10-11,2026-09-30,1313,3646,5368,204,AKASH|INE737W01013|1,EQUITY,AKASH|INE737W01013|1
AKCAPIT,INE701G01012,2026-04-20,2026-09-30,114,5255,5368,0,AKCAPIT|INE701G01012|1,EQUITY,AKCAPIT|INE701G01012|1
AKG,INE00Y801016,2021-02-16,2026-09-30,1265,3981,5368,66,AKG|INE00Y801016|1,EQUITY,AKG|INE00Y801016|1
AKI,INE642Z01018,2023-04-06,2023-05-22,30,4510,4539,0,AKI|INE642Z01018|1,EQUITY,AKI|INE642Z01018|1
AKI,INE642Z01026,2024-04-23,2026-09-08,400,4765,5353,125,AKI|INE642Z01026|1,EQUITY,AKI|INE642Z01026|1
AKRUTI,,2007-02-07,2009-03-26,527,520,1046,0,AKRUTI|NOISIN|1,UNKNOWN_NO_ISIN,AKRUTI|NOISIN|1
AKRUTI,,2009-06-12,2009-06-29,12,1096,1107,0,AKRUTI|NOISIN|2,UNKNOWN_NO_ISIN,ACKRUTI|INE703H01016|1
AKSHAR,INE256Z01017,2022-05-23,2023-06-07,147,4292,4551,113,AKSHAR|INE256Z01017|1,EQUITY,AKSHAR|INE256Z01017|1
AKSHAR,INE256Z01025,2023-10-09,2026-09-30,368,4635,5368,192,AKSHAR|INE256Z01025|1,EQUITY,AKSHAR|INE256Z01025|1
AKSHARCHEM,INE542B01011,2017-03-28,2026-07-01,2257,3020,5304,28,AKSHARCHEM|INE542B01011|1,EQUITY,AKSHARCHEM|INE542B01011|1
AKSHOPTFBR,,2005-01-03,2005-01-20,14,0,13,0,AKSHOPTFBR|NOISIN|1,UNKNOWN_NO_ISIN,AKSHOPTFBR|NOISIN|1
AKSHOPTFBR,,2005-04-08,2007-09-20,610,66,675,0,AKSHOPTFBR|NOISIN|2,UNKNOWN_NO_ISIN,AKSHOPTFBR|NOISIN|2
AKSHOPTFBR,,2007-12-03,2008-04-21,94,726,819,0,AKSHOPTFBR|NOISIN|3,UNKNOWN_NO_ISIN,AKSHOPTFBR|NOISIN|3
AKSHOPTFBR,,2008-06-13,2009-05-04,212,856,1067,0,AKSHOPTFBR|NOISIN|4,UNKNOWN_NO_ISIN,AKSHOPTFBR|NOISIN|4
AKSHOPTFBR,,2009-06-12,2009-10-05,79,1096,1174,0,AKSHOPTFBR|NOISIN|5,UNKNOWN_NO_ISIN,AKSHOPTFBR|NOISIN|5
AKSHOPTFBR,,2009-11-20,2011-04-18,351,1205,1555,0,AKSHOPTFBR|NOISIN|6,UNKNOWN_NO_ISIN,AKSHOPTFBR|NOISIN|6
AKSHOPTFBR,,2011-06-17,2011-06-21,3,1598,1600,0,AKSHOPTFBR|NOISIN|7,UNKNOWN_NO_ISIN,AKSHOPTFBR|INE523B01011|1
AKSHOPTFBR,INE523B01011,2011-06-22,2026-04-16,3045,1601,5253,117,AKSHOPTFBR|INE523B01011|1,EQUITY,AKSHOPTFBR|INE523B01011|1
AKUMS,INE09XN01023,2024-08-06,2026-09-30,533,4836,5368,0,AKUMS|INE09XN01023|1,EQUITY,AKUMS|INE09XN01023|1
AKZOINDIA,,2010-05-27,2011-06-21,271,1330,1600,0,AKZOINDIA|NOISIN|1,UNKNOWN_NO_ISIN,AKZOINDIA|INE133A01011|1
AKZOINDIA,INE133A01011,2011-06-22,2026-04-13,3651,1601,5251,0,AKZOINDIA|INE133A01011|1,EQUITY,AKZOINDIA|INE133A01011|1
ALANKIT,INE914E01024,2015-06-30,2015-09-23,61,2590,2650,0,ALANKIT|INE914E01024|1,EQUITY,ALANKIT|INE914E01024|1
ALANKIT,INE914E01032,2015-09-24,2016-12-15,300,2651,2950,0,ALANKIT|INE914E01032|1,EQUITY,ALANKIT|INE914E01024|1
ALANKIT,INE914E01040,2016-12-16,2026-09-30,2252,2951,5368,91,ALANKIT|INE914E01040|1,EQUITY,ALANKIT|INE914E01040|1
ALBERTDAVD,INE155C01010,2016-06-14,2026-09-30,2411,2826,5368,68,ALBERTDAVD|INE155C01010|1,EQUITY,ALBERTDAVD|INE155C01010|1
ALBK,,2005-01-03,2011-06-21,1601,0,1600,0,ALBK|NOISIN|1,UNKNOWN_NO_ISIN,ALBK|INE428A01015|1
ALBK,INE428A01015,2011-06-22,2020-03-19,2154,1601,3754,0,ALBK|INE428A01015|1,EQUITY,ALBK|INE428A01015|1
ALCHEM,,2007-07-31,2011-06-21,961,639,1600,1,ALCHEM|NOISIN|1,UNKNOWN_NO_ISIN,ALCHEM|INE964B01033|1
ALCHEM,INE964B01033,2011-06-22,2020-12-16,1707,1601,3939,632,ALCHEM|INE964B01033|1,EQUITY,ALCHEM|INE964B01033|1
ALCHEMIST,,2007-01-22,2007-07-04,111,510,620,0,ALCHEMIST|NOISIN|1,UNKNOWN_NO_ISIN,ALCHEMIST|NOISIN|1
ALEMBICLTD,,2005-01-03,2011-06-21,1590,0,1600,10,ALEMBICLTD|NOISIN|1,UNKNOWN_NO_ISIN,ALEMBICLTD|INE426A01027|1
ALEMBICLTD,INE426A01027,2011-06-22,2026-09-30,3758,1601,5368,10,ALEMBICLTD|INE426A01027|1,EQUITY,ALEMBICLTD|INE426A01027|1
ALFALAVAL,,2005-01-03,2011-06-21,1599,0,1600,1,ALFALAVAL|NOISIN|1,UNKNOWN_NO_ISIN,ALFALAVAL|INE427A01017|1
ALFALAVAL,INE427A01017,2011-06-22,2012-04-11,198,1601,1798,0,ALFALAVAL|INE427A01017|1,EQUITY,ALFALAVAL|INE427A01017|1
ALFREDHE,INE782D01027,2026-08-17,2026-09-29,29,5337,5367,1,ALFREDHE|INE782D01027|1,EQUITY,ALFREDHE|INE782D01027|1
ALGOQUANT,INE598D01035,2026-01-06,2026-09-30,181,5188,5368,0,ALGOQUANT|INE598D01035|1,EQUITY,ALGOQUANT|INE598D01035|1
ALICON,INE062D01024,2011-11-23,2026-09-30,3508,1704,5368,26,ALICON|INE062D01024|1,EQUITY,ALICON|INE062D01024|1
ALIVUS,INE03Q201024,2025-01-20,2026-09-30,419,4950,5368,0,ALIVUS|INE03Q201024|1,EQUITY,ALIVUS|INE03Q201024|1
ALKALI,,2008-11-06,2011-06-21,645,955,1600,1,ALKALI|NOISIN|1,UNKNOWN_NO_ISIN,ALKALI|INE773I01017|1
ALKALI,INE773I01017,2011-06-22,2026-09-24,3483,1601,5364,68,ALKALI|INE773I01017|1,EQUITY,ALKALI|INE773I01017|1
ALKEM,INE540L01014,2015-12-23,2026-09-30,2659,2710,5368,0,ALKEM|INE540L01014|1,EQUITY,ALKEM|INE540L01014|1
ALKYLAMINE,,2007-11-26,2011-06-20,786,721,1599,5,ALKYLAMINE|NOISIN|1,UNKNOWN_NO_ISIN,ALKYLAMINE|NOISIN|1
ALKYLAMINE,INE150B01013,2011-06-22,2014-09-08,725,1601,2394,6,ALKYLAMINE|INE150B01013|1,EQUITY,ALKYLAMINE|INE150B01013|1
ALKYLAMINE,INE150B01021,2014-09-09,2021-05-11,1642,2395,4036,0,ALKYLAMINE|INE150B01021|1,EQUITY,ALKYLAMINE|INE150B01013|1
ALKYLAMINE,INE150B01039,2021-05-12,2026-09-30,1332,4037,5368,0,ALKYLAMINE|INE150B01039|1,EQUITY,ALKYLAMINE|INE150B01013|1
ALLCARGO,,2006-06-23,2011-06-21,1235,365,1600,1,ALLCARGO|NOISIN|1,UNKNOWN_NO_ISIN,ALLCARGO|INE418H01029|1
ALLCARGO,INE418H01029,2011-06-22,2026-09-30,3748,1601,5368,10,ALLCARGO|INE418H01029|1,EQUITY,ALLCARGO|INE418H01029|1
ALLDIGI,INE835G01018,2024-09-27,2026-09-30,496,4873,5368,0,ALLDIGI|INE835G01018|1,EQUITY,ALLDIGI|INE835G01018|1
ALLSEC,,2005-05-09,2009-02-19,939,86,1024,0,ALLSEC|NOISIN|1,UNKNOWN_NO_ISIN,ALLSEC|NOISIN|1
ALLSEC,,2009-11-20,2010-04-16,79,1205,1301,18,ALLSEC|NOISIN|2,UNKNOWN_NO_ISIN,ALLSEC|NOISIN|2
ALLSEC,,2010-06-11,2011-06-21,260,1341,1600,0,ALLSEC|NOISIN|3,UNKNOWN_NO_ISIN,ALLDIGI|INE835G01018|1
ALLSEC,INE835G01018,2011-06-22,2024-09-26,2907,1601,4872,77,ALLSEC|INE835G01018|1,EQUITY,ALLDIGI|INE835G01018|1
ALLTIME,INE0GV601021,2025-08-14,2026-09-30,278,5091,5368,0,ALLTIME|INE0GV601021|1,EQUITY,ALLTIME|INE0GV601021|1
ALMONDZ,,2008-06-16,2009-06-11,217,857,1095,4,ALMONDZ|NOISIN|1,UNKNOWN_NO_ISIN,ALMONDZ|NOISIN|1
ALMONDZ,,2009-08-21,2011-06-21,453,1146,1600,1,ALMONDZ|NOISIN|2,UNKNOWN_NO_ISIN,ALMONDZ|INE326B01027|1
ALMONDZ,INE326B01027,2011-06-22,2024-07-22,2733,1601,4825,88,ALMONDZ|INE326B01027|1,EQUITY,ALMONDZ|INE326B01027|1
ALMONDZ,INE326B01035,2024-07-23,2026-09-25,417,4826,5365,123,ALMONDZ|INE326B01035|1,EQUITY,ALMONDZ|INE326B01027|1
ALOKINDS,INE270A01029,2020-03-05,2026-09-30,1377,3745,5368,193,ALOKINDS|INE270A01029|1,EQUITY,ALOKINDS|INE270A01029|1
ALOKTEXT,,2005-01-03,2011-06-21,1601,0,1600,0,ALOKTEXT|NOISIN|1,UNKNOWN_NO_ISIN,ALOKTEXT|INE270A01011|1
ALOKTEXT,INE270A01011,2011-06-22,2019-12-09,1882,1601,3684,88,ALOKTEXT|INE270A01011|1,EQUITY,ALOKTEXT|INE270A01011|1
ALPA,,2007-08-06,2009-08-20,502,643,1145,1,ALPA|NOISIN|1,UNKNOWN_NO_ISIN,ALPA|NOISIN|1
ALPA,,2009-11-20,2010-04-16,97,1205,1301,0,ALPA|NOISIN|2,UNKNOWN_NO_ISIN,ALPA|NOISIN|2
ALPA,,2010-06-11,2011-06-21,259,1341,1600,1,ALPA|NOISIN|3,UNKNOWN_NO_ISIN,ALPA|INE385I01010|1
ALPA,INE385I01010,2011-06-22,2026-09-30,2528,1601,5368,981,ALPA|INE385I01010|1,EQUITY,ALPA|INE385I01010|1
ALPHA,INF174KA1IA5,2024-03-20,2026-09-30,624,4745,5368,0,ALPHA|INF174KA1IA5|1,FUND_UNIT,ALPHA|INF174KA1IA5|1
ALPHAETF,INF769K01KU7,2023-10-27,2026-09-30,721,4648,5368,0,ALPHAETF|INF769K01KU7|1,FUND_UNIT,ALPHAETF|INF769K01KU7|1
ALPHAGEO,,2007-05-11,2007-06-14,25,582,606,0,ALPHAGEO|NOISIN|1,UNKNOWN_NO_ISIN,ALPHAGEO|NOISIN|1
ALPHAGEO,,2007-08-31,2009-09-03,494,661,1155,1,ALPHAGEO|NOISIN|2,UNKNOWN_NO_ISIN,ALPHAGEO|NOISIN|2
ALPHAGEO,,2009-11-20,2011-06-21,396,1205,1600,0,ALPHAGEO|NOISIN|3,UNKNOWN_NO_ISIN,ALPHAGEO|INE137C01018|1
ALPHAGEO,INE137C01018,2011-06-22,2026-08-19,3264,1601,5339,119,ALPHAGEO|INE137C01018|1,EQUITY,ALPHAGEO|INE137C01018|1
ALPINEHOU,INE840D01015,2011-12-30,2014-01-10,200,1730,2233,91,ALPINEHOU|INE840D01015|1,EQUITY,ALPINEHOU|INE840D01015|1
ALPINETEX,INE1JCQ01037,2026-08-04,2026-09-30,41,5328,5368,0,ALPINETEX|INE1JCQ01037|1,EQUITY,ALPINETEX|INE1JCQ01037|1
ALPL30IETF,INF109KC17V7,2024-05-10,2026-09-30,592,4777,5368,0,ALPL30IETF|INF109KC17V7|1,FUND_UNIT,ALPL30IETF|INF109KC17V7|1
ALPL30IETF,INF109KC1N59,2023-12-20,2024-05-09,93,4684,4776,0,ALPL30IETF|INF109KC1N59|1,FUND_UNIT,ALPL30IETF|INF109KC1N59|1
ALPSINDUS,,2005-01-03,2009-04-17,1059,0,1058,0,ALPSINDUS|NOISIN|1,UNKNOWN_NO_ISIN,ALPSINDUS|NOISIN|1
ALPSINDUS,,2009-08-21,2011-04-18,410,1146,1555,0,ALPSINDUS|NOISIN|2,UNKNOWN_NO_ISIN,ALPSINDUS|NOISIN|2
ALPSINDUS,,2011-06-17,2011-06-21,3,1598,1600,0,ALPSINDUS|NOISIN|3,UNKNOWN_NO_ISIN,ALPSINDUS|INE093B01015|1
ALPSINDUS,INE093B01015,2011-06-22,2025-12-15,1848,1601,5173,484,ALPSINDUS|INE093B01015|1,EQUITY,ALPSINDUS|INE093B01015|1
ALSTOMT&D,INE200A01026,2012-03-12,2016-09-12,1110,1778,2887,0,ALSTOMT&D|INE200A01026|1,EQUITY,ALSTOMT&D|INE200A01026|1
ALUFLUOR,INE058F01019,2026-08-17,2026-09-30,32,5337,5368,0,ALUFLUOR|INE058F01019|1,EQUITY,ALUFLUOR|INE058F01019|1
AMAGI,INE121R01077,2026-01-21,2026-09-30,171,5198,5368,0,AMAGI|INE121R01077|1,EQUITY,AMAGI|INE121R01077|1
AMAL,INE841D01013,2026-08-17,2026-09-30,32,5337,5368,0,AMAL|INE841D01013|1,EQUITY,AMAL|INE841D01013|1
AMANTA,INE084K01015,2025-09-23,2026-06-16,178,5117,5294,0,AMANTA|INE084K01015|1,EQUITY,AMANTA|INE084K01015|1
AMAR,,2005-09-16,2011-06-21,1423,177,1600,1,AMAR|NOISIN|1,UNKNOWN_NO_ISIN,AMAR|INE787G01011|1
AMAR,INE787G01011,2011-06-22,2013-08-01,525,1601,2125,0,AMAR|INE787G01011|1,EQUITY,AMAR|INE787G01011|1
AMARAJABAT,,2005-04-08,2005-06-30,59,66,124,0,AMARAJABAT|NOISIN|1,UNKNOWN_NO_ISIN,AMARAJABAT|NOISIN|1
AMARAJABAT,,2005-11-25,2011-06-21,1378,223,1600,0,AMARAJABAT|NOISIN|2,UNKNOWN_NO_ISIN,AMARAJABAT|INE885A01024|1
AMARAJABAT,INE885A01024,2011-06-22,2012-09-25,313,1601,1913,0,AMARAJABAT|INE885A01024|1,EQUITY,AMARAJABAT|INE885A01024|1
AMARAJABAT,INE885A01032,2012-09-26,2023-10-26,2734,1914,4647,0,AMARAJABAT|INE885A01032|1,EQUITY,AMARAJABAT|INE885A01024|1
AMARJOTHI,,2010-01-08,2011-06-21,363,1237,1600,1,AMARJOTHI|NOISIN|1,UNKNOWN_NO_ISIN,AMARJOTHI|INE484D01012|1
AMARJOTHI,INE484D01012,2011-06-22,2026-09-30,758,1601,5368,2848,AMARJOTHI|INE484D01012|1,EQUITY,AMARJOTHI|INE484D01012|1
AMBALALSA,INE432A01017,2026-04-20,2026-08-20,86,5255,5340,0,AMBALALSA|INE432A01017|1,EQUITY,AMBALALSA|INE432A01017|1
AMBER,INE371P01015,2018-01-30,2026-09-30,2139,3230,5368,0,AMBER|INE371P01015|1,EQUITY,AMBER|INE371P01015|1
AMBICAAGAR,,2005-01-03,2009-06-11,1095,0,1095,1,AMBICAAGAR|NOISIN|1,UNKNOWN_NO_ISIN,AMBICAAGAR|NOISIN|1
AMBICAAGAR,,2009-08-21,2009-09-08,13,1146,1158,0,AMBICAAGAR|NOISIN|2,UNKNOWN_NO_ISIN,AMBICAAGAR|NOISIN|2
AMBICAAGAR,,2010-03-10,2010-09-02,124,1277,1400,0,AMBICAAGAR|NOISIN|3,UNKNOWN_NO_ISIN,AMBICAAGAR|NOISIN|3
AMBICAAGAR,INE792B01012,2021-04-29,2026-09-30,1160,4028,5368,117,AMBICAAGAR|INE792B01012|1,EQUITY,AMBICAAGAR|INE792B01012|1
AMBIKCO,,2008-01-29,2011-06-21,800,765,1600,2,AMBIKCO|NOISIN|1,UNKNOWN_NO_ISIN,AMBIKCO|INE540G01014|1
AMBIKCO,INE540G01014,2011-06-22,2026-09-30,3731,1601,5368,5,AMBIKCO|INE540G01014|1,EQUITY,AMBIKCO|INE540G01014|1
AMBUJACEM,,2007-07-24,2011-06-21,967,634,1600,0,AMBUJACEM|NOISIN|1,UNKNOWN_NO_ISIN,AMBUJACEM|INE079A01024|1
AMBUJACEM,INE079A01024,2011-06-22,2026-09-30,3768,1601,5368,0,AMBUJACEM|INE079A01024|1,EQUITY,AMBUJACEM|INE079A01024|1
AMDIND,,2008-02-25,2011-06-21,816,784,1600,1,AMDIND|NOISIN|1,UNKNOWN_NO_ISIN,AMDIND|INE005I01014|1
AMDIND,INE005I01014,2011-06-22,2026-09-17,3428,1601,5359,65,AMDIND|INE005I01014|1,EQUITY,AMDIND|INE005I01014|1
AMDMET,,2007-03-19,2008-02-22,237,547,783,0,AMDMET|NOISIN|1,UNKNOWN_NO_ISIN,AMDIND|INE005I01014|1
AMIORG,INE00FF01017,2021-09-14,2025-04-24,891,4122,5012,0,AMIORG|INE00FF01017|1,EQUITY,ACUTAAS|INE00FF01025|1
AMIORG,INE00FF01025,2025-04-25,2025-05-30,25,5013,5037,0,AMIORG|INE00FF01025|1,EQUITY,ACUTAAS|INE00FF01025|1
AMIRCHAND,INE05TO01019,2026-04-02,2026-07-17,72,5245,5316,0,AMIRCHAND|INE05TO01019|1,EQUITY,AEROPLANE|INE05TO01019|1
AMITSPIN,,2005-01-03,2005-03-03,42,0,41,0,AMITSPIN|NOISIN|1,UNKNOWN_NO_ISIN,AMITSPIN|NOISIN|1
AMITSPIN,,2005-04-08,2005-05-12,24,66,89,0,AMITSPIN|NOISIN|2,UNKNOWN_NO_ISIN,AMITSPIN|NOISIN|2
AMJLAND,INE606A01024,2018-01-19,2026-09-30,2080,3224,5368,65,AMJLAND|INE606A01024|1,EQUITY,AMJLAND|INE606A01024|1
AML,,2007-03-19,2008-06-25,318,547,864,0,AML|NOISIN|1,UNKNOWN_NO_ISIN,ABHISHEK|NOISIN|1
AMLSTEEL,,2010-01-08,2010-02-18,28,1237,1264,0,AMLSTEEL|NOISIN|1,UNKNOWN_NO_ISIN,AMLSTEEL|NOISIN|1
AMLSTEEL,,2010-06-11,2011-06-21,255,1341,1600,2,AMLSTEEL|NOISIN|2,UNKNOWN_NO_ISIN,AMLSTEEL|INE577F01018|1
AMLSTEEL,INE577F01018,2011-06-22,2014-11-12,433,1601,2434,103,AMLSTEEL|INE577F01018|1,EQUITY,AMLSTEEL|INE577F01018|1
AMNPLST,INE275D01022,2023-11-10,2026-09-30,711,4658,5368,0,AMNPLST|INE275D01022|1,EQUITY,AMNPLST|INE275D01022|1
AMRUTANJAN,,2009-11-05,2011-06-21,407,1194,1600,0,AMRUTANJAN|NOISIN|1,UNKNOWN_NO_ISIN,AMRUTANJAN|INE098F01015|1
AMRUTANJAN,INE098F01015,2011-06-22,2012-10-26,334,1601,1934,0,AMRUTANJAN|INE098F01015|1,EQUITY,AMRUTANJAN|INE098F01015|1
AMRUTANJAN,INE098F01023,2012-10-29,2018-04-13,1311,1935,3279,34,AMRUTANJAN|INE098F01023|1,EQUITY,AMRUTANJAN|INE098F01015|1
AMRUTANJAN,INE098F01031,2018-04-16,2026-09-30,2089,3280,5368,0,AMRUTANJAN|INE098F01031|1,EQUITY,AMRUTANJAN|INE098F01015|1
AMTEKAUTO,,2005-01-03,2011-06-21,1601,0,1600,0,AMTEKAUTO|NOISIN|1,UNKNOWN_NO_ISIN,AMTEKAUTO|INE130C01021|1
AMTEKAUTO,INE130C01021,2011-06-22,2018-03-28,1610,1601,3269,59,AMTEKAUTO|INE130C01021|1,EQUITY,AMTEKAUTO|INE130C01021|1
AMTEKINDIA,,2005-06-27,2011-06-21,1480,121,1600,0,AMTEKINDIA|NOISIN|1,UNKNOWN_NO_ISIN,AMTEKINDIA|INE068D01021|1
AMTEKINDIA,INE068D01021,2011-06-22,2015-06-08,948,1601,2574,26,AMTEKINDIA|INE068D01021|1,EQUITY,AMTEKINDIA|INE068D01021|1
AMTL,INE436N01029,2012-08-23,2017-04-21,987,1891,3036,23,AMTL|INE436N01029|1,EQUITY,AMTL|INE436N01029|1
AMTREXAPPL,,2005-01-03,2005-07-29,145,0,144,0,AMTREXAPPL|NOISIN|1,UNKNOWN_NO_ISIN,AMTREXAPPL|NOISIN|1
AMTREXAPPL,,2005-11-25,2006-04-03,88,223,310,0,AMTREXAPPL|NOISIN|2,UNKNOWN_NO_ISIN,AMTREXAPPL|NOISIN|2
ANANDAMRUB,INE618N01014,2015-12-15,2017-06-05,170,2704,3066,36,ANANDAMRUB|INE618N01014|1,EQUITY,ANANDAMRUB|INE618N01014|1
ANANDRATHI,INE463V01026,2021-12-14,2026-09-30,1185,4184,5368,0,ANANDRATHI|INE463V01026|1,EQUITY,ANANDRATHI|INE463V01026|1
ANANTRAJ,,2006-09-27,2011-06-21,1168,432,1600,1,ANANTRAJ|NOISIN|1,UNKNOWN_NO_ISIN,ANANTRAJ|INE242C01024|1
ANANTRAJ,INE242C01024,2011-06-22,2026-09-30,3662,1601,5368,65,ANANTRAJ|INE242C01024|1,EQUITY,ANANTRAJ|INE242C01024|1
ANDHRABANK,,2005-01-03,2011-06-21,1601,0,1600,0,ANDHRABANK|NOISIN|1,UNKNOWN_NO_ISIN,ANDHRABANK|INE434A01013|1
ANDHRABANK,INE434A01013,2011-06-22,2020-03-19,2154,1601,3754,0,ANDHRABANK|INE434A01013|1,EQUITY,ANDHRABANK|INE434A01013|1
ANDHRACEMT,,2010-11-08,2011-06-21,155,1446,1600,0,ANDHRACEMT|NOISIN|1,UNKNOWN_NO_ISIN,ANDHRACEMT|INE666E01012|1
ANDHRACEMT,INE666E01012,2011-06-22,2023-03-02,2128,1601,4488,193,ANDHRACEMT|INE666E01012|1,EQUITY,ANDHRACEMT|INE666E01012|1
ANDHRAPAP,INE435A01028,2020-03-05,2024-09-10,1116,3745,4860,0,ANDHRAPAP|INE435A01028|1,EQUITY,ANDHRAPAP|INE435A01028|1
ANDHRAPAP,INE435A01051,2024-09-11,2026-09-30,508,4861,5368,0,ANDHRAPAP|INE435A01051|1,EQUITY,ANDHRAPAP|INE435A01028|1
ANDHRSUGAR,,2005-01-03,2011-06-21,1600,0,1600,1,ANDHRSUGAR|NOISIN|1,UNKNOWN_NO_ISIN,ANDHRSUGAR|INE715B01013|1
ANDHRSUGAR,INE715B01013,2011-06-22,2021-12-30,2596,1601,4196,0,ANDHRSUGAR|INE715B01013|1,EQUITY,ANDHRSUGAR|INE715B01013|1
ANDHRSUGAR,INE715B01021,2021-12-31,2026-09-30,1172,4197,5368,0,ANDHRSUGAR|INE715B01021|1,EQUITY,ANDHRSUGAR|INE715B01013|1
ANDPAPER,INE435A01028,2020-01-22,2020-03-04,30,3715,3744,0,ANDPAPER|INE435A01028|1,EQUITY,ANDHRAPAP|INE435A01028|1
ANDREWYU,INE449C01025,2021-08-05,2026-09-30,583,4096,5368,690,ANDREWYU|INE449C01025|1,EQUITY,ANDREWYU|INE449C01025|1
ANGAUTO,,2007-02-12,2009-09-17,641,523,1165,1,ANGAUTO|NOISIN|1,UNKNOWN_NO_ISIN,ANGAUTO|NOISIN|1
ANGAUTO,,2009-11-20,2010-06-15,139,1205,1343,0,ANGAUTO|NOISIN|2,UNKNOWN_NO_ISIN,ANGAUTO|NOISIN|2
ANGELBRKG,INE732I01013,2020-10-05,2021-11-10,273,3889,4161,0,ANGELBRKG|INE732I01013|1,EQUITY,ANGELBRKG|INE732I01013|1
ANGELONE,INE732I01013,2021-11-11,2026-02-25,1061,4162,5222,0,ANGELONE|INE732I01013|1,EQUITY,ANGELBRKG|INE732I01013|1
ANGELONE,INE732I01021,2026-02-26,2026-09-30,146,5223,5368,0,ANGELONE|INE732I01021|1,EQUITY,ANGELBRKG|INE732I01013|1
ANGIND,,2010-06-16,2011-04-18,212,1344,1555,0,ANGIND|NOISIN|1,UNKNOWN_NO_ISIN,ANGAUTO|NOISIN|2
ANGIND,,2011-06-17,2011-06-21,3,1598,1600,0,ANGIND|NOISIN|2,UNKNOWN_NO_ISIN,ANGIND|INE017D01010|1
ANGIND,INE017D01010,2011-06-22,2018-03-16,1192,1601,3261,295,ANGIND|INE017D01010|1,EQUITY,ANGIND|INE017D01010|1
ANIKINDS,,2008-05-21,2011-06-21,727,839,1600,4,ANIKINDS|NOISIN|1,UNKNOWN_NO_ISIN,ANIKINDS|INE087B01017|1
ANIKINDS,INE087B01017,2011-06-22,2026-09-30,2258,1601,5368,977,ANIKINDS|INE087B01017|1,EQUITY,ANIKINDS|INE087B01017|1
ANKITMETAL,INE106I01010,2013-03-14,2024-05-07,1538,2030,4774,633,ANKITMETAL|INE106I01010|1,EQUITY,ANKITMETAL|INE106I01010|1
ANKURDRUGS,,2007-05-22,2011-06-21,1012,589,1600,0,ANKURDRUGS|NOISIN|1,UNKNOWN_NO_ISIN,ANKURDRUGS|INE238D01012|1
ANKURDRUGS,INE238D01012,2011-06-22,2013-08-22,417,1601,2138,51,ANKURDRUGS|INE238D01012|1,EQUITY,ANKURDRUGS|INE238D01012|1
ANMOL,INE02AR01019,2021-06-04,2026-09-16,1156,4053,5358,87,ANMOL|INE02AR01019|1,EQUITY,ANMOL|INE02AR01019|1
ANNAPURNA,INE0MGM01017,2026-08-12,2026-09-30,35,5334,5368,0,ANNAPURNA|INE0MGM01017|1,EQUITY,ANNAPURNA|INE0MGM01017|1
ANNU,INE103001017,2026-09-17,2026-09-30,10,5359,5368,0,ANNU|INE103001017|1,EQUITY,ANNU|INE103001017|1
ANSALAPI,,2010-05-14,2011-06-21,280,1321,1600,0,ANSALAPI|NOISIN|1,UNKNOWN_NO_ISIN,ANSALAPI|INE436A01026|1
ANSALAPI,INE436A01026,2011-06-22,2022-09-21,2556,1601,4376,72,ANSALAPI|INE436A01026|1,EQUITY,ANSALAPI|INE436A01026|1
ANSALBU,INE030C01015,2026-08-17,2026-09-30,31,5337,5368,1,ANSALBU|INE030C01015|1,EQUITY,ANSALBU|INE030C01015|1
ANSALHSG,,2006-10-06,2006-11-23,33,438,470,0,ANSALHSG|NOISIN|1,UNKNOWN_NO_ISIN,ANSALHSG|NOISIN|1
ANSALHSG,,2007-03-02,2011-06-21,1065,536,1600,0,ANSALHSG|NOISIN|2,UNKNOWN_NO_ISIN,ANSALHSG|INE880B01015|1
ANSALHSG,INE880B01015,2011-06-22,2022-10-12,2594,1601,4390,72,ANSALHSG|INE880B01015|1,EQUITY,ANSALHSG|INE880B01015|1
ANSALINFRA,,2006-01-27,2010-05-13,1055,266,1320,0,ANSALINFRA|NOISIN|1,UNKNOWN_NO_ISIN,ANSALAPI|INE436A01026|1
ANTELOPUS,INE818A01017,2025-09-22,2026-09-30,253,5116,5368,0,ANTELOPUS|INE818A01017|1,EQUITY,ANTELOPUS|INE818A01017|1
ANTGRAPHIC,,2005-01-03,2005-02-17,32,0,31,0,ANTGRAPHIC|NOISIN|1,UNKNOWN_NO_ISIN,ANTGRAPHIC|NOISIN|1
ANTGRAPHIC,,2005-07-08,2007-01-11,374,130,503,0,ANTGRAPHIC|NOISIN|2,UNKNOWN_NO_ISIN,ANTGRAPHIC|NOISIN|2
ANTGRAPHIC,,2007-03-02,2007-08-23,120,536,655,0,ANTGRAPHIC|NOISIN|3,UNKNOWN_NO_ISIN,ANTGRAPHIC|NOISIN|3
ANTGRAPHIC,,2007-12-03,2007-12-28,18,726,743,0,ANTGRAPHIC|NOISIN|4,UNKNOWN_NO_ISIN,ANTGRAPHIC|NOISIN|4
ANTGRAPHIC,,2008-02-29,2009-06-11,307,788,1095,1,ANTGRAPHIC|NOISIN|5,UNKNOWN_NO_ISIN,ANTGRAPHIC|NOISIN|5
ANTGRAPHIC,,2009-08-21,2011-06-21,455,1146,1600,0,ANTGRAPHIC|NOISIN|6,UNKNOWN_NO_ISIN,ANTGRAPHIC|INE414B01021|1
ANTGRAPHIC,INE414B01021,2011-06-22,2026-09-30,1355,1601,5368,2009,ANTGRAPHIC|INE414B01021|1,EQUITY,ANTGRAPHIC|INE414B01021|1
ANTHEM,INE0CZ201020,2025-07-21,2026-09-30,296,5073,5368,0,ANTHEM|INE0CZ201020|1,EQUITY,ANTHEM|INE0CZ201020|1
ANUHPHR,INE489G01022,2024-12-20,2026-09-30,439,4930,5368,0,ANUHPHR|INE489G01022|1,EQUITY,ANUHPHR|INE489G01022|1
ANUP,INE294Z01018,2019-03-18,2026-09-30,1860,3509,5368,0,ANUP|INE294Z01018|1,EQUITY,ANUP|INE294Z01018|1
ANURAS,INE930P01018,2021-03-24,2026-09-30,1363,4006,5368,0,ANURAS|INE930P01018|1,EQUITY,ANURAS|INE930P01018|1
AONEGOLD,INF1J2R01114,2025-09-10,2026-09-30,261,5108,5368,0,AONEGOLD|INF1J2R01114|1,FUND_UNIT,AONEGOLD|INF1J2R01114|1
AONELIQUID,INF1J2R01056,2025-03-28,2026-09-30,372,4997,5368,0,AONELIQUID|INF1J2R01056|1,FUND_UNIT,AONELIQUID|INF1J2R01056|1
AONENIFTY,INF1J2R01064,2025-05-28,2026-09-30,334,5035,5368,0,AONENIFTY|INF1J2R01064|1,FUND_UNIT,AONENIFTY|INF1J2R01064|1
AONESILVER,INF1J2R01171,2026-03-02,2026-09-30,144,5225,5368,0,AONESILVER|INF1J2R01171|1,FUND_UNIT,AONESILVER|INF1J2R01171|1
AONETMMQ50,INF1J2R01148,2025-11-27,2026-09-30,208,5161,5368,0,AONETMMQ50|INF1J2R01148|1,FUND_UNIT,AONETMMQ50|INF1J2R01148|1
AONETOTAL,INF1J2R01015,2025-03-05,2026-09-30,388,4981,5368,0,AONETOTAL|INF1J2R01015|1,FUND_UNIT,AONETOTAL|INF1J2R01015|1
APARINDS,,2005-01-03,2011-06-21,1600,0,1600,1,APARINDS|NOISIN|1,UNKNOWN_NO_ISIN,APARINDS|INE372A01015|1
APARINDS,INE372A01015,2011-06-22,2026-09-30,3768,1601,5368,0,APARINDS|INE372A01015|1,EQUITY,APARINDS|INE372A01015|1
APCL,INE071F01012,2017-04-10,2026-09-30,2275,3028,5368,66,APCL|INE071F01012|1,EQUITY,APCL|INE071F01012|1
APCOTEXIND,,2006-11-01,2008-06-12,394,454,855,2,APCOTEXIND|NOISIN|1,UNKNOWN_NO_ISIN,APCOTEXIND|NOISIN|1
APCOTEXIND,,2008-08-27,2011-06-21,651,908,1600,3,APCOTEXIND|NOISIN|2,UNKNOWN_NO_ISIN,APCOTEXIND|INE116A01016|1
APCOTEXIND,INE116A01016,2011-06-22,2013-08-14,533,1601,2133,0,APCOTEXIND|INE116A01016|1,EQUITY,APCOTEXIND|INE116A01016|1
APCOTEXIND,INE116A01024,2013-08-16,2019-07-04,1448,2134,3581,0,APCOTEXIND|INE116A01024|1,EQUITY,APCOTEXIND|INE116A01016|1
APCOTEXIND,INE116A01032,2019-07-05,2026-09-30,1787,3582,5368,0,APCOTEXIND|INE116A01032|1,EQUITY,APCOTEXIND|INE116A01016|1
APCOTEXLAT,,2005-01-03,2006-10-31,440,0,453,14,APCOTEXLAT|NOISIN|1,UNKNOWN_NO_ISIN,APCOTEXIND|NOISIN|1
APEX,INE346W01013,2017-09-18,2026-09-30,2231,3138,5368,0,APEX|INE346W01013|1,EQUITY,APEX|INE346W01013|1
APIL,,2005-01-03,2011-06-21,1601,0,1600,0,APIL|NOISIN|1,UNKNOWN_NO_ISIN,AIL|INE878A01011|1
APIL,INE878A01011,2011-06-22,2012-07-10,261,1601,1861,0,APIL|INE878A01011|1,EQUITY,AIL|INE878A01011|1
APLAB,,2010-06-30,2011-06-16,233,1354,1597,1,APLAB|NOISIN|1,UNKNOWN_NO_ISIN,APLAB|NOISIN|1
APLAB,INE273A01015,2011-09-06,2013-08-27,288,1652,2141,49,APLAB|INE273A01015|1,EQUITY,APLAB|INE273A01015|1
APLAPOLLO,INE702C01019,2011-12-14,2020-12-15,2219,1718,3938,1,APLAPOLLO|INE702C01019|1,EQUITY,APLAPOLLO|INE702C01019|1
APLAPOLLO,INE702C01027,2020-12-16,2026-09-30,1430,3939,5368,0,APLAPOLLO|INE702C01027|1,EQUITY,APLAPOLLO|INE702C01019|1
APLLTD,INE901L01018,2011-10-04,2026-09-30,3697,1672,5368,0,APLLTD|INE901L01018|1,EQUITY,APLLTD|INE901L01018|1
APOLLO,INE713T01010,2018-02-06,2023-05-03,1211,3235,4526,50,APOLLO|INE713T01010|1,EQUITY,APOLLO|INE713T01010|1
APOLLO,INE713T01028,2023-05-04,2026-09-30,754,4527,5368,83,APOLLO|INE713T01028|1,EQUITY,APOLLO|INE713T01010|1
APOLLOHOSP,,2005-01-03,2011-06-21,1601,0,1600,0,APOLLOHOSP|NOISIN|1,UNKNOWN_NO_ISIN,APOLLOHOSP|INE437A01024|1
APOLLOHOSP,INE437A01024,2011-06-22,2026-09-30,3768,1601,5368,0,APOLLOHOSP|INE437A01024|1,EQUITY,APOLLOHOSP|INE437A01024|1
APOLLOPIPE,INE126J01016,2019-11-11,2026-09-30,1704,3665,5368,0,APOLLOPIPE|INE126J01016|1,EQUITY,APOLLOPIPE|INE126J01016|1
APOLLOSIND,,2008-02-07,2009-05-04,296,772,1067,0,APOLLOSIND|NOISIN|1,UNKNOWN_NO_ISIN,APOLLOSIND|NOISIN|1
APOLLOSIND,,2009-06-12,2009-07-09,20,1096,1115,0,APOLLOSIND|NOISIN|2,UNKNOWN_NO_ISIN,APOLLOSIND|NOISIN|2
APOLLOSIND,,2009-08-21,2009-09-08,13,1146,1158,0,APOLLOSIND|NOISIN|3,UNKNOWN_NO_ISIN,APOLLOSIND|NOISIN|3
APOLLOTYRE,,2005-01-03,2011-06-21,1601,0,1600,0,APOLLOTYRE|NOISIN|1,UNKNOWN_NO_ISIN,APOLLOTYRE|INE438A01022|1
APOLLOTYRE,INE438A01022,2011-06-22,2026-09-30,3768,1601,5368,0,APOLLOTYRE|INE438A01022|1,EQUITY,APOLLOTYRE|INE438A01022|1
APOLSINHOT,INE451F01016,2016-02-22,2018-10-12,477,2751,3403,119,APOLSINHOT|INE451F01016|1,EQUITY,APOLSINHOT|INE451F01016|1
APOLSINHOT,INE451F01024,2018-10-15,2026-09-30,1826,3404,5368,81,APOLSINHOT|INE451F01024|1,EQUITY,APOLSINHOT|INE451F01016|1
APOORVA,INE217S01014,2026-08-20,2026-09-30,21,5340,5368,4,APOORVA|INE217S01014|1,EQUITY,APOORVA|INE217S01014|1
APPAPER,,2005-01-03,2009-03-19,1031,0,1041,1,APPAPER|NOISIN|1,UNKNOWN_NO_ISIN,APPAPER|NOISIN|1
APPAPER,,2009-08-21,2011-06-21,454,1146,1600,1,APPAPER|NOISIN|2,UNKNOWN_NO_ISIN,ANDHRAPAP|INE435A01028|1
APPAPER,INE435A01028,2011-06-22,2014-01-20,639,1601,2239,0,APPAPER|INE435A01028|1,EQUITY,ANDHRAPAP|INE435A01028|1
APTECHT,,2005-01-03,2011-06-21,1601,0,1600,0,APTECHT|NOISIN|1,UNKNOWN_NO_ISIN,APTECHT|INE266F01018|1
APTECHT,INE266F01018,2011-06-22,2026-09-30,3612,1601,5368,65,APTECHT|INE266F01018|1,EQUITY,APTECHT|INE266F01018|1
APTUS,INE852O01025,2021-08-24,2026-09-30,1261,4108,5368,0,APTUS|INE852O01025|1,EQUITY,APTUS|INE852O01025|1
AQUA,,2010-02-23,2011-06-21,334,1267,1600,0,AQUA|NOISIN|1,UNKNOWN_NO_ISIN,AQUA|INE544K01026|1
AQUA,INE544K01026,2011-06-22,2013-12-09,610,1601,2210,0,AQUA|INE544K01026|1,EQUITY,AQUA|INE544K01026|1
AQYLON,INE416A01044,2026-02-23,2026-03-04,7,5220,5226,0,AQYLON|INE416A01044|1,EQUITY,AQYLON|INE416A01044|1
AQYLON,INE416A01051,2026-03-05,2026-09-30,142,5227,5368,0,AQYLON|INE416A01051|1,EQUITY,AQYLON|INE416A01044|1
ARCHIDPLY,,2008-07-04,2009-06-11,224,871,1095,1,ARCHIDPLY|NOISIN|1,UNKNOWN_NO_ISIN,ARCHIDPLY|NOISIN|1
ARCHIDPLY,,2009-08-21,2011-06-21,455,1146,1600,0,ARCHIDPLY|NOISIN|2,UNKNOWN_NO_ISIN,ARCHIDPLY|INE877I01016|1
ARCHIDPLY,INE877I01016,2011-06-22,2026-09-30,3158,1601,5368,102,ARCHIDPLY|INE877I01016|1,EQUITY,ARCHIDPLY|INE877I01016|1
ARCHIES,,2005-01-03,2009-09-17,1165,0,1165,1,ARCHIES|NOISIN|1,UNKNOWN_NO_ISIN,ARCHIES|NOISIN|1
ARCHIES,,2009-11-20,2011-06-21,396,1205,1600,0,ARCHIES|NOISIN|2,UNKNOWN_NO_ISIN,ARCHIES|INE731A01020|1
ARCHIES,INE731A01020,2011-06-22,2026-09-30,3280,1601,5368,78,ARCHIES|INE731A01020|1,EQUITY,ARCHIES|INE731A01020|1
ARCIL,INE148G01016,2026-09-17,2026-09-30,10,5359,5368,0,ARCIL|INE148G01016|1,EQUITY,ARCIL|INE148G01016|1
ARCL,INE372M01010,2026-08-17,2026-09-30,32,5337,5368,0,ARCL|INE372M01010|1,EQUITY,ARCL|INE372M01010|1
ARCOTECH,INE574I01027,2014-04-16,2017-06-22,783,2297,3079,0,ARCOTECH|INE574I01027|1,EQUITY,ARCOTECH|INE574I01027|1
ARCOTECH,INE574I01035,2017-06-23,2020-12-16,493,3080,3939,118,ARCOTECH|INE574I01035|1,EQUITY,ARCOTECH|INE574I01027|1
ARDEE,INE0XNF01022,2026-08-12,2026-09-30,35,5334,5368,0,ARDEE|INE0XNF01022|1,EQUITY,ARDEE|INE0XNF01022|1
ARE&M,INE885A01032,2023-10-27,2026-09-30,721,4648,5368,0,ARE&M|INE885A01032|1,EQUITY,AMARAJABAT|INE885A01024|1
ARENTERP,INE610C01014,2018-01-12,2026-09-30,1334,3219,5368,105,ARENTERP|INE610C01014|1,EQUITY,ARENTERP|INE610C01014|1
AREVA,,2008-06-30,2008-07-11,10,867,876,0,AREVA|NOISIN|1,UNKNOWN_NO_ISIN,ALSTOMT&D|INE200A01026|1
AREVAT&D,,2008-07-14,2011-06-21,724,877,1600,0,AREVAT&D|NOISIN|1,UNKNOWN_NO_ISIN,ALSTOMT&D|INE200A01026|1
AREVAT&D,INE200A01026,2011-06-22,2012-03-09,177,1601,1777,0,AREVAT&D|INE200A01026|1,EQUITY,ALSTOMT&D|INE200A01026|1
ARFIN,INE784R01023,2025-07-22,2026-09-30,229,5074,5368,66,ARFIN|INE784R01023|1,EQUITY,ARFIN|INE784R01023|1
ARHAMFISCL,,2005-04-08,2005-09-01,102,66,167,0,ARHAMFISCL|NOISIN|1,UNKNOWN_NO_ISIN,ARHAMFISCL|NOISIN|1
ARHAMFISCL,,2006-02-17,2006-04-03,31,280,310,0,ARHAMFISCL|NOISIN|2,UNKNOWN_NO_ISIN,ARHAMFISCL|NOISIN|2
ARIES,,2008-01-11,2009-09-03,402,753,1155,1,ARIES|NOISIN|1,UNKNOWN_NO_ISIN,ARIES|NOISIN|1
ARIES,,2009-11-20,2009-12-10,15,1205,1219,0,ARIES|NOISIN|2,UNKNOWN_NO_ISIN,ARIES|NOISIN|2
ARIES,,2010-02-19,2011-06-21,336,1265,1600,0,ARIES|NOISIN|3,UNKNOWN_NO_ISIN,ARIES|INE298I01015|1
ARIES,INE298I01015,2011-06-22,2026-09-07,3629,1601,5352,64,ARIES|INE298I01015|1,EQUITY,ARIES|INE298I01015|1
ARIHANT,,2006-12-26,2009-08-20,640,492,1145,2,ARIHANT|NOISIN|1,UNKNOWN_NO_ISIN,ARIHANT|NOISIN|1
ARIHANT,,2009-11-20,2010-07-08,138,1205,1360,18,ARIHANT|NOISIN|2,UNKNOWN_NO_ISIN,ARIHANT|NOISIN|2
ARIHANT,,2010-08-20,2011-06-21,206,1391,1600,1,ARIHANT|NOISIN|3,UNKNOWN_NO_ISIN,ARIHANT|INE413D01011|1
ARIHANT,INE413D01011,2011-06-22,2026-09-30,1769,1601,5368,1034,ARIHANT|INE413D01011|1,EQUITY,ARIHANT|INE413D01011|1
ARIHANTCAP,INE420B01028,2021-06-15,2022-04-12,207,4060,4266,0,ARIHANTCAP|INE420B01028|1,EQUITY,ARIHANTCAP|INE420B01028|1
ARIHANTCAP,INE420B01036,2022-04-13,2026-09-30,1102,4267,5368,0,ARIHANTCAP|INE420B01036|1,EQUITY,ARIHANTCAP|INE420B01028|1
ARIHANTSUP,INE643K01018,2017-03-28,2026-09-30,2132,3020,5368,67,ARIHANTSUP|INE643K01018|1,EQUITY,ARIHANTSUP|INE643K01018|1
ARIS,INE0H9P01028,2026-02-09,2026-09-30,159,5210,5368,0,ARIS|INE0H9P01028|1,EQUITY,ARISINFRA|INE0H9P01028|1
ARISINFRA,INE0H9P01028,2025-06-25,2026-02-06,155,5055,5209,0,ARISINFRA|INE0H9P01028|1,EQUITY,ARISINFRA|INE0H9P01028|1
ARKADE,INE0QRL01017,2024-09-24,2026-09-30,499,4870,5368,0,ARKADE|INE0QRL01017|1,EQUITY,ARKADE|INE0QRL01017|1
ARL,,2005-04-08,2005-07-29,79,66,144,0,ARL|NOISIN|1,UNKNOWN_NO_ISIN,ARL|NOISIN|1
ARL,,2006-02-17,2008-01-10,473,280,752,0,ARL|NOISIN|2,UNKNOWN_NO_ISIN,ARL|NOISIN|2
ARL,,2008-02-29,2011-06-21,813,788,1600,0,ARL|NOISIN|3,UNKNOWN_NO_ISIN,ARL|INE211C01029|1
ARL,INE211C01029,2011-06-22,2012-05-11,219,1601,1819,0,ARL|INE211C01029|1,EQUITY,ARL|INE211C01029|1
ARMANFIN,INE109C01017,2016-06-14,2026-09-30,2442,2826,5368,59,ARMANFIN|INE109C01017|1,EQUITY,ARMANFIN|INE109C01017|1
ARMEE,INE0TWE01016,2026-09-30,2026-09-30,1,5368,5368,0,ARMEE|INE0TWE01016|1,EQUITY,ARMEE|INE0TWE01016|1
AROGRANITE,,2007-04-24,2011-06-21,994,571,1600,3,AROGRANITE|NOISIN|1,UNKNOWN_NO_ISIN,AROGRANITE|INE210C01013|1
AROGRANITE,INE210C01013,2011-06-22,2026-09-30,3560,1601,5368,62,AROGRANITE|INE210C01013|1,EQUITY,AROGRANITE|INE210C01013|1
ARROWCOAT,INE570D01018,2015-05-21,2016-05-10,240,2562,2801,0,ARROWCOAT|INE570D01018|1,EQUITY,ARROWCOAT|INE570D01018|1
ARROWGREEN,INE570D01018,2016-05-11,2026-09-30,1982,2802,5368,109,ARROWGREEN|INE570D01018|1,EQUITY,ARROWCOAT|INE570D01018|1
ARROWGROUP,,2007-11-02,2008-08-07,191,705,895,0,ARROWGROUP|NOISIN|1,UNKNOWN_NO_ISIN,ARROWGROUP|NOISIN|1
ARROWGROUP,,2008-12-01,2008-12-10,7,970,976,0,ARROWGROUP|NOISIN|2,UNKNOWN_NO_ISIN,ARROWGROUP|NOISIN|2
ARROWTEX,,2009-05-11,2009-09-03,83,1072,1155,1,ARROWTEX|NOISIN|1,UNKNOWN_NO_ISIN,ARROWTEX|NOISIN|1
ARROWTEX,,2009-11-20,2010-07-08,138,1205,1360,18,ARROWTEX|NOISIN|2,UNKNOWN_NO_ISIN,ARROWTEX|NOISIN|2
ARROWTEX,,2010-08-20,2010-11-25,68,1391,1458,0,ARROWTEX|NOISIN|3,UNKNOWN_NO_ISIN,ARROWTEX|NOISIN|3
ARROWTEX,,2011-03-07,2011-06-21,74,1527,1600,0,ARROWTEX|NOISIN|4,UNKNOWN_NO_ISIN,ARROWTEX|INE933J01015|1
ARROWTEX,INE933J01015,2011-06-22,2020-01-01,1909,1601,3700,57,ARROWTEX|INE933J01015|1,EQUITY,ARROWTEX|INE933J01015|1
ARSHIYA,,2009-12-14,2011-06-21,380,1221,1600,0,ARSHIYA|NOISIN|1,UNKNOWN_NO_ISIN,ARSHIYA|INE968D01022|1
ARSHIYA,INE968D01022,2011-06-22,2023-12-13,2573,1601,4679,146,ARSHIYA|INE968D01022|1,EQUITY,ARSHIYA|INE968D01022|1
ARSSBL,INE549H01021,2025-09-30,2026-09-30,247,5122,5368,0,ARSSBL|INE549H01021|1,EQUITY,ARSSBL|INE549H01021|1
ARSSINFRA,,2010-03-03,2011-06-21,329,1272,1600,0,ARSSINFRA|NOISIN|1,UNKNOWN_NO_ISIN,ARSSINFRA|INE267I01010|1
ARSSINFRA,INE267I01010,2011-06-22,2022-05-24,2172,1601,4293,176,ARSSINFRA|INE267I01010|1,EQUITY,ARSSINFRA|INE267I01010|1
ARTEMISMED,INE025R01013,2020-02-06,2021-09-23,330,3726,4129,43,ARTEMISMED|INE025R01013|1,EQUITY,ARTEMISMED|INE025R01013|1
ARTEMISMED,INE025R01021,2021-09-24,2026-09-30,1239,4130,5368,0,ARTEMISMED|INE025R01021|1,EQUITY,ARTEMISMED|INE025R01013|1
ARTNIRMAN,INE738V01013,2021-10-20,2026-09-30,720,4147,5368,89,ARTNIRMAN|INE738V01013|1,EQUITY,ARTNIRMAN|INE738V01013|1
ARVEE,INE006Z01016,2021-03-22,2026-09-30,786,4004,5368,127,ARVEE|INE006Z01016|1,EQUITY,ARVEE|INE006Z01016|1
ARVIND,,2008-07-07,2011-06-21,729,872,1600,0,ARVIND|NOISIN|1,UNKNOWN_NO_ISIN,ARVINDMILL|NOISIN|1
ARVIND,INE034A01011,2011-06-22,2026-09-30,3768,1601,5368,0,ARVIND|INE034A01011|1,EQUITY,ARVINDMILL|NOISIN|1
ARVINDFASN,INE955V01021,2019-03-25,2026-09-30,1856,3513,5368,0,ARVINDFASN|INE955V01021|1,EQUITY,ARVINDFASN|INE955V01021|1
ARVINDMILL,,2005-01-03,2008-07-04,872,0,871,0,ARVINDMILL|NOISIN|1,UNKNOWN_NO_ISIN,ARVINDMILL|NOISIN|1
ARVINDREM,INE211C01037,2012-06-08,2015-09-24,813,1839,2651,0,ARVINDREM|INE211C01037|1,EQUITY,ARVINDREM|INE211C01037|1
ARVINFRA,INE034S01021,2015-09-09,2016-12-02,282,2641,2941,19,ARVINFRA|INE034S01021|1,EQUITY,ARVINFRA|INE034S01021|1
ARVSMART,INE034S01021,2016-12-05,2026-09-30,2370,2942,5368,57,ARVSMART|INE034S01021|1,EQUITY,ARVINFRA|INE034S01021|1
ARYAMAN,INE032E01017,2026-08-17,2026-09-30,32,5337,5368,0,ARYAMAN|INE032E01017|1,EQUITY,ARYAMAN|INE032E01017|1
ASAHIINDIA,,2005-01-03,2008-11-28,970,0,969,0,ASAHIINDIA|NOISIN|1,UNKNOWN_NO_ISIN,ASAHIINDIA|NOISIN|1
ASAHIINDIA,,2009-03-02,2011-06-21,570,1030,1600,1,ASAHIINDIA|NOISIN|2,UNKNOWN_NO_ISIN,ASAHIINDIA|INE439A01020|1
ASAHIINDIA,INE439A01020,2011-06-22,2026-09-30,3768,1601,5368,0,ASAHIINDIA|INE439A01020|1,EQUITY,ASAHIINDIA|INE439A01020|1
ASAHISONG,INE228I01012,2011-08-29,2026-07-30,3533,1648,5325,66,ASAHISONG|INE228I01012|1,EQUITY,ASAHISONG|INE228I01012|1
ASAL,,2005-04-08,2005-04-28,14,66,79,0,ASAL|NOISIN|1,UNKNOWN_NO_ISIN,ASAL|NOISIN|1
ASAL,,2005-07-08,2009-05-04,869,130,1067,3,ASAL|NOISIN|2,UNKNOWN_NO_ISIN,ASAL|NOISIN|2
ASAL,,2009-08-21,2011-06-21,450,1146,1600,1,ASAL|NOISIN|3,UNKNOWN_NO_ISIN,ASAL|INE900C01027|1
ASAL,INE900C01027,2011-06-22,2026-09-30,3282,1601,5368,111,ASAL|INE900C01027|1,EQUITY,ASAL|INE900C01027|1
ASALCBR,INE073G01016,2020-02-12,2026-09-30,1639,3730,5368,0,ASALCBR|INE073G01016|1,EQUITY,ASALCBR|INE073G01016|1
ASHAPURMIN,,2005-01-03,2009-09-17,1165,0,1165,1,ASHAPURMIN|NOISIN|1,UNKNOWN_NO_ISIN,ASHAPURMIN|NOISIN|1
ASHAPURMIN,,2009-11-20,2011-06-21,396,1205,1600,0,ASHAPURMIN|NOISIN|2,UNKNOWN_NO_ISIN,ASHAPURMIN|INE348A01023|1
ASHAPURMIN,INE348A01023,2011-06-22,2026-09-30,3299,1601,5368,124,ASHAPURMIN|INE348A01023|1,EQUITY,ASHAPURMIN|INE348A01023|1
ASHCO,,2007-10-22,2008-05-02,132,696,827,0,ASHCO|NOISIN|1,UNKNOWN_NO_ISIN,ASHCO|NOISIN|1
ASHCO,,2008-06-13,2009-04-17,203,856,1058,0,ASHCO|NOISIN|2,UNKNOWN_NO_ISIN,ASHCO|NOISIN|2
ASHCO,,2009-08-21,2009-10-05,29,1146,1174,0,ASHCO|NOISIN|3,UNKNOWN_NO_ISIN,ASHCO|NOISIN|3
ASHCO,,2009-11-20,2010-04-16,97,1205,1301,0,ASHCO|NOISIN|4,UNKNOWN_NO_ISIN,ASHCO|NOISIN|4
ASHCO,,2010-08-20,2010-09-20,21,1391,1411,0,ASHCO|NOISIN|5,UNKNOWN_NO_ISIN,ASHCO|NOISIN|5
ASHCONIUL,,2010-10-04,2010-10-28,19,1421,1439,0,ASHCONIUL|NOISIN|1,UNKNOWN_NO_ISIN,ASHCONIUL|NOISIN|1
ASHCONIUL,,2010-12-03,2011-04-18,92,1464,1555,0,ASHCONIUL|NOISIN|2,UNKNOWN_NO_ISIN,ASHCONIUL|NOISIN|2
ASHCONIUL,,2011-06-17,2011-06-21,3,1598,1600,0,ASHCONIUL|NOISIN|3,UNKNOWN_NO_ISIN,ASHCONIUL|INE714F01033|1
ASHCONIUL,INE714F01033,2011-06-22,2013-07-18,267,1601,2115,104,ASHCONIUL|INE714F01033|1,EQUITY,ASHCONIUL|INE714F01033|1
ASHIANA,INE365D01013,2011-06-29,2013-10-24,575,1606,2180,0,ASHIANA|INE365D01013|1,EQUITY,ASHIANA|INE365D01013|1
ASHIANA,INE365D01021,2013-10-25,2026-09-30,3188,2181,5368,0,ASHIANA|INE365D01021|1,EQUITY,ASHIANA|INE365D01013|1
ASHIKA,INE094B01013,2026-04-20,2026-07-24,67,5255,5321,0,ASHIKA|INE094B01013|1,EQUITY,ASHIKAG|INE094B01013|1
ASHIKAG,INE094B01013,2026-07-27,2026-08-10,11,5322,5332,0,ASHIKAG|INE094B01013|1,EQUITY,ASHIKAG|INE094B01013|1
ASHIMASYN,,2005-01-03,2005-04-07,66,0,65,0,ASHIMASYN|NOISIN|1,UNKNOWN_NO_ISIN,ASHIMASYN|NOISIN|1
ASHIMASYN,,2005-07-08,2005-07-14,5,130,134,0,ASHIMASYN|NOISIN|2,UNKNOWN_NO_ISIN,ASHIMASYN|NOISIN|2
ASHIMASYN,,2006-06-12,2006-06-29,14,356,369,0,ASHIMASYN|NOISIN|3,UNKNOWN_NO_ISIN,ASHIMASYN|NOISIN|3
ASHIMASYN,,2006-08-28,2006-10-19,38,410,447,0,ASHIMASYN|NOISIN|4,UNKNOWN_NO_ISIN,ASHIMASYN|NOISIN|4
ASHIMASYN,,2006-11-24,2007-01-25,43,471,513,0,ASHIMASYN|NOISIN|5,UNKNOWN_NO_ISIN,ASHIMASYN|NOISIN|5
ASHIMASYN,,2007-03-02,2007-11-15,179,536,714,0,ASHIMASYN|NOISIN|6,UNKNOWN_NO_ISIN,ASHIMASYN|NOISIN|6
ASHIMASYN,,2008-02-29,2009-04-17,269,788,1058,1,ASHIMASYN|NOISIN|7,UNKNOWN_NO_ISIN,ASHIMASYN|NOISIN|7
ASHIMASYN,,2009-08-21,2010-08-19,227,1146,1390,18,ASHIMASYN|NOISIN|8,UNKNOWN_NO_ISIN,ASHIMASYN|NOISIN|8
ASHIMASYN,,2010-12-03,2011-01-06,24,1464,1487,0,ASHIMASYN|NOISIN|9,UNKNOWN_NO_ISIN,ASHIMASYN|NOISIN|9
ASHIMASYN,,2011-03-07,2011-06-21,74,1527,1600,0,ASHIMASYN|NOISIN|10,UNKNOWN_NO_ISIN,ASHIMASYN|INE440A01010|1
ASHIMASYN,INE440A01010,2011-06-22,2026-09-30,2936,1601,5368,113,ASHIMASYN|INE440A01010|1,EQUITY,ASHIMASYN|INE440A01010|1
ASHOKA,,2010-10-14,2011-06-21,172,1429,1600,0,ASHOKA|NOISIN|1,UNKNOWN_NO_ISIN,ASHOKA|INE442H01011|1
ASHOKA,INE442H01011,2011-06-22,2013-07-03,504,1601,2104,0,ASHOKA|INE442H01011|1,EQUITY,ASHOKA|INE442H01011|1
ASHOKA,INE442H01029,2013-07-04,2026-09-30,3264,2105,5368,0,ASHOKA|INE442H01029|1,EQUITY,ASHOKA|INE442H01011|1
ASHOKAMET,INE760Y01011,2023-06-27,2026-09-30,582,4565,5368,94,ASHOKAMET|INE760Y01011|1,EQUITY,ASHOKAMET|INE760Y01011|1
ASHOKLEY,,2005-01-03,2011-06-21,1601,0,1600,0,ASHOKLEY|NOISIN|1,UNKNOWN_NO_ISIN,ASHOKLEY|INE208A01029|1
ASHOKLEY,INE208A01029,2011-06-22,2026-09-30,3768,1601,5368,0,ASHOKLEY|INE208A01029|1,EQUITY,ASHOKLEY|INE208A01029|1
ASIANELEC,,2005-01-03,2005-07-07,130,0,129,0,ASIANELEC|NOISIN|1,UNKNOWN_NO_ISIN,ASIANELEC|NOISIN|1
ASIANELEC,,2005-11-25,2009-04-17,836,223,1058,0,ASIANELEC|NOISIN|2,UNKNOWN_NO_ISIN,ASIANELEC|NOISIN|2
ASIANELEC,,2009-08-21,2011-06-21,455,1146,1600,0,ASIANELEC|NOISIN|3,UNKNOWN_NO_ISIN,ASIANELEC|INE441A01026|1
ASIANELEC,INE441A01026,2011-06-22,2013-10-24,242,1601,2180,253,ASIANELEC|INE441A01026|1,EQUITY,ASIANELEC|INE441A01026|1
ASIANENE,INE276G01015,2021-12-09,2026-09-30,1093,4181,5368,66,ASIANENE|INE276G01015|1,EQUITY,ASIANENE|INE276G01015|1
ASIANHOTEL,,2005-01-03,2010-02-23,1267,0,1267,1,ASIANHOTEL|NOISIN|1,UNKNOWN_NO_ISIN,ASIANHOTEL|NOISIN|1
ASIANHOTNR,,2010-04-07,2011-06-21,306,1295,1600,0,ASIANHOTNR|NOISIN|1,UNKNOWN_NO_ISIN,ASIANHOTNR|INE363A01022|1
ASIANHOTNR,INE363A01022,2011-06-22,2026-09-30,3278,1601,5368,160,ASIANHOTNR|INE363A01022|1,EQUITY,ASIANHOTNR|INE363A01022|1
ASIANPAINT,,2005-01-03,2011-06-21,1601,0,1600,0,ASIANPAINT|NOISIN|1,UNKNOWN_NO_ISIN,ASIANPAINT|INE021A01018|1
ASIANPAINT,INE021A01018,2011-06-22,2013-07-30,523,1601,2123,0,ASIANPAINT|INE021A01018|1,EQUITY,ASIANPAINT|INE021A01018|1
ASIANPAINT,INE021A01026,2013-07-31,2026-09-30,3245,2124,5368,0,ASIANPAINT|INE021A01026|1,EQUITY,ASIANPAINT|INE021A01018|1
ASIANTILES,,2007-08-23,2009-11-19,548,655,1204,1,ASIANTILES|NOISIN|1,UNKNOWN_NO_ISIN,ASIANTILES|NOISIN|1
ASIANTILES,,2010-02-19,2011-06-21,333,1265,1600,1,ASIANTILES|NOISIN|2,UNKNOWN_NO_ISIN,ASIANTILES|INE022I01019|1
ASIANTILES,INE022I01019,2011-06-22,2026-09-30,3544,1601,5368,71,ASIANTILES|INE022I01019|1,EQUITY,ASIANTILES|INE022I01019|1
ASIANTNE,INE822B01017,2026-08-17,2026-09-30,32,5337,5368,0,ASIANTNE|INE822B01017|1,EQUITY,ASIANTNE|INE822B01017|1
ASIL,,2005-10-17,2005-11-10,17,197,213,0,ASIL|NOISIN|1,UNKNOWN_NO_ISIN,ASIL|NOISIN|1
ASIL,,2006-06-12,2007-12-28,381,356,743,2,ASIL|NOISIN|2,UNKNOWN_NO_ISIN,ASIL|NOISIN|2
ASIL,,2008-02-29,2008-04-21,32,788,819,0,ASIL|NOISIN|3,UNKNOWN_NO_ISIN,ASIL|NOISIN|3
ASIL,,2008-06-13,2008-12-12,99,856,978,5,ASIL|NOISIN|4,UNKNOWN_NO_ISIN,ASIL|NOISIN|4
ASIL,,2009-03-02,2009-06-11,39,1030,1095,5,ASIL|NOISIN|5,UNKNOWN_NO_ISIN,ASIL|NOISIN|5
ASIL,,2009-08-21,2009-11-26,64,1146,1209,0,ASIL|NOISIN|6,UNKNOWN_NO_ISIN,ASIL|NOISIN|6
ASIL,,2010-02-19,2010-05-13,52,1265,1320,2,ASIL|NOISIN|7,UNKNOWN_NO_ISIN,ASIL|NOISIN|7
ASIL,,2010-08-20,2011-04-18,155,1391,1555,3,ASIL|NOISIN|8,UNKNOWN_NO_ISIN,ASIL|NOISIN|8
ASIL,,2011-06-17,2011-06-21,2,1598,1600,1,ASIL|NOISIN|9,UNKNOWN_NO_ISIN,ASIL|NOISIN|9
ASIL,INE988A01026,2011-06-24,2017-08-02,366,1603,3107,244,ASIL|INE988A01026|1,EQUITY,ASIL|INE988A01026|1
ASKAUTOLTD,INE491J01022,2023-11-15,2026-09-30,709,4660,5368,0,ASKAUTOLTD|INE491J01022|1,EQUITY,ASKAUTOLTD|INE491J01022|1
ASMS,INE855F01042,2023-03-01,2026-09-30,554,4487,5368,203,ASMS|INE855F01042|1,EQUITY,ASMS|INE855F01042|1
ASPINWALL,INE991I01015,2017-08-23,2026-09-30,2246,3121,5368,1,ASPINWALL|INE991I01015|1,EQUITY,ASPINWALL|INE991I01015|1
ASSAMCO,,2006-09-29,2007-08-30,227,434,660,0,ASSAMCO|NOISIN|1,UNKNOWN_NO_ISIN,ASSAMCO|NOISIN|1
ASSAMCO,,2007-12-03,2009-04-17,333,726,1058,0,ASSAMCO|NOISIN|2,UNKNOWN_NO_ISIN,ASSAMCO|NOISIN|2
ASSAMCO,,2009-06-12,2011-06-21,505,1096,1600,0,ASSAMCO|NOISIN|3,UNKNOWN_NO_ISIN,ASSAMCO|INE442A01024|1
ASSAMCO,INE442A01024,2011-06-22,2019-02-27,1708,1601,3497,56,ASSAMCO|INE442A01024|1,EQUITY,ASSAMCO|INE442A01024|1
ASSAMENT,INE165G01010,2026-08-17,2026-09-30,19,5337,5368,4,ASSAMENT|INE165G01010|1,EQUITY,ASSAMENT|INE165G01010|1
ASTAR,INE194D01017,2026-04-20,2026-09-30,101,5255,5368,2,ASTAR|INE194D01017|1,EQUITY,ASTAR|INE194D01017|1
ASTEC,,2009-11-25,2011-06-21,393,1208,1600,0,ASTEC|NOISIN|1,UNKNOWN_NO_ISIN,ASTEC|INE563J01010|1
ASTEC,INE563J01010,2011-06-22,2026-09-30,3587,1601,5368,64,ASTEC|INE563J01010|1,EQUITY,ASTEC|INE563J01010|1
ASTERDM,INE914M01019,2018-02-26,2026-09-30,2121,3248,5368,0,ASTERDM|INE914M01019|1,EQUITY,ASTERDM|INE914M01019|1
ASTERSILI,,2010-07-28,2011-04-18,182,1374,1555,0,ASTERSILI|NOISIN|1,UNKNOWN_NO_ISIN,ASTERSILI|NOISIN|1
ASTERSILI,,2011-06-17,2011-06-21,3,1598,1600,0,ASTERSILI|NOISIN|2,UNKNOWN_NO_ISIN,ASTERSILI|INE900K01012|1
ASTERSILI,INE900K01012,2011-06-22,2013-08-21,324,1601,2137,203,ASTERSILI|INE900K01012|1,EQUITY,ASTERSILI|INE900K01012|1
ASTRAIDL,,2005-01-03,2007-04-09,561,0,560,0,ASTRAIDL|NOISIN|1,UNKNOWN_NO_ISIN,ASTRAIDL|NOISIN|1
ASTRAL,,2007-03-20,2011-06-21,1051,548,1600,1,ASTRAL|NOISIN|1,UNKNOWN_NO_ISIN,ASTRAL|INE006I01020|1
ASTRAL,INE006I01020,2011-06-22,2013-09-05,548,1601,2148,0,ASTRAL|INE006I01020|1,EQUITY,ASTRAL|INE006I01020|1
ASTRAL,INE006I01038,2013-09-06,2014-09-25,259,2149,2407,0,ASTRAL|INE006I01038|1,EQUITY,ASTRAL|INE006I01020|1
ASTRAL,INE006I01046,2014-09-26,2026-09-30,2961,2408,5368,0,ASTRAL|INE006I01046|1,EQUITY,ASTRAL|INE006I01020|1
ASTRAMICRO,,2005-01-03,2011-06-21,1601,0,1600,0,ASTRAMICRO|NOISIN|1,UNKNOWN_NO_ISIN,ASTRAMICRO|INE386C01029|1
ASTRAMICRO,INE386C01029,2011-06-22,2026-09-30,3768,1601,5368,0,ASTRAMICRO|INE386C01029|1,EQUITY,ASTRAMICRO|INE386C01029|1
ASTRAZEN,,2007-04-10,2011-06-21,1030,561,1600,1,ASTRAZEN|NOISIN|1,UNKNOWN_NO_ISIN,ASTRAIDL|NOISIN|1
ASTRAZEN,INE203A01020,2011-06-22,2026-09-30,3768,1601,5368,0,ASTRAZEN|INE203A01020|1,EQUITY,ASTRAIDL|NOISIN|1
ASTRON,INE646X01014,2018-01-12,2026-04-16,1768,3219,5253,143,ASTRON|INE646X01014|1,EQUITY,ASTRON|INE646X01014|1
ATALREAL,INE0ALR01011,2023-05-12,2023-09-14,88,4533,4620,0,ATALREAL|INE0ALR01011|1,EQUITY,ATALREAL|INE0ALR01011|1
ATALREAL,INE0ALR01029,2024-01-29,2026-09-30,409,4709,5368,106,ATALREAL|INE0ALR01029|1,EQUITY,ATALREAL|INE0ALR01029|1
ATAM,INE09KD01013,2023-05-10,2026-09-30,722,4531,5368,59,ATAM|INE09KD01013|1,EQUITY,ATAM|INE09KD01013|1
ATCOM,,2005-01-03,2005-04-07,66,0,65,0,ATCOM|NOISIN|1,UNKNOWN_NO_ISIN,ATCOM|NOISIN|1
ATCOM,,2005-07-08,2005-07-14,5,130,134,0,ATCOM|NOISIN|2,UNKNOWN_NO_ISIN,ATCOM|NOISIN|2
ATFL,,2005-01-03,2005-04-28,80,0,79,0,ATFL|NOISIN|1,UNKNOWN_NO_ISIN,ATFL|NOISIN|1
ATFL,,2005-07-08,2006-06-29,240,130,369,0,ATFL|NOISIN|2,UNKNOWN_NO_ISIN,ATFL|NOISIN|2
ATFL,,2006-08-28,2011-06-21,1190,410,1600,1,ATFL|NOISIN|3,UNKNOWN_NO_ISIN,ATFL|INE209A01019|1
ATFL,INE209A01019,2011-06-22,2025-03-27,3396,1601,4996,0,ATFL|INE209A01019|1,EQUITY,ATFL|INE209A01019|1
ATGL,INE399L01023,2021-01-13,2026-09-30,1233,3958,5368,113,ATGL|INE399L01023|1,EQUITY,ADANIGAS|INE399L01023|1
ATHERENERG,INE0LEZ01016,2025-05-06,2026-09-30,350,5019,5368,0,ATHERENERG|INE0LEZ01016|1,EQUITY,ATHERENERG|INE0LEZ01016|1
ATL,INE0NN701020,2023-08-25,2026-09-30,763,4606,5368,0,ATL|INE0NN701020|1,EQUITY,ATL|INE0NN701020|1
ATLANTA,,2006-09-25,2011-06-21,1171,430,1600,0,ATLANTA|NOISIN|1,UNKNOWN_NO_ISIN,ATLANTAA|INE285H01022|1
ATLANTA,INE285H01022,2011-06-22,2023-12-13,2652,1601,4679,80,ATLANTA|INE285H01022|1,EQUITY,ATLANTAA|INE285H01022|1
ATLANTAA,INE285H01022,2024-03-18,2026-09-30,316,4743,5368,245,ATLANTAA|INE285H01022|1,EQUITY,ATLANTAA|INE285H01022|1
ATLANTAELE,INE0Z4F01028,2025-09-29,2026-09-30,230,5121,5368,12,ATLANTAELE|INE0Z4F01028|1,EQUITY,ATLANTAELE|INE0Z4F01028|1
ATLASCYCLE,,2005-01-03,2005-09-22,182,0,181,0,ATLASCYCLE|NOISIN|1,UNKNOWN_NO_ISIN,ATLASCYCLE|NOISIN|1
ATLASCYCLE,,2006-06-12,2006-06-29,14,356,369,0,ATLASCYCLE|NOISIN|2,UNKNOWN_NO_ISIN,ATLASCYCLE|NOISIN|2
ATLASCYCLE,,2006-11-24,2011-06-21,1125,471,1600,2,ATLASCYCLE|NOISIN|3,UNKNOWN_NO_ISIN,ATLASCYCLE|INE446A01017|1
ATLASCYCLE,INE446A01017,2011-06-22,2017-01-18,1303,1601,2974,52,ATLASCYCLE|INE446A01017|1,EQUITY,ATLASCYCLE|INE446A01017|1
ATLASCYCLE,INE446A01025,2025-01-03,2026-09-30,277,4939,5368,82,ATLASCYCLE|INE446A01025|1,EQUITY,ATLASCYCLE|INE446A01025|1
ATNINT,,2005-07-08,2006-05-19,211,130,340,0,ATNINT|NOISIN|1,UNKNOWN_NO_ISIN,ATNINT|NOISIN|1
ATNINTER,,2006-09-01,2007-01-11,90,414,503,0,ATNINTER|NOISIN|1,UNKNOWN_NO_ISIN,ATNINTER|NOISIN|1
ATNINTER,,2007-03-02,2007-08-23,120,536,655,0,ATNINTER|NOISIN|2,UNKNOWN_NO_ISIN,ATNINTER|NOISIN|2
ATNINTER,,2007-12-03,2007-12-28,18,726,743,0,ATNINTER|NOISIN|3,UNKNOWN_NO_ISIN,ATNINTER|NOISIN|3
ATNINTER,,2008-02-29,2009-05-28,296,788,1085,1,ATNINTER|NOISIN|4,UNKNOWN_NO_ISIN,ATNINTER|NOISIN|4
ATNINTER,,2009-08-21,2010-05-13,175,1146,1320,0,ATNINTER|NOISIN|5,UNKNOWN_NO_ISIN,ATNINTER|NOISIN|5
ATNINTER,,2010-08-20,2011-06-21,210,1391,1600,0,ATNINTER|NOISIN|6,UNKNOWN_NO_ISIN,ATNINTER|INE803A01027|1
ATNINTER,INE803A01027,2011-06-22,2017-02-01,817,1601,2983,114,ATNINTER|INE803A01027|1,EQUITY,ATNINTER|INE803A01027|1
ATUL,,2005-03-10,2011-06-21,1555,46,1600,0,ATUL|NOISIN|1,UNKNOWN_NO_ISIN,ATULPROD|NOISIN|1
ATUL,INE100A01010,2011-06-22,2026-09-30,3768,1601,5368,0,ATUL|INE100A01010|1,EQUITY,ATULPROD|NOISIN|1
ATULAUTO,INE951D01010,2013-06-26,2014-09-12,236,2099,2398,64,ATULAUTO|INE951D01010|1,EQUITY,ATULAUTO|INE951D01010|1
ATULAUTO,INE951D01028,2014-09-15,2026-09-30,2913,2399,5368,57,ATULAUTO|INE951D01028|1,EQUITY,ATULAUTO|INE951D01010|1
ATULPROD,,2005-01-03,2005-03-09,46,0,45,0,ATULPROD|NOISIN|1,UNKNOWN_NO_ISIN,ATULPROD|NOISIN|1
AUBANK,INE949L01017,2017-07-10,2026-09-30,2279,3090,5368,0,AUBANK|INE949L01017|1,EQUITY,AUBANK|INE949L01017|1
AUGMONT,INE16W401027,2026-08-31,2026-09-30,22,5347,5368,0,AUGMONT|INE16W401027|1,EQUITY,AUGMONT|INE16W401027|1
AURIGROW,INE925Y01036,2025-10-17,2026-07-07,114,5134,5308,61,AURIGROW|INE925Y01036|1,EQUITY,AURIGROW|INE925Y01036|1
AURIONPRO,,2005-10-25,2006-11-23,268,203,470,0,AURIONPRO|NOISIN|1,UNKNOWN_NO_ISIN,AURIONPRO|NOISIN|1
AURIONPRO,,2007-03-02,2008-04-21,283,536,819,1,AURIONPRO|NOISIN|2,UNKNOWN_NO_ISIN,AURIONPRO|NOISIN|2
AURIONPRO,,2008-06-13,2008-11-28,102,856,969,2,AURIONPRO|NOISIN|3,UNKNOWN_NO_ISIN,AURIONPRO|NOISIN|3
AURIONPRO,,2009-03-03,2009-06-11,53,1031,1095,2,AURIONPRO|NOISIN|4,UNKNOWN_NO_ISIN,AURIONPRO|NOISIN|4
AURIONPRO,,2009-08-21,2009-12-24,83,1146,1229,1,AURIONPRO|NOISIN|5,UNKNOWN_NO_ISIN,AURIONPRO|NOISIN|5
AURIONPRO,,2010-02-19,2011-06-21,325,1265,1600,2,AURIONPRO|NOISIN|6,UNKNOWN_NO_ISIN,AURIONPRO|INE132H01018|1
AURIONPRO,INE132H01018,2011-06-22,2026-09-30,3406,1601,5368,168,AURIONPRO|INE132H01018|1,EQUITY,AURIONPRO|INE132H01018|1
AUROPHARMA,,2005-01-03,2011-06-21,1601,0,1600,0,AUROPHARMA|NOISIN|1,UNKNOWN_NO_ISIN,AUROPHARMA|INE406A01037|1
AUROPHARMA,INE406A01037,2011-06-22,2026-09-30,3768,1601,5368,0,AUROPHARMA|INE406A01037|1,EQUITY,AUROPHARMA|INE406A01037|1
AURUM,INE898S01029,2021-10-22,2026-09-30,979,4149,5368,88,AURUM|INE898S01029|1,EQUITY,AURUM|INE898S01029|1
AURUS,INE142K01011,2026-07-14,2026-09-30,56,5313,5368,0,AURUS|INE142K01011|1,EQUITY,AURUS|INE142K01011|1
AUSOMENT,,2010-02-22,2010-09-16,117,1266,1409,20,AUSOMENT|NOISIN|1,UNKNOWN_NO_ISIN,AUSOMENT|NOISIN|1
AUSOMENT,,2010-12-03,2011-06-21,105,1464,1600,6,AUSOMENT|NOISIN|2,UNKNOWN_NO_ISIN,AUSOMENT|INE218C01016|1
AUSOMENT,INE218C01016,2011-06-22,2026-09-30,2512,1601,5368,172,AUSOMENT|INE218C01016|1,EQUITY,AUSOMENT|INE218C01016|1
AUSTENG,INE759F01012,2026-08-17,2026-09-30,32,5337,5368,0,AUSTENG|INE759F01012|1,EQUITY,AUSTENG|INE759F01012|1
AUSTRAL,,2008-09-04,2011-01-06,575,913,1487,0,AUSTRAL|NOISIN|1,UNKNOWN_NO_ISIN,AUSTRAL|NOISIN|1
AUSTRAL,,2011-03-07,2011-06-21,74,1527,1600,0,AUSTRAL|NOISIN|2,UNKNOWN_NO_ISIN,AUSTRAL|INE455J01027|1
AUSTRAL,INE455J01027,2011-06-22,2017-05-19,1069,1601,3055,91,AUSTRAL|INE455J01027|1,EQUITY,AUSTRAL|INE455J01027|1
AUTOAXLES,,2005-01-03,2009-08-06,1135,0,1135,1,AUTOAXLES|NOISIN|1,UNKNOWN_NO_ISIN,AUTOAXLES|NOISIN|1
AUTOAXLES,,2009-11-20,2011-06-21,396,1205,1600,0,AUTOAXLES|NOISIN|2,UNKNOWN_NO_ISIN,AUTOAXLES|INE449A01011|1
AUTOAXLES,INE449A01011,2011-06-22,2026-09-30,3764,1601,5368,1,AUTOAXLES|INE449A01011|1,EQUITY,AUTOAXLES|INE449A01011|1
AUTOBEES,INF204KC1337,2022-05-10,2026-09-30,1086,4283,5368,0,AUTOBEES|INF204KC1337|1,FUND_UNIT,AUTOBEES|INF204KC1337|1
AUTOIETF,INF109KC10V2,2024-03-01,2026-09-30,636,4733,5368,0,AUTOIETF|INF109KC10V2|1,FUND_UNIT,AUTOIETF|INF109KC10V2|1
AUTOIETF,INF109KC1Y49,2023-12-20,2024-02-29,49,4684,4732,0,AUTOIETF|INF109KC1Y49|1,FUND_UNIT,AUTOIETF|INF109KC1Y49|1
AUTOIND,,2007-01-31,2008-06-12,341,515,855,0,AUTOIND|NOISIN|1,UNKNOWN_NO_ISIN,AUTOIND|NOISIN|1
AUTOIND,,2008-08-22,2009-06-11,190,905,1095,1,AUTOIND|NOISIN|2,UNKNOWN_NO_ISIN,AUTOIND|NOISIN|2
AUTOIND,,2009-08-21,2009-10-05,29,1146,1174,0,AUTOIND|NOISIN|3,UNKNOWN_NO_ISIN,AUTOIND|NOISIN|3
AUTOIND,,2009-11-20,2011-06-21,396,1205,1600,0,AUTOIND|NOISIN|4,UNKNOWN_NO_ISIN,AUTOIND|INE718H01014|1
AUTOIND,INE718H01014,2011-06-22,2026-09-30,3307,1601,5368,72,AUTOIND|INE718H01014|1,EQUITY,AUTOIND|INE718H01014|1
AUTOLITIND,,2008-11-11,2009-08-06,152,958,1135,3,AUTOLITIND|NOISIN|1,UNKNOWN_NO_ISIN,AUTOLITIND|NOISIN|1
AUTOLITIND,,2009-11-20,2010-07-08,138,1205,1360,18,AUTOLITIND|NOISIN|2,UNKNOWN_NO_ISIN,AUTOLITIND|NOISIN|2
AUTOLITIND,,2010-08-20,2011-06-21,207,1391,1600,2,AUTOLITIND|NOISIN|3,UNKNOWN_NO_ISIN,AUTOLITIND|INE448A01013|1
AUTOLITIND,INE448A01013,2011-06-22,2021-01-22,2016,1601,3965,62,AUTOLITIND|INE448A01013|1,EQUITY,AUTOLITIND|INE448A01013|1
AUTORIDFIN,,2005-04-08,2005-04-19,7,66,72,0,AUTORIDFIN|NOISIN|1,UNKNOWN_NO_ISIN,AUTORIDFIN|NOISIN|1
AVADHSUGAR,INE349W01017,2017-11-22,2026-09-30,2122,3183,5368,64,AVADHSUGAR|INE349W01017|1,EQUITY,AVADHSUGAR|INE349W01017|1
AVAILFC,INE325G01010,2026-04-20,2026-06-03,31,5255,5285,0,AVAILFC|INE325G01010|1,EQUITY,AVAILFC|INE325G01010|1
AVALON,INE0LCL01028,2023-04-18,2026-09-30,853,4516,5368,0,AVALON|INE0LCL01028|1,EQUITY,AVALON|INE0LCL01028|1
AVANCE,INE758A01072,2026-08-17,2026-09-30,32,5337,5368,0,AVANCE|INE758A01072|1,EQUITY,AVANCE|INE758A01072|1
AVANTEL,INE005B01027,2024-07-31,2026-09-30,537,4832,5368,0,AVANTEL|INE005B01027|1,EQUITY,AVANTEL|INE005B01027|1
AVANTI,,2010-01-08,2010-02-18,27,1237,1264,1,AVANTI|NOISIN|1,UNKNOWN_NO_ISIN,AVANTI|NOISIN|1
AVANTI,,2010-06-11,2011-06-21,234,1341,1600,3,AVANTI|NOISIN|2,UNKNOWN_NO_ISIN,AVANTIFEED|INE871C01012|1
AVANTI,INE871C01012,2011-06-22,2015-01-29,644,1601,2488,121,AVANTI|INE871C01012|1,EQUITY,AVANTIFEED|INE871C01012|1
AVANTIFEED,INE871C01012,2015-04-15,2015-11-26,155,2537,2691,0,AVANTIFEED|INE871C01012|1,EQUITY,AVANTIFEED|INE871C01012|1
AVANTIFEED,INE871C01020,2015-11-27,2018-06-26,639,2692,3330,0,AVANTIFEED|INE871C01020|1,EQUITY,AVANTIFEED|INE871C01012|1
AVANTIFEED,INE871C01038,2018-06-27,2026-09-30,2038,3331,5368,0,AVANTIFEED|INE871C01038|1,EQUITY,AVANTIFEED|INE871C01012|1
AVAYAGCL,,2005-01-03,2009-05-28,1086,0,1085,0,AVAYAGCL|NOISIN|1,UNKNOWN_NO_ISIN,AVAYAGCL|NOISIN|1
AVAYAGCL,,2009-08-21,2010-06-07,192,1146,1337,0,AVAYAGCL|NOISIN|2,UNKNOWN_NO_ISIN,AGCNET|INE676A01019|1
AVENTIS,,2005-01-03,2011-06-21,1600,0,1600,1,AVENTIS|NOISIN|1,UNKNOWN_NO_ISIN,AVENTIS|INE058A01010|1
AVENTIS,INE058A01010,2011-06-22,2012-07-10,261,1601,1861,0,AVENTIS|INE058A01010|1,EQUITY,AVENTIS|INE058A01010|1
AVG,INE680Z01018,2023-05-12,2026-07-03,694,4533,5306,80,AVG|INE680Z01018|1,EQUITY,AVG|INE680Z01018|1
AVL,INE679V01027,2024-11-06,2026-09-30,469,4900,5368,0,AVL|INE679V01027|1,EQUITY,AVL|INE679V01027|1
AVONMORE,INE323B01016,2023-01-04,2024-06-18,293,4448,4802,62,AVONMORE|INE323B01016|1,EQUITY,AVONMORE|INE323B01016|1
AVONMORE,INE323B01024,2024-11-11,2026-09-30,340,4903,5368,126,AVONMORE|INE323B01024|1,EQUITY,AVONMORE|INE323B01024|1
AVROIND,INE652Z01017,2022-04-07,2026-05-04,798,4263,5264,113,AVROIND|INE652Z01017|1,EQUITY,AVROIND|INE652Z01017|1
AVROIND,INE652Z01025,2026-05-05,2026-09-30,104,5265,5368,0,AVROIND|INE652Z01025|1,EQUITY,AVROIND|INE652Z01017|1
AVTNPL,,2007-01-10,2011-06-21,1071,502,1600,2,AVTNPL|NOISIN|1,UNKNOWN_NO_ISIN,AVTNPL|INE488D01013|1
AVTNPL,INE488D01013,2011-06-22,2012-06-07,238,1601,1838,0,AVTNPL|INE488D01013|1,EQUITY,AVTNPL|INE488D01013|1
AVTNPL,INE488D01021,2012-06-08,2026-09-30,3530,1839,5368,0,AVTNPL|INE488D01021|1,EQUITY,AVTNPL|INE488D01013|1
AWFIS,INE108V01019,2024-05-30,2026-09-30,579,4790,5368,0,AWFIS|INE108V01019|1,EQUITY,AWFIS|INE108V01019|1
AWHCL,INE01BK01022,2021-01-01,2026-09-30,1419,3950,5368,0,AWHCL|INE01BK01022|1,EQUITY,AWHCL|INE01BK01022|1
AWL,INE699H01024,2022-02-08,2026-09-30,1075,4223,5368,71,AWL|INE699H01024|1,EQUITY,AWL|INE699H01024|1
AXIS-IT&T,,2006-08-28,2006-12-14,75,410,485,1,AXIS-IT&T|NOISIN|1,UNKNOWN_NO_ISIN,AXIS-IT&T|NOISIN|1
AXIS-IT&T,,2007-03-02,2007-08-30,125,536,660,0,AXIS-IT&T|NOISIN|2,UNKNOWN_NO_ISIN,AXIS-IT&T|NOISIN|2
AXIS-IT&T,,2008-02-29,2008-08-07,89,788,895,19,AXIS-IT&T|NOISIN|3,UNKNOWN_NO_ISIN,AXIS-IT&T|NOISIN|3
AXIS-IT&T,,2008-12-01,2009-02-19,54,970,1024,1,AXIS-IT&T|NOISIN|4,UNKNOWN_NO_ISIN,AXIS-IT&T|NOISIN|4
AXIS-IT&T,,2009-06-12,2009-09-17,50,1096,1165,20,AXIS-IT&T|NOISIN|5,UNKNOWN_NO_ISIN,AXIS-IT&T|NOISIN|5
AXIS-IT&T,,2009-11-20,2010-04-16,79,1205,1301,18,AXIS-IT&T|NOISIN|6,UNKNOWN_NO_ISIN,AXIS-IT&T|NOISIN|6
AXIS-IT&T,,2010-06-11,2010-09-16,69,1341,1409,0,AXIS-IT&T|NOISIN|7,UNKNOWN_NO_ISIN,AXIS-IT&T|NOISIN|7
AXIS-IT&T,,2010-12-03,2011-06-21,137,1464,1600,0,AXIS-IT&T|NOISIN|8,UNKNOWN_NO_ISIN,AXIS-IT&T|INE555B01013|1
AXIS-IT&T,INE555B01013,2011-06-22,2014-10-07,700,1601,2412,64,AXIS-IT&T|INE555B01013|1,EQUITY,AXIS-IT&T|INE555B01013|1
AXISBANK,,2007-08-16,2011-06-21,951,650,1600,0,AXISBANK|NOISIN|1,UNKNOWN_NO_ISIN,AXISBANK|INE238A01026|1
AXISBANK,INE238A01026,2011-06-22,2014-07-28,767,1601,2367,0,AXISBANK|INE238A01026|1,EQUITY,AXISBANK|INE238A01026|1
AXISBANK,INE238A01034,2014-07-30,2026-09-30,3001,2368,5368,0,AXISBANK|INE238A01034|1,EQUITY,AXISBANK|INE238A01026|1
AXISBNKETF,INF846K01X63,2020-11-09,2026-07-02,1392,3914,5305,0,AXISBNKETF|INF846K01X63|1,FUND_UNIT,AXISBNKETF|INF846K01X63|1
AXISBPSETF,INF846K01Z04,2021-05-18,2026-04-28,1222,4040,5261,0,AXISBPSETF|INF846K01Z04|1,FUND_UNIT,AXISBPSETF|INF846K01Z04|1
AXISCADES,INE555B01013,2014-10-08,2026-09-30,2552,2413,5368,171,AXISCADES|INE555B01013|1,EQUITY,AXIS-IT&T|INE555B01013|1
AXISCETF,INF846K016C7,2021-09-23,2026-07-02,1177,4129,5305,0,AXISCETF|INF846K016C7|1,FUND_UNIT,AXISCETF|INF846K016C7|1
AXISGOLD,,2010-11-16,2011-06-21,149,1452,1600,0,AXISGOLD|NOISIN|1,UNKNOWN_NO_ISIN,AXISGOLD|INF846K01347|1
AXISGOLD,INF846K01347,2011-06-22,2020-07-23,2238,1601,3838,0,AXISGOLD|INF846K01347|1,FUND_UNIT,AXISGOLD|INF846K01347|1
AXISGOLD,INF846K01W80,2020-07-27,2026-07-02,1466,3840,5305,0,AXISGOLD|INF846K01W80|1,FUND_UNIT,AXISGOLD|INF846K01W80|1
AXISHCETF,INF846K01Z12,2021-05-21,2026-07-02,1263,4043,5305,0,AXISHCETF|INF846K01Z12|1,FUND_UNIT,AXISHCETF|INF846K01Z12|1
AXISILVER,INF846K011K1,2022-09-27,2026-07-02,926,4380,5305,0,AXISILVER|INF846K011K1|1,FUND_UNIT,AXISILVER|INF846K011K1|1
AXISNIFTY,INF846K01W98,2020-07-27,2026-07-02,1466,3840,5305,0,AXISNIFTY|INF846K01W98|1,FUND_UNIT,AXISNIFTY|INF846K01W98|1
AXISNIFTY,INF846K01ZL0,2017-07-10,2020-07-23,734,3090,3838,2,AXISNIFTY|INF846K01ZL0|1,FUND_UNIT,AXISNIFTY|INF846K01ZL0|1
AXISTECETF,INF846K01Y96,2021-03-31,2026-07-02,1296,4010,5305,0,AXISTECETF|INF846K01Y96|1,FUND_UNIT,AXISTECETF|INF846K01Y96|1
AXISVALUE,INF846KA1119,2025-03-20,2026-07-02,315,4991,5305,0,AXISVALUE|INF846KA1119|1,FUND_UNIT,AXISVALUE|INF846KA1119|1
AXITA,INE02EZ01014,2022-06-21,2022-10-20,84,4313,4396,0,AXITA|INE02EZ01014|1,EQUITY,AXITA|INE02EZ01014|1
AXITA,INE02EZ01022,2022-10-21,2026-09-30,834,4397,5368,75,AXITA|INE02EZ01022|1,EQUITY,AXITA|INE02EZ01014|1
AXSENSEX,INF846K010Q0,2023-03-29,2026-07-02,800,4506,5305,0,AXSENSEX|INF846K010Q0|1,FUND_UNIT,AXSENSEX|INF846K010Q0|1
AXTEL,INE767C01012,2026-08-17,2026-09-30,32,5337,5368,0,AXTEL|INE767C01012|1,EQUITY,AXTEL|INE767C01012|1
AYE,INE501X01029,2026-02-16,2026-09-30,154,5215,5368,0,AYE|INE501X01029|1,EQUITY,AYE|INE501X01029|1
AYMSYNTEX,INE193B01039,2016-02-03,2026-09-30,2497,2738,5368,94,AYMSYNTEX|INE193B01039|1,EQUITY,AYMSYNTEX|INE193B01039|1
AZAD,INE02IJ01035,2023-12-28,2026-09-30,680,4689,5368,0,AZAD|INE02IJ01035|1,EQUITY,AZAD|INE02IJ01035|1
AZADIND,INE566M01017,2026-08-17,2026-09-30,32,5337,5368,0,AZADIND|INE566M01017|1,EQUITY,AZADIND|INE566M01017|1
AZTEC,,2005-01-03,2006-09-19,427,0,426,0,AZTEC|NOISIN|1,UNKNOWN_NO_ISIN,AZTECSOFT|NOISIN|1
AZTECSOFT,,2006-09-20,2009-06-22,656,427,1102,20,AZTECSOFT|NOISIN|1,UNKNOWN_NO_ISIN,AZTECSOFT|NOISIN|1
BAFNAPH,INE878I01022,2020-03-17,2026-06-09,437,3752,5289,765,BAFNAPH|INE878I01022|1,EQUITY,BAFNAPH|INE878I01022|1
BAFNAPHARM,INE878I01014,2012-11-12,2019-05-31,1562,1945,3558,41,BAFNAPHARM|INE878I01014|1,EQUITY,BAFNAPHARM|INE878I01014|1
BAGFILMS,,2005-01-03,2007-01-25,514,0,513,0,BAGFILMS|NOISIN|1,UNKNOWN_NO_ISIN,BAGFILMS|NOISIN|1
BAGFILMS,,2007-06-08,2007-07-26,35,602,636,0,BAGFILMS|NOISIN|2,UNKNOWN_NO_ISIN,BAGFILMS|NOISIN|2
BAGFILMS,,2007-08-31,2009-05-28,425,661,1085,0,BAGFILMS|NOISIN|3,UNKNOWN_NO_ISIN,BAGFILMS|NOISIN|3
BAGFILMS,,2009-08-21,2010-04-16,156,1146,1301,0,BAGFILMS|NOISIN|4,UNKNOWN_NO_ISIN,BAGFILMS|NOISIN|4
BAGFILMS,,2010-06-11,2011-04-18,215,1341,1555,0,BAGFILMS|NOISIN|5,UNKNOWN_NO_ISIN,BAGFILMS|NOISIN|5
BAGFILMS,,2011-06-17,2011-06-21,3,1598,1600,0,BAGFILMS|NOISIN|6,UNKNOWN_NO_ISIN,BAGFILMS|INE116D01028|1
BAGFILMS,INE116D01028,2011-06-22,2026-09-30,2776,1601,5368,139,BAGFILMS|INE116D01028|1,EQUITY,BAGFILMS|INE116D01028|1
BAGYAMETAL,,2005-04-08,2006-09-11,355,66,420,0,BAGYAMETAL|NOISIN|1,UNKNOWN_NO_ISIN,BAGYAMETAL|NOISIN|1
BAIDFIN,INE020D01022,2023-01-20,2026-09-30,758,4460,5368,65,BAIDFIN|INE020D01022|1,EQUITY,BAIDFIN|INE020D01022|1
BAJAJ-AUTO,,2008-05-26,2011-06-21,759,842,1600,0,BAJAJ-AUTO|NOISIN|1,UNKNOWN_NO_ISIN,BAJAJ-AUTO|INE917I01010|1
BAJAJ-AUTO,INE917I01010,2011-06-22,2026-09-30,3768,1601,5368,0,BAJAJ-AUTO|INE917I01010|1,EQUITY,BAJAJ-AUTO|INE917I01010|1
BAJAJAUTO,,2005-01-03,2008-03-13,797,0,796,0,BAJAJAUTO|NOISIN|1,UNKNOWN_NO_ISIN,BAJAJAUTO|NOISIN|1
BAJAJCON,INE933K01021,2019-01-15,2026-09-30,1903,3466,5368,0,BAJAJCON|INE933K01021|1,EQUITY,BAJAJCON|INE933K01021|1
BAJAJCORP,,2010-08-18,2011-06-21,212,1389,1600,0,BAJAJCORP|NOISIN|1,UNKNOWN_NO_ISIN,BAJAJCON|INE933K01021|1
BAJAJCORP,INE933K01021,2011-06-22,2019-01-14,1865,1601,3465,0,BAJAJCORP|INE933K01021|1,EQUITY,BAJAJCON|INE933K01021|1
BAJAJELEC,,2007-11-02,2011-06-21,896,705,1600,0,BAJAJELEC|NOISIN|1,UNKNOWN_NO_ISIN,BAJAJELEC|INE193E01025|1
BAJAJELEC,INE193E01025,2011-06-22,2026-09-30,3758,1601,5368,10,BAJAJELEC|INE193E01025|1,EQUITY,BAJAJELEC|INE193E01025|1
BAJAJFINSV,,2008-05-26,2011-06-21,758,842,1600,1,BAJAJFINSV|NOISIN|1,UNKNOWN_NO_ISIN,BAJAJFINSV|INE918I01018|1
BAJAJFINSV,INE918I01018,2011-06-22,2022-09-13,2770,1601,4370,0,BAJAJFINSV|INE918I01018|1,EQUITY,BAJAJFINSV|INE918I01018|1
BAJAJFINSV,INE918I01026,2022-09-14,2026-09-30,998,4371,5368,0,BAJAJFINSV|INE918I01026|1,EQUITY,BAJAJFINSV|INE918I01018|1
BAJAJHCARE,INE411U01027,2021-11-25,2026-09-30,1198,4171,5368,0,BAJAJHCARE|INE411U01027|1,EQUITY,BAJAJHCARE|INE411U01027|1
BAJAJHFL,INE377Y01014,2024-09-16,2026-09-30,505,4864,5368,0,BAJAJHFL|INE377Y01014|1,EQUITY,BAJAJHFL|INE377Y01014|1
BAJAJHIND,,2005-01-03,2011-06-21,1601,0,1600,0,BAJAJHIND|NOISIN|1,UNKNOWN_NO_ISIN,BAJAJHIND|INE306A01021|1
BAJAJHIND,INE306A01021,2011-06-22,2026-09-30,3696,1601,5368,64,BAJAJHIND|INE306A01021|1,EQUITY,BAJAJHIND|INE306A01021|1
BAJAJHLDNG,,2008-03-14,2011-06-21,804,797,1600,0,BAJAJHLDNG|NOISIN|1,UNKNOWN_NO_ISIN,BAJAJAUTO|NOISIN|1
BAJAJHLDNG,INE118A01012,2011-06-22,2026-09-30,3768,1601,5368,0,BAJAJHLDNG|INE118A01012|1,EQUITY,BAJAJAUTO|NOISIN|1
BAJAJINDEF,INE0O9T01021,2025-03-10,2026-09-30,385,4984,5368,0,BAJAJINDEF|INE0O9T01021|1,EQUITY,BAJAJINDEF|INE0O9T01021|1
BAJAJPLAST,,2005-01-03,2005-05-26,94,0,99,2,BAJAJPLAST|NOISIN|1,UNKNOWN_NO_ISIN,BAJAJPLAST|NOISIN|1
BAJAJST,INE704G01024,2026-04-20,2026-09-30,114,5255,5368,0,BAJAJST|INE704G01024|1,EQUITY,BAJAJST|INE704G01024|1
BAJAUTOFIN,,2005-01-03,2010-09-28,1417,0,1417,1,BAJAUTOFIN|NOISIN|1,UNKNOWN_NO_ISIN,BAJAUTOFIN|NOISIN|1
BAJEL,INE0KQN01018,2024-01-03,2026-09-30,618,4693,5368,58,BAJEL|INE0KQN01018|1,EQUITY,BAJEL|INE0KQN01018|1
BAJFINANCE,,2010-09-29,2011-06-21,183,1418,1600,0,BAJFINANCE|NOISIN|1,UNKNOWN_NO_ISIN,BAJAUTOFIN|NOISIN|1
BAJFINANCE,INE296A01016,2011-06-22,2016-09-08,1285,1601,2885,0,BAJFINANCE|INE296A01016|1,EQUITY,BAJAUTOFIN|NOISIN|1
BAJFINANCE,INE296A01024,2016-09-09,2025-06-13,2162,2886,5047,0,BAJFINANCE|INE296A01024|1,EQUITY,BAJAUTOFIN|NOISIN|1
BAJFINANCE,INE296A01032,2025-06-16,2026-09-30,321,5048,5368,0,BAJFINANCE|INE296A01032|1,EQUITY,BAJAUTOFIN|NOISIN|1
BALAJEE,INE0S2G01011,2024-09-26,2026-09-30,497,4872,5368,0,BALAJEE|INE0S2G01011|1,EQUITY,BALAJEE|INE0S2G01011|1
BALAJITELE,,2005-01-03,2011-06-21,1601,0,1600,0,BALAJITELE|NOISIN|1,UNKNOWN_NO_ISIN,BALAJITELE|INE794B01026|1
BALAJITELE,INE794B01026,2011-06-22,2026-09-30,3548,1601,5368,67,BALAJITELE|INE794B01026|1,EQUITY,BALAJITELE|INE794B01026|1
BALAMINES,,2007-04-05,2011-06-21,1030,559,1600,1,BALAMINES|NOISIN|1,UNKNOWN_NO_ISIN,BALAMINES|INE050E01027|1
BALAMINES,INE050E01027,2011-06-22,2026-09-30,3768,1601,5368,0,BALAMINES|INE050E01027|1,EQUITY,BALAMINES|INE050E01027|1
BALASPONGE,,2005-01-03,2007-06-07,602,0,601,0,BALASPONGE|NOISIN|1,UNKNOWN_NO_ISIN,BALASPONGE|NOISIN|1
BALASTEELS,,2005-08-02,2007-06-07,456,146,601,0,BALASTEELS|NOISIN|1,UNKNOWN_NO_ISIN,BALASTEELS|NOISIN|1
BALAXI,INE618N01014,2019-03-19,2024-05-29,998,3510,4789,111,BALAXI|INE618N01014|1,EQUITY,ANANDAMRUB|INE618N01014|1
BALAXI,INE618N01022,2024-05-30,2026-09-30,513,4790,5368,66,BALAXI|INE618N01022|1,EQUITY,ANANDAMRUB|INE618N01014|1
BALKRISHNA,INE875R01011,2016-09-06,2026-09-30,1979,2883,5368,95,BALKRISHNA|INE875R01011|1,EQUITY,BALKRISHNA|INE875R01011|1
BALKRISIND,,2006-01-27,2011-06-21,1328,266,1600,1,BALKRISIND|NOISIN|1,UNKNOWN_NO_ISIN,BALKRISIND|INE787D01026|1
BALKRISIND,INE787D01026,2011-06-22,2026-09-30,3758,1601,5368,10,BALKRISIND|INE787D01026|1,EQUITY,BALKRISIND|INE787D01026|1
BALLARPUR,,2008-03-31,2011-06-21,795,806,1600,0,BALLARPUR|NOISIN|1,UNKNOWN_NO_ISIN,BALLARPUR|INE294A01037|1
BALLARPUR,INE294A01037,2011-06-22,2020-11-27,2166,1601,3927,102,BALLARPUR|INE294A01037|1,EQUITY,BALLARPUR|INE294A01037|1
BALMLAWRIE,,2005-01-03,2011-06-21,1600,0,1600,1,BALMLAWRIE|NOISIN|1,UNKNOWN_NO_ISIN,BALMLAWRIE|INE164A01016|1
BALMLAWRIE,INE164A01016,2011-06-22,2026-09-30,3768,1601,5368,0,BALMLAWRIE|INE164A01016|1,EQUITY,BALMLAWRIE|INE164A01016|1
BALPHARMA,,2006-05-08,2009-08-20,803,331,1145,2,BALPHARMA|NOISIN|1,UNKNOWN_NO_ISIN,BALPHARMA|NOISIN|1
BALPHARMA,,2009-11-20,2010-04-01,88,1205,1292,0,BALPHARMA|NOISIN|2,UNKNOWN_NO_ISIN,BALPHARMA|NOISIN|2
BALPHARMA,,2010-06-11,2011-01-20,157,1341,1497,0,BALPHARMA|NOISIN|3,UNKNOWN_NO_ISIN,BALPHARMA|NOISIN|3
BALPHARMA,,2011-03-07,2011-06-21,74,1527,1600,0,BALPHARMA|NOISIN|4,UNKNOWN_NO_ISIN,BALPHARMA|INE083D01012|1
BALPHARMA,INE083D01012,2011-06-22,2026-09-30,3469,1601,5368,91,BALPHARMA|INE083D01012|1,EQUITY,BALPHARMA|INE083D01012|1
BALRAMCHIN,,2005-01-03,2011-06-21,1601,0,1600,0,BALRAMCHIN|NOISIN|1,UNKNOWN_NO_ISIN,BALRAMCHIN|INE119A01028|1
BALRAMCHIN,INE119A01028,2011-06-22,2026-09-30,3768,1601,5368,0,BALRAMCHIN|INE119A01028|1,EQUITY,BALRAMCHIN|INE119A01028|1
BALUFORGE,INE011E01029,2024-04-29,2026-09-30,542,4769,5368,58,BALUFORGE|INE011E01029|1,EQUITY,BALUFORGE|INE011E01029|1
BANARBEADS,INE655B01011,2013-06-28,2026-09-30,2935,2101,5368,71,BANARBEADS|INE655B01011|1,EQUITY,BANARBEADS|INE655B01011|1
BANARISUG,,2005-01-03,2011-06-21,1598,0,1600,1,BANARISUG|NOISIN|1,UNKNOWN_NO_ISIN,BANARISUG|INE459A01010|1
BANARISUG,INE459A01010,2011-06-22,2026-09-30,3730,1601,5368,4,BANARISUG|INE459A01010|1,EQUITY,BANARISUG|INE459A01010|1
BANCOINDIA,,2006-12-22,2011-06-21,1103,491,1600,2,BANCOINDIA|NOISIN|1,UNKNOWN_NO_ISIN,BANCOINDIA|INE213C01025|1
BANCOINDIA,INE213C01025,2011-06-22,2026-09-30,3768,1601,5368,0,BANCOINDIA|INE213C01025|1,EQUITY,BANCOINDIA|INE213C01025|1
BANDHANBNK,INE545U01014,2018-03-27,2026-09-30,2101,3268,5368,0,BANDHANBNK|INE545U01014|1,EQUITY,BANDHANBNK|INE545U01014|1
BANG,,2008-02-20,2008-06-26,85,781,865,0,BANG|NOISIN|1,UNKNOWN_NO_ISIN,BANG|NOISIN|1
BANG,,2008-08-22,2008-10-03,29,905,933,0,BANG|NOISIN|2,UNKNOWN_NO_ISIN,BANG|NOISIN|2
BANG,,2008-12-01,2009-05-04,98,970,1067,0,BANG|NOISIN|3,UNKNOWN_NO_ISIN,BANG|NOISIN|3
BANG,,2009-06-12,2011-06-21,491,1096,1600,14,BANG|NOISIN|4,UNKNOWN_NO_ISIN,BANG|INE863I01016|1
BANG,INE863I01016,2011-06-22,2026-09-30,3073,1601,5368,100,BANG|INE863I01016|1,EQUITY,BANG|INE863I01016|1
BANK10ADD,INF740KA1YH2,2026-03-12,2026-09-30,137,5232,5368,0,BANK10ADD|INF740KA1YH2|1,FUND_UNIT,BANK10ADD|INF740KA1YH2|1
BANK10BETF,INF0QA701CI0,2026-07-21,2026-09-30,51,5318,5368,0,BANK10BETF|INF0QA701CI0|1,FUND_UNIT,BANK10BETF|INF0QA701CI0|1
BANKA,INE862Y01015,2020-10-29,2026-09-30,1153,3907,5368,159,BANKA|INE862Y01015|1,EQUITY,BANKA|INE862Y01015|1
BANKADD,INF740KA1RX3,2025-12-15,2026-09-30,196,5173,5368,0,BANKADD|INF740KA1RX3|1,FUND_UNIT,BANKADD|INF740KA1RX3|1
BANKBARODA,,2005-01-03,2011-06-21,1601,0,1600,0,BANKBARODA|NOISIN|1,UNKNOWN_NO_ISIN,BANKBARODA|INE028A01013|1
BANKBARODA,INE028A01013,2011-06-22,2015-01-22,884,1601,2484,0,BANKBARODA|INE028A01013|1,EQUITY,BANKBARODA|INE028A01013|1
BANKBARODA,INE028A01039,2015-01-23,2026-09-30,2884,2485,5368,0,BANKBARODA|INE028A01039|1,EQUITY,BANKBARODA|INE028A01013|1
BANKBEES,,2005-01-03,2011-06-21,1362,0,1600,9,BANKBEES|NOISIN|1,UNKNOWN_NO_ISIN,BANKBEES|INF732E01078|1
BANKBEES,INF204KB15I9,2019-12-20,2026-09-30,1676,3693,5368,0,BANKBEES|INF204KB15I9|1,FUND_UNIT,BANKBEES|INF204KB15I9|1
BANKBEES,INF732E01078,2011-06-22,2019-12-19,2092,1601,3692,0,BANKBEES|INF732E01078|1,FUND_UNIT,BANKBEES|INF732E01078|1
BANKBETA,INF789F1AUV1,2025-12-24,2026-09-30,189,5180,5368,0,BANKBETA|INF789F1AUV1|1,FUND_UNIT,BANKBETA|INF789F1AUV1|1
BANKBETF,INF0QA701714,2024-01-29,2026-09-30,660,4709,5368,0,BANKBETF|INF0QA701714|1,FUND_UNIT,BANKBETF|INF0QA701714|1
BANKETF,INF769K01KR3,2023-07-26,2026-09-30,784,4585,5368,0,BANKETF|INF769K01KR3|1,FUND_UNIT,BANKETF|INF769K01KR3|1
BANKETFADD,INF740KA1RX3,2024-02-15,2025-12-12,451,4722,5172,0,BANKETFADD|INF740KA1RX3|1,FUND_UNIT,BANKADD|INF740KA1RX3|1
BANKIETF,INF109KC15I8,2023-12-20,2026-09-30,685,4684,5368,0,BANKIETF|INF109KC15I8|1,FUND_UNIT,BANKIETF|INF109KC15I8|1
BANKINDIA,,2005-01-03,2011-06-21,1601,0,1600,0,BANKINDIA|NOISIN|1,UNKNOWN_NO_ISIN,BANKINDIA|INE084A01016|1
BANKINDIA,INE084A01016,2011-06-22,2026-09-30,3768,1601,5368,0,BANKINDIA|INE084A01016|1,EQUITY,BANKINDIA|INE084A01016|1
BANKNIFTY1,INF174K01F59,2024-03-20,2026-02-26,479,4745,5223,0,BANKNIFTY1|INF174K01F59|1,FUND_UNIT,BANKNIFTY1|INF174K01F59|1
BANKNIFTY1,INF174KA1ZB7,2026-02-27,2026-09-30,145,5224,5368,0,BANKNIFTY1|INF174KA1ZB7|1,FUND_UNIT,BANKNIFTY1|INF174KA1ZB7|1
BANKPSU,INF769K01LZ4,2024-10-08,2026-09-30,490,4879,5368,0,BANKPSU|INF769K01LZ4|1,FUND_UNIT,BANKPSU|INF769K01LZ4|1
BANKPUNJAB,,2005-01-03,2005-10-05,191,0,190,0,BANKPUNJAB|NOISIN|1,UNKNOWN_NO_ISIN,BANKPUNJAB|NOISIN|1
BANKRAJAS,,2005-01-03,2007-06-07,602,0,601,0,BANKRAJAS|NOISIN|1,UNKNOWN_NO_ISIN,BANKRAJAS|NOISIN|1
BANKRAJAS,,2007-08-31,2010-08-23,732,661,1392,0,BANKRAJAS|NOISIN|2,UNKNOWN_NO_ISIN,BANKRAJAS|NOISIN|2
BANSALWIRE,INE0B9K01025,2024-07-10,2026-09-30,551,4818,5368,0,BANSALWIRE|INE0B9K01025|1,EQUITY,BANSALWIRE|INE0B9K01025|1
BANSWRAS,,2007-04-11,2009-06-11,522,562,1095,2,BANSWRAS|NOISIN|1,UNKNOWN_NO_ISIN,BANSWRAS|NOISIN|1
BANSWRAS,,2009-08-21,2011-06-21,455,1146,1600,0,BANSWRAS|NOISIN|2,UNKNOWN_NO_ISIN,BANSWRAS|INE629D01012|1
BANSWRAS,INE629D01012,2011-06-22,2022-09-08,2541,1601,4367,59,BANSWRAS|INE629D01012|1,EQUITY,BANSWRAS|INE629D01012|1
BANSWRAS,INE629D01020,2022-09-09,2026-09-30,1001,4368,5368,0,BANSWRAS|INE629D01020|1,EQUITY,BANSWRAS|INE629D01012|1
BARBEQUE,INE382M01027,2021-04-07,2025-10-10,1116,4014,5129,0,BARBEQUE|INE382M01027|1,EQUITY,BARBEQUE|INE382M01027|1
BARTRONICS,,2006-01-12,2006-04-17,62,256,317,0,BARTRONICS|NOISIN|1,UNKNOWN_NO_ISIN,BARTRONICS|NOISIN|1
BARTRONICS,,2006-06-12,2006-11-23,115,356,470,0,BARTRONICS|NOISIN|2,UNKNOWN_NO_ISIN,BARTRONICS|NOISIN|2
BARTRONICS,,2007-03-02,2011-06-21,1065,536,1600,0,BARTRONICS|NOISIN|3,UNKNOWN_NO_ISIN,BARTRONICS|INE855F01034|1
BARTRONICS,INE855F01034,2011-06-22,2019-09-09,1772,1601,3625,59,BARTRONICS|INE855F01034|1,EQUITY,BARTRONICS|INE855F01034|1
BASF,,2005-01-03,2011-06-21,1600,0,1600,1,BASF|NOISIN|1,UNKNOWN_NO_ISIN,BASF|INE373A01013|1
BASF,INE373A01013,2011-06-22,2026-09-30,3768,1601,5368,0,BASF|INE373A01013|1,EQUITY,BASF|INE373A01013|1
BASML,,2005-11-14,2011-06-21,1383,215,1600,1,BASML|NOISIN|1,UNKNOWN_NO_ISIN,BASML|INE186H01014|1
BASML,INE186H01014,2011-06-22,2021-02-12,2227,1601,3979,69,BASML|INE186H01014|1,EQUITY,BASML|INE186H01014|1
BASML,INE186H01022,2021-02-15,2026-07-01,1224,3980,5304,68,BASML|INE186H01022|1,EQUITY,BASML|INE186H01014|1
BATAINDIA,,2005-01-03,2011-06-21,1601,0,1600,0,BATAINDIA|NOISIN|1,UNKNOWN_NO_ISIN,BATAINDIA|INE176A01010|1
BATAINDIA,INE176A01010,2011-06-22,2015-10-07,1058,1601,2658,0,BATAINDIA|INE176A01010|1,EQUITY,BATAINDIA|INE176A01010|1
BATAINDIA,INE176A01028,2015-10-08,2026-09-30,2710,2659,5368,0,BATAINDIA|INE176A01028|1,EQUITY,BATAINDIA|INE176A01010|1
BATLIBOI,,2006-12-20,2009-04-17,570,489,1058,0,BATLIBOI|NOISIN|1,UNKNOWN_NO_ISIN,BATLIBOI|NOISIN|1
BATLIBOI,,2009-08-21,2010-08-19,227,1146,1390,18,BATLIBOI|NOISIN|2,UNKNOWN_NO_ISIN,BATLIBOI|NOISIN|2
BATLIBOI,,2010-12-03,2011-06-21,137,1464,1600,0,BATLIBOI|NOISIN|3,UNKNOWN_NO_ISIN,BATLIBOI|INE177C01022|1
BATLIBOI,INE177C01022,2011-06-22,2026-09-30,357,1601,5368,3407,BATLIBOI|INE177C01022|1,EQUITY,BATLIBOI|INE177C01022|1
BAYERCROP,,2010-01-08,2011-06-21,364,1237,1600,0,BAYERCROP|NOISIN|1,UNKNOWN_NO_ISIN,BAYERCROP|INE462A01022|1
BAYERCROP,INE462A01022,2011-06-22,2026-09-30,3768,1601,5368,0,BAYERCROP|INE462A01022|1,EQUITY,BAYERCROP|INE462A01022|1
BBETF0432,INF754K01OB1,2021-12-17,2026-09-30,1182,4187,5368,0,BBETF0432|INF754K01OB1|1,FUND_UNIT,BBETF0432|INF754K01OB1|1
BBL,,2006-11-21,2011-06-21,1133,468,1600,0,BBL|NOISIN|1,UNKNOWN_NO_ISIN,BBL|INE464A01028|1
BBL,INE464A01028,2011-06-22,2024-04-23,3115,1601,4765,50,BBL|INE464A01028|1,EQUITY,BBL|INE464A01028|1
BBL,INE464A01036,2024-04-24,2026-09-30,603,4766,5368,0,BBL|INE464A01036|1,EQUITY,BBL|INE464A01028|1
BBNPNBETF,INF251K01TL6,2024-06-24,2026-09-30,563,4806,5368,0,BBNPNBETF|INF251K01TL6|1,FUND_UNIT,BBNPNBETF|INF251K01TL6|1
BBNPPGOLD,INF251K01SU9,2023-12-19,2026-09-30,684,4683,5368,1,BBNPPGOLD|INF251K01SU9|1,FUND_UNIT,BBNPPGOLD|INF251K01SU9|1
BBOX,INE676A01019,2021-12-03,2022-05-16,111,4177,4287,0,BBOX|INE676A01019|1,EQUITY,AGCNET|INE676A01019|1
BBOX,INE676A01027,2022-05-17,2026-09-30,910,4288,5368,58,BBOX|INE676A01027|1,EQUITY,AGCNET|INE676A01019|1
BBTC,,2005-01-03,2005-04-07,66,0,65,0,BBTC|NOISIN|1,UNKNOWN_NO_ISIN,BBTC|NOISIN|1
BBTC,,2005-07-08,2008-04-21,690,130,819,0,BBTC|NOISIN|2,UNKNOWN_NO_ISIN,BBTC|NOISIN|2
BBTC,,2008-06-13,2008-08-21,49,856,904,0,BBTC|NOISIN|3,UNKNOWN_NO_ISIN,BBTC|NOISIN|3
BBTC,,2008-12-01,2009-04-17,88,970,1058,1,BBTC|NOISIN|4,UNKNOWN_NO_ISIN,BBTC|NOISIN|4
BBTC,,2009-06-12,2009-08-20,50,1096,1145,0,BBTC|NOISIN|5,UNKNOWN_NO_ISIN,BBTC|NOISIN|5
BBTC,,2009-11-20,2011-06-21,395,1205,1600,1,BBTC|NOISIN|6,UNKNOWN_NO_ISIN,BBTC|INE050A01017|1
BBTC,INE050A01017,2011-06-22,2012-11-08,343,1601,1943,0,BBTC|INE050A01017|1,EQUITY,BBTC|INE050A01017|1
BBTC,INE050A01025,2012-11-09,2026-09-30,3425,1944,5368,0,BBTC|INE050A01025|1,EQUITY,BBTC|INE050A01017|1
BBTCL,INE01EE01011,2022-11-23,2026-09-30,951,4418,5368,0,BBTCL|INE01EE01011|1,EQUITY,BBTCL|INE01EE01011|1
BCCL,,2005-12-05,2007-11-30,497,229,725,0,BCCL|NOISIN|1,UNKNOWN_NO_ISIN,BCCL|NOISIN|1
BCCL,,2008-02-29,2009-03-06,246,788,1034,1,BCCL|NOISIN|2,UNKNOWN_NO_ISIN,ABCIL|INE605B01016|1
BCG,INE425B01027,2018-10-08,2026-09-30,1268,3399,5368,305,BCG|INE425B01027|1,EQUITY,BCG|INE425B01027|1
BCLIND,INE412G01016,2021-03-04,2023-10-26,535,3993,4647,63,BCLIND|INE412G01016|1,EQUITY,BCLIND|INE412G01016|1
BCLIND,INE412G01024,2023-10-27,2026-09-30,721,4648,5368,0,BCLIND|INE412G01024|1,EQUITY,BCLIND|INE412G01016|1
BCONCEPTS,INE977Y01011,2022-01-11,2026-09-30,735,4204,5368,158,BCONCEPTS|INE977Y01011|1,EQUITY,BCONCEPTS|INE977Y01011|1
BCP,INE905P01028,2019-08-19,2023-04-28,767,3611,4524,50,BCP|INE905P01028|1,EQUITY,BCP|INE905P01028|1
BCPL,INE00SW01015,2026-03-27,2026-09-30,127,5242,5368,0,BCPL|INE00SW01015|1,EQUITY,BCPL|INE00SW01015|1
BDL,INE171Z01018,2018-03-23,2024-05-23,1520,3266,4785,0,BDL|INE171Z01018|1,EQUITY,BDL|INE171Z01018|1
BDL,INE171Z01026,2024-05-24,2026-09-30,583,4786,5368,0,BDL|INE171Z01026|1,EQUITY,BDL|INE171Z01018|1
BEARDSELL,,2010-01-08,2010-02-18,28,1237,1264,0,BEARDSELL|NOISIN|1,UNKNOWN_NO_ISIN,BEARDSELL|NOISIN|1
BEARDSELL,,2010-06-11,2011-06-21,167,1341,1600,15,BEARDSELL|NOISIN|2,UNKNOWN_NO_ISIN,BEARDSELL|INE520H01014|1
BEARDSELL,INE520H01014,2011-06-22,2017-03-29,607,1601,3021,368,BEARDSELL|INE520H01014|1,EQUITY,BEARDSELL|INE520H01014|1
BEARDSELL,INE520H01022,2017-05-30,2026-09-30,1941,3062,5368,187,BEARDSELL|INE520H01022|1,EQUITY,BEARDSELL|INE520H01022|1
BECREL,,2010-08-09,2011-04-18,172,1382,1555,1,BECREL|NOISIN|1,UNKNOWN_NO_ISIN,BECREL|NOISIN|1
BECREL,,2011-06-17,2011-06-21,3,1598,1600,0,BECREL|NOISIN|2,UNKNOWN_NO_ISIN,BECREL|INE287A01015|1
BECREL,INE287A01015,2011-06-22,2013-11-20,272,1601,2197,64,BECREL|INE287A01015|1,EQUITY,BECREL|INE287A01015|1
BECTORFOOD,INE495P01012,2020-12-24,2025-12-11,1227,3945,5171,0,BECTORFOOD|INE495P01012|1,EQUITY,BECTORFOOD|INE495P01012|1
BECTORFOOD,INE495P01020,2025-12-12,2026-09-30,197,5172,5368,0,BECTORFOOD|INE495P01020|1,EQUITY,BECTORFOOD|INE495P01012|1
BEDMUTHA,,2010-10-14,2011-06-21,172,1429,1600,0,BEDMUTHA|NOISIN|1,UNKNOWN_NO_ISIN,BEDMUTHA|INE844K01012|1
BEDMUTHA,INE844K01012,2011-06-22,2026-09-30,3186,1601,5368,68,BEDMUTHA|INE844K01012|1,EQUITY,BEDMUTHA|INE844K01012|1
BEEKAY,INE213D01015,2026-04-20,2026-09-30,114,5255,5368,0,BEEKAY|INE213D01015|1,EQUITY,BEEKAY|INE213D01015|1
BEL,,2005-01-03,2011-06-21,1601,0,1600,0,BEL|NOISIN|1,UNKNOWN_NO_ISIN,BEL|INE263A01016|1
BEL,INE263A01016,2011-06-22,2017-03-16,1412,1601,3012,0,BEL|INE263A01016|1,EQUITY,BEL|INE263A01016|1
BEL,INE263A01024,2017-03-17,2026-09-30,2356,3013,5368,0,BEL|INE263A01024|1,EQUITY,BEL|INE263A01016|1
BELCERAMIC,,2005-04-08,2006-06-29,304,66,369,0,BELCERAMIC|NOISIN|1,UNKNOWN_NO_ISIN,BELCERAMIC|NOISIN|1
BELCERAMIC,,2006-08-28,2007-11-29,315,410,724,0,BELCERAMIC|NOISIN|2,UNKNOWN_NO_ISIN,BELCERAMIC|NOISIN|2
BELCERAMIC,,2008-02-29,2009-04-17,270,788,1058,1,BELCERAMIC|NOISIN|3,UNKNOWN_NO_ISIN,BELCERAMIC|NOISIN|3
BELCERAMIC,,2009-08-21,2010-07-23,226,1146,1371,0,BELCERAMIC|NOISIN|4,UNKNOWN_NO_ISIN,BELCERAMIC|NOISIN|4
BELLACASA,INE344T01014,2025-07-18,2026-09-30,297,5072,5368,0,BELLACASA|INE344T01014|1,EQUITY,BELLACASA|INE344T01014|1
BELLCERATL,,2010-09-23,2011-06-21,184,1414,1600,1,BELLCERATL|NOISIN|1,UNKNOWN_NO_ISIN,BELLCERATL|INE403A01026|1
BELLCERATL,INE403A01026,2011-06-22,2012-05-25,207,1601,1829,2,BELLCERATL|INE403A01026|1,EQUITY,BELLCERATL|INE403A01026|1
BELRISE,INE894V01022,2025-05-28,2026-09-30,334,5035,5368,0,BELRISE|INE894V01022|1,EQUITY,BELRISE|INE894V01022|1
BEML,,2005-01-03,2011-06-21,1601,0,1600,0,BEML|NOISIN|1,UNKNOWN_NO_ISIN,BEML|INE258A01016|1
BEML,INE258A01016,2011-06-22,2025-10-31,3507,1601,5143,26,BEML|INE258A01016|1,EQUITY,BEML|INE258A01016|1
BEML,INE258A01024,2025-11-03,2026-09-30,225,5144,5368,0,BEML|INE258A01024|1,EQUITY,BEML|INE258A01016|1
BENARAS,INE664D01019,2026-08-17,2026-09-30,32,5337,5368,0,BENARAS|INE664D01019|1,EQUITY,BENARAS|INE664D01019|1
BENGALASM,INE083K01017,2026-04-20,2026-09-30,114,5255,5368,0,BENGALASM|INE083K01017|1,EQUITY,BENGALASM|INE083K01017|1
BEPL,,2005-03-21,2006-02-16,227,53,279,0,BEPL|NOISIN|1,UNKNOWN_NO_ISIN,BEPL|NOISIN|1
BEPL,,2006-06-12,2009-12-10,861,356,1219,1,BEPL|NOISIN|2,UNKNOWN_NO_ISIN,BEPL|NOISIN|2
BEPL,,2010-02-19,2010-06-10,74,1265,1340,2,BEPL|NOISIN|3,UNKNOWN_NO_ISIN,BEPL|NOISIN|3
BEPL,,2010-08-20,2011-06-21,209,1391,1600,1,BEPL|NOISIN|4,UNKNOWN_NO_ISIN,BEPL|INE922A01025|1
BEPL,INE922A01025,2011-06-22,2026-09-30,3646,1601,5368,26,BEPL|INE922A01025|1,EQUITY,BEPL|INE922A01025|1
BERGEPAINT,,2005-01-03,2011-06-21,1601,0,1600,0,BERGEPAINT|NOISIN|1,UNKNOWN_NO_ISIN,BERGEPAINT|INE463A01020|1
BERGEPAINT,INE463A01020,2011-06-22,2015-01-08,874,1601,2474,0,BERGEPAINT|INE463A01020|1,EQUITY,BERGEPAINT|INE463A01020|1
BERGEPAINT,INE463A01038,2015-01-09,2026-09-30,2894,2475,5368,0,BERGEPAINT|INE463A01038|1,EQUITY,BERGEPAINT|INE463A01020|1
BESTAGRO,INE052T01013,2021-02-22,2026-01-14,959,3985,5194,172,BESTAGRO|INE052T01013|1,EQUITY,BESTAGRO|INE052T01013|1
BESTAGRO,INE052T01021,2026-01-16,2026-09-30,113,5195,5368,61,BESTAGRO|INE052T01021|1,EQUITY,BESTAGRO|INE052T01013|1
BETA,INE351Y01019,2025-11-24,2026-09-30,211,5158,5368,0,BETA|INE351Y01019|1,EQUITY,BETA|INE351Y01019|1
BFINVEST,,2011-01-31,2011-06-21,98,1503,1600,0,BFINVEST|NOISIN|1,UNKNOWN_NO_ISIN,BFINVEST|INE878K01010|1
BFINVEST,INE878K01010,2011-06-22,2026-09-30,3752,1601,5368,2,BFINVEST|INE878K01010|1,EQUITY,BFINVEST|INE878K01010|1
BFSI,INF769K01HI8,2023-09-01,2026-09-30,758,4611,5368,0,BFSI|INF769K01HI8|1,FUND_UNIT,BFSI|INF769K01HI8|1
BFUTILITIE,,2007-05-03,2011-06-21,1025,576,1600,0,BFUTILITIE|NOISIN|1,UNKNOWN_NO_ISIN,BFUTILITIE|INE243D01012|1
BFUTILITIE,INE243D01012,2011-06-22,2026-09-30,3524,1601,5368,117,BFUTILITIE|INE243D01012|1,EQUITY,BFUTILITIE|INE243D01012|1
BGFL,,2005-01-03,2006-07-07,376,0,375,0,BGFL|NOISIN|1,UNKNOWN_NO_ISIN,BGFL|NOISIN|1
BGLOBAL,INE224M01013,2011-07-28,2014-01-10,541,1627,2233,16,BGLOBAL|INE224M01013|1,EQUITY,BGLOBAL|INE224M01013|1
BGRENERGY,,2008-01-03,2011-06-21,854,747,1600,0,BGRENERGY|NOISIN|1,UNKNOWN_NO_ISIN,BGRENERGY|INE661I01014|1
BGRENERGY,INE661I01014,2011-06-22,2026-02-23,3154,1601,5220,159,BGRENERGY|INE661I01014|1,EQUITY,BGRENERGY|INE661I01014|1
BHAGCHEM,INE414D01019,2021-10-18,2024-04-30,626,4145,4770,0,BHAGCHEM|INE414D01019|1,EQUITY,BHAGCHEM|INE414D01019|1
BHAGCHEM,INE414D01027,2024-05-02,2026-09-30,598,4771,5368,0,BHAGCHEM|INE414D01027|1,EQUITY,BHAGCHEM|INE414D01019|1
BHAGERIA,INE354C01019,2016-03-02,2016-10-26,159,2758,2916,0,BHAGERIA|INE354C01019|1,EQUITY,BHAGERIA|INE354C01019|1
BHAGERIA,INE354C01027,2016-10-27,2026-09-30,2324,2917,5368,64,BHAGERIA|INE354C01027|1,EQUITY,BHAGERIA|INE354C01027|1
BHAGWATIHO,,2007-05-17,2007-11-29,139,586,724,0,BHAGWATIHO|NOISIN|1,UNKNOWN_NO_ISIN,BHAGWATIHO|NOISIN|1
BHAGWATIHO,,2008-02-29,2010-08-05,574,788,1380,18,BHAGWATIHO|NOISIN|2,UNKNOWN_NO_ISIN,BHAGWATIHO|NOISIN|2
BHAGWATIHO,,2010-12-03,2011-06-21,137,1464,1600,0,BHAGWATIHO|NOISIN|3,UNKNOWN_NO_ISIN,BHAGWATIHO|INE797H01018|1
BHAGWATIHO,INE797H01018,2011-06-22,2013-05-30,480,1601,2080,0,BHAGWATIHO|INE797H01018|1,EQUITY,BHAGWATIHO|INE797H01018|1
BHAGYANGR,INE458B01036,2017-05-31,2026-09-30,1944,3063,5368,70,BHAGYANGR|INE458B01036|1,EQUITY,BHAGYANGR|INE458B01036|1
BHAGYAPROP,INE363W01018,2017-08-23,2022-12-09,1248,3121,4430,59,BHAGYAPROP|INE363W01018|1,EQUITY,BHAGYAPROP|INE363W01018|1
BHAGYNAGAR,,2006-09-12,2011-06-21,1180,421,1600,0,BHAGYNAGAR|NOISIN|1,UNKNOWN_NO_ISIN,BAGYAMETAL|NOISIN|1
BHAGYNAGAR,INE458B01028,2011-06-22,2017-03-09,1382,1601,3008,6,BHAGYNAGAR|INE458B01028|1,EQUITY,BAGYAMETAL|NOISIN|1
BHANDARI,INE474E01029,2017-01-30,2026-09-30,2061,2981,5368,91,BHANDARI|INE474E01029|1,EQUITY,BHANDARI|INE474E01029|1
BHARATCOAL,INE05XR01022,2026-01-19,2026-09-30,173,5196,5368,0,BHARATCOAL|INE05XR01022|1,EQUITY,BHARATCOAL|INE05XR01022|1
BHARATFIN,INE180K01011,2016-07-01,2019-07-02,741,2839,3579,0,BHARATFIN|INE180K01011|1,EQUITY,BHARATFIN|INE180K01011|1
BHARATFORG,,2005-01-03,2011-06-21,1601,0,1600,0,BHARATFORG|NOISIN|1,UNKNOWN_NO_ISIN,BHARATFORG|INE465A01025|1
BHARATFORG,INE465A01025,2011-06-22,2026-09-30,3768,1601,5368,0,BHARATFORG|INE465A01025|1,EQUITY,BHARATFORG|INE465A01025|1
BHARATGEAR,,2005-01-03,2009-08-20,1144,0,1145,1,BHARATGEAR|NOISIN|1,UNKNOWN_NO_ISIN,BHARATGEAR|NOISIN|1
BHARATGEAR,,2009-11-20,2011-06-21,378,1205,1600,18,BHARATGEAR|NOISIN|2,UNKNOWN_NO_ISIN,BHARATGEAR|INE561C01019|1
BHARATGEAR,INE561C01019,2011-06-22,2026-07-06,3452,1601,5307,71,BHARATGEAR|INE561C01019|1,EQUITY,BHARATGEAR|INE561C01019|1
BHARATIDIL,INE673G01013,2016-03-14,2017-09-27,316,2765,3145,65,BHARATIDIL|INE673G01013|1,EQUITY,BHARATIDIL|INE673G01013|1
BHARATIWIN,INF109KB15Y7,2017-11-28,2018-04-18,96,3187,3282,0,BHARATIWIN|INF109KB15Y7|1,FUND_UNIT,BHARATIWIN|INF109KB15Y7|1
BHARATRAS,,2005-01-03,2005-05-19,95,0,94,0,BHARATRAS|NOISIN|1,UNKNOWN_NO_ISIN,BHARATRAS|NOISIN|1
BHARATRAS,,2005-07-08,2005-08-25,33,130,162,0,BHARATRAS|NOISIN|2,UNKNOWN_NO_ISIN,BHARATRAS|NOISIN|2
BHARATRAS,,2006-02-17,2008-01-23,431,280,761,5,BHARATRAS|NOISIN|3,UNKNOWN_NO_ISIN,BHARATRAS|NOISIN|3
BHARATRAS,,2008-02-29,2010-06-10,443,788,1340,12,BHARATRAS|NOISIN|4,UNKNOWN_NO_ISIN,BHARATRAS|NOISIN|4
BHARATRAS,,2010-08-20,2011-06-21,189,1391,1600,3,BHARATRAS|NOISIN|5,UNKNOWN_NO_ISIN,BHARATRAS|INE838B01013|1
BHARATRAS,INE838B01013,2011-06-22,2025-12-11,3417,1601,5171,23,BHARATRAS|INE838B01013|1,EQUITY,BHARATRAS|INE838B01013|1
BHARATRAS,INE838B01021,2025-12-12,2026-09-30,197,5172,5368,0,BHARATRAS|INE838B01021|1,EQUITY,BHARATRAS|INE838B01013|1
BHARATSE,INE415D01024,2025-03-24,2026-09-30,310,4993,5368,66,BHARATSE|INE415D01024|1,EQUITY,BHARATSE|INE415D01024|1
BHARATWIRE,INE316L01019,2016-04-20,2026-09-30,2387,2787,5368,59,BHARATWIRE|INE316L01019|1,EQUITY,BHARATWIRE|INE316L01019|1
BHARTI,,2005-01-03,2006-06-16,361,0,360,0,BHARTI|NOISIN|1,UNKNOWN_NO_ISIN,BHARTIARTL|INE397D01024|1
BHARTIARTL,,2006-06-19,2011-06-21,1240,361,1600,0,BHARTIARTL|NOISIN|1,UNKNOWN_NO_ISIN,BHARTIARTL|INE397D01024|1
BHARTIARTL,INE397D01024,2011-06-22,2026-09-30,3768,1601,5368,0,BHARTIARTL|INE397D01024|1,EQUITY,BHARTIARTL|INE397D01024|1
BHARTIHEXA,INE343G01021,2024-04-12,2026-09-30,610,4759,5368,0,BHARTIHEXA|INE343G01021|1,EQUITY,BHARTIHEXA|INE343G01021|1
BHARTISHIP,,2005-01-03,2011-06-21,1601,0,1600,0,BHARTISHIP|NOISIN|1,UNKNOWN_NO_ISIN,BHARATIDIL|INE673G01013|1
BHARTISHIP,INE673G01013,2011-06-22,2014-12-24,673,1601,2464,149,BHARTISHIP|INE673G01013|1,EQUITY,BHARATIDIL|INE673G01013|1
BHEL,,2005-01-03,2011-06-21,1601,0,1600,0,BHEL|NOISIN|1,UNKNOWN_NO_ISIN,BHEL|INE257A01018|1
BHEL,INE257A01018,2011-06-22,2011-10-03,71,1601,1671,0,BHEL|INE257A01018|1,EQUITY,BHEL|INE257A01018|1
BHEL,INE257A01026,2011-10-04,2026-09-30,3697,1672,5368,0,BHEL|INE257A01026|1,EQUITY,BHEL|INE257A01018|1
BHUSANSTL,,2005-01-03,2011-06-21,1601,0,1600,0,BHUSANSTL|NOISIN|1,UNKNOWN_NO_ISIN,BHUSANSTL|INE824B01021|1
BHUSANSTL,INE824B01021,2011-06-22,2018-12-07,1840,1601,3440,0,BHUSANSTL|INE824B01021|1,EQUITY,BHUSANSTL|INE824B01021|1
BI,INE986A01012,2026-04-20,2026-08-19,85,5255,5339,0,BI|INE986A01012|1,EQUITY,BI|INE986A01012|1
BIGBLOC,INE412U01017,2016-09-20,2021-11-15,1097,2892,4164,115,BIGBLOC|INE412U01017|1,EQUITY,BIGBLOC|INE412U01017|1
BIGBLOC,INE412U01025,2021-11-16,2026-09-30,1116,4165,5368,63,BIGBLOC|INE412U01025|1,EQUITY,BIGBLOC|INE412U01017|1
BIKAJI,INE00E101023,2022-11-16,2026-09-30,956,4413,5368,0,BIKAJI|INE00E101023|1,EQUITY,BIKAJI|INE00E101023|1
BIL,,2005-01-03,2006-04-20,321,0,320,0,BIL|NOISIN|1,UNKNOWN_NO_ISIN,BIL|NOISIN|1
BIL,,2006-06-12,2011-06-21,1234,356,1600,1,BIL|NOISIN|2,UNKNOWN_NO_ISIN,BIL|INE828A01016|1
BIL,INE828A01016,2011-06-22,2026-09-30,3118,1601,5368,174,BIL|INE828A01016|1,EQUITY,BIL|INE828A01016|1
BILENERGY,,2011-03-01,2011-06-21,77,1524,1600,0,BILENERGY|NOISIN|1,UNKNOWN_NO_ISIN,BILENERGY|INE607L01011|1
BILENERGY,INE607L01011,2011-06-22,2013-03-26,192,1601,2038,88,BILENERGY|INE607L01011|1,EQUITY,BILENERGY|INE607L01011|1
BILENERGY,INE607L01029,2013-03-28,2020-11-27,1260,2039,3927,125,BILENERGY|INE607L01029|1,EQUITY,BILENERGY|INE607L01011|1
BILPOWER,,2007-01-29,2011-06-21,1076,514,1600,10,BILPOWER|NOISIN|1,UNKNOWN_NO_ISIN,BILPOWER|INE952D01018|1
BILPOWER,INE952D01018,2011-06-22,2018-05-17,1126,1601,3302,87,BILPOWER|INE952D01018|1,EQUITY,BILPOWER|INE952D01018|1
BILT,,2005-01-03,2008-02-28,788,0,787,0,BILT|NOISIN|1,UNKNOWN_NO_ISIN,BILT|NOISIN|1
BILVYAPAR,INE071A01013,2025-09-15,2025-11-25,49,5111,5159,0,BILVYAPAR|INE071A01013|1,EQUITY,BILVYAPAR|INE071A01013|1
BIMETAL,,2009-11-05,2011-06-20,381,1194,1599,18,BIMETAL|NOISIN|1,UNKNOWN_NO_ISIN,BIMETAL|NOISIN|1
BIMETAL,INE469A01019,2011-06-22,2026-09-30,893,1601,5368,2766,BIMETAL|INE469A01019|1,EQUITY,BIMETAL|INE469A01019|1
BINANICEM,,2007-05-28,2011-05-20,986,593,1578,0,BINANICEM|NOISIN|1,UNKNOWN_NO_ISIN,BINANICEM|NOISIN|1
BINANIIND,,2006-09-27,2011-06-21,1168,432,1600,1,BINANIIND|NOISIN|1,UNKNOWN_NO_ISIN,BILVYAPAR|INE071A01013|1
BINANIIND,INE071A01013,2011-06-22,2025-04-17,2026,1601,5008,853,BINANIIND|INE071A01013|1,EQUITY,BILVYAPAR|INE071A01013|1
BINDALAGRO,,2005-01-03,2011-06-21,1601,0,1600,0,BINDALAGRO|NOISIN|1,UNKNOWN_NO_ISIN,BINDALAGRO|INE143A01010|1
BINDALAGRO,INE143A01010,2011-06-22,2023-05-18,2857,1601,4537,60,BINDALAGRO|INE143A01010|1,EQUITY,BINDALAGRO|INE143A01010|1
BIOCON,,2005-01-03,2011-06-21,1601,0,1600,0,BIOCON|NOISIN|1,UNKNOWN_NO_ISIN,BIOCON|INE376G01013|1
BIOCON,INE376G01013,2011-06-22,2026-09-30,3768,1601,5368,0,BIOCON|INE376G01013|1,EQUITY,BIOCON|INE376G01013|1
BIOFILCHEM,INE829A01014,2019-11-22,2026-09-30,1377,3673,5368,174,BIOFILCHEM|INE829A01014|1,EQUITY,BIOFILCHEM|INE829A01014|1
BIRLACABLE,INE800A01015,2016-11-22,2026-09-30,2082,2933,5368,89,BIRLACABLE|INE800A01015|1,EQUITY,BIRLACABLE|INE800A01015|1
BIRLACORPN,,2008-07-28,2011-06-21,714,887,1600,0,BIRLACORPN|NOISIN|1,UNKNOWN_NO_ISIN,BIRLACORPN|INE340A01012|1
BIRLACORPN,INE340A01012,2011-06-22,2026-09-30,3768,1601,5368,0,BIRLACORPN|INE340A01012|1,EQUITY,BIRLACORPN|INE340A01012|1
BIRLACOT,,2008-07-30,2009-02-19,136,889,1024,0,BIRLACOT|NOISIN|1,UNKNOWN_NO_ISIN,BIRLACOT|NOISIN|1
BIRLACOT,,2009-11-20,2010-01-21,42,1205,1246,0,BIRLACOT|NOISIN|2,UNKNOWN_NO_ISIN,BIRLACOT|NOISIN|2
BIRLACOT,,2010-06-11,2010-08-19,50,1341,1390,0,BIRLACOT|NOISIN|3,UNKNOWN_NO_ISIN,BIRLACOT|NOISIN|3
BIRLACOT,,2010-12-03,2011-06-21,137,1464,1600,0,BIRLACOT|NOISIN|4,UNKNOWN_NO_ISIN,BIRLACOT|INE655I01024|1
BIRLACOT,INE655I01024,2011-06-22,2017-03-08,934,1601,3007,105,BIRLACOT|INE655I01024|1,EQUITY,BIRLACOT|INE655I01024|1
BIRLAERIC,,2005-01-03,2006-05-11,335,0,334,0,BIRLAERIC|NOISIN|1,UNKNOWN_NO_ISIN,BIRLAERIC|NOISIN|1
BIRLAERIC,,2006-06-12,2006-06-29,14,356,369,0,BIRLAERIC|NOISIN|2,UNKNOWN_NO_ISIN,BIRLAERIC|NOISIN|2
BIRLAERIC,,2006-08-28,2007-11-29,315,410,724,0,BIRLAERIC|NOISIN|3,UNKNOWN_NO_ISIN,BIRLAERIC|NOISIN|3
BIRLAERIC,,2008-02-29,2009-05-28,297,788,1085,1,BIRLAERIC|NOISIN|4,UNKNOWN_NO_ISIN,BIRLAERIC|NOISIN|4
BIRLAERIC,,2009-08-21,2010-01-07,91,1146,1236,0,BIRLAERIC|NOISIN|5,UNKNOWN_NO_ISIN,BIRLAERIC|NOISIN|5
BIRLAERIC,,2010-02-19,2010-09-16,145,1265,1409,0,BIRLAERIC|NOISIN|6,UNKNOWN_NO_ISIN,BIRLAERIC|NOISIN|6
BIRLAERIC,,2010-12-03,2011-03-17,72,1464,1535,0,BIRLAERIC|NOISIN|7,UNKNOWN_NO_ISIN,BIRLAERIC|NOISIN|7
BIRLAERIC,,2011-06-17,2011-06-21,3,1598,1600,0,BIRLAERIC|NOISIN|8,UNKNOWN_NO_ISIN,BIRLACABLE|INE800A01015|1
BIRLAERIC,INE800A01015,2011-06-22,2014-01-10,529,1601,2233,63,BIRLAERIC|INE800A01015|1,EQUITY,BIRLACABLE|INE800A01015|1
BIRLAJUTE,,2005-01-03,2008-07-25,887,0,886,0,BIRLAJUTE|NOISIN|1,UNKNOWN_NO_ISIN,BIRLACORPN|INE340A01012|1
BIRLAMONEY,,2009-09-09,2010-01-07,78,1159,1236,0,BIRLAMONEY|NOISIN|1,UNKNOWN_NO_ISIN,APOLLOSIND|NOISIN|3
BIRLAMONEY,,2010-02-19,2011-06-21,336,1265,1600,0,BIRLAMONEY|NOISIN|2,UNKNOWN_NO_ISIN,BIRLAMONEY|INE865C01022|1
BIRLAMONEY,INE865C01022,2011-06-22,2026-09-30,3220,1601,5368,97,BIRLAMONEY|INE865C01022|1,EQUITY,BIRLAMONEY|INE865C01022|1
BIRLANU,INE557A01011,2025-04-09,2026-09-30,365,5004,5368,0,BIRLANU|INE557A01011|1,EQUITY,BIRLANU|INE557A01011|1
BIRLAPOWER,,2007-06-06,2007-11-15,115,600,714,0,BIRLAPOWER|NOISIN|1,UNKNOWN_NO_ISIN,BIRLAPOWER|NOISIN|1
BIRLAPOWER,,2008-02-29,2009-05-14,288,788,1075,0,BIRLAPOWER|NOISIN|2,UNKNOWN_NO_ISIN,BIRLAPOWER|NOISIN|2
BIRLAPOWER,,2009-08-21,2010-01-07,91,1146,1236,0,BIRLAPOWER|NOISIN|3,UNKNOWN_NO_ISIN,BIRLAPOWER|NOISIN|3
BIRLAPOWER,,2010-02-19,2011-04-28,298,1265,1562,0,BIRLAPOWER|NOISIN|4,UNKNOWN_NO_ISIN,BIRLAPOWER|NOISIN|4
BIRLAPOWER,,2011-06-17,2011-06-21,3,1598,1600,0,BIRLAPOWER|NOISIN|5,UNKNOWN_NO_ISIN,BIRLAPOWER|INE224B01024|1
BIRLAPOWER,INE224B01024,2011-06-22,2013-08-22,459,1601,2138,64,BIRLAPOWER|INE224B01024|1,EQUITY,BIRLAPOWER|INE224B01024|1
BIRLAPREC,INE372E01025,2026-04-20,2026-09-08,99,5255,5353,0,BIRLAPREC|INE372E01025|1,EQUITY,BIRLAPREC|INE372E01025|1
BIRLATYRE,INE0AEJ01013,2020-02-25,2022-05-24,530,3738,4293,10,BIRLATYRE|INE0AEJ01013|1,EQUITY,BIRLATYRE|INE0AEJ01013|1
BKMINDST,INE831Q01016,2017-11-23,2021-05-21,673,3184,4043,55,BKMINDST|INE831Q01016|1,EQUITY,BKMINDST|INE831Q01016|1
BLACKBUCK,INE0UIZ01018,2024-11-22,2026-09-30,459,4910,5368,0,BLACKBUCK|INE0UIZ01018|1,EQUITY,BLACKBUCK|INE0UIZ01018|1
BLACKROSE,INE761G01016,2026-04-20,2026-09-30,50,5255,5368,64,BLACKROSE|INE761G01016|1,EQUITY,BLACKROSE|INE761G01016|1
BLAL,INE0N7W01012,2023-05-04,2026-09-30,842,4527,5368,0,BLAL|INE0N7W01012|1,EQUITY,BLAL|INE0N7W01012|1
BLBLIMITED,,2005-01-03,2005-04-07,65,0,65,1,BLBLIMITED|NOISIN|1,UNKNOWN_NO_ISIN,BLBLIMITED|NOISIN|1
BLBLIMITED,,2005-07-08,2005-07-14,5,130,134,0,BLBLIMITED|NOISIN|2,UNKNOWN_NO_ISIN,BLBLIMITED|NOISIN|2
BLBLIMITED,,2006-02-21,2009-05-28,789,282,1085,2,BLBLIMITED|NOISIN|3,UNKNOWN_NO_ISIN,BLBLIMITED|NOISIN|3
BLBLIMITED,,2009-08-21,2009-09-17,20,1146,1165,0,BLBLIMITED|NOISIN|4,UNKNOWN_NO_ISIN,BLBLIMITED|NOISIN|4
BLBLIMITED,,2009-11-20,2010-10-28,235,1205,1439,0,BLBLIMITED|NOISIN|5,UNKNOWN_NO_ISIN,BLBLIMITED|NOISIN|5
BLBLIMITED,,2010-12-03,2011-06-21,137,1464,1600,0,BLBLIMITED|NOISIN|6,UNKNOWN_NO_ISIN,BLBLIMITED|INE791A01024|1
BLBLIMITED,INE791A01024,2011-06-22,2026-09-30,2534,1601,5368,166,BLBLIMITED|INE791A01024|1,EQUITY,BLBLIMITED|INE791A01024|1
BLEL,INE1EEM01017,2026-08-19,2026-09-30,30,5339,5368,0,BLEL|INE1EEM01017|1,EQUITY,BLEL|INE1EEM01017|1
BLIL,INE525F01025,2026-04-20,2026-09-30,114,5255,5368,0,BLIL|INE525F01025|1,EQUITY,BLIL|INE525F01025|1
BLISSGVS,,2010-07-26,2011-06-21,229,1372,1600,0,BLISSGVS|NOISIN|1,UNKNOWN_NO_ISIN,BLISSGVS|INE416D01022|1
BLISSGVS,INE416D01022,2011-06-22,2026-07-02,3705,1601,5305,0,BLISSGVS|INE416D01022|1,EQUITY,BLISSGVS|INE416D01022|1
BLKASHYAP,,2006-03-17,2011-06-21,1302,299,1600,0,BLKASHYAP|NOISIN|1,UNKNOWN_NO_ISIN,BLKASHYAP|INE350H01032|1
BLKASHYAP,INE350H01032,2011-06-22,2026-09-30,3498,1601,5368,67,BLKASHYAP|INE350H01032|1,EQUITY,BLKASHYAP|INE350H01032|1
BLOWPLAST,,2005-08-23,2007-02-19,368,160,527,0,BLOWPLAST|NOISIN|1,UNKNOWN_NO_ISIN,BLOWPLAST|NOISIN|1
BLS,INE153T01019,2016-11-22,2017-04-26,107,2933,3039,0,BLS|INE153T01019|1,EQUITY,BLS|INE153T01019|1
BLS,INE153T01027,2017-04-27,2026-09-30,2265,3040,5368,64,BLS|INE153T01027|1,EQUITY,BLS|INE153T01019|1
BLSE,INE0NLT01010,2024-02-06,2026-09-30,596,4715,5368,58,BLSE|INE0NLT01010|1,EQUITY,BLSE|INE0NLT01010|1
BLUEBIRD,,2006-12-11,2009-06-11,614,482,1095,0,BLUEBIRD|NOISIN|1,UNKNOWN_NO_ISIN,BLUEBIRD|NOISIN|1
BLUEBIRD,,2009-08-21,2010-09-02,255,1146,1400,0,BLUEBIRD|NOISIN|2,UNKNOWN_NO_ISIN,BLUEBIRD|NOISIN|2
BLUEBLENDS,INE113O01014,2015-08-24,2019-06-17,845,2629,3568,44,BLUEBLENDS|INE113O01014|1,EQUITY,BLUEBLENDS|INE113O01014|1
BLUECHIP,,2005-01-03,2006-01-13,258,0,257,0,BLUECHIP|NOISIN|1,UNKNOWN_NO_ISIN,BLUECHIP|NOISIN|1
BLUECHIP,,2006-06-12,2006-06-29,14,356,369,0,BLUECHIP|NOISIN|2,UNKNOWN_NO_ISIN,BLUECHIP|NOISIN|2
BLUECHIP,,2006-08-28,2006-10-19,38,410,447,0,BLUECHIP|NOISIN|3,UNKNOWN_NO_ISIN,BLUECHIP|NOISIN|3
BLUECHIP,,2006-11-24,2009-05-28,614,471,1085,1,BLUECHIP|NOISIN|4,UNKNOWN_NO_ISIN,BLUECHIP|NOISIN|4
BLUECHIP,,2009-08-21,2010-09-30,274,1146,1419,0,BLUECHIP|NOISIN|5,UNKNOWN_NO_ISIN,BLUECHIP|NOISIN|5
BLUECHIP,,2010-12-03,2011-01-20,34,1464,1497,0,BLUECHIP|NOISIN|6,UNKNOWN_NO_ISIN,BLUECHIP|NOISIN|6
BLUECHIP,,2011-03-07,2011-06-21,74,1527,1600,0,BLUECHIP|NOISIN|7,UNKNOWN_NO_ISIN,BLUECHIP|INE657B01025|1
BLUECHIP,INE657B01025,2011-06-22,2026-08-31,1023,1601,5347,1001,BLUECHIP|INE657B01025|1,EQUITY,BLUECHIP|INE657B01025|1
BLUECLOUDS,INE373T01047,2026-08-17,2026-09-30,32,5337,5368,0,BLUECLOUDS|INE373T01047|1,EQUITY,BLUECLOUDS|INE373T01047|1
BLUECOAST,,2007-03-02,2007-03-06,3,536,538,0,BLUECOAST|NOISIN|1,UNKNOWN_NO_ISIN,BLUECOAST|NOISIN|1
BLUECOAST,,2007-04-19,2007-05-21,15,568,588,4,BLUECOAST|NOISIN|2,UNKNOWN_NO_ISIN,BLUECOAST|NOISIN|2
BLUECOAST,,2007-09-03,2008-10-01,179,662,932,7,BLUECOAST|NOISIN|3,UNKNOWN_NO_ISIN,BLUECOAST|NOISIN|3
BLUECOAST,,2008-11-07,2009-06-25,44,956,1105,18,BLUECOAST|NOISIN|4,UNKNOWN_NO_ISIN,BLUECOAST|NOISIN|4
BLUECOAST,,2009-08-21,2010-02-18,84,1146,1264,3,BLUECOAST|NOISIN|5,UNKNOWN_NO_ISIN,BLUECOAST|NOISIN|5
BLUECOAST,,2010-06-11,2010-12-23,91,1341,1477,7,BLUECOAST|NOISIN|6,UNKNOWN_NO_ISIN,BLUECOAST|NOISIN|6
BLUECOAST,,2011-03-08,2011-06-20,42,1528,1599,7,BLUECOAST|NOISIN|7,UNKNOWN_NO_ISIN,BLUECOAST|NOISIN|7
BLUECOAST,INE472B01011,2011-06-24,2026-09-30,725,1603,5368,299,BLUECOAST|INE472B01011|1,EQUITY,BLUECOAST|INE472B01011|1
BLUEDART,,2005-01-03,2011-06-21,1599,0,1600,1,BLUEDART|NOISIN|1,UNKNOWN_NO_ISIN,BLUEDART|INE233B01017|1
BLUEDART,INE233B01017,2011-06-22,2026-09-30,3768,1601,5368,0,BLUEDART|INE233B01017|1,EQUITY,BLUEDART|INE233B01017|1
BLUEJET,INE0KBH01020,2023-11-01,2026-09-30,718,4651,5368,0,BLUEJET|INE0KBH01020|1,EQUITY,BLUEJET|INE0KBH01020|1
BLUESTARCO,,2005-01-03,2011-06-21,1601,0,1600,0,BLUESTARCO|NOISIN|1,UNKNOWN_NO_ISIN,BLUESTARCO|INE472A01039|1
BLUESTARCO,INE472A01039,2011-06-22,2026-09-30,3768,1601,5368,0,BLUESTARCO|INE472A01039|1,EQUITY,BLUESTARCO|INE472A01039|1
BLUESTINFO,,2005-01-03,2009-06-11,1092,0,1095,1,BLUESTINFO|NOISIN|1,UNKNOWN_NO_ISIN,BLUESTINFO|NOISIN|1
BLUESTINFO,,2009-08-21,2011-06-21,455,1146,1600,0,BLUESTINFO|NOISIN|2,UNKNOWN_NO_ISIN,BLUESTINFO|INE504B01011|1
BLUESTINFO,INE504B01011,2011-06-22,2016-06-01,1217,1601,2817,0,BLUESTINFO|INE504B01011|1,EQUITY,BLUESTINFO|INE504B01011|1
BLUESTONE,INE304W01038,2025-08-19,2026-09-30,276,5093,5368,0,BLUESTONE|INE304W01038|1,EQUITY,BLUESTONE|INE304W01038|1
BLUSPRING,INE0U4101014,2025-06-25,2026-09-30,314,5055,5368,0,BLUSPRING|INE0U4101014|1,EQUITY,BLUSPRING|INE0U4101014|1
BMWVENTLTD,INE965W01036,2025-10-16,2026-09-30,236,5133,5368,0,BMWVENTLTD|INE965W01036|1,EQUITY,BMWVENTLTD|INE965W01036|1
BNAGROCHEM,INE00HZ01011,2026-04-20,2026-09-30,55,5255,5368,58,BNAGROCHEM|INE00HZ01011|1,EQUITY,BNAGROCHEM|INE00HZ01011|1
BNALTD,INE489D01011,2026-04-20,2026-07-21,54,5255,5318,1,BNALTD|INE489D01011|1,EQUITY,BNALTD|INE489D01011|1
BNKETFAXIS,INF846K01X63,2026-07-03,2026-09-30,62,5306,5368,1,BNKETFAXIS|INF846K01X63|1,FUND_UNIT,AXISBNKETF|INF846K01X63|1
BOC,,2005-03-10,2011-06-21,1555,46,1600,0,BOC|NOISIN|1,UNKNOWN_NO_ISIN,BOC|INE473A01011|1
BOC,INE473A01011,2011-06-22,2013-04-09,446,1601,2046,0,BOC|INE473A01011|1,EQUITY,BOC|INE473A01011|1
BODALCHEM,INE338D01028,2011-08-22,2026-09-28,3269,1643,5366,142,BODALCHEM|INE338D01028|1,EQUITY,BODALCHEM|INE338D01028|1
BODHTREE,,2010-08-09,2010-12-02,63,1382,1463,5,BODHTREE|NOISIN|1,UNKNOWN_NO_ISIN,BODHTREE|NOISIN|1
BODHTREE,INE104F01011,2012-03-02,2013-02-21,61,1773,2015,56,BODHTREE|INE104F01011|1,EQUITY,BODHTREE|INE104F01011|1
BOHRAIND,INE802W01023,2022-11-11,2026-09-30,320,4410,5368,492,BOHRAIND|INE802W01023|1,EQUITY,BOHRAIND|INE802W01023|1
BOMDYEING,,2005-01-03,2011-06-21,1601,0,1600,0,BOMDYEING|NOISIN|1,UNKNOWN_NO_ISIN,BOMDYEING|INE032A01015|1
BOMDYEING,INE032A01015,2011-06-22,2012-10-30,336,1601,1936,0,BOMDYEING|INE032A01015|1,EQUITY,BOMDYEING|INE032A01015|1
BOMDYEING,INE032A01023,2012-10-31,2026-09-30,3354,1937,5368,78,BOMDYEING|INE032A01023|1,EQUITY,BOMDYEING|INE032A01015|1
BONGAIREFN,,2005-01-03,2009-04-20,1060,0,1059,0,BONGAIREFN|NOISIN|1,UNKNOWN_NO_ISIN,BONGAIREFN|NOISIN|1
BONLON,INE0B9A01018,2026-04-13,2026-09-30,118,5251,5368,0,BONLON|INE0B9A01018|1,EQUITY,BONLON|INE0B9A01018|1
BORANA,INE16SF01016,2025-06-10,2026-09-30,225,5044,5368,100,BORANA|INE16SF01016|1,EQUITY,BORANA|INE16SF01016|1
BOROLTD,INE02PY01013,2020-11-24,2026-09-30,1378,3924,5368,57,BOROLTD|INE02PY01013|1,EQUITY,BOROLTD|INE02PY01013|1
BORORENEW,INE666D01022,2020-02-20,2026-09-30,1500,3736,5368,65,BORORENEW|INE666D01022|1,EQUITY,BORORENEW|INE666D01022|1
BOROSCI,INE02L001032,2024-06-24,2026-09-30,563,4806,5368,0,BOROSCI|INE02L001032|1,EQUITY,BOROSCI|INE02L001032|1
BOROSIL,INE666D01022,2018-05-25,2020-02-19,428,3308,3735,0,BOROSIL|INE666D01022|1,EQUITY,BORORENEW|INE666D01022|1
BOSCH-HCIL,INE782A01015,2025-12-24,2026-09-30,189,5180,5368,0,BOSCH-HCIL|INE782A01015|1,EQUITY,AMTREXAPPL|NOISIN|2
BOSCHCHASY,,2006-02-10,2008-10-29,676,275,950,0,BOSCHCHASY|NOISIN|1,UNKNOWN_NO_ISIN,BOSCHCHASY|NOISIN|1
BOSCHLTD,,2008-02-28,2011-06-21,814,787,1600,0,BOSCHLTD|NOISIN|1,UNKNOWN_NO_ISIN,BOSCHLTD|INE323A01026|1
BOSCHLTD,INE323A01026,2011-06-22,2026-09-30,3768,1601,5368,0,BOSCHLTD|INE323A01026|1,EQUITY,BOSCHLTD|INE323A01026|1
BPCL,,2005-01-03,2011-06-21,1601,0,1600,0,BPCL|NOISIN|1,UNKNOWN_NO_ISIN,BPCL|INE029A01011|1
BPCL,INE029A01011,2011-06-22,2026-09-30,3768,1601,5368,0,BPCL|INE029A01011|1,EQUITY,BPCL|INE029A01011|1
BPL,,2005-01-03,2005-04-28,80,0,79,0,BPL|NOISIN|1,UNKNOWN_NO_ISIN,BPL|NOISIN|1
BPL,,2005-07-08,2005-07-29,15,130,144,0,BPL|NOISIN|2,UNKNOWN_NO_ISIN,BPL|NOISIN|2
BPL,,2006-08-28,2006-10-19,38,410,447,0,BPL|NOISIN|3,UNKNOWN_NO_ISIN,BPL|NOISIN|3
BPL,,2006-11-24,2006-12-29,25,471,495,0,BPL|NOISIN|4,UNKNOWN_NO_ISIN,BPL|NOISIN|4
BPL,,2007-03-02,2007-09-20,140,536,675,0,BPL|NOISIN|5,UNKNOWN_NO_ISIN,BPL|NOISIN|5
BPL,,2007-12-03,2007-12-28,18,726,743,0,BPL|NOISIN|6,UNKNOWN_NO_ISIN,BPL|NOISIN|6
BPL,,2008-02-29,2008-12-26,181,788,987,19,BPL|NOISIN|7,UNKNOWN_NO_ISIN,BPL|NOISIN|7
BPL,,2009-03-02,2009-07-09,86,1030,1115,0,BPL|NOISIN|8,UNKNOWN_NO_ISIN,BPL|NOISIN|8
BPL,,2009-08-21,2009-11-26,64,1146,1209,0,BPL|NOISIN|9,UNKNOWN_NO_ISIN,BPL|NOISIN|9
BPL,,2010-02-19,2011-04-18,291,1265,1555,0,BPL|NOISIN|10,UNKNOWN_NO_ISIN,BPL|NOISIN|10
BPL,,2011-06-17,2011-06-21,3,1598,1600,0,BPL|NOISIN|11,UNKNOWN_NO_ISIN,BPL|INE110A01019|1
BPL,INE110A01019,2011-06-22,2026-09-30,3491,1601,5368,79,BPL|INE110A01019|1,EQUITY,BPL|INE110A01019|1
BPLENGG,,2005-01-03,2005-05-26,100,0,99,0,BPLENGG|NOISIN|1,UNKNOWN_NO_ISIN,BPLENGG|NOISIN|1
BPLENGG,,2005-07-08,2005-07-14,5,130,134,0,BPLENGG|NOISIN|2,UNKNOWN_NO_ISIN,BPLENGG|NOISIN|2
BPLENGG,,2006-06-12,2006-10-19,92,356,447,0,BPLENGG|NOISIN|3,UNKNOWN_NO_ISIN,BPLENGG|NOISIN|3
BPLENGG,,2006-11-24,2006-12-29,25,471,495,0,BPLENGG|NOISIN|4,UNKNOWN_NO_ISIN,BPLENGG|NOISIN|4
BPLENGG,,2007-03-02,2007-09-20,140,536,675,0,BPLENGG|NOISIN|5,UNKNOWN_NO_ISIN,BPLENGG|NOISIN|5
BPLENGG,,2007-12-03,2007-12-28,18,726,743,0,BPLENGG|NOISIN|6,UNKNOWN_NO_ISIN,BPLENGG|NOISIN|6
BPLPHARMA,INE365Y01019,2026-08-17,2026-09-30,32,5337,5368,0,BPLPHARMA|INE365Y01019|1,EQUITY,BPLPHARMA|INE365Y01019|1
BPLREFRIG,,2005-01-03,2005-04-07,66,0,65,0,BPLREFRIG|NOISIN|1,UNKNOWN_NO_ISIN,BPLREFRIG|NOISIN|1
BPLREFRIG,,2005-07-08,2005-07-21,10,130,139,0,BPLREFRIG|NOISIN|2,UNKNOWN_NO_ISIN,BPLREFRIG|NOISIN|2
BPLSANTECH,,2005-01-03,2005-05-05,82,0,84,1,BPLSANTECH|NOISIN|1,UNKNOWN_NO_ISIN,BPLSANTECH|NOISIN|1
BPLSANTECH,,2005-07-08,2005-07-21,10,130,139,0,BPLSANTECH|NOISIN|2,UNKNOWN_NO_ISIN,BPLSANTECH|NOISIN|2
BPLSANUTIL,,2005-01-03,2005-07-21,122,0,139,15,BPLSANUTIL|NOISIN|1,UNKNOWN_NO_ISIN,BPLSANUTIL|NOISIN|1
BRABOURNE,,2008-03-14,2009-04-17,262,797,1058,0,BRABOURNE|NOISIN|1,UNKNOWN_NO_ISIN,BRABOURNE|NOISIN|1
BRABOURNE,,2009-08-21,2010-01-21,101,1146,1246,0,BRABOURNE|NOISIN|2,UNKNOWN_NO_ISIN,BRABOURNE|NOISIN|2
BRAHMINFRA,INE320I01017,2026-08-17,2026-09-30,32,5337,5368,0,BRAHMINFRA|INE320I01017|1,EQUITY,BRAHMINFRA|INE320I01017|1
BRANDHOUSE,,2009-03-27,2011-06-21,554,1047,1600,0,BRANDHOUSE|NOISIN|1,UNKNOWN_NO_ISIN,BRANDHOUSE|INE317J01011|1
BRANDHOUSE,INE317J01011,2011-06-22,2015-03-30,765,1601,2528,73,BRANDHOUSE|INE317J01011|1,EQUITY,BRANDHOUSE|INE317J01011|1
BRFL,,2005-12-05,2011-06-21,1372,229,1600,0,BRFL|NOISIN|1,UNKNOWN_NO_ISIN,BRFL|INE589G01011|1
BRFL,INE589G01011,2011-06-22,2022-04-01,2184,1601,4259,125,BRFL|INE589G01011|1,EQUITY,BRFL|INE589G01011|1
BRIGADE,,2007-12-31,2011-06-21,857,744,1600,0,BRIGADE|NOISIN|1,UNKNOWN_NO_ISIN,BRIGADE|INE791I01019|1
BRIGADE,INE791I01019,2011-06-22,2026-09-30,3768,1601,5368,0,BRIGADE|INE791I01019|1,EQUITY,BRIGADE|INE791I01019|1
BRIGHOTEL,INE03NU01014,2025-07-31,2026-09-30,288,5081,5368,0,BRIGHOTEL|INE03NU01014|1,EQUITY,BRIGHOTEL|INE03NU01014|1
BRIGHTBR,INE630D01010,2026-08-17,2026-09-30,32,5337,5368,0,BRIGHTBR|INE630D01010|1,EQUITY,BRIGHTBR|INE630D01010|1
BRITANNIA,,2005-01-03,2011-06-21,1600,0,1600,1,BRITANNIA|NOISIN|1,UNKNOWN_NO_ISIN,BRITANNIA|INE216A01022|1
BRITANNIA,INE216A01022,2011-06-22,2018-11-29,1834,1601,3434,0,BRITANNIA|INE216A01022|1,EQUITY,BRITANNIA|INE216A01022|1
BRITANNIA,INE216A01030,2018-11-30,2026-09-30,1934,3435,5368,0,BRITANNIA|INE216A01030|1,EQUITY,BRITANNIA|INE216A01022|1
BRNL,INE727S01012,2017-09-18,2026-09-30,2023,3138,5368,112,BRNL|INE727S01012|1,EQUITY,BRNL|INE727S01012|1
BROADCAST,,2007-03-07,2007-12-13,196,539,734,0,BROADCAST|NOISIN|1,UNKNOWN_NO_ISIN,BROADCAST|NOISIN|1
BROADCAST,,2008-02-29,2008-06-26,78,788,865,0,BROADCAST|NOISIN|2,UNKNOWN_NO_ISIN,BROADCAST|NOISIN|2
BROADCAST,,2008-08-22,2009-05-28,180,905,1085,1,BROADCAST|NOISIN|3,UNKNOWN_NO_ISIN,BROADCAST|NOISIN|3
BROADCAST,,2009-11-20,2010-10-28,217,1205,1439,18,BROADCAST|NOISIN|4,UNKNOWN_NO_ISIN,BROADCAST|NOISIN|4
BROADCAST,,2010-12-03,2011-04-18,92,1464,1555,0,BROADCAST|NOISIN|5,UNKNOWN_NO_ISIN,BROADCAST|NOISIN|5
BROADCAST,,2011-06-17,2011-06-21,3,1598,1600,0,BROADCAST|NOISIN|6,UNKNOWN_NO_ISIN,BROADCAST|INE698H01018|1
BROADCAST,INE698H01018,2011-06-22,2016-05-09,749,1601,2800,42,BROADCAST|INE698H01018|1,EQUITY,BROADCAST|INE698H01018|1
BROOKS,INE650L01011,2011-09-05,2026-09-30,2889,1651,5368,114,BROOKS|INE650L01011|1,EQUITY,BROOKS|INE650L01011|1
BSCFAUG08A,,2005-09-21,2008-08-06,506,180,894,14,BSCFAUG08A|NOISIN|1,UNKNOWN_NO_ISIN,BSCFAUG08A|NOISIN|1
BSCFAUG08B,,2005-10-04,2005-10-14,2,189,196,6,BSCFAUG08B|NOISIN|1,UNKNOWN_NO_ISIN,BSCFAUG08B|NOISIN|1
BSCFAUG08B,,2006-03-10,2006-03-10,1,295,295,0,BSCFAUG08B|NOISIN|2,UNKNOWN_NO_ISIN,BSCFAUG08B|NOISIN|2
BSE,INE118H01025,2017-02-03,2026-09-30,2384,2985,5368,0,BSE|INE118H01025|1,EQUITY,BSE|INE118H01025|1
BSE500IETF,INF109KC1V59,2023-12-20,2026-09-30,685,4684,5368,0,BSE500IETF|INF109KC1V59|1,FUND_UNIT,BSE500IETF|INF109KC1V59|1
BSELINFRA,,2005-01-03,2006-06-09,356,0,355,0,BSELINFRA|NOISIN|1,UNKNOWN_NO_ISIN,BSELINFRA|NOISIN|1
BSELINFRA,,2006-08-28,2009-01-09,587,410,996,0,BSELINFRA|NOISIN|2,UNKNOWN_NO_ISIN,BSELINFRA|NOISIN|2
BSELINFRA,,2009-03-02,2009-06-11,66,1030,1095,0,BSELINFRA|NOISIN|3,UNKNOWN_NO_ISIN,BSELINFRA|NOISIN|3
BSELINFRA,,2009-08-21,2011-04-18,410,1146,1555,0,BSELINFRA|NOISIN|4,UNKNOWN_NO_ISIN,BSELINFRA|NOISIN|4
BSELINFRA,,2011-06-17,2011-06-21,3,1598,1600,0,BSELINFRA|NOISIN|5,UNKNOWN_NO_ISIN,BSELINFRA|INE395A01016|1
BSELINFRA,INE395A01016,2011-06-22,2021-07-12,2115,1601,4079,114,BSELINFRA|INE395A01016|1,EQUITY,BSELINFRA|INE395A01016|1
BSHSL,INE032Z01012,2020-10-28,2022-09-23,310,3906,4378,57,BSHSL|INE032Z01012|1,EQUITY,BSHSL|INE032Z01012|1
BSHSL,INE032Z01020,2022-09-26,2026-09-30,695,4379,5368,135,BSHSL|INE032Z01020|1,EQUITY,BSHSL|INE032Z01012|1
BSL,,2005-01-03,2005-03-03,42,0,41,0,BSL|NOISIN|1,UNKNOWN_NO_ISIN,BSL|NOISIN|1
BSL,,2005-04-08,2005-04-15,5,66,70,0,BSL|NOISIN|2,UNKNOWN_NO_ISIN,BSL|NOISIN|2
BSL,,2005-07-08,2005-11-18,89,130,218,0,BSL|NOISIN|3,UNKNOWN_NO_ISIN,BSL|NOISIN|3
BSL,,2006-06-12,2007-07-26,278,356,636,2,BSL|NOISIN|4,UNKNOWN_NO_ISIN,BSL|NOISIN|4
BSL,,2007-08-31,2007-12-28,83,661,743,0,BSL|NOISIN|5,UNKNOWN_NO_ISIN,BSL|NOISIN|5
BSL,,2008-02-29,2009-06-11,305,788,1095,1,BSL|NOISIN|6,UNKNOWN_NO_ISIN,BSL|NOISIN|6
BSL,,2009-08-21,2011-06-21,455,1146,1600,0,BSL|NOISIN|7,UNKNOWN_NO_ISIN,BSL|INE594B01012|1
BSL,INE594B01012,2011-06-22,2026-09-30,3448,1601,5368,128,BSL|INE594B01012|1,EQUITY,BSL|INE594B01012|1
BSLGOLDETF,,2011-05-23,2011-06-21,22,1579,1600,0,BSLGOLDETF|NOISIN|1,UNKNOWN_NO_ISIN,BSLGOLDETF|INF209K01HT2|1
BSLGOLDETF,INF209K01HT2,2011-06-22,2021-11-25,2538,1601,4171,2,BSLGOLDETF|INF209K01HT2|1,FUND_UNIT,BSLGOLDETF|INF209K01HT2|1
BSLGOLDETF,INF209KB18D3,2021-11-26,2026-09-30,1197,4172,5368,0,BSLGOLDETF|INF209KB18D3|1,FUND_UNIT,BSLGOLDETF|INF209KB18D3|1
BSLIMITED,INE043K01011,2012-11-29,2014-01-21,285,1956,2240,0,BSLIMITED|INE043K01011|1,EQUITY,BSLIMITED|INE043K01011|1
BSLIMITED,INE043K01029,2014-01-22,2018-02-21,964,2241,3245,41,BSLIMITED|INE043K01029|1,EQUITY,BSLIMITED|INE043K01011|1
BSLNIFTY,INF209K01IR4,2011-07-27,2021-11-25,2352,1626,4171,5,BSLNIFTY|INF209K01IR4|1,FUND_UNIT,BSLNIFTY|INF209K01IR4|1
BSLNIFTY,INF209KB19D1,2021-11-26,2026-09-30,1197,4172,5368,0,BSLNIFTY|INF209KB19D1|1,FUND_UNIT,BSLNIFTY|INF209KB19D1|1
BSLSENETFG,INF209KB10E8,2021-11-26,2026-09-30,1197,4172,5368,0,BSLSENETFG|INF209KB10E8|1,FUND_UNIT,BSLSENETFG|INF209KB10E8|1
BSLSENETFG,INF209KB1119,2021-10-06,2021-11-25,34,4138,4171,0,BSLSENETFG|INF209KB1119|1,FUND_UNIT,BSLSENETFG|INF209KB1119|1
BSOFT,INE836A01035,2019-02-26,2026-09-30,1873,3496,5368,0,BSOFT|INE836A01035|1,EQUITY,BSOFT|INE836A01035|1
BSTRANSCOM,,2010-10-27,2011-06-21,163,1438,1600,0,BSTRANSCOM|NOISIN|1,UNKNOWN_NO_ISIN,BSLIMITED|INE043K01011|1
BSTRANSCOM,INE043K01011,2011-06-22,2012-11-27,355,1601,1955,0,BSTRANSCOM|INE043K01011|1,EQUITY,BSLIMITED|INE043K01011|1
BTML,INE0EEJ01015,2023-02-15,2024-04-04,212,4477,4754,66,BTML|INE0EEJ01015|1,EQUITY,BTML|INE0EEJ01015|1
BTML,INE0EEJ01023,2024-04-05,2026-09-30,487,4755,5368,86,BTML|INE0EEJ01023|1,EQUITY,BTML|INE0EEJ01015|1
BTTL,INE274K01012,2026-04-20,2026-07-08,55,5255,5309,0,BTTL|INE274K01012|1,EQUITY,BTTL|INE274K01012|1
BUILDPRO,INE24OJ01011,2026-01-27,2026-09-30,168,5201,5368,0,BUILDPRO|INE24OJ01011|1,EQUITY,BUILDPRO|INE24OJ01011|1
BURGERKING,INE07T201019,2020-12-14,2022-02-16,293,3937,4229,0,BURGERKING|INE07T201019|1,EQUITY,BURGERKING|INE07T201019|1
BURNPUR,,2008-01-03,2009-05-28,339,747,1085,0,BURNPUR|NOISIN|1,UNKNOWN_NO_ISIN,BURNPUR|NOISIN|1
BURNPUR,,2009-08-21,2011-06-21,455,1146,1600,0,BURNPUR|NOISIN|2,UNKNOWN_NO_ISIN,BURNPUR|INE817H01014|1
BURNPUR,INE817H01014,2011-06-22,2025-01-29,2367,1601,4957,116,BURNPUR|INE817H01014|1,EQUITY,BURNPUR|INE817H01014|1
BURNPUR,INE817H01022,2026-08-25,2026-09-08,11,5343,5353,0,BURNPUR|INE817H01022|1,EQUITY,BURNPUR|INE817H01022|1
BUTTERFLY,INE295F01017,2014-04-28,2026-09-30,2805,2303,5368,65,BUTTERFLY|INE295F01017|1,EQUITY,BUTTERFLY|INE295F01017|1
BVCL,,2007-11-23,2009-08-20,425,720,1145,1,BVCL|NOISIN|1,UNKNOWN_NO_ISIN,BVCL|NOISIN|1
BVCL,,2009-11-20,2011-06-21,396,1205,1600,0,BVCL|NOISIN|2,UNKNOWN_NO_ISIN,BVCL|INE139I01011|1
BVCL,INE139I01011,2011-06-22,2026-09-30,1753,1601,5368,1387,BVCL|INE139I01011|1,EQUITY,BVCL|INE139I01011|1
BVXL,,2006-09-05,2007-09-20,260,416,675,0,BVXL|NOISIN|1,UNKNOWN_NO_ISIN,BVXL|NOISIN|1
BVXL,,2007-12-03,2008-04-25,98,726,823,0,BVXL|NOISIN|2,UNKNOWN_NO_ISIN,BVXL|NOISIN|2
BYKE,INE319B01014,2015-04-15,2026-09-30,2337,2537,5368,88,BYKE|INE319B01014|1,EQUITY,BYKE|INE319B01014|1
CADILAHC,,2005-01-03,2011-06-21,1600,0,1600,1,CADILAHC|NOISIN|1,UNKNOWN_NO_ISIN,CADILAHC|INE010B01019|1
CADILAHC,INE010B01019,2011-06-22,2015-10-06,1057,1601,2657,0,CADILAHC|INE010B01019|1,EQUITY,CADILAHC|INE010B01019|1
CADILAHC,INE010B01027,2015-10-07,2022-03-04,1583,2658,4240,0,CADILAHC|INE010B01027|1,EQUITY,CADILAHC|INE010B01019|1
CAIRN,,2007-01-09,2011-06-21,1100,501,1600,0,CAIRN|NOISIN|1,UNKNOWN_NO_ISIN,CAIRN|INE910H01017|1
CAIRN,INE910H01017,2011-06-22,2017-04-25,1438,1601,3038,0,CAIRN|INE910H01017|1,EQUITY,CAIRN|INE910H01017|1
CALSOFT,,2005-01-03,2005-05-19,95,0,94,0,CALSOFT|NOISIN|1,UNKNOWN_NO_ISIN,CALSOFT|NOISIN|1
CALSOFT,,2005-07-08,2010-05-27,1155,130,1330,18,CALSOFT|NOISIN|2,UNKNOWN_NO_ISIN,CALSOFT|NOISIN|2
CALSOFT,,2010-08-20,2011-06-21,209,1391,1600,1,CALSOFT|NOISIN|3,UNKNOWN_NO_ISIN,CALSOFT|INE526B01014|1
CALSOFT,INE526B01014,2011-06-22,2026-09-02,2136,1601,5349,108,CALSOFT|INE526B01014|1,EQUITY,CALSOFT|INE526B01014|1
CAMBRIDGE,,2006-07-17,2008-06-26,485,381,865,0,CAMBRIDGE|NOISIN|1,UNKNOWN_NO_ISIN,CAMBRIDGE|NOISIN|1
CAMBRIDGE,,2008-08-22,2011-06-09,687,905,1592,1,CAMBRIDGE|NOISIN|2,UNKNOWN_NO_ISIN,CAMBRIDGE|NOISIN|2
CAMBRIDGE,INE692G01013,2011-09-06,2012-06-22,170,1652,1849,28,CAMBRIDGE|INE692G01013|1,EQUITY,CAMBRIDGE|INE692G01013|1
CAMLIN,,2008-07-28,2009-06-11,209,887,1095,0,CAMLIN|NOISIN|1,UNKNOWN_NO_ISIN,CAMLIN|NOISIN|1
CAMLIN,,2009-08-21,2011-06-21,455,1146,1600,0,CAMLIN|NOISIN|2,UNKNOWN_NO_ISIN,CAMLIN|INE760A01029|1
CAMLIN,INE760A01029,2011-06-22,2012-01-19,144,1601,1744,0,CAMLIN|INE760A01029|1,EQUITY,CAMLIN|INE760A01029|1
CAMLINFINE,INE052I01032,2015-01-20,2026-09-30,2829,2482,5368,58,CAMLINFINE|INE052I01032|1,EQUITY,CAMLINFINE|INE052I01032|1
CAMPUS,INE278Y01022,2022-05-09,2026-09-30,1087,4282,5368,0,CAMPUS|INE278Y01022|1,EQUITY,CAMPUS|INE278Y01022|1
CAMS,INE596I01012,2020-10-05,2025-12-04,1278,3889,5166,0,CAMS|INE596I01012|1,EQUITY,CAMS|INE596I01012|1
CAMS,INE596I01020,2025-12-05,2026-09-30,202,5167,5368,0,CAMS|INE596I01020|1,EQUITY,CAMS|INE596I01012|1
CANBK,,2005-01-03,2011-06-21,1601,0,1600,0,CANBK|NOISIN|1,UNKNOWN_NO_ISIN,CANBK|INE476A01014|1
CANBK,INE476A01014,2011-06-22,2024-05-14,3179,1601,4779,0,CANBK|INE476A01014|1,EQUITY,CANBK|INE476A01014|1
CANBK,INE476A01022,2024-05-15,2026-09-30,589,4780,5368,0,CANBK|INE476A01022|1,EQUITY,CANBK|INE476A01014|1
CANDC,,2007-02-26,2011-06-21,1069,532,1600,0,CANDC|NOISIN|1,UNKNOWN_NO_ISIN,CANDC|INE874H01015|1
CANDC,INE874H01015,2011-06-22,2019-02-25,1623,1601,3495,115,CANDC|INE874H01015|1,EQUITY,CANDC|INE874H01015|1
CANFINHOME,,2005-01-03,2006-06-09,356,0,355,0,CANFINHOME|NOISIN|1,UNKNOWN_NO_ISIN,CANFINHOME|NOISIN|1
CANFINHOME,,2006-08-28,2007-11-30,316,410,725,0,CANFINHOME|NOISIN|2,UNKNOWN_NO_ISIN,CANFINHOME|NOISIN|2
CANFINHOME,,2008-02-29,2009-06-11,306,788,1095,1,CANFINHOME|NOISIN|3,UNKNOWN_NO_ISIN,CANFINHOME|NOISIN|3
CANFINHOME,,2009-08-21,2011-06-21,455,1146,1600,0,CANFINHOME|NOISIN|4,UNKNOWN_NO_ISIN,CANFINHOME|INE477A01012|1
CANFINHOME,INE477A01012,2011-06-22,2017-10-12,1492,1601,3155,63,CANFINHOME|INE477A01012|1,EQUITY,CANFINHOME|INE477A01012|1
CANFINHOME,INE477A01020,2017-10-13,2026-09-30,2213,3156,5368,0,CANFINHOME|INE477A01020|1,EQUITY,CANFINHOME|INE477A01012|1
CANHLIFE,INE01TY01017,2025-10-17,2026-09-30,235,5134,5368,0,CANHLIFE|INE01TY01017|1,EQUITY,CANHLIFE|INE01TY01017|1
CANTABIL,,2010-10-12,2011-06-21,174,1427,1600,0,CANTABIL|NOISIN|1,UNKNOWN_NO_ISIN,CANTABIL|INE068L01016|1
CANTABIL,INE068L01016,2011-06-22,2023-11-01,2907,1601,4651,72,CANTABIL|INE068L01016|1,EQUITY,CANTABIL|INE068L01016|1
CANTABIL,INE068L01024,2023-11-02,2026-09-30,717,4652,5368,0,CANTABIL|INE068L01024|1,EQUITY,CANTABIL|INE068L01016|1
CAPACITE,INE264T01014,2017-09-25,2026-09-30,2226,3143,5368,0,CAPACITE|INE264T01014|1,EQUITY,CAPACITE|INE264T01014|1
CAPF,INE688I01017,2012-12-06,2018-12-27,1493,1961,3453,0,CAPF|INE688I01017|1,EQUITY,CAPF|INE688I01017|1
CAPILLARY,INE0ILV01024,2025-11-21,2026-09-30,212,5157,5368,0,CAPILLARY|INE0ILV01024|1,EQUITY,CAPILLARY|INE0ILV01024|1
CAPITALSFB,INE646H01017,2024-02-14,2026-09-30,648,4721,5368,0,CAPITALSFB|INE646H01017|1,EQUITY,CAPITALSFB|INE646H01017|1
CAPLIPOINT,INE475E01018,2014-06-23,2016-10-19,570,2342,2911,0,CAPLIPOINT|INE475E01018|1,EQUITY,CAPLIPOINT|INE475E01018|1
CAPLIPOINT,INE475E01026,2016-10-20,2026-09-30,2457,2912,5368,0,CAPLIPOINT|INE475E01026|1,EQUITY,CAPLIPOINT|INE475E01026|1
CAPTRUST,INE707C01018,2017-01-16,2026-08-06,1941,2972,5330,99,CAPTRUST|INE707C01018|1,EQUITY,CAPTRUST|INE707C01018|1
CARBORUNIV,,2005-01-03,2011-06-21,1600,0,1600,1,CARBORUNIV|NOISIN|1,UNKNOWN_NO_ISIN,CARBORUNIV|INE120A01026|1
CARBORUNIV,INE120A01026,2011-06-22,2011-10-05,73,1601,1673,0,CARBORUNIV|INE120A01026|1,EQUITY,CARBORUNIV|INE120A01026|1
CARBORUNIV,INE120A01034,2011-10-07,2026-09-30,3695,1674,5368,0,CARBORUNIV|INE120A01034|1,EQUITY,CARBORUNIV|INE120A01026|1
CAREERP,INE521J01018,2011-11-16,2025-03-19,2999,1699,4990,66,CAREERP|INE521J01018|1,EQUITY,CAREERP|INE521J01018|1
CARERATING,INE752H01013,2012-12-26,2026-09-30,3395,1974,5368,0,CARERATING|INE752H01013|1,EQUITY,CARERATING|INE752H01013|1
CAROLINFO,,2005-01-03,2006-02-16,280,0,279,0,CAROLINFO|NOISIN|1,UNKNOWN_NO_ISIN,CAROLINFO|NOISIN|1
CAROLINFO,,2006-06-12,2010-08-19,1034,356,1390,1,CAROLINFO|NOISIN|2,UNKNOWN_NO_ISIN,CAROLINFO|NOISIN|2
CAROLINFO,,2010-12-03,2011-06-21,137,1464,1600,0,CAROLINFO|NOISIN|3,UNKNOWN_NO_ISIN,CAROLINFO|INE198A01014|1
CAROLINFO,INE198A01014,2011-06-22,2012-03-09,174,1601,1777,1,CAROLINFO|INE198A01014|1,EQUITY,CAROLINFO|INE198A01014|1
CARRARO,INE0V7W01012,2024-12-30,2026-09-30,434,4935,5368,0,CARRARO|INE0V7W01012|1,EQUITY,CARRARO|INE0V7W01012|1
CARTRADE,INE290S01011,2021-08-20,2026-09-30,1263,4106,5368,0,CARTRADE|INE290S01011|1,EQUITY,CARTRADE|INE290S01011|1
CARYSIL,INE482D01024,2022-11-18,2026-09-30,954,4415,5368,0,CARYSIL|INE482D01024|1,EQUITY,ACRYSIL|INE482D01024|1
CASHIETF,INF109K1A021,2025-03-19,2026-09-30,378,4990,5368,1,CASHIETF|INF109K1A021|1,FUND_UNIT,CASHIETF|INF109K1A021|1
CASTEXTECH,INE068D01021,2015-07-07,2020-10-20,921,2595,3900,110,CASTEXTECH|INE068D01021|1,EQUITY,AMTEKINDIA|INE068D01021|1
CASTROL,,2007-08-16,2011-06-21,951,650,1600,0,CASTROL|NOISIN|1,UNKNOWN_NO_ISIN,CASTROL|INE172A01019|1
CASTROL,INE172A01019,2011-06-22,2014-02-26,666,1601,2266,0,CASTROL|INE172A01019|1,EQUITY,CASTROL|INE172A01019|1
CASTROLIND,INE172A01027,2014-03-28,2026-09-30,3083,2286,5368,0,CASTROLIND|INE172A01027|1,EQUITY,CASTROLIND|INE172A01027|1
CCAVENUE,INE483S01020,2026-02-03,2026-09-30,163,5206,5368,0,CCAVENUE|INE483S01020|1,EQUITY,CCAVENUE|INE483S01020|1
CCCL,,2007-10-15,2011-06-21,910,691,1600,0,CCCL|NOISIN|1,UNKNOWN_NO_ISIN,CCCL|INE429I01024|1
CCCL,INE429I01024,2011-06-22,2026-09-30,1938,1601,5368,400,CCCL|INE429I01024|1,EQUITY,CCCL|INE429I01024|1
CCHHL,INE652F01027,2015-02-03,2026-09-30,2159,2491,5368,100,CCHHL|INE652F01027|1,EQUITY,CCHHL|INE652F01027|1
CCL,,2005-01-03,2008-06-12,855,0,855,1,CCL|NOISIN|1,UNKNOWN_NO_ISIN,CCL|NOISIN|1
CCL,,2008-08-22,2011-06-21,695,905,1600,1,CCL|NOISIN|2,UNKNOWN_NO_ISIN,CCL|INE421D01014|1
CCL,INE421D01014,2011-06-22,2013-08-19,535,1601,2135,0,CCL|INE421D01014|1,EQUITY,CCL|INE421D01014|1
CCL,INE421D01022,2013-08-20,2026-09-30,3233,2136,5368,0,CCL|INE421D01022|1,EQUITY,CCL|INE421D01014|1
CDSL,INE736A01011,2017-06-30,2026-09-30,2221,3084,5368,64,CDSL|INE736A01011|1,EQUITY,CDSL|INE736A01011|1
CEAT,,2005-01-03,2006-06-09,356,0,355,0,CEAT|NOISIN|1,UNKNOWN_NO_ISIN,CEAT|NOISIN|1
CEAT,,2006-08-28,2007-12-24,331,410,740,0,CEAT|NOISIN|2,UNKNOWN_NO_ISIN,CEAT|NOISIN|2
CEATLTD,,2008-02-01,2009-05-28,318,768,1085,0,CEATLTD|NOISIN|1,UNKNOWN_NO_ISIN,CEATLTD|NOISIN|1
CEATLTD,,2009-08-21,2011-06-21,455,1146,1600,0,CEATLTD|NOISIN|2,UNKNOWN_NO_ISIN,CEATLTD|INE482A01020|1
CEATLTD,INE482A01020,2011-06-22,2026-09-30,3768,1601,5368,0,CEATLTD|INE482A01020|1,EQUITY,CEATLTD|INE482A01020|1
CEBBCO,,2010-10-18,2011-03-31,115,1431,1545,0,CEBBCO|NOISIN|1,UNKNOWN_NO_ISIN,CEBBCO|NOISIN|1
CEBBCO,,2011-06-17,2011-06-21,3,1598,1600,0,CEBBCO|NOISIN|2,UNKNOWN_NO_ISIN,CEBBCO|INE209L01016|1
CEBBCO,INE209L01016,2011-06-22,2022-06-17,2380,1601,4311,80,CEBBCO|INE209L01016|1,EQUITY,CEBBCO|INE209L01016|1
CEIGALL,INE0AG901020,2024-08-08,2026-09-30,531,4838,5368,0,CEIGALL|INE0AG901020|1,EQUITY,CEIGALL|INE0AG901020|1
CEINSYS,INE016Q01014,2026-02-19,2026-09-30,151,5218,5368,0,CEINSYS|INE016Q01014|1,EQUITY,CEINSYS|INE016Q01014|1
CELEBRITY,,2006-01-12,2007-12-13,479,256,734,0,CELEBRITY|NOISIN|1,UNKNOWN_NO_ISIN,CELEBRITY|NOISIN|1
CELEBRITY,,2008-02-29,2008-04-21,32,788,819,0,CELEBRITY|NOISIN|2,UNKNOWN_NO_ISIN,CELEBRITY|NOISIN|2
CELEBRITY,,2008-06-13,2009-06-11,239,856,1095,1,CELEBRITY|NOISIN|3,UNKNOWN_NO_ISIN,CELEBRITY|NOISIN|3
CELEBRITY,,2009-08-21,2010-08-19,227,1146,1390,18,CELEBRITY|NOISIN|4,UNKNOWN_NO_ISIN,CELEBRITY|NOISIN|4
CELEBRITY,,2010-11-09,2011-06-21,154,1447,1600,0,CELEBRITY|NOISIN|5,UNKNOWN_NO_ISIN,CELEBRITY|INE185H01016|1
CELEBRITY,INE185H01016,2011-06-22,2026-09-30,3239,1601,5368,108,CELEBRITY|INE185H01016|1,EQUITY,CELEBRITY|INE185H01016|1
CELESTIAL,,2007-07-17,2007-11-30,97,629,725,0,CELESTIAL|NOISIN|1,UNKNOWN_NO_ISIN,CELESTIAL|NOISIN|1
CELESTIAL,,2008-02-29,2011-06-21,812,788,1600,1,CELESTIAL|NOISIN|2,UNKNOWN_NO_ISIN,CELESTIAL|INE221I01017|1
CELESTIAL,INE221I01017,2011-06-22,2019-09-09,1930,1601,3625,53,CELESTIAL|INE221I01017|1,EQUITY,CELESTIAL|INE221I01017|1
CELLO,INE0LMW01024,2023-11-06,2026-09-30,715,4654,5368,0,CELLO|INE0LMW01024|1,EQUITY,CELLO|INE0LMW01024|1
CEMNTGROWW,INF666M01PH7,2026-07-28,2026-09-30,46,5323,5368,0,CEMNTGROWW|INF666M01PH7|1,FUND_UNIT,CEMNTGROWW|INF666M01PH7|1
CEMPRO,INE686A01026,2025-09-17,2026-09-30,256,5113,5368,0,CEMPRO|INE686A01026|1,EQUITY,CEMPRO|INE686A01026|1
CENBNK,,2005-01-03,2005-12-05,230,0,229,0,CENBNK|NOISIN|1,UNKNOWN_NO_ISIN,CENBNK|NOISIN|1
CENTBOP,,2005-12-06,2008-06-06,622,230,851,0,CENTBOP|NOISIN|1,UNKNOWN_NO_ISIN,CENBNK|NOISIN|1
CENTENKA,,2005-01-03,2009-03-19,1042,0,1041,0,CENTENKA|NOISIN|1,UNKNOWN_NO_ISIN,CENTENKA|NOISIN|1
CENTENKA,,2009-06-12,2011-06-21,505,1096,1600,0,CENTENKA|NOISIN|2,UNKNOWN_NO_ISIN,CENTENKA|INE485A01015|1
CENTENKA,INE485A01015,2011-06-22,2026-09-30,3768,1601,5368,0,CENTENKA|INE485A01015|1,EQUITY,CENTENKA|INE485A01015|1
CENTEXT,,2005-01-03,2005-04-07,66,0,65,0,CENTEXT|NOISIN|1,UNKNOWN_NO_ISIN,CENTEXT|NOISIN|1
CENTEXT,,2005-07-08,2007-12-28,614,130,743,0,CENTEXT|NOISIN|2,UNKNOWN_NO_ISIN,CENTEXT|NOISIN|2
CENTEXT,,2008-02-29,2009-06-11,307,788,1095,1,CENTEXT|NOISIN|3,UNKNOWN_NO_ISIN,CENTEXT|NOISIN|3
CENTEXT,,2009-08-21,2011-04-18,410,1146,1555,0,CENTEXT|NOISIN|4,UNKNOWN_NO_ISIN,CENTEXT|NOISIN|4
CENTEXT,,2011-06-17,2011-06-21,3,1598,1600,0,CENTEXT|NOISIN|5,UNKNOWN_NO_ISIN,CENTEXT|INE281A01026|1
CENTEXT,INE281A01026,2011-06-22,2026-09-30,3125,1601,5368,87,CENTEXT|INE281A01026|1,EQUITY,CENTEXT|INE281A01026|1
CENTRALBK,,2007-08-21,2011-06-21,948,653,1600,0,CENTRALBK|NOISIN|1,UNKNOWN_NO_ISIN,CENTRALBK|INE483A01010|1
CENTRALBK,INE483A01010,2011-06-22,2026-09-30,3768,1601,5368,0,CENTRALBK|INE483A01010|1,EQUITY,CENTRALBK|INE483A01010|1
CENTRUM,INE660C01027,2018-04-04,2026-09-30,2039,3272,5368,58,CENTRUM|INE660C01027|1,EQUITY,CENTRUM|INE660C01027|1
CENTUM,,2007-10-05,2009-07-23,425,685,1125,1,CENTUM|NOISIN|1,UNKNOWN_NO_ISIN,CENTUM|NOISIN|1
CENTUM,,2009-11-20,2010-09-16,185,1205,1409,20,CENTUM|NOISIN|2,UNKNOWN_NO_ISIN,CENTUM|NOISIN|2
CENTUM,,2010-12-03,2011-06-21,133,1464,1600,1,CENTUM|NOISIN|3,UNKNOWN_NO_ISIN,CENTUM|INE320B01020|1
CENTUM,INE320B01020,2011-06-22,2026-09-30,3530,1601,5368,64,CENTUM|INE320B01020|1,EQUITY,CENTUM|INE320B01020|1
CENTURYPLY,,2006-03-23,2011-06-21,1295,303,1600,1,CENTURYPLY|NOISIN|1,UNKNOWN_NO_ISIN,CENTURYPLY|INE348B01021|1
CENTURYPLY,INE348B01021,2011-06-22,2026-09-30,3758,1601,5368,10,CENTURYPLY|INE348B01021|1,EQUITY,CENTURYPLY|INE348B01021|1
CENTURYTEX,,2005-01-03,2011-06-21,1601,0,1600,0,CENTURYTEX|NOISIN|1,UNKNOWN_NO_ISIN,ABREL|INE055A01016|1
CENTURYTEX,INE055A01016,2011-06-22,2024-10-09,3280,1601,4880,0,CENTURYTEX|INE055A01016|1,EQUITY,ABREL|INE055A01016|1
CERA,,2007-11-02,2011-06-21,825,705,1600,7,CERA|NOISIN|1,UNKNOWN_NO_ISIN,CERA|INE739E01017|1
CERA,INE739E01017,2011-06-22,2026-09-30,3768,1601,5368,0,CERA|INE739E01017|1,EQUITY,CERA|INE739E01017|1
CEREBRAINT,INE345B01019,2013-06-26,2024-08-07,2207,2099,4837,271,CEREBRAINT|INE345B01019|1,EQUITY,CEREBRAINT|INE345B01019|1
CESC,,2005-01-03,2011-06-21,1601,0,1600,0,CESC|NOISIN|1,UNKNOWN_NO_ISIN,CESC|INE486A01013|1
CESC,INE486A01013,2011-06-22,2021-09-17,2525,1601,4125,0,CESC|INE486A01013|1,EQUITY,CESC|INE486A01013|1
CESC,INE486A01021,2021-09-20,2026-09-30,1243,4126,5368,0,CESC|INE486A01021|1,EQUITY,CESC|INE486A01013|1
CESCVENT,INE425Y01011,2019-02-08,2021-01-29,486,3484,3969,0,CESCVENT|INE425Y01011|1,EQUITY,CESCVENT|INE425Y01011|1
CEWATER,INE037Z01029,2024-12-27,2026-09-30,435,4934,5368,0,CEWATER|INE037Z01029|1,EQUITY,CEWATER|INE037Z01029|1
CFEL,INE700F01024,2026-08-17,2026-09-16,22,5337,5358,0,CFEL|INE700F01024|1,EQUITY,CFEL|INE700F01024|1
CGCL,INE180C01018,2013-08-13,2016-11-23,768,2132,2934,7,CGCL|INE180C01018|1,EQUITY,CGCL|INE180C01018|1
CGCL,INE180C01026,2016-11-24,2024-03-04,1800,2935,4734,0,CGCL|INE180C01026|1,EQUITY,CGCL|INE180C01026|1
CGCL,INE180C01042,2024-03-05,2026-09-30,634,4735,5368,0,CGCL|INE180C01042|1,EQUITY,CGCL|INE180C01026|1
CGIGARSH,,2005-01-03,2005-04-20,74,0,73,0,CGIGARSH|NOISIN|1,UNKNOWN_NO_ISIN,CGIGARSH|NOISIN|1
CGPOWER,INE067A01029,2017-03-08,2026-09-30,2179,3007,5368,75,CGPOWER|INE067A01029|1,EQUITY,CGPOWER|INE067A01029|1
CGVAK,INE084D01010,2026-08-17,2026-09-30,32,5337,5368,0,CGVAK|INE084D01010|1,EQUITY,CGVAK|INE084D01010|1
CHALET,INE427F01016,2019-02-07,2026-09-30,1886,3483,5368,0,CHALET|INE427F01016|1,EQUITY,CHALET|INE427F01016|1
CHAMBLFERT,,2005-01-03,2011-06-21,1601,0,1600,0,CHAMBLFERT|NOISIN|1,UNKNOWN_NO_ISIN,CHAMBLFERT|INE085A01013|1
CHAMBLFERT,INE085A01013,2011-06-22,2026-09-30,3768,1601,5368,0,CHAMBLFERT|INE085A01013|1,EQUITY,CHAMBLFERT|INE085A01013|1
CHAMPDANY,,2005-01-03,2005-07-07,106,0,129,4,CHAMPDANY|NOISIN|1,UNKNOWN_NO_ISIN,CHAMPDANY|NOISIN|1
CHEMBOND,INE995D01025,2019-11-20,2026-09-30,1556,3671,5368,67,CHEMBOND|INE995D01025|1,EQUITY,CHEMBOND|INE995D01025|1
CHEMBONDCH,INE0TGX01019,2025-08-06,2026-05-11,185,5085,5269,0,CHEMBONDCH|INE0TGX01019|1,EQUITY,CHEMBONDCH|INE0TGX01019|1
CHEMCON,INE03YM01018,2020-10-01,2026-09-30,1417,3888,5368,64,CHEMCON|INE03YM01018|1,EQUITY,CHEMCON|INE03YM01018|1
CHEMCRUX,INE298W01016,2026-08-17,2026-09-30,32,5337,5368,0,CHEMCRUX|INE298W01016|1,EQUITY,CHEMCRUX|INE298W01016|1
CHEMFAB,INE783X01023,2018-07-24,2026-09-30,1905,3350,5368,64,CHEMFAB|INE783X01023|1,EQUITY,CHEMFAB|INE783X01023|1
CHEMFALKAL,,2006-05-18,2010-02-18,891,339,1264,3,CHEMFALKAL|NOISIN|1,UNKNOWN_NO_ISIN,CHEMFALKAL|NOISIN|1
CHEMFALKAL,,2010-06-11,2011-06-21,260,1341,1600,0,CHEMFALKAL|NOISIN|2,UNKNOWN_NO_ISIN,CHEMFALKAL|INE479E01028|1
CHEMFALKAL,INE479E01028,2011-06-22,2017-05-24,1444,1601,3058,2,CHEMFALKAL|INE479E01028|1,EQUITY,CHEMFALKAL|INE479E01028|1
CHEMICAL,INF174KA1XV0,2025-11-19,2026-09-30,214,5155,5368,0,CHEMICAL|INF174KA1XV0|1,FUND_UNIT,CHEMICAL|INF174KA1XV0|1
CHEMPLAST,,2005-01-03,2009-04-17,1059,0,1058,0,CHEMPLAST|NOISIN|1,UNKNOWN_NO_ISIN,CHEMPLAST|NOISIN|1
CHEMPLAST,,2009-06-12,2011-06-21,505,1096,1600,0,CHEMPLAST|NOISIN|2,UNKNOWN_NO_ISIN,CHEMPLAST|INE488A01027|1
CHEMPLAST,INE488A01027,2011-06-22,2012-06-14,215,1601,1843,28,CHEMPLAST|INE488A01027|1,EQUITY,CHEMPLAST|INE488A01027|1
CHEMPLASTS,INE488A01050,2021-08-24,2026-09-30,1261,4108,5368,0,CHEMPLASTS|INE488A01050|1,EQUITY,CHEMPLASTS|INE488A01050|1
CHENNPETRO,,2005-01-03,2011-06-21,1601,0,1600,0,CHENNPETRO|NOISIN|1,UNKNOWN_NO_ISIN,CHENNPETRO|INE178A01016|1
CHENNPETRO,INE178A01016,2011-06-22,2026-09-30,3768,1601,5368,0,CHENNPETRO|INE178A01016|1,EQUITY,CHENNPETRO|INE178A01016|1
CHESLINTEX,,2005-01-03,2005-04-07,66,0,65,0,CHESLINTEX|NOISIN|1,UNKNOWN_NO_ISIN,CHESLINTEX|NOISIN|1
CHESLINTEX,,2005-07-08,2005-07-14,5,130,134,0,CHESLINTEX|NOISIN|2,UNKNOWN_NO_ISIN,CHESLINTEX|NOISIN|2
CHESLINTEX,,2006-02-17,2007-12-28,461,280,743,1,CHESLINTEX|NOISIN|3,UNKNOWN_NO_ISIN,CHESLINTEX|NOISIN|3
CHESLINTEX,,2008-02-29,2008-08-07,107,788,895,1,CHESLINTEX|NOISIN|4,UNKNOWN_NO_ISIN,CHESLINTEX|NOISIN|4
CHESLINTEX,,2008-12-01,2009-05-04,64,970,1067,5,CHESLINTEX|NOISIN|5,UNKNOWN_NO_ISIN,CHESLINTEX|NOISIN|5
CHESLINTEX,,2009-08-21,2009-09-17,20,1146,1165,0,CHESLINTEX|NOISIN|6,UNKNOWN_NO_ISIN,CHESLINTEX|NOISIN|6
CHESLINTEX,,2009-11-20,2010-09-16,181,1205,1409,18,CHESLINTEX|NOISIN|7,UNKNOWN_NO_ISIN,CHESLINTEX|NOISIN|7
CHESLINTEX,,2010-12-03,2011-06-21,137,1464,1600,0,CHESLINTEX|NOISIN|8,UNKNOWN_NO_ISIN,CHESLINTEX|INE217C01018|1
CHESLINTEX,INE217C01018,2011-06-22,2015-05-20,682,1601,2561,63,CHESLINTEX|INE217C01018|1,EQUITY,CHESLINTEX|INE217C01018|1
CHETTINAD,,2007-05-17,2011-06-20,969,586,1599,2,CHETTINAD|NOISIN|1,UNKNOWN_NO_ISIN,CHETTINAD|NOISIN|1
CHETTINAD,INE132B01011,2011-06-27,2013-05-30,466,1604,2080,1,CHETTINAD|INE132B01011|1,EQUITY,CHETTINAD|INE132B01011|1
CHEVIOT,INE974B01016,2022-06-20,2026-09-30,1057,4312,5368,0,CHEVIOT|INE974B01016|1,EQUITY,CHEVIOT|INE974B01016|1
CHI,,2008-04-24,2010-02-02,431,822,1253,1,CHI|NOISIN|1,UNKNOWN_NO_ISIN,CHI|NOISIN|1
CHLORIDIND,,2005-01-03,2005-09-09,173,0,172,0,CHLORIDIND|NOISIN|1,UNKNOWN_NO_ISIN,CHLORIDIND|NOISIN|1
CHOICEGOLD,INF2KCX01012,2025-11-10,2026-09-30,221,5148,5368,0,CHOICEGOLD|INF2KCX01012|1,FUND_UNIT,CHOICEGOLD|INF2KCX01012|1
CHOICEIN,INE102B01014,2022-04-08,2026-09-30,1105,4264,5368,0,CHOICEIN|INE102B01014|1,EQUITY,CHOICEIN|INE102B01014|1
CHOLADBS,,2006-06-01,2009-04-17,710,349,1058,0,CHOLADBS|NOISIN|1,UNKNOWN_NO_ISIN,CHOLADBS|NOISIN|1
CHOLADBS,,2009-06-12,2010-06-21,252,1096,1347,0,CHOLADBS|NOISIN|2,UNKNOWN_NO_ISIN,CHOLADBS|NOISIN|2
CHOLAFIN,,2010-06-22,2011-06-21,253,1348,1600,0,CHOLAFIN|NOISIN|1,UNKNOWN_NO_ISIN,CHOLADBS|NOISIN|2
CHOLAFIN,INE121A01016,2011-06-22,2019-06-14,1967,1601,3567,0,CHOLAFIN|INE121A01016|1,EQUITY,CHOLADBS|NOISIN|2
CHOLAFIN,INE121A01024,2019-06-17,2026-09-30,1801,3568,5368,0,CHOLAFIN|INE121A01024|1,EQUITY,CHOLADBS|NOISIN|2
CHOLAHLDNG,INE149A01033,2019-04-09,2026-09-30,1845,3524,5368,0,CHOLAHLDNG|INE149A01033|1,EQUITY,CHOLAHLDNG|INE149A01033|1
CHOLAINV,,2005-01-03,2006-05-31,349,0,348,0,CHOLAINV|NOISIN|1,UNKNOWN_NO_ISIN,CHOLADBS|NOISIN|1
CHROMATIC,INE662C01015,2012-05-29,2020-12-16,1648,1831,3939,113,CHROMATIC|INE662C01015|1,EQUITY,CHROMATIC|INE662C01015|1
CIEINDIA,INE536H01010,2023-06-19,2026-09-30,810,4559,5368,0,CIEINDIA|INE536H01010|1,EQUITY,CIEINDIA|INE536H01010|1
CIFL,INE345H01024,2025-04-17,2026-09-30,361,5008,5368,0,CIFL|INE345H01024|1,EQUITY,CIFL|INE345H01024|1
CIGNITITEC,INE675C01017,2014-10-13,2026-05-14,2740,2416,5272,117,CIGNITITEC|INE675C01017|1,EQUITY,CIGNITITEC|INE675C01017|1
CILNOVA,,2011-06-06,2011-06-21,12,1589,1600,0,CILNOVA|NOISIN|1,UNKNOWN_NO_ISIN,CILNOVA|INE672K01017|1
CILNOVA,INE672K01017,2011-06-22,2013-12-04,575,1601,2207,7,CILNOVA|INE672K01017|1,EQUITY,CILNOVA|INE672K01017|1
CIMCOBIRLA,,2005-01-03,2005-04-15,71,0,70,0,CIMCOBIRLA|NOISIN|1,UNKNOWN_NO_ISIN,CIMCOBIRLA|NOISIN|1
CIMCOBIRLA,,2005-07-08,2005-07-21,10,130,139,0,CIMCOBIRLA|NOISIN|2,UNKNOWN_NO_ISIN,CIMCOBIRLA|NOISIN|2
CIMCOBIRLA,,2006-06-12,2006-08-24,52,356,408,1,CIMCOBIRLA|NOISIN|3,UNKNOWN_NO_ISIN,CIMCOBIRLA|NOISIN|3
CIMCOBIRLA,,2007-08-31,2007-12-28,83,661,743,0,CIMCOBIRLA|NOISIN|4,UNKNOWN_NO_ISIN,CIMCOBIRLA|NOISIN|4
CIMCOBIRLA,,2008-02-29,2008-04-21,32,788,819,0,CIMCOBIRLA|NOISIN|5,UNKNOWN_NO_ISIN,CIMCOBIRLA|NOISIN|5
CIMCOBIRLA,,2008-06-13,2009-03-19,180,856,1041,1,CIMCOBIRLA|NOISIN|6,UNKNOWN_NO_ISIN,CIMCOBIRLA|NOISIN|6
CIMMCO,INE184C01028,2011-09-08,2020-10-21,1868,1654,3901,70,CIMMCO|INE184C01028|1,EQUITY,CIMMCO|INE184C01028|1
CINELINE,INE704H01022,2013-08-23,2026-09-30,2926,2139,5368,108,CINELINE|INE704H01022|1,EQUITY,CINELINE|INE704H01022|1
CINEMAX,,2007-02-14,2011-06-21,1057,525,1600,18,CINEMAX|NOISIN|1,UNKNOWN_NO_ISIN,CINEMAX|INE704H01014|1
CINEMAX,INE704H01014,2011-06-22,2012-05-16,222,1601,1822,0,CINEMAX|INE704H01014|1,EQUITY,CINEMAX|INE704H01014|1
CINEMAXIN,INE460N01011,2012-11-02,2014-03-06,270,1939,2271,63,CINEMAXIN|INE460N01011|1,EQUITY,CINEMAXIN|INE460N01011|1
CINEPRO,INE704H01022,2012-06-27,2013-08-21,222,1852,2137,63,CINEPRO|INE704H01022|1,EQUITY,CINELINE|INE704H01022|1
CINEVISTA,,2005-01-03,2005-11-18,219,0,218,0,CINEVISTA|NOISIN|1,UNKNOWN_NO_ISIN,CINEVISTA|NOISIN|1
CINEVISTA,,2006-06-12,2006-06-29,14,356,369,0,CINEVISTA|NOISIN|2,UNKNOWN_NO_ISIN,CINEVISTA|NOISIN|2
CINEVISTA,,2006-08-28,2006-09-21,19,410,428,0,CINEVISTA|NOISIN|3,UNKNOWN_NO_ISIN,CINEVISTA|NOISIN|3
CINEVISTA,,2006-11-24,2007-05-17,116,471,586,0,CINEVISTA|NOISIN|4,UNKNOWN_NO_ISIN,CINEVISTA|NOISIN|4
CINEVISTA,,2007-08-31,2009-08-20,484,661,1145,1,CINEVISTA|NOISIN|5,UNKNOWN_NO_ISIN,CINEVISTA|NOISIN|5
CINEVISTA,,2009-11-20,2010-06-10,118,1205,1340,18,CINEVISTA|NOISIN|6,UNKNOWN_NO_ISIN,CINEVISTA|NOISIN|6
CINEVISTA,,2010-08-20,2011-06-21,210,1391,1600,0,CINEVISTA|NOISIN|7,UNKNOWN_NO_ISIN,CINEVISTA|INE039B01026|1
CINEVISTA,INE039B01026,2011-06-22,2026-09-30,2597,1601,5368,116,CINEVISTA|INE039B01026|1,EQUITY,CINEVISTA|INE039B01026|1
CIPL,,2005-01-03,2005-04-07,66,0,65,0,CIPL|NOISIN|1,UNKNOWN_NO_ISIN,CIPL|NOISIN|1
CIPL,,2005-07-08,2005-07-21,10,130,139,0,CIPL|NOISIN|2,UNKNOWN_NO_ISIN,CIPL|NOISIN|2
CIPL,,2005-11-25,2006-10-04,214,223,436,0,CIPL|NOISIN|3,UNKNOWN_NO_ISIN,CIPL|NOISIN|3
CIPLA,,2005-01-03,2011-06-21,1601,0,1600,0,CIPLA|NOISIN|1,UNKNOWN_NO_ISIN,CIPLA|INE059A01026|1
CIPLA,INE059A01026,2011-06-22,2026-09-30,3768,1601,5368,0,CIPLA|INE059A01026|1,EQUITY,CIPLA|INE059A01026|1
CKFSL,INE391Z01012,2019-04-30,2020-02-20,153,3536,3736,48,CKFSL|INE391Z01012|1,EQUITY,CKFSL|INE391Z01012|1
CLARIANT,,2005-01-03,2006-04-12,316,0,315,0,CLARIANT|NOISIN|1,UNKNOWN_NO_ISIN,CLARIANT|NOISIN|1
CLASSIC,,2005-01-03,2009-10-05,1174,0,1174,1,CLASSIC|NOISIN|1,UNKNOWN_NO_ISIN,CLASSIC|NOISIN|1
CLASSIC,,2009-11-20,2011-06-21,396,1205,1600,0,CLASSIC|NOISIN|2,UNKNOWN_NO_ISIN,CLASSIC|INE987C01024|1
CLASSIC,INE987C01024,2011-06-22,2014-01-16,414,1601,2237,51,CLASSIC|INE987C01024|1,EQUITY,CLASSIC|INE987C01024|1
CLEAN,INE227W01023,2021-07-19,2026-09-30,1285,4084,5368,0,CLEAN|INE227W01023|1,EQUITY,CLEAN|INE227W01023|1
CLEANMAX,INE647U01026,2026-03-02,2026-09-30,144,5225,5368,0,CLEANMAX|INE647U01026|1,EQUITY,CLEANMAX|INE647U01026|1
CLEDUCATE,INE201M01011,2017-04-18,2021-09-30,1070,3033,4134,32,CLEDUCATE|INE201M01011|1,EQUITY,CLEDUCATE|INE201M01011|1
CLEDUCATE,INE201M01029,2021-10-01,2026-09-30,954,4135,5368,70,CLEDUCATE|INE201M01029|1,EQUITY,CLEDUCATE|INE201M01011|1
CLNINDIA,,2006-06-05,2011-06-21,1249,351,1600,1,CLNINDIA|NOISIN|1,UNKNOWN_NO_ISIN,CLNINDIA|INE492A01029|1
CLNINDIA,INE492A01029,2011-06-22,2023-03-09,2892,1601,4492,0,CLNINDIA|INE492A01029|1,EQUITY,CLNINDIA|INE492A01029|1
CLSEL,INE419D01026,2021-05-12,2026-09-30,1332,4037,5368,0,CLSEL|INE419D01026|1,EQUITY,CLSEL|INE419D01026|1
CLUTCHAUTO,,2007-01-23,2011-06-16,1087,511,1597,0,CLUTCHAUTO|NOISIN|1,UNKNOWN_NO_ISIN,CLUTCHAUTO|NOISIN|1
CLUTCHAUTO,INE779B01019,2011-09-06,2015-02-20,732,1652,2503,60,CLUTCHAUTO|INE779B01019|1,EQUITY,CLUTCHAUTO|INE779B01019|1
CMAHENDRA,,2011-01-20,2011-06-21,104,1497,1600,0,CMAHENDRA|NOISIN|1,UNKNOWN_NO_ISIN,CMAHENDRA|INE378J01013|1
CMAHENDRA,INE378J01013,2011-06-22,2015-09-24,1051,1601,2651,0,CMAHENDRA|INE378J01013|1,EQUITY,CMAHENDRA|INE378J01013|1
CMC,,2005-01-03,2011-06-21,1601,0,1600,0,CMC|NOISIN|1,UNKNOWN_NO_ISIN,CMC|INE314A01017|1
CMC,INE314A01017,2011-06-22,2015-09-29,1053,1601,2653,0,CMC|INE314A01017|1,EQUITY,CMC|INE314A01017|1
CMICABLES,INE981B01011,2016-11-29,2023-04-19,1429,2938,4517,50,CMICABLES|INE981B01011|1,EQUITY,CMICABLES|INE981B01011|1
CMLL,INE11XY01018,2026-07-24,2026-09-30,48,5321,5368,0,CMLL|INE11XY01018|1,EQUITY,CMLL|INE11XY01018|1
CMPDI,INE05HV01027,2026-03-30,2026-09-30,126,5243,5368,0,CMPDI|INE05HV01027|1,EQUITY,CMPDI|INE05HV01027|1
CMRGREEN,INE00WV01027,2026-06-10,2026-09-30,79,5290,5368,0,CMRGREEN|INE00WV01027|1,EQUITY,CMRGREEN|INE00WV01027|1
CMSINFO,INE925R01014,2021-12-31,2026-09-30,1172,4197,5368,0,CMSINFO|INE925R01014|1,EQUITY,CMSINFO|INE925R01014|1
CNL,INE985W01018,2025-12-10,2026-09-30,199,5170,5368,0,CNL|INE985W01018|1,EQUITY,CNL|INE985W01018|1
CNOVAPETRO,INE672K01025,2014-02-03,2021-02-24,1385,2249,3987,66,CNOVAPETRO|INE672K01025|1,EQUITY,CNOVAPETRO|INE672K01025|1
COALINDIA,,2010-11-04,2011-06-21,157,1444,1600,0,COALINDIA|NOISIN|1,UNKNOWN_NO_ISIN,COALINDIA|INE522F01014|1
COALINDIA,INE522F01014,2011-06-22,2026-09-30,3768,1601,5368,0,COALINDIA|INE522F01014|1,EQUITY,COALINDIA|INE522F01014|1
COASTCORP,INE377E01016,2021-10-08,2025-03-03,840,4140,4979,0,COASTCORP|INE377E01016|1,EQUITY,COASTCORP|INE377E01016|1
COASTCORP,INE377E01024,2025-03-04,2026-09-30,326,4980,5368,63,COASTCORP|INE377E01024|1,EQUITY,COASTCORP|INE377E01016|1
COCHINREFN,,2005-01-03,2006-09-21,429,0,428,0,COCHINREFN|NOISIN|1,UNKNOWN_NO_ISIN,COCHINREFN|NOISIN|1
COCHINSHIP,INE704P01017,2017-08-11,2024-01-09,1584,3114,4697,0,COCHINSHIP|INE704P01017|1,EQUITY,COCHINSHIP|INE704P01017|1
COCHINSHIP,INE704P01025,2024-01-10,2026-09-30,607,4698,5368,64,COCHINSHIP|INE704P01025|1,EQUITY,COCHINSHIP|INE704P01017|1
COCKERILL,INE515A01019,2026-04-20,2026-09-30,114,5255,5368,0,COCKERILL|INE515A01019|1,EQUITY,COCKERILL|INE515A01019|1
COFFEEDAY,INE335K01011,2015-11-02,2026-09-30,2020,2675,5368,345,COFFEEDAY|INE335K01011|1,EQUITY,COFFEEDAY|INE335K01011|1
COFORGE,INE591G01017,2020-08-20,2025-06-03,1182,3858,5039,0,COFORGE|INE591G01017|1,EQUITY,COFORGE|INE591G01017|1
COFORGE,INE591G01025,2025-06-04,2026-09-30,329,5040,5368,0,COFORGE|INE591G01025|1,EQUITY,COFORGE|INE591G01017|1
COHANCE,INE03QK01018,2025-05-19,2026-09-30,341,5028,5368,0,COHANCE|INE03QK01018|1,EQUITY,COHANCE|INE03QK01018|1
COLGATE,,2005-01-03,2007-11-28,724,0,723,0,COLGATE|NOISIN|1,UNKNOWN_NO_ISIN,COLGATE|NOISIN|1
COLORCHEM,,2005-01-03,2006-06-02,350,0,350,1,COLORCHEM|NOISIN|1,UNKNOWN_NO_ISIN,CLNINDIA|INE492A01029|1
COLORCHIPS,,2006-04-04,2006-05-11,24,311,334,0,COLORCHIPS|NOISIN|1,UNKNOWN_NO_ISIN,ARHAMFISCL|NOISIN|2
COLORCHIPS,,2006-06-12,2007-01-11,148,356,503,0,COLORCHIPS|NOISIN|2,UNKNOWN_NO_ISIN,COLORCHIPS|NOISIN|2
COLORCHIPS,,2007-03-02,2007-07-26,101,536,636,0,COLORCHIPS|NOISIN|3,UNKNOWN_NO_ISIN,COLORCHIPS|NOISIN|3
COLORCHIPS,,2007-08-31,2007-09-12,9,661,669,0,COLORCHIPS|NOISIN|4,UNKNOWN_NO_ISIN,COLORCHIPS|NOISIN|4
COLPAL,,2007-12-17,2011-06-21,865,736,1600,0,COLPAL|NOISIN|1,UNKNOWN_NO_ISIN,COLPAL|INE259A01022|1
COLPAL,INE259A01022,2011-06-22,2026-09-30,3768,1601,5368,0,COLPAL|INE259A01022|1,EQUITY,COLPAL|INE259A01022|1
COMFINTE,INE819A01049,2026-04-20,2026-09-30,114,5255,5368,0,COMFINTE|INE819A01049|1,EQUITY,COMFINTE|INE819A01049|1
COMMOIETF,INF109KC19O8,2023-12-20,2026-09-30,685,4684,5368,0,COMMOIETF|INF109KC19O8|1,FUND_UNIT,COMMOIETF|INF109KC19O8|1
COMPEAU,INE823B01015,2026-08-17,2026-09-30,32,5337,5368,0,COMPEAU|INE823B01015|1,EQUITY,COMPEAU|INE823B01015|1
COMPINFO,INE070C01029,2016-07-07,2017-02-16,153,2842,2994,0,COMPINFO|INE070C01029|1,EQUITY,COMPINFO|INE070C01029|1
COMPINFO,INE070C01037,2017-02-17,2023-10-27,1654,2995,4648,0,COMPINFO|INE070C01037|1,EQUITY,COMPINFO|INE070C01029|1
COMPUAGE,,2010-10-01,2010-12-02,43,1420,1463,1,COMPUAGE|NOISIN|1,UNKNOWN_NO_ISIN,COMPUAGE|NOISIN|1
COMPUAGE,,2011-03-07,2011-06-21,73,1527,1600,1,COMPUAGE|NOISIN|2,UNKNOWN_NO_ISIN,COMPINFO|INE070C01029|1
COMPUAGE,INE070C01029,2011-06-22,2015-01-29,739,1601,2488,41,COMPUAGE|INE070C01029|1,EQUITY,COMPINFO|INE070C01029|1
COMPUSOFT,INE453B01029,2012-03-02,2026-09-30,3340,1773,5368,64,COMPUSOFT|INE453B01029|1,EQUITY,COMPUSOFT|INE453B01029|1
COMPUTECH,,2005-01-03,2005-04-07,66,0,65,0,COMPUTECH|NOISIN|1,UNKNOWN_NO_ISIN,COMPUTECH|NOISIN|1
COMPUTECH,,2005-07-08,2005-11-18,89,130,218,0,COMPUTECH|NOISIN|2,UNKNOWN_NO_ISIN,COMPUTECH|NOISIN|2
COMPUTECH,,2006-02-17,2007-12-13,455,280,734,0,COMPUTECH|NOISIN|3,UNKNOWN_NO_ISIN,COMPUTECH|NOISIN|3
COMPUTECH,,2008-02-29,2010-05-31,544,788,1332,1,COMPUTECH|NOISIN|4,UNKNOWN_NO_ISIN,COMPUTECH|NOISIN|4
COMSYN,INE073V01015,2024-01-23,2026-09-30,515,4706,5368,82,COMSYN|INE073V01015|1,EQUITY,COMSYN|INE073V01015|1
COMSYS,,2005-12-28,2006-02-16,34,246,279,0,COMSYS|NOISIN|1,UNKNOWN_NO_ISIN,COMSYS|NOISIN|1
COMSYS,,2006-06-12,2006-06-29,14,356,369,0,COMSYS|NOISIN|2,UNKNOWN_NO_ISIN,COMSYS|NOISIN|2
COMSYS,,2006-08-28,2007-01-11,94,410,503,0,COMSYS|NOISIN|3,UNKNOWN_NO_ISIN,COMSYS|NOISIN|3
COMSYS,,2007-03-02,2009-10-29,651,536,1190,1,COMSYS|NOISIN|4,UNKNOWN_NO_ISIN,COMSYS|NOISIN|4
COMSYS,,2010-02-19,2010-07-08,96,1265,1360,0,COMSYS|NOISIN|5,UNKNOWN_NO_ISIN,COMSYS|NOISIN|5
COMSYS,,2010-08-20,2010-11-24,67,1391,1457,0,COMSYS|NOISIN|6,UNKNOWN_NO_ISIN,COMSYS|NOISIN|6
CONCOR,,2005-01-03,2011-06-21,1601,0,1600,0,CONCOR|NOISIN|1,UNKNOWN_NO_ISIN,CONCOR|INE111A01017|1
CONCOR,INE111A01017,2011-06-22,2018-06-26,1730,1601,3330,0,CONCOR|INE111A01017|1,EQUITY,CONCOR|INE111A01017|1
CONCOR,INE111A01025,2018-06-27,2026-09-30,2038,3331,5368,0,CONCOR|INE111A01025|1,EQUITY,CONCOR|INE111A01017|1
CONCORDBIO,INE338H01029,2023-08-18,2026-09-30,768,4601,5368,0,CONCORDBIO|INE338H01029|1,EQUITY,CONCORDBIO|INE338H01029|1
CONFIPET,INE552D01024,2019-06-13,2026-09-30,1803,3566,5368,0,CONFIPET|INE552D01024|1,EQUITY,CONFIPET|INE552D01024|1
CONS,INF174KA1JE5,2024-03-20,2026-02-26,479,4745,5223,0,CONS|INF174KA1JE5|1,FUND_UNIT,CONS|INF174KA1JE5|1
CONS,INF174KA1ZF8,2026-02-27,2026-09-30,145,5224,5368,0,CONS|INF174KA1ZF8|1,FUND_UNIT,CONS|INF174KA1ZF8|1
CONSCOFFEE,,2005-01-03,2006-04-03,311,0,310,0,CONSCOFFEE|NOISIN|1,UNKNOWN_NO_ISIN,CONSCOFFEE|NOISIN|1
CONSOFINVT,,2005-03-29,2007-12-28,686,58,743,0,CONSOFINVT|NOISIN|1,UNKNOWN_NO_ISIN,CONSOFINVT|NOISIN|1
CONSOFINVT,,2008-02-29,2008-04-21,32,788,819,0,CONSOFINVT|NOISIN|2,UNKNOWN_NO_ISIN,CONSOFINVT|NOISIN|2
CONSOFINVT,,2008-06-13,2010-01-21,388,856,1246,1,CONSOFINVT|NOISIN|3,UNKNOWN_NO_ISIN,CONSOFINVT|NOISIN|3
CONSOFINVT,,2010-06-11,2010-09-02,60,1341,1400,0,CONSOFINVT|NOISIN|4,UNKNOWN_NO_ISIN,CONSOFINVT|NOISIN|4
CONSOFINVT,,2010-12-03,2011-06-21,137,1464,1600,0,CONSOFINVT|NOISIN|5,UNKNOWN_NO_ISIN,CONSOFINVT|INE025A01027|1
CONSOFINVT,INE025A01027,2011-06-22,2026-07-22,3476,1601,5319,77,CONSOFINVT|INE025A01027|1,EQUITY,CONSOFINVT|INE025A01027|1
CONSUMAXIS,INF846K016C7,2026-07-03,2026-09-30,63,5306,5368,0,CONSUMAXIS|INF846K016C7|1,FUND_UNIT,AXISCETF|INF846K016C7|1
CONSUMBEES,INF204KA1LD7,2022-05-10,2026-09-30,1086,4283,5368,0,CONSUMBEES|INF204KA1LD7|1,FUND_UNIT,CONSUMBEES|INF204KA1LD7|1
CONSUMER,INF769K01NS5,2025-01-01,2026-09-30,432,4937,5368,0,CONSUMER|INF769K01NS5|1,FUND_UNIT,CONSUMER|INF769K01NS5|1
CONSUMIETF,INF109KC1V42,2023-12-20,2026-09-30,685,4684,5368,0,CONSUMIETF|INF109KC1V42|1,FUND_UNIT,CONSUMIETF|INF109KC1V42|1
CONTROLPR,INE663B01015,2016-06-24,2026-09-30,2535,2834,5368,0,CONTROLPR|INE663B01015|1,EQUITY,CONTROLPR|INE663B01015|1
CORAL-HUB,,2011-02-25,2011-06-21,79,1522,1600,0,CORAL-HUB|NOISIN|1,UNKNOWN_NO_ISIN,CORAL-HUB|INE108J01030|1
CORAL-HUB,INE108J01030,2011-06-22,2012-06-15,216,1601,1844,28,CORAL-HUB|INE108J01030|1,EQUITY,CORAL-HUB|INE108J01030|1
CORALFINAC,INE558D01013,2017-06-29,2017-08-03,25,3083,3108,1,CORALFINAC|INE558D01013|1,EQUITY,CORALFINAC|INE558D01013|1
CORALFINAC,INE558D01021,2017-08-04,2026-09-30,2100,3109,5368,83,CORALFINAC|INE558D01021|1,EQUITY,CORALFINAC|INE558D01013|1
CORALHUB,,2010-07-26,2011-02-02,134,1372,1505,0,CORALHUB|NOISIN|1,UNKNOWN_NO_ISIN,CORALHUB|NOISIN|1
CORDELIA,INE0LZF01013,2026-07-01,2026-08-24,39,5304,5342,0,CORDELIA|INE0LZF01013|1,EQUITY,CORDELIA|INE0LZF01013|1
CORDELIA,INE0LZF01039,2026-08-25,2026-09-30,26,5343,5368,0,CORDELIA|INE0LZF01039|1,EQUITY,CORDELIA|INE0LZF01013|1
CORDSCABLE,,2008-02-13,2011-06-21,824,776,1600,1,CORDSCABLE|NOISIN|1,UNKNOWN_NO_ISIN,CORDSCABLE|INE792I01017|1
CORDSCABLE,INE792I01017,2011-06-22,2026-09-24,3338,1601,5364,66,CORDSCABLE|INE792I01017|1,EQUITY,CORDSCABLE|INE792I01017|1
COREEDUTEC,INE247G01024,2011-09-07,2015-09-24,953,1653,2651,30,COREEDUTEC|INE247G01024|1,EQUITY,COREEDUTEC|INE247G01024|1
COREEMBLG,,2005-01-03,2005-07-07,127,0,129,2,COREEMBLG|NOISIN|1,UNKNOWN_NO_ISIN,COREEMBLG|NOISIN|1
COREEMBLG,,2005-11-25,2006-05-11,112,223,334,0,COREEMBLG|NOISIN|2,UNKNOWN_NO_ISIN,COREEMBLG|NOISIN|2
COREEMBLG,,2006-08-28,2006-10-17,33,410,445,3,COREEMBLG|NOISIN|3,UNKNOWN_NO_ISIN,COREEMBLG|NOISIN|3
COREEMBLG,,2006-11-24,2006-12-29,25,471,495,0,COREEMBLG|NOISIN|4,UNKNOWN_NO_ISIN,COREEMBLG|NOISIN|4
COREEMBLG,,2007-03-05,2007-11-15,154,537,714,4,COREEMBLG|NOISIN|5,UNKNOWN_NO_ISIN,COREEMBLG|NOISIN|5
COREEMBLG,,2008-02-29,2008-08-07,72,788,895,11,COREEMBLG|NOISIN|6,UNKNOWN_NO_ISIN,COREEMBLG|NOISIN|6
COREEMBLG,,2008-12-05,2009-01-09,12,974,996,4,COREEMBLG|NOISIN|7,UNKNOWN_NO_ISIN,COREEMBLG|NOISIN|7
COREEMBLG,,2009-06-12,2009-08-06,36,1096,1135,2,COREEMBLG|NOISIN|8,UNKNOWN_NO_ISIN,COREEMBLG|NOISIN|8
COREPARENT,,2005-01-03,2005-05-19,81,0,94,14,COREPARENT|NOISIN|1,UNKNOWN_NO_ISIN,COREPARENT|NOISIN|1
COREPROTEC,,2007-05-25,2011-06-21,1009,592,1600,0,COREPROTEC|NOISIN|1,UNKNOWN_NO_ISIN,COREEDUTEC|INE247G01024|1
COREPROTEC,INE247G01024,2011-06-22,2011-09-06,52,1601,1652,0,COREPROTEC|INE247G01024|1,EQUITY,COREEDUTEC|INE247G01024|1
COROENGG,,2011-02-17,2011-04-28,25,1516,1562,11,COROENGG|NOISIN|1,UNKNOWN_NO_ISIN,COROENGG|NOISIN|1
COROENGG,,2011-06-17,2011-06-17,1,1598,1598,0,COROENGG|NOISIN|2,UNKNOWN_NO_ISIN,COROENGG|NOISIN|2
COROENGG,INE312J01012,2011-06-23,2015-01-29,381,1602,2488,62,COROENGG|INE312J01012|1,EQUITY,COROENGG|INE312J01012|1
COROMANDEL,,2009-10-12,2011-06-21,422,1179,1600,0,COROMANDEL|NOISIN|1,UNKNOWN_NO_ISIN,COROMANDEL|INE169A01031|1
COROMANDEL,INE169A01031,2011-06-22,2026-09-30,3768,1601,5368,0,COROMANDEL|INE169A01031|1,EQUITY,COROMANDEL|INE169A01031|1
COROMNFERT,,2005-01-03,2009-10-09,1179,0,1178,0,COROMNFERT|NOISIN|1,UNKNOWN_NO_ISIN,COROMANDEL|INE169A01031|1
CORONA,INE02ZQ01018,2025-12-15,2026-09-30,196,5173,5368,0,CORONA|INE02ZQ01018|1,EQUITY,CORONA|INE02ZQ01018|1
CORPBANK,,2005-01-03,2011-06-21,1601,0,1600,0,CORPBANK|NOISIN|1,UNKNOWN_NO_ISIN,CORPBANK|INE112A01015|1
CORPBANK,INE112A01015,2011-06-22,2015-01-22,884,1601,2484,0,CORPBANK|INE112A01015|1,EQUITY,CORPBANK|INE112A01015|1
CORPBANK,INE112A01023,2015-01-23,2020-03-19,1270,2485,3754,0,CORPBANK|INE112A01023|1,EQUITY,CORPBANK|INE112A01015|1
COSMOFILMS,,2005-01-03,2011-06-21,1601,0,1600,0,COSMOFILMS|NOISIN|1,UNKNOWN_NO_ISIN,COSMOFILMS|INE757A01017|1
COSMOFILMS,INE757A01017,2011-06-22,2022-07-22,2736,1601,4336,0,COSMOFILMS|INE757A01017|1,EQUITY,COSMOFILMS|INE757A01017|1
COSMOFIRST,INE757A01017,2022-07-25,2026-09-30,1032,4337,5368,0,COSMOFIRST|INE757A01017|1,EQUITY,COSMOFILMS|INE757A01017|1
COUNCODOS,INE695B01025,2012-08-31,2026-08-10,2611,1897,5332,111,COUNCODOS|INE695B01025|1,EQUITY,COUNCODOS|INE695B01025|1
COX&KINGS,,2009-12-11,2011-06-21,381,1220,1600,0,COX&KINGS|NOISIN|1,UNKNOWN_NO_ISIN,COX&KINGS|INE008I01026|1
COX&KINGS,INE008I01026,2011-06-22,2019-12-24,2085,1601,3695,10,COX&KINGS|INE008I01026|1,EQUITY,COX&KINGS|INE008I01026|1
CPCAP,INE521J01018,2025-03-20,2026-09-30,303,4991,5368,65,CPCAP|INE521J01018|1,EQUITY,CAREERP|INE521J01018|1
CPEDU,INE0P6P01016,2025-09-19,2026-09-30,254,5115,5368,0,CPEDU|INE0P6P01016|1,EQUITY,CPEDU|INE0P6P01016|1
CPIL,,2010-10-06,2011-06-21,178,1423,1600,0,CPIL|NOISIN|1,UNKNOWN_NO_ISIN,CAREERP|INE521J01018|1
CPIL,INE521J01018,2011-06-22,2011-11-15,98,1601,1698,0,CPIL|INE521J01018|1,EQUITY,CAREERP|INE521J01018|1
CPL,INE536P01021,2026-07-23,2026-09-30,49,5320,5368,0,CPL|INE536P01021|1,EQUITY,CPL|INE536P01021|1
CPPLUS,INE819V01029,2025-08-05,2026-09-30,285,5084,5368,0,CPPLUS|INE819V01029|1,EQUITY,CPPLUS|INE819V01029|1
CPSEETF,INF457M01133,2014-04-04,2026-09-30,3078,2291,5368,0,CPSEETF|INF457M01133|1,FUND_UNIT,CPSEETF|INF457M01133|1
CRAFTSMAN,INE00LO01017,2021-03-25,2026-09-30,1362,4007,5368,0,CRAFTSMAN|INE00LO01017|1,EQUITY,CRAFTSMAN|INE00LO01017|1
CRAMC,INE218I01013,2025-10-16,2026-09-30,236,5133,5368,0,CRAMC|INE218I01013|1,EQUITY,CRAMC|INE218I01013|1
CRANESSOFT,,2005-01-03,2010-09-02,1400,0,1400,1,CRANESSOFT|NOISIN|1,UNKNOWN_NO_ISIN,CRANESSOFT|NOISIN|1
CRAVATEX,INE145E01017,2026-08-17,2026-09-30,32,5337,5368,0,CRAVATEX|INE145E01017|1,EQUITY,CRAVATEX|INE145E01017|1
CREATIVE,INE985W01018,2019-08-05,2025-12-09,1405,3603,5169,59,CREATIVE|INE985W01018|1,EQUITY,CNL|INE985W01018|1
CREATIVEYE,,2005-01-03,2005-04-07,66,0,65,0,CREATIVEYE|NOISIN|1,UNKNOWN_NO_ISIN,CREATIVEYE|NOISIN|1
CREATIVEYE,,2005-07-08,2005-07-21,10,130,139,0,CREATIVEYE|NOISIN|2,UNKNOWN_NO_ISIN,CREATIVEYE|NOISIN|2
CREATIVEYE,,2006-06-12,2006-09-07,63,356,418,0,CREATIVEYE|NOISIN|3,UNKNOWN_NO_ISIN,CREATIVEYE|NOISIN|3
CREATIVEYE,,2006-11-24,2006-12-14,15,471,485,0,CREATIVEYE|NOISIN|4,UNKNOWN_NO_ISIN,CREATIVEYE|NOISIN|4
CREATIVEYE,,2007-03-02,2007-05-17,51,536,586,0,CREATIVEYE|NOISIN|5,UNKNOWN_NO_ISIN,CREATIVEYE|NOISIN|5
CREATIVEYE,,2007-08-31,2007-09-20,15,661,675,0,CREATIVEYE|NOISIN|6,UNKNOWN_NO_ISIN,CREATIVEYE|NOISIN|6
CREATIVEYE,,2008-02-29,2009-04-17,270,788,1058,1,CREATIVEYE|NOISIN|7,UNKNOWN_NO_ISIN,CREATIVEYE|NOISIN|7
CREATIVEYE,,2009-06-12,2011-06-21,484,1096,1600,20,CREATIVEYE|NOISIN|8,UNKNOWN_NO_ISIN,CREATIVEYE|INE230B01021|1
CREATIVEYE,INE230B01021,2011-06-22,2026-09-30,2606,1601,5368,88,CREATIVEYE|INE230B01021|1,EQUITY,CREATIVEYE|INE230B01021|1
CREDITACC,INE741K01010,2018-08-23,2026-09-30,1999,3370,5368,0,CREDITACC|INE741K01010|1,EQUITY,CREDITACC|INE741K01010|1
CREST,INE559D01011,2014-11-17,2026-09-30,2719,2437,5368,70,CREST|INE559D01011|1,EQUITY,CREST|INE559D01011|1
CRESTANI,,2005-01-04,2005-05-12,89,1,89,0,CRESTANI|NOISIN|1,UNKNOWN_NO_ISIN,CRESTANI|NOISIN|1
CRESTANI,,2006-06-12,2006-06-29,14,356,369,0,CRESTANI|NOISIN|2,UNKNOWN_NO_ISIN,CRESTANI|NOISIN|2
CRESTANI,,2006-08-28,2006-12-29,86,410,495,0,CRESTANI|NOISIN|3,UNKNOWN_NO_ISIN,CRESTANI|NOISIN|3
CRESTANI,,2007-03-02,2007-12-13,199,536,734,0,CRESTANI|NOISIN|4,UNKNOWN_NO_ISIN,CRESTANI|NOISIN|4
CRESTANI,,2008-02-29,2008-04-21,32,788,819,0,CRESTANI|NOISIN|5,UNKNOWN_NO_ISIN,CRESTANI|NOISIN|5
CRESTANI,,2008-06-13,2009-05-04,212,856,1067,0,CRESTANI|NOISIN|6,UNKNOWN_NO_ISIN,CRESTANI|NOISIN|6
CRESTANI,,2009-11-20,2009-12-10,15,1205,1219,0,CRESTANI|NOISIN|7,UNKNOWN_NO_ISIN,CRESTANI|NOISIN|7
CRESTANI,,2010-02-19,2010-04-01,28,1265,1292,0,CRESTANI|NOISIN|8,UNKNOWN_NO_ISIN,CRESTANI|NOISIN|8
CRESTANI,,2010-06-11,2011-06-21,260,1341,1600,0,CRESTANI|NOISIN|9,UNKNOWN_NO_ISIN,CRESTANI|INE774A01012|1
CRESTANI,INE774A01012,2011-06-22,2014-05-22,610,1601,2320,42,CRESTANI|INE774A01012|1,EQUITY,CRESTANI|INE774A01012|1
CRESTCOMM,,2005-01-03,2005-01-03,1,0,0,0,CRESTCOMM|NOISIN|1,UNKNOWN_NO_ISIN,CRESTANI|NOISIN|1
CRESTO,INE203Y01012,2026-09-10,2026-09-30,14,5355,5368,0,CRESTO|INE203Y01012|1,EQUITY,CRESTO|INE203Y01012|1
CREWBOS,,2005-01-03,2011-06-21,1600,0,1600,1,CREWBOS|NOISIN|1,UNKNOWN_NO_ISIN,CREWBOS|INE514G01019|1
CREWBOS,INE514G01019,2011-06-22,2013-09-16,554,1601,2154,0,CREWBOS|INE514G01019|1,EQUITY,CREWBOS|INE514G01019|1
CRISIL,,2005-01-03,2011-06-21,1601,0,1600,0,CRISIL|NOISIN|1,UNKNOWN_NO_ISIN,CRISIL|INE007A01017|1
CRISIL,INE007A01017,2011-06-22,2011-09-29,69,1601,1669,0,CRISIL|INE007A01017|1,EQUITY,CRISIL|INE007A01017|1
CRISIL,INE007A01025,2011-09-30,2026-09-30,3699,1670,5368,0,CRISIL|INE007A01025|1,EQUITY,CRISIL|INE007A01017|1
CRIZAC,INE0S4R01014,2025-07-09,2026-09-30,304,5065,5368,0,CRIZAC|INE0S4R01014|1,EQUITY,CRIZAC|INE0S4R01014|1
CRMFGETF,INF760K01BR1,2012-03-27,2019-11-06,1200,1789,3662,13,CRMFGETF|INF760K01BR1|1,FUND_UNIT,CRMFGETF|INF760K01BR1|1
CROMPGREAV,,2005-01-03,2011-06-21,1601,0,1600,0,CROMPGREAV|NOISIN|1,UNKNOWN_NO_ISIN,CGPOWER|INE067A01029|1
CROMPGREAV,INE067A01029,2011-06-22,2017-03-07,1406,1601,3006,0,CROMPGREAV|INE067A01029|1,EQUITY,CGPOWER|INE067A01029|1
CROMPTON,INE299U01018,2016-05-27,2026-09-30,2555,2814,5368,0,CROMPTON|INE299U01018|1,EQUITY,CROMPTON|INE299U01018|1
CRONIMET,,2010-06-02,2011-06-21,267,1334,1600,0,CRONIMET|NOISIN|1,UNKNOWN_NO_ISIN,CRONIMET|INE592I01011|1
CRONIMET,INE592I01011,2011-06-22,2011-11-03,92,1601,1692,0,CRONIMET|INE592I01011|1,EQUITY,CRONIMET|INE592I01011|1
CRONIMET,INE592I01029,2011-11-04,2012-03-30,100,1693,1792,0,CRONIMET|INE592I01029|1,EQUITY,CRONIMET|INE592I01011|1
CROWN,INE491V01019,2022-02-08,2026-09-30,730,4223,5368,268,CROWN|INE491V01019|1,EQUITY,CROWN|INE491V01019|1
CRSL,INE716D01033,2026-08-17,2026-08-25,7,5337,5343,0,CRSL|INE716D01033|1,EQUITY,CRSL|INE716D01033|1
CSBBANK,INE679A01013,2019-12-04,2026-09-30,1688,3681,5368,0,CSBBANK|INE679A01013|1,EQUITY,CSBBANK|INE679A01013|1
CSLFINANCE,INE718F01018,2022-07-21,2026-09-30,1034,4335,5368,0,CSLFINANCE|INE718F01018|1,EQUITY,CSLFINANCE|INE718F01018|1
CSM,INE0ZK601013,2026-07-16,2026-09-30,54,5315,5368,0,CSM|INE0ZK601013|1,EQUITY,CSM|INE0ZK601013|1
CTE,,2007-02-07,2010-04-29,789,520,1310,1,CTE|NOISIN|1,UNKNOWN_NO_ISIN,CTE|NOISIN|1
CTE,,2010-06-11,2011-06-21,260,1341,1600,0,CTE|NOISIN|2,UNKNOWN_NO_ISIN,CTE|INE627H01017|1
CTE,INE627H01017,2011-06-22,2026-08-25,2963,1601,5343,120,CTE|INE627H01017|1,EQUITY,CTE|INE627H01017|1
CUB,,2005-01-03,2011-06-21,1601,0,1600,0,CUB|NOISIN|1,UNKNOWN_NO_ISIN,CUB|INE491A01021|1
CUB,INE491A01021,2011-06-22,2026-09-30,3768,1601,5368,0,CUB|INE491A01021|1,EQUITY,CUB|INE491A01021|1
CUBEXTUB,,2008-01-25,2008-08-21,139,763,904,1,CUBEXTUB|NOISIN|1,UNKNOWN_NO_ISIN,CUBEXTUB|NOISIN|1
CUBEXTUB,,2008-12-01,2009-04-17,75,970,1058,4,CUBEXTUB|NOISIN|2,UNKNOWN_NO_ISIN,CUBEXTUB|NOISIN|2
CUBEXTUB,,2009-08-21,2010-01-07,89,1146,1236,1,CUBEXTUB|NOISIN|3,UNKNOWN_NO_ISIN,CUBEXTUB|NOISIN|3
CUBEXTUB,,2010-02-19,2011-06-21,329,1265,1600,2,CUBEXTUB|NOISIN|4,UNKNOWN_NO_ISIN,CUBEXTUB|INE144D01012|1
CUBEXTUB,INE144D01012,2011-06-22,2026-09-28,1850,1601,5366,1179,CUBEXTUB|INE144D01012|1,EQUITY,CUBEXTUB|INE144D01012|1
CUMMINSIND,,2005-06-17,2011-06-21,1486,115,1600,0,CUMMINSIND|NOISIN|1,UNKNOWN_NO_ISIN,CUMMINSIND|INE298A01020|1
CUMMINSIND,INE298A01020,2011-06-22,2026-09-30,3768,1601,5368,0,CUMMINSIND|INE298A01020|1,EQUITY,CUMMINSIND|INE298A01020|1
CUPID,INE509F01011,2016-09-16,2023-12-12,1789,2890,4678,0,CUPID|INE509F01011|1,EQUITY,CUPID|INE509F01011|1
CUPID,INE509F01029,2024-10-28,2026-09-30,476,4893,5368,0,CUPID|INE509F01029|1,EQUITY,CUPID|INE509F01029|1
CURAA,INE117B01020,2025-04-08,2026-09-17,75,5003,5359,282,CURAA|INE117B01020|1,EQUITY,CURAA|INE117B01020|1
CURATECH,,2010-12-03,2011-01-06,24,1464,1487,0,CURATECH|NOISIN|1,UNKNOWN_NO_ISIN,CURATECH|NOISIN|1
CURATECH,,2011-03-07,2011-06-21,66,1527,1600,2,CURATECH|NOISIN|2,UNKNOWN_NO_ISIN,CURATECH|INE117B01012|1
CURATECH,INE117B01012,2011-06-22,2017-12-29,825,1601,3209,82,CURATECH|INE117B01012|1,EQUITY,CURATECH|INE117B01012|1
CYBERMEDIA,,2005-06-10,2005-09-15,67,110,176,0,CYBERMEDIA|NOISIN|1,UNKNOWN_NO_ISIN,CYBERMEDIA|NOISIN|1
CYBERMEDIA,,2005-11-25,2009-06-11,869,223,1095,1,CYBERMEDIA|NOISIN|2,UNKNOWN_NO_ISIN,CYBERMEDIA|NOISIN|2
CYBERMEDIA,,2009-08-21,2009-12-24,84,1146,1229,0,CYBERMEDIA|NOISIN|3,UNKNOWN_NO_ISIN,CYBERMEDIA|NOISIN|3
CYBERMEDIA,,2010-02-19,2011-04-18,289,1265,1555,1,CYBERMEDIA|NOISIN|4,UNKNOWN_NO_ISIN,CYBERMEDIA|NOISIN|4
CYBERMEDIA,,2011-06-17,2011-06-21,3,1598,1600,0,CYBERMEDIA|NOISIN|5,UNKNOWN_NO_ISIN,CYBERMEDIA|INE278G01037|1
CYBERMEDIA,INE278G01037,2011-06-22,2026-09-08,1702,1601,5353,314,CYBERMEDIA|INE278G01037|1,EQUITY,CYBERMEDIA|INE278G01037|1
CYBERTECH,,2005-04-08,2005-06-02,39,66,104,0,CYBERTECH|NOISIN|1,UNKNOWN_NO_ISIN,CYBERTECH|NOISIN|1
CYBERTECH,,2005-07-08,2005-07-14,5,130,134,0,CYBERTECH|NOISIN|2,UNKNOWN_NO_ISIN,CYBERTECH|NOISIN|2
CYBERTECH,,2006-02-17,2011-06-21,1313,280,1600,2,CYBERTECH|NOISIN|3,UNKNOWN_NO_ISIN,CYBERTECH|INE214A01019|1
CYBERTECH,INE214A01019,2011-06-22,2026-06-29,3408,1601,5302,95,CYBERTECH|INE214A01019|1,EQUITY,CYBERTECH|INE214A01019|1
CYIENT,INE136B01020,2014-05-22,2026-09-30,3049,2320,5368,0,CYIENT|INE136B01020|1,EQUITY,CYIENT|INE136B01020|1
CYIENTDLM,INE055S01018,2023-07-10,2026-09-30,796,4573,5368,0,CYIENTDLM|INE055S01018|1,EQUITY,CYIENTDLM|INE055S01018|1
D-LINK,,2005-01-03,2009-06-11,1096,0,1095,0,D-LINK|NOISIN|1,UNKNOWN_NO_ISIN,D-LINK|NOISIN|1
DAAWAT,,2006-12-18,2011-06-21,1113,487,1600,1,DAAWAT|NOISIN|1,UNKNOWN_NO_ISIN,DAAWAT|INE818H01012|1
DAAWAT,INE818H01012,2011-06-22,2017-02-07,1387,1601,2987,0,DAAWAT|INE818H01012|1,EQUITY,DAAWAT|INE818H01012|1
DAAWAT,INE818H01020,2017-02-08,2023-11-03,1666,2988,4653,0,DAAWAT|INE818H01020|1,EQUITY,DAAWAT|INE818H01020|1
DABUR,,2005-01-03,2011-06-21,1601,0,1600,0,DABUR|NOISIN|1,UNKNOWN_NO_ISIN,DABUR|INE016A01026|1
DABUR,INE016A01026,2011-06-22,2026-09-30,3768,1601,5368,0,DABUR|INE016A01026|1,EQUITY,DABUR|INE016A01026|1
DABURPHARM,,2005-01-03,2009-02-18,1024,0,1023,0,DABURPHARM|NOISIN|1,UNKNOWN_NO_ISIN,DABURPHARM|NOISIN|1
DAICHI,INE928C01010,2026-04-20,2026-09-04,65,5255,5351,32,DAICHI|INE928C01010|1,EQUITY,DAICHI|INE928C01010|1
DALBHARAT,INE00R701025,2019-02-05,2026-09-30,1888,3481,5368,0,DALBHARAT|INE00R701025|1,EQUITY,DALBHARAT|INE00R701025|1
DALMIABEL,,2011-02-10,2011-06-21,90,1511,1600,0,DALMIABEL|NOISIN|1,UNKNOWN_NO_ISIN,DALMIABEL|INE439L01019|1
DALMIABEL,INE439L01019,2011-06-22,2013-01-08,383,1601,1983,0,DALMIABEL|INE439L01019|1,EQUITY,DALMIABEL|INE439L01019|1
DALMIABHA,INE439L01019,2013-01-09,2018-11-28,1424,1984,3433,26,DALMIABHA|INE439L01019|1,EQUITY,DALMIABEL|INE439L01019|1
DALMIACEM,,2005-01-03,2010-09-23,1414,0,1414,1,DALMIACEM|NOISIN|1,UNKNOWN_NO_ISIN,DALMIACEM|NOISIN|1
DALMIAREF,INE200F01017,2014-05-22,2015-01-29,114,2320,2488,48,DALMIAREF|INE200F01017|1,EQUITY,DALMIAREF|INE200F01017|1
DALMIASUG,,2010-10-08,2011-06-21,176,1425,1600,0,DALMIASUG|NOISIN|1,UNKNOWN_NO_ISIN,DALMIACEM|NOISIN|1
DALMIASUG,INE495A01022,2011-06-22,2026-09-30,3636,1601,5368,61,DALMIASUG|INE495A01022|1,EQUITY,DALMIACEM|NOISIN|1
DAMCAPITAL,INE284H01025,2024-12-27,2026-09-30,435,4934,5368,0,DAMCAPITAL|INE284H01025|1,EQUITY,DAMCAPITAL|INE284H01025|1
DAMODARIND,INE497D01014,2016-07-04,2018-10-25,570,2840,3411,1,DAMODARIND|INE497D01014|1,EQUITY,DAMODARIND|INE497D01014|1
DAMODARIND,INE497D01022,2018-10-26,2026-07-07,1840,3412,5308,57,DAMODARIND|INE497D01022|1,EQUITY,DAMODARIND|INE497D01014|1
DANGEE,INE688Y01014,2020-11-13,2022-09-06,396,3918,4365,52,DANGEE|INE688Y01014|1,EQUITY,DANGEE|INE688Y01014|1
DANGEE,INE688Y01022,2022-09-07,2026-09-30,834,4366,5368,68,DANGEE|INE688Y01022|1,EQUITY,DANGEE|INE688Y01014|1
DATAMATICS,,2009-04-20,2011-06-21,542,1059,1600,0,DATAMATICS|NOISIN|1,UNKNOWN_NO_ISIN,DATAMATICS|INE365B01017|1
DATAMATICS,INE365B01017,2011-06-22,2026-09-30,3755,1601,5368,1,DATAMATICS|INE365B01017|1,EQUITY,DATAMATICS|INE365B01017|1
DATAPATTNS,INE0IX101010,2021-12-24,2026-09-30,1177,4192,5368,0,DATAPATTNS|INE0IX101010|1,EQUITY,DATAPATTNS|INE0IX101010|1
DATATECH,,2005-01-03,2007-03-01,536,0,535,0,DATATECH|NOISIN|1,UNKNOWN_NO_ISIN,DATATECH|NOISIN|1
DATATECH,,2007-06-08,2009-04-17,457,602,1058,0,DATATECH|NOISIN|2,UNKNOWN_NO_ISIN,DATAMATICS|INE365B01017|1
DAVANGERE,INE179G01011,2024-01-25,2024-05-30,83,4708,4790,0,DAVANGERE|INE179G01011|1,EQUITY,DAVANGERE|INE179G01011|1
DAVANGERE,INE179G01029,2024-05-31,2026-09-30,578,4791,5368,0,DAVANGERE|INE179G01029|1,EQUITY,DAVANGERE|INE179G01011|1
DBCORP,,2010-01-06,2011-06-21,366,1235,1600,0,DBCORP|NOISIN|1,UNKNOWN_NO_ISIN,DBCORP|INE950I01011|1
DBCORP,INE950I01011,2011-06-22,2026-09-30,3710,1601,5368,58,DBCORP|INE950I01011|1,EQUITY,DBCORP|INE950I01011|1
DBEIL,INE0OPA01019,2024-10-28,2026-06-01,391,4893,5283,0,DBEIL|INE0OPA01019|1,EQUITY,DBEIL|INE0OPA01019|1
DBEIL,INE0OPA01027,2026-09-07,2026-09-30,17,5352,5368,0,DBEIL|INE0OPA01027|1,EQUITY,DBEIL|INE0OPA01027|1
DBL,INE917M01012,2016-08-11,2026-09-30,2502,2867,5368,0,DBL|INE917M01012|1,EQUITY,DBL|INE917M01012|1
DBOL,INE0I3401014,2022-09-22,2026-09-30,841,4377,5368,87,DBOL|INE0I3401014|1,EQUITY,DBOL|INE0I3401014|1
DBREALTY,,2010-02-24,2011-06-21,333,1268,1600,0,DBREALTY|NOISIN|1,UNKNOWN_NO_ISIN,DBREALTY|INE879I01012|1
DBREALTY,INE879I01012,2011-06-22,2026-09-30,3238,1601,5368,102,DBREALTY|INE879I01012|1,EQUITY,DBREALTY|INE879I01012|1
DBSTOCKBRO,INE921B01025,2012-02-29,2026-07-09,2908,1771,5310,97,DBSTOCKBRO|INE921B01025|1,EQUITY,DBSTOCKBRO|INE921B01025|1
DCAL,INE385W01011,2017-10-06,2026-09-30,2160,3151,5368,58,DCAL|INE385W01011|1,EQUITY,DCAL|INE385W01011|1
DCB,,2006-10-27,2011-06-21,1150,451,1600,0,DCB|NOISIN|1,UNKNOWN_NO_ISIN,DCBBANK|INE503A01015|1
DCB,INE503A01015,2011-06-22,2014-01-14,635,1601,2235,0,DCB|INE503A01015|1,EQUITY,DCBBANK|INE503A01015|1
DCBBANK,INE503A01015,2014-01-15,2026-09-30,3133,2236,5368,0,DCBBANK|INE503A01015|1,EQUITY,DCBBANK|INE503A01015|1
DCHL,,2005-01-03,2011-06-21,1601,0,1600,0,DCHL|NOISIN|1,UNKNOWN_NO_ISIN,DCHL|INE137G01027|1
DCHL,INE137G01027,2011-06-22,2012-11-22,352,1601,1952,0,DCHL|INE137G01027|1,EQUITY,DCHL|INE137G01027|1
DCI,INE0A1101019,2022-10-19,2026-09-30,568,4395,5368,150,DCI|INE0A1101019|1,EQUITY,DCI|INE0A1101019|1
DCM,,2005-01-03,2005-05-05,85,0,84,0,DCM|NOISIN|1,UNKNOWN_NO_ISIN,DCM|NOISIN|1
DCM,,2005-07-08,2005-08-11,24,130,153,0,DCM|NOISIN|2,UNKNOWN_NO_ISIN,DCM|NOISIN|2
DCM,,2006-06-12,2006-06-29,14,356,369,0,DCM|NOISIN|3,UNKNOWN_NO_ISIN,DCM|NOISIN|3
DCM,,2006-08-28,2009-06-11,685,410,1095,1,DCM|NOISIN|4,UNKNOWN_NO_ISIN,DCM|NOISIN|4
DCM,,2009-08-21,2011-06-21,455,1146,1600,0,DCM|NOISIN|5,UNKNOWN_NO_ISIN,DCM|INE498A01018|1
DCM,INE498A01018,2011-06-22,2026-09-30,3344,1601,5368,80,DCM|INE498A01018|1,EQUITY,DCM|INE498A01018|1
DCMFINSERV,,2005-01-03,2005-03-17,52,0,51,0,DCMFINSERV|NOISIN|1,UNKNOWN_NO_ISIN,DCMFINSERV|NOISIN|1
DCMFINSERV,,2005-07-08,2005-07-29,15,130,144,0,DCMFINSERV|NOISIN|2,UNKNOWN_NO_ISIN,DCMFINSERV|NOISIN|2
DCMFINSERV,,2006-06-12,2006-06-29,14,356,369,0,DCMFINSERV|NOISIN|3,UNKNOWN_NO_ISIN,DCMFINSERV|NOISIN|3
DCMFINSERV,,2006-08-28,2007-05-17,176,410,586,1,DCMFINSERV|NOISIN|4,UNKNOWN_NO_ISIN,DCMFINSERV|NOISIN|4
DCMFINSERV,,2007-12-03,2009-11-19,475,726,1204,1,DCMFINSERV|NOISIN|5,UNKNOWN_NO_ISIN,DCMFINSERV|NOISIN|5
DCMFINSERV,,2010-02-19,2010-06-10,76,1265,1340,0,DCMFINSERV|NOISIN|6,UNKNOWN_NO_ISIN,DCMFINSERV|NOISIN|6
DCMFINSERV,,2010-08-20,2010-10-25,46,1391,1436,0,DCMFINSERV|NOISIN|7,UNKNOWN_NO_ISIN,DCMFINSERV|NOISIN|7
DCMFINSERV,INE891B01012,2018-06-22,2026-09-30,768,3328,5368,182,DCMFINSERV|INE891B01012|1,EQUITY,DCMFINSERV|INE891B01012|1
DCMNVL,INE08KP01019,2019-07-30,2026-09-30,1569,3599,5368,86,DCMNVL|INE08KP01019|1,EQUITY,DCMNVL|INE08KP01019|1
DCMSHRIRAM,INE499A01024,2014-03-13,2026-09-30,3093,2276,5368,0,DCMSHRIRAM|INE499A01024|1,EQUITY,DCMSHRIRAM|INE499A01024|1
DCMSIL,INE0OU201013,2026-03-04,2026-09-30,44,5226,5368,99,DCMSIL|INE0OU201013|1,EQUITY,DCMSIL|INE0OU201013|1
DCMSRIND,INE843D01027,2021-12-24,2026-09-30,1167,4192,5368,10,DCMSRIND|INE843D01027|1,EQUITY,DCMSRIND|INE843D01027|1
DCMSRMCONS,,2005-01-03,2011-06-21,1600,0,1600,1,DCMSRMCONS|NOISIN|1,UNKNOWN_NO_ISIN,DCMSHRIRAM|INE499A01024|1
DCMSRMCONS,INE499A01024,2011-06-22,2014-03-12,675,1601,2275,0,DCMSRMCONS|INE499A01024|1,EQUITY,DCMSHRIRAM|INE499A01024|1
DCW,,2005-01-03,2011-06-21,1601,0,1600,0,DCW|NOISIN|1,UNKNOWN_NO_ISIN,DCW|INE500A01029|1
DCW,INE500A01029,2011-06-22,2026-09-30,3652,1601,5368,59,DCW|INE500A01029|1,EQUITY,DCW|INE500A01029|1
DCXINDIA,INE0KL801015,2022-11-11,2026-09-30,902,4410,5368,57,DCXINDIA|INE0KL801015|1,EQUITY,DCXINDIA|INE0KL801015|1
DDEVPLSTIK,INE0HR601026,2025-01-15,2026-09-30,422,4947,5368,0,DDEVPLSTIK|INE0HR601026|1,EQUITY,DDEVPLSTIK|INE0HR601026|1
DECCANCE,,2007-08-02,2011-06-21,924,641,1600,4,DECCANCE|NOISIN|1,UNKNOWN_NO_ISIN,DECCANCE|INE583C01013|1
DECCANCE,INE583C01013,2011-06-22,2017-09-11,1396,1601,3133,32,DECCANCE|INE583C01013|1,EQUITY,DECCANCE|INE583C01013|1
DECCANCE,INE583C01021,2017-09-12,2026-09-30,2235,3134,5368,0,DECCANCE|INE583C01021|1,EQUITY,DECCANCE|INE583C01013|1
DECNGOLD,INE945F01025,2026-04-20,2026-09-30,114,5255,5368,0,DECNGOLD|INE945F01025|1,EQUITY,DECNGOLD|INE945F01025|1
DECOLIGHT,,2007-06-19,2009-06-11,486,609,1095,1,DECOLIGHT|NOISIN|1,UNKNOWN_NO_ISIN,DECOLIGHT|NOISIN|1
DECOLIGHT,,2009-08-21,2010-02-18,119,1146,1264,0,DECOLIGHT|NOISIN|2,UNKNOWN_NO_ISIN,DECOLIGHT|NOISIN|2
DECOLIGHT,,2010-06-11,2010-08-05,40,1341,1380,0,DECOLIGHT|NOISIN|3,UNKNOWN_NO_ISIN,DECOLIGHT|NOISIN|3
DECOLIGHT,,2010-12-03,2011-02-22,56,1464,1519,0,DECOLIGHT|NOISIN|4,UNKNOWN_NO_ISIN,DECOLIGHT|NOISIN|4
DECOLIGHT,,2011-06-17,2011-06-21,3,1598,1600,0,DECOLIGHT|NOISIN|5,UNKNOWN_NO_ISIN,DECOLIGHT|INE172I01012|1
DECOLIGHT,INE172I01012,2011-06-22,2015-04-23,551,1601,2543,89,DECOLIGHT|INE172I01012|1,EQUITY,DECOLIGHT|INE172I01012|1
DEEDEV,INE841L01016,2024-06-26,2026-09-30,503,4808,5368,58,DEEDEV|INE841L01016|1,EQUITY,DEEDEV|INE841L01016|1
DEEP,INE00IY01012,2026-08-17,2026-09-18,24,5337,5360,0,DEEP|INE00IY01012|1,EQUITY,DEEP|INE00IY01012|1
DEEPA,INE1M2N01020,2026-09-08,2026-09-30,16,5353,5368,0,DEEPA|INE1M2N01020|1,EQUITY,DEEPA|INE1M2N01020|1
DEEPAKFERT,,2005-01-03,2011-06-21,1601,0,1600,0,DEEPAKFERT|NOISIN|1,UNKNOWN_NO_ISIN,DEEPAKFERT|INE501A01019|1
DEEPAKFERT,INE501A01019,2011-06-22,2026-09-30,3705,1601,5368,63,DEEPAKFERT|INE501A01019|1,EQUITY,DEEPAKFERT|INE501A01019|1
DEEPAKNTR,,2010-09-29,2011-06-21,157,1418,1600,5,DEEPAKNTR|NOISIN|1,UNKNOWN_NO_ISIN,DEEPAKNTR|INE288B01011|1
DEEPAKNTR,INE288B01011,2011-06-22,2014-06-20,675,1601,2341,4,DEEPAKNTR|INE288B01011|1,EQUITY,DEEPAKNTR|INE288B01011|1
DEEPAKNTR,INE288B01029,2014-06-23,2026-09-30,3027,2342,5368,0,DEEPAKNTR|INE288B01029|1,EQUITY,DEEPAKNTR|INE288B01011|1
DEEPENR,INE677H01012,2020-09-30,2024-09-04,736,3887,4856,87,DEEPENR|INE677H01012|1,EQUITY,DEEPENR|INE677H01012|1
DEEPIND,,2010-03-09,2011-06-21,325,1276,1600,0,DEEPIND|NOISIN|1,UNKNOWN_NO_ISIN,DEEPENR|INE677H01012|1
DEEPIND,INE677H01012,2011-06-22,2020-09-29,2286,1601,3886,0,DEEPIND|INE677H01012|1,EQUITY,DEEPENR|INE677H01012|1
DEEPINDS,INE0FHS01016,2021-05-11,2023-04-06,475,4036,4510,0,DEEPINDS|INE0FHS01016|1,EQUITY,DEEPINDS|INE0FHS01016|1
DEEPINDS,INE0FHS01024,2023-04-10,2026-09-30,858,4511,5368,0,DEEPINDS|INE0FHS01024|1,EQUITY,DEEPINDS|INE0FHS01016|1
DEFENCE,INF769K01QC2,2026-02-19,2026-09-30,151,5218,5368,0,DEFENCE|INF769K01QC2|1,FUND_UNIT,DEFENCE|INF769K01QC2|1
DELHIVERY,INE148O01028,2022-05-24,2026-09-30,1076,4293,5368,0,DELHIVERY|INE148O01028|1,EQUITY,DELHIVERY|INE148O01028|1
DELPHIFX,INE726L01019,2021-09-01,2026-02-12,802,4114,5213,135,DELPHIFX|INE726L01019|1,EQUITY,DELPHIFX|INE726L01019|1
DELPHIFX,INE726L01027,2026-02-13,2026-07-02,92,5214,5305,0,DELPHIFX|INE726L01027|1,EQUITY,DELPHIFX|INE726L01019|1
DELTACORP,,2008-12-11,2011-06-21,624,977,1600,0,DELTACORP|NOISIN|1,UNKNOWN_NO_ISIN,ARROWGROUP|NOISIN|2
DELTACORP,INE124G01033,2011-06-22,2026-09-30,3768,1601,5368,0,DELTACORP|INE124G01033|1,EQUITY,ARROWGROUP|NOISIN|2
DELTAMAGNT,,2008-12-22,2009-01-22,10,984,1005,7,DELTAMAGNT|NOISIN|1,UNKNOWN_NO_ISIN,DELTAMAGNT|NOISIN|1
DELTAMAGNT,,2009-03-16,2009-04-08,5,1038,1053,5,DELTAMAGNT|NOISIN|2,UNKNOWN_NO_ISIN,DELTAMAGNT|NOISIN|2
DELTAMAGNT,,2009-05-19,2009-06-24,10,1078,1104,11,DELTAMAGNT|NOISIN|3,UNKNOWN_NO_ISIN,DELTAMAGNT|NOISIN|3
DELTAMAGNT,,2009-08-21,2010-07-06,102,1146,1358,20,DELTAMAGNT|NOISIN|4,UNKNOWN_NO_ISIN,DELTAMAGNT|NOISIN|4
DELTAMAGNT,,2011-03-08,2011-06-20,48,1528,1599,7,DELTAMAGNT|NOISIN|5,UNKNOWN_NO_ISIN,DELTAMAGNT|NOISIN|5
DELTAMAGNT,INE393A01011,2011-06-24,2026-09-30,2370,1603,5368,111,DELTAMAGNT|INE393A01011|1,EQUITY,DELTAMAGNT|INE393A01011|1
DEN,,2009-11-24,2011-06-21,394,1207,1600,0,DEN|NOISIN|1,UNKNOWN_NO_ISIN,DEN|INE947J01015|1
DEN,INE947J01015,2011-06-22,2026-09-30,3713,1601,5368,55,DEN|INE947J01015|1,EQUITY,DEN|INE947J01015|1
DENABANK,,2005-01-03,2011-06-21,1601,0,1600,0,DENABANK|NOISIN|1,UNKNOWN_NO_ISIN,DENABANK|INE077A01010|1
DENABANK,INE077A01010,2011-06-22,2019-03-07,1902,1601,3502,0,DENABANK|INE077A01010|1,EQUITY,DENABANK|INE077A01010|1
DENORA,,2007-08-21,2009-06-11,431,653,1095,2,DENORA|NOISIN|1,UNKNOWN_NO_ISIN,DENORA|NOISIN|1
DENORA,,2009-11-20,2010-08-19,183,1205,1390,2,DENORA|NOISIN|2,UNKNOWN_NO_ISIN,DENORA|NOISIN|2
DENORA,,2010-12-03,2011-06-21,135,1464,1600,1,DENORA|NOISIN|3,UNKNOWN_NO_ISIN,DENORA|INE244A01016|1
DENORA,INE244A01016,2011-06-22,2026-09-30,3522,1601,5368,70,DENORA|INE244A01016|1,EQUITY,DENORA|INE244A01016|1
DENSO,,2010-06-30,2011-06-21,247,1354,1600,0,DENSO|NOISIN|1,UNKNOWN_NO_ISIN,DENSO|INE502A01017|1
DENSO,INE502A01017,2011-06-22,2013-10-28,469,1601,2182,113,DENSO|INE502A01017|1,EQUITY,DENSO|INE502A01017|1
DENTA,INE0R4L01018,2025-02-11,2026-09-30,403,4966,5368,0,DENTA|INE0R4L01018|1,EQUITY,DENTA|INE0R4L01018|1
DEVIT,INE060X01018,2022-02-15,2022-11-24,160,4228,4419,32,DEVIT|INE060X01018|1,EQUITY,DEVIT|INE060X01018|1
DEVIT,INE060X01026,2022-11-25,2025-08-20,558,4420,5094,64,DEVIT|INE060X01026|1,EQUITY,DEVIT|INE060X01018|1
DEVIT,INE060X01034,2025-08-21,2026-09-30,274,5095,5368,0,DEVIT|INE060X01034|1,EQUITY,DEVIT|INE060X01018|1
DEVX,INE0VOV01021,2025-10-01,2026-09-30,246,5123,5368,0,DEVX|INE0VOV01021|1,EQUITY,DEVX|INE0VOV01021|1
DEVYANI,INE872J01023,2021-08-16,2026-09-30,1266,4103,5368,0,DEVYANI|INE872J01023|1,EQUITY,DEVYANI|INE872J01023|1
DEWANHOUS,,2005-01-03,2011-06-21,1601,0,1600,0,DEWANHOUS|NOISIN|1,UNKNOWN_NO_ISIN,DEWANHOUS|INE202B01012|1
DEWANHOUS,INE202B01012,2011-06-22,2012-05-21,225,1601,1825,0,DEWANHOUS|INE202B01012|1,EQUITY,DEWANHOUS|INE202B01012|1
DFMFOODS,INE456C01012,2016-12-29,2018-11-01,457,2960,3416,0,DFMFOODS|INE456C01012|1,EQUITY,DFMFOODS|INE456C01012|1
DFMFOODS,INE456C01020,2018-11-02,2023-03-27,1088,3417,4504,0,DFMFOODS|INE456C01020|1,EQUITY,DFMFOODS|INE456C01012|1
DGCONTENT,INE03JI01017,2019-07-02,2026-09-30,1132,3579,5368,200,DGCONTENT|INE03JI01017|1,EQUITY,DGCONTENT|INE03JI01017|1
DHABRIYA,INE260R01016,2026-08-17,2026-08-21,5,5337,5341,0,DHABRIYA|INE260R01016|1,EQUITY,DHABRIYA|INE260R01016|1
DHAMPURSUG,,2005-01-03,2007-12-28,744,0,743,0,DHAMPURSUG|NOISIN|1,UNKNOWN_NO_ISIN,DHAMPURSUG|NOISIN|1
DHAMPURSUG,,2008-02-29,2008-08-07,108,788,895,0,DHAMPURSUG|NOISIN|2,UNKNOWN_NO_ISIN,DHAMPURSUG|NOISIN|2
DHAMPURSUG,,2008-12-01,2011-06-21,631,970,1600,0,DHAMPURSUG|NOISIN|3,UNKNOWN_NO_ISIN,DHAMPURSUG|INE041A01016|1
DHAMPURSUG,INE041A01016,2011-06-22,2026-09-30,3699,1601,5368,59,DHAMPURSUG|INE041A01016|1,EQUITY,DHAMPURSUG|INE041A01016|1
DHANBANK,,2005-01-03,2005-05-26,81,0,99,19,DHANBANK|NOISIN|1,UNKNOWN_NO_ISIN,DHANBANK|NOISIN|1
DHANBANK,,2005-07-08,2005-07-21,10,130,139,0,DHANBANK|NOISIN|2,UNKNOWN_NO_ISIN,DHANBANK|NOISIN|2
DHANBANK,,2006-02-17,2007-08-30,381,280,660,0,DHANBANK|NOISIN|3,UNKNOWN_NO_ISIN,DHANBANK|NOISIN|3
DHANBANK,,2007-12-03,2011-06-21,875,726,1600,0,DHANBANK|NOISIN|4,UNKNOWN_NO_ISIN,DHANBANK|INE680A01011|1
DHANBANK,INE680A01011,2011-06-22,2026-09-30,3612,1601,5368,58,DHANBANK|INE680A01011|1,EQUITY,DHANBANK|INE680A01011|1
DHANI,INE274G01010,2020-10-28,2025-10-27,1178,3906,5139,56,DHANI|INE274G01010|1,EQUITY,DHANI|INE274G01010|1
DHANUKA,INE435G01025,2011-06-29,2026-09-30,3763,1606,5368,0,DHANUKA|INE435G01025|1,EQUITY,DHANUKA|INE435G01025|1
DHANUS,,2007-10-17,2011-05-24,887,693,1580,1,DHANUS|NOISIN|1,UNKNOWN_NO_ISIN,DHANUS|NOISIN|1
DHANUS,INE406H01016,2012-08-21,2013-07-18,185,1889,2115,42,DHANUS|INE406H01016|1,EQUITY,DHANUS|INE406H01016|1
DHANVARSHA,INE615R01029,2022-05-10,2022-08-30,79,4283,4361,0,DHANVARSHA|INE615R01029|1,EQUITY,DHANVARSHA|INE615R01029|1
DHARAMSI,INE505A01010,2021-12-01,2022-11-01,229,4175,4403,0,DHARAMSI|INE505A01010|1,EQUITY,DHARAMSI|INE505A01010|1
DHARMAJ,INE00OQ01016,2022-12-08,2026-09-30,876,4429,5368,64,DHARMAJ|INE00OQ01016|1,EQUITY,DHARMAJ|INE00OQ01016|1
DHARSUGAR,,2005-01-03,2007-11-29,725,0,724,0,DHARSUGAR|NOISIN|1,UNKNOWN_NO_ISIN,DHARSUGAR|NOISIN|1
DHARSUGAR,,2008-02-29,2008-08-21,117,788,904,0,DHARSUGAR|NOISIN|2,UNKNOWN_NO_ISIN,DHARSUGAR|NOISIN|2
DHARSUGAR,,2008-12-01,2009-08-20,171,970,1145,1,DHARSUGAR|NOISIN|3,UNKNOWN_NO_ISIN,DHARSUGAR|NOISIN|3
DHARSUGAR,,2009-11-20,2011-06-21,396,1205,1600,0,DHARSUGAR|NOISIN|4,UNKNOWN_NO_ISIN,DHARSUGAR|INE988C01014|1
DHARSUGAR,INE988C01014,2011-06-22,2022-05-24,2193,1601,4293,72,DHARSUGAR|INE988C01014|1,EQUITY,DHARSUGAR|INE988C01014|1
DHATRE,INE715T01031,2026-08-17,2026-09-30,32,5337,5368,0,DHATRE|INE715T01031|1,EQUITY,DHATRE|INE715T01031|1
DHFL,INE202B01012,2012-05-22,2021-06-11,2233,1826,4058,0,DHFL|INE202B01012|1,EQUITY,DEWANHOUS|INE202B01012|1
DHOOTTRANS,INE01NH01023,2026-08-17,2026-09-30,32,5337,5368,0,DHOOTTRANS|INE01NH01023|1,EQUITY,DHOOTTRANS|INE01NH01023|1
DHRUV,INE506Z01015,2021-11-25,2026-09-30,836,4171,5368,155,DHRUV|INE506Z01015|1,EQUITY,DHRUV|INE506Z01015|1
DHUNINV,,2011-04-01,2011-06-21,51,1546,1600,2,DHUNINV|NOISIN|1,UNKNOWN_NO_ISIN,DHUNINV|INE320L01011|1
DHUNINV,INE320L01011,2011-06-22,2026-09-30,3445,1601,5368,44,DHUNINV|INE320L01011|1,EQUITY,DHUNINV|INE320L01011|1
DIACABS,INE989C01020,2023-10-04,2024-10-03,5,4632,4876,240,DIACABS|INE989C01020|1,EQUITY,DIACABS|INE989C01020|1
DIACABS,INE989C01038,2025-01-13,2026-08-03,340,4945,5327,43,DIACABS|INE989C01038|1,EQUITY,DIACABS|INE989C01038|1
DIAMINESQ,INE591D01014,2023-09-25,2026-09-30,743,4626,5368,0,DIAMINESQ|INE591D01014|1,EQUITY,DIAMINESQ|INE591D01014|1
DIAMONDYD,INE393P01035,2017-10-05,2026-09-30,2219,3150,5368,0,DIAMONDYD|INE393P01035|1,EQUITY,DIAMONDYD|INE393P01035|1
DIAPOWER,,2010-09-29,2011-06-21,183,1418,1600,0,DIAPOWER|NOISIN|1,UNKNOWN_NO_ISIN,DIAPOWER|INE989C01012|1
DIAPOWER,INE989C01012,2011-06-22,2018-04-30,1668,1601,3290,22,DIAPOWER|INE989C01012|1,EQUITY,DIAPOWER|INE989C01012|1
DICIND,,2005-01-03,2011-06-21,1578,0,1600,3,DICIND|NOISIN|1,UNKNOWN_NO_ISIN,DICIND|INE303A01010|1
DICIND,INE303A01010,2011-06-22,2026-09-30,3703,1601,5368,65,DICIND|INE303A01010|1,EQUITY,DICIND|INE303A01010|1
DIFFNKG,INE184O01015,2024-10-18,2026-09-30,421,4887,5368,61,DIFFNKG|INE184O01015|1,EQUITY,DIFFNKG|INE184O01015|1
DIGIDRIVE,INE0PSC01024,2024-01-24,2026-09-30,500,4707,5368,130,DIGIDRIVE|INE0PSC01024|1,EQUITY,DIGIDRIVE|INE0PSC01024|1
DIGISPICE,INE927C01020,2019-09-17,2026-09-30,1186,3630,5368,113,DIGISPICE|INE927C01020|1,EQUITY,DIGISPICE|INE927C01020|1
DIGITIDE,INE0U4701011,2025-06-25,2026-09-30,314,5055,5368,0,DIGITIDE|INE0U4701011|1,EQUITY,DIGITIDE|INE0U4701011|1
DIGJAM,,2008-04-28,2009-05-28,261,824,1085,1,DIGJAM|NOISIN|1,UNKNOWN_NO_ISIN,BVXL|NOISIN|2
DIGJAM,,2009-08-21,2010-07-08,197,1146,1360,18,DIGJAM|NOISIN|2,UNKNOWN_NO_ISIN,DIGJAM|NOISIN|2
DIGJAM,,2010-08-20,2011-06-21,210,1391,1600,0,DIGJAM|NOISIN|3,UNKNOWN_NO_ISIN,DIGJAM|INE471A01023|1
DIGJAM,INE471A01023,2011-06-22,2016-03-29,1158,1601,2774,16,DIGJAM|INE471A01023|1,EQUITY,DIGJAM|INE471A01023|1
DIGJAMLMTD,INE731U01028,2021-11-01,2026-09-15,294,4155,5357,742,DIGJAMLMTD|INE731U01028|1,EQUITY,DIGJAMLMTD|INE731U01028|1
DIGJAMLTD,INE731U01010,2016-07-27,2019-08-28,666,2856,3618,55,DIGJAMLTD|INE731U01010|1,EQUITY,DIGJAMLTD|INE731U01010|1
DIL,INE411Y01011,2022-03-31,2025-12-24,697,4258,5180,166,DIL|INE411Y01011|1,EQUITY,DIL|INE411Y01011|1
DISAQ,INE131C01011,2026-04-20,2026-09-30,114,5255,5368,0,DISAQ|INE131C01011|1,EQUITY,DISAQ|INE131C01011|1
DISHMAN,,2005-01-03,2011-06-21,1601,0,1600,0,DISHMAN|NOISIN|1,UNKNOWN_NO_ISIN,DISHMAN|INE353G01020|1
DISHMAN,INE353G01020,2011-06-22,2017-05-29,1461,1601,3061,0,DISHMAN|INE353G01020|1,EQUITY,DISHMAN|INE353G01020|1
DISHTV,,2007-04-18,2011-06-21,1034,567,1600,0,DISHTV|NOISIN|1,UNKNOWN_NO_ISIN,DISHTV|INE836F01026|1
DISHTV,INE836F01026,2011-06-22,2026-09-30,3569,1601,5368,76,DISHTV|INE836F01026|1,EQUITY,DISHTV|INE836F01026|1
DIVGIITTS,INE753U01022,2023-03-14,2026-09-30,874,4495,5368,0,DIVGIITTS|INE753U01022|1,EQUITY,DIVGIITTS|INE753U01022|1
DIVIDEND,INF769K01PY8,2025-12-19,2026-09-30,192,5177,5368,0,DIVIDEND|INF769K01PY8|1,FUND_UNIT,DIVIDEND|INF769K01PY8|1
DIVISLAB,,2005-01-03,2011-06-21,1601,0,1600,0,DIVISLAB|NOISIN|1,UNKNOWN_NO_ISIN,DIVISLAB|INE361B01024|1
DIVISLAB,INE361B01024,2011-06-22,2026-09-30,3768,1601,5368,0,DIVISLAB|INE361B01024|1,EQUITY,DIVISLAB|INE361B01024|1
DIVOPPBEES,INF204KA1MS3,2022-05-10,2026-09-30,1086,4283,5368,0,DIVOPPBEES|INF204KA1MS3|1,FUND_UNIT,DIVOPPBEES|INF204KA1MS3|1
DIXON,INE935N01012,2017-09-18,2021-03-18,865,3138,4002,0,DIXON|INE935N01012|1,EQUITY,DIXON|INE935N01012|1
DIXON,INE935N01020,2021-03-19,2026-09-30,1366,4003,5368,0,DIXON|INE935N01020|1,EQUITY,DIXON|INE935N01012|1
DJML,INE0B1K01014,2022-12-05,2026-09-30,670,4426,5368,132,DJML|INE0B1K01014|1,EQUITY,DJML|INE0B1K01014|1
DLF,,2007-07-05,2011-06-21,980,621,1600,0,DLF|NOISIN|1,UNKNOWN_NO_ISIN,DLF|INE271C01023|1
DLF,INE271C01023,2011-06-22,2026-09-30,3768,1601,5368,0,DLF|INE271C01023|1,EQUITY,DLF|INE271C01023|1
DLINKINDIA,,2009-12-18,2011-06-21,376,1225,1600,0,DLINKINDIA|NOISIN|1,UNKNOWN_NO_ISIN,DLINKINDIA|INE250K01012|1
DLINKINDIA,INE250K01012,2011-06-22,2026-09-30,3670,1601,5368,72,DLINKINDIA|INE250K01012|1,EQUITY,DLINKINDIA|INE250K01012|1
DMART,INE192R01011,2017-03-21,2026-09-30,2301,3015,5368,53,DMART|INE192R01011|1,EQUITY,DMART|INE192R01011|1
DMCC,INE505A01010,2022-11-02,2026-09-30,900,4404,5368,65,DMCC|INE505A01010|1,EQUITY,DHARAMSI|INE505A01010|1
DNAMEDIA,INE016M01021,2017-12-26,2026-09-30,1450,3206,5368,166,DNAMEDIA|INE016M01021|1,EQUITY,DNAMEDIA|INE016M01021|1
DODLA,INE021O01019,2021-06-28,2026-09-30,1300,4069,5368,0,DODLA|INE021O01019|1,EQUITY,DODLA|INE021O01019|1
DOLAT,INE966A01022,2019-08-19,2021-12-17,577,3611,4187,0,DOLAT|INE966A01022|1,EQUITY,DOLATALGO|INE966A01022|1
DOLATALGO,INE966A01022,2021-12-20,2026-09-30,1181,4188,5368,0,DOLATALGO|INE966A01022|1,EQUITY,DOLATALGO|INE966A01022|1
DOLLAR,INE325C01027,2017-05-30,2017-08-31,65,3062,3126,0,DOLLAR|INE325C01027|1,EQUITY,DOLLAR|INE325C01027|1
DOLLAR,INE325C01035,2017-09-01,2026-09-30,2242,3127,5368,0,DOLLAR|INE325C01035|1,EQUITY,DOLLAR|INE325C01027|1
DOLLEX,INE0JHH01011,2026-09-11,2026-09-30,13,5356,5368,0,DOLLEX|INE0JHH01011|1,EQUITY,DOLLEX|INE0JHH01011|1
DOLPHIN,INE920A01029,2023-09-04,2023-09-06,3,4612,4614,0,DOLPHIN|INE920A01029|1,EQUITY,DOLPHIN|INE920A01029|1
DOLPHIN,INE920A01037,2024-04-15,2026-09-30,348,4760,5368,192,DOLPHIN|INE920A01037|1,EQUITY,DOLPHIN|INE920A01037|1
DOLPHINOFF,,2006-10-06,2009-06-11,655,438,1095,1,DOLPHINOFF|NOISIN|1,UNKNOWN_NO_ISIN,DOLPHINOFF|NOISIN|1
DOLPHINOFF,,2009-08-21,2011-06-21,455,1146,1600,0,DOLPHINOFF|NOISIN|2,UNKNOWN_NO_ISIN,DOLPHINOFF|INE920A01011|1
DOLPHINOFF,INE920A01011,2011-06-22,2019-08-22,2014,1601,3614,0,DOLPHINOFF|INE920A01011|1,EQUITY,DOLPHINOFF|INE920A01011|1
DOMS,INE321T01012,2023-12-20,2026-09-30,685,4684,5368,0,DOMS|INE321T01012|1,EQUITY,DOMS|INE321T01012|1
DONEAR,,2006-12-20,2009-05-28,597,489,1085,0,DONEAR|NOISIN|1,UNKNOWN_NO_ISIN,DONEAR|NOISIN|1
DONEAR,,2009-08-21,2009-12-10,74,1146,1219,0,DONEAR|NOISIN|2,UNKNOWN_NO_ISIN,DONEAR|NOISIN|2
DONEAR,,2010-02-19,2010-10-28,175,1265,1439,0,DONEAR|NOISIN|3,UNKNOWN_NO_ISIN,DONEAR|NOISIN|3
DONEAR,,2010-12-03,2011-04-18,92,1464,1555,0,DONEAR|NOISIN|4,UNKNOWN_NO_ISIN,DONEAR|NOISIN|4
DONEAR,,2011-06-17,2011-06-21,3,1598,1600,0,DONEAR|NOISIN|5,UNKNOWN_NO_ISIN,DONEAR|INE668D01028|1
DONEAR,INE668D01028,2011-06-22,2026-09-30,3380,1601,5368,79,DONEAR|INE668D01028|1,EQUITY,DONEAR|INE668D01028|1
DPABHUSHAN,INE266Y01019,2020-11-03,2026-09-30,1459,3910,5368,0,DPABHUSHAN|INE266Y01019|1,EQUITY,DPABHUSHAN|INE266Y01019|1
DPL,INE477B01010,2014-11-12,2019-01-01,982,2434,3456,41,DPL|INE477B01010|1,EQUITY,DPL|INE477B01010|1
DPSCLTD,,2008-04-21,2008-05-02,9,819,827,0,DPSCLTD|NOISIN|1,UNKNOWN_NO_ISIN,DPSCLTD|NOISIN|1
DPSCLTD,,2008-06-13,2008-09-05,56,856,914,1,DPSCLTD|NOISIN|2,UNKNOWN_NO_ISIN,DPSCLTD|NOISIN|2
DPSCLTD,,2008-12-01,2011-06-21,598,970,1600,5,DPSCLTD|NOISIN|3,UNKNOWN_NO_ISIN,DPSCLTD|INE360C01016|1
DPSCLTD,INE360C01016,2011-06-22,2011-12-15,119,1601,1719,0,DPSCLTD|INE360C01016|1,EQUITY,DPSCLTD|INE360C01016|1
DPSCLTD,INE360C01024,2011-12-16,2026-05-19,3555,1720,5275,1,DPSCLTD|INE360C01024|1,EQUITY,DPSCLTD|INE360C01016|1
DPTL,,2010-07-26,2011-06-21,229,1372,1600,0,DPTL|NOISIN|1,UNKNOWN_NO_ISIN,DPL|INE477B01010|1
DPTL,INE477B01010,2011-06-22,2014-11-11,823,1601,2433,10,DPTL|INE477B01010|1,EQUITY,DPL|INE477B01010|1
DPWIRES,INE864X01013,2020-01-17,2026-07-01,1532,3712,5304,59,DPWIRES|INE864X01013|1,EQUITY,DPWIRES|INE864X01013|1
DQE,,2011-06-20,2011-06-21,2,1599,1600,0,DQE|NOISIN|1,UNKNOWN_NO_ISIN,DQE|INE656K01010|1
DQE,INE656K01010,2011-06-22,2021-01-01,2034,1601,3950,81,DQE|INE656K01010|1,EQUITY,DQE|INE656K01010|1
DRAGARWQ,INE934C01018,2026-04-20,2026-09-30,114,5255,5368,0,DRAGARWQ|INE934C01018|1,EQUITY,DRAGARWQ|INE934C01018|1
DRCSYSTEMS,INE03RS01019,2021-03-25,2021-10-13,67,4007,4143,70,DRCSYSTEMS|INE03RS01019|1,EQUITY,DRCSYSTEMS|INE03RS01019|1
DRCSYSTEMS,INE03RS01027,2022-08-08,2026-09-30,685,4347,5368,77,DRCSYSTEMS|INE03RS01027|1,EQUITY,DRCSYSTEMS|INE03RS01027|1
DRDATSONS,INE928K01013,2013-09-02,2015-05-21,368,2145,2562,50,DRDATSONS|INE928K01013|1,EQUITY,AANJANEYA|INE928K01013|1
DREAMFOLKS,INE0JS101016,2022-09-06,2026-09-30,941,4365,5368,63,DREAMFOLKS|INE0JS101016|1,EQUITY,DREAMFOLKS|INE0JS101016|1
DREDGECORP,,2005-01-03,2011-06-21,1601,0,1600,0,DREDGECORP|NOISIN|1,UNKNOWN_NO_ISIN,DREDGECORP|INE506A01018|1
DREDGECORP,INE506A01018,2011-06-22,2026-09-30,3657,1601,5368,57,DREDGECORP|INE506A01018|1,EQUITY,DREDGECORP|INE506A01018|1
DRREDDY,,2005-01-03,2011-06-21,1601,0,1600,0,DRREDDY|NOISIN|1,UNKNOWN_NO_ISIN,DRREDDY|INE089A01023|1
DRREDDY,INE089A01023,2011-06-22,2024-10-25,3292,1601,4892,0,DRREDDY|INE089A01023|1,EQUITY,DRREDDY|INE089A01023|1
DRREDDY,INE089A01031,2024-10-28,2026-09-30,476,4893,5368,0,DRREDDY|INE089A01031|1,EQUITY,DRREDDY|INE089A01023|1
DSFCL,INE0OFM01015,2026-03-04,2026-09-30,79,5226,5368,64,DSFCL|INE0OFM01015|1,EQUITY,DSFCL|INE0OFM01015|1
DSKULKARNI,,2005-01-03,2011-06-21,1601,0,1600,0,DSKULKARNI|NOISIN|1,UNKNOWN_NO_ISIN,DSKULKARNI|INE891A01014|1
DSKULKARNI,INE891A01014,2011-06-22,2018-03-20,1500,1601,3263,121,DSKULKARNI|INE891A01014|1,EQUITY,DSKULKARNI|INE891A01014|1
DSPBANKETF,INF740KA1RX3,2023-01-06,2024-02-14,272,4450,4721,0,DSPBANKETF|INF740KA1RX3|1,FUND_UNIT,BANKADD|INF740KA1RX3|1
DSPGOLDETF,INF740KA1SW3,2023-05-05,2024-02-14,194,4528,4721,0,DSPGOLDETF|INF740KA1SW3|1,FUND_UNIT,DSPGOLDETF|INF740KA1SW3|1
DSPITETF,INF740KA1SX1,2023-07-13,2024-02-14,146,4576,4721,0,DSPITETF|INF740KA1SX1|1,FUND_UNIT,DSPITETF|INF740KA1SX1|1
DSPN50ETF,INF740KA1CL0,2021-12-30,2024-02-14,525,4196,4721,1,DSPN50ETF|INF740KA1CL0|1,FUND_UNIT,DSPN50ETF|INF740KA1CL0|1
DSPNEWETF,INF740KA1QK2,2021-11-12,2024-02-14,559,4163,4721,0,DSPNEWETF|INF740KA1QK2|1,FUND_UNIT,DSPNEWETF|INF740KA1QK2|1
DSPPSBKETF,INF740KA1SY9,2023-08-02,2024-02-14,132,4590,4721,0,DSPPSBKETF|INF740KA1SY9|1,FUND_UNIT,DSPPSBKETF|INF740KA1SY9|1
DSPPVBKETF,INF740KA1TA7,2023-08-02,2024-02-14,132,4590,4721,0,DSPPVBKETF|INF740KA1TA7|1,FUND_UNIT,DSPPVBKETF|INF740KA1TA7|1
DSPQ50ETF,INF740KA1QL0,2021-12-30,2024-02-14,526,4196,4721,0,DSPQ50ETF|INF740KA1QL0|1,FUND_UNIT,DSPQ50ETF|INF740KA1QL0|1
DSPSENXETF,INF740KA1SZ6,2023-08-02,2024-02-14,129,4590,4721,1,DSPSENXETF|INF740KA1SZ6|1,FUND_UNIT,DSPSENXETF|INF740KA1SZ6|1
DSPSILVETF,INF740KA1RE3,2022-08-25,2024-02-14,363,4358,4721,1,DSPSILVETF|INF740KA1RE3|1,FUND_UNIT,DSPSILVETF|INF740KA1RE3|1
DSSL,INE417B01040,2011-12-01,2026-09-30,3163,1710,5368,71,DSSL|INE417B01040|1,EQUITY,DSSL|INE417B01040|1
DTIL,,2008-01-11,2008-02-18,8,753,779,13,DTIL|NOISIN|1,UNKNOWN_NO_ISIN,DTIL|NOISIN|1
DTIL,,2008-04-09,2008-08-21,67,813,904,3,DTIL|NOISIN|2,UNKNOWN_NO_ISIN,DTIL|NOISIN|2
DTIL,,2008-12-01,2010-07-23,379,970,1371,3,DTIL|NOISIN|3,UNKNOWN_NO_ISIN,DPL|INE477B01010|1
DTIL,INE341R01014,2015-02-04,2026-09-02,2816,2492,5349,42,DTIL|INE341R01014|1,EQUITY,DTIL|INE341R01014|1
DUCON,INE741L01018,2016-05-11,2026-09-30,1898,2802,5368,168,DUCON|INE741L01018|1,EQUITY,DUCON|INE741L01018|1
DUNCANSIND,,2005-01-03,2005-04-15,71,0,70,0,DUNCANSIND|NOISIN|1,UNKNOWN_NO_ISIN,DUNCANSIND|NOISIN|1
DUNCANSIND,,2005-07-08,2005-07-14,5,130,134,0,DUNCANSIND|NOISIN|2,UNKNOWN_NO_ISIN,DUNCANSIND|NOISIN|2
DUNCANSIND,,2006-06-12,2006-06-29,14,356,369,0,DUNCANSIND|NOISIN|3,UNKNOWN_NO_ISIN,DUNCANSIND|NOISIN|3
DUNCANSIND,,2006-08-28,2006-12-29,86,410,495,0,DUNCANSIND|NOISIN|4,UNKNOWN_NO_ISIN,DUNCANSIND|NOISIN|4
DUNCANSIND,,2007-03-02,2007-09-20,140,536,675,0,DUNCANSIND|NOISIN|5,UNKNOWN_NO_ISIN,DUNCANSIND|NOISIN|5
DUNCANSIND,,2007-12-03,2007-12-28,18,726,743,0,DUNCANSIND|NOISIN|6,UNKNOWN_NO_ISIN,DUNCANSIND|NOISIN|6
DUNCANSIND,,2008-02-29,2008-05-29,58,788,845,0,DUNCANSIND|NOISIN|7,UNKNOWN_NO_ISIN,DUNCANSIND|NOISIN|7
DUNCANSIND,,2008-08-22,2009-02-19,120,905,1024,0,DUNCANSIND|NOISIN|8,UNKNOWN_NO_ISIN,DUNCANSIND|NOISIN|8
DUNCANSIND,,2009-06-12,2009-08-20,50,1096,1145,0,DUNCANSIND|NOISIN|9,UNKNOWN_NO_ISIN,DUNCANSIND|NOISIN|9
DUNCANSIND,,2009-11-20,2009-12-24,25,1205,1229,0,DUNCANSIND|NOISIN|10,UNKNOWN_NO_ISIN,DUNCANSIND|NOISIN|10
DUNCANSIND,,2010-02-19,2011-06-21,336,1265,1600,0,DUNCANSIND|NOISIN|11,UNKNOWN_NO_ISIN,DUNCANSIND|INE508A01014|1
DUNCANSIND,INE508A01014,2011-06-22,2013-05-22,346,1601,2074,68,DUNCANSIND|INE508A01014|1,EQUITY,DUNCANSIND|INE508A01014|1
DUNCANSLTD,INE508A01022,2013-07-19,2014-06-05,214,2116,2330,1,DUNCANSLTD|INE508A01022|1,EQUITY,DUNCANSLTD|INE508A01022|1
DVL,INE477B01010,2019-01-02,2026-09-30,1860,3457,5368,52,DVL|INE477B01010|1,EQUITY,DPL|INE477B01010|1
DWARKESH,,2005-01-03,2007-12-28,744,0,743,0,DWARKESH|NOISIN|1,UNKNOWN_NO_ISIN,DWARKESH|NOISIN|1
DWARKESH,,2008-02-29,2008-05-02,40,788,827,0,DWARKESH|NOISIN|2,UNKNOWN_NO_ISIN,DWARKESH|NOISIN|2
DWARKESH,,2008-06-13,2008-08-21,49,856,904,0,DWARKESH|NOISIN|3,UNKNOWN_NO_ISIN,DWARKESH|NOISIN|3
DWARKESH,,2008-12-01,2009-01-09,27,970,996,0,DWARKESH|NOISIN|4,UNKNOWN_NO_ISIN,DWARKESH|NOISIN|4
DWARKESH,,2009-03-02,2011-06-21,551,1030,1600,20,DWARKESH|NOISIN|5,UNKNOWN_NO_ISIN,DWARKESH|INE366A01033|1
DWARKESH,INE366A01033,2011-06-22,2017-08-10,1379,1601,3113,59,DWARKESH|INE366A01033|1,EQUITY,DWARKESH|INE366A01033|1
DWARKESH,INE366A01041,2017-08-11,2026-09-30,2199,3114,5368,56,DWARKESH|INE366A01041|1,EQUITY,DWARKESH|INE366A01033|1
DYCL,INE600Y01019,2022-07-27,2026-09-30,967,4339,5368,63,DYCL|INE600Y01019|1,EQUITY,DYCL|INE600Y01019|1
DYNACONS,,2005-04-08,2005-06-16,49,66,114,0,DYNACONS|NOISIN|1,UNKNOWN_NO_ISIN,DYNACONS|NOISIN|1
DYNACONS,,2006-06-12,2006-06-29,14,356,369,0,DYNACONS|NOISIN|2,UNKNOWN_NO_ISIN,DYNACONS|NOISIN|2
DYNACONS,,2006-08-28,2006-12-14,76,410,485,0,DYNACONS|NOISIN|3,UNKNOWN_NO_ISIN,DYNACONS|NOISIN|3
DYNACONS,,2007-03-02,2007-08-23,120,536,655,0,DYNACONS|NOISIN|4,UNKNOWN_NO_ISIN,DYNACONS|NOISIN|4
DYNACONS,,2007-12-03,2007-12-28,18,726,743,0,DYNACONS|NOISIN|5,UNKNOWN_NO_ISIN,DYNACONS|NOISIN|5
DYNACONS,,2008-02-29,2009-02-19,237,788,1024,0,DYNACONS|NOISIN|6,UNKNOWN_NO_ISIN,DYNACONS|NOISIN|6
DYNACONS,,2009-06-12,2009-09-17,70,1096,1165,0,DYNACONS|NOISIN|7,UNKNOWN_NO_ISIN,DYNACONS|NOISIN|7
DYNACONS,,2009-11-20,2011-01-05,282,1205,1486,0,DYNACONS|NOISIN|8,UNKNOWN_NO_ISIN,DYNACONS|NOISIN|8
DYNAMATECH,,2006-09-14,2011-06-21,1128,423,1600,2,DYNAMATECH|NOISIN|1,UNKNOWN_NO_ISIN,DYNAMATECH|INE221B01012|1
DYNAMATECH,INE221B01012,2011-06-22,2026-09-30,3518,1601,5368,57,DYNAMATECH|INE221B01012|1,EQUITY,DYNAMATECH|INE221B01012|1
DYNASYS,,2011-04-26,2011-06-21,40,1560,1600,1,DYNASYS|NOISIN|1,UNKNOWN_NO_ISIN,DYNASYS|INE417B01032|1
DYNASYS,INE417B01032,2011-06-22,2011-11-02,86,1601,1691,3,DYNASYS|INE417B01032|1,EQUITY,DYNASYS|INE417B01032|1
DYNATECH,INE741L01018,2012-10-23,2016-05-10,440,1932,2801,224,DYNATECH|INE741L01018|1,EQUITY,DUCON|INE741L01018|1
DYNPRO,INE256H01015,2017-07-19,2026-09-30,2114,3097,5368,99,DYNPRO|INE256H01015|1,EQUITY,DYNPRO|INE256H01015|1
E2E,INE255Z01019,2022-04-12,2026-06-04,521,4266,5286,237,E2E|INE255Z01019|1,EQUITY,E2E|INE255Z01019|1
E2E,INE255Z01027,2026-06-05,2026-08-10,46,5287,5332,0,E2E|INE255Z01027|1,EQUITY,E2E|INE255Z01019|1
EASEMYTRIP,INE07O001018,2021-03-19,2022-11-21,357,4003,4416,57,EASEMYTRIP|INE07O001018|1,EQUITY,EASEMYTRIP|INE07O001018|1
EASEMYTRIP,INE07O001026,2022-11-22,2026-09-30,952,4417,5368,0,EASEMYTRIP|INE07O001026|1,EQUITY,EASEMYTRIP|INE07O001018|1
EASTSILK,,2005-04-08,2011-04-18,1490,66,1555,0,EASTSILK|NOISIN|1,UNKNOWN_NO_ISIN,EASTSILK|NOISIN|1
EASTSILK,,2011-06-17,2011-06-21,3,1598,1600,0,EASTSILK|NOISIN|2,UNKNOWN_NO_ISIN,EASTSILK|INE962C01027|1
EASTSILK,INE962C01027,2011-06-22,2022-06-14,1897,1601,4308,293,EASTSILK|INE962C01027|1,EQUITY,EASTSILK|INE962C01027|1
EASTWEST,INE595R01023,2026-08-17,2026-09-30,32,5337,5368,0,EASTWEST|INE595R01023|1,EQUITY,EASTWEST|INE595R01023|1
EASUNREYRL,,2005-01-03,2011-06-21,1601,0,1600,0,EASUNREYRL|NOISIN|1,UNKNOWN_NO_ISIN,EASUNREYRL|INE268C01029|1
EASUNREYRL,INE268C01029,2011-06-22,2019-09-23,1685,1601,3634,170,EASUNREYRL|INE268C01029|1,EQUITY,EASUNREYRL|INE268C01029|1
EBANK,INF754K01EL1,2015-12-21,2023-08-01,869,2708,4589,39,EBANK|INF754K01EL1|1,FUND_UNIT,EBANK|INF754K01EL1|1
EBANK10,INF754K01XH9,2026-08-05,2026-09-30,40,5329,5368,0,EBANK10|INF754K01XH9|1,FUND_UNIT,EBANK10|INF754K01XH9|1
EBANKNIFTY,INF754K01TE4,2024-09-16,2026-09-30,505,4864,5368,0,EBANKNIFTY|INF754K01TE4|1,FUND_UNIT,EBANKNIFTY|INF754K01TE4|1
EBBETF0423,INF754K01KN4,2020-01-02,2023-04-11,812,3701,4512,0,EBBETF0423|INF754K01KN4|1,FUND_UNIT,EBBETF0423|INF754K01KN4|1
EBBETF0425,INF754K01LD3,2020-07-29,2025-04-08,1162,3842,5003,0,EBBETF0425|INF754K01LD3|1,FUND_UNIT,EBBETF0425|INF754K01LD3|1
EBBETF0430,INF754K01KO2,2020-01-02,2026-09-30,1668,3701,5368,0,EBBETF0430|INF754K01KO2|1,FUND_UNIT,EBBETF0430|INF754K01KO2|1
EBBETF0431,INF754K01LE1,2020-07-29,2026-09-30,1527,3842,5368,0,EBBETF0431|INF754K01LE1|1,FUND_UNIT,EBBETF0431|INF754K01LE1|1
EBBETF0433,INF754K01QX0,2022-12-16,2026-09-30,934,4435,5368,0,EBBETF0433|INF754K01QX0|1,FUND_UNIT,EBBETF0433|INF754K01QX0|1
EBGNG,INE18JU01028,2025-07-30,2026-09-30,289,5080,5368,0,EBGNG|INE18JU01028|1,EQUITY,EBGNG|INE18JU01028|1
EBIX,INE432F01032,2026-08-17,2026-09-02,13,5337,5349,0,EBIX|INE432F01032|1,EQUITY,EBIX|INE432F01032|1
EBIXFOREX,INE726L01019,2020-05-27,2021-08-31,317,3797,4113,0,EBIXFOREX|INE726L01019|1,EQUITY,DELPHIFX|INE726L01019|1
ECAPINSURE,INF754K01TX4,2025-01-06,2026-09-30,429,4940,5368,0,ECAPINSURE|INF754K01TX4|1,FUND_UNIT,ECAPINSURE|INF754K01TX4|1
ECEIND,,2007-09-24,2009-06-11,415,677,1095,1,ECEIND|NOISIN|1,UNKNOWN_NO_ISIN,ECEIND|NOISIN|1
ECEIND,,2009-08-21,2011-06-21,448,1146,1600,2,ECEIND|NOISIN|2,UNKNOWN_NO_ISIN,ECEIND|INE588B01014|1
ECEIND,INE588B01014,2011-06-22,2019-05-09,1880,1601,3542,28,ECEIND|INE588B01014|1,EQUITY,ECEIND|INE588B01014|1
ECLERX,,2007-12-31,2008-11-28,226,744,969,0,ECLERX|NOISIN|1,UNKNOWN_NO_ISIN,ECLERX|NOISIN|1
ECLERX,,2009-03-02,2011-06-21,570,1030,1600,1,ECLERX|NOISIN|2,UNKNOWN_NO_ISIN,ECLERX|INE738I01010|1
ECLERX,INE738I01010,2011-06-22,2026-09-30,3705,1601,5368,63,ECLERX|INE738I01010|1,EQUITY,ECLERX|INE738I01010|1
ECORECO,INE316A01038,2026-08-17,2026-09-30,32,5337,5368,0,ECORECO|INE316A01038|1,EQUITY,ECORECO|INE316A01038|1
ECOSMOBLTY,INE06HJ01020,2024-09-04,2026-09-30,449,4856,5368,64,ECOSMOBLTY|INE06HJ01020|1,EQUITY,ECOSMOBLTY|INE06HJ01020|1
EDELWEISS,,2007-12-12,2011-06-21,868,733,1600,0,EDELWEISS|NOISIN|1,UNKNOWN_NO_ISIN,EDELWEISS|INE532F01054|1
EDELWEISS,INE532F01054,2011-06-22,2026-09-30,3732,1601,5368,26,EDELWEISS|INE532F01054|1,EQUITY,EDELWEISS|INE532F01054|1
EDL,,2007-11-26,2011-06-21,879,721,1600,1,EDL|NOISIN|1,UNKNOWN_NO_ISIN,EDL|INE180G01019|1
EDL,INE180G01019,2011-06-22,2019-02-27,1823,1601,3497,68,EDL|INE180G01019|1,EQUITY,EDL|INE180G01019|1
EDSERV,,2009-03-02,2011-06-21,570,1030,1600,1,EDSERV|NOISIN|1,UNKNOWN_NO_ISIN,EDSERV|INE889J01019|1
EDSERV,INE889J01019,2011-06-22,2013-12-09,562,1601,2210,48,EDSERV|INE889J01019|1,EQUITY,EDSERV|INE889J01019|1
EDUCOMP,,2006-01-13,2011-06-21,1344,257,1600,0,EDUCOMP|NOISIN|1,UNKNOWN_NO_ISIN,EDUCOMP|INE216H01027|1
EDUCOMP,INE216H01027,2011-06-22,2017-09-22,1417,1601,3142,59,EDUCOMP|INE216H01027|1,EQUITY,EDUCOMP|INE216H01027|1
EFCIL,INE886D01026,2025-08-20,2026-09-30,275,5094,5368,0,EFCIL|INE886D01026|1,EQUITY,EFCIL|INE886D01026|1
EGOLD,INF754K01SE6,2023-11-10,2026-09-30,711,4658,5368,0,EGOLD|INF754K01SE6|1,FUND_UNIT,EGOLD|INF754K01SE6|1
EICHER,,2005-01-03,2005-09-09,173,0,172,0,EICHER|NOISIN|1,UNKNOWN_NO_ISIN,EICHER|NOISIN|1
EICHER,,2006-06-12,2006-06-29,14,356,369,0,EICHER|NOISIN|2,UNKNOWN_NO_ISIN,EICHER|NOISIN|2
EICHER,,2006-08-28,2006-09-21,19,410,428,0,EICHER|NOISIN|3,UNKNOWN_NO_ISIN,EICHER|NOISIN|3
EICHERMOT,,2005-01-03,2011-06-21,1601,0,1600,0,EICHERMOT|NOISIN|1,UNKNOWN_NO_ISIN,EICHERMOT|INE066A01013|1
EICHERMOT,INE066A01013,2011-06-22,2020-08-24,2260,1601,3860,0,EICHERMOT|INE066A01013|1,EQUITY,EICHERMOT|INE066A01013|1
EICHERMOT,INE066A01021,2020-08-25,2026-09-30,1508,3861,5368,0,EICHERMOT|INE066A01021|1,EQUITY,EICHERMOT|INE066A01013|1
EIDPARRY,,2005-01-03,2011-06-21,1600,0,1600,1,EIDPARRY|NOISIN|1,UNKNOWN_NO_ISIN,EIDPARRY|INE126A01031|1
EIDPARRY,INE126A01031,2011-06-22,2026-09-30,3768,1601,5368,0,EIDPARRY|INE126A01031|1,EQUITY,EIDPARRY|INE126A01031|1
EIEL,INE0LLY01014,2024-11-29,2026-09-30,454,4915,5368,0,EIEL|INE0LLY01014|1,EQUITY,EIEL|INE0LLY01014|1
EIFFL,INE546V01010,2021-10-12,2026-06-22,1031,4142,5298,64,EIFFL|INE546V01010|1,EQUITY,EIFFL|INE546V01010|1
EIHAHOTELS,,2008-04-08,2009-11-19,392,812,1204,1,EIHAHOTELS|NOISIN|1,UNKNOWN_NO_ISIN,EIHAHOTELS|NOISIN|1
EIHAHOTELS,,2010-02-19,2010-09-16,145,1265,1409,0,EIHAHOTELS|NOISIN|2,UNKNOWN_NO_ISIN,EIHAHOTELS|NOISIN|2
EIHAHOTELS,,2010-12-03,2011-06-21,137,1464,1600,0,EIHAHOTELS|NOISIN|3,UNKNOWN_NO_ISIN,EIHAHOTELS|INE276C01014|1
EIHAHOTELS,INE276C01014,2011-06-22,2026-09-30,3757,1601,5368,2,EIHAHOTELS|INE276C01014|1,EQUITY,EIHAHOTELS|INE276C01014|1
EIHOTEL,,2005-01-03,2011-06-21,1600,0,1600,1,EIHOTEL|NOISIN|1,UNKNOWN_NO_ISIN,EIHOTEL|INE230A01023|1
EIHOTEL,INE230A01023,2011-06-22,2026-09-30,3768,1601,5368,0,EIHOTEL|INE230A01023|1,EQUITY,EIHOTEL|INE230A01023|1
EIMCOELECO,,2005-01-03,2006-08-25,410,0,409,0,EIMCOELECO|NOISIN|1,UNKNOWN_NO_ISIN,EIMCOELECO|NOISIN|1
EIMCOELECO,,2006-11-24,2011-06-21,1067,471,1600,5,EIMCOELECO|NOISIN|2,UNKNOWN_NO_ISIN,EIMCOELECO|INE158B01016|1
EIMCOELECO,INE158B01016,2011-06-22,2026-09-30,2567,1601,5368,822,EIMCOELECO|INE158B01016|1,EQUITY,EIMCOELECO|INE158B01016|1
EKC,,2005-12-15,2011-06-21,1364,237,1600,0,EKC|NOISIN|1,UNKNOWN_NO_ISIN,EKC|INE184H01027|1
EKC,INE184H01027,2011-06-22,2026-09-30,3540,1601,5368,65,EKC|INE184H01027|1,EQUITY,EKC|INE184H01027|1
EKI,INE0CPR01018,2026-08-17,2026-09-30,32,5337,5368,0,EKI|INE0CPR01018|1,EQUITY,EKI|INE0CPR01018|1
ELAND,INE311H01018,2015-03-13,2019-09-23,955,2517,3634,67,ELAND|INE311H01018|1,EQUITY,ELAND|INE311H01018|1
ELANTAS,INE280B01018,2026-04-20,2026-09-30,114,5255,5368,0,ELANTAS|INE280B01018|1,EQUITY,ELANTAS|INE280B01018|1
ELCIDIN,INE927X01018,2026-04-20,2026-09-30,114,5255,5368,0,ELCIDIN|INE927X01018|1,EQUITY,ELCIDIN|INE927X01018|1
ELDEHSG,INE668G01021,2022-04-12,2026-09-30,1103,4266,5368,0,ELDEHSG|INE668G01021|1,EQUITY,ELDEHSG|INE668G01021|1
ELDERPHARM,,2005-01-03,2011-06-21,1600,0,1600,1,ELDERPHARM|NOISIN|1,UNKNOWN_NO_ISIN,ELDERPHARM|INE975A01015|1
ELDERPHARM,INE975A01015,2011-06-22,2015-11-20,1028,1601,2688,60,ELDERPHARM|INE975A01015|1,EQUITY,ELDERPHARM|INE975A01015|1
ELECON,,2006-09-29,2011-06-21,1167,434,1600,0,ELECON|NOISIN|1,UNKNOWN_NO_ISIN,ELECON|INE205B01023|1
ELECON,INE205B01023,2011-06-22,2024-07-18,3223,1601,4823,0,ELECON|INE205B01023|1,EQUITY,ELECON|INE205B01023|1
ELECON,INE205B01031,2024-07-19,2026-09-30,545,4824,5368,0,ELECON|INE205B01031|1,EQUITY,ELECON|INE205B01023|1
ELECTCAST,,2005-01-03,2011-06-21,1601,0,1600,0,ELECTCAST|NOISIN|1,UNKNOWN_NO_ISIN,ELECTCAST|INE086A01029|1
ELECTCAST,INE086A01029,2011-06-22,2026-09-30,3768,1601,5368,0,ELECTCAST|INE086A01029|1,EQUITY,ELECTCAST|INE086A01029|1
ELECTHERM,,2007-08-20,2011-06-21,948,652,1600,1,ELECTHERM|NOISIN|1,UNKNOWN_NO_ISIN,ELECTHERM|INE822G01016|1
ELECTHERM,INE822G01016,2011-06-22,2026-09-30,2881,1601,5368,352,ELECTHERM|INE822G01016|1,EQUITY,ELECTHERM|INE822G01016|1
ELEVATE,INE147X01013,2026-09-30,2026-09-30,1,5368,5368,0,ELEVATE|INE147X01013|1,EQUITY,ELEVATE|INE147X01013|1
ELFORGE,,2009-11-05,2010-04-29,99,1194,1310,18,ELFORGE|NOISIN|1,UNKNOWN_NO_ISIN,ELFORGE|NOISIN|1
ELFORGE,,2010-06-11,2011-06-21,256,1341,1600,2,ELFORGE|NOISIN|2,UNKNOWN_NO_ISIN,ELFORGE|INE158F01017|1
ELFORGE,INE158F01017,2011-06-22,2014-11-21,542,1601,2441,255,ELFORGE|INE158F01017|1,EQUITY,ELFORGE|INE158F01017|1
ELGIEQUIP,,2005-01-03,2011-06-21,1600,0,1600,1,ELGIEQUIP|NOISIN|1,UNKNOWN_NO_ISIN,ELGIEQUIP|INE285A01027|1
ELGIEQUIP,INE285A01027,2011-06-22,2026-09-30,3768,1601,5368,0,ELGIEQUIP|INE285A01027|1,EQUITY,ELGIEQUIP|INE285A01027|1
ELGIRUBBER,,2008-12-22,2009-06-11,111,984,1095,1,ELGIRUBBER|NOISIN|1,UNKNOWN_NO_ISIN,ELGIRUBBER|NOISIN|1
ELGIRUBBER,,2009-08-21,2011-01-10,344,1146,1489,0,ELGIRUBBER|NOISIN|2,UNKNOWN_NO_ISIN,ELGIRUBBER|NOISIN|2
ELGIRUBCO,INE819L01012,2011-08-25,2026-09-30,3187,1646,5368,160,ELGIRUBCO|INE819L01012|1,EQUITY,ELGIRUBCO|INE819L01012|1
ELGITYRE,,2005-01-03,2008-12-19,984,0,983,0,ELGITYRE|NOISIN|1,UNKNOWN_NO_ISIN,ELGIRUBBER|NOISIN|1
ELIN,INE050401020,2022-12-30,2026-09-30,860,4445,5368,64,ELIN|INE050401020|1,EQUITY,ELIN|INE050401020|1
ELIQUID,INF754K01VW2,2025-10-10,2026-09-30,224,5129,5368,6,ELIQUID|INF754K01VW2|1,FUND_UNIT,ELIQUID|INF754K01VW2|1
ELITECON,INE669R01026,2026-04-20,2026-09-30,114,5255,5368,0,ELITECON|INE669R01026|1,EQUITY,ELITECON|INE669R01026|1
ELLEN,INE236E01022,2025-07-01,2026-09-30,310,5059,5368,0,ELLEN|INE236E01022|1,EQUITY,ELLEN|INE236E01022|1
ELM250,INF754K01VV4,2025-09-09,2026-09-30,262,5107,5368,0,ELM250|INF754K01VV4|1,FUND_UNIT,ELM250|INF754K01VV4|1
ELMDIV,INF754K01XI7,2026-08-05,2026-09-30,40,5329,5368,0,ELMDIV|INF754K01XI7|1,FUND_UNIT,ELMDIV|INF754K01XI7|1
ELNET,,2009-11-05,2011-06-21,404,1194,1600,1,ELNET|NOISIN|1,UNKNOWN_NO_ISIN,ELNET|INE033C01019|1
ELNET,INE033C01019,2011-06-22,2014-09-24,685,1601,2406,26,ELNET|INE033C01019|1,EQUITY,ELNET|INE033C01019|1
ELPROINTL,INE579B01039,2026-04-20,2026-09-30,114,5255,5368,0,ELPROINTL|INE579B01039|1,EQUITY,ELPROINTL|INE579B01039|1
EMAMIINFRA,,2010-07-28,2011-01-06,114,1374,1487,0,EMAMIINFRA|NOISIN|1,UNKNOWN_NO_ISIN,EMAMIINFRA|NOISIN|1
EMAMIINFRA,,2011-03-07,2011-06-21,74,1527,1600,0,EMAMIINFRA|NOISIN|2,UNKNOWN_NO_ISIN,EMAMIINFRA|INE778K01012|1
EMAMIINFRA,INE778K01012,2011-06-22,2018-11-14,1475,1601,3424,78,EMAMIINFRA|INE778K01012|1,EQUITY,EMAMIINFRA|INE778K01012|1
EMAMILTD,,2006-08-03,2011-06-21,1206,394,1600,1,EMAMILTD|NOISIN|1,UNKNOWN_NO_ISIN,EMAMILTD|INE548C01032|1
EMAMILTD,INE548C01032,2011-06-22,2026-09-30,3768,1601,5368,0,EMAMILTD|INE548C01032|1,EQUITY,EMAMILTD|INE548C01032|1
EMAMIPAP,INE830C01026,2019-05-30,2026-07-24,1765,3557,5321,0,EMAMIPAP|INE830C01026|1,EQUITY,EMAMIPAP|INE830C01026|1
EMAMIREAL,INE778K01012,2018-11-15,2026-09-30,1474,3425,5368,71,EMAMIREAL|INE778K01012|1,EQUITY,EMAMIINFRA|INE778K01012|1
EMBDL,INE069I01010,2024-07-08,2026-09-30,461,4816,5368,92,EMBDL|INE069I01010|1,EQUITY,EMBDL|INE069I01010|1
EMCO,,2005-12-15,2011-06-21,1364,237,1600,0,EMCO|NOISIN|1,UNKNOWN_NO_ISIN,EMCO|INE078A01026|1
EMCO,INE078A01026,2011-06-22,2019-06-28,1746,1601,3577,67,EMCO|INE078A01026|1,EQUITY,EMCO|INE078A01026|1
EMCURE,INE168P01015,2024-07-10,2026-09-30,551,4818,5368,0,EMCURE|INE168P01015|1,EQUITY,EMCURE|INE168P01015|1
EMERCK,,2005-01-03,2007-11-02,706,0,705,0,EMERCK|NOISIN|1,UNKNOWN_NO_ISIN,EMERCK|NOISIN|1
EMETAL,INF754K01XG1,2026-07-28,2026-09-30,46,5323,5368,0,EMETAL|INF754K01XG1|1,FUND_UNIT,EMETAL|INF754K01XG1|1
EMIL,INE02YR01019,2022-10-17,2026-09-30,955,4393,5368,21,EMIL|INE02YR01019|1,EQUITY,EMIL|INE02YR01019|1
EMKAY,,2006-04-28,2007-11-01,379,326,704,0,EMKAY|NOISIN|1,UNKNOWN_NO_ISIN,EMKAY|NOISIN|1
EMKAY,,2007-12-03,2009-05-28,358,726,1085,1,EMKAY|NOISIN|2,UNKNOWN_NO_ISIN,EMKAY|NOISIN|2
EMKAY,,2009-08-21,2010-01-07,91,1146,1236,0,EMKAY|NOISIN|3,UNKNOWN_NO_ISIN,EMKAY|NOISIN|3
EMKAY,,2010-02-19,2010-04-16,37,1265,1301,0,EMKAY|NOISIN|4,UNKNOWN_NO_ISIN,EMKAY|NOISIN|4
EMKAY,,2010-06-11,2011-06-21,260,1341,1600,0,EMKAY|NOISIN|5,UNKNOWN_NO_ISIN,EMKAY|INE296H01011|1
EMKAY,INE296H01011,2011-06-22,2026-09-30,3142,1601,5368,267,EMKAY|INE296H01011|1,EQUITY,EMKAY|INE296H01011|1
EMMBI,,2010-02-24,2011-06-21,333,1268,1600,0,EMMBI|NOISIN|1,UNKNOWN_NO_ISIN,EMMBI|INE753K01015|1
EMMBI,INE753K01015,2011-06-22,2026-07-02,3703,1601,5305,1,EMMBI|INE753K01015|1,EQUITY,EMMBI|INE753K01015|1
EMMVEE,INE1C6T01020,2025-11-18,2026-09-30,215,5154,5368,0,EMMVEE|INE1C6T01020|1,EQUITY,EMMVEE|INE1C6T01020|1
EMPEESUG,,2010-08-09,2011-06-21,219,1382,1600,0,EMPEESUG|NOISIN|1,UNKNOWN_NO_ISIN,EMPEESUG|INE928B01012|1
EMPEESUG,INE928B01012,2011-06-22,2014-11-03,575,1601,2429,65,EMPEESUG|INE928B01012|1,EQUITY,EMPEESUG|INE928B01012|1
EMPIND,INE515H01014,2026-08-17,2026-09-30,32,5337,5368,0,EMPIND|INE515H01014|1,EQUITY,EMPIND|INE515H01014|1
EMPOWER,INE507F01023,2026-04-20,2026-09-30,40,5255,5368,74,EMPOWER|INE507F01023|1,EQUITY,EMPOWER|INE507F01023|1
EMSLIMITED,INE0OV601013,2023-09-21,2026-09-30,745,4624,5368,0,EMSLIMITED|INE0OV601013|1,EQUITY,EMSLIMITED|INE0OV601013|1
EMUDHRA,INE01QM01018,2022-06-01,2026-09-30,1070,4299,5368,0,EMUDHRA|INE01QM01018|1,EQUITY,EMUDHRA|INE01QM01018|1
EMULTIMQ,INF754K01TF1,2024-11-07,2026-09-30,468,4901,5368,0,EMULTIMQ|INF754K01TF1|1,FUND_UNIT,EMULTIMQ|INF754K01TF1|1
ENDURANCE,INE913H01037,2016-10-19,2026-09-30,2458,2911,5368,0,ENDURANCE|INE913H01037|1,EQUITY,ENDURANCE|INE913H01037|1
ENERGY,INF769K01PR2,2025-11-13,2026-09-30,218,5151,5368,0,ENERGY|INF769K01PR2|1,FUND_UNIT,ENERGY|INF769K01PR2|1
ENERGYAXIS,INF846KA1598,2026-09-02,2026-09-30,20,5349,5368,0,ENERGYAXIS|INF846KA1598|1,FUND_UNIT,ENERGYAXIS|INF846KA1598|1
ENERGYDEV,,2007-11-02,2010-10-14,725,705,1429,0,ENERGYDEV|NOISIN|1,UNKNOWN_NO_ISIN,ENERGYDEV|NOISIN|1
ENERGYDEV,,2010-12-03,2011-06-21,137,1464,1600,0,ENERGYDEV|NOISIN|2,UNKNOWN_NO_ISIN,ENERGYDEV|INE306C01019|1
ENERGYDEV,INE306C01019,2011-06-22,2026-09-30,3092,1601,5368,67,ENERGYDEV|INE306C01019|1,EQUITY,ENERGYDEV|INE306C01019|1
ENEXT50,INF754K01XF3,2026-05-25,2026-09-30,90,5279,5368,0,ENEXT50|INF754K01XF3|1,FUND_UNIT,ENEXT50|INF754K01XF3|1
ENGINERSIN,,2005-01-03,2011-06-21,1601,0,1600,0,ENGINERSIN|NOISIN|1,UNKNOWN_NO_ISIN,ENGINERSIN|INE510A01028|1
ENGINERSIN,INE510A01028,2011-06-22,2026-09-30,3768,1601,5368,0,ENGINERSIN|INE510A01028|1,EQUITY,ENGINERSIN|INE510A01028|1
ENIFTY,INF754K01VX0,2025-11-27,2026-09-30,208,5161,5368,0,ENIFTY|INF754K01VX0|1,FUND_UNIT,ENIFTY|INF754K01VX0|1
ENIL,,2006-02-15,2011-06-21,1323,278,1600,0,ENIL|NOISIN|1,UNKNOWN_NO_ISIN,ENIL|INE265F01028|1
ENIL,INE265F01028,2011-06-22,2026-09-30,3768,1601,5368,0,ENIL|INE265F01028|1,EQUITY,ENIL|INE265F01028|1
ENKEI,,2006-10-03,2009-04-02,574,435,1051,6,ENKEI|NOISIN|1,UNKNOWN_NO_ISIN,ENKEI|NOISIN|1
ENKEI,,2009-06-12,2009-08-06,35,1096,1135,2,ENKEI|NOISIN|2,UNKNOWN_NO_ISIN,ENKEI|NOISIN|2
ENKEI,,2009-11-20,2009-12-10,15,1205,1219,0,ENKEI|NOISIN|3,UNKNOWN_NO_ISIN,ENKEI|NOISIN|3
ENKEI,,2010-04-21,2010-11-22,147,1304,1455,1,ENKEI|NOISIN|4,UNKNOWN_NO_ISIN,ENKEI|NOISIN|4
ENKEIWHEL,INE130L01014,2026-08-17,2026-09-30,32,5337,5368,0,ENKEIWHEL|INE130L01014|1,EQUITY,ENKEIWHEL|INE130L01014|1
ENNOREFO,,2006-09-26,2007-06-07,171,431,601,0,ENNOREFO|NOISIN|1,UNKNOWN_NO_ISIN,ENNOREFO|NOISIN|1
ENNOREFO,,2007-08-31,2008-03-19,139,661,800,1,ENNOREFO|NOISIN|2,UNKNOWN_NO_ISIN,ENNOREFO|NOISIN|2
ENRIN,INE1NPP01017,2025-07-03,2026-09-30,308,5061,5368,0,ENRIN|INE1NPP01017|1,EQUITY,ENRIN|INE1NPP01017|1
ENTEGRA,,2007-04-25,2009-05-04,496,572,1067,0,ENTEGRA|NOISIN|1,UNKNOWN_NO_ISIN,ENTEGRA|NOISIN|1
ENTEGRA,,2009-06-12,2009-08-20,50,1096,1145,0,ENTEGRA|NOISIN|2,UNKNOWN_NO_ISIN,ENTEGRA|NOISIN|2
ENTEGRA,,2009-11-20,2011-06-21,396,1205,1600,0,ENTEGRA|NOISIN|3,UNKNOWN_NO_ISIN,ENTEGRA|INE826A01028|1
ENTEGRA,INE826A01028,2011-06-22,2013-08-14,327,1601,2133,53,ENTEGRA|INE826A01028|1,EQUITY,ENTEGRA|INE826A01028|1
ENTERO,INE010601016,2024-02-16,2026-09-30,646,4723,5368,0,ENTERO|INE010601016|1,EQUITY,ENTERO|INE010601016|1
EON,INE076H01025,2012-06-21,2020-02-26,1657,1848,3739,72,EON|INE076H01025|1,EQUITY,EON|INE076H01025|1
EONELECT,INE076H01017,2011-08-18,2012-04-26,169,1641,1809,0,EONELECT|INE076H01017|1,EQUITY,EONELECT|INE076H01017|1
EPACK,INE0G5901015,2024-01-30,2026-09-30,602,4710,5368,57,EPACK|INE0G5901015|1,EQUITY,EPACK|INE0G5901015|1
EPACKPEB,INE0MLS01022,2025-10-01,2026-09-30,246,5123,5368,0,EPACKPEB|INE0MLS01022|1,EQUITY,EPACKPEB|INE0MLS01022|1
EPIGRAL,INE071N01016,2023-09-11,2026-09-30,752,4617,5368,0,EPIGRAL|INE071N01016|1,EQUITY,EPIGRAL|INE071N01016|1
EPL,INE255A01020,2020-10-19,2026-09-30,1470,3899,5368,0,EPL|INE255A01020|1,EQUITY,EPL|INE255A01020|1
EQ30,INF754K01EM9,2016-05-30,2021-09-30,1134,2815,4134,7,EQ30|INF754K01EM9|1,FUND_UNIT,EQ30|INF754K01EM9|1
EQUAL200,INF769K01OA1,2025-03-17,2026-09-30,381,4988,5368,0,EQUAL200|INF769K01OA1|1,FUND_UNIT,EQUAL200|INF769K01OA1|1
EQUAL50,INF769K01OO2,2025-05-15,2026-09-30,340,5026,5368,1,EQUAL50|INF769K01OO2|1,FUND_UNIT,EQUAL50|INF769K01OO2|1
EQUAL50ADD,INF740KA1QK2,2024-02-15,2026-09-30,647,4722,5368,0,EQUAL50ADD|INF740KA1QK2|1,FUND_UNIT,DSPNEWETF|INF740KA1QK2|1
EQUIPPP,INE217G01035,2021-11-30,2022-05-24,120,4174,4293,0,EQUIPPP|INE217G01035|1,EQUITY,EQUIPPP|INE217G01035|1
EQUITAS,INE988K01017,2016-04-21,2023-02-02,1681,2788,4468,0,EQUITAS|INE988K01017|1,EQUITY,EQUITAS|INE988K01017|1
EQUITASBNK,INE063P01018,2020-11-02,2026-09-30,1460,3909,5368,0,EQUITASBNK|INE063P01018|1,EQUITY,EQUITASBNK|INE063P01018|1
ERACONS,,2006-03-29,2008-02-22,477,307,783,0,ERACONS|NOISIN|1,UNKNOWN_NO_ISIN,ERACONS|NOISIN|1
ERAINFRA,,2008-02-25,2011-06-21,817,784,1600,0,ERAINFRA|NOISIN|1,UNKNOWN_NO_ISIN,ERACONS|NOISIN|1
ERAINFRA,INE039E01020,2011-06-22,2015-12-24,1041,1601,2711,51,ERAINFRA|INE039E01020|1,EQUITY,ERACONS|NOISIN|1
ERIS,INE406M01024,2017-06-29,2026-09-30,2286,3083,5368,0,ERIS|INE406M01024|1,EQUITY,ERIS|INE406M01024|1
EROSMEDIA,,2010-10-06,2011-06-21,178,1423,1600,0,EROSMEDIA|NOISIN|1,UNKNOWN_NO_ISIN,EROSMEDIA|INE416L01017|1
EROSMEDIA,INE416L01017,2011-06-22,2024-10-24,3115,1601,4891,69,EROSMEDIA|INE416L01017|1,EQUITY,EROSMEDIA|INE416L01017|1
ESABINDIA,,2005-01-03,2011-06-21,1600,0,1600,1,ESABINDIA|NOISIN|1,UNKNOWN_NO_ISIN,ESABINDIA|INE284A01012|1
ESABINDIA,INE284A01012,2011-06-22,2026-09-30,3741,1601,5368,26,ESABINDIA|INE284A01012|1,EQUITY,ESABINDIA|INE284A01012|1
ESAFSFB,INE818W01011,2023-11-10,2026-08-10,675,4658,5332,0,ESAFSFB|INE818W01011|1,EQUITY,ESAFSFB|INE818W01011|1
ESCORTS,,2005-01-03,2011-06-21,1601,0,1600,0,ESCORTS|NOISIN|1,UNKNOWN_NO_ISIN,ESCORTS|INE042A01014|1
ESCORTS,INE042A01014,2011-06-22,2026-09-30,3768,1601,5368,0,ESCORTS|INE042A01014|1,EQUITY,ESCORTS|INE042A01014|1
ESDS,INE0DRI01029,2026-09-04,2026-09-30,18,5351,5368,0,ESDS|INE0DRI01029|1,EQUITY,ESDS|INE0DRI01029|1
ESENSEX,INF754K01VY8,2025-11-27,2026-09-30,207,5161,5368,1,ESENSEX|INF754K01VY8|1,FUND_UNIT,ESENSEX|INF754K01VY8|1
ESG,INF769K01GS9,2023-09-01,2026-09-30,758,4611,5368,0,ESG|INF769K01GS9|1,FUND_UNIT,ESG|INF769K01GS9|1
ESILVER,INF754K01SF3,2023-11-24,2026-09-30,702,4667,5368,0,ESILVER|INF754K01SF3|1,FUND_UNIT,ESILVER|INF754K01SF3|1
ESL,,2010-10-08,2011-06-21,176,1425,1600,0,ESL|NOISIN|1,UNKNOWN_NO_ISIN,ESL|INE481K01013|1
ESL,INE481K01013,2011-06-22,2018-04-26,1618,1601,3288,59,ESL|INE481K01013|1,EQUITY,ESL|INE481K01013|1
ESSARGUJ,,2005-01-03,2005-04-22,76,0,75,0,ESSARGUJ|NOISIN|1,UNKNOWN_NO_ISIN,ESSARGUJ|NOISIN|1
ESSAROIL,,2005-01-03,2011-06-21,1601,0,1600,0,ESSAROIL|NOISIN|1,UNKNOWN_NO_ISIN,ESSAROIL|INE011A01019|1
ESSAROIL,INE011A01019,2011-06-22,2016-02-09,1131,1601,2742,11,ESSAROIL|INE011A01019|1,EQUITY,ESSAROIL|INE011A01019|1
ESSARPORTS,,2011-06-14,2011-06-21,6,1595,1600,0,ESSARPORTS|NOISIN|1,UNKNOWN_NO_ISIN,ESSARPORTS|INE282A01024|1
ESSARPORTS,INE282A01024,2011-06-22,2015-12-23,1110,1601,2710,0,ESSARPORTS|INE282A01024|1,EQUITY,ESSARPORTS|INE282A01024|1
ESSARSHIP,,2008-03-11,2010-08-19,597,794,1390,0,ESSARSHIP|NOISIN|1,UNKNOWN_NO_ISIN,ESSARSHIP|NOISIN|1
ESSARSHIP,,2010-12-03,2011-05-17,112,1464,1575,0,ESSARSHIP|NOISIN|2,UNKNOWN_NO_ISIN,ESSARSHIP|NOISIN|2
ESSARSHPNG,INE122M01019,2011-11-29,2026-09-30,2955,1708,5368,176,ESSARSHPNG|INE122M01019|1,EQUITY,ESSARSHPNG|INE122M01019|1
ESSDEE,,2006-12-28,2011-06-21,1107,494,1600,0,ESSDEE|NOISIN|1,UNKNOWN_NO_ISIN,ESSDEE|INE825H01017|1
ESSDEE,INE825H01017,2011-06-22,2019-05-27,1563,1601,3554,156,ESSDEE|INE825H01017|1,EQUITY,ESSDEE|INE825H01017|1
ESSELPACK,,2005-01-03,2009-06-11,1095,0,1095,1,ESSELPACK|NOISIN|1,UNKNOWN_NO_ISIN,ESSELPACK|NOISIN|1
ESSELPACK,,2009-08-21,2011-06-21,455,1146,1600,0,ESSELPACK|NOISIN|2,UNKNOWN_NO_ISIN,EPL|INE255A01020|1
ESSELPACK,INE255A01020,2011-06-22,2020-10-16,2298,1601,3898,0,ESSELPACK|INE255A01020|1,EQUITY,EPL|INE255A01020|1
ESSENTIA,INE418N01035,2022-06-21,2026-09-30,572,4313,5368,142,ESSENTIA|INE418N01035|1,EQUITY,ESSENTIA|INE418N01035|1
ESTER,,2011-06-20,2011-06-21,2,1599,1600,0,ESTER|NOISIN|1,UNKNOWN_NO_ISIN,ESTER|INE778B01029|1
ESTER,INE778B01029,2011-06-22,2026-09-30,3602,1601,5368,55,ESTER|INE778B01029|1,EQUITY,ESTER|INE778B01029|1
ESTL,,2005-06-13,2007-12-13,624,111,734,0,ESTL|NOISIN|1,UNKNOWN_NO_ISIN,ESTL|NOISIN|1
ETC,,2008-03-28,2009-12-10,414,805,1219,1,ETC|NOISIN|1,UNKNOWN_NO_ISIN,ETC|NOISIN|1
ETC,,2010-02-19,2010-09-15,144,1265,1408,0,ETC|NOISIN|2,UNKNOWN_NO_ISIN,ETC|NOISIN|2
ETCNET,,2005-02-09,2007-08-30,636,25,660,0,ETCNET|NOISIN|1,UNKNOWN_NO_ISIN,ETCNET|NOISIN|1
ETCNET,,2007-12-03,2007-12-28,18,726,743,0,ETCNET|NOISIN|2,UNKNOWN_NO_ISIN,ETCNET|NOISIN|2
ETERNAL,INE758T01015,2025-04-09,2026-09-30,365,5004,5368,0,ETERNAL|INE758T01015|1,EQUITY,ETERNAL|INE758T01015|1
ETERNEVRST,,2005-01-03,2005-05-26,100,0,99,0,ETERNEVRST|NOISIN|1,UNKNOWN_NO_ISIN,ETERNEVRST|NOISIN|1
ETHOSLTD,INE04TZ01018,2022-05-30,2026-09-30,1072,4297,5368,0,ETHOSLTD|INE04TZ01018|1,EQUITY,ETHOSLTD|INE04TZ01018|1
EUREKAFORB,INE0KCE01017,2024-09-11,2026-09-30,508,4861,5368,0,EUREKAFORB|INE0KCE01017|1,EQUITY,EUREKAFORB|INE0KCE01017|1
EUROBOND,INE505V01016,2025-08-01,2026-09-30,287,5082,5368,0,EUROBOND|INE505V01016|1,EQUITY,EUROBOND|INE505V01016|1
EUROCERA,,2007-03-09,2009-05-28,544,541,1085,1,EUROCERA|NOISIN|1,UNKNOWN_NO_ISIN,EUROCERA|NOISIN|1
EUROCERA,,2009-08-21,2010-01-07,91,1146,1236,0,EUROCERA|NOISIN|2,UNKNOWN_NO_ISIN,EUROCERA|NOISIN|2
EUROCERA,,2010-02-19,2011-06-21,336,1265,1600,0,EUROCERA|NOISIN|3,UNKNOWN_NO_ISIN,EUROCERA|INE649H01011|1
EUROCERA,INE649H01011,2011-06-22,2018-06-22,1167,1601,3328,93,EUROCERA|INE649H01011|1,EQUITY,EUROCERA|INE649H01011|1
EUROMULTI,,2009-10-15,2011-06-21,420,1181,1600,0,EUROMULTI|NOISIN|1,UNKNOWN_NO_ISIN,EUROMULTI|INE063J01011|1
EUROMULTI,INE063J01011,2011-06-22,2020-12-24,935,1601,3945,419,EUROMULTI|INE063J01011|1,EQUITY,EUROMULTI|INE063J01011|1
EUROPRATIK,INE198501012,2025-09-23,2026-09-30,252,5117,5368,0,EUROPRATIK|INE198501012|1,EQUITY,EUROPRATIK|INE198501012|1
EUROTEXIND,,2005-01-03,2008-01-10,747,0,752,2,EUROTEXIND|NOISIN|1,UNKNOWN_NO_ISIN,EUROTEXIND|NOISIN|1
EUROTEXIND,,2008-02-29,2009-06-11,242,788,1095,9,EUROTEXIND|NOISIN|2,UNKNOWN_NO_ISIN,EUROTEXIND|NOISIN|2
EUROTEXIND,,2009-08-21,2009-10-05,27,1146,1174,1,EUROTEXIND|NOISIN|3,UNKNOWN_NO_ISIN,EUROTEXIND|NOISIN|3
EUROTEXIND,,2009-11-20,2011-06-21,366,1205,1600,18,EUROTEXIND|NOISIN|4,UNKNOWN_NO_ISIN,EUROTEXIND|INE022C01012|1
EUROTEXIND,INE022C01012,2011-06-22,2026-09-30,2456,1601,5368,114,EUROTEXIND|INE022C01012|1,EQUITY,EUROTEXIND|INE022C01012|1
EVEREADY,,2005-04-27,2007-11-30,648,78,725,0,EVEREADY|NOISIN|1,UNKNOWN_NO_ISIN,EVEREADY|NOISIN|1
EVEREADY,,2008-02-29,2011-06-21,813,788,1600,0,EVEREADY|NOISIN|2,UNKNOWN_NO_ISIN,EVEREADY|INE128A01029|1
EVEREADY,INE128A01029,2011-06-22,2026-09-30,3627,1601,5368,53,EVEREADY|INE128A01029|1,EQUITY,EVEREADY|INE128A01029|1
EVERESTIND,,2005-05-27,2009-06-11,989,100,1095,1,EVERESTIND|NOISIN|1,UNKNOWN_NO_ISIN,ETERNEVRST|NOISIN|1
EVERESTIND,,2009-08-21,2011-06-21,455,1146,1600,0,EVERESTIND|NOISIN|2,UNKNOWN_NO_ISIN,EVERESTIND|INE295A01018|1
EVERESTIND,INE295A01018,2011-06-22,2026-07-01,3547,1601,5304,131,EVERESTIND|INE295A01018|1,EQUITY,EVERESTIND|INE295A01018|1
EVERONN,,2007-08-01,2011-06-21,961,640,1600,0,EVERONN|NOISIN|1,UNKNOWN_NO_ISIN,EVERONN|INE678H01010|1
EVERONN,INE678H01010,2011-06-22,2016-11-03,1247,1601,2921,30,EVERONN|INE678H01010|1,EQUITY,EVERONN|INE678H01010|1
EVIETF,INF109K1A153,2025-04-15,2026-09-30,363,5006,5368,0,EVIETF|INF109K1A153|1,FUND_UNIT,EVIETF|INF109K1A153|1
EVINDIA,INF769K01LQ3,2024-07-16,2026-09-30,547,4822,5368,0,EVINDIA|INF769K01LQ3|1,FUND_UNIT,EVINDIA|INF769K01LQ3|1
EVINIX,,2007-03-07,2011-06-21,1062,539,1600,0,EVINIX|NOISIN|1,UNKNOWN_NO_ISIN,EVINIX|INE961H01028|1
EVINIX,INE961H01028,2011-06-22,2011-08-25,46,1601,1646,0,EVINIX|INE961H01028|1,EQUITY,EVINIX|INE961H01028|1
EXCEL,INE688J01015,2015-05-05,2022-09-27,1343,2550,4380,100,EXCEL|INE688J01015|1,EQUITY,EXCELINFO|INE688J01015|1
EXCEL,INE688J01023,2022-09-28,2026-04-01,353,4381,5244,203,EXCEL|INE688J01023|1,EQUITY,EXCELINFO|INE688J01015|1
EXCELCROP,,2005-01-03,2008-06-12,856,0,855,0,EXCELCROP|NOISIN|1,UNKNOWN_NO_ISIN,EXCELCROP|NOISIN|1
EXCELCROP,,2008-12-01,2009-06-11,125,970,1095,1,EXCELCROP|NOISIN|2,UNKNOWN_NO_ISIN,EXCELCROP|NOISIN|2
EXCELCROP,,2009-08-21,2011-06-21,455,1146,1600,0,EXCELCROP|NOISIN|3,UNKNOWN_NO_ISIN,EXCELCROP|INE223G01017|1
EXCELCROP,INE223G01017,2011-06-22,2019-08-28,1894,1601,3618,124,EXCELCROP|INE223G01017|1,EQUITY,EXCELCROP|INE223G01017|1
EXCELINDUS,,2005-01-03,2005-09-22,182,0,181,0,EXCELINDUS|NOISIN|1,UNKNOWN_NO_ISIN,EXCELINDUS|NOISIN|1
EXCELINDUS,,2005-11-25,2006-11-16,243,223,465,0,EXCELINDUS|NOISIN|2,UNKNOWN_NO_ISIN,EXCELINDUS|NOISIN|2
EXCELINDUS,,2007-03-02,2009-08-20,604,536,1145,1,EXCELINDUS|NOISIN|3,UNKNOWN_NO_ISIN,EXCELINDUS|NOISIN|3
EXCELINDUS,,2009-11-20,2011-06-21,396,1205,1600,0,EXCELINDUS|NOISIN|4,UNKNOWN_NO_ISIN,EXCELINDUS|INE369A01029|1
EXCELINDUS,INE369A01029,2011-06-22,2026-09-30,3719,1601,5368,9,EXCELINDUS|INE369A01029|1,EQUITY,EXCELINDUS|INE369A01029|1
EXCELINFO,,2009-08-03,2011-06-21,469,1132,1600,0,EXCELINFO|NOISIN|1,UNKNOWN_NO_ISIN,EXCELINFO|INE688J01015|1
EXCELINFO,INE688J01015,2011-06-22,2015-05-04,797,1601,2549,59,EXCELINFO|INE688J01015|1,EQUITY,EXCELINFO|INE688J01015|1
EXCELSOFT,INE606N01019,2025-11-26,2026-09-30,209,5160,5368,0,EXCELSOFT|INE606N01019|1,EQUITY,EXCELSOFT|INE606N01019|1
EXICOM,INE777F01014,2024-03-05,2026-09-30,577,4735,5368,57,EXICOM|INE777F01014|1,EQUITY,EXICOM|INE777F01014|1
EXIDEIND,,2005-09-12,2011-06-21,1428,173,1600,0,EXIDEIND|NOISIN|1,UNKNOWN_NO_ISIN,CHLORIDIND|NOISIN|1
EXIDEIND,INE302A01020,2011-06-22,2026-09-30,3768,1601,5368,0,EXIDEIND|INE302A01020|1,EQUITY,CHLORIDIND|NOISIN|1
EXPLEOSOL,INE201K01015,2019-05-02,2026-09-30,1766,3537,5368,66,EXPLEOSOL|INE201K01015|1,EQUITY,EXPLEOSOL|INE201K01015|1
EXXARO,INE0GFE01018,2021-08-31,2024-12-12,812,4113,4924,0,EXXARO|INE0GFE01018|1,EQUITY,EXXARO|INE0GFE01018|1
EXXARO,INE0GFE01026,2024-12-13,2026-09-30,311,4925,5368,70,EXXARO|INE0GFE01026|1,EQUITY,EXXARO|INE0GFE01018|1
FABTECH,INE0HF201011,2025-10-23,2026-09-30,232,5137,5368,0,FABTECH|INE0HF201011|1,EQUITY,FABTECH|INE0HF201011|1
FACT,,2005-01-03,2007-11-30,726,0,725,0,FACT|NOISIN|1,UNKNOWN_NO_ISIN,FACT|NOISIN|1
FACT,,2008-02-29,2011-06-21,813,788,1600,0,FACT|NOISIN|2,UNKNOWN_NO_ISIN,FACT|INE188A01015|1
FACT,INE188A01015,2011-06-22,2026-09-30,3709,1601,5368,59,FACT|INE188A01015|1,EQUITY,FACT|INE188A01015|1
FAGBEARING,,2005-01-03,2011-06-21,1598,0,1600,1,FAGBEARING|NOISIN|1,UNKNOWN_NO_ISIN,FAGBEARING|INE513A01014|1
FAGBEARING,INE513A01014,2011-06-22,2017-07-31,1505,1601,3105,0,FAGBEARING|INE513A01014|1,EQUITY,FAGBEARING|INE513A01014|1
FAIRCHEM,INE959A01019,2017-01-19,2020-10-13,911,2975,3895,10,FAIRCHEM|INE959A01019|1,EQUITY,ADI|INE959A01019|1
FAIRCHEMOR,INE0DNW01011,2021-01-08,2026-07-03,1352,3955,5306,0,FAIRCHEMOR|INE0DNW01011|1,EQUITY,FAIRCHEMOR|INE0DNW01011|1
FAME,,2008-02-25,2009-04-17,275,784,1058,0,FAME|NOISIN|1,UNKNOWN_NO_ISIN,FAME|NOISIN|1
FAME,,2009-08-21,2009-10-05,29,1146,1174,0,FAME|NOISIN|2,UNKNOWN_NO_ISIN,FAME|NOISIN|2
FAME,,2009-11-20,2010-01-21,42,1205,1246,0,FAME|NOISIN|3,UNKNOWN_NO_ISIN,FAME|NOISIN|3
FAME,,2010-06-11,2011-03-31,205,1341,1545,0,FAME|NOISIN|4,UNKNOWN_NO_ISIN,FAME|NOISIN|4
FAME,,2011-06-17,2011-06-21,3,1598,1600,0,FAME|NOISIN|5,UNKNOWN_NO_ISIN,FAME|INE886G01011|1
FAME,INE886G01011,2011-06-22,2013-06-26,293,1601,2099,61,FAME|INE886G01011|1,EQUITY,FAME|INE886G01011|1
FARMAXIND,,2010-08-17,2011-06-21,213,1388,1600,0,FARMAXIND|NOISIN|1,UNKNOWN_NO_ISIN,FARMAXIND|INE890I01035|1
FARMAXIND,INE890I01035,2011-06-22,2017-03-06,1022,1601,3005,238,FARMAXIND|INE890I01035|1,EQUITY,FARMAXIND|INE890I01035|1
FAZE3Q,INE963C01033,2022-11-18,2026-09-30,900,4415,5368,54,FAZE3Q|INE963C01033|1,EQUITY,FAZE3Q|INE963C01033|1
FCEL,INE220J01025,2013-10-17,2016-10-24,740,2175,2914,0,FCEL|INE220J01025|1,EQUITY,FCEL|INE220J01025|1
FCH,,2008-02-01,2010-08-19,623,768,1390,0,FCH|NOISIN|1,UNKNOWN_NO_ISIN,FCH|NOISIN|1
FCH,,2010-12-03,2011-06-21,137,1464,1600,0,FCH|NOISIN|2,UNKNOWN_NO_ISIN,CAPF|INE688I01017|1
FCH,INE688I01017,2011-06-22,2012-12-05,360,1601,1960,0,FCH|INE688I01017|1,EQUITY,CAPF|INE688I01017|1
FCL,INE045J01018,2015-01-15,2015-06-11,99,2479,2577,0,FCL|INE045J01018|1,EQUITY,FCL|INE045J01018|1
FCL,INE045J01026,2015-06-12,2025-10-30,2565,2578,5142,0,FCL|INE045J01026|1,EQUITY,FCL|INE045J01018|1
FCL,INE045J01034,2025-10-31,2026-09-30,226,5143,5368,0,FCL|INE045J01034|1,EQUITY,FCL|INE045J01018|1
FCONSUMER,INE220J01025,2016-10-25,2024-05-15,1569,2915,4780,247,FCONSUMER|INE220J01025|1,EQUITY,FCEL|INE220J01025|1
FCSSOFT,,2005-09-21,2011-06-21,1420,180,1600,1,FCSSOFT|NOISIN|1,UNKNOWN_NO_ISIN,FCSSOFT|INE512B01022|1
FCSSOFT,INE512B01022,2011-06-22,2026-09-30,2599,1601,5368,147,FCSSOFT|INE512B01022|1,EQUITY,FCSSOFT|INE512B01022|1
FDC,,2005-01-03,2011-06-21,1600,0,1600,1,FDC|NOISIN|1,UNKNOWN_NO_ISIN,FDC|INE258B01022|1
FDC,INE258B01022,2011-06-22,2026-09-30,3768,1601,5368,0,FDC|INE258B01022|1,EQUITY,FDC|INE258B01022|1
FEDDERELEC,INE249C01011,2017-06-13,2018-09-24,319,3072,3390,0,FEDDERELEC|INE249C01011|1,EQUITY,FEDDERELEC|INE249C01011|1
FEDDERLOYD,,2005-09-15,2009-08-20,969,176,1145,1,FEDDERLOYD|NOISIN|1,UNKNOWN_NO_ISIN,FEDDERLOYD|NOISIN|1
FEDDERLOYD,,2009-11-20,2011-06-21,396,1205,1600,0,FEDDERLOYD|NOISIN|2,UNKNOWN_NO_ISIN,FEDDERELEC|INE249C01011|1
FEDDERLOYD,INE249C01011,2011-06-22,2017-06-12,1471,1601,3071,0,FEDDERLOYD|INE249C01011|1,EQUITY,FEDDERELEC|INE249C01011|1
FEDDERSHOL,INE417D01020,2026-04-20,2026-09-30,114,5255,5368,0,FEDDERSHOL|INE417D01020|1,EQUITY,FEDDERSHOL|INE417D01020|1
FEDERALBNK,,2005-01-03,2011-06-21,1601,0,1600,0,FEDERALBNK|NOISIN|1,UNKNOWN_NO_ISIN,FEDERALBNK|INE171A01011|1
FEDERALBNK,INE171A01011,2011-06-22,2013-10-17,575,1601,2175,0,FEDERALBNK|INE171A01011|1,EQUITY,FEDERALBNK|INE171A01011|1
FEDERALBNK,INE171A01029,2013-10-18,2026-09-30,3193,2176,5368,0,FEDERALBNK|INE171A01029|1,EQUITY,FEDERALBNK|INE171A01011|1
FEDFINA,INE007N01010,2023-11-30,2026-09-30,699,4670,5368,0,FEDFINA|INE007N01010|1,EQUITY,FEDFINA|INE007N01010|1
FEL,INE623B01027,2016-05-25,2023-01-20,1588,2812,4460,61,FEL|INE623B01027|1,EQUITY,FEL|INE623B01027|1
FELDVR,IN9623B01058,2016-05-25,2023-02-21,1540,2812,4481,69,FELDVR|IN9623B01058|1,OTHER_ISIN,FELDVR|IN9623B01058|1
FERMENTA,INE225B01021,2026-04-20,2026-09-30,114,5255,5368,0,FERMENTA|INE225B01021|1,EQUITY,FERMENTA|INE225B01021|1
FIBERWEB,INE296C01020,2022-02-16,2026-09-30,1024,4229,5368,62,FIBERWEB|INE296C01020|1,EQUITY,FIBERWEB|INE296C01020|1
FIEMIND,,2006-10-19,2011-06-21,1151,447,1600,1,FIEMIND|NOISIN|1,UNKNOWN_NO_ISIN,FIEMIND|INE737H01014|1
FIEMIND,INE737H01014,2011-06-22,2026-09-30,3768,1601,5368,0,FIEMIND|INE737H01014|1,EQUITY,FIEMIND|INE737H01014|1
FILATEX,INE816B01019,2011-08-29,2018-06-27,1458,1648,3331,42,FILATEX|INE816B01019|1,EQUITY,FILATEX|INE816B01019|1
FILATEX,INE816B01027,2018-06-28,2022-12-27,1111,3332,4442,0,FILATEX|INE816B01027|1,EQUITY,FILATEX|INE816B01019|1
FILATEX,INE816B01035,2022-12-28,2026-09-30,926,4443,5368,0,FILATEX|INE816B01035|1,EQUITY,FILATEX|INE816B01019|1
FILATFASH,INE185E01013,2024-05-06,2024-08-08,66,4773,4838,0,FILATFASH|INE185E01013|1,EQUITY,FILATFASH|INE185E01013|1
FILATFASH,INE185E01021,2024-08-09,2026-09-30,246,4839,5368,205,FILATFASH|INE185E01021|1,EQUITY,FILATFASH|INE185E01013|1
FINANTECH,,2005-06-20,2005-07-07,14,116,129,0,FINANTECH|NOISIN|1,UNKNOWN_NO_ISIN,FINANTECH|NOISIN|1
FINANTECH,,2006-02-17,2011-06-21,1321,280,1600,0,FINANTECH|NOISIN|2,UNKNOWN_NO_ISIN,63MOONS|INE111B01023|1
FINANTECH,INE111B01023,2011-06-22,2017-01-18,1374,1601,2974,0,FINANTECH|INE111B01023|1,EQUITY,63MOONS|INE111B01023|1
FINCABLES,,2005-01-03,2011-06-21,1601,0,1600,0,FINCABLES|NOISIN|1,UNKNOWN_NO_ISIN,FINCABLES|INE235A01022|1
FINCABLES,INE235A01022,2011-06-22,2026-09-30,3768,1601,5368,0,FINCABLES|INE235A01022|1,EQUITY,FINCABLES|INE235A01022|1
FINEORG,INE686Y01026,2018-07-02,2026-09-30,2035,3334,5368,0,FINEORG|INE686Y01026|1,EQUITY,FINEORG|INE686Y01026|1
FINIETF,INF109KC17L8,2023-12-20,2026-09-30,685,4684,5368,0,FINIETF|INF109KC17L8|1,FUND_UNIT,FINIETF|INF109KC17L8|1
FINKURVE,INE734I01027,2025-10-01,2026-09-30,246,5123,5368,0,FINKURVE|INE734I01027|1,EQUITY,FINKURVE|INE734I01027|1
FINOPB,INE02NC01014,2021-11-12,2026-09-30,1206,4163,5368,0,FINOPB|INE02NC01014|1,EQUITY,FINOPB|INE02NC01014|1
FINPIPE,,2005-01-03,2011-06-21,1600,0,1600,1,FINPIPE|NOISIN|1,UNKNOWN_NO_ISIN,FINPIPE|INE183A01016|1
FINPIPE,INE183A01016,2011-06-22,2021-04-16,2420,1601,4020,0,FINPIPE|INE183A01016|1,EQUITY,FINPIPE|INE183A01016|1
FINPIPE,INE183A01024,2021-04-19,2026-09-30,1348,4021,5368,0,FINPIPE|INE183A01024|1,EQUITY,FINPIPE|INE183A01016|1
FIRSTCRY,INE02RE01045,2024-08-13,2026-09-30,528,4841,5368,0,FIRSTCRY|INE02RE01045|1,EQUITY,FIRSTCRY|INE02RE01045|1
FIRSTLEASE,,2005-01-03,2011-06-21,1600,0,1600,1,FIRSTLEASE|NOISIN|1,UNKNOWN_NO_ISIN,FIRSTLEASE|INE492B01019|1
FIRSTLEASE,INE492B01019,2011-06-22,2013-12-09,610,1601,2210,0,FIRSTLEASE|INE492B01019|1,EQUITY,FIRSTLEASE|INE492B01019|1
FIRSTWIN,,2008-07-08,2009-06-11,222,873,1095,1,FIRSTWIN|NOISIN|1,UNKNOWN_NO_ISIN,FIRSTWIN|NOISIN|1
FIRSTWIN,,2009-08-21,2010-02-18,119,1146,1264,0,FIRSTWIN|NOISIN|2,UNKNOWN_NO_ISIN,FIRSTWIN|NOISIN|2
FIRSTWIN,,2010-06-11,2010-08-19,50,1341,1390,0,FIRSTWIN|NOISIN|3,UNKNOWN_NO_ISIN,FIRSTWIN|NOISIN|3
FIRSTWIN,,2010-12-03,2011-06-21,137,1464,1600,0,FIRSTWIN|NOISIN|4,UNKNOWN_NO_ISIN,FIRSTWIN|INE315J01015|1
FIRSTWIN,INE315J01015,2011-06-22,2018-02-20,697,1601,3244,121,FIRSTWIN|INE315J01015|1,EQUITY,FIRSTWIN|INE315J01015|1
FISCHER,INE771F01025,2025-07-10,2025-09-11,44,5066,5109,0,FISCHER|INE771F01025|1,EQUITY,FISCHER|INE771F01025|1
FISCHER,INE771F01041,2025-09-12,2026-09-30,259,5110,5368,0,FISCHER|INE771F01041|1,EQUITY,FISCHER|INE771F01025|1
FIVESTAR,INE128S01021,2022-11-21,2026-09-30,953,4416,5368,0,FIVESTAR|INE128S01021|1,EQUITY,FIVESTAR|INE128S01021|1
FKONCO,,2009-02-19,2011-06-21,576,1024,1600,1,FKONCO|NOISIN|1,UNKNOWN_NO_ISIN,DABURPHARM|NOISIN|1
FKONCO,INE575G01010,2011-06-22,2014-01-02,627,1601,2227,0,FKONCO|INE575G01010|1,EQUITY,DABURPHARM|NOISIN|1
FLAIR,INE00Y201027,2023-12-01,2026-09-30,698,4671,5368,0,FLAIR|INE00Y201027|1,EQUITY,FLAIR|INE00Y201027|1
FLEX,,2005-01-03,2007-04-16,566,0,565,0,FLEX|NOISIN|1,UNKNOWN_NO_ISIN,FLEX|NOISIN|1
FLEXCHEM,,2005-01-03,2005-05-19,95,0,94,0,FLEXCHEM|NOISIN|1,UNKNOWN_NO_ISIN,FLEXCHEM|NOISIN|1
FLEXCHEM,,2005-07-08,2006-04-17,188,130,317,0,FLEXCHEM|NOISIN|2,UNKNOWN_NO_ISIN,FLEXCHEM|NOISIN|2
FLEXCHEM,,2006-06-12,2006-12-14,121,356,485,2,FLEXCHEM|NOISIN|3,UNKNOWN_NO_ISIN,FLEXCHEM|NOISIN|3
FLEXENGG,,2005-01-03,2006-05-11,335,0,334,0,FLEXENGG|NOISIN|1,UNKNOWN_NO_ISIN,FLEXENGG|NOISIN|1
FLEXENGG,,2006-06-12,2006-12-14,130,356,485,0,FLEXENGG|NOISIN|2,UNKNOWN_NO_ISIN,FLEXENGG|NOISIN|2
FLEXIADD,INF740KA1WU9,2025-10-16,2026-09-30,236,5133,5368,0,FLEXIADD|INF740KA1WU9|1,FUND_UNIT,FLEXIADD|INF740KA1WU9|1
FLEXITUFF,INE060J01017,2011-10-19,2026-06-16,2693,1682,5294,260,FLEXITUFF|INE060J01017|1,EQUITY,FLEXITUFF|INE060J01017|1
FLFL,INE452O01016,2013-10-17,2023-03-31,2187,2175,4507,104,FLFL|INE452O01016|1,EQUITY,FLFL|INE452O01016|1
FLUOROCHEM,INE09N301011,2019-10-31,2026-09-30,1649,3658,5368,62,FLUOROCHEM|INE09N301011|1,EQUITY,FLUOROCHEM|INE09N301011|1
FMCGADD,INF740KA1ZA4,2026-05-22,2026-09-30,91,5278,5368,0,FMCGADD|INF740KA1ZA4|1,FUND_UNIT,FMCGADD|INF740KA1ZA4|1
FMCGIETF,INF109KC19V3,2024-05-10,2026-09-30,592,4777,5368,0,FMCGIETF|INF109KC19V3|1,FUND_UNIT,FMCGIETF|INF109KC19V3|1
FMCGIETF,INF109KC1R48,2023-12-20,2024-05-09,93,4684,4776,0,FMCGIETF|INF109KC1R48|1,FUND_UNIT,FMCGIETF|INF109KC1R48|1
FMGOETZE,,2006-09-12,2009-04-17,638,421,1058,0,FMGOETZE|NOISIN|1,UNKNOWN_NO_ISIN,FMGOETZE|NOISIN|1
FMGOETZE,,2009-06-12,2009-08-06,40,1096,1135,0,FMGOETZE|NOISIN|2,UNKNOWN_NO_ISIN,FMGOETZE|NOISIN|2
FMGOETZE,,2009-11-20,2011-06-21,396,1205,1600,0,FMGOETZE|NOISIN|3,UNKNOWN_NO_ISIN,FMGOETZE|INE529A01010|1
FMGOETZE,INE529A01010,2011-06-22,2026-09-30,3766,1601,5368,1,FMGOETZE|INE529A01010|1,EQUITY,FMGOETZE|INE529A01010|1
FMNL,INE360L01017,2012-03-06,2026-09-30,2874,1775,5368,229,FMNL|INE360L01017|1,EQUITY,AGRE|INE360L01017|1
FOCUS,INE593W01010,2021-11-24,2023-10-05,386,4170,4633,78,FOCUS|INE593W01010|1,EQUITY,FOCUS|INE593W01010|1
FOCUS,INE593W01028,2023-10-06,2026-07-01,515,4634,5304,91,FOCUS|INE593W01028|1,EQUITY,FOCUS|INE593W01010|1
FOODSIN,INE976E01023,2021-11-16,2026-09-30,1082,4165,5368,63,FOODSIN|INE976E01023|1,EQUITY,FOODSIN|INE976E01023|1
FORCEMOT,INE451A01017,2019-08-19,2026-09-30,1684,3611,5368,74,FORCEMOT|INE451A01017|1,EQUITY,FORCEMOT|INE451A01017|1
FORTIS,,2007-05-09,2011-06-21,1021,580,1600,0,FORTIS|NOISIN|1,UNKNOWN_NO_ISIN,FORTIS|INE061F01013|1
FORTIS,INE061F01013,2011-06-22,2026-09-30,3768,1601,5368,0,FORTIS|INE061F01013|1,EQUITY,FORTIS|INE061F01013|1
FORTUNEFIN,INE924D01017,2017-08-02,2018-07-24,244,3107,3350,0,FORTUNEFIN|INE924D01017|1,EQUITY,FORTUNEFIN|INE924D01017|1
FOSECOIND,,2005-01-03,2011-06-21,1538,0,1600,5,FOSECOIND|NOISIN|1,UNKNOWN_NO_ISIN,FOSECOIND|INE519A01011|1
FOSECOIND,INE519A01011,2011-06-22,2026-09-30,3766,1601,5368,1,FOSECOIND|INE519A01011|1,EQUITY,FOSECOIND|INE519A01011|1
FOURSOFT,,2005-01-03,2005-05-26,100,0,99,0,FOURSOFT|NOISIN|1,UNKNOWN_NO_ISIN,FOURSOFT|NOISIN|1
FOURSOFT,,2005-07-08,2006-04-07,184,130,313,0,FOURSOFT|NOISIN|2,UNKNOWN_NO_ISIN,FOURSOFT|NOISIN|2
FOURSOFT,,2006-06-12,2006-06-29,14,356,369,0,FOURSOFT|NOISIN|3,UNKNOWN_NO_ISIN,FOURSOFT|NOISIN|3
FOURSOFT,,2006-08-28,2007-12-13,325,410,734,0,FOURSOFT|NOISIN|4,UNKNOWN_NO_ISIN,FOURSOFT|NOISIN|4
FOURSOFT,,2008-02-29,2008-04-21,32,788,819,0,FOURSOFT|NOISIN|5,UNKNOWN_NO_ISIN,FOURSOFT|NOISIN|5
FOURSOFT,,2008-06-13,2009-05-28,230,856,1085,0,FOURSOFT|NOISIN|6,UNKNOWN_NO_ISIN,FOURSOFT|NOISIN|6
FOURSOFT,,2009-08-21,2009-12-24,84,1146,1229,0,FOURSOFT|NOISIN|7,UNKNOWN_NO_ISIN,FOURSOFT|NOISIN|7
FOURSOFT,,2010-02-19,2010-06-10,76,1265,1340,0,FOURSOFT|NOISIN|8,UNKNOWN_NO_ISIN,FOURSOFT|NOISIN|8
FOURSOFT,,2010-08-20,2011-06-21,210,1391,1600,0,FOURSOFT|NOISIN|9,UNKNOWN_NO_ISIN,FOURSOFT|INE218G01017|1
FOURSOFT,INE218G01017,2011-06-22,2013-08-01,385,1601,2125,61,FOURSOFT|INE218G01017|1,EQUITY,FOURSOFT|INE218G01017|1
FRACTAL,INE212S01015,2026-02-16,2026-09-30,154,5215,5368,0,FRACTAL|INE212S01015|1,EQUITY,FRACTAL|INE212S01015|1
FREDUN,INE194R01017,2026-08-17,2026-09-30,32,5337,5368,0,FREDUN|INE194R01017|1,EQUITY,FREDUN|INE194R01017|1
FRETAIL,INE752P01024,2016-09-14,2022-07-22,1439,2888,4336,10,FRETAIL|INE752P01024|1,EQUITY,FRETAIL|INE752P01024|1
FRL,INE623B01027,2013-04-11,2016-05-10,754,2048,2801,0,FRL|INE623B01027|1,EQUITY,FEL|INE623B01027|1
FRLDVR,IN9623B01058,2013-04-11,2016-05-10,754,2048,2801,0,FRLDVR|IN9623B01058|1,OTHER_ISIN,FELDVR|IN9623B01058|1
FRONTSP,INE572D01014,2026-04-20,2026-09-30,114,5255,5368,0,FRONTSP|INE572D01014|1,EQUITY,FRONTSP|INE572D01014|1
FSC,INE935Q01015,2017-12-18,2022-11-21,1136,3201,4416,57,FSC|INE935Q01015|1,EQUITY,FSC|INE935Q01015|1
FSL,,2007-02-22,2011-06-21,1071,530,1600,0,FSL|NOISIN|1,UNKNOWN_NO_ISIN,FSL|INE684F01012|1
FSL,INE684F01012,2011-06-22,2026-09-30,3768,1601,5368,0,FSL|INE684F01012|1,EQUITY,FSL|INE684F01012|1
FSS,,2005-03-17,2006-02-02,220,51,270,0,FSS|NOISIN|1,UNKNOWN_NO_ISIN,FSS|NOISIN|1
FTCPOF3YDV,,2007-08-23,2007-09-12,3,655,669,11,FTCPOF3YDV|NOISIN|1,UNKNOWN_NO_ISIN,FTCPOF3YDV|NOISIN|1
FTCPOF3YDV,,2007-10-22,2007-11-06,2,696,707,10,FTCPOF3YDV|NOISIN|2,UNKNOWN_NO_ISIN,FTCPOF3YDV|NOISIN|2
FTCPOF3YDV,,2007-12-06,2010-05-19,441,729,1324,18,FTCPOF3YDV|NOISIN|3,UNKNOWN_NO_ISIN,FTCPOF3YDV|NOISIN|3
FTCPOF3YGR,,2007-08-06,2007-08-23,10,643,655,1,FTCPOF3YGR|NOISIN|1,UNKNOWN_NO_ISIN,FTCPOF3YGR|NOISIN|1
FTCPOF3YGR,,2007-09-27,2007-11-01,6,680,704,8,FTCPOF3YGR|NOISIN|2,UNKNOWN_NO_ISIN,FTCPOF3YGR|NOISIN|2
FTCPOF3YGR,,2007-12-14,2009-08-10,277,735,1137,11,FTCPOF3YGR|NOISIN|3,UNKNOWN_NO_ISIN,FTCPOF3YGR|NOISIN|3
FTCPOF3YGR,,2009-09-09,2010-05-27,83,1159,1330,6,FTCPOF3YGR|NOISIN|4,UNKNOWN_NO_ISIN,FTCPOF3YGR|NOISIN|4
FTCPOF5YDV,,2008-02-20,2008-07-11,38,781,876,17,FTCPOF5YDV|NOISIN|1,UNKNOWN_NO_ISIN,FTCPOF5YDV|NOISIN|1
FTCPOF5YDV,,2008-08-12,2010-04-08,197,898,1296,16,FTCPOF5YDV|NOISIN|2,UNKNOWN_NO_ISIN,FTCPOF5YDV|NOISIN|2
FTCPOF5YDV,,2010-05-11,2010-06-29,10,1318,1353,9,FTCPOF5YDV|NOISIN|3,UNKNOWN_NO_ISIN,FTCPOF5YDV|NOISIN|3
FTCPOF5YDV,,2010-07-30,2010-11-22,17,1376,1455,15,FTCPOF5YDV|NOISIN|4,UNKNOWN_NO_ISIN,FTCPOF5YDV|NOISIN|4
FTCPOF5YDV,,2011-01-07,2011-02-07,3,1488,1508,14,FTCPOF5YDV|NOISIN|5,UNKNOWN_NO_ISIN,FTCPOF5YDV|NOISIN|5
FTCPOF5YDV,,2011-04-06,2011-06-21,7,1549,1600,17,FTCPOF5YDV|NOISIN|6,UNKNOWN_NO_ISIN,FTCPOF5YDV|NOISIN|6
FTCPOF5YDV,INF090I01080,2012-01-13,2012-05-22,18,1740,1826,12,FTCPOF5YDV|INF090I01080|1,FUND_UNIT,FTCPOF5YDV|INF090I01080|1
FTCPOF5YGR,,2007-08-27,2007-08-27,1,657,657,0,FTCPOF5YGR|NOISIN|1,UNKNOWN_NO_ISIN,FTCPOF5YGR|NOISIN|1
FTCPOF5YGR,,2007-10-10,2007-10-10,1,688,688,0,FTCPOF5YGR|NOISIN|2,UNKNOWN_NO_ISIN,FTCPOF5YGR|NOISIN|2
FTCPOF5YGR,,2007-11-12,2007-12-13,3,711,734,20,FTCPOF5YGR|NOISIN|3,UNKNOWN_NO_ISIN,FTCPOF5YGR|NOISIN|3
FTCPOF5YGR,,2008-02-27,2008-02-27,1,786,786,0,FTCPOF5YGR|NOISIN|4,UNKNOWN_NO_ISIN,FTCPOF5YGR|NOISIN|4
FTCPOF5YGR,,2008-04-24,2008-05-02,6,822,827,0,FTCPOF5YGR|NOISIN|5,UNKNOWN_NO_ISIN,FTCPOF5YGR|NOISIN|5
FTCPOF5YGR,,2008-07-25,2008-08-28,4,886,909,13,FTCPOF5YGR|NOISIN|6,UNKNOWN_NO_ISIN,FTCPOF5YGR|NOISIN|6
FTCPOF5YGR,,2008-12-01,2009-08-07,34,970,1136,19,FTCPOF5YGR|NOISIN|7,UNKNOWN_NO_ISIN,FTCPOF5YGR|NOISIN|7
FTCPOF5YGR,,2009-09-22,2009-10-15,6,1167,1181,6,FTCPOF5YGR|NOISIN|8,UNKNOWN_NO_ISIN,FTCPOF5YGR|NOISIN|8
FTCPOF5YGR,,2009-12-04,2011-04-21,73,1215,1558,20,FTCPOF5YGR|NOISIN|9,UNKNOWN_NO_ISIN,FTCPOF5YGR|NOISIN|9
FTCPOF5YGR,,2011-05-25,2011-06-20,3,1581,1599,9,FTCPOF5YGR|NOISIN|10,UNKNOWN_NO_ISIN,FTCPOF5YGR|NOISIN|10
FTCPOF5YGR,INF090I01072,2011-06-24,2012-04-23,16,1603,1806,31,FTCPOF5YGR|INF090I01072|1,FUND_UNIT,FTCPOF5YGR|INF090I01072|1
FTCSF3YDIV,,2007-06-19,2009-12-11,511,609,1220,4,FTCSF3YDIV|NOISIN|1,UNKNOWN_NO_ISIN,FTCSF3YDIV|NOISIN|1
FTCSF3YGRO,,2007-06-14,2009-12-11,527,606,1220,5,FTCSF3YGRO|NOISIN|1,UNKNOWN_NO_ISIN,FTCSF3YGRO|NOISIN|1
FTCSF5YDIV,,2007-08-08,2007-08-08,1,645,645,0,FTCSF5YDIV|NOISIN|1,UNKNOWN_NO_ISIN,FTCSF5YDIV|NOISIN|1
FTCSF5YDIV,,2007-10-09,2007-10-09,1,687,687,0,FTCSF5YDIV|NOISIN|2,UNKNOWN_NO_ISIN,FTCSF5YDIV|NOISIN|2
FTCSF5YDIV,,2008-01-01,2011-06-21,628,745,1600,11,FTCSF5YDIV|NOISIN|3,UNKNOWN_NO_ISIN,FTCSF5YDIV|INF090I01049|1
FTCSF5YDIV,INF090I01049,2011-06-22,2011-12-23,44,1601,1725,21,FTCSF5YDIV|INF090I01049|1,FUND_UNIT,FTCSF5YDIV|INF090I01049|1
FTCSF5YGRO,,2007-08-29,2011-06-20,621,659,1599,14,FTCSF5YGRO|NOISIN|1,UNKNOWN_NO_ISIN,FTCSF5YGRO|NOISIN|1
FTCSF5YGRO,INF090I01031,2011-06-30,2011-12-23,31,1607,1725,12,FTCSF5YGRO|INF090I01031|1,FUND_UNIT,FTCSF5YGRO|INF090I01031|1
FUSION,INE139R01012,2022-11-15,2026-09-30,957,4412,5368,0,FUSION|INE139R01012|1,EQUITY,FUSION|INE139R01012|1
FUTUREVENT,,2011-05-10,2011-06-21,31,1570,1600,0,FUTUREVENT|NOISIN|1,UNKNOWN_NO_ISIN,FUTUREVENT|INE220J01017|1
FUTUREVENT,INE220J01017,2011-06-22,2013-06-20,495,1601,2095,0,FUTUREVENT|INE220J01017|1,EQUITY,FUTUREVENT|INE220J01017|1
FVIL,INE220J01025,2013-07-18,2013-10-15,60,2115,2174,0,FVIL|INE220J01025|1,EQUITY,FCEL|INE220J01025|1
G5,INF247L01AK4,2020-12-16,2021-06-15,122,3939,4060,0,G5|INF247L01AK4|1,FUND_UNIT,G5|INF247L01AK4|1
GABRIEL,,2005-04-20,2009-06-11,1022,73,1095,1,GABRIEL|NOISIN|1,UNKNOWN_NO_ISIN,GABRIEL|NOISIN|1
GABRIEL,,2009-08-21,2011-06-21,455,1146,1600,0,GABRIEL|NOISIN|2,UNKNOWN_NO_ISIN,GABRIEL|INE524A01029|1
GABRIEL,INE524A01029,2011-06-22,2026-09-30,3768,1601,5368,0,GABRIEL|INE524A01029|1,EQUITY,GABRIEL|INE524A01029|1
GAEL,,2005-01-03,2011-06-21,1600,0,1600,1,GAEL|NOISIN|1,UNKNOWN_NO_ISIN,GAEL|INE036B01022|1
GAEL,INE036B01022,2011-06-22,2020-10-01,2288,1601,3888,0,GAEL|INE036B01022|1,EQUITY,GAEL|INE036B01022|1
GAEL,INE036B01030,2020-10-05,2026-09-30,1480,3889,5368,0,GAEL|INE036B01030|1,EQUITY,GAEL|INE036B01022|1
GAIL,,2005-01-03,2011-06-21,1601,0,1600,0,GAIL|NOISIN|1,UNKNOWN_NO_ISIN,GAIL|INE129A01019|1
GAIL,INE129A01019,2011-06-22,2026-09-30,3768,1601,5368,0,GAIL|INE129A01019|1,EQUITY,GAIL|INE129A01019|1
GAJA,INE18UN01038,2026-08-26,2026-09-30,25,5344,5368,0,GAJA|INE18UN01038|1,EQUITY,GAJA|INE18UN01038|1
GAL,,2010-10-27,2011-06-21,163,1438,1600,0,GAL|NOISIN|1,UNKNOWN_NO_ISIN,GAL|INE482J01013|1
GAL,INE482J01013,2011-06-22,2016-10-13,1121,1601,2907,133,GAL|INE482J01013|1,EQUITY,GAL|INE482J01013|1
GAL,INE482J01021,2016-10-14,2023-06-30,1268,2908,4567,127,GAL|INE482J01021|1,EQUITY,GAL|INE482J01013|1
GALAPREC,INE0RE001014,2024-09-23,2026-09-30,500,4869,5368,0,GALAPREC|INE0RE001014|1,EQUITY,GALAPREC|INE0RE001014|1
GALAXYSURF,INE600K01018,2018-02-08,2026-09-30,2132,3237,5368,0,GALAXYSURF|INE600K01018|1,EQUITY,GALAXYSURF|INE600K01018|1
GALLANTT,,2006-04-04,2008-01-10,442,311,752,0,GALLANTT|NOISIN|1,UNKNOWN_NO_ISIN,GALLANTT|NOISIN|1
GALLANTT,,2008-02-29,2010-01-07,448,788,1236,1,GALLANTT|NOISIN|2,UNKNOWN_NO_ISIN,GALLANTT|NOISIN|2
GALLANTT,,2010-02-19,2011-06-21,336,1265,1600,0,GALLANTT|NOISIN|3,UNKNOWN_NO_ISIN,GALLANTT|INE297H01019|1
GALLANTT,INE297H01019,2011-06-22,2026-09-30,3411,1601,5368,191,GALLANTT|INE297H01019|1,EQUITY,GALLANTT|INE297H01019|1
GALLISPAT,,2010-10-11,2011-06-21,175,1426,1600,0,GALLISPAT|NOISIN|1,UNKNOWN_NO_ISIN,GALLISPAT|INE528K01011|1
GALLISPAT,INE528K01011,2011-06-22,2018-08-07,1616,1601,3360,99,GALLISPAT|INE528K01011|1,EQUITY,GALLISPAT|INE528K01011|1
GALLISPAT,INE528K01029,2018-08-08,2022-06-03,941,3361,4301,0,GALLISPAT|INE528K01029|1,EQUITY,GALLISPAT|INE528K01011|1
GAMMNINFRA,,2008-04-03,2009-06-11,287,809,1095,0,GAMMNINFRA|NOISIN|1,UNKNOWN_NO_ISIN,GAMMNINFRA|NOISIN|1
GAMMNINFRA,,2009-08-21,2011-06-21,455,1146,1600,0,GAMMNINFRA|NOISIN|2,UNKNOWN_NO_ISIN,AJRINFRA|INE181G01025|1
GAMMNINFRA,INE181G01025,2011-06-22,2021-07-19,2359,1601,4084,59,GAMMNINFRA|INE181G01025|1,EQUITY,AJRINFRA|INE181G01025|1
GAMMONIND,,2005-01-03,2011-06-21,1601,0,1600,0,GAMMONIND|NOISIN|1,UNKNOWN_NO_ISIN,GAMMONIND|INE259B01020|1
GAMMONIND,INE259B01020,2011-06-22,2017-09-22,1485,1601,3142,41,GAMMONIND|INE259B01020|1,EQUITY,GAMMONIND|INE259B01020|1
GANDHAR,INE717W01049,2023-11-30,2026-09-30,699,4670,5368,0,GANDHAR|INE717W01049|1,EQUITY,GANDHAR|INE717W01049|1
GANDHITUBE,,2007-01-31,2009-06-11,510,515,1095,14,GANDHITUBE|NOISIN|1,UNKNOWN_NO_ISIN,GANDHITUBE|NOISIN|1
GANDHITUBE,,2009-08-21,2011-06-21,437,1146,1600,3,GANDHITUBE|NOISIN|2,UNKNOWN_NO_ISIN,GANDHITUBE|INE524B01027|1
GANDHITUBE,INE524B01027,2011-06-22,2026-09-30,3678,1601,5368,4,GANDHITUBE|INE524B01027|1,EQUITY,GANDHITUBE|INE524B01027|1
GANECOS,INE845D01014,2015-03-09,2026-09-30,2856,2513,5368,0,GANECOS|INE845D01014|1,EQUITY,GANECOS|INE845D01014|1
GANESHBE,INE388A01029,2021-09-16,2026-07-30,1202,4124,5325,0,GANESHBE|INE388A01029|1,EQUITY,GANESHBE|INE388A01029|1
GANESHCP,INE652V01016,2025-09-29,2026-09-30,248,5121,5368,0,GANESHCP|INE652V01016|1,EQUITY,GANESHCP|INE652V01016|1
GANESHHOU,INE460C01014,2025-09-15,2026-09-30,258,5111,5368,0,GANESHHOU|INE460C01014|1,EQUITY,GANESHHOUC|INE460C01014|1
GANESHHOUC,,2007-03-02,2011-06-21,1058,536,1600,3,GANESHHOUC|NOISIN|1,UNKNOWN_NO_ISIN,GANESHHOUC|INE460C01014|1
GANESHHOUC,INE460C01014,2011-06-22,2025-09-12,3421,1601,5110,33,GANESHHOUC|INE460C01014|1,EQUITY,GANESHHOUC|INE460C01014|1
GANGAFORGE,INE691Z01015,2021-07-06,2021-09-13,47,4075,4121,0,GANGAFORGE|INE691Z01015|1,EQUITY,GANGAFORGE|INE691Z01015|1
GANGAFORGE,INE691Z01023,2021-09-14,2026-09-30,903,4122,5368,291,GANGAFORGE|INE691Z01023|1,EQUITY,GANGAFORGE|INE691Z01015|1
GANGESSECU,INE335W01016,2018-02-07,2026-09-30,2074,3236,5368,50,GANGESSECU|INE335W01016|1,EQUITY,GANGESSECU|INE335W01016|1
GANGOTRI,,2006-04-07,2009-05-28,772,313,1085,1,GANGOTRI|NOISIN|1,UNKNOWN_NO_ISIN,GANGOTRI|NOISIN|1
GANGOTRI,,2009-08-21,2011-06-21,455,1146,1600,0,GANGOTRI|NOISIN|2,UNKNOWN_NO_ISIN,GANGOTRI|INE670B01028|1
GANGOTRI,INE670B01028,2011-06-22,2017-05-22,601,1601,3056,155,GANGOTRI|INE670B01028|1,EQUITY,GANGOTRI|INE670B01028|1
GARDENSILK,,2005-01-03,2009-06-11,1095,0,1095,1,GARDENSILK|NOISIN|1,UNKNOWN_NO_ISIN,GARDENSILK|NOISIN|1
GARDENSILK,,2009-08-21,2011-06-21,455,1146,1600,0,GARDENSILK|NOISIN|2,UNKNOWN_NO_ISIN,GARDENSILK|INE526A01016|1
GARDENSILK,INE526A01016,2011-06-22,2021-01-25,2169,1601,3966,102,GARDENSILK|INE526A01016|1,EQUITY,GARDENSILK|INE526A01016|1
GARFIBRES,INE276A01018,2018-08-13,2026-09-30,2005,3364,5368,0,GARFIBRES|INE276A01018|1,EQUITY,GARFIBRES|INE276A01018|1
GARUDA,INE0JVO01026,2024-10-15,2026-09-30,485,4884,5368,0,GARUDA|INE0JVO01026|1,EQUITY,GARUDA|INE0JVO01026|1
GARWALLROP,,2007-04-03,2007-06-07,45,557,601,0,GARWALLROP|NOISIN|1,UNKNOWN_NO_ISIN,GARWALLROP|NOISIN|1
GARWALLROP,,2007-08-31,2011-06-21,939,661,1600,1,GARWALLROP|NOISIN|2,UNKNOWN_NO_ISIN,GARFIBRES|INE276A01018|1
GARWALLROP,INE276A01018,2011-06-22,2018-08-10,1733,1601,3363,4,GARWALLROP|INE276A01018|1,EQUITY,GARFIBRES|INE276A01018|1
GARWOFFS,,2007-05-03,2009-05-04,492,576,1067,0,GARWOFFS|NOISIN|1,UNKNOWN_NO_ISIN,GARWOFFS|NOISIN|1
GARWOFFS,,2009-08-21,2011-06-06,444,1146,1589,0,GARWOFFS|NOISIN|2,UNKNOWN_NO_ISIN,GARWOFFS|NOISIN|2
GATECH,INE224E01028,2023-12-12,2026-08-05,347,4678,5329,131,GATECH|INE224E01028|1,EQUITY,GATECH|INE224E01028|1
GATECHDVR,INE224E01036,2023-12-11,2026-08-03,312,4677,5327,268,GATECHDVR|INE224E01036|1,EQUITY,GATECHDVR|INE224E01036|1
GATEWAY,INE079J01017,2022-04-05,2026-09-30,1108,4261,5368,0,GATEWAY|INE079J01017|1,EQUITY,GATEWAY|INE079J01017|1
GATI,,2006-10-10,2011-06-21,1161,440,1600,0,GATI|NOISIN|1,UNKNOWN_NO_ISIN,ACLGATI|INE152B01027|1
GATI,INE152B01027,2011-06-22,2023-11-29,3043,1601,4669,26,GATI|INE152B01027|1,EQUITY,ACLGATI|INE152B01027|1
GAUDIUMIVF,INE0P8B01020,2026-03-16,2026-09-30,39,5234,5368,96,GAUDIUMIVF|INE0P8B01020|1,EQUITY,GAUDIUMIVF|INE0P8B01020|1
GAYAHWS,INE287Z01012,2018-08-23,2026-09-30,677,3370,5368,213,GAYAHWS|INE287Z01012|1,EQUITY,GAYAHWS|INE287Z01012|1
GAYAPROJ,INE336H01015,2011-08-22,2017-02-10,1311,1643,2990,37,GAYAPROJ|INE336H01015|1,EQUITY,GAYAPROJ|INE336H01015|1
GAYAPROJ,INE336H01023,2017-02-13,2026-09-30,1345,2991,5368,951,GAYAPROJ|INE336H01023|1,EQUITY,GAYAPROJ|INE336H01015|1
GBGLOBAL,INE087J01028,2020-03-11,2021-05-19,137,3748,4041,74,GBGLOBAL|INE087J01028|1,EQUITY,GBGLOBAL|INE087J01028|1
GBN,,2007-02-08,2008-05-14,315,521,835,0,GBN|NOISIN|1,UNKNOWN_NO_ISIN,GBN|NOISIN|1
GCSL,INE199P01028,2025-09-04,2026-09-30,176,5104,5368,89,GCSL|INE199P01028|1,EQUITY,GCSL|INE199P01028|1
GDL,,2005-03-31,2011-06-21,1541,60,1600,0,GDL|NOISIN|1,UNKNOWN_NO_ISIN,GDL|INE852F01015|1
GDL,INE852F01015,2011-06-22,2022-01-04,2535,1601,4199,64,GDL|INE852F01015|1,EQUITY,GDL|INE852F01015|1
GEECEE,,2010-03-05,2011-06-21,327,1274,1600,0,GEECEE|NOISIN|1,UNKNOWN_NO_ISIN,GEECEE|INE916G01016|1
GEECEE,INE916G01016,2011-06-22,2026-07-02,3621,1601,5305,9,GEECEE|INE916G01016|1,EQUITY,GEECEE|INE916G01016|1
GEEKAYWIRE,INE669X01016,2020-03-06,2023-06-06,690,3746,4550,115,GEEKAYWIRE|INE669X01016|1,EQUITY,GEEKAYWIRE|INE669X01016|1
GEEKAYWIRE,INE669X01024,2024-02-12,2025-10-29,359,4719,5141,64,GEEKAYWIRE|INE669X01024|1,EQUITY,GEEKAYWIRE|INE669X01024|1
GEEKAYWIRE,INE669X01032,2025-10-30,2026-09-30,227,5142,5368,0,GEEKAYWIRE|INE669X01032|1,EQUITY,GEEKAYWIRE|INE669X01024|1
GEINDSYS,,2010-08-13,2011-06-21,215,1386,1600,0,GEINDSYS|NOISIN|1,UNKNOWN_NO_ISIN,GEINDSYS|INE599B01011|1
GEINDSYS,INE599B01011,2011-06-22,2016-02-19,1012,1601,2750,59,GEINDSYS|INE599B01011|1,EQUITY,GEINDSYS|INE599B01011|1
GEMAROMA,INE06XZ01023,2025-08-26,2026-09-30,210,5098,5368,61,GEMAROMA|INE06XZ01023|1,EQUITY,GEMAROMA|INE06XZ01023|1
GEMINI,,2007-01-18,2010-04-16,779,508,1301,14,GEMINI|NOISIN|1,UNKNOWN_NO_ISIN,GEMINI|NOISIN|1
GEMINI,,2010-06-11,2010-10-28,99,1341,1439,0,GEMINI|NOISIN|2,UNKNOWN_NO_ISIN,GEMINI|NOISIN|2
GEMINI,,2010-12-03,2011-06-21,137,1464,1600,0,GEMINI|NOISIN|3,UNKNOWN_NO_ISIN,GEMINI|INE878C01033|1
GEMINI,INE878C01033,2011-06-22,2018-02-06,1288,1601,3235,184,GEMINI|INE878C01033|1,EQUITY,GEMINI|INE878C01033|1
GENCON,INE854S01022,2021-02-16,2026-09-30,1130,3981,5368,76,GENCON|INE854S01022|1,EQUITY,GENCON|INE854S01022|1
GENESYS,,2005-01-03,2005-05-19,95,0,94,0,GENESYS|NOISIN|1,UNKNOWN_NO_ISIN,GENESYS|NOISIN|1
GENESYS,,2005-07-08,2005-07-14,5,130,134,0,GENESYS|NOISIN|2,UNKNOWN_NO_ISIN,GENESYS|NOISIN|2
GENESYS,,2006-06-12,2006-06-29,14,356,369,0,GENESYS|NOISIN|3,UNKNOWN_NO_ISIN,GENESYS|NOISIN|3
GENESYS,,2006-08-28,2006-12-29,75,410,495,2,GENESYS|NOISIN|4,UNKNOWN_NO_ISIN,GENESYS|NOISIN|4
GENESYS,,2007-03-05,2007-11-01,157,537,704,3,GENESYS|NOISIN|5,UNKNOWN_NO_ISIN,GENESYS|NOISIN|5
GENESYS,,2007-12-03,2008-06-12,130,726,855,0,GENESYS|NOISIN|6,UNKNOWN_NO_ISIN,GENESYS|NOISIN|6
GENESYS,,2008-08-22,2009-02-27,124,905,1029,1,GENESYS|NOISIN|7,UNKNOWN_NO_ISIN,GENESYS|NOISIN|7
GENESYS,,2009-06-12,2011-06-21,505,1096,1600,0,GENESYS|NOISIN|8,UNKNOWN_NO_ISIN,GENESYS|INE727B01026|1
GENESYS,INE727B01026,2011-06-22,2026-09-30,3507,1601,5368,140,GENESYS|INE727B01026|1,EQUITY,GENESYS|INE727B01026|1
GENSOL,INE06H201014,2023-07-03,2025-03-18,366,4568,4989,56,GENSOL|INE06H201014|1,EQUITY,GENSOL|INE06H201014|1
GENUSOVERE,,2005-07-08,2008-01-11,624,130,753,0,GENUSOVERE|NOISIN|1,UNKNOWN_NO_ISIN,GENUSOVERE|NOISIN|1
GENUSPAPER,INE949P01018,2015-03-02,2026-09-30,2722,2509,5368,59,GENUSPAPER|INE949P01018|1,EQUITY,GENUSPAPER|INE949P01018|1
GENUSPOWER,,2008-01-14,2010-04-16,548,754,1301,0,GENUSPOWER|NOISIN|1,UNKNOWN_NO_ISIN,GENUSOVERE|NOISIN|1
GENUSPOWER,,2010-06-11,2011-06-21,260,1341,1600,0,GENUSPOWER|NOISIN|2,UNKNOWN_NO_ISIN,GENUSPOWER|INE955D01029|1
GENUSPOWER,INE955D01029,2011-06-22,2026-09-30,3641,1601,5368,117,GENUSPOWER|INE955D01029|1,EQUITY,GENUSPOWER|INE955D01029|1
GEODESIC,,2008-10-06,2011-06-21,667,934,1600,0,GEODESIC|NOISIN|1,UNKNOWN_NO_ISIN,GEODESIC|INE371D01029|1
GEODESIC,INE371D01029,2011-06-22,2013-12-09,578,1601,2210,32,GEODESIC|INE371D01029|1,EQUITY,GEODESIC|INE371D01029|1
GEOINFO,,2005-01-03,2008-10-03,934,0,933,0,GEOINFO|NOISIN|1,UNKNOWN_NO_ISIN,GEODESIC|INE371D01029|1
GEOJIT,,2005-07-01,2009-06-04,966,125,1090,0,GEOJIT|NOISIN|1,UNKNOWN_NO_ISIN,GEOJITBNPP|INE007B01023|1
GEOJITBNPP,,2009-06-05,2011-06-21,510,1091,1600,0,GEOJITBNPP|NOISIN|1,UNKNOWN_NO_ISIN,GEOJITBNPP|INE007B01023|1
GEOJITBNPP,INE007B01023,2011-06-22,2017-03-01,1376,1601,3002,26,GEOJITBNPP|INE007B01023|1,EQUITY,GEOJITBNPP|INE007B01023|1
GEOJITFSL,INE007B01023,2017-03-02,2026-09-30,2366,3003,5368,0,GEOJITFSL|INE007B01023|1,EQUITY,GEOJITBNPP|INE007B01023|1
GEOMETRIC,,2005-01-03,2011-06-21,1581,0,1600,20,GEOMETRIC|NOISIN|1,UNKNOWN_NO_ISIN,GEOMETRIC|INE797A01021|1
GEOMETRIC,INE797A01021,2011-06-22,2017-03-10,1409,1601,3009,0,GEOMETRIC|INE797A01021|1,EQUITY,GEOMETRIC|INE797A01021|1
GEORGWILIM,,2005-01-03,2006-06-29,370,0,369,0,GEORGWILIM|NOISIN|1,UNKNOWN_NO_ISIN,GEORGWILIM|NOISIN|1
GEPIL,INE878A01011,2016-09-14,2025-08-26,2154,2888,5098,57,GEPIL|INE878A01011|1,EQUITY,AIL|INE878A01011|1
GESCOCORP,,2005-01-03,2007-11-22,720,0,719,0,GESCOCORP|NOISIN|1,UNKNOWN_NO_ISIN,GESCOCORP|NOISIN|1
GESHIP,,2006-11-27,2011-06-21,1129,472,1600,0,GESHIP|NOISIN|1,UNKNOWN_NO_ISIN,GESHIP|INE017A01032|1
GESHIP,INE017A01032,2011-06-22,2026-09-30,3768,1601,5368,0,GESHIP|INE017A01032|1,EQUITY,GESHIP|INE017A01032|1
GESHIPPING,,2005-01-03,2006-11-07,459,0,458,0,GESHIPPING|NOISIN|1,UNKNOWN_NO_ISIN,GESHIPPING|NOISIN|1
GET&D,INE200A01026,2016-09-14,2023-09-29,1684,2888,4630,59,GET&D|INE200A01026|1,EQUITY,ALSTOMT&D|INE200A01026|1
GFLLIMITED,INE538A01037,2019-07-25,2026-09-30,1726,3596,5368,11,GFLLIMITED|INE538A01037|1,EQUITY,GFLLIMITED|INE538A01037|1
GFSTEELS,INE534A01028,2020-04-13,2026-09-15,210,3768,5357,977,GFSTEELS|INE534A01028|1,EQUITY,GFSTEELS|INE534A01028|1
GHCL,,2005-01-03,2011-06-21,1601,0,1600,0,GHCL|NOISIN|1,UNKNOWN_NO_ISIN,GHCL|INE539A01019|1
GHCL,INE539A01019,2011-06-22,2026-09-30,3758,1601,5368,10,GHCL|INE539A01019|1,EQUITY,GHCL|INE539A01019|1
GHCLTEXTIL,INE0PA801013,2023-06-26,2026-09-30,805,4564,5368,0,GHCLTEXTIL|INE0PA801013|1,EQUITY,GHCLTEXTIL|INE0PA801013|1
GICHSGFIN,,2005-01-03,2011-06-21,1601,0,1600,0,GICHSGFIN|NOISIN|1,UNKNOWN_NO_ISIN,GICHSGFIN|INE289B01019|1
GICHSGFIN,INE289B01019,2011-06-22,2026-09-30,3768,1601,5368,0,GICHSGFIN|INE289B01019|1,EQUITY,GICHSGFIN|INE289B01019|1
GICL,INE947T01022,2026-03-23,2026-09-10,117,5239,5355,0,GICL|INE947T01022|1,EQUITY,GICL|INE947T01022|1
GICRE,INE481Y01014,2017-10-25,2026-09-30,2206,3163,5368,0,GICRE|INE481Y01014|1,EQUITY,GICRE|INE481Y01014|1
GILLANDERS,,2009-12-14,2011-06-21,380,1221,1600,0,GILLANDERS|NOISIN|1,UNKNOWN_NO_ISIN,GILLANDERS|INE047B01011|1
GILLANDERS,INE047B01011,2011-06-22,2026-09-30,3338,1601,5368,79,GILLANDERS|INE047B01011|1,EQUITY,GILLANDERS|INE047B01011|1
GILLETTE,,2006-04-04,2011-06-21,1289,311,1600,1,GILLETTE|NOISIN|1,UNKNOWN_NO_ISIN,GILLETTE|INE322A01010|1
GILLETTE,INE322A01010,2011-06-22,2026-09-30,3768,1601,5368,0,GILLETTE|INE322A01010|1,EQUITY,GILLETTE|INE322A01010|1
GILT10BETA,INF789F1AZF3,2025-12-24,2026-09-30,189,5180,5368,0,GILT10BETA|INF789F1AZF3|1,FUND_UNIT,GILT10BETA|INF789F1AZF3|1
GILT5BETA,INF789F1AZE6,2025-12-24,2026-09-30,179,5180,5368,2,GILT5BETA|INF789F1AZE6|1,FUND_UNIT,GILT5BETA|INF789F1AZE6|1
GILT5YBEES,INF204KC1030,2022-05-10,2026-09-30,1086,4283,5368,0,GILT5YBEES|INF204KC1030|1,FUND_UNIT,GILT5YBEES|INF204KC1030|1
GINNIFILA,,2005-01-03,2007-01-11,504,0,503,0,GINNIFILA|NOISIN|1,UNKNOWN_NO_ISIN,GINNIFILA|NOISIN|1
GINNIFILA,,2007-03-02,2007-11-29,189,536,724,0,GINNIFILA|NOISIN|2,UNKNOWN_NO_ISIN,GINNIFILA|NOISIN|2
GINNIFILA,,2008-02-29,2008-05-29,58,788,845,0,GINNIFILA|NOISIN|3,UNKNOWN_NO_ISIN,GINNIFILA|NOISIN|3
GINNIFILA,,2008-08-22,2008-12-26,83,905,987,0,GINNIFILA|NOISIN|4,UNKNOWN_NO_ISIN,GINNIFILA|NOISIN|4
GINNIFILA,,2009-03-02,2009-06-11,65,1030,1095,1,GINNIFILA|NOISIN|5,UNKNOWN_NO_ISIN,GINNIFILA|NOISIN|5
GINNIFILA,,2009-08-21,2011-06-21,437,1146,1600,18,GINNIFILA|NOISIN|6,UNKNOWN_NO_ISIN,GINNIFILA|INE424C01010|1
GINNIFILA,INE424C01010,2011-06-22,2026-07-08,3205,1601,5309,126,GINNIFILA|INE424C01010|1,EQUITY,GINNIFILA|INE424C01010|1
GIPCL,,2005-01-03,2011-06-21,1601,0,1600,0,GIPCL|NOISIN|1,UNKNOWN_NO_ISIN,GIPCL|INE162A01010|1
GIPCL,INE162A01010,2011-06-22,2026-09-30,3768,1601,5368,0,GIPCL|INE162A01010|1,EQUITY,GIPCL|INE162A01010|1
GISOLUTION,,2009-01-30,2009-06-11,85,1010,1095,1,GISOLUTION|NOISIN|1,UNKNOWN_NO_ISIN,GISOLUTION|NOISIN|1
GISOLUTION,,2009-08-21,2009-12-10,60,1146,1219,14,GISOLUTION|NOISIN|2,UNKNOWN_NO_ISIN,GISOLUTION|NOISIN|2
GISOLUTION,,2010-02-19,2010-11-11,184,1265,1449,1,GISOLUTION|NOISIN|3,UNKNOWN_NO_ISIN,GISOLUTION|NOISIN|3
GISOLUTION,,2011-03-07,2011-06-21,73,1527,1600,1,GISOLUTION|NOISIN|4,UNKNOWN_NO_ISIN,GISOLUTION|INE065J01016|1
GISOLUTION,INE065J01016,2011-06-22,2023-04-06,770,1601,4510,353,GISOLUTION|INE065J01016|1,EQUITY,GISOLUTION|INE065J01016|1
GITANJALI,,2006-03-10,2011-06-21,1306,295,1600,0,GITANJALI|NOISIN|1,UNKNOWN_NO_ISIN,GITANJALI|INE346H01014|1
GITANJALI,INE346H01014,2011-06-22,2018-04-26,1688,1601,3288,0,GITANJALI|INE346H01014|1,EQUITY,GITANJALI|INE346H01014|1
GKB,,2010-03-02,2011-06-21,315,1271,1600,2,GKB|NOISIN|1,UNKNOWN_NO_ISIN,GKB|INE265D01015|1
GKB,INE265D01015,2011-06-22,2026-09-30,597,1601,5368,2848,GKB|INE265D01015|1,EQUITY,GKB|INE265D01015|1
GKENERGY,INE1AG301022,2025-09-26,2026-09-30,249,5120,5368,0,GKENERGY|INE1AG301022|1,EQUITY,GKENERGY|INE1AG301022|1
GKSL,INE0V0W01025,2025-12-30,2026-09-30,186,5183,5368,0,GKSL|INE0V0W01025|1,EQUITY,GKSL|INE0V0W01025|1
GKW,,2005-01-03,2005-02-24,37,0,36,0,GKW|NOISIN|1,UNKNOWN_NO_ISIN,GKW|NOISIN|1
GKW,,2006-06-12,2007-09-06,310,356,665,0,GKW|NOISIN|2,UNKNOWN_NO_ISIN,GKW|NOISIN|2
GKW,,2007-12-03,2009-06-23,374,726,1103,1,GKW|NOISIN|3,UNKNOWN_NO_ISIN,GKW|NOISIN|3
GKWLIMITED,,2009-07-20,2009-08-20,24,1122,1145,0,GKWLIMITED|NOISIN|1,UNKNOWN_NO_ISIN,GKWLIMITED|NOISIN|1
GKWLIMITED,,2009-11-20,2010-04-29,105,1205,1310,1,GKWLIMITED|NOISIN|2,UNKNOWN_NO_ISIN,GKWLIMITED|NOISIN|2
GKWLIMITED,,2010-06-11,2011-06-21,260,1341,1600,0,GKWLIMITED|NOISIN|3,UNKNOWN_NO_ISIN,GKWLIMITED|INE528A01020|1
GKWLIMITED,INE528A01020,2011-06-22,2026-09-30,3328,1601,5368,76,GKWLIMITED|INE528A01020|1,EQUITY,GKWLIMITED|INE528A01020|1
GLAND,INE068V01023,2020-11-20,2026-09-30,1447,3922,5368,0,GLAND|INE068V01023|1,EQUITY,GLAND|INE068V01023|1
GLASSWALL,INE644Q01039,2026-09-16,2026-09-30,11,5358,5368,0,GLASSWALL|INE644Q01039|1,EQUITY,GLASSWALL|INE644Q01039|1
GLAXO,,2005-01-03,2011-06-21,1600,0,1600,1,GLAXO|NOISIN|1,UNKNOWN_NO_ISIN,GLAXO|INE159A01016|1
GLAXO,INE159A01016,2011-06-22,2026-09-30,3768,1601,5368,0,GLAXO|INE159A01016|1,EQUITY,GLAXO|INE159A01016|1
GLENMARK,,2005-01-03,2011-06-21,1601,0,1600,0,GLENMARK|NOISIN|1,UNKNOWN_NO_ISIN,GLENMARK|INE935A01035|1
GLENMARK,INE935A01035,2011-06-22,2026-09-30,3768,1601,5368,0,GLENMARK|INE935A01035|1,EQUITY,GLENMARK|INE935A01035|1
GLFL,,2005-07-08,2006-06-29,240,130,369,0,GLFL|NOISIN|1,UNKNOWN_NO_ISIN,GLFL|NOISIN|1
GLFL,,2006-08-28,2007-07-12,216,410,626,1,GLFL|NOISIN|2,UNKNOWN_NO_ISIN,GLFL|NOISIN|2
GLFL,,2008-02-29,2008-05-02,40,788,827,0,GLFL|NOISIN|3,UNKNOWN_NO_ISIN,GLFL|NOISIN|3
GLFL,,2008-06-13,2010-05-27,451,856,1330,18,GLFL|NOISIN|4,UNKNOWN_NO_ISIN,GLFL|NOISIN|4
GLFL,,2010-08-20,2010-09-16,19,1391,1409,0,GLFL|NOISIN|5,UNKNOWN_NO_ISIN,GLFL|NOISIN|5
GLFL,,2010-12-03,2011-06-21,133,1464,1600,1,GLFL|NOISIN|6,UNKNOWN_NO_ISIN,GLFL|INE540A01017|1
GLFL,INE540A01017,2011-06-22,2026-09-30,1321,1601,5368,715,GLFL|INE540A01017|1,EQUITY,GLFL|INE540A01017|1
GLOBAL,INE291W01011,2020-12-07,2022-10-18,406,3932,4394,57,GLOBAL|INE291W01011|1,EQUITY,GLOBAL|INE291W01011|1
GLOBAL,INE291W01029,2022-10-19,2024-12-09,389,4395,4921,72,GLOBAL|INE291W01029|1,EQUITY,GLOBAL|INE291W01011|1
GLOBAL,INE291W01037,2024-12-10,2026-09-30,320,4922,5368,65,GLOBAL|INE291W01037|1,EQUITY,GLOBAL|INE291W01011|1
GLOBALE,INE0URU01010,2024-09-10,2026-09-30,218,4860,5368,221,GLOBALE|INE0URU01010|1,EQUITY,GLOBALE|INE0URU01010|1
GLOBALTELE,,2005-01-03,2005-01-13,9,0,8,0,GLOBALTELE|NOISIN|1,UNKNOWN_NO_ISIN,GLOBALTELE|NOISIN|1
GLOBALVECT,,2006-10-27,2008-08-21,454,451,904,0,GLOBALVECT|NOISIN|1,UNKNOWN_NO_ISIN,GLOBALVECT|NOISIN|1
GLOBALVECT,,2008-12-01,2008-12-26,18,970,987,0,GLOBALVECT|NOISIN|2,UNKNOWN_NO_ISIN,GLOBALVECT|NOISIN|2
GLOBALVECT,,2009-03-02,2009-05-28,55,1030,1085,1,GLOBALVECT|NOISIN|3,UNKNOWN_NO_ISIN,GLOBALVECT|NOISIN|3
GLOBALVECT,,2009-11-20,2010-03-18,79,1205,1283,0,GLOBALVECT|NOISIN|4,UNKNOWN_NO_ISIN,GLOBALVECT|NOISIN|4
GLOBALVECT,,2010-06-11,2011-06-21,260,1341,1600,0,GLOBALVECT|NOISIN|5,UNKNOWN_NO_ISIN,GLOBALVECT|INE792H01019|1
GLOBALVECT,INE792H01019,2011-06-22,2026-09-30,2863,1601,5368,295,GLOBALVECT|INE792H01019|1,EQUITY,GLOBALVECT|INE792H01019|1
GLOBE,INE581X01013,2020-10-07,2021-02-01,80,3891,3970,0,GLOBE|INE581X01013|1,EQUITY,GLOBE|INE581X01013|1
GLOBE,INE581X01021,2021-10-12,2026-09-30,901,4142,5368,133,GLOBE|INE581X01021|1,EQUITY,GLOBE|INE581X01021|1
GLOBECIVIL,INE0V3U01015,2025-07-15,2026-09-30,237,5069,5368,63,GLOBECIVIL|INE0V3U01015|1,EQUITY,GLOBECIVIL|INE0V3U01015|1
GLOBOFFS,,2011-06-07,2011-06-21,11,1590,1600,0,GLOBOFFS|NOISIN|1,UNKNOWN_NO_ISIN,GARWOFFS|NOISIN|2
GLOBOFFS,INE446C01013,2011-06-22,2021-03-12,2068,1601,3998,72,GLOBOFFS|INE446C01013|1,EQUITY,GARWOFFS|NOISIN|2
GLOBUSSPR,,2009-09-23,2011-06-21,433,1168,1600,0,GLOBUSSPR|NOISIN|1,UNKNOWN_NO_ISIN,GLOBUSSPR|INE615I01010|1
GLOBUSSPR,INE615I01010,2011-06-22,2026-09-30,3640,1601,5368,76,GLOBUSSPR|INE615I01010|1,EQUITY,GLOBUSSPR|INE615I01010|1
GLODYNE,,2007-11-19,2011-06-21,884,716,1600,1,GLODYNE|NOISIN|1,UNKNOWN_NO_ISIN,GLODYNE|INE932G01021|1
GLODYNE,INE932G01021,2011-06-22,2014-11-05,791,1601,2430,23,GLODYNE|INE932G01021|1,EQUITY,GLODYNE|INE932G01021|1
GLORY,,2007-06-18,2008-03-07,185,608,792,0,GLORY|NOISIN|1,UNKNOWN_NO_ISIN,GLORY|NOISIN|1
GLORY,,2008-06-13,2008-10-03,78,856,933,0,GLORY|NOISIN|2,UNKNOWN_NO_ISIN,GLORY|NOISIN|2
GLORY,,2008-12-01,2011-06-16,628,970,1597,0,GLORY|NOISIN|3,UNKNOWN_NO_ISIN,GLORY|NOISIN|3
GLORY,INE408H01012,2011-09-06,2014-05-16,526,1652,2316,69,GLORY|INE408H01012|1,EQUITY,GLORY|INE408H01012|1
GLOSTERLTD,INE350Z01018,2024-04-26,2026-09-30,601,4768,5368,0,GLOSTERLTD|INE350Z01018|1,EQUITY,GLOSTERLTD|INE350Z01018|1
GLOTTIS,INE0TQE01026,2025-10-07,2026-09-30,180,5126,5368,63,GLOTTIS|INE0TQE01026|1,EQUITY,GLOTTIS|INE0TQE01026|1
GLS,INE03Q201024,2021-08-06,2025-01-17,853,4097,4949,0,GLS|INE03Q201024|1,EQUITY,ALIVUS|INE03Q201024|1
GMBREW,,2005-01-03,2005-07-07,130,0,129,0,GMBREW|NOISIN|1,UNKNOWN_NO_ISIN,GMBREW|NOISIN|1
GMBREW,,2005-11-25,2010-08-19,1166,223,1390,1,GMBREW|NOISIN|2,UNKNOWN_NO_ISIN,GMBREW|NOISIN|2
GMBREW,,2010-12-03,2011-06-21,137,1464,1600,0,GMBREW|NOISIN|3,UNKNOWN_NO_ISIN,GMBREW|INE075D01018|1
GMBREW,INE075D01018,2011-06-22,2026-09-30,3745,1601,5368,21,GMBREW|INE075D01018|1,EQUITY,GMBREW|INE075D01018|1
GMDCLTD,,2005-01-03,2011-06-21,1601,0,1600,0,GMDCLTD|NOISIN|1,UNKNOWN_NO_ISIN,GMDCLTD|INE131A01031|1
GMDCLTD,INE131A01031,2011-06-22,2026-09-30,3768,1601,5368,0,GMDCLTD|INE131A01031|1,EQUITY,GMDCLTD|INE131A01031|1
GMMPFAUDLR,INE541A01023,2018-03-05,2026-09-30,2117,3252,5368,0,GMMPFAUDLR|INE541A01023|1,EQUITY,GMMPFAUDLR|INE541A01023|1
GMRAIRPORT,INE776C01039,2024-12-11,2026-09-30,446,4923,5368,0,GMRAIRPORT|INE776C01039|1,EQUITY,GMRAIRPORT|INE776C01039|1
GMRFER,,2008-06-30,2010-06-01,466,867,1333,1,GMRFER|NOISIN|1,UNKNOWN_NO_ISIN,CRONIMET|INE592I01011|1
GMRINDS,,2007-09-24,2007-11-29,48,677,724,0,GMRINDS|NOISIN|1,UNKNOWN_NO_ISIN,GMRINDS|NOISIN|1
GMRINDS,,2008-02-29,2009-03-05,246,788,1033,0,GMRINDS|NOISIN|2,UNKNOWN_NO_ISIN,GMRINDS|NOISIN|2
GMRINDS,,2009-06-12,2009-09-17,70,1096,1165,0,GMRINDS|NOISIN|3,UNKNOWN_NO_ISIN,GMRINDS|NOISIN|3
GMRINDS,,2009-11-20,2009-12-24,25,1205,1229,0,GMRINDS|NOISIN|4,UNKNOWN_NO_ISIN,GMRINDS|NOISIN|4
GMRINDS,,2010-02-19,2010-10-14,165,1265,1429,0,GMRINDS|NOISIN|5,UNKNOWN_NO_ISIN,GMRINDS|NOISIN|5
GMRINDSTRS,,2006-04-28,2006-06-09,30,326,355,0,GMRINDSTRS|NOISIN|1,UNKNOWN_NO_ISIN,GMRINDSTRS|NOISIN|1
GMRINDSTRS,,2006-08-28,2007-07-12,217,410,626,0,GMRINDSTRS|NOISIN|2,UNKNOWN_NO_ISIN,GMRINDSTRS|NOISIN|2
GMRINFRA,,2006-08-21,2011-06-21,1196,405,1600,0,GMRINFRA|NOISIN|1,UNKNOWN_NO_ISIN,GMRAIRPORT|INE776C01039|1
GMRINFRA,INE776C01039,2011-06-22,2024-12-10,3322,1601,4922,0,GMRINFRA|INE776C01039|1,EQUITY,GMRAIRPORT|INE776C01039|1
GMRP&UI,INE0CU601026,2022-04-06,2026-09-30,1107,4262,5368,0,GMRP&UI|INE0CU601026|1,EQUITY,GMRP&UI|INE0CU601026|1
GNA,INE934S01014,2016-10-10,2026-09-30,2463,2906,5368,0,GNA|INE934S01014|1,EQUITY,GNA|INE934S01014|1
GNFC,,2005-01-03,2011-06-21,1601,0,1600,0,GNFC|NOISIN|1,UNKNOWN_NO_ISIN,GNFC|INE113A01013|1
GNFC,INE113A01013,2011-06-22,2026-09-30,3768,1601,5368,0,GNFC|INE113A01013|1,EQUITY,GNFC|INE113A01013|1
GNRL,INE207H01018,2026-04-20,2026-09-30,114,5255,5368,0,GNRL|INE207H01018|1,EQUITY,GNRL|INE207H01018|1
GOACARBON,,2007-06-05,2008-01-10,154,599,752,0,GOACARBON|NOISIN|1,UNKNOWN_NO_ISIN,GOACARBON|NOISIN|1
GOACARBON,,2008-02-29,2008-04-21,32,788,819,0,GOACARBON|NOISIN|2,UNKNOWN_NO_ISIN,GOACARBON|NOISIN|2
GOACARBON,,2008-06-13,2008-08-21,49,856,904,0,GOACARBON|NOISIN|3,UNKNOWN_NO_ISIN,GOACARBON|NOISIN|3
GOACARBON,,2008-12-01,2011-06-21,630,970,1600,1,GOACARBON|NOISIN|4,UNKNOWN_NO_ISIN,GOACARBON|INE426D01013|1
GOACARBON,INE426D01013,2011-06-22,2026-09-30,3589,1601,5368,48,GOACARBON|INE426D01013|1,EQUITY,GOACARBON|INE426D01013|1
GOCLCORP,INE077F01035,2015-11-10,2026-09-30,2688,2681,5368,0,GOCLCORP|INE077F01035|1,EQUITY,GOCLCORP|INE077F01035|1
GOCOLORS,INE0BJS01011,2021-11-30,2026-09-30,1195,4174,5368,0,GOCOLORS|INE0BJS01011|1,EQUITY,GOCOLORS|INE0BJS01011|1
GODAVARIB,INE497S01012,2024-10-30,2026-09-30,355,4895,5368,61,GODAVARIB|INE497S01012|1,EQUITY,GODAVARIB|INE497S01012|1
GODAVRFERT,,2005-01-03,2007-03-01,536,0,535,0,GODAVRFERT|NOISIN|1,UNKNOWN_NO_ISIN,GODAVRFERT|NOISIN|1
GODAVRFERT,,2007-06-08,2008-02-14,176,602,777,0,GODAVRFERT|NOISIN|2,UNKNOWN_NO_ISIN,GODAVRFERT|NOISIN|2
GODFRYPHLP,,2005-01-03,2011-06-21,1598,0,1600,1,GODFRYPHLP|NOISIN|1,UNKNOWN_NO_ISIN,GODFRYPHLP|INE260B01010|1
GODFRYPHLP,INE260B01010,2011-06-22,2014-11-28,846,1601,2446,0,GODFRYPHLP|INE260B01010|1,EQUITY,GODFRYPHLP|INE260B01010|1
GODFRYPHLP,INE260B01028,2014-12-01,2026-09-30,2922,2447,5368,0,GODFRYPHLP|INE260B01028|1,EQUITY,GODFRYPHLP|INE260B01010|1
GODHA,INE925Y01010,2020-12-24,2022-01-27,96,3945,4215,173,GODHA|INE925Y01010|1,EQUITY,GODHA|INE925Y01010|1
GODHA,INE925Y01036,2022-06-21,2025-10-16,357,4313,5133,226,GODHA|INE925Y01036|1,EQUITY,AURIGROW|INE925Y01036|1
GODIGIT,INE03JT01014,2024-05-23,2026-09-30,584,4785,5368,0,GODIGIT|INE03JT01014|1,EQUITY,GODIGIT|INE03JT01014|1
GODREJAGRO,INE850D01014,2017-10-16,2026-09-30,2212,3157,5368,0,GODREJAGRO|INE850D01014|1,EQUITY,GODREJAGRO|INE850D01014|1
GODREJCP,,2005-01-03,2011-06-21,1601,0,1600,0,GODREJCP|NOISIN|1,UNKNOWN_NO_ISIN,GODREJCP|INE102D01028|1
GODREJCP,INE102D01028,2011-06-22,2026-09-30,3768,1601,5368,0,GODREJCP|INE102D01028|1,EQUITY,GODREJCP|INE102D01028|1
GODREJIND,,2005-01-03,2011-06-21,1601,0,1600,0,GODREJIND|NOISIN|1,UNKNOWN_NO_ISIN,GODREJIND|INE233A01035|1
GODREJIND,INE233A01035,2011-06-22,2026-09-30,3768,1601,5368,0,GODREJIND|INE233A01035|1,EQUITY,GODREJIND|INE233A01035|1
GODREJPROP,,2010-01-05,2011-06-21,367,1234,1600,0,GODREJPROP|NOISIN|1,UNKNOWN_NO_ISIN,GODREJPROP|INE484J01019|1
GODREJPROP,INE484J01019,2011-06-22,2013-11-21,598,1601,2198,0,GODREJPROP|INE484J01019|1,EQUITY,GODREJPROP|INE484J01019|1
GODREJPROP,INE484J01027,2013-11-22,2026-09-30,3170,2199,5368,0,GODREJPROP|INE484J01027|1,EQUITY,GODREJPROP|INE484J01019|1
GOENKA,,2010-04-16,2011-06-21,300,1301,1600,0,GOENKA|NOISIN|1,UNKNOWN_NO_ISIN,GOENKA|INE516K01016|1
GOENKA,INE516K01016,2011-06-22,2012-10-26,334,1601,1934,0,GOENKA|INE516K01016|1,EQUITY,GOENKA|INE516K01016|1
GOENKA,INE516K01024,2012-10-29,2014-09-23,471,1935,2405,0,GOENKA|INE516K01024|1,EQUITY,GOENKA|INE516K01016|1
GOETZEIND,,2005-01-03,2006-09-11,421,0,420,0,GOETZEIND|NOISIN|1,UNKNOWN_NO_ISIN,FMGOETZE|NOISIN|1
GOKEX,,2005-04-27,2009-04-02,973,78,1051,1,GOKEX|NOISIN|1,UNKNOWN_NO_ISIN,GOKEX|NOISIN|1
GOKEX,,2009-08-21,2011-03-17,390,1146,1535,0,GOKEX|NOISIN|2,UNKNOWN_NO_ISIN,GOKEX|NOISIN|2
GOKEX,,2011-06-17,2011-06-21,3,1598,1600,0,GOKEX|NOISIN|3,UNKNOWN_NO_ISIN,GOKEX|INE887G01027|1
GOKEX,INE887G01027,2011-06-22,2026-09-30,3647,1601,5368,50,GOKEX|INE887G01027|1,EQUITY,GOKEX|INE887G01027|1
GOKUL,,2008-06-04,2011-06-21,751,849,1600,1,GOKUL|NOISIN|1,UNKNOWN_NO_ISIN,GOKUL|INE020J01029|1
GOKUL,INE020J01029,2011-06-22,2026-09-30,3303,1601,5368,114,GOKUL|INE020J01029|1,EQUITY,GOKUL|INE020J01029|1
GOKULAGRO,INE314T01025,2016-03-29,2025-10-13,2099,2774,5130,63,GOKULAGRO|INE314T01025|1,EQUITY,GOKULAGRO|INE314T01025|1
GOKULAGRO,INE314T01033,2025-10-14,2026-09-30,238,5131,5368,0,GOKULAGRO|INE314T01033|1,EQUITY,GOKULAGRO|INE314T01025|1
GOLD1,INF174KA1HJ8,2024-04-16,2026-09-30,608,4761,5368,0,GOLD1|INF174KA1HJ8|1,FUND_UNIT,GOLD1|INF174KA1HJ8|1
GOLD360,INF579M01BB5,2025-03-17,2026-09-30,381,4988,5368,0,GOLD360|INF579M01BB5|1,FUND_UNIT,GOLD360|INF579M01BB5|1
GOLDADD,INF740KA1SW3,2025-12-15,2026-08-27,173,5173,5345,0,GOLDADD|INF740KA1SW3|1,FUND_UNIT,DSPGOLDETF|INF740KA1SW3|1
GOLDADD,INF740KA1ZP2,2026-08-28,2026-09-30,23,5346,5368,0,GOLDADD|INF740KA1ZP2|1,FUND_UNIT,GOLDADD|INF740KA1ZP2|1
GOLDAXIS,INF846K01W80,2026-07-03,2026-09-30,63,5306,5368,0,GOLDAXIS|INF846K01W80|1,FUND_UNIT,AXISGOLD|INF846K01W80|1
GOLDBEES,,2007-03-19,2011-06-21,1054,547,1600,0,GOLDBEES|NOISIN|1,UNKNOWN_NO_ISIN,GOLDBEES|INF732E01102|1
GOLDBEES,INF204KB17I5,2019-12-20,2026-09-30,1676,3693,5368,0,GOLDBEES|INF204KB17I5|1,FUND_UNIT,GOLDBEES|INF204KB17I5|1
GOLDBEES,INF732E01102,2011-06-22,2019-12-19,2092,1601,3692,0,GOLDBEES|INF732E01102|1,FUND_UNIT,GOLDBEES|INF732E01102|1
GOLDBETA,INF789F1AUX7,2025-12-24,2026-09-30,189,5180,5368,0,GOLDBETA|INF789F1AUX7|1,FUND_UNIT,GOLDBETA|INF789F1AUX7|1
GOLDBND,INF194KB1KJ7,2025-12-12,2026-09-30,197,5172,5368,0,GOLDBND|INF194KB1KJ7|1,FUND_UNIT,GOLDBND|INF194KB1KJ7|1
GOLDCASE,INF0R8F01042,2024-03-01,2026-09-30,636,4733,5368,0,GOLDCASE|INF0R8F01042|1,FUND_UNIT,GOLDCASE|INF0R8F01042|1
GOLDENTOBC,,2008-09-29,2009-06-11,166,930,1095,0,GOLDENTOBC|NOISIN|1,UNKNOWN_NO_ISIN,GOLDENTOBC|NOISIN|1
GOLDENTOBC,,2009-08-21,2009-11-26,64,1146,1209,0,GOLDENTOBC|NOISIN|2,UNKNOWN_NO_ISIN,GOLDENTOBC|NOISIN|2
GOLDENTOBC,,2010-02-19,2011-06-21,336,1265,1600,0,GOLDENTOBC|NOISIN|3,UNKNOWN_NO_ISIN,GOLDENTOBC|INE973A01010|1
GOLDENTOBC,INE973A01010,2011-06-22,2022-06-14,1856,1601,4308,507,GOLDENTOBC|INE973A01010|1,EQUITY,GOLDENTOBC|INE973A01010|1
GOLDETF,INF769K01JP9,2023-09-01,2026-09-30,758,4611,5368,0,GOLDETF|INF769K01JP9|1,FUND_UNIT,GOLDETF|INF769K01JP9|1
GOLDETFADD,INF740KA1SW3,2024-02-15,2025-12-12,451,4722,5172,0,GOLDETFADD|INF740KA1SW3|1,FUND_UNIT,DSPGOLDETF|INF740KA1SW3|1
GOLDIAM,,2005-08-29,2007-03-01,372,164,535,0,GOLDIAM|NOISIN|1,UNKNOWN_NO_ISIN,GOLDIAM|NOISIN|1
GOLDIAM,,2007-06-08,2007-12-28,142,602,743,0,GOLDIAM|NOISIN|2,UNKNOWN_NO_ISIN,GOLDIAM|NOISIN|2
GOLDIAM,,2008-02-29,2009-04-17,271,788,1058,0,GOLDIAM|NOISIN|3,UNKNOWN_NO_ISIN,GOLDIAM|NOISIN|3
GOLDIAM,,2009-08-21,2010-08-19,231,1146,1390,14,GOLDIAM|NOISIN|4,UNKNOWN_NO_ISIN,GOLDIAM|NOISIN|4
GOLDIAM,,2010-12-03,2011-06-21,135,1464,1600,1,GOLDIAM|NOISIN|5,UNKNOWN_NO_ISIN,GOLDIAM|INE025B01017|1
GOLDIAM,INE025B01017,2011-06-22,2022-03-28,2633,1601,4255,11,GOLDIAM|INE025B01017|1,EQUITY,GOLDIAM|INE025B01017|1
GOLDIAM,INE025B01025,2022-03-29,2026-09-30,1113,4256,5368,0,GOLDIAM|INE025B01025|1,EQUITY,GOLDIAM|INE025B01017|1
GOLDIETF,INF109KC1NT3,2023-12-20,2026-09-30,685,4684,5368,0,GOLDIETF|INF109KC1NT3|1,FUND_UNIT,GOLDIETF|INF109KC1NT3|1
GOLDINFRA,,2008-02-29,2008-06-12,68,788,855,0,GOLDINFRA|NOISIN|1,UNKNOWN_NO_ISIN,GOLDINFRA|NOISIN|1
GOLDINFRA,,2008-08-22,2011-06-21,694,905,1600,1,GOLDINFRA|NOISIN|2,UNKNOWN_NO_ISIN,GOLDINFRA|INE260D01016|1
GOLDINFRA,INE260D01016,2011-06-22,2018-07-25,1635,1601,3351,56,GOLDINFRA|INE260D01016|1,EQUITY,GOLDINFRA|INE260D01016|1
GOLDIWIN,INF109KB1WF4,2016-07-25,2018-04-09,422,2854,3275,0,GOLDIWIN|INF109KB1WF4|1,FUND_UNIT,GOLDIWIN|INF109KB1WF4|1
GOLDSHARE,,2007-04-17,2011-06-21,1035,566,1600,0,GOLDSHARE|NOISIN|1,UNKNOWN_NO_ISIN,GOLDSHARE|INF789F01059|1
GOLDSHARE,INF789F01059,2011-06-22,2021-03-25,2407,1601,4007,0,GOLDSHARE|INF789F01059|1,FUND_UNIT,GOLDSHARE|INF789F01059|1
GOLDSHARE,INF789F1AUX7,2021-03-26,2025-12-23,1172,4008,5179,0,GOLDSHARE|INF789F1AUX7|1,FUND_UNIT,GOLDBETA|INF789F1AUX7|1
GOLDTECH,,2005-01-03,2005-09-01,168,0,167,0,GOLDTECH|NOISIN|1,UNKNOWN_NO_ISIN,GOLDTECH|NOISIN|1
GOLDTECH,,2006-06-12,2007-11-15,359,356,714,0,GOLDTECH|NOISIN|2,UNKNOWN_NO_ISIN,GOLDTECH|NOISIN|2
GOLDTECH,,2008-02-29,2011-06-21,793,788,1600,19,GOLDTECH|NOISIN|3,UNKNOWN_NO_ISIN,GOLDTECH|INE805A01014|1
GOLDTECH,INE805A01014,2011-06-22,2026-07-01,2843,1601,5304,161,GOLDTECH|INE805A01014|1,EQUITY,GOLDTECH|INE805A01014|1
GOLDTELE,,2005-07-08,2005-09-22,52,130,181,0,GOLDTELE|NOISIN|1,UNKNOWN_NO_ISIN,GOLDTELE|NOISIN|1
GOLDTELE,,2005-11-25,2006-04-27,103,223,325,0,GOLDTELE|NOISIN|2,UNKNOWN_NO_ISIN,GOLDTELE|NOISIN|2
GOLDTELE,,2006-06-12,2007-07-26,281,356,636,0,GOLDTELE|NOISIN|3,UNKNOWN_NO_ISIN,GOLDTELE|NOISIN|3
GOLDTELE,,2007-08-31,2008-02-28,127,661,787,0,GOLDTELE|NOISIN|4,UNKNOWN_NO_ISIN,GOLDINFRA|NOISIN|1
GOODLASNER,,2005-01-03,2006-07-25,388,0,387,0,GOODLASNER|NOISIN|1,UNKNOWN_NO_ISIN,GOODLASNER|NOISIN|1
GOODLUCK,INE127I01024,2015-01-08,2026-09-30,2778,2474,5368,62,GOODLUCK|INE127I01024|1,EQUITY,GOODLUCK|INE127I01024|1
GOODYEAR,INE533A01012,2020-10-05,2026-09-30,872,3889,5368,608,GOODYEAR|INE533A01012|1,EQUITY,GOODYEAR|INE533A01012|1
GOPAL,INE0L9R01028,2024-03-14,2026-09-30,628,4741,5368,0,GOPAL|INE0L9R01028|1,EQUITY,GOPAL|INE0L9R01028|1
GOYALALUM,INE705X01018,2022-11-04,2023-03-09,87,4406,4492,0,GOYALALUM|INE705X01018|1,EQUITY,GOYALALUM|INE705X01018|1
GOYALALUM,INE705X01026,2023-05-23,2026-09-30,500,4540,5368,270,GOYALALUM|INE705X01026|1,EQUITY,GOYALALUM|INE705X01026|1
GPELECT,,2005-01-03,2005-03-24,57,0,56,0,GPELECT|NOISIN|1,UNKNOWN_NO_ISIN,GPELECT|NOISIN|1
GPELECT,,2005-07-08,2005-07-29,15,130,144,0,GPELECT|NOISIN|2,UNKNOWN_NO_ISIN,GPELECT|NOISIN|2
GPELECT,,2006-06-12,2007-08-16,117,356,650,20,GPELECT|NOISIN|3,UNKNOWN_NO_ISIN,GPELECT|NOISIN|3
GPELECT,,2008-03-03,2008-05-28,25,789,844,9,GPELECT|NOISIN|4,UNKNOWN_NO_ISIN,GPELECT|NOISIN|4
GPELECT,,2008-08-25,2008-09-19,9,906,924,4,GPELECT|NOISIN|5,UNKNOWN_NO_ISIN,GPELECT|NOISIN|5
GPELECT,,2008-10-24,2008-11-21,3,947,965,9,GPELECT|NOISIN|6,UNKNOWN_NO_ISIN,GPELECT|NOISIN|6
GPIL,,2006-04-25,2007-06-07,279,323,601,0,GPIL|NOISIN|1,UNKNOWN_NO_ISIN,GPIL|NOISIN|1
GPIL,,2007-08-31,2011-06-21,940,661,1600,0,GPIL|NOISIN|2,UNKNOWN_NO_ISIN,GPIL|INE177H01013|1
GPIL,INE177H01013,2011-06-22,2021-10-26,2416,1601,4151,68,GPIL|INE177H01013|1,EQUITY,GPIL|INE177H01013|1
GPIL,INE177H01021,2021-10-27,2024-10-03,721,4152,4876,4,GPIL|INE177H01021|1,EQUITY,GPIL|INE177H01013|1
GPIL,INE177H01039,2024-10-04,2026-09-30,492,4877,5368,0,GPIL|INE177H01039|1,EQUITY,GPIL|INE177H01013|1
GPPL,,2010-09-09,2011-06-21,196,1405,1600,0,GPPL|NOISIN|1,UNKNOWN_NO_ISIN,GPPL|INE517F01014|1
GPPL,INE517F01014,2011-06-22,2026-09-30,3768,1601,5368,0,GPPL|INE517F01014|1,EQUITY,GPPL|INE517F01014|1
GPTHEALTH,INE486R01017,2024-02-29,2026-09-30,637,4732,5368,0,GPTHEALTH|INE486R01017|1,EQUITY,GPTHEALTH|INE486R01017|1
GPTINFRA,INE390G01014,2016-07-11,2026-09-30,2261,2844,5368,171,GPTINFRA|INE390G01014|1,EQUITY,GPTINFRA|INE390G01014|1
GRABALALK,,2008-04-08,2008-11-19,120,812,963,4,GRABALALK|NOISIN|1,UNKNOWN_NO_ISIN,GRABALALK|NOISIN|1
GRABALALK,,2009-03-02,2011-06-21,471,1030,1600,19,GRABALALK|NOISIN|2,UNKNOWN_NO_ISIN,GRABALALK|INE012D01011|1
GRABALALK,INE012D01011,2011-06-22,2012-03-12,161,1601,1778,2,GRABALALK|INE012D01011|1,EQUITY,GRABALALK|INE012D01011|1
GRADIENTE,INE361K01017,2026-05-22,2026-09-15,57,5278,5357,23,GRADIENTE|INE361K01017|1,EQUITY,GRADIENTE|INE361K01017|1
GRANDFONRY,,2005-01-03,2005-02-03,22,0,21,0,GRANDFONRY|NOISIN|1,UNKNOWN_NO_ISIN,GRANDFONRY|NOISIN|1
GRANDFONRY,,2005-04-08,2005-04-15,5,66,70,0,GRANDFONRY|NOISIN|2,UNKNOWN_NO_ISIN,GRANDFONRY|NOISIN|2
GRANDFONRY,,2005-07-08,2005-07-21,10,130,139,0,GRANDFONRY|NOISIN|3,UNKNOWN_NO_ISIN,GRANDFONRY|NOISIN|3
GRANDOAK,INE926B01016,2026-04-20,2026-09-30,114,5255,5368,0,GRANDOAK|INE926B01016|1,EQUITY,GRANDOAK|INE926B01016|1
GRANULES,,2005-06-20,2011-06-21,1484,116,1600,1,GRANULES|NOISIN|1,UNKNOWN_NO_ISIN,GRANULES|INE101D01012|1
GRANULES,INE101D01012,2011-06-22,2015-03-23,923,1601,2523,0,GRANULES|INE101D01012|1,EQUITY,GRANULES|INE101D01012|1
GRANULES,INE101D01020,2015-03-24,2026-09-30,2845,2524,5368,0,GRANULES|INE101D01020|1,EQUITY,GRANULES|INE101D01012|1
GRAPHITE,,2005-01-03,2011-06-21,1601,0,1600,0,GRAPHITE|NOISIN|1,UNKNOWN_NO_ISIN,GRAPHITE|INE371A01025|1
GRAPHITE,INE371A01025,2011-06-22,2026-09-30,3768,1601,5368,0,GRAPHITE|INE371A01025|1,EQUITY,GRAPHITE|INE371A01025|1
GRASIM,,2005-01-03,2011-06-21,1601,0,1600,0,GRASIM|NOISIN|1,UNKNOWN_NO_ISIN,GRASIM|INE047A01013|1
GRASIM,INE047A01013,2011-06-22,2016-10-06,1304,1601,2904,0,GRASIM|INE047A01013|1,EQUITY,GRASIM|INE047A01013|1
GRASIM,INE047A01021,2016-10-07,2026-09-30,2464,2905,5368,0,GRASIM|INE047A01021|1,EQUITY,GRASIM|INE047A01013|1
GRAUWEIL,INE266D01021,2021-08-05,2026-09-30,665,4096,5368,608,GRAUWEIL|INE266D01021|1,EQUITY,GRAUWEIL|INE266D01021|1
GRAVISSHO,INE214F01026,2026-04-20,2026-09-16,103,5255,5358,1,GRAVISSHO|INE214F01026|1,EQUITY,GRAVISSHO|INE214F01026|1
GRAVITA,,2010-11-16,2011-06-21,149,1452,1600,0,GRAVITA|NOISIN|1,UNKNOWN_NO_ISIN,GRAVITA|INE024L01019|1
GRAVITA,INE024L01019,2011-06-22,2012-05-25,229,1601,1829,0,GRAVITA|INE024L01019|1,EQUITY,GRAVITA|INE024L01019|1
GRAVITA,INE024L01027,2012-05-28,2026-09-30,3477,1830,5368,62,GRAVITA|INE024L01027|1,EQUITY,GRAVITA|INE024L01019|1
GREAVESCOT,,2005-01-03,2011-06-21,1600,0,1600,1,GREAVESCOT|NOISIN|1,UNKNOWN_NO_ISIN,GREAVESCOT|INE224A01026|1
GREAVESCOT,INE224A01026,2011-06-22,2026-09-30,3768,1601,5368,0,GREAVESCOT|INE224A01026|1,EQUITY,GREAVESCOT|INE224A01026|1
GREENFIRE,INE217G01027,2012-10-31,2017-03-22,709,1937,3016,105,GREENFIRE|INE217G01027|1,EQUITY,GREENFIRE|INE217G01027|1
GREENLAM,INE544R01013,2015-03-17,2022-02-10,1707,2519,4225,0,GREENLAM|INE544R01013|1,EQUITY,GREENLAM|INE544R01013|1
GREENLAM,INE544R01021,2022-02-11,2026-09-30,1143,4226,5368,0,GREENLAM|INE544R01021|1,EQUITY,GREENLAM|INE544R01013|1
GREENPANEL,INE08ZM01014,2019-11-06,2026-09-30,1602,3662,5368,65,GREENPANEL|INE08ZM01014|1,EQUITY,GREENPANEL|INE08ZM01014|1
GREENPLY,,2005-01-03,2011-06-21,1600,0,1600,1,GREENPLY|NOISIN|1,UNKNOWN_NO_ISIN,GREENPLY|INE461C01020|1
GREENPLY,INE461C01020,2011-06-22,2016-01-06,1109,1601,2719,10,GREENPLY|INE461C01020|1,EQUITY,GREENPLY|INE461C01020|1
GREENPLY,INE461C01038,2016-01-07,2026-09-30,2639,2720,5368,10,GREENPLY|INE461C01038|1,EQUITY,GREENPLY|INE461C01020|1
GREENPOWER,,2010-10-08,2011-06-21,176,1425,1600,0,GREENPOWER|NOISIN|1,UNKNOWN_NO_ISIN,GREENPOWER|INE999K01014|1
GREENPOWER,INE999K01014,2011-06-22,2026-09-30,3316,1601,5368,108,GREENPOWER|INE999K01014|1,EQUITY,GREENPOWER|INE999K01014|1
GRINDWELL,,2006-09-11,2011-06-21,1180,420,1600,1,GRINDWELL|NOISIN|1,UNKNOWN_NO_ISIN,GRINDWELL|INE536A01023|1
GRINDWELL,INE536A01023,2011-06-22,2026-09-30,3768,1601,5368,0,GRINDWELL|INE536A01023|1,EQUITY,GRINDWELL|INE536A01023|1
GRINFRA,INE201P01022,2021-07-19,2026-09-30,1285,4084,5368,0,GRINFRA|INE201P01022|1,EQUITY,GRINFRA|INE201P01022|1
GRMOVER,INE192H01020,2022-09-07,2026-09-30,1003,4366,5368,0,GRMOVER|INE192H01020|1,EQUITY,GRMOVER|INE192H01020|1
GROBTEA,INE646C01018,2016-11-22,2026-09-30,1979,2933,5368,127,GROBTEA|INE646C01018|1,EQUITY,GROBTEA|INE646C01018|1
GROWEV,INF666M01IH2,2024-08-12,2024-08-22,8,4840,4847,0,GROWEV|INF666M01IH2|1,FUND_UNIT,GROWEV|INF666M01IH2|1
GROWW,INE0HOQ01053,2025-11-12,2026-09-30,219,5150,5368,0,GROWW|INE0HOQ01053|1,EQUITY,GROWW|INE0HOQ01053|1
GROWWCAPM,INF666M01MM4,2025-12-04,2026-09-30,203,5166,5368,0,GROWWCAPM|INF666M01MM4|1,FUND_UNIT,GROWWCAPM|INF666M01MM4|1
GROWWCHEM,INF666M01NP5,2026-01-16,2026-09-30,174,5195,5368,0,GROWWCHEM|INF666M01NP5|1,FUND_UNIT,GROWWCHEM|INF666M01NP5|1
GROWWDEFNC,INF666M01IO8,2024-10-11,2026-09-30,487,4882,5368,0,GROWWDEFNC|INF666M01IO8|1,FUND_UNIT,GROWWDEFNC|INF666M01IO8|1
GROWWEV,INF666M01IH2,2024-08-23,2026-09-30,521,4848,5368,0,GROWWEV|INF666M01IH2|1,FUND_UNIT,GROWEV|INF666M01IH2|1
GROWWGOLD,INF666M01IW1,2024-10-24,2026-02-05,318,4891,5208,0,GROWWGOLD|INF666M01IW1|1,FUND_UNIT,GROWWGOLD|INF666M01IW1|1
GROWWGOLD,INF666M01OE7,2026-02-06,2026-09-30,160,5209,5368,0,GROWWGOLD|INF666M01OE7|1,FUND_UNIT,GROWWGOLD|INF666M01OE7|1
GROWWHOSPI,INF666M01OD9,2026-03-05,2026-09-30,142,5227,5368,0,GROWWHOSPI|INF666M01OD9|1,FUND_UNIT,GROWWHOSPI|INF666M01OD9|1
GROWWLIQID,INF666M01IP5,2024-09-26,2026-09-30,497,4872,5368,0,GROWWLIQID|INF666M01IP5|1,FUND_UNIT,GROWWLIQID|INF666M01IP5|1
GROWWLOVOL,INF666M01LB9,2025-06-17,2026-09-30,320,5049,5368,0,GROWWLOVOL|INF666M01LB9|1,FUND_UNIT,GROWWLOVOL|INF666M01LB9|1
GROWWMC150,INF666M01MV5,2025-11-17,2026-09-30,216,5153,5368,0,GROWWMC150|INF666M01MV5|1,FUND_UNIT,GROWWMC150|INF666M01MV5|1
GROWWMETAL,INF666M01NI0,2025-12-23,2026-09-30,190,5179,5368,0,GROWWMETAL|INF666M01NI0|1,FUND_UNIT,GROWWMETAL|INF666M01NI0|1
GROWWMOM50,INF666M01KJ4,2025-04-24,2026-09-30,357,5012,5368,0,GROWWMOM50|INF666M01KJ4|1,FUND_UNIT,GROWWMOM50|INF666M01KJ4|1
GROWWN200,INF666M01JV1,2025-02-28,2026-09-30,391,4978,5368,0,GROWWN200|INF666M01JV1|1,FUND_UNIT,GROWWN200|INF666M01JV1|1
GROWWNET,INF666M01LI4,2025-07-03,2026-09-30,308,5061,5368,0,GROWWNET|INF666M01LI4|1,FUND_UNIT,GROWWNET|INF666M01LI4|1
GROWWNIFTY,INF666M01LL8,2025-07-22,2026-09-30,295,5074,5368,0,GROWWNIFTY|INF666M01LL8|1,FUND_UNIT,GROWWNIFTY|INF666M01LL8|1
GROWWNXT50,INF666M01LZ8,2025-08-26,2026-09-30,271,5098,5368,0,GROWWNXT50|INF666M01LZ8|1,FUND_UNIT,GROWWNXT50|INF666M01LZ8|1
GROWWPOWER,INF666M01LM6,2025-08-07,2026-09-30,283,5086,5368,0,GROWWPOWER|INF666M01LM6|1,FUND_UNIT,GROWWPOWER|INF666M01LM6|1
GROWWPSE,INF666M01NQ3,2026-02-11,2026-09-30,157,5212,5368,0,GROWWPSE|INF666M01NQ3|1,FUND_UNIT,GROWWPSE|INF666M01NQ3|1
GROWWPSUBK,INF666M01OG2,2026-03-27,2026-09-30,127,5242,5368,0,GROWWPSUBK|INF666M01OG2|1,FUND_UNIT,GROWWPSUBK|INF666M01OG2|1
GROWWRAIL,INF666M01JJ6,2025-02-07,2026-09-30,405,4964,5368,0,GROWWRAIL|INF666M01JJ6|1,FUND_UNIT,GROWWRAIL|INF666M01JJ6|1
GROWWRLTY,INF666M01MN2,2025-10-09,2026-09-30,241,5128,5368,0,GROWWRLTY|INF666M01MN2|1,FUND_UNIT,GROWWRLTY|INF666M01MN2|1
GROWWSC250,INF666M01MO0,2025-10-30,2026-09-30,227,5142,5368,0,GROWWSC250|INF666M01MO0|1,FUND_UNIT,GROWWSC250|INF666M01MO0|1
GROWWSLVR,INF666M01LA1,2025-05-23,2026-02-05,177,5032,5208,0,GROWWSLVR|INF666M01LA1|1,FUND_UNIT,GROWWSLVR|INF666M01LA1|1
GROWWSLVR,INF666M01OF4,2026-02-06,2026-09-30,160,5209,5368,0,GROWWSLVR|INF666M01OF4|1,FUND_UNIT,GROWWSLVR|INF666M01OF4|1
GRPLTD,INE137I01015,2015-02-12,2026-09-30,2617,2498,5368,94,GRPLTD|INE137I01015|1,EQUITY,GRPLTD|INE137I01015|1
GRSE,INE382Z01011,2018-10-10,2026-09-30,1968,3401,5368,0,GRSE|INE382Z01011|1,EQUITY,GRSE|INE382Z01011|1
GRUH,,2005-01-03,2011-06-21,1594,0,1600,2,GRUH|NOISIN|1,UNKNOWN_NO_ISIN,GRUH|INE580B01011|1
GRUH,INE580B01011,2011-06-22,2012-07-24,271,1601,1871,0,GRUH|INE580B01011|1,EQUITY,GRUH|INE580B01011|1
GRUH,INE580B01029,2012-07-25,2019-10-15,1777,1872,3648,0,GRUH|INE580B01029|1,EQUITY,GRUH|INE580B01011|1
GRWRHITECH,INE291A01017,2022-02-03,2026-09-30,1149,4220,5368,0,GRWRHITECH|INE291A01017|1,EQUITY,GRWRHITECH|INE291A01017|1
GSCLCEMENT,INE542A01039,2013-05-29,2023-04-20,2393,2079,4518,31,GSCLCEMENT|INE542A01039|1,EQUITY,GSCLCEMENT|INE542A01039|1
GSEC10ABSL,INF209KC1142,2024-08-19,2026-09-30,361,4844,5368,8,GSEC10ABSL|INF209KC1142|1,FUND_UNIT,GSEC10ABSL|INF209KC1142|1
GSEC10ADD,INF740KA1ZI7,2026-08-20,2026-09-29,20,5340,5367,3,GSEC10ADD|INF740KA1ZI7|1,FUND_UNIT,GSEC10ADD|INF740KA1ZI7|1
GSEC10IETF,INF109KC18O0,2023-12-20,2026-09-29,636,4684,5367,2,GSEC10IETF|INF109KC18O0|1,FUND_UNIT,GSEC10IETF|INF109KC18O0|1
GSEC10YEAR,INF769K01KF8,2023-09-04,2026-09-30,744,4612,5368,2,GSEC10YEAR|INF769K01KF8|1,FUND_UNIT,GSEC10YEAR|INF769K01KF8|1
GSEC5IETF,INF109KC14A8,2023-12-20,2026-09-30,682,4684,5368,1,GSEC5IETF|INF109KC14A8|1,FUND_UNIT,GSEC5IETF|INF109KC14A8|1
GSFC,,2005-01-03,2011-06-21,1601,0,1600,0,GSFC|NOISIN|1,UNKNOWN_NO_ISIN,GSFC|INE026A01017|1
GSFC,INE026A01017,2011-06-22,2012-09-20,310,1601,1910,0,GSFC|INE026A01017|1,EQUITY,GSFC|INE026A01017|1
GSFC,INE026A01025,2012-09-21,2026-09-30,3458,1911,5368,0,GSFC|INE026A01025|1,EQUITY,GSFC|INE026A01017|1
GSKCONS,,2005-01-03,2011-06-21,1600,0,1600,1,GSKCONS|NOISIN|1,UNKNOWN_NO_ISIN,GSKCONS|INE264A01014|1
GSKCONS,INE264A01014,2011-06-22,2020-04-15,2169,1601,3769,0,GSKCONS|INE264A01014|1,EQUITY,GSKCONS|INE264A01014|1
GSLNOVA,,2009-12-18,2011-06-21,376,1225,1600,0,GSLNOVA|NOISIN|1,UNKNOWN_NO_ISIN,GSLNOVA|INE787A01022|1
GSLNOVA,INE787A01022,2011-06-22,2015-04-13,448,1601,2536,169,GSLNOVA|INE787A01022|1,EQUITY,GSLNOVA|INE787A01022|1
GSLSU,INE0JSX01015,2023-04-11,2026-09-30,800,4512,5368,57,GSLSU|INE0JSX01015|1,EQUITY,GSLSU|INE0JSX01015|1
GSPCROP,INE713R01022,2026-03-24,2026-09-30,129,5240,5368,0,GSPCROP|INE713R01022|1,EQUITY,GSPCROP|INE713R01022|1
GSPL,,2006-02-16,2011-06-21,1322,279,1600,0,GSPL|NOISIN|1,UNKNOWN_NO_ISIN,GSPL|INE246F01010|1
GSPL,INE246F01010,2011-06-22,2026-05-11,3669,1601,5269,0,GSPL|INE246F01010|1,EQUITY,GSPL|INE246F01010|1
GSS,INE871H01011,2011-08-24,2026-09-30,3317,1645,5368,80,GSS|INE871H01011|1,EQUITY,GSSAMERICA|INE871H01011|1
GSSAMERICA,,2008-03-07,2009-02-27,238,792,1029,0,GSSAMERICA|NOISIN|1,UNKNOWN_NO_ISIN,GSSAMERICA|NOISIN|1
GSSAMERICA,,2009-06-12,2011-06-21,505,1096,1600,0,GSSAMERICA|NOISIN|2,UNKNOWN_NO_ISIN,GSSAMERICA|INE871H01011|1
GSSAMERICA,INE871H01011,2011-06-22,2011-08-23,44,1601,1644,0,GSSAMERICA|INE871H01011|1,EQUITY,GSSAMERICA|INE871H01011|1
GTCIND,,2005-01-03,2008-09-26,930,0,929,0,GTCIND|NOISIN|1,UNKNOWN_NO_ISIN,GOLDENTOBC|NOISIN|1
GTECJAINX,INE586X01012,2023-12-26,2026-09-30,268,4687,5368,152,GTECJAINX|INE586X01012|1,EQUITY,GTECJAINX|INE586X01012|1
GTL,,2005-01-14,2011-06-21,1592,9,1600,0,GTL|NOISIN|1,UNKNOWN_NO_ISIN,GLOBALTELE|NOISIN|1
GTL,INE043A01012,2011-06-22,2026-09-30,3314,1601,5368,138,GTL|INE043A01012|1,EQUITY,GLOBALTELE|NOISIN|1
GTLINFRA,,2006-11-09,2011-06-21,1141,460,1600,0,GTLINFRA|NOISIN|1,UNKNOWN_NO_ISIN,GTLINFRA|INE221H01019|1
GTLINFRA,INE221H01019,2011-06-22,2026-09-30,3354,1601,5368,125,GTLINFRA|INE221H01019|1,EQUITY,GTLINFRA|INE221H01019|1
GTNIND,,2006-02-24,2006-11-16,181,285,465,0,GTNIND|NOISIN|1,UNKNOWN_NO_ISIN,GTNIND|NOISIN|1
GTNIND,,2007-03-02,2008-01-10,214,536,752,1,GTNIND|NOISIN|2,UNKNOWN_NO_ISIN,GTNIND|NOISIN|2
GTNIND,,2008-02-29,2009-06-11,282,788,1095,3,GTNIND|NOISIN|3,UNKNOWN_NO_ISIN,GTNIND|NOISIN|3
GTNIND,,2009-08-21,2009-12-10,73,1146,1219,1,GTNIND|NOISIN|4,UNKNOWN_NO_ISIN,GTNIND|NOISIN|4
GTNIND,,2010-02-19,2010-07-08,91,1265,1360,2,GTNIND|NOISIN|5,UNKNOWN_NO_ISIN,GTNIND|NOISIN|5
GTNIND,,2010-08-20,2011-06-21,210,1391,1600,0,GTNIND|NOISIN|6,UNKNOWN_NO_ISIN,GTNIND|INE537A01013|1
GTNIND,INE537A01013,2011-06-22,2021-03-12,1957,1601,3998,71,GTNIND|INE537A01013|1,EQUITY,GTNIND|INE537A01013|1
GTNTEX,,2006-05-18,2008-01-10,414,339,752,0,GTNTEX|NOISIN|1,UNKNOWN_NO_ISIN,GTNTEX|NOISIN|1
GTNTEX,,2008-02-29,2009-06-11,302,788,1095,1,GTNTEX|NOISIN|2,UNKNOWN_NO_ISIN,GTNTEX|NOISIN|2
GTNTEX,,2009-08-21,2009-12-10,74,1146,1219,0,GTNTEX|NOISIN|3,UNKNOWN_NO_ISIN,GTNTEX|NOISIN|3
GTNTEX,,2010-02-19,2010-07-08,96,1265,1360,0,GTNTEX|NOISIN|4,UNKNOWN_NO_ISIN,GTNTEX|NOISIN|4
GTNTEX,,2010-08-20,2011-06-21,210,1391,1600,0,GTNTEX|NOISIN|5,UNKNOWN_NO_ISIN,GTNTEX|INE302H01017|1
GTNTEX,INE302H01017,2011-06-22,2022-01-03,2027,1601,4198,123,GTNTEX|INE302H01017|1,EQUITY,GTNTEX|INE302H01017|1
GTNTEXT,,2005-01-03,2006-02-23,285,0,284,0,GTNTEXT|NOISIN|1,UNKNOWN_NO_ISIN,GTNIND|NOISIN|1
GTOFFSHORE,,2006-12-21,2011-06-21,1111,490,1600,0,GTOFFSHORE|NOISIN|1,UNKNOWN_NO_ISIN,GTOFFSHORE|INE892H01017|1
GTOFFSHORE,INE892H01017,2011-06-22,2017-06-21,1478,1601,3078,0,GTOFFSHORE|INE892H01017|1,EQUITY,GTOFFSHORE|INE892H01017|1
GTPL,INE869I01013,2017-07-04,2026-09-30,2283,3086,5368,0,GTPL|INE869I01013|1,EQUITY,GTPL|INE869I01013|1
GUFICBIO,,2005-01-03,2006-01-05,253,0,252,0,GUFICBIO|NOISIN|1,UNKNOWN_NO_ISIN,GUFICBIO|NOISIN|1
GUFICBIO,,2006-06-12,2007-09-20,320,356,675,0,GUFICBIO|NOISIN|2,UNKNOWN_NO_ISIN,GUFICBIO|NOISIN|2
GUFICBIO,,2007-12-03,2007-12-28,18,726,743,0,GUFICBIO|NOISIN|3,UNKNOWN_NO_ISIN,GUFICBIO|NOISIN|3
GUFICBIO,,2008-02-29,2009-05-28,297,788,1085,1,GUFICBIO|NOISIN|4,UNKNOWN_NO_ISIN,GUFICBIO|NOISIN|4
GUFICBIO,,2009-08-21,2010-01-07,91,1146,1236,0,GUFICBIO|NOISIN|5,UNKNOWN_NO_ISIN,GUFICBIO|NOISIN|5
GUFICBIO,,2010-02-19,2010-07-08,96,1265,1360,0,GUFICBIO|NOISIN|6,UNKNOWN_NO_ISIN,GUFICBIO|NOISIN|6
GUFICBIO,,2010-08-20,2011-06-16,207,1391,1597,0,GUFICBIO|NOISIN|7,UNKNOWN_NO_ISIN,GUFICBIO|NOISIN|7
GUFICBIO,INE742B01025,2011-09-06,2026-09-30,3654,1652,5368,28,GUFICBIO|INE742B01025|1,EQUITY,GUFICBIO|INE742B01025|1
GUJALKALI,,2005-01-03,2011-06-21,1601,0,1600,0,GUJALKALI|NOISIN|1,UNKNOWN_NO_ISIN,GUJALKALI|INE186A01019|1
GUJALKALI,INE186A01019,2011-06-22,2026-09-30,3768,1601,5368,0,GUJALKALI|INE186A01019|1,EQUITY,GUJALKALI|INE186A01019|1
GUJAMBCEM,,2005-01-03,2007-07-23,634,0,633,0,GUJAMBCEM|NOISIN|1,UNKNOWN_NO_ISIN,AMBUJACEM|INE079A01024|1
GUJAPOLIND,,2007-06-04,2007-07-05,24,598,621,0,GUJAPOLIND|NOISIN|1,UNKNOWN_NO_ISIN,GUJAPOLIND|NOISIN|1
GUJAPOLLO,,2007-07-06,2011-06-21,977,622,1600,1,GUJAPOLLO|NOISIN|1,UNKNOWN_NO_ISIN,GUJAPOLIND|NOISIN|1
GUJAPOLLO,INE826C01016,2011-06-22,2026-09-30,3527,1601,5368,66,GUJAPOLLO|INE826C01016|1,EQUITY,GUJAPOLIND|NOISIN|1
GUJENERGY,INE844O01030,2026-07-01,2026-09-30,55,5304,5368,10,GUJENERGY|INE844O01030|1,EQUITY,GUJENERGY|INE844O01030|1
GUJFLUORO,,2005-01-03,2011-06-21,1600,0,1600,1,GUJFLUORO|NOISIN|1,UNKNOWN_NO_ISIN,GFLLIMITED|INE538A01037|1
GUJFLUORO,INE538A01037,2011-06-22,2019-07-24,1995,1601,3595,0,GUJFLUORO|INE538A01037|1,EQUITY,GFLLIMITED|INE538A01037|1
GUJGASLTD,INE844O01022,2015-10-01,2019-01-15,812,2655,3466,0,GUJGASLTD|INE844O01022|1,EQUITY,GUJENERGY|INE844O01030|1
GUJGASLTD,INE844O01030,2019-01-16,2026-06-30,1837,3467,5303,0,GUJGASLTD|INE844O01030|1,EQUITY,GUJENERGY|INE844O01030|1
GUJGLASS,,2008-02-28,2008-05-09,46,787,832,0,GUJGLASS|NOISIN|1,UNKNOWN_NO_ISIN,GUJGLASS|NOISIN|1
GUJNRECOKE,,2005-01-03,2011-06-21,1601,0,1600,0,GUJNRECOKE|NOISIN|1,UNKNOWN_NO_ISIN,GUJNRECOKE|INE110D01013|1
GUJNRECOKE,INE110D01013,2011-06-22,2018-02-09,1569,1601,3238,69,GUJNRECOKE|INE110D01013|1,EQUITY,GUJNRECOKE|INE110D01013|1
GUJNREDVR,,2010-05-26,2011-06-21,272,1329,1600,0,GUJNREDVR|NOISIN|1,UNKNOWN_NO_ISIN,GUJNREDVR|IN9110D01011|1
GUJNREDVR,IN9110D01011,2011-06-22,2018-02-09,1558,1601,3238,69,GUJNREDVR|IN9110D01011|1,OTHER_ISIN,GUJNREDVR|IN9110D01011|1
GUJRAFFIA,INE610B01024,2024-04-29,2026-09-30,383,4769,5368,133,GUJRAFFIA|INE610B01024|1,EQUITY,GUJRAFFIA|INE610B01024|1
GUJRATGAS,,2005-01-03,2011-06-21,1601,0,1600,0,GUJRATGAS|NOISIN|1,UNKNOWN_NO_ISIN,GUJRATGAS|INE374A01029|1
GUJRATGAS,INE374A01029,2011-06-22,2015-05-26,965,1601,2565,0,GUJRATGAS|INE374A01029|1,EQUITY,GUJRATGAS|INE374A01029|1
GUJSIDHCEM,,2005-01-03,2005-05-19,95,0,94,0,GUJSIDHCEM|NOISIN|1,UNKNOWN_NO_ISIN,GUJSIDHCEM|NOISIN|1
GUJSIDHCEM,,2005-07-08,2005-07-14,5,130,134,0,GUJSIDHCEM|NOISIN|2,UNKNOWN_NO_ISIN,GUJSIDHCEM|NOISIN|2
GUJSIDHCEM,,2006-06-12,2011-04-18,1200,356,1555,0,GUJSIDHCEM|NOISIN|3,UNKNOWN_NO_ISIN,GUJSIDHCEM|NOISIN|3
GUJSIDHCEM,,2011-06-17,2011-06-21,3,1598,1600,0,GUJSIDHCEM|NOISIN|4,UNKNOWN_NO_ISIN,GUJSIDHCEM|INE542A01013|1
GUJSIDHCEM,INE542A01013,2011-06-22,2013-02-21,415,1601,2015,0,GUJSIDHCEM|INE542A01013|1,EQUITY,GUJSIDHCEM|INE542A01013|1
GUJTHEM,INE942C01045,2025-02-25,2026-09-30,393,4976,5368,0,GUJTHEM|INE942C01045|1,EQUITY,GUJTHEM|INE942C01045|1
GULFCORP,INE077F01035,2014-07-10,2015-11-09,326,2355,2680,0,GULFCORP|INE077F01035|1,EQUITY,GOCLCORP|INE077F01035|1
GULFOILCOR,,2007-11-08,2009-06-11,386,709,1095,1,GULFOILCOR|NOISIN|1,UNKNOWN_NO_ISIN,GULFOILCOR|NOISIN|1
GULFOILCOR,,2009-08-21,2011-06-21,455,1146,1600,0,GULFOILCOR|NOISIN|2,UNKNOWN_NO_ISIN,GULFOILCOR|INE077F01027|1
GULFOILCOR,INE077F01027,2011-06-22,2014-06-03,728,1601,2328,0,GULFOILCOR|INE077F01027|1,EQUITY,GULFOILCOR|INE077F01027|1
GULFOILLUB,INE635Q01029,2014-08-14,2026-09-30,2990,2379,5368,0,GULFOILLUB|INE635Q01029|1,EQUITY,GULFOILLUB|INE635Q01029|1
GULFPETRO,INE586G01017,2015-05-06,2026-06-09,2675,2551,5289,64,GULFPETRO|INE586G01017|1,EQUITY,GULFPETRO|INE586G01017|1
GULPOLY,INE255D01016,2015-01-28,2016-12-27,472,2487,2958,0,GULPOLY|INE255D01016|1,EQUITY,GULPOLY|INE255D01016|1
GULPOLY,INE255D01024,2016-12-28,2026-09-30,2238,2959,5368,63,GULPOLY|INE255D01024|1,EQUITY,GULPOLY|INE255D01024|1
GVKPIL,,2006-02-27,2011-06-21,1315,286,1600,0,GVKPIL|NOISIN|1,UNKNOWN_NO_ISIN,GVKPIL|INE251H01024|1
GVKPIL,INE251H01024,2011-06-22,2024-07-19,2498,1601,4824,426,GVKPIL|INE251H01024|1,EQUITY,GVKPIL|INE251H01024|1
GVPIL,INE878A01011,2025-08-28,2026-09-30,216,5099,5368,54,GVPIL|INE878A01011|1,EQUITY,AIL|INE878A01011|1
GVPTECH,INE382T01030,2024-03-26,2026-09-02,588,4748,5349,14,GVPTECH|INE382T01030|1,EQUITY,GVPTECH|INE382T01030|1
GVT&D,INE200A01026,2025-01-06,2026-09-30,423,4940,5368,6,GVT&D|INE200A01026|1,EQUITY,ALSTOMT&D|INE200A01026|1
GWALCHEM,,2006-10-04,2010-03-04,838,436,1273,0,GWALCHEM|NOISIN|1,UNKNOWN_NO_ISIN,GEECEE|INE916G01016|1
GYFTR,INE724A01017,2026-07-10,2026-09-30,58,5311,5368,0,GYFTR|INE724A01017|1,EQUITY,GYFTR|INE724A01017|1
HAL,INE066F01012,2018-03-28,2023-09-27,1360,3269,4628,0,HAL|INE066F01012|1,EQUITY,HAL|INE066F01012|1
HAL,INE066F01020,2023-09-28,2026-09-30,740,4629,5368,0,HAL|INE066F01020|1,EQUITY,HAL|INE066F01012|1
HALDER,INE115S01010,2026-02-24,2026-09-30,147,5221,5368,1,HALDER|INE115S01010|1,EQUITY,HALDER|INE115S01010|1
HALDYNGL,INE506D01020,2026-04-20,2026-09-30,48,5255,5368,66,HALDYNGL|INE506D01020|1,EQUITY,HALDYNGL|INE506D01020|1
HALEOSLABS,INE320X01016,2025-11-26,2026-09-30,151,5160,5368,57,HALEOSLABS|INE320X01016|1,EQUITY,HALEOSLABS|INE320X01016|1
HALONIX,,2009-03-09,2010-08-05,346,1035,1380,0,HALONIX|NOISIN|1,UNKNOWN_NO_ISIN,HALONIX|NOISIN|1
HALONIX,,2010-12-03,2011-06-21,137,1464,1600,0,HALONIX|NOISIN|2,UNKNOWN_NO_ISIN,HALONIX|INE455B01016|1
HALONIX,INE455B01016,2011-06-22,2013-10-29,571,1601,2183,3,HALONIX|INE455B01016|1,EQUITY,HALONIX|INE455B01016|1
HAMPTON,INE299D01022,2026-08-17,2026-09-30,32,5337,5368,0,HAMPTON|INE299D01022|1,EQUITY,HAMPTON|INE299D01022|1
HANILERA,,2005-07-11,2006-07-11,247,131,377,0,HANILERA|NOISIN|1,UNKNOWN_NO_ISIN,HANILERA|NOISIN|1
HANUNG,,2006-10-20,2011-06-21,1153,448,1600,0,HANUNG|NOISIN|1,UNKNOWN_NO_ISIN,HANUNG|INE648H01013|1
HANUNG,INE648H01013,2011-06-22,2017-08-02,1355,1601,3107,111,HANUNG|INE648H01013|1,EQUITY,HANUNG|INE648H01013|1
HAPPSTMNDS,INE419U01012,2020-09-17,2026-09-30,1422,3878,5368,64,HAPPSTMNDS|INE419U01012|1,EQUITY,HAPPSTMNDS|INE419U01012|1
HAPPYFORGE,INE330T01021,2023-12-27,2026-09-30,681,4688,5368,0,HAPPYFORGE|INE330T01021|1,EQUITY,HAPPYFORGE|INE330T01021|1
HARDWYN,INE626Z01011,2022-04-12,2023-06-02,251,4266,4548,32,HARDWYN|INE626Z01011|1,EQUITY,HARDWYN|INE626Z01011|1
HARDWYN,INE626Z01029,2023-06-05,2026-09-30,629,4549,5368,131,HARDWYN|INE626Z01029|1,EQUITY,HARDWYN|INE626Z01011|1
HARIOMPIPE,INE00EV01017,2022-04-29,2026-09-30,1092,4277,5368,0,HARIOMPIPE|INE00EV01017|1,EQUITY,HARIOMPIPE|INE00EV01017|1
HARITASEAT,,2009-04-06,2010-03-18,147,1052,1283,14,HARITASEAT|NOISIN|1,UNKNOWN_NO_ISIN,HARITASEAT|NOISIN|1
HARITASEAT,,2010-06-14,2011-06-21,234,1342,1600,2,HARITASEAT|NOISIN|2,UNKNOWN_NO_ISIN,HARITASEAT|INE939D01015|1
HARITASEAT,INE939D01015,2011-06-22,2021-04-09,2145,1601,4016,68,HARITASEAT|INE939D01015|1,EQUITY,HARITASEAT|INE939D01015|1
HARRMALAYA,,2005-01-03,2007-01-11,504,0,503,0,HARRMALAYA|NOISIN|1,UNKNOWN_NO_ISIN,HARRMALAYA|NOISIN|1
HARRMALAYA,,2007-03-02,2011-06-21,1065,536,1600,0,HARRMALAYA|NOISIN|2,UNKNOWN_NO_ISIN,HARRMALAYA|INE544A01019|1
HARRMALAYA,INE544A01019,2011-06-22,2026-09-30,3639,1601,5368,66,HARRMALAYA|INE544A01019|1,EQUITY,HARRMALAYA|INE544A01019|1
HARSHA,INE0JUS01029,2022-09-26,2026-09-30,990,4379,5368,0,HARSHA|INE0JUS01029|1,EQUITY,HARSHA|INE0JUS01029|1
HARYANSHET,,2005-01-03,2005-03-03,42,0,41,0,HARYANSHET|NOISIN|1,UNKNOWN_NO_ISIN,HARYANSHET|NOISIN|1
HARYANSHET,,2005-04-08,2005-07-21,74,66,139,0,HARYANSHET|NOISIN|2,UNKNOWN_NO_ISIN,HARYANSHET|NOISIN|2
HATHWAY,,2010-02-25,2011-06-21,332,1269,1600,0,HATHWAY|NOISIN|1,UNKNOWN_NO_ISIN,HATHWAY|INE982F01028|1
HATHWAY,INE982F01028,2011-06-22,2015-01-06,872,1601,2472,0,HATHWAY|INE982F01028|1,EQUITY,HATHWAY|INE982F01028|1
HATHWAY,INE982F01036,2015-01-07,2026-09-30,2820,2473,5368,76,HATHWAY|INE982F01036|1,EQUITY,HATHWAY|INE982F01028|1
HATSUN,INE473B01035,2014-06-20,2026-09-30,3028,2341,5368,0,HATSUN|INE473B01035|1,EQUITY,HATSUN|INE473B01035|1
HAVELLS,,2005-01-03,2011-06-21,1601,0,1600,0,HAVELLS|NOISIN|1,UNKNOWN_NO_ISIN,HAVELLS|INE176B01026|1
HAVELLS,INE176B01026,2011-06-22,2014-08-26,786,1601,2386,0,HAVELLS|INE176B01026|1,EQUITY,HAVELLS|INE176B01026|1
HAVELLS,INE176B01034,2014-08-27,2026-09-30,2982,2387,5368,0,HAVELLS|INE176B01034|1,EQUITY,HAVELLS|INE176B01026|1
HAVISHA,INE293B01029,2024-04-23,2026-09-30,469,4765,5368,64,HAVISHA|INE293B01029|1,EQUITY,HAVISHA|INE293B01029|1
HAWKINCOOK,INE979B01015,2026-04-20,2026-09-30,114,5255,5368,0,HAWKINCOOK|INE979B01015|1,EQUITY,HAWKINCOOK|INE979B01015|1
HAZOOR,INE550F01049,2026-08-17,2026-09-30,32,5337,5368,0,HAZOOR|INE550F01049|1,EQUITY,HAZOOR|INE550F01049|1
HBANKETF,INF179KC1AN8,2020-08-28,2023-06-15,694,3864,4557,0,HBANKETF|INF179KC1AN8|1,FUND_UNIT,HBANKETF|INF179KC1AN8|1
HBESD,INE640B01021,2026-04-20,2026-09-30,114,5255,5368,0,HBESD|INE640B01021|1,EQUITY,HBESD|INE640B01021|1
HBLENGINE,INE292B01021,2024-12-23,2026-09-30,438,4931,5368,0,HBLENGINE|INE292B01021|1,EQUITY,HBLENGINE|INE292B01021|1
HBLPOWER,,2007-01-04,2009-06-11,596,498,1095,1,HBLPOWER|NOISIN|1,UNKNOWN_NO_ISIN,HBLPOWER|NOISIN|1
HBLPOWER,,2009-08-21,2011-06-21,455,1146,1600,0,HBLPOWER|NOISIN|2,UNKNOWN_NO_ISIN,HBLENGINE|INE292B01021|1
HBLPOWER,INE292B01021,2011-06-22,2024-12-20,3292,1601,4930,38,HBLPOWER|INE292B01021|1,EQUITY,HBLENGINE|INE292B01021|1
HBPOR,INE638B01025,2026-08-17,2026-09-30,32,5337,5368,0,HBPOR|INE638B01025|1,EQUITY,HBPOR|INE638B01025|1
HBSL,INE550B01022,2018-08-09,2026-09-30,1395,3362,5368,90,HBSL|INE550B01022|1,EQUITY,HBSL|INE550B01022|1
HBSTOCK,,2005-01-03,2005-04-07,66,0,65,0,HBSTOCK|NOISIN|1,UNKNOWN_NO_ISIN,HBSTOCK|NOISIN|1
HBSTOCK,,2005-07-08,2007-07-26,507,130,636,0,HBSTOCK|NOISIN|2,UNKNOWN_NO_ISIN,HBSTOCK|NOISIN|2
HBSTOCK,,2007-08-31,2009-04-17,398,661,1058,0,HBSTOCK|NOISIN|3,UNKNOWN_NO_ISIN,HBSTOCK|NOISIN|3
HBSTOCK,,2009-08-21,2011-06-21,455,1146,1600,0,HBSTOCK|NOISIN|4,UNKNOWN_NO_ISIN,HBSTOCK|INE550B01014|1
HBSTOCK,INE550B01014,2011-06-22,2018-03-08,1448,1601,3255,64,HBSTOCK|INE550B01014|1,EQUITY,HBSTOCK|INE550B01014|1
HCC,,2006-07-10,2011-06-21,1225,376,1600,0,HCC|NOISIN|1,UNKNOWN_NO_ISIN,HCC|INE549A01026|1
HCC,INE549A01026,2011-06-22,2026-09-30,3699,1601,5368,58,HCC|INE549A01026|1,EQUITY,HCC|INE549A01026|1
HCG,INE075I01017,2016-03-30,2026-09-30,2594,2775,5368,0,HCG|INE075I01017|1,EQUITY,HCG|INE075I01017|1
HCIL,,2007-03-02,2011-06-21,1064,536,1600,1,HCIL|NOISIN|1,UNKNOWN_NO_ISIN,HCIL|INE019C01026|1
HCIL,INE019C01026,2011-06-22,2016-08-12,1268,1601,2868,0,HCIL|INE019C01026|1,EQUITY,HCIL|INE019C01026|1
HCL-INSYS,,2005-01-03,2011-06-21,1601,0,1600,0,HCL-INSYS|NOISIN|1,UNKNOWN_NO_ISIN,HCL-INSYS|INE236A01020|1
HCL-INSYS,INE236A01020,2011-06-22,2026-09-30,3428,1601,5368,77,HCL-INSYS|INE236A01020|1,EQUITY,HCL-INSYS|INE236A01020|1
HCLTECH,,2005-01-03,2011-06-21,1601,0,1600,0,HCLTECH|NOISIN|1,UNKNOWN_NO_ISIN,HCLTECH|INE860A01027|1
HCLTECH,INE860A01027,2011-06-22,2026-09-30,3768,1601,5368,0,HCLTECH|INE860A01027|1,EQUITY,HCLTECH|INE860A01027|1
HDBFS,INE756I01012,2025-07-02,2026-09-30,309,5060,5368,0,HDBFS|INE756I01012|1,EQUITY,HDBFS|INE756I01012|1
HDFC,,2005-01-03,2011-06-21,1601,0,1600,0,HDFC|NOISIN|1,UNKNOWN_NO_ISIN,HDFC|INE001A01036|1
HDFC,INE001A01036,2011-06-22,2023-07-12,2975,1601,4575,0,HDFC|INE001A01036|1,EQUITY,HDFC|INE001A01036|1
HDFCAMC,INE127D01025,2018-08-06,2026-09-30,2010,3359,5368,0,HDFCAMC|INE127D01025|1,EQUITY,HDFCAMC|INE127D01025|1
HDFCBANK,,2005-01-03,2011-06-21,1601,0,1600,0,HDFCBANK|NOISIN|1,UNKNOWN_NO_ISIN,HDFCBANK|INE040A01018|1
HDFCBANK,INE040A01018,2011-06-22,2011-07-14,17,1601,1617,0,HDFCBANK|INE040A01018|1,EQUITY,HDFCBANK|INE040A01018|1
HDFCBANK,INE040A01026,2011-07-15,2019-09-19,2015,1618,3632,0,HDFCBANK|INE040A01026|1,EQUITY,HDFCBANK|INE040A01018|1
HDFCBANK,INE040A01034,2019-09-20,2026-09-30,1736,3633,5368,0,HDFCBANK|INE040A01034|1,EQUITY,HDFCBANK|INE040A01018|1
HDFCBSE500,INF179KC1EZ4,2023-02-21,2026-09-30,888,4481,5368,0,HDFCBSE500|INF179KC1EZ4|1,FUND_UNIT,HDFCBSE500|INF179KC1EZ4|1
HDFCGOLD,INF179KC1981,2023-06-16,2026-09-30,811,4558,5368,0,HDFCGOLD|INF179KC1981|1,FUND_UNIT,HDFCGOLD|INF179KC1981|1
HDFCGROWTH,INF179KC1DJ0,2022-09-29,2026-09-30,987,4382,5368,0,HDFCGROWTH|INF179KC1DJ0|1,FUND_UNIT,HDFCGROWTH|INF179KC1DJ0|1
HDFCLIFE,INE795G01014,2017-11-17,2026-09-30,2189,3180,5368,0,HDFCLIFE|INE795G01014|1,EQUITY,HDFCLIFE|INE795G01014|1
HDFCLIQUID,INF179KC1HE2,2023-08-31,2025-02-27,366,4610,4977,1,HDFCLIQUID|INF179KC1HE2|1,FUND_UNIT,HDFCLIQUID|INF179KC1HE2|1
HDFCLIQUID,INF179KC1JG3,2025-02-28,2026-09-30,391,4978,5368,0,HDFCLIQUID|INF179KC1JG3|1,FUND_UNIT,HDFCLIQUID|INF179KC1JG3|1
HDFCLOWVOL,INF179KC1DN2,2022-10-17,2023-10-19,241,4393,4643,2,HDFCLOWVOL|INF179KC1DN2|1,FUND_UNIT,HDFCLOWVOL|INF179KC1DN2|1
HDFCLOWVOL,INF179KC1HU8,2023-10-20,2026-09-30,725,4644,5368,0,HDFCLOWVOL|INF179KC1HU8|1,FUND_UNIT,HDFCLOWVOL|INF179KC1HU8|1
HDFCMFGETF,,2010-08-19,2011-06-21,211,1390,1600,0,HDFCMFGETF|NOISIN|1,UNKNOWN_NO_ISIN,HDFCMFGETF|INF179K01CN1|1
HDFCMFGETF,INF179K01CN1,2011-06-22,2021-02-18,2383,1601,3983,0,HDFCMFGETF|INF179K01CN1|1,FUND_UNIT,HDFCMFGETF|INF179K01CN1|1
HDFCMFGETF,INF179KC1981,2021-02-19,2023-06-15,574,3984,4557,0,HDFCMFGETF|INF179KC1981|1,FUND_UNIT,HDFCGOLD|INF179KC1981|1
HDFCMID150,INF179KC1FA4,2023-02-21,2023-10-19,163,4481,4643,0,HDFCMID150|INF179KC1FA4|1,FUND_UNIT,HDFCMID150|INF179KC1FA4|1
HDFCMID150,INF179KC1HT0,2023-10-20,2026-09-30,725,4644,5368,0,HDFCMID150|INF179KC1HT0|1,FUND_UNIT,HDFCMID150|INF179KC1HT0|1
HDFCMOMENT,INF179KC1DM4,2022-10-17,2023-10-19,249,4393,4643,1,HDFCMOMENT|INF179KC1DM4|1,FUND_UNIT,HDFCMOMENT|INF179KC1DM4|1
HDFCMOMENT,INF179KC1HV6,2023-10-20,2026-09-30,725,4644,5368,0,HDFCMOMENT|INF179KC1HV6|1,FUND_UNIT,HDFCMOMENT|INF179KC1HV6|1
HDFCNEXT50,INF179KC1DA9,2022-08-11,2023-10-19,294,4349,4643,1,HDFCNEXT50|INF179KC1DA9|1,FUND_UNIT,HDFCNEXT50|INF179KC1DA9|1
HDFCNEXT50,INF179KC1HS2,2023-10-20,2026-09-30,725,4644,5368,0,HDFCNEXT50|INF179KC1HS2|1,FUND_UNIT,HDFCNEXT50|INF179KC1HS2|1
HDFCNIF100,INF179KC1DB7,2022-08-11,2023-10-19,294,4349,4643,1,HDFCNIF100|INF179KC1DB7|1,FUND_UNIT,HDFCNIF100|INF179KC1DB7|1
HDFCNIF100,INF179KC1HR4,2023-10-20,2026-09-30,725,4644,5368,0,HDFCNIF100|INF179KC1HR4|1,FUND_UNIT,HDFCNIF100|INF179KC1HR4|1
HDFCNIFBAN,INF179KC1AN8,2023-06-16,2024-02-01,155,4558,4712,0,HDFCNIFBAN|INF179KC1AN8|1,FUND_UNIT,HBANKETF|INF179KC1AN8|1
HDFCNIFBAN,INF179KC1HY0,2024-02-02,2026-09-30,656,4713,5368,0,HDFCNIFBAN|INF179KC1HY0|1,FUND_UNIT,HDFCNIFBAN|INF179KC1HY0|1
HDFCNIFETF,INF179KB1KP3,2015-12-16,2021-02-18,1278,2705,3983,1,HDFCNIFETF|INF179KB1KP3|1,FUND_UNIT,HDFCNIFETF|INF179KB1KP3|1
HDFCNIFETF,INF179KC1965,2021-02-19,2023-06-15,574,3984,4557,0,HDFCNIFETF|INF179KC1965|1,FUND_UNIT,HDFCNIFETF|INF179KC1965|1
HDFCNIFIT,INF179KC1DX1,2022-11-22,2024-02-01,296,4417,4712,0,HDFCNIFIT|INF179KC1DX1|1,FUND_UNIT,HDFCNIFIT|INF179KC1DX1|1
HDFCNIFIT,INF179KC1IA8,2024-02-02,2026-09-30,656,4713,5368,0,HDFCNIFIT|INF179KC1IA8|1,FUND_UNIT,HDFCNIFIT|INF179KC1IA8|1
HDFCNIFTY,INF179KC1965,2023-06-16,2026-09-30,811,4558,5368,0,HDFCNIFTY|INF179KC1965|1,FUND_UNIT,HDFCNIFETF|INF179KC1965|1
HDFCNIMEG,INF179KC1KT4,2026-07-31,2026-09-30,43,5326,5368,0,HDFCNIMEG|INF179KC1KT4|1,FUND_UNIT,HDFCNIMEG|INF179KC1KT4|1
HDFCPSUBK,INF179KC1HW4,2024-02-07,2026-09-30,653,4716,5368,0,HDFCPSUBK|INF179KC1HW4|1,FUND_UNIT,HDFCPSUBK|INF179KC1HW4|1
HDFCPVTBAN,INF179KC1DW3,2022-11-22,2024-02-01,294,4417,4712,1,HDFCPVTBAN|INF179KC1DW3|1,FUND_UNIT,HDFCPVTBAN|INF179KC1DW3|1
HDFCPVTBAN,INF179KC1HZ7,2024-02-02,2026-09-30,656,4713,5368,0,HDFCPVTBAN|INF179KC1HZ7|1,FUND_UNIT,HDFCPVTBAN|INF179KC1HZ7|1
HDFCQUAL,INF179KC1DL6,2022-09-29,2026-09-30,986,4382,5368,1,HDFCQUAL|INF179KC1DL6|1,FUND_UNIT,HDFCQUAL|INF179KC1DL6|1
HDFCSENETF,INF179KB1KQ1,2015-12-16,2021-02-18,1020,2705,3983,9,HDFCSENETF|INF179KB1KQ1|1,FUND_UNIT,HDFCSENETF|INF179KB1KQ1|1
HDFCSENETF,INF179KC1973,2021-02-19,2023-06-15,574,3984,4557,0,HDFCSENETF|INF179KC1973|1,FUND_UNIT,HDFCSENETF|INF179KC1973|1
HDFCSENSEX,INF179KC1973,2023-06-16,2024-02-01,155,4558,4712,0,HDFCSENSEX|INF179KC1973|1,FUND_UNIT,HDFCSENETF|INF179KC1973|1
HDFCSENSEX,INF179KC1HX2,2024-02-02,2026-09-30,656,4713,5368,0,HDFCSENSEX|INF179KC1HX2|1,FUND_UNIT,HDFCSENSEX|INF179KC1HX2|1
HDFCSILVER,INF179KC1DI2,2022-09-07,2026-09-30,1003,4366,5368,0,HDFCSILVER|INF179KC1DI2|1,FUND_UNIT,HDFCSILVER|INF179KC1DI2|1
HDFCSML250,INF179KC1FB2,2023-02-21,2026-09-30,888,4481,5368,0,HDFCSML250|INF179KC1FB2|1,FUND_UNIT,HDFCSML250|INF179KC1FB2|1
HDFCVALUE,INF179KC1DK8,2022-09-29,2026-09-30,986,4382,5368,1,HDFCVALUE|INF179KC1DK8|1,FUND_UNIT,HDFCVALUE|INF179KC1DK8|1
HDIL,,2007-07-24,2011-06-21,967,634,1600,0,HDIL|NOISIN|1,UNKNOWN_NO_ISIN,HDIL|INE191I01012|1
HDIL,INE191I01012,2011-06-22,2019-11-21,2072,1601,3672,0,HDIL|INE191I01012|1,EQUITY,HDIL|INE191I01012|1
HEADSUP,INE759V01019,2022-07-18,2026-09-30,905,4332,5368,67,HEADSUP|INE759V01019|1,EQUITY,HEADSUP|INE759V01019|1
HEALTHADD,INF740KA1UF4,2024-02-07,2026-07-02,589,4716,5305,1,HEALTHADD|INF740KA1UF4|1,FUND_UNIT,HEALTHADD|INF740KA1UF4|1
HEALTHADD,INF740KA1ZG1,2026-07-03,2026-09-30,63,5306,5368,0,HEALTHADD|INF740KA1ZG1|1,FUND_UNIT,HEALTHADD|INF740KA1ZG1|1
HEALTHAXIS,INF846K01Z12,2026-07-03,2026-09-30,63,5306,5368,0,HEALTHAXIS|INF846K01Z12|1,FUND_UNIT,AXISHCETF|INF846K01Z12|1
HEALTHCARE,INF769K01QA6,2026-02-16,2026-09-30,154,5215,5368,0,HEALTHCARE|INF769K01QA6|1,FUND_UNIT,HEALTHCARE|INF769K01QA6|1
HEALTHIETF,INF109KC1Q72,2023-12-20,2026-09-30,685,4684,5368,0,HEALTHIETF|INF109KC1Q72|1,FUND_UNIT,HEALTHIETF|INF109KC1Q72|1
HEALTHX,INE019J01013,2026-04-30,2026-09-30,106,5263,5368,0,HEALTHX|INE019J01013|1,EQUITY,HEALTHX|INE019J01013|1
HEALTHY,INF209KB10C2,2021-10-28,2026-09-30,1216,4153,5368,0,HEALTHY|INF209KB10C2|1,FUND_UNIT,HEALTHY|INF209KB10C2|1
HECPROJECT,INE558R01013,2021-12-30,2026-09-30,862,4196,5368,66,HECPROJECT|INE558R01013|1,EQUITY,HECPROJECT|INE558R01013|1
HEG,,2005-01-03,2011-06-21,1601,0,1600,0,HEG|NOISIN|1,UNKNOWN_NO_ISIN,HEGAM|INE545A01024|1
HEG,INE545A01016,2011-06-22,2024-10-17,3286,1601,4886,0,HEG|INE545A01016|1,EQUITY,HEGAM|INE545A01024|1
HEG,INE545A01024,2024-10-18,2026-09-04,465,4887,5351,0,HEG|INE545A01024|1,EQUITY,HEGAM|INE545A01024|1
HEGAM,INE545A01024,2026-09-22,2026-09-30,7,5362,5368,0,HEGAM|INE545A01024|1,EQUITY,HEGAM|INE545A01024|1
HEIDELBERG,,2009-05-15,2011-06-21,525,1076,1600,0,HEIDELBERG|NOISIN|1,UNKNOWN_NO_ISIN,HEIDELBERG|INE578A01017|1
HEIDELBERG,INE578A01017,2011-06-22,2026-09-30,3696,1601,5368,61,HEIDELBERG|INE578A01017|1,EQUITY,HEIDELBERG|INE578A01017|1
HELIOSMATH,,2005-02-24,2009-02-27,994,36,1029,0,HELIOSMATH|NOISIN|1,UNKNOWN_NO_ISIN,HELIOSMATH|NOISIN|1
HELIOSMATH,,2009-06-12,2011-06-21,505,1096,1600,0,HELIOSMATH|NOISIN|2,UNKNOWN_NO_ISIN,HELIOSMATH|INE674B01012|1
HELIOSMATH,INE674B01012,2011-06-22,2015-08-21,1028,1601,2628,0,HELIOSMATH|INE674B01012|1,EQUITY,HELIOSMATH|INE674B01012|1
HEMIPROP,INE0AJG01018,2020-11-05,2026-09-30,1402,3912,5368,55,HEMIPROP|INE0AJG01018|1,EQUITY,HEMIPROP|INE0AJG01018|1
HERANBA,INE694N01015,2021-03-05,2026-09-30,1299,3994,5368,76,HERANBA|INE694N01015|1,EQUITY,HERANBA|INE694N01015|1
HERCULES,,2008-02-20,2011-06-21,819,781,1600,1,HERCULES|NOISIN|1,UNKNOWN_NO_ISIN,HERCULES|INE688E01024|1
HERCULES,INE688E01024,2011-06-22,2026-01-01,3445,1601,5185,66,HERCULES|INE688E01024|1,EQUITY,HERCULES|INE688E01024|1
HERDILCHEM,,2005-01-03,2006-04-03,311,0,310,0,HERDILCHEM|NOISIN|1,UNKNOWN_NO_ISIN,HERDILCHEM|NOISIN|1
HERITGFOOD,,2005-01-03,2007-02-08,522,0,521,0,HERITGFOOD|NOISIN|1,UNKNOWN_NO_ISIN,HERITGFOOD|NOISIN|1
HERITGFOOD,,2007-06-08,2008-01-10,151,602,752,0,HERITGFOOD|NOISIN|2,UNKNOWN_NO_ISIN,HERITGFOOD|NOISIN|2
HERITGFOOD,,2008-02-29,2008-11-03,162,788,952,1,HERITGFOOD|NOISIN|3,UNKNOWN_NO_ISIN,HERITGFOOD|NOISIN|3
HERITGFOOD,,2009-03-02,2009-08-20,116,1030,1145,0,HERITGFOOD|NOISIN|4,UNKNOWN_NO_ISIN,HERITGFOOD|NOISIN|4
HERITGFOOD,,2009-11-20,2010-09-16,205,1205,1409,0,HERITGFOOD|NOISIN|5,UNKNOWN_NO_ISIN,HERITGFOOD|NOISIN|5
HERITGFOOD,,2010-12-03,2011-01-06,24,1464,1487,0,HERITGFOOD|NOISIN|6,UNKNOWN_NO_ISIN,HERITGFOOD|NOISIN|6
HERITGFOOD,,2011-03-07,2011-06-21,74,1527,1600,0,HERITGFOOD|NOISIN|7,UNKNOWN_NO_ISIN,HERITGFOOD|INE978A01019|1
HERITGFOOD,INE978A01019,2011-06-22,2017-10-10,1490,1601,3153,63,HERITGFOOD|INE978A01019|1,EQUITY,HERITGFOOD|INE978A01019|1
HERITGFOOD,INE978A01027,2017-10-11,2026-09-30,2215,3154,5368,0,HERITGFOOD|INE978A01027|1,EQUITY,HERITGFOOD|INE978A01019|1
HEROHONDA,,2005-01-03,2011-06-21,1601,0,1600,0,HEROHONDA|NOISIN|1,UNKNOWN_NO_ISIN,HEROHONDA|INE158A01026|1
HEROHONDA,INE158A01026,2011-06-22,2011-08-05,33,1601,1633,0,HEROHONDA|INE158A01026|1,EQUITY,HEROHONDA|INE158A01026|1
HEROMOTOCO,INE158A01026,2011-08-08,2026-09-30,3735,1634,5368,0,HEROMOTOCO|INE158A01026|1,EQUITY,HEROHONDA|INE158A01026|1
HEROMOTORS,INE012G01022,2026-09-23,2026-09-30,6,5363,5368,0,HEROMOTORS|INE012G01022|1,EQUITY,HEROMOTORS|INE012G01022|1
HESTERBIO,INE782E01017,2015-03-13,2026-09-30,2852,2517,5368,0,HESTERBIO|INE782E01017|1,EQUITY,HESTERBIO|INE782E01017|1
HEUBACHIND,INE492A01029,2023-03-10,2026-01-19,704,4493,5196,0,HEUBACHIND|INE492A01029|1,EQUITY,CLNINDIA|INE492A01029|1
HEXAGON,INE0JUI01012,2026-06-29,2026-07-15,13,5302,5314,0,HEXAGON|INE0JUI01012|1,EQUITY,HEXAGON|INE0JUI01012|1
HEXATRADEX,INE750M01017,2012-05-04,2026-09-30,2424,1814,5368,762,HEXATRADEX|INE750M01017|1,EQUITY,HEXATRADEX|INE750M01017|1
HEXAWARE,,2005-01-03,2011-06-21,1601,0,1600,0,HEXAWARE|NOISIN|1,UNKNOWN_NO_ISIN,HEXAWARE|INE093A01033|1
HEXAWARE,INE093A01033,2011-06-22,2020-10-30,2308,1601,3908,0,HEXAWARE|INE093A01033|1,EQUITY,HEXAWARE|INE093A01033|1
HEXT,INE093A01041,2025-02-19,2026-09-30,397,4972,5368,0,HEXT|INE093A01041|1,EQUITY,HEXT|INE093A01041|1
HFCL,,2011-03-23,2011-06-21,62,1539,1600,0,HFCL|NOISIN|1,UNKNOWN_NO_ISIN,HFCL|INE548A01028|1
HFCL,INE548A01028,2011-06-22,2026-09-02,3675,1601,5349,63,HFCL|INE548A01028|1,EQUITY,HFCL|INE548A01028|1
HGINFRA,INE926X01010,2018-03-09,2026-09-30,2113,3256,5368,0,HGINFRA|INE926X01010|1,EQUITY,HGINFRA|INE926X01010|1
HGM,INE596H01014,2025-12-02,2026-09-30,205,5164,5368,0,HGM|INE596H01014|1,EQUITY,HGM|INE596H01014|1
HGS,INE170I01016,2011-11-30,2026-09-30,3554,1709,5368,106,HGS|INE170I01016|1,EQUITY,HGSL|INE170I01016|1
HGSL,,2009-01-23,2011-06-21,594,1006,1600,1,HGSL|NOISIN|1,UNKNOWN_NO_ISIN,HGSL|INE170I01016|1
HGSL,INE170I01016,2011-06-22,2011-11-29,108,1601,1708,0,HGSL|INE170I01016|1,EQUITY,HGSL|INE170I01016|1
HIGHGROUND,INE361M01021,2016-11-24,2019-09-23,700,2935,3634,0,HIGHGROUND|INE361M01021|1,EQUITY,HIGHGROUND|INE361M01021|1
HIKAL,,2005-01-03,2011-06-21,1599,0,1600,1,HIKAL|NOISIN|1,UNKNOWN_NO_ISIN,HIKAL|INE475B01014|1
HIKAL,INE475B01014,2011-06-22,2015-02-27,908,1601,2508,0,HIKAL|INE475B01014|1,EQUITY,HIKAL|INE475B01014|1
HIKAL,INE475B01022,2015-03-02,2026-09-30,2860,2509,5368,0,HIKAL|INE475B01022|1,EQUITY,HIKAL|INE475B01014|1
HIL,INE557A01011,2012-10-26,2025-04-08,3044,1934,5003,26,HIL|INE557A01011|1,EQUITY,BIRLANU|INE557A01011|1
HILINFRA,INE00RL01028,2025-08-28,2026-09-30,205,5099,5368,65,HILINFRA|INE00RL01028|1,EQUITY,HILINFRA|INE00RL01028|1
HILTON,,2007-05-24,2009-06-11,504,591,1095,1,HILTON|NOISIN|1,UNKNOWN_NO_ISIN,HILTON|NOISIN|1
HILTON,,2009-08-21,2011-06-21,455,1146,1600,0,HILTON|NOISIN|2,UNKNOWN_NO_ISIN,HILTON|INE788H01017|1
HILTON,INE788H01017,2011-06-22,2026-09-30,3023,1601,5368,71,HILTON|INE788H01017|1,EQUITY,HILTON|INE788H01017|1
HIMACHLFUT,,2005-01-03,2010-02-18,1265,0,1264,0,HIMACHLFUT|NOISIN|1,UNKNOWN_NO_ISIN,HIMACHLFUT|NOISIN|1
HIMACHLFUT,,2010-06-11,2010-12-02,123,1341,1463,0,HIMACHLFUT|NOISIN|2,UNKNOWN_NO_ISIN,HIMACHLFUT|NOISIN|2
HIMATSEIDE,,2005-01-03,2010-12-02,1428,0,1463,18,HIMATSEIDE|NOISIN|1,UNKNOWN_NO_ISIN,HIMATSEIDE|NOISIN|1
HIMATSEIDE,,2011-03-07,2011-06-21,74,1527,1600,0,HIMATSEIDE|NOISIN|2,UNKNOWN_NO_ISIN,HIMATSEIDE|INE049A01027|1
HIMATSEIDE,INE049A01027,2011-06-22,2026-09-30,3678,1601,5368,62,HIMATSEIDE|INE049A01027|1,EQUITY,HIMATSEIDE|INE049A01027|1
HINDADH,INE074C01013,2026-08-17,2026-09-30,32,5337,5368,0,HINDADH|INE074C01013|1,EQUITY,HINDADH|INE074C01013|1
HINDALC0,,2005-01-03,2007-08-24,657,0,656,0,HINDALC0|NOISIN|1,UNKNOWN_NO_ISIN,HINDALC0|NOISIN|1
HINDALCO,,2007-08-27,2011-06-21,944,657,1600,0,HINDALCO|NOISIN|1,UNKNOWN_NO_ISIN,HINDALC0|NOISIN|1
HINDALCO,INE038A01020,2011-06-22,2026-09-30,3768,1601,5368,0,HINDALCO|INE038A01020|1,EQUITY,HINDALC0|NOISIN|1
HINDALUMI,INE227B01019,2026-08-17,2026-09-30,32,5337,5368,0,HINDALUMI|INE227B01019|1,EQUITY,HINDALUMI|INE227B01019|1
HINDCOMPOS,,2005-01-03,2005-03-03,42,0,41,0,HINDCOMPOS|NOISIN|1,UNKNOWN_NO_ISIN,HINDCOMPOS|NOISIN|1
HINDCOMPOS,,2005-04-08,2005-07-07,64,66,129,0,HINDCOMPOS|NOISIN|2,UNKNOWN_NO_ISIN,HINDCOMPOS|NOISIN|2
HINDCOMPOS,,2006-06-12,2006-06-29,13,356,369,1,HINDCOMPOS|NOISIN|3,UNKNOWN_NO_ISIN,HINDCOMPOS|NOISIN|3
HINDCOMPOS,,2006-11-24,2007-07-12,147,471,626,2,HINDCOMPOS|NOISIN|4,UNKNOWN_NO_ISIN,HINDCOMPOS|NOISIN|4
HINDCOMPOS,,2007-08-31,2008-01-10,90,661,752,1,HINDCOMPOS|NOISIN|5,UNKNOWN_NO_ISIN,HINDCOMPOS|NOISIN|5
HINDCOMPOS,,2008-02-29,2008-04-21,32,788,819,0,HINDCOMPOS|NOISIN|6,UNKNOWN_NO_ISIN,HINDCOMPOS|NOISIN|6
HINDCOMPOS,,2008-06-13,2009-05-28,124,856,1085,13,HINDCOMPOS|NOISIN|7,UNKNOWN_NO_ISIN,HINDCOMPOS|NOISIN|7
HINDCOMPOS,,2009-08-21,2009-10-05,27,1146,1174,1,HINDCOMPOS|NOISIN|8,UNKNOWN_NO_ISIN,HINDCOMPOS|NOISIN|8
HINDCOMPOS,,2009-11-20,2011-06-21,392,1205,1600,2,HINDCOMPOS|NOISIN|9,UNKNOWN_NO_ISIN,HINDCOMPOS|INE310C01011|1
HINDCOMPOS,INE310C01011,2011-06-22,2017-05-25,1274,1601,3059,51,HINDCOMPOS|INE310C01011|1,EQUITY,HINDCOMPOS|INE310C01011|1
HINDCOMPOS,INE310C01029,2017-05-26,2026-09-30,2309,3060,5368,0,HINDCOMPOS|INE310C01029|1,EQUITY,HINDCOMPOS|INE310C01011|1
HINDCON,INE642Y01011,2021-07-05,2023-08-11,493,4074,4597,31,HINDCON|INE642Y01011|1,EQUITY,HINDCON|INE642Y01011|1
HINDCON,INE642Y01029,2023-11-20,2026-09-30,421,4663,5368,147,HINDCON|INE642Y01029|1,EQUITY,HINDCON|INE642Y01029|1
HINDCONS,,2005-01-03,2006-07-07,376,0,375,0,HINDCONS|NOISIN|1,UNKNOWN_NO_ISIN,HCC|INE549A01026|1
HINDCOPPER,,2010-01-08,2011-06-21,364,1237,1600,0,HINDCOPPER|NOISIN|1,UNKNOWN_NO_ISIN,HINDCOPPER|INE531E01026|1
HINDCOPPER,INE531E01026,2011-06-22,2026-09-30,3768,1601,5368,0,HINDCOPPER|INE531E01026|1,EQUITY,HINDCOPPER|INE531E01026|1
HINDDORROL,,2005-01-03,2005-03-10,47,0,46,0,HINDDORROL|NOISIN|1,UNKNOWN_NO_ISIN,HINDDORROL|NOISIN|1
HINDDORROL,,2006-02-17,2006-06-29,90,280,369,0,HINDDORROL|NOISIN|2,UNKNOWN_NO_ISIN,HINDDORROL|NOISIN|2
HINDDORROL,,2007-03-02,2011-06-21,1065,536,1600,0,HINDDORROL|NOISIN|3,UNKNOWN_NO_ISIN,HINDDORROL|INE551A01022|1
HINDDORROL,INE551A01022,2011-06-22,2018-05-21,1341,1601,3304,132,HINDDORROL|INE551A01022|1,EQUITY,HINDDORROL|INE551A01022|1
HINDLEVER,,2005-01-03,2007-07-18,631,0,630,0,HINDLEVER|NOISIN|1,UNKNOWN_NO_ISIN,HINDLEVER|NOISIN|1
HINDMOTOR,,2005-01-03,2009-06-11,1096,0,1095,0,HINDMOTOR|NOISIN|1,UNKNOWN_NO_ISIN,HINDMOTOR|NOISIN|1
HINDMOTOR,,2009-08-21,2009-11-26,64,1146,1209,0,HINDMOTOR|NOISIN|2,UNKNOWN_NO_ISIN,HINDMOTOR|NOISIN|2
HINDMOTOR,,2010-02-19,2011-01-25,236,1265,1500,0,HINDMOTOR|NOISIN|3,UNKNOWN_NO_ISIN,HINDMOTOR|NOISIN|3
HINDMOTORS,,2011-03-08,2011-06-21,73,1528,1600,0,HINDMOTORS|NOISIN|1,UNKNOWN_NO_ISIN,HINDMOTORS|INE253A01025|1
HINDMOTORS,INE253A01025,2011-06-22,2025-10-01,2940,1601,5123,89,HINDMOTORS|INE253A01025|1,EQUITY,HINDMOTORS|INE253A01025|1
HINDNATGLS,,2009-04-15,2011-06-21,543,1056,1600,1,HINDNATGLS|NOISIN|1,UNKNOWN_NO_ISIN,HINDNATGLS|INE952A01022|1
HINDNATGLS,INE952A01022,2011-06-22,2025-09-02,2348,1601,5102,830,HINDNATGLS|INE952A01022|1,EQUITY,HINDNATGLS|INE952A01022|1
HINDOILEXP,,2005-01-03,2011-06-21,1601,0,1600,0,HINDOILEXP|NOISIN|1,UNKNOWN_NO_ISIN,HINDOILEXP|INE345A01011|1
HINDOILEXP,INE345A01011,2011-06-22,2026-09-30,3708,1601,5368,60,HINDOILEXP|INE345A01011|1,EQUITY,HINDOILEXP|INE345A01011|1
HINDPETRO,,2005-01-03,2011-06-21,1601,0,1600,0,HINDPETRO|NOISIN|1,UNKNOWN_NO_ISIN,HINDPETRO|INE094A01015|1
HINDPETRO,INE094A01015,2011-06-22,2026-09-30,3768,1601,5368,0,HINDPETRO|INE094A01015|1,EQUITY,HINDPETRO|INE094A01015|1
HINDSANIT,,2005-01-03,2009-04-24,1064,0,1063,0,HINDSANIT|NOISIN|1,UNKNOWN_NO_ISIN,HINDSANIT|NOISIN|1
HINDSPG,,2005-01-03,2005-03-03,42,0,41,0,HINDSPG|NOISIN|1,UNKNOWN_NO_ISIN,HINDSPG|NOISIN|1
HINDSYNTEX,,2005-01-03,2005-03-17,52,0,51,0,HINDSYNTEX|NOISIN|1,UNKNOWN_NO_ISIN,HINDSYNTEX|NOISIN|1
HINDSYNTEX,,2005-07-08,2005-08-04,19,130,148,0,HINDSYNTEX|NOISIN|2,UNKNOWN_NO_ISIN,HINDSYNTEX|NOISIN|2
HINDSYNTEX,,2006-06-12,2007-11-29,349,356,724,3,HINDSYNTEX|NOISIN|3,UNKNOWN_NO_ISIN,HINDSYNTEX|NOISIN|3
HINDSYNTEX,,2008-02-29,2008-08-07,103,788,895,1,HINDSYNTEX|NOISIN|4,UNKNOWN_NO_ISIN,HINDSYNTEX|NOISIN|4
HINDSYNTEX,,2008-12-02,2008-12-26,12,971,987,5,HINDSYNTEX|NOISIN|5,UNKNOWN_NO_ISIN,HINDSYNTEX|NOISIN|5
HINDSYNTEX,,2009-03-03,2009-06-11,46,1031,1095,3,HINDSYNTEX|NOISIN|6,UNKNOWN_NO_ISIN,HINDSYNTEX|NOISIN|6
HINDSYNTEX,,2009-08-21,2009-12-24,71,1146,1229,6,HINDSYNTEX|NOISIN|7,UNKNOWN_NO_ISIN,HINDSYNTEX|NOISIN|7
HINDSYNTEX,,2010-02-19,2010-09-16,135,1265,1409,2,HINDSYNTEX|NOISIN|8,UNKNOWN_NO_ISIN,HINDSYNTEX|NOISIN|8
HINDSYNTEX,,2010-12-03,2011-04-18,81,1464,1555,4,HINDSYNTEX|NOISIN|9,UNKNOWN_NO_ISIN,HINDSYNTEX|NOISIN|9
HINDSYNTEX,INE155B01012,2011-09-07,2019-09-09,806,1653,3625,191,HINDSYNTEX|INE155B01012|1,EQUITY,HINDSYNTEX|INE155B01012|1
HINDUJAFO,,2008-03-24,2008-06-12,51,801,855,1,HINDUJAFO|NOISIN|1,UNKNOWN_NO_ISIN,ENNOREFO|NOISIN|2
HINDUJAFO,,2008-08-22,2009-06-11,164,905,1095,5,HINDUJAFO|NOISIN|2,UNKNOWN_NO_ISIN,HINDUJAFO|NOISIN|2
HINDUJAFO,,2009-11-20,2011-06-21,395,1205,1600,1,HINDUJAFO|NOISIN|3,UNKNOWN_NO_ISIN,HINDUJAFO|INE291F01016|1
HINDUJAFO,INE291F01016,2011-06-22,2017-06-05,1297,1601,3066,62,HINDUJAFO|INE291F01016|1,EQUITY,HINDUJAFO|INE291F01016|1
HINDUJATMT,,2007-04-24,2007-11-28,153,571,723,0,HINDUJATMT|NOISIN|1,UNKNOWN_NO_ISIN,HINDUJATMT|NOISIN|1
HINDUJAVEN,,2007-11-29,2011-06-21,876,724,1600,1,HINDUJAVEN|NOISIN|1,UNKNOWN_NO_ISIN,HINDUJATMT|NOISIN|1
HINDUJAVEN,INE353A01023,2011-06-22,2019-11-08,2064,1601,3664,0,HINDUJAVEN|INE353A01023|1,EQUITY,HINDUJATMT|NOISIN|1
HINDUNILVR,,2007-07-19,2011-06-21,970,631,1600,0,HINDUNILVR|NOISIN|1,UNKNOWN_NO_ISIN,HINDLEVER|NOISIN|1
HINDUNILVR,INE030A01027,2011-06-22,2026-09-30,3768,1601,5368,0,HINDUNILVR|INE030A01027|1,EQUITY,HINDLEVER|NOISIN|1
HINDWAREAP,INE05AN01011,2022-06-21,2026-09-30,1056,4313,5368,0,HINDWAREAP|INE05AN01011|1,EQUITY,HINDWAREAP|INE05AN01011|1
HINDZINC,,2006-11-21,2011-06-21,1133,468,1600,0,HINDZINC|NOISIN|1,UNKNOWN_NO_ISIN,HINDZINC|INE267A01025|1
HINDZINC,INE267A01025,2011-06-22,2026-09-30,3768,1601,5368,0,HINDZINC|INE267A01025|1,EQUITY,HINDZINC|INE267A01025|1
HINVDIR,,2009-09-07,2010-07-07,203,1157,1359,0,HINVDIR|NOISIN|1,UNKNOWN_NO_ISIN,HINVDIR|NOISIN|1
HIRAFERRO,INE573I01011,2011-10-25,2014-08-01,446,1686,2370,33,HIRAFERRO|INE573I01011|1,EQUITY,HIRAFERRO|INE573I01011|1
HIRECT,,2006-12-26,2011-06-21,1093,492,1600,3,HIRECT|NOISIN|1,UNKNOWN_NO_ISIN,HIRECT|INE835D01023|1
HIRECT,INE835D01023,2011-06-22,2026-09-30,3572,1601,5368,92,HIRECT|INE835D01023|1,EQUITY,HIRECT|INE835D01023|1
HISARMETAL,INE598C01011,2017-01-05,2026-09-30,2282,2965,5368,62,HISARMETAL|INE598C01011|1,EQUITY,HISARMETAL|INE598C01011|1
HITACHIHOM,,2006-04-04,2011-06-21,1289,311,1600,1,HITACHIHOM|NOISIN|1,UNKNOWN_NO_ISIN,AMTREXAPPL|NOISIN|2
HITACHIHOM,INE782A01015,2011-06-22,2016-09-09,1209,1601,2886,49,HITACHIHOM|INE782A01015|1,EQUITY,AMTREXAPPL|NOISIN|2
HITECH,INE106T01017,2018-05-07,2023-03-16,1204,3294,4497,0,HITECH|INE106T01017|1,EQUITY,HITECH|INE106T01017|1
HITECH,INE106T01025,2023-03-17,2026-09-30,871,4498,5368,0,HITECH|INE106T01025|1,EQUITY,HITECH|INE106T01017|1
HITECHCORP,INE120D01012,2017-05-23,2026-06-01,2108,3057,5283,66,HITECHCORP|INE120D01012|1,EQUITY,HITECHCORP|INE120D01012|1
HITECHGEAR,,2005-01-03,2011-06-21,1562,0,1600,4,HITECHGEAR|NOISIN|1,UNKNOWN_NO_ISIN,HITECHGEAR|INE127B01011|1
HITECHGEAR,INE127B01011,2011-06-22,2024-09-03,3127,1601,4855,64,HITECHGEAR|INE127B01011|1,EQUITY,HITECHGEAR|INE127B01011|1
HITECHPLAS,,2007-12-20,2011-06-21,772,739,1600,8,HITECHPLAS|NOISIN|1,UNKNOWN_NO_ISIN,HITECHCORP|INE120D01012|1
HITECHPLAS,INE120D01012,2011-06-22,2017-05-22,1361,1601,3056,9,HITECHPLAS|INE120D01012|1,EQUITY,HITECHCORP|INE120D01012|1
HLEGLAS,INE461D01010,2021-02-22,2022-10-18,410,3985,4394,0,HLEGLAS|INE461D01010|1,EQUITY,HLEGLAS|INE461D01010|1
HLEGLAS,INE461D01028,2022-10-19,2026-09-30,974,4395,5368,0,HLEGLAS|INE461D01028|1,EQUITY,HLEGLAS|INE461D01010|1
HLVLTD,INE102A01024,2020-01-08,2026-09-30,1516,3705,5368,91,HLVLTD|INE102A01024|1,EQUITY,HLVLTD|INE102A01024|1
HMAAGRO,INE0ECP01016,2023-07-04,2023-12-28,121,4569,4689,0,HMAAGRO|INE0ECP01016|1,EQUITY,HMAAGRO|INE0ECP01016|1
HMAAGRO,INE0ECP01024,2023-12-29,2026-09-30,679,4690,5368,0,HMAAGRO|INE0ECP01024|1,EQUITY,HMAAGRO|INE0ECP01016|1
HMT,,2005-01-03,2008-08-21,905,0,904,0,HMT|NOISIN|1,UNKNOWN_NO_ISIN,HMT|NOISIN|1
HMT,,2008-12-01,2011-06-21,631,970,1600,0,HMT|NOISIN|2,UNKNOWN_NO_ISIN,HMT|INE262A01018|1
HMT,INE262A01018,2011-06-22,2016-05-20,1209,1601,2809,0,HMT|INE262A01018|1,EQUITY,HMT|INE262A01018|1
HMVL,,2010-07-21,2011-06-21,232,1369,1600,0,HMVL|NOISIN|1,UNKNOWN_NO_ISIN,HMVL|INE871K01015|1
HMVL,INE871K01015,2011-06-22,2026-08-06,3661,1601,5330,66,HMVL|INE871K01015|1,EQUITY,HMVL|INE871K01015|1
HNDFDS,INE254N01018,2019-08-19,2022-07-21,605,3611,4335,65,HNDFDS|INE254N01018|1,EQUITY,HNDFDS|INE254N01018|1
HNDFDS,INE254N01026,2022-07-22,2026-09-30,974,4336,5368,59,HNDFDS|INE254N01026|1,EQUITY,HNDFDS|INE254N01018|1
HNGSNGBEES,,2010-03-18,2011-06-21,317,1283,1600,1,HNGSNGBEES|NOISIN|1,UNKNOWN_NO_ISIN,HNGSNGBEES|INF732E01227|1
HNGSNGBEES,INF204KB19I1,2019-12-20,2026-09-30,1675,3693,5368,1,HNGSNGBEES|INF204KB19I1|1,FUND_UNIT,HNGSNGBEES|INF204KB19I1|1
HNGSNGBEES,INF732E01227,2011-06-22,2019-12-19,1978,1601,3692,3,HNGSNGBEES|INF732E01227|1,FUND_UNIT,HNGSNGBEES|INF732E01227|1
HOCL,,2005-01-03,2005-04-07,66,0,65,0,HOCL|NOISIN|1,UNKNOWN_NO_ISIN,HOCL|NOISIN|1
HOCL,,2006-06-12,2006-06-29,14,356,369,0,HOCL|NOISIN|2,UNKNOWN_NO_ISIN,HOCL|NOISIN|2
HOCL,,2006-08-28,2006-11-30,66,410,475,0,HOCL|NOISIN|3,UNKNOWN_NO_ISIN,HOCL|NOISIN|3
HOCL,,2007-06-08,2010-02-18,663,602,1264,0,HOCL|NOISIN|4,UNKNOWN_NO_ISIN,HOCL|NOISIN|4
HOCL,,2010-06-11,2010-12-02,123,1341,1463,0,HOCL|NOISIN|5,UNKNOWN_NO_ISIN,HOCL|NOISIN|5
HOCL,,2011-03-07,2011-06-21,74,1527,1600,0,HOCL|NOISIN|6,UNKNOWN_NO_ISIN,HOCL|INE048A01011|1
HOCL,INE048A01011,2011-06-22,2017-08-16,1350,1601,3116,69,HOCL|INE048A01011|1,EQUITY,HOCL|INE048A01011|1
HOMEFIRST,INE481N01025,2021-02-03,2026-09-30,1397,3972,5368,0,HOMEFIRST|INE481N01025|1,EQUITY,HOMEFIRST|INE481N01025|1
HONASA,INE0J5401028,2023-11-07,2026-09-30,714,4655,5368,0,HONASA|INE0J5401028|1,EQUITY,HONASA|INE0J5401028|1
HONAUT,,2005-03-24,2011-06-21,1544,56,1600,1,HONAUT|NOISIN|1,UNKNOWN_NO_ISIN,HONAUT|INE671A01010|1
HONAUT,INE671A01010,2011-06-22,2026-09-30,3768,1601,5368,0,HONAUT|INE671A01010|1,EQUITY,HONAUT|INE671A01010|1
HONDAPOWER,,2006-04-04,2010-02-18,947,311,1264,1,HONDAPOWER|NOISIN|1,UNKNOWN_NO_ISIN,HONDAPOWER|NOISIN|1
HONDAPOWER,,2010-06-11,2011-06-21,260,1341,1600,0,HONDAPOWER|NOISIN|2,UNKNOWN_NO_ISIN,HONDAPOWER|INE634A01018|1
HONDAPOWER,INE634A01018,2011-06-22,2026-09-30,3742,1601,5368,26,HONDAPOWER|INE634A01018|1,EQUITY,HONDAPOWER|INE634A01018|1
HOPFL,,2007-02-15,2009-09-17,639,526,1165,1,HOPFL|NOISIN|1,UNKNOWN_NO_ISIN,HOPFL|NOISIN|1
HOPFL,,2009-11-20,2010-09-02,196,1205,1400,0,HOPFL|NOISIN|2,UNKNOWN_NO_ISIN,HOPFL|NOISIN|2
HOPFL,,2010-12-03,2011-06-09,129,1464,1592,0,HOPFL|NOISIN|3,UNKNOWN_NO_ISIN,HOPFL|NOISIN|3
HOPFL,INE940H01014,2011-09-06,2012-06-29,132,1652,1854,71,HOPFL|INE940H01014|1,EQUITY,HOPFL|INE940H01014|1
HORIZONBAT,,2008-01-25,2008-02-07,10,763,772,0,HORIZONBAT|NOISIN|1,UNKNOWN_NO_ISIN,HORIZONBAT|NOISIN|1
HORIZONIND,INE685T01010,2026-08-24,2026-09-30,27,5342,5368,0,HORIZONIND|INE685T01010|1,EQUITY,HORIZONIND|INE685T01010|1
HORIZONINF,,2008-06-13,2010-09-30,540,856,1419,3,HORIZONINF|NOISIN|1,UNKNOWN_NO_ISIN,HORIZONINF|NOISIN|1
HORIZONINF,,2010-12-03,2011-01-06,24,1464,1487,0,HORIZONINF|NOISIN|2,UNKNOWN_NO_ISIN,HORIZONINF|NOISIN|2
HORIZONINF,,2011-03-07,2011-04-28,36,1527,1562,0,HORIZONINF|NOISIN|3,UNKNOWN_NO_ISIN,HORIZONINF|NOISIN|3
HORIZONINF,INE429F01012,2011-09-06,2014-03-21,626,1652,2281,1,HORIZONINF|INE429F01012|1,EQUITY,HORIZONINF|INE429F01012|1
HOTELEELA,,2005-04-08,2011-06-21,1535,66,1600,0,HOTELEELA|NOISIN|1,UNKNOWN_NO_ISIN,HLVLTD|INE102A01024|1
HOTELEELA,INE102A01024,2011-06-22,2020-01-07,2093,1601,3704,11,HOTELEELA|INE102A01024|1,EQUITY,HLVLTD|INE102A01024|1
HOTELRUGBY,,2005-09-26,2005-10-06,8,183,191,1,HOTELRUGBY|NOISIN|1,UNKNOWN_NO_ISIN,HOTELRUGBY|NOISIN|1
HOTELRUGBY,,2006-08-30,2006-12-14,71,412,485,1,HOTELRUGBY|NOISIN|2,UNKNOWN_NO_ISIN,HOTELRUGBY|NOISIN|2
HOTELRUGBY,,2007-03-02,2007-05-17,51,536,586,0,HOTELRUGBY|NOISIN|3,UNKNOWN_NO_ISIN,HOTELRUGBY|NOISIN|3
HOTELRUGBY,,2007-08-31,2007-09-20,15,661,675,0,HOTELRUGBY|NOISIN|4,UNKNOWN_NO_ISIN,HOTELRUGBY|NOISIN|4
HOTELRUGBY,,2007-12-03,2007-12-28,18,726,743,0,HOTELRUGBY|NOISIN|5,UNKNOWN_NO_ISIN,HOTELRUGBY|NOISIN|5
HOTELRUGBY,,2008-02-29,2008-05-02,40,788,827,0,HOTELRUGBY|NOISIN|6,UNKNOWN_NO_ISIN,HOTELRUGBY|NOISIN|6
HOTELRUGBY,,2008-06-13,2009-06-11,219,856,1095,6,HOTELRUGBY|NOISIN|7,UNKNOWN_NO_ISIN,HOTELRUGBY|NOISIN|7
HOTELRUGBY,,2009-08-21,2009-12-24,83,1146,1229,1,HOTELRUGBY|NOISIN|8,UNKNOWN_NO_ISIN,HOTELRUGBY|NOISIN|8
HOTELRUGBY,,2010-02-19,2010-05-13,56,1265,1320,0,HOTELRUGBY|NOISIN|9,UNKNOWN_NO_ISIN,HOTELRUGBY|NOISIN|9
HOTELRUGBY,,2010-08-20,2010-09-16,19,1391,1409,0,HOTELRUGBY|NOISIN|10,UNKNOWN_NO_ISIN,HOTELRUGBY|NOISIN|10
HOTELRUGBY,,2010-12-03,2011-06-21,135,1464,1600,1,HOTELRUGBY|NOISIN|11,UNKNOWN_NO_ISIN,HOTELRUGBY|INE275F01019|1
HOTELRUGBY,INE275F01019,2011-06-22,2022-11-18,1146,1601,4415,678,HOTELRUGBY|INE275F01019|1,EQUITY,HOTELRUGBY|INE275F01019|1
HOVS,,2006-09-27,2007-01-25,82,432,513,0,HOVS|NOISIN|1,UNKNOWN_NO_ISIN,HOVS|NOISIN|1
HOVS,,2007-06-08,2007-08-23,54,602,655,0,HOVS|NOISIN|2,UNKNOWN_NO_ISIN,HOVS|NOISIN|2
HOVS,,2007-12-03,2008-06-12,130,726,855,0,HOVS|NOISIN|3,UNKNOWN_NO_ISIN,HOVS|NOISIN|3
HOVS,,2008-08-22,2009-06-11,191,905,1095,0,HOVS|NOISIN|4,UNKNOWN_NO_ISIN,HOVS|NOISIN|4
HOVS,,2009-08-21,2010-04-16,156,1146,1301,0,HOVS|NOISIN|5,UNKNOWN_NO_ISIN,HOVS|NOISIN|5
HOVS,,2010-06-11,2011-06-21,260,1341,1600,0,HOVS|NOISIN|6,UNKNOWN_NO_ISIN,HGM|INE596H01014|1
HOVS,INE596H01014,2011-06-22,2025-06-12,2904,1601,5046,77,HOVS|INE596H01014|1,EQUITY,HGM|INE596H01014|1
HPAL,INE0GSL01016,2022-01-10,2023-11-08,454,4203,4656,0,HPAL|INE0GSL01016|1,EQUITY,HPAL|INE0GSL01016|1
HPAL,INE0GSL01024,2023-11-09,2026-09-30,712,4657,5368,0,HPAL|INE0GSL01024|1,EQUITY,HPAL|INE0GSL01016|1
HPIL,INE05X901010,2022-11-07,2026-09-29,765,4407,5367,94,HPIL|INE05X901010|1,EQUITY,HPIL|INE05X901010|1
HPL,INE495S01016,2016-10-04,2026-09-30,2448,2902,5368,19,HPL|INE495S01016|1,EQUITY,HPL|INE495S01016|1
HRYNSHP,INE400G01011,2026-08-17,2026-09-30,32,5337,5368,0,HRYNSHP|INE400G01011|1,EQUITY,HRYNSHP|INE400G01011|1
HSBCGOLD,INF336L01RX2,2026-03-27,2026-09-30,127,5242,5368,0,HSBCGOLD|INF336L01RX2|1,FUND_UNIT,HSBCGOLD|INF336L01RX2|1
HSCL,INE019C01026,2016-08-16,2026-09-30,2433,2869,5368,62,HSCL|INE019C01026|1,EQUITY,HCIL|INE019C01026|1
HSIL,,2009-04-27,2009-06-11,31,1064,1095,1,HSIL|NOISIN|1,UNKNOWN_NO_ISIN,HINDSANIT|NOISIN|1
HSIL,,2009-08-21,2011-06-21,455,1146,1600,0,HSIL|NOISIN|2,UNKNOWN_NO_ISIN,AGI|INE415A01038|1
HSIL,INE415A01038,2011-06-22,2022-05-10,2627,1601,4283,26,HSIL|INE415A01038|1,EQUITY,AGI|INE415A01038|1
HTEL,INE0LEG01024,2026-09-16,2026-09-30,11,5358,5368,0,HTEL|INE0LEG01024|1,EQUITY,HTEL|INE0LEG01024|1
HTMEDIA,,2005-09-01,2011-06-21,1434,167,1600,0,HTMEDIA|NOISIN|1,UNKNOWN_NO_ISIN,HTMEDIA|INE501G01024|1
HTMEDIA,INE501G01024,2011-06-22,2026-09-30,3567,1601,5368,117,HTMEDIA|INE501G01024|1,EQUITY,HTMEDIA|INE501G01024|1
HTMT,,2005-01-03,2007-03-28,554,0,553,0,HTMT|NOISIN|1,UNKNOWN_NO_ISIN,HTMT|NOISIN|1
HTMTGLOBAL,,2007-06-19,2009-01-22,397,609,1005,0,HTMTGLOBAL|NOISIN|1,UNKNOWN_NO_ISIN,HGSL|INE170I01016|1
HUBTOWN,INE703H01016,2011-11-15,2026-09-30,3043,1698,5368,96,HUBTOWN|INE703H01016|1,EQUITY,ACKRUTI|INE703H01016|1
HUDCO,INE031A01017,2017-05-19,2026-09-30,2314,3055,5368,0,HUDCO|INE031A01017|1,EQUITY,HUDCO|INE031A01017|1
HUGHESSOFT,,2005-01-03,2005-03-16,51,0,50,0,HUGHESSOFT|NOISIN|1,UNKNOWN_NO_ISIN,FSS|NOISIN|1
HUHTAMAKI,INE275B01026,2020-11-26,2026-09-30,1443,3926,5368,0,HUHTAMAKI|INE275B01026|1,EQUITY,HUHTAMAKI|INE275B01026|1
HYBRIDETF,INF769K01RJ5,2026-07-31,2026-09-30,43,5326,5368,0,HYBRIDETF|INF769K01RJ5|1,FUND_UNIT,HYBRIDETF|INF769K01RJ5|1
HYBRIDFIN,INE965B01022,2022-12-13,2026-09-30,332,4432,5368,237,HYBRIDFIN|INE965B01022|1,EQUITY,HYBRIDFIN|INE965B01022|1
HYDRBADIND,,2005-01-03,2011-06-21,1600,0,1600,1,HYDRBADIND|NOISIN|1,UNKNOWN_NO_ISIN,BIRLANU|INE557A01011|1
HYDRBADIND,INE557A01011,2011-06-22,2012-10-25,333,1601,1933,0,HYDRBADIND|INE557A01011|1,EQUITY,BIRLANU|INE557A01011|1
HYDROS&S,,2010-01-11,2011-06-21,339,1238,1600,20,HYDROS&S|NOISIN|1,UNKNOWN_NO_ISIN,HYDROS&S|INE473D01015|1
HYDROS&S,INE473D01015,2011-06-22,2015-01-29,662,1601,2488,99,HYDROS&S|INE473D01015|1,EQUITY,HYDROS&S|INE473D01015|1
HYUNDAI,INE0V6F01027,2024-10-22,2026-09-30,480,4889,5368,0,HYUNDAI|INE0V6F01027|1,EQUITY,HYUNDAI|INE0V6F01027|1
I-FLEX,,2005-01-03,2008-09-17,923,0,922,0,I-FLEX|NOISIN|1,UNKNOWN_NO_ISIN,I-FLEX|NOISIN|1
IBIPL,INE834M01019,2012-08-13,2014-11-19,451,1885,2439,40,IBIPL|INE834M01019|1,EQUITY,IBIPL|INE834M01019|1
IBMFNIFTY,INF666M01FS5,2019-05-08,2023-10-25,1104,3541,4646,1,IBMFNIFTY|INF666M01FS5|1,FUND_UNIT,IBMFNIFTY|INF666M01FS5|1
IBN18,,2008-05-15,2011-06-21,765,836,1600,0,IBN18|NOISIN|1,UNKNOWN_NO_ISIN,GBN|NOISIN|1
IBN18,INE886H01027,2011-06-22,2011-07-18,19,1601,1619,0,IBN18|INE886H01027|1,EQUITY,GBN|NOISIN|1
IBP,,2005-01-03,2007-06-01,598,0,597,0,IBP|NOISIN|1,UNKNOWN_NO_ISIN,IBP|NOISIN|1
IBPOW,,2009-10-30,2011-06-21,410,1191,1600,0,IBPOW|NOISIN|1,UNKNOWN_NO_ISIN,IBPOW|INE399K01017|1
IBPOW,INE399K01017,2011-06-22,2014-11-19,808,1601,2439,20,IBPOW|INE399K01017|1,EQUITY,IBPOW|INE399K01017|1
IBREALEST,,2007-03-23,2011-06-21,1050,551,1600,0,IBREALEST|NOISIN|1,UNKNOWN_NO_ISIN,EMBDL|INE069I01010|1
IBREALEST,INE069I01010,2011-06-22,2024-07-05,3215,1601,4815,0,IBREALEST|INE069I01010|1,EQUITY,EMBDL|INE069I01010|1
IBRETAILS,,2008-06-13,2008-12-26,132,856,987,0,IBRETAILS|NOISIN|1,UNKNOWN_NO_ISIN,IBRETAILS|NOISIN|1
IBRETAILS,,2009-03-02,2009-06-11,66,1030,1095,0,IBRETAILS|NOISIN|2,UNKNOWN_NO_ISIN,IBRETAILS|NOISIN|2
IBRETAILS,,2009-08-21,2009-10-23,41,1146,1186,0,IBRETAILS|NOISIN|3,UNKNOWN_NO_ISIN,IBRETAILS|NOISIN|3
IBSEC,,2008-04-02,2011-06-21,793,808,1600,0,IBSEC|NOISIN|1,UNKNOWN_NO_ISIN,DHANI|INE274G01010|1
IBSEC,INE274G01010,2011-06-22,2015-03-31,830,1601,2529,99,IBSEC|INE274G01010|1,EQUITY,DHANI|INE274G01010|1
IBULHSGFIN,INE148I01020,2013-08-06,2024-07-25,2701,2128,4828,0,IBULHSGFIN|INE148I01020|1,EQUITY,IBULHSGFIN|INE148I01020|1
IBULISL,INE126M01010,2018-10-31,2020-12-07,475,3415,3932,43,IBULISL|INE126M01010|1,EQUITY,IBULISL|INE126M01010|1
IBULLSLTD,INE126M01010,2025-12-09,2026-09-30,142,5169,5368,58,IBULLSLTD|INE126M01010|1,EQUITY,IBULISL|INE126M01010|1
IBVENTURES,INE274G01010,2015-04-01,2020-10-27,1285,2530,3905,91,IBVENTURES|INE274G01010|1,EQUITY,DHANI|INE274G01010|1
IBWSL,INE126M01010,2011-09-05,2017-04-17,1195,1651,3032,80,IBWSL|INE126M01010|1,EQUITY,IBULISL|INE126M01010|1
ICCNX100,INF109KA1962,2013-08-27,2014-05-02,80,2141,2306,14,ICCNX100|INF109KA1962|1,FUND_UNIT,ICCNX100|INF109KA1962|1
ICDSLTD,INE613B01010,2024-10-21,2026-09-08,243,4888,5353,75,ICDSLTD|INE613B01010|1,EQUITY,ICDSLTD|INE613B01010|1
ICEMAKE,INE520Y01019,2020-10-12,2026-09-30,1361,3894,5368,57,ICEMAKE|INE520Y01019|1,EQUITY,ICEMAKE|INE520Y01019|1
ICI,,2005-01-03,2010-05-26,1329,0,1329,1,ICI|NOISIN|1,UNKNOWN_NO_ISIN,AKZOINDIA|INE133A01011|1
ICICI10GS,INF109KC18O0,2022-12-19,2023-12-19,180,4436,4683,5,ICICI10GS|INF109KC18O0|1,FUND_UNIT,GSEC10IETF|INF109KC18O0|1
ICICI500,INF109KC1CZ3,2018-05-16,2021-10-28,852,3301,4153,1,ICICI500|INF109KC1CZ3|1,FUND_UNIT,ICICI500|INF109KC1CZ3|1
ICICI500,INF109KC1V59,2021-10-29,2023-12-19,530,4154,4683,0,ICICI500|INF109KC1V59|1,FUND_UNIT,BSE500IETF|INF109KC1V59|1
ICICI5GSEC,INF109KC14A8,2022-03-10,2023-12-19,435,4244,4683,1,ICICI5GSEC|INF109KC14A8|1,FUND_UNIT,GSEC5IETF|INF109KC14A8|1
ICICIALPLV,INF109KC1N59,2020-08-18,2023-12-19,828,3856,4683,0,ICICIALPLV|INF109KC1N59|1,FUND_UNIT,ALPL30IETF|INF109KC1N59|1
ICICIAMC,INE346A01027,2025-12-19,2026-09-30,192,5177,5368,0,ICICIAMC|INE346A01027|1,EQUITY,ICICIAMC|INE346A01027|1
ICICIAUTO,INF109KC1Y49,2022-01-18,2023-12-19,475,4209,4683,0,ICICIAUTO|INF109KC1Y49|1,FUND_UNIT,AUTOIETF|INF109KC1Y49|1
ICICIB22,INF109KB15Y7,2018-04-19,2026-09-30,2086,3283,5368,0,ICICIB22|INF109KB15Y7|1,FUND_UNIT,BHARATIWIN|INF109KB15Y7|1
ICICIBANK,,2005-01-03,2011-06-21,1601,0,1600,0,ICICIBANK|NOISIN|1,UNKNOWN_NO_ISIN,ICICIBANK|INE090A01013|1
ICICIBANK,INE090A01013,2011-06-22,2014-12-04,850,1601,2450,0,ICICIBANK|INE090A01013|1,EQUITY,ICICIBANK|INE090A01013|1
ICICIBANK,INE090A01021,2014-12-05,2026-09-30,2918,2451,5368,0,ICICIBANK|INE090A01021|1,EQUITY,ICICIBANK|INE090A01013|1
ICICIBANKN,INF109KC15I8,2022-09-02,2023-12-19,321,4363,4683,0,ICICIBANKN|INF109KC15I8|1,FUND_UNIT,BANKIETF|INF109KC15I8|1
ICICIBANKN,INF109KC1E27,2019-07-19,2022-09-01,771,3592,4362,0,ICICIBANKN|INF109KC1E27|1,FUND_UNIT,ICICIBANKN|INF109KC1E27|1
ICICIBANKP,INF109KC1E35,2019-08-14,2023-12-19,1075,3609,4683,0,ICICIBANKP|INF109KC1E35|1,FUND_UNIT,ICICIBANKP|INF109KC1E35|1
ICICICOMMO,INF109KC19O8,2022-12-21,2023-12-19,245,4438,4683,1,ICICICOMMO|INF109KC19O8|1,FUND_UNIT,COMMOIETF|INF109KC19O8|1
ICICICONSU,INF109KC1V42,2021-11-02,2023-12-19,528,4156,4683,0,ICICICONSU|INF109KC1V42|1,FUND_UNIT,CONSUMIETF|INF109KC1V42|1
ICICIFIN,INF109KC17L8,2022-11-30,2023-12-19,261,4423,4683,0,ICICIFIN|INF109KC17L8|1,FUND_UNIT,FINIETF|INF109KC17L8|1
ICICIFMCG,INF109KC1R48,2021-08-10,2023-12-19,585,4099,4683,0,ICICIFMCG|INF109KC1R48|1,FUND_UNIT,FMCGIETF|INF109KC1R48|1
ICICIGI,INE765G01017,2017-09-27,2026-09-30,2224,3145,5368,0,ICICIGI|INE765G01017|1,EQUITY,ICICIGI|INE765G01017|1
ICICIGOLD,INF109KB1WF4,2018-04-10,2018-11-15,150,3276,3425,0,ICICIGOLD|INF109KB1WF4|1,FUND_UNIT,GOLDIWIN|INF109KB1WF4|1
ICICIGOLD,INF109KC1NT3,2018-11-16,2023-12-19,1258,3426,4683,0,ICICIGOLD|INF109KC1NT3|1,FUND_UNIT,GOLDIETF|INF109KC1NT3|1
ICICIINFRA,INF109KC16E5,2022-08-23,2023-12-19,328,4356,4683,0,ICICIINFRA|INF109KC16E5|1,FUND_UNIT,ICICIINFRA|INF109KC16E5|1
ICICILIQ,INF109KC1KT9,2018-09-26,2023-12-19,1273,3392,4683,3,ICICILIQ|INF109KC1KT9|1,FUND_UNIT,ICICILIQ|INF109KC1KT9|1
ICICILOVOL,INF109KB10T8,2018-04-10,2023-12-19,1406,3276,4683,1,ICICILOVOL|INF109KB10T8|1,FUND_UNIT,ICICILOVOL|INF109KB10T8|1
ICICIM150,INF109KC1G82,2020-01-28,2023-12-19,965,3719,4683,0,ICICIM150|INF109KC1G82|1,FUND_UNIT,ICICIM150|INF109KC1G82|1
ICICIMCAP,INF109KB1XT3,2018-04-10,2023-12-19,1408,3276,4683,0,ICICIMCAP|INF109KB1XT3|1,FUND_UNIT,ICICIMCAP|INF109KB1XT3|1
ICICIMOM30,INF109KC17C7,2022-08-10,2023-12-19,336,4348,4683,0,ICICIMOM30|INF109KC17C7|1,FUND_UNIT,ICICIMOM30|INF109KC17C7|1
ICICINF100,INF109KA1962,2018-04-10,2023-12-19,1407,3276,4683,1,ICICINF100|INF109KA1962|1,FUND_UNIT,ICCNX100|INF109KA1962|1
ICICINIFTY,INF109K012R6,2018-04-10,2023-12-19,1408,3276,4683,0,ICICINIFTY|INF109K012R6|1,FUND_UNIT,ICICINIFTY|INF109K012R6|1
ICICINV20,INF109KB1WY5,2018-04-10,2023-12-19,1408,3276,4683,0,ICICINV20|INF109KB1WY5|1,FUND_UNIT,ICICINV20|INF109KB1WY5|1
ICICINXT50,INF109KC1JI4,2018-08-31,2018-11-14,46,3376,3424,1,ICICINXT50|INF109KC1JI4|1,FUND_UNIT,ICICINXT50|INF109KC1JI4|1
ICICINXT50,INF109KC1NS5,2018-11-16,2023-12-19,1258,3426,4683,0,ICICINXT50|INF109KC1NS5|1,FUND_UNIT,ICICINXT50|INF109KC1NS5|1
ICICIPHARM,INF109KC1Q72,2021-05-25,2023-12-19,639,4045,4683,0,ICICIPHARM|INF109KC1Q72|1,FUND_UNIT,HEALTHIETF|INF109KC1Q72|1
ICICIPRULI,INE726G01019,2016-09-29,2026-09-30,2470,2899,5368,0,ICICIPRULI|INE726G01019|1,EQUITY,ICICIPRULI|INE726G01019|1
ICICIQTY30,INF109KC15T5,2023-08-10,2023-12-19,87,4596,4683,1,ICICIQTY30|INF109KC15T5|1,FUND_UNIT,ICICIQTY30|INF109KC15T5|1
ICICISENSX,INF346A01034,2018-04-10,2023-12-19,1408,3276,4683,0,ICICISENSX|INF346A01034|1,FUND_UNIT,ICICISENSX|INF346A01034|1
ICICISILVE,INF109KC1Y56,2022-01-31,2023-12-19,467,4217,4683,0,ICICISILVE|INF109KC1Y56|1,FUND_UNIT,ICICISILVE|INF109KC1Y56|1
ICICITECH,INF109KC16I6,2022-09-02,2023-12-19,321,4363,4683,0,ICICITECH|INF109KC16I6|1,FUND_UNIT,ICICITECH|INF109KC16I6|1
ICICITECH,INF109KC1N67,2020-08-20,2022-09-01,505,3858,4362,0,ICICITECH|INF109KC1N67|1,FUND_UNIT,ICICITECH|INF109KC1N67|1
ICIL,,2005-09-12,2007-12-13,562,173,734,0,ICIL|NOISIN|1,UNKNOWN_NO_ISIN,ICIL|NOISIN|1
ICIL,,2008-02-29,2009-10-05,323,788,1174,4,ICIL|NOISIN|2,UNKNOWN_NO_ISIN,ICIL|NOISIN|2
ICIL,,2009-11-20,2010-05-27,97,1205,1330,18,ICIL|NOISIN|3,UNKNOWN_NO_ISIN,ICIL|NOISIN|3
ICIL,,2010-12-03,2011-06-21,124,1464,1600,4,ICIL|NOISIN|4,UNKNOWN_NO_ISIN,ICIL|INE483B01018|1
ICIL,INE483B01018,2011-06-22,2016-11-11,1152,1601,2927,63,ICIL|INE483B01018|1,EQUITY,ICIL|INE483B01018|1
ICIL,INE483B01026,2016-11-15,2026-09-30,2441,2928,5368,0,ICIL|INE483B01026|1,EQUITY,ICIL|INE483B01026|1
ICNX100,INF109KA1962,2014-05-05,2016-07-22,515,2307,2853,5,ICNX100|INF109KA1962|1,FUND_UNIT,ICCNX100|INF109KA1962|1
ICRA,,2007-04-13,2011-06-21,1037,564,1600,0,ICRA|NOISIN|1,UNKNOWN_NO_ISIN,ICRA|INE725G01011|1
ICRA,INE725G01011,2011-06-22,2026-09-30,3768,1601,5368,0,ICRA|INE725G01011|1,EQUITY,ICRA|INE725G01011|1
ICSA,,2006-09-28,2011-06-21,1168,433,1600,0,ICSA|NOISIN|1,UNKNOWN_NO_ISIN,ICSA|INE306B01029|1
ICSA,INE306B01029,2011-06-22,2018-01-03,1484,1601,3212,96,ICSA|INE306B01029|1,EQUITY,ICSA|INE306B01029|1
IDBI,,2005-01-03,2011-06-21,1601,0,1600,0,IDBI|NOISIN|1,UNKNOWN_NO_ISIN,IDBI|INE008A01015|1
IDBI,INE008A01015,2011-06-22,2026-09-30,3768,1601,5368,0,IDBI|INE008A01015|1,EQUITY,IDBI|INE008A01015|1
IDBIBANK,,2005-01-03,2005-05-06,86,0,85,0,IDBIBANK|NOISIN|1,UNKNOWN_NO_ISIN,IDBIBANK|NOISIN|1
IDBIGOLD,INF397L01554,2011-11-17,2023-07-28,2872,1700,4587,1,IDBIGOLD|INF397L01554|1,FUND_UNIT,IDBIGOLD|INF397L01554|1
IDEA,,2007-03-09,2011-06-21,1060,541,1600,0,IDEA|NOISIN|1,UNKNOWN_NO_ISIN,IDEA|INE669E01016|1
IDEA,INE669E01016,2011-06-22,2026-09-30,3768,1601,5368,0,IDEA|INE669E01016|1,EQUITY,IDEA|INE669E01016|1
IDEAFORGE,INE349Y01013,2023-07-07,2026-09-30,739,4572,5368,58,IDEAFORGE|INE349Y01013|1,EQUITY,IDEAFORGE|INE349Y01013|1
IDFC,,2005-08-12,2011-06-21,1447,154,1600,0,IDFC|NOISIN|1,UNKNOWN_NO_ISIN,IDFC|INE043D01016|1
IDFC,INE043D01016,2011-06-22,2024-10-09,3280,1601,4880,0,IDFC|INE043D01016|1,EQUITY,IDFC|INE043D01016|1
IDFCBANK,INE092T01019,2015-11-23,2019-01-15,778,2689,3466,0,IDFCBANK|INE092T01019|1,EQUITY,IDFCBANK|INE092T01019|1
IDFCFIRSTB,INE092T01019,2019-01-16,2026-09-30,1902,3467,5368,0,IDFCFIRSTB|INE092T01019|1,EQUITY,IDFCBANK|INE092T01019|1
IDFNIFTYET,INF194KA1U07,2016-10-18,2026-09-30,2351,2910,5368,6,IDFNIFTYET|INF194KA1U07|1,FUND_UNIT,IDFNIFTYET|INF194KA1U07|1
IEL,INE059901020,2023-01-10,2025-10-27,320,4452,5139,168,IEL|INE059901020|1,EQUITY,IEL|INE059901020|1
IEX,INE022Q01012,2017-10-23,2018-10-19,247,3161,3407,0,IEX|INE022Q01012|1,EQUITY,IEX|INE022Q01012|1
IEX,INE022Q01020,2018-10-22,2026-09-30,1961,3408,5368,0,IEX|INE022Q01020|1,EQUITY,IEX|INE022Q01012|1
IFBAGRO,,2005-04-08,2005-09-22,116,66,181,0,IFBAGRO|NOISIN|1,UNKNOWN_NO_ISIN,IFBAGRO|NOISIN|1
IFBAGRO,,2006-06-12,2006-06-29,13,356,369,1,IFBAGRO|NOISIN|2,UNKNOWN_NO_ISIN,IFBAGRO|NOISIN|2
IFBAGRO,,2006-08-28,2007-03-01,126,410,535,0,IFBAGRO|NOISIN|3,UNKNOWN_NO_ISIN,IFBAGRO|NOISIN|3
IFBAGRO,,2007-06-08,2011-06-21,949,602,1600,8,IFBAGRO|NOISIN|4,UNKNOWN_NO_ISIN,IFBAGRO|INE076C01018|1
IFBAGRO,INE076C01018,2011-06-22,2026-09-30,3308,1601,5368,71,IFBAGRO|INE076C01018|1,EQUITY,IFBAGRO|INE076C01018|1
IFBIND,,2005-01-03,2005-05-26,100,0,99,0,IFBIND|NOISIN|1,UNKNOWN_NO_ISIN,IFBIND|NOISIN|1
IFBIND,,2006-02-17,2007-08-30,381,280,660,0,IFBIND|NOISIN|2,UNKNOWN_NO_ISIN,IFBIND|NOISIN|2
IFBIND,,2007-12-03,2009-02-27,303,726,1029,1,IFBIND|NOISIN|3,UNKNOWN_NO_ISIN,IFBIND|NOISIN|3
IFBIND,,2009-06-12,2011-06-21,505,1096,1600,0,IFBIND|NOISIN|4,UNKNOWN_NO_ISIN,IFBIND|INE559A01017|1
IFBIND,INE559A01017,2011-06-22,2026-09-30,3768,1601,5368,0,IFBIND|INE559A01017|1,EQUITY,IFBIND|INE559A01017|1
IFCI,,2005-01-03,2011-06-21,1601,0,1600,0,IFCI|NOISIN|1,UNKNOWN_NO_ISIN,IFCI|INE039A01010|1
IFCI,INE039A01010,2011-06-22,2026-09-30,3768,1601,5368,0,IFCI|INE039A01010|1,EQUITY,IFCI|INE039A01010|1
IFGLEXPOR,INE133Y01011,2017-11-28,2026-09-30,2182,3187,5368,0,IFGLEXPOR|INE133Y01011|1,EQUITY,IFGLEXPOR|INE133Y01011|1
IFGLREFRAC,,2005-01-03,2011-06-21,1597,0,1600,1,IFGLREFRAC|NOISIN|1,UNKNOWN_NO_ISIN,IFGLREFRAC|INE023B01012|1
IFGLREFRAC,INE023B01012,2011-06-22,2017-09-13,1460,1601,3135,64,IFGLREFRAC|INE023B01012|1,EQUITY,IFGLREFRAC|INE023B01012|1
IFL,,2009-06-19,2010-09-02,282,1101,1400,18,IFL|NOISIN|1,UNKNOWN_NO_ISIN,IFL|NOISIN|1
IGARASHI,,2005-04-21,2009-04-17,983,74,1058,1,IGARASHI|NOISIN|1,UNKNOWN_NO_ISIN,CGIGARSH|NOISIN|1
IGARASHI,,2009-08-21,2009-10-05,29,1146,1174,0,IGARASHI|NOISIN|2,UNKNOWN_NO_ISIN,IGARASHI|NOISIN|2
IGARASHI,,2009-11-20,2010-01-21,42,1205,1246,0,IGARASHI|NOISIN|3,UNKNOWN_NO_ISIN,IGARASHI|NOISIN|3
IGARASHI,,2010-08-20,2011-06-21,210,1391,1600,0,IGARASHI|NOISIN|4,UNKNOWN_NO_ISIN,IGARASHI|INE188B01013|1
IGARASHI,INE188B01013,2011-06-22,2026-09-30,3755,1601,5368,2,IGARASHI|INE188B01013|1,EQUITY,IGARASHI|INE188B01013|1
IGCL,INE05J901018,2025-07-17,2026-09-30,298,5071,5368,0,IGCL|INE05J901018|1,EQUITY,IGCL|INE05J901018|1
IGFLFERT,,2005-01-03,2006-04-07,314,0,313,0,IGFLFERT|NOISIN|1,UNKNOWN_NO_ISIN,IGFLFERT|NOISIN|1
IGIL,INE0Q9301021,2024-12-20,2026-09-30,439,4930,5368,0,IGIL|INE0Q9301021|1,EQUITY,IGIL|INE0Q9301021|1
IGL,,2005-01-03,2011-06-21,1601,0,1600,0,IGL|NOISIN|1,UNKNOWN_NO_ISIN,IGL|INE203G01019|1
IGL,INE203G01019,2011-06-22,2017-11-09,1574,1601,3174,0,IGL|INE203G01019|1,EQUITY,IGL|INE203G01019|1
IGL,INE203G01027,2017-11-10,2026-09-30,2194,3175,5368,0,IGL|INE203G01027|1,EQUITY,IGL|INE203G01019|1
IGOLD,INF109K01FV4,2014-05-05,2016-06-09,517,2307,2823,0,IGOLD|INF109K01FV4|1,FUND_UNIT,IGOLD|INF109K01FV4|1
IGOLD,INF109KB1WF4,2016-06-10,2016-07-22,30,2824,2853,0,IGOLD|INF109KB1WF4|1,FUND_UNIT,GOLDIWIN|INF109KB1WF4|1
IGPL,,2007-01-29,2009-08-20,626,514,1145,2,IGPL|NOISIN|1,UNKNOWN_NO_ISIN,IGPL|NOISIN|1
IGPL,,2009-11-20,2011-06-21,395,1205,1600,1,IGPL|NOISIN|2,UNKNOWN_NO_ISIN,IGPL|INE204A01010|1
IGPL,INE204A01010,2011-06-22,2026-09-30,3720,1601,5368,42,IGPL|INE204A01010|1,EQUITY,IGPL|INE204A01010|1
IGS,,2005-01-03,2008-01-25,764,0,763,0,IGS|NOISIN|1,UNKNOWN_NO_ISIN,IGS|NOISIN|1
IIFL,INE530B01024,2014-03-13,2026-09-30,2974,2276,5368,65,IIFL|INE530B01024|1,EQUITY,IIFL|INE530B01024|1
IIFLCAPS,INE489L01022,2024-12-03,2026-09-30,452,4917,5368,0,IIFLCAPS|INE489L01022|1,EQUITY,IIFLCAPS|INE489L01022|1
IIFLNIFTY,INF579M01019,2011-10-25,2015-07-22,919,1686,2606,1,IIFLNIFTY|INF579M01019|1,FUND_UNIT,IIFLNIFTY|INF579M01019|1
IIFLSEC,INE489L01022,2019-10-07,2024-12-02,1274,3643,4916,0,IIFLSEC|INE489L01022|1,EQUITY,IIFLCAPS|INE489L01022|1
IIFLWAM,INE466L01020,2019-10-04,2023-01-20,819,3642,4460,0,IIFLWAM|INE466L01020|1,EQUITY,360ONE|INE466L01020|1
IILTD,,2007-05-30,2008-08-21,310,595,904,0,IILTD|NOISIN|1,UNKNOWN_NO_ISIN,IILTD|NOISIN|1
IILTD,,2008-12-01,2009-05-08,102,970,1071,0,IILTD|NOISIN|2,UNKNOWN_NO_ISIN,IILTD|NOISIN|2
IITL,,2010-08-17,2010-08-23,5,1388,1392,0,IITL|NOISIN|1,UNKNOWN_NO_ISIN,IITL|NOISIN|1
IITL,,2011-03-07,2011-06-09,33,1527,1592,5,IITL|NOISIN|2,UNKNOWN_NO_ISIN,IITL|NOISIN|2
IITL,INE886A01014,2011-09-08,2026-09-30,2365,1654,5368,142,IITL|INE886A01014|1,EQUITY,IITL|INE886A01014|1
IKIO,INE0LOJ01019,2023-06-16,2026-09-30,811,4558,5368,0,IKIO|INE0LOJ01019|1,EQUITY,IKIO|INE0LOJ01019|1
IKS,INE115Q01022,2024-12-19,2026-09-30,440,4929,5368,0,IKS|INE115Q01022|1,EQUITY,IKS|INE115Q01022|1
IL&FSENGG,,2011-02-08,2011-06-21,92,1509,1600,0,IL&FSENGG|NOISIN|1,UNKNOWN_NO_ISIN,IL&FSENGG|INE369I01014|1
IL&FSENGG,INE369I01014,2011-06-22,2018-10-15,1734,1601,3404,59,IL&FSENGG|INE369I01014|1,EQUITY,IL&FSENGG|INE369I01014|1
IL&FSTRANS,,2010-04-16,2011-06-21,300,1301,1600,0,IL&FSTRANS|NOISIN|1,UNKNOWN_NO_ISIN,IL&FSTRANS|INE975G01012|1
IL&FSTRANS,INE975G01012,2011-06-22,2019-03-29,1917,1601,3517,0,IL&FSTRANS|INE975G01012|1,EQUITY,IL&FSTRANS|INE975G01012|1
ILFSTRANS,,2010-03-30,2010-04-15,11,1290,1300,0,ILFSTRANS|NOISIN|1,UNKNOWN_NO_ISIN,IL&FSTRANS|INE975G01012|1
IMAGICAA,INE172N01012,2020-04-22,2026-09-30,1334,3774,5368,57,IMAGICAA|INE172N01012|1,EQUITY,ADLABS|INE172N01012|1
IMFA,,2010-07-23,2010-11-22,85,1371,1455,0,IMFA|NOISIN|1,UNKNOWN_NO_ISIN,IMFA|NOISIN|1
IMFA,INE919H01018,2011-08-26,2026-09-30,3660,1647,5368,62,IMFA|INE919H01018|1,EQUITY,IMFA|INE919H01018|1
IMIDCAP,INF109KB1XT3,2016-07-11,2016-07-22,9,2844,2853,1,IMIDCAP|INF109KB1XT3|1,FUND_UNIT,ICICIMCAP|INF109KB1XT3|1
IMPAL,,2005-10-07,2011-06-21,1398,192,1600,1,IMPAL|NOISIN|1,UNKNOWN_NO_ISIN,IMPAL|INE547E01014|1
IMPAL,INE547E01014,2011-06-22,2026-09-30,3747,1601,5368,2,IMPAL|INE547E01014|1,EQUITY,IMPAL|INE547E01014|1
IMPEXFERRO,,2005-02-03,2008-06-12,835,21,855,0,IMPEXFERRO|NOISIN|1,UNKNOWN_NO_ISIN,IMPEXFERRO|NOISIN|1
IMPEXFERRO,,2008-08-22,2009-06-11,190,905,1095,1,IMPEXFERRO|NOISIN|2,UNKNOWN_NO_ISIN,IMPEXFERRO|NOISIN|2
IMPEXFERRO,,2009-08-21,2009-09-17,20,1146,1165,0,IMPEXFERRO|NOISIN|3,UNKNOWN_NO_ISIN,IMPEXFERRO|NOISIN|3
IMPEXFERRO,,2009-11-20,2011-06-21,396,1205,1600,0,IMPEXFERRO|NOISIN|4,UNKNOWN_NO_ISIN,IMPEXFERRO|INE691G01015|1
IMPEXFERRO,INE691G01015,2011-06-22,2024-01-18,1673,1601,4704,432,IMPEXFERRO|INE691G01015|1,EQUITY,IMPEXFERRO|INE691G01015|1
INA,INE0LGX01024,2026-03-09,2026-09-30,140,5229,5368,0,INA|INE0LGX01024|1,EQUITY,INA|INE0LGX01024|1
INCREDIBLE,INE452L01012,2021-05-20,2026-09-30,934,4042,5368,125,INCREDIBLE|INE452L01012|1,EQUITY,ADHUNIKIND|INE452L01012|1
INDBANK,,2008-10-08,2009-05-28,149,936,1085,1,INDBANK|NOISIN|1,UNKNOWN_NO_ISIN,INDBANK|NOISIN|1
INDBANK,,2009-08-21,2009-10-05,29,1146,1174,0,INDBANK|NOISIN|2,UNKNOWN_NO_ISIN,INDBANK|NOISIN|2
INDBANK,,2009-11-20,2011-06-21,396,1205,1600,0,INDBANK|NOISIN|3,UNKNOWN_NO_ISIN,INDBANK|INE841B01017|1
INDBANK,INE841B01017,2011-06-22,2026-09-30,3430,1601,5368,87,INDBANK|INE841B01017|1,EQUITY,INDBANK|INE841B01017|1
INDGN,INE065X01017,2024-05-13,2026-09-30,591,4778,5368,0,INDGN|INE065X01017|1,EQUITY,INDGN|INE065X01017|1
INDGYPSUM,,2005-01-03,2005-01-04,2,0,1,0,INDGYPSUM|NOISIN|1,UNKNOWN_NO_ISIN,INDGYPSUM|NOISIN|1
INDHOTEL,,2005-01-03,2011-06-21,1601,0,1600,0,INDHOTEL|NOISIN|1,UNKNOWN_NO_ISIN,INDHOTEL|INE053A01029|1
INDHOTEL,INE053A01029,2011-06-22,2026-09-30,3768,1601,5368,0,INDHOTEL|INE053A01029|1,EQUITY,INDHOTEL|INE053A01029|1
INDIABULLS,,2005-01-03,2011-06-21,1601,0,1600,0,INDIABULLS|NOISIN|1,UNKNOWN_NO_ISIN,INDIABULLS|INE894F01025|1
INDIABULLS,INE894F01025,2011-06-22,2013-03-18,432,1601,2032,0,INDIABULLS|INE894F01025|1,EQUITY,INDIABULLS|INE894F01025|1
INDIACEM,,2005-01-03,2011-06-21,1601,0,1600,0,INDIACEM|NOISIN|1,UNKNOWN_NO_ISIN,INDIACEM|INE383A01012|1
INDIACEM,INE383A01012,2011-06-22,2026-09-30,3768,1601,5368,0,INDIACEM|INE383A01012|1,EQUITY,INDIACEM|INE383A01012|1
INDIAFOILS,,2005-01-03,2005-03-17,52,0,51,0,INDIAFOILS|NOISIN|1,UNKNOWN_NO_ISIN,INDIAFOILS|NOISIN|1
INDIAFOILS,,2005-07-08,2005-07-21,10,130,139,0,INDIAFOILS|NOISIN|2,UNKNOWN_NO_ISIN,INDIAFOILS|NOISIN|2
INDIAFOILS,,2006-06-12,2006-06-29,14,356,369,0,INDIAFOILS|NOISIN|3,UNKNOWN_NO_ISIN,INDIAFOILS|NOISIN|3
INDIAFOILS,,2006-08-28,2007-07-12,217,410,626,0,INDIAFOILS|NOISIN|4,UNKNOWN_NO_ISIN,INDIAFOILS|NOISIN|4
INDIAFOILS,,2007-08-31,2007-11-29,64,661,724,0,INDIAFOILS|NOISIN|5,UNKNOWN_NO_ISIN,INDIAFOILS|NOISIN|5
INDIAFOILS,,2008-02-29,2008-04-21,32,788,819,0,INDIAFOILS|NOISIN|6,UNKNOWN_NO_ISIN,INDIAFOILS|NOISIN|6
INDIAFOILS,,2008-06-13,2008-09-19,69,856,924,0,INDIAFOILS|NOISIN|7,UNKNOWN_NO_ISIN,INDIAFOILS|NOISIN|7
INDIAGLYCO,,2005-07-01,2009-04-17,934,125,1058,0,INDIAGLYCO|NOISIN|1,UNKNOWN_NO_ISIN,INDIAGLYCO|NOISIN|1
INDIAGLYCO,,2009-06-12,2011-06-21,491,1096,1600,14,INDIAGLYCO|NOISIN|2,UNKNOWN_NO_ISIN,INDIAGLYCO|INE560A01015|1
INDIAGLYCO,INE560A01015,2011-06-22,2025-08-11,3488,1601,5088,0,INDIAGLYCO|INE560A01015|1,EQUITY,INDIAGLYCO|INE560A01015|1
INDIAGLYCO,INE560A01023,2025-08-12,2026-09-30,270,5089,5368,10,INDIAGLYCO|INE560A01023|1,EQUITY,INDIAGLYCO|INE560A01015|1
INDIAINFO,,2005-05-17,2011-06-21,1509,92,1600,0,INDIAINFO|NOISIN|1,UNKNOWN_NO_ISIN,IIFL|INE530B01024|1
INDIAINFO,INE530B01024,2011-06-22,2014-03-12,675,1601,2275,0,INDIAINFO|INE530B01024|1,EQUITY,IIFL|INE530B01024|1
INDIAMART,INE933S01016,2019-07-04,2026-09-30,1788,3581,5368,0,INDIAMART|INE933S01016|1,EQUITY,INDIAMART|INE933S01016|1
INDIANB,,2007-03-01,2011-06-21,1066,535,1600,0,INDIANB|NOISIN|1,UNKNOWN_NO_ISIN,INDIANB|INE562A01011|1
INDIANB,INE562A01011,2011-06-22,2026-09-30,3768,1601,5368,0,INDIANB|INE562A01011|1,EQUITY,INDIANB|INE562A01011|1
INDIANCARD,,2005-01-03,2009-06-11,1087,0,1095,2,INDIANCARD|NOISIN|1,UNKNOWN_NO_ISIN,INDIANCARD|NOISIN|1
INDIANCARD,,2009-08-21,2011-06-21,449,1146,1600,2,INDIANCARD|NOISIN|2,UNKNOWN_NO_ISIN,INDIANCARD|INE061A01014|1
INDIANCARD,INE061A01014,2011-06-22,2026-09-30,3366,1601,5368,71,INDIANCARD|INE061A01014|1,EQUITY,INDIANCARD|INE061A01014|1
INDIANHUME,,2005-01-03,2005-07-07,130,0,129,0,INDIANHUME|NOISIN|1,UNKNOWN_NO_ISIN,INDIANHUME|NOISIN|1
INDIANHUME,,2005-11-25,2006-06-09,133,223,355,0,INDIANHUME|NOISIN|2,UNKNOWN_NO_ISIN,INDIANHUME|NOISIN|2
INDIANHUME,,2006-08-28,2007-11-01,295,410,704,0,INDIANHUME|NOISIN|3,UNKNOWN_NO_ISIN,INDIANHUME|NOISIN|3
INDIANHUME,,2008-02-29,2011-06-21,812,788,1600,1,INDIANHUME|NOISIN|4,UNKNOWN_NO_ISIN,INDIANHUME|INE323C01030|1
INDIANHUME,INE323C01030,2011-06-22,2026-09-30,3765,1601,5368,1,INDIANHUME|INE323C01030|1,EQUITY,INDIANHUME|INE323C01030|1
INDIASHLTR,INE922K01024,2023-12-20,2026-09-30,685,4684,5368,0,INDIASHLTR|INE922K01024|1,EQUITY,INDIASHLTR|INE922K01024|1
INDIGO,INE646L01027,2015-11-10,2026-09-30,2688,2681,5368,0,INDIGO|INE646L01027|1,EQUITY,INDIGO|INE646L01027|1
INDIGOPNTS,INE09VQ01012,2021-02-02,2026-09-30,1398,3971,5368,0,INDIGOPNTS|INE09VQ01012|1,EQUITY,INDIGOPNTS|INE09VQ01012|1
INDIQUBE,INE06ST01018,2025-07-30,2026-09-30,289,5080,5368,0,INDIQUBE|INE06ST01018|1,EQUITY,INDIQUBE|INE06ST01018|1
INDLMETER,,2005-07-08,2005-07-29,14,130,144,1,INDLMETER|NOISIN|1,UNKNOWN_NO_ISIN,INDLMETER|NOISIN|1
INDLMETER,,2006-06-15,2011-06-21,1195,359,1600,5,INDLMETER|NOISIN|2,UNKNOWN_NO_ISIN,INDLMETER|INE065B01013|1
INDLMETER,INE065B01013,2011-06-22,2022-04-20,2183,1601,4270,72,INDLMETER|INE065B01013|1,EQUITY,INDLMETER|INE065B01013|1
INDNIPPON,,2005-01-03,2011-06-21,1550,0,1600,2,INDNIPPON|NOISIN|1,UNKNOWN_NO_ISIN,INDNIPPON|INE092B01017|1
INDNIPPON,INE092B01017,2011-06-22,2018-03-21,1657,1601,3264,2,INDNIPPON|INE092B01017|1,EQUITY,INDNIPPON|INE092B01017|1
INDNIPPON,INE092B01025,2018-03-22,2026-09-30,2104,3265,5368,0,INDNIPPON|INE092B01025|1,EQUITY,INDNIPPON|INE092B01017|1
INDOAMIN,INE760F01028,2022-04-29,2026-09-30,1028,4277,5368,64,INDOAMIN|INE760F01028|1,EQUITY,INDOAMIN|INE760F01028|1
INDOASIFU,,2007-01-03,2009-09-17,668,497,1165,1,INDOASIFU|NOISIN|1,UNKNOWN_NO_ISIN,INDOASIFU|NOISIN|1
INDOASIFU,,2009-11-20,2010-01-07,32,1205,1236,0,INDOASIFU|NOISIN|2,UNKNOWN_NO_ISIN,INDOASIFU|NOISIN|2
INDOASIFU,,2010-02-19,2010-04-16,37,1265,1301,0,INDOASIFU|NOISIN|3,UNKNOWN_NO_ISIN,INDOASIFU|NOISIN|3
INDOASIFU,,2010-06-11,2010-07-22,30,1341,1370,0,INDOASIFU|NOISIN|4,UNKNOWN_NO_ISIN,INDOASIFU|NOISIN|4
INDOASIFU,,2010-12-03,2011-06-21,137,1464,1600,0,INDOASIFU|NOISIN|5,UNKNOWN_NO_ISIN,EONELECT|INE076H01017|1
INDOASIFU,INE076H01017,2011-06-22,2011-08-17,40,1601,1640,0,INDOASIFU|INE076H01017|1,EQUITY,EONELECT|INE076H01017|1
INDOBORAX,INE803D01021,2022-03-29,2026-09-30,992,4256,5368,65,INDOBORAX|INE803D01021|1,EQUITY,INDOBORAX|INE803D01021|1
INDOCO,,2005-01-14,2009-11-19,1194,9,1204,1,INDOCO|NOISIN|1,UNKNOWN_NO_ISIN,INDOCO|NOISIN|1
INDOCO,,2010-02-19,2011-06-21,336,1265,1600,0,INDOCO|NOISIN|2,UNKNOWN_NO_ISIN,INDOCO|INE873D01016|1
INDOCO,INE873D01016,2011-06-22,2012-05-17,223,1601,1823,0,INDOCO|INE873D01016|1,EQUITY,INDOCO|INE873D01016|1
INDOCO,INE873D01024,2012-05-18,2026-09-30,3545,1824,5368,0,INDOCO|INE873D01024|1,EQUITY,INDOCO|INE873D01016|1
INDOFARM,INE622H01018,2025-01-07,2026-09-30,360,4941,5368,68,INDOFARM|INE622H01018|1,EQUITY,INDOFARM|INE622H01018|1
INDOKEM,INE716F01012,2026-08-17,2026-09-30,32,5337,5368,0,INDOKEM|INE716F01012|1,EQUITY,INDOKEM|INE716F01012|1
INDOMIM,INE084101034,2026-07-30,2026-09-30,44,5325,5368,0,INDOMIM|INE084101034|1,EQUITY,INDOMIM|INE084101034|1
INDORAMA,,2005-01-03,2011-06-21,1600,0,1600,1,INDORAMA|NOISIN|1,UNKNOWN_NO_ISIN,INDORAMA|INE156A01020|1
INDORAMA,INE156A01020,2011-06-22,2026-09-30,3508,1601,5368,79,INDORAMA|INE156A01020|1,EQUITY,INDORAMA|INE156A01020|1
INDORAMTEX,,2005-01-03,2007-01-23,512,0,511,0,INDORAMTEX|NOISIN|1,UNKNOWN_NO_ISIN,INDORAMTEX|NOISIN|1
INDOSOLAR,,2010-09-29,2011-06-21,183,1418,1600,0,INDOSOLAR|NOISIN|1,UNKNOWN_NO_ISIN,INDOSOLAR|INE866K01015|1
INDOSOLAR,INE866K01015,2011-06-22,2019-05-21,1546,1601,3550,99,INDOSOLAR|INE866K01015|1,EQUITY,INDOSOLAR|INE866K01015|1
INDOSTAR,INE896L01010,2018-05-21,2026-09-30,1697,3304,5368,368,INDOSTAR|INE896L01010|1,EQUITY,INDOSTAR|INE896L01010|1
INDOTECH,,2006-03-16,2011-06-21,1303,298,1600,0,INDOTECH|NOISIN|1,UNKNOWN_NO_ISIN,INDOTECH|INE332H01014|1
INDOTECH,INE332H01014,2011-06-22,2026-09-30,3133,1601,5368,140,INDOTECH|INE332H01014|1,EQUITY,INDOTECH|INE332H01014|1
INDOTHAI,INE337M01013,2011-11-02,2024-12-11,2637,1691,4923,126,INDOTHAI|INE337M01013|1,EQUITY,INDOTHAI|INE337M01013|1
INDOTHAI,INE337M01021,2025-09-15,2026-09-30,206,5111,5368,52,INDOTHAI|INE337M01021|1,EQUITY,INDOTHAI|INE337M01021|1
INDOUS,INE250Z01010,2024-09-27,2026-09-30,414,4873,5368,82,INDOUS|INE250Z01010|1,EQUITY,INDOUS|INE250Z01010|1
INDOWIND,,2007-09-14,2008-04-21,149,671,819,0,INDOWIND|NOISIN|1,UNKNOWN_NO_ISIN,INDOWIND|NOISIN|1
INDOWIND,,2008-06-13,2011-06-21,745,856,1600,0,INDOWIND|NOISIN|2,UNKNOWN_NO_ISIN,INDOWIND|INE227G01018|1
INDOWIND,INE227G01018,2011-06-22,2026-09-30,2005,1601,5368,770,INDOWIND|INE227G01018|1,EQUITY,INDOWIND|INE227G01018|1
INDPRUD,INE620D01011,2026-04-20,2026-09-30,109,5255,5368,1,INDPRUD|INE620D01011|1,EQUITY,INDPRUD|INE620D01011|1
INDRAMEDCO,,2005-01-03,2007-12-28,744,0,743,0,INDRAMEDCO|NOISIN|1,UNKNOWN_NO_ISIN,INDRAMEDCO|NOISIN|1
INDRAMEDCO,,2008-02-29,2011-06-21,812,788,1600,1,INDRAMEDCO|NOISIN|2,UNKNOWN_NO_ISIN,INDRAMEDCO|INE681B01017|1
INDRAMEDCO,INE681B01017,2011-06-22,2026-09-30,3457,1601,5368,311,INDRAMEDCO|INE681B01017|1,EQUITY,INDRAMEDCO|INE681B01017|1
INDRAYON,,2005-01-03,2005-12-06,231,0,230,0,INDRAYON|NOISIN|1,UNKNOWN_NO_ISIN,ABIRLANUVO|INE069A01017|1
INDSHAVING,,2005-01-03,2006-04-03,311,0,310,0,INDSHAVING|NOISIN|1,UNKNOWN_NO_ISIN,GILLETTE|INE322A01010|1
INDSWFTLAB,,2005-04-08,2011-06-21,1535,66,1600,0,INDSWFTLAB|NOISIN|1,UNKNOWN_NO_ISIN,INDSWFTLAB|INE915B01019|1
INDSWFTLAB,INE915B01019,2011-06-22,2026-09-30,3392,1601,5368,116,INDSWFTLAB|INE915B01019|1,EQUITY,INDSWFTLAB|INE915B01019|1
INDSWFTLTD,,2005-04-08,2006-11-23,405,66,470,0,INDSWFTLTD|NOISIN|1,UNKNOWN_NO_ISIN,INDSWFTLTD|NOISIN|1
INDSWFTLTD,,2007-03-02,2009-08-20,609,536,1145,1,INDSWFTLTD|NOISIN|2,UNKNOWN_NO_ISIN,INDSWFTLTD|NOISIN|2
INDSWFTLTD,,2009-11-20,2011-06-21,396,1205,1600,0,INDSWFTLTD|NOISIN|3,UNKNOWN_NO_ISIN,INDSWFTLTD|INE788B01028|1
INDSWFTLTD,INE788B01028,2011-06-22,2025-08-13,1866,1601,5090,578,INDSWFTLTD|INE788B01028|1,EQUITY,INDSWFTLTD|INE788B01028|1
INDTERRAIN,,2011-03-25,2011-06-16,57,1541,1597,0,INDTERRAIN|NOISIN|1,UNKNOWN_NO_ISIN,INDTERRAIN|NOISIN|1
INDTERRAIN,INE611L01013,2011-09-07,2015-12-21,860,1653,2708,68,INDTERRAIN|INE611L01013|1,EQUITY,INDTERRAIN|INE611L01013|1
INDTERRAIN,INE611L01021,2015-12-22,2026-09-30,2593,2709,5368,67,INDTERRAIN|INE611L01021|1,EQUITY,INDTERRAIN|INE611L01013|1
INDUJENERT,,2005-01-03,2005-07-29,145,0,144,0,INDUJENERT|NOISIN|1,UNKNOWN_NO_ISIN,INDUJENERT|NOISIN|1
INDUJENERT,,2006-08-28,2007-04-24,162,410,571,0,INDUJENERT|NOISIN|2,UNKNOWN_NO_ISIN,ENTEGRA|NOISIN|1
INDUSFILA,,2007-03-08,2008-06-12,316,540,855,0,INDUSFILA|NOISIN|1,UNKNOWN_NO_ISIN,INDUSFILA|NOISIN|1
INDUSFILA,,2008-08-22,2009-10-05,268,905,1174,1,INDUSFILA|NOISIN|2,UNKNOWN_NO_ISIN,INDUSFILA|NOISIN|2
INDUSFILA,,2009-11-20,2010-10-14,207,1205,1429,18,INDUSFILA|NOISIN|3,UNKNOWN_NO_ISIN,INDUSFILA|NOISIN|3
INDUSFILA,,2010-12-03,2011-06-21,136,1464,1600,1,INDUSFILA|NOISIN|4,UNKNOWN_NO_ISIN,INDUSFILA|INE025I01012|1
INDUSFILA,INE025I01012,2011-06-22,2014-06-05,536,1601,2330,12,INDUSFILA|INE025I01012|1,EQUITY,INDUSFILA|INE025I01012|1
INDUSINDBK,,2005-01-03,2011-06-21,1601,0,1600,0,INDUSINDBK|NOISIN|1,UNKNOWN_NO_ISIN,INDUSINDBK|INE095A01012|1
INDUSINDBK,INE095A01012,2011-06-22,2026-09-30,3768,1601,5368,0,INDUSINDBK|INE095A01012|1,EQUITY,INDUSINDBK|INE095A01012|1
INDUSTOWER,INE121J01017,2020-12-18,2026-09-30,1428,3941,5368,0,INDUSTOWER|INE121J01017|1,EQUITY,INDUSTOWER|INE121J01017|1
INEABS,,2008-07-23,2011-06-21,711,884,1600,1,INEABS|NOISIN|1,UNKNOWN_NO_ISIN,ABSIND|NOISIN|1
INEABS,INE189B01011,2011-06-22,2012-06-19,246,1601,1846,0,INEABS|INE189B01011|1,EQUITY,ABSIND|NOISIN|1
INEOSSTYRO,INE189B01011,2016-04-04,2023-01-19,1682,2778,4459,0,INEOSSTYRO|INE189B01011|1,EQUITY,ABSIND|NOISIN|1
INFIBEAM,INE483S01012,2016-04-04,2017-08-31,349,2778,3126,0,INFIBEAM|INE483S01012|1,EQUITY,CCAVENUE|INE483S01020|1
INFIBEAM,INE483S01020,2017-09-01,2026-02-02,2059,3127,5205,10,INFIBEAM|INE483S01020|1,EQUITY,CCAVENUE|INE483S01020|1
INFINITE,,2010-02-03,2011-06-21,347,1254,1600,0,INFINITE|NOISIN|1,UNKNOWN_NO_ISIN,INFINITE|INE486J01014|1
INFINITE,INE486J01014,2011-06-22,2018-12-13,1791,1601,3444,53,INFINITE|INE486J01014|1,EQUITY,INFINITE|INE486J01014|1
INFOBEAN,INE344S01016,2019-07-15,2026-09-30,1644,3588,5368,63,INFOBEAN|INE344S01016|1,EQUITY,INFOBEAN|INE344S01016|1
INFODRIVE,,2010-01-08,2011-06-21,364,1237,1600,0,INFODRIVE|NOISIN|1,UNKNOWN_NO_ISIN,INFODRIVE|INE804D01011|1
INFODRIVE,INE804D01011,2011-06-22,2014-12-24,502,1601,2464,98,INFODRIVE|INE804D01011|1,EQUITY,INFODRIVE|INE804D01011|1
INFODRIVE,INE804D01029,2014-12-26,2015-01-29,24,2465,2488,0,INFODRIVE|INE804D01029|1,EQUITY,INFODRIVE|INE804D01011|1
INFOMEDIA,,2006-10-12,2007-04-19,127,442,568,0,INFOMEDIA|NOISIN|1,UNKNOWN_NO_ISIN,INFOMEDIA|NOISIN|1
INFOMEDIA,,2007-06-08,2009-06-11,492,602,1095,1,INFOMEDIA|NOISIN|2,UNKNOWN_NO_ISIN,INFOMEDIA|NOISIN|2
INFOMEDIA,,2009-08-21,2011-06-21,455,1146,1600,0,INFOMEDIA|NOISIN|3,UNKNOWN_NO_ISIN,INFOMEDIA|INE669A01022|1
INFOMEDIA,INE669A01022,2011-06-22,2026-09-30,1830,1601,5368,734,INFOMEDIA|INE669A01022|1,EQUITY,INFOMEDIA|INE669A01022|1
INFOSYSTCH,,2005-01-03,2011-06-21,1601,0,1600,0,INFOSYSTCH|NOISIN|1,UNKNOWN_NO_ISIN,INFOSYSTCH|INE009A01021|1
INFOSYSTCH,INE009A01021,2011-06-22,2011-06-28,5,1601,1605,0,INFOSYSTCH|INE009A01021|1,EQUITY,INFOSYSTCH|INE009A01021|1
INFOTECENT,,2005-01-03,2011-06-21,1600,0,1600,1,INFOTECENT|NOISIN|1,UNKNOWN_NO_ISIN,CYIENT|INE136B01020|1
INFOTECENT,INE136B01020,2011-06-22,2014-05-21,719,1601,2319,0,INFOTECENT|INE136B01020|1,EQUITY,CYIENT|INE136B01020|1
INFRA,INF769K01QB4,2026-02-18,2026-09-30,152,5217,5368,0,INFRA|INF769K01QB4|1,FUND_UNIT,INFRA|INF769K01QB4|1
INFRABEES,,2010-10-05,2011-06-21,179,1422,1600,0,INFRABEES|NOISIN|1,UNKNOWN_NO_ISIN,INFRABEES|INF732E01268|1
INFRABEES,INF732E01268,2011-06-22,2026-09-30,3759,1601,5368,2,INFRABEES|INF732E01268|1,FUND_UNIT,INFRABEES|INF732E01268|1
INFRAIETF,INF109KC16E5,2023-12-20,2026-09-30,685,4684,5368,0,INFRAIETF|INF109KC16E5|1,FUND_UNIT,ICICIINFRA|INF109KC16E5|1
INFRATEL,INE121J01017,2012-12-28,2020-12-17,1965,1976,3940,0,INFRATEL|INE121J01017|1,EQUITY,INDUSTOWER|INE121J01017|1
INFY,INE009A01021,2011-06-29,2026-09-30,3763,1606,5368,0,INFY|INE009A01021|1,EQUITY,INFOSYSTCH|INE009A01021|1
INGERRAND,,2005-01-03,2011-06-21,1601,0,1600,0,INGERRAND|NOISIN|1,UNKNOWN_NO_ISIN,INGERRAND|INE177A01018|1
INGERRAND,INE177A01018,2011-06-22,2026-09-30,3768,1601,5368,0,INGERRAND|INE177A01018|1,EQUITY,INGERRAND|INE177A01018|1
INGVYSYABK,,2005-08-16,2011-06-21,1446,155,1600,0,INGVYSYABK|NOISIN|1,UNKNOWN_NO_ISIN,INGVYSYABK|INE166A01011|1
INGVYSYABK,INE166A01011,2011-06-22,2015-04-15,937,1601,2537,0,INGVYSYABK|INE166A01011|1,EQUITY,INGVYSYABK|INE166A01011|1
INIFTY,INF109K012R6,2014-05-05,2016-07-22,546,2307,2853,1,INIFTY|INF109K012R6|1,FUND_UNIT,ICICINIFTY|INF109K012R6|1
INNOIND,,2011-05-13,2011-06-21,28,1573,1600,0,INNOIND|NOISIN|1,UNKNOWN_NO_ISIN,INNOIND|INE549I01011|1
INNOIND,INE549I01011,2011-06-22,2015-09-24,923,1601,2651,69,INNOIND|INE549I01011|1,EQUITY,INNOIND|INE549I01011|1
INNOVACAP,INE0DUT01020,2023-12-29,2026-09-30,679,4690,5368,0,INNOVACAP|INE0DUT01020|1,EQUITY,INNOVACAP|INE0DUT01020|1
INNOVANA,INE403Y01018,2024-12-17,2026-09-30,382,4927,5368,60,INNOVANA|INE403Y01018|1,EQUITY,INNOVANA|INE403Y01018|1
INNOVISION,INE0ADB01012,2026-03-23,2026-09-30,130,5239,5368,0,INNOVISION|INE0ADB01012|1,EQUITY,INNOVISION|INE0ADB01012|1
INOXGREEN,INE510W01014,2022-11-23,2026-09-30,829,4418,5368,58,INOXGREEN|INE510W01014|1,EQUITY,INOXGREEN|INE510W01014|1
INOXINDIA,INE616N01034,2023-12-21,2026-09-30,684,4685,5368,0,INOXINDIA|INE616N01034|1,EQUITY,INOXINDIA|INE616N01034|1
INOXLEISUR,,2006-02-23,2011-06-21,1317,284,1600,0,INOXLEISUR|NOISIN|1,UNKNOWN_NO_ISIN,INOXLEISUR|INE312H01016|1
INOXLEISUR,INE312H01016,2011-06-22,2023-02-16,2845,1601,4478,33,INOXLEISUR|INE312H01016|1,EQUITY,INOXLEISUR|INE312H01016|1
INOXWIND,INE066P01011,2015-04-09,2026-09-30,2835,2534,5368,0,INOXWIND|INE066P01011|1,EQUITY,INOXWIND|INE066P01011|1
INSECTICID,,2009-05-11,2011-06-21,528,1072,1600,1,INSECTICID|NOISIN|1,UNKNOWN_NO_ISIN,IILTD|NOISIN|2
INSECTICID,INE070I01018,2011-06-22,2026-09-30,3768,1601,5368,0,INSECTICID|INE070I01018|1,EQUITY,IILTD|NOISIN|2
INSPIRISYS,INE020G01017,2018-10-12,2026-09-30,1224,3403,5368,123,INSPIRISYS|INE020G01017|1,EQUITY,AFL|INE020G01017|1
INSUREIETF,INF109K1A567,2026-08-05,2026-09-30,40,5329,5368,0,INSUREIETF|INF109K1A567|1,FUND_UNIT,INSUREIETF|INF109K1A567|1
INTEGRA,INE418N01027,2013-10-01,2021-02-24,417,2165,3987,656,INTEGRA|INE418N01027|1,EQUITY,INTEGRA|INE418N01027|1
INTELLECT,INE306R01017,2015-01-02,2026-09-30,2899,2470,5368,0,INTELLECT|INE306R01017|1,EQUITY,INTELLECT|INE306R01017|1
INTENTECH,INE781A01025,2017-03-23,2026-09-30,2069,3017,5368,96,INTENTECH|INE781A01025|1,EQUITY,INTENTECH|INE781A01025|1
INTERARCH,INE00M901018,2024-08-26,2026-09-30,462,4849,5368,58,INTERARCH|INE00M901018|1,EQUITY,INTERARCH|INE00M901018|1
INTERNET,INF769K01PB6,2025-07-08,2026-09-30,305,5064,5368,0,INTERNET|INF769K01PB6|1,FUND_UNIT,INTERNET|INF769K01PB6|1
INTLCONV,INE575C01027,2021-09-16,2026-09-30,1245,4124,5368,0,INTLCONV|INE575C01027|1,EQUITY,INTLCONV|INE575C01027|1
INV20,INF109KB1WY5,2016-06-28,2016-07-11,4,2836,2844,4,INV20|INF109KB1WY5|1,FUND_UNIT,ICICINV20|INF109KB1WY5|1
INVENTURE,INE878H01016,2011-08-04,2021-06-24,2243,1632,4067,124,INVENTURE|INE878H01016|1,EQUITY,INVENTURE|INE878H01016|1
INVENTURE,INE878H01024,2021-06-25,2026-09-30,1213,4068,5368,88,INVENTURE|INE878H01024|1,EQUITY,INVENTURE|INE878H01016|1
INVESTCORP,,2005-01-03,2005-07-06,129,0,128,0,INVESTCORP|NOISIN|1,UNKNOWN_NO_ISIN,INVESTCORP|NOISIN|1
INVPRECQ,INE155E01016,2026-04-20,2026-07-24,67,5255,5321,0,INVPRECQ|INE155E01016|1,EQUITY,INVPRECQ|INE155E01016|1
INVSTSMART,,2005-07-27,2009-09-04,1013,143,1156,1,INVSTSMART|NOISIN|1,UNKNOWN_NO_ISIN,HINVDIR|NOISIN|1
IOB,,2005-01-03,2011-06-21,1601,0,1600,0,IOB|NOISIN|1,UNKNOWN_NO_ISIN,IOB|INE565A01014|1
IOB,INE565A01014,2011-06-22,2026-09-30,3768,1601,5368,0,IOB|INE565A01014|1,EQUITY,IOB|INE565A01014|1
IOC,,2005-01-03,2011-06-21,1601,0,1600,0,IOC|NOISIN|1,UNKNOWN_NO_ISIN,IOC|INE242A01010|1
IOC,INE242A01010,2011-06-22,2026-09-30,3768,1601,5368,0,IOC|INE242A01010|1,EQUITY,IOC|INE242A01010|1
IOL,,2005-01-03,2005-03-09,46,0,45,0,IOL|NOISIN|1,UNKNOWN_NO_ISIN,BOC|INE473A01011|1
IOLB,,2007-07-19,2008-02-15,148,631,778,0,IOLB|NOISIN|1,UNKNOWN_NO_ISIN,IOLB|NOISIN|1
IOLCP,,2010-11-08,2011-06-21,155,1446,1600,0,IOLCP|NOISIN|1,UNKNOWN_NO_ISIN,IOLCP|INE485C01011|1
IOLCP,INE485C01011,2011-06-22,2025-03-10,3061,1601,4984,72,IOLCP|INE485C01011|1,EQUITY,IOLCP|INE485C01011|1
IOLCP,INE485C01029,2025-03-11,2026-09-30,384,4985,5368,0,IOLCP|INE485C01029|1,EQUITY,IOLCP|INE485C01011|1
IOLN,,2008-02-18,2008-05-02,49,779,827,0,IOLN|NOISIN|1,UNKNOWN_NO_ISIN,IOLB|NOISIN|1
IOLN,,2008-06-13,2009-01-09,141,856,996,0,IOLN|NOISIN|2,UNKNOWN_NO_ISIN,IOLN|NOISIN|2
IOLN,,2009-03-02,2010-04-16,272,1030,1301,0,IOLN|NOISIN|3,UNKNOWN_NO_ISIN,IOLN|NOISIN|3
IOLN,,2010-06-11,2011-04-18,215,1341,1555,0,IOLN|NOISIN|4,UNKNOWN_NO_ISIN,IOLN|NOISIN|4
IOLN,,2011-06-17,2011-06-21,3,1598,1600,0,IOLN|NOISIN|5,UNKNOWN_NO_ISIN,IOLN|INE517C01011|1
IOLN,INE517C01011,2011-06-22,2013-01-22,297,1601,1993,29,IOLN|INE517C01011|1,EQUITY,IOLN|INE517C01011|1
IONEXCHANG,INE570A01014,2022-02-22,2023-06-09,321,4233,4553,0,IONEXCHANG|INE570A01014|1,EQUITY,IONEXCHANG|INE570A01014|1
IONEXCHANG,INE570A01022,2023-06-12,2026-09-30,815,4554,5368,0,IONEXCHANG|INE570A01022|1,EQUITY,IONEXCHANG|INE570A01014|1
IPAPPM,INE435A01028,2014-01-21,2020-01-21,1475,2240,3714,0,IPAPPM|INE435A01028|1,EQUITY,ANDHRAPAP|INE435A01028|1
IPCALAB,,2005-01-03,2011-06-21,1600,0,1600,1,IPCALAB|NOISIN|1,UNKNOWN_NO_ISIN,IPCALAB|INE571A01020|1
IPCALAB,INE571A01020,2011-06-22,2022-01-10,2603,1601,4203,0,IPCALAB|INE571A01020|1,EQUITY,IPCALAB|INE571A01020|1
IPCALAB,INE571A01038,2022-01-11,2026-09-30,1165,4204,5368,0,IPCALAB|INE571A01038|1,EQUITY,IPCALAB|INE571A01020|1
IPCL,,2005-01-03,2007-10-04,685,0,684,0,IPCL|NOISIN|1,UNKNOWN_NO_ISIN,IPCL|NOISIN|1
IPGETF,,2010-09-02,2011-06-21,201,1400,1600,0,IPGETF|NOISIN|1,UNKNOWN_NO_ISIN,IGOLD|INF109K01FV4|1
IPGETF,INF109K01FV4,2011-06-22,2014-05-02,706,1601,2306,0,IPGETF|INF109K01FV4|1,FUND_UNIT,IGOLD|INF109K01FV4|1
IPL,INE0D6701023,2021-07-05,2026-09-30,1295,4074,5368,0,IPL|INE0D6701023|1,EQUITY,IPL|INE0D6701023|1
IPRINGLTD,,2009-11-05,2009-12-10,25,1194,1219,1,IPRINGLTD|NOISIN|1,UNKNOWN_NO_ISIN,IPRINGLTD|NOISIN|1
IPRINGLTD,,2010-02-19,2011-06-21,308,1265,1600,4,IPRINGLTD|NOISIN|2,UNKNOWN_NO_ISIN,IPRINGLTD|INE558A01019|1
IPRINGLTD,INE558A01019,2011-06-22,2026-09-30,704,1601,5368,2848,IPRINGLTD|INE558A01019|1,EQUITY,IPRINGLTD|INE558A01019|1
IPRU5008,INF109KC1E27,2019-07-15,2019-07-18,4,3588,3591,0,IPRU5008|INF109KC1E27|1,FUND_UNIT,ICICIBANKN|INF109KC1E27|1
IRB,,2008-02-25,2011-06-21,817,784,1600,0,IRB|NOISIN|1,UNKNOWN_NO_ISIN,IRB|INE821I01014|1
IRB,INE821I01014,2011-06-22,2023-02-21,2881,1601,4481,0,IRB|INE821I01014|1,EQUITY,IRB|INE821I01014|1
IRB,INE821I01022,2023-02-22,2026-09-30,887,4482,5368,0,IRB|INE821I01022|1,EQUITY,IRB|INE821I01014|1
IRCON,INE962Y01013,2018-09-28,2020-04-07,372,3394,3765,0,IRCON|INE962Y01013|1,EQUITY,IRCON|INE962Y01013|1
IRCON,INE962Y01021,2020-04-08,2026-09-30,1603,3766,5368,0,IRCON|INE962Y01021|1,EQUITY,IRCON|INE962Y01013|1
IRCTC,INE335Y01012,2019-10-14,2021-10-28,507,3647,4153,0,IRCTC|INE335Y01012|1,EQUITY,IRCTC|INE335Y01012|1
IRCTC,INE335Y01020,2021-10-29,2026-09-30,1215,4154,5368,0,IRCTC|INE335Y01020|1,EQUITY,IRCTC|INE335Y01012|1
IREDA,INE202E01016,2023-11-29,2026-09-30,700,4669,5368,0,IREDA|INE202E01016|1,EQUITY,IREDA|INE202E01016|1
IRFC,INE053F01010,2021-01-29,2026-09-30,1400,3969,5368,0,IRFC|INE053F01010|1,EQUITY,IRFC|INE053F01010|1
IRIS,INE864K01010,2021-11-08,2026-09-30,829,4159,5368,268,IRIS|INE864K01010|1,EQUITY,IRIS|INE864K01010|1
IRISDOREME,INE01GN01017,2021-02-22,2023-08-10,515,3985,4596,57,IRISDOREME|INE01GN01017|1,EQUITY,IRISDOREME|INE01GN01017|1
IRISDOREME,INE01GN01025,2023-08-11,2026-09-30,709,4597,5368,63,IRISDOREME|INE01GN01025|1,EQUITY,IRISDOREME|INE01GN01017|1
IRMENERGY,INE07U701015,2023-10-26,2026-09-30,722,4647,5368,0,IRMENERGY|INE07U701015|1,EQUITY,IRMENERGY|INE07U701015|1
ISEC,INE763G01038,2018-04-04,2025-03-21,1721,3272,4992,0,ISEC|INE763G01038|1,EQUITY,ISEC|INE763G01038|1
ISENSEX,INF346A01034,2014-08-18,2016-07-20,166,2380,2851,35,ISENSEX|INF346A01034|1,FUND_UNIT,ICICISENSX|INF346A01034|1
ISFT,,2010-04-12,2011-06-21,303,1298,1600,0,ISFT|NOISIN|1,UNKNOWN_NO_ISIN,ISFT|INE566K01011|1
ISFT,INE566K01011,2011-06-22,2026-09-25,3420,1601,5365,67,ISFT|INE566K01011|1,EQUITY,ISFT|INE566K01011|1
ISGEC,INE858B01029,2021-05-05,2026-09-30,1337,4032,5368,0,ISGEC|INE858B01029|1,EQUITY,ISGEC|INE858B01029|1
ISHANCH,INE561M01018,2025-03-24,2026-09-30,283,4993,5368,62,ISHANCH|INE561M01018|1,EQUITY,ISHANCH|INE561M01018|1
ISMTLTD,,2007-08-28,2011-06-21,942,658,1600,1,ISMTLTD|NOISIN|1,UNKNOWN_NO_ISIN,ISMTLTD|INE732F01019|1
ISMTLTD,INE732F01019,2011-06-22,2024-08-05,2772,1601,4835,100,ISMTLTD|INE732F01019|1,EQUITY,ISMTLTD|INE732F01019|1
ISPATIND,,2006-04-20,2011-06-21,1281,320,1600,0,ISPATIND|NOISIN|1,UNKNOWN_NO_ISIN,ISPATIND|INE136A01022|1
ISPATIND,INE136A01022,2011-06-22,2011-08-12,38,1601,1638,0,ISPATIND|INE136A01022|1,EQUITY,ISPATIND|INE136A01022|1
ISTLTD,INE684B01029,2026-08-17,2026-09-30,32,5337,5368,0,ISTLTD|INE684B01029|1,EQUITY,ISTLTD|INE684B01029|1
IT,INF174KA1GC5,2024-03-20,2026-09-30,624,4745,5368,0,IT|INF174KA1GC5|1,FUND_UNIT,IT|INF174KA1GC5|1
IT&T,,2005-01-03,2005-07-14,115,0,134,20,IT&T|NOISIN|1,UNKNOWN_NO_ISIN,IT&T|NOISIN|1
ITADD,INF740KA1SX1,2025-12-15,2026-09-30,196,5173,5368,0,ITADD|INF740KA1SX1|1,FUND_UNIT,DSPITETF|INF740KA1SX1|1
ITAXIS,INF846K01Y96,2026-07-03,2026-09-30,63,5306,5368,0,ITAXIS|INF846K01Y96|1,FUND_UNIT,AXISTECETF|INF846K01Y96|1
ITBEES,INF204KB15V2,2022-05-10,2026-09-30,1086,4283,5368,0,ITBEES|INF204KB15V2|1,FUND_UNIT,ITBEES|INF204KB15V2|1
ITBETA,INF789F1AZD8,2025-12-24,2026-09-30,189,5180,5368,0,ITBETA|INF789F1AZD8|1,FUND_UNIT,ITBETA|INF789F1AZD8|1
ITC,,2005-01-03,2011-06-21,1601,0,1600,0,ITC|NOISIN|1,UNKNOWN_NO_ISIN,ITC|INE154A01025|1
ITC,INE154A01025,2011-06-22,2026-09-30,3768,1601,5368,0,ITC|INE154A01025|1,EQUITY,ITC|INE154A01025|1
ITCHOTEL,,2005-01-03,2005-04-07,66,0,65,0,ITCHOTEL|NOISIN|1,UNKNOWN_NO_ISIN,ITCHOTEL|NOISIN|1
ITCHOTELS,INE379A01028,2025-02-11,2026-09-30,403,4966,5368,0,ITCHOTELS|INE379A01028|1,EQUITY,ITCHOTELS|INE379A01028|1
ITDC,INE353K01014,2016-12-30,2026-09-30,2408,2961,5368,0,ITDC|INE353K01014|1,EQUITY,ITDC|INE353K01014|1
ITDCEM,,2005-08-16,2006-06-29,212,155,369,1,ITDCEM|NOISIN|1,UNKNOWN_NO_ISIN,ITDCEM|NOISIN|1
ITDCEM,,2006-08-28,2009-05-28,658,410,1085,18,ITDCEM|NOISIN|2,UNKNOWN_NO_ISIN,ITDCEM|NOISIN|2
ITDCEM,,2009-08-21,2011-06-21,455,1146,1600,0,ITDCEM|NOISIN|3,UNKNOWN_NO_ISIN,CEMPRO|INE686A01026|1
ITDCEM,INE686A01018,2011-06-22,2015-08-21,917,1601,2628,84,ITDCEM|INE686A01018|1,EQUITY,CEMPRO|INE686A01026|1
ITDCEM,INE686A01026,2015-08-24,2025-09-16,2484,2629,5112,0,ITDCEM|INE686A01026|1,EQUITY,CEMPRO|INE686A01026|1
ITETF,INF769K01KV5,2023-10-27,2026-09-30,721,4648,5368,0,ITETF|INF769K01KV5|1,FUND_UNIT,ITETF|INF769K01KV5|1
ITETFADD,INF740KA1SX1,2024-02-15,2025-12-12,451,4722,5172,0,ITETFADD|INF740KA1SX1|1,FUND_UNIT,DSPITETF|INF740KA1SX1|1
ITI,,2005-01-03,2008-08-21,905,0,904,0,ITI|NOISIN|1,UNKNOWN_NO_ISIN,ITI|NOISIN|1
ITI,,2008-12-01,2009-05-28,116,970,1085,0,ITI|NOISIN|2,UNKNOWN_NO_ISIN,ITI|NOISIN|2
ITI,,2009-08-21,2011-06-21,455,1146,1600,0,ITI|NOISIN|3,UNKNOWN_NO_ISIN,ITI|INE248A01017|1
ITI,INE248A01017,2011-06-22,2026-09-30,3707,1601,5368,61,ITI|INE248A01017|1,EQUITY,ITI|INE248A01017|1
ITIETF,INF109KC16I6,2023-12-20,2026-09-30,685,4684,5368,0,ITIETF|INF109KC16I6|1,FUND_UNIT,ICICITECH|INF109KC16I6|1
ITL,INE478D01014,2026-08-17,2026-09-30,32,5337,5368,0,ITL|INE478D01014|1,EQUITY,ITL|INE478D01014|1
IVALUE,INE056801025,2025-09-25,2026-09-30,250,5119,5368,0,IVALUE|INE056801025|1,EQUITY,IVALUE|INE056801025|1
IVC,,2005-01-03,2005-12-22,243,0,242,0,IVC|NOISIN|1,UNKNOWN_NO_ISIN,IVC|NOISIN|1
IVC,,2006-02-17,2011-06-21,1318,280,1600,1,IVC|NOISIN|2,UNKNOWN_NO_ISIN,IVC|INE050B01023|1
IVC,INE050B01023,2011-06-22,2026-09-30,3319,1601,5368,158,IVC|INE050B01023|1,EQUITY,IVC|INE050B01023|1
IVP,,2005-01-03,2006-05-11,335,0,334,0,IVP|NOISIN|1,UNKNOWN_NO_ISIN,IVP|NOISIN|1
IVP,,2006-06-12,2006-12-14,130,356,485,0,IVP|NOISIN|2,UNKNOWN_NO_ISIN,IVP|NOISIN|2
IVP,,2007-03-02,2007-12-13,198,536,734,1,IVP|NOISIN|3,UNKNOWN_NO_ISIN,IVP|NOISIN|3
IVP,,2008-02-29,2011-04-28,729,788,1562,20,IVP|NOISIN|4,UNKNOWN_NO_ISIN,IVP|NOISIN|4
IVP,,2011-06-17,2011-06-21,3,1598,1600,0,IVP|NOISIN|5,UNKNOWN_NO_ISIN,IVP|INE043C01018|1
IVP,INE043C01018,2011-06-22,2026-07-08,3104,1601,5309,89,IVP|INE043C01018|1,EQUITY,IVP|INE043C01018|1
IVRCLAH,,2010-04-13,2011-06-21,302,1299,1600,0,IVRCLAH|NOISIN|1,UNKNOWN_NO_ISIN,IVRCLAH|INE414I01018|1
IVRCLAH,INE414I01018,2011-06-22,2012-08-14,215,1601,1886,71,IVRCLAH|INE414I01018|1,EQUITY,IVRCLAH|INE414I01018|1
IVRCLINFRA,,2005-01-03,2011-06-21,1601,0,1600,0,IVRCLINFRA|NOISIN|1,UNKNOWN_NO_ISIN,IVRCLINFRA|INE875A01025|1
IVRCLINFRA,INE875A01025,2011-06-22,2019-06-06,1872,1601,3561,55,IVRCLINFRA|INE875A01025|1,EQUITY,IVRCLINFRA|INE875A01025|1
IVRPRIME,,2007-08-16,2010-04-12,649,650,1298,0,IVRPRIME|NOISIN|1,UNKNOWN_NO_ISIN,IVRCLAH|INE414I01018|1
IVZBANKNF,INF205KA1CB9,2026-08-21,2026-09-30,28,5341,5368,0,IVZBANKNF|INF205KA1CB9|1,FUND_UNIT,IVZBANKNF|INF205KA1CB9|1
IVZINGOLD,INF205K01361,2016-06-23,2026-04-29,2339,2833,5262,3,IVZINGOLD|INF205K01361|1,FUND_UNIT,IVZINGOLD|INF205K01361|1
IVZINGOLD,INF205KA1BP1,2026-04-30,2026-09-30,106,5263,5368,0,IVZINGOLD|INF205KA1BP1|1,FUND_UNIT,IVZINGOLD|INF205KA1BP1|1
IVZINNIFTY,INF205K01DA9,2016-06-23,2026-07-30,1857,2833,5325,9,IVZINNIFTY|INF205K01DA9|1,FUND_UNIT,IVZINNIFTY|INF205K01DA9|1
IVZINNIFTY,INF205KA1CC7,2026-07-31,2026-09-30,43,5326,5368,0,IVZINNIFTY|INF205KA1CC7|1,FUND_UNIT,IVZINNIFTY|INF205KA1CC7|1
IVZSENSEX,INF205KA1CA1,2026-08-21,2026-09-30,28,5341,5368,0,IVZSENSEX|INF205KA1CA1|1,FUND_UNIT,IVZSENSEX|INF205KA1CA1|1
IWEL,INE0FLR01028,2021-06-25,2025-06-19,656,4068,5051,129,IWEL|INE0FLR01028|1,EQUITY,IWEL|INE0FLR01028|1
IWP,INE586E01020,2026-04-20,2026-09-30,114,5255,5368,0,IWP|INE586E01020|1,EQUITY,IWP|INE586E01020|1
IXIGO,INE0HV901016,2024-06-18,2026-09-30,567,4802,5368,0,IXIGO|INE0HV901016|1,EQUITY,IXIGO|INE0HV901016|1
IZMO,INE848A01014,2015-05-15,2026-09-30,2238,2558,5368,200,IZMO|INE848A01014|1,EQUITY,IZMO|INE848A01014|1
J&KBANK,,2005-01-03,2011-06-21,1600,0,1600,1,J&KBANK|NOISIN|1,UNKNOWN_NO_ISIN,J&KBANK|INE168A01017|1
J&KBANK,INE168A01017,2011-06-22,2014-09-04,792,1601,2392,0,J&KBANK|INE168A01017|1,EQUITY,J&KBANK|INE168A01017|1
J&KBANK,INE168A01041,2014-09-05,2026-09-30,2976,2393,5368,0,J&KBANK|INE168A01041|1,EQUITY,J&KBANK|INE168A01017|1
JAGRAN,,2006-02-22,2011-06-21,1317,283,1600,1,JAGRAN|NOISIN|1,UNKNOWN_NO_ISIN,JAGRAN|INE199G01027|1
JAGRAN,INE199G01027,2011-06-22,2026-09-30,3768,1601,5368,0,JAGRAN|INE199G01027|1,EQUITY,JAGRAN|INE199G01027|1
JAGSNPHARM,,2005-01-03,2007-01-11,504,0,503,0,JAGSNPHARM|NOISIN|1,UNKNOWN_NO_ISIN,JAGSNPHARM|NOISIN|1
JAGSNPHARM,,2007-03-02,2011-06-21,1061,536,1600,1,JAGSNPHARM|NOISIN|2,UNKNOWN_NO_ISIN,JAGSNPHARM|INE048B01027|1
JAGSNPHARM,INE048B01027,2011-06-22,2025-01-07,3265,1601,4941,25,JAGSNPHARM|INE048B01027|1,EQUITY,JAGSNPHARM|INE048B01027|1
JAGSNPHARM,INE048B01035,2025-01-08,2026-09-30,427,4942,5368,0,JAGSNPHARM|INE048B01035|1,EQUITY,JAGSNPHARM|INE048B01027|1
JAIBALAJI,,2007-08-31,2011-06-21,940,661,1600,0,JAIBALAJI|NOISIN|1,UNKNOWN_NO_ISIN,JAIBALAJI|INE091G01018|1
JAIBALAJI,INE091G01018,2011-06-22,2025-01-16,2438,1601,4948,206,JAIBALAJI|INE091G01018|1,EQUITY,JAIBALAJI|INE091G01018|1
JAIBALAJI,INE091G01026,2025-01-17,2026-09-30,362,4949,5368,58,JAIBALAJI|INE091G01026|1,EQUITY,JAIBALAJI|INE091G01018|1
JAICORPLTD,,2005-01-03,2006-06-09,356,0,355,0,JAICORPLTD|NOISIN|1,UNKNOWN_NO_ISIN,JAICORPLTD|NOISIN|1
JAICORPLTD,,2007-03-02,2007-08-30,125,536,660,0,JAICORPLTD|NOISIN|2,UNKNOWN_NO_ISIN,JAICORPLTD|NOISIN|2
JAICORPLTD,,2007-12-03,2011-06-21,875,726,1600,0,JAICORPLTD|NOISIN|3,UNKNOWN_NO_ISIN,JAICORPLTD|INE070D01027|1
JAICORPLTD,INE070D01027,2011-06-22,2026-09-30,3768,1601,5368,0,JAICORPLTD|INE070D01027|1,EQUITY,JAICORPLTD|INE070D01027|1
JAIHINDPRO,INE343D01010,2012-02-29,2018-09-05,1180,1771,3379,40,JAIHINDPRO|INE343D01010|1,EQUITY,JAIHINDPRO|INE343D01010|1
JAINREC,INE0YD401026,2025-10-01,2026-09-30,246,5123,5368,0,JAINREC|INE0YD401026|1,EQUITY,JAINREC|INE0YD401026|1
JAINSTUDIO,,2005-01-03,2005-07-14,135,0,134,0,JAINSTUDIO|NOISIN|1,UNKNOWN_NO_ISIN,JAINSTUDIO|NOISIN|1
JAINSTUDIO,,2006-06-12,2006-12-29,140,356,495,0,JAINSTUDIO|NOISIN|2,UNKNOWN_NO_ISIN,JAINSTUDIO|NOISIN|2
JAINSTUDIO,,2007-03-02,2007-05-07,43,536,578,0,JAINSTUDIO|NOISIN|3,UNKNOWN_NO_ISIN,JAINSTUDIO|NOISIN|3
JAINSTUDIO,,2007-06-08,2009-02-19,421,602,1024,1,JAINSTUDIO|NOISIN|4,UNKNOWN_NO_ISIN,JAINSTUDIO|NOISIN|4
JAINSTUDIO,,2009-08-21,2009-11-26,64,1146,1209,0,JAINSTUDIO|NOISIN|5,UNKNOWN_NO_ISIN,JAINSTUDIO|NOISIN|5
JAINSTUDIO,,2010-02-19,2011-03-31,278,1265,1545,1,JAINSTUDIO|NOISIN|6,UNKNOWN_NO_ISIN,JAINSTUDIO|NOISIN|6
JAINSTUDIO,,2011-06-17,2011-06-21,3,1598,1600,0,JAINSTUDIO|NOISIN|7,UNKNOWN_NO_ISIN,JAINSTUDIO|INE486B01011|1
JAINSTUDIO,INE486B01011,2011-06-22,2012-08-17,247,1601,1888,4,JAINSTUDIO|INE486B01011|1,EQUITY,JAINSTUDIO|INE486B01011|1
JAIPURKURT,INE696V01013,2021-09-02,2026-09-30,1090,4115,5368,92,JAIPURKURT|INE696V01013|1,EQUITY,JAIPURKURT|INE696V01013|1
JAMNAAUTO,,2010-12-10,2011-06-21,131,1469,1600,1,JAMNAAUTO|NOISIN|1,UNKNOWN_NO_ISIN,JAMNAAUTO|INE039C01016|1
JAMNAAUTO,INE039C01016,2011-06-22,2015-12-03,1032,1601,2696,6,JAMNAAUTO|INE039C01016|1,EQUITY,JAMNAAUTO|INE039C01016|1
JAMNAAUTO,INE039C01024,2015-12-04,2017-10-05,454,2697,3150,0,JAMNAAUTO|INE039C01024|1,EQUITY,JAMNAAUTO|INE039C01016|1
JAMNAAUTO,INE039C01032,2017-10-06,2026-09-30,2218,3151,5368,0,JAMNAAUTO|INE039C01032|1,EQUITY,JAMNAAUTO|INE039C01016|1
JARO,INE00YJ01010,2025-09-30,2026-09-30,247,5122,5368,0,JARO|INE00YJ01010|1,EQUITY,JARO|INE00YJ01010|1
JASH,INE039O01011,2019-10-30,2024-10-29,1185,3657,4894,53,JASH|INE039O01011|1,EQUITY,JASH|INE039O01011|1
JASH,INE039O01029,2024-10-30,2026-09-30,474,4895,5368,0,JASH|INE039O01029|1,EQUITY,JASH|INE039O01011|1
JAYAGROGN,,2005-01-03,2011-06-21,1599,0,1600,1,JAYAGROGN|NOISIN|1,UNKNOWN_NO_ISIN,JAYAGROGN|INE785A01026|1
JAYAGROGN,INE785A01026,2011-06-22,2026-09-30,3746,1601,5368,22,JAYAGROGN|INE785A01026|1,EQUITY,JAYAGROGN|INE785A01026|1
JAYBARMARU,,2005-01-03,2009-11-19,1184,0,1204,2,JAYBARMARU|NOISIN|1,UNKNOWN_NO_ISIN,JAYBARMARU|NOISIN|1
JAYBARMARU,,2010-02-19,2011-06-21,336,1265,1600,0,JAYBARMARU|NOISIN|2,UNKNOWN_NO_ISIN,JAYBARMARU|INE571B01028|1
JAYBARMARU,INE571B01028,2011-06-22,2023-10-25,2980,1601,4646,26,JAYBARMARU|INE571B01028|1,EQUITY,JAYBARMARU|INE571B01028|1
JAYBARMARU,INE571B01036,2023-10-26,2026-09-30,659,4647,5368,63,JAYBARMARU|INE571B01036|1,EQUITY,JAYBARMARU|INE571B01028|1
JAYKAY,INE903A01025,2025-12-03,2026-09-30,204,5165,5368,0,JAYKAY|INE903A01025|1,EQUITY,JAYKAY|INE903A01025|1
JAYNECOIND,,2008-02-22,2009-06-11,312,783,1095,1,JAYNECOIND|NOISIN|1,UNKNOWN_NO_ISIN,JAYNECOIND|NOISIN|1
JAYNECOIND,,2009-08-21,2011-06-21,455,1146,1600,0,JAYNECOIND|NOISIN|2,UNKNOWN_NO_ISIN,JAYNECOIND|INE854B01010|1
JAYNECOIND,INE854B01010,2011-06-22,2026-09-30,3218,1601,5368,125,JAYNECOIND|INE854B01010|1,EQUITY,JAYNECOIND|INE854B01010|1
JAYPEEHOT,,2005-01-03,2006-02-16,280,0,279,0,JAYPEEHOT|NOISIN|1,UNKNOWN_NO_ISIN,JAYPEEHOT|NOISIN|1
JAYPEEHOT,,2006-06-12,2007-10-05,330,356,685,0,JAYPEEHOT|NOISIN|2,UNKNOWN_NO_ISIN,JAYPEEHOT|NOISIN|2
JAYPEEHOT,,2007-12-03,2009-06-04,365,726,1090,0,JAYPEEHOT|NOISIN|3,UNKNOWN_NO_ISIN,JAYPEEHOT|NOISIN|3
JAYSREETEA,,2005-01-03,2011-06-21,1601,0,1600,0,JAYSREETEA|NOISIN|1,UNKNOWN_NO_ISIN,JAYSREETEA|INE364A01020|1
JAYSREETEA,INE364A01020,2011-06-22,2026-09-30,3634,1601,5368,63,JAYSREETEA|INE364A01020|1,EQUITY,JAYSREETEA|INE364A01020|1
JBCHEPHARM,,2005-01-03,2011-06-21,1600,0,1600,1,JBCHEPHARM|NOISIN|1,UNKNOWN_NO_ISIN,JBCHEPHARM|INE572A01028|1
JBCHEPHARM,INE572A01028,2011-06-22,2023-09-15,3021,1601,4621,0,JBCHEPHARM|INE572A01028|1,EQUITY,JBCHEPHARM|INE572A01028|1
JBCHEPHARM,INE572A01036,2023-09-18,2026-07-16,694,4622,5315,0,JBCHEPHARM|INE572A01036|1,EQUITY,JBCHEPHARM|INE572A01028|1
JBFIND,,2005-01-03,2011-06-21,1600,0,1600,1,JBFIND|NOISIN|1,UNKNOWN_NO_ISIN,JBFIND|INE187A01017|1
JBFIND,INE187A01017,2011-06-22,2023-01-20,2357,1601,4460,120,JBFIND|INE187A01017|1,EQUITY,JBFIND|INE187A01017|1
JBMA,,2006-01-04,2011-06-16,1282,251,1597,3,JBMA|NOISIN|1,UNKNOWN_NO_ISIN,JBMAUTOCOM|NOISIN|1
JBMA,INE927D01010,2011-09-07,2014-09-08,594,1653,2394,26,JBMA|INE927D01010|1,EQUITY,JBMA|INE927D01010|1
JBMA,INE927D01028,2014-11-13,2022-02-21,1798,2435,4232,0,JBMA|INE927D01028|1,EQUITY,JBMA|INE927D01028|1
JBMA,INE927D01044,2022-02-22,2025-01-30,664,4233,4958,62,JBMA|INE927D01044|1,EQUITY,JBMA|INE927D01028|1
JBMA,INE927D01051,2025-01-31,2026-09-30,410,4959,5368,0,JBMA|INE927D01051|1,EQUITY,JBMA|INE927D01028|1
JBMAUTOCOM,,2005-01-03,2006-01-03,248,0,250,1,JBMAUTOCOM|NOISIN|1,UNKNOWN_NO_ISIN,JBMAUTOCOM|NOISIN|1
JCHAC,INE782A01015,2016-09-12,2025-12-23,2293,2887,5179,0,JCHAC|INE782A01015|1,EQUITY,AMTREXAPPL|NOISIN|2
JCTEL,,2007-11-21,2007-12-13,17,718,734,0,JCTEL|NOISIN|1,UNKNOWN_NO_ISIN,JCTEL|NOISIN|1
JCTEL,,2008-02-29,2008-04-21,32,788,819,0,JCTEL|NOISIN|2,UNKNOWN_NO_ISIN,JCTEL|NOISIN|2
JCTEL,,2008-06-13,2008-08-07,40,856,895,0,JCTEL|NOISIN|3,UNKNOWN_NO_ISIN,JCTEL|NOISIN|3
JCTEL,,2008-12-01,2009-05-28,111,970,1085,2,JCTEL|NOISIN|4,UNKNOWN_NO_ISIN,JCTEL|NOISIN|4
JCTEL,,2009-08-21,2009-09-17,20,1146,1165,0,JCTEL|NOISIN|5,UNKNOWN_NO_ISIN,JCTEL|NOISIN|5
JCTEL,,2009-11-20,2010-09-16,205,1205,1409,0,JCTEL|NOISIN|6,UNKNOWN_NO_ISIN,JCTEL|NOISIN|6
JCTEL,,2010-12-03,2011-02-17,53,1464,1516,0,JCTEL|NOISIN|7,UNKNOWN_NO_ISIN,JCTEL|NOISIN|7
JCTEL,,2011-06-17,2011-06-21,3,1598,1600,0,JCTEL|NOISIN|8,UNKNOWN_NO_ISIN,JCTEL|INE264B01020|1
JCTEL,INE264B01020,2011-06-22,2016-05-19,963,1601,2808,88,JCTEL|INE264B01020|1,EQUITY,JCTEL|INE264B01020|1
JCTELEC,,2005-01-03,2005-05-19,95,0,94,0,JCTELEC|NOISIN|1,UNKNOWN_NO_ISIN,JCTELEC|NOISIN|1
JCTELEC,,2005-07-08,2005-07-14,5,130,134,0,JCTELEC|NOISIN|2,UNKNOWN_NO_ISIN,JCTELEC|NOISIN|2
JCTELEC,,2006-06-12,2006-06-29,14,356,369,0,JCTELEC|NOISIN|3,UNKNOWN_NO_ISIN,JCTELEC|NOISIN|3
JCTELEC,,2006-08-28,2006-10-19,38,410,447,0,JCTELEC|NOISIN|4,UNKNOWN_NO_ISIN,JCTELEC|NOISIN|4
JCTELEC,,2006-11-24,2007-01-25,43,471,513,0,JCTELEC|NOISIN|5,UNKNOWN_NO_ISIN,JCTELEC|NOISIN|5
JCTELEC,,2007-03-02,2007-04-19,33,536,568,0,JCTELEC|NOISIN|6,UNKNOWN_NO_ISIN,JCTELEC|NOISIN|6
JCTELEC,,2007-06-08,2007-07-27,36,602,637,0,JCTELEC|NOISIN|7,UNKNOWN_NO_ISIN,JCTELEC|NOISIN|7
JDORGO,,2005-03-14,2005-04-07,14,48,65,4,JDORGO|NOISIN|1,UNKNOWN_NO_ISIN,JDORGO|NOISIN|1
JDORGO,,2006-06-12,2006-06-29,2,356,369,12,JDORGO|NOISIN|2,UNKNOWN_NO_ISIN,JDORGO|NOISIN|2
JDORGO,,2006-07-31,2006-10-23,18,391,449,14,JDORGO|NOISIN|3,UNKNOWN_NO_ISIN,JDORGO|NOISIN|3
JDORGO,,2006-11-29,2007-01-25,23,474,513,5,JDORGO|NOISIN|4,UNKNOWN_NO_ISIN,JDORGO|NOISIN|4
JDORGO,,2007-06-08,2007-08-14,14,602,649,7,JDORGO|NOISIN|5,UNKNOWN_NO_ISIN,JDORGO|NOISIN|5
JDORGO,,2008-02-29,2008-07-18,19,788,881,20,JDORGO|NOISIN|6,UNKNOWN_NO_ISIN,JDORGO|NOISIN|6
JDORGOCHEM,,2008-09-02,2009-04-17,130,912,1058,3,JDORGOCHEM|NOISIN|1,UNKNOWN_NO_ISIN,JDORGOCHEM|NOISIN|1
JDORGOCHEM,,2009-08-25,2009-09-17,17,1148,1165,1,JDORGOCHEM|NOISIN|2,UNKNOWN_NO_ISIN,JDORGOCHEM|NOISIN|2
JDORGOCHEM,,2009-11-20,2010-02-02,39,1205,1253,4,JDORGOCHEM|NOISIN|3,UNKNOWN_NO_ISIN,JDORGOCHEM|NOISIN|3
JDORGOCHEM,,2010-06-14,2011-04-13,156,1342,1553,9,JDORGOCHEM|NOISIN|4,UNKNOWN_NO_ISIN,JDORGOCHEM|NOISIN|4
JDORGOCHEM,INE263B01022,2011-09-12,2013-12-12,89,1656,2213,137,JDORGOCHEM|INE263B01022|1,EQUITY,JDORGOCHEM|INE263B01022|1
JENBURPH,INE354A01013,2026-08-17,2026-09-30,32,5337,5368,0,JENBURPH|INE354A01013|1,EQUITY,JENBURPH|INE354A01013|1
JENSONICOL,,2005-01-03,2005-04-28,80,0,79,0,JENSONICOL|NOISIN|1,UNKNOWN_NO_ISIN,JENSONICOL|NOISIN|1
JENSONICOL,,2005-07-08,2005-07-21,10,130,139,0,JENSONICOL|NOISIN|2,UNKNOWN_NO_ISIN,JENSONICOL|NOISIN|2
JENSONICOL,,2006-06-12,2006-06-29,14,356,369,0,JENSONICOL|NOISIN|3,UNKNOWN_NO_ISIN,JENSONICOL|NOISIN|3
JENSONICOL,,2006-08-28,2006-09-21,19,410,428,0,JENSONICOL|NOISIN|4,UNKNOWN_NO_ISIN,JENSONICOL|NOISIN|4
JENSONICOL,,2006-11-24,2007-08-23,185,471,655,0,JENSONICOL|NOISIN|5,UNKNOWN_NO_ISIN,JENSONICOL|NOISIN|5
JENSONICOL,,2007-12-03,2007-12-28,18,726,743,0,JENSONICOL|NOISIN|6,UNKNOWN_NO_ISIN,JENSONICOL|NOISIN|6
JENSONICOL,,2008-02-29,2008-04-21,32,788,819,0,JENSONICOL|NOISIN|7,UNKNOWN_NO_ISIN,JENSONICOL|NOISIN|7
JENSONICOL,,2008-06-13,2009-01-09,141,856,996,0,JENSONICOL|NOISIN|8,UNKNOWN_NO_ISIN,JENSONICOL|NOISIN|8
JENSONICOL,,2009-03-02,2009-06-11,65,1030,1095,1,JENSONICOL|NOISIN|9,UNKNOWN_NO_ISIN,JENSONICOL|NOISIN|9
JENSONICOL,,2009-08-21,2010-04-16,138,1146,1301,18,JENSONICOL|NOISIN|10,UNKNOWN_NO_ISIN,JENSONICOL|NOISIN|10
JENSONICOL,,2010-06-11,2011-06-21,260,1341,1600,0,JENSONICOL|NOISIN|11,UNKNOWN_NO_ISIN,JENSONICOL|INE819B01021|1
JENSONICOL,INE819B01021,2011-06-22,2017-11-08,1489,1601,3173,52,JENSONICOL|INE819B01021|1,EQUITY,JENSONICOL|INE819B01021|1
JETAIRWAYS,,2005-03-14,2011-06-21,1553,48,1600,0,JETAIRWAYS|NOISIN|1,UNKNOWN_NO_ISIN,JETAIRWAYS|INE802G01018|1
JETAIRWAYS,INE802G01018,2011-06-22,2019-06-27,1976,1601,3576,0,JETAIRWAYS|INE802G01018|1,EQUITY,JETAIRWAYS|INE802G01018|1
JETFREIGHT,INE982V01017,2021-12-21,2022-05-19,102,4189,4290,0,JETFREIGHT|INE982V01017|1,EQUITY,JETFREIGHT|INE982V01017|1
JETFREIGHT,INE982V01025,2022-05-20,2026-09-30,829,4291,5368,66,JETFREIGHT|INE982V01025|1,EQUITY,JETFREIGHT|INE982V01017|1
JEYPORE,,2010-06-30,2010-11-22,99,1354,1455,1,JEYPORE|NOISIN|1,UNKNOWN_NO_ISIN,JEYPORE|NOISIN|1
JGCHEM,INE0MB501011,2024-03-13,2026-09-30,629,4740,5368,0,JGCHEM|INE0MB501011|1,EQUITY,JGCHEM|INE0MB501011|1
JHS,,2006-10-23,2009-08-20,692,449,1145,1,JHS|NOISIN|1,UNKNOWN_NO_ISIN,JHS|NOISIN|1
JHS,,2009-11-20,2011-06-21,396,1205,1600,0,JHS|NOISIN|2,UNKNOWN_NO_ISIN,JHS|INE544H01014|1
JHS,INE544H01014,2011-06-22,2026-09-30,2863,1601,5368,298,JHS|INE544H01014|1,EQUITY,JHS|INE544H01014|1
JIK,,2007-06-08,2007-08-23,54,602,655,0,JIK|NOISIN|1,UNKNOWN_NO_ISIN,JIK|NOISIN|1
JIK,,2007-12-03,2008-09-30,206,726,931,0,JIK|NOISIN|2,UNKNOWN_NO_ISIN,JIK|NOISIN|2
JIKIND,,2008-11-26,2009-04-02,84,968,1051,0,JIKIND|NOISIN|1,UNKNOWN_NO_ISIN,JIKIND|NOISIN|1
JIKIND,,2009-06-12,2009-09-17,70,1096,1165,0,JIKIND|NOISIN|2,UNKNOWN_NO_ISIN,JIKIND|NOISIN|2
JIKIND,,2009-11-20,2011-06-21,395,1205,1600,1,JIKIND|NOISIN|3,UNKNOWN_NO_ISIN,JIKIND|INE026B01049|1
JIKIND,INE026B01049,2011-06-22,2017-03-23,793,1601,3017,210,JIKIND|INE026B01049|1,EQUITY,JIKIND|INE026B01049|1
JIKINDS,,2005-01-03,2005-04-07,66,0,65,0,JIKINDS|NOISIN|1,UNKNOWN_NO_ISIN,JIKINDS|NOISIN|1
JIKINDS,,2005-07-08,2005-07-29,15,130,144,0,JIKINDS|NOISIN|2,UNKNOWN_NO_ISIN,JIKINDS|NOISIN|2
JIKINDS,,2006-06-12,2006-06-29,14,356,369,0,JIKINDS|NOISIN|3,UNKNOWN_NO_ISIN,JIKINDS|NOISIN|3
JIKINDS,,2006-08-28,2007-02-06,110,410,519,0,JIKINDS|NOISIN|4,UNKNOWN_NO_ISIN,JIKINDS|NOISIN|4
JINDALDRIL,,2005-01-03,2005-03-03,42,0,41,0,JINDALDRIL|NOISIN|1,UNKNOWN_NO_ISIN,JINDALDRIL|NOISIN|1
JINDALDRIL,,2005-04-08,2006-06-09,290,66,355,0,JINDALDRIL|NOISIN|2,UNKNOWN_NO_ISIN,JINDALDRIL|NOISIN|2
JINDALDRIL,,2006-08-28,2006-09-11,11,410,420,0,JINDALDRIL|NOISIN|3,UNKNOWN_NO_ISIN,JINDALDRIL|NOISIN|3
JINDALIRON,,2005-01-03,2005-02-17,32,0,31,0,JINDALIRON|NOISIN|1,UNKNOWN_NO_ISIN,JINDALIRON|NOISIN|1
JINDALPHOT,,2005-04-07,2011-06-21,1535,65,1600,1,JINDALPHOT|NOISIN|1,UNKNOWN_NO_ISIN,JINDALPHOT|INE796G01012|1
JINDALPHOT,INE796G01012,2011-06-22,2026-09-30,3212,1601,5368,112,JINDALPHOT|INE796G01012|1,EQUITY,JINDALPHOT|INE796G01012|1
JINDALPOLY,,2005-01-03,2007-08-30,661,0,660,0,JINDALPOLY|NOISIN|1,UNKNOWN_NO_ISIN,JINDALPOLY|NOISIN|1
JINDALPOLY,,2007-12-03,2011-06-21,874,726,1600,1,JINDALPOLY|NOISIN|2,UNKNOWN_NO_ISIN,JINDALPOLY|INE197D01010|1
JINDALPOLY,INE197D01010,2011-06-22,2026-09-30,3748,1601,5368,10,JINDALPOLY|INE197D01010|1,EQUITY,JINDALPOLY|INE197D01010|1
JINDALSAW,,2005-02-18,2011-06-21,1569,32,1600,0,JINDALSAW|NOISIN|1,UNKNOWN_NO_ISIN,JINDALSAW|INE324A01024|1
JINDALSAW,INE324A01024,2011-06-22,2024-10-08,3269,1601,4879,10,JINDALSAW|INE324A01024|1,EQUITY,JINDALSAW|INE324A01024|1
JINDALSAW,INE324A01032,2024-10-09,2026-09-30,489,4880,5368,0,JINDALSAW|INE324A01032|1,EQUITY,JINDALSAW|INE324A01024|1
JINDALSTEL,,2005-01-03,2011-06-21,1601,0,1600,0,JINDALSTEL|NOISIN|1,UNKNOWN_NO_ISIN,JINDALSTEL|INE749A01030|1
JINDALSTEL,INE749A01030,2011-06-22,2026-09-30,3768,1601,5368,0,JINDALSTEL|INE749A01030|1,EQUITY,JINDALSTEL|INE749A01030|1
JINDALSWHL,,2005-06-21,2007-03-01,419,117,535,0,JINDALSWHL|NOISIN|1,UNKNOWN_NO_ISIN,JINDALSWHL|NOISIN|1
JINDALSWHL,,2007-06-08,2011-06-21,998,602,1600,1,JINDALSWHL|NOISIN|2,UNKNOWN_NO_ISIN,JINDALSWHL|INE824G01012|1
JINDALSWHL,INE824G01012,2011-06-22,2013-07-29,451,1601,2122,71,JINDALSWHL|INE824G01012|1,EQUITY,JINDALSWHL|INE824G01012|1
JINDCOT,,2009-09-22,2010-07-08,194,1167,1360,0,JINDCOT|NOISIN|1,UNKNOWN_NO_ISIN,JINDCOT|NOISIN|1
JINDCOT,,2010-08-20,2011-06-21,210,1391,1600,0,JINDCOT|NOISIN|2,UNKNOWN_NO_ISIN,JINDCOT|INE904J01016|1
JINDCOT,INE904J01016,2011-06-22,2019-09-09,1781,1601,3625,151,JINDCOT|INE904J01016|1,EQUITY,JINDCOT|INE904J01016|1
JINDRILL,,2006-12-22,2011-06-21,1109,491,1600,1,JINDRILL|NOISIN|1,UNKNOWN_NO_ISIN,JINDRILL|INE742C01031|1
JINDRILL,INE742C01031,2011-06-22,2026-09-30,3725,1601,5368,43,JINDRILL|INE742C01031|1,EQUITY,JINDRILL|INE742C01031|1
JINDVIJSTL,,2005-01-03,2005-02-18,33,0,32,0,JINDVIJSTL|NOISIN|1,UNKNOWN_NO_ISIN,JINDVIJSTL|NOISIN|1
JINDWORLD,,2010-11-25,2011-06-21,143,1458,1600,0,JINDWORLD|NOISIN|1,UNKNOWN_NO_ISIN,JINDWORLD|INE247D01013|1
JINDWORLD,INE247D01013,2011-06-22,2017-12-26,1500,1601,3206,71,JINDWORLD|INE247D01013|1,EQUITY,JINDWORLD|INE247D01013|1
JINDWORLD,INE247D01021,2017-12-27,2018-10-31,209,3207,3415,0,JINDWORLD|INE247D01021|1,EQUITY,JINDWORLD|INE247D01013|1
JINDWORLD,INE247D01039,2018-11-01,2026-09-30,1872,3416,5368,64,JINDWORLD|INE247D01039|1,EQUITY,JINDWORLD|INE247D01013|1
JIOFIN,INE758E01017,2023-09-04,2026-09-30,757,4612,5368,0,JIOFIN|INE758E01017|1,EQUITY,JIOFIN|INE758E01017|1
JISLDVREQS,IN9175A01010,2011-11-30,2026-09-30,3382,1709,5368,72,JISLDVREQS|IN9175A01010|1,OTHER_ISIN,JISLDVREQS|IN9175A01010|1
JISLJALEQS,,2005-01-03,2011-06-21,1601,0,1600,0,JISLJALEQS|NOISIN|1,UNKNOWN_NO_ISIN,JISLJALEQS|INE175A01038|1
JISLJALEQS,INE175A01038,2011-06-22,2026-09-30,3687,1601,5368,81,JISLJALEQS|INE175A01038|1,EQUITY,JISLJALEQS|INE175A01038|1
JITFINFRA,INE863T01013,2023-11-22,2026-09-30,361,4665,5368,129,JITFINFRA|INE863T01013|1,EQUITY,JITFINFRA|INE863T01013|1
JIYAECO,INE023S01016,2019-08-19,2020-11-23,313,3611,3923,0,JIYAECO|INE023S01016|1,EQUITY,JIYAECO|INE023S01016|1
JKCEMENT,,2006-03-14,2011-06-21,1304,297,1600,0,JKCEMENT|NOISIN|1,UNKNOWN_NO_ISIN,JKCEMENT|INE823G01014|1
JKCEMENT,INE823G01014,2011-06-22,2026-09-30,3768,1601,5368,0,JKCEMENT|INE823G01014|1,EQUITY,JKCEMENT|INE823G01014|1
JKIL,,2008-02-12,2011-06-21,825,775,1600,1,JKIL|NOISIN|1,UNKNOWN_NO_ISIN,JKIL|INE576I01014|1
JKIL,INE576I01014,2011-06-22,2015-12-10,1101,1601,2701,0,JKIL|INE576I01014|1,EQUITY,JKIL|INE576I01014|1
JKIL,INE576I01022,2015-12-11,2026-09-30,2664,2702,5368,3,JKIL|INE576I01022|1,EQUITY,JKIL|INE576I01014|1
JKINDUSTRY,,2005-01-03,2007-01-18,509,0,508,0,JKINDUSTRY|NOISIN|1,UNKNOWN_NO_ISIN,JKINDUSTRY|NOISIN|1
JKIPL,INE1FF001016,2025-10-17,2026-09-30,158,5134,5368,77,JKIPL|INE1FF001016|1,EQUITY,JKIPL|INE1FF001016|1
JKLAKSHMI,,2006-06-19,2011-06-21,1240,361,1600,0,JKLAKSHMI|NOISIN|1,UNKNOWN_NO_ISIN,JKLAKSHMI|INE786A01032|1
JKLAKSHMI,INE786A01032,2011-06-22,2026-09-30,3768,1601,5368,0,JKLAKSHMI|INE786A01032|1,EQUITY,JKLAKSHMI|INE786A01032|1
JKPAPER,,2005-06-16,2011-06-21,1486,114,1600,1,JKPAPER|NOISIN|1,UNKNOWN_NO_ISIN,JKPAPER|INE789E01012|1
JKPAPER,INE789E01012,2011-06-22,2026-09-30,3768,1601,5368,0,JKPAPER|INE789E01012|1,EQUITY,JKPAPER|INE789E01012|1
JKTYRE,,2007-03-19,2011-06-21,1034,547,1600,20,JKTYRE|NOISIN|1,UNKNOWN_NO_ISIN,JKTYRE|INE573A01034|1
JKTYRE,INE573A01034,2011-06-22,2014-12-18,860,1601,2460,0,JKTYRE|INE573A01034|1,EQUITY,JKTYRE|INE573A01034|1
JKTYRE,INE573A01042,2014-12-19,2026-09-30,2908,2461,5368,0,JKTYRE|INE573A01042|1,EQUITY,JKTYRE|INE573A01034|1
JLHL,INE682M01012,2023-09-18,2026-07-23,699,4622,5320,0,JLHL|INE682M01012|1,EQUITY,JLHL|INE682M01012|1
JLHL,INE682M01020,2026-07-24,2026-09-30,48,5321,5368,0,JLHL|INE682M01020|1,EQUITY,JLHL|INE682M01012|1
JMA,INE412C01015,2015-03-30,2019-05-14,1008,2528,3545,1,JMA|INE412C01015|1,EQUITY,JMA|INE412C01015|1
JMA,INE412C01023,2019-05-15,2026-09-30,1760,3546,5368,61,JMA|INE412C01023|1,EQUITY,JMA|INE412C01015|1
JMCPROJECT,,2007-11-26,2011-06-21,879,721,1600,1,JMCPROJECT|NOISIN|1,UNKNOWN_NO_ISIN,JMCPROJECT|INE890A01016|1
JMCPROJECT,INE890A01016,2011-06-22,2018-10-04,1786,1601,3397,11,JMCPROJECT|INE890A01016|1,EQUITY,JMCPROJECT|INE890A01016|1
JMCPROJECT,INE890A01024,2018-10-05,2023-01-10,1055,3398,4452,0,JMCPROJECT|INE890A01024|1,EQUITY,JMCPROJECT|INE890A01016|1
JMFINANCIL,,2006-10-10,2011-06-21,1161,440,1600,0,JMFINANCIL|NOISIN|1,UNKNOWN_NO_ISIN,JMFINANCIL|INE780C01023|1
JMFINANCIL,INE780C01023,2011-06-22,2026-09-30,3768,1601,5368,0,JMFINANCIL|INE780C01023|1,EQUITY,JMFINANCIL|INE780C01023|1
JMTAUTOLTD,,2007-04-02,2011-06-21,929,556,1600,7,JMTAUTOLTD|NOISIN|1,UNKNOWN_NO_ISIN,JMTAUTOLTD|INE988E01010|1
JMTAUTOLTD,INE988E01010,2011-06-22,2015-06-25,779,1601,2587,70,JMTAUTOLTD|INE988E01010|1,EQUITY,JMTAUTOLTD|INE988E01010|1
JMTAUTOLTD,INE988E01028,2015-06-26,2016-09-21,306,2588,2893,0,JMTAUTOLTD|INE988E01028|1,EQUITY,JMTAUTOLTD|INE988E01010|1
JMTAUTOLTD,INE988E01036,2016-09-22,2021-10-22,978,2894,4149,67,JMTAUTOLTD|INE988E01036|1,EQUITY,JMTAUTOLTD|INE988E01010|1
JNKINDIA,INE0OAF01028,2024-04-30,2026-09-30,542,4770,5368,57,JNKINDIA|INE0OAF01028|1,EQUITY,JNKINDIA|INE0OAF01028|1
JNPR,INE05C901015,2026-08-06,2026-09-30,39,5330,5368,0,JNPR|INE05C901015|1,EQUITY,JNPR|INE05C901015|1
JOCIL,,2008-10-08,2011-06-21,619,936,1600,5,JOCIL|NOISIN|1,UNKNOWN_NO_ISIN,JOCIL|INE839G01010|1
JOCIL,INE839G01010,2011-06-22,2026-09-30,3663,1601,5368,68,JOCIL|INE839G01010|1,EQUITY,JOCIL|INE839G01010|1
JPASSOCIAT,,2005-01-03,2011-06-21,1601,0,1600,0,JPASSOCIAT|NOISIN|1,UNKNOWN_NO_ISIN,JPASSOCIAT|INE455F01025|1
JPASSOCIAT,INE455F01025,2011-06-22,2024-06-05,3129,1601,4794,65,JPASSOCIAT|INE455F01025|1,EQUITY,JPASSOCIAT|INE455F01025|1
JPHYDRO,,2005-04-18,2010-01-07,1166,71,1236,0,JPHYDRO|NOISIN|1,UNKNOWN_NO_ISIN,JPHYDRO|NOISIN|1
JPINFRATEC,,2010-05-21,2011-06-21,275,1326,1600,0,JPINFRATEC|NOISIN|1,UNKNOWN_NO_ISIN,JPINFRATEC|INE099J01015|1
JPINFRATEC,INE099J01015,2011-06-22,2022-05-24,2436,1601,4293,121,JPINFRATEC|INE099J01015|1,EQUITY,JPINFRATEC|INE099J01015|1
JPOLYINVST,INE147P01019,2013-11-26,2026-09-30,2777,2201,5368,182,JPOLYINVST|INE147P01019|1,EQUITY,JPOLYINVST|INE147P01019|1
JPPOWER,,2010-01-08,2011-06-21,364,1237,1600,0,JPPOWER|NOISIN|1,UNKNOWN_NO_ISIN,JPHYDRO|NOISIN|1
JPPOWER,INE351F01018,2011-06-22,2026-09-30,3678,1601,5368,61,JPPOWER|INE351F01018|1,EQUITY,JPHYDRO|NOISIN|1
JSFB,INE953L01027,2024-02-14,2026-09-30,648,4721,5368,0,JSFB|INE953L01027|1,EQUITY,JSFB|INE953L01027|1
JSL,,2008-10-23,2011-06-21,655,946,1600,0,JSL|NOISIN|1,UNKNOWN_NO_ISIN,JSL|INE220G01021|1
JSL,INE220G01021,2011-06-22,2026-09-30,3758,1601,5368,10,JSL|INE220G01021|1,EQUITY,JSL|INE220G01021|1
JSLHISAR,INE455T01018,2016-02-11,2023-03-08,1748,2744,4491,0,JSLHISAR|INE455T01018|1,EQUITY,JSLHISAR|INE455T01018|1
JSLL,INE0J5801029,2025-08-11,2026-09-30,281,5088,5368,0,JSLL|INE0J5801029|1,EQUITY,JSLL|INE0J5801029|1
JSTAINLESS,,2005-01-03,2008-10-22,946,0,945,0,JSTAINLESS|NOISIN|1,UNKNOWN_NO_ISIN,JSL|INE220G01021|1
JSTRIPS,,2005-01-03,2005-06-06,107,0,106,0,JSTRIPS|NOISIN|1,UNKNOWN_NO_ISIN,JSTRIPS|NOISIN|1
JSWCEMENT,INE718I01012,2025-08-14,2026-09-30,278,5091,5368,0,JSWCEMENT|INE718I01012|1,EQUITY,JSWCEMENT|INE718I01012|1
JSWDULUX,INE133A01011,2026-04-15,2026-09-30,117,5252,5368,0,JSWDULUX|INE133A01011|1,EQUITY,AKZOINDIA|INE133A01011|1
JSWENERGY,,2010-01-04,2011-06-21,368,1233,1600,0,JSWENERGY|NOISIN|1,UNKNOWN_NO_ISIN,JSWENERGY|INE121E01018|1
JSWENERGY,INE121E01018,2011-06-22,2026-09-30,3586,1601,5368,182,JSWENERGY|INE121E01018|1,EQUITY,JSWENERGY|INE121E01018|1
JSWHL,INE824G01012,2013-07-30,2026-09-30,3105,2123,5368,65,JSWHL|INE824G01012|1,EQUITY,JINDALSWHL|INE824G01012|1
JSWINFRA,INE880J01026,2023-10-03,2026-09-30,738,4631,5368,0,JSWINFRA|INE880J01026|1,EQUITY,JSWINFRA|INE880J01026|1
JSWISPAT,INE136A01022,2011-08-16,2013-06-10,449,1639,2087,0,JSWISPAT|INE136A01022|1,EQUITY,ISPATIND|INE136A01022|1
JSWISPL,INE743C01021,2020-10-12,2023-08-09,637,3894,4595,65,JSWISPL|INE743C01021|1,EQUITY,AIONJSW|INE743C01021|1
JSWSTEEL,,2005-09-16,2011-06-21,1424,177,1600,0,JSWSTEEL|NOISIN|1,UNKNOWN_NO_ISIN,JSWSTEEL|INE019A01020|1
JSWSTEEL,INE019A01020,2011-06-22,2017-01-04,1364,1601,2964,0,JSWSTEEL|INE019A01020|1,EQUITY,JSWSTEEL|INE019A01020|1
JSWSTEEL,INE019A01038,2017-01-05,2026-09-30,2404,2965,5368,0,JSWSTEEL|INE019A01038|1,EQUITY,JSWSTEEL|INE019A01038|1
JSWSTL,,2005-03-23,2005-09-15,122,55,176,0,JSWSTL|NOISIN|1,UNKNOWN_NO_ISIN,JSWSTEEL|INE019A01020|1
JTEKTINDIA,INE643A01035,2018-04-23,2026-09-30,2084,3285,5368,0,JTEKTINDIA|INE643A01035|1,EQUITY,JTEKTINDIA|INE643A01035|1
JTLIND,INE391J01024,2022-11-21,2024-11-13,490,4416,4905,0,JTLIND|INE391J01024|1,EQUITY,JTLIND|INE391J01024|1
JTLIND,INE391J01032,2024-11-14,2026-09-30,463,4906,5368,0,JTLIND|INE391J01032|1,EQUITY,JTLIND|INE391J01024|1
JTLINFRA,INE391J01024,2021-12-23,2022-11-18,225,4191,4415,0,JTLINFRA|INE391J01024|1,EQUITY,JTLIND|INE391J01024|1
JUBILANT,,2005-01-03,2011-06-21,1591,0,1600,10,JUBILANT|NOISIN|1,UNKNOWN_NO_ISIN,JUBILANT|INE700A01033|1
JUBILANT,INE700A01033,2011-06-22,2021-02-03,2372,1601,3972,0,JUBILANT|INE700A01033|1,EQUITY,JUBILANT|INE700A01033|1
JUBLCPL,INE03CC01015,2025-03-03,2026-09-30,333,4979,5368,57,JUBLCPL|INE03CC01015|1,EQUITY,JUBLCPL|INE03CC01015|1
JUBLFOOD,,2010-02-08,2011-06-21,344,1257,1600,0,JUBLFOOD|NOISIN|1,UNKNOWN_NO_ISIN,JUBLFOOD|INE797F01012|1
JUBLFOOD,INE797F01012,2011-06-22,2022-04-19,2669,1601,4269,0,JUBLFOOD|INE797F01012|1,EQUITY,JUBLFOOD|INE797F01012|1
JUBLFOOD,INE797F01020,2022-04-20,2026-09-30,1099,4270,5368,0,JUBLFOOD|INE797F01020|1,EQUITY,JUBLFOOD|INE797F01012|1
JUBLINDS,,2011-02-28,2011-06-21,78,1523,1600,0,JUBLINDS|NOISIN|1,UNKNOWN_NO_ISIN,JUBLINDS|INE645L01011|1
JUBLINDS,INE645L01011,2011-06-22,2024-10-25,3150,1601,4892,57,JUBLINDS|INE645L01011|1,EQUITY,JUBLINDS|INE645L01011|1
JUBLINGREA,INE0BY001018,2021-04-06,2026-09-30,1356,4013,5368,0,JUBLINGREA|INE0BY001018|1,EQUITY,JUBLINGREA|INE0BY001018|1
JUBLPHARMA,INE700A01033,2021-02-18,2026-09-30,1386,3983,5368,0,JUBLPHARMA|INE700A01033|1,EQUITY,JUBILANT|INE700A01033|1
JUMBO,,2009-11-05,2010-01-07,43,1194,1236,0,JUMBO|NOISIN|1,UNKNOWN_NO_ISIN,JUMBO|NOISIN|1
JUMBO,,2010-02-19,2010-04-16,37,1265,1301,0,JUMBO|NOISIN|2,UNKNOWN_NO_ISIN,JUMBO|NOISIN|2
JUMBO,,2010-06-11,2010-07-08,20,1341,1360,0,JUMBO|NOISIN|3,UNKNOWN_NO_ISIN,JUMBO|NOISIN|3
JUMBO,,2010-08-20,2011-01-06,97,1391,1487,0,JUMBO|NOISIN|4,UNKNOWN_NO_ISIN,JUMBO|NOISIN|4
JUMBO,,2011-03-07,2011-06-21,74,1527,1600,0,JUMBO|NOISIN|5,UNKNOWN_NO_ISIN,JUMBO|INE699D01015|1
JUMBO,INE699D01015,2011-06-22,2014-04-11,468,1601,2295,26,JUMBO|INE699D01015|1,EQUITY,JUMBO|INE699D01015|1
JUMPNET,INE974C01022,2019-08-19,2021-12-21,579,3611,4189,0,JUMPNET|INE974C01022|1,EQUITY,JUMPNET|INE974C01022|1
JUNIORBEES,,2005-01-03,2011-06-21,1526,0,1600,4,JUNIORBEES|NOISIN|1,UNKNOWN_NO_ISIN,JUNIORBEES|INF732E01045|1
JUNIORBEES,INF732E01045,2011-06-22,2026-09-30,3768,1601,5368,0,JUNIORBEES|INF732E01045|1,FUND_UNIT,JUNIORBEES|INF732E01045|1
JUNIPER,INE696F01016,2024-02-28,2026-09-30,638,4731,5368,0,JUNIPER|INE696F01016|1,EQUITY,JUNIPER|INE696F01016|1
JUPITER,,2010-01-08,2011-06-21,364,1237,1600,0,JUPITER|NOISIN|1,UNKNOWN_NO_ISIN,JUPITER|INE918B01013|1
JUPITER,INE918B01013,2011-06-22,2012-06-15,244,1601,1844,0,JUPITER|INE918B01013|1,EQUITY,JUPITER|INE918B01013|1
JUSTDIAL,INE599M01018,2013-06-05,2026-09-30,3285,2084,5368,0,JUSTDIAL|INE599M01018|1,EQUITY,JUSTDIAL|INE599M01018|1
JVLAGRO,,2011-06-17,2011-06-21,3,1598,1600,0,JVLAGRO|NOISIN|1,UNKNOWN_NO_ISIN,JVLAGRO|INE430G01026|1
JVLAGRO,INE430G01026,2011-06-22,2018-09-24,1749,1601,3390,41,JVLAGRO|INE430G01026|1,EQUITY,JVLAGRO|INE430G01026|1
JWL,INE209L01016,2022-06-20,2026-09-30,1000,4312,5368,57,JWL|INE209L01016|1,EQUITY,CEBBCO|INE209L01016|1
JYOTHYLAB,,2007-12-19,2011-06-21,863,738,1600,0,JYOTHYLAB|NOISIN|1,UNKNOWN_NO_ISIN,JYOTHYLAB|INE668F01031|1
JYOTHYLAB,INE668F01031,2011-06-22,2026-09-30,3768,1601,5368,0,JYOTHYLAB|INE668F01031|1,EQUITY,JYOTHYLAB|INE668F01031|1
JYOTICNC,INE980O01024,2024-01-16,2026-09-30,667,4702,5368,0,JYOTICNC|INE980O01024|1,EQUITY,JYOTICNC|INE980O01024|1
JYOTIRES,INE577D01013,2026-08-17,2026-09-30,32,5337,5368,0,JYOTIRES|INE577D01013|1,EQUITY,JYOTIRES|INE577D01013|1
JYOTISTRUC,,2005-01-03,2011-06-21,1601,0,1600,0,JYOTISTRUC|NOISIN|1,UNKNOWN_NO_ISIN,JYOTISTRUC|INE197A01024|1
JYOTISTRUC,INE197A01024,2011-06-22,2026-09-30,2164,1601,5368,1436,JYOTISTRUC|INE197A01024|1,EQUITY,JYOTISTRUC|INE197A01024|1
KABRAEXTRU,,2005-01-03,2008-06-12,853,0,855,2,KABRAEXTRU|NOISIN|1,UNKNOWN_NO_ISIN,KABRAEXTRU|NOISIN|1
KABRAEXTRU,,2008-08-22,2011-06-21,679,905,1600,4,KABRAEXTRU|NOISIN|2,UNKNOWN_NO_ISIN,KABRAEXTRU|INE900B01029|1
KABRAEXTRU,INE900B01029,2011-06-22,2026-09-30,3705,1601,5368,63,KABRAEXTRU|INE900B01029|1,EQUITY,KABRAEXTRU|INE900B01029|1
KAJARIACER,,2005-04-08,2007-12-13,669,66,734,0,KAJARIACER|NOISIN|1,UNKNOWN_NO_ISIN,KAJARIACER|NOISIN|1
KAJARIACER,,2008-02-29,2011-06-21,812,788,1600,1,KAJARIACER|NOISIN|2,UNKNOWN_NO_ISIN,KAJARIACER|INE217B01028|1
KAJARIACER,INE217B01028,2011-06-22,2016-10-04,1302,1601,2902,0,KAJARIACER|INE217B01028|1,EQUITY,KAJARIACER|INE217B01028|1
KAJARIACER,INE217B01036,2016-10-05,2026-09-30,2466,2903,5368,0,KAJARIACER|INE217B01036|1,EQUITY,KAJARIACER|INE217B01028|1
KAKATCEM,,2005-01-03,2011-06-21,1600,0,1600,1,KAKATCEM|NOISIN|1,UNKNOWN_NO_ISIN,KAKATCEM|INE437B01014|1
KAKATCEM,INE437B01014,2011-06-22,2026-09-30,3558,1601,5368,71,KAKATCEM|INE437B01014|1,EQUITY,KAKATCEM|INE437B01014|1
KALAMANDIR,INE438K01021,2023-09-27,2026-09-30,741,4628,5368,0,KALAMANDIR|INE438K01021|1,EQUITY,KALAMANDIR|INE438K01021|1
KALECONSUL,,2005-01-03,2005-11-18,219,0,218,0,KALECONSUL|NOISIN|1,UNKNOWN_NO_ISIN,KALECONSUL|NOISIN|1
KALECONSUL,,2006-06-12,2009-06-11,739,356,1095,1,KALECONSUL|NOISIN|2,UNKNOWN_NO_ISIN,KALECONSUL|NOISIN|2
KALECONSUL,,2009-08-21,2011-06-21,455,1146,1600,0,KALECONSUL|NOISIN|3,UNKNOWN_NO_ISIN,ACCELYA|INE793A01012|1
KALECONSUL,INE793A01012,2011-06-22,2012-08-30,296,1601,1896,0,KALECONSUL|INE793A01012|1,EQUITY,ACCELYA|INE793A01012|1
KALINDEE,,2007-06-08,2008-01-10,151,602,752,0,KALINDEE|NOISIN|1,UNKNOWN_NO_ISIN,KALINDEE|NOISIN|1
KALINDEE,,2008-02-29,2010-01-07,449,788,1236,0,KALINDEE|NOISIN|2,UNKNOWN_NO_ISIN,KALINDEE|NOISIN|2
KALINDEE,,2010-02-19,2011-06-21,336,1265,1600,0,KALINDEE|NOISIN|3,UNKNOWN_NO_ISIN,KALINDEE|INE178D01010|1
KALINDEE,INE178D01010,2011-06-22,2017-02-08,1362,1601,2988,26,KALINDEE|INE178D01010|1,EQUITY,KALINDEE|INE178D01010|1
KALPATARU,INE227J01012,2025-07-01,2026-09-30,310,5059,5368,0,KALPATARU|INE227J01012|1,EQUITY,KALPATARU|INE227J01012|1
KALPATPOWR,,2005-01-03,2011-06-21,1601,0,1600,0,KALPATPOWR|NOISIN|1,UNKNOWN_NO_ISIN,KALPATPOWR|INE220B01022|1
KALPATPOWR,INE220B01022,2011-06-22,2023-06-05,2949,1601,4549,0,KALPATPOWR|INE220B01022|1,EQUITY,KALPATPOWR|INE220B01022|1
KALSTEELS,,2008-10-21,2009-04-17,115,944,1058,0,KALSTEELS|NOISIN|1,UNKNOWN_NO_ISIN,KALSTEELS|NOISIN|1
KALSTEELS,,2009-08-21,2010-04-21,159,1146,1304,0,KALSTEELS|NOISIN|2,UNKNOWN_NO_ISIN,KALSTEELS|NOISIN|2
KALYANBRAK,,2005-01-03,2006-02-08,269,0,274,2,KALYANBRAK|NOISIN|1,UNKNOWN_NO_ISIN,BOSCHCHASY|NOISIN|1
KALYANIFRG,,2007-12-20,2009-06-11,322,739,1095,3,KALYANIFRG|NOISIN|1,UNKNOWN_NO_ISIN,KALYANIFRG|NOISIN|1
KALYANIFRG,,2009-11-20,2010-08-19,174,1205,1390,4,KALYANIFRG|NOISIN|2,UNKNOWN_NO_ISIN,KALYANIFRG|NOISIN|2
KALYANIFRG,INE314G01014,2024-02-22,2026-09-02,432,4727,5349,74,KALYANIFRG|INE314G01014|1,EQUITY,KALYANIFRG|INE314G01014|1
KALYANKJIL,INE303R01014,2021-03-26,2026-09-30,1361,4008,5368,0,KALYANKJIL|INE303R01014|1,EQUITY,KALYANKJIL|INE303R01014|1
KAMAHOLD,INE411F01010,2026-04-20,2026-09-30,114,5255,5368,0,KAMAHOLD|INE411F01010|1,EQUITY,KAMAHOLD|INE411F01010|1
KAMANWALA,INE344D01018,2026-08-17,2026-09-30,31,5337,5368,1,KAMANWALA|INE344D01018|1,EQUITY,KAMANWALA|INE344D01018|1
KAMATHOTEL,,2005-01-03,2006-02-16,280,0,279,0,KAMATHOTEL|NOISIN|1,UNKNOWN_NO_ISIN,KAMATHOTEL|NOISIN|1
KAMATHOTEL,,2006-06-12,2009-10-05,819,356,1174,0,KAMATHOTEL|NOISIN|2,UNKNOWN_NO_ISIN,KAMATHOTEL|NOISIN|2
KAMATHOTEL,,2009-11-20,2010-04-16,97,1205,1301,0,KAMATHOTEL|NOISIN|3,UNKNOWN_NO_ISIN,KAMATHOTEL|NOISIN|3
KAMATHOTEL,,2010-06-11,2011-06-21,260,1341,1600,0,KAMATHOTEL|NOISIN|4,UNKNOWN_NO_ISIN,KAMATHOTEL|INE967C01018|1
KAMATHOTEL,INE967C01018,2011-06-22,2026-09-30,3476,1601,5368,77,KAMATHOTEL|INE967C01018|1,EQUITY,KAMATHOTEL|INE967C01018|1
KAMDHENU,INE390H01012,2016-03-18,2025-01-07,2009,2769,4941,62,KAMDHENU|INE390H01012|1,EQUITY,KAMDHENU|INE390H01012|1
KAMDHENU,INE390H01020,2025-01-08,2026-09-30,363,4942,5368,64,KAMDHENU|INE390H01020|1,EQUITY,KAMDHENU|INE390H01012|1
KAMOPAINTS,INE0BTI01029,2023-02-08,2024-06-13,273,4472,4800,56,KAMOPAINTS|INE0BTI01029|1,EQUITY,KAMOPAINTS|INE0BTI01029|1
KAMOPAINTS,INE0BTI01037,2024-06-14,2026-09-30,343,4801,5368,204,KAMOPAINTS|INE0BTI01037|1,EQUITY,KAMOPAINTS|INE0BTI01029|1
KANANIIND,INE879E01029,2011-12-14,2012-09-13,102,1718,1906,65,KANANIIND|INE879E01029|1,EQUITY,KANANIIND|INE879E01029|1
KANANIIND,INE879E01037,2012-12-03,2026-09-30,2799,1958,5368,114,KANANIIND|INE879E01037|1,EQUITY,KANANIIND|INE879E01037|1
KANCHI,INE081G01019,2026-04-20,2026-09-30,44,5255,5368,70,KANCHI|INE081G01019|1,EQUITY,KANCHI|INE081G01019|1
KANCOTEA,INE398L01017,2026-08-17,2026-09-30,32,5337,5368,0,KANCOTEA|INE398L01017|1,EQUITY,KANCOTEA|INE398L01017|1
KANDAGIRI,,2010-08-11,2011-06-21,189,1384,1600,5,KANDAGIRI|NOISIN|1,UNKNOWN_NO_ISIN,KANDAGIRI|INE292D01019|1
KANDAGIRI,INE292D01019,2011-06-22,2015-01-23,243,1601,2485,144,KANDAGIRI|INE292D01019|1,EQUITY,KANDAGIRI|INE292D01019|1
KANOHAR,INE877D01025,2026-09-16,2026-09-30,11,5358,5368,0,KANOHAR|INE877D01025|1,EQUITY,KANOHAR|INE877D01025|1
KANORICHEM,,2005-01-03,2007-11-30,721,0,725,2,KANORICHEM|NOISIN|1,UNKNOWN_NO_ISIN,KANORICHEM|NOISIN|1
KANORICHEM,,2008-02-29,2011-06-21,812,788,1600,1,KANORICHEM|NOISIN|2,UNKNOWN_NO_ISIN,KANORICHEM|INE138C01024|1
KANORICHEM,INE138C01024,2011-06-22,2026-05-18,3606,1601,5274,67,KANORICHEM|INE138C01024|1,EQUITY,KANORICHEM|INE138C01024|1
KANPRPLA,INE694E01014,2021-01-01,2026-09-30,1352,3950,5368,67,KANPRPLA|INE694E01014|1,EQUITY,KANPRPLA|INE694E01014|1
KANSAINER,,2006-07-26,2011-06-21,1209,388,1600,2,KANSAINER|NOISIN|1,UNKNOWN_NO_ISIN,GOODLASNER|NOISIN|1
KANSAINER,INE531A01016,2011-06-22,2015-03-26,926,1601,2526,0,KANSAINER|INE531A01016|1,EQUITY,GOODLASNER|NOISIN|1
KANSAINER,INE531A01024,2015-03-27,2026-09-30,2842,2527,5368,0,KANSAINER|INE531A01024|1,EQUITY,GOODLASNER|NOISIN|1
KAPSTON,INE542Z01010,2020-05-27,2024-06-20,588,3797,4804,227,KAPSTON|INE542Z01010|1,EQUITY,KAPSTON|INE542Z01010|1
KAPSTON,INE542Z01028,2024-09-30,2026-09-30,433,4874,5368,62,KAPSTON|INE542Z01028|1,EQUITY,KAPSTON|INE542Z01028|1
KARAMTARA,INE590T01012,2026-09-17,2026-09-30,10,5359,5368,0,KARAMTARA|INE590T01012|1,EQUITY,KARAMTARA|INE590T01012|1
KARDA,INE278R01018,2018-04-16,2020-05-26,517,3280,3796,0,KARDA|INE278R01018|1,EQUITY,KARDA|INE278R01018|1
KARDA,INE278R01026,2020-11-10,2021-06-08,141,3915,4055,0,KARDA|INE278R01026|1,EQUITY,KARDA|INE278R01026|1
KARDA,INE278R01034,2021-09-13,2021-12-15,65,4121,4185,0,KARDA|INE278R01034|1,EQUITY,KARDA|INE278R01034|1
KARMAENG,INE725L01011,2011-07-12,2026-09-30,2480,1615,5368,126,KARMAENG|INE725L01011|1,EQUITY,KARMAENG|INE725L01011|1
KARURKCP,,2010-03-02,2011-06-20,322,1271,1599,2,KARURKCP|NOISIN|1,UNKNOWN_NO_ISIN,KARURKCP|NOISIN|1
KARURKCP,INE727F01019,2011-06-22,2015-01-29,549,1601,2488,74,KARURKCP|INE727F01019|1,EQUITY,KARURKCP|INE727F01019|1
KARURVYSYA,,2005-01-03,2011-06-21,1601,0,1600,0,KARURVYSYA|NOISIN|1,UNKNOWN_NO_ISIN,KARURVYSYA|INE036D01010|1
KARURVYSYA,INE036D01010,2011-06-22,2016-11-17,1330,1601,2930,0,KARURVYSYA|INE036D01010|1,EQUITY,KARURVYSYA|INE036D01010|1
KARURVYSYA,INE036D01028,2016-11-18,2026-09-30,2438,2931,5368,0,KARURVYSYA|INE036D01028|1,EQUITY,KARURVYSYA|INE036D01028|1
KAUSHALYA,,2007-12-14,2011-06-21,866,735,1600,0,KAUSHALYA|NOISIN|1,UNKNOWN_NO_ISIN,KAUSHALYA|INE234I01010|1
KAUSHALYA,INE234I01010,2011-06-22,2023-10-06,2250,1601,4634,153,KAUSHALYA|INE234I01010|1,EQUITY,KAUSHALYA|INE234I01010|1
KAUSHALYA,INE234I01028,2024-03-04,2026-07-08,448,4734,5309,65,KAUSHALYA|INE234I01028|1,EQUITY,KAUSHALYA|INE234I01028|1
KAVDEFENCE,INE641C01019,2025-09-09,2026-09-17,127,5107,5359,72,KAVDEFENCE|INE641C01019|1,EQUITY,KAVDEFENCE|INE641C01019|1
KAVVERITEL,,2008-01-29,2010-02-18,499,765,1264,1,KAVVERITEL|NOISIN|1,UNKNOWN_NO_ISIN,KAVVERITEL|NOISIN|1
KAVVERITEL,,2010-06-11,2011-06-21,260,1341,1600,0,KAVVERITEL|NOISIN|2,UNKNOWN_NO_ISIN,KAVDEFENCE|INE641C01019|1
KAVVERITEL,INE641C01019,2011-06-22,2024-05-29,2334,1601,4789,459,KAVVERITEL|INE641C01019|1,EQUITY,KAVDEFENCE|INE641C01019|1
KAYA,INE587G01015,2015-08-28,2026-08-24,2412,2633,5342,138,KAYA|INE587G01015|1,EQUITY,KAYA|INE587G01015|1
KAYNES,INE918Z01012,2022-11-22,2026-09-30,952,4417,5368,0,KAYNES|INE918Z01012|1,EQUITY,KAYNES|INE918Z01012|1
KBCGLOBAL,INE278R01034,2021-12-16,2025-06-20,541,4186,5052,75,KBCGLOBAL|INE278R01034|1,EQUITY,KARDA|INE278R01034|1
KBIL,,2011-01-18,2011-06-21,105,1495,1600,1,KBIL|NOISIN|1,UNKNOWN_NO_ISIN,KBIL|INE920K01010|1
KBIL,INE920K01010,2011-06-22,2015-07-08,902,1601,2596,6,KBIL|INE920K01010|1,EQUITY,KBIL|INE920K01010|1
KBL,,2006-04-07,2010-03-08,962,313,1275,1,KBL|NOISIN|1,UNKNOWN_NO_ISIN,KBL|NOISIN|1
KCP,,2005-01-03,2011-06-21,1600,0,1600,1,KCP|NOISIN|1,UNKNOWN_NO_ISIN,KCP|INE805C01028|1
KCP,INE805C01028,2011-06-22,2026-09-30,3768,1601,5368,0,KCP|INE805C01028|1,EQUITY,KCP|INE805C01028|1
KCPSUGIND,,2005-01-03,2007-12-28,744,0,743,0,KCPSUGIND|NOISIN|1,UNKNOWN_NO_ISIN,KCPSUGIND|NOISIN|1
KCPSUGIND,,2008-02-29,2008-08-07,108,788,895,0,KCPSUGIND|NOISIN|2,UNKNOWN_NO_ISIN,KCPSUGIND|NOISIN|2
KCPSUGIND,,2008-12-01,2011-06-21,630,970,1600,1,KCPSUGIND|NOISIN|3,UNKNOWN_NO_ISIN,KCPSUGIND|INE790B01024|1
KCPSUGIND,INE790B01024,2011-06-22,2026-08-10,3595,1601,5332,75,KCPSUGIND|INE790B01024|1,EQUITY,KCPSUGIND|INE790B01024|1
KDDL,INE291D01011,2016-03-23,2026-09-30,2478,2772,5368,52,KDDL|INE291D01011|1,EQUITY,KDDL|INE291D01011|1
KDGREEN,INE348N01042,2026-09-03,2026-09-30,19,5350,5368,0,KDGREEN|INE348N01042|1,EQUITY,KDGREEN|INE348N01042|1
KEC,,2006-03-10,2011-06-21,1306,295,1600,0,KEC|NOISIN|1,UNKNOWN_NO_ISIN,KEC|INE389H01022|1
KEC,INE389H01022,2011-06-22,2026-09-30,3768,1601,5368,0,KEC|INE389H01022|1,EQUITY,KEC|INE389H01022|1
KECINFRA,,2006-02-21,2007-11-30,444,282,725,0,KECINFRA|NOISIN|1,UNKNOWN_NO_ISIN,KECINFRA|NOISIN|1
KECINFRA,,2008-02-29,2008-04-17,31,788,818,0,KECINFRA|NOISIN|2,UNKNOWN_NO_ISIN,KECINFRA|NOISIN|2
KECINTL,,2005-01-03,2006-02-20,282,0,281,0,KECINTL|NOISIN|1,UNKNOWN_NO_ISIN,KECINFRA|NOISIN|1
KECL,,2010-03-09,2010-09-16,134,1276,1409,0,KECL|NOISIN|1,UNKNOWN_NO_ISIN,KECL|NOISIN|1
KECL,,2010-12-03,2011-06-21,137,1464,1600,0,KECL|NOISIN|2,UNKNOWN_NO_ISIN,KECL|INE134B01017|1
KECL,INE134B01017,2011-06-22,2026-09-30,3438,1601,5368,65,KECL|INE134B01017|1,EQUITY,KECL|INE134B01017|1
KEEPLEARN,INE055C01020,2024-03-18,2026-09-30,349,4743,5368,212,KEEPLEARN|INE055C01020|1,EQUITY,KEEPLEARN|INE055C01020|1
KEERTI,INE586X01012,2020-11-13,2023-06-21,424,3918,4561,220,KEERTI|INE586X01012|1,EQUITY,GTECJAINX|INE586X01012|1
KEI,,2006-03-23,2009-04-17,756,303,1058,0,KEI|NOISIN|1,UNKNOWN_NO_ISIN,KEI|NOISIN|1
KEI,,2009-08-21,2011-06-21,437,1146,1600,18,KEI|NOISIN|2,UNKNOWN_NO_ISIN,KEI|INE878B01027|1
KEI,INE878B01027,2011-06-22,2026-09-30,3768,1601,5368,0,KEI|INE878B01027|1,EQUITY,KEI|INE878B01027|1
KELLTONTEC,INE164B01022,2016-03-02,2025-07-24,2085,2758,5076,65,KELLTONTEC|INE164B01022|1,EQUITY,KELLTONTEC|INE164B01022|1
KELLTONTEC,INE164B01030,2025-07-25,2026-09-30,292,5077,5368,0,KELLTONTEC|INE164B01030|1,EQUITY,KELLTONTEC|INE164B01022|1
KEMROCK,,2009-06-16,2009-08-20,48,1098,1145,0,KEMROCK|NOISIN|1,UNKNOWN_NO_ISIN,KEMROCK|NOISIN|1
KEMROCK,,2009-11-20,2011-06-21,396,1205,1600,0,KEMROCK|NOISIN|2,UNKNOWN_NO_ISIN,KEMROCK|INE990B01012|1
KEMROCK,INE990B01012,2011-06-22,2016-05-20,999,1601,2809,49,KEMROCK|INE990B01012|1,EQUITY,KEMROCK|INE990B01012|1
KENNAMET,INE717A01029,2019-08-19,2026-09-30,1150,3611,5368,608,KENNAMET|INE717A01029|1,EQUITY,KENNAMET|INE717A01029|1
KERNEX,,2005-12-20,2006-08-24,169,240,408,0,KERNEX|NOISIN|1,UNKNOWN_NO_ISIN,KERNEX|NOISIN|1
KERNEX,,2006-11-24,2007-01-25,43,471,513,0,KERNEX|NOISIN|2,UNKNOWN_NO_ISIN,KERNEX|NOISIN|2
KERNEX,,2007-03-02,2007-06-14,71,536,606,0,KERNEX|NOISIN|3,UNKNOWN_NO_ISIN,KERNEX|NOISIN|3
KERNEX,,2007-12-03,2008-05-02,102,726,827,0,KERNEX|NOISIN|4,UNKNOWN_NO_ISIN,KERNEX|NOISIN|4
KERNEX,,2008-06-13,2009-02-19,169,856,1024,0,KERNEX|NOISIN|5,UNKNOWN_NO_ISIN,KERNEX|NOISIN|5
KERNEX,,2009-08-21,2009-12-24,84,1146,1229,0,KERNEX|NOISIN|6,UNKNOWN_NO_ISIN,KERNEX|NOISIN|6
KERNEX,,2010-02-19,2010-08-05,116,1265,1380,0,KERNEX|NOISIN|7,UNKNOWN_NO_ISIN,KERNEX|NOISIN|7
KERNEX,,2010-12-03,2011-06-21,137,1464,1600,0,KERNEX|NOISIN|8,UNKNOWN_NO_ISIN,KERNEX|INE202H01019|1
KERNEX,INE202H01019,2011-06-22,2026-09-30,1245,1601,5368,2407,KERNEX|INE202H01019|1,EQUITY,KERNEX|INE202H01019|1
KESARENT,,2007-01-02,2007-11-15,214,496,714,1,KESARENT|NOISIN|1,UNKNOWN_NO_ISIN,KESARENT|NOISIN|1
KESARENT,,2008-03-03,2008-04-17,15,789,818,5,KESARENT|NOISIN|2,UNKNOWN_NO_ISIN,KESARENT|NOISIN|2
KESARENT,,2008-06-13,2008-08-07,27,856,895,5,KESARENT|NOISIN|3,UNKNOWN_NO_ISIN,KESARENT|NOISIN|3
KESARENT,,2008-12-02,2011-06-21,580,971,1600,4,KESARENT|NOISIN|4,UNKNOWN_NO_ISIN,KESARENT|INE133B01019|1
KESARENT,INE133B01019,2011-06-22,2019-12-30,1550,1601,3698,139,KESARENT|INE133B01019|1,EQUITY,KESARENT|INE133B01019|1
KESORAMIND,,2005-01-03,2011-06-21,1601,0,1600,0,KESORAMIND|NOISIN|1,UNKNOWN_NO_ISIN,KESORAMIND|INE087A01019|1
KESORAMIND,INE087A01019,2011-06-22,2026-09-30,3287,1601,5368,107,KESORAMIND|INE087A01019|1,EQUITY,KESORAMIND|INE087A01019|1
KEYCORPSER,,2005-01-05,2005-04-07,55,2,65,5,KEYCORPSER|NOISIN|1,UNKNOWN_NO_ISIN,KEYCORPSER|NOISIN|1
KEYCORPSER,,2005-07-11,2005-09-22,51,131,181,0,KEYCORPSER|NOISIN|2,UNKNOWN_NO_ISIN,KEYCORPSER|NOISIN|2
KEYCORPSER,,2006-06-14,2008-06-11,301,358,854,12,KEYCORPSER|NOISIN|3,UNKNOWN_NO_ISIN,KEYCORPSER|NOISIN|3
KEYCORPSER,,2008-09-30,2008-12-24,13,931,986,15,KEYCORPSER|NOISIN|4,UNKNOWN_NO_ISIN,KEYCORPSER|NOISIN|4
KEYCORPSER,,2009-04-28,2009-11-18,88,1065,1203,15,KEYCORPSER|NOISIN|5,UNKNOWN_NO_ISIN,KEYCORPSER|NOISIN|5
KEYCORPSER,,2010-02-19,2010-04-30,18,1265,1311,16,KEYCORPSER|NOISIN|6,UNKNOWN_NO_ISIN,KEYCORPSER|NOISIN|6
KEYCORPSER,,2010-06-01,2010-12-02,82,1333,1463,7,KEYCORPSER|NOISIN|7,UNKNOWN_NO_ISIN,KEYCORPSER|NOISIN|7
KEYCORPSER,,2011-03-08,2011-06-10,37,1528,1593,8,KEYCORPSER|NOISIN|8,UNKNOWN_NO_ISIN,KEYCORPSER|NOISIN|8
KEYCORPSER,INE681C01015,2011-07-13,2019-04-30,509,1616,3536,154,KEYCORPSER|INE681C01015|1,EQUITY,KEYCORPSER|INE681C01015|1
KEYFINSERV,INE681C01015,2019-05-03,2026-09-30,1390,3538,5368,76,KEYFINSERV|INE681C01015|1,EQUITY,KEYCORPSER|INE681C01015|1
KFA,,2008-10-06,2011-06-21,667,934,1600,0,KFA|NOISIN|1,UNKNOWN_NO_ISIN,AIRDECCAN|NOISIN|1
KFA,INE438H01019,2011-06-22,2014-09-23,703,1601,2405,44,KFA|INE438H01019|1,EQUITY,AIRDECCAN|NOISIN|1
KFINTECH,INE138Y01010,2022-12-29,2026-09-30,925,4444,5368,0,KFINTECH|INE138Y01010|1,EQUITY,KFINTECH|INE138Y01010|1
KGL,,2008-11-20,2011-06-21,637,964,1600,0,KGL|NOISIN|1,UNKNOWN_NO_ISIN,KGL|INE299C01024|1
KGL,INE299C01024,2011-06-22,2017-07-19,1311,1601,3097,96,KGL|INE299C01024|1,EQUITY,KGL|INE299C01024|1
KHADIM,INE834I01025,2017-11-14,2026-06-17,2010,3177,5295,56,KHADIM|INE834I01025|1,EQUITY,KHADIM|INE834I01025|1
KHAICHEM,INE745B01028,2020-10-30,2026-09-30,1336,3908,5368,63,KHAICHEM|INE745B01028|1,EQUITY,KHAICHEM|INE745B01028|1
KHAITANELE,,2005-01-03,2006-11-23,471,0,470,0,KHAITANELE|NOISIN|1,UNKNOWN_NO_ISIN,KHAITANELE|NOISIN|1
KHAITANELE,,2007-03-02,2009-08-06,598,536,1135,1,KHAITANELE|NOISIN|2,UNKNOWN_NO_ISIN,KHAITANELE|NOISIN|2
KHAITANELE,,2009-11-20,2009-12-24,24,1205,1229,1,KHAITANELE|NOISIN|3,UNKNOWN_NO_ISIN,KHAITANELE|NOISIN|3
KHAITANELE,,2010-02-19,2010-10-28,173,1265,1439,1,KHAITANELE|NOISIN|4,UNKNOWN_NO_ISIN,KHAITANELE|NOISIN|4
KHAITANELE,,2010-12-03,2011-06-21,136,1464,1600,1,KHAITANELE|NOISIN|5,UNKNOWN_NO_ISIN,KHAITANELE|INE761A01019|1
KHAITANELE,INE761A01019,2011-06-22,2017-03-20,1101,1601,3014,87,KHAITANELE|INE761A01019|1,EQUITY,KHAITANELE|INE761A01019|1
KHAITANLTD,,2005-01-03,2005-07-07,127,0,129,2,KHAITANLTD|NOISIN|1,UNKNOWN_NO_ISIN,KHAITANLTD|NOISIN|1
KHAITANLTD,,2005-11-25,2006-11-23,247,223,470,1,KHAITANLTD|NOISIN|2,UNKNOWN_NO_ISIN,KHAITANLTD|NOISIN|2
KHAITANLTD,,2007-03-02,2007-08-30,115,536,660,3,KHAITANLTD|NOISIN|3,UNKNOWN_NO_ISIN,KHAITANLTD|NOISIN|3
KHAITANLTD,,2008-02-29,2009-06-25,174,788,1105,9,KHAITANLTD|NOISIN|4,UNKNOWN_NO_ISIN,KHAITANLTD|NOISIN|4
KHAITANLTD,,2009-08-21,2009-09-15,11,1146,1163,3,KHAITANLTD|NOISIN|5,UNKNOWN_NO_ISIN,KHAITANLTD|NOISIN|5
KHAITANLTD,,2009-11-20,2010-07-08,132,1205,1360,3,KHAITANLTD|NOISIN|6,UNKNOWN_NO_ISIN,KHAITANLTD|NOISIN|6
KHAITANLTD,,2010-08-20,2011-06-21,189,1391,1600,2,KHAITANLTD|NOISIN|7,UNKNOWN_NO_ISIN,KHAITANLTD|INE731C01018|1
KHAITANLTD,INE731C01018,2011-06-22,2026-09-30,1605,1601,5368,483,KHAITANLTD|INE731C01018|1,EQUITY,KHAITANLTD|INE731C01018|1
KHANDSE,,2005-04-08,2005-07-07,62,66,129,1,KHANDSE|NOISIN|1,UNKNOWN_NO_ISIN,KHANDSE|NOISIN|1
KHANDSE,,2005-11-25,2011-06-21,1286,223,1600,3,KHANDSE|NOISIN|2,UNKNOWN_NO_ISIN,KHANDSE|INE060B01014|1
KHANDSE,INE060B01014,2011-06-22,2026-09-30,2341,1601,5368,134,KHANDSE|INE060B01014|1,EQUITY,KHANDSE|INE060B01014|1
KICL,,2011-01-31,2011-06-21,98,1503,1600,0,KICL|NOISIN|1,UNKNOWN_NO_ISIN,KICL|INE029L01018|1
KICL,INE029L01018,2011-06-22,2026-09-30,3653,1601,5368,57,KICL|INE029L01018|1,EQUITY,KICL|INE029L01018|1
KIL,,2006-05-09,2009-08-20,813,332,1145,1,KIL|NOISIN|1,UNKNOWN_NO_ISIN,KIL|NOISIN|1
KIL,,2009-11-20,2010-04-29,106,1205,1310,0,KIL|NOISIN|2,UNKNOWN_NO_ISIN,KIL|NOISIN|2
KIL,,2010-06-11,2011-06-21,260,1341,1600,0,KIL|NOISIN|3,UNKNOWN_NO_ISIN,KAMDHENU|INE390H01012|1
KIL,INE390H01012,2011-06-22,2016-03-17,1168,1601,2768,0,KIL|INE390H01012|1,EQUITY,KAMDHENU|INE390H01012|1
KILITCH,,2010-09-29,2011-06-21,183,1418,1600,0,KILITCH|NOISIN|1,UNKNOWN_NO_ISIN,KILITCH|INE729D01010|1
KILITCH,INE729D01010,2011-06-22,2026-07-02,3172,1601,5305,151,KILITCH|INE729D01010|1,EQUITY,KILITCH|INE729D01010|1
KIMS,INE967H01017,2021-06-28,2024-09-12,794,4069,4862,0,KIMS|INE967H01017|1,EQUITY,KIMS|INE967H01017|1
KIMS,INE967H01025,2024-09-13,2026-09-30,506,4863,5368,0,KIMS|INE967H01025|1,EQUITY,KIMS|INE967H01017|1
KINETICMOT,,2005-01-03,2005-05-26,81,0,99,19,KINETICMOT|NOISIN|1,UNKNOWN_NO_ISIN,KINETICMOT|NOISIN|1
KINETICMOT,,2005-07-08,2005-12-01,98,130,227,0,KINETICMOT|NOISIN|2,UNKNOWN_NO_ISIN,KINETICMOT|NOISIN|2
KINETICMOT,,2006-06-12,2006-06-29,14,356,369,0,KINETICMOT|NOISIN|3,UNKNOWN_NO_ISIN,KINETICMOT|NOISIN|3
KINETICMOT,,2006-08-28,2007-05-17,177,410,586,0,KINETICMOT|NOISIN|4,UNKNOWN_NO_ISIN,KINETICMOT|NOISIN|4
KINETICMOT,,2007-08-31,2007-09-20,15,661,675,0,KINETICMOT|NOISIN|5,UNKNOWN_NO_ISIN,KINETICMOT|NOISIN|5
KINETICMOT,,2007-12-03,2008-01-10,27,726,752,0,KINETICMOT|NOISIN|6,UNKNOWN_NO_ISIN,KINETICMOT|NOISIN|6
KINETICMOT,,2008-02-29,2008-05-15,49,788,836,0,KINETICMOT|NOISIN|7,UNKNOWN_NO_ISIN,KINETICMOT|NOISIN|7
KINETICMOT,,2008-12-01,2009-04-02,82,970,1051,0,KINETICMOT|NOISIN|8,UNKNOWN_NO_ISIN,KINETICMOT|NOISIN|8
KINETICMOT,,2009-06-12,2011-04-18,460,1096,1555,0,KINETICMOT|NOISIN|9,UNKNOWN_NO_ISIN,KINETICMOT|NOISIN|9
KINETICMOT,,2011-06-17,2011-06-21,3,1598,1600,0,KINETICMOT|NOISIN|10,UNKNOWN_NO_ISIN,KINETICMOT|INE267B01015|1
KINETICMOT,INE267B01015,2011-06-22,2013-03-21,435,1601,2035,0,KINETICMOT|INE267B01015|1,EQUITY,KINETICMOT|INE267B01015|1
KINGFA,INE473D01015,2016-11-15,2026-09-30,2272,2928,5368,57,KINGFA|INE473D01015|1,EQUITY,HYDROS&S|INE473D01015|1
KIOCL,INE880L01014,2017-03-01,2026-09-30,2317,3002,5368,9,KIOCL|INE880L01014|1,EQUITY,KIOCL|INE880L01014|1
KIRANVYPAR,INE555P01013,2026-04-20,2026-09-30,113,5255,5368,1,KIRANVYPAR|INE555P01013|1,EQUITY,KIRANVYPAR|INE555P01013|1
KIRIDYES,,2008-04-22,2011-03-25,722,820,1541,0,KIRIDYES|NOISIN|1,UNKNOWN_NO_ISIN,KIRIDYES|NOISIN|1
KIRIINDUS,,2011-03-28,2011-06-21,59,1542,1600,0,KIRIINDUS|NOISIN|1,UNKNOWN_NO_ISIN,KIRIDYES|NOISIN|1
KIRIINDUS,INE415I01015,2011-06-22,2026-09-30,3534,1601,5368,124,KIRIINDUS|INE415I01015|1,EQUITY,KIRIDYES|NOISIN|1
KIRLFER,INE884B01025,2019-11-13,2026-09-30,1095,3666,5368,608,KIRLFER|INE884B01025|1,EQUITY,KIRLFER|INE884B01025|1
KIRLOSBROS,,2010-04-20,2011-06-21,298,1303,1600,0,KIRLOSBROS|NOISIN|1,UNKNOWN_NO_ISIN,KIRLOSBROS|INE732A01036|1
KIRLOSBROS,INE732A01036,2011-06-22,2026-09-30,3682,1601,5368,64,KIRLOSBROS|INE732A01036|1,EQUITY,KIRLOSBROS|INE732A01036|1
KIRLOSENG,,2011-01-07,2011-06-21,113,1488,1600,0,KIRLOSENG|NOISIN|1,UNKNOWN_NO_ISIN,KIRLOSENG|INE146L01010|1
KIRLOSENG,INE146L01010,2011-06-22,2026-09-30,3768,1601,5368,0,KIRLOSENG|INE146L01010|1,EQUITY,KIRLOSENG|INE146L01010|1
KIRLOSIND,,2010-06-24,2011-06-21,251,1350,1600,0,KIRLOSIND|NOISIN|1,UNKNOWN_NO_ISIN,KIRLOSIND|INE250A01039|1
KIRLOSIND,INE250A01039,2011-06-22,2026-09-30,3743,1601,5368,3,KIRLOSIND|INE250A01039|1,EQUITY,KIRLOSIND|INE250A01039|1
KIRLOSKCUM,,2005-01-03,2005-06-16,115,0,114,0,KIRLOSKCUM|NOISIN|1,UNKNOWN_NO_ISIN,CUMMINSIND|INE298A01020|1
KIRLOSOIL,,2005-01-03,2010-04-20,1303,0,1303,1,KIRLOSOIL|NOISIN|1,UNKNOWN_NO_ISIN,KIRLOSOIL|NOISIN|1
KIRLPNU,INE811A01020,2023-04-26,2026-08-17,816,4522,5337,0,KIRLPNU|INE811A01020|1,EQUITY,KIRLPNU|INE811A01020|1
KIRLPNU,INE811A01038,2026-08-18,2026-09-30,31,5338,5368,0,KIRLPNU|INE811A01038|1,EQUITY,KIRLPNU|INE811A01020|1
KISSHT,INE12F801023,2026-05-08,2026-09-30,101,5268,5368,0,KISSHT|INE12F801023|1,EQUITY,KISSHT|INE12F801023|1
KITEX,INE602G01020,2012-09-25,2026-09-30,3342,1913,5368,65,KITEX|INE602G01020|1,EQUITY,KITEX|INE602G01020|1
KITPLYIND,,2005-01-03,2005-05-05,66,0,84,19,KITPLYIND|NOISIN|1,UNKNOWN_NO_ISIN,KITPLYIND|NOISIN|1
KITPLYIND,,2005-07-08,2005-08-25,33,130,162,0,KITPLYIND|NOISIN|2,UNKNOWN_NO_ISIN,KITPLYIND|NOISIN|2
KITPLYIND,,2006-06-12,2006-06-29,14,356,369,0,KITPLYIND|NOISIN|3,UNKNOWN_NO_ISIN,KITPLYIND|NOISIN|3
KITPLYIND,,2006-08-28,2006-09-12,12,410,421,0,KITPLYIND|NOISIN|4,UNKNOWN_NO_ISIN,KITPLYIND|NOISIN|4
KITPLYIND,,2008-11-10,2009-01-09,40,957,996,0,KITPLYIND|NOISIN|5,UNKNOWN_NO_ISIN,KITPLYIND|NOISIN|5
KITPLYIND,,2009-08-21,2009-09-17,20,1146,1165,0,KITPLYIND|NOISIN|6,UNKNOWN_NO_ISIN,KITPLYIND|NOISIN|6
KITPLYIND,,2009-11-20,2010-02-18,60,1205,1264,0,KITPLYIND|NOISIN|7,UNKNOWN_NO_ISIN,KITPLYIND|NOISIN|7
KITPLYIND,,2010-06-11,2011-06-21,260,1341,1600,0,KITPLYIND|NOISIN|8,UNKNOWN_NO_ISIN,KITPLYIND|INE147B01019|1
KITPLYIND,INE147B01019,2011-06-22,2013-06-20,444,1601,2095,25,KITPLYIND|INE147B01019|1,EQUITY,KITPLYIND|INE147B01019|1
KJMCFIN,INE533C01018,2026-08-17,2026-09-30,32,5337,5368,0,KJMCFIN|INE533C01018|1,EQUITY,KJMCFIN|INE533C01018|1
KKCL,,2006-04-13,2008-01-10,437,316,752,0,KKCL|NOISIN|1,UNKNOWN_NO_ISIN,KKCL|NOISIN|1
KKCL,,2008-02-29,2011-06-21,805,788,1600,2,KKCL|NOISIN|2,UNKNOWN_NO_ISIN,KKCL|INE401H01017|1
KKCL,INE401H01017,2011-06-22,2026-09-30,3766,1601,5368,1,KKCL|INE401H01017|1,EQUITY,KKCL|INE401H01017|1
KLBRENG-B,INE338F01015,2026-04-20,2026-09-30,114,5255,5368,0,KLBRENG-B|INE338F01015|1,EQUITY,KLBRENG-B|INE338F01015|1
KLGSYSTEL,,2005-01-03,2007-01-11,504,0,503,0,KLGSYSTEL|NOISIN|1,UNKNOWN_NO_ISIN,KLGSYSTEL|NOISIN|1
KLGSYSTEL,,2007-03-02,2011-06-21,1065,536,1600,0,KLGSYSTEL|NOISIN|2,UNKNOWN_NO_ISIN,KLGSYSTEL|INE799A01019|1
KLGSYSTEL,INE799A01019,2011-06-22,2013-08-21,305,1601,2137,100,KLGSYSTEL|INE799A01019|1,EQUITY,KLGSYSTEL|INE799A01019|1
KLRF,,2010-03-02,2011-06-21,323,1271,1600,2,KLRF|NOISIN|1,UNKNOWN_NO_ISIN,KLRF|INE014E01015|1
KLRF,INE014E01015,2011-06-22,2015-01-28,464,1601,2487,89,KLRF|INE014E01015|1,EQUITY,KLRF|INE014E01015|1
KMCSHIL,INE879K01018,2026-08-17,2026-09-30,32,5337,5368,0,KMCSHIL|INE879K01018|1,EQUITY,KMCSHIL|INE879K01018|1
KMEW,INE0CJD01011,2024-11-14,2025-12-19,272,4906,5177,0,KMEW|INE0CJD01011|1,EQUITY,KMEW|INE0CJD01011|1
KMEW,INE0CJD01029,2025-12-22,2026-09-30,191,5178,5368,0,KMEW|INE0CJD01029|1,EQUITY,KMEW|INE0CJD01011|1
KMSUGAR,,2007-05-31,2007-12-28,148,596,743,0,KMSUGAR|NOISIN|1,UNKNOWN_NO_ISIN,KMSUGAR|NOISIN|1
KMSUGAR,,2008-02-29,2008-08-07,108,788,895,0,KMSUGAR|NOISIN|2,UNKNOWN_NO_ISIN,KMSUGAR|NOISIN|2
KMSUGAR,,2008-12-01,2008-12-26,12,970,987,4,KMSUGAR|NOISIN|3,UNKNOWN_NO_ISIN,KMSUGAR|NOISIN|3
KMSUGAR,,2009-03-02,2009-04-17,29,1030,1058,0,KMSUGAR|NOISIN|4,UNKNOWN_NO_ISIN,KMSUGAR|NOISIN|4
KMSUGAR,,2010-08-30,2011-06-21,204,1397,1600,0,KMSUGAR|NOISIN|5,UNKNOWN_NO_ISIN,KMSUGAR|INE157H01023|1
KMSUGAR,INE157H01023,2011-06-22,2026-09-30,3507,1601,5368,66,KMSUGAR|INE157H01023|1,EQUITY,KMSUGAR|INE157H01023|1
KNACK,INE17QZ01016,2026-07-08,2026-09-30,60,5309,5368,0,KNACK|INE17QZ01016|1,EQUITY,KNACK|INE17QZ01016|1
KNAGRI,INE0KNW01016,2025-12-09,2026-09-30,200,5169,5368,0,KNAGRI|INE0KNW01016|1,EQUITY,KNAGRI|INE0KNW01016|1
KNL,,2007-05-03,2008-11-19,388,576,963,0,KNL|NOISIN|1,UNKNOWN_NO_ISIN,KGL|INE299C01024|1
KNRCON,,2008-02-18,2009-06-11,316,779,1095,1,KNRCON|NOISIN|1,UNKNOWN_NO_ISIN,KNRCON|NOISIN|1
KNRCON,,2009-08-21,2011-06-21,455,1146,1600,0,KNRCON|NOISIN|2,UNKNOWN_NO_ISIN,KNRCON|INE634I01011|1
KNRCON,INE634I01011,2011-06-22,2016-12-13,1292,1601,2948,26,KNRCON|INE634I01011|1,EQUITY,KNRCON|INE634I01011|1
KNRCON,INE634I01029,2016-12-14,2026-09-30,2420,2949,5368,0,KNRCON|INE634I01029|1,EQUITY,KNRCON|INE634I01029|1
KOHINOOR,,2006-08-18,2009-08-20,741,404,1145,1,KOHINOOR|NOISIN|1,UNKNOWN_NO_ISIN,KOHINOOR|NOISIN|1
KOHINOOR,,2009-11-20,2011-06-21,396,1205,1600,0,KOHINOOR|NOISIN|2,UNKNOWN_NO_ISIN,KOHINOOR|INE080B01012|1
KOHINOOR,INE080B01012,2011-06-22,2026-09-30,2896,1601,5368,527,KOHINOOR|INE080B01012|1,EQUITY,KOHINOOR|INE080B01012|1
KOJAMFIN,,2005-04-08,2006-06-29,304,66,369,0,KOJAMFIN|NOISIN|1,UNKNOWN_NO_ISIN,KOJAMFIN|NOISIN|1
KOJAMFIN,,2006-11-24,2007-01-11,33,471,503,0,KOJAMFIN|NOISIN|2,UNKNOWN_NO_ISIN,KOJAMFIN|NOISIN|2
KOJAMFIN,,2007-06-08,2007-09-27,79,602,680,0,KOJAMFIN|NOISIN|3,UNKNOWN_NO_ISIN,KOJAMFIN|NOISIN|3
KOKUYOCMLN,INE760A01029,2012-03-02,2026-09-30,3475,1773,5368,56,KOKUYOCMLN|INE760A01029|1,EQUITY,CAMLIN|INE760A01029|1
KOLTEPATIL,,2007-12-13,2011-06-21,867,734,1600,0,KOLTEPATIL|NOISIN|1,UNKNOWN_NO_ISIN,KOLTEPATIL|INE094I01018|1
KOLTEPATIL,INE094I01018,2011-06-22,2026-09-30,3768,1601,5368,0,KOLTEPATIL|INE094I01018|1,EQUITY,KOLTEPATIL|INE094I01018|1
KOPDRUGS,,2005-01-03,2005-04-07,66,0,65,0,KOPDRUGS|NOISIN|1,UNKNOWN_NO_ISIN,KOPDRUGS|NOISIN|1
KOPDRUGS,,2005-07-08,2005-07-14,5,130,134,0,KOPDRUGS|NOISIN|2,UNKNOWN_NO_ISIN,KOPDRUGS|NOISIN|2
KOPDRUGS,,2006-06-12,2006-06-29,13,356,369,1,KOPDRUGS|NOISIN|3,UNKNOWN_NO_ISIN,KOPDRUGS|NOISIN|3
KOPDRUGS,,2006-08-28,2006-12-29,86,410,495,0,KOPDRUGS|NOISIN|4,UNKNOWN_NO_ISIN,KOPDRUGS|NOISIN|4
KOPDRUGS,,2007-03-02,2007-08-23,120,536,655,0,KOPDRUGS|NOISIN|5,UNKNOWN_NO_ISIN,KOPDRUGS|NOISIN|5
KOPDRUGS,,2007-12-03,2007-12-28,18,726,743,0,KOPDRUGS|NOISIN|6,UNKNOWN_NO_ISIN,KOPDRUGS|NOISIN|6
KOPDRUGS,,2008-02-29,2008-08-07,105,788,895,1,KOPDRUGS|NOISIN|7,UNKNOWN_NO_ISIN,KOPDRUGS|NOISIN|7
KOPDRUGS,,2008-12-02,2009-06-11,94,971,1095,3,KOPDRUGS|NOISIN|8,UNKNOWN_NO_ISIN,KOPDRUGS|NOISIN|8
KOPDRUGS,,2009-08-24,2009-12-24,83,1147,1229,0,KOPDRUGS|NOISIN|9,UNKNOWN_NO_ISIN,KOPDRUGS|NOISIN|9
KOPDRUGS,,2010-02-19,2011-06-09,323,1265,1592,1,KOPDRUGS|NOISIN|10,UNKNOWN_NO_ISIN,KOPDRUGS|NOISIN|10
KOPDRUGS,INE746A01010,2011-09-07,2013-08-12,227,1653,2131,86,KOPDRUGS|INE746A01010|1,EQUITY,KOPDRUGS|INE746A01010|1
KOPRAN,,2005-01-03,2005-07-07,130,0,129,0,KOPRAN|NOISIN|1,UNKNOWN_NO_ISIN,KOPRAN|NOISIN|1
KOPRAN,,2006-06-12,2007-11-29,369,356,724,0,KOPRAN|NOISIN|2,UNKNOWN_NO_ISIN,KOPRAN|NOISIN|2
KOPRAN,,2008-02-29,2009-08-06,347,788,1135,1,KOPRAN|NOISIN|3,UNKNOWN_NO_ISIN,KOPRAN|NOISIN|3
KOPRAN,,2010-02-19,2011-06-21,336,1265,1600,0,KOPRAN|NOISIN|4,UNKNOWN_NO_ISIN,KOPRAN|INE082A01010|1
KOPRAN,INE082A01010,2011-06-22,2026-09-30,3571,1601,5368,67,KOPRAN|INE082A01010|1,EQUITY,KOPRAN|INE082A01010|1
KOTAKALPHA,INF174KA1IA5,2021-12-29,2024-03-19,550,4195,4744,0,KOTAKALPHA|INF174KA1IA5|1,FUND_UNIT,ALPHA|INF174KA1IA5|1
KOTAKBANK,,2005-01-03,2011-06-21,1601,0,1600,0,KOTAKBANK|NOISIN|1,UNKNOWN_NO_ISIN,KOTAKBANK|INE237A01028|1
KOTAKBANK,INE237A01028,2011-06-22,2026-01-13,3593,1601,5193,0,KOTAKBANK|INE237A01028|1,EQUITY,KOTAKBANK|INE237A01028|1
KOTAKBANK,INE237A01036,2026-01-14,2026-09-30,175,5194,5368,0,KOTAKBANK|INE237A01036|1,EQUITY,KOTAKBANK|INE237A01028|1
KOTAKBKETF,INF174K01F59,2014-12-11,2024-03-19,2290,2455,4744,0,KOTAKBKETF|INF174K01F59|1,FUND_UNIT,BANKNIFTY1|INF174K01F59|1
KOTAKCONS,INF174KA1JE5,2022-08-04,2024-03-19,386,4345,4744,2,KOTAKCONS|INF174KA1JE5|1,FUND_UNIT,CONS|INF174KA1JE5|1
KOTAKGOLD,,2007-08-08,2011-06-21,956,645,1600,0,KOTAKGOLD|NOISIN|1,UNKNOWN_NO_ISIN,KOTAKGOLD|INF373I01015|1
KOTAKGOLD,INF174KA1HJ8,2021-07-23,2024-04-15,674,4087,4760,0,KOTAKGOLD|INF174KA1HJ8|1,FUND_UNIT,GOLD1|INF174KA1HJ8|1
KOTAKGOLD,INF373I01015,2011-06-22,2015-04-13,936,1601,2536,0,KOTAKGOLD|INF373I01015|1,FUND_UNIT,KOTAKGOLD|INF373I01015|1
KOTAKGOLD,INF373I01049,2015-04-15,2021-07-22,1550,2537,4086,0,KOTAKGOLD|INF373I01049|1,FUND_UNIT,KOTAKGOLD|INF373I01049|1
KOTAKIT,INF174KA1GC5,2021-03-05,2024-03-19,751,3994,4744,0,KOTAKIT|INF174KA1GC5|1,FUND_UNIT,IT|INF174KA1GC5|1
KOTAKLIQ,INF174KA1LV5,2023-02-01,2024-03-19,220,4467,4744,6,KOTAKLIQ|INF174KA1LV5|1,FUND_UNIT,KOTAKLIQ|INF174KA1LV5|1
KOTAKLOVOL,INF174KA1IY5,2022-03-29,2024-03-19,489,4256,4744,0,KOTAKLOVOL|INF174KA1IY5|1,FUND_UNIT,KOTAKLOVOL|INF174KA1IY5|1
KOTAKMID50,INF174KA1IB3,2022-02-04,2024-03-19,524,4221,4744,0,KOTAKMID50|INF174KA1IB3|1,FUND_UNIT,KOTAKMID50|INF174KA1IB3|1
KOTAKMNC,INF174KA1JF2,2022-08-16,2024-03-19,394,4351,4744,0,KOTAKMNC|INF174KA1JF2|1,FUND_UNIT,KOTAKMNC|INF174KA1JF2|1
KOTAKNIFTY,,2010-02-11,2011-06-21,341,1260,1600,0,KOTAKNIFTY|NOISIN|1,UNKNOWN_NO_ISIN,KOTAKNIFTY|INF174K01518|1
KOTAKNIFTY,INF174K014P6,2017-07-28,2024-03-19,1641,3104,4744,0,KOTAKNIFTY|INF174K014P6|1,FUND_UNIT,KOTAKNIFTY|INF174K014P6|1
KOTAKNIFTY,INF174K01518,2011-06-22,2017-07-27,1503,1601,3103,0,KOTAKNIFTY|INF174K01518|1,FUND_UNIT,KOTAKNIFTY|INF174K01518|1
KOTAKNV20,INF174K01Z71,2015-12-21,2024-03-19,1949,2708,4744,5,KOTAKNV20|INF174K01Z71|1,FUND_UNIT,KOTAKNV20|INF174K01Z71|1
KOTAKPSUBK,,2007-11-16,2011-06-21,850,715,1600,2,KOTAKPSUBK|NOISIN|1,UNKNOWN_NO_ISIN,KOTAKPSUBK|INF373I01023|1
KOTAKPSUBK,INF373I01023,2011-06-22,2024-03-19,3144,1601,4744,0,KOTAKPSUBK|INF373I01023|1,FUND_UNIT,KOTAKPSUBK|INF373I01023|1
KOTAKSILVE,INF174KA1KU9,2022-12-14,2024-04-15,326,4433,4760,1,KOTAKSILVE|INF174KA1KU9|1,FUND_UNIT,KOTAKSILVE|INF174KA1KU9|1
KOTARISUG,,2005-01-03,2006-02-16,280,0,279,0,KOTARISUG|NOISIN|1,UNKNOWN_NO_ISIN,KOTARISUG|NOISIN|1
KOTARISUG,,2006-06-12,2007-12-13,379,356,734,0,KOTARISUG|NOISIN|2,UNKNOWN_NO_ISIN,KOTARISUG|NOISIN|2
KOTARISUG,,2008-02-29,2009-04-17,271,788,1058,0,KOTARISUG|NOISIN|3,UNKNOWN_NO_ISIN,KOTARISUG|NOISIN|3
KOTARISUG,,2009-06-12,2011-06-21,505,1096,1600,0,KOTARISUG|NOISIN|4,UNKNOWN_NO_ISIN,KOTARISUG|INE419A01022|1
KOTARISUG,INE419A01022,2011-06-22,2026-08-26,3555,1601,5344,68,KOTARISUG|INE419A01022|1,EQUITY,KOTARISUG|INE419A01022|1
KOTHARIPET,,2005-01-03,2005-09-22,182,0,181,0,KOTHARIPET|NOISIN|1,UNKNOWN_NO_ISIN,KOTHARIPET|NOISIN|1
KOTHARIPET,,2006-06-12,2006-06-29,14,356,369,0,KOTHARIPET|NOISIN|2,UNKNOWN_NO_ISIN,KOTHARIPET|NOISIN|2
KOTHARIPET,,2006-08-28,2006-11-23,61,410,470,0,KOTHARIPET|NOISIN|3,UNKNOWN_NO_ISIN,KOTHARIPET|NOISIN|3
KOTHARIPET,,2007-03-02,2007-06-07,66,536,601,0,KOTHARIPET|NOISIN|4,UNKNOWN_NO_ISIN,KOTHARIPET|NOISIN|4
KOTHARIPET,,2007-12-03,2007-12-28,18,726,743,0,KOTHARIPET|NOISIN|5,UNKNOWN_NO_ISIN,KOTHARIPET|NOISIN|5
KOTHARIPET,,2008-02-29,2008-04-21,32,788,819,0,KOTHARIPET|NOISIN|6,UNKNOWN_NO_ISIN,KOTHARIPET|NOISIN|6
KOTHARIPET,,2008-06-13,2009-06-11,240,856,1095,0,KOTHARIPET|NOISIN|7,UNKNOWN_NO_ISIN,KOTHARIPET|NOISIN|7
KOTHARIPET,,2009-08-21,2011-06-21,437,1146,1600,18,KOTHARIPET|NOISIN|8,UNKNOWN_NO_ISIN,KOTHARIPET|INE720A01015|1
KOTHARIPET,INE720A01015,2011-06-22,2026-09-30,3729,1601,5368,5,KOTHARIPET|INE720A01015|1,EQUITY,KOTHARIPET|INE720A01015|1
KOTHARIPRO,,2005-01-03,2011-06-21,1590,0,1600,2,KOTHARIPRO|NOISIN|1,UNKNOWN_NO_ISIN,KOTHARIPRO|INE823A01017|1
KOTHARIPRO,INE823A01017,2011-06-22,2026-09-30,3462,1601,5368,68,KOTHARIPRO|INE823A01017|1,EQUITY,KOTHARIPRO|INE823A01017|1
KOTIC,INE972A01020,2026-04-20,2026-09-30,114,5255,5368,0,KOTIC|INE972A01020|1,EQUITY,KOTIC|INE972A01020|1
KOTYARK,INE0J0B01017,2026-03-12,2026-09-30,71,5232,5368,66,KOTYARK|INE0J0B01017|1,EQUITY,KOTYARK|INE0J0B01017|1
KOUTONS,,2007-10-12,2011-06-21,911,690,1600,0,KOUTONS|NOISIN|1,UNKNOWN_NO_ISIN,KOUTONS|INE406I01014|1
KOUTONS,INE406I01014,2011-06-22,2013-09-16,446,1601,2154,69,KOUTONS|INE406I01014|1,EQUITY,KOUTONS|INE406I01014|1
KOVAI,,2010-03-02,2010-11-22,185,1271,1455,0,KOVAI|NOISIN|1,UNKNOWN_NO_ISIN,KOVAI|NOISIN|1
KOVAI,INE177F01017,2021-08-05,2026-09-30,665,4096,5368,608,KOVAI|INE177F01017|1,EQUITY,KOVAI|INE177F01017|1
KPEL,INE127T01021,2024-11-14,2026-09-30,463,4906,5368,0,KPEL|INE127T01021|1,EQUITY,KPEL|INE127T01021|1
KPIGLOBAL,INE542W01017,2021-07-27,2022-04-26,186,4089,4274,0,KPIGLOBAL|INE542W01017|1,EQUITY,KPIGLOBAL|INE542W01017|1
KPIGREEN,INE542W01017,2022-04-27,2024-07-16,548,4275,4822,0,KPIGREEN|INE542W01017|1,EQUITY,KPIGLOBAL|INE542W01017|1
KPIGREEN,INE542W01025,2024-07-18,2026-09-30,481,4823,5368,65,KPIGREEN|INE542W01025|1,EQUITY,KPIGLOBAL|INE542W01017|1
KPIL,INE220B01022,2023-06-06,2026-09-30,819,4550,5368,0,KPIL|INE220B01022|1,EQUITY,KALPATPOWR|INE220B01022|1
KPIT,,2005-01-03,2011-06-21,1601,0,1600,0,KPIT|NOISIN|1,UNKNOWN_NO_ISIN,BSOFT|INE836A01035|1
KPIT,INE836A01035,2011-06-22,2019-02-25,1895,1601,3495,0,KPIT|INE836A01035|1,EQUITY,BSOFT|INE836A01035|1
KPITTECH,INE04I401011,2019-05-08,2026-09-30,1828,3541,5368,0,KPITTECH|INE04I401011|1,EQUITY,KPITTECH|INE04I401011|1
KPL,INE552U01010,2026-04-20,2026-09-30,114,5255,5368,0,KPL|INE552U01010|1,EQUITY,KPL|INE552U01010|1
KPRMILL,,2007-08-28,2011-06-21,942,658,1600,1,KPRMILL|NOISIN|1,UNKNOWN_NO_ISIN,KPRMILL|INE930H01015|1
KPRMILL,INE930H01015,2011-06-22,2016-11-29,1312,1601,2938,26,KPRMILL|INE930H01015|1,EQUITY,KPRMILL|INE930H01015|1
KPRMILL,INE930H01023,2016-11-30,2021-09-24,1192,2939,4130,0,KPRMILL|INE930H01023|1,EQUITY,KPRMILL|INE930H01023|1
KPRMILL,INE930H01031,2021-09-27,2026-09-30,1238,4131,5368,0,KPRMILL|INE930H01031|1,EQUITY,KPRMILL|INE930H01023|1
KRBL,,2005-04-08,2011-06-21,1534,66,1600,1,KRBL|NOISIN|1,UNKNOWN_NO_ISIN,KRBL|INE001B01026|1
KRBL,INE001B01026,2011-06-22,2026-09-30,3768,1601,5368,0,KRBL|INE001B01026|1,EQUITY,KRBL|INE001B01026|1
KREBSBIO,INE268B01013,2018-08-23,2026-09-30,1673,3370,5368,76,KREBSBIO|INE268B01013|1,EQUITY,KREBSBIO|INE268B01013|1
KRIDHANINF,INE524L01026,2015-12-11,2026-09-30,1766,2702,5368,165,KRIDHANINF|INE524L01026|1,EQUITY,KRIDHANINF|INE524L01026|1
KRISHANA,INE506W01012,2019-08-22,2026-07-02,1397,3614,5305,286,KRISHANA|INE506W01012|1,EQUITY,KRISHANA|INE506W01012|1
KRISHANA,INE506W01020,2026-07-03,2026-09-30,63,5306,5368,0,KRISHANA|INE506W01020|1,EQUITY,KRISHANA|INE506W01012|1
KRISHIVAL,INE0GGO01015,2025-10-20,2026-09-30,234,5135,5368,0,KRISHIVAL|INE0GGO01015|1,EQUITY,KRISHIVAL|INE0GGO01015|1
KRISHNADEF,INE0J5601015,2025-12-30,2026-09-30,186,5183,5368,0,KRISHNADEF|INE0J5601015|1,EQUITY,KRISHNADEF|INE0J5601015|1
KRISHNAENG,,2006-08-28,2006-12-29,86,410,495,0,KRISHNAENG|NOISIN|1,UNKNOWN_NO_ISIN,KRISHNAENG|NOISIN|1
KRISHNAENG,,2007-03-02,2007-08-23,120,536,655,0,KRISHNAENG|NOISIN|2,UNKNOWN_NO_ISIN,KRISHNAENG|NOISIN|2
KRISHNAENG,,2007-12-03,2007-12-28,18,726,743,0,KRISHNAENG|NOISIN|3,UNKNOWN_NO_ISIN,KRISHNAENG|NOISIN|3
KRISHNAENG,,2008-02-29,2008-08-21,116,788,904,1,KRISHNAENG|NOISIN|4,UNKNOWN_NO_ISIN,KRISHNAENG|NOISIN|4
KRISHNAENG,,2008-12-01,2009-05-28,115,970,1085,1,KRISHNAENG|NOISIN|5,UNKNOWN_NO_ISIN,KRISHNAENG|NOISIN|5
KRISHNAENG,,2009-08-21,2009-09-17,20,1146,1165,0,KRISHNAENG|NOISIN|6,UNKNOWN_NO_ISIN,KRISHNAENG|NOISIN|6
KRISHNAENG,,2009-11-20,2011-04-18,331,1205,1555,20,KRISHNAENG|NOISIN|7,UNKNOWN_NO_ISIN,KRISHNAENG|NOISIN|7
KRISHNAENG,,2011-06-17,2011-06-21,3,1598,1600,0,KRISHNAENG|NOISIN|8,UNKNOWN_NO_ISIN,KRISHNAENG|INE409C01011|1
KRISHNAENG,INE409C01011,2011-06-22,2015-02-09,456,1601,2495,81,KRISHNAENG|INE409C01011|1,EQUITY,KRISHNAENG|INE409C01011|1
KRITI,INE479D01038,2021-11-01,2026-09-30,1020,4155,5368,67,KRITI|INE479D01038|1,EQUITY,KRITIIND|INE479D01038|1
KRITIIND,INE479D01038,2011-10-25,2015-01-29,461,1686,2488,106,KRITIIND|INE479D01038|1,EQUITY,KRITIIND|INE479D01038|1
KRITIKA,INE00Z501011,2022-05-04,2022-08-29,82,4279,4360,0,KRITIKA|INE00Z501011|1,EQUITY,KRITIKA|INE00Z501011|1
KRITIKA,INE00Z501029,2022-08-30,2026-09-30,631,4361,5368,246,KRITIKA|INE00Z501029|1,EQUITY,KRITIKA|INE00Z501011|1
KRITINUT,INE798K01010,2022-10-07,2026-09-30,762,4387,5368,91,KRITINUT|INE798K01010|1,EQUITY,KRITINUT|INE798K01010|1
KRN,INE0Q3J01015,2024-10-03,2026-09-30,435,4876,5368,58,KRN|INE0Q3J01015|1,EQUITY,KRN|INE0Q3J01015|1
KRONOX,INE0ATZ01017,2024-06-25,2026-08-25,537,4807,5343,0,KRONOX|INE0ATZ01017|1,EQUITY,KRONOX|INE0ATZ01017|1
KROSS,INE0O6601022,2024-09-16,2026-09-30,505,4864,5368,0,KROSS|INE0O6601022|1,EQUITY,KROSS|INE0O6601022|1
KRSNAA,INE08LI01020,2021-08-16,2026-09-30,1266,4103,5368,0,KRSNAA|INE08LI01020|1,EQUITY,KRSNAA|INE08LI01020|1
KRYSTAL,INE0QN801017,2024-03-21,2026-09-30,557,4746,5368,66,KRYSTAL|INE0QN801017|1,EQUITY,KRYSTAL|INE0QN801017|1
KSB,INE999A01015,2018-10-23,2024-07-24,1419,3409,4827,0,KSB|INE999A01015|1,EQUITY,KSBPUMPS|INE999A01015|1
KSB,INE999A01023,2024-07-25,2026-09-30,541,4828,5368,0,KSB|INE999A01023|1,EQUITY,KSBPUMPS|INE999A01015|1
KSBPUMPS,,2005-01-03,2011-06-21,1601,0,1600,0,KSBPUMPS|NOISIN|1,UNKNOWN_NO_ISIN,KSBPUMPS|INE999A01015|1
KSBPUMPS,INE999A01015,2011-06-22,2018-10-22,1808,1601,3408,0,KSBPUMPS|INE999A01015|1,EQUITY,KSBPUMPS|INE999A01015|1
KSCL,,2007-10-04,2007-12-13,51,684,734,0,KSCL|NOISIN|1,UNKNOWN_NO_ISIN,KSCL|NOISIN|1
KSCL,,2008-02-29,2011-06-21,813,788,1600,0,KSCL|NOISIN|2,UNKNOWN_NO_ISIN,KSCL|INE455I01011|1
KSCL,INE455I01011,2011-06-22,2014-01-27,644,1601,2244,0,KSCL|INE455I01011|1,EQUITY,KSCL|INE455I01011|1
KSCL,INE455I01029,2014-01-28,2026-09-30,3124,2245,5368,0,KSCL|INE455I01029|1,EQUITY,KSCL|INE455I01011|1
KSE,,2009-11-05,2011-06-21,384,1194,1600,3,KSE|NOISIN|1,UNKNOWN_NO_ISIN,KSE|INE953E01014|1
KSE,INE953E01014,2011-06-22,2014-01-10,506,1601,2233,13,KSE|INE953E01014|1,EQUITY,KSE|INE953E01014|1
KSE,INE953E01022,2026-08-17,2026-09-30,32,5337,5368,0,KSE|INE953E01022|1,EQUITY,KSE|INE953E01022|1
KSERAPRO,,2006-10-05,2007-01-25,77,437,513,0,KSERAPRO|NOISIN|1,UNKNOWN_NO_ISIN,KSERAPRO|NOISIN|1
KSERAPRO,,2007-03-02,2007-11-15,179,536,714,0,KSERAPRO|NOISIN|2,UNKNOWN_NO_ISIN,KSERAPRO|NOISIN|2
KSERAPRO,,2008-02-29,2009-06-11,308,788,1095,0,KSERAPRO|NOISIN|3,UNKNOWN_NO_ISIN,KSERAPRO|NOISIN|3
KSERAPRO,,2009-08-21,2010-02-18,119,1146,1264,0,KSERAPRO|NOISIN|4,UNKNOWN_NO_ISIN,KSERAPRO|NOISIN|4
KSERAPRO,,2010-06-11,2011-03-04,186,1341,1526,0,KSERAPRO|NOISIN|5,UNKNOWN_NO_ISIN,KSERAPRO|NOISIN|5
KSERASERA,,2011-03-07,2011-06-21,74,1527,1600,0,KSERASERA|NOISIN|1,UNKNOWN_NO_ISIN,KSERAPRO|NOISIN|5
KSERASERA,INE216D01018,2011-06-22,2015-03-30,669,1601,2528,132,KSERASERA|INE216D01018|1,EQUITY,KSERAPRO|NOISIN|5
KSERASERA,INE216D01026,2015-03-31,2020-08-21,675,2529,3859,237,KSERASERA|INE216D01026|1,EQUITY,KSERAPRO|NOISIN|5
KSHINTL,INE987S01020,2025-12-23,2026-09-30,190,5179,5368,0,KSHINTL|INE987S01020|1,EQUITY,KSHINTL|INE987S01020|1
KSHITIJPOL,INE013801019,2022-07-27,2022-08-24,19,4339,4357,0,KSHITIJPOL|INE013801019|1,EQUITY,KSHITIJPOL|INE013801019|1
KSHITIJPOL,INE013801027,2022-12-06,2026-09-28,434,4427,5366,236,KSHITIJPOL|INE013801027|1,EQUITY,KSHITIJPOL|INE013801027|1
KSK,,2008-07-14,2011-06-21,724,877,1600,0,KSK|NOISIN|1,UNKNOWN_NO_ISIN,KSK|INE143H01015|1
KSK,INE143H01015,2011-06-22,2020-11-27,1922,1601,3927,78,KSK|INE143H01015|1,EQUITY,KSK|INE143H01015|1
KSL,,2010-05-19,2011-06-21,277,1324,1600,0,KSL|NOISIN|1,UNKNOWN_NO_ISIN,KSL|INE907A01026|1
KSL,INE907A01026,2011-06-22,2026-09-30,3757,1601,5368,11,KSL|INE907A01026|1,EQUITY,KSL|INE907A01026|1
KSOILS,,2007-04-02,2011-06-21,1045,556,1600,0,KSOILS|NOISIN|1,UNKNOWN_NO_ISIN,KSOILS|INE727D01022|1
KSOILS,INE727D01022,2011-06-22,2013-06-20,453,1601,2095,42,KSOILS|INE727D01022|1,EQUITY,KSOILS|INE727D01022|1
KSOLVES,INE0D6I01015,2022-09-23,2025-02-05,521,4378,4962,64,KSOLVES|INE0D6I01015|1,EQUITY,KSOLVES|INE0D6I01015|1
KSOLVES,INE0D6I01023,2025-02-06,2026-09-30,406,4963,5368,0,KSOLVES|INE0D6I01023|1,EQUITY,KSOLVES|INE0D6I01015|1
KSR,INE1SPP01016,2025-12-11,2026-09-17,86,5171,5359,103,KSR|INE1SPP01016|1,EQUITY,KSR|INE1SPP01016|1
KTIL,,2011-01-05,2011-06-21,109,1486,1600,2,KTIL|NOISIN|1,UNKNOWN_NO_ISIN,KTIL|NOISIN|1
KTIL,INE096L01017,2011-06-23,2016-08-11,968,1602,2867,87,KTIL|INE096L01017|1,EQUITY,KTIL|INE096L01017|1
KTIL,INE096L01025,2016-08-12,2019-12-30,831,2868,3698,0,KTIL|INE096L01025|1,EQUITY,KTIL|INE096L01017|1
KTKBANK,,2005-01-03,2011-06-21,1601,0,1600,0,KTKBANK|NOISIN|1,UNKNOWN_NO_ISIN,KTKBANK|INE614B01018|1
KTKBANK,INE614B01018,2011-06-22,2026-09-30,3768,1601,5368,0,KTKBANK|INE614B01018|1,EQUITY,KTKBANK|INE614B01018|1
KTKNV20ETF,INF174K01Z71,2015-12-09,2015-12-18,8,2700,2707,0,KTKNV20ETF|INF174K01Z71|1,FUND_UNIT,KOTAKNV20|INF174K01Z71|1
KUANTUM,INE529I01013,2019-10-23,2020-07-14,179,3653,3831,0,KUANTUM|INE529I01013|1,EQUITY,KUANTUM|INE529I01013|1
KUANTUM,INE529I01021,2020-07-15,2026-09-30,1537,3832,5368,0,KUANTUM|INE529I01021|1,EQUITY,KUANTUM|INE529I01013|1
KUSUMGAR,INE0ISX01025,2026-07-15,2026-09-30,55,5314,5368,0,KUSUMGAR|INE0ISX01025|1,EQUITY,KUSUMGAR|INE0ISX01025|1
KWALITY,,2010-01-08,2010-02-18,28,1237,1264,0,KWALITY|NOISIN|1,UNKNOWN_NO_ISIN,KWALITY|NOISIN|1
KWALITY,,2010-06-11,2011-06-21,260,1341,1600,0,KWALITY|NOISIN|2,UNKNOWN_NO_ISIN,KWALITY|INE775B01025|1
KWALITY,INE775B01025,2011-06-22,2021-02-23,2232,1601,3986,89,KWALITY|INE775B01025|1,EQUITY,KWALITY|INE775B01025|1
KWIL,INE2KCE01013,2026-03-02,2026-09-30,144,5225,5368,0,KWIL|INE2KCE01013|1,EQUITY,KWIL|INE2KCE01013|1
L&TFH,INE498L01015,2011-08-12,2024-04-22,3064,1638,4764,63,L&TFH|INE498L01015|1,EQUITY,L&TFH|INE498L01015|1
LADDERUP,INE519D01015,2026-08-17,2026-09-16,22,5337,5358,0,LADDERUP|INE519D01015|1,EQUITY,LADDERUP|INE519D01015|1
LAGNAM,INE548Z01017,2021-09-30,2026-09-30,1068,4134,5368,102,LAGNAM|INE548Z01017|1,EQUITY,LAGNAM|INE548Z01017|1
LAHOTIOV,INE515C01023,2026-04-20,2026-09-30,112,5255,5368,1,LAHOTIOV|INE515C01023|1,EQUITY,LAHOTIOV|INE515C01023|1
LAKPRE,,2006-09-26,2011-06-21,1158,431,1600,1,LAKPRE|NOISIN|1,UNKNOWN_NO_ISIN,LAKPRE|INE651C01018|1
LAKPRE,INE651C01018,2011-06-22,2018-09-24,1651,1601,3390,9,LAKPRE|INE651C01018|1,EQUITY,LAKPRE|INE651C01018|1
LAKSHMIEFL,,2007-02-06,2011-06-21,1079,519,1600,1,LAKSHMIEFL|NOISIN|1,UNKNOWN_NO_ISIN,LAKSHMIEFL|INE992B01026|1
LAKSHMIEFL,INE992B01026,2011-06-22,2018-08-16,1683,1601,3366,60,LAKSHMIEFL|INE992B01026|1,EQUITY,LAKSHMIEFL|INE992B01026|1
LAKSHMIFIN,,2010-06-30,2010-11-22,99,1354,1455,1,LAKSHMIFIN|NOISIN|1,UNKNOWN_NO_ISIN,LAKSHMIFIN|NOISIN|1
LAKSHMIMIL,,2009-11-13,2011-06-21,380,1200,1600,18,LAKSHMIMIL|NOISIN|1,UNKNOWN_NO_ISIN,LAKSHMIMIL|INE938C01019|1
LAKSHMIMIL,INE938C01019,2011-06-22,2026-09-30,743,1601,5368,2849,LAKSHMIMIL|INE938C01019|1,EQUITY,LAKSHMIMIL|INE938C01019|1
LAKSHVILAS,,2005-01-03,2011-06-21,1600,0,1600,1,LAKSHVILAS|NOISIN|1,UNKNOWN_NO_ISIN,LAKSHVILAS|INE694C01018|1
LAKSHVILAS,INE694C01018,2011-06-22,2020-11-25,2325,1601,3925,0,LAKSHVILAS|INE694C01018|1,EQUITY,LAKSHVILAS|INE694C01018|1
LAL,INE740X01015,2023-04-10,2024-02-07,74,4511,4716,132,LAL|INE740X01015|1,EQUITY,LAL|INE740X01015|1
LAL,INE740X01023,2024-05-13,2026-09-30,390,4778,5368,74,LAL|INE740X01023|1,EQUITY,LAL|INE740X01023|1
LALITHAA,INE0K9O01026,2026-08-24,2026-09-30,27,5342,5368,0,LALITHAA|INE0K9O01026|1,EQUITY,LALITHAA|INE0K9O01026|1
LALPATHLAB,INE600L01024,2015-12-23,2026-09-30,2659,2710,5368,0,LALPATHLAB|INE600L01024|1,EQUITY,LALPATHLAB|INE600L01024|1
LAMBODHARA,INE112F01014,2015-02-04,2015-10-15,173,2492,2664,0,LAMBODHARA|INE112F01014|1,EQUITY,LAMBODHARA|INE112F01014|1
LAMBODHARA,INE112F01022,2015-10-16,2026-09-30,2514,2665,5368,67,LAMBODHARA|INE112F01022|1,EQUITY,LAMBODHARA|INE112F01014|1
LANABS,,2005-06-14,2008-07-18,768,112,881,1,LANABS|NOISIN|1,UNKNOWN_NO_ISIN,ABSIND|NOISIN|1
LANCER,INE359U01010,2022-05-10,2022-12-15,152,4283,4434,0,LANCER|INE359U01010|1,EQUITY,LANCER|INE359U01010|1
LANCER,INE359U01028,2022-12-16,2026-09-30,122,4435,5368,812,LANCER|INE359U01028|1,EQUITY,LANCER|INE359U01010|1
LANCOIN,,2007-08-28,2010-11-22,798,658,1455,0,LANCOIN|NOISIN|1,UNKNOWN_NO_ISIN,LANCOIN|NOISIN|1
LANCOIN,,2011-02-23,2011-06-21,81,1520,1600,0,LANCOIN|NOISIN|2,UNKNOWN_NO_ISIN,LANCOIN|INE943C01027|1
LANCOIN,INE943C01027,2011-06-22,2014-12-16,847,1601,2458,11,LANCOIN|INE943C01027|1,EQUITY,LANCOIN|INE943C01027|1
LANCORHOL,INE572G01025,2024-04-23,2026-09-08,465,4765,5353,124,LANCORHOL|INE572G01025|1,EQUITY,LANCORHOL|INE572G01025|1
LANDMARK,INE559R01029,2022-12-23,2026-09-30,929,4440,5368,0,LANDMARK|INE559R01029|1,EQUITY,LANDMARK|INE559R01029|1
LANDSMILL,INE688J01023,2026-04-02,2026-09-30,124,5245,5368,0,LANDSMILL|INE688J01023|1,EQUITY,EXCELINFO|INE688J01015|1
LAOPALA,,2007-03-16,2008-08-21,356,546,904,1,LAOPALA|NOISIN|1,UNKNOWN_NO_ISIN,LAOPALA|NOISIN|1
LAOPALA,,2008-12-02,2011-06-21,612,971,1600,2,LAOPALA|NOISIN|2,UNKNOWN_NO_ISIN,LAOPALA|INE059D01012|1
LAOPALA,INE059D01012,2011-06-22,2014-09-24,806,1601,2406,0,LAOPALA|INE059D01012|1,EQUITY,LAOPALA|INE059D01012|1
LAOPALA,INE059D01020,2014-09-25,2026-09-30,2962,2407,5368,0,LAOPALA|INE059D01020|1,EQUITY,LAOPALA|INE059D01012|1
LARGEMID50,INF769K01RK3,2026-08-20,2026-09-30,29,5340,5368,0,LARGEMID50|INF769K01RK3|1,FUND_UNIT,LARGEMID50|INF769K01RK3|1
LASA,INE670X01014,2018-02-22,2026-09-09,1602,3246,5354,86,LASA|INE670X01014|1,EQUITY,LASA|INE670X01014|1
LASERPOWER,INE17IR01028,2026-07-16,2026-09-30,54,5315,5368,0,LASERPOWER|INE17IR01028|1,EQUITY,LASERPOWER|INE17IR01028|1
LATENTVIEW,INE0I7C01011,2021-11-23,2026-09-30,1143,4169,5368,57,LATENTVIEW|INE0I7C01011|1,EQUITY,LATENTVIEW|INE0I7C01011|1
LATTEYS,INE262Z01023,2023-05-23,2026-09-30,290,4540,5368,177,LATTEYS|INE262Z01023|1,EQUITY,LATTEYS|INE262Z01023|1
LAURUSLABS,INE947Q01010,2016-12-19,2020-09-29,935,2952,3886,0,LAURUSLABS|INE947Q01010|1,EQUITY,LAURUSLABS|INE947Q01010|1
LAURUSLABS,INE947Q01028,2020-09-30,2026-09-30,1482,3887,5368,0,LAURUSLABS|INE947Q01028|1,EQUITY,LAURUSLABS|INE947Q01010|1
LAXMICOT,INE801V01019,2021-11-12,2026-09-30,1143,4163,5368,63,LAXMICOT|INE801V01019|1,EQUITY,LAXMICOT|INE801V01019|1
LAXMIDENTL,INE0WO601020,2025-01-20,2026-09-30,419,4950,5368,0,LAXMIDENTL|INE0WO601020|1,EQUITY,LAXMIDENTL|INE0WO601020|1
LAXMIINDIA,INE06WU01026,2025-08-05,2026-09-30,218,5084,5368,67,LAXMIINDIA|INE06WU01026|1,EQUITY,LAXMIINDIA|INE06WU01026|1
LAXMIMACH,,2005-01-03,2011-06-21,1601,0,1600,0,LAXMIMACH|NOISIN|1,UNKNOWN_NO_ISIN,LAXMIMACH|INE269B01029|1
LAXMIMACH,INE269B01029,2011-06-22,2024-10-09,3280,1601,4880,0,LAXMIMACH|INE269B01029|1,EQUITY,LAXMIMACH|INE269B01029|1
LCCINFOTEC,,2005-04-08,2005-06-02,39,66,104,0,LCCINFOTEC|NOISIN|1,UNKNOWN_NO_ISIN,LCCINFOTEC|NOISIN|1
LCCINFOTEC,,2005-07-08,2005-07-14,5,130,134,0,LCCINFOTEC|NOISIN|2,UNKNOWN_NO_ISIN,LCCINFOTEC|NOISIN|2
LCCINFOTEC,,2006-06-12,2006-06-29,14,356,369,0,LCCINFOTEC|NOISIN|3,UNKNOWN_NO_ISIN,LCCINFOTEC|NOISIN|3
LCCINFOTEC,,2006-08-28,2006-12-14,76,410,485,0,LCCINFOTEC|NOISIN|4,UNKNOWN_NO_ISIN,LCCINFOTEC|NOISIN|4
LCCINFOTEC,,2007-03-02,2007-05-17,51,536,586,0,LCCINFOTEC|NOISIN|5,UNKNOWN_NO_ISIN,LCCINFOTEC|NOISIN|5
LCCINFOTEC,,2008-02-29,2009-06-11,307,788,1095,1,LCCINFOTEC|NOISIN|6,UNKNOWN_NO_ISIN,LCCINFOTEC|NOISIN|6
LCCINFOTEC,,2009-08-21,2009-09-17,20,1146,1165,0,LCCINFOTEC|NOISIN|7,UNKNOWN_NO_ISIN,LCCINFOTEC|NOISIN|7
LCCINFOTEC,,2009-11-20,2010-01-21,42,1205,1246,0,LCCINFOTEC|NOISIN|8,UNKNOWN_NO_ISIN,LCCINFOTEC|NOISIN|8
LCCINFOTEC,,2010-06-11,2010-11-11,109,1341,1449,0,LCCINFOTEC|NOISIN|9,UNKNOWN_NO_ISIN,LCCINFOTEC|NOISIN|9
LCCINFOTEC,,2011-03-07,2011-06-21,74,1527,1600,0,LCCINFOTEC|NOISIN|10,UNKNOWN_NO_ISIN,LCCINFOTEC|INE938A01021|1
LCCINFOTEC,INE938A01021,2011-06-22,2026-09-30,1536,1601,5368,831,LCCINFOTEC|INE938A01021|1,EQUITY,LCCINFOTEC|INE938A01021|1
LCCPROJECT,INE1FPN01026,2026-09-17,2026-09-30,10,5359,5368,0,LCCPROJECT|INE1FPN01026|1,EQUITY,LCCPROJECT|INE1FPN01026|1
LCL,INE0QJW01029,2026-07-30,2026-09-30,44,5325,5368,0,LCL|INE0QJW01029|1,EQUITY,LCL|INE0QJW01029|1
LEADEDSYS,,2005-01-03,2005-04-07,66,0,65,0,LEADEDSYS|NOISIN|1,UNKNOWN_NO_ISIN,LEADEDSYS|NOISIN|1
LEADEDSYS,,2005-07-08,2005-07-25,12,130,141,0,LEADEDSYS|NOISIN|2,UNKNOWN_NO_ISIN,LEADEDSYS|NOISIN|2
LEAPIND,INE00GO01025,2026-08-14,2026-09-30,33,5336,5368,0,LEAPIND|INE00GO01025|1,EQUITY,LEAPIND|INE00GO01025|1
LEEL,INE245C01019,2017-06-19,2019-05-21,475,3076,3550,0,LEEL|INE245C01019|1,EQUITY,LEEL|INE245C01019|1
LEENEE,INE791B01014,2026-08-17,2026-09-02,13,5337,5349,0,LEENEE|INE791B01014|1,EQUITY,LEENEE|INE791B01014|1
LEMERITE,INE0G1L01017,2025-12-12,2026-05-27,110,5172,5281,0,LEMERITE|INE0G1L01017|1,EQUITY,LEMERITE|INE0G1L01017|1
LEMERITE,INE0G1L01025,2026-05-29,2026-09-30,87,5282,5368,0,LEMERITE|INE0G1L01025|1,EQUITY,LEMERITE|INE0G1L01017|1
LEMONTREE,INE970X01018,2018-04-09,2026-09-30,2094,3275,5368,0,LEMONTREE|INE970X01018|1,EQUITY,LEMONTREE|INE970X01018|1
LENSKART,INE956O01016,2025-11-10,2026-09-30,221,5148,5368,0,LENSKART|INE956O01016|1,EQUITY,LENSKART|INE956O01016|1
LEXUS,INE500X01013,2023-03-13,2026-09-30,686,4494,5368,84,LEXUS|INE500X01013|1,EQUITY,LEXUS|INE500X01013|1
LFIC,INE850E01012,2019-05-22,2026-09-30,1638,3551,5368,62,LFIC|INE850E01012|1,EQUITY,LFIC|INE850E01012|1
LGBBROSLTD,,2010-03-30,2011-06-21,311,1290,1600,0,LGBBROSLTD|NOISIN|1,UNKNOWN_NO_ISIN,LGBBROSLTD|INE337A01034|1
LGBBROSLTD,INE337A01034,2011-06-22,2026-09-30,3760,1601,5368,1,LGBBROSLTD|INE337A01034|1,EQUITY,LGBBROSLTD|INE337A01034|1
LGBFORGE,,2008-08-01,2008-12-12,88,891,978,0,LGBFORGE|NOISIN|1,UNKNOWN_NO_ISIN,LGBFORGE|NOISIN|1
LGBFORGE,,2009-03-02,2009-06-11,65,1030,1095,1,LGBFORGE|NOISIN|2,UNKNOWN_NO_ISIN,LGBFORGE|NOISIN|2
LGBFORGE,,2009-08-21,2009-12-24,84,1146,1229,0,LGBFORGE|NOISIN|3,UNKNOWN_NO_ISIN,LGBFORGE|NOISIN|3
LGBFORGE,,2010-02-19,2011-06-21,336,1265,1600,0,LGBFORGE|NOISIN|4,UNKNOWN_NO_ISIN,LGBFORGE|INE201J01017|1
LGBFORGE,INE201J01017,2011-06-22,2024-06-25,2044,1601,4807,554,LGBFORGE|INE201J01017|1,EQUITY,LGBFORGE|INE201J01017|1
LGBROS,,2005-01-03,2010-03-12,1279,0,1279,1,LGBROS|NOISIN|1,UNKNOWN_NO_ISIN,LGBROS|NOISIN|1
LGEINDIA,INE324D01010,2025-10-14,2026-09-30,238,5131,5368,0,LGEINDIA|INE324D01010|1,EQUITY,LGEINDIA|INE324D01010|1
LGHL,INE258Y01016,2024-01-31,2026-09-30,478,4711,5368,65,LGHL|INE258Y01016|1,EQUITY,LGHL|INE258Y01016|1
LIBAS,INE908V01012,2019-07-23,2026-09-30,1589,3594,5368,112,LIBAS|INE908V01012|1,EQUITY,LIBAS|INE908V01012|1
LIBERTSHOE,,2005-01-03,2011-06-21,1600,0,1600,1,LIBERTSHOE|NOISIN|1,UNKNOWN_NO_ISIN,LIBERTSHOE|INE557B01019|1
LIBERTSHOE,INE557B01019,2011-06-22,2026-09-30,3502,1601,5368,65,LIBERTSHOE|INE557B01019|1,EQUITY,LIBERTSHOE|INE557B01019|1
LICHSGFIN,,2005-01-03,2011-06-21,1601,0,1600,0,LICHSGFIN|NOISIN|1,UNKNOWN_NO_ISIN,LICHSGFIN|INE115A01026|1
LICHSGFIN,INE115A01026,2011-06-22,2026-09-30,3768,1601,5368,0,LICHSGFIN|INE115A01026|1,EQUITY,LICHSGFIN|INE115A01026|1
LICI,INE0J1Y01017,2022-05-17,2026-09-30,1081,4288,5368,0,LICI|INE0J1Y01017|1,EQUITY,LICI|INE0J1Y01017|1
LICMFGOLD,INF397L01554,2023-07-31,2026-03-05,640,4588,5227,0,LICMFGOLD|INF397L01554|1,FUND_UNIT,IDBIGOLD|INF397L01554|1
LICMFGOLD,INF767K01SM1,2026-03-06,2026-09-30,141,5228,5368,0,LICMFGOLD|INF767K01SM1|1,FUND_UNIT,LICMFGOLD|INF767K01SM1|1
LICNETFGSC,INF767K01MV5,2015-12-30,2026-09-30,2588,2714,5368,3,LICNETFGSC|INF767K01MV5|1,FUND_UNIT,LICNETFGSC|INF767K01MV5|1
LICNETFN50,INF767K01OS7,2016-01-15,2026-09-30,2454,2726,5368,19,LICNETFN50|INF767K01OS7|1,FUND_UNIT,LICNETFN50|INF767K01OS7|1
LICNETFSEN,INF767K01OT5,2016-08-03,2026-09-30,1961,2861,5368,40,LICNETFSEN|INF767K01OT5|1,FUND_UNIT,LICNETFSEN|INF767K01OT5|1
LICNFENGP,INF767K01OS7,2015-12-07,2015-12-23,2,2698,2710,11,LICNFENGP|INF767K01OS7|1,FUND_UNIT,LICNETFN50|INF767K01OS7|1
LICNFNHGP,INF767K01PC8,2016-05-26,2026-09-30,2141,2813,5368,38,LICNFNHGP|INF767K01PC8|1,FUND_UNIT,LICNFNHGP|INF767K01PC8|1
LICNMFET,INF767K01MV5,2015-01-01,2015-12-29,219,2469,2713,2,LICNMFET|INF767K01MV5|1,FUND_UNIT,LICNETFGSC|INF767K01MV5|1
LICNMID100,INF767K01RN1,2024-02-19,2026-09-30,645,4724,5368,0,LICNMID100|INF767K01RN1|1,FUND_UNIT,LICNMID100|INF767K01RN1|1
LIKHITHA,INE060901019,2020-10-29,2022-12-01,518,3907,4424,0,LIKHITHA|INE060901019|1,EQUITY,LIKHITHA|INE060901019|1
LIKHITHA,INE060901027,2022-12-02,2026-09-30,883,4425,5368,61,LIKHITHA|INE060901027|1,EQUITY,LIKHITHA|INE060901019|1
LINC,INE802B01019,2021-12-20,2024-12-19,742,4188,4929,0,LINC|INE802B01019|1,EQUITY,LINCPEN|INE802B01019|1
LINC,INE802B01027,2024-12-20,2026-09-30,375,4930,5368,64,LINC|INE802B01027|1,EQUITY,LINCPEN|INE802B01019|1
LINCOLN,INE405C01035,2015-12-17,2026-09-30,2663,2706,5368,0,LINCOLN|INE405C01035|1,EQUITY,LINCOLN|INE405C01035|1
LINCPEN,INE802B01019,2015-03-09,2021-12-17,1611,2513,4187,40,LINCPEN|INE802B01019|1,EQUITY,LINCPEN|INE802B01019|1
LINDEINDIA,INE473A01011,2013-04-10,2026-09-30,3322,2047,5368,0,LINDEINDIA|INE473A01011|1,EQUITY,BOC|INE473A01011|1
LIQGRWBEES,INF204KC1FU1,2025-07-25,2026-09-30,292,5077,5368,0,LIQGRWBEES|INF204KC1FU1|1,FUND_UNIT,LIQGRWBEES|INF204KC1FU1|1
LIQUID,INF769K01KS1,2023-07-31,2026-09-30,781,4588,5368,0,LIQUID|INF769K01KS1|1,FUND_UNIT,LIQUID|INF769K01KS1|1
LIQUID1,INF174KA1LV5,2024-03-20,2026-09-30,624,4745,5368,0,LIQUID1|INF174KA1LV5|1,FUND_UNIT,KOTAKLIQ|INF174KA1LV5|1
LIQUIDADD,INF740KA1UM0,2024-04-03,2026-09-30,616,4753,5368,0,LIQUIDADD|INF740KA1UM0|1,FUND_UNIT,LIQUIDADD|INF740KA1UM0|1
LIQUIDBEES,,2005-01-03,2011-06-21,1600,0,1600,1,LIQUIDBEES|NOISIN|1,UNKNOWN_NO_ISIN,LIQUIDBEES|INF732E01037|1
LIQUIDBEES,INF732E01037,2011-06-22,2026-09-30,3768,1601,5368,0,LIQUIDBEES|INF732E01037|1,FUND_UNIT,LIQUIDBEES|INF732E01037|1
LIQUIDBETA,INF789F1AG68,2026-07-21,2026-09-30,40,5318,5368,3,LIQUIDBETA|INF789F1AG68|1,FUND_UNIT,LIQUIDBETA|INF789F1AG68|1
LIQUIDBETF,INF0QA701854,2024-06-03,2026-09-30,576,4792,5368,1,LIQUIDBETF|INF0QA701854|1,FUND_UNIT,LIQUIDBETF|INF0QA701854|1
LIQUIDCASE,INF0R8F01034,2024-01-24,2026-09-30,662,4707,5368,0,LIQUIDCASE|INF0R8F01034|1,FUND_UNIT,LIQUIDCASE|INF0R8F01034|1
LIQUIDETF,INF740KA1EU7,2018-03-20,2026-09-30,2105,3263,5368,1,LIQUIDETF|INF740KA1EU7|1,FUND_UNIT,LIQUIDETF|INF740KA1EU7|1
LIQUIDIETF,INF109KC1KT9,2023-12-20,2026-09-30,685,4684,5368,0,LIQUIDIETF|INF109KC1KT9|1,FUND_UNIT,ICICILIQ|INF109KC1KT9|1
LIQUIDPLUS,INF769K01MY5,2024-11-13,2026-09-30,464,4905,5368,0,LIQUIDPLUS|INF769K01MY5|1,FUND_UNIT,LIQUIDPLUS|INF769K01MY5|1
LIQUIDSBI,INF200KA13Z8,2023-11-02,2026-09-30,716,4652,5368,1,LIQUIDSBI|INF200KA13Z8|1,FUND_UNIT,LIQUIDSBI|INF200KA13Z8|1
LIQUIDSHRI,INF680P01422,2024-07-09,2026-09-30,552,4817,5368,0,LIQUIDSHRI|INF680P01422|1,FUND_UNIT,LIQUIDSHRI|INF680P01422|1
LITL,,2006-11-27,2011-06-21,1129,472,1600,0,LITL|NOISIN|1,UNKNOWN_NO_ISIN,LITL|INE785C01048|1
LITL,INE785C01048,2011-06-22,2018-09-12,1593,1601,3384,78,LITL|INE785C01048|1,EQUITY,LITL|INE785C01048|1
LKPSEC,INE341H01023,2026-08-17,2026-09-30,32,5337,5368,0,LKPSEC|INE341H01023|1,EQUITY,LKPSEC|INE341H01023|1
LLOYDELENG,,2005-01-03,2005-04-07,66,0,65,0,LLOYDELENG|NOISIN|1,UNKNOWN_NO_ISIN,LLOYDELENG|NOISIN|1
LLOYDELENG,,2005-07-08,2011-06-21,1470,130,1600,1,LLOYDELENG|NOISIN|2,UNKNOWN_NO_ISIN,LEEL|INE245C01019|1
LLOYDELENG,INE245C01019,2011-06-22,2017-06-16,1449,1601,3075,26,LLOYDELENG|INE245C01019|1,EQUITY,LEEL|INE245C01019|1
LLOYDFIN,,2005-04-08,2005-04-21,9,66,74,0,LLOYDFIN|NOISIN|1,UNKNOWN_NO_ISIN,LLOYDFIN|NOISIN|1
LLOYDFIN,,2005-07-08,2005-07-14,5,130,134,0,LLOYDFIN|NOISIN|2,UNKNOWN_NO_ISIN,LLOYDFIN|NOISIN|2
LLOYDFIN,,2006-06-12,2006-06-29,14,356,369,0,LLOYDFIN|NOISIN|3,UNKNOWN_NO_ISIN,LLOYDFIN|NOISIN|3
LLOYDFIN,,2006-08-28,2006-12-14,76,410,485,0,LLOYDFIN|NOISIN|4,UNKNOWN_NO_ISIN,LLOYDFIN|NOISIN|4
LLOYDFIN,,2007-03-05,2007-05-17,47,537,586,2,LLOYDFIN|NOISIN|5,UNKNOWN_NO_ISIN,LLOYDFIN|NOISIN|5
LLOYDFIN,,2008-02-29,2009-01-09,209,788,996,0,LLOYDFIN|NOISIN|6,UNKNOWN_NO_ISIN,LLOYDFIN|NOISIN|6
LLOYDFIN,,2009-03-02,2009-06-11,65,1030,1095,1,LLOYDFIN|NOISIN|7,UNKNOWN_NO_ISIN,LLOYDFIN|NOISIN|7
LLOYDFIN,,2009-08-21,2010-01-07,91,1146,1236,0,LLOYDFIN|NOISIN|8,UNKNOWN_NO_ISIN,LLOYDFIN|NOISIN|8
LLOYDFIN,,2010-02-19,2010-04-16,37,1265,1301,0,LLOYDFIN|NOISIN|9,UNKNOWN_NO_ISIN,LLOYDFIN|NOISIN|9
LLOYDFIN,,2010-06-11,2011-04-18,195,1341,1555,20,LLOYDFIN|NOISIN|10,UNKNOWN_NO_ISIN,LLOYDFIN|NOISIN|10
LLOYDFIN,,2011-06-17,2011-06-21,3,1598,1600,0,LLOYDFIN|NOISIN|11,UNKNOWN_NO_ISIN,LLOYDFIN|INE174A01015|1
LLOYDFIN,INE174A01015,2011-06-22,2014-03-27,545,1601,2285,31,LLOYDFIN|INE174A01015|1,EQUITY,LLOYDFIN|INE174A01015|1
LLOYDSENGG,INE093R01011,2023-11-13,2026-09-30,688,4659,5368,16,LLOYDSENGG|INE093R01011|1,EQUITY,LLOYDSENGG|INE093R01011|1
LLOYDSENT,INE080I01025,2024-10-17,2026-09-30,483,4886,5368,0,LLOYDSENT|INE080I01025|1,EQUITY,LLOYDSENT|INE080I01025|1
LLOYDSME,INE281B01032,2023-07-17,2026-09-30,791,4578,5368,0,LLOYDSME|INE281B01032|1,EQUITY,LLOYDSME|INE281B01032|1
LLOYDSTEEL,,2005-04-08,2006-06-29,304,66,369,0,LLOYDSTEEL|NOISIN|1,UNKNOWN_NO_ISIN,LLOYDSTEEL|NOISIN|1
LLOYDSTEEL,,2006-08-28,2007-01-25,104,410,513,0,LLOYDSTEEL|NOISIN|2,UNKNOWN_NO_ISIN,LLOYDSTEEL|NOISIN|2
LLOYDSTEEL,,2007-06-08,2007-12-13,133,602,734,0,LLOYDSTEEL|NOISIN|3,UNKNOWN_NO_ISIN,LLOYDSTEEL|NOISIN|3
LLOYDSTEEL,,2008-02-29,2008-08-21,117,788,904,0,LLOYDSTEEL|NOISIN|4,UNKNOWN_NO_ISIN,LLOYDSTEEL|NOISIN|4
LLOYDSTEEL,,2008-12-01,2009-06-11,125,970,1095,1,LLOYDSTEEL|NOISIN|5,UNKNOWN_NO_ISIN,LLOYDSTEEL|NOISIN|5
LLOYDSTEEL,,2009-08-21,2010-01-07,91,1146,1236,0,LLOYDSTEEL|NOISIN|6,UNKNOWN_NO_ISIN,LLOYDSTEEL|NOISIN|6
LLOYDSTEEL,,2010-02-19,2011-06-21,336,1265,1600,0,LLOYDSTEEL|NOISIN|7,UNKNOWN_NO_ISIN,LLOYDSTEEL|INE292A01015|1
LLOYDSTEEL,INE292A01015,2011-06-22,2013-04-26,413,1601,2057,44,LLOYDSTEEL|INE292A01015|1,EQUITY,LLOYDSTEEL|INE292A01015|1
LML,,2005-01-03,2005-04-07,66,0,65,0,LML|NOISIN|1,UNKNOWN_NO_ISIN,LML|NOISIN|1
LML,,2005-07-08,2007-01-11,374,130,503,0,LML|NOISIN|2,UNKNOWN_NO_ISIN,LML|NOISIN|2
LML,,2007-03-02,2007-04-19,33,536,568,0,LML|NOISIN|3,UNKNOWN_NO_ISIN,LML|NOISIN|3
LML,,2007-06-08,2007-08-23,54,602,655,0,LML|NOISIN|4,UNKNOWN_NO_ISIN,LML|NOISIN|4
LML,,2007-12-03,2007-12-28,18,726,743,0,LML|NOISIN|5,UNKNOWN_NO_ISIN,LML|NOISIN|5
LML,,2008-02-29,2011-06-21,813,788,1600,0,LML|NOISIN|6,UNKNOWN_NO_ISIN,LML|INE862A01015|1
LML,INE862A01015,2011-06-22,2018-05-14,1660,1601,3299,23,LML|INE862A01015|1,EQUITY,LML|INE862A01015|1
LMW,INE269B01029,2024-10-10,2026-09-30,488,4881,5368,0,LMW|INE269B01029|1,EQUITY,LAXMIMACH|INE269B01029|1
LODHA,INE670K01029,2021-04-19,2026-09-30,1348,4021,5368,0,LODHA|INE670K01029|1,EQUITY,LODHA|INE670K01029|1
LOGIXMICRO,,2007-02-05,2007-06-14,63,518,606,13,LOGIXMICRO|NOISIN|1,UNKNOWN_NO_ISIN,LOGIXMICRO|NOISIN|1
LOGIXMICRO,,2007-08-31,2008-05-02,167,661,827,0,LOGIXMICRO|NOISIN|2,UNKNOWN_NO_ISIN,LOGIXMICRO|NOISIN|2
LOGIXMICRO,,2008-06-13,2011-06-21,740,856,1600,1,LOGIXMICRO|NOISIN|3,UNKNOWN_NO_ISIN,IZMO|INE848A01014|1
LOGIXMICRO,INE848A01014,2011-06-22,2015-05-14,859,1601,2557,32,LOGIXMICRO|INE848A01014|1,EQUITY,IZMO|INE848A01014|1
LOKESHMACH,,2006-05-05,2010-04-16,971,330,1301,1,LOKESHMACH|NOISIN|1,UNKNOWN_NO_ISIN,LOKESHMACH|NOISIN|1
LOKESHMACH,,2010-06-11,2011-06-21,260,1341,1600,0,LOKESHMACH|NOISIN|2,UNKNOWN_NO_ISIN,LOKESHMACH|INE397H01017|1
LOKESHMACH,INE397H01017,2011-06-22,2026-09-30,3267,1601,5368,126,LOKESHMACH|INE397H01017|1,EQUITY,LOKESHMACH|INE397H01017|1
LORDSCHLO,INE846D01012,2023-08-28,2026-09-30,520,4607,5368,91,LORDSCHLO|INE846D01012|1,EQUITY,LORDSCHLO|INE846D01012|1
LOTTEINDIA,,2005-04-08,2005-08-19,89,66,158,3,LOTTEINDIA|NOISIN|1,UNKNOWN_NO_ISIN,LOTTEINDIA|NOISIN|1
LOTTEINDIA,,2006-06-12,2006-06-29,11,356,369,1,LOTTEINDIA|NOISIN|2,UNKNOWN_NO_ISIN,LOTTEINDIA|NOISIN|2
LOTTEINDIA,,2006-08-28,2006-09-21,19,410,428,0,LOTTEINDIA|NOISIN|3,UNKNOWN_NO_ISIN,LOTTEINDIA|NOISIN|3
LOTTEINDIA,,2006-11-27,2006-12-29,23,472,495,1,LOTTEINDIA|NOISIN|4,UNKNOWN_NO_ISIN,LOTTEINDIA|NOISIN|4
LOTTEINDIA,,2007-03-02,2008-01-10,189,536,752,2,LOTTEINDIA|NOISIN|5,UNKNOWN_NO_ISIN,LOTTEINDIA|NOISIN|5
LOTTEINDIA,,2008-02-29,2008-04-21,25,788,819,2,LOTTEINDIA|NOISIN|6,UNKNOWN_NO_ISIN,LOTTEINDIA|NOISIN|6
LOTTEINDIA,,2008-06-13,2008-07-10,20,856,875,0,LOTTEINDIA|NOISIN|7,UNKNOWN_NO_ISIN,LOTTEINDIA|NOISIN|7
LOTTEINDIA,,2008-08-22,2009-01-09,61,905,996,7,LOTTEINDIA|NOISIN|8,UNKNOWN_NO_ISIN,LOTTEINDIA|NOISIN|8
LOTTEINDIA,,2009-03-02,2009-07-23,90,1030,1125,1,LOTTEINDIA|NOISIN|9,UNKNOWN_NO_ISIN,LOTTEINDIA|NOISIN|9
LOTUSCHO,INE026D01011,2026-08-17,2026-09-30,32,5337,5368,0,LOTUSCHO|INE026D01011|1,EQUITY,LOTUSCHO|INE026D01011|1
LOTUSDEV,INE0V9Q01010,2025-08-06,2026-08-10,248,5085,5332,0,LOTUSDEV|INE0V9Q01010|1,EQUITY,LOTUSDEV|INE0V9Q01010|1
LOTUSEYE,,2008-07-11,2008-11-28,94,876,969,0,LOTUSEYE|NOISIN|1,UNKNOWN_NO_ISIN,LOTUSEYE|NOISIN|1
LOTUSEYE,,2009-03-02,2009-05-04,38,1030,1067,0,LOTUSEYE|NOISIN|2,UNKNOWN_NO_ISIN,LOTUSEYE|NOISIN|2
LOTUSEYE,,2009-06-12,2009-12-10,122,1096,1219,1,LOTUSEYE|NOISIN|3,UNKNOWN_NO_ISIN,LOTUSEYE|NOISIN|3
LOTUSEYE,,2010-02-19,2011-04-18,289,1265,1555,2,LOTUSEYE|NOISIN|4,UNKNOWN_NO_ISIN,LOTUSEYE|NOISIN|4
LOTUSEYE,,2011-06-17,2011-06-21,3,1598,1600,0,LOTUSEYE|NOISIN|5,UNKNOWN_NO_ISIN,LOTUSEYE|INE947I01017|1
LOTUSEYE,INE947I01017,2011-06-22,2026-09-30,3180,1601,5368,138,LOTUSEYE|INE947I01017|1,EQUITY,LOTUSEYE|INE947I01017|1
LOVABLE,,2011-03-24,2011-06-21,61,1540,1600,0,LOVABLE|NOISIN|1,UNKNOWN_NO_ISIN,LOVABLE|INE597L01014|1
LOVABLE,INE597L01014,2011-06-22,2026-09-30,3571,1601,5368,70,LOVABLE|INE597L01014|1,EQUITY,LOVABLE|INE597L01014|1
LOWVOL,INF769K01JU9,2023-09-01,2026-09-30,749,4611,5368,1,LOWVOL|INF769K01JU9|1,FUND_UNIT,LOWVOL|INF769K01JU9|1
LOWVOL1,INF174KA1IY5,2024-03-20,2026-09-30,624,4745,5368,0,LOWVOL1|INF174KA1IY5|1,FUND_UNIT,KOTAKLOVOL|INF174KA1IY5|1
LOWVOLIETF,INF109KB10T8,2023-12-20,2024-02-29,49,4684,4732,0,LOWVOLIETF|INF109KB10T8|1,FUND_UNIT,ICICILOVOL|INF109KB10T8|1
LOWVOLIETF,INF109KC19U5,2024-03-01,2026-09-30,636,4733,5368,0,LOWVOLIETF|INF109KC19U5|1,FUND_UNIT,LOWVOLIETF|INF109KC19U5|1
LOWVOLIWIN,INF109KB10T8,2017-07-11,2018-04-09,81,3091,3275,8,LOWVOLIWIN|INF109KB10T8|1,FUND_UNIT,ICICILOVOL|INF109KB10T8|1
LOYALTEX,INE970D01010,2022-08-11,2026-09-30,732,4349,5368,96,LOYALTEX|INE970D01010|1,EQUITY,LOYALTEX|INE970D01010|1
LPDC,,2008-08-12,2009-04-17,161,898,1058,0,LPDC|NOISIN|1,UNKNOWN_NO_ISIN,LPDC|NOISIN|1
LPDC,,2009-08-21,2009-12-10,74,1146,1219,0,LPDC|NOISIN|2,UNKNOWN_NO_ISIN,LPDC|NOISIN|2
LPDC,,2010-02-19,2010-07-22,106,1265,1370,0,LPDC|NOISIN|3,UNKNOWN_NO_ISIN,LPDC|NOISIN|3
LPDC,,2010-12-03,2011-04-18,92,1464,1555,0,LPDC|NOISIN|4,UNKNOWN_NO_ISIN,LPDC|NOISIN|4
LPDC,,2011-06-17,2011-06-21,3,1598,1600,0,LPDC|NOISIN|5,UNKNOWN_NO_ISIN,LPDC|INE197J01017|1
LPDC,INE197J01017,2011-06-22,2026-09-30,2923,1601,5368,80,LPDC|INE197J01017|1,EQUITY,LPDC|INE197J01017|1
LSIL,INE093R01011,2016-08-01,2023-08-09,1337,2859,4595,141,LSIL|INE093R01011|1,EQUITY,LLOYDSENGG|INE093R01011|1
LT,,2005-01-03,2011-06-21,1601,0,1600,0,LT|NOISIN|1,UNKNOWN_NO_ISIN,LT|INE018A01030|1
LT,INE018A01030,2011-06-22,2026-09-30,3768,1601,5368,0,LT|INE018A01030|1,EQUITY,LT|INE018A01030|1
LTF,INE498L01015,2024-04-23,2026-09-30,604,4765,5368,0,LTF|INE498L01015|1,EQUITY,L&TFH|INE498L01015|1
LTFOODS,INE818H01020,2023-11-06,2026-09-30,715,4654,5368,0,LTFOODS|INE818H01020|1,EQUITY,DAAWAT|INE818H01020|1
LTGILTBEES,INF204KB1882,2022-05-10,2026-09-30,1086,4283,5368,0,LTGILTBEES|INF204KB1882|1,FUND_UNIT,LTGILTBEES|INF204KB1882|1
LTGILTCASE,INF0R8F01133,2025-08-20,2026-09-30,275,5094,5368,0,LTGILTCASE|INF0R8F01133|1,FUND_UNIT,LTGILTCASE|INF0R8F01133|1
LTI,INE214T01019,2016-07-21,2022-12-02,1574,2852,4425,0,LTI|INE214T01019|1,EQUITY,LTIM|INE214T01019|1
LTIM,INE214T01019,2022-12-05,2026-02-26,798,4426,5223,0,LTIM|INE214T01019|1,EQUITY,LTIM|INE214T01019|1
LTM,INE214T01019,2026-02-27,2026-09-30,145,5224,5368,0,LTM|INE214T01019|1,EQUITY,LTIM|INE214T01019|1
LTTS,INE010V01017,2016-09-23,2026-09-30,2474,2895,5368,0,LTTS|INE010V01017|1,EQUITY,LTTS|INE010V01017|1
LUMAXAUTO,,2005-01-03,2009-09-17,1161,0,1165,1,LUMAXAUTO|NOISIN|1,UNKNOWN_NO_ISIN,LUMAXAUTO|NOISIN|1
LUMAXAUTO,,2009-11-20,2011-04-18,351,1205,1555,0,LUMAXAUTO|NOISIN|2,UNKNOWN_NO_ISIN,LUMAXAUTO|NOISIN|2
LUMAXAUTO,,2011-06-17,2011-06-21,3,1598,1600,0,LUMAXAUTO|NOISIN|3,UNKNOWN_NO_ISIN,LUMAXAUTO|INE547G01019|1
LUMAXAUTO,INE547G01019,2011-06-22,2016-05-20,1010,1601,2809,42,LUMAXAUTO|INE547G01019|1,EQUITY,LUMAXAUTO|INE547G01019|1
LUMAXIND,,2005-01-03,2006-11-23,471,0,470,0,LUMAXIND|NOISIN|1,UNKNOWN_NO_ISIN,LUMAXIND|NOISIN|1
LUMAXIND,,2007-03-02,2009-09-17,629,536,1165,1,LUMAXIND|NOISIN|2,UNKNOWN_NO_ISIN,LUMAXIND|NOISIN|2
LUMAXIND,,2009-11-20,2010-07-08,138,1205,1360,18,LUMAXIND|NOISIN|3,UNKNOWN_NO_ISIN,LUMAXIND|NOISIN|3
LUMAXIND,,2010-08-20,2011-01-20,107,1391,1497,0,LUMAXIND|NOISIN|4,UNKNOWN_NO_ISIN,LUMAXIND|NOISIN|4
LUMAXIND,,2011-03-07,2011-06-21,74,1527,1600,0,LUMAXIND|NOISIN|5,UNKNOWN_NO_ISIN,LUMAXIND|INE162B01018|1
LUMAXIND,INE162B01018,2011-06-22,2026-09-30,3755,1601,5368,3,LUMAXIND|INE162B01018|1,EQUITY,LUMAXIND|INE162B01018|1
LUMAXTECH,,2007-01-16,2009-08-06,620,506,1135,2,LUMAXTECH|NOISIN|1,UNKNOWN_NO_ISIN,LUMAXTECH|NOISIN|1
LUMAXTECH,,2010-02-19,2010-04-16,37,1265,1301,0,LUMAXTECH|NOISIN|2,UNKNOWN_NO_ISIN,LUMAXTECH|NOISIN|2
LUMAXTECH,,2010-06-11,2011-06-21,260,1341,1600,0,LUMAXTECH|NOISIN|3,UNKNOWN_NO_ISIN,LUMAXTECH|INE872H01019|1
LUMAXTECH,INE872H01019,2011-06-22,2018-06-07,1716,1601,3317,1,LUMAXTECH|INE872H01019|1,EQUITY,LUMAXTECH|INE872H01019|1
LUMAXTECH,INE872H01027,2018-06-08,2026-09-30,2051,3318,5368,0,LUMAXTECH|INE872H01027|1,EQUITY,LUMAXTECH|INE872H01019|1
LUMINO,INE185Q01025,2026-09-03,2026-09-30,19,5350,5368,0,LUMINO|INE185Q01025|1,EQUITY,LUMINO|INE185Q01025|1
LUPIN,,2005-01-03,2011-06-21,1601,0,1600,0,LUPIN|NOISIN|1,UNKNOWN_NO_ISIN,LUPIN|INE326A01037|1
LUPIN,INE326A01037,2011-06-22,2026-09-30,3768,1601,5368,0,LUPIN|INE326A01037|1,EQUITY,LUPIN|INE326A01037|1
LUXIND,INE150G01012,2015-12-15,2016-06-06,117,2704,2820,0,LUXIND|INE150G01012|1,EQUITY,LUXIND|INE150G01012|1
LUXIND,INE150G01020,2016-06-07,2026-09-30,2548,2821,5368,0,LUXIND|INE150G01020|1,EQUITY,LUXIND|INE150G01012|1
LXCHEM,INE576O01020,2021-03-25,2026-09-30,1362,4007,5368,0,LXCHEM|INE576O01020|1,EQUITY,LXCHEM|INE576O01020|1
LYCOS,INE425B01027,2015-05-08,2018-10-05,686,2553,3398,68,LYCOS|INE425B01027|1,EQUITY,BCG|INE425B01027|1
LYKALABS,,2005-01-03,2006-11-23,471,0,470,0,LYKALABS|NOISIN|1,UNKNOWN_NO_ISIN,LYKALABS|NOISIN|1
LYKALABS,,2007-03-02,2007-08-23,120,536,655,0,LYKALABS|NOISIN|2,UNKNOWN_NO_ISIN,LYKALABS|NOISIN|2
LYKALABS,,2008-02-29,2008-04-21,32,788,819,0,LYKALABS|NOISIN|3,UNKNOWN_NO_ISIN,LYKALABS|NOISIN|3
LYKALABS,,2008-06-13,2009-04-17,203,856,1058,0,LYKALABS|NOISIN|4,UNKNOWN_NO_ISIN,LYKALABS|NOISIN|4
LYKALABS,,2009-06-12,2009-12-10,124,1096,1219,0,LYKALABS|NOISIN|5,UNKNOWN_NO_ISIN,LYKALABS|NOISIN|5
LYKALABS,,2010-02-19,2011-06-21,336,1265,1600,0,LYKALABS|NOISIN|6,UNKNOWN_NO_ISIN,LYKALABS|INE933A01014|1
LYKALABS,INE933A01014,2011-06-22,2026-07-01,3327,1601,5304,57,LYKALABS|INE933A01014|1,EQUITY,LYKALABS|INE933A01014|1
LYPSAGEMS,INE142K01011,2013-11-05,2026-07-13,2708,2187,5312,80,LYPSAGEMS|INE142K01011|1,EQUITY,AURUS|INE142K01011|1
M&M,,2005-01-03,2011-06-21,1601,0,1600,0,M&M|NOISIN|1,UNKNOWN_NO_ISIN,M&M|INE101A01026|1
M&M,INE101A01026,2011-06-22,2026-09-30,3768,1601,5368,0,M&M|INE101A01026|1,EQUITY,M&M|INE101A01026|1
M&MFIN,,2006-03-17,2011-06-21,1302,299,1600,0,M&MFIN|NOISIN|1,UNKNOWN_NO_ISIN,M&MFIN|INE774D01016|1
M&MFIN,INE774D01016,2011-06-22,2013-02-15,411,1601,2011,0,M&MFIN|INE774D01016|1,EQUITY,M&MFIN|INE774D01016|1
M&MFIN,INE774D01024,2013-02-18,2026-09-30,3357,2012,5368,0,M&MFIN|INE774D01024|1,EQUITY,M&MFIN|INE774D01016|1
M100,,2011-02-04,2011-06-21,94,1507,1600,0,M100|NOISIN|1,UNKNOWN_NO_ISIN,M100|INF247L01023|1
M100,INF247L01023,2011-06-22,2021-06-15,2460,1601,4060,0,M100|INF247L01023|1,FUND_UNIT,M100|INF247L01023|1
M50,,2010-07-30,2011-06-21,225,1376,1600,0,M50|NOISIN|1,UNKNOWN_NO_ISIN,M50|INF247L01015|1
M50,INF247L01015,2011-06-22,2014-10-16,818,1601,2418,0,M50|INF247L01015|1,FUND_UNIT,M50|INF247L01015|1
M50,INF247L01536,2014-10-17,2021-06-15,1642,2419,4060,0,M50|INF247L01536|1,FUND_UNIT,M50|INF247L01536|1
MAANALU,,2011-03-16,2011-06-21,67,1534,1600,0,MAANALU|NOISIN|1,UNKNOWN_NO_ISIN,MAANALU|INE215I01019|1
MAANALU,INE215I01019,2011-06-22,2023-06-08,2632,1601,4552,64,MAANALU|INE215I01019|1,EQUITY,MAANALU|INE215I01019|1
MAANALU,INE215I01027,2023-10-30,2026-09-30,469,4649,5368,120,MAANALU|INE215I01027|1,EQUITY,MAANALU|INE215I01027|1
MAARSOFTW,,2005-01-03,2007-08-23,656,0,655,0,MAARSOFTW|NOISIN|1,UNKNOWN_NO_ISIN,MAARSOFTW|NOISIN|1
MAARSOFTW,,2007-12-03,2007-12-28,18,726,743,0,MAARSOFTW|NOISIN|2,UNKNOWN_NO_ISIN,MAARSOFTW|NOISIN|2
MAARSOFTW,,2008-02-29,2008-05-02,40,788,827,0,MAARSOFTW|NOISIN|3,UNKNOWN_NO_ISIN,MAARSOFTW|NOISIN|3
MAARSOFTW,,2008-06-13,2009-04-17,203,856,1058,0,MAARSOFTW|NOISIN|4,UNKNOWN_NO_ISIN,MAARSOFTW|NOISIN|4
MACMILLAN,,2005-01-03,2009-09-10,1154,0,1160,1,MACMILLAN|NOISIN|1,UNKNOWN_NO_ISIN,MACMILLAN|NOISIN|1
MACPOWER,INE155Z01011,2020-08-19,2026-09-30,1085,3857,5368,130,MACPOWER|INE155Z01011|1,EQUITY,MACPOWER|INE155Z01011|1
MADHAV,,2007-12-20,2008-12-26,249,739,987,0,MADHAV|NOISIN|1,UNKNOWN_NO_ISIN,MADHAV|NOISIN|1
MADHAV,,2009-03-02,2011-06-21,568,1030,1600,1,MADHAV|NOISIN|2,UNKNOWN_NO_ISIN,MADHAV|INE925C01016|1
MADHAV,INE925C01016,2011-06-22,2026-09-30,3467,1601,5368,122,MADHAV|INE925C01016|1,EQUITY,MADHAV|INE925C01016|1
MADHAVIPL,INE631R01026,2026-04-20,2026-09-30,114,5255,5368,0,MADHAVIPL|INE631R01026|1,EQUITY,MADHAVIPL|INE631R01026|1
MADHUCON,,2006-10-05,2011-06-21,1164,437,1600,0,MADHUCON|NOISIN|1,UNKNOWN_NO_ISIN,MADHUCON|INE378D01032|1
MADHUCON,INE378D01032,2011-06-22,2026-09-30,2835,1601,5368,271,MADHUCON|INE378D01032|1,EQUITY,MADHUCON|INE378D01032|1
MADRASCEM,,2005-01-03,2011-06-21,1601,0,1600,0,MADRASCEM|NOISIN|1,UNKNOWN_NO_ISIN,MADRASCEM|INE331A01037|1
MADRASCEM,INE331A01037,2011-06-22,2013-09-27,563,1601,2163,0,MADRASCEM|INE331A01037|1,EQUITY,MADRASCEM|INE331A01037|1
MADRASFERT,,2005-01-03,2006-06-29,370,0,369,0,MADRASFERT|NOISIN|1,UNKNOWN_NO_ISIN,MADRASFERT|NOISIN|1
MADRASFERT,,2006-08-28,2007-01-11,94,410,503,0,MADRASFERT|NOISIN|2,UNKNOWN_NO_ISIN,MADRASFERT|NOISIN|2
MADRASFERT,,2007-03-02,2007-08-23,120,536,655,0,MADRASFERT|NOISIN|3,UNKNOWN_NO_ISIN,MADRASFERT|NOISIN|3
MADRASFERT,,2007-12-03,2007-12-28,18,726,743,0,MADRASFERT|NOISIN|4,UNKNOWN_NO_ISIN,MADRASFERT|NOISIN|4
MADRASFERT,,2008-02-29,2009-06-11,308,788,1095,0,MADRASFERT|NOISIN|5,UNKNOWN_NO_ISIN,MADRASFERT|NOISIN|5
MADRASFERT,,2009-08-21,2010-01-21,101,1146,1246,0,MADRASFERT|NOISIN|6,UNKNOWN_NO_ISIN,MADRASFERT|NOISIN|6
MADRASFERT,,2010-08-20,2011-06-21,210,1391,1600,0,MADRASFERT|NOISIN|7,UNKNOWN_NO_ISIN,MADRASFERT|INE414A01015|1
MADRASFERT,INE414A01015,2011-06-22,2026-09-30,3653,1601,5368,55,MADRASFERT|INE414A01015|1,EQUITY,MADRASFERT|INE414A01015|1
MAESGETF,INF769K01GS9,2020-11-24,2023-08-31,687,3924,4610,0,MAESGETF|INF769K01GS9|1,FUND_UNIT,ESG|INF769K01GS9|1
MAFANG,INF769K01HF4,2021-05-14,2026-09-30,1331,4038,5368,0,MAFANG|INF769K01HF4|1,FUND_UNIT,MAFANG|INF769K01HF4|1
MAFATIND,INE270B01035,2026-04-20,2026-09-30,114,5255,5368,0,MAFATIND|INE270B01035|1,EQUITY,MAFATIND|INE270B01035|1
MAFSETF,INF769K01HI8,2021-08-05,2023-08-31,515,4096,4610,0,MAFSETF|INF769K01HI8|1,FUND_UNIT,BFSI|INF769K01HI8|1
MAGADSUGAR,INE347W01011,2017-11-22,2026-09-30,2130,3183,5368,56,MAGADSUGAR|INE347W01011|1,EQUITY,MAGADSUGAR|INE347W01011|1
MAGMA,,2005-01-03,2011-06-21,1578,0,1600,2,MAGMA|NOISIN|1,UNKNOWN_NO_ISIN,MAGMA|INE511C01022|1
MAGMA,INE511C01022,2011-06-22,2021-06-08,2455,1601,4055,0,MAGMA|INE511C01022|1,EQUITY,MAGMA|INE511C01022|1
MAGNUM,,2007-09-20,2009-10-05,499,675,1174,1,MAGNUM|NOISIN|1,UNKNOWN_NO_ISIN,MAGNUM|NOISIN|1
MAGNUM,,2009-11-20,2010-04-16,79,1205,1301,18,MAGNUM|NOISIN|2,UNKNOWN_NO_ISIN,MAGNUM|NOISIN|2
MAGNUM,,2010-06-11,2010-08-05,40,1341,1380,0,MAGNUM|NOISIN|3,UNKNOWN_NO_ISIN,MAGNUM|NOISIN|3
MAGNUM,,2010-12-03,2011-06-21,137,1464,1600,0,MAGNUM|NOISIN|4,UNKNOWN_NO_ISIN,MAGNUM|INE387I01016|1
MAGNUM,INE387I01016,2011-06-22,2026-09-30,2974,1601,5368,120,MAGNUM|INE387I01016|1,EQUITY,MAGNUM|INE387I01016|1
MAGOLDETF,INF769K01JP9,2023-02-24,2023-08-31,127,4484,4610,0,MAGOLDETF|INF769K01JP9|1,FUND_UNIT,GOLDETF|INF769K01JP9|1
MAGS813ETF,INF769K01KF8,2023-04-10,2023-08-30,75,4511,4609,3,MAGS813ETF|INF769K01KF8|1,FUND_UNIT,GSEC10YEAR|INF769K01KF8|1
MAHABANK,,2005-01-03,2011-06-21,1601,0,1600,0,MAHABANK|NOISIN|1,UNKNOWN_NO_ISIN,MAHABANK|INE457A01014|1
MAHABANK,INE457A01014,2011-06-22,2026-09-30,3768,1601,5368,0,MAHABANK|INE457A01014|1,EQUITY,MAHABANK|INE457A01014|1
MAHAPEXLTD,INE843B01013,2022-02-22,2026-09-30,959,4233,5368,64,MAHAPEXLTD|INE843B01013|1,EQUITY,MAHAPEXLTD|INE843B01013|1
MAHASTEEL,INE451L01014,2016-07-01,2026-08-10,1817,2839,5332,245,MAHASTEEL|INE451L01014|1,EQUITY,MAHASTEEL|INE451L01014|1
MAHAVIRSPG,,2005-01-03,2006-10-10,441,0,440,0,MAHAVIRSPG|NOISIN|1,UNKNOWN_NO_ISIN,MAHAVIRSPG|NOISIN|1
MAHEPC,INE215D01010,2020-02-14,2026-09-30,1530,3732,5368,66,MAHEPC|INE215D01010|1,EQUITY,MAHEPC|INE215D01010|1
MAHESHWARI,INE263W01010,2019-04-15,2026-09-30,1637,3528,5368,69,MAHESHWARI|INE263W01010|1,EQUITY,MAHESHWARI|INE263W01010|1
MAHINDCIE,INE536H01010,2013-12-17,2023-06-16,2343,2216,4558,0,MAHINDCIE|INE536H01010|1,EQUITY,CIEINDIA|INE536H01010|1
MAHINDFORG,,2007-08-30,2009-06-11,432,660,1095,2,MAHINDFORG|NOISIN|1,UNKNOWN_NO_ISIN,MAHINDFORG|NOISIN|1
MAHINDFORG,,2009-08-21,2011-06-21,455,1146,1600,0,MAHINDFORG|NOISIN|2,UNKNOWN_NO_ISIN,CIEINDIA|INE536H01010|1
MAHINDFORG,INE536H01010,2011-06-22,2013-12-16,615,1601,2215,0,MAHINDFORG|INE536H01010|1,EQUITY,CIEINDIA|INE536H01010|1
MAHINDUGIN,,2005-04-08,2009-06-11,1029,66,1095,1,MAHINDUGIN|NOISIN|1,UNKNOWN_NO_ISIN,MAHINDUGIN|NOISIN|1
MAHINDUGIN,,2009-08-21,2011-06-21,437,1146,1600,18,MAHINDUGIN|NOISIN|2,UNKNOWN_NO_ISIN,MAHINDUGIN|INE850A01010|1
MAHINDUGIN,INE850A01010,2011-06-22,2014-12-22,785,1601,2462,48,MAHINDUGIN|INE850A01010|1,EQUITY,MAHINDUGIN|INE850A01010|1
MAHKTECH,INF769K01HS7,2021-12-10,2026-09-30,1187,4182,5368,0,MAHKTECH|INF769K01HS7|1,FUND_UNIT,MAHKTECH|INF769K01HS7|1
MAHLIFE,,2007-11-23,2011-06-21,881,720,1600,0,MAHLIFE|NOISIN|1,UNKNOWN_NO_ISIN,GESCOCORP|NOISIN|1
MAHLIFE,INE813A01018,2011-06-22,2026-09-30,3768,1601,5368,0,MAHLIFE|INE813A01018|1,EQUITY,GESCOCORP|NOISIN|1
MAHLOG,INE766P01016,2017-11-10,2026-09-30,2194,3175,5368,0,MAHLOG|INE766P01016|1,EQUITY,MAHLOG|INE766P01016|1
MAHSCOOTER,,2005-01-03,2009-06-11,1083,0,1095,2,MAHSCOOTER|NOISIN|1,UNKNOWN_NO_ISIN,MAHSCOOTER|NOISIN|1
MAHSCOOTER,,2009-08-21,2009-12-10,74,1146,1219,0,MAHSCOOTER|NOISIN|2,UNKNOWN_NO_ISIN,MAHSCOOTER|NOISIN|2
MAHSCOOTER,,2010-02-19,2010-03-18,19,1265,1283,0,MAHSCOOTER|NOISIN|3,UNKNOWN_NO_ISIN,MAHSCOOTER|NOISIN|3
MAHSCOOTER,,2010-06-11,2010-08-19,50,1341,1390,0,MAHSCOOTER|NOISIN|4,UNKNOWN_NO_ISIN,MAHSCOOTER|NOISIN|4
MAHSCOOTER,,2010-12-03,2011-06-21,137,1464,1600,0,MAHSCOOTER|NOISIN|5,UNKNOWN_NO_ISIN,MAHSCOOTER|INE288A01013|1
MAHSCOOTER,INE288A01013,2011-06-22,2026-09-30,3732,1601,5368,12,MAHSCOOTER|INE288A01013|1,EQUITY,MAHSCOOTER|INE288A01013|1
MAHSEAMLES,,2005-01-03,2011-06-21,1601,0,1600,0,MAHSEAMLES|NOISIN|1,UNKNOWN_NO_ISIN,MAHSEAMLES|INE271B01025|1
MAHSEAMLES,INE271B01025,2011-06-22,2026-09-30,3768,1601,5368,0,MAHSEAMLES|INE271B01025|1,EQUITY,MAHSEAMLES|INE271B01025|1
MAITHANALL,INE683C01011,2011-07-05,2026-09-30,3542,1610,5368,26,MAITHANALL|INE683C01011|1,EQUITY,MAITHANALL|INE683C01011|1
MAJESAUT,INE201B01022,2026-04-20,2026-08-06,76,5255,5330,0,MAJESAUT|INE201B01022|1,EQUITY,MAJESAUT|INE201B01022|1
MAJESCO,INE898S01029,2015-09-02,2021-10-21,1458,2636,4148,55,MAJESCO|INE898S01029|1,EQUITY,AURUM|INE898S01029|1
MAKE,INE432P01015,2014-07-15,2015-05-25,207,2358,2564,0,MAKE|INE432P01015|1,EQUITY,MAKE|INE432P01015|1
MAKEINDIA,INF769K01IB1,2023-09-01,2026-09-30,758,4611,5368,0,MAKEINDIA|INF769K01IB1|1,FUND_UNIT,MAKEINDIA|INF769K01IB1|1
MAKERSL,INE987A01010,2026-08-17,2026-09-30,32,5337,5368,0,MAKERSL|INE987A01010|1,EQUITY,MAKERSL|INE987A01010|1
MALCO,,2007-04-12,2009-06-11,528,563,1095,1,MALCO|NOISIN|1,UNKNOWN_NO_ISIN,MALCO|NOISIN|1
MALLCOM,INE389C01015,2022-02-02,2026-09-30,1085,4219,5368,65,MALLCOM|INE389C01015|1,EQUITY,MALLCOM|INE389C01015|1
MALUPAPER,,2006-04-05,2009-05-28,773,312,1085,1,MALUPAPER|NOISIN|1,UNKNOWN_NO_ISIN,MALUPAPER|NOISIN|1
MALUPAPER,,2009-08-21,2009-12-10,74,1146,1219,0,MALUPAPER|NOISIN|2,UNKNOWN_NO_ISIN,MALUPAPER|NOISIN|2
MALUPAPER,,2010-02-19,2011-06-21,335,1265,1600,1,MALUPAPER|NOISIN|3,UNKNOWN_NO_ISIN,MALUPAPER|INE383H01017|1
MALUPAPER,INE383H01017,2011-06-22,2026-09-30,3255,1601,5368,107,MALUPAPER|INE383H01017|1,EQUITY,MALUPAPER|INE383H01017|1
MALWACOTT,,2005-01-03,2006-06-09,356,0,355,0,MALWACOTT|NOISIN|1,UNKNOWN_NO_ISIN,MALWACOTT|NOISIN|1
MALWACOTT,,2006-08-28,2008-01-10,343,410,752,0,MALWACOTT|NOISIN|2,UNKNOWN_NO_ISIN,MALWACOTT|NOISIN|2
MALWACOTT,,2008-02-29,2008-09-05,127,788,914,0,MALWACOTT|NOISIN|3,UNKNOWN_NO_ISIN,MALWACOTT|NOISIN|3
MALWACOTT,,2008-12-01,2009-04-17,85,970,1058,1,MALWACOTT|NOISIN|4,UNKNOWN_NO_ISIN,MALWACOTT|NOISIN|4
MALWACOTT,,2009-08-21,2009-09-17,20,1146,1165,0,MALWACOTT|NOISIN|5,UNKNOWN_NO_ISIN,MALWACOTT|NOISIN|5
MALWACOTT,,2009-11-20,2010-04-29,106,1205,1310,0,MALWACOTT|NOISIN|6,UNKNOWN_NO_ISIN,MALWACOTT|NOISIN|6
MALWACOTT,,2010-06-11,2011-06-21,260,1341,1600,0,MALWACOTT|NOISIN|7,UNKNOWN_NO_ISIN,MALWACOTT|INE272B01015|1
MALWACOTT,INE272B01015,2011-06-22,2013-10-08,409,1601,2169,53,MALWACOTT|INE272B01015|1,EQUITY,MALWACOTT|INE272B01015|1
MAM150ETF,INF769K01IC9,2022-03-15,2023-08-31,364,4247,4610,0,MAM150ETF|INF769K01IC9|1,FUND_UNIT,MAM150ETF|INF769K01IC9|1
MAMATA,INE0TO701015,2025-01-10,2026-09-30,425,4944,5368,0,MAMATA|INE0TO701015|1,EQUITY,MAMATA|INE0TO701015|1
MAMFGETF,INF769K01IB1,2022-02-02,2023-08-31,392,4219,4610,0,MAMFGETF|INF769K01IB1|1,FUND_UNIT,MAKEINDIA|INF769K01IB1|1
MAN50ETF,INF769K01EG9,2018-11-28,2023-08-31,1157,3433,4610,3,MAN50ETF|INF769K01EG9|1,FUND_UNIT,MAN50ETF|INF769K01EG9|1
MANAKALUCO,INE859Q01017,2015-04-16,2026-09-30,2366,2538,5368,76,MANAKALUCO|INE859Q01017|1,EQUITY,MANAKALUCO|INE859Q01017|1
MANAKCOAT,INE830Q01018,2015-04-16,2026-09-30,2405,2538,5368,116,MANAKCOAT|INE830Q01018|1,EQUITY,MANAKCOAT|INE830Q01018|1
MANAKINDST,INE831Q01016,2015-04-16,2017-11-22,481,2538,3183,72,MANAKINDST|INE831Q01016|1,EQUITY,BKMINDST|INE831Q01016|1
MANAKSIA,,2008-01-08,2009-06-11,346,750,1095,0,MANAKSIA|NOISIN|1,UNKNOWN_NO_ISIN,MANAKSIA|NOISIN|1
MANAKSIA,,2009-08-21,2011-06-21,455,1146,1600,0,MANAKSIA|NOISIN|2,UNKNOWN_NO_ISIN,MANAKSIA|INE015D01022|1
MANAKSIA,INE015D01022,2011-06-22,2026-09-30,3665,1601,5368,53,MANAKSIA|INE015D01022|1,EQUITY,MANAKSIA|INE015D01022|1
MANAKSTEEL,INE824Q01011,2015-04-16,2026-09-04,2463,2538,5351,110,MANAKSTEEL|INE824Q01011|1,EQUITY,MANAKSTEEL|INE824Q01011|1
MANALIPET,,2005-01-03,2006-09-27,433,0,432,0,MANALIPET|NOISIN|1,UNKNOWN_NO_ISIN,MANALIPET|NOISIN|1
MANALIPETC,,2006-12-06,2007-11-30,247,479,725,0,MANALIPETC|NOISIN|1,UNKNOWN_NO_ISIN,MANALIPETC|NOISIN|1
MANALIPETC,,2008-02-29,2008-05-29,58,788,845,0,MANALIPETC|NOISIN|2,UNKNOWN_NO_ISIN,MANALIPETC|NOISIN|2
MANALIPETC,,2008-08-22,2009-04-17,154,905,1058,0,MANALIPETC|NOISIN|3,UNKNOWN_NO_ISIN,MANALIPETC|NOISIN|3
MANALIPETC,,2009-08-21,2011-06-21,455,1146,1600,0,MANALIPETC|NOISIN|4,UNKNOWN_NO_ISIN,MANALIPETC|INE201A01024|1
MANALIPETC,INE201A01024,2011-06-22,2026-09-30,3677,1601,5368,65,MANALIPETC|INE201A01024|1,EQUITY,MANALIPETC|INE201A01024|1
MANALU,,2007-10-22,2011-03-15,832,696,1533,2,MANALU|NOISIN|1,UNKNOWN_NO_ISIN,MAANALU|INE215I01019|1
MANAPPURAM,,2010-06-30,2011-06-21,247,1354,1600,0,MANAPPURAM|NOISIN|1,UNKNOWN_NO_ISIN,MANAPPURAM|INE522D01027|1
MANAPPURAM,INE522D01027,2011-06-22,2026-09-30,3768,1601,5368,0,MANAPPURAM|INE522D01027|1,EQUITY,MANAPPURAM|INE522D01027|1
MANBA,INE939X01013,2024-10-15,2026-09-30,485,4884,5368,0,MANBA|INE939X01013|1,EQUITY,MANBA|INE939X01013|1
MANBRO,INE348N01042,2026-08-17,2026-09-02,13,5337,5349,0,MANBRO|INE348N01042|1,EQUITY,KDGREEN|INE348N01042|1
MANCREDIT,INE545L01039,2024-08-16,2026-09-30,526,4843,5368,0,MANCREDIT|INE545L01039|1,EQUITY,MANCREDIT|INE545L01039|1
MANDHANA,,2010-05-19,2011-06-21,277,1324,1600,0,MANDHANA|NOISIN|1,UNKNOWN_NO_ISIN,MANDHANA|INE087J01010|1
MANDHANA,INE087J01010,2011-06-22,2019-02-13,1628,1601,3487,118,MANDHANA|INE087J01010|1,EQUITY,MANDHANA|INE087J01010|1
MANGALAM,,2005-05-23,2005-12-22,147,96,242,0,MANGALAM|NOISIN|1,UNKNOWN_NO_ISIN,MANGALAM|NOISIN|1
MANGALAM,,2006-06-12,2006-11-23,115,356,470,0,MANGALAM|NOISIN|2,UNKNOWN_NO_ISIN,MANGALAM|NOISIN|2
MANGALAM,,2007-03-02,2007-11-29,189,536,724,0,MANGALAM|NOISIN|3,UNKNOWN_NO_ISIN,MANGALAM|NOISIN|3
MANGALAM,,2008-02-29,2008-09-05,127,788,914,0,MANGALAM|NOISIN|4,UNKNOWN_NO_ISIN,MANGALAM|NOISIN|4
MANGALAM,,2008-12-01,2010-12-02,483,970,1463,1,MANGALAM|NOISIN|5,UNKNOWN_NO_ISIN,MANGALAM|NOISIN|5
MANGALAM,,2011-03-07,2011-06-21,74,1527,1600,0,MANGALAM|NOISIN|6,UNKNOWN_NO_ISIN,MANGALAM|INE584F01014|1
MANGALAM,INE584F01014,2011-06-22,2026-09-30,3119,1601,5368,99,MANGALAM|INE584F01014|1,EQUITY,MANGALAM|INE584F01014|1
MANGCHEFER,,2007-10-22,2007-11-30,30,696,725,0,MANGCHEFER|NOISIN|1,UNKNOWN_NO_ISIN,MANGCHEFER|NOISIN|1
MANGCHEFER,,2008-02-29,2011-06-21,813,788,1600,0,MANGCHEFER|NOISIN|2,UNKNOWN_NO_ISIN,MANGCHEFER|INE558B01017|1
MANGCHEFER,INE558B01017,2011-06-22,2025-10-30,3542,1601,5142,0,MANGCHEFER|INE558B01017|1,EQUITY,MANGCHEFER|INE558B01017|1
MANGLMCEM,,2005-01-03,2011-06-21,1601,0,1600,0,MANGLMCEM|NOISIN|1,UNKNOWN_NO_ISIN,MANGLMCEM|INE347A01017|1
MANGLMCEM,INE347A01017,2011-06-22,2026-09-30,3697,1601,5368,71,MANGLMCEM|INE347A01017|1,EQUITY,MANGLMCEM|INE347A01017|1
MANGTIMBER,,2005-01-03,2010-04-16,1280,0,1301,18,MANGTIMBER|NOISIN|1,UNKNOWN_NO_ISIN,MANGTIMBER|NOISIN|1
MANGTIMBER,,2010-06-11,2011-06-21,260,1341,1600,0,MANGTIMBER|NOISIN|2,UNKNOWN_NO_ISIN,MANGTIMBER|INE805B01012|1
MANGTIMBER,INE805B01012,2011-06-22,2022-01-04,2011,1601,4199,182,MANGTIMBER|INE805B01012|1,EQUITY,MANGTIMBER|INE805B01012|1
MANINDS,,2005-06-24,2011-06-21,1481,120,1600,0,MANINDS|NOISIN|1,UNKNOWN_NO_ISIN,MANINDS|INE993A01026|1
MANINDS,INE993A01026,2011-06-22,2026-09-30,3697,1601,5368,61,MANINDS|INE993A01026|1,EQUITY,MANINDS|INE993A01026|1
MANINFRA,,2010-03-11,2011-06-21,323,1278,1600,0,MANINFRA|NOISIN|1,UNKNOWN_NO_ISIN,MANINFRA|INE949H01015|1
MANINFRA,INE949H01015,2011-06-22,2014-08-28,788,1601,2388,0,MANINFRA|INE949H01015|1,EQUITY,MANINFRA|INE949H01015|1
MANINFRA,INE949H01023,2014-09-01,2026-09-30,2980,2389,5368,0,MANINFRA|INE949H01023|1,EQUITY,MANINFRA|INE949H01015|1
MANIPALHOS,INE459N01021,2026-08-05,2026-09-30,40,5329,5368,0,MANIPALHOS|INE459N01021|1,EQUITY,MANIPALHOS|INE459N01021|1
MANJEERA,,2010-06-30,2011-06-21,214,1354,1600,3,MANJEERA|NOISIN|1,UNKNOWN_NO_ISIN,MANJEERA|INE320D01018|1
MANJEERA,INE320D01018,2011-06-22,2015-01-23,497,1601,2485,28,MANJEERA|INE320D01018|1,EQUITY,MANJEERA|INE320D01018|1
MANJUSHREE,,2010-12-29,2011-06-21,120,1481,1600,0,MANJUSHREE|NOISIN|1,UNKNOWN_NO_ISIN,MANJUSHREE|INE435H01015|1
MANJUSHREE,INE435H01015,2011-06-22,2015-03-16,918,1601,2518,0,MANJUSHREE|INE435H01015|1,EQUITY,MANJUSHREE|INE435H01015|1
MANKIND,INE634S01028,2023-05-09,2026-09-30,839,4530,5368,0,MANKIND|INE634S01028|1,EQUITY,MANKIND|INE634S01028|1
MANOMAY,INE784W01015,2023-01-18,2026-09-30,664,4458,5368,65,MANOMAY|INE784W01015|1,EQUITY,MANOMAY|INE784W01015|1
MANORAMA,INE00VM01010,2022-07-01,2024-03-06,357,4321,4736,59,MANORAMA|INE00VM01010|1,EQUITY,MANORAMA|INE00VM01010|1
MANORAMA,INE00VM01036,2024-03-07,2026-09-30,575,4737,5368,57,MANORAMA|INE00VM01036|1,EQUITY,MANORAMA|INE00VM01010|1
MANORG,INE370D01013,2021-11-02,2026-09-30,927,4156,5368,79,MANORG|INE370D01013|1,EQUITY,MANORG|INE370D01013|1
MANPASAND,INE122R01018,2015-07-09,2019-09-23,1038,2597,3634,0,MANPASAND|INE122R01018|1,EQUITY,MANPASAND|INE122R01018|1
MANUFGBEES,INF204KC1GH6,2025-08-29,2026-09-30,269,5100,5368,0,MANUFGBEES|INF204KC1GH6|1,FUND_UNIT,MANUFGBEES|INF204KC1GH6|1
MANUGRAPH,,2006-09-14,2011-06-21,1177,423,1600,1,MANUGRAPH|NOISIN|1,UNKNOWN_NO_ISIN,MANUGRAPH|INE867A01022|1
MANUGRAPH,INE867A01022,2011-06-22,2026-09-25,3276,1601,5365,122,MANUGRAPH|INE867A01022|1,EQUITY,MANUGRAPH|INE867A01022|1
MANV30F,INF769K01JU9,2023-03-31,2023-08-31,96,4507,4610,1,MANV30F|INF769K01JU9|1,FUND_UNIT,LOWVOL|INF769K01JU9|1
MANXT50,INF769K01FN2,2020-01-31,2023-08-31,889,3722,4610,0,MANXT50|INF769K01FN2|1,FUND_UNIT,MANXT50|INF769K01FN2|1
MANYAVAR,INE825V01034,2022-02-16,2026-09-30,1140,4229,5368,0,MANYAVAR|INE825V01034|1,EQUITY,MANYAVAR|INE825V01034|1
MAPMYINDIA,INE0BV301023,2021-12-21,2026-09-30,1180,4189,5368,0,MAPMYINDIA|INE0BV301023|1,EQUITY,MAPMYINDIA|INE0BV301023|1
MARALOVER,,2005-01-03,2007-12-28,744,0,743,0,MARALOVER|NOISIN|1,UNKNOWN_NO_ISIN,MARALOVER|NOISIN|1
MARALOVER,,2008-02-29,2009-04-17,268,788,1058,1,MARALOVER|NOISIN|2,UNKNOWN_NO_ISIN,MARALOVER|NOISIN|2
MARALOVER,,2009-08-21,2009-11-26,64,1146,1209,0,MARALOVER|NOISIN|3,UNKNOWN_NO_ISIN,MARALOVER|NOISIN|3
MARALOVER,,2010-02-19,2010-04-29,46,1265,1310,0,MARALOVER|NOISIN|4,UNKNOWN_NO_ISIN,MARALOVER|NOISIN|4
MARALOVER,,2010-06-11,2011-06-21,258,1341,1600,1,MARALOVER|NOISIN|5,UNKNOWN_NO_ISIN,MARALOVER|INE882A01013|1
MARALOVER,INE882A01013,2011-06-22,2026-09-30,3606,1601,5368,86,MARALOVER|INE882A01013|1,EQUITY,MARALOVER|INE882A01013|1
MARATHON,INE182D01012,2016-09-29,2018-04-05,375,2899,3273,0,MARATHON|INE182D01012|1,EQUITY,MARATHON|INE182D01012|1
MARATHON,INE182D01020,2018-04-06,2026-09-30,2095,3274,5368,0,MARATHON|INE182D01020|1,EQUITY,MARATHON|INE182D01012|1
MARDIACHEM,,2005-04-08,2005-04-19,7,66,72,0,MARDIACHEM|NOISIN|1,UNKNOWN_NO_ISIN,MARDIACHEM|NOISIN|1
MARG,,2009-11-05,2011-06-21,407,1194,1600,0,MARG|NOISIN|1,UNKNOWN_NO_ISIN,MARG|INE941E01019|1
MARG,INE941E01019,2011-06-22,2015-01-29,784,1601,2488,60,MARG|INE941E01019|1,EQUITY,MARG|INE941E01019|1
MARICO,,2005-06-14,2011-06-21,1489,112,1600,0,MARICO|NOISIN|1,UNKNOWN_NO_ISIN,MARICOIND|NOISIN|1
MARICO,INE196A01026,2011-06-22,2026-09-30,3759,1601,5368,9,MARICO|INE196A01026|1,EQUITY,MARICOIND|NOISIN|1
MARICOIND,,2005-01-03,2005-06-13,112,0,111,0,MARICOIND|NOISIN|1,UNKNOWN_NO_ISIN,MARICOIND|NOISIN|1
MARINE,INE01JE01010,2020-12-02,2021-02-19,56,3929,3984,0,MARINE|INE01JE01010|1,EQUITY,MARINE|INE01JE01010|1
MARINE,INE01JE01028,2021-02-22,2026-09-30,1010,3985,5368,112,MARINE|INE01JE01028|1,EQUITY,MARINE|INE01JE01010|1
MARKOLINES,INE0FW001016,2025-10-14,2026-09-30,238,5131,5368,0,MARKOLINES|INE0FW001016|1,EQUITY,MARKOLINES|INE0FW001016|1
MARKSANS,,2005-11-14,2007-09-20,461,215,675,0,MARKSANS|NOISIN|1,UNKNOWN_NO_ISIN,MARKSANS|NOISIN|1
MARKSANS,,2008-02-29,2011-06-21,813,788,1600,0,MARKSANS|NOISIN|2,UNKNOWN_NO_ISIN,MARKSANS|INE750C01026|1
MARKSANS,INE750C01026,2011-06-22,2026-09-30,3559,1601,5368,119,MARKSANS|INE750C01026|1,EQUITY,MARKSANS|INE750C01026|1
MARSHALL,INE00SZ01018,2021-11-22,2024-11-14,473,4168,4906,106,MARSHALL|INE00SZ01018|1,EQUITY,MARSHALL|INE00SZ01018|1
MARSONS,INE415B01044,2026-03-13,2026-09-30,136,5233,5368,0,MARSONS|INE415B01044|1,EQUITY,MARSONS|INE415B01044|1
MARUTI,,2005-01-03,2011-06-21,1601,0,1600,0,MARUTI|NOISIN|1,UNKNOWN_NO_ISIN,MARUTI|INE585B01010|1
MARUTI,INE585B01010,2011-06-22,2026-09-30,3768,1601,5368,0,MARUTI|INE585B01010|1,EQUITY,MARUTI|INE585B01010|1
MASFIN,INE348L01012,2017-10-18,2026-09-30,2210,3159,5368,0,MASFIN|INE348L01012|1,EQUITY,MASFIN|INE348L01012|1
MASILVER,INF769K01KG6,2023-06-15,2023-08-31,54,4557,4610,0,MASILVER|INF769K01KG6|1,FUND_UNIT,MASILVER|INF769K01KG6|1
MASKINVEST,INE885F01015,2024-04-08,2026-09-30,181,4756,5368,268,MASKINVEST|INE885F01015|1,EQUITY,MASKINVEST|INE885F01015|1
MASPTOP50,INF769K01HP3,2021-09-24,2026-09-30,1239,4130,5368,0,MASPTOP50|INF769K01HP3|1,FUND_UNIT,MASPTOP50|INF769K01HP3|1
MASTEK,,2005-01-03,2011-06-21,1600,0,1600,1,MASTEK|NOISIN|1,UNKNOWN_NO_ISIN,MASTEK|INE759A01021|1
MASTEK,INE759A01021,2011-06-22,2026-09-30,3697,1601,5368,61,MASTEK|INE759A01021|1,EQUITY,MASTEK|INE759A01021|1
MASTERTR,INE677D01037,2024-11-12,2026-09-30,465,4904,5368,0,MASTERTR|INE677D01037|1,EQUITY,MASTERTR|INE677D01037|1
MATRIMONY,INE866R01028,2017-09-21,2026-09-30,2228,3141,5368,0,MATRIMONY|INE866R01028|1,EQUITY,MATRIMONY|INE866R01028|1
MATRIXLABS,,2005-01-03,2009-08-13,1141,0,1140,0,MATRIXLABS|NOISIN|1,UNKNOWN_NO_ISIN,MATRIXLABS|NOISIN|1
MAWANA,,2006-08-22,2007-10-23,292,406,697,0,MAWANA|NOISIN|1,UNKNOWN_NO_ISIN,MAWANA|NOISIN|1
MAWANASUG,,2009-03-20,2009-04-17,17,1042,1058,0,MAWANASUG|NOISIN|1,UNKNOWN_NO_ISIN,MAWANASUG|NOISIN|1
MAWANASUG,,2009-06-12,2009-08-20,50,1096,1145,0,MAWANASUG|NOISIN|2,UNKNOWN_NO_ISIN,MAWANASUG|NOISIN|2
MAWANASUG,,2009-11-20,2011-06-21,396,1205,1600,0,MAWANASUG|NOISIN|3,UNKNOWN_NO_ISIN,MAWANASUG|INE636A01039|1
MAWANASUG,INE636A01039,2011-06-22,2026-09-30,3353,1601,5368,80,MAWANASUG|INE636A01039|1,EQUITY,MAWANASUG|INE636A01039|1
MAX,,2005-01-03,2005-04-07,66,0,65,0,MAX|NOISIN|1,UNKNOWN_NO_ISIN,MAX|NOISIN|1
MAX,,2005-07-08,2011-06-21,1471,130,1600,0,MAX|NOISIN|2,UNKNOWN_NO_ISIN,MAX|INE180A01020|1
MAX,INE180A01020,2011-06-22,2016-02-25,1144,1601,2754,10,MAX|INE180A01020|1,EQUITY,MAX|INE180A01020|1
MAXESTATES,INE03EI01018,2023-11-13,2026-09-30,710,4659,5368,0,MAXESTATES|INE03EI01018|1,EQUITY,MAXESTATES|INE03EI01018|1
MAXHEALTH,INE027H01010,2020-09-04,2026-09-30,1500,3869,5368,0,MAXHEALTH|INE027H01010|1,EQUITY,MAXHEALTH|INE027H01010|1
MAXIND,INE0CG601016,2020-09-11,2026-09-30,1441,3874,5368,54,MAXIND|INE0CG601016|1,EQUITY,MAXIND|INE0CG601016|1
MAXINDIA,INE153U01017,2016-07-28,2020-06-11,952,2857,3808,0,MAXINDIA|INE153U01017|1,EQUITY,MAXINDIA|INE153U01017|1
MAXVIL,INE154U01015,2016-07-07,2023-08-10,1755,2842,4596,0,MAXVIL|INE154U01015|1,EQUITY,MAXVIL|INE154U01015|1
MAXWELL,,2007-08-06,2011-06-21,958,643,1600,0,MAXWELL|NOISIN|1,UNKNOWN_NO_ISIN,MAXWELL|INE450G01024|1
MAXWELL,INE450G01024,2011-06-22,2016-12-20,1229,1601,2953,77,MAXWELL|INE450G01024|1,EQUITY,MAXWELL|INE450G01024|1
MAYTASINFR,,2007-10-25,2011-02-07,810,699,1508,0,MAYTASINFR|NOISIN|1,UNKNOWN_NO_ISIN,IL&FSENGG|INE369I01014|1
MAYURUNIQ,INE040D01012,2012-09-25,2013-09-25,249,1913,2161,0,MAYURUNIQ|INE040D01012|1,EQUITY,MAYURUNIQ|INE040D01012|1
MAYURUNIQ,INE040D01038,2013-09-26,2026-09-30,3207,2162,5368,0,MAYURUNIQ|INE040D01038|1,EQUITY,MAYURUNIQ|INE040D01012|1
MAZDA,INE885E01034,2016-11-01,2025-01-20,1964,2919,4950,66,MAZDA|INE885E01034|1,EQUITY,MAZDA|INE885E01034|1
MAZDA,INE885E01042,2025-05-19,2026-07-08,282,5028,5309,0,MAZDA|INE885E01042|1,EQUITY,MAZDA|INE885E01042|1
MAZDOCK,INE249Z01012,2020-10-12,2024-12-26,1040,3894,4933,0,MAZDOCK|INE249Z01012|1,EQUITY,MAZDOCK|INE249Z01012|1
MAZDOCK,INE249Z01020,2024-12-27,2026-09-30,435,4934,5368,0,MAZDOCK|INE249Z01020|1,EQUITY,MAZDOCK|INE249Z01012|1
MBAPL,INE900L01010,2019-08-22,2026-07-02,1147,3614,5305,341,MBAPL|INE900L01010|1,EQUITY,MBAPL|INE900L01010|1
MBAPL,INE900L01028,2026-07-03,2026-09-30,63,5306,5368,0,MBAPL|INE900L01028|1,EQUITY,MBAPL|INE900L01010|1
MBECL,,2006-10-06,2006-12-14,48,438,485,0,MBECL|NOISIN|1,UNKNOWN_NO_ISIN,MBECL|NOISIN|1
MBECL,,2007-03-02,2011-06-21,1065,536,1600,0,MBECL|NOISIN|2,UNKNOWN_NO_ISIN,MBECL|INE748A01016|1
MBECL,INE748A01016,2011-06-22,2024-08-08,1598,1601,4838,1459,MBECL|INE748A01016|1,EQUITY,MBECL|INE748A01016|1
MBEL,INE08N601015,2025-08-06,2026-09-30,284,5085,5368,0,MBEL|INE08N601015|1,EQUITY,MBEL|INE08N601015|1
MBLINFRA,,2010-01-11,2011-06-21,363,1238,1600,0,MBLINFRA|NOISIN|1,UNKNOWN_NO_ISIN,MBLINFRA|INE912H01013|1
MBLINFRA,INE912H01013,2011-06-22,2026-09-30,3171,1601,5368,99,MBLINFRA|INE912H01013|1,EQUITY,MBLINFRA|INE912H01013|1
MBSWITCH,INE899L01014,2011-10-20,2012-12-21,176,1683,1972,114,MBSWITCH|INE899L01014|1,EQUITY,MBSWITCH|INE899L01014|1
MBSWITCH,INE899L01022,2012-12-24,2013-09-20,186,1973,2158,0,MBSWITCH|INE899L01022|1,EQUITY,MBSWITCH|INE899L01014|1
MCCHRLS-B,INE435D01014,2026-04-20,2026-09-30,114,5255,5368,0,MCCHRLS-B|INE435D01014|1,EQUITY,MCCHRLS-B|INE435D01014|1
MCDHOLDING,,2007-05-30,2007-12-13,140,595,734,0,MCDHOLDING|NOISIN|1,UNKNOWN_NO_ISIN,MCDHOLDING|NOISIN|1
MCDHOLDING,,2008-02-29,2008-08-07,108,788,895,0,MCDHOLDING|NOISIN|2,UNKNOWN_NO_ISIN,MCDHOLDING|NOISIN|2
MCDHOLDING,,2008-12-01,2008-12-26,18,970,987,0,MCDHOLDING|NOISIN|3,UNKNOWN_NO_ISIN,MCDHOLDING|NOISIN|3
MCDHOLDING,,2009-03-02,2009-04-17,29,1030,1058,0,MCDHOLDING|NOISIN|4,UNKNOWN_NO_ISIN,MCDHOLDING|NOISIN|4
MCDHOLDING,,2009-08-21,2009-11-26,64,1146,1209,0,MCDHOLDING|NOISIN|5,UNKNOWN_NO_ISIN,MCDHOLDING|NOISIN|5
MCDHOLDING,,2010-02-19,2010-08-05,116,1265,1380,0,MCDHOLDING|NOISIN|6,UNKNOWN_NO_ISIN,MCDHOLDING|NOISIN|6
MCDHOLDING,,2010-12-03,2011-06-21,137,1464,1600,0,MCDHOLDING|NOISIN|7,UNKNOWN_NO_ISIN,MCDHOLDING|INE836H01014|1
MCDHOLDING,INE836H01014,2011-06-22,2021-09-22,2289,1601,4128,50,MCDHOLDING|INE836H01014|1,EQUITY,MCDHOLDING|INE836H01014|1
MCDOWELL-N,,2005-01-03,2011-06-21,1601,0,1600,0,MCDOWELL-N|NOISIN|1,UNKNOWN_NO_ISIN,MCDOWELL-N|INE854D01016|1
MCDOWELL-N,INE854D01016,2011-06-22,2018-06-15,1723,1601,3323,0,MCDOWELL-N|INE854D01016|1,EQUITY,MCDOWELL-N|INE854D01016|1
MCDOWELL-N,INE854D01024,2018-06-18,2024-06-06,1472,3324,4795,0,MCDOWELL-N|INE854D01024|1,EQUITY,MCDOWELL-N|INE854D01016|1
MCL,INE813V01022,2020-08-19,2026-09-30,1068,3857,5368,95,MCL|INE813V01022|1,EQUITY,MCL|INE813V01022|1
MCLEODRUSS,,2005-07-29,2011-06-21,1457,144,1600,0,MCLEODRUSS|NOISIN|1,UNKNOWN_NO_ISIN,MCLEODRUSS|INE942G01012|1
MCLEODRUSS,INE942G01012,2011-06-22,2026-09-30,3168,1601,5368,140,MCLEODRUSS|INE942G01012|1,EQUITY,MCLEODRUSS|INE942G01012|1
MCLOUD,INE613C01026,2025-02-07,2026-09-30,405,4964,5368,0,MCLOUD|INE613C01026|1,EQUITY,MCLOUD|INE613C01026|1
MCX,INE745G01035,2012-03-09,2026-01-01,3409,1777,5185,0,MCX|INE745G01035|1,EQUITY,MCX|INE745G01035|1
MCX,INE745G01043,2026-01-02,2026-09-30,183,5186,5368,0,MCX|INE745G01043|1,EQUITY,MCX|INE745G01035|1
MEDANTA,INE474Q01031,2022-11-16,2026-09-30,956,4413,5368,0,MEDANTA|INE474Q01031|1,EQUITY,MEDANTA|INE474Q01031|1
MEDIA,,2007-11-30,2009-02-19,300,725,1024,0,MEDIA|NOISIN|1,UNKNOWN_NO_ISIN,MEDIA|NOISIN|1
MEDIASSIST,INE456Z01021,2024-01-23,2026-09-30,663,4706,5368,0,MEDIASSIST|INE456Z01021|1,EQUITY,MEDIASSIST|INE456Z01021|1
MEDIAVIDEO,,2005-01-03,2007-10-01,683,0,682,0,MEDIAVIDEO|NOISIN|1,UNKNOWN_NO_ISIN,MEDIAVIDEO|NOISIN|1
MEDICAMEQ,INE646B01010,2021-10-27,2026-09-17,1208,4152,5359,0,MEDICAMEQ|INE646B01010|1,EQUITY,MEDICAMEQ|INE646B01010|1
MEDICAPQ,INE442D01010,2026-08-17,2026-09-17,23,5337,5359,0,MEDICAPQ|INE442D01010|1,EQUITY,MEDICAPQ|INE442D01010|1
MEDICO,INE630Y01016,2022-05-26,2023-03-15,86,4295,4496,116,MEDICO|INE630Y01016|1,EQUITY,MEDICO|INE630Y01016|1
MEDICO,INE630Y01024,2023-03-16,2026-09-30,689,4497,5368,143,MEDICO|INE630Y01024|1,EQUITY,MEDICO|INE630Y01016|1
MEDPLUS,INE804L01022,2021-12-23,2026-09-30,1178,4191,5368,0,MEDPLUS|INE804L01022|1,EQUITY,MEDPLUS|INE804L01022|1
MEESHO,INE0VDM01015,2025-12-10,2026-09-30,199,5170,5368,0,MEESHO|INE0VDM01015|1,EQUITY,MEESHO|INE0VDM01015|1
MEGASOFT,,2007-07-19,2009-09-03,524,631,1155,1,MEGASOFT|NOISIN|1,UNKNOWN_NO_ISIN,MEGASOFT|NOISIN|1
MEGASOFT,,2009-11-20,2010-09-16,187,1205,1409,18,MEGASOFT|NOISIN|2,UNKNOWN_NO_ISIN,MEGASOFT|NOISIN|2
MEGASOFT,,2010-12-03,2011-06-21,137,1464,1600,0,MEGASOFT|NOISIN|3,UNKNOWN_NO_ISIN,MEGASOFT|INE933B01012|1
MEGASOFT,INE933B01012,2011-06-22,2025-11-06,2661,1601,5146,167,MEGASOFT|INE933B01012|1,EQUITY,MEGASOFT|INE933B01012|1
MEGASTAR,INE00EM01016,2022-02-16,2026-09-30,957,4229,5368,70,MEGASTAR|INE00EM01016|1,EQUITY,MEGASTAR|INE00EM01016|1
MEGH,,2007-06-28,2011-06-21,985,616,1600,0,MEGH|NOISIN|1,UNKNOWN_NO_ISIN,MEGH|INE974H01013|1
MEGH,INE974H01013,2011-06-22,2021-05-17,2364,1601,4039,64,MEGH|INE974H01013|1,EQUITY,MEGH|INE974H01013|1
MEIL,INE0PKD01011,2025-08-28,2026-09-30,206,5099,5368,64,MEIL|INE0PKD01011|1,EQUITY,MEIL|INE0PKD01011|1
MELSTAR,,2005-01-03,2005-11-18,219,0,218,0,MELSTAR|NOISIN|1,UNKNOWN_NO_ISIN,MELSTAR|NOISIN|1
MELSTAR,,2006-06-12,2006-06-29,14,356,369,0,MELSTAR|NOISIN|2,UNKNOWN_NO_ISIN,MELSTAR|NOISIN|2
MELSTAR,,2006-08-28,2006-12-29,86,410,495,0,MELSTAR|NOISIN|3,UNKNOWN_NO_ISIN,MELSTAR|NOISIN|3
MELSTAR,,2007-03-02,2007-06-28,81,536,616,0,MELSTAR|NOISIN|4,UNKNOWN_NO_ISIN,MELSTAR|NOISIN|4
MELSTAR,,2007-08-31,2007-09-20,15,661,675,0,MELSTAR|NOISIN|5,UNKNOWN_NO_ISIN,MELSTAR|NOISIN|5
MELSTAR,,2007-12-03,2008-01-10,27,726,752,0,MELSTAR|NOISIN|6,UNKNOWN_NO_ISIN,MELSTAR|NOISIN|6
MELSTAR,,2008-02-29,2008-09-18,133,788,923,2,MELSTAR|NOISIN|7,UNKNOWN_NO_ISIN,MELSTAR|NOISIN|7
MELSTAR,,2008-12-01,2009-03-19,69,970,1041,1,MELSTAR|NOISIN|8,UNKNOWN_NO_ISIN,MELSTAR|NOISIN|8
MELSTAR,,2009-06-12,2009-09-03,60,1096,1155,0,MELSTAR|NOISIN|9,UNKNOWN_NO_ISIN,MELSTAR|NOISIN|9
MELSTAR,,2009-11-20,2011-06-21,373,1205,1600,18,MELSTAR|NOISIN|10,UNKNOWN_NO_ISIN,MELSTAR|NOISIN|10
MELSTAR,INE817A01019,2011-06-23,2017-05-05,633,1602,3045,98,MELSTAR|INE817A01019|1,EQUITY,MELSTAR|INE817A01019|1
MENNPIS,INE650G01029,2026-04-20,2026-09-09,100,5255,5354,0,MENNPIS|INE650G01029|1,EQUITY,MENNPIS|INE650G01029|1
MENONBE,INE071D01025,2015-03-09,2015-04-09,22,2513,2534,0,MENONBE|INE071D01025|1,EQUITY,MENONBE|INE071D01025|1
MENONBE,INE071D01033,2015-04-10,2026-09-30,2714,2535,5368,64,MENONBE|INE071D01033|1,EQUITY,MENONBE|INE071D01025|1
MEP,INE776I01010,2015-05-06,2024-03-19,1998,2551,4744,72,MEP|INE776I01010|1,EQUITY,MEP|INE776I01010|1
MERCANTILE,INE689O01013,2026-04-20,2026-09-30,113,5255,5368,1,MERCANTILE|INE689O01013|1,EQUITY,MERCANTILE|INE689O01013|1
MERCATOR,INE934B01028,2011-12-08,2022-05-24,2163,1714,4293,88,MERCATOR|INE934B01028|1,EQUITY,MERCATOR|INE934B01028|1
MERCK,,2007-11-05,2011-06-21,895,706,1600,0,MERCK|NOISIN|1,UNKNOWN_NO_ISIN,EMERCK|NOISIN|1
MERCK,INE199A01012,2011-06-22,2019-06-10,1963,1601,3563,0,MERCK|INE199A01012|1,EQUITY,EMERCK|NOISIN|1
MERCURYEV,INE763M01028,2026-07-27,2026-09-30,47,5322,5368,0,MERCURYEV|INE763M01028|1,EQUITY,MERCURYEV|INE763M01028|1
METAL,INF769K01LY7,2024-10-09,2026-09-30,489,4880,5368,0,METAL|INF769K01LY7|1,FUND_UNIT,METAL|INF769K01LY7|1
METALFORGE,INE425A01011,2015-06-01,2021-02-24,1072,2569,3987,59,METALFORGE|INE425A01011|1,EQUITY,AHMEDFORGE|INE425A01011|1
METALIETF,INF109KC19W1,2024-08-20,2026-09-30,524,4845,5368,0,METALIETF|INF109KC19W1|1,FUND_UNIT,METALIETF|INF109KC19W1|1
METKORE,INE592I01029,2012-04-02,2018-08-27,1445,1793,3372,68,METKORE|INE592I01029|1,EQUITY,CRONIMET|INE592I01011|1
METROBRAND,INE317I01021,2021-12-22,2026-09-30,1179,4190,5368,0,METROBRAND|INE317I01021|1,EQUITY,METROBRAND|INE317I01021|1
METROGLOBL,INE085D01033,2026-04-20,2026-09-30,114,5255,5368,0,METROGLOBL|INE085D01033|1,EQUITY,METROGLOBL|INE085D01033|1
METROPOLIS,INE112L01020,2019-04-15,2026-09-30,1841,3528,5368,0,METROPOLIS|INE112L01020|1,EQUITY,METROPOLIS|INE112L01020|1
MFL,INE071N01016,2021-09-02,2023-09-08,502,4115,4616,0,MFL|INE071N01016|1,EQUITY,EPIGRAL|INE071N01016|1
MFML,INE0US801024,2024-09-10,2026-09-30,268,4860,5368,241,MFML|INE0US801024|1,EQUITY,MFML|INE0US801024|1
MFSL,INE180A01020,2016-02-26,2026-09-30,2614,2755,5368,0,MFSL|INE180A01020|1,EQUITY,MAX|INE180A01020|1
MGEL,INE0APB01016,2020-12-23,2022-08-18,369,3944,4353,41,MGEL|INE0APB01016|1,EQUITY,MGEL|INE0APB01016|1
MGEL,INE0APB01024,2022-08-19,2025-03-03,444,4354,4979,117,MGEL|INE0APB01024|1,EQUITY,MGEL|INE0APB01016|1
MGEL,INE0APB01032,2025-03-04,2026-09-30,324,4980,5368,65,MGEL|INE0APB01032|1,EQUITY,MGEL|INE0APB01016|1
MGL,INE002S01010,2016-07-01,2026-09-30,2530,2839,5368,0,MGL|INE002S01010|1,EQUITY,MGL|INE002S01010|1
MGOLD,INF247L01072,2012-03-27,2015-03-25,737,1789,2525,0,MGOLD|INF247L01072|1,FUND_UNIT,MGOLD|INF247L01072|1
MHLXMIRU,INE112D01035,2022-01-27,2026-08-17,916,4215,5337,68,MHLXMIRU|INE112D01035|1,EQUITY,MHLXMIRU|INE112D01035|1
MHRIL,,2009-07-16,2011-06-21,481,1120,1600,0,MHRIL|NOISIN|1,UNKNOWN_NO_ISIN,MHRIL|INE998I01010|1
MHRIL,INE998I01010,2011-06-22,2026-09-30,3768,1601,5368,0,MHRIL|INE998I01010|1,EQUITY,MHRIL|INE998I01010|1
MIC,,2007-05-30,2011-06-21,1006,595,1600,0,MIC|NOISIN|1,UNKNOWN_NO_ISIN,MIC|INE287C01029|1
MIC,INE287C01029,2011-06-22,2021-05-14,1744,1601,4038,182,MIC|INE287C01029|1,EQUITY,MIC|INE287C01029|1
MICEL,INE287C01037,2022-01-03,2026-07-02,653,4198,5305,193,MICEL|INE287C01037|1,EQUITY,MICEL|INE287C01037|1
MICO,,2005-01-03,2008-02-27,787,0,786,0,MICO|NOISIN|1,UNKNOWN_NO_ISIN,BOSCHLTD|INE323A01026|1
MICRO,,2005-01-03,2010-04-05,1293,0,1293,1,MICRO|NOISIN|1,UNKNOWN_NO_ISIN,MICRO|NOISIN|1
MICROSEC,,2010-10-05,2011-06-21,179,1422,1600,0,MICROSEC|NOISIN|1,UNKNOWN_NO_ISIN,HEALTHX|INE019J01013|1
MICROSEC,INE019J01013,2011-06-22,2016-11-21,1239,1601,2932,64,MICROSEC|INE019J01013|1,EQUITY,HEALTHX|INE019J01013|1
MICROTECH,,2006-09-27,2011-06-21,1169,432,1600,0,MICROTECH|NOISIN|1,UNKNOWN_NO_ISIN,MICROTECH|INE358B01012|1
MICROTECH,INE358B01012,2011-06-22,2014-06-16,666,1601,2337,41,MICROTECH|INE358B01012|1,EQUITY,MICROTECH|INE358B01012|1
MID-DAY,,2005-01-03,2006-06-29,370,0,369,0,MID-DAY|NOISIN|1,UNKNOWN_NO_ISIN,MID-DAY|NOISIN|1
MID-DAY,,2006-08-28,2007-12-13,325,410,734,0,MID-DAY|NOISIN|2,UNKNOWN_NO_ISIN,MID-DAY|NOISIN|2
MID-DAY,,2008-02-29,2009-02-19,237,788,1024,0,MID-DAY|NOISIN|3,UNKNOWN_NO_ISIN,MID-DAY|NOISIN|3
MID-DAY,,2009-08-21,2011-06-14,440,1146,1595,10,MID-DAY|NOISIN|4,UNKNOWN_NO_ISIN,MID-DAY|NOISIN|4
MID150,INF174KA1VW2,2025-03-28,2026-09-30,372,4997,5368,0,MID150|INF174KA1VW2|1,FUND_UNIT,MID150|INF174KA1VW2|1
MID150BEES,INF204KB1V68,2022-05-10,2026-09-30,1086,4283,5368,0,MID150BEES|INF204KB1V68|1,FUND_UNIT,MID150BEES|INF204KB1V68|1
MID150CASE,INF0R8F01059,2024-06-19,2026-09-30,566,4803,5368,0,MID150CASE|INF0R8F01059|1,FUND_UNIT,MID150CASE|INF0R8F01059|1
MIDBANKADD,INF740KA1ZH9,2026-08-07,2026-09-30,38,5331,5368,0,MIDBANKADD|INF740KA1ZH9|1,FUND_UNIT,MIDBANKADD|INF740KA1ZH9|1
MIDCAP,INF174KA1IB3,2024-03-20,2026-02-26,479,4745,5223,0,MIDCAP|INF174KA1IB3|1,FUND_UNIT,KOTAKMID50|INF174KA1IB3|1
MIDCAP,INF174KA1ZC5,2026-02-27,2026-09-30,145,5224,5368,0,MIDCAP|INF174KA1ZC5|1,FUND_UNIT,MIDCAP|INF174KA1ZC5|1
MIDCAPADD,INF740KA1WW5,2025-12-18,2026-09-30,193,5176,5368,0,MIDCAPADD|INF740KA1WW5|1,FUND_UNIT,MIDCAPADD|INF740KA1WW5|1
MIDCAPBETA,INF789F1AYX9,2025-12-24,2026-09-30,189,5180,5368,0,MIDCAPBETA|INF789F1AYX9|1,FUND_UNIT,MIDCAPBETA|INF789F1AYX9|1
MIDCAPETF,INF769K01IC9,2023-09-01,2026-09-30,758,4611,5368,0,MIDCAPETF|INF769K01IC9|1,FUND_UNIT,MAM150ETF|INF769K01IC9|1
MIDCAPIETF,INF109KC11W8,2024-05-10,2026-09-30,592,4777,5368,0,MIDCAPIETF|INF109KC11W8|1,FUND_UNIT,MIDCAPIETF|INF109KC11W8|1
MIDCAPIETF,INF109KC1G82,2023-12-20,2024-05-09,93,4684,4776,0,MIDCAPIETF|INF109KC1G82|1,FUND_UNIT,ICICIM150|INF109KC1G82|1
MIDCAPIWIN,INF109KB1XT3,2016-07-25,2018-04-09,419,2854,3275,2,MIDCAPIWIN|INF109KB1XT3|1,FUND_UNIT,ICICIMCAP|INF109KB1XT3|1
MIDHANI,INE099Z01011,2018-04-04,2026-09-30,2097,3272,5368,0,MIDHANI|INE099Z01011|1,EQUITY,MIDHANI|INE099Z01011|1
MIDQ50ADD,INF740KA1QL0,2024-02-15,2026-07-02,584,4722,5305,0,MIDQ50ADD|INF740KA1QL0|1,FUND_UNIT,DSPQ50ETF|INF740KA1QL0|1
MIDQ50ADD,INF740KA1ZF3,2026-07-03,2026-09-30,63,5306,5368,0,MIDQ50ADD|INF740KA1ZF3|1,FUND_UNIT,MIDQ50ADD|INF740KA1ZF3|1
MIDSELIETF,INF109KB1XT3,2023-12-20,2024-05-09,93,4684,4776,0,MIDSELIETF|INF109KB1XT3|1,FUND_UNIT,ICICIMCAP|INF109KB1XT3|1
MIDSELIETF,INF109KC10W0,2024-05-10,2026-09-30,592,4777,5368,0,MIDSELIETF|INF109KC10W0|1,FUND_UNIT,MIDSELIETF|INF109KC10W0|1
MIDSMALL,INF769K01LJ8,2024-05-28,2026-09-30,581,4788,5368,0,MIDSMALL|INF769K01LJ8|1,FUND_UNIT,MIDSMALL|INF769K01LJ8|1
MIDWESTLTD,INE0XAD01024,2025-10-24,2026-09-30,231,5138,5368,0,MIDWESTLTD|INE0XAD01024|1,EQUITY,MIDWESTLTD|INE0XAD01024|1
MIIL,INE898Q01015,2026-08-17,2026-09-30,32,5337,5368,0,MIIL|INE898Q01015|1,EQUITY,MIIL|INE898Q01015|1
MIL,INE087J01028,2019-06-21,2019-06-28,6,3572,3577,0,MIL|INE087J01028|1,EQUITY,GBGLOBAL|INE087J01028|1
MILKYMIST,INE00IT01020,2026-08-18,2026-09-24,27,5338,5364,0,MILKYMIST|INE00IT01020|1,EQUITY,MILKYMIST|INE00IT01020|1
MINALIND,INE097E01028,2026-08-17,2026-08-25,7,5337,5343,0,MINALIND|INE097E01028|1,EQUITY,MINALIND|INE097E01028|1
MINDACORP,INE842C01013,2012-06-13,2013-11-21,28,1842,2198,178,MINDACORP|INE842C01013|1,EQUITY,MINDACORP|INE842C01013|1
MINDACORP,INE842C01021,2015-01-06,2026-09-30,2897,2472,5368,0,MINDACORP|INE842C01021|1,EQUITY,MINDACORP|INE842C01021|1
MINDAIND,,2007-02-02,2007-11-30,195,517,725,2,MINDAIND|NOISIN|1,UNKNOWN_NO_ISIN,MINDAIND|NOISIN|1
MINDAIND,,2008-02-29,2011-06-21,805,788,1600,1,MINDAIND|NOISIN|2,UNKNOWN_NO_ISIN,MINDAIND|INE405E01015|1
MINDAIND,INE405E01015,2011-06-22,2016-09-12,1212,1601,2887,64,MINDAIND|INE405E01015|1,EQUITY,MINDAIND|INE405E01015|1
MINDAIND,INE405E01023,2016-09-14,2022-08-04,1458,2888,4345,0,MINDAIND|INE405E01023|1,EQUITY,MINDAIND|INE405E01015|1
MINDTECK,INE110B01017,2016-08-02,2026-09-30,2098,2860,5368,65,MINDTECK|INE110B01017|1,EQUITY,MINDTECK|INE110B01017|1
MINDTREE,,2007-03-07,2011-06-21,1062,539,1600,0,MINDTREE|NOISIN|1,UNKNOWN_NO_ISIN,MINDTREE|INE018I01017|1
MINDTREE,INE018I01017,2011-06-22,2022-11-22,2817,1601,4417,0,MINDTREE|INE018I01017|1,EQUITY,MINDTREE|INE018I01017|1
MIRCELECTR,,2005-01-03,2011-06-21,1601,0,1600,0,MIRCELECTR|NOISIN|1,UNKNOWN_NO_ISIN,MIRCELECTR|INE831A01028|1
MIRCELECTR,INE831A01028,2011-06-22,2026-05-18,3098,1601,5274,127,MIRCELECTR|INE831A01028|1,EQUITY,MIRCELECTR|INE831A01028|1
MIRZAINT,,2006-07-05,2007-03-01,163,373,535,0,MIRZAINT|NOISIN|1,UNKNOWN_NO_ISIN,MIRZAINT|NOISIN|1
MIRZAINT,,2007-06-08,2007-12-28,142,602,743,0,MIRZAINT|NOISIN|2,UNKNOWN_NO_ISIN,MIRZAINT|NOISIN|2
MIRZAINT,,2008-02-29,2008-12-26,200,788,987,0,MIRZAINT|NOISIN|3,UNKNOWN_NO_ISIN,MIRZAINT|NOISIN|3
MIRZAINT,,2009-03-02,2010-12-02,434,1030,1463,0,MIRZAINT|NOISIN|4,UNKNOWN_NO_ISIN,MIRZAINT|NOISIN|4
MIRZAINT,,2011-03-07,2011-06-21,74,1527,1600,0,MIRZAINT|NOISIN|5,UNKNOWN_NO_ISIN,MIRZAINT|INE771A01026|1
MIRZAINT,INE771A01026,2011-06-22,2026-09-30,3582,1601,5368,63,MIRZAINT|INE771A01026|1,EQUITY,MIRZAINT|INE771A01026|1
MIRZATAN,,2005-01-03,2006-07-04,373,0,372,0,MIRZATAN|NOISIN|1,UNKNOWN_NO_ISIN,MIRZAINT|NOISIN|1
MITCON,INE828O01033,2022-03-17,2026-09-30,944,4249,5368,65,MITCON|INE828O01033|1,EQUITY,MITCON|INE828O01033|1
MITTAL,INE997Y01019,2020-04-29,2023-10-31,709,3779,4650,84,MITTAL|INE997Y01019|1,EQUITY,MITTAL|INE997Y01019|1
MITTAL,INE997Y01027,2023-11-01,2026-09-30,648,4651,5368,70,MITTAL|INE997Y01027|1,EQUITY,MITTAL|INE997Y01019|1
MKEXIM,INE227F01010,2026-08-17,2026-09-30,32,5337,5368,0,MKEXIM|INE227F01010|1,EQUITY,MKEXIM|INE227F01010|1
MKPL,INE964W01013,2023-06-13,2023-11-09,103,4555,4657,0,MKPL|INE964W01013|1,EQUITY,MKPL|INE964W01013|1
MKPL,INE964W01021,2023-11-10,2026-09-30,397,4658,5368,250,MKPL|INE964W01021|1,EQUITY,MKPL|INE964W01013|1
MLKFOOD,INE588G01021,2026-08-17,2026-09-30,32,5337,5368,0,MLKFOOD|INE588G01021|1,EQUITY,MLKFOOD|INE588G01021|1
MLL,,2005-06-20,2011-06-21,1485,116,1600,0,MLL|NOISIN|1,UNKNOWN_NO_ISIN,MERCATOR|INE934B01028|1
MLL,INE934B01028,2011-06-22,2011-12-07,113,1601,1713,0,MLL|INE934B01028|1,EQUITY,MERCATOR|INE934B01028|1
MMFL,,2006-12-20,2011-06-21,1094,489,1600,1,MMFL|NOISIN|1,UNKNOWN_NO_ISIN,MMFL|INE227C01017|1
MMFL,INE227C01017,2011-06-22,2026-09-30,3768,1601,5368,0,MMFL|INE227C01017|1,EQUITY,MMFL|INE227C01017|1
MMFSL,,2010-10-29,2011-06-21,161,1440,1600,0,MMFSL|NOISIN|1,UNKNOWN_NO_ISIN,CGCL|INE180C01018|1
MMFSL,INE180C01018,2011-06-22,2013-08-02,446,1601,2126,63,MMFSL|INE180C01018|1,EQUITY,CGCL|INE180C01018|1
MMP,INE511Y01018,2020-01-09,2026-09-30,1499,3706,5368,98,MMP|INE511Y01018|1,EQUITY,MMP|INE511Y01018|1
MMTC,,2010-01-08,2011-06-21,364,1237,1600,0,MMTC|NOISIN|1,UNKNOWN_NO_ISIN,MMTC|INE123F01029|1
MMTC,INE123F01029,2011-06-22,2026-09-30,3757,1601,5368,11,MMTC|INE123F01029|1,EQUITY,MMTC|INE123F01029|1
MMWL,INE200D01020,2014-03-26,2026-09-30,149,2284,5368,2766,MMWL|INE200D01020|1,EQUITY,MMWL|INE200D01020|1
MNC,INF174KA1JF2,2024-03-20,2026-09-30,624,4745,5368,0,MNC|INF174KA1JF2|1,FUND_UNIT,KOTAKMNC|INF174KA1JF2|1
MOALPHA50,INF247L01FR8,2025-07-10,2026-09-30,303,5066,5368,0,MOALPHA50|INF247L01FR8|1,FUND_UNIT,MOALPHA50|INF247L01FR8|1
MOBANK10,INF247L01GV8,2026-04-10,2026-09-30,119,5250,5368,0,MOBANK10|INF247L01GV8|1,FUND_UNIT,MOBANK10|INF247L01GV8|1
MOBIKWIK,INE0HLU01028,2024-12-18,2026-09-30,441,4928,5368,0,MOBIKWIK|INE0HLU01028|1,EQUITY,MOBIKWIK|INE0HLU01028|1
MOCAPITAL,INF247L01EV3,2025-03-13,2026-09-30,382,4987,5368,0,MOCAPITAL|INF247L01EV3|1,FUND_UNIT,MOCAPITAL|INF247L01EV3|1
MODEFENCE,INF247L01DJ0,2024-08-27,2026-09-30,519,4850,5368,0,MODEFENCE|INF247L01DJ0|1,FUND_UNIT,MODEFENCE|INF247L01DJ0|1
MODINATUR,INE537F01012,2025-12-11,2026-09-30,131,5171,5368,67,MODINATUR|INE537F01012|1,EQUITY,MODINATUR|INE537F01012|1
MODIRUBBER,INE832A01018,2024-03-11,2026-09-30,443,4738,5368,66,MODIRUBBER|INE832A01018|1,EQUITY,MODIRUBBER|INE832A01018|1
MODIS,INE0L0L01012,2025-11-14,2026-09-30,217,5152,5368,0,MODIS|INE0L0L01012|1,EQUITY,MODIS|INE0L0L01012|1
MODISNME,INE737D01021,2021-05-03,2022-08-12,321,4030,4350,0,MODISNME|INE737D01021|1,EQUITY,MODISNME|INE737D01021|1
MODISONLTD,INE737D01021,2022-08-16,2026-09-10,758,4351,5355,64,MODISONLTD|INE737D01021|1,EQUITY,MODISNME|INE737D01021|1
MODTHREAD,INE794W01014,2025-02-24,2026-09-30,392,4975,5368,1,MODTHREAD|INE794W01014|1,EQUITY,MODTHREAD|INE794W01014|1
MOENERGY,INF247L01GH7,2025-10-16,2026-09-30,236,5133,5368,0,MOENERGY|INF247L01GH7|1,FUND_UNIT,MOENERGY|INF247L01GH7|1
MOGOLD,INF247L01FY4,2025-07-31,2026-09-30,288,5081,5368,0,MOGOLD|INF247L01FY4|1,FUND_UNIT,MOGOLD|INF247L01FY4|1
MOGSEC,INF247L01AK4,2021-06-16,2026-09-30,1308,4061,5368,0,MOGSEC|INF247L01AK4|1,FUND_UNIT,G5|INF247L01AK4|1
MOHEALTH,INF247L01BB1,2022-08-04,2026-09-30,1024,4345,5368,0,MOHEALTH|INF247L01BB1|1,FUND_UNIT,MOHEALTH|INF247L01BB1|1
MOHITE,INE154B01023,2026-08-17,2026-09-30,32,5337,5368,0,MOHITE|INE154B01023|1,EQUITY,MOHITE|INE154B01023|1
MOHITIND,INE954E01012,2013-03-14,2026-09-30,2841,2030,5368,84,MOHITIND|INE954E01012|1,EQUITY,MOHITIND|INE954E01012|1
MOHOTAIND,INE313D01013,2017-12-26,2021-11-18,734,3206,4167,67,MOHOTAIND|INE313D01013|1,EQUITY,MOHOTAIND|INE313D01013|1
MOHOTAMILL,INE313D01013,2017-08-01,2017-12-22,100,3106,3205,0,MOHOTAMILL|INE313D01013|1,EQUITY,MOHOTAIND|INE313D01013|1
MOIL,,2010-12-15,2011-06-21,129,1472,1600,0,MOIL|NOISIN|1,UNKNOWN_NO_ISIN,MOIL|INE490G01020|1
MOIL,INE490G01020,2011-06-22,2026-09-30,3768,1601,5368,0,MOIL|INE490G01020|1,EQUITY,MOIL|INE490G01020|1
MOINFRA,INF247L01FL1,2025-05-21,2026-09-30,339,5030,5368,0,MOINFRA|INF247L01FL1|1,FUND_UNIT,MOINFRA|INF247L01FL1|1
MOIPO,INF247L01GI5,2025-11-20,2026-09-30,212,5156,5368,1,MOIPO|INF247L01GI5|1,FUND_UNIT,MOIPO|INF247L01GI5|1
MOKSH,INE514Y01012,2021-05-21,2021-07-14,39,4043,4081,0,MOKSH|INE514Y01012|1,EQUITY,MOKSH|INE514Y01012|1
MOKSH,INE514Y01020,2021-07-15,2026-09-30,1054,4082,5368,88,MOKSH|INE514Y01020|1,EQUITY,MOKSH|INE514Y01012|1
MOL,INE0CT101020,2021-09-02,2026-09-30,1254,4115,5368,0,MOL|INE0CT101020|1,EQUITY,MOL|INE0CT101020|1
MOLBIO,INE869T01028,2026-08-17,2026-09-30,32,5337,5368,0,MOLBIO|INE869T01028|1,EQUITY,MOLBIO|INE869T01028|1
MOLDTECH,INE835B01035,2016-07-07,2026-08-10,2336,2842,5332,57,MOLDTECH|INE835B01035|1,EQUITY,MOLDTECH|INE835B01035|1
MOLDTKPAC,INE893J01011,2015-02-23,2016-02-17,245,2504,2748,0,MOLDTKPAC|INE893J01011|1,EQUITY,MOLDTKPAC|INE893J01011|1
MOLDTKPAC,INE893J01029,2016-02-18,2026-09-30,2620,2749,5368,0,MOLDTKPAC|INE893J01029|1,EQUITY,MOLDTKPAC|INE893J01011|1
MOLOWVOL,INF247L01BA3,2022-03-30,2022-08-11,92,4257,4349,1,MOLOWVOL|INF247L01BA3|1,FUND_UNIT,MOLOWVOL|INF247L01BA3|1
MOLOWVOL,INF247L01BL0,2022-08-12,2026-09-30,1019,4350,5368,0,MOLOWVOL|INF247L01BL0|1,FUND_UNIT,MOLOWVOL|INF247L01BL0|1
MOM100,INF247L01023,2021-06-16,2026-09-30,1308,4061,5368,0,MOM100|INF247L01023|1,FUND_UNIT,M100|INF247L01023|1
MOM30IETF,INF109KC17C7,2023-12-20,2026-09-30,685,4684,5368,0,MOM30IETF|INF109KC17C7|1,FUND_UNIT,ICICIMOM30|INF109KC17C7|1
MOM50,INF247L01536,2021-06-16,2026-09-30,1308,4061,5368,0,MOM50|INF247L01536|1,FUND_UNIT,M50|INF247L01536|1
MOMENTUM,INF209KB14K7,2022-08-19,2026-09-30,1015,4354,5368,0,MOMENTUM|INF209KB14K7|1,FUND_UNIT,MOMENTUM|INF209KB14K7|1
MOMENTUM30,INF174KA1XS6,2025-10-17,2026-09-30,235,5134,5368,0,MOMENTUM30|INF174KA1XS6|1,FUND_UNIT,MOMENTUM30|INF174KA1XS6|1
MOMENTUM50,INF247L01DK8,2024-09-30,2026-09-30,495,4874,5368,0,MOMENTUM50|INF247L01DK8|1,FUND_UNIT,MOMENTUM50|INF247L01DK8|1
MOMETAL,INF247L01HG7,2026-08-06,2026-09-30,39,5330,5368,0,MOMETAL|INF247L01HG7|1,FUND_UNIT,MOMETAL|INF247L01HG7|1
MOMGF,INF247L01FK3,2025-05-28,2026-09-30,332,5035,5368,1,MOMGF|INF247L01FK3|1,FUND_UNIT,MOMGF|INF247L01FK3|1
MOMIDMTM,INF247L01FQ0,2025-07-03,2026-09-30,308,5061,5368,0,MOMIDMTM|INF247L01FQ0|1,FUND_UNIT,MOMIDMTM|INF247L01FQ0|1
MOMMIDCAP,INF769K01RC0,2026-07-22,2026-09-30,50,5319,5368,0,MOMMIDCAP|INF769K01RC0|1,FUND_UNIT,MOMMIDCAP|INF769K01RC0|1
MOMNC,INF247L01GK1,2025-12-04,2026-09-30,202,5166,5368,1,MOMNC|INF247L01GK1|1,FUND_UNIT,MOMNC|INF247L01GK1|1
MOMOMENTUM,INF247L01AX7,2022-02-17,2022-08-11,120,4230,4349,0,MOMOMENTUM|INF247L01AX7|1,FUND_UNIT,MOMOMENTUM|INF247L01AX7|1
MOMOMENTUM,INF247L01BK2,2022-08-12,2026-09-30,1019,4350,5368,0,MOMOMENTUM|INF247L01BK2|1,FUND_UNIT,MOMOMENTUM|INF247L01BK2|1
MOMSBELIEF,INE1FCO01014,2026-09-23,2026-09-30,6,5363,5368,0,MOMSBELIEF|INE1FCO01014|1,EQUITY,MOMSBELIEF|INE1FCO01014|1
MON100,INF247L01031,2021-06-16,2021-06-17,2,4061,4062,0,MON100|INF247L01031|1,FUND_UNIT,MON100|INF247L01031|1
MON100,INF247L01AP3,2021-06-18,2026-09-30,1306,4063,5368,0,MON100|INF247L01AP3|1,FUND_UNIT,MON100|INF247L01AP3|1
MON50EQUAL,INF247L01FC0,2025-05-07,2026-09-30,348,5020,5368,1,MON50EQUAL|INF247L01FC0|1,FUND_UNIT,MON50EQUAL|INF247L01FC0|1
MONARCH,INE903D01011,2022-01-06,2026-09-30,1168,4201,5368,0,MONARCH|INE903D01011|1,EQUITY,MONARCH|INE903D01011|1
MONEXT50,INF247L01FD8,2025-05-14,2026-09-30,344,5025,5368,0,MONEXT50|INF247L01FD8|1,FUND_UNIT,MONEXT50|INF247L01FD8|1
MONEYBOXX,INE296Q01012,2025-10-15,2026-09-30,237,5132,5368,0,MONEYBOXX|INE296Q01012|1,EQUITY,MONEYBOXX|INE296Q01012|1
MONIFTY100,INF247L01GG9,2025-10-16,2026-09-30,236,5133,5368,0,MONIFTY100|INF247L01GG9|1,FUND_UNIT,MONIFTY100|INF247L01GG9|1
MONIFTY500,INF247L01BU1,2023-10-06,2026-09-30,735,4634,5368,0,MONIFTY500|INF247L01BU1|1,FUND_UNIT,MONIFTY500|INF247L01BU1|1
MONNETISPA,,2005-01-03,2011-06-21,1601,0,1600,0,MONNETISPA|NOISIN|1,UNKNOWN_NO_ISIN,MONNETISPA|INE743C01013|1
MONNETISPA,INE743C01013,2011-06-22,2018-07-31,1722,1601,3355,33,MONNETISPA|INE743C01013|1,EQUITY,MONNETISPA|INE743C01013|1
MONQ50,INF247L01AU3,2021-12-29,2026-09-30,1174,4195,5368,0,MONQ50|INF247L01AU3|1,FUND_UNIT,MONQ50|INF247L01AU3|1
MONSANTO,,2005-01-03,2011-06-21,1601,0,1600,0,MONSANTO|NOISIN|1,UNKNOWN_NO_ISIN,MONSANTO|INE274B01011|1
MONSANTO,INE274B01011,2011-06-22,2019-09-26,2037,1601,3637,0,MONSANTO|INE274B01011|1,EQUITY,MONSANTO|INE274B01011|1
MONTECARLO,INE950M01013,2014-12-19,2026-09-30,2908,2461,5368,0,MONTECARLO|INE950M01013|1,EQUITY,MONTECARLO|INE950M01013|1
MOOILGAS,INF247L01HH5,2026-08-06,2026-09-30,39,5330,5368,0,MOOILGAS|INF247L01HH5|1,FUND_UNIT,MOOILGAS|INF247L01HH5|1
MOPSE,INF247L01FO5,2025-06-05,2026-09-30,325,5041,5368,1,MOPSE|INF247L01FO5|1,FUND_UNIT,MOPSE|INF247L01FO5|1
MOQUALITY,INF247L01BH8,2022-08-26,2026-09-30,965,4359,5368,4,MOQUALITY|INF247L01BH8|1,FUND_UNIT,MOQUALITY|INF247L01BH8|1
MORAREALTY,,2005-01-03,2005-03-03,42,0,41,0,MORAREALTY|NOISIN|1,UNKNOWN_NO_ISIN,MORAREALTY|NOISIN|1
MORAREALTY,,2005-11-25,2006-06-08,132,223,354,0,MORAREALTY|NOISIN|2,UNKNOWN_NO_ISIN,MORAREALTY|NOISIN|2
MORARJEE,INE161G01027,2012-10-03,2024-01-30,2531,1918,4710,64,MORARJEE|INE161G01027|1,EQUITY,MORARJEE|INE161G01027|1
MORARJETEX,,2007-12-03,2008-01-10,27,726,752,0,MORARJETEX|NOISIN|1,UNKNOWN_NO_ISIN,MORARJETEX|NOISIN|1
MORARJETEX,,2008-02-29,2009-01-09,173,788,996,3,MORARJETEX|NOISIN|2,UNKNOWN_NO_ISIN,MORARJETEX|NOISIN|2
MORARJETEX,,2009-03-02,2009-06-11,57,1030,1095,3,MORARJETEX|NOISIN|3,UNKNOWN_NO_ISIN,MORARJETEX|NOISIN|3
MORARJETEX,,2009-11-20,2010-03-18,79,1205,1283,0,MORARJETEX|NOISIN|4,UNKNOWN_NO_ISIN,MORARJETEX|NOISIN|4
MORARJETEX,,2010-06-11,2011-06-21,259,1341,1600,1,MORARJETEX|NOISIN|5,UNKNOWN_NO_ISIN,MORARJETEX|INE161G01019|1
MORARJETEX,INE161G01019,2011-06-22,2012-07-19,246,1601,1868,2,MORARJETEX|INE161G01019|1,EQUITY,MORARJETEX|INE161G01019|1
MOREALTY,INF247L01CI4,2024-03-21,2026-09-30,623,4746,5368,0,MOREALTY|INF247L01CI4|1,FUND_UNIT,MOREALTY|INF247L01CI4|1
MOREPENHTL,,2005-01-03,2005-07-29,134,0,144,3,MOREPENHTL|NOISIN|1,UNKNOWN_NO_ISIN,MOREPENHTL|NOISIN|1
MOREPENHTL,,2006-09-25,2006-11-23,25,430,470,7,MOREPENHTL|NOISIN|2,UNKNOWN_NO_ISIN,MOREPENHTL|NOISIN|2
MOREPENLAB,,2005-01-03,2005-04-07,66,0,65,0,MOREPENLAB|NOISIN|1,UNKNOWN_NO_ISIN,MOREPENLAB|NOISIN|1
MOREPENLAB,,2005-07-08,2005-08-25,33,130,162,0,MOREPENLAB|NOISIN|2,UNKNOWN_NO_ISIN,MOREPENLAB|NOISIN|2
MOREPENLAB,,2006-06-12,2006-06-29,14,356,369,0,MOREPENLAB|NOISIN|3,UNKNOWN_NO_ISIN,MOREPENLAB|NOISIN|3
MOREPENLAB,,2006-08-28,2006-11-02,46,410,455,0,MOREPENLAB|NOISIN|4,UNKNOWN_NO_ISIN,MOREPENLAB|NOISIN|4
MOREPENLAB,,2007-06-08,2007-12-13,133,602,734,0,MOREPENLAB|NOISIN|5,UNKNOWN_NO_ISIN,MOREPENLAB|NOISIN|5
MOREPENLAB,,2008-02-29,2009-01-09,209,788,996,0,MOREPENLAB|NOISIN|6,UNKNOWN_NO_ISIN,MOREPENLAB|NOISIN|6
MOREPENLAB,,2009-03-02,2009-06-11,65,1030,1095,1,MOREPENLAB|NOISIN|7,UNKNOWN_NO_ISIN,MOREPENLAB|NOISIN|7
MOREPENLAB,,2009-08-21,2011-06-21,455,1146,1600,0,MOREPENLAB|NOISIN|8,UNKNOWN_NO_ISIN,MOREPENLAB|INE083A01026|1
MOREPENLAB,INE083A01026,2011-06-22,2026-09-30,3587,1601,5368,49,MOREPENLAB|INE083A01026|1,EQUITY,MOREPENLAB|INE083A01026|1
MORGANSTAN,,2005-01-03,2008-12-04,974,0,973,0,MORGANSTAN|NOISIN|1,UNKNOWN_NO_ISIN,MORGANSTAN|NOISIN|1
MOSCHIP,INE935B01025,2025-02-05,2026-09-30,407,4962,5368,0,MOSCHIP|INE935B01025|1,EQUITY,MOSCHIP|INE935B01025|1
MOSERBAER,,2005-01-03,2011-06-21,1601,0,1600,0,MOSERBAER|NOISIN|1,UNKNOWN_NO_ISIN,MOSERBAER|INE739A01015|1
MOSERBAER,INE739A01015,2011-06-22,2018-06-06,1525,1601,3316,68,MOSERBAER|INE739A01015|1,EQUITY,MOSERBAER|INE739A01015|1
MOSERVICE,INF247L01GJ3,2025-11-27,2026-09-30,208,5161,5368,0,MOSERVICE|INF247L01GJ3|1,FUND_UNIT,MOSERVICE|INF247L01GJ3|1
MOSILVER,INF247L01FZ1,2025-08-14,2026-09-30,277,5091,5368,1,MOSILVER|INF247L01FZ1|1,FUND_UNIT,MOSILVER|INF247L01FZ1|1
MOSMALL250,INF247L01CH6,2024-03-21,2026-09-30,623,4746,5368,0,MOSMALL250|INF247L01CH6|1,FUND_UNIT,MOSMALL250|INF247L01CH6|1
MOTHERSON,INE775A01035,2022-06-09,2026-09-30,1064,4305,5368,0,MOTHERSON|INE775A01035|1,EQUITY,MOTHERSON|INE775A01035|1
MOTHERSUMI,,2005-01-03,2011-06-21,1601,0,1600,0,MOTHERSUMI|NOISIN|1,UNKNOWN_NO_ISIN,MOTHERSON|INE775A01035|1
MOTHERSUMI,INE775A01035,2011-06-22,2022-06-08,2704,1601,4304,0,MOTHERSUMI|INE775A01035|1,EQUITY,MOTHERSON|INE775A01035|1
MOTILALOFS,,2007-09-11,2011-06-21,933,668,1600,0,MOTILALOFS|NOISIN|1,UNKNOWN_NO_ISIN,MOTILALOFS|INE338I01027|1
MOTILALOFS,INE338I01027,2011-06-22,2026-09-30,3742,1601,5368,26,MOTILALOFS|INE338I01027|1,EQUITY,MOTILALOFS|INE338I01027|1
MOTISONS,INE0FRK01012,2024-01-09,2024-10-07,182,4697,4878,0,MOTISONS|INE0FRK01012|1,EQUITY,MOTISONS|INE0FRK01012|1
MOTISONS,INE0FRK01020,2024-12-31,2026-09-30,433,4936,5368,0,MOTISONS|INE0FRK01020|1,EQUITY,MOTISONS|INE0FRK01020|1
MOTOGENFIN,,2005-02-03,2005-07-29,122,21,144,2,MOTOGENFIN|NOISIN|1,UNKNOWN_NO_ISIN,MOTOGENFIN|NOISIN|1
MOTOGENFIN,,2006-06-12,2007-03-01,178,356,535,1,MOTOGENFIN|NOISIN|2,UNKNOWN_NO_ISIN,MOTOGENFIN|NOISIN|2
MOTOGENFIN,,2007-06-08,2009-06-11,493,602,1095,1,MOTOGENFIN|NOISIN|3,UNKNOWN_NO_ISIN,MOTOGENFIN|NOISIN|3
MOTOGENFIN,,2009-08-21,2011-06-21,455,1146,1600,0,MOTOGENFIN|NOISIN|4,UNKNOWN_NO_ISIN,MOTOGENFIN|INE861B01015|1
MOTOGENFIN,INE861B01015,2011-06-22,2020-06-17,1179,1601,3812,887,MOTOGENFIN|INE861B01015|1,EQUITY,MOTOGENFIN|INE861B01015|1
MOTOGENFIN,INE861B01023,2020-08-18,2026-09-30,1121,3856,5368,95,MOTOGENFIN|INE861B01023|1,EQUITY,MOTOGENFIN|INE861B01023|1
MOTOUR,INF247L01FP2,2025-06-12,2026-09-30,323,5046,5368,0,MOTOUR|INF247L01FP2|1,FUND_UNIT,MOTOUR|INF247L01FP2|1
MOVALUE,INF247L01BE5,2022-08-26,2026-09-30,1006,4359,5368,1,MOVALUE|INF247L01BE5|1,FUND_UNIT,MOVALUE|INF247L01BE5|1
MPDL,INE493H01014,2026-08-18,2026-08-26,7,5338,5344,0,MPDL|INE493H01014|1,EQUITY,MPDL|INE493H01014|1
MPHASIS,,2006-12-26,2011-06-21,1109,492,1600,0,MPHASIS|NOISIN|1,UNKNOWN_NO_ISIN,MPHASISBFL|NOISIN|1
MPHASIS,INE356A01018,2011-06-22,2026-09-30,3768,1601,5368,0,MPHASIS|INE356A01018|1,EQUITY,MPHASISBFL|NOISIN|1
MPHASISBFL,,2005-01-03,2006-12-22,492,0,491,0,MPHASISBFL|NOISIN|1,UNKNOWN_NO_ISIN,MPHASISBFL|NOISIN|1
MPIMANIPAL,INE241U01028,2026-09-17,2026-09-30,10,5359,5368,0,MPIMANIPAL|INE241U01028|1,EQUITY,MPIMANIPAL|INE241U01028|1
MPSLTD,,2009-09-11,2011-06-21,440,1161,1600,0,MPSLTD|NOISIN|1,UNKNOWN_NO_ISIN,MACMILLAN|NOISIN|1
MPSLTD,INE943D01017,2011-06-22,2026-09-30,3674,1601,5368,63,MPSLTD|INE943D01017|1,EQUITY,MACMILLAN|NOISIN|1
MRF,,2005-01-03,2011-06-21,1601,0,1600,0,MRF|NOISIN|1,UNKNOWN_NO_ISIN,MRF|INE883A01011|1
MRF,INE883A01011,2011-06-22,2026-09-30,3768,1601,5368,0,MRF|INE883A01011|1,EQUITY,MRF|INE883A01011|1
MRO-TEK,,2005-01-03,2005-03-24,57,0,56,0,MRO-TEK|NOISIN|1,UNKNOWN_NO_ISIN,MRO-TEK|NOISIN|1
MRO-TEK,,2005-07-08,2009-09-17,1036,130,1165,0,MRO-TEK|NOISIN|2,UNKNOWN_NO_ISIN,MRO-TEK|NOISIN|2
MRO-TEK,,2009-11-20,2011-04-18,351,1205,1555,0,MRO-TEK|NOISIN|3,UNKNOWN_NO_ISIN,MRO-TEK|NOISIN|3
MRO-TEK,,2011-06-17,2011-06-21,3,1598,1600,0,MRO-TEK|NOISIN|4,UNKNOWN_NO_ISIN,MRO-TEK|INE398B01018|1
MRO-TEK,INE398B01018,2011-06-22,2025-04-11,2617,1601,5005,238,MRO-TEK|INE398B01018|1,EQUITY,MRO-TEK|INE398B01018|1
MRPL,,2005-01-03,2011-06-21,1601,0,1600,0,MRPL|NOISIN|1,UNKNOWN_NO_ISIN,MRPL|INE103A01014|1
MRPL,INE103A01014,2011-06-22,2026-09-30,3768,1601,5368,0,MRPL|INE103A01014|1,EQUITY,MRPL|INE103A01014|1
MSCI360,INF579M01BP5,2026-05-29,2026-09-30,86,5282,5368,1,MSCI360|INF579M01BP5|1,FUND_UNIT,MSCI360|INF579M01BP5|1
MSCIADD,INF740KA1WV7,2025-12-01,2026-09-30,204,5163,5368,1,MSCIADD|INF740KA1WV7|1,FUND_UNIT,MSCIADD|INF740KA1WV7|1
MSCIINDIA,INF174KA1VD2,2025-02-27,2026-09-30,392,4977,5368,0,MSCIINDIA|INF174KA1VD2|1,FUND_UNIT,MSCIINDIA|INF174KA1VD2|1
MSKPROJ,,2005-01-03,2007-08-30,661,0,660,0,MSKPROJ|NOISIN|1,UNKNOWN_NO_ISIN,MSKPROJ|NOISIN|1
MSKPROJ,,2007-12-03,2008-01-10,27,726,752,0,MSKPROJ|NOISIN|2,UNKNOWN_NO_ISIN,MSKPROJ|NOISIN|2
MSKPROJ,,2008-02-29,2011-01-03,696,788,1484,1,MSKPROJ|NOISIN|3,UNKNOWN_NO_ISIN,MSKPROJ|NOISIN|3
MSL,INE829S01016,2026-08-17,2026-09-30,30,5337,5368,1,MSL|INE829S01016|1,EQUITY,MSL|INE829S01016|1
MSPL,,2005-07-18,2007-03-01,400,136,535,0,MSPL|NOISIN|1,UNKNOWN_NO_ISIN,MSPL|NOISIN|1
MSPL,,2007-06-08,2011-06-21,998,602,1600,1,MSPL|NOISIN|2,UNKNOWN_NO_ISIN,MSPL|INE752G01015|1
MSPL,INE752G01015,2011-06-22,2026-09-30,3283,1601,5368,158,MSPL|INE752G01015|1,EQUITY,MSPL|INE752G01015|1
MSTCLTD,INE255X01014,2019-04-12,2026-09-30,1842,3527,5368,0,MSTCLTD|INE255X01014|1,EQUITY,MSTCLTD|INE255X01014|1
MSUMI,INE0FS801015,2022-04-11,2026-09-30,1104,4265,5368,0,MSUMI|INE0FS801015|1,EQUITY,MSUMI|INE0FS801015|1
MTARTECH,INE864I01014,2021-03-15,2026-06-24,1302,3999,5300,0,MTARTECH|INE864I01014|1,EQUITY,MTARTECH|INE864I01014|1
MTEDUCARE,INE472M01018,2012-04-26,2022-12-23,2567,1809,4440,42,MTEDUCARE|INE472M01018|1,EQUITY,MTEDUCARE|INE472M01018|1
MTNL,,2005-01-03,2011-06-21,1601,0,1600,0,MTNL|NOISIN|1,UNKNOWN_NO_ISIN,MTNL|INE153A01019|1
MTNL,INE153A01019,2011-06-22,2026-09-30,3729,1601,5368,39,MTNL|INE153A01019|1,EQUITY,MTNL|INE153A01019|1
MUDRA,,2007-03-09,2011-06-21,1060,541,1600,0,MUDRA|NOISIN|1,UNKNOWN_NO_ISIN,ELAND|INE311H01018|1
MUDRA,INE311H01018,2011-06-22,2015-03-12,592,1601,2516,71,MUDRA|INE311H01018|1,EQUITY,ELAND|INE311H01018|1
MUFIN,INE08KJ01020,2023-11-07,2026-09-30,714,4655,5368,0,MUFIN|INE08KJ01020|1,EQUITY,MUFIN|INE08KJ01020|1
MUFTI,INE220Q01020,2023-12-27,2026-09-30,681,4688,5368,0,MUFTI|INE220Q01020|1,EQUITY,MUFTI|INE220Q01020|1
MUKANDENGG,,2005-01-03,2005-07-29,145,0,144,0,MUKANDENGG|NOISIN|1,UNKNOWN_NO_ISIN,MUKANDENGG|NOISIN|1
MUKANDENGG,,2006-06-12,2008-01-10,397,356,752,0,MUKANDENGG|NOISIN|2,UNKNOWN_NO_ISIN,MUKANDENGG|NOISIN|2
MUKANDENGG,,2008-02-29,2011-06-21,807,788,1600,1,MUKANDENGG|NOISIN|3,UNKNOWN_NO_ISIN,MUKANDENGG|INE022B01014|1
MUKANDENGG,INE022B01014,2011-06-22,2021-04-06,2348,1601,4013,43,MUKANDENGG|INE022B01014|1,EQUITY,MUKANDENGG|INE022B01014|1
MUKANDLTD,,2005-01-03,2009-04-17,1059,0,1058,0,MUKANDLTD|NOISIN|1,UNKNOWN_NO_ISIN,MUKANDLTD|NOISIN|1
MUKANDLTD,,2009-06-12,2011-06-21,505,1096,1600,0,MUKANDLTD|NOISIN|2,UNKNOWN_NO_ISIN,MUKANDLTD|INE304A01026|1
MUKANDLTD,INE304A01026,2011-06-22,2026-09-30,3493,1601,5368,69,MUKANDLTD|INE304A01026|1,EQUITY,MUKANDLTD|INE304A01026|1
MUKESHB,INE596B01017,2026-08-17,2026-09-30,26,5337,5368,3,MUKESHB|INE596B01017|1,EQUITY,MUKESHB|INE596B01017|1
MUKKA,INE0CG401037,2024-03-22,2026-09-16,612,4747,5358,0,MUKKA|INE0CG401037|1,EQUITY,MUKKA|INE0CG401037|1
MUKTAARTS,,2005-01-03,2005-07-14,135,0,134,0,MUKTAARTS|NOISIN|1,UNKNOWN_NO_ISIN,MUKTAARTS|NOISIN|1
MUKTAARTS,,2006-06-12,2006-06-29,14,356,369,0,MUKTAARTS|NOISIN|2,UNKNOWN_NO_ISIN,MUKTAARTS|NOISIN|2
MUKTAARTS,,2006-08-28,2007-03-08,131,410,540,0,MUKTAARTS|NOISIN|3,UNKNOWN_NO_ISIN,MUKTAARTS|NOISIN|3
MUKTAARTS,,2007-06-08,2009-06-11,493,602,1095,1,MUKTAARTS|NOISIN|4,UNKNOWN_NO_ISIN,MUKTAARTS|NOISIN|4
MUKTAARTS,,2009-08-21,2010-03-18,120,1146,1283,18,MUKTAARTS|NOISIN|5,UNKNOWN_NO_ISIN,MUKTAARTS|NOISIN|5
MUKTAARTS,,2010-06-11,2011-06-21,259,1341,1600,1,MUKTAARTS|NOISIN|6,UNKNOWN_NO_ISIN,MUKTAARTS|INE374B01019|1
MUKTAARTS,INE374B01019,2011-06-22,2026-09-30,3359,1601,5368,125,MUKTAARTS|INE374B01019|1,EQUITY,MUKTAARTS|INE374B01019|1
MULTICAP,INF769K01LX9,2024-09-05,2026-09-30,512,4857,5368,0,MULTICAP|INF769K01LX9|1,FUND_UNIT,MULTICAP|INF769K01LX9|1
MUNDRAPORT,,2007-11-27,2011-06-21,879,722,1600,0,MUNDRAPORT|NOISIN|1,UNKNOWN_NO_ISIN,ADANIPORTS|INE742F01042|1
MUNDRAPORT,INE742F01042,2011-06-22,2012-01-16,141,1601,1741,0,MUNDRAPORT|INE742F01042|1,EQUITY,ADANIPORTS|INE742F01042|1
MUNJALAU,,2006-07-19,2011-06-21,1208,383,1600,1,MUNJALAU|NOISIN|1,UNKNOWN_NO_ISIN,MUNJALAU|INE672B01024|1
MUNJALAU,INE672B01024,2011-06-22,2011-12-29,129,1601,1729,0,MUNJALAU|INE672B01024|1,EQUITY,MUNJALAU|INE672B01024|1
MUNJALAU,INE672B01032,2011-12-30,2026-09-30,3568,1730,5368,71,MUNJALAU|INE672B01032|1,EQUITY,MUNJALAU|INE672B01024|1
MUNJALAUTO,,2005-01-03,2006-05-16,338,0,337,0,MUNJALAUTO|NOISIN|1,UNKNOWN_NO_ISIN,MUNJALAUTO|NOISIN|1
MUNJALSHOW,,2005-01-03,2011-06-21,1601,0,1600,0,MUNJALSHOW|NOISIN|1,UNKNOWN_NO_ISIN,MUNJALSHOW|INE577A01027|1
MUNJALSHOW,INE577A01027,2011-06-22,2026-09-30,3768,1601,5368,0,MUNJALSHOW|INE577A01027|1,EQUITY,MUNJALSHOW|INE577A01027|1
MURLIIND,,2007-02-19,2011-03-17,996,527,1535,3,MURLIIND|NOISIN|1,UNKNOWN_NO_ISIN,MURLIIND|NOISIN|1
MURLIIND,,2011-06-17,2011-06-21,3,1598,1600,0,MURLIIND|NOISIN|2,UNKNOWN_NO_ISIN,MURLIIND|INE806B01028|1
MURLIIND,INE806B01028,2011-06-22,2013-09-26,430,1601,2162,57,MURLIIND|INE806B01028|1,EQUITY,MURLIIND|INE806B01028|1
MURUDCERA,,2005-01-03,2011-06-21,1600,0,1600,1,MURUDCERA|NOISIN|1,UNKNOWN_NO_ISIN,MURUDCERA|INE692B01014|1
MURUDCERA,INE692B01014,2011-06-22,2026-09-30,3452,1601,5368,83,MURUDCERA|INE692B01014|1,EQUITY,MURUDCERA|INE692B01014|1
MUTHOOTCAP,INE296G01013,2015-08-24,2026-09-30,2740,2629,5368,0,MUTHOOTCAP|INE296G01013|1,EQUITY,MUTHOOTCAP|INE296G01013|1
MUTHOOTFIN,,2011-05-06,2011-06-21,33,1568,1600,0,MUTHOOTFIN|NOISIN|1,UNKNOWN_NO_ISIN,MUTHOOTFIN|INE414G01012|1
MUTHOOTFIN,INE414G01012,2011-06-22,2026-09-30,3768,1601,5368,0,MUTHOOTFIN|INE414G01012|1,EQUITY,MUTHOOTFIN|INE414G01012|1
MUTHOOTMF,INE046W01019,2023-12-26,2026-09-30,682,4687,5368,0,MUTHOOTMF|INE046W01019|1,EQUITY,MUTHOOTMF|INE046W01019|1
MVELECTRO,INE0OWZ01020,2026-08-06,2026-09-30,39,5330,5368,0,MVELECTRO|INE0OWZ01020|1,EQUITY,MVELECTRO|INE0OWZ01020|1
MVGJL,INE0KNT01012,2023-10-03,2026-09-30,738,4631,5368,0,MVGJL|INE0KNT01012|1,EQUITY,MVGJL|INE0KNT01012|1
MVL,,2008-06-30,2009-02-27,163,867,1029,0,MVL|NOISIN|1,UNKNOWN_NO_ISIN,MVL|NOISIN|1
MVL,,2009-06-12,2009-11-19,109,1096,1204,0,MVL|NOISIN|2,UNKNOWN_NO_ISIN,MVL|NOISIN|2
MVL,,2010-02-19,2011-06-21,336,1265,1600,0,MVL|NOISIN|3,UNKNOWN_NO_ISIN,MVL|INE744I01034|1
MVL,INE744I01034,2011-06-22,2019-08-16,1527,1601,3610,184,MVL|INE744I01034|1,EQUITY,MVL|INE744I01034|1
MVLIND,,2009-02-20,2009-06-11,70,1025,1095,1,MVLIND|NOISIN|1,UNKNOWN_NO_ISIN,MEDIA|NOISIN|1
MVLIND,,2009-08-21,2010-02-18,119,1146,1264,0,MVLIND|NOISIN|2,UNKNOWN_NO_ISIN,MVLIND|NOISIN|2
MVLIND,,2010-06-11,2011-06-21,259,1341,1600,1,MVLIND|NOISIN|3,UNKNOWN_NO_ISIN,MVLIND|INE141B01020|1
MVLIND,INE141B01020,2011-06-22,2014-06-03,486,1601,2328,58,MVLIND|INE141B01020|1,EQUITY,MVLIND|INE141B01020|1
MWL,INE0JYY01011,2025-09-18,2026-07-09,197,5114,5310,0,MWL|INE0JYY01011|1,EQUITY,MWL|INE0JYY01011|1
MWL,INE0JYY01029,2026-07-10,2026-09-30,58,5311,5368,0,MWL|INE0JYY01029|1,EQUITY,MWL|INE0JYY01011|1
MYSOREBANK,,2009-07-28,2011-06-21,473,1128,1600,0,MYSOREBANK|NOISIN|1,UNKNOWN_NO_ISIN,MYSOREBANK|INE651A01020|1
MYSOREBANK,INE651A01020,2011-06-22,2017-03-15,1411,1601,3011,0,MYSOREBANK|INE651A01020|1,EQUITY,MYSOREBANK|INE651A01020|1
MYSORECEM,,2005-01-03,2006-06-29,370,0,369,0,MYSORECEM|NOISIN|1,UNKNOWN_NO_ISIN,MYSORECEM|NOISIN|1
MYSORECEM,,2006-08-28,2009-05-14,666,410,1075,0,MYSORECEM|NOISIN|2,UNKNOWN_NO_ISIN,HEIDELBERG|INE578A01017|1
MYSORPETRO,INE741A01011,2026-08-18,2026-08-24,5,5338,5342,0,MYSORPETRO|INE741A01011|1,EQUITY,MYSORPETRO|INE741A01011|1
N100,,2011-03-31,2011-06-21,56,1545,1600,0,N100|NOISIN|1,UNKNOWN_NO_ISIN,MON100|INF247L01031|1
N100,INF247L01031,2011-06-22,2021-06-15,2459,1601,4060,1,N100|INF247L01031|1,FUND_UNIT,MON100|INF247L01031|1
NACLIND,INE295D01020,2017-09-29,2026-09-30,2060,3147,5368,144,NACLIND|INE295D01020|1,EQUITY,NACLIND|INE295D01020|1
NAGAAGRI,INE295D01020,2017-04-07,2017-09-28,120,3027,3146,0,NAGAAGRI|INE295D01020|1,EQUITY,NACLIND|INE295D01020|1
NAGAFERT,INE454M01024,2017-02-22,2026-04-09,1678,2998,5249,158,NAGAFERT|INE454M01024|1,EQUITY,NAGAFERT|INE454M01024|1
NAGARCONST,,2005-01-03,2011-03-14,1533,0,1532,0,NAGARCONST|NOISIN|1,UNKNOWN_NO_ISIN,NAGARCONST|NOISIN|1
NAGARFERT,,2005-01-03,2011-06-21,1601,0,1600,0,NAGARFERT|NOISIN|1,UNKNOWN_NO_ISIN,NAGARFERT|INE580A01013|1
NAGARFERT,INE580A01013,2011-06-22,2011-08-26,47,1601,1647,0,NAGARFERT|INE580A01013|1,EQUITY,NAGARFERT|INE580A01013|1
NAGAROIL,INE453M01018,2012-03-28,2019-08-22,1751,1790,3614,30,NAGAROIL|INE453M01018|1,EQUITY,NAGAROIL|INE453M01018|1
NAGPURENG,,2005-07-08,2005-07-29,15,130,144,0,NAGPURENG|NOISIN|1,UNKNOWN_NO_ISIN,NAGPURENG|NOISIN|1
NAGPURENG,,2006-06-12,2006-06-29,14,356,369,0,NAGPURENG|NOISIN|2,UNKNOWN_NO_ISIN,NAGPURENG|NOISIN|2
NAGPURENG,,2006-08-28,2007-01-11,94,410,503,0,NAGPURENG|NOISIN|3,UNKNOWN_NO_ISIN,NAGPURENG|NOISIN|3
NAGPURENG,,2007-03-02,2007-05-31,61,536,596,0,NAGPURENG|NOISIN|4,UNKNOWN_NO_ISIN,NAGPURENG|NOISIN|4
NAGPURENG,,2007-08-31,2008-02-21,122,661,782,0,NAGPURENG|NOISIN|5,UNKNOWN_NO_ISIN,JAYNECOIND|NOISIN|1
NAGREEKA,,2005-12-22,2007-03-21,308,242,549,0,NAGREEKA|NOISIN|1,UNKNOWN_NO_ISIN,NAGREEKA|NOISIN|1
NAGREEKCAP,,2007-09-18,2007-12-13,62,673,734,0,NAGREEKCAP|NOISIN|1,UNKNOWN_NO_ISIN,NAGREEKCAP|NOISIN|1
NAGREEKCAP,,2008-02-29,2008-05-29,58,788,845,0,NAGREEKCAP|NOISIN|2,UNKNOWN_NO_ISIN,NAGREEKCAP|NOISIN|2
NAGREEKCAP,,2008-08-22,2009-06-11,150,905,1095,6,NAGREEKCAP|NOISIN|3,UNKNOWN_NO_ISIN,NAGREEKCAP|NOISIN|3
NAGREEKCAP,,2009-08-21,2011-06-21,439,1146,1600,2,NAGREEKCAP|NOISIN|4,UNKNOWN_NO_ISIN,NAGREEKCAP|INE245I01016|1
NAGREEKCAP,INE245I01016,2011-06-22,2026-09-30,2651,1601,5368,107,NAGREEKCAP|INE245I01016|1,EQUITY,NAGREEKCAP|INE245I01016|1
NAGREEKEXP,,2007-06-18,2009-06-11,472,608,1095,2,NAGREEKEXP|NOISIN|1,UNKNOWN_NO_ISIN,NAGREEKEXP|NOISIN|1
NAGREEKEXP,,2009-08-21,2009-12-24,83,1146,1229,1,NAGREEKEXP|NOISIN|2,UNKNOWN_NO_ISIN,NAGREEKEXP|NOISIN|2
NAGREEKEXP,,2010-02-19,2011-06-21,333,1265,1600,1,NAGREEKEXP|NOISIN|3,UNKNOWN_NO_ISIN,NAGREEKEXP|INE123B01028|1
NAGREEKEXP,INE123B01028,2011-06-22,2026-09-30,3263,1601,5368,99,NAGREEKEXP|INE123B01028|1,EQUITY,NAGREEKEXP|INE123B01028|1
NAHARCAP,,2008-03-11,2011-06-21,805,794,1600,1,NAHARCAP|NOISIN|1,UNKNOWN_NO_ISIN,NAHARCAP|INE049I01012|1
NAHARCAP,INE049I01012,2011-06-22,2026-09-30,3629,1601,5368,64,NAHARCAP|INE049I01012|1,EQUITY,NAHARCAP|INE049I01012|1
NAHAREXP,,2005-01-03,2007-01-23,512,0,511,0,NAHAREXP|NOISIN|1,UNKNOWN_NO_ISIN,NAHAREXP|NOISIN|1
NAHAREXPOT,,2007-03-23,2007-10-31,153,551,703,0,NAHAREXPOT|NOISIN|1,UNKNOWN_NO_ISIN,NAHAREXPOT|NOISIN|1
NAHARINDUS,,2005-12-15,2009-04-17,822,237,1058,0,NAHARINDUS|NOISIN|1,UNKNOWN_NO_ISIN,NAHARINDUS|NOISIN|1
NAHARINDUS,,2009-06-12,2011-06-21,505,1096,1600,0,NAHARINDUS|NOISIN|2,UNKNOWN_NO_ISIN,NAHARINDUS|INE289A01011|1
NAHARINDUS,INE289A01011,2011-06-22,2026-09-30,3601,1601,5368,66,NAHARINDUS|INE289A01011|1,EQUITY,NAHARINDUS|INE289A01011|1
NAHARINTL,,2005-01-03,2005-04-15,52,0,70,19,NAHARINTL|NOISIN|1,UNKNOWN_NO_ISIN,NAHARINTL|NOISIN|1
NAHARINVST,,2007-11-01,2010-09-30,707,704,1419,2,NAHARINVST|NOISIN|1,UNKNOWN_NO_ISIN,NAHAREXPOT|NOISIN|1
NAHARINVST,,2010-12-03,2011-06-14,132,1464,1595,0,NAHARINVST|NOISIN|2,UNKNOWN_NO_ISIN,NAHARINVST|NOISIN|2
NAHARPOLY,,2011-06-16,2011-06-21,4,1597,1600,0,NAHARPOLY|NOISIN|1,UNKNOWN_NO_ISIN,NAHARINVST|NOISIN|2
NAHARPOLY,INE308A01027,2011-06-22,2026-09-30,3509,1601,5368,65,NAHARPOLY|INE308A01027|1,EQUITY,NAHARINVST|NOISIN|2
NAHARSPG,,2005-01-03,2007-01-23,512,0,511,0,NAHARSPG|NOISIN|1,UNKNOWN_NO_ISIN,NAHARSPG|NOISIN|1
NAHARSPING,,2007-03-23,2009-05-28,535,551,1085,0,NAHARSPING|NOISIN|1,UNKNOWN_NO_ISIN,NAHARSPING|NOISIN|1
NAHARSPING,,2009-08-21,2009-12-10,74,1146,1219,0,NAHARSPING|NOISIN|2,UNKNOWN_NO_ISIN,NAHARSPING|NOISIN|2
NAHARSPING,,2010-02-19,2011-06-21,336,1265,1600,0,NAHARSPING|NOISIN|3,UNKNOWN_NO_ISIN,NAHARSPING|INE290A01027|1
NAHARSPING,INE290A01027,2011-06-22,2026-09-30,3452,1601,5368,137,NAHARSPING|INE290A01027|1,EQUITY,NAHARSPING|INE290A01027|1
NAKODA,INE559B01023,2013-03-14,2018-02-21,1027,2030,3245,62,NAKODA|INE559B01023|1,EQUITY,NAKODA|INE559B01023|1
NAM-INDIA,INE298J01013,2020-01-23,2026-09-30,1653,3716,5368,0,NAM-INDIA|INE298J01013|1,EQUITY,NAM-INDIA|INE298J01013|1
NANDAN,,2005-12-29,2008-01-10,506,247,752,0,NANDAN|NOISIN|1,UNKNOWN_NO_ISIN,NANDAN|NOISIN|1
NANDAN,,2008-02-29,2009-05-28,298,788,1085,0,NANDAN|NOISIN|2,UNKNOWN_NO_ISIN,NANDAN|NOISIN|2
NANDAN,,2009-08-21,2011-06-21,437,1146,1600,18,NANDAN|NOISIN|3,UNKNOWN_NO_ISIN,NANDAN|INE875G01022|1
NANDAN,INE875G01022,2011-06-22,2012-03-06,175,1601,1775,0,NANDAN|INE875G01022|1,EQUITY,NANDAN|INE875G01022|1
NANDANEXIM,INE875G01030,2012-03-23,2013-11-20,411,1787,2197,0,NANDANEXIM|INE875G01030|1,EQUITY,NANDANEXIM|INE875G01030|1
NARMADA,INE117Z01011,2022-10-27,2026-07-30,640,4400,5325,164,NARMADA|INE117Z01011|1,EQUITY,NARMADA|INE117Z01011|1
NARMADA,INE117Z01029,2026-07-31,2026-09-30,43,5326,5368,0,NARMADA|INE117Z01029|1,EQUITY,NARMADA|INE117Z01011|1
NARMDCHEMA,,2005-01-03,2005-04-07,66,0,65,0,NARMDCHEMA|NOISIN|1,UNKNOWN_NO_ISIN,NARMDCHEMA|NOISIN|1
NARMDCHEMA,,2005-07-08,2007-03-14,415,130,544,0,NARMDCHEMA|NOISIN|2,UNKNOWN_NO_ISIN,NARMDCHEMA|NOISIN|2
NATCAPSUQ,INE936B01015,2025-02-14,2026-09-02,341,4969,5349,40,NATCAPSUQ|INE936B01015|1,EQUITY,NATCAPSUQ|INE936B01015|1
NATCOPHARM,,2005-01-03,2006-06-29,370,0,369,0,NATCOPHARM|NOISIN|1,UNKNOWN_NO_ISIN,NATCOPHARM|NOISIN|1
NATCOPHARM,,2006-08-28,2011-06-21,1190,410,1600,1,NATCOPHARM|NOISIN|2,UNKNOWN_NO_ISIN,NATCOPHARM|INE987B01018|1
NATCOPHARM,INE987B01018,2011-06-22,2015-11-26,1065,1601,2691,26,NATCOPHARM|INE987B01018|1,EQUITY,NATCOPHARM|INE987B01018|1
NATCOPHARM,INE987B01026,2015-11-27,2026-09-30,2677,2692,5368,0,NATCOPHARM|INE987B01026|1,EQUITY,NATCOPHARM|INE987B01018|1
NATHBIOGEN,INE448G01010,2015-02-23,2026-09-30,2745,2504,5368,63,NATHBIOGEN|INE448G01010|1,EQUITY,NATHBIOGEN|INE448G01010|1
NATHSEED,INE778A01021,2011-09-22,2014-02-28,404,1664,2267,51,NATHSEED|INE778A01021|1,EQUITY,NATHSEED|INE778A01021|1
NATIONALUM,,2005-01-03,2011-06-21,1601,0,1600,0,NATIONALUM|NOISIN|1,UNKNOWN_NO_ISIN,NATIONALUM|INE139A01034|1
NATIONALUM,INE139A01034,2011-06-22,2026-09-30,3768,1601,5368,0,NATIONALUM|INE139A01034|1,EQUITY,NATIONALUM|INE139A01034|1
NATIONSTD,INE166R01015,2026-04-20,2026-09-30,113,5255,5368,1,NATIONSTD|INE166R01015|1,EQUITY,NATIONSTD|INE166R01015|1
NATNLSTEEL,,2005-01-03,2009-05-04,1068,0,1067,0,NATNLSTEEL|NOISIN|1,UNKNOWN_NO_ISIN,NATNLSTEEL|NOISIN|1
NATNLSTEEL,,2009-08-21,2009-09-17,20,1146,1165,0,NATNLSTEEL|NOISIN|2,UNKNOWN_NO_ISIN,NATNLSTEEL|NOISIN|2
NATNLSTEEL,,2009-11-20,2011-06-21,378,1205,1600,18,NATNLSTEEL|NOISIN|3,UNKNOWN_NO_ISIN,NATNLSTEEL|INE088B01015|1
NATNLSTEEL,INE088B01015,2011-06-22,2022-01-10,1332,1601,4203,785,NATNLSTEEL|INE088B01015|1,EQUITY,NATNLSTEEL|INE088B01015|1
NAUKRI,,2006-11-21,2011-06-21,1132,468,1600,1,NAUKRI|NOISIN|1,UNKNOWN_NO_ISIN,NAUKRI|INE663F01024|1
NAUKRI,INE663F01024,2011-06-22,2025-05-06,3419,1601,5019,0,NAUKRI|INE663F01024|1,EQUITY,NAUKRI|INE663F01024|1
NAUKRI,INE663F01032,2025-05-07,2026-09-30,349,5020,5368,0,NAUKRI|INE663F01032|1,EQUITY,NAUKRI|INE663F01024|1
NAVA,INE725A01022,2022-07-29,2025-01-17,609,4341,4949,0,NAVA|INE725A01022|1,EQUITY,NAVA|INE725A01022|1
NAVA,INE725A01030,2025-01-20,2026-09-30,419,4950,5368,0,NAVA|INE725A01030|1,EQUITY,NAVA|INE725A01022|1
NAVBARFERO,,2005-01-03,2006-07-28,391,0,390,0,NAVBARFERO|NOISIN|1,UNKNOWN_NO_ISIN,NAVA|INE725A01022|1
NAVINFLUOR,,2007-06-01,2011-06-21,1003,597,1600,1,NAVINFLUOR|NOISIN|1,UNKNOWN_NO_ISIN,NAVINFLUOR|INE048G01018|1
NAVINFLUOR,INE048G01018,2011-06-22,2017-07-19,1471,1601,3097,26,NAVINFLUOR|INE048G01018|1,EQUITY,NAVINFLUOR|INE048G01018|1
NAVINFLUOR,INE048G01026,2017-07-20,2026-09-30,2271,3098,5368,0,NAVINFLUOR|INE048G01026|1,EQUITY,NAVINFLUOR|INE048G01018|1
NAVINIFTY,INF959L01HI3,2023-09-25,2024-11-28,288,4626,4914,1,NAVINIFTY|INF959L01HI3|1,FUND_UNIT,NAVINIFTY|INF959L01HI3|1
NAVKARCORP,INE278M01019,2015-09-09,2026-09-30,2728,2641,5368,0,NAVKARCORP|INE278M01019|1,EQUITY,NAVKARCORP|INE278M01019|1
NAVKARURB,INE268H01036,2025-01-17,2025-05-08,8,4949,5021,65,NAVKARURB|INE268H01036|1,EQUITY,NAVKARURB|INE268H01036|1
NAVKARURB,INE268H01044,2025-05-09,2026-09-30,153,5022,5368,98,NAVKARURB|INE268H01044|1,EQUITY,NAVKARURB|INE268H01036|1
NAVNETEDUL,INE060A01024,2013-09-19,2026-09-30,3212,2157,5368,0,NAVNETEDUL|INE060A01024|1,EQUITY,NAVNETEDUL|INE060A01024|1
NAVNETPUBL,,2005-01-03,2011-06-21,1601,0,1600,0,NAVNETPUBL|NOISIN|1,UNKNOWN_NO_ISIN,NAVNETEDUL|INE060A01024|1
NAVNETPUBL,INE060A01024,2011-06-22,2013-09-18,556,1601,2156,0,NAVNETPUBL|INE060A01024|1,EQUITY,NAVNETEDUL|INE060A01024|1
NAZARA,INE418L01021,2021-03-30,2025-09-25,1054,4009,5119,57,NAZARA|INE418L01021|1,EQUITY,NAZARA|INE418L01021|1
NAZARA,INE418L01047,2025-09-26,2026-09-30,249,5120,5368,0,NAZARA|INE418L01047|1,EQUITY,NAZARA|INE418L01021|1
NBCC,INE095N01015,2012-04-26,2016-06-02,1010,1809,2818,0,NBCC|INE095N01015|1,EQUITY,NBCC|INE095N01015|1
NBCC,INE095N01023,2016-06-03,2018-04-25,469,2819,3287,0,NBCC|INE095N01023|1,EQUITY,NBCC|INE095N01015|1
NBCC,INE095N01031,2018-04-26,2026-09-30,2081,3288,5368,0,NBCC|INE095N01031|1,EQUITY,NBCC|INE095N01015|1
NBIFIN,INE365I01012,2017-05-30,2017-12-07,133,3062,3194,0,NBIFIN|INE365I01012|1,EQUITY,NBIFIN|INE365I01012|1
NBIFIN,INE365I01020,2017-12-08,2026-09-30,2041,3195,5368,66,NBIFIN|INE365I01020|1,EQUITY,NBIFIN|INE365I01012|1
NBVENTURES,,2006-07-31,2011-06-21,1209,391,1600,1,NBVENTURES|NOISIN|1,UNKNOWN_NO_ISIN,NAVA|INE725A01022|1
NBVENTURES,INE725A01022,2011-06-22,2022-07-28,2740,1601,4340,0,NBVENTURES|INE725A01022|1,EQUITY,NAVA|INE725A01022|1
NCC,,2011-03-15,2011-06-21,68,1533,1600,0,NCC|NOISIN|1,UNKNOWN_NO_ISIN,NAGARCONST|NOISIN|1
NCC,INE868B01028,2011-06-22,2026-09-30,3768,1601,5368,0,NCC|INE868B01028|1,EQUITY,NAGARCONST|NOISIN|1
NCLIND,,2007-04-03,2011-06-21,1043,557,1600,1,NCLIND|NOISIN|1,UNKNOWN_NO_ISIN,NCLIND|INE732C01016|1
NCLIND,INE732C01016,2011-06-22,2026-09-30,3691,1601,5368,71,NCLIND|INE732C01016|1,EQUITY,NCLIND|INE732C01016|1
NCOPPER,INE846H01039,2011-10-17,2015-10-19,793,1680,2666,76,NCOPPER|INE846H01039|1,EQUITY,NCOPPER|INE846H01039|1
NCPSESDL24,INF204KB18W4,2020-11-18,2022-05-09,361,3920,4282,2,NCPSESDL24|INF204KB18W4|1,FUND_UNIT,NCPSESDL24|INF204KB18W4|1
NDGL,INE756C01015,2016-09-15,2026-09-30,2093,2889,5368,89,NDGL|INE756C01015|1,EQUITY,NDGL|INE756C01015|1
NDL,INE875G01030,2013-11-21,2024-09-10,2528,2198,4860,52,NDL|INE875G01030|1,EQUITY,NANDANEXIM|INE875G01030|1
NDL,INE875G01048,2024-12-31,2026-09-30,433,4936,5368,0,NDL|INE875G01048|1,EQUITY,NDL|INE875G01048|1
NDLVENTURE,INE353A01023,2023-05-09,2026-09-30,587,4530,5368,117,NDLVENTURE|INE353A01023|1,EQUITY,HINDUJATMT|NOISIN|1
NDRAUTO,INE07OG01012,2020-08-13,2026-09-30,1297,3853,5368,162,NDRAUTO|INE07OG01012|1,EQUITY,NDRAUTO|INE07OG01012|1
NDTV,,2005-01-03,2011-06-21,1601,0,1600,0,NDTV|NOISIN|1,UNKNOWN_NO_ISIN,NDTV|INE155G01029|1
NDTV,INE155G01029,2011-06-22,2026-09-30,3424,1601,5368,68,NDTV|INE155G01029|1,EQUITY,NDTV|INE155G01029|1
NEAGI,INE605D01012,2026-04-22,2026-09-29,82,5257,5367,4,NEAGI|INE605D01012|1,EQUITY,NEAGI|INE605D01012|1
NECCLTD,INE553C01016,2016-03-02,2026-07-02,2384,2758,5305,66,NECCLTD|INE553C01016|1,EQUITY,NECCLTD|INE553C01016|1
NECLIFE,,2005-07-18,2009-06-11,960,136,1095,0,NECLIFE|NOISIN|1,UNKNOWN_NO_ISIN,NECLIFE|NOISIN|1
NECLIFE,,2009-08-21,2011-06-21,455,1146,1600,0,NECLIFE|NOISIN|2,UNKNOWN_NO_ISIN,NECLIFE|INE023H01027|1
NECLIFE,INE023H01027,2011-06-22,2026-09-30,3476,1601,5368,95,NECLIFE|INE023H01027|1,EQUITY,NECLIFE|INE023H01027|1
NEHAINT,,2010-08-09,2010-11-25,77,1382,1458,0,NEHAINT|NOISIN|1,UNKNOWN_NO_ISIN,NEHAINT|NOISIN|1
NEHAINT,,2011-06-17,2011-06-21,3,1598,1600,0,NEHAINT|NOISIN|2,UNKNOWN_NO_ISIN,NEHAINT|INE874D01022|1
NEHAINT,INE874D01022,2011-06-22,2015-01-29,664,1601,2488,77,NEHAINT|INE874D01022|1,EQUITY,NEHAINT|INE874D01022|1
NELCAST,,2007-06-27,2009-08-06,520,615,1135,1,NELCAST|NOISIN|1,UNKNOWN_NO_ISIN,NELCAST|NOISIN|1
NELCAST,,2009-11-20,2011-06-21,396,1205,1600,0,NELCAST|NOISIN|2,UNKNOWN_NO_ISIN,NELCAST|INE189I01016|1
NELCAST,INE189I01016,2011-06-22,2011-09-06,52,1601,1652,0,NELCAST|INE189I01016|1,EQUITY,NELCAST|INE189I01016|1
NELCAST,INE189I01024,2011-09-07,2026-09-30,3690,1653,5368,26,NELCAST|INE189I01024|1,EQUITY,NELCAST|INE189I01016|1
NELCO,,2005-01-03,2005-05-19,95,0,94,0,NELCO|NOISIN|1,UNKNOWN_NO_ISIN,NELCO|NOISIN|1
NELCO,,2005-07-08,2005-07-21,10,130,139,0,NELCO|NOISIN|2,UNKNOWN_NO_ISIN,NELCO|NOISIN|2
NELCO,,2006-06-12,2008-01-10,397,356,752,0,NELCO|NOISIN|3,UNKNOWN_NO_ISIN,NELCO|NOISIN|3
NELCO,,2008-02-29,2008-05-29,58,788,845,0,NELCO|NOISIN|4,UNKNOWN_NO_ISIN,NELCO|NOISIN|4
NELCO,,2008-08-22,2008-12-12,74,905,978,0,NELCO|NOISIN|5,UNKNOWN_NO_ISIN,NELCO|NOISIN|5
NELCO,,2009-03-02,2009-04-02,22,1030,1051,0,NELCO|NOISIN|6,UNKNOWN_NO_ISIN,NELCO|NOISIN|6
NELCO,,2009-06-12,2011-06-21,491,1096,1600,14,NELCO|NOISIN|7,UNKNOWN_NO_ISIN,NELCO|INE045B01015|1
NELCO,INE045B01015,2011-06-22,2026-09-30,3449,1601,5368,72,NELCO|INE045B01015|1,EQUITY,NELCO|INE045B01015|1
NEOCORP,INE851C01014,2012-03-02,2014-06-12,499,1773,2335,61,NEOCORP|INE851C01014|1,EQUITY,NEOCORP|INE851C01014|1
NEOCURE,,2009-01-22,2009-06-11,86,1005,1095,2,NEOCURE|NOISIN|1,UNKNOWN_NO_ISIN,NEOCURE|NOISIN|1
NEOCURE,,2009-11-20,2010-12-09,246,1205,1468,18,NEOCURE|NOISIN|2,UNKNOWN_NO_ISIN,NEOCURE|NOISIN|2
NEOCURE,,2011-03-07,2011-06-21,74,1527,1600,0,NEOCURE|NOISIN|3,UNKNOWN_NO_ISIN,COUNCODOS|INE695B01025|1
NEOCURE,INE695B01025,2011-06-22,2012-08-30,191,1601,1896,48,NEOCURE|INE695B01025|1,EQUITY,COUNCODOS|INE695B01025|1
NEOCURTHER,,2005-04-08,2005-04-15,5,66,70,0,NEOCURTHER|NOISIN|1,UNKNOWN_NO_ISIN,NEOCURTHER|NOISIN|1
NEOCURTHER,,2006-06-12,2006-10-19,74,356,447,3,NEOCURTHER|NOISIN|2,UNKNOWN_NO_ISIN,NEOCURTHER|NOISIN|2
NEOCURTHER,,2006-11-24,2006-12-14,15,471,485,0,NEOCURTHER|NOISIN|3,UNKNOWN_NO_ISIN,NEOCURTHER|NOISIN|3
NEOCURTHER,,2007-12-03,2007-12-28,18,726,743,0,NEOCURTHER|NOISIN|4,UNKNOWN_NO_ISIN,NEOCURTHER|NOISIN|4
NEOCURTHER,,2008-02-29,2008-04-21,32,788,819,0,NEOCURTHER|NOISIN|5,UNKNOWN_NO_ISIN,NEOCURTHER|NOISIN|5
NEOCURTHER,,2008-06-13,2008-11-10,83,856,957,19,NEOCURTHER|NOISIN|6,UNKNOWN_NO_ISIN,NEOCURTHER|NOISIN|6
NEOGEN,INE136S01016,2019-05-22,2026-09-30,1765,3551,5368,53,NEOGEN|INE136S01016|1,EQUITY,NEOGEN|INE136S01016|1
NEPCMICON,,2006-11-24,2006-12-14,15,471,485,0,NEPCMICON|NOISIN|1,UNKNOWN_NO_ISIN,NEPCMICON|NOISIN|1
NEPCMICON,,2007-03-02,2007-07-12,91,536,626,0,NEPCMICON|NOISIN|2,UNKNOWN_NO_ISIN,NEPCMICON|NOISIN|2
NEPCMICON,,2007-08-31,2007-12-13,74,661,734,0,NEPCMICON|NOISIN|3,UNKNOWN_NO_ISIN,NEPCMICON|NOISIN|3
NEPCMICON,,2008-02-29,2008-05-29,58,788,845,0,NEPCMICON|NOISIN|4,UNKNOWN_NO_ISIN,NEPCMICON|NOISIN|4
NEPCMICON,,2008-08-22,2009-05-28,180,905,1085,1,NEPCMICON|NOISIN|5,UNKNOWN_NO_ISIN,NEPCMICON|NOISIN|5
NEPCMICON,,2009-08-21,2009-12-24,84,1146,1229,0,NEPCMICON|NOISIN|6,UNKNOWN_NO_ISIN,NEPCMICON|NOISIN|6
NEPCMICON,,2010-02-19,2011-04-18,291,1265,1555,0,NEPCMICON|NOISIN|7,UNKNOWN_NO_ISIN,NEPCMICON|NOISIN|7
NEPCMICON,,2011-06-17,2011-06-21,3,1598,1600,0,NEPCMICON|NOISIN|8,UNKNOWN_NO_ISIN,NEPCMICON|INE588A01016|1
NEPCMICON,INE588A01016,2011-06-22,2014-06-12,693,1601,2335,42,NEPCMICON|INE588A01016|1,EQUITY,NEPCMICON|INE588A01016|1
NEPHROPLUS,INE428V01029,2025-12-17,2026-09-30,194,5175,5368,0,NEPHROPLUS|INE428V01029|1,EQUITY,NEPHROPLUS|INE428V01029|1
NESCO,,2008-04-08,2011-06-21,789,812,1600,0,NESCO|NOISIN|1,UNKNOWN_NO_ISIN,NESCO|INE317F01027|1
NESCO,INE317F01027,2011-06-22,2017-09-15,1537,1601,3137,0,NESCO|INE317F01027|1,EQUITY,NESCO|INE317F01027|1
NESCO,INE317F01035,2017-09-18,2026-09-30,2231,3138,5368,0,NESCO|INE317F01035|1,EQUITY,NESCO|INE317F01027|1
NESTLEIND,,2010-01-08,2011-06-21,364,1237,1600,0,NESTLEIND|NOISIN|1,UNKNOWN_NO_ISIN,NESTLEIND|INE239A01016|1
NESTLEIND,INE239A01016,2011-06-22,2024-01-04,3094,1601,4694,0,NESTLEIND|INE239A01016|1,EQUITY,NESTLEIND|INE239A01016|1
NESTLEIND,INE239A01024,2024-01-05,2026-09-30,674,4695,5368,0,NESTLEIND|INE239A01024|1,EQUITY,NESTLEIND|INE239A01016|1
NET4,,2011-02-28,2011-06-21,78,1523,1600,0,NET4|NOISIN|1,UNKNOWN_NO_ISIN,NET4INDIA|NOISIN|1
NET4,INE553E01012,2011-06-22,2017-03-23,1087,1601,3017,50,NET4|INE553E01012|1,EQUITY,NET4INDIA|NOISIN|1
NET4INDIA,,2010-12-10,2011-02-25,54,1469,1522,0,NET4INDIA|NOISIN|1,UNKNOWN_NO_ISIN,NET4INDIA|NOISIN|1
NETF,INF277K015R5,2019-01-07,2026-09-30,1847,3460,5368,4,NETF|INF277K015R5|1,FUND_UNIT,NETF|INF277K015R5|1
NETFAUTO,INF204KC1337,2022-01-25,2022-05-09,69,4214,4282,0,NETFAUTO|INF204KC1337|1,FUND_UNIT,AUTOBEES|INF204KC1337|1
NETFCONSUM,INF204KA1LD7,2019-10-30,2022-05-09,626,3657,4282,0,NETFCONSUM|INF204KA1LD7|1,FUND_UNIT,CONSUMBEES|INF204KA1LD7|1
NETFDIVOPP,INF204KA1MS3,2019-10-30,2022-05-09,626,3657,4282,0,NETFDIVOPP|INF204KA1MS3|1,FUND_UNIT,DIVOPPBEES|INF204KA1MS3|1
NETFGILT5Y,INF204KC1030,2021-04-08,2022-05-09,264,4015,4282,1,NETFGILT5Y|INF204KC1030|1,FUND_UNIT,GILT5YBEES|INF204KC1030|1
NETFINCO,,2007-06-19,2007-12-28,135,609,743,0,NETFINCO|NOISIN|1,UNKNOWN_NO_ISIN,NETFINCO|NOISIN|1
NETFINCO,,2008-02-29,2008-11-20,168,788,964,3,NETFINCO|NOISIN|2,UNKNOWN_NO_ISIN,NETFINCO|NOISIN|2
NETFIT,INF204KB15V2,2020-07-01,2022-05-09,461,3822,4282,0,NETFIT|INF204KB15V2|1,FUND_UNIT,ITBEES|INF204KB15V2|1
NETFLTGILT,INF204KB1882,2019-10-30,2022-05-09,626,3657,4282,0,NETFLTGILT|INF204KB1882|1,FUND_UNIT,LTGILTBEES|INF204KB1882|1
NETFMID150,INF204KB1V68,2019-10-30,2022-05-09,626,3657,4282,0,NETFMID150|INF204KB1V68|1,FUND_UNIT,MID150BEES|INF204KB1V68|1
NETFNIF100,INF204K014N5,2019-10-30,2022-05-09,625,3657,4282,1,NETFNIF100|INF204K014N5|1,FUND_UNIT,NETFNIF100|INF204K014N5|1
NETFNV20,INF204KA17D8,2019-10-30,2019-12-19,36,3657,3692,0,NETFNV20|INF204KA17D8|1,FUND_UNIT,NETFNV20|INF204KA17D8|1
NETFNV20,INF204KB18I3,2019-12-20,2022-05-09,590,3693,4282,0,NETFNV20|INF204KB18I3|1,FUND_UNIT,NETFNV20|INF204KB18I3|1
NETFPHARMA,INF204KC1089,2021-07-07,2022-05-09,207,4076,4282,0,NETFPHARMA|INF204KC1089|1,FUND_UNIT,NETFPHARMA|INF204KC1089|1
NETFSDL26,INF204KC1022,2021-03-31,2022-05-09,270,4010,4282,1,NETFSDL26|INF204KC1022|1,FUND_UNIT,NETFSDL26|INF204KC1022|1
NETFSILVER,INF204KC1402,2022-02-07,2022-05-09,61,4222,4282,0,NETFSILVER|INF204KC1402|1,FUND_UNIT,NETFSILVER|INF204KC1402|1
NETWEB,INE0NT901020,2023-07-27,2026-09-30,777,4586,5368,6,NETWEB|INE0NT901020|1,EQUITY,NETWEB|INE0NT901020|1
NETWORK18,,2007-02-02,2011-06-21,1084,517,1600,0,NETWORK18|NOISIN|1,UNKNOWN_NO_ISIN,NETWORK18|INE870H01013|1
NETWORK18,INE870H01013,2011-06-22,2026-09-30,3618,1601,5368,59,NETWORK18|INE870H01013|1,EQUITY,NETWORK18|INE870H01013|1
NEULANDLAB,,2008-10-13,2010-12-09,497,938,1468,5,NEULANDLAB|NOISIN|1,UNKNOWN_NO_ISIN,NEULANDLAB|NOISIN|1
NEULANDLAB,,2011-03-07,2011-06-21,73,1527,1600,1,NEULANDLAB|NOISIN|2,UNKNOWN_NO_ISIN,NEULANDLAB|INE794A01010|1
NEULANDLAB,INE794A01010,2011-06-22,2026-09-30,3633,1601,5368,65,NEULANDLAB|INE794A01010|1,EQUITY,NEULANDLAB|INE794A01010|1
NEWGEN,INE619B01017,2018-01-29,2026-09-30,2010,3229,5368,67,NEWGEN|INE619B01017|1,EQUITY,NEWGEN|INE619B01017|1
NEXT30ADD,INF740KA1VE5,2025-02-05,2026-09-30,407,4962,5368,0,NEXT30ADD|INF740KA1VE5|1,FUND_UNIT,NEXT30ADD|INF740KA1VE5|1
NEXT50,INF769K01FN2,2023-09-01,2026-09-30,758,4611,5368,0,NEXT50|INF769K01FN2|1,FUND_UNIT,MANXT50|INF769K01FN2|1
NEXT50ADD,INF740KA1XU7,2026-01-09,2026-09-30,178,5191,5368,0,NEXT50ADD|INF740KA1XU7|1,FUND_UNIT,NEXT50ADD|INF740KA1XU7|1
NEXT50BETA,INF789F1AUW9,2025-12-24,2026-09-30,189,5180,5368,0,NEXT50BETA|INF789F1AUW9|1,FUND_UNIT,NEXT50BETA|INF789F1AUW9|1
NEXT50ETF,INF174KA1YO3,2026-01-14,2026-09-30,175,5194,5368,0,NEXT50ETF|INF174KA1YO3|1,FUND_UNIT,NEXT50ETF|INF174KA1YO3|1
NEXT50IETF,INF109KC1NS5,2023-12-20,2026-09-30,685,4684,5368,0,NEXT50IETF|INF109KC1NS5|1,FUND_UNIT,ICICINXT50|INF109KC1NS5|1
NEXTMEDIA,,2011-06-15,2011-06-21,5,1596,1600,0,NEXTMEDIA|NOISIN|1,UNKNOWN_NO_ISIN,MID-DAY|NOISIN|4
NEXTMEDIA,INE747B01016,2011-06-22,2026-09-30,2754,1601,5368,87,NEXTMEDIA|INE747B01016|1,EQUITY,MID-DAY|NOISIN|4
NEYVELILIG,,2005-01-03,2011-06-21,1601,0,1600,0,NEYVELILIG|NOISIN|1,UNKNOWN_NO_ISIN,NEYVELILIG|INE589A01014|1
NEYVELILIG,INE589A01014,2011-06-22,2016-08-03,1261,1601,2861,0,NEYVELILIG|INE589A01014|1,EQUITY,NEYVELILIG|INE589A01014|1
NFL,,2006-12-28,2011-06-21,1107,494,1600,0,NFL|NOISIN|1,UNKNOWN_NO_ISIN,NFL|INE870D01012|1
NFL,INE870D01012,2011-06-22,2026-09-30,3768,1601,5368,0,NFL|INE870D01012|1,EQUITY,NFL|INE870D01012|1
NGCT,INE970N01019,2013-11-28,2016-08-24,550,2203,2875,25,NGCT|INE970N01019|1,EQUITY,NGCT|INE970N01019|1
NGIL,INE236Y01012,2021-08-20,2026-09-30,967,4106,5368,127,NGIL|INE236Y01012|1,EQUITY,NGIL|INE236Y01012|1
NGLFINE,INE887E01022,2022-07-08,2026-09-30,949,4326,5368,94,NGLFINE|INE887E01022|1,EQUITY,NGLFINE|INE887E01022|1
NH,INE410P01011,2016-01-06,2026-09-30,2650,2719,5368,0,NH|INE410P01011|1,EQUITY,NH|INE410P01011|1
NHPC,,2009-09-01,2011-06-21,448,1153,1600,0,NHPC|NOISIN|1,UNKNOWN_NO_ISIN,NHPC|INE848E01016|1
NHPC,INE848E01016,2011-06-22,2026-09-30,3768,1601,5368,0,NHPC|INE848E01016|1,EQUITY,NHPC|INE848E01016|1
NIACL,INE470Y01017,2017-11-13,2026-09-30,2193,3176,5368,0,NIACL|INE470Y01017|1,EQUITY,NIACL|INE470Y01017|1
NIBE,INE149O01018,2025-02-07,2026-09-30,405,4964,5368,0,NIBE|INE149O01018|1,EQUITY,NIBE|INE149O01018|1
NIBL,INE047O01014,2013-05-02,2026-09-30,2558,2060,5368,92,NIBL|INE047O01014|1,EQUITY,NIBL|INE047O01014|1
NICCO,,2006-12-18,2009-05-28,598,487,1085,1,NICCO|NOISIN|1,UNKNOWN_NO_ISIN,NICCO|NOISIN|1
NICCO,,2009-08-21,2011-06-21,437,1146,1600,18,NICCO|NOISIN|2,UNKNOWN_NO_ISIN,NICCO|INE241C01026|1
NICCO,INE241C01026,2011-06-22,2016-01-04,686,1601,2717,69,NICCO|INE241C01026|1,EQUITY,NICCO|INE241C01026|1
NICCOCORP,,2005-04-08,2005-04-15,5,66,70,0,NICCOCORP|NOISIN|1,UNKNOWN_NO_ISIN,NICCOCORP|NOISIN|1
NICCOCORP,,2005-07-08,2005-07-14,5,130,134,0,NICCOCORP|NOISIN|2,UNKNOWN_NO_ISIN,NICCOCORP|NOISIN|2
NICCOCORP,,2006-06-12,2006-09-28,78,356,433,0,NICCOCORP|NOISIN|3,UNKNOWN_NO_ISIN,NICCOCORP|NOISIN|3
NICCOPAR,INE653C01022,2026-08-18,2026-09-30,31,5338,5368,0,NICCOPAR|INE653C01022|1,EQUITY,NICCOPAR|INE653C01022|1
NICOLASPIR,,2005-01-03,2008-06-18,860,0,859,0,NICOLASPIR|NOISIN|1,UNKNOWN_NO_ISIN,NICOLASPIR|NOISIN|1
NIF100BEES,INF204K014N5,2022-05-10,2026-09-30,1086,4283,5368,0,NIF100BEES|INF204K014N5|1,FUND_UNIT,NETFNIF100|INF204K014N5|1
NIF100IETF,INF109KA1962,2023-12-20,2024-05-09,93,4684,4776,0,NIF100IETF|INF109KA1962|1,FUND_UNIT,ICCNX100|INF109KA1962|1
NIF100IETF,INF109KC16V9,2024-05-10,2026-09-30,592,4777,5368,0,NIF100IETF|INF109KC16V9|1,FUND_UNIT,NIF100IETF|INF109KC16V9|1
NIF100IWIN,INF109KA1962,2016-07-25,2018-04-09,422,2854,3275,0,NIF100IWIN|INF109KA1962|1,FUND_UNIT,ICCNX100|INF109KA1962|1
NIF10GETF,INF789F1AZF3,2024-02-05,2025-12-23,462,4714,5179,2,NIF10GETF|INF789F1AZF3|1,FUND_UNIT,GILT10BETA|INF789F1AZF3|1
NIF500BETA,INF789F1AG76,2026-08-28,2026-09-30,23,5346,5368,0,NIF500BETA|INF789F1AG76|1,FUND_UNIT,NIF500BETA|INF789F1AG76|1
NIF5GETF,INF789F1AZE6,2024-02-05,2025-12-23,446,4714,5179,2,NIF5GETF|INF789F1AZE6|1,FUND_UNIT,GILT5BETA|INF789F1AZE6|1
NIFETF,INF109K012R6,2013-04-05,2014-05-02,211,2044,2306,4,NIFETF|INF109K012R6|1,FUND_UNIT,ICICINIFTY|INF109K012R6|1
NIFITETF,INF789F1AZD8,2024-02-01,2025-12-23,468,4712,5179,0,NIFITETF|INF789F1AZD8|1,FUND_UNIT,ITBETA|INF789F1AZD8|1
NIFMID150,INF789F1AYX9,2023-09-05,2025-12-23,566,4613,5179,1,NIFMID150|INF789F1AYX9|1,FUND_UNIT,MIDCAPBETA|INF789F1AYX9|1
NIFTY1,INF174K014P6,2024-03-20,2026-09-30,624,4745,5368,0,NIFTY1|INF174K014P6|1,FUND_UNIT,KOTAKNIFTY|INF174K014P6|1
NIFTY100EW,INF174KA1UW4,2025-03-04,2026-09-30,389,4980,5368,0,NIFTY100EW|INF174KA1UW4|1,FUND_UNIT,NIFTY100EW|INF174KA1UW4|1
NIFTY50ADD,INF740KA1CL0,2024-02-15,2025-12-12,451,4722,5172,0,NIFTY50ADD|INF740KA1CL0|1,FUND_UNIT,DSPN50ETF|INF740KA1CL0|1
NIFTYADD,INF740KA1CL0,2025-12-15,2026-09-30,196,5173,5368,0,NIFTYADD|INF740KA1CL0|1,FUND_UNIT,DSPN50ETF|INF740KA1CL0|1
NIFTYAXIS,INF846K01W98,2026-07-03,2026-09-30,63,5306,5368,0,NIFTYAXIS|INF846K01W98|1,FUND_UNIT,AXISNIFTY|INF846K01W98|1
NIFTYBEES,,2005-01-03,2011-06-21,1601,0,1600,0,NIFTYBEES|NOISIN|1,UNKNOWN_NO_ISIN,NIFTYBEES|INF732E01011|1
NIFTYBEES,INF204KB14I2,2019-12-20,2026-09-30,1676,3693,5368,0,NIFTYBEES|INF204KB14I2|1,FUND_UNIT,NIFTYBEES|INF204KB14I2|1
NIFTYBEES,INF732E01011,2011-06-22,2019-12-19,2092,1601,3692,0,NIFTYBEES|INF732E01011|1,FUND_UNIT,NIFTYBEES|INF732E01011|1
NIFTYBETA,INF789F1AZC0,2025-12-24,2026-09-30,189,5180,5368,0,NIFTYBETA|INF789F1AZC0|1,FUND_UNIT,NIFTYBETA|INF789F1AZC0|1
NIFTYBETF,INF0QA701722,2024-01-29,2026-09-30,660,4709,5368,0,NIFTYBETF|INF0QA701722|1,FUND_UNIT,NIFTYBETF|INF0QA701722|1
NIFTYCASE,INF0R8F01166,2025-10-20,2026-09-30,234,5135,5368,0,NIFTYCASE|INF0R8F01166|1,FUND_UNIT,NIFTYCASE|INF0R8F01166|1
NIFTYEES,INF754K01EK3,2015-05-14,2021-09-29,873,2557,4133,23,NIFTYEES|INF754K01EK3|1,FUND_UNIT,NIFTYEES|INF754K01EK3|1
NIFTYETF,INF769K01EG9,2023-09-01,2026-09-30,758,4611,5368,0,NIFTYETF|INF769K01EG9|1,FUND_UNIT,MAN50ETF|INF769K01EG9|1
NIFTYIETF,INF109K012R6,2023-12-20,2026-09-30,685,4684,5368,0,NIFTYIETF|INF109K012R6|1,FUND_UNIT,ICICINIFTY|INF109K012R6|1
NIFTYIWIN,INF109K012R6,2016-07-25,2018-04-09,422,2854,3275,0,NIFTYIWIN|INF109K012R6|1,FUND_UNIT,ICICINIFTY|INF109K012R6|1
NIFTYJBLK,INF22M001184,2026-08-20,2026-09-30,29,5340,5368,0,NIFTYJBLK|INF22M001184|1,FUND_UNIT,NIFTYJBLK|INF22M001184|1
NIFTYQLITY,INF209KB15K4,2022-08-19,2026-09-30,1015,4354,5368,0,NIFTYQLITY|INF209KB15K4|1,FUND_UNIT,NIFTYQLITY|INF209KB15K4|1
NIITLTD,,2005-01-03,2011-06-21,1601,0,1600,0,NIITLTD|NOISIN|1,UNKNOWN_NO_ISIN,NIITLTD|INE161A01038|1
NIITLTD,INE161A01038,2011-06-22,2026-09-30,3732,1601,5368,26,NIITLTD|INE161A01038|1,EQUITY,NIITLTD|INE161A01038|1
NIITMTS,INE342G01023,2023-08-23,2026-09-30,765,4604,5368,0,NIITMTS|INE342G01023|1,EQUITY,NIITMTS|INE342G01023|1
NIITTECH,,2005-01-03,2011-06-21,1601,0,1600,0,NIITTECH|NOISIN|1,UNKNOWN_NO_ISIN,COFORGE|INE591G01017|1
NIITTECH,INE591G01017,2011-06-22,2020-08-19,2257,1601,3857,0,NIITTECH|INE591G01017|1,EQUITY,COFORGE|INE591G01017|1
NILAINFRA,INE937C01029,2015-05-21,2026-09-30,2555,2562,5368,67,NILAINFRA|INE937C01029|1,EQUITY,NILAINFRA|INE937C01029|1
NILASPACES,INE00S901012,2019-01-11,2026-09-30,1119,3464,5368,260,NILASPACES|INE00S901012|1,EQUITY,NILASPACES|INE00S901012|1
NILE,INE445D01013,2026-04-20,2026-09-30,114,5255,5368,0,NILE|INE445D01013|1,EQUITY,NILE|INE445D01013|1
NILKAMAL,,2007-01-05,2011-06-21,1099,499,1600,1,NILKAMAL|NOISIN|1,UNKNOWN_NO_ISIN,NILKAMAL|INE310A01015|1
NILKAMAL,INE310A01015,2011-06-22,2026-09-30,3768,1601,5368,0,NILKAMAL|INE310A01015|1,EQUITY,NILKAMAL|INE310A01015|1
NILKAMPLST,,2005-01-03,2006-02-16,280,0,279,0,NILKAMPLST|NOISIN|1,UNKNOWN_NO_ISIN,NILKAMPLST|NOISIN|1
NILKAMPLST,,2006-06-12,2007-01-04,143,356,498,0,NILKAMPLST|NOISIN|2,UNKNOWN_NO_ISIN,NILKAMAL|INE310A01015|1
NIMBSPROJ,INE875B01015,2026-04-06,2026-09-30,72,5246,5368,51,NIMBSPROJ|INE875B01015|1,EQUITY,NIMBSPROJ|INE875B01015|1
NINSYS,INE395U01014,2023-02-21,2026-09-30,719,4481,5368,74,NINSYS|INE395U01014|1,EQUITY,NINSYS|INE395U01014|1
NIPPOBATRY,,2005-01-03,2011-06-21,1529,0,1600,4,NIPPOBATRY|NOISIN|1,UNKNOWN_NO_ISIN,NIPPOBATRY|INE567A01010|1
NIPPOBATRY,INE567A01010,2011-06-22,2021-10-28,2514,1601,4153,4,NIPPOBATRY|INE567A01010|1,EQUITY,NIPPOBATRY|INE567A01010|1
NIPPOBATRY,INE567A01028,2021-10-29,2026-09-30,1112,4154,5368,103,NIPPOBATRY|INE567A01028|1,EQUITY,NIPPOBATRY|INE567A01010|1
NIPPONDENR,,2005-01-03,2005-12-07,232,0,231,0,NIPPONDENR|NOISIN|1,UNKNOWN_NO_ISIN,NIPPONDENR|NOISIN|1
NIRAJ,INE368I01016,2020-10-01,2026-09-30,1146,3888,5368,90,NIRAJ|INE368I01016|1,EQUITY,NIRAJ|INE368I01016|1
NIRAJISPAT,INE326T01011,2024-09-04,2026-09-02,171,4856,5349,85,NIRAJISPAT|INE326T01011|1,EQUITY,NIRAJISPAT|INE326T01011|1
NIRLON,INE910A01012,2026-04-20,2026-09-30,114,5255,5368,0,NIRLON|INE910A01012|1,EQUITY,NIRLON|INE910A01012|1
NIRMA,,2005-01-03,2011-03-23,1539,0,1539,1,NIRMA|NOISIN|1,UNKNOWN_NO_ISIN,NIRMA|NOISIN|1
NIRVIKARA,INE875R01011,2015-08-11,2016-09-02,263,2620,2882,0,NIRVIKARA|INE875R01011|1,EQUITY,BALKRISHNA|INE875R01011|1
NISSAN,,2006-12-29,2007-01-02,2,495,496,0,NISSAN|NOISIN|1,UNKNOWN_NO_ISIN,NISSAN|NOISIN|1
NISSAN,,2010-02-19,2010-07-08,96,1265,1360,0,NISSAN|NOISIN|2,UNKNOWN_NO_ISIN,NISSAN|NOISIN|2
NISSAN,,2010-08-20,2011-06-21,210,1391,1600,0,NISSAN|NOISIN|3,UNKNOWN_NO_ISIN,NISSAN|INE846H01021|1
NISSAN,INE846H01021,2011-06-22,2011-09-28,68,1601,1668,0,NISSAN|INE846H01021|1,EQUITY,NISSAN|INE846H01021|1
NITCO,,2006-03-21,2010-08-05,1079,301,1380,1,NITCO|NOISIN|1,UNKNOWN_NO_ISIN,NITCO|NOISIN|1
NITCO,,2010-12-03,2011-06-21,137,1464,1600,0,NITCO|NOISIN|2,UNKNOWN_NO_ISIN,NITCO|INE858F01012|1
NITCO,INE858F01012,2011-06-22,2026-09-30,3394,1601,5368,144,NITCO|INE858F01012|1,EQUITY,NITCO|INE858F01012|1
NITESHEST,,2010-05-13,2011-06-21,281,1320,1600,0,NITESHEST|NOISIN|1,UNKNOWN_NO_ISIN,NITESHEST|INE639K01016|1
NITESHEST,INE639K01016,2011-06-22,2019-10-30,1849,1601,3657,69,NITESHEST|INE639K01016|1,EQUITY,NITESHEST|INE639K01016|1
NITINFIRE,,2007-06-05,2011-06-21,1002,599,1600,0,NITINFIRE|NOISIN|1,UNKNOWN_NO_ISIN,NITINFIRE|INE489H01020|1
NITINFIRE,INE489H01020,2011-06-22,2019-08-28,1884,1601,3618,72,NITINFIRE|INE489H01020|1,EQUITY,NITINFIRE|INE489H01020|1
NITINSPIN,,2006-02-02,2009-05-28,815,270,1085,1,NITINSPIN|NOISIN|1,UNKNOWN_NO_ISIN,NITINSPIN|NOISIN|1
NITINSPIN,,2009-08-21,2011-06-21,455,1146,1600,0,NITINSPIN|NOISIN|2,UNKNOWN_NO_ISIN,NITINSPIN|INE229H01012|1
NITINSPIN,INE229H01012,2011-06-22,2026-09-30,3612,1601,5368,63,NITINSPIN|INE229H01012|1,EQUITY,NITINSPIN|INE229H01012|1
NITIRAJ,INE439T01012,2021-04-22,2026-09-30,1071,4023,5368,119,NITIRAJ|INE439T01012|1,EQUITY,NITIRAJ|INE439T01012|1
NITTAGELA,INE265B01019,2026-04-20,2026-09-30,114,5255,5368,0,NITTAGELA|INE265B01019|1,EQUITY,NITTAGELA|INE265B01019|1
NIVABUPA,INE995S01015,2024-11-14,2026-09-30,463,4906,5368,0,NIVABUPA|INE995S01015|1,EQUITY,NIVABUPA|INE995S01015|1
NIVINFRA,INE303D01014,2013-06-20,2013-07-17,18,2095,2114,1,NIVINFRA|INE303D01014|1,EQUITY,NIVINFRA|INE303D01014|1
NKIND,INE542C01019,2016-07-04,2026-09-30,1682,2840,5368,125,NKIND|INE542C01019|1,EQUITY,NKIND|INE542C01019|1
NLCINDIA,INE589A01014,2016-08-04,2026-09-30,2507,2862,5368,0,NLCINDIA|INE589A01014|1,EQUITY,NEYVELILIG|INE589A01014|1
NMDC,,2008-03-03,2011-06-21,812,789,1600,0,NMDC|NOISIN|1,UNKNOWN_NO_ISIN,NMDC|INE584A01023|1
NMDC,INE584A01023,2011-06-22,2026-09-30,3768,1601,5368,0,NMDC|INE584A01023|1,EQUITY,NMDC|INE584A01023|1
NOCIL,,2005-01-03,2007-11-30,726,0,725,0,NOCIL|NOISIN|1,UNKNOWN_NO_ISIN,NOCIL|NOISIN|1
NOCIL,,2008-02-29,2011-06-21,813,788,1600,0,NOCIL|NOISIN|2,UNKNOWN_NO_ISIN,NOCIL|INE163A01018|1
NOCIL,INE163A01018,2011-06-22,2026-09-30,3768,1601,5368,0,NOCIL|INE163A01018|1,EQUITY,NOCIL|INE163A01018|1
NOESISIND,INE141B01020,2014-06-04,2017-03-23,199,2329,3017,89,NOESISIND|INE141B01020|1,EQUITY,MVLIND|INE141B01020|1
NOIDATOLL,,2005-01-03,2011-06-21,1601,0,1600,0,NOIDATOLL|NOISIN|1,UNKNOWN_NO_ISIN,NOIDATOLL|INE781B01015|1
NOIDATOLL,INE781B01015,2011-06-22,2026-09-30,3006,1601,5368,224,NOIDATOLL|INE781B01015|1,EQUITY,NOIDATOLL|INE781B01015|1
NOL,,2010-06-30,2010-09-16,56,1354,1409,0,NOL|NOISIN|1,UNKNOWN_NO_ISIN,NOL|NOISIN|1
NOL,,2010-12-03,2011-04-18,77,1464,1555,2,NOL|NOISIN|2,UNKNOWN_NO_ISIN,NOL|NOISIN|2
NOL,,2011-06-17,2011-06-20,2,1598,1599,0,NOL|NOISIN|3,UNKNOWN_NO_ISIN,NOL|NOISIN|3
NOL,INE296D01010,2011-06-22,2015-01-29,459,1601,2488,65,NOL|INE296D01010|1,EQUITY,NOL|INE296D01010|1
NORBTEAEXP,,2005-01-03,2005-06-02,105,0,104,0,NORBTEAEXP|NOISIN|1,UNKNOWN_NO_ISIN,NORBTEAEXP|NOISIN|1
NORBTEAEXP,,2005-07-08,2005-07-29,15,130,144,0,NORBTEAEXP|NOISIN|2,UNKNOWN_NO_ISIN,NORBTEAEXP|NOISIN|2
NORBTEAEXP,,2006-06-12,2007-12-28,381,356,743,1,NORBTEAEXP|NOISIN|3,UNKNOWN_NO_ISIN,NORBTEAEXP|NOISIN|3
NORBTEAEXP,,2008-02-29,2011-06-21,793,788,1600,2,NORBTEAEXP|NOISIN|4,UNKNOWN_NO_ISIN,NORBTEAEXP|INE369C01017|1
NORBTEAEXP,INE369C01017,2011-06-22,2026-09-30,2062,1601,5368,389,NORBTEAEXP|INE369C01017|1,EQUITY,NORBTEAEXP|INE369C01017|1
NORTHARC,INE850M01015,2024-09-24,2026-09-30,499,4870,5368,0,NORTHARC|INE850M01015|1,EQUITY,NORTHARC|INE850M01015|1
NORTHGATE,,2007-04-03,2009-06-11,539,557,1095,0,NORTHGATE|NOISIN|1,UNKNOWN_NO_ISIN,NORTHGATE|NOISIN|1
NORTHGATE,,2009-08-21,2010-12-02,318,1146,1463,0,NORTHGATE|NOISIN|2,UNKNOWN_NO_ISIN,NORTHGATE|NOISIN|2
NORTHGATE,,2011-06-17,2011-06-21,3,1598,1600,0,NORTHGATE|NOISIN|3,UNKNOWN_NO_ISIN,NORTHGATE|INE217G01019|1
NORTHGATE,INE217G01019,2011-06-22,2012-07-11,262,1601,1862,0,NORTHGATE|INE217G01019|1,EQUITY,NORTHGATE|INE217G01019|1
NOVA,,2009-12-14,2009-12-17,4,1221,1224,0,NOVA|NOISIN|1,UNKNOWN_NO_ISIN,GSLNOVA|INE787A01022|1
NOVAAGRI,INE02H701025,2024-02-14,2026-09-30,518,4721,5368,65,NOVAAGRI|INE02H701025|1,EQUITY,NOVAAGRI|INE02H701025|1
NOVAPETRO,,2005-01-03,2005-07-14,116,0,134,19,NOVAPETRO|NOISIN|1,UNKNOWN_NO_ISIN,NOVAPETRO|NOISIN|1
NOVAPETRO,,2006-06-12,2006-12-29,133,356,495,3,NOVAPETRO|NOISIN|2,UNKNOWN_NO_ISIN,NOVAPETRO|NOISIN|2
NOVAPETRO,,2007-03-02,2007-04-19,33,536,568,0,NOVAPETRO|NOISIN|3,UNKNOWN_NO_ISIN,NOVAPETRO|NOISIN|3
NOVAPETRO,,2007-06-08,2007-09-20,74,602,675,0,NOVAPETRO|NOISIN|4,UNKNOWN_NO_ISIN,NOVAPETRO|NOISIN|4
NOVAPETRO,,2007-12-03,2008-01-10,27,726,752,0,NOVAPETRO|NOISIN|5,UNKNOWN_NO_ISIN,NOVAPETRO|NOISIN|5
NOVAPETRO,,2008-02-29,2009-03-05,225,788,1033,19,NOVAPETRO|NOISIN|6,UNKNOWN_NO_ISIN,NOVAPETRO|NOISIN|6
NOVAPETRO,,2009-06-12,2009-10-16,87,1096,1182,0,NOVAPETRO|NOISIN|7,UNKNOWN_NO_ISIN,NOVAPETRO|NOISIN|7
NOVARTIND,INE234A01025,2020-10-05,2026-09-30,872,3889,5368,608,NOVARTIND|INE234A01025|1,EQUITY,NOVARTIND|INE234A01025|1
NOVOPANIND,,2005-01-03,2006-06-09,356,0,355,0,NOVOPANIND|NOISIN|1,UNKNOWN_NO_ISIN,NOVOPANIND|NOISIN|1
NOVOPANIND,,2006-08-28,2009-04-02,628,410,1051,2,NOVOPANIND|NOISIN|2,UNKNOWN_NO_ISIN,NOVOPANIND|NOISIN|2
NOVOPANIND,,2009-06-12,2009-10-16,86,1096,1182,1,NOVOPANIND|NOISIN|3,UNKNOWN_NO_ISIN,NOVOPANIND|NOISIN|3
NOVOPANIND,,2009-11-20,2011-03-04,320,1205,1526,1,NOVOPANIND|NOISIN|4,UNKNOWN_NO_ISIN,NOVOPANIND|NOISIN|4
NOVOPANIND,,2011-06-17,2011-06-21,3,1598,1600,0,NOVOPANIND|NOISIN|5,UNKNOWN_NO_ISIN,NOVOPANIND|INE460B01016|1
NOVOPANIND,INE460B01016,2011-06-22,2014-10-31,549,1601,2428,82,NOVOPANIND|INE460B01016|1,EQUITY,NOVOPANIND|INE460B01016|1
NPBET,INF277K010X4,2019-09-09,2026-09-30,1739,3625,5368,2,NPBET|INF277K010X4|1,FUND_UNIT,NPBET|INF277K010X4|1
NPST,INE0FFK01017,2025-04-30,2026-09-30,353,5016,5368,0,NPST|INE0FFK01017|1,EQUITY,NPST|INE0FFK01017|1
NRAIL,INE740D01017,2017-04-05,2026-09-30,2278,3025,5368,66,NRAIL|INE740D01017|1,EQUITY,NRAIL|INE740D01017|1
NRBBEARING,,2005-01-03,2010-01-07,1235,0,1236,1,NRBBEARING|NOISIN|1,UNKNOWN_NO_ISIN,NRBBEARING|NOISIN|1
NRBBEARING,,2010-02-19,2011-06-21,336,1265,1600,0,NRBBEARING|NOISIN|2,UNKNOWN_NO_ISIN,NRBBEARING|INE349A01021|1
NRBBEARING,INE349A01021,2011-06-22,2026-09-30,3758,1601,5368,10,NRBBEARING|INE349A01021|1,EQUITY,NRBBEARING|INE349A01021|1
NRC,,2005-01-03,2006-02-16,280,0,279,0,NRC|NOISIN|1,UNKNOWN_NO_ISIN,NRC|NOISIN|1
NRC,,2006-06-12,2006-06-29,14,356,369,0,NRC|NOISIN|2,UNKNOWN_NO_ISIN,NRC|NOISIN|2
NRC,,2006-08-28,2007-01-25,104,410,513,0,NRC|NOISIN|3,UNKNOWN_NO_ISIN,NRC|NOISIN|3
NRC,,2007-03-02,2007-11-29,189,536,724,0,NRC|NOISIN|4,UNKNOWN_NO_ISIN,NRC|NOISIN|4
NRC,,2008-02-29,2008-12-26,200,788,987,0,NRC|NOISIN|5,UNKNOWN_NO_ISIN,NRC|NOISIN|5
NRC,,2009-03-02,2009-04-17,29,1030,1058,0,NRC|NOISIN|6,UNKNOWN_NO_ISIN,NRC|NOISIN|6
NRC,,2009-08-21,2010-01-07,91,1146,1236,0,NRC|NOISIN|7,UNKNOWN_NO_ISIN,NRC|NOISIN|7
NRC,,2010-02-19,2010-07-08,96,1265,1360,0,NRC|NOISIN|8,UNKNOWN_NO_ISIN,NRC|NOISIN|8
NRC,,2010-08-20,2011-06-21,210,1391,1600,0,NRC|NOISIN|9,UNKNOWN_NO_ISIN,NRC|INE953C01018|1
NRC,INE953C01018,2011-06-22,2013-12-10,479,1601,2211,43,NRC|INE953C01018|1,EQUITY,NRC|INE953C01018|1
NRL,INE0JM501013,2023-01-12,2026-06-17,714,4454,5295,65,NRL|INE0JM501013|1,EQUITY,NRL|INE0JM501013|1
NSIL,,2005-06-07,2005-08-19,52,107,158,0,NSIL|NOISIN|1,UNKNOWN_NO_ISIN,JSTRIPS|NOISIN|1
NSIL,,2006-06-14,2007-11-30,350,358,725,2,NSIL|NOISIN|2,UNKNOWN_NO_ISIN,NSIL|NOISIN|2
NSIL,,2008-02-29,2008-05-02,40,788,827,0,NSIL|NOISIN|3,UNKNOWN_NO_ISIN,NSIL|NOISIN|3
NSIL,,2008-06-13,2009-06-11,217,856,1095,2,NSIL|NOISIN|4,UNKNOWN_NO_ISIN,NSIL|NOISIN|4
NSIL,,2009-08-21,2011-06-21,455,1146,1600,0,NSIL|NOISIN|5,UNKNOWN_NO_ISIN,NSIL|INE023A01030|1
NSIL,INE023A01030,2011-06-22,2026-09-30,3595,1601,5368,72,NSIL|INE023A01030|1,EQUITY,NSIL|INE023A01030|1
NSLNISP,INE0NNS01018,2023-03-06,2026-09-30,879,4490,5368,0,NSLNISP|INE0NNS01018|1,EQUITY,NSLNISP|INE0NNS01018|1
NTCIND,INE920C01017,2026-08-17,2026-09-30,32,5337,5368,0,NTCIND|INE920C01017|1,EQUITY,NTCIND|INE920C01017|1
NTL,INE333I01036,2017-02-17,2021-12-01,543,2995,4175,354,NTL|INE333I01036|1,EQUITY,NTL|INE333I01036|1
NTPC,,2005-01-03,2011-06-21,1601,0,1600,0,NTPC|NOISIN|1,UNKNOWN_NO_ISIN,NTPC|INE733E01010|1
NTPC,INE733E01010,2011-06-22,2026-09-30,3768,1601,5368,0,NTPC|INE733E01010|1,EQUITY,NTPC|INE733E01010|1
NTPCGREEN,INE0ONG01011,2024-11-27,2026-09-30,456,4913,5368,0,NTPCGREEN|INE0ONG01011|1,EQUITY,NTPCGREEN|INE0ONG01011|1
NUCENT,,2005-01-05,2005-09-22,180,2,181,0,NUCENT|NOISIN|1,UNKNOWN_NO_ISIN,NUCENT|NOISIN|1
NUCENT,,2005-11-25,2006-06-09,128,223,355,5,NUCENT|NOISIN|2,UNKNOWN_NO_ISIN,NUCENT|NOISIN|2
NUCENT,,2006-08-28,2009-01-14,434,410,999,18,NUCENT|NOISIN|3,UNKNOWN_NO_ISIN,NUCENT|NOISIN|3
NUCENT,,2009-03-23,2010-02-17,148,1043,1263,16,NUCENT|NOISIN|4,UNKNOWN_NO_ISIN,NUCENT|NOISIN|4
NUCENT,,2010-06-11,2010-08-18,23,1341,1389,5,NUCENT|NOISIN|5,UNKNOWN_NO_ISIN,NUCENT|NOISIN|5
NUCENT,,2011-03-24,2011-06-17,20,1540,1598,15,NUCENT|NOISIN|6,UNKNOWN_NO_ISIN,NUCENT|NOISIN|6
NUCENT,INE980A01023,2011-06-23,2013-09-10,149,1602,2150,119,NUCENT|INE980A01023|1,EQUITY,NUCENT|INE980A01023|1
NUCHEM,,2005-04-08,2005-05-05,19,66,84,0,NUCHEM|NOISIN|1,UNKNOWN_NO_ISIN,NUCHEM|NOISIN|1
NUCHEM,,2005-07-08,2005-07-14,5,130,134,0,NUCHEM|NOISIN|2,UNKNOWN_NO_ISIN,NUCHEM|NOISIN|2
NUCHEM,,2006-06-12,2006-06-29,14,356,369,0,NUCHEM|NOISIN|3,UNKNOWN_NO_ISIN,NUCHEM|NOISIN|3
NUCHEM,,2006-08-28,2006-11-23,61,410,470,0,NUCHEM|NOISIN|4,UNKNOWN_NO_ISIN,NUCHEM|NOISIN|4
NUCHEM,,2007-03-02,2007-06-14,71,536,606,0,NUCHEM|NOISIN|5,UNKNOWN_NO_ISIN,NUCHEM|NOISIN|5
NUCHEM,,2008-02-29,2009-05-28,277,788,1085,19,NUCHEM|NOISIN|6,UNKNOWN_NO_ISIN,NUCHEM|NOISIN|6
NUCHEM,,2009-08-21,2011-06-21,455,1146,1600,0,NUCHEM|NOISIN|7,UNKNOWN_NO_ISIN,NUCHEM|INE946A01016|1
NUCHEM,INE946A01016,2011-06-22,2012-02-27,168,1601,1769,1,NUCHEM|INE946A01016|1,EQUITY,NUCHEM|INE946A01016|1
NUCLEUS,,2005-01-03,2011-06-21,1601,0,1600,0,NUCLEUS|NOISIN|1,UNKNOWN_NO_ISIN,NUCLEUS|INE096B01018|1
NUCLEUS,INE096B01018,2011-06-22,2026-09-30,3692,1601,5368,76,NUCLEUS|INE096B01018|1,EQUITY,NUCLEUS|INE096B01018|1
NUMERICPW,,2006-05-09,2011-06-21,1266,332,1600,1,NUMERICPW|NOISIN|1,UNKNOWN_NO_ISIN,NUMERICPW|INE409B01013|1
NUMERICPW,INE409B01013,2011-06-22,2012-07-06,188,1601,1859,71,NUMERICPW|INE409B01013|1,EQUITY,NUMERICPW|INE409B01013|1
NURECA,INE0DSF01015,2021-03-12,2026-08-10,1144,3998,5332,65,NURECA|INE0DSF01015|1,EQUITY,NURECA|INE0DSF01015|1
NUTEK,,2008-08-27,2011-06-21,692,908,1600,1,NUTEK|NOISIN|1,UNKNOWN_NO_ISIN,NUTEK|INE318J01027|1
NUTEK,INE318J01027,2011-06-22,2019-03-29,1729,1601,3517,77,NUTEK|INE318J01027|1,EQUITY,NUTEK|INE318J01027|1
NUVAMA,INE531F01015,2023-10-11,2025-12-24,544,4637,5180,0,NUVAMA|INE531F01015|1,EQUITY,NUVAMA|INE531F01015|1
NUVAMA,INE531F01023,2025-12-26,2026-09-30,188,5181,5368,0,NUVAMA|INE531F01023|1,EQUITY,NUVAMA|INE531F01015|1
NUVOCO,INE118D01016,2021-08-23,2026-09-30,1262,4107,5368,0,NUVOCO|INE118D01016|1,EQUITY,NUVOCO|INE118D01016|1
NV20,INF174K01Z71,2024-03-20,2026-02-26,479,4745,5223,0,NV20|INF174K01Z71|1,FUND_UNIT,KOTAKNV20|INF174K01Z71|1
NV20,INF174KA1ZE1,2026-02-27,2026-09-30,145,5224,5368,0,NV20|INF174KA1ZE1|1,FUND_UNIT,NV20|INF174KA1ZE1|1
NV20BEES,INF204KB18I3,2022-05-10,2026-09-30,1086,4283,5368,0,NV20BEES|INF204KB18I3|1,FUND_UNIT,NETFNV20|INF204KB18I3|1
NV20IETF,INF109KB1WY5,2023-12-20,2024-02-29,49,4684,4732,0,NV20IETF|INF109KB1WY5|1,FUND_UNIT,ICICINV20|INF109KB1WY5|1
NV20IETF,INF109KC11V0,2024-03-01,2026-09-30,636,4733,5368,0,NV20IETF|INF109KC11V0|1,FUND_UNIT,NV20IETF|INF109KC11V0|1
NV20IWIN,INF109KB1WY5,2016-07-26,2018-04-09,302,2855,3275,10,NV20IWIN|INF109KB1WY5|1,FUND_UNIT,ICICINV20|INF109KB1WY5|1
NXTDIGITAL,INE353A01023,2019-11-11,2023-05-08,803,3665,4529,52,NXTDIGITAL|INE353A01023|1,EQUITY,HINDUJATMT|NOISIN|1
NYKAA,INE388Y01029,2021-11-10,2026-09-30,1208,4161,5368,0,NYKAA|INE388Y01029|1,EQUITY,NYKAA|INE388Y01029|1
OAL,INE959C01023,2019-07-11,2026-09-30,1783,3586,5368,0,OAL|INE959C01023|1,EQUITY,OAL|INE959C01023|1
OBCL,INE426Z01016,2022-04-07,2026-09-30,1106,4263,5368,0,OBCL|INE426Z01016|1,EQUITY,OBCL|INE426Z01016|1
OBEROIREAL,,2010-10-20,2010-12-09,36,1433,1468,0,OBEROIREAL|NOISIN|1,UNKNOWN_NO_ISIN,OBEROIREAL|NOISIN|1
OBEROIRLTY,,2010-12-10,2011-06-21,132,1469,1600,0,OBEROIRLTY|NOISIN|1,UNKNOWN_NO_ISIN,OBEROIREAL|NOISIN|1
OBEROIRLTY,INE093I01010,2011-06-22,2026-09-30,3768,1601,5368,0,OBEROIRLTY|INE093I01010|1,EQUITY,OBEROIREAL|NOISIN|1
OCCL,INE321D01016,2016-01-27,2025-06-11,2237,2733,5045,64,OCCL|INE321D01016|1,EQUITY,OCCL|INE321D01016|1
OCCLLTD,INE0PK601023,2024-11-13,2026-06-10,316,4905,5290,70,OCCLLTD|INE0PK601023|1,EQUITY,OCCLLTD|INE0PK601023|1
OCL,,2005-01-03,2011-06-21,1599,0,1600,1,OCL|NOISIN|1,UNKNOWN_NO_ISIN,OCL|INE290B01025|1
OCL,INE290B01025,2011-06-22,2018-10-24,1810,1601,3410,0,OCL|INE290B01025|1,EQUITY,OCL|INE290B01025|1
OCTAV,,2008-08-08,2010-02-02,357,896,1253,1,OCTAV|NOISIN|1,UNKNOWN_NO_ISIN,OCTAV|NOISIN|1
ODIGMA,INE054301028,2024-12-27,2026-09-30,147,4934,5368,170,ODIGMA|INE054301028|1,EQUITY,ODIGMA|INE054301028|1
ODYCORP,INE839E01023,2026-08-17,2026-09-30,32,5337,5368,0,ODYCORP|INE839E01023|1,EQUITY,ODYCORP|INE839E01023|1
OENCONNECT,,2005-01-03,2007-06-07,602,0,601,0,OENCONNECT|NOISIN|1,UNKNOWN_NO_ISIN,OENCONNECT|NOISIN|1
OENCONNECT,,2007-08-31,2007-09-07,6,661,666,0,OENCONNECT|NOISIN|2,UNKNOWN_NO_ISIN,OENCONNECT|NOISIN|2
OFSS,,2008-09-18,2011-06-21,678,923,1600,0,OFSS|NOISIN|1,UNKNOWN_NO_ISIN,I-FLEX|NOISIN|1
OFSS,INE881D01027,2011-06-22,2026-09-30,3768,1601,5368,0,OFSS|INE881D01027|1,EQUITY,I-FLEX|NOISIN|1
OIL,,2009-09-30,2011-06-21,429,1172,1600,0,OIL|NOISIN|1,UNKNOWN_NO_ISIN,OIL|INE274J01014|1
OIL,INE274J01014,2011-06-22,2026-09-30,3768,1601,5368,0,OIL|INE274J01014|1,EQUITY,OIL|INE274J01014|1
OILCOUNTUB,,2005-01-03,2005-08-25,163,0,162,0,OILCOUNTUB|NOISIN|1,UNKNOWN_NO_ISIN,OILCOUNTUB|NOISIN|1
OILCOUNTUB,,2006-06-12,2007-04-19,213,356,568,0,OILCOUNTUB|NOISIN|2,UNKNOWN_NO_ISIN,OILCOUNTUB|NOISIN|2
OILCOUNTUB,,2007-06-08,2007-06-28,15,602,616,0,OILCOUNTUB|NOISIN|3,UNKNOWN_NO_ISIN,OILCOUNTUB|NOISIN|3
OILCOUNTUB,,2007-12-03,2011-06-21,875,726,1600,0,OILCOUNTUB|NOISIN|4,UNKNOWN_NO_ISIN,OILCOUNTUB|INE591A01010|1
OILCOUNTUB,INE591A01010,2011-06-22,2026-04-29,2764,1601,5262,261,OILCOUNTUB|INE591A01010|1,EQUITY,OILCOUNTUB|INE591A01010|1
OILIETF,INF109KC18W3,2024-07-24,2026-09-30,542,4827,5368,0,OILIETF|INF109KC18W3|1,FUND_UNIT,OILIETF|INF109KC18W3|1
OISL,,2008-08-01,2009-04-17,168,891,1058,0,OISL|NOISIN|1,UNKNOWN_NO_ISIN,OISL|NOISIN|1
OISL,,2009-08-21,2009-12-10,74,1146,1219,0,OISL|NOISIN|2,UNKNOWN_NO_ISIN,OISL|NOISIN|2
OISL,,2010-02-19,2010-08-19,126,1265,1390,0,OISL|NOISIN|3,UNKNOWN_NO_ISIN,OISL|NOISIN|3
OISL,,2010-12-03,2011-06-21,137,1464,1600,0,OISL|NOISIN|4,UNKNOWN_NO_ISIN,OISL|INE196J01019|1
OISL,INE196J01019,2011-06-22,2020-11-27,1767,1601,3927,134,OISL|INE196J01019|1,EQUITY,OISL|INE196J01019|1
OLAELEC,INE0LXG01040,2024-08-09,2026-09-30,473,4839,5368,57,OLAELEC|INE0LXG01040|1,EQUITY,OLAELEC|INE0LXG01040|1
OLECTRA,INE260D01016,2018-07-26,2026-09-30,1843,3352,5368,122,OLECTRA|INE260D01016|1,EQUITY,GOLDINFRA|INE260D01016|1
OMAXAUTO,,2005-01-03,2011-06-21,1601,0,1600,0,OMAXAUTO|NOISIN|1,UNKNOWN_NO_ISIN,OMAXAUTO|INE090B01011|1
OMAXAUTO,INE090B01011,2011-06-22,2026-09-30,3193,1601,5368,132,OMAXAUTO|INE090B01011|1,EQUITY,OMAXAUTO|INE090B01011|1
OMAXE,,2007-08-09,2011-06-21,955,646,1600,0,OMAXE|NOISIN|1,UNKNOWN_NO_ISIN,OMAXE|INE800H01010|1
OMAXE,INE800H01010,2011-06-22,2026-09-30,3711,1601,5368,57,OMAXE|INE800H01010|1,EQUITY,OMAXE|INE800H01010|1
OMFREIGHT,INE1BZC01019,2025-10-24,2026-07-02,168,5138,5305,0,OMFREIGHT|INE1BZC01019|1,EQUITY,OMFREIGHT|INE1BZC01019|1
OMINFRAL,INE239D01028,2021-02-10,2026-09-30,1170,3977,5368,156,OMINFRAL|INE239D01028|1,EQUITY,OMINFRAL|INE239D01028|1
OMKARCHEM,,2011-02-10,2011-06-21,90,1511,1600,0,OMKARCHEM|NOISIN|1,UNKNOWN_NO_ISIN,OMKARCHEM|INE474L01016|1
OMKARCHEM,INE474L01016,2011-06-22,2022-11-02,2396,1601,4404,81,OMKARCHEM|INE474L01016|1,EQUITY,OMKARCHEM|INE474L01016|1
OMMETALS,,2011-06-17,2011-06-21,3,1598,1600,0,OMMETALS|NOISIN|1,UNKNOWN_NO_ISIN,OMINFRAL|INE239D01028|1
OMMETALS,INE239D01028,2011-06-22,2021-02-09,2257,1601,3976,33,OMMETALS|INE239D01028|1,EQUITY,OMINFRAL|INE239D01028|1
OMNI,INE0UH301010,2026-03-05,2026-09-30,142,5227,5368,0,OMNI|INE0UH301010|1,EQUITY,OMNI|INE0UH301010|1
OMNITECH,,2007-08-14,2011-06-21,952,649,1600,0,OMNITECH|NOISIN|1,UNKNOWN_NO_ISIN,OMNITECH|INE810H01019|1
OMNITECH,INE810H01019,2011-06-22,2016-11-17,1170,1601,2930,59,OMNITECH|INE810H01019|1,EQUITY,OMNITECH|INE810H01019|1
OMPOWER,INE25E901019,2026-05-04,2026-09-30,105,5264,5368,0,OMPOWER|INE25E901019|1,EQUITY,OMPOWER|INE25E901019|1
ONEGLOBAL,INE670O01013,2026-08-17,2026-09-30,32,5337,5368,0,ONEGLOBAL|INE670O01013|1,EQUITY,ONEGLOBAL|INE670O01013|1
ONELIFECAP,INE912L01015,2011-10-17,2026-05-21,2720,1680,5277,151,ONELIFECAP|INE912L01015|1,EQUITY,ONELIFECAP|INE912L01015|1
ONEPOINT,INE840Y01011,2019-05-09,2022-01-18,461,3542,4209,109,ONEPOINT|INE840Y01011|1,EQUITY,ONEPOINT|INE840Y01011|1
ONEPOINT,INE840Y01029,2022-01-19,2026-09-30,919,4210,5368,97,ONEPOINT|INE840Y01029|1,EQUITY,ONEPOINT|INE840Y01011|1
ONESOURCE,INE013P01021,2025-02-06,2026-09-30,406,4963,5368,0,ONESOURCE|INE013P01021|1,EQUITY,ONESOURCE|INE013P01021|1
ONGC,,2005-01-03,2011-06-21,1601,0,1600,0,ONGC|NOISIN|1,UNKNOWN_NO_ISIN,ONGC|INE213A01029|1
ONGC,INE213A01029,2011-06-22,2026-09-30,3768,1601,5368,0,ONGC|INE213A01029|1,EQUITY,ONGC|INE213A01029|1
ONIDA,INE831A01028,2026-08-11,2026-09-30,36,5333,5368,0,ONIDA|INE831A01028|1,EQUITY,MIRCELECTR|INE831A01028|1
ONIXSOLAR,INE173M01012,2026-08-17,2026-09-30,32,5337,5368,0,ONIXSOLAR|INE173M01012|1,EQUITY,ONIXSOLAR|INE173M01012|1
ONMOBILE,,2008-02-19,2011-06-21,821,780,1600,0,ONMOBILE|NOISIN|1,UNKNOWN_NO_ISIN,ONMOBILE|INE809I01019|1
ONMOBILE,INE809I01019,2011-06-22,2026-07-06,3707,1601,5307,0,ONMOBILE|INE809I01019|1,EQUITY,ONMOBILE|INE809I01019|1
ONWARDTEC,,2005-01-03,2005-07-07,130,0,129,0,ONWARDTEC|NOISIN|1,UNKNOWN_NO_ISIN,ONWARDTEC|NOISIN|1
ONWARDTEC,,2005-11-25,2006-12-14,263,223,485,0,ONWARDTEC|NOISIN|2,UNKNOWN_NO_ISIN,ONWARDTEC|NOISIN|2
ONWARDTEC,,2007-03-02,2007-12-13,199,536,734,0,ONWARDTEC|NOISIN|3,UNKNOWN_NO_ISIN,ONWARDTEC|NOISIN|3
ONWARDTEC,,2008-02-29,2009-06-11,306,788,1095,1,ONWARDTEC|NOISIN|4,UNKNOWN_NO_ISIN,ONWARDTEC|NOISIN|4
ONWARDTEC,,2009-08-21,2009-10-16,37,1146,1182,0,ONWARDTEC|NOISIN|5,UNKNOWN_NO_ISIN,ONWARDTEC|NOISIN|5
ONWARDTEC,,2009-11-20,2010-07-08,156,1205,1360,0,ONWARDTEC|NOISIN|6,UNKNOWN_NO_ISIN,ONWARDTEC|NOISIN|6
ONWARDTEC,,2010-12-03,2011-01-20,34,1464,1497,0,ONWARDTEC|NOISIN|7,UNKNOWN_NO_ISIN,ONWARDTEC|NOISIN|7
ONWARDTEC,,2011-03-07,2011-06-21,74,1527,1600,0,ONWARDTEC|NOISIN|8,UNKNOWN_NO_ISIN,ONWARDTEC|INE229A01017|1
ONWARDTEC,INE229A01017,2011-06-22,2026-09-30,3544,1601,5368,66,ONWARDTEC|INE229A01017|1,EQUITY,ONWARDTEC|INE229A01017|1
OPTIEMUS,INE350C01017,2017-08-08,2026-09-30,1772,3111,5368,114,OPTIEMUS|INE350C01017|1,EQUITY,OPTIEMUS|INE350C01017|1
OPTIFIN,INE031G01022,2026-08-17,2026-09-30,32,5337,5368,0,OPTIFIN|INE031G01022|1,EQUITY,OPTIFIN|INE031G01022|1
OPTOCIRCUI,,2005-01-03,2011-06-21,1601,0,1600,0,OPTOCIRCUI|NOISIN|1,UNKNOWN_NO_ISIN,OPTOCIRCUI|INE808B01016|1
OPTOCIRCUI,INE808B01016,2011-06-22,2021-02-19,2146,1601,3984,72,OPTOCIRCUI|INE808B01016|1,EQUITY,OPTOCIRCUI|INE808B01016|1
ORBITCORP,,2007-04-12,2011-06-21,1038,563,1600,0,ORBITCORP|NOISIN|1,UNKNOWN_NO_ISIN,ORBITCORP|INE628H01015|1
ORBITCORP,INE628H01015,2011-06-22,2017-02-15,1387,1601,2993,6,ORBITCORP|INE628H01015|1,EQUITY,ORBITCORP|INE628H01015|1
ORBTEXP,INE231G01010,2013-11-05,2026-09-30,2923,2187,5368,67,ORBTEXP|INE231G01010|1,EQUITY,ORBTEXP|INE231G01010|1
ORCHASP,INE215B01022,2025-02-07,2026-09-30,291,4964,5368,83,ORCHASP|INE215B01022|1,EQUITY,ORCHASP|INE215B01022|1
ORCHIDCHEM,,2005-01-03,2011-06-21,1601,0,1600,0,ORCHIDCHEM|NOISIN|1,UNKNOWN_NO_ISIN,ORCHIDCHEM|INE191A01019|1
ORCHIDCHEM,INE191A01019,2011-06-22,2015-12-18,1067,1601,2707,40,ORCHIDCHEM|INE191A01019|1,EQUITY,ORCHIDCHEM|INE191A01019|1
ORCHIDPHAR,INE191A01019,2015-12-21,2017-09-27,438,2708,3145,0,ORCHIDPHAR|INE191A01019|1,EQUITY,ORCHIDCHEM|INE191A01019|1
ORCHPHARMA,INE191A01027,2021-05-05,2026-09-30,872,4032,5368,337,ORCHPHARMA|INE191A01027|1,EQUITY,ORCHPHARMA|INE191A01027|1
ORGINFO,,2007-08-17,2008-09-18,273,651,923,0,ORGINFO|NOISIN|1,UNKNOWN_NO_ISIN,ORGINFO|NOISIN|1
ORGINFO,,2008-12-01,2009-11-13,211,970,1200,20,ORGINFO|NOISIN|2,UNKNOWN_NO_ISIN,ORGINFO|NOISIN|2
ORICONENT,INE730A01022,2015-07-24,2026-09-30,2565,2608,5368,67,ORICONENT|INE730A01022|1,EQUITY,ORICONENT|INE730A01022|1
ORIENTABRA,,2005-12-15,2011-06-21,1363,237,1600,1,ORIENTABRA|NOISIN|1,UNKNOWN_NO_ISIN,ORIENTABRA|INE569C01020|1
ORIENTABRA,INE569C01020,2011-06-22,2023-07-12,2912,1601,4575,53,ORIENTABRA|INE569C01020|1,EQUITY,ORIENTABRA|INE569C01020|1
ORIENTALTL,,2009-12-17,2010-02-18,41,1224,1264,0,ORIENTALTL|NOISIN|1,UNKNOWN_NO_ISIN,ORIENTALTL|NOISIN|1
ORIENTALTL,,2010-06-11,2011-06-21,258,1341,1600,1,ORIENTALTL|NOISIN|2,UNKNOWN_NO_ISIN,ORIENTALTL|INE998H01012|1
ORIENTALTL,INE998H01012,2011-06-22,2026-09-30,2736,1601,5368,115,ORIENTALTL|INE998H01012|1,EQUITY,ORIENTALTL|INE998H01012|1
ORIENTBANK,,2005-01-03,2011-06-21,1601,0,1600,0,ORIENTBANK|NOISIN|1,UNKNOWN_NO_ISIN,ORIENTBANK|INE141A01014|1
ORIENTBANK,INE141A01014,2011-06-22,2020-03-20,2155,1601,3755,0,ORIENTBANK|INE141A01014|1,EQUITY,ORIENTBANK|INE141A01014|1
ORIENTBELL,INE607D01018,2012-04-17,2026-09-30,3465,1802,5368,64,ORIENTBELL|INE607D01018|1,EQUITY,ORIENTBELL|INE607D01018|1
ORIENTCEM,INE876N01018,2013-07-26,2026-09-30,3248,2121,5368,0,ORIENTCEM|INE876N01018|1,EQUITY,ORIENTCEM|INE876N01018|1
ORIENTCER,INE569C01020,2023-10-16,2026-09-30,729,4640,5368,0,ORIENTCER|INE569C01020|1,EQUITY,ORIENTABRA|INE569C01020|1
ORIENTCERA,,2007-02-14,2009-01-22,422,525,1005,4,ORIENTCERA|NOISIN|1,UNKNOWN_NO_ISIN,ORIENTCERA|NOISIN|1
ORIENTCERA,,2009-03-02,2009-08-20,101,1030,1145,6,ORIENTCERA|NOISIN|2,UNKNOWN_NO_ISIN,ORIENTCERA|NOISIN|2
ORIENTCERA,,2009-11-20,2011-06-21,396,1205,1600,0,ORIENTCERA|NOISIN|3,UNKNOWN_NO_ISIN,ORIENTBELL|INE607D01018|1
ORIENTCERA,INE607D01018,2011-06-22,2012-04-16,194,1601,1801,3,ORIENTCERA|INE607D01018|1,EQUITY,ORIENTBELL|INE607D01018|1
ORIENTELEC,INE142Z01019,2018-05-28,2026-09-30,2060,3309,5368,0,ORIENTELEC|INE142Z01019|1,EQUITY,ORIENTELEC|INE142Z01019|1
ORIENTHOT,,2005-01-03,2011-06-21,1595,0,1600,1,ORIENTHOT|NOISIN|1,UNKNOWN_NO_ISIN,ORIENTHOT|INE750A01020|1
ORIENTHOT,INE750A01020,2011-06-22,2026-09-30,3707,1601,5368,43,ORIENTHOT|INE750A01020|1,EQUITY,ORIENTHOT|INE750A01020|1
ORIENTINFO,,2005-01-03,2006-12-29,496,0,495,0,ORIENTINFO|NOISIN|1,UNKNOWN_NO_ISIN,ORIENTINFO|NOISIN|1
ORIENTINFO,,2007-03-02,2007-11-29,189,536,724,0,ORIENTINFO|NOISIN|2,UNKNOWN_NO_ISIN,ORIENTINFO|NOISIN|2
ORIENTINFO,,2008-02-29,2008-12-19,195,788,983,1,ORIENTINFO|NOISIN|3,UNKNOWN_NO_ISIN,ORIENTINFO|NOISIN|3
ORIENTLTD,,2010-03-03,2011-06-21,305,1272,1600,2,ORIENTLTD|NOISIN|1,UNKNOWN_NO_ISIN,ORIENTLTD|INE609C01024|1
ORIENTLTD,INE609C01024,2011-06-22,2026-07-29,2918,1601,5324,78,ORIENTLTD|INE609C01024|1,EQUITY,ORIENTLTD|INE609C01024|1
ORIENTPPR,,2005-01-03,2011-06-21,1601,0,1600,0,ORIENTPPR|NOISIN|1,UNKNOWN_NO_ISIN,ORIENTPPR|INE592A01026|1
ORIENTPPR,INE592A01026,2011-06-22,2026-09-30,3723,1601,5368,25,ORIENTPPR|INE592A01026|1,EQUITY,ORIENTPPR|INE592A01026|1
ORIENTPRES,,2005-04-11,2005-05-26,28,67,99,2,ORIENTPRES|NOISIN|1,UNKNOWN_NO_ISIN,ORIENTPRES|NOISIN|1
ORIENTPRES,,2005-07-08,2005-07-21,10,130,139,0,ORIENTPRES|NOISIN|2,UNKNOWN_NO_ISIN,ORIENTPRES|NOISIN|2
ORIENTPRES,,2006-06-16,2006-06-21,3,360,363,1,ORIENTPRES|NOISIN|3,UNKNOWN_NO_ISIN,ORIENTPRES|NOISIN|3
ORIENTPRES,,2006-11-27,2006-12-14,11,472,485,2,ORIENTPRES|NOISIN|4,UNKNOWN_NO_ISIN,ORIENTPRES|NOISIN|4
ORIENTPRES,,2007-03-02,2007-04-19,22,536,568,5,ORIENTPRES|NOISIN|5,UNKNOWN_NO_ISIN,ORIENTPRES|NOISIN|5
ORIENTPRES,,2007-06-08,2007-11-30,110,602,725,2,ORIENTPRES|NOISIN|6,UNKNOWN_NO_ISIN,ORIENTPRES|NOISIN|6
ORIENTPRES,,2008-03-04,2009-10-30,213,790,1191,15,ORIENTPRES|NOISIN|7,UNKNOWN_NO_ISIN,ORIENTPRES|NOISIN|7
ORIENTREF,INE743M01012,2012-03-23,2021-07-20,2233,1787,4085,64,ORIENTREF|INE743M01012|1,EQUITY,ORIENTREF|INE743M01012|1
ORIENTTECH,INE0PPK01015,2024-09-11,2026-09-30,508,4861,5368,0,ORIENTTECH|INE0PPK01015|1,EQUITY,ORIENTTECH|INE0PPK01015|1
ORIRAIL,INE457G01029,2026-08-17,2026-09-30,32,5337,5368,0,ORIRAIL|INE457G01029|1,EQUITY,ORIRAIL|INE457G01029|1
ORISSAMINE,,2010-09-29,2011-06-21,183,1418,1600,0,ORISSAMINE|NOISIN|1,UNKNOWN_NO_ISIN,ORISSAMINE|INE725E01016|1
ORISSAMINE,INE725E01016,2011-06-22,2012-10-29,335,1601,1935,0,ORISSAMINE|INE725E01016|1,EQUITY,ORISSAMINE|INE725E01016|1
ORISSAMINE,INE725E01024,2012-10-30,2026-09-30,3282,1936,5368,125,ORISSAMINE|INE725E01024|1,EQUITY,ORISSAMINE|INE725E01016|1
ORKLAINDIA,INE16NZ01023,2025-11-06,2026-09-30,223,5146,5368,0,ORKLAINDIA|INE16NZ01023|1,EQUITY,ORKLAINDIA|INE16NZ01023|1
ORTEL,INE849L01019,2015-04-06,2019-09-23,948,2531,3634,96,ORTEL|INE849L01019|1,EQUITY,ORTEL|INE849L01019|1
ORTINGLOBE,INE749B01020,2024-09-03,2026-09-30,238,4855,5368,108,ORTINGLOBE|INE749B01020|1,EQUITY,ORTINGLOBE|INE749B01020|1
ORTINLAB,INE749B01020,2021-04-15,2024-09-02,758,4019,4854,78,ORTINLAB|INE749B01020|1,EQUITY,ORTINGLOBE|INE749B01020|1
ORTINLABSS,INE749B01012,2015-09-02,2021-01-11,1156,2636,3956,56,ORTINLABSS|INE749B01012|1,EQUITY,ORTINLABSS|INE749B01012|1
OSIAHYPER,INE06IR01013,2022-12-01,2023-03-10,70,4424,4493,0,OSIAHYPER|INE06IR01013|1,EQUITY,OSIAHYPER|INE06IR01013|1
OSIAHYPER,INE06IR01021,2023-03-13,2026-05-05,309,4494,5265,264,OSIAHYPER|INE06IR01021|1,EQUITY,OSIAHYPER|INE06IR01013|1
OSWALAGRO,INE142A01012,2018-05-02,2026-09-30,1935,3291,5368,80,OSWALAGRO|INE142A01012|1,EQUITY,OSWALAGRO|INE142A01012|1
OSWALGREEN,INE143A01010,2023-05-19,2026-09-30,831,4538,5368,0,OSWALGREEN|INE143A01010|1,EQUITY,BINDALAGRO|INE143A01010|1
OSWALMIN,,2010-12-29,2011-01-06,7,1481,1487,0,OSWALMIN|NOISIN|1,UNKNOWN_NO_ISIN,OSWALMIN|NOISIN|1
OSWALMIN,,2011-05-25,2011-06-21,20,1581,1600,0,OSWALMIN|NOISIN|2,UNKNOWN_NO_ISIN,OSWALMIN|INE469B01017|1
OSWALMIN,INE469B01017,2011-06-22,2015-01-29,321,1601,2488,294,OSWALMIN|INE469B01017|1,EQUITY,OSWALMIN|INE469B01017|1
OSWALPUMPS,INE0BYP01024,2025-06-20,2026-09-30,317,5052,5368,0,OSWALPUMPS|INE0BYP01024|1,EQUITY,OSWALPUMPS|INE0BYP01024|1
OSWALSEEDS,INE00IK01011,2023-02-28,2023-08-17,115,4486,4600,0,OSWALSEEDS|INE00IK01011|1,EQUITY,OSWALSEEDS|INE00IK01011|1
OSWALSEEDS,INE00IK01029,2023-08-18,2026-09-30,489,4601,5368,92,OSWALSEEDS|INE00IK01029|1,EQUITY,OSWALSEEDS|INE00IK01011|1
OTL,,2007-03-07,2009-12-16,683,539,1223,1,OTL|NOISIN|1,UNKNOWN_NO_ISIN,ORIENTALTL|NOISIN|1
OUDHSUG,,2005-01-03,2007-12-28,744,0,743,0,OUDHSUG|NOISIN|1,UNKNOWN_NO_ISIN,OUDHSUG|NOISIN|1
OUDHSUG,,2008-02-29,2008-12-26,200,788,987,0,OUDHSUG|NOISIN|2,UNKNOWN_NO_ISIN,OUDHSUG|NOISIN|2
OUDHSUG,,2009-03-02,2011-06-21,570,1030,1600,1,OUDHSUG|NOISIN|3,UNKNOWN_NO_ISIN,OUDHSUG|INE594A01014|1
OUDHSUG,INE594A01014,2011-06-22,2017-03-22,1336,1601,3016,50,OUDHSUG|INE594A01014|1,EQUITY,OUDHSUG|INE594A01014|1
PACEDIGITK,INE0S3G01027,2025-10-06,2026-09-30,244,5125,5368,0,PACEDIGITK|INE0S3G01027|1,EQUITY,PACEDIGITK|INE0S3G01027|1
PACIFICI,INE883C01025,2026-08-17,2026-09-30,32,5337,5368,0,PACIFICI|INE883C01025|1,EQUITY,PACIFICI|INE883C01025|1
PADMALAYAT,,2005-01-03,2005-07-29,145,0,144,0,PADMALAYAT|NOISIN|1,UNKNOWN_NO_ISIN,PADMALAYAT|NOISIN|1
PAEL,,2005-11-24,2006-06-09,134,222,355,0,PAEL|NOISIN|1,UNKNOWN_NO_ISIN,PAEL|NOISIN|1
PAEL,,2006-08-28,2008-06-12,444,410,855,1,PAEL|NOISIN|2,UNKNOWN_NO_ISIN,PAEL|NOISIN|2
PAEL,,2008-08-22,2009-06-11,177,905,1095,2,PAEL|NOISIN|3,UNKNOWN_NO_ISIN,PAEL|NOISIN|3
PAEL,,2009-08-21,2011-06-21,455,1146,1600,0,PAEL|NOISIN|4,UNKNOWN_NO_ISIN,PAEL|INE766A01018|1
PAEL,INE766A01018,2011-06-22,2022-04-08,1490,1601,4264,299,PAEL|INE766A01018|1,EQUITY,PAEL|INE766A01018|1
PAGEIND,,2007-03-16,2007-05-17,41,546,586,0,PAGEIND|NOISIN|1,UNKNOWN_NO_ISIN,PAGEIND|NOISIN|1
PAGEIND,,2007-08-31,2011-06-21,928,661,1600,1,PAGEIND|NOISIN|2,UNKNOWN_NO_ISIN,PAGEIND|INE761H01022|1
PAGEIND,INE761H01022,2011-06-22,2026-09-30,3768,1601,5368,0,PAGEIND|INE761H01022|1,EQUITY,PAGEIND|INE761H01022|1
PAISALO,INE420C01042,2018-01-24,2022-06-30,1094,3227,4320,0,PAISALO|INE420C01042|1,EQUITY,PAISALO|INE420C01042|1
PAISALO,INE420C01059,2022-07-01,2026-09-30,1048,4321,5368,0,PAISALO|INE420C01059|1,EQUITY,PAISALO|INE420C01042|1
PAKKA,INE551D01018,2023-07-11,2026-09-30,795,4574,5368,0,PAKKA|INE551D01018|1,EQUITY,PAKKA|INE551D01018|1
PALASHSECU,INE471W01019,2018-02-07,2026-09-29,1655,3236,5367,114,PALASHSECU|INE471W01019|1,EQUITY,PALASHSECU|INE471W01019|1
PALRED,INE218G01017,2014-03-03,2015-07-07,328,2268,2595,0,PALRED|INE218G01017|1,EQUITY,FOURSOFT|INE218G01017|1
PALREDTEC,INE218G01033,2016-05-09,2026-09-30,1748,2800,5368,171,PALREDTEC|INE218G01033|1,EQUITY,PALREDTEC|INE218G01033|1
PALREDTECH,INE218G01025,2015-10-21,2016-04-25,123,2668,2790,0,PALREDTECH|INE218G01025|1,EQUITY,PALREDTECH|INE218G01025|1
PANACEABIO,,2005-01-03,2011-06-21,1601,0,1600,0,PANACEABIO|NOISIN|1,UNKNOWN_NO_ISIN,PANACEABIO|INE922B01023|1
PANACEABIO,INE922B01023,2011-06-22,2026-09-30,3701,1601,5368,57,PANACEABIO|INE922B01023|1,EQUITY,PANACEABIO|INE922B01023|1
PANACHE,INE895W01019,2020-01-06,2026-07-15,926,3703,5314,304,PANACHE|INE895W01019|1,EQUITY,PANACHE|INE895W01019|1
PANAMAPET,INE305C01011,2011-09-30,2014-09-19,641,1670,2403,5,PANAMAPET|INE305C01011|1,EQUITY,PANAMAPET|INE305C01011|1
PANAMAPET,INE305C01029,2014-09-22,2026-09-30,2962,2404,5368,1,PANAMAPET|INE305C01029|1,EQUITY,PANAMAPET|INE305C01011|1
PANASONIC,,2010-01-08,2010-03-18,26,1237,1283,19,PANASONIC|NOISIN|1,UNKNOWN_NO_ISIN,PANASONIC|NOISIN|1
PANASONIC,,2010-06-11,2011-06-21,260,1341,1600,0,PANASONIC|NOISIN|2,UNKNOWN_NO_ISIN,PANASONIC|INE841C01015|1
PANASONIC,INE841C01015,2011-06-22,2015-01-29,602,1601,2488,87,PANASONIC|INE841C01015|1,EQUITY,PANASONIC|INE841C01015|1
PANCARBON,,2010-03-03,2011-06-20,314,1272,1599,2,PANCARBON|NOISIN|1,UNKNOWN_NO_ISIN,PANCARBON|NOISIN|1
PANCARBON,INE013E01017,2011-06-22,2014-12-26,678,1601,2465,13,PANCARBON|INE013E01017|1,EQUITY,PANCARBON|INE013E01017|1
PANCHMAHQ,INE798F01010,2026-08-17,2026-09-30,24,5337,5368,3,PANCHMAHQ|INE798F01010|1,EQUITY,PANCHMAHQ|INE798F01010|1
PANCHSHEEL,INE316G01019,2011-10-25,2015-01-29,128,1686,2488,307,PANCHSHEEL|INE316G01019|1,EQUITY,PANCHSHEEL|INE316G01019|1
PANORAMA,INE258R01028,2026-08-17,2026-09-30,32,5337,5368,0,PANORAMA|INE258R01028|1,EQUITY,PANORAMA|INE258R01028|1
PANORAMUNI,,2007-01-03,2008-08-21,407,497,904,1,PANORAMUNI|NOISIN|1,UNKNOWN_NO_ISIN,PANORAMUNI|NOISIN|1
PANORAMUNI,,2008-12-01,2011-06-21,630,970,1600,1,PANORAMUNI|NOISIN|2,UNKNOWN_NO_ISIN,PANORAMUNI|INE194B01029|1
PANORAMUNI,INE194B01029,2011-06-22,2018-05-21,1664,1601,3304,4,PANORAMUNI|INE194B01029|1,EQUITY,PANORAMUNI|INE194B01029|1
PANSARI,INE697V01011,2021-10-19,2026-09-30,768,4146,5368,133,PANSARI|INE697V01011|1,EQUITY,PANSARI|INE697V01011|1
PANTALOONR,,2005-01-03,2011-06-21,1601,0,1600,0,PANTALOONR|NOISIN|1,UNKNOWN_NO_ISIN,FEL|INE623B01027|1
PANTALOONR,INE623B01027,2011-06-22,2013-04-10,447,1601,2047,0,PANTALOONR|INE623B01027|1,EQUITY,FEL|INE623B01027|1
PAPERPROD,,2005-01-03,2011-06-21,1600,0,1600,1,PAPERPROD|NOISIN|1,UNKNOWN_NO_ISIN,HUHTAMAKI|INE275B01026|1
PAPERPROD,INE275B01026,2011-06-22,2020-11-25,2325,1601,3925,0,PAPERPROD|INE275B01026|1,EQUITY,HUHTAMAKI|INE275B01026|1
PAR,INE04LG01015,2021-09-16,2026-09-03,973,4124,5350,191,PAR|INE04LG01015|1,EQUITY,PAR|INE04LG01015|1
PARABDRUGS,,2010-07-01,2011-06-21,246,1355,1600,0,PARABDRUGS|NOISIN|1,UNKNOWN_NO_ISIN,PARABDRUGS|INE618H01016|1
PARABDRUGS,INE618H01016,2011-06-22,2018-09-21,1527,1601,3389,72,PARABDRUGS|INE618H01016|1,EQUITY,PARABDRUGS|INE618H01016|1
PARACABLES,,2007-01-03,2009-04-17,562,497,1058,0,PARACABLES|NOISIN|1,UNKNOWN_NO_ISIN,PARACABLES|NOISIN|1
PARACABLES,,2009-08-21,2010-04-16,156,1146,1301,0,PARACABLES|NOISIN|2,UNKNOWN_NO_ISIN,PARACABLES|NOISIN|2
PARACABLES,,2010-06-11,2011-06-21,260,1341,1600,0,PARACABLES|NOISIN|3,UNKNOWN_NO_ISIN,PARACABLES|INE074B01023|1
PARACABLES,INE074B01023,2011-06-22,2026-09-30,3020,1601,5368,116,PARACABLES|INE074B01023|1,EQUITY,PARACABLES|INE074B01023|1
PARADEEP,INE088F01024,2022-05-27,2026-09-30,1073,4296,5368,0,PARADEEP|INE088F01024|1,EQUITY,PARADEEP|INE088F01024|1
PARADYNE,,2005-11-10,2007-11-16,503,213,715,0,PARADYNE|NOISIN|1,UNKNOWN_NO_ISIN,GLODYNE|INE932G01021|1
PARAGMILK,INE883N01014,2016-05-19,2026-09-30,2561,2808,5368,0,PARAGMILK|INE883N01014|1,EQUITY,PARAGMILK|INE883N01014|1
PARAL,,2006-11-21,2011-06-21,1124,468,1600,1,PARAL|NOISIN|1,UNKNOWN_NO_ISIN,PARAL|INE620C01013|1
PARAL,INE620C01013,2011-06-22,2014-05-22,572,1601,2320,71,PARAL|INE620C01013|1,EQUITY,PARAL|INE620C01013|1
PARAPRINT,,2011-05-09,2011-06-21,32,1569,1600,0,PARAPRINT|NOISIN|1,UNKNOWN_NO_ISIN,PARAPRINT|INE702L01010|1
PARAPRINT,INE702L01010,2011-06-22,2016-05-20,621,1601,2809,278,PARAPRINT|INE702L01010|1,EQUITY,PARAPRINT|INE702L01010|1
PARAS,INE045601015,2021-10-18,2025-07-03,860,4145,5061,57,PARAS|INE045601015|1,EQUITY,PARAS|INE045601015|1
PARAS,INE045601023,2025-07-04,2026-09-30,307,5062,5368,0,PARAS|INE045601023|1,EQUITY,PARAS|INE045601015|1
PARASPETRO,,2005-04-11,2006-01-23,193,67,263,1,PARASPETRO|NOISIN|1,UNKNOWN_NO_ISIN,PARASPETRO|NOISIN|1
PARASPETRO,,2010-08-30,2010-12-02,67,1397,1463,0,PARASPETRO|NOISIN|2,UNKNOWN_NO_ISIN,PARASPETRO|NOISIN|2
PARASPETRO,,2011-03-07,2011-06-21,74,1527,1600,0,PARASPETRO|NOISIN|3,UNKNOWN_NO_ISIN,PARASPETRO|INE162C01024|1
PARASPETRO,INE162C01024,2011-06-22,2026-09-30,731,1601,5368,2859,PARASPETRO|INE162C01024|1,EQUITY,PARASPETRO|INE162C01024|1
PAREKHPLAT,,2005-01-03,2005-03-10,47,0,46,0,PAREKHPLAT|NOISIN|1,UNKNOWN_NO_ISIN,PAREKHPLAT|NOISIN|1
PAREKHPLAT,,2005-07-08,2005-07-14,5,130,134,0,PAREKHPLAT|NOISIN|2,UNKNOWN_NO_ISIN,PAREKHPLAT|NOISIN|2
PAREKHPLAT,,2006-06-12,2006-06-29,14,356,369,0,PAREKHPLAT|NOISIN|3,UNKNOWN_NO_ISIN,PAREKHPLAT|NOISIN|3
PAREKHPLAT,,2006-08-28,2006-09-21,19,410,428,0,PAREKHPLAT|NOISIN|4,UNKNOWN_NO_ISIN,PAREKHPLAT|NOISIN|4
PAREKHPLAT,,2006-11-24,2007-06-14,136,471,606,0,PAREKHPLAT|NOISIN|5,UNKNOWN_NO_ISIN,PAREKHPLAT|NOISIN|5
PAREKHPLAT,,2007-12-03,2007-12-28,18,726,743,0,PAREKHPLAT|NOISIN|6,UNKNOWN_NO_ISIN,PAREKHPLAT|NOISIN|6
PAREKHPLAT,,2008-02-29,2009-01-09,209,788,996,0,PAREKHPLAT|NOISIN|7,UNKNOWN_NO_ISIN,PAREKHPLAT|NOISIN|7
PAREKHPLAT,,2009-03-02,2009-11-12,164,1030,1199,2,PAREKHPLAT|NOISIN|8,UNKNOWN_NO_ISIN,PAREKHPLAT|NOISIN|8
PAREKHPLAT,,2010-02-19,2011-06-21,332,1265,1600,1,PAREKHPLAT|NOISIN|9,UNKNOWN_NO_ISIN,PAREKHPLAT|INE598A01015|1
PAREKHPLAT,INE598A01015,2011-06-22,2011-08-25,46,1601,1646,0,PAREKHPLAT|INE598A01015|1,EQUITY,PAREKHPLAT|INE598A01015|1
PARIN,INE00U801010,2026-09-25,2026-09-30,4,5365,5368,0,PARIN|INE00U801010|1,EQUITY,PARIN|INE00U801010|1
PARKHOSPS,INE119201023,2025-12-17,2026-09-30,194,5175,5368,0,PARKHOSPS|INE119201023|1,EQUITY,PARKHOSPS|INE119201023|1
PARKHOTELS,INE988S01028,2024-02-12,2026-09-30,650,4719,5368,0,PARKHOTELS|INE988S01028|1,EQUITY,PARKHOTELS|INE988S01028|1
PARNAXLAB,INE383L01019,2026-08-17,2026-09-30,32,5337,5368,0,PARNAXLAB|INE383L01019|1,EQUITY,PARNAXLAB|INE383L01019|1
PARRYSUGAR,,2010-12-03,2011-03-31,81,1464,1545,1,PARRYSUGAR|NOISIN|1,UNKNOWN_NO_ISIN,PARRYSUGAR|NOISIN|1
PARRYSUGAR,,2011-06-17,2011-06-21,3,1598,1600,0,PARRYSUGAR|NOISIN|2,UNKNOWN_NO_ISIN,PARRYSUGAR|INE353B01021|1
PARRYSUGAR,INE353B01021,2011-06-22,2017-05-24,1174,1601,3058,42,PARRYSUGAR|INE353B01021|1,EQUITY,PARRYSUGAR|INE353B01021|1
PARSVNATH,,2006-11-30,2011-06-21,1126,475,1600,0,PARSVNATH|NOISIN|1,UNKNOWN_NO_ISIN,PARSVNATH|INE561H01026|1
PARSVNATH,INE561H01026,2011-06-22,2026-04-20,2985,1601,5255,151,PARSVNATH|INE561H01026|1,EQUITY,PARSVNATH|INE561H01026|1
PASHUPATI,INE124Y01010,2025-07-17,2026-04-16,183,5071,5253,0,PASHUPATI|INE124Y01010|1,EQUITY,PASHUPATI|INE124Y01010|1
PASHUPATI,INE124Y01028,2026-04-17,2026-09-30,115,5254,5368,0,PASHUPATI|INE124Y01028|1,EQUITY,PASHUPATI|INE124Y01010|1
PASUPATFAB,,2005-01-03,2005-04-01,62,0,61,0,PASUPATFAB|NOISIN|1,UNKNOWN_NO_ISIN,PASUPATFAB|NOISIN|1
PASUPATI,,2006-03-28,2006-09-07,113,306,418,0,PASUPATI|NOISIN|1,UNKNOWN_NO_ISIN,PASUPATI|NOISIN|1
PASUPATI,,2006-11-24,2007-08-16,179,471,650,1,PASUPATI|NOISIN|2,UNKNOWN_NO_ISIN,PASUPATI|NOISIN|2
PASUPTAC,INE818B01023,2021-10-12,2026-09-30,1011,4142,5368,95,PASUPTAC|INE818B01023|1,EQUITY,PASUPTAC|INE818B01023|1
PATANJALI,INE619A01035,2023-11-01,2026-09-30,718,4651,5368,0,PATANJALI|INE619A01035|1,EQUITY,PATANJALI|INE619A01035|1
PATELENG,,2005-02-24,2011-06-21,1565,36,1600,0,PATELENG|NOISIN|1,UNKNOWN_NO_ISIN,PATELENG|INE244B01030|1
PATELENG,INE244B01030,2011-06-22,2026-09-30,3626,1601,5368,59,PATELENG|INE244B01030|1,EQUITY,PATELENG|INE244B01030|1
PATELRMART,INE0R8B01010,2025-09-10,2026-09-30,261,5108,5368,0,PATELRMART|INE0R8B01010|1,EQUITY,PATELRMART|INE0R8B01010|1
PATINTLOG,,2008-01-11,2010-08-19,614,753,1390,18,PATINTLOG|NOISIN|1,UNKNOWN_NO_ISIN,PATINTLOG|NOISIN|1
PATINTLOG,,2010-12-03,2011-06-21,135,1464,1600,1,PATINTLOG|NOISIN|2,UNKNOWN_NO_ISIN,PATINTLOG|INE529D01014|1
PATINTLOG,INE529D01014,2011-06-22,2026-09-30,3594,1601,5368,64,PATINTLOG|INE529D01014|1,EQUITY,PATINTLOG|INE529D01014|1
PATNI,,2005-01-03,2011-06-21,1601,0,1600,0,PATNI|NOISIN|1,UNKNOWN_NO_ISIN,PATNI|INE660F01012|1
PATNI,INE660F01012,2011-06-22,2012-05-18,224,1601,1824,0,PATNI|INE660F01012|1,EQUITY,PATNI|INE660F01012|1
PATSPINLTD,,2005-01-03,2005-09-22,182,0,181,0,PATSPINLTD|NOISIN|1,UNKNOWN_NO_ISIN,PATSPINLTD|NOISIN|1
PATSPINLTD,,2005-11-25,2007-12-28,521,223,743,0,PATSPINLTD|NOISIN|2,UNKNOWN_NO_ISIN,PATSPINLTD|NOISIN|2
PATSPINLTD,,2008-02-29,2009-06-11,271,788,1095,18,PATSPINLTD|NOISIN|3,UNKNOWN_NO_ISIN,PATSPINLTD|NOISIN|3
PATSPINLTD,,2009-08-21,2010-07-08,197,1146,1360,18,PATSPINLTD|NOISIN|4,UNKNOWN_NO_ISIN,PATSPINLTD|NOISIN|4
PATSPINLTD,,2010-08-20,2010-12-02,73,1391,1463,0,PATSPINLTD|NOISIN|5,UNKNOWN_NO_ISIN,PATSPINLTD|NOISIN|5
PATSPINLTD,,2011-03-07,2011-06-21,74,1527,1600,0,PATSPINLTD|NOISIN|6,UNKNOWN_NO_ISIN,PATSPINLTD|INE790C01014|1
PATSPINLTD,INE790C01014,2011-06-22,2022-01-03,2111,1601,4198,122,PATSPINLTD|INE790C01014|1,EQUITY,PATSPINLTD|INE790C01014|1
PAUSHAKLTD,INE111F01024,2025-12-01,2026-09-30,206,5163,5368,0,PAUSHAKLTD|INE111F01024|1,EQUITY,PAUSHAKLTD|INE111F01024|1
PAVCI,,2005-01-03,2005-11-18,198,0,218,20,PAVCI|NOISIN|1,UNKNOWN_NO_ISIN,PAVCI|NOISIN|1
PAVCI,,2006-06-12,2007-12-06,370,356,729,1,PAVCI|NOISIN|2,UNKNOWN_NO_ISIN,PAVCI|NOISIN|2
PAVNAIND,INE07S101020,2023-06-01,2025-08-29,436,4547,5100,64,PAVNAIND|INE07S101020|1,EQUITY,PAVNAIND|INE07S101020|1
PAVNAIND,INE07S101038,2025-09-01,2026-09-30,206,5101,5368,62,PAVNAIND|INE07S101038|1,EQUITY,PAVNAIND|INE07S101020|1
PAYTM,INE982J01020,2021-11-18,2026-09-30,1202,4167,5368,0,PAYTM|INE982J01020|1,EQUITY,PAYTM|INE982J01020|1
PBAINFRA,,2005-11-24,2011-06-21,1379,222,1600,0,PBAINFRA|NOISIN|1,UNKNOWN_NO_ISIN,PBAINFRA|INE160H01019|1
PBAINFRA,INE160H01019,2011-06-22,2022-08-23,1717,1601,4356,558,PBAINFRA|INE160H01019|1,EQUITY,PBAINFRA|INE160H01019|1
PBMPOLY,INE501F01018,2026-08-17,2026-09-30,24,5337,5368,3,PBMPOLY|INE501F01018|1,EQUITY,PBMPOLY|INE501F01018|1
PCBL,INE602A01023,2022-01-13,2022-04-11,60,4206,4265,0,PCBL|INE602A01023|1,EQUITY,PCBL|INE602A01023|1
PCBL,INE602A01031,2022-04-12,2026-09-30,1103,4266,5368,0,PCBL|INE602A01031|1,EQUITY,PCBL|INE602A01023|1
PCJEWELLER,INE785M01013,2012-12-27,2024-10-07,2818,1975,4878,57,PCJEWELLER|INE785M01013|1,EQUITY,PCJEWELLER|INE785M01013|1
PCJEWELLER,INE785M01021,2024-12-31,2026-09-30,433,4936,5368,0,PCJEWELLER|INE785M01021|1,EQUITY,PCJEWELLER|INE785M01021|1
PDMJEPAPER,INE865T01018,2016-08-23,2026-09-30,2427,2874,5368,68,PDMJEPAPER|INE865T01018|1,EQUITY,PDMJEPAPER|INE865T01018|1
PDPL,,2010-08-19,2011-06-21,211,1390,1600,0,PDPL|NOISIN|1,UNKNOWN_NO_ISIN,PDPL|INE904D01019|1
PDPL,INE904D01019,2011-06-22,2021-10-28,1733,1601,4153,563,PDPL|INE904D01019|1,EQUITY,PDPL|INE904D01019|1
PDSL,INE111Q01013,2022-02-17,2022-08-26,130,4230,4359,0,PDSL|INE111Q01013|1,EQUITY,PDSL|INE111Q01013|1
PDSL,INE111Q01021,2022-08-29,2026-09-30,1009,4360,5368,0,PDSL|INE111Q01021|1,EQUITY,PDSL|INE111Q01013|1
PDSMFL,INE111Q01013,2014-11-07,2022-02-16,1797,2431,4229,1,PDSMFL|INE111Q01013|1,EQUITY,PDSL|INE111Q01013|1
PDUMJEAGRO,,2005-04-11,2007-12-12,467,67,733,12,PDUMJEAGRO|NOISIN|1,UNKNOWN_NO_ISIN,PDUMJEAGRO|NOISIN|1
PDUMJEAGRO,,2008-02-29,2008-03-27,17,788,804,0,PDUMJEAGRO|NOISIN|2,UNKNOWN_NO_ISIN,PDUMJEAGRO|NOISIN|2
PDUMJEIND,,2008-03-28,2009-02-16,172,805,1021,17,PDUMJEIND|NOISIN|1,UNKNOWN_NO_ISIN,PDUMJEAGRO|NOISIN|2
PDUMJEIND,,2009-03-23,2011-06-21,465,1043,1600,13,PDUMJEIND|NOISIN|2,UNKNOWN_NO_ISIN,3PLAND|INE105C01023|1
PDUMJEIND,INE105C01023,2011-06-22,2018-05-03,1084,1601,3292,44,PDUMJEIND|INE105C01023|1,EQUITY,3PLAND|INE105C01023|1
PDUMJEPULP,,2005-04-08,2007-11-30,659,66,725,1,PDUMJEPULP|NOISIN|1,UNKNOWN_NO_ISIN,PDUMJEPULP|NOISIN|1
PDUMJEPULP,,2008-02-29,2010-06-10,536,788,1340,3,PDUMJEPULP|NOISIN|2,UNKNOWN_NO_ISIN,PDUMJEPULP|NOISIN|2
PDUMJEPULP,,2010-08-20,2011-06-21,210,1391,1600,0,PDUMJEPULP|NOISIN|3,UNKNOWN_NO_ISIN,AMJLAND|INE606A01024|1
PDUMJEPULP,INE606A01024,2011-06-22,2018-01-18,1535,1601,3223,17,PDUMJEPULP|INE606A01024|1,EQUITY,AMJLAND|INE606A01024|1
PEACOCKIND,,2005-04-08,2005-05-19,29,66,94,0,PEACOCKIND|NOISIN|1,UNKNOWN_NO_ISIN,PEACOCKIND|NOISIN|1
PEACOCKIND,,2005-07-08,2005-07-21,10,130,139,0,PEACOCKIND|NOISIN|2,UNKNOWN_NO_ISIN,PEACOCKIND|NOISIN|2
PEACOCKIND,,2006-06-12,2006-06-29,11,356,369,2,PEACOCKIND|NOISIN|3,UNKNOWN_NO_ISIN,PEACOCKIND|NOISIN|3
PEACOCKIND,,2006-08-28,2007-01-25,103,410,513,1,PEACOCKIND|NOISIN|4,UNKNOWN_NO_ISIN,PEACOCKIND|NOISIN|4
PEACOCKIND,,2007-03-06,2007-08-23,110,538,655,1,PEACOCKIND|NOISIN|5,UNKNOWN_NO_ISIN,PEACOCKIND|NOISIN|5
PEACOCKIND,,2007-12-03,2007-12-28,18,726,743,0,PEACOCKIND|NOISIN|6,UNKNOWN_NO_ISIN,PEACOCKIND|NOISIN|6
PEACOCKIND,,2008-03-03,2008-12-12,178,789,978,2,PEACOCKIND|NOISIN|7,UNKNOWN_NO_ISIN,PEACOCKIND|NOISIN|7
PEACOCKIND,,2009-03-02,2009-05-04,36,1030,1067,1,PEACOCKIND|NOISIN|8,UNKNOWN_NO_ISIN,PEACOCKIND|NOISIN|8
PEACOCKIND,,2009-08-21,2011-06-21,443,1146,1600,1,PEACOCKIND|NOISIN|9,UNKNOWN_NO_ISIN,PEACOCKIND|INE600A01019|1
PEACOCKIND,INE600A01019,2011-06-22,2013-07-05,379,1601,2106,53,PEACOCKIND|INE600A01019|1,EQUITY,PEACOCKIND|INE600A01019|1
PEARLGLOBL,,2005-01-03,2005-03-17,52,0,51,0,PEARLGLOBL|NOISIN|1,UNKNOWN_NO_ISIN,PEARLGLOBL|NOISIN|1
PEARLGLOBL,,2005-07-08,2007-12-13,592,130,734,13,PEARLGLOBL|NOISIN|2,UNKNOWN_NO_ISIN,PEARLGLOBL|NOISIN|2
PEARLGLOBL,,2008-02-29,2008-04-21,32,788,819,0,PEARLGLOBL|NOISIN|3,UNKNOWN_NO_ISIN,PEARLGLOBL|NOISIN|3
PEARLGLOBL,,2008-06-13,2008-08-07,31,856,895,3,PEARLGLOBL|NOISIN|4,UNKNOWN_NO_ISIN,PEARLGLOBL|NOISIN|4
PEARLGLOBL,,2008-12-01,2009-01-22,27,970,1005,2,PEARLGLOBL|NOISIN|5,UNKNOWN_NO_ISIN,PEARLGLOBL|NOISIN|5
PEARLGLOBL,,2009-03-02,2009-08-13,106,1030,1140,1,PEARLGLOBL|NOISIN|6,UNKNOWN_NO_ISIN,PEARLGLOBL|NOISIN|6
PEARLPOLY,,2005-04-08,2009-06-10,999,66,1094,3,PEARLPOLY|NOISIN|1,UNKNOWN_NO_ISIN,PEARLPOLY|NOISIN|1
PEARLPOLY,,2009-08-24,2011-06-21,453,1147,1600,1,PEARLPOLY|NOISIN|2,UNKNOWN_NO_ISIN,PEARLPOLY|INE844A01013|1
PEARLPOLY,INE844A01013,2011-06-22,2026-09-30,2776,1601,5368,111,PEARLPOLY|INE844A01013|1,EQUITY,PEARLPOLY|INE844A01013|1
PEL,INE140A01024,2012-09-21,2025-09-22,3206,1911,5116,0,PEL|INE140A01024|1,EQUITY,NICOLASPIR|NOISIN|1
PENIND,,2010-11-25,2011-06-21,143,1458,1600,0,PENIND|NOISIN|1,UNKNOWN_NO_ISIN,PENIND|INE932A01024|1
PENIND,INE932A01024,2011-06-22,2026-09-30,3752,1601,5368,16,PENIND|INE932A01024|1,EQUITY,PENIND|INE932A01024|1
PENINLAND,,2006-06-09,2011-06-21,1246,355,1600,0,PENINLAND|NOISIN|1,UNKNOWN_NO_ISIN,MORAREALTY|NOISIN|2
PENINLAND,INE138A01028,2011-06-22,2026-09-30,3231,1601,5368,127,PENINLAND|INE138A01028|1,EQUITY,MORAREALTY|NOISIN|2
PENPEBS,INE455O01019,2015-09-28,2019-06-06,910,2652,3561,0,PENPEBS|INE455O01019|1,EQUITY,PENPEBS|INE455O01019|1
PENTACOMMU,,2005-01-03,2006-01-13,258,0,257,0,PENTACOMMU|NOISIN|1,UNKNOWN_NO_ISIN,PENTACOMMU|NOISIN|1
PENTACOMMU,,2006-06-12,2006-06-29,14,356,369,0,PENTACOMMU|NOISIN|2,UNKNOWN_NO_ISIN,PENTACOMMU|NOISIN|2
PENTACOMMU,,2006-08-28,2006-09-12,12,410,421,0,PENTACOMMU|NOISIN|3,UNKNOWN_NO_ISIN,PENTACOMMU|NOISIN|3
PENTSFWARE,,2005-01-03,2006-01-13,258,0,257,0,PENTSFWARE|NOISIN|1,UNKNOWN_NO_ISIN,PENTSFWARE|NOISIN|1
PENTSFWARE,,2006-06-12,2006-09-12,66,356,421,0,PENTSFWARE|NOISIN|2,UNKNOWN_NO_ISIN,PENTSFWARE|NOISIN|2
PEPL,,2005-01-03,2005-07-21,140,0,139,0,PEPL|NOISIN|1,UNKNOWN_NO_ISIN,PEPL|NOISIN|1
PEPL,,2006-08-29,2006-12-12,58,411,483,3,PEPL|NOISIN|2,UNKNOWN_NO_ISIN,PEPL|NOISIN|2
PEPL,,2007-03-05,2007-07-26,80,537,636,5,PEPL|NOISIN|3,UNKNOWN_NO_ISIN,PEPL|NOISIN|3
PEPL,,2007-12-03,2007-12-28,18,726,743,0,PEPL|NOISIN|4,UNKNOWN_NO_ISIN,PEPL|NOISIN|4
PEPL,,2008-02-29,2008-04-21,27,788,819,2,PEPL|NOISIN|5,UNKNOWN_NO_ISIN,PEPL|NOISIN|5
PEPL,,2008-06-13,2008-08-21,43,856,904,3,PEPL|NOISIN|6,UNKNOWN_NO_ISIN,PEPL|NOISIN|6
PEPL,,2008-12-01,2009-03-02,30,970,1030,6,PEPL|NOISIN|7,UNKNOWN_NO_ISIN,PEPL|NOISIN|7
PEPL,,2009-08-21,2011-04-18,386,1146,1555,18,PEPL|NOISIN|8,UNKNOWN_NO_ISIN,PEPL|NOISIN|8
PEPL,,2011-06-17,2011-06-21,3,1598,1600,0,PEPL|NOISIN|9,UNKNOWN_NO_ISIN,PEPL|INE843A01023|1
PEPL,INE843A01023,2011-06-22,2012-01-31,97,1601,1751,6,PEPL|INE843A01023|1,EQUITY,PEPL|INE843A01023|1
PERIATEA,,2010-06-30,2011-06-21,239,1354,1600,2,PERIATEA|NOISIN|1,UNKNOWN_NO_ISIN,PERIATEA|NOISIN|1
PERIATEA,INE431F01018,2011-06-23,2014-01-10,468,1602,2233,28,PERIATEA|INE431F01018|1,EQUITY,PERIATEA|INE431F01018|1
PERLENGINF,,2005-01-03,2005-05-19,77,0,94,3,PERLENGINF|NOISIN|1,UNKNOWN_NO_ISIN,PERLENGINF|NOISIN|1
PERLENGINF,,2005-07-11,2005-10-17,64,131,197,2,PERLENGINF|NOISIN|2,UNKNOWN_NO_ISIN,PERLENGINF|NOISIN|2
PERMAGN,INE418E01018,2026-08-17,2026-09-30,32,5337,5368,0,PERMAGN|INE418E01018|1,EQUITY,PERMAGN|INE418E01018|1
PERNIASPOP,INE0I1B01016,2026-09-07,2026-09-30,17,5352,5368,0,PERNIASPOP|INE0I1B01016|1,EQUITY,PERNIASPOP|INE0I1B01016|1
PERSISTENT,,2010-04-06,2011-06-21,307,1294,1600,0,PERSISTENT|NOISIN|1,UNKNOWN_NO_ISIN,PERSISTENT|INE262H01013|1
PERSISTENT,INE262H01013,2011-06-22,2024-03-27,3149,1601,4749,0,PERSISTENT|INE262H01013|1,EQUITY,PERSISTENT|INE262H01013|1
PERSISTENT,INE262H01021,2024-03-28,2026-09-30,619,4750,5368,0,PERSISTENT|INE262H01021|1,EQUITY,PERSISTENT|INE262H01013|1
PETRONENGG,,2005-01-03,2006-06-09,356,0,355,0,PETRONENGG|NOISIN|1,UNKNOWN_NO_ISIN,PETRONENGG|NOISIN|1
PETRONENGG,,2006-08-28,2008-08-21,494,410,904,1,PETRONENGG|NOISIN|2,UNKNOWN_NO_ISIN,PETRONENGG|NOISIN|2
PETRONENGG,,2008-12-01,2009-11-19,232,970,1204,1,PETRONENGG|NOISIN|3,UNKNOWN_NO_ISIN,PETRONENGG|NOISIN|3
PETRONENGG,,2010-02-19,2011-06-21,336,1265,1600,0,PETRONENGG|NOISIN|4,UNKNOWN_NO_ISIN,PETRONENGG|INE742A01019|1
PETRONENGG,INE742A01019,2011-06-22,2019-03-22,1669,1601,3512,72,PETRONENGG|INE742A01019|1,EQUITY,PETRONENGG|INE742A01019|1
PETRONET,,2005-01-03,2011-06-21,1601,0,1600,0,PETRONET|NOISIN|1,UNKNOWN_NO_ISIN,PETRONET|INE347G01014|1
PETRONET,INE347G01014,2011-06-22,2026-09-30,3768,1601,5368,0,PETRONET|INE347G01014|1,EQUITY,PETRONET|INE347G01014|1
PFC,,2007-02-23,2011-06-21,1070,531,1600,0,PFC|NOISIN|1,UNKNOWN_NO_ISIN,PFC|INE134E01011|1
PFC,INE134E01011,2011-06-22,2026-09-30,3768,1601,5368,0,PFC|INE134E01011|1,EQUITY,PFC|INE134E01011|1
PFIZER,,2005-01-03,2011-06-21,1601,0,1600,0,PFIZER|NOISIN|1,UNKNOWN_NO_ISIN,PFIZER|INE182A01018|1
PFIZER,INE182A01018,2011-06-22,2026-09-30,3768,1601,5368,0,PFIZER|INE182A01018|1,EQUITY,PFIZER|INE182A01018|1
PFOCUS,,2006-06-20,2010-04-16,939,362,1301,1,PFOCUS|NOISIN|1,UNKNOWN_NO_ISIN,PFOCUS|NOISIN|1
PFOCUS,,2010-06-11,2011-06-21,260,1341,1600,0,PFOCUS|NOISIN|2,UNKNOWN_NO_ISIN,PFOCUS|INE367G01038|1
PFOCUS,INE367G01038,2011-06-22,2026-09-30,3608,1601,5368,59,PFOCUS|INE367G01038|1,EQUITY,PFOCUS|INE367G01038|1
PFRL,INE647O01011,2013-07-31,2016-01-28,611,2124,2734,0,PFRL|INE647O01011|1,EQUITY,ABFRL|INE647O01011|1
PFS,,2011-03-30,2011-06-21,57,1544,1600,0,PFS|NOISIN|1,UNKNOWN_NO_ISIN,PFS|INE560K01014|1
PFS,INE560K01014,2011-06-22,2026-09-30,3667,1601,5368,59,PFS|INE560K01014|1,EQUITY,PFS|INE560K01014|1
PGEL,INE457L01011,2011-09-26,2024-07-09,2952,1666,4817,62,PGEL|INE457L01011|1,EQUITY,PGEL|INE457L01011|1
PGEL,INE457L01029,2024-07-10,2026-09-30,551,4818,5368,0,PGEL|INE457L01029|1,EQUITY,PGEL|INE457L01011|1
PGHH,,2005-01-03,2011-06-21,1600,0,1600,1,PGHH|NOISIN|1,UNKNOWN_NO_ISIN,PGHH|INE179A01014|1
PGHH,INE179A01014,2011-06-22,2026-09-30,3768,1601,5368,0,PGHH|INE179A01014|1,EQUITY,PGHH|INE179A01014|1
PGHL,INE199A01012,2019-06-11,2026-09-30,1805,3564,5368,0,PGHL|INE199A01012|1,EQUITY,EMERCK|NOISIN|1
PGIL,INE940H01014,2012-07-02,2023-10-20,2670,1855,4644,78,PGIL|INE940H01014|1,EQUITY,HOPFL|INE940H01014|1
PGIL,INE940H01022,2024-01-23,2026-09-30,655,4706,5368,8,PGIL|INE940H01022|1,EQUITY,PGIL|INE940H01022|1
PHARMABEES,INF204KC1089,2022-05-10,2026-09-30,1086,4283,5368,0,PHARMABEES|INF204KC1089|1,FUND_UNIT,NETFPHARMA|INF204KC1089|1
PHARMACIA,,2005-01-03,2005-03-03,42,0,41,0,PHARMACIA|NOISIN|1,UNKNOWN_NO_ISIN,PHARMACIA|NOISIN|1
PHILCORP,,2005-01-03,2005-02-17,32,0,31,0,PHILCORP|NOISIN|1,UNKNOWN_NO_ISIN,PHILCORP|NOISIN|1
PHILCORP,,2005-04-08,2005-05-05,19,66,84,0,PHILCORP|NOISIN|2,UNKNOWN_NO_ISIN,PHILCORP|NOISIN|2
PHILCORP,,2005-07-08,2005-08-19,29,130,158,0,PHILCORP|NOISIN|3,UNKNOWN_NO_ISIN,PHILCORP|NOISIN|3
PHILCORP,,2006-06-12,2006-06-29,14,356,369,0,PHILCORP|NOISIN|4,UNKNOWN_NO_ISIN,PHILCORP|NOISIN|4
PHILCORP,,2006-08-28,2007-07-12,202,410,626,2,PHILCORP|NOISIN|5,UNKNOWN_NO_ISIN,PHILCORP|NOISIN|5
PHILIPCARB,,2005-01-03,2006-02-16,280,0,279,0,PHILIPCARB|NOISIN|1,UNKNOWN_NO_ISIN,PHILIPCARB|NOISIN|1
PHILIPCARB,,2006-06-12,2006-06-29,14,356,369,0,PHILIPCARB|NOISIN|2,UNKNOWN_NO_ISIN,PHILIPCARB|NOISIN|2
PHILIPCARB,,2006-11-24,2009-05-28,614,471,1085,1,PHILIPCARB|NOISIN|3,UNKNOWN_NO_ISIN,PHILIPCARB|NOISIN|3
PHILIPCARB,,2009-11-20,2011-06-21,396,1205,1600,0,PHILIPCARB|NOISIN|4,UNKNOWN_NO_ISIN,PCBL|INE602A01023|1
PHILIPCARB,INE602A01015,2011-06-22,2018-04-19,1683,1601,3283,0,PHILIPCARB|INE602A01015|1,EQUITY,PCBL|INE602A01023|1
PHILIPCARB,INE602A01023,2018-04-20,2022-01-12,922,3284,4205,0,PHILIPCARB|INE602A01023|1,EQUITY,PCBL|INE602A01023|1
PHOENIXLL,INE455B01016,2013-10-30,2017-09-11,881,2184,3133,68,PHOENIXLL|INE455B01016|1,EQUITY,HALONIX|INE455B01016|1
PHOENIXLMP,,2005-01-03,2006-06-09,356,0,355,0,PHOENIXLMP|NOISIN|1,UNKNOWN_NO_ISIN,PHOENIXLMP|NOISIN|1
PHOENIXLMP,,2006-08-28,2009-03-06,625,410,1034,0,PHOENIXLMP|NOISIN|2,UNKNOWN_NO_ISIN,HALONIX|NOISIN|1
PHOENIXLTD,,2007-04-23,2011-06-21,1030,570,1600,1,PHOENIXLTD|NOISIN|1,UNKNOWN_NO_ISIN,PHOENIXLTD|INE211B01039|1
PHOENIXLTD,INE211B01039,2011-06-22,2026-09-30,3768,1601,5368,0,PHOENIXLTD|INE211B01039|1,EQUITY,PHOENIXLTD|INE211B01039|1
PHOENXINTL,INE245B01011,2026-08-17,2026-09-30,32,5337,5368,0,PHOENXINTL|INE245B01011|1,EQUITY,PHOENXINTL|INE245B01011|1
PICCADIL,INE546C01010,2025-07-02,2026-09-30,309,5060,5368,0,PICCADIL|INE546C01010|1,EQUITY,PICCADIL|INE546C01010|1
PIDILITIND,,2005-01-03,2011-06-21,1600,0,1600,1,PIDILITIND|NOISIN|1,UNKNOWN_NO_ISIN,PIDILITIND|INE318A01026|1
PIDILITIND,INE318A01026,2011-06-22,2026-09-30,3768,1601,5368,0,PIDILITIND|INE318A01026|1,EQUITY,PIDILITIND|INE318A01026|1
PIGL,INE557Z01018,2023-05-17,2026-09-30,284,4536,5368,440,PIGL|INE557Z01018|1,EQUITY,PIGL|INE557Z01018|1
PIIND,,2011-06-15,2011-06-21,5,1596,1600,0,PIIND|NOISIN|1,UNKNOWN_NO_ISIN,PIIND|INE603J01014|1
PIIND,INE603J01014,2011-06-22,2011-08-18,40,1601,1641,1,PIIND|INE603J01014|1,EQUITY,PIIND|INE603J01014|1
PIIND,INE603J01022,2011-08-19,2013-04-12,407,1642,2049,1,PIIND|INE603J01022|1,EQUITY,PIIND|INE603J01014|1
PIIND,INE603J01030,2013-04-15,2026-09-30,3319,2050,5368,0,PIIND|INE603J01030|1,EQUITY,PIIND|INE603J01014|1
PILANIINVS,INE417C01014,2015-12-23,2026-09-30,1894,2710,5368,743,PILANIINVS|INE417C01014|1,EQUITY,PILANIINVS|INE417C01014|1
PILIND,INE600A01027,2013-10-31,2015-09-02,286,2185,2636,132,PILIND|INE600A01027|1,EQUITY,PILIND|INE600A01027|1
PILITA,INE600A01027,2015-09-03,2016-08-24,239,2637,2875,0,PILITA|INE600A01027|1,EQUITY,PILIND|INE600A01027|1
PILITA,INE600A01035,2016-08-25,2026-09-30,1909,2876,5368,114,PILITA|INE600A01035|1,EQUITY,PILIND|INE600A01027|1
PINCON,INE675G01018,2016-06-15,2018-05-21,474,2827,3304,4,PINCON|INE675G01018|1,EQUITY,PINCON|INE675G01018|1
PINELABS,INE15B701018,2025-11-14,2026-09-30,217,5152,5368,0,PINELABS|INE15B701018|1,EQUITY,PINELABS|INE15B701018|1
PIONDIST,,2010-06-15,2010-08-19,48,1343,1390,0,PIONDIST|NOISIN|1,UNKNOWN_NO_ISIN,PIONDIST|NOISIN|1
PIONDIST,,2010-12-03,2011-06-21,134,1464,1600,1,PIONDIST|NOISIN|2,UNKNOWN_NO_ISIN,PIONDIST|INE889E01010|1
PIONDIST,INE889E01010,2011-06-22,2023-01-05,2240,1601,4449,253,PIONDIST|INE889E01010|1,EQUITY,PIONDIST|INE889E01010|1
PIONEEREMB,,2006-05-16,2009-04-17,722,337,1058,0,PIONEEREMB|NOISIN|1,UNKNOWN_NO_ISIN,PIONEEREMB|NOISIN|1
PIONEEREMB,,2009-08-21,2010-04-29,147,1146,1310,18,PIONEEREMB|NOISIN|2,UNKNOWN_NO_ISIN,PIONEEREMB|NOISIN|2
PIONEEREMB,,2010-06-11,2010-08-19,50,1341,1390,0,PIONEEREMB|NOISIN|3,UNKNOWN_NO_ISIN,PIONEEREMB|NOISIN|3
PIONEEREMB,,2010-12-03,2011-06-21,137,1464,1600,0,PIONEEREMB|NOISIN|4,UNKNOWN_NO_ISIN,PIONEEREMB|INE156C01018|1
PIONEEREMB,INE156C01018,2011-06-22,2026-09-30,3317,1601,5368,67,PIONEEREMB|INE156C01018|1,EQUITY,PIONEEREMB|INE156C01018|1
PIONRINV,INE746D01014,2026-04-20,2026-07-27,68,5255,5322,0,PIONRINV|INE746D01014|1,EQUITY,PIONRINV|INE746D01014|1
PIPAVAVDOC,INE542F01012,2011-09-29,2016-03-17,1089,1669,2768,11,PIPAVAVDOC|INE542F01012|1,EQUITY,PIPAVAVDOC|INE542F01012|1
PIPAVAVYD,,2009-10-09,2011-06-21,423,1178,1600,0,PIPAVAVYD|NOISIN|1,UNKNOWN_NO_ISIN,PIPAVAVDOC|INE542F01012|1
PIPAVAVYD,INE542F01012,2011-06-22,2011-09-28,68,1601,1668,0,PIPAVAVYD|INE542F01012|1,EQUITY,PIPAVAVDOC|INE542F01012|1
PIRAMALFIN,INE202B01038,2025-11-21,2026-09-30,212,5157,5368,0,PIRAMALFIN|INE202B01038|1,EQUITY,PIRAMALFIN|INE202B01038|1
PIRAMYDRET,,2005-12-06,2006-06-29,140,230,369,0,PIRAMYDRET|NOISIN|1,UNKNOWN_NO_ISIN,PIRAMYDRET|NOISIN|1
PIRAMYDRET,,2006-08-28,2006-12-14,76,410,485,0,PIRAMYDRET|NOISIN|2,UNKNOWN_NO_ISIN,PIRAMYDRET|NOISIN|2
PIRAMYDRET,,2007-03-02,2007-12-13,199,536,734,0,PIRAMYDRET|NOISIN|3,UNKNOWN_NO_ISIN,PIRAMYDRET|NOISIN|3
PIRAMYDRET,,2008-02-29,2008-04-21,32,788,819,0,PIRAMYDRET|NOISIN|4,UNKNOWN_NO_ISIN,PIRAMYDRET|NOISIN|4
PIRGLASS,,2008-05-12,2009-04-17,199,833,1058,3,PIRGLASS|NOISIN|1,UNKNOWN_NO_ISIN,GUJGLASS|NOISIN|1
PIRGLASS,,2010-02-19,2011-06-21,336,1265,1600,0,PIRGLASS|NOISIN|2,UNKNOWN_NO_ISIN,PIRGLASS|INE748E01018|1
PIRGLASS,INE748E01018,2011-06-22,2014-07-18,761,1601,2361,0,PIRGLASS|INE748E01018|1,EQUITY,PIRGLASS|INE748E01018|1
PIRHEALTH,,2008-06-19,2011-06-21,741,860,1600,0,PIRHEALTH|NOISIN|1,UNKNOWN_NO_ISIN,NICOLASPIR|NOISIN|1
PIRHEALTH,INE140A01024,2011-06-22,2012-09-20,310,1601,1910,0,PIRHEALTH|INE140A01024|1,EQUITY,NICOLASPIR|NOISIN|1
PIRLIFE,,2008-05-29,2009-02-19,180,845,1024,0,PIRLIFE|NOISIN|1,UNKNOWN_NO_ISIN,PIRLIFE|NOISIN|1
PIRLIFE,,2009-06-12,2009-08-06,40,1096,1135,0,PIRLIFE|NOISIN|2,UNKNOWN_NO_ISIN,PIRLIFE|NOISIN|2
PIRLIFE,,2009-11-20,2010-04-01,88,1205,1292,0,PIRLIFE|NOISIN|3,UNKNOWN_NO_ISIN,PIRLIFE|NOISIN|3
PIRLIFE,,2010-08-20,2011-06-21,210,1391,1600,0,PIRLIFE|NOISIN|4,UNKNOWN_NO_ISIN,PIRLIFE|INE122J01015|1
PIRLIFE,INE122J01015,2011-06-22,2013-09-13,347,1601,2153,119,PIRLIFE|INE122J01015|1,EQUITY,PIRLIFE|INE122J01015|1
PIRPHYTO,INE122J01015,2013-11-29,2017-04-06,787,2204,3026,30,PIRPHYTO|INE122J01015|1,EQUITY,PIRLIFE|INE122J01015|1
PITTIENG,INE450D01021,2018-06-06,2026-09-30,2053,3316,5368,0,PITTIENG|INE450D01021|1,EQUITY,PITTIENG|INE450D01021|1
PITTILAM,,2007-02-02,2010-04-16,784,517,1301,1,PITTILAM|NOISIN|1,UNKNOWN_NO_ISIN,PITTILAM|NOISIN|1
PITTILAM,,2010-06-11,2010-10-28,99,1341,1439,0,PITTILAM|NOISIN|2,UNKNOWN_NO_ISIN,PITTILAM|NOISIN|2
PITTILAM,,2010-12-03,2011-06-21,137,1464,1600,0,PITTILAM|NOISIN|3,UNKNOWN_NO_ISIN,PITTIENG|INE450D01021|1
PITTILAM,INE450D01013,2011-06-22,2015-04-16,861,1601,2538,26,PITTILAM|INE450D01013|1,EQUITY,PITTIENG|INE450D01021|1
PITTILAM,INE450D01021,2015-04-17,2018-06-05,777,2539,3315,0,PITTILAM|INE450D01021|1,EQUITY,PITTIENG|INE450D01021|1
PIXTRANS,INE751B01018,2022-04-28,2026-09-30,1093,4276,5368,0,PIXTRANS|INE751B01018|1,EQUITY,PIXTRANS|INE751B01018|1
PKTEA,INE431F01018,2015-10-20,2026-09-17,925,2667,5359,1502,PKTEA|INE431F01018|1,EQUITY,PERIATEA|INE431F01018|1
PLASTIBLEN,,2006-12-28,2011-06-21,992,494,1600,6,PLASTIBLEN|NOISIN|1,UNKNOWN_NO_ISIN,PLASTIBLEN|INE083C01014|1
PLASTIBLEN,INE083C01014,2011-06-22,2012-02-29,159,1601,1771,3,PLASTIBLEN|INE083C01014|1,EQUITY,PLASTIBLEN|INE083C01014|1
PLASTIBLEN,INE083C01022,2012-03-01,2026-09-30,3488,1772,5368,64,PLASTIBLEN|INE083C01022|1,EQUITY,PLASTIBLEN|INE083C01014|1
PLATIND,INE0PT501018,2024-03-20,2026-09-30,624,4745,5368,0,PLATIND|INE0PT501018|1,EQUITY,PLATIND|INE0PT501018|1
PLAZACABLE,INE0INJ01017,2023-10-27,2026-09-30,592,4648,5368,65,PLAZACABLE|INE0INJ01017|1,EQUITY,PLAZACABLE|INE0INJ01017|1
PLETHICO,,2006-05-05,2011-06-21,1270,330,1600,1,PLETHICO|NOISIN|1,UNKNOWN_NO_ISIN,PLETHICO|INE491H01018|1
PLETHICO,INE491H01018,2011-06-22,2015-08-21,927,1601,2628,69,PLETHICO|INE491H01018|1,EQUITY,PLETHICO|INE491H01018|1
PML,INE291E01019,2026-04-20,2026-09-30,114,5255,5368,0,PML|INE291E01019|1,EQUITY,PML|INE291E01019|1
PNB,,2005-01-03,2011-06-21,1601,0,1600,0,PNB|NOISIN|1,UNKNOWN_NO_ISIN,PNB|INE160A01014|1
PNB,INE160A01014,2011-06-22,2014-12-18,860,1601,2460,0,PNB|INE160A01014|1,EQUITY,PNB|INE160A01014|1
PNB,INE160A01022,2014-12-19,2026-09-30,2908,2461,5368,0,PNB|INE160A01022|1,EQUITY,PNB|INE160A01014|1
PNBGILTS,,2005-01-03,2008-08-07,896,0,895,0,PNBGILTS|NOISIN|1,UNKNOWN_NO_ISIN,PNBGILTS|NOISIN|1
PNBGILTS,,2008-12-01,2011-06-21,630,970,1600,1,PNBGILTS|NOISIN|2,UNKNOWN_NO_ISIN,PNBGILTS|INE859A01011|1
PNBGILTS,INE859A01011,2011-06-22,2026-09-30,3768,1601,5368,0,PNBGILTS|INE859A01011|1,EQUITY,PNBGILTS|INE859A01011|1
PNBHOUSING,INE572E01012,2016-11-07,2026-09-30,2383,2923,5368,63,PNBHOUSING|INE572E01012|1,EQUITY,PNBHOUSING|INE572E01012|1
PNC,,2005-01-03,2007-07-12,627,0,626,0,PNC|NOISIN|1,UNKNOWN_NO_ISIN,PNC|NOISIN|1
PNC,,2007-08-31,2011-06-21,938,661,1600,1,PNC|NOISIN|2,UNKNOWN_NO_ISIN,PNC|INE392B01011|1
PNC,INE392B01011,2011-06-22,2026-09-30,3014,1601,5368,132,PNC|INE392B01011|1,EQUITY,PNC|INE392B01011|1
PNCINFRA,INE195J01011,2015-05-26,2016-08-12,304,2565,2868,0,PNCINFRA|INE195J01011|1,EQUITY,PNCINFRA|INE195J01011|1
PNCINFRA,INE195J01029,2016-08-16,2026-09-30,2500,2869,5368,0,PNCINFRA|INE195J01029|1,EQUITY,PNCINFRA|INE195J01011|1
PNEUMATIC,INE096T01010,2015-10-06,2017-05-19,373,2657,3055,3,PNEUMATIC|INE096T01010|1,EQUITY,PNEUMATIC|INE096T01010|1
PNGJL,INE953R01016,2024-09-17,2026-09-30,504,4865,5368,0,PNGJL|INE953R01016|1,EQUITY,PNGJL|INE953R01016|1
PNGSREVA,INE1RDG01013,2026-03-04,2026-09-30,143,5226,5368,0,PNGSREVA|INE1RDG01013|1,EQUITY,PNGSREVA|INE1RDG01013|1
POCHIRAJU,,2007-02-09,2011-06-21,1078,522,1600,1,POCHIRAJU|NOISIN|1,UNKNOWN_NO_ISIN,POCHIRAJU|INE332G01032|1
POCHIRAJU,INE332G01032,2011-06-22,2018-11-19,1664,1601,3427,68,POCHIRAJU|INE332G01032|1,EQUITY,POCHIRAJU|INE332G01032|1
POCL,INE063E01046,2023-03-06,2024-10-15,395,4490,4884,0,POCL|INE063E01046|1,EQUITY,POCL|INE063E01046|1
POCL,INE063E01053,2024-10-16,2026-07-20,433,4885,5317,0,POCL|INE063E01053|1,EQUITY,POCL|INE063E01046|1
POCL,INE063E01061,2026-07-21,2026-09-30,51,5318,5368,0,POCL|INE063E01061|1,EQUITY,POCL|INE063E01046|1
PODDARHOUS,INE888B01018,2017-04-10,2023-10-27,1334,3028,4648,67,PODDARHOUS|INE888B01018|1,EQUITY,PODDARHOUS|INE888B01018|1
PODDARMENT,INE371C01013,2016-11-22,2026-09-30,2436,2933,5368,0,PODDARMENT|INE371C01013|1,EQUITY,PODDARMENT|INE371C01013|1
POEL,INE035S01028,2026-08-17,2026-09-30,32,5337,5368,0,POEL|INE035S01028|1,EQUITY,POEL|INE035S01028|1
POKARNA,INE637C01017,2016-07-07,2017-10-19,319,2842,3160,0,POKARNA|INE637C01017|1,EQUITY,POKARNA|INE637C01017|1
POKARNA,INE637C01025,2017-10-23,2026-09-30,2112,3161,5368,72,POKARNA|INE637C01025|1,EQUITY,POKARNA|INE637C01017|1
POLARIND,,2005-01-03,2005-03-03,42,0,41,0,POLARIND|NOISIN|1,UNKNOWN_NO_ISIN,POLARIND|NOISIN|1
POLARIND,,2005-04-11,2005-05-19,27,67,94,1,POLARIND|NOISIN|2,UNKNOWN_NO_ISIN,POLARIND|NOISIN|2
POLARIND,,2006-08-28,2007-09-20,228,410,675,6,POLARIND|NOISIN|3,UNKNOWN_NO_ISIN,POLARIND|NOISIN|3
POLARIND,,2007-12-03,2007-12-28,18,726,743,0,POLARIND|NOISIN|4,UNKNOWN_NO_ISIN,POLARIND|NOISIN|4
POLARIND,,2008-02-29,2008-08-21,117,788,904,0,POLARIND|NOISIN|5,UNKNOWN_NO_ISIN,POLARIND|NOISIN|5
POLARIND,,2008-12-01,2009-12-10,247,970,1219,1,POLARIND|NOISIN|6,UNKNOWN_NO_ISIN,POLARIND|NOISIN|6
POLARIND,,2010-02-19,2011-06-21,335,1265,1600,1,POLARIND|NOISIN|7,UNKNOWN_NO_ISIN,POLARIND|INE057B01010|1
POLARIND,INE057B01010,2011-06-22,2013-08-20,431,1601,2136,80,POLARIND|INE057B01010|1,EQUITY,POLARIND|INE057B01010|1
POLARIS,,2005-01-03,2011-06-21,1601,0,1600,0,POLARIS|NOISIN|1,UNKNOWN_NO_ISIN,POLARIS|INE763A01023|1
POLARIS,INE763A01023,2011-06-22,2018-07-24,1740,1601,3350,10,POLARIS|INE763A01023|1,EQUITY,POLARIS|INE763A01023|1
POLICYBZR,INE417T01026,2021-11-15,2026-09-30,1205,4164,5368,0,POLICYBZR|INE417T01026|1,EQUITY,POLICYBZR|INE417T01026|1
POLYCAB,INE455K01017,2019-04-16,2026-09-30,1840,3529,5368,0,POLYCAB|INE455K01017|1,EQUITY,POLYCAB|INE455K01017|1
POLYMED,INE205C01013,2011-12-07,2015-02-02,776,1713,2490,1,POLYMED|INE205C01013|1,EQUITY,POLYMED|INE205C01013|1
POLYMED,INE205C01021,2015-02-03,2026-09-30,2878,2491,5368,0,POLYMED|INE205C01021|1,EQUITY,POLYMED|INE205C01013|1
POLYPLEX,,2005-01-03,2006-06-29,370,0,369,0,POLYPLEX|NOISIN|1,UNKNOWN_NO_ISIN,POLYPLEX|NOISIN|1
POLYPLEX,,2006-08-28,2007-11-15,305,410,714,0,POLYPLEX|NOISIN|2,UNKNOWN_NO_ISIN,POLYPLEX|NOISIN|2
POLYPLEX,,2008-02-29,2010-02-18,469,788,1264,2,POLYPLEX|NOISIN|3,UNKNOWN_NO_ISIN,POLYPLEX|NOISIN|3
POLYPLEX,,2010-06-11,2011-06-21,260,1341,1600,0,POLYPLEX|NOISIN|4,UNKNOWN_NO_ISIN,POLYPLEX|INE633B01018|1
POLYPLEX,INE633B01018,2011-06-22,2026-09-30,3768,1601,5368,0,POLYPLEX|INE633B01018|1,EQUITY,POLYPLEX|INE633B01018|1
POLYSPIN,INE914G01029,2026-08-17,2026-09-30,31,5337,5368,1,POLYSPIN|INE914G01029|1,EQUITY,POLYSPIN|INE914G01029|1
PONDYOXIDE,,2010-10-01,2011-06-21,181,1420,1600,0,PONDYOXIDE|NOISIN|1,UNKNOWN_NO_ISIN,PONDYOXIDE|INE063E01038|1
PONDYOXIDE,INE063E01038,2011-06-22,2015-01-07,829,1601,2473,42,PONDYOXIDE|INE063E01038|1,EQUITY,PONDYOXIDE|INE063E01038|1
PONNIERODE,,2005-01-03,2006-02-16,280,0,279,0,PONNIERODE|NOISIN|1,UNKNOWN_NO_ISIN,PONNIERODE|NOISIN|1
PONNIERODE,,2006-06-12,2007-12-28,388,356,743,0,PONNIERODE|NOISIN|2,UNKNOWN_NO_ISIN,PONNIERODE|NOISIN|2
PONNIERODE,,2008-02-29,2008-08-21,117,788,904,0,PONNIERODE|NOISIN|3,UNKNOWN_NO_ISIN,PONNIERODE|NOISIN|3
PONNIERODE,,2008-12-01,2011-06-21,629,970,1600,1,PONNIERODE|NOISIN|4,UNKNOWN_NO_ISIN,PONNIERODE|INE838E01017|1
PONNIERODE,INE838E01017,2011-06-22,2026-09-30,3469,1601,5368,63,PONNIERODE|INE838E01017|1,EQUITY,PONNIERODE|INE838E01017|1
POONAWALLA,INE511C01022,2021-09-13,2026-09-30,1241,4121,5368,7,POONAWALLA|INE511C01022|1,EQUITY,MAGMA|INE511C01022|1
POWERGRID,,2007-10-05,2011-06-21,916,685,1600,0,POWERGRID|NOISIN|1,UNKNOWN_NO_ISIN,POWERGRID|INE752E01010|1
POWERGRID,INE752E01010,2011-06-22,2026-09-30,3768,1601,5368,0,POWERGRID|INE752E01010|1,EQUITY,POWERGRID|INE752E01010|1
POWERICA,INE921L01032,2026-04-02,2026-09-30,124,5245,5368,0,POWERICA|INE921L01032|1,EQUITY,POWERICA|INE921L01032|1
POWERINDIA,INE07Y701011,2020-04-17,2026-09-30,1598,3771,5368,0,POWERINDIA|INE07Y701011|1,EQUITY,POWERINDIA|INE07Y701011|1
POWERMECH,INE211R01019,2015-08-26,2026-09-30,2737,2631,5368,1,POWERMECH|INE211R01019|1,EQUITY,POWERMECH|INE211R01019|1
PPAP,,2008-01-11,2009-06-11,342,753,1095,1,PPAP|NOISIN|1,UNKNOWN_NO_ISIN,PPAP|NOISIN|1
PPAP,,2009-08-21,2011-06-21,455,1146,1600,0,PPAP|NOISIN|2,UNKNOWN_NO_ISIN,PPAP|INE095I01015|1
PPAP,INE095I01015,2011-06-22,2026-07-14,3524,1601,5313,81,PPAP|INE095I01015|1,EQUITY,PPAP|INE095I01015|1
PPL,INE050001010,2019-08-23,2026-07-01,1690,3615,5304,0,PPL|INE050001010|1,EQUITY,PPL|INE050001010|1
PPLPHARMA,INE0DK501011,2022-11-03,2026-09-30,964,4405,5368,0,PPLPHARMA|INE0DK501011|1,EQUITY,PPLPHARMA|INE0DK501011|1
PRABHA,INE0I0M01023,2025-04-03,2026-09-30,369,5000,5368,0,PRABHA|INE0I0M01023|1,EQUITY,PRABHA|INE0I0M01023|1
PRABHAT,INE302M01033,2015-09-21,2021-04-22,1376,2648,4023,0,PRABHAT|INE302M01033|1,EQUITY,PRABHAT|INE302M01033|1
PRADIP,,2010-04-05,2011-06-21,308,1293,1600,0,PRADIP|NOISIN|1,UNKNOWN_NO_ISIN,PRADIP|INE495J01015|1
PRADIP,INE495J01015,2011-06-22,2021-10-14,1466,1601,4144,352,PRADIP|INE495J01015|1,EQUITY,PRADIP|INE495J01015|1
PRADPME,INE770A01010,2026-04-20,2026-06-30,49,5255,5303,0,PRADPME|INE770A01010|1,EQUITY,PRADPME|INE770A01010|1
PRAENG,,2007-01-02,2009-06-11,600,496,1095,0,PRAENG|NOISIN|1,UNKNOWN_NO_ISIN,PRAENG|NOISIN|1
PRAENG,,2009-08-21,2011-04-18,392,1146,1555,18,PRAENG|NOISIN|2,UNKNOWN_NO_ISIN,PRAENG|NOISIN|2
PRAENG,,2011-06-17,2011-06-21,3,1598,1600,0,PRAENG|NOISIN|3,UNKNOWN_NO_ISIN,PRAENG|INE505C01016|1
PRAENG,INE505C01016,2011-06-22,2026-09-30,2998,1601,5368,157,PRAENG|INE505C01016|1,EQUITY,PRAENG|INE505C01016|1
PRAJIND,,2005-01-03,2011-06-21,1601,0,1600,0,PRAJIND|NOISIN|1,UNKNOWN_NO_ISIN,PRAJIND|INE074A01025|1
PRAJIND,INE074A01025,2011-06-22,2026-09-30,3639,1601,5368,65,PRAJIND|INE074A01025|1,EQUITY,PRAJIND|INE074A01025|1
PRAKASH,,2005-11-25,2006-06-09,133,223,355,0,PRAKASH|NOISIN|1,UNKNOWN_NO_ISIN,PRAKASH|NOISIN|1
PRAKASH,,2006-08-28,2007-06-07,192,410,601,0,PRAKASH|NOISIN|2,UNKNOWN_NO_ISIN,PRAKASH|NOISIN|2
PRAKASH,,2007-08-31,2011-06-21,940,661,1600,0,PRAKASH|NOISIN|3,UNKNOWN_NO_ISIN,PRAKASH|INE603A01013|1
PRAKASH,INE603A01013,2011-06-22,2026-09-30,3622,1601,5368,71,PRAKASH|INE603A01013|1,EQUITY,PRAKASH|INE603A01013|1
PRAKASHCON,INE023M01019,2011-10-04,2012-12-13,262,1672,1966,33,PRAKASHCON|INE023M01019|1,EQUITY,PRAKASHCON|INE023M01019|1
PRAKASHCON,INE023M01027,2012-12-14,2019-07-29,1459,1967,3598,80,PRAKASHCON|INE023M01027|1,EQUITY,PRAKASHCON|INE023M01019|1
PRAKASHSTL,,2010-08-25,2011-06-21,207,1394,1600,0,PRAKASHSTL|NOISIN|1,UNKNOWN_NO_ISIN,PRAKASHSTL|INE696K01016|1
PRAKASHSTL,INE696K01016,2011-06-22,2016-03-03,1159,1601,2759,0,PRAKASHSTL|INE696K01016|1,EQUITY,PRAKASHSTL|INE696K01016|1
PRAKASHSTL,INE696K01024,2016-03-04,2026-09-30,1742,2760,5368,374,PRAKASHSTL|INE696K01024|1,EQUITY,PRAKASHSTL|INE696K01016|1
PRANAV,INE0H4201019,2026-09-15,2026-09-30,12,5357,5368,0,PRANAV|INE0H4201019|1,EQUITY,PRANAV|INE0H4201019|1
PRASOLCHEM,INE455U01024,2026-09-16,2026-09-30,11,5358,5368,0,PRASOLCHEM|INE455U01024|1,EQUITY,PRASOLCHEM|INE455U01024|1
PRATIBHA,,2006-03-16,2006-11-23,173,298,470,0,PRATIBHA|NOISIN|1,UNKNOWN_NO_ISIN,PRATIBHA|NOISIN|1
PRATIBHA,,2007-03-02,2011-06-21,1065,536,1600,0,PRATIBHA|NOISIN|2,UNKNOWN_NO_ISIN,PRATIBHA|INE308H01022|1
PRATIBHA,INE308H01022,2011-06-22,2018-09-24,1673,1601,3390,65,PRATIBHA|INE308H01022|1,EQUITY,PRATIBHA|INE308H01022|1
PRAVEG,INE722B01019,2026-04-20,2026-09-30,114,5255,5368,0,PRAVEG|INE722B01019|1,EQUITY,PRAVEG|INE722B01019|1
PRAXIS,INE546Y01022,2018-02-15,2026-09-30,1172,3241,5368,237,PRAXIS|INE546Y01022|1,EQUITY,PRAXIS|INE546Y01022|1
PRECAM,INE484I01029,2016-02-08,2026-09-30,2569,2741,5368,59,PRECAM|INE484I01029|1,EQUITY,PRECAM|INE484I01029|1
PRECOT,,2006-11-01,2009-05-28,617,454,1085,1,PRECOT|NOISIN|1,UNKNOWN_NO_ISIN,PRECOTMILL|NOISIN|1
PRECOT,,2009-08-21,2011-06-21,436,1146,1600,18,PRECOT|NOISIN|2,UNKNOWN_NO_ISIN,PRECOT|INE283A01014|1
PRECOT,INE283A01014,2011-06-22,2026-09-30,3138,1601,5368,108,PRECOT|INE283A01014|1,EQUITY,PRECOT|INE283A01014|1
PRECOTMILL,,2005-08-19,2006-10-31,296,158,453,0,PRECOTMILL|NOISIN|1,UNKNOWN_NO_ISIN,PRECOTMILL|NOISIN|1
PRECWIRE,,2005-01-03,2009-08-06,1119,0,1135,1,PRECWIRE|NOISIN|1,UNKNOWN_NO_ISIN,PRECWIRE|NOISIN|1
PRECWIRE,,2009-11-20,2011-06-21,396,1205,1600,0,PRECWIRE|NOISIN|2,UNKNOWN_NO_ISIN,PRECWIRE|INE372C01011|1
PRECWIRE,INE372C01011,2011-06-22,2016-03-21,1103,1601,2770,64,PRECWIRE|INE372C01011|1,EQUITY,PRECWIRE|INE372C01011|1
PRECWIRE,INE372C01029,2016-03-22,2021-12-22,1420,2771,4190,0,PRECWIRE|INE372C01029|1,EQUITY,PRECWIRE|INE372C01011|1
PRECWIRE,INE372C01037,2021-12-23,2026-09-30,1115,4191,5368,63,PRECWIRE|INE372C01037|1,EQUITY,PRECWIRE|INE372C01011|1
PREMAUTO,,2005-04-08,2005-05-19,29,66,94,0,PREMAUTO|NOISIN|1,UNKNOWN_NO_ISIN,PREMAUTO|NOISIN|1
PREMAUTOEL,,2005-01-03,2005-11-22,221,0,220,0,PREMAUTOEL|NOISIN|1,UNKNOWN_NO_ISIN,PAEL|NOISIN|1
PREMCO,INE001E01012,2026-04-20,2026-09-30,114,5255,5368,0,PREMCO|INE001E01012|1,EQUITY,PREMCO|INE001E01012|1
PREMEXPLN,INE863B01011,2016-06-17,2024-06-20,1711,2829,4804,69,PREMEXPLN|INE863B01011|1,EQUITY,PREMEXPLN|INE863B01011|1
PREMEXPLN,INE863B01029,2024-06-21,2026-09-30,502,4805,5368,62,PREMEXPLN|INE863B01029|1,EQUITY,PREMEXPLN|INE863B01011|1
PREMIER,,2005-07-08,2007-03-01,406,130,535,0,PREMIER|NOISIN|1,UNKNOWN_NO_ISIN,PREMIER|NOISIN|1
PREMIER,,2007-06-08,2009-10-16,579,602,1182,1,PREMIER|NOISIN|2,UNKNOWN_NO_ISIN,PREMIER|NOISIN|2
PREMIER,,2009-11-20,2009-12-24,25,1205,1229,0,PREMIER|NOISIN|3,UNKNOWN_NO_ISIN,PREMIER|NOISIN|3
PREMIER,,2010-02-19,2011-06-21,336,1265,1600,0,PREMIER|NOISIN|4,UNKNOWN_NO_ISIN,PREMIER|INE342A01018|1
PREMIER,INE342A01018,2011-06-22,2022-05-24,2128,1601,4293,231,PREMIER|INE342A01018|1,EQUITY,PREMIER|INE342A01018|1
PREMIERENE,INE0BS701011,2024-09-03,2026-09-30,514,4855,5368,0,PREMIERENE|INE0BS701011|1,EQUITY,PREMIERENE|INE0BS701011|1
PREMIERPOL,INE309M01012,2012-08-23,2024-10-17,1941,1891,4886,371,PREMIERPOL|INE309M01012|1,EQUITY,PREMIERPOL|INE309M01012|1
PREMIERPOL,INE309M01020,2025-02-24,2026-09-30,332,4975,5368,62,PREMIERPOL|INE309M01020|1,EQUITY,PREMIERPOL|INE309M01020|1
PREMINSTR,,2005-01-03,2005-08-12,155,0,154,0,PREMINSTR|NOISIN|1,UNKNOWN_NO_ISIN,PREMINSTR|NOISIN|1
PRESSMN,INE980A01023,2013-09-11,2023-06-06,2291,2151,4550,77,PRESSMN|INE980A01023|1,EQUITY,NUCENT|INE980A01023|1
PRESTIGE,,2010-10-27,2011-06-21,163,1438,1600,0,PRESTIGE|NOISIN|1,UNKNOWN_NO_ISIN,PRESTIGE|INE811K01011|1
PRESTIGE,INE811K01011,2011-06-22,2026-09-30,3768,1601,5368,0,PRESTIGE|INE811K01011|1,EQUITY,PRESTIGE|INE811K01011|1
PRETAILDVR,,2009-02-13,2011-06-21,581,1020,1600,0,PRETAILDVR|NOISIN|1,UNKNOWN_NO_ISIN,FELDVR|IN9623B01058|1
PRETAILDVR,IN9623B01058,2011-06-22,2013-04-10,447,1601,2047,0,PRETAILDVR|IN9623B01058|1,OTHER_ISIN,FELDVR|IN9623B01058|1
PRICOL,,2005-08-16,2009-05-28,930,155,1085,1,PRICOL|NOISIN|1,UNKNOWN_NO_ISIN,PREMINSTR|NOISIN|1
PRICOL,,2009-08-21,2009-11-12,54,1146,1199,0,PRICOL|NOISIN|2,UNKNOWN_NO_ISIN,PRICOL|NOISIN|2
PRICOL,,2010-02-19,2011-06-21,336,1265,1600,0,PRICOL|NOISIN|3,UNKNOWN_NO_ISIN,PRICOL|INE605A01026|1
PRICOL,INE605A01026,2011-06-22,2016-12-02,1270,1601,2941,71,PRICOL|INE605A01026|1,EQUITY,PRICOL|INE605A01026|1
PRICOLLTD,INE726V01018,2017-02-27,2026-09-30,2347,3000,5368,22,PRICOLLTD|INE726V01018|1,EQUITY,PRICOLLTD|INE726V01018|1
PRIMESEC,,2005-01-03,2005-04-19,73,0,72,0,PRIMESEC|NOISIN|1,UNKNOWN_NO_ISIN,PRIMESEC|NOISIN|1
PRIMESECU,,2005-06-17,2009-06-11,980,115,1095,1,PRIMESECU|NOISIN|1,UNKNOWN_NO_ISIN,PRIMESECU|NOISIN|1
PRIMESECU,,2009-08-21,2011-06-21,455,1146,1600,0,PRIMESECU|NOISIN|2,UNKNOWN_NO_ISIN,PRIMESECU|INE032B01021|1
PRIMESECU,INE032B01021,2011-06-22,2026-09-30,3453,1601,5368,96,PRIMESECU|INE032B01021|1,EQUITY,PRIMESECU|INE032B01021|1
PRIMO,INE607A01022,2025-04-22,2026-09-30,359,5010,5368,0,PRIMO|INE607A01022|1,EQUITY,PRIMO|INE607A01022|1
PRINCEPIPE,INE689W01016,2019-12-30,2026-09-30,1671,3698,5368,0,PRINCEPIPE|INE689W01016|1,EQUITY,PRINCEPIPE|INE689W01016|1
PRIORITY,INE15EH01014,2026-09-21,2026-09-30,8,5361,5368,0,PRIORITY|INE15EH01014|1,EQUITY,PRIORITY|INE15EH01014|1
PRISMCEM,,2005-01-03,2011-06-21,1601,0,1600,0,PRISMCEM|NOISIN|1,UNKNOWN_NO_ISIN,PRISMCEM|INE010A01011|1
PRISMCEM,INE010A01011,2011-06-22,2018-05-03,1666,1601,3292,26,PRISMCEM|INE010A01011|1,EQUITY,PRISMCEM|INE010A01011|1
PRISMX,INE286N01028,2026-08-17,2026-09-30,32,5337,5368,0,PRISMX|INE286N01028|1,EQUITY,PRISMX|INE286N01028|1
PRITHVI,,2005-11-16,2011-06-21,1370,216,1600,15,PRITHVI|NOISIN|1,UNKNOWN_NO_ISIN,PRITHVI|INE700C01013|1
PRITHVI,INE700C01013,2011-06-22,2014-12-24,375,1601,2464,489,PRITHVI|INE700C01013|1,EQUITY,PRITHVI|INE700C01013|1
PRITHVISOF,,2010-10-01,2011-06-15,103,1420,1596,11,PRITHVISOF|NOISIN|1,UNKNOWN_NO_ISIN,PRITHVISOF|NOISIN|1
PRITHVISOF,INE621B01021,2011-06-23,2015-01-29,246,1602,2488,68,PRITHVISOF|INE621B01021|1,EQUITY,PRITHVISOF|INE621B01021|1
PRITI,INE974Z01015,2022-03-02,2026-09-30,905,4238,5368,68,PRITI|INE974Z01015|1,EQUITY,PRITI|INE974Z01015|1
PRITIKAUTO,INE583R01029,2021-08-10,2026-09-30,1060,4099,5368,79,PRITIKAUTO|INE583R01029|1,EQUITY,PRITIKAUTO|INE583R01029|1
PRIVISCL,INE959A01019,2020-10-14,2026-09-30,1473,3896,5368,0,PRIVISCL|INE959A01019|1,EQUITY,ADI|INE959A01019|1
PROINDIA,INE217G01035,2021-06-03,2021-11-29,38,4052,4173,84,PROINDIA|INE217G01035|1,EQUITY,EQUIPPP|INE217G01035|1
PROSEED,INE217G01027,2018-10-16,2020-12-17,283,3405,3940,113,PROSEED|INE217G01027|1,EQUITY,GREENFIRE|INE217G01027|1
PROSTARM,INE0BX301013,2025-06-17,2026-09-30,320,5049,5368,0,PROSTARM|INE0BX301013|1,EQUITY,PROSTARM|INE0BX301013|1
PROTEAN,INE004A01022,2025-02-06,2026-09-30,406,4963,5368,0,PROTEAN|INE004A01022|1,EQUITY,PROTEAN|INE004A01022|1
PROVOGE,INE968G01033,2012-04-11,2019-10-24,1633,1798,3654,116,PROVOGE|INE968G01033|1,EQUITY,PROVOGE|INE968G01033|1
PROVOGUE,,2005-07-07,2006-06-29,241,129,369,0,PROVOGUE|NOISIN|1,UNKNOWN_NO_ISIN,PROVOGUE|NOISIN|1
PROVOGUE,,2006-11-24,2011-06-21,1130,471,1600,0,PROVOGUE|NOISIN|2,UNKNOWN_NO_ISIN,PROVOGUE|INE968G01025|1
PROVOGUE,INE968G01025,2011-06-22,2012-03-06,175,1601,1775,0,PROVOGUE|INE968G01025|1,EQUITY,PROVOGUE|INE968G01025|1
PROZONECSC,INE195N01013,2012-09-27,2014-10-01,450,1915,2411,41,PROZONECSC|INE195N01013|1,EQUITY,PROZONECSC|INE195N01013|1
PROZONER,INE195N01013,2023-08-04,2026-09-30,592,4592,5368,101,PROZONER|INE195N01013|1,EQUITY,PROZONECSC|INE195N01013|1
PROZONINTU,INE195N01013,2014-10-07,2023-08-03,1978,2412,4591,68,PROZONINTU|INE195N01013|1,EQUITY,PROZONECSC|INE195N01013|1
PRSMJOHNSN,INE010A01011,2018-05-04,2026-09-30,2076,3293,5368,0,PRSMJOHNSN|INE010A01011|1,EQUITY,PRISMCEM|INE010A01011|1
PRUDENT,INE00F201020,2022-05-20,2026-09-30,1078,4291,5368,0,PRUDENT|INE00F201020|1,EQUITY,PRUDENT|INE00F201020|1
PRUDMOULI,INE024D01016,2024-03-11,2026-09-30,339,4738,5368,163,PRUDMOULI|INE024D01016|1,EQUITY,PRUDMOULI|INE024D01016|1
PSB,,2010-12-30,2011-06-21,119,1482,1600,0,PSB|NOISIN|1,UNKNOWN_NO_ISIN,PSB|INE608A01012|1
PSB,INE608A01012,2011-06-22,2026-09-30,3768,1601,5368,0,PSB|INE608A01012|1,EQUITY,PSB|INE608A01012|1
PSL,,2005-01-03,2011-06-21,1601,0,1600,0,PSL|NOISIN|1,UNKNOWN_NO_ISIN,PSL|INE474B01017|1
PSL,INE474B01017,2011-06-22,2020-08-17,1978,1601,3855,86,PSL|INE474B01017|1,EQUITY,PSL|INE474B01017|1
PSPPROJECT,INE488V01015,2017-06-12,2026-09-30,2298,3071,5368,0,PSPPROJECT|INE488V01015|1,EQUITY,PSPPROJECT|INE488V01015|1
PSTL,,2007-01-05,2009-06-11,597,499,1095,0,PSTL|NOISIN|1,UNKNOWN_NO_ISIN,PSTL|NOISIN|1
PSTL,,2009-08-21,2010-05-31,169,1146,1332,18,PSTL|NOISIN|2,UNKNOWN_NO_ISIN,PSTL|NOISIN|2
PSUBANK,INF174KA1A86,2026-07-10,2026-09-30,58,5311,5368,0,PSUBANK|INF174KA1A86|1,FUND_UNIT,PSUBANK|INF174KA1A86|1
PSUBANK,INF373I01023,2024-03-20,2026-07-09,566,4745,5310,0,PSUBANK|INF373I01023|1,FUND_UNIT,KOTAKPSUBK|INF373I01023|1
PSUBANKADD,INF740KA1SY9,2024-02-15,2026-09-30,647,4722,5368,0,PSUBANKADD|INF740KA1SY9|1,FUND_UNIT,DSPPSBKETF|INF740KA1SY9|1
PSUBANKICI,INF109KC10S8,2023-03-21,2023-12-19,184,4500,4683,0,PSUBANKICI|INF109KC10S8|1,FUND_UNIT,PSUBANKICI|INF109KC10S8|1
PSUBNKBEES,,2007-11-01,2011-06-21,887,704,1600,1,PSUBNKBEES|NOISIN|1,UNKNOWN_NO_ISIN,PSUBNKBEES|INF732E01110|1
PSUBNKBEES,INF204KB16I7,2019-12-20,2026-09-30,1676,3693,5368,0,PSUBNKBEES|INF204KB16I7|1,FUND_UNIT,PSUBNKBEES|INF204KB16I7|1
PSUBNKBEES,INF732E01110,2011-06-22,2019-12-19,2092,1601,3692,0,PSUBNKBEES|INF732E01110|1,FUND_UNIT,PSUBNKBEES|INF732E01110|1
PSUBNKIETF,INF109KC10S8,2023-12-20,2026-09-30,685,4684,5368,0,PSUBNKIETF|INF109KC10S8|1,FUND_UNIT,PSUBANKICI|INF109KC10S8|1
PTC,,2005-01-03,2011-06-21,1601,0,1600,0,PTC|NOISIN|1,UNKNOWN_NO_ISIN,PTC|INE877F01012|1
PTC,INE877F01012,2011-06-22,2026-09-30,3726,1601,5368,42,PTC|INE877F01012|1,EQUITY,PTC|INE877F01012|1
PTCIL,INE596F01018,2023-06-09,2026-09-30,759,4553,5368,57,PTCIL|INE596F01018|1,EQUITY,PTCIL|INE596F01018|1
PTL,,2007-01-29,2007-03-01,22,514,535,0,PTL|NOISIN|1,UNKNOWN_NO_ISIN,PTL|NOISIN|1
PTL,,2007-06-08,2007-11-29,113,602,724,2,PTL|NOISIN|2,UNKNOWN_NO_ISIN,PTL|NOISIN|2
PTL,,2008-03-04,2009-06-11,300,790,1095,1,PTL|NOISIN|3,UNKNOWN_NO_ISIN,PTL|NOISIN|3
PTL,,2009-08-21,2010-02-18,119,1146,1264,0,PTL|NOISIN|4,UNKNOWN_NO_ISIN,PTL|NOISIN|4
PTL,,2010-06-11,2010-07-08,20,1341,1360,0,PTL|NOISIN|5,UNKNOWN_NO_ISIN,PTL|NOISIN|5
PTL,,2010-12-03,2011-03-04,63,1464,1526,0,PTL|NOISIN|6,UNKNOWN_NO_ISIN,PTL|NOISIN|6
PTL,,2011-06-17,2011-06-21,3,1598,1600,0,PTL|NOISIN|7,UNKNOWN_NO_ISIN,PTL|INE034D01031|1
PTL,INE034D01031,2011-06-22,2021-12-23,2428,1601,4191,64,PTL|INE034D01031|1,EQUITY,PTL|INE034D01031|1
PTL,INE034D01049,2021-12-24,2026-09-30,1177,4192,5368,0,PTL|INE034D01049|1,EQUITY,PTL|INE034D01031|1
PUNJABCHEM,,2007-03-08,2011-06-21,1061,540,1600,0,PUNJABCHEM|NOISIN|1,UNKNOWN_NO_ISIN,PUNJABCHEM|INE277B01014|1
PUNJABCHEM,INE277B01014,2011-06-22,2026-09-30,3602,1601,5368,126,PUNJABCHEM|INE277B01014|1,EQUITY,PUNJABCHEM|INE277B01014|1
PUNJABTRAC,,2005-01-03,2009-02-24,1027,0,1026,0,PUNJABTRAC|NOISIN|1,UNKNOWN_NO_ISIN,PUNJABTRAC|NOISIN|1
PUNJLLOYD,,2006-01-06,2011-06-21,1348,253,1600,0,PUNJLLOYD|NOISIN|1,UNKNOWN_NO_ISIN,PUNJLLOYD|INE701B01021|1
PUNJLLOYD,INE701B01021,2011-06-22,2019-09-23,1941,1601,3634,67,PUNJLLOYD|INE701B01021|1,EQUITY,PUNJLLOYD|INE701B01021|1
PURVA,,2007-08-30,2011-06-21,941,660,1600,0,PURVA|NOISIN|1,UNKNOWN_NO_ISIN,PURVA|INE323I01011|1
PURVA,INE323I01011,2011-06-22,2026-09-30,3653,1601,5368,115,PURVA|INE323I01011|1,EQUITY,PURVA|INE323I01011|1
PVP,,2008-06-23,2009-03-19,180,862,1041,0,PVP|NOISIN|1,UNKNOWN_NO_ISIN,PVP|NOISIN|1
PVP,,2009-06-12,2011-06-21,485,1096,1600,20,PVP|NOISIN|2,UNKNOWN_NO_ISIN,PVP|INE362A01016|1
PVP,INE362A01016,2011-06-22,2026-09-30,2529,1601,5368,595,PVP|INE362A01016|1,EQUITY,PVP|INE362A01016|1
PVR,,2006-01-04,2007-12-13,484,251,734,0,PVR|NOISIN|1,UNKNOWN_NO_ISIN,PVR|NOISIN|1
PVR,,2008-02-29,2009-12-10,432,788,1219,0,PVR|NOISIN|2,UNKNOWN_NO_ISIN,PVR|NOISIN|2
PVR,,2010-02-19,2011-06-21,336,1265,1600,0,PVR|NOISIN|3,UNKNOWN_NO_ISIN,PVRINOX|INE191H01014|1
PVR,INE191H01014,2011-06-22,2023-05-11,2932,1601,4532,0,PVR|INE191H01014|1,EQUITY,PVRINOX|INE191H01014|1
PVRINOX,INE191H01014,2023-05-12,2026-09-30,836,4533,5368,0,PVRINOX|INE191H01014|1,EQUITY,PVRINOX|INE191H01014|1
PVSL,INE772T01024,2024-03-19,2026-09-30,625,4744,5368,0,PVSL|INE772T01024|1,EQUITY,PVSL|INE772T01024|1
PVTBANIETF,INF109KC18U7,2024-03-01,2026-09-30,636,4733,5368,0,PVTBANIETF|INF109KC18U7|1,FUND_UNIT,PVTBANIETF|INF109KC18U7|1
PVTBANIETF,INF109KC1E35,2023-12-20,2024-02-29,49,4684,4732,0,PVTBANIETF|INF109KC1E35|1,FUND_UNIT,ICICIBANKP|INF109KC1E35|1
PVTBANK,INF174KA1A94,2026-07-22,2026-09-30,50,5319,5368,0,PVTBANK|INF174KA1A94|1,FUND_UNIT,PVTBANK|INF174KA1A94|1
PVTBANKADD,INF740KA1TA7,2024-02-15,2026-09-30,647,4722,5368,0,PVTBANKADD|INF740KA1TA7|1,FUND_UNIT,DSPPVBKETF|INF740KA1TA7|1
PVTBKGROWW,INF666M01OT5,2026-05-26,2026-09-30,89,5280,5368,0,PVTBKGROWW|INF666M01OT5|1,FUND_UNIT,PVTBKGROWW|INF666M01OT5|1
PWL,INE0LP301011,2025-11-18,2026-09-30,215,5154,5368,0,PWL|INE0LP301011|1,EQUITY,PWL|INE0LP301011|1
PYRAMID,INE0MIS01010,2023-09-12,2026-09-30,751,4618,5368,0,PYRAMID|INE0MIS01010|1,EQUITY,PYRAMID|INE0MIS01010|1
QGOLDHALF,,2008-02-28,2011-06-21,813,787,1600,1,QGOLDHALF|NOISIN|1,UNKNOWN_NO_ISIN,QGOLDHALF|INF082J01010|1
QGOLDHALF,INF082J01010,2011-06-22,2021-12-16,2586,1601,4186,0,QGOLDHALF|INF082J01010|1,FUND_UNIT,QGOLDHALF|INF082J01010|1
QGOLDHALF,INF082J01408,2021-12-17,2026-09-30,1182,4187,5368,0,QGOLDHALF|INF082J01408|1,FUND_UNIT,QGOLDHALF|INF082J01408|1
QMSMEDI,INE0FMW01018,2026-06-18,2026-08-17,42,5296,5337,0,QMSMEDI|INE0FMW01018|1,EQUITY,QMSMEDI|INE0FMW01018|1
QNIFTY,,2008-07-18,2011-06-21,684,881,1600,2,QNIFTY|NOISIN|1,UNKNOWN_NO_ISIN,QNIFTY|INF082J01028|1
QNIFTY,INF082J01028,2011-06-22,2026-02-12,3062,1601,5213,8,QNIFTY|INF082J01028|1,FUND_UNIT,QNIFTY|INF082J01028|1
QNIFTY,INF082J01499,2026-02-13,2026-09-30,155,5214,5368,0,QNIFTY|INF082J01499|1,FUND_UNIT,QNIFTY|INF082J01499|1
QPOWER,INE0SII01026,2025-02-24,2026-09-30,336,4975,5368,58,QPOWER|INE0SII01026|1,EQUITY,QPOWER|INE0SII01026|1
QUADFUTURE,INE0LRY01011,2025-01-14,2026-09-30,423,4946,5368,0,QUADFUTURE|INE0LRY01011|1,EQUITY,QUADFUTURE|INE0LRY01011|1
QUAL30IETF,INF109KC15T5,2023-12-20,2024-05-09,93,4684,4776,0,QUAL30IETF|INF109KC15T5|1,FUND_UNIT,ICICIQTY30|INF109KC15T5|1
QUAL30IETF,INF109KC18V5,2024-05-10,2026-09-30,592,4777,5368,0,QUAL30IETF|INF109KC18V5|1,FUND_UNIT,QUAL30IETF|INF109KC18V5|1
QUALITY,INF174KA1WT6,2025-07-18,2025-07-18,1,5072,5072,0,QUALITY|INF174KA1WT6|1,FUND_UNIT,QUALITY30|INF174KA1WT6|1
QUALITY30,INF174KA1WT6,2025-07-21,2026-09-30,296,5073,5368,0,QUALITY30|INF174KA1WT6|1,FUND_UNIT,QUALITY30|INF174KA1WT6|1
QUESS,INE615P01015,2016-07-12,2026-09-30,2514,2845,5368,10,QUESS|INE615P01015|1,EQUITY,QUESS|INE615P01015|1
QUICKHEAL,INE306L01010,2016-02-18,2026-09-30,2554,2749,5368,66,QUICKHEAL|INE306L01010|1,EQUITY,QUICKHEAL|INE306L01010|1
QUINT,INE641R01017,2026-04-20,2026-09-21,107,5255,5361,0,QUINT|INE641R01017|1,EQUITY,QUINT|INE641R01017|1
QUINTEGRA,,2005-08-22,2005-12-01,69,159,227,0,QUINTEGRA|NOISIN|1,UNKNOWN_NO_ISIN,QUINTEGRA|NOISIN|1
QUINTEGRA,,2006-06-12,2006-08-24,53,356,408,0,QUINTEGRA|NOISIN|2,UNKNOWN_NO_ISIN,QUINTEGRA|NOISIN|2
QUINTEGRA,,2006-11-24,2007-02-22,60,471,530,0,QUINTEGRA|NOISIN|3,UNKNOWN_NO_ISIN,QUINTEGRA|NOISIN|3
QUINTEGRA,,2007-06-08,2007-06-28,15,602,616,0,QUINTEGRA|NOISIN|4,UNKNOWN_NO_ISIN,QUINTEGRA|NOISIN|4
QUINTEGRA,,2007-08-31,2007-12-28,83,661,743,0,QUINTEGRA|NOISIN|5,UNKNOWN_NO_ISIN,QUINTEGRA|NOISIN|5
QUINTEGRA,,2008-02-29,2009-05-04,280,788,1067,0,QUINTEGRA|NOISIN|6,UNKNOWN_NO_ISIN,QUINTEGRA|NOISIN|6
QUINTEGRA,,2009-11-20,2010-01-21,42,1205,1246,0,QUINTEGRA|NOISIN|7,UNKNOWN_NO_ISIN,QUINTEGRA|NOISIN|7
QUINTEGRA,,2010-08-20,2010-10-14,39,1391,1429,0,QUINTEGRA|NOISIN|8,UNKNOWN_NO_ISIN,QUINTEGRA|NOISIN|8
QUINTEGRA,,2010-12-03,2011-04-18,92,1464,1555,0,QUINTEGRA|NOISIN|9,UNKNOWN_NO_ISIN,QUINTEGRA|NOISIN|9
QUINTEGRA,,2011-06-17,2011-06-21,3,1598,1600,0,QUINTEGRA|NOISIN|10,UNKNOWN_NO_ISIN,QUINTEGRA|INE033B01011|1
QUINTEGRA,INE033B01011,2011-06-22,2026-09-30,838,1601,5368,1807,QUINTEGRA|INE033B01011|1,EQUITY,QUINTEGRA|INE033B01011|1
RACE,INE084Q01012,2023-05-09,2026-09-30,778,4530,5368,61,RACE|INE084Q01012|1,EQUITY,RACE|INE084Q01012|1
RACLGEAR,INE704B01017,2024-11-27,2026-09-30,456,4913,5368,0,RACLGEAR|INE704B01017|1,EQUITY,RACLGEAR|INE704B01017|1
RADAAN,,2005-01-03,2005-09-09,173,0,172,0,RADAAN|NOISIN|1,UNKNOWN_NO_ISIN,RADAAN|NOISIN|1
RADAAN,,2005-11-25,2007-05-31,374,223,596,0,RADAAN|NOISIN|2,UNKNOWN_NO_ISIN,RADAAN|NOISIN|2
RADAAN,,2007-08-31,2007-12-28,83,661,743,0,RADAAN|NOISIN|3,UNKNOWN_NO_ISIN,RADAAN|NOISIN|3
RADAAN,,2008-02-29,2009-05-28,297,788,1085,1,RADAAN|NOISIN|4,UNKNOWN_NO_ISIN,RADAAN|NOISIN|4
RADAAN,,2009-08-21,2011-06-21,437,1146,1600,18,RADAAN|NOISIN|5,UNKNOWN_NO_ISIN,RADAAN|INE874F01027|1
RADAAN,INE874F01027,2011-06-22,2026-09-30,2299,1601,5368,162,RADAAN|INE874F01027|1,EQUITY,RADAAN|INE874F01027|1
RADHIKAJWE,INE583V01013,2022-07-18,2023-05-25,211,4332,4542,0,RADHIKAJWE|INE583V01013|1,EQUITY,RADHIKAJWE|INE583V01013|1
RADHIKAJWE,INE583V01021,2023-05-26,2026-09-15,754,4543,5357,61,RADHIKAJWE|INE583V01021|1,EQUITY,RADHIKAJWE|INE583V01013|1
RADIANTCMS,INE855R01021,2023-01-04,2026-09-30,921,4448,5368,0,RADIANTCMS|INE855R01021|1,EQUITY,RADIANTCMS|INE855R01021|1
RADICO,,2005-01-03,2011-06-21,1601,0,1600,0,RADICO|NOISIN|1,UNKNOWN_NO_ISIN,RADICO|INE944F01028|1
RADICO,INE944F01028,2011-06-22,2026-09-30,3768,1601,5368,0,RADICO|INE944F01028|1,EQUITY,RADICO|INE944F01028|1
RADIOCITY,INE919I01016,2017-03-17,2019-02-20,480,3013,3492,0,RADIOCITY|INE919I01016|1,EQUITY,RADIOCITY|INE919I01016|1
RADIOCITY,INE919I01024,2019-02-21,2026-09-30,1733,3493,5368,66,RADIOCITY|INE919I01024|1,EQUITY,RADIOCITY|INE919I01016|1
RAILTEL,INE0DD101019,2021-02-26,2026-09-30,1380,3989,5368,0,RAILTEL|INE0DD101019|1,EQUITY,RAILTEL|INE0DD101019|1
RAIN,INE855B01025,2013-08-23,2026-09-30,3152,2139,5368,78,RAIN|INE855B01025|1,EQUITY,RAINCOM|INE855B01025|1
RAINBOW,INE961O01016,2022-05-10,2026-09-30,1086,4283,5368,0,RAINBOW|INE961O01016|1,EQUITY,RAINBOW|INE961O01016|1
RAINBOWPAP,,2010-06-02,2011-06-21,266,1334,1600,1,RAINBOWPAP|NOISIN|1,UNKNOWN_NO_ISIN,RAINBOWPAP|INE028D01025|1
RAINBOWPAP,INE028D01025,2011-06-22,2018-07-04,1627,1601,3336,68,RAINBOWPAP|INE028D01025|1,EQUITY,RAINBOWPAP|INE028D01025|1
RAINCALCIN,,2005-01-03,2005-07-07,130,0,129,0,RAINCALCIN|NOISIN|1,UNKNOWN_NO_ISIN,RAINCALCIN|NOISIN|1
RAINCALCIN,,2005-11-25,2007-12-24,518,223,740,0,RAINCALCIN|NOISIN|2,UNKNOWN_NO_ISIN,RAINCALCIN|NOISIN|2
RAINCOM,,2008-03-03,2011-06-21,812,789,1600,0,RAINCOM|NOISIN|1,UNKNOWN_NO_ISIN,RAINCOM|INE855B01025|1
RAINCOM,INE855B01025,2011-06-22,2013-08-22,538,1601,2138,0,RAINCOM|INE855B01025|1,EQUITY,RAINCOM|INE855B01025|1
RAIREKMOH,,2006-01-09,2006-01-09,1,254,254,0,RAIREKMOH|NOISIN|1,UNKNOWN_NO_ISIN,RAIREKMOH|NOISIN|1
RAIREKMOH,,2006-03-14,2006-05-29,29,297,346,11,RAIREKMOH|NOISIN|2,UNKNOWN_NO_ISIN,RAIREKMOH|NOISIN|2
RAIREKMOH,,2006-08-02,2006-08-17,5,393,403,5,RAIREKMOH|NOISIN|3,UNKNOWN_NO_ISIN,RAIREKMOH|NOISIN|3
RAIREKMOH,,2006-10-11,2006-10-26,5,441,450,3,RAIREKMOH|NOISIN|4,UNKNOWN_NO_ISIN,RAIREKMOH|NOISIN|4
RAIREKMOH,INE313D01013,2012-12-04,2017-07-31,820,1959,3105,221,RAIREKMOH|INE313D01013|1,EQUITY,MOHOTAIND|INE313D01013|1
RAJASSPG,,2005-01-03,2006-08-31,414,0,413,0,RAJASSPG|NOISIN|1,UNKNOWN_NO_ISIN,RAJASSPG|NOISIN|1
RAJESHEXPO,,2005-01-03,2011-06-21,1601,0,1600,0,RAJESHEXPO|NOISIN|1,UNKNOWN_NO_ISIN,RAJESHEXPO|INE343B01030|1
RAJESHEXPO,INE343B01030,2011-06-22,2025-12-24,3580,1601,5180,0,RAJESHEXPO|INE343B01030|1,EQUITY,RAJESHEXPO|INE343B01030|1
RAJMET,INE00KV01014,2021-02-16,2022-11-29,333,3981,4422,80,RAJMET|INE00KV01014|1,EQUITY,RAJMET|INE00KV01014|1
RAJMET,INE00KV01022,2022-11-30,2026-09-30,596,4423,5368,136,RAJMET|INE00KV01022|1,EQUITY,RAJMET|INE00KV01014|1
RAJOIL,,2009-08-12,2011-06-21,462,1139,1600,0,RAJOIL|NOISIN|1,UNKNOWN_NO_ISIN,RAJOIL|INE294G01018|1
RAJOIL,INE294G01018,2011-06-22,2017-11-21,1041,1601,3182,259,RAJOIL|INE294G01018|1,EQUITY,RAJOIL|INE294G01018|1
RAJOOENG,INE535F01024,2025-05-29,2026-06-30,268,5036,5303,0,RAJOOENG|INE535F01024|1,EQUITY,RAJOOENG|INE535F01024|1
RAJPALAYAM,,2010-01-11,2011-06-21,324,1238,1600,20,RAJPALAYAM|NOISIN|1,UNKNOWN_NO_ISIN,RAJPALAYAM|INE296E01026|1
RAJPALAYAM,INE296E01026,2011-06-22,2026-09-30,992,1601,5368,2766,RAJPALAYAM|INE296E01026|1,EQUITY,RAJPALAYAM|INE296E01026|1
RAJRATAN,INE451D01011,2020-05-22,2022-02-02,294,3795,4219,131,RAJRATAN|INE451D01011|1,EQUITY,RAJRATAN|INE451D01011|1
RAJRATAN,INE451D01029,2022-03-28,2026-09-30,1097,4255,5368,17,RAJRATAN|INE451D01029|1,EQUITY,RAJRATAN|INE451D01029|1
RAJRAYON,,2007-01-04,2009-09-03,655,498,1155,1,RAJRAYON|NOISIN|1,UNKNOWN_NO_ISIN,RAJRAYON|NOISIN|1
RAJRAYON,,2009-11-20,2011-06-21,378,1205,1600,18,RAJRAYON|NOISIN|2,UNKNOWN_NO_ISIN,RAJRAYON|INE533D01016|1
RAJRAYON,INE533D01016,2011-06-22,2013-03-04,403,1601,2022,3,RAJRAYON|INE533D01016|1,EQUITY,RAJRAYON|INE533D01016|1
RAJRAYON,INE533D01024,2013-03-05,2017-12-06,1009,2023,3193,42,RAJRAYON|INE533D01024|1,EQUITY,RAJRAYON|INE533D01016|1
RAJRILTD,INE533D01032,2022-04-01,2022-04-29,19,4259,4277,0,RAJRILTD|INE533D01032|1,EQUITY,RAJRILTD|INE533D01032|1
RAJSREESUG,,2005-01-03,2007-12-28,744,0,743,0,RAJSREESUG|NOISIN|1,UNKNOWN_NO_ISIN,RAJSREESUG|NOISIN|1
RAJSREESUG,,2008-02-29,2011-06-21,813,788,1600,0,RAJSREESUG|NOISIN|2,UNKNOWN_NO_ISIN,RAJSREESUG|INE562B01019|1
RAJSREESUG,INE562B01019,2011-06-22,2026-09-30,3311,1601,5368,76,RAJSREESUG|INE562B01019|1,EQUITY,RAJSREESUG|INE562B01019|1
RAJTV,,2007-03-16,2007-05-31,51,546,596,0,RAJTV|NOISIN|1,UNKNOWN_NO_ISIN,RAJTV|NOISIN|1
RAJTV,,2007-08-31,2009-09-17,505,661,1165,0,RAJTV|NOISIN|2,UNKNOWN_NO_ISIN,RAJTV|NOISIN|2
RAJTV,,2009-11-20,2010-03-18,79,1205,1283,0,RAJTV|NOISIN|3,UNKNOWN_NO_ISIN,RAJTV|NOISIN|3
RAJTV,,2010-06-11,2010-09-16,69,1341,1409,0,RAJTV|NOISIN|4,UNKNOWN_NO_ISIN,RAJTV|NOISIN|4
RAJTV,,2010-12-03,2011-06-21,137,1464,1600,0,RAJTV|NOISIN|5,UNKNOWN_NO_ISIN,RAJTV|INE952H01019|1
RAJTV,INE952H01019,2011-06-22,2014-03-25,630,1601,2283,53,RAJTV|INE952H01019|1,EQUITY,RAJTV|INE952H01019|1
RAJTV,INE952H01027,2014-03-26,2026-09-30,2330,2284,5368,273,RAJTV|INE952H01027|1,EQUITY,RAJTV|INE952H01019|1
RAJVIR,,2005-09-20,2006-06-09,177,179,355,0,RAJVIR|NOISIN|1,UNKNOWN_NO_ISIN,RAJVIR|NOISIN|1
RAJVIR,,2006-08-28,2010-04-29,833,410,1310,5,RAJVIR|NOISIN|2,UNKNOWN_NO_ISIN,RAJVIR|NOISIN|2
RAJVIR,,2010-06-11,2011-06-21,255,1341,1600,1,RAJVIR|NOISIN|3,UNKNOWN_NO_ISIN,RAJVIR|INE011H01014|1
RAJVIR,INE011H01014,2011-06-22,2018-03-16,1056,1601,3261,215,RAJVIR|INE011H01014|1,EQUITY,RAJVIR|INE011H01014|1
RALLIS,,2005-04-08,2011-06-21,1535,66,1600,0,RALLIS|NOISIN|1,UNKNOWN_NO_ISIN,RALLIS|INE613A01012|1
RALLIS,INE613A01012,2011-06-22,2011-07-15,18,1601,1618,0,RALLIS|INE613A01012|1,EQUITY,RALLIS|INE613A01012|1
RALLIS,INE613A01020,2011-07-18,2026-09-30,3750,1619,5368,0,RALLIS|INE613A01020|1,EQUITY,RALLIS|INE613A01012|1
RAMANEWS,,2006-09-20,2009-12-10,792,427,1219,1,RAMANEWS|NOISIN|1,UNKNOWN_NO_ISIN,RAMANEWS|NOISIN|1
RAMANEWS,,2010-02-19,2010-04-16,37,1265,1301,0,RAMANEWS|NOISIN|2,UNKNOWN_NO_ISIN,RAMANEWS|NOISIN|2
RAMANEWS,,2010-06-11,2010-12-23,137,1341,1477,0,RAMANEWS|NOISIN|3,UNKNOWN_NO_ISIN,RAMANEWS|NOISIN|3
RAMANEWS,,2011-06-17,2011-06-21,3,1598,1600,0,RAMANEWS|NOISIN|4,UNKNOWN_NO_ISIN,RAMANEWS|INE278B01020|1
RAMANEWS,INE278B01020,2011-06-22,2026-09-30,3509,1601,5368,135,RAMANEWS|INE278B01020|1,EQUITY,RAMANEWS|INE278B01020|1
RAMANEWSPR,,2005-01-03,2006-07-20,385,0,384,0,RAMANEWSPR|NOISIN|1,UNKNOWN_NO_ISIN,RAMANEWSPR|NOISIN|1
RAMAPHO,INE809A01024,2022-08-05,2025-02-06,618,4346,4963,0,RAMAPHO|INE809A01024|1,EQUITY,RAMAPHO|INE809A01024|1
RAMAPHO,INE809A01032,2025-02-07,2026-09-30,307,4964,5368,66,RAMAPHO|INE809A01032|1,EQUITY,RAMAPHO|INE809A01024|1
RAMASTEEL,INE230R01019,2015-09-07,2016-03-14,127,2639,2765,0,RAMASTEEL|INE230R01019|1,EQUITY,RAMASTEEL|INE230R01019|1
RAMASTEEL,INE230R01027,2016-03-15,2022-08-25,1349,2766,4358,68,RAMASTEEL|INE230R01027|1,EQUITY,RAMASTEEL|INE230R01019|1
RAMASTEEL,INE230R01035,2022-08-26,2026-06-25,943,4359,5301,0,RAMASTEEL|INE230R01035|1,EQUITY,RAMASTEEL|INE230R01019|1
RAMBHAJO,INE1SJO01012,2026-07-15,2026-09-30,55,5314,5368,0,RAMBHAJO|INE1SJO01012|1,EQUITY,RAMBHAJO|INE1SJO01012|1
RAMCOCEM,INE331A01037,2013-09-30,2026-09-30,3205,2164,5368,0,RAMCOCEM|INE331A01037|1,EQUITY,MADRASCEM|INE331A01037|1
RAMCOIND,,2005-01-03,2009-08-20,1142,0,1145,1,RAMCOIND|NOISIN|1,UNKNOWN_NO_ISIN,RAMCOIND|NOISIN|1
RAMCOIND,,2009-11-20,2011-06-21,396,1205,1600,0,RAMCOIND|NOISIN|2,UNKNOWN_NO_ISIN,RAMCOIND|INE614A01028|1
RAMCOIND,INE614A01028,2011-06-22,2026-09-30,3757,1601,5368,11,RAMCOIND|INE614A01028|1,EQUITY,RAMCOIND|INE614A01028|1
RAMCOSYS,,2005-01-03,2006-08-24,409,0,408,0,RAMCOSYS|NOISIN|1,UNKNOWN_NO_ISIN,RAMCOSYS|NOISIN|1
RAMCOSYS,,2006-11-24,2007-05-07,108,471,578,0,RAMCOSYS|NOISIN|2,UNKNOWN_NO_ISIN,RAMCOSYS|NOISIN|2
RAMCOSYS,,2007-06-08,2008-01-10,151,602,752,0,RAMCOSYS|NOISIN|3,UNKNOWN_NO_ISIN,RAMCOSYS|NOISIN|3
RAMCOSYS,,2008-02-29,2009-05-28,297,788,1085,1,RAMCOSYS|NOISIN|4,UNKNOWN_NO_ISIN,RAMCOSYS|NOISIN|4
RAMCOSYS,,2009-08-21,2010-10-28,294,1146,1439,0,RAMCOSYS|NOISIN|5,UNKNOWN_NO_ISIN,RAMCOSYS|NOISIN|5
RAMCOSYS,,2010-12-03,2011-06-21,137,1464,1600,0,RAMCOSYS|NOISIN|6,UNKNOWN_NO_ISIN,RAMCOSYS|INE246B01019|1
RAMCOSYS,INE246B01019,2011-06-22,2026-09-30,3400,1601,5368,69,RAMCOSYS|INE246B01019|1,EQUITY,RAMCOSYS|INE246B01019|1
RAMKY,,2010-10-08,2011-06-21,176,1425,1600,0,RAMKY|NOISIN|1,UNKNOWN_NO_ISIN,RAMKY|INE874I01013|1
RAMKY,INE874I01013,2011-06-22,2026-09-30,3608,1601,5368,73,RAMKY|INE874I01013|1,EQUITY,RAMKY|INE874I01013|1
RAMRAT,INE207E01023,2022-07-29,2026-09-30,1028,4341,5368,0,RAMRAT|INE207E01023|1,EQUITY,RAMRAT|INE207E01023|1
RAMSARUP,,2007-07-09,2009-04-02,429,623,1051,0,RAMSARUP|NOISIN|1,UNKNOWN_NO_ISIN,RAMSARUP|NOISIN|1
RAMSARUP,,2009-11-20,2010-08-19,186,1205,1390,0,RAMSARUP|NOISIN|2,UNKNOWN_NO_ISIN,RAMSARUP|NOISIN|2
RAMSARUP,,2010-12-03,2011-01-06,24,1464,1487,0,RAMSARUP|NOISIN|3,UNKNOWN_NO_ISIN,RAMSARUP|NOISIN|3
RAMSARUP,,2011-03-07,2011-06-21,74,1527,1600,0,RAMSARUP|NOISIN|4,UNKNOWN_NO_ISIN,RAMSARUP|INE005D01015|1
RAMSARUP,INE005D01015,2011-06-22,2014-01-02,547,1601,2227,28,RAMSARUP|INE005D01015|1,EQUITY,RAMSARUP|INE005D01015|1
RANASUG,,2005-02-24,2006-02-16,244,36,279,0,RANASUG|NOISIN|1,UNKNOWN_NO_ISIN,RANASUG|NOISIN|1
RANASUG,,2006-06-12,2007-12-13,379,356,734,0,RANASUG|NOISIN|2,UNKNOWN_NO_ISIN,RANASUG|NOISIN|2
RANASUG,,2008-02-29,2008-08-07,108,788,895,0,RANASUG|NOISIN|3,UNKNOWN_NO_ISIN,RANASUG|NOISIN|3
RANASUG,,2008-12-01,2009-04-17,89,970,1058,0,RANASUG|NOISIN|4,UNKNOWN_NO_ISIN,RANASUG|NOISIN|4
RANASUG,,2009-11-20,2011-06-21,396,1205,1600,0,RANASUG|NOISIN|5,UNKNOWN_NO_ISIN,RANASUG|INE625B01014|1
RANASUG,INE625B01014,2011-06-22,2026-09-30,3265,1601,5368,102,RANASUG|INE625B01014|1,EQUITY,RANASUG|INE625B01014|1
RANBAXY,,2005-01-03,2011-06-21,1601,0,1600,0,RANBAXY|NOISIN|1,UNKNOWN_NO_ISIN,RANBAXY|INE015A01028|1
RANBAXY,INE015A01028,2011-06-22,2015-04-01,930,1601,2530,0,RANBAXY|INE015A01028|1,EQUITY,RANBAXY|INE015A01028|1
RANEBRAKE,,2005-01-03,2008-02-14,777,0,777,1,RANEBRAKE|NOISIN|1,UNKNOWN_NO_ISIN,RANEBRAKE|NOISIN|1
RANEENGINE,,2008-06-24,2010-01-21,333,863,1246,14,RANEENGINE|NOISIN|1,UNKNOWN_NO_ISIN,RANEENGINE|NOISIN|1
RANEENGINE,,2010-06-11,2011-06-21,246,1341,1600,2,RANEENGINE|NOISIN|2,UNKNOWN_NO_ISIN,RANEENGINE|INE222J01013|1
RANEENGINE,INE222J01013,2011-06-22,2025-04-21,2875,1601,5009,109,RANEENGINE|INE222J01013|1,EQUITY,RANEENGINE|INE222J01013|1
RANEHOLDIN,,2005-08-22,2011-06-21,1419,159,1600,2,RANEHOLDIN|NOISIN|1,UNKNOWN_NO_ISIN,RANEHOLDIN|INE384A01010|1
RANEHOLDIN,INE384A01010,2011-06-22,2026-09-30,3728,1601,5368,37,RANEHOLDIN|INE384A01010|1,EQUITY,RANEHOLDIN|INE384A01010|1
RANEMADRAS,,2005-01-03,2005-08-19,159,0,158,0,RANEMADRAS|NOISIN|1,UNKNOWN_NO_ISIN,RANEHOLDIN|INE384A01010|1
RANKLIN,,2011-02-17,2011-06-21,84,1516,1600,1,RANKLIN|NOISIN|1,UNKNOWN_NO_ISIN,RANKLIN|INE619C01015|1
RANKLIN,INE619C01015,2011-06-22,2015-01-29,525,1601,2488,184,RANKLIN|INE619C01015|1,EQUITY,RANKLIN|INE619C01015|1
RASOYPR,INE904G01020,2011-12-12,2013-03-21,181,1716,2035,63,RASOYPR|INE904G01020|1,EQUITY,RASOYPR|INE904G01020|1
RASOYPR,INE904G01038,2013-03-22,2017-08-07,924,2036,3110,68,RASOYPR|INE904G01038|1,EQUITY,RASOYPR|INE904G01020|1
RATEGAIN,INE0CLI01024,2021-12-17,2026-09-30,1182,4187,5368,0,RATEGAIN|INE0CLI01024|1,EQUITY,RATEGAIN|INE0CLI01024|1
RATNAMANI,,2006-05-09,2011-06-21,1260,332,1600,3,RATNAMANI|NOISIN|1,UNKNOWN_NO_ISIN,RATNAMANI|INE703B01027|1
RATNAMANI,INE703B01027,2011-06-22,2026-09-30,3767,1601,5368,1,RATNAMANI|INE703B01027|1,EQUITY,RATNAMANI|INE703B01027|1
RATNAVEER,INE05CZ01011,2023-09-26,2026-09-30,677,4627,5368,65,RATNAVEER|INE05CZ01011|1,EQUITY,RATNAVEER|INE05CZ01011|1
RAYMOND,,2005-01-03,2011-06-21,1601,0,1600,0,RAYMOND|NOISIN|1,UNKNOWN_NO_ISIN,RAYMOND|INE301A01014|1
RAYMOND,INE301A01014,2011-06-22,2026-09-30,3748,1601,5368,10,RAYMOND|INE301A01014|1,EQUITY,RAYMOND|INE301A01014|1
RAYMONDLSL,INE02ID01020,2024-09-19,2026-09-30,502,4867,5368,0,RAYMONDLSL|INE02ID01020|1,EQUITY,RAYMONDLSL|INE02ID01020|1
RAYMONDREL,INE1SY401010,2025-07-15,2026-09-30,300,5069,5368,0,RAYMONDREL|INE1SY401010|1,EQUITY,RAYMONDREL|INE1SY401010|1
RBA,INE07T201019,2022-02-17,2026-09-30,1139,4230,5368,0,RBA|INE07T201019|1,EQUITY,BURGERKING|INE07T201019|1
RBL,,2008-06-20,2009-03-19,173,861,1041,2,RBL|NOISIN|1,UNKNOWN_NO_ISIN,RBL|NOISIN|1
RBL,,2009-06-12,2009-08-20,48,1096,1145,1,RBL|NOISIN|2,UNKNOWN_NO_ISIN,RBL|NOISIN|2
RBL,,2009-11-20,2011-06-21,391,1205,1600,1,RBL|NOISIN|3,UNKNOWN_NO_ISIN,RBL|INE244J01017|1
RBL,INE244J01017,2011-06-22,2025-04-21,3212,1601,5009,62,RBL|INE244J01017|1,EQUITY,RBL|INE244J01017|1
RBLBANK,INE976G01028,2016-08-31,2026-09-30,2489,2880,5368,0,RBLBANK|INE976G01028|1,EQUITY,RBLBANK|INE976G01028|1
RBN,,2010-12-03,2011-06-21,137,1464,1600,0,RBN|NOISIN|1,UNKNOWN_NO_ISIN,RBN|INE445K01018|1
RBN,INE445K01018,2011-06-22,2014-03-20,521,1601,2280,98,RBN|INE445K01018|1,EQUITY,RBN|INE445K01018|1
RBZJEWEL,INE0PEQ01016,2024-01-10,2026-09-07,446,4698,5352,148,RBZJEWEL|INE0PEQ01016|1,EQUITY,RBZJEWEL|INE0PEQ01016|1
RCAPVL,,2006-02-21,2006-07-24,105,282,386,0,RCAPVL|NOISIN|1,UNKNOWN_NO_ISIN,RCAPVL|NOISIN|1
RCF,,2005-01-03,2011-06-21,1601,0,1600,0,RCF|NOISIN|1,UNKNOWN_NO_ISIN,RCF|INE027A01015|1
RCF,INE027A01015,2011-06-22,2026-09-30,3768,1601,5368,0,RCF|INE027A01015|1,EQUITY,RCF|INE027A01015|1
RCOM,,2006-06-30,2011-06-21,1231,370,1600,0,RCOM|NOISIN|1,UNKNOWN_NO_ISIN,RCOM|INE330H01018|1
RCOM,INE330H01018,2011-06-22,2022-05-24,2446,1601,4293,131,RCOM|INE330H01018|1,EQUITY,RCOM|INE330H01018|1
RCVL,,2006-03-06,2006-06-29,79,291,369,0,RCVL|NOISIN|1,UNKNOWN_NO_ISIN,RCOM|INE330H01018|1
RDEL,INE542F01012,2016-03-18,2017-09-15,369,2769,3137,0,RDEL|INE542F01012|1,EQUITY,PIPAVAVDOC|INE542F01012|1
RECLTD,,2008-03-12,2011-06-21,806,795,1600,0,RECLTD|NOISIN|1,UNKNOWN_NO_ISIN,RECLTD|INE020B01018|1
RECLTD,INE020B01018,2011-06-22,2026-09-30,3768,1601,5368,0,RECLTD|INE020B01018|1,EQUITY,RECLTD|INE020B01018|1
REDINGTON,,2007-02-15,2011-06-21,1074,526,1600,1,REDINGTON|NOISIN|1,UNKNOWN_NO_ISIN,REDINGTON|INE891D01026|1
REDINGTON,INE891D01026,2011-06-22,2026-09-30,3768,1601,5368,0,REDINGTON|INE891D01026|1,EQUITY,REDINGTON|INE891D01026|1
REDTAPE,INE0LXT01019,2023-08-28,2026-09-30,762,4607,5368,0,REDTAPE|INE0LXT01019|1,EQUITY,REDTAPE|INE0LXT01019|1
REFEX,,2009-12-03,2009-12-10,6,1214,1219,0,REFEX|NOISIN|1,UNKNOWN_NO_ISIN,REFEX|NOISIN|1
REFEX,,2010-02-19,2010-11-11,185,1265,1449,0,REFEX|NOISIN|2,UNKNOWN_NO_ISIN,REFEX|NOISIN|2
REFEX,,2011-03-07,2011-03-31,19,1527,1545,0,REFEX|NOISIN|3,UNKNOWN_NO_ISIN,REFEX|NOISIN|3
REFEX,,2011-06-17,2011-06-21,3,1598,1600,0,REFEX|NOISIN|4,UNKNOWN_NO_ISIN,REFEX|INE056I01017|1
REFEX,INE056I01017,2011-06-22,2024-03-21,2538,1601,4746,118,REFEX|INE056I01017|1,EQUITY,REFEX|INE056I01017|1
REFEX,INE056I01025,2024-03-22,2026-09-30,530,4747,5368,62,REFEX|INE056I01025|1,EQUITY,REFEX|INE056I01017|1
REGAAL,INE0MHO01029,2025-08-20,2026-09-30,209,5094,5368,66,REGAAL|INE0MHO01029|1,EQUITY,REGAAL|INE0MHO01029|1
REGENCERAM,,2005-01-03,2005-05-26,100,0,99,0,REGENCERAM|NOISIN|1,UNKNOWN_NO_ISIN,REGENCERAM|NOISIN|1
REGENCERAM,,2005-07-08,2005-07-21,10,130,139,0,REGENCERAM|NOISIN|2,UNKNOWN_NO_ISIN,REGENCERAM|NOISIN|2
REGENCERAM,,2006-08-28,2008-01-10,342,410,752,1,REGENCERAM|NOISIN|3,UNKNOWN_NO_ISIN,REGENCERAM|NOISIN|3
REGENCERAM,,2008-02-29,2009-06-10,292,788,1094,2,REGENCERAM|NOISIN|4,UNKNOWN_NO_ISIN,REGENCERAM|NOISIN|4
REGENCERAM,,2009-08-21,2009-10-05,29,1146,1174,0,REGENCERAM|NOISIN|5,UNKNOWN_NO_ISIN,REGENCERAM|NOISIN|5
REGENCERAM,,2009-11-20,2010-11-22,232,1205,1455,18,REGENCERAM|NOISIN|6,UNKNOWN_NO_ISIN,REGENCERAM|NOISIN|6
REGENCERAM,INE277C01012,2012-06-18,2026-09-30,541,1845,5368,2503,REGENCERAM|INE277C01012|1,EQUITY,REGENCERAM|INE277C01012|1
REIAGRO,,2005-01-03,2008-02-28,788,0,787,0,REIAGRO|NOISIN|1,UNKNOWN_NO_ISIN,REIAGRO|NOISIN|1
REIAGRO,,2008-06-13,2008-09-19,69,856,924,0,REIAGRO|NOISIN|2,UNKNOWN_NO_ISIN,REIAGRO|NOISIN|2
REIAGROLTD,,2008-11-25,2011-06-21,633,967,1600,1,REIAGROLTD|NOISIN|1,UNKNOWN_NO_ISIN,REIAGROLTD|INE385B01031|1
REIAGROLTD,INE385B01031,2011-06-22,2017-08-07,1459,1601,3110,32,REIAGROLTD|INE385B01031|1,EQUITY,REIAGROLTD|INE385B01031|1
REISIXTEN,,2009-04-27,2011-06-21,536,1064,1600,1,REISIXTEN|NOISIN|1,UNKNOWN_NO_ISIN,REISIXTEN|INE849J01021|1
REISIXTEN,INE849J01021,2011-06-22,2016-11-07,1013,1601,2923,77,REISIXTEN|INE849J01021|1,EQUITY,REISIXTEN|INE849J01021|1
REL,,2005-01-03,2008-05-15,837,0,836,0,REL|NOISIN|1,UNKNOWN_NO_ISIN,RELINFRA|INE036A01016|1
RELAXO,,2011-06-17,2011-06-21,3,1598,1600,0,RELAXO|NOISIN|1,UNKNOWN_NO_ISIN,RELAXO|INE131B01021|1
RELAXO,INE131B01021,2011-06-22,2013-11-22,598,1601,2199,1,RELAXO|INE131B01021|1,EQUITY,RELAXO|INE131B01021|1
RELAXO,INE131B01039,2013-11-25,2026-09-30,3169,2200,5368,0,RELAXO|INE131B01039|1,EQUITY,RELAXO|INE131B01021|1
RELBANK,,2008-06-27,2011-06-20,732,866,1599,1,RELBANK|NOISIN|1,UNKNOWN_NO_ISIN,RELBANK|NOISIN|1
RELBANK,INF733I01028,2011-06-22,2016-11-02,1291,1601,2920,1,RELBANK|INF733I01028|1,FUND_UNIT,RELBANK|INF733I01028|1
RELCAPITAL,,2005-01-03,2011-06-21,1601,0,1600,0,RELCAPITAL|NOISIN|1,UNKNOWN_NO_ISIN,RELCAPITAL|INE013A01015|1
RELCAPITAL,INE013A01015,2011-06-22,2022-05-24,2533,1601,4293,72,RELCAPITAL|INE013A01015|1,EQUITY,RELCAPITAL|INE013A01015|1
RELCHEMQ,INE750D01016,2022-05-25,2026-09-30,1010,4294,5368,65,RELCHEMQ|INE750D01016|1,EQUITY,RELCHEMQ|INE750D01016|1
RELCNX100,INF204K014N5,2013-03-28,2019-10-29,1465,2039,3656,3,RELCNX100|INF204K014N5|1,FUND_UNIT,NETFNIF100|INF204K014N5|1
RELCONS,INF204KA1LD7,2014-04-22,2019-10-29,1230,2300,3656,7,RELCONS|INF204KA1LD7|1,FUND_UNIT,CONSUMBEES|INF204KA1LD7|1
RELDIVOPP,INF204KA1MS3,2014-05-22,2019-10-29,1104,2320,3656,6,RELDIVOPP|INF204KA1MS3|1,FUND_UNIT,DIVOPPBEES|INF204KA1MS3|1
RELGOLD,,2007-11-26,2011-06-21,880,721,1600,0,RELGOLD|NOISIN|1,UNKNOWN_NO_ISIN,RELGOLD|INF733I01010|1
RELGOLD,INF733I01010,2011-06-22,2016-11-02,1320,1601,2920,0,RELGOLD|INF733I01010|1,FUND_UNIT,RELGOLD|INF733I01010|1
RELGRNIFTY,,2011-06-17,2011-06-21,3,1598,1600,0,RELGRNIFTY|NOISIN|1,UNKNOWN_NO_ISIN,IVZINNIFTY|INF205K01DA9|1
RELGRNIFTY,INF205K01DA9,2011-06-22,2016-06-22,800,1601,2832,11,RELGRNIFTY|INF205K01DA9|1,FUND_UNIT,IVZINNIFTY|INF205K01DA9|1
RELIABLE,INE375Y01018,2024-07-10,2026-09-30,363,4818,5368,124,RELIABLE|INE375Y01018|1,EQUITY,RELIABLE|INE375Y01018|1
RELIANCE,,2005-01-03,2011-06-21,1601,0,1600,0,RELIANCE|NOISIN|1,UNKNOWN_NO_ISIN,RELIANCE|INE002A01018|1
RELIANCE,INE002A01018,2011-06-22,2026-09-30,3768,1601,5368,0,RELIANCE|INE002A01018|1,EQUITY,RELIANCE|INE002A01018|1
RELIGARE,,2007-11-21,2011-06-21,883,718,1600,0,RELIGARE|NOISIN|1,UNKNOWN_NO_ISIN,RELIGARE|INE621H01010|1
RELIGARE,INE621H01010,2011-06-22,2026-09-30,3768,1601,5368,0,RELIGARE|INE621H01010|1,EQUITY,RELIGARE|INE621H01010|1
RELIGAREGO,,2010-03-22,2011-06-21,316,1285,1600,0,RELIGAREGO|NOISIN|1,UNKNOWN_NO_ISIN,IVZINGOLD|INF205K01361|1
RELIGAREGO,INF205K01361,2011-06-22,2016-06-22,1227,1601,2832,1,RELIGAREGO|INF205K01361|1,FUND_UNIT,IVZINGOLD|INF205K01361|1
RELINFRA,,2008-05-16,2011-06-21,764,837,1600,0,RELINFRA|NOISIN|1,UNKNOWN_NO_ISIN,RELINFRA|INE036A01016|1
RELINFRA,INE036A01016,2011-06-22,2025-06-04,3116,1601,5040,68,RELINFRA|INE036A01016|1,EQUITY,RELINFRA|INE036A01016|1
RELMEDIA,,2009-10-20,2011-06-21,418,1183,1600,0,RELMEDIA|NOISIN|1,UNKNOWN_NO_ISIN,ADLABSFILM|NOISIN|1
RELMEDIA,INE540B01015,2011-06-22,2014-04-28,588,1601,2303,59,RELMEDIA|INE540B01015|1,EQUITY,ADLABSFILM|NOISIN|1
RELNIFTY,INF204KA1EU6,2013-11-27,2016-11-02,654,2202,2920,2,RELNIFTY|INF204KA1EU6|1,FUND_UNIT,RELNIFTY|INF204KA1EU6|1
RELNV20,INF204KA17D8,2015-06-24,2019-10-29,694,2586,3656,8,RELNV20|INF204KA17D8|1,FUND_UNIT,NETFNV20|INF204KA17D8|1
RELTD,INE206N01018,2024-07-30,2026-09-30,423,4831,5368,58,RELTD|INE206N01018|1,EQUITY,RELTD|INE206N01018|1
REMSONSIND,,2005-01-03,2005-04-15,71,0,70,0,REMSONSIND|NOISIN|1,UNKNOWN_NO_ISIN,REMSONSIND|NOISIN|1
REMSONSIND,,2005-07-08,2005-09-15,47,130,176,0,REMSONSIND|NOISIN|2,UNKNOWN_NO_ISIN,REMSONSIND|NOISIN|2
REMSONSIND,,2006-06-14,2006-06-26,4,358,366,4,REMSONSIND|NOISIN|3,UNKNOWN_NO_ISIN,REMSONSIND|NOISIN|3
REMSONSIND,,2006-08-29,2006-12-29,44,411,495,12,REMSONSIND|NOISIN|4,UNKNOWN_NO_ISIN,REMSONSIND|NOISIN|4
REMSONSIND,,2007-03-12,2007-04-17,13,542,566,10,REMSONSIND|NOISIN|5,UNKNOWN_NO_ISIN,REMSONSIND|NOISIN|5
REMSONSIND,,2007-06-11,2007-10-03,45,603,683,10,REMSONSIND|NOISIN|6,UNKNOWN_NO_ISIN,REMSONSIND|NOISIN|6
REMSONSIND,,2007-12-04,2008-01-10,26,727,752,0,REMSONSIND|NOISIN|7,UNKNOWN_NO_ISIN,REMSONSIND|NOISIN|7
REMSONSIND,,2008-02-29,2008-06-26,41,788,865,9,REMSONSIND|NOISIN|8,UNKNOWN_NO_ISIN,REMSONSIND|NOISIN|8
REMSONSIND,,2008-08-26,2008-09-19,4,907,924,10,REMSONSIND|NOISIN|9,UNKNOWN_NO_ISIN,REMSONSIND|NOISIN|9
REMSONSIND,,2008-11-04,2009-01-14,8,953,999,17,REMSONSIND|NOISIN|10,UNKNOWN_NO_ISIN,REMSONSIND|NOISIN|10
REMSONSIND,,2009-02-26,2009-02-26,1,1028,1028,0,REMSONSIND|NOISIN|11,UNKNOWN_NO_ISIN,REMSONSIND|NOISIN|11
REMSONSIND,,2009-04-15,2009-12-24,116,1056,1229,5,REMSONSIND|NOISIN|12,UNKNOWN_NO_ISIN,REMSONSIND|NOISIN|12
REMSONSIND,,2010-06-11,2011-06-16,190,1341,1597,4,REMSONSIND|NOISIN|13,UNKNOWN_NO_ISIN,REMSONSIND|NOISIN|13
REMSONSIND,INE474C01015,2011-09-15,2024-07-04,2153,1659,4814,183,REMSONSIND|INE474C01015|1,EQUITY,REMSONSIND|INE474C01015|1
REMSONSIND,INE474C01023,2024-07-05,2026-09-30,554,4815,5368,0,REMSONSIND|INE474C01023|1,EQUITY,REMSONSIND|INE474C01015|1
RENTOMOJO,INE08T701025,2026-09-17,2026-09-30,10,5359,5368,0,RENTOMOJO|INE08T701025|1,EQUITY,RENTOMOJO|INE08T701025|1
RENUKA,,2005-10-31,2011-06-21,1394,207,1600,0,RENUKA|NOISIN|1,UNKNOWN_NO_ISIN,RENUKA|INE087H01022|1
RENUKA,INE087H01022,2011-06-22,2026-09-30,3699,1601,5368,69,RENUKA|INE087H01022|1,EQUITY,RENUKA|INE087H01022|1
RENVL,,2006-02-24,2006-07-24,102,285,386,0,RENVL|NOISIN|1,UNKNOWN_NO_ISIN,RENVL|NOISIN|1
REPCOHOME,INE612J01015,2013-04-01,2026-09-30,3329,2040,5368,0,REPCOHOME|INE612J01015|1,EQUITY,REPCOHOME|INE612J01015|1
REPL,INE364Z01019,2020-12-14,2026-09-30,1268,3937,5368,78,REPL|INE364Z01019|1,EQUITY,REPL|INE364Z01019|1
REPRO,,2005-12-22,2008-06-12,614,242,855,0,REPRO|NOISIN|1,UNKNOWN_NO_ISIN,REPRO|NOISIN|1
REPRO,,2008-08-22,2011-06-21,694,905,1600,1,REPRO|NOISIN|2,UNKNOWN_NO_ISIN,REPRO|INE461B01014|1
REPRO,INE461B01014,2011-06-22,2026-09-30,3768,1601,5368,0,REPRO|INE461B01014|1,EQUITY,REPRO|INE461B01014|1
RESPONIND,,2010-10-29,2011-06-13,149,1440,1594,4,RESPONIND|NOISIN|1,UNKNOWN_NO_ISIN,RESPONIND|NOISIN|1
RESPONIND,INE688D01026,2011-06-23,2026-09-30,3734,1602,5368,26,RESPONIND|INE688D01026|1,EQUITY,RESPONIND|INE688D01026|1
RESURGERE,,2008-09-01,2011-06-21,690,911,1600,0,RESURGERE|NOISIN|1,UNKNOWN_NO_ISIN,RESURGERE|INE774I01023|1
RESURGERE,INE774I01023,2011-06-22,2012-03-01,159,1601,1772,13,RESURGERE|INE774I01023|1,EQUITY,RESURGERE|INE774I01023|1
RETAIL,INE03DD01011,2024-07-10,2026-09-30,463,4818,5368,51,RETAIL|INE03DD01011|1,EQUITY,RETAIL|INE03DD01011|1
RETFMID150,INF204KB1V68,2019-02-04,2019-10-29,174,3480,3656,1,RETFMID150|INF204KB1V68|1,FUND_UNIT,MID150BEES|INF204KB1V68|1
REVATHI,,2005-08-11,2008-05-02,673,153,827,1,REVATHI|NOISIN|1,UNKNOWN_NO_ISIN,REVATHI|NOISIN|1
REVATHI,,2008-06-13,2011-06-21,728,856,1600,2,REVATHI|NOISIN|2,UNKNOWN_NO_ISIN,REVATHI|INE617A01013|1
REVATHI,INE617A01013,2011-06-22,2023-07-04,2746,1601,4569,49,REVATHI|INE617A01013|1,EQUITY,REVATHI|INE617A01013|1
REVATHIEQU,INE0DAB01012,2024-09-25,2024-10-30,25,4871,4895,0,REVATHIEQU|INE0DAB01012|1,EQUITY,REVATHIEQU|INE0DAB01012|1
REVL,,2005-01-03,2008-02-14,748,0,777,2,REVL|NOISIN|1,UNKNOWN_NO_ISIN,REVL|NOISIN|1
RGL,INE722H01016,2019-04-08,2022-07-19,811,3523,4333,0,RGL|INE722H01016|1,EQUITY,RGL|INE722H01016|1
RGL,INE722H01024,2022-07-20,2026-09-30,1035,4334,5368,0,RGL|INE722H01024|1,EQUITY,RGL|INE722H01016|1
RHETAN,INE0KKN01029,2025-09-26,2026-09-30,249,5120,5368,0,RHETAN|INE0KKN01029|1,EQUITY,RHETAN|INE0KKN01029|1
RHFL,INE217K01011,2017-10-09,2025-09-23,1207,3152,5117,148,RHFL|INE217K01011|1,EQUITY,RHFL|INE217K01011|1
RHIM,INE743M01012,2021-07-22,2026-09-30,1283,4086,5368,0,RHIM|INE743M01012|1,EQUITY,ORIENTREF|INE743M01012|1
RHL,INE508K01013,2023-05-10,2026-09-30,663,4531,5368,76,RHL|INE508K01013|1,EQUITY,RHL|INE508K01013|1
RICOAUTO,,2005-01-03,2009-08-06,1136,0,1135,0,RICOAUTO|NOISIN|1,UNKNOWN_NO_ISIN,RICOAUTO|NOISIN|1
RICOAUTO,,2009-11-20,2011-06-21,396,1205,1600,0,RICOAUTO|NOISIN|2,UNKNOWN_NO_ISIN,RICOAUTO|INE209B01025|1
RICOAUTO,INE209B01025,2011-06-22,2026-09-30,3728,1601,5368,40,RICOAUTO|INE209B01025|1,EQUITY,RICOAUTO|INE209B01025|1
RIIL,,2005-01-03,2011-06-21,1601,0,1600,0,RIIL|NOISIN|1,UNKNOWN_NO_ISIN,RIIL|INE046A01015|1
RIIL,INE046A01015,2011-06-22,2026-09-30,3768,1601,5368,0,RIIL|INE046A01015|1,EQUITY,RIIL|INE046A01015|1
RIR,INE302D01024,2026-07-16,2026-09-30,54,5315,5368,0,RIR|INE302D01024|1,EQUITY,RIR|INE302D01024|1
RISHABH,INE0N2P01017,2023-09-11,2026-09-30,695,4617,5368,57,RISHABH|INE0N2P01017|1,EQUITY,RISHABH|INE0N2P01017|1
RITCO,INE01EG01016,2022-04-12,2026-09-30,990,4266,5368,57,RITCO|INE01EG01016|1,EQUITY,RITCO|INE01EG01016|1
RITES,INE320J01015,2018-07-02,2026-09-30,2035,3334,5368,0,RITES|INE320J01015|1,EQUITY,RITES|INE320J01015|1
RJL,,2007-12-12,2011-06-16,864,733,1597,1,RJL|NOISIN|1,UNKNOWN_NO_ISIN,RJL|NOISIN|1
RJL,INE722H01016,2011-09-06,2019-04-05,1871,1652,3522,0,RJL|INE722H01016|1,EQUITY,RGL|INE722H01016|1
RKDL,,2010-12-27,2011-03-31,67,1479,1545,0,RKDL|NOISIN|1,UNKNOWN_NO_ISIN,RKDL|NOISIN|1
RKDL,,2011-06-17,2011-06-21,3,1598,1600,0,RKDL|NOISIN|2,UNKNOWN_NO_ISIN,RKDL|INE722J01012|1
RKDL,INE722J01012,2011-06-22,2026-09-30,2939,1601,5368,155,RKDL|INE722J01012|1,EQUITY,RKDL|INE722J01012|1
RKEC,INE786W01010,2020-12-18,2026-09-30,1363,3941,5368,65,RKEC|INE786W01010|1,EQUITY,RKEC|INE786W01010|1
RKFORGE,,2005-01-03,2007-08-30,661,0,660,0,RKFORGE|NOISIN|1,UNKNOWN_NO_ISIN,RKFORGE|NOISIN|1
RKFORGE,,2007-12-03,2008-02-21,57,726,782,0,RKFORGE|NOISIN|2,UNKNOWN_NO_ISIN,RKFORGE|NOISIN|2
RKFORGE,,2008-06-13,2009-11-19,335,856,1204,3,RKFORGE|NOISIN|3,UNKNOWN_NO_ISIN,RKFORGE|NOISIN|3
RKFORGE,,2010-06-11,2011-06-21,258,1341,1600,1,RKFORGE|NOISIN|4,UNKNOWN_NO_ISIN,RKFORGE|INE399G01015|1
RKFORGE,INE399G01015,2011-06-22,2022-03-14,2384,1601,4246,240,RKFORGE|INE399G01015|1,EQUITY,RKFORGE|INE399G01015|1
RKFORGE,INE399G01023,2022-03-15,2026-09-30,1122,4247,5368,0,RKFORGE|INE399G01023|1,EQUITY,RKFORGE|INE399G01015|1
RKSWAMY,INE0NQ801033,2024-03-12,2026-09-30,630,4739,5368,0,RKSWAMY|INE0NQ801033|1,EQUITY,RKSWAMY|INE0NQ801033|1
RMC,INE655V01019,2026-06-22,2026-09-30,71,5298,5368,0,RMC|INE655V01019|1,EQUITY,RMC|INE655V01019|1
RMCL,,2007-11-26,2009-05-28,364,721,1085,1,RMCL|NOISIN|1,UNKNOWN_NO_ISIN,RMCL|NOISIN|1
RMCL,,2009-08-21,2010-04-16,138,1146,1301,18,RMCL|NOISIN|2,UNKNOWN_NO_ISIN,RMCL|NOISIN|2
RMCL,,2010-06-11,2010-10-28,99,1341,1439,0,RMCL|NOISIN|3,UNKNOWN_NO_ISIN,RMCL|NOISIN|3
RMCL,,2010-12-03,2011-04-18,92,1464,1555,0,RMCL|NOISIN|4,UNKNOWN_NO_ISIN,RMCL|NOISIN|4
RMCL,,2011-06-17,2011-06-21,3,1598,1600,0,RMCL|NOISIN|5,UNKNOWN_NO_ISIN,RMCL|INE172H01014|1
RMCL,INE172H01014,2011-06-22,2021-02-19,1726,1601,3984,251,RMCL|INE172H01014|1,EQUITY,RMCL|INE172H01014|1
RMDRIP,INE219Y01018,2025-07-30,2025-09-25,40,5080,5119,0,RMDRIP|INE219Y01018|1,EQUITY,RMDRIP|INE219Y01018|1
RMDRIP,INE219Y01026,2025-09-26,2026-07-28,204,5120,5323,0,RMDRIP|INE219Y01026|1,EQUITY,RMDRIP|INE219Y01018|1
RMEDIA,,2009-12-04,2010-02-18,50,1215,1264,0,RMEDIA|NOISIN|1,UNKNOWN_NO_ISIN,RMEDIA|NOISIN|1
RML,,2005-08-30,2009-08-06,957,165,1135,2,RML|NOISIN|1,UNKNOWN_NO_ISIN,RML|NOISIN|1
RML,,2009-11-20,2011-06-21,395,1205,1600,1,RML|NOISIN|2,UNKNOWN_NO_ISIN,RML|INE050H01012|1
RML,INE050H01012,2011-06-22,2026-09-30,3727,1601,5368,4,RML|INE050H01012|1,EQUITY,RML|INE050H01012|1
RMMIL,INE774I01031,2012-06-27,2016-05-20,771,1852,2809,77,RMMIL|INE774I01031|1,EQUITY,RMMIL|INE774I01031|1
RNAM,INE298J01013,2017-11-06,2020-01-22,545,3171,3715,0,RNAM|INE298J01013|1,EQUITY,NAM-INDIA|INE298J01013|1
RNAVAL,INE542F01012,2017-09-18,2021-01-22,640,3138,3965,107,RNAVAL|INE542F01012|1,EQUITY,PIPAVAVDOC|INE542F01012|1
RNBDENIMS,INE012Q01021,2025-09-04,2026-02-23,117,5104,5220,0,RNBDENIMS|INE012Q01021|1,EQUITY,RNBDENIMS|INE012Q01021|1
RNBDENIMS,INE012Q01039,2026-05-19,2026-09-04,77,5275,5351,0,RNBDENIMS|INE012Q01039|1,EQUITY,RNBDENIMS|INE012Q01039|1
RNRL,,2006-03-01,2010-11-09,1160,288,1447,0,RNRL|NOISIN|1,UNKNOWN_NO_ISIN,RNRL|NOISIN|1
ROHITFERRO,,2006-04-13,2008-06-12,540,316,855,0,ROHITFERRO|NOISIN|1,UNKNOWN_NO_ISIN,ROHITFERRO|NOISIN|1
ROHITFERRO,,2008-08-22,2009-08-06,231,905,1135,0,ROHITFERRO|NOISIN|2,UNKNOWN_NO_ISIN,ROHITFERRO|NOISIN|2
ROHITFERRO,,2009-11-20,2011-06-21,396,1205,1600,0,ROHITFERRO|NOISIN|3,UNKNOWN_NO_ISIN,ROHITFERRO|INE248H01012|1
ROHITFERRO,INE248H01012,2011-06-22,2022-04-07,1708,1601,4263,293,ROHITFERRO|INE248H01012|1,EQUITY,ROHITFERRO|INE248H01012|1
ROHLTD,,2006-02-06,2011-06-21,1328,272,1600,1,ROHLTD|NOISIN|1,UNKNOWN_NO_ISIN,ROHLTD|INE283H01019|1
ROHLTD,INE283H01019,2011-06-22,2026-09-30,3617,1601,5368,57,ROHLTD|INE283H01019|1,EQUITY,ROHLTD|INE283H01019|1
ROLEXRINGS,INE645S01016,2021-08-09,2025-10-16,1036,4098,5133,0,ROLEXRINGS|INE645S01016|1,EQUITY,ROLEXRINGS|INE645S01016|1
ROLEXRINGS,INE645S01024,2025-10-17,2026-09-30,235,5134,5368,0,ROLEXRINGS|INE645S01024|1,EQUITY,ROLEXRINGS|INE645S01016|1
ROLLT,INE927A01040,2016-11-22,2026-05-07,1199,2933,5267,264,ROLLT|INE927A01040|1,EQUITY,ROLLT|INE927A01040|1
ROLTA,,2005-01-03,2011-06-21,1601,0,1600,0,ROLTA|NOISIN|1,UNKNOWN_NO_ISIN,ROLTA|INE293A01013|1
ROLTA,INE293A01013,2011-06-22,2022-08-22,2324,1601,4355,107,ROLTA|INE293A01013|1,EQUITY,ROLTA|INE293A01013|1
ROMAN,,2007-07-09,2007-12-28,121,623,743,0,ROMAN|NOISIN|1,UNKNOWN_NO_ISIN,ROMAN|NOISIN|1
ROMAN,,2008-02-29,2009-09-03,367,788,1155,1,ROMAN|NOISIN|2,UNKNOWN_NO_ISIN,ROMAN|NOISIN|2
ROMAN,,2009-11-20,2011-04-18,351,1205,1555,0,ROMAN|NOISIN|3,UNKNOWN_NO_ISIN,ROMAN|NOISIN|3
ROMAN,,2011-06-17,2011-06-21,3,1598,1600,0,ROMAN|NOISIN|4,UNKNOWN_NO_ISIN,ROMAN|INE924H01018|1
ROMAN,INE924H01018,2011-06-22,2012-08-30,260,1601,1896,28,ROMAN|INE924H01018|1,EQUITY,ROMAN|INE924H01018|1
ROML,INE294G01026,2020-11-03,2026-09-30,1001,3910,5368,193,ROML|INE294G01026|1,EQUITY,ROML|INE294G01026|1
ROSSARI,INE02A801020,2020-07-23,2026-09-30,1531,3838,5368,0,ROSSARI|INE02A801020|1,EQUITY,ROSSARI|INE02A801020|1
ROSSELLIND,INE847C01020,2012-09-25,2026-09-30,3032,1913,5368,117,ROSSELLIND|INE847C01020|1,EQUITY,ROSSELLIND|INE847C01020|1
ROSSTECH,INE0OJW01016,2024-12-23,2026-09-30,352,4931,5368,86,ROSSTECH|INE0OJW01016|1,EQUITY,ROSSTECH|INE0OJW01016|1
ROTO,INE535D01029,2022-04-21,2024-11-07,631,4271,4901,0,ROTO|INE535D01029|1,EQUITY,ROTO|INE535D01029|1
ROTO,INE535D01037,2024-11-08,2026-09-30,467,4902,5368,0,ROTO|INE535D01037|1,EQUITY,ROTO|INE535D01029|1
ROUTE,INE450U01017,2020-09-21,2026-09-30,1489,3880,5368,0,ROUTE|INE450U01017|1,EQUITY,ROUTE|INE450U01017|1
RPEL,INE912T01018,2024-08-08,2026-09-30,531,4838,5368,0,RPEL|INE912T01018|1,EQUITY,RPEL|INE912T01018|1
RPGCABLES,,2006-06-12,2006-06-29,14,356,369,0,RPGCABLES|NOISIN|1,UNKNOWN_NO_ISIN,RPGCABLES|NOISIN|1
RPGCABLES,,2006-08-28,2006-12-29,86,410,495,0,RPGCABLES|NOISIN|2,UNKNOWN_NO_ISIN,RPGCABLES|NOISIN|2
RPGCABLES,,2007-06-08,2007-11-30,124,602,725,0,RPGCABLES|NOISIN|3,UNKNOWN_NO_ISIN,RPGCABLES|NOISIN|3
RPGCABLES,,2008-02-29,2008-12-12,191,788,978,0,RPGCABLES|NOISIN|4,UNKNOWN_NO_ISIN,RPGCABLES|NOISIN|4
RPGCABLES,,2009-03-02,2009-05-04,38,1030,1067,0,RPGCABLES|NOISIN|5,UNKNOWN_NO_ISIN,RPGCABLES|NOISIN|5
RPGCABLES,,2009-06-12,2009-10-16,87,1096,1182,0,RPGCABLES|NOISIN|6,UNKNOWN_NO_ISIN,RPGCABLES|NOISIN|6
RPGCABLES,,2009-11-20,2010-04-15,96,1205,1300,0,RPGCABLES|NOISIN|7,UNKNOWN_NO_ISIN,RPGCABLES|NOISIN|7
RPGLIFE,,2008-06-10,2009-06-11,242,853,1095,1,RPGLIFE|NOISIN|1,UNKNOWN_NO_ISIN,RPGLIFE|NOISIN|1
RPGLIFE,,2009-08-21,2011-06-21,455,1146,1600,0,RPGLIFE|NOISIN|2,UNKNOWN_NO_ISIN,RPGLIFE|INE105J01010|1
RPGLIFE,INE105J01010,2011-06-22,2026-09-30,3740,1601,5368,28,RPGLIFE|INE105J01010|1,EQUITY,RPGLIFE|INE105J01010|1
RPGLS,,2006-12-05,2008-03-13,319,478,796,0,RPGLS|NOISIN|1,UNKNOWN_NO_ISIN,BRABOURNE|NOISIN|1
RPGTELECOM,,2005-01-03,2005-05-12,90,0,89,0,RPGTELECOM|NOISIN|1,UNKNOWN_NO_ISIN,RPGTELECOM|NOISIN|1
RPGTLTD,,2006-12-05,2008-02-11,297,478,774,0,RPGTLTD|NOISIN|1,UNKNOWN_NO_ISIN,RPGTLTD|NOISIN|1
RPL,,2006-05-11,2009-09-24,836,334,1169,0,RPL|NOISIN|1,UNKNOWN_NO_ISIN,RPL|NOISIN|1
RPOWER,,2008-02-11,2011-06-21,827,774,1600,0,RPOWER|NOISIN|1,UNKNOWN_NO_ISIN,RPOWER|INE614G01033|1
RPOWER,INE614G01033,2011-06-22,2026-09-30,3365,1601,5368,65,RPOWER|INE614G01033|1,EQUITY,RPOWER|INE614G01033|1
RPPINFRA,,2010-12-06,2011-06-21,136,1465,1600,0,RPPINFRA|NOISIN|1,UNKNOWN_NO_ISIN,RPPINFRA|INE324L01013|1
RPPINFRA,INE324L01013,2011-06-22,2026-09-30,3352,1601,5368,222,RPPINFRA|INE324L01013|1,EQUITY,RPPINFRA|INE324L01013|1
RPPL,INE760W01015,2021-11-26,2024-09-16,634,4172,4864,59,RPPL|INE760W01015|1,EQUITY,RPPL|INE760W01015|1
RPPL,INE760W01023,2024-09-17,2026-08-10,468,4865,5332,0,RPPL|INE760W01023|1,EQUITY,RPPL|INE760W01015|1
RPSGVENT,INE425Y01011,2021-02-01,2026-09-30,1399,3970,5368,0,RPSGVENT|INE425Y01011|1,EQUITY,CESCVENT|INE425Y01011|1
RPTECH,INE0J1F01024,2024-02-14,2026-09-30,648,4721,5368,0,RPTECH|INE0J1F01024|1,EQUITY,RPTECH|INE0J1F01024|1
RRECL,INE0AK901016,2026-08-17,2026-09-30,31,5337,5368,1,RRECL|INE0AK901016|1,EQUITY,RRECL|INE0AK901016|1
RRIL,INE951M01037,2026-04-20,2026-09-30,114,5255,5368,0,RRIL|INE951M01037|1,EQUITY,RRIL|INE951M01037|1
RRKABEL,INE777K01022,2023-09-20,2026-09-30,746,4623,5368,0,RRKABEL|INE777K01022|1,EQUITY,RRKABEL|INE777K01022|1
RRSLGETF,INF204KB1882,2016-07-14,2019-10-29,606,2847,3656,13,RRSLGETF|INF204KB1882|1,FUND_UNIT,LTGILTBEES|INF204KB1882|1
RSDFIN,INE616F01022,2026-04-20,2026-08-05,68,5255,5329,2,RSDFIN|INE616F01022|1,EQUITY,RSDFIN|INE616F01022|1
RSL,INE313L01016,2026-03-19,2026-09-30,132,5237,5368,0,RSL|INE313L01016|1,EQUITY,RSL|INE313L01016|1
RSSOFTWARE,,2005-01-03,2005-07-07,130,0,129,0,RSSOFTWARE|NOISIN|1,UNKNOWN_NO_ISIN,RSSOFTWARE|NOISIN|1
RSSOFTWARE,,2005-11-25,2009-06-11,873,223,1095,0,RSSOFTWARE|NOISIN|2,UNKNOWN_NO_ISIN,RSSOFTWARE|NOISIN|2
RSSOFTWARE,,2009-08-21,2011-03-04,381,1146,1526,0,RSSOFTWARE|NOISIN|3,UNKNOWN_NO_ISIN,RSSOFTWARE|NOISIN|3
RSSOFTWARE,,2011-06-17,2011-06-21,3,1598,1600,0,RSSOFTWARE|NOISIN|4,UNKNOWN_NO_ISIN,RSSOFTWARE|INE165B01011|1
RSSOFTWARE,INE165B01011,2011-06-22,2015-01-21,883,1601,2483,0,RSSOFTWARE|INE165B01011|1,EQUITY,RSSOFTWARE|INE165B01011|1
RSSOFTWARE,INE165B01029,2015-01-22,2026-09-30,2209,2484,5368,403,RSSOFTWARE|INE165B01029|1,EQUITY,RSSOFTWARE|INE165B01011|1
RSWM,,2006-09-01,2009-04-24,650,414,1063,0,RSWM|NOISIN|1,UNKNOWN_NO_ISIN,RAJASSPG|NOISIN|1
RSWM,,2009-06-12,2011-06-21,505,1096,1600,0,RSWM|NOISIN|2,UNKNOWN_NO_ISIN,RSWM|INE611A01016|1
RSWM,INE611A01016,2011-06-22,2026-09-30,3592,1601,5368,65,RSWM|INE611A01016|1,EQUITY,RSWM|INE611A01016|1
RSYSTEMS,,2006-04-26,2011-06-21,1276,324,1600,1,RSYSTEMS|NOISIN|1,UNKNOWN_NO_ISIN,RSYSTEMS|INE411H01024|1
RSYSTEMS,INE411H01024,2011-06-22,2014-02-26,595,1601,2266,62,RSYSTEMS|INE411H01024|1,EQUITY,RSYSTEMS|INE411H01024|1
RSYSTEMS,INE411H01032,2014-02-28,2026-09-30,3102,2267,5368,0,RSYSTEMS|INE411H01032|1,EQUITY,RSYSTEMS|INE411H01024|1
RTNINDIA,INE834M01019,2021-04-07,2026-09-30,1269,4014,5368,86,RTNINDIA|INE834M01019|1,EQUITY,IBIPL|INE834M01019|1
RTNINFRA,INE834M01019,2014-11-20,2021-04-06,1360,2440,4013,112,RTNINFRA|INE834M01019|1,EQUITY,IBIPL|INE834M01019|1
RTNPOWER,INE399K01017,2014-11-20,2026-09-30,2663,2440,5368,66,RTNPOWER|INE399K01017|1,EQUITY,IBPOW|INE399K01017|1
RTSPOWR,INE005C01017,2026-08-17,2026-09-30,32,5337,5368,0,RTSPOWR|INE005C01017|1,EQUITY,RTSPOWR|INE005C01017|1
RUBFILA,INE642C01025,2024-08-08,2026-09-30,531,4838,5368,0,RUBFILA|INE642C01025|1,EQUITY,RUBFILA|INE642C01025|1
RUBICON,INE506V01022,2025-10-16,2026-09-30,236,5133,5368,0,RUBICON|INE506V01022|1,EQUITY,RUBICON|INE506V01022|1
RUBYMILLS,,2005-01-03,2007-02-08,521,0,521,1,RUBYMILLS|NOISIN|1,UNKNOWN_NO_ISIN,RUBYMILLS|NOISIN|1
RUBYMILLS,,2007-06-08,2007-12-13,133,602,734,0,RUBYMILLS|NOISIN|2,UNKNOWN_NO_ISIN,RUBYMILLS|NOISIN|2
RUBYMILLS,,2008-02-29,2008-04-21,32,788,819,0,RUBYMILLS|NOISIN|3,UNKNOWN_NO_ISIN,RUBYMILLS|NOISIN|3
RUBYMILLS,,2008-06-13,2011-06-21,731,856,1600,2,RUBYMILLS|NOISIN|4,UNKNOWN_NO_ISIN,RUBYMILLS|INE301D01018|1
RUBYMILLS,INE301D01018,2011-06-22,2012-11-22,351,1601,1952,1,RUBYMILLS|INE301D01018|1,EQUITY,RUBYMILLS|INE301D01018|1
RUBYMILLS,INE301D01026,2012-11-23,2026-09-30,3296,1953,5368,65,RUBYMILLS|INE301D01026|1,EQUITY,RUBYMILLS|INE301D01018|1
RUCHI,INE619A01035,2020-02-07,2022-05-24,382,3727,4293,118,RUCHI|INE619A01035|1,EQUITY,PATANJALI|INE619A01035|1
RUCHINFRA,,2005-01-03,2005-04-07,50,0,65,4,RUCHINFRA|NOISIN|1,UNKNOWN_NO_ISIN,RUCHINFRA|NOISIN|1
RUCHINFRA,,2005-07-08,2008-12-26,858,130,987,0,RUCHINFRA|NOISIN|2,UNKNOWN_NO_ISIN,RUCHINFRA|NOISIN|2
RUCHINFRA,,2009-03-02,2009-05-04,36,1030,1067,1,RUCHINFRA|NOISIN|3,UNKNOWN_NO_ISIN,RUCHINFRA|NOISIN|3
RUCHINFRA,,2009-08-21,2011-06-21,455,1146,1600,0,RUCHINFRA|NOISIN|4,UNKNOWN_NO_ISIN,RUCHINFRA|INE413B01023|1
RUCHINFRA,INE413B01023,2011-06-22,2026-09-30,1201,1601,5368,2417,RUCHINFRA|INE413B01023|1,EQUITY,RUCHINFRA|INE413B01023|1
RUCHIRA,,2006-12-20,2007-08-30,172,489,660,0,RUCHIRA|NOISIN|1,UNKNOWN_NO_ISIN,RUCHIRA|NOISIN|1
RUCHIRA,,2007-12-03,2009-05-28,358,726,1085,1,RUCHIRA|NOISIN|2,UNKNOWN_NO_ISIN,RUCHIRA|NOISIN|2
RUCHIRA,,2009-08-21,2009-12-10,74,1146,1219,0,RUCHIRA|NOISIN|3,UNKNOWN_NO_ISIN,RUCHIRA|NOISIN|3
RUCHIRA,,2010-02-19,2010-04-16,37,1265,1301,0,RUCHIRA|NOISIN|4,UNKNOWN_NO_ISIN,RUCHIRA|NOISIN|4
RUCHIRA,,2010-06-11,2010-08-05,39,1341,1380,1,RUCHIRA|NOISIN|5,UNKNOWN_NO_ISIN,RUCHIRA|NOISIN|5
RUCHIRA,,2010-12-03,2011-01-06,24,1464,1487,0,RUCHIRA|NOISIN|6,UNKNOWN_NO_ISIN,RUCHIRA|NOISIN|6
RUCHIRA,,2011-03-07,2011-04-18,29,1527,1555,0,RUCHIRA|NOISIN|7,UNKNOWN_NO_ISIN,RUCHIRA|NOISIN|7
RUCHIRA,,2011-06-17,2011-06-21,3,1598,1600,0,RUCHIRA|NOISIN|8,UNKNOWN_NO_ISIN,RUCHIRA|INE803H01014|1
RUCHIRA,INE803H01014,2011-06-22,2026-09-30,3658,1601,5368,31,RUCHIRA|INE803H01014|1,EQUITY,RUCHIRA|INE803H01014|1
RUCHISOYA,,2005-01-03,2011-06-21,1601,0,1600,0,RUCHISOYA|NOISIN|1,UNKNOWN_NO_ISIN,RUCHISOYA|INE619A01027|1
RUCHISOYA,INE619A01027,2011-06-22,2019-11-13,1976,1601,3666,58,RUCHISOYA|INE619A01027|1,EQUITY,RUCHISOYA|INE619A01027|1
RUDRA,INE027T01023,2025-12-19,2026-09-30,129,5177,5368,63,RUDRA|INE027T01023|1,EQUITY,RUDRA|INE027T01023|1
RUPA,INE895B01021,2011-12-07,2026-09-30,3531,1713,5368,19,RUPA|INE895B01021|1,EQUITY,RUPA|INE895B01021|1
RUSHIL,INE573K01017,2011-07-07,2024-08-08,3158,1612,4838,43,RUSHIL|INE573K01017|1,EQUITY,RUSHIL|INE573K01017|1
RUSHIL,INE573K01025,2024-08-09,2026-09-30,530,4839,5368,0,RUSHIL|INE573K01025|1,EQUITY,RUSHIL|INE573K01017|1
RUSTOMJEE,INE263M01029,2022-11-24,2026-09-30,950,4419,5368,0,RUSTOMJEE|INE263M01029|1,EQUITY,RUSTOMJEE|INE263M01029|1
RVHL,INE09E501017,2021-01-04,2026-09-30,1060,3951,5368,81,RVHL|INE09E501017|1,EQUITY,RVHL|INE09E501017|1
RVNL,INE415G01027,2019-04-11,2026-09-30,1843,3526,5368,0,RVNL|INE415G01027|1,EQUITY,RVNL|INE415G01027|1
RVTH,INE0DAB01012,2025-02-03,2026-09-30,309,4960,5368,100,RVTH|INE0DAB01012|1,EQUITY,REVATHIEQU|INE0DAB01012|1
S&SPOWER,INE902B01017,2020-04-07,2026-09-30,483,3765,5368,386,S&SPOWER|INE902B01017|1,EQUITY,S&SPOWER|INE902B01017|1
SAATVIKGL,INE13B501022,2025-09-26,2026-09-30,249,5120,5368,0,SAATVIKGL|INE13B501022|1,EQUITY,SAATVIKGL|INE13B501022|1
SAB,INE137M01017,2026-08-17,2026-09-25,23,5337,5365,2,SAB|INE137M01017|1,EQUITY,SAB|INE137M01017|1
SABERORGAN,,2005-01-03,2006-01-13,258,0,257,0,SABERORGAN|NOISIN|1,UNKNOWN_NO_ISIN,SABERORGAN|NOISIN|1
SABERORGAN,,2006-06-12,2008-01-10,397,356,752,0,SABERORGAN|NOISIN|2,UNKNOWN_NO_ISIN,SABERORGAN|NOISIN|2
SABERORGAN,,2008-02-29,2008-08-21,117,788,904,0,SABERORGAN|NOISIN|3,UNKNOWN_NO_ISIN,SABERORGAN|NOISIN|3
SABERORGAN,,2008-12-01,2011-06-09,622,970,1592,1,SABERORGAN|NOISIN|4,UNKNOWN_NO_ISIN,SABERORGAN|NOISIN|4
SABERORGAN,INE243A01018,2011-09-06,2015-01-15,692,1652,2479,80,SABERORGAN|INE243A01018|1,EQUITY,SABERORGAN|INE243A01018|1
SABEVENTS,INE860T01019,2016-09-29,2026-08-04,901,2899,5328,786,SABEVENTS|INE860T01019|1,EQUITY,SABEVENTS|INE860T01019|1
SABTN,,2007-11-16,2009-05-28,370,715,1085,1,SABTN|NOISIN|1,UNKNOWN_NO_ISIN,SABTN|NOISIN|1
SABTN,,2009-08-21,2009-12-24,84,1146,1229,0,SABTN|NOISIN|2,UNKNOWN_NO_ISIN,SABTN|NOISIN|2
SABTN,,2010-02-19,2010-06-10,76,1265,1340,0,SABTN|NOISIN|3,UNKNOWN_NO_ISIN,SABTN|NOISIN|3
SABTN,,2010-08-20,2011-03-17,131,1391,1535,14,SABTN|NOISIN|4,UNKNOWN_NO_ISIN,SABTN|NOISIN|4
SABTN,,2011-06-17,2011-06-21,3,1598,1600,0,SABTN|NOISIN|5,UNKNOWN_NO_ISIN,SABTN|INE416A01036|1
SABTN,INE416A01036,2011-06-22,2021-06-17,1953,1601,4062,107,SABTN|INE416A01036|1,EQUITY,SABTN|INE416A01036|1
SABTNL,INE416A01044,2024-04-18,2025-12-11,60,4762,5171,181,SABTNL|INE416A01044|1,EQUITY,AQYLON|INE416A01044|1
SADBHAV,,2006-03-01,2011-06-21,1312,288,1600,1,SADBHAV|NOISIN|1,UNKNOWN_NO_ISIN,SADBHAV|INE226H01026|1
SADBHAV,INE226H01026,2011-06-22,2026-09-30,3307,1601,5368,160,SADBHAV|INE226H01026|1,EQUITY,SADBHAV|INE226H01026|1
SADBHIN,INE764L01010,2015-09-16,2026-09-30,2301,2646,5368,218,SADBHIN|INE764L01010|1,EQUITY,SADBHIN|INE764L01010|1
SADHNANIQ,INE888C01040,2023-05-05,2026-04-23,536,4528,5258,195,SADHNANIQ|INE888C01040|1,EQUITY,SADHNANIQ|INE888C01040|1
SAELTD,,2005-01-03,2005-03-03,42,0,41,0,SAELTD|NOISIN|1,UNKNOWN_NO_ISIN,SAELTD|NOISIN|1
SAELTD,,2005-07-08,2006-12-04,348,130,477,0,SAELTD|NOISIN|2,UNKNOWN_NO_ISIN,RPGTLTD|NOISIN|1
SAFARI,INE429E01023,2019-09-12,2026-09-30,1742,3627,5368,0,SAFARI|INE429E01023|1,EQUITY,SAFARI|INE429E01023|1
SAGARDEEP,INE976T01013,2019-01-25,2026-09-30,1261,3474,5368,278,SAGARDEEP|INE976T01013|1,EQUITY,SAGARDEEP|INE976T01013|1
SAGCEM,,2007-01-29,2011-06-21,1070,514,1600,4,SAGCEM|NOISIN|1,UNKNOWN_NO_ISIN,SAGCEM|INE229C01013|1
SAGCEM,INE229C01013,2011-06-22,2021-08-18,2375,1601,4105,60,SAGCEM|INE229C01013|1,EQUITY,SAGCEM|INE229C01013|1
SAGCEM,INE229C01021,2021-08-20,2026-09-30,1263,4106,5368,0,SAGCEM|INE229C01021|1,EQUITY,SAGCEM|INE229C01013|1
SAGILITY,INE0W2G01015,2024-11-12,2026-09-30,430,4904,5368,35,SAGILITY|INE0W2G01015|1,EQUITY,SAGILITY|INE0W2G01015|1
SAH,INE035801013,2023-01-27,2025-06-02,513,4464,5038,62,SAH|INE035801013|1,EQUITY,AERONEU|INE035801013|1
SAHLIBHFI,INE861D01011,2026-04-10,2026-09-30,119,5250,5368,0,SAHLIBHFI|INE861D01011|1,EQUITY,SAHLIBHFI|INE861D01011|1
SAHPETRO,,2005-01-03,2006-11-23,471,0,470,0,SAHPETRO|NOISIN|1,UNKNOWN_NO_ISIN,SAHPETRO|NOISIN|1
SAHPETRO,,2007-03-02,2008-11-28,434,536,969,0,SAHPETRO|NOISIN|2,UNKNOWN_NO_ISIN,SAHPETRO|NOISIN|2
SAHPETRO,,2009-03-02,2009-09-03,125,1030,1155,1,SAHPETRO|NOISIN|3,UNKNOWN_NO_ISIN,SAHPETRO|NOISIN|3
SAHPETRO,,2009-11-20,2010-11-25,254,1205,1458,0,SAHPETRO|NOISIN|4,UNKNOWN_NO_ISIN,SAHPETRO|NOISIN|4
SAHPETRO,,2011-03-07,2011-06-21,74,1527,1600,0,SAHPETRO|NOISIN|5,UNKNOWN_NO_ISIN,GULFPETRO|INE586G01017|1
SAHPETRO,INE586G01017,2011-06-22,2015-05-05,850,1601,2550,58,SAHPETRO|INE586G01017|1,EQUITY,GULFPETRO|INE586G01017|1
SAHYADRI,INE280H01015,2023-04-06,2026-09-30,859,4510,5368,0,SAHYADRI|INE280H01015|1,EQUITY,SAHYADRI|INE280H01015|1
SAICAPI,INE531X01018,2026-08-17,2026-09-30,31,5337,5368,1,SAICAPI|INE531X01018|1,EQUITY,SAICAPI|INE531X01018|1
SAIL,,2005-01-03,2011-06-21,1601,0,1600,0,SAIL|NOISIN|1,UNKNOWN_NO_ISIN,SAIL|INE114A01011|1
SAIL,INE114A01011,2011-06-22,2026-09-30,3768,1601,5368,0,SAIL|INE114A01011|1,EQUITY,SAIL|INE114A01011|1
SAILIFE,INE570L01029,2024-12-18,2026-09-30,441,4928,5368,0,SAILIFE|INE570L01029|1,EQUITY,SAILIFE|INE570L01029|1
SAIPARENT,INE0H9F01037,2026-04-02,2026-09-30,124,5245,5368,0,SAIPARENT|INE0H9F01037|1,EQUITY,SAIPARENT|INE0H9F01037|1
SAKAR,INE732S01012,2019-04-11,2026-09-30,1548,3526,5368,170,SAKAR|INE732S01012|1,EQUITY,SAKAR|INE732S01012|1
SAKHTISUG,,2005-01-03,2008-08-07,896,0,895,0,SAKHTISUG|NOISIN|1,UNKNOWN_NO_ISIN,SAKHTISUG|NOISIN|1
SAKHTISUG,,2008-12-01,2009-06-11,126,970,1095,0,SAKHTISUG|NOISIN|2,UNKNOWN_NO_ISIN,SAKHTISUG|NOISIN|2
SAKHTISUG,,2009-11-20,2011-06-21,396,1205,1600,0,SAKHTISUG|NOISIN|3,UNKNOWN_NO_ISIN,SAKHTISUG|INE623A01011|1
SAKHTISUG,INE623A01011,2011-06-22,2026-09-30,3262,1601,5368,100,SAKHTISUG|INE623A01011|1,EQUITY,SAKHTISUG|INE623A01011|1
SAKSOFT,,2005-05-09,2005-07-07,44,86,129,0,SAKSOFT|NOISIN|1,UNKNOWN_NO_ISIN,SAKSOFT|NOISIN|1
SAKSOFT,,2005-11-25,2008-04-21,596,223,819,1,SAKSOFT|NOISIN|2,UNKNOWN_NO_ISIN,SAKSOFT|NOISIN|2
SAKSOFT,,2008-06-13,2009-10-16,242,856,1182,11,SAKSOFT|NOISIN|3,UNKNOWN_NO_ISIN,SAKSOFT|NOISIN|3
SAKSOFT,,2009-11-20,2010-06-10,136,1205,1340,0,SAKSOFT|NOISIN|4,UNKNOWN_NO_ISIN,SAKSOFT|NOISIN|4
SAKSOFT,,2010-08-20,2011-02-03,115,1391,1506,1,SAKSOFT|NOISIN|5,UNKNOWN_NO_ISIN,SAKSOFT|NOISIN|5
SAKSOFT,,2011-06-17,2011-06-21,3,1598,1600,0,SAKSOFT|NOISIN|6,UNKNOWN_NO_ISIN,SAKSOFT|INE667G01015|1
SAKSOFT,INE667G01015,2011-06-22,2022-09-23,2663,1601,4378,26,SAKSOFT|INE667G01015|1,EQUITY,SAKSOFT|INE667G01015|1
SAKSOFT,INE667G01023,2022-09-26,2026-09-30,928,4379,5368,62,SAKSOFT|INE667G01023|1,EQUITY,SAKSOFT|INE667G01015|1
SAKTHIFIN,,2010-08-09,2010-08-19,9,1382,1390,0,SAKTHIFIN|NOISIN|1,UNKNOWN_NO_ISIN,SAKTHIFIN|NOISIN|1
SAKTHIFIN,INE302E01014,2014-05-23,2014-12-04,130,2321,2450,0,SAKTHIFIN|INE302E01014|1,EQUITY,SAKTHIFIN|INE302E01014|1
SAKUMA,,2006-03-08,2011-06-21,1307,293,1600,1,SAKUMA|NOISIN|1,UNKNOWN_NO_ISIN,SAKUMA|INE190H01016|1
SAKUMA,INE190H01016,2011-06-22,2018-11-12,1697,1601,3422,59,SAKUMA|INE190H01016|1,EQUITY,SAKUMA|INE190H01016|1
SAKUMA,INE190H01024,2018-11-13,2026-09-30,1471,3423,5368,229,SAKUMA|INE190H01024|1,EQUITY,SAKUMA|INE190H01016|1
SALASAR,INE170V01019,2017-08-08,2022-06-27,1148,3111,4317,59,SALASAR|INE170V01019|1,EQUITY,SALASAR|INE170V01019|1
SALASAR,INE170V01027,2022-06-28,2026-09-30,1051,4318,5368,0,SALASAR|INE170V01027|1,EQUITY,SALASAR|INE170V01019|1
SALONA,INE498E01010,2016-06-16,2026-09-30,2426,2828,5368,56,SALONA|INE498E01010|1,EQUITY,SALONACOT|INE498E01010|1
SALONACOT,,2010-08-09,2010-11-22,55,1382,1455,7,SALONACOT|NOISIN|1,UNKNOWN_NO_ISIN,SALONACOT|NOISIN|1
SALONACOT,,2011-03-10,2011-06-21,47,1530,1600,4,SALONACOT|NOISIN|2,UNKNOWN_NO_ISIN,SALONACOT|INE498E01010|1
SALONACOT,INE498E01010,2011-06-22,2015-01-29,343,1601,2488,116,SALONACOT|INE498E01010|1,EQUITY,SALONACOT|INE498E01010|1
SALORAINTL,,2005-04-08,2010-08-19,1318,66,1390,2,SALORAINTL|NOISIN|1,UNKNOWN_NO_ISIN,SALORAINTL|NOISIN|1
SALORAINTL,,2010-12-03,2011-06-21,126,1464,1600,2,SALORAINTL|NOISIN|2,UNKNOWN_NO_ISIN,SALORAINTL|INE924A01013|1
SALORAINTL,INE924A01013,2011-06-22,2019-04-16,1362,1601,3529,95,SALORAINTL|INE924A01013|1,EQUITY,SALORAINTL|INE924A01013|1
SALSTEEL,,2005-01-03,2006-06-29,354,0,369,16,SALSTEEL|NOISIN|1,UNKNOWN_NO_ISIN,SALSTEEL|NOISIN|1
SALSTEEL,,2006-08-28,2007-05-17,177,410,586,0,SALSTEEL|NOISIN|2,UNKNOWN_NO_ISIN,SALSTEEL|NOISIN|2
SALSTEEL,,2007-08-31,2009-06-11,434,661,1095,1,SALSTEEL|NOISIN|3,UNKNOWN_NO_ISIN,SALSTEEL|NOISIN|3
SALSTEEL,,2009-08-21,2010-01-07,91,1146,1236,0,SALSTEEL|NOISIN|4,UNKNOWN_NO_ISIN,SALSTEEL|NOISIN|4
SALSTEEL,,2010-02-19,2011-06-21,336,1265,1600,0,SALSTEEL|NOISIN|5,UNKNOWN_NO_ISIN,SALSTEEL|INE658G01014|1
SALSTEEL,INE658G01014,2011-06-22,2026-09-30,2724,1601,5368,162,SALSTEEL|INE658G01014|1,EQUITY,SALSTEEL|INE658G01014|1
SALZERELEC,INE457F01013,2015-12-02,2026-09-30,2674,2695,5368,0,SALZERELEC|INE457F01013|1,EQUITY,SALZERELEC|INE457F01013|1
SAMBANDAM,,2010-08-09,2011-06-21,204,1382,1600,2,SAMBANDAM|NOISIN|1,UNKNOWN_NO_ISIN,SAMBANDAM|INE304D01012|1
SAMBANDAM,INE304D01012,2011-06-22,2026-09-30,608,1601,5368,2850,SAMBANDAM|INE304D01012|1,EQUITY,SAMBANDAM|INE304D01012|1
SAMBHAAV,,2005-10-18,2005-11-10,14,198,213,1,SAMBHAAV|NOISIN|1,UNKNOWN_NO_ISIN,PERLENGINF|NOISIN|2
SAMBHAAV,,2006-08-28,2008-01-10,262,410,752,6,SAMBHAAV|NOISIN|2,UNKNOWN_NO_ISIN,SAMBHAAV|NOISIN|2
SAMBHAAV,,2008-02-29,2009-09-17,328,788,1165,5,SAMBHAAV|NOISIN|3,UNKNOWN_NO_ISIN,SAMBHAAV|NOISIN|3
SAMBHAAV,,2009-11-20,2011-06-21,356,1205,1600,20,SAMBHAAV|NOISIN|4,UNKNOWN_NO_ISIN,SAMBHAAV|INE699B01027|1
SAMBHAAV,INE699B01027,2011-06-22,2026-09-30,2475,1601,5368,100,SAMBHAAV|INE699B01027|1,EQUITY,SAMBHAAV|INE699B01027|1
SAMBHV,INE12NJ01018,2025-07-02,2026-09-30,309,5060,5368,0,SAMBHV|INE12NJ01018|1,EQUITY,SAMBHV|INE12NJ01018|1
SAMHI,INE08U801020,2023-09-22,2026-09-30,744,4625,5368,0,SAMHI|INE08U801020|1,EQUITY,SAMHI|INE08U801020|1
SAMINDUS,INE653D01012,2012-08-28,2014-12-09,65,1894,2453,282,SAMINDUS|INE653D01012|1,EQUITY,SAMINDUS|INE653D01012|1
SAMMAANCAP,INE148I01020,2024-07-26,2026-09-30,540,4829,5368,0,SAMMAANCAP|INE148I01020|1,EQUITY,IBULHSGFIN|INE148I01020|1
SAMPANN,INE735M01018,2023-10-30,2026-09-30,494,4649,5368,88,SAMPANN|INE735M01018|1,EQUITY,SAMPANN|INE735M01018|1
SAMRUDDHI,,2010-06-29,2010-08-23,40,1353,1392,0,SAMRUDDHI|NOISIN|1,UNKNOWN_NO_ISIN,SAMRUDDHI|NOISIN|1
SAMTEL,,2005-01-03,2007-04-19,569,0,568,0,SAMTEL|NOISIN|1,UNKNOWN_NO_ISIN,SAMTEL|NOISIN|1
SAMTEL,,2007-06-08,2007-07-12,25,602,626,0,SAMTEL|NOISIN|2,UNKNOWN_NO_ISIN,SAMTEL|NOISIN|2
SAMTEL,,2007-08-31,2007-09-20,15,661,675,0,SAMTEL|NOISIN|3,UNKNOWN_NO_ISIN,SAMTEL|NOISIN|3
SAMTEL,,2007-12-03,2007-12-28,18,726,743,0,SAMTEL|NOISIN|4,UNKNOWN_NO_ISIN,SAMTEL|NOISIN|4
SAMTEL,,2008-02-29,2008-08-07,89,788,895,19,SAMTEL|NOISIN|5,UNKNOWN_NO_ISIN,SAMTEL|NOISIN|5
SAMTEL,,2008-12-01,2009-04-02,82,970,1051,0,SAMTEL|NOISIN|6,UNKNOWN_NO_ISIN,SAMTEL|NOISIN|6
SAMTEL,,2009-08-21,2010-11-22,310,1146,1455,0,SAMTEL|NOISIN|7,UNKNOWN_NO_ISIN,SAMTEL|NOISIN|7
SAMTEL,INE381A01016,2012-06-18,2017-11-21,619,1845,3182,145,SAMTEL|INE381A01016|1,EQUITY,SAMTEL|INE381A01016|1
SANATHAN,INE0JPD01013,2024-12-27,2026-09-30,435,4934,5368,0,SANATHAN|INE0JPD01013|1,EQUITY,SANATHAN|INE0JPD01013|1
SANCO,INE782L01012,2016-11-22,2022-10-04,1315,2933,4385,56,SANCO|INE782L01012|1,EQUITY,SANCO|INE782L01012|1
SANDESH,,2005-01-03,2005-12-01,228,0,227,0,SANDESH|NOISIN|1,UNKNOWN_NO_ISIN,SANDESH|NOISIN|1
SANDESH,,2006-06-12,2011-06-21,1220,356,1600,2,SANDESH|NOISIN|2,UNKNOWN_NO_ISIN,SANDESH|INE583B01015|1
SANDESH,INE583B01015,2011-06-22,2026-09-30,3655,1601,5368,16,SANDESH|INE583B01015|1,EQUITY,SANDESH|INE583B01015|1
SANDHAR,INE278H01035,2018-04-02,2026-09-30,2099,3270,5368,0,SANDHAR|INE278H01035|1,EQUITY,SANDHAR|INE278H01035|1
SANDUMA,INE149K01016,2023-09-07,2026-09-30,754,4615,5368,0,SANDUMA|INE149K01016|1,EQUITY,SANDUMA|INE149K01016|1
SANGAMIND,,2005-01-03,2009-04-17,1059,0,1058,0,SANGAMIND|NOISIN|1,UNKNOWN_NO_ISIN,SANGAMIND|NOISIN|1
SANGAMIND,,2009-08-21,2009-12-24,84,1146,1229,0,SANGAMIND|NOISIN|2,UNKNOWN_NO_ISIN,SANGAMIND|NOISIN|2
SANGAMIND,,2010-02-19,2011-06-21,336,1265,1600,0,SANGAMIND|NOISIN|3,UNKNOWN_NO_ISIN,SANGAMIND|INE495C01010|1
SANGAMIND,INE495C01010,2011-06-22,2026-09-30,3624,1601,5368,85,SANGAMIND|INE495C01010|1,EQUITY,SANGAMIND|INE495C01010|1
SANGHIIND,,2006-06-23,2011-06-21,1234,365,1600,1,SANGHIIND|NOISIN|1,UNKNOWN_NO_ISIN,SANGHIIND|INE999B01013|1
SANGHIIND,INE999B01013,2011-06-22,2026-04-02,3231,1601,5245,183,SANGHIIND|INE999B01013|1,EQUITY,SANGHIIND|INE999B01013|1
SANGHIPOLY,,2006-06-23,2007-12-13,370,365,734,0,SANGHIPOLY|NOISIN|1,UNKNOWN_NO_ISIN,SANGHIPOLY|NOISIN|1
SANGHIPOLY,,2008-02-29,2009-04-17,271,788,1058,0,SANGHIPOLY|NOISIN|2,UNKNOWN_NO_ISIN,SANGHIPOLY|NOISIN|2
SANGHIPOLY,,2009-06-12,2009-12-24,134,1096,1229,0,SANGHIPOLY|NOISIN|3,UNKNOWN_NO_ISIN,SANGHIPOLY|NOISIN|3
SANGHIPOLY,,2010-02-19,2011-04-18,271,1265,1555,20,SANGHIPOLY|NOISIN|4,UNKNOWN_NO_ISIN,SANGHIPOLY|NOISIN|4
SANGHIPOLY,,2011-06-17,2011-06-21,3,1598,1600,0,SANGHIPOLY|NOISIN|5,UNKNOWN_NO_ISIN,SANGHIPOLY|INE146A01013|1
SANGHIPOLY,INE146A01013,2011-06-22,2011-11-02,91,1601,1691,0,SANGHIPOLY|INE146A01013|1,EQUITY,SANGHIPOLY|INE146A01013|1
SANGHVIFOR,,2011-05-23,2011-06-21,22,1579,1600,0,SANGHVIFOR|NOISIN|1,UNKNOWN_NO_ISIN,SANGHVIFOR|INE263L01013|1
SANGHVIFOR,INE263L01013,2011-06-22,2021-04-30,1962,1601,4029,105,SANGHVIFOR|INE263L01013|1,EQUITY,SANGHVIFOR|INE263L01013|1
SANGHVIMOV,,2007-01-24,2011-06-21,1089,512,1600,0,SANGHVIMOV|NOISIN|1,UNKNOWN_NO_ISIN,SANGHVIMOV|INE989A01024|1
SANGHVIMOV,INE989A01024,2011-06-22,2024-09-26,3185,1601,4872,87,SANGHVIMOV|INE989A01024|1,EQUITY,SANGHVIMOV|INE989A01024|1
SANGHVIMOV,INE989A01032,2024-09-27,2026-09-30,496,4873,5368,0,SANGHVIMOV|INE989A01032|1,EQUITY,SANGHVIMOV|INE989A01024|1
SANGINITA,INE753W01010,2019-07-15,2026-02-25,1377,3588,5222,97,SANGINITA|INE753W01010|1,EQUITY,SANGINITA|INE753W01010|1
SANOFI,INE058A01010,2012-07-11,2026-09-30,3497,1862,5368,10,SANOFI|INE058A01010|1,EQUITY,AVENTIS|INE058A01010|1
SANOFICONR,INE0UOS01011,2024-09-27,2026-09-30,496,4873,5368,0,SANOFICONR|INE0UOS01011|1,EQUITY,SANOFICONR|INE0UOS01011|1
SANSERA,INE953O01021,2021-09-24,2026-09-30,1239,4130,5368,0,SANSERA|INE953O01021|1,EQUITY,SANSERA|INE953O01021|1
SANSTAR,INE08NE01025,2024-07-26,2026-09-30,540,4829,5368,0,SANSTAR|INE08NE01025|1,EQUITY,SANSTAR|INE08NE01025|1
SANWARIA,,2006-03-27,2007-01-11,199,305,503,0,SANWARIA|NOISIN|1,UNKNOWN_NO_ISIN,SANWARIA|NOISIN|1
SANWARIA,,2007-03-02,2011-06-21,1054,536,1600,2,SANWARIA|NOISIN|2,UNKNOWN_NO_ISIN,SANWARIA|INE890C01046|1
SANWARIA,INE890C01046,2011-06-22,2020-09-11,2134,1601,3874,81,SANWARIA|INE890C01046|1,EQUITY,SANWARIA|INE890C01046|1
SAPL,,2007-07-23,2010-07-14,731,633,1364,1,SAPL|NOISIN|1,UNKNOWN_NO_ISIN,SAPL|NOISIN|1
SAPPHIRE,INE806T01012,2021-11-18,2024-09-04,690,4167,4856,0,SAPPHIRE|INE806T01012|1,EQUITY,SAPPHIRE|INE806T01012|1
SAPPHIRE,INE806T01020,2024-09-05,2026-09-30,512,4857,5368,0,SAPPHIRE|INE806T01020|1,EQUITY,SAPPHIRE|INE806T01012|1
SAPPL,INE185C01017,2026-04-21,2026-09-30,113,5256,5368,0,SAPPL|INE185C01017|1,EQUITY,SAPPL|INE185C01017|1
SARDAEN,,2009-12-03,2011-06-21,387,1214,1600,0,SARDAEN|NOISIN|1,UNKNOWN_NO_ISIN,SARDAEN|INE385C01013|1
SARDAEN,INE385C01013,2011-06-22,2023-08-03,2929,1601,4591,62,SARDAEN|INE385C01013|1,EQUITY,SARDAEN|INE385C01013|1
SARDAEN,INE385C01021,2023-08-04,2026-09-30,777,4592,5368,0,SARDAEN|INE385C01021|1,EQUITY,SARDAEN|INE385C01013|1
SAREGAMA,,2005-01-03,2006-02-16,280,0,279,0,SAREGAMA|NOISIN|1,UNKNOWN_NO_ISIN,SAREGAMA|NOISIN|1
SAREGAMA,,2006-06-12,2007-09-20,320,356,675,0,SAREGAMA|NOISIN|2,UNKNOWN_NO_ISIN,SAREGAMA|NOISIN|2
SAREGAMA,,2007-12-03,2009-06-11,370,726,1095,0,SAREGAMA|NOISIN|3,UNKNOWN_NO_ISIN,SAREGAMA|NOISIN|3
SAREGAMA,,2009-08-21,2009-11-26,64,1146,1209,0,SAREGAMA|NOISIN|4,UNKNOWN_NO_ISIN,SAREGAMA|NOISIN|4
SAREGAMA,,2010-02-19,2010-09-02,136,1265,1400,0,SAREGAMA|NOISIN|5,UNKNOWN_NO_ISIN,SAREGAMA|NOISIN|5
SAREGAMA,,2010-12-03,2011-06-21,137,1464,1600,0,SAREGAMA|NOISIN|6,UNKNOWN_NO_ISIN,SAREGAMA|INE979A01017|1
SAREGAMA,INE979A01017,2011-06-22,2022-04-26,2441,1601,4274,122,SAREGAMA|INE979A01017|1,EQUITY,SAREGAMA|INE979A01017|1
SAREGAMA,INE979A01025,2022-04-27,2026-09-30,1084,4275,5368,10,SAREGAMA|INE979A01025|1,EQUITY,SAREGAMA|INE979A01017|1
SARLAPOLY,,2007-01-19,2011-06-21,1007,509,1600,4,SARLAPOLY|NOISIN|1,UNKNOWN_NO_ISIN,SARLAPOLY|NOISIN|1
SARLAPOLY,INE453D01017,2011-06-23,2015-10-29,774,1602,2673,27,SARLAPOLY|INE453D01017|1,EQUITY,SARLAPOLY|INE453D01017|1
SARLAPOLY,INE453D01025,2015-10-30,2026-09-30,2508,2674,5368,65,SARLAPOLY|INE453D01025|1,EQUITY,SARLAPOLY|INE453D01017|1
SARTHAKIND,INE074H01012,2011-12-19,2012-09-05,62,1721,1900,47,SARTHAKIND|INE074H01012|1,EQUITY,SARTHAKIND|INE074H01012|1
SARVESHWAR,INE324X01018,2022-12-08,2023-08-07,165,4429,4593,0,SARVESHWAR|INE324X01018|1,EQUITY,SARVESHWAR|INE324X01018|1
SARVESHWAR,INE324X01026,2024-01-01,2026-09-30,555,4691,5368,63,SARVESHWAR|INE324X01026|1,EQUITY,SARVESHWAR|INE324X01026|1
SASKEN,,2005-09-09,2011-06-21,1429,172,1600,0,SASKEN|NOISIN|1,UNKNOWN_NO_ISIN,SASKEN|INE231F01020|1
SASKEN,INE231F01020,2011-06-22,2026-09-30,3768,1601,5368,0,SASKEN|INE231F01020|1,EQUITY,SASKEN|INE231F01020|1
SASTASUNDR,INE019J01013,2016-11-22,2026-04-29,2106,2933,5262,72,SASTASUNDR|INE019J01013|1,EQUITY,HEALTHX|INE019J01013|1
SATHAISPAT,,2006-12-27,2011-06-21,1107,493,1600,1,SATHAISPAT|NOISIN|1,UNKNOWN_NO_ISIN,SATHAISPAT|INE176C01016|1
SATHAISPAT,INE176C01016,2011-06-22,2020-05-18,1919,1601,3791,123,SATHAISPAT|INE176C01016|1,EQUITY,SATHAISPAT|INE176C01016|1
SATIA,INE170E01015,2019-07-17,2019-10-15,59,3590,3648,0,SATIA|INE170E01015|1,EQUITY,SATIA|INE170E01015|1
SATIA,INE170E01023,2019-10-16,2026-09-30,1720,3649,5368,0,SATIA|INE170E01023|1,EQUITY,SATIA|INE170E01015|1
SATIN,INE836B01017,2015-09-10,2026-09-30,2670,2642,5368,57,SATIN|INE836B01017|1,EQUITY,SATIN|INE836B01017|1
SATINDLTD,INE065D01027,2022-11-21,2025-06-24,639,4416,5054,0,SATINDLTD|INE065D01027|1,EQUITY,AEROENTER|INE065D01027|1
SATNAMOVER,,2005-01-03,2006-08-17,404,0,403,0,SATNAMOVER|NOISIN|1,UNKNOWN_NO_ISIN,KOHINOOR|NOISIN|1
SATYAMCOMP,,2005-01-03,2011-06-21,1601,0,1600,0,SATYAMCOMP|NOISIN|1,UNKNOWN_NO_ISIN,SATYAMCOMP|INE275A01028|1
SATYAMCOMP,INE275A01028,2011-06-22,2013-07-03,504,1601,2104,0,SATYAMCOMP|INE275A01028|1,EQUITY,SATYAMCOMP|INE275A01028|1
SAURASHCEM,INE626A01014,2024-02-27,2026-09-30,639,4730,5368,0,SAURASHCEM|INE626A01014|1,EQUITY,SAURASHCEM|INE626A01014|1
SAVERA,,2010-06-30,2011-06-21,247,1354,1600,0,SAVERA|NOISIN|1,UNKNOWN_NO_ISIN,SAVERA|INE104E01014|1
SAVERA,INE104E01014,2011-06-22,2015-01-29,828,1601,2488,5,SAVERA|INE104E01014|1,EQUITY,SAVERA|INE104E01014|1
SAVITACHEM,,2005-01-03,2009-08-21,1146,0,1146,1,SAVITACHEM|NOISIN|1,UNKNOWN_NO_ISIN,SAVITACHEM|NOISIN|1
SAWPIPES,,2005-01-03,2005-02-17,32,0,31,0,SAWPIPES|NOISIN|1,UNKNOWN_NO_ISIN,JINDALSAW|INE324A01024|1
SAYAJIHOTL,INE318C01014,2012-08-28,2026-09-29,237,1894,5367,3023,SAYAJIHOTL|INE318C01014|1,EQUITY,SAYAJIHOTL|INE318C01014|1
SAYAJIIND,INE327G01032,2026-08-17,2026-09-30,32,5337,5368,0,SAYAJIIND|INE327G01032|1,EQUITY,SAYAJIIND|INE327G01032|1
SB&TINTL,,2005-01-03,2005-08-19,159,0,158,0,SB&TINTL|NOISIN|1,UNKNOWN_NO_ISIN,SB&TINTL|NOISIN|1
SB&TINTL,,2006-06-12,2006-06-29,14,356,369,0,SB&TINTL|NOISIN|2,UNKNOWN_NO_ISIN,SB&TINTL|NOISIN|2
SB&TINTL,,2006-08-28,2007-12-13,325,410,734,0,SB&TINTL|NOISIN|3,UNKNOWN_NO_ISIN,SB&TINTL|NOISIN|3
SB&TINTL,,2008-02-29,2009-09-03,367,788,1155,1,SB&TINTL|NOISIN|4,UNKNOWN_NO_ISIN,SB&TINTL|NOISIN|4
SB&TINTL,,2009-11-20,2011-03-17,313,1205,1535,18,SB&TINTL|NOISIN|5,UNKNOWN_NO_ISIN,SB&TINTL|NOISIN|5
SB&TINTL,INE465B01015,2011-09-06,2012-10-19,279,1652,1930,0,SB&TINTL|INE465B01015|1,EQUITY,SB&TINTL|INE465B01015|1
SBBJ,,2009-07-21,2011-06-21,478,1123,1600,0,SBBJ|NOISIN|1,UNKNOWN_NO_ISIN,SBBJ|INE648A01026|1
SBBJ,INE648A01026,2011-06-22,2017-03-15,1411,1601,3011,0,SBBJ|INE648A01026|1,EQUITY,SBBJ|INE648A01026|1
SBC,INE04AK01010,2021-11-23,2022-01-12,37,4169,4205,0,SBC|INE04AK01010|1,EQUITY,SBC|INE04AK01010|1
SBC,INE04AK01028,2022-03-29,2026-09-30,986,4256,5368,75,SBC|INE04AK01028|1,EQUITY,SBC|INE04AK01028|1
SBCL,INE386D01027,2021-06-24,2026-09-30,1302,4067,5368,0,SBCL|INE386D01027|1,EQUITY,SBCL|INE386D01027|1
SBFC,INE423Y01016,2023-08-16,2026-09-30,770,4599,5368,0,SBFC|INE423Y01016|1,EQUITY,SBFC|INE423Y01016|1
SBGLP,INE05ST01010,2023-02-10,2024-04-16,288,4474,4761,0,SBGLP|INE05ST01010|1,EQUITY,SBGLP|INE05ST01010|1
SBGLP,INE05ST01028,2024-04-18,2026-09-30,500,4762,5368,107,SBGLP|INE05ST01028|1,EQUITY,SBGLP|INE05ST01010|1
SBIBPB,INF200KB1712,2025-03-27,2026-09-30,373,4996,5368,0,SBIBPB|INF200KB1712|1,FUND_UNIT,SBIBPB|INF200KB1712|1
SBICARD,INE018E01016,2020-03-16,2026-09-30,1618,3751,5368,0,SBICARD|INE018E01016|1,EQUITY,SBICARD|INE018E01016|1
SBIETFCON,INF200KA1X17,2021-07-29,2026-09-30,1278,4091,5368,0,SBIETFCON|INF200KA1X17|1,FUND_UNIT,SBIETFCON|INF200KA1X17|1
SBIETFIT,INF200KA1S14,2020-10-22,2026-09-30,1467,3902,5368,0,SBIETFIT|INF200KA1S14|1,FUND_UNIT,SBIETFIT|INF200KA1S14|1
SBIETFPB,INF200KA1S22,2020-10-22,2026-09-30,1467,3902,5368,0,SBIETFPB|INF200KA1S22|1,FUND_UNIT,SBIETFPB|INF200KA1S22|1
SBIETFQLTY,INF200KA1WX6,2018-12-17,2026-09-30,1923,3446,5368,0,SBIETFQLTY|INF200KA1WX6|1,FUND_UNIT,SBIETFQLTY|INF200KA1WX6|1
SBIFUNDS,INE640G01020,2026-07-21,2026-09-30,51,5318,5368,0,SBIFUNDS|INE640G01020|1,EQUITY,SBIFUNDS|INE640G01020|1
SBIGETS,,2009-05-28,2011-06-21,516,1085,1600,0,SBIGETS|NOISIN|1,UNKNOWN_NO_ISIN,SBIGETS|INF200K01099|1
SBIGETS,INF200K01099,2011-06-22,2015-11-23,1089,1601,2689,0,SBIGETS|INF200K01099|1,FUND_UNIT,SBIGETS|INF200K01099|1
SBIHOMEFIN,,2005-01-03,2005-04-07,66,0,65,0,SBIHOMEFIN|NOISIN|1,UNKNOWN_NO_ISIN,SBIHOMEFIN|NOISIN|1
SBIHOMEFIN,,2005-07-08,2005-07-21,10,130,139,0,SBIHOMEFIN|NOISIN|2,UNKNOWN_NO_ISIN,SBIHOMEFIN|NOISIN|2
SBILIFE,INE123W01016,2017-10-03,2026-09-30,2221,3148,5368,0,SBILIFE|INE123W01016|1,EQUITY,SBILIFE|INE123W01016|1
SBILIQETF,INF200KB1969,2025-08-13,2026-09-30,277,5090,5368,1,SBILIQETF|INF200KB1969|1,FUND_UNIT,SBILIQETF|INF200KB1969|1
SBIMIDMOM,INF200KB1AJ0,2026-03-06,2026-09-30,141,5228,5368,0,SBIMIDMOM|INF200KB1AJ0|1,FUND_UNIT,SBIMIDMOM|INF200KB1AJ0|1
SBIN,,2005-01-03,2011-06-21,1601,0,1600,0,SBIN|NOISIN|1,UNKNOWN_NO_ISIN,SBIN|INE062A01012|1
SBIN,INE062A01012,2011-06-22,2014-11-20,840,1601,2440,0,SBIN|INE062A01012|1,EQUITY,SBIN|INE062A01012|1
SBIN,INE062A01020,2014-11-21,2026-09-30,2928,2441,5368,0,SBIN|INE062A01020|1,EQUITY,SBIN|INE062A01012|1
SBINEQWETF,INF200KB1282,2024-07-23,2026-09-30,543,4826,5368,0,SBINEQWETF|INF200KB1282|1,FUND_UNIT,SBINEQWETF|INF200KB1282|1
SBINMID150,INF200KB1AK8,2026-04-06,2026-09-30,123,5246,5368,0,SBINMID150|INF200KB1AK8|1,FUND_UNIT,SBINMID150|INF200KB1AK8|1
SBISILVER,INF200KB1217,2024-07-08,2026-09-30,553,4816,5368,0,SBISILVER|INF200KB1217|1,FUND_UNIT,SBISILVER|INF200KB1217|1
SBISMLETF,INF200KB1AY9,2026-05-25,2026-09-30,90,5279,5368,0,SBISMLETF|INF200KB1AY9|1,FUND_UNIT,SBISMLETF|INF200KB1AY9|1
SBIVALETF,INF200KB1AX1,2026-05-25,2026-09-30,90,5279,5368,0,SBIVALETF|INF200KB1AX1|1,FUND_UNIT,SBIVALETF|INF200KB1AX1|1
SBT,,2009-09-16,2011-06-21,437,1164,1600,0,SBT|NOISIN|1,UNKNOWN_NO_ISIN,SBT|INE654A01024|1
SBT,INE654A01024,2011-06-22,2017-03-15,1411,1601,3011,0,SBT|INE654A01024|1,EQUITY,SBT|INE654A01024|1
SCANDENT,,2005-03-09,2006-07-14,336,45,380,0,SCANDENT|NOISIN|1,UNKNOWN_NO_ISIN,CAMBRIDGE|NOISIN|1
SCANSTL,INE099G01011,2026-04-20,2026-07-31,72,5255,5326,0,SCANSTL|INE099G01011|1,EQUITY,SCANSTL|INE099G01011|1
SCAPDVR,INE224E01036,2017-10-10,2023-06-06,909,3153,4550,102,SCAPDVR|INE224E01036|1,EQUITY,GATECHDVR|INE224E01036|1
SCHAEFFLER,INE513A01014,2017-08-01,2022-02-08,1118,3106,4223,0,SCHAEFFLER|INE513A01014|1,EQUITY,FAGBEARING|INE513A01014|1
SCHAEFFLER,INE513A01022,2022-02-09,2026-09-30,1145,4224,5368,0,SCHAEFFLER|INE513A01022|1,EQUITY,FAGBEARING|INE513A01014|1
SCHAND,INE807K01035,2017-05-09,2026-09-30,2172,3047,5368,72,SCHAND|INE807K01035|1,EQUITY,SCHAND|INE807K01035|1
SCHENHERD,,2006-04-04,2006-04-07,3,311,313,0,SCHENHERD|NOISIN|1,UNKNOWN_NO_ISIN,HERDILCHEM|NOISIN|1
SCHENHERD,,2006-06-12,2006-11-27,117,356,472,0,SCHENHERD|NOISIN|2,UNKNOWN_NO_ISIN,SCHENHERD|NOISIN|2
SCHNEIDER,INE839M01018,2012-04-03,2026-09-30,3392,1794,5368,60,SCHNEIDER|INE839M01018|1,EQUITY,SCHNEIDER|INE839M01018|1
SCI,,2005-01-03,2011-06-21,1601,0,1600,0,SCI|NOISIN|1,UNKNOWN_NO_ISIN,SCI|INE109A01011|1
SCI,INE109A01011,2011-06-22,2026-09-30,3758,1601,5368,10,SCI|INE109A01011|1,EQUITY,SCI|INE109A01011|1
SCILAL,INE0PB301013,2024-04-04,2026-09-30,615,4754,5368,0,SCILAL|INE0PB301013|1,EQUITY,SCILAL|INE0PB301013|1
SCODATUBES,INE090501011,2025-06-18,2026-09-30,319,5050,5368,0,SCODATUBES|INE090501011|1,EQUITY,SCODATUBES|INE090501011|1
SCPL,INE501Y01019,2022-11-22,2026-08-21,712,4417,5341,83,SCPL|INE501Y01019|1,EQUITY,SCPL|INE501Y01019|1
SDBL,INE480C01012,2014-04-01,2020-10-15,1354,2288,3897,256,SDBL|INE480C01012|1,EQUITY,SDBL|INE480C01012|1
SDBL,INE480C01020,2020-10-16,2024-05-23,798,3898,4785,57,SDBL|INE480C01020|1,EQUITY,SDBL|INE480C01012|1
SDBL,INE480C01038,2024-05-24,2026-09-30,583,4786,5368,0,SDBL|INE480C01038|1,EQUITY,SDBL|INE480C01012|1
SDL24BEES,INF204KB18W4,2022-05-10,2024-09-25,585,4283,4871,1,SDL24BEES|INF204KB18W4|1,FUND_UNIT,NCPSESDL24|INF204KB18W4|1
SDL26BEES,INF204KC1022,2022-05-10,2026-04-27,973,4283,5260,1,SDL26BEES|INF204KC1022|1,FUND_UNIT,NETFSDL26|INF204KC1022|1
SEAMECLTD,,2005-01-03,2009-08-20,1146,0,1145,0,SEAMECLTD|NOISIN|1,UNKNOWN_NO_ISIN,SEAMECLTD|NOISIN|1
SEAMECLTD,,2009-11-20,2011-04-18,351,1205,1555,0,SEAMECLTD|NOISIN|2,UNKNOWN_NO_ISIN,SEAMECLTD|NOISIN|2
SEAMECLTD,,2011-06-17,2011-06-21,3,1598,1600,0,SEAMECLTD|NOISIN|3,UNKNOWN_NO_ISIN,SEAMECLTD|INE497B01018|1
SEAMECLTD,INE497B01018,2011-06-22,2026-09-30,3545,1601,5368,72,SEAMECLTD|INE497B01018|1,EQUITY,SEAMECLTD|INE497B01018|1
SEARLEIND,,2005-01-03,2005-05-26,100,0,99,0,SEARLEIND|NOISIN|1,UNKNOWN_NO_ISIN,SEARLEIND|NOISIN|1
SEARLEIND,,2005-07-08,2005-07-14,5,130,134,0,SEARLEIND|NOISIN|2,UNKNOWN_NO_ISIN,SEARLEIND|NOISIN|2
SEARLEIND,,2006-02-17,2006-12-04,198,280,477,0,SEARLEIND|NOISIN|3,UNKNOWN_NO_ISIN,BRABOURNE|NOISIN|1
SECLEDBETA,INF789F1AH42,2026-09-18,2026-09-30,9,5360,5368,0,SECLEDBETA|INF789F1AH42|1,FUND_UNIT,SECLEDBETA|INF789F1AH42|1
SECMARK,INE0BTM01013,2023-10-16,2026-09-30,513,4640,5368,74,SECMARK|INE0BTM01013|1,EQUITY,SECMARK|INE0BTM01013|1
SECURCRED,INE195Y01010,2022-10-17,2024-06-21,406,4393,4805,7,SECURCRED|INE195Y01010|1,EQUITY,SECURCRED|INE195Y01010|1
SECURKLOUD,INE650K01021,2021-02-02,2026-09-30,1080,3971,5368,110,SECURKLOUD|INE650K01021|1,EQUITY,8KMILES|INE650K01013|1
SEDEMAC,INE00XB01019,2026-03-11,2026-09-30,138,5231,5368,0,SEDEMAC|INE00XB01019|1,EQUITY,SEDEMAC|INE00XB01019|1
SEIL,INE440T01028,2026-04-20,2026-09-30,114,5255,5368,0,SEIL|INE440T01028|1,EQUITY,SEIL|INE440T01028|1
SEINV,INE420C01042,2011-10-17,2018-01-23,1534,1680,3226,9,SEINV|INE420C01042|1,EQUITY,PAISALO|INE420C01042|1
SEINVEST,,2009-06-16,2011-06-21,503,1098,1600,0,SEINVEST|NOISIN|1,UNKNOWN_NO_ISIN,SEINVEST|INE420C01034|1
SEINVEST,INE420C01034,2011-06-22,2011-10-03,71,1601,1671,0,SEINVEST|INE420C01034|1,EQUITY,SEINVEST|INE420C01034|1
SEJALGLASS,,2008-07-01,2009-10-05,306,868,1174,1,SEJALGLASS|NOISIN|1,UNKNOWN_NO_ISIN,SEJALGLASS|NOISIN|1
SEJALGLASS,,2009-11-20,2010-04-01,88,1205,1292,0,SEJALGLASS|NOISIN|2,UNKNOWN_NO_ISIN,SEJALGLASS|NOISIN|2
SEJALGLASS,,2010-06-11,2010-07-13,23,1341,1363,0,SEJALGLASS|NOISIN|3,UNKNOWN_NO_ISIN,SEJALGLASS|NOISIN|3
SEJALLTD,INE955I01044,2022-04-05,2026-09-30,239,4261,5368,601,SEJALLTD|INE955I01044|1,EQUITY,SEJALLTD|INE955I01044|1
SEKURITIND,INE068B01017,2026-08-17,2026-09-30,32,5337,5368,0,SEKURITIND|INE068B01017|1,EQUITY,SEKURITIND|INE068B01017|1
SELAN,,2006-09-26,2008-08-21,474,431,904,0,SELAN|NOISIN|1,UNKNOWN_NO_ISIN,SELAN|NOISIN|1
SELAN,,2008-12-01,2011-06-21,631,970,1600,0,SELAN|NOISIN|2,UNKNOWN_NO_ISIN,ANTELOPUS|INE818A01017|1
SELAN,INE818A01017,2011-06-22,2025-09-19,3456,1601,5115,59,SELAN|INE818A01017|1,EQUITY,ANTELOPUS|INE818A01017|1
SELECTIPO,INF769K01ON4,2025-03-17,2026-09-30,381,4988,5368,0,SELECTIPO|INF769K01ON4|1,FUND_UNIT,SELECTIPO|INF769K01ON4|1
SELMC,INE105I01020,2021-11-12,2026-09-09,499,4163,5354,323,SELMC|INE105I01020|1,EQUITY,SELMC|INE105I01020|1
SELMCL,,2007-08-21,2011-06-21,948,653,1600,0,SELMCL|NOISIN|1,UNKNOWN_NO_ISIN,SELMCL|INE105I01012|1
SELMCL,INE105I01012,2011-06-22,2020-03-26,2026,1601,3759,59,SELMCL|INE105I01012|1,EQUITY,SELMCL|INE105I01012|1
SEMAC,INE617A01013,2024-01-15,2026-09-30,268,4701,5368,264,SEMAC|INE617A01013|1,EQUITY,REVATHI|INE617A01013|1
SENCO,INE602W01019,2023-07-14,2025-01-30,382,4577,4958,0,SENCO|INE602W01019|1,EQUITY,SENCO|INE602W01019|1
SENCO,INE602W01027,2025-01-31,2026-09-30,410,4959,5368,0,SENCO|INE602W01027|1,EQUITY,SENCO|INE602W01019|1
SENORES,INE0RB801010,2024-12-30,2026-09-30,434,4935,5368,0,SENORES|INE0RB801010|1,EQUITY,SENORES|INE0RB801010|1
SENSEXADD,INF740KA1SZ6,2024-02-15,2026-09-30,647,4722,5368,0,SENSEXADD|INF740KA1SZ6|1,FUND_UNIT,DSPSENXETF|INF740KA1SZ6|1
SENSEXAXIS,INF846K010Q0,2026-07-03,2026-09-30,63,5306,5368,0,SENSEXAXIS|INF846K010Q0|1,FUND_UNIT,AXSENSEX|INF846K010Q0|1
SENSEXBETA,INF789FB1X58,2025-12-24,2026-09-30,189,5180,5368,0,SENSEXBETA|INF789FB1X58|1,FUND_UNIT,SENSEXBETA|INF789FB1X58|1
SENSEXETF,INF769K01KT9,2023-10-06,2026-09-30,735,4634,5368,0,SENSEXETF|INF769K01KT9|1,FUND_UNIT,SENSEXETF|INF769K01KT9|1
SENSEXIETF,INF346A01034,2023-12-20,2026-09-30,685,4684,5368,0,SENSEXIETF|INF346A01034|1,FUND_UNIT,ICICISENSX|INF346A01034|1
SENSEXIWIN,INF346A01034,2016-07-25,2018-04-09,344,2854,3275,7,SENSEXIWIN|INF346A01034|1,FUND_UNIT,ICICISENSX|INF346A01034|1
SENTINEL,,2011-02-23,2011-06-21,81,1520,1600,0,SENTINEL|NOISIN|1,UNKNOWN_NO_ISIN,SENTINEL|INE577L01016|1
SENTINEL,INE577L01016,2011-06-22,2011-11-04,93,1601,1693,0,SENTINEL|INE577L01016|1,EQUITY,SENTINEL|INE577L01016|1
SEPC,INE964H01014,2022-03-09,2026-09-30,1126,4243,5368,0,SEPC|INE964H01014|1,EQUITY,SEPC|INE964H01014|1
SEPOWER,INE735M01018,2012-08-10,2023-06-14,2130,1884,4556,89,SEPOWER|INE735M01018|1,EQUITY,SAMPANN|INE735M01018|1
SEQUENT,INE807F01027,2016-03-10,2026-01-22,2370,2763,5199,57,SEQUENT|INE807F01027|1,EQUITY,SEQUENT|INE807F01027|1
SERVALL,,2011-05-12,2011-06-21,29,1572,1600,0,SERVALL|NOISIN|1,UNKNOWN_NO_ISIN,SERVALL|INE431L01016|1
SERVALL,INE431L01016,2011-06-22,2017-08-22,1203,1601,3120,108,SERVALL|INE431L01016|1,EQUITY,SERVALL|INE431L01016|1
SERVOTECH,INE782X01017,2021-09-02,2023-02-02,247,4115,4468,57,SERVOTECH|INE782X01017|1,EQUITY,SERVOTECH|INE782X01017|1
SERVOTECH,INE782X01025,2023-02-03,2023-06-12,19,4469,4554,67,SERVOTECH|INE782X01025|1,EQUITY,SERVOTECH|INE782X01017|1
SERVOTECH,INE782X01033,2023-09-25,2026-09-30,629,4626,5368,87,SERVOTECH|INE782X01033|1,EQUITY,SERVOTECH|INE782X01033|1
SESAGOA,,2005-01-03,2011-06-21,1601,0,1600,0,SESAGOA|NOISIN|1,UNKNOWN_NO_ISIN,SESAGOA|INE205A01025|1
SESAGOA,INE205A01025,2011-06-22,2013-10-03,566,1601,2166,0,SESAGOA|INE205A01025|1,EQUITY,SESAGOA|INE205A01025|1
SESHAPAPER,,2005-01-03,2011-06-21,1589,0,1600,2,SESHAPAPER|NOISIN|1,UNKNOWN_NO_ISIN,SESHAPAPER|INE630A01016|1
SESHAPAPER,INE630A01016,2011-06-22,2019-08-19,1948,1601,3611,31,SESHAPAPER|INE630A01016|1,EQUITY,SESHAPAPER|INE630A01016|1
SESHAPAPER,INE630A01024,2019-08-20,2026-09-30,1757,3612,5368,0,SESHAPAPER|INE630A01024|1,EQUITY,SESHAPAPER|INE630A01016|1
SETCO,INE878E01021,2016-07-01,2026-04-08,1853,2839,5248,192,SETCO|INE878E01021|1,EQUITY,SETCO|INE878E01021|1
SETF10GILT,INF200KA1JT1,2016-06-23,2026-09-30,2075,2833,5368,14,SETF10GILT|INF200KA1JT1|1,FUND_UNIT,SETF10GILT|INF200KA1JT1|1
SETFBANK,INF200KA1580,2015-03-25,2015-11-23,148,2525,2689,3,SETFBANK|INF200KA1580|1,FUND_UNIT,SETFBANK|INF200KA1580|1
SETFGOLD,INF200K01099,2015-11-24,2022-01-06,1512,2690,4201,0,SETFGOLD|INF200K01099|1,FUND_UNIT,SBIGETS|INF200K01099|1
SETFGOLD,INF200KA16D8,2022-01-07,2026-09-30,1167,4202,5368,0,SETFGOLD|INF200KA16D8|1,FUND_UNIT,SETFGOLD|INF200KA16D8|1
SETFNIF50,INF200KA1FS1,2015-11-24,2026-09-30,2679,2690,5368,0,SETFNIF50|INF200KA1FS1|1,FUND_UNIT,SETFNIF50|INF200KA1FS1|1
SETFNIFBK,INF200KA1580,2015-11-24,2026-09-30,2675,2690,5368,1,SETFNIFBK|INF200KA1580|1,FUND_UNIT,SETFBANK|INF200KA1580|1
SETFNIFJR,INF200KA1598,2015-03-27,2015-11-23,106,2527,2689,17,SETFNIFJR|INF200KA1598|1,FUND_UNIT,SETFNIFJR|INF200KA1598|1
SETFNIFTY,INF200KA1FS1,2015-07-27,2015-11-23,78,2609,2689,2,SETFNIFTY|INF200KA1FS1|1,FUND_UNIT,SETFNIF50|INF200KA1FS1|1
SETFNN50,INF200KA1598,2015-11-26,2026-09-30,2654,2691,5368,2,SETFNN50|INF200KA1598|1,FUND_UNIT,SETFNIFJR|INF200KA1598|1
SETL,INE0M4D01010,2026-01-19,2026-09-30,173,5196,5368,0,SETL|INE0M4D01010|1,EQUITY,SETL|INE0M4D01010|1
SETUINFRA,INE023M01027,2019-07-30,2022-11-16,377,3599,4413,90,SETUINFRA|INE023M01027|1,EQUITY,PRAKASHCON|INE023M01019|1
SEYAIND,INE573R01012,2019-07-11,2023-05-22,646,3586,4539,308,SEYAIND|INE573R01012|1,EQUITY,SEYAIND|INE573R01012|1
SEZAL,INE955I01036,2011-11-22,2017-12-01,790,1703,3190,127,SEZAL|INE955I01036|1,EQUITY,SEZAL|INE955I01036|1
SEZALGLASS,,2010-07-14,2010-08-19,27,1364,1390,0,SEZALGLASS|NOISIN|1,UNKNOWN_NO_ISIN,SEJALGLASS|NOISIN|3
SEZALGLASS,,2010-12-03,2011-04-18,92,1464,1555,0,SEZALGLASS|NOISIN|2,UNKNOWN_NO_ISIN,SEZALGLASS|NOISIN|2
SEZALGLASS,INE955I01028,2011-09-06,2011-11-09,44,1652,1695,0,SEZALGLASS|INE955I01028|1,EQUITY,SEZALGLASS|INE955I01028|1
SFCL,INE935O01010,2013-11-07,2017-03-30,764,2189,3022,59,SFCL|INE935O01010|1,EQUITY,SFCL|INE935O01010|1
SFL,INE916U01025,2016-12-09,2026-09-30,2423,2946,5368,0,SFL|INE916U01025|1,EQUITY,SFL|INE916U01025|1
SGFIN,INE618R01015,2025-08-05,2026-09-30,285,5084,5368,0,SGFIN|INE618R01015|1,EQUITY,SGFIN|INE618R01015|1
SGFL,,2007-05-22,2007-08-30,72,589,660,0,SGFL|NOISIN|1,UNKNOWN_NO_ISIN,SGFL|NOISIN|1
SGFL,,2007-12-03,2009-05-14,328,726,1075,3,SGFL|NOISIN|2,UNKNOWN_NO_ISIN,SGFL|NOISIN|2
SGFL,,2009-11-20,2010-04-16,81,1205,1301,6,SGFL|NOISIN|3,UNKNOWN_NO_ISIN,SGFL|NOISIN|3
SGFL,,2010-06-11,2010-09-16,66,1341,1409,1,SGFL|NOISIN|4,UNKNOWN_NO_ISIN,SGFL|NOISIN|4
SGFL,,2010-12-03,2011-01-06,24,1464,1487,0,SGFL|NOISIN|5,UNKNOWN_NO_ISIN,SGFL|NOISIN|5
SGFL,,2011-03-07,2011-06-21,54,1527,1600,4,SGFL|NOISIN|6,UNKNOWN_NO_ISIN,SGFL|NOISIN|6
SGFL,INE883G01018,2011-06-23,2014-02-28,207,1602,2267,74,SGFL|INE883G01018|1,EQUITY,SGFL|INE883G01018|1
SGIL,INE00QT01015,2021-07-28,2026-09-30,1115,4090,5368,106,SGIL|INE00QT01015|1,EQUITY,SGIL|INE00QT01015|1
SGJHL,,2010-04-09,2011-06-21,304,1297,1600,0,SGJHL|NOISIN|1,UNKNOWN_NO_ISIN,SGJHL|INE553K01019|1
SGJHL,INE553K01019,2011-06-22,2016-11-21,1299,1601,2932,33,SGJHL|INE553K01019|1,EQUITY,SGJHL|INE553K01019|1
SGL,,2006-04-10,2007-03-01,222,314,535,0,SGL|NOISIN|1,UNKNOWN_NO_ISIN,SGL|NOISIN|1
SGL,,2007-06-08,2009-05-28,482,602,1085,1,SGL|NOISIN|2,UNKNOWN_NO_ISIN,SGL|NOISIN|2
SGL,,2009-08-21,2011-06-21,434,1146,1600,18,SGL|NOISIN|3,UNKNOWN_NO_ISIN,SGL|INE353H01010|1
SGL,INE353H01010,2011-06-22,2026-09-30,2679,1601,5368,147,SGL|INE353H01010|1,EQUITY,SGL|INE353H01010|1
SGLRES,INE967B01028,2026-08-17,2026-09-30,32,5337,5368,0,SGLRES|INE967B01028|1,EQUITY,SGLRES|INE967B01028|1
SGLTL,INE0M4D01010,2025-01-13,2026-01-16,193,4945,5195,58,SGLTL|INE0M4D01010|1,EQUITY,SETL|INE0M4D01010|1
SGMART,INE385F01024,2025-09-12,2026-09-30,259,5110,5368,0,SGMART|INE385F01024|1,EQUITY,SGMART|INE385F01024|1
SGRL,INE414Y01015,2026-08-17,2026-09-30,32,5337,5368,0,SGRL|INE414Y01015|1,EQUITY,SGRL|INE414Y01015|1
SHADOWFAX,INE12UN01015,2026-01-28,2026-09-30,167,5202,5368,0,SHADOWFAX|INE12UN01015|1,EQUITY,SHADOWFAX|INE12UN01015|1
SHAH,INE482J01021,2023-07-03,2026-09-30,581,4568,5368,93,SHAH|INE482J01021|1,EQUITY,GAL|INE482J01013|1
SHAHALLOYS,,2005-06-16,2007-11-29,611,114,724,0,SHAHALLOYS|NOISIN|1,UNKNOWN_NO_ISIN,SHAHALLOYS|NOISIN|1
SHAHALLOYS,,2008-02-29,2008-06-12,68,788,855,0,SHAHALLOYS|NOISIN|2,UNKNOWN_NO_ISIN,SHAHALLOYS|NOISIN|2
SHAHALLOYS,,2008-08-22,2008-12-12,73,905,978,1,SHAHALLOYS|NOISIN|3,UNKNOWN_NO_ISIN,SHAHALLOYS|NOISIN|3
SHAHALLOYS,,2009-03-02,2009-06-11,63,1030,1095,1,SHAHALLOYS|NOISIN|4,UNKNOWN_NO_ISIN,SHAHALLOYS|NOISIN|4
SHAHALLOYS,,2009-08-21,2010-01-07,90,1146,1236,1,SHAHALLOYS|NOISIN|5,UNKNOWN_NO_ISIN,SHAHALLOYS|NOISIN|5
SHAHALLOYS,,2010-02-19,2011-03-04,260,1265,1526,1,SHAHALLOYS|NOISIN|6,UNKNOWN_NO_ISIN,SHAHALLOYS|NOISIN|6
SHAHALLOYS,,2011-06-17,2011-06-21,3,1598,1600,0,SHAHALLOYS|NOISIN|7,UNKNOWN_NO_ISIN,SHAHALLOYS|INE640C01011|1
SHAHALLOYS,INE640C01011,2011-06-22,2026-09-02,2650,1601,5349,192,SHAHALLOYS|INE640C01011|1,EQUITY,SHAHALLOYS|INE640C01011|1
SHAILY,INE151G01010,2022-04-04,2023-11-22,406,4260,4665,0,SHAILY|INE151G01010|1,EQUITY,SHAILY|INE151G01010|1
SHAILY,INE151G01028,2023-11-23,2026-09-30,645,4666,5368,58,SHAILY|INE151G01028|1,EQUITY,SHAILY|INE151G01010|1
SHAKTIGAS,,2005-01-03,2005-04-19,73,0,72,0,SHAKTIGAS|NOISIN|1,UNKNOWN_NO_ISIN,SHAKTIGAS|NOISIN|1
SHAKTIPUMP,INE908D01010,2011-10-25,2026-09-30,3307,1686,5368,69,SHAKTIPUMP|INE908D01010|1,EQUITY,SHAKTIPUMP|INE908D01010|1
SHALBY,INE597J01018,2017-12-15,2026-09-30,2169,3200,5368,0,SHALBY|INE597J01018|1,EQUITY,SHALBY|INE597J01018|1
SHALPAINTS,,2008-03-03,2011-06-09,642,789,1592,10,SHALPAINTS|NOISIN|1,UNKNOWN_NO_ISIN,SHALPAINTS|NOISIN|1
SHALPAINTS,INE849C01018,2011-09-06,2012-11-22,248,1652,1952,53,SHALPAINTS|INE849C01018|1,EQUITY,SHALPAINTS|INE849C01018|1
SHALPAINTS,INE849C01026,2012-11-23,2026-08-05,3254,1953,5329,64,SHALPAINTS|INE849C01026|1,EQUITY,SHALPAINTS|INE849C01018|1
SHAMKNFAB,,2005-01-03,2005-03-29,59,0,58,0,SHAMKNFAB|NOISIN|1,UNKNOWN_NO_ISIN,SHAMKNFAB|NOISIN|1
SHANKARA,INE274V01019,2017-04-05,2026-09-30,2261,3025,5368,73,SHANKARA|INE274V01019|1,EQUITY,SHANKARA|INE274V01019|1
SHANKESH,INE1WFC01025,2026-08-25,2026-09-30,26,5343,5368,0,SHANKESH|INE1WFC01025|1,EQUITY,SHANKESH|INE1WFC01025|1
SHANTI,INE933X01016,2021-09-16,2026-09-30,879,4124,5368,125,SHANTI|INE933X01016|1,EQUITY,SHANTI|INE933X01016|1
SHANTIGEAR,,2005-01-03,2011-06-21,1601,0,1600,0,SHANTIGEAR|NOISIN|1,UNKNOWN_NO_ISIN,SHANTIGEAR|INE631A01022|1
SHANTIGEAR,INE631A01022,2011-06-22,2026-09-30,3715,1601,5368,53,SHANTIGEAR|INE631A01022|1,EQUITY,SHANTIGEAR|INE631A01022|1
SHANTIGOLD,INE06ZD01017,2025-08-01,2026-09-30,287,5082,5368,0,SHANTIGOLD|INE06ZD01017|1,EQUITY,SHANTIGOLD|INE06ZD01017|1
SHARDACROP,INE221J01015,2014-09-23,2026-09-30,2964,2405,5368,0,SHARDACROP|INE221J01015|1,EQUITY,SHARDACROP|INE221J01015|1
SHARDAMOTR,INE597I01010,2015-09-03,2021-04-16,1366,2637,4020,10,SHARDAMOTR|INE597I01010|1,EQUITY,SHARDAMOTR|INE597I01010|1
SHARDAMOTR,INE597I01028,2021-04-19,2026-09-30,1284,4021,5368,64,SHARDAMOTR|INE597I01028|1,EQUITY,SHARDAMOTR|INE597I01010|1
SHARDUL,INE037B01020,2026-04-20,2026-07-16,61,5255,5315,0,SHARDUL|INE037B01020|1,EQUITY,SHARDUL|INE037B01020|1
SHAREINDIA,INE932X01018,2020-09-21,2024-06-26,929,3880,4808,0,SHAREINDIA|INE932X01018|1,EQUITY,SHAREINDIA|INE932X01018|1
SHAREINDIA,INE932X01026,2024-06-27,2026-09-30,560,4809,5368,0,SHAREINDIA|INE932X01026|1,EQUITY,SHAREINDIA|INE932X01018|1
SHARIABEES,,2009-04-01,2011-06-21,513,1050,1600,2,SHARIABEES|NOISIN|1,UNKNOWN_NO_ISIN,SHARIABEES|INF732E01128|1
SHARIABEES,INF732E01128,2011-06-22,2026-09-30,3476,1601,5368,7,SHARIABEES|INF732E01128|1,FUND_UNIT,SHARIABEES|INF732E01128|1
SHARONBIO,INE028B01011,2011-12-07,2014-02-20,550,1713,2262,0,SHARONBIO|INE028B01011|1,EQUITY,SHARONBIO|INE028B01011|1
SHARONBIO,INE028B01029,2014-02-21,2017-09-13,873,2263,3135,0,SHARONBIO|INE028B01029|1,EQUITY,SHARONBIO|INE028B01011|1
SHARRESLTD,,2006-12-27,2009-08-06,638,493,1135,1,SHARRESLTD|NOISIN|1,UNKNOWN_NO_ISIN,SHARRESLTD|NOISIN|1
SHARRESLTD,,2009-11-20,2011-06-21,372,1205,1600,18,SHARRESLTD|NOISIN|2,UNKNOWN_NO_ISIN,CREST|INE559D01011|1
SHARRESLTD,INE559D01011,2011-06-22,2014-10-01,669,1601,2411,25,SHARRESLTD|INE559D01011|1,EQUITY,CREST|INE559D01011|1
SHASUNCHEM,,2005-01-03,2009-01-09,997,0,996,0,SHASUNCHEM|NOISIN|1,UNKNOWN_NO_ISIN,SHASUNCHEM|NOISIN|1
SHASUNCHEM,,2009-03-02,2009-06-11,66,1030,1095,0,SHASUNCHEM|NOISIN|2,UNKNOWN_NO_ISIN,SHASUNCHEM|NOISIN|2
SHASUNCHEM,,2009-08-21,2009-12-10,74,1146,1219,0,SHASUNCHEM|NOISIN|3,UNKNOWN_NO_ISIN,SHASUNCHEM|NOISIN|3
SHASUNCHEM,,2010-02-19,2011-01-27,237,1265,1501,0,SHASUNCHEM|NOISIN|4,UNKNOWN_NO_ISIN,SHASUNCHEM|NOISIN|4
SHASUNPHAR,,2011-01-28,2011-05-12,71,1502,1572,0,SHASUNPHAR|NOISIN|1,UNKNOWN_NO_ISIN,SHASUNCHEM|NOISIN|4
SHASUNPHAR,,2011-06-17,2011-06-21,3,1598,1600,0,SHASUNPHAR|NOISIN|2,UNKNOWN_NO_ISIN,SHASUNPHAR|INE317A01028|1
SHASUNPHAR,INE317A01028,2011-06-22,2015-11-17,1014,1601,2685,71,SHASUNPHAR|INE317A01028|1,EQUITY,SHASUNPHAR|INE317A01028|1
SHBAJRG,INE402H01015,2026-04-20,2026-09-30,114,5255,5368,0,SHBAJRG|INE402H01015|1,EQUITY,SHBAJRG|INE402H01015|1
SHEKHAWATI,INE268L01046,2025-08-11,2026-08-14,187,5088,5336,62,SHEKHAWATI|INE268L01046|1,EQUITY,SHEKHAWATI|INE268L01046|1
SHEMAROO,INE363M01019,2014-10-21,2026-09-30,2551,2421,5368,70,SHEMAROO|INE363M01019|1,EQUITY,SHEMAROO|INE363M01019|1
SHERVANI,INE011D01013,2026-08-17,2026-09-30,30,5337,5368,1,SHERVANI|INE011D01013|1,EQUITY,SHERVANI|INE011D01013|1
SHIL,INE05AN01011,2020-01-09,2022-06-20,493,3706,4312,65,SHIL|INE05AN01011|1,EQUITY,HINDWAREAP|INE05AN01011|1
SHILCTECH,INE024F01011,2025-11-24,2026-09-30,211,5158,5368,0,SHILCTECH|INE024F01011|1,EQUITY,SHILCTECH|INE024F01011|1
SHILGRAVQ,INE960A01017,2026-08-17,2026-09-30,32,5337,5368,0,SHILGRAVQ|INE960A01017|1,EQUITY,SHILGRAVQ|INE960A01017|1
SHILPAMED,,2009-12-03,2011-06-21,387,1214,1600,0,SHILPAMED|NOISIN|1,UNKNOWN_NO_ISIN,SHILPAMED|INE790G01023|1
SHILPAMED,INE790G01023,2011-06-22,2015-11-06,1079,1601,2679,0,SHILPAMED|INE790G01023|1,EQUITY,SHILPAMED|INE790G01023|1
SHILPAMED,INE790G01031,2015-11-09,2026-09-30,2631,2680,5368,58,SHILPAMED|INE790G01031|1,EQUITY,SHILPAMED|INE790G01023|1
SHILPI,,2011-04-08,2011-06-21,50,1551,1600,0,SHILPI|NOISIN|1,UNKNOWN_NO_ISIN,SHILPI|INE510K01019|1
SHILPI,INE510K01019,2011-06-22,2018-08-16,1614,1601,3366,72,SHILPI|INE510K01019|1,EQUITY,SHILPI|INE510K01019|1
SHINDL,INE220Z01013,2026-04-20,2026-09-30,114,5255,5368,0,SHINDL|INE220Z01013|1,EQUITY,SHINDL|INE220Z01013|1
SHIPROCKET,INE0FOO01011,2026-08-19,2026-09-30,30,5339,5368,0,SHIPROCKET|INE0FOO01011|1,EQUITY,SHIPROCKET|INE0FOO01011|1
SHIRPUR-G,INE196B01016,2013-03-01,2020-11-23,1691,2021,3923,69,SHIRPUR-G|INE196B01016|1,EQUITY,SHIRPUR-G|INE196B01016|1
SHIV-VANI,,2005-07-22,2006-06-09,216,140,355,0,SHIV-VANI|NOISIN|1,UNKNOWN_NO_ISIN,SHIV-VANI|NOISIN|1
SHIV-VANI,,2006-08-28,2011-06-21,1191,410,1600,0,SHIV-VANI|NOISIN|2,UNKNOWN_NO_ISIN,SHIV-VANI|INE756B01017|1
SHIV-VANI,INE756B01017,2011-06-22,2015-10-21,874,1601,2668,194,SHIV-VANI|INE756B01017|1,EQUITY,SHIV-VANI|INE756B01017|1
SHIVAAGRO,INE960E01019,2026-08-17,2026-09-30,32,5337,5368,0,SHIVAAGRO|INE960E01019|1,EQUITY,SHIVAAGRO|INE960E01019|1
SHIVACEM,INE555C01029,2026-08-17,2026-09-30,32,5337,5368,0,SHIVACEM|INE555C01029|1,EQUITY,SHIVACEM|INE555C01029|1
SHIVALIK,INE788J01021,2021-12-09,2026-09-30,1121,4181,5368,67,SHIVALIK|INE788J01021|1,EQUITY,SHIVALIK|INE788J01021|1
SHIVAMAUTO,,2006-11-21,2011-06-21,1122,468,1600,1,SHIVAMAUTO|NOISIN|1,UNKNOWN_NO_ISIN,SHIVAMAUTO|INE637H01016|1
SHIVAMAUTO,INE637H01016,2011-06-22,2014-10-30,634,1601,2427,71,SHIVAMAUTO|INE637H01016|1,EQUITY,SHIVAMAUTO|INE637H01016|1
SHIVAMAUTO,INE637H01024,2014-10-31,2026-09-30,2581,2428,5368,84,SHIVAMAUTO|INE637H01024|1,EQUITY,SHIVAMAUTO|INE637H01016|1
SHIVAMILLS,INE644Y01017,2018-03-13,2026-09-30,1914,3258,5368,71,SHIVAMILLS|INE644Y01017|1,EQUITY,SHIVAMILLS|INE644Y01017|1
SHIVATEX,INE705C01020,2018-01-09,2026-09-30,2074,3216,5368,48,SHIVATEX|INE705C01020|1,EQUITY,SHIVATEX|INE705C01020|1
SHIVAUM,INE719F01016,2025-11-14,2026-09-30,173,5152,5368,29,SHIVAUM|INE719F01016|1,EQUITY,SHIVAUM|INE719F01016|1
SHIVTEX,,2005-04-08,2011-06-21,1504,66,1600,2,SHIVTEX|NOISIN|1,UNKNOWN_NO_ISIN,SHIVTEX|INE705C01012|1
SHIVTEX,INE705C01012,2011-06-22,2017-11-02,1435,1601,3169,69,SHIVTEX|INE705C01012|1,EQUITY,SHIVTEX|INE705C01012|1
SHK,INE500L01026,2015-11-16,2026-09-30,2685,2684,5368,0,SHK|INE500L01026|1,EQUITY,SHK|INE500L01026|1
SHLAKSHMI,,2007-12-03,2011-06-21,874,726,1600,1,SHLAKSHMI|NOISIN|1,UNKNOWN_NO_ISIN,SHLAKSHMI|INE851B01016|1
SHLAKSHMI,INE851B01016,2011-06-22,2015-07-10,768,1601,2598,49,SHLAKSHMI|INE851B01016|1,EQUITY,SHLAKSHMI|INE851B01016|1
SHOPERSTOP,,2005-05-23,2011-06-21,1505,96,1600,0,SHOPERSTOP|NOISIN|1,UNKNOWN_NO_ISIN,SHOPERSTOP|INE498B01024|1
SHOPERSTOP,INE498B01024,2011-06-22,2026-09-30,3768,1601,5368,0,SHOPERSTOP|INE498B01024|1,EQUITY,SHOPERSTOP|INE498B01024|1
SHPRE,,2009-10-15,2011-06-21,420,1181,1600,0,SHPRE|NOISIN|1,UNKNOWN_NO_ISIN,SHPRE|INE318K01017|1
SHPRE,INE318K01017,2011-06-22,2012-05-02,160,1601,1812,51,SHPRE|INE318K01017|1,EQUITY,SHPRE|INE318K01017|1
SHRADDHA,INE311M01018,2026-08-17,2026-09-30,32,5337,5368,0,SHRADDHA|INE311M01018|1,EQUITY,SHRADDHA|INE311M01018|1
SHRADHA,INE715Y01015,2020-10-22,2023-01-19,453,3902,4459,55,SHRADHA|INE715Y01015|1,EQUITY,SHRADHA|INE715Y01015|1
SHRADHA,INE715Y01023,2023-01-20,2024-06-24,221,4460,4806,64,SHRADHA|INE715Y01023|1,EQUITY,SHRADHA|INE715Y01015|1
SHRADHA,INE715Y01031,2025-05-12,2026-09-30,346,5023,5368,0,SHRADHA|INE715Y01031|1,EQUITY,SHRADHA|INE715Y01031|1
SHREDIGCEM,INE232A01011,2019-08-19,2026-09-30,1758,3611,5368,0,SHREDIGCEM|INE232A01011|1,EQUITY,SHREDIGCEM|INE232A01011|1
SHREE,,2009-06-16,2009-06-22,5,1098,1102,0,SHREE|NOISIN|1,UNKNOWN_NO_ISIN,AJMERA|INE298G01027|1
SHREEASHTA,,2007-01-10,2008-06-12,354,502,855,0,SHREEASHTA|NOISIN|1,UNKNOWN_NO_ISIN,SHREEASHTA|NOISIN|1
SHREEASHTA,,2008-08-22,2011-06-21,696,905,1600,0,SHREEASHTA|NOISIN|2,UNKNOWN_NO_ISIN,SHREEASHTA|INE538H01024|1
SHREEASHTA,INE538H01024,2011-06-22,2014-06-19,470,1601,2340,65,SHREEASHTA|INE538H01024|1,EQUITY,SHREEASHTA|INE538H01024|1
SHREECEM,,2005-01-03,2011-06-21,1601,0,1600,0,SHREECEM|NOISIN|1,UNKNOWN_NO_ISIN,SHREECEM|INE070A01015|1
SHREECEM,INE070A01015,2011-06-22,2026-09-30,3768,1601,5368,0,SHREECEM|INE070A01015|1,EQUITY,SHREECEM|INE070A01015|1
SHREEJISPG,INE1B6101010,2025-08-26,2026-09-30,271,5098,5368,0,SHREEJISPG|INE1B6101010|1,EQUITY,SHREEJISPG|INE1B6101010|1
SHREEPUSHK,INE712K01011,2015-09-28,2026-09-30,2654,2652,5368,63,SHREEPUSHK|INE712K01011|1,EQUITY,SHREEPUSHK|INE712K01011|1
SHREERAMA,,2005-07-08,2005-09-01,38,130,167,0,SHREERAMA|NOISIN|1,UNKNOWN_NO_ISIN,SHREERAMA|NOISIN|1
SHREERAMA,,2006-06-12,2006-06-29,14,356,369,0,SHREERAMA|NOISIN|2,UNKNOWN_NO_ISIN,SHREERAMA|NOISIN|2
SHREERAMA,,2006-08-28,2006-09-21,19,410,428,0,SHREERAMA|NOISIN|3,UNKNOWN_NO_ISIN,SHREERAMA|NOISIN|3
SHREERAMA,,2006-11-24,2007-02-08,51,471,521,0,SHREERAMA|NOISIN|4,UNKNOWN_NO_ISIN,SHREERAMA|NOISIN|4
SHREERAMA,,2007-06-08,2007-09-20,74,602,675,0,SHREERAMA|NOISIN|5,UNKNOWN_NO_ISIN,SHREERAMA|NOISIN|5
SHREERAMA,,2008-02-29,2009-01-09,209,788,996,0,SHREERAMA|NOISIN|6,UNKNOWN_NO_ISIN,SHREERAMA|NOISIN|6
SHREERAMA,,2009-03-02,2009-06-11,65,1030,1095,1,SHREERAMA|NOISIN|7,UNKNOWN_NO_ISIN,SHREERAMA|NOISIN|7
SHREERAMA,,2009-08-21,2009-10-16,37,1146,1182,0,SHREERAMA|NOISIN|8,UNKNOWN_NO_ISIN,SHREERAMA|NOISIN|8
SHREERAMA,,2009-11-20,2010-10-14,225,1205,1429,0,SHREERAMA|NOISIN|9,UNKNOWN_NO_ISIN,SHREERAMA|NOISIN|9
SHREERAMA,,2010-12-03,2011-06-21,137,1464,1600,0,SHREERAMA|NOISIN|10,UNKNOWN_NO_ISIN,SHREERAMA|INE879A01019|1
SHREERAMA,INE879A01019,2011-06-22,2026-09-30,2496,1601,5368,507,SHREERAMA|INE879A01019|1,EQUITY,SHREERAMA|INE879A01019|1
SHRENIK,INE632X01022,2019-08-02,2020-10-08,280,3602,3892,11,SHRENIK|INE632X01022|1,EQUITY,SHRENIK|INE632X01022|1
SHRENIK,INE632X01030,2020-10-09,2026-01-01,971,3893,5185,119,SHRENIK|INE632X01030|1,EQUITY,SHRENIK|INE632X01022|1
SHRENUJ,,2005-01-03,2011-06-21,1598,0,1600,1,SHRENUJ|NOISIN|1,UNKNOWN_NO_ISIN,SHRENUJ|INE633A01028|1
SHRENUJ,INE633A01028,2011-06-22,2017-01-23,1353,1601,2977,24,SHRENUJ|INE633A01028|1,EQUITY,SHRENUJ|INE633A01028|1
SHREYANIND,,2006-06-23,2008-11-26,479,365,968,8,SHREYANIND|NOISIN|1,UNKNOWN_NO_ISIN,SHREYANIND|NOISIN|1
SHREYANIND,,2009-06-12,2011-06-20,465,1096,1599,6,SHREYANIND|NOISIN|2,UNKNOWN_NO_ISIN,SHREYANIND|NOISIN|2
SHREYANIND,INE231C01019,2011-06-22,2026-09-30,3098,1601,5368,151,SHREYANIND|INE231C01019|1,EQUITY,SHREYANIND|INE231C01019|1
SHREYAS,,2006-04-03,2009-05-28,775,310,1085,1,SHREYAS|NOISIN|1,UNKNOWN_NO_ISIN,SHREYASHIP|NOISIN|2
SHREYAS,,2009-08-21,2009-12-24,84,1146,1229,0,SHREYAS|NOISIN|2,UNKNOWN_NO_ISIN,SHREYAS|NOISIN|2
SHREYAS,,2010-02-19,2010-04-16,37,1265,1301,0,SHREYAS|NOISIN|3,UNKNOWN_NO_ISIN,SHREYAS|NOISIN|3
SHREYAS,,2010-06-11,2010-10-14,89,1341,1429,0,SHREYAS|NOISIN|4,UNKNOWN_NO_ISIN,SHREYAS|NOISIN|4
SHREYAS,,2010-12-03,2011-06-21,137,1464,1600,0,SHREYAS|NOISIN|5,UNKNOWN_NO_ISIN,SHREYAS|INE757B01015|1
SHREYAS,INE757B01015,2011-06-22,2024-10-22,2977,1601,4889,119,SHREYAS|INE757B01015|1,EQUITY,SHREYAS|INE757B01015|1
SHREYASHIP,,2005-04-08,2005-07-07,64,66,129,0,SHREYASHIP|NOISIN|1,UNKNOWN_NO_ISIN,SHREYASHIP|NOISIN|1
SHREYASHIP,,2005-11-25,2006-03-31,87,223,309,0,SHREYASHIP|NOISIN|2,UNKNOWN_NO_ISIN,SHREYASHIP|NOISIN|2
SHRIASTER,INE900K01012,2014-02-24,2016-05-19,447,2264,2808,42,SHRIASTER|INE900K01012|1,EQUITY,ASTERSILI|INE900K01012|1
SHRIKRISH,INE997I01012,2026-04-20,2026-09-30,109,5255,5368,1,SHRIKRISH|INE997I01012|1,EQUITY,SHRIKRISH|INE997I01012|1
SHRINATRAJ,INE200F01017,2012-01-16,2014-05-21,233,1741,2319,45,SHRINATRAJ|INE200F01017|1,EQUITY,DALMIAREF|INE200F01017|1
SHRINGAR,,2005-04-29,2006-06-29,290,80,369,0,SHRINGAR|NOISIN|1,UNKNOWN_NO_ISIN,SHRINGAR|NOISIN|1
SHRINGAR,,2006-08-28,2006-10-19,38,410,447,0,SHRINGAR|NOISIN|2,UNKNOWN_NO_ISIN,SHRINGAR|NOISIN|2
SHRINGAR,,2006-11-24,2008-02-22,313,471,783,0,SHRINGAR|NOISIN|3,UNKNOWN_NO_ISIN,FAME|NOISIN|1
SHRINGARMS,INE1B3L01017,2025-09-17,2026-09-30,256,5113,5368,0,SHRINGARMS|INE1B3L01017|1,EQUITY,SHRINGARMS|INE1B3L01017|1
SHRIPISTON,INE526E01018,2023-05-22,2026-09-30,769,4539,5368,61,SHRIPISTON|INE526E01018|1,EQUITY,SHRIPISTON|INE526E01018|1
SHRIRAMCIT,,2005-04-04,2011-06-21,1533,62,1600,2,SHRIRAMCIT|NOISIN|1,UNKNOWN_NO_ISIN,SHRIRAMCIT|INE722A01011|1
SHRIRAMCIT,INE722A01011,2011-06-22,2022-11-28,2821,1601,4421,0,SHRIRAMCIT|INE722A01011|1,EQUITY,SHRIRAMCIT|INE722A01011|1
SHRIRAMEPC,,2008-02-20,2011-06-21,819,781,1600,1,SHRIRAMEPC|NOISIN|1,UNKNOWN_NO_ISIN,SEPC|INE964H01014|1
SHRIRAMEPC,INE964H01014,2011-06-22,2022-03-08,2540,1601,4242,69,SHRIRAMEPC|INE964H01014|1,EQUITY,SEPC|INE964H01014|1
SHRIRAMFIN,INE721A01013,2022-12-20,2025-01-09,507,4437,4943,0,SHRIRAMFIN|INE721A01013|1,EQUITY,SHRIRAMFIN|INE721A01013|1
SHRIRAMFIN,INE721A01047,2025-01-10,2026-09-30,425,4944,5368,0,SHRIRAMFIN|INE721A01047|1,EQUITY,SHRIRAMFIN|INE721A01013|1
SHRIRAMINV,,2005-01-03,2005-12-13,236,0,235,0,SHRIRAMINV|NOISIN|1,UNKNOWN_NO_ISIN,SHRIRAMINV|NOISIN|1
SHRIRAMPPS,INE217L01019,2021-12-20,2026-09-30,1181,4188,5368,0,SHRIRAMPPS|INE217L01019|1,EQUITY,SHRIRAMPPS|INE217L01019|1
SHRJAGP,INE564J01026,2026-08-17,2026-09-30,32,5337,5368,0,SHRJAGP|INE564J01026|1,EQUITY,SHRJAGP|INE564J01026|1
SHRMHONDA,,2005-01-03,2006-04-03,311,0,310,0,SHRMHONDA|NOISIN|1,UNKNOWN_NO_ISIN,HONDAPOWER|NOISIN|1
SHRVINDPPR,,2005-01-03,2005-03-03,40,0,41,1,SHRVINDPPR|NOISIN|1,UNKNOWN_NO_ISIN,SHRVINDPPR|NOISIN|1
SHRVINDPPR,,2005-04-08,2005-04-28,14,66,79,0,SHRVINDPPR|NOISIN|2,UNKNOWN_NO_ISIN,SHRVINDPPR|NOISIN|2
SHUKRAPHAR,INE551C01044,2026-08-14,2026-09-30,33,5336,5368,0,SHUKRAPHAR|INE551C01044|1,EQUITY,SHUKRAPHAR|INE551C01044|1
SHYAMCENT,INE979R01011,2015-08-11,2026-07-02,2212,2620,5305,120,SHYAMCENT|INE979R01011|1,EQUITY,SHYAMCENT|INE979R01011|1
SHYAMMETL,INE810G01011,2021-06-24,2026-09-30,1302,4067,5368,0,SHYAMMETL|INE810G01011|1,EQUITY,SHYAMMETL|INE810G01011|1
SHYAMTEL,,2006-11-06,2007-12-28,287,457,743,0,SHYAMTEL|NOISIN|1,UNKNOWN_NO_ISIN,SHYAMTEL|NOISIN|1
SHYAMTEL,,2008-02-29,2009-06-11,307,788,1095,1,SHYAMTEL|NOISIN|2,UNKNOWN_NO_ISIN,SHYAMTEL|NOISIN|2
SHYAMTEL,,2009-08-21,2011-06-21,455,1146,1600,0,SHYAMTEL|NOISIN|3,UNKNOWN_NO_ISIN,SHYAMTEL|INE635A01023|1
SHYAMTEL,INE635A01023,2011-06-22,2026-09-30,2366,1601,5368,182,SHYAMTEL|INE635A01023|1,EQUITY,SHYAMTEL|INE635A01023|1
SHYAMTELE,,2005-01-03,2006-07-24,387,0,386,0,SHYAMTELE|NOISIN|1,UNKNOWN_NO_ISIN,SHYAMTELE|NOISIN|1
SICAGEN,,2008-08-21,2009-04-17,155,904,1058,0,SICAGEN|NOISIN|1,UNKNOWN_NO_ISIN,SICAGEN|NOISIN|1
SICAGEN,,2009-08-21,2011-06-21,455,1146,1600,0,SICAGEN|NOISIN|2,UNKNOWN_NO_ISIN,SICAGEN|INE176J01011|1
SICAGEN,INE176J01011,2011-06-22,2026-09-30,2484,1601,5368,1169,SICAGEN|INE176J01011|1,EQUITY,SICAGEN|INE176J01011|1
SICAL,,2005-01-03,2008-11-14,961,0,960,0,SICAL|NOISIN|1,UNKNOWN_NO_ISIN,SICAL|NOISIN|1
SICAL,,2009-03-02,2009-06-11,66,1030,1095,0,SICAL|NOISIN|2,UNKNOWN_NO_ISIN,SICAL|NOISIN|2
SICAL,,2009-08-21,2011-06-21,455,1146,1600,0,SICAL|NOISIN|3,UNKNOWN_NO_ISIN,SICAL|INE075B01012|1
SICAL,INE075B01012,2011-06-22,2022-12-28,2489,1601,4443,140,SICAL|INE075B01012|1,EQUITY,SICAL|INE075B01012|1
SICALLOG,INE075B01020,2023-10-27,2026-07-31,25,4648,5326,654,SICALLOG|INE075B01020|1,EQUITY,SICALLOG|INE075B01020|1
SIEL,INE843L01012,2026-08-17,2026-09-30,30,5337,5368,1,SIEL|INE843L01012|1,EQUITY,SIEL|INE843L01012|1
SIEMENS,,2005-01-03,2011-06-21,1601,0,1600,0,SIEMENS|NOISIN|1,UNKNOWN_NO_ISIN,SIEMENS|INE003A01024|1
SIEMENS,INE003A01024,2011-06-22,2026-09-30,3768,1601,5368,0,SIEMENS|INE003A01024|1,EQUITY,SIEMENS|INE003A01024|1
SIGACHI,INE0D0K01014,2021-11-30,2023-10-06,461,4174,4634,0,SIGACHI|INE0D0K01014|1,EQUITY,SIGACHI|INE0D0K01014|1
SIGACHI,INE0D0K01022,2023-10-09,2026-09-30,658,4635,5368,76,SIGACHI|INE0D0K01022|1,EQUITY,SIGACHI|INE0D0K01014|1
SIGIND,INE529F01035,2018-08-29,2026-08-24,1772,3374,5342,67,SIGIND|INE529F01035|1,EQUITY,SIGIND|INE529F01035|1
SIGMA,INE0A0S01010,2023-06-09,2025-10-03,480,4553,5124,65,SIGMA|INE0A0S01010|1,EQUITY,SIGMA|INE0A0S01010|1
SIGMA,INE0A0S01028,2025-10-06,2026-09-30,180,5125,5368,64,SIGMA|INE0A0S01028|1,EQUITY,SIGMA|INE0A0S01010|1
SIGMAADV,INE933B01012,2026-02-09,2026-08-27,66,5210,5345,21,SIGMAADV|INE933B01012|1,EQUITY,MEGASOFT|INE933B01012|1
SIGNATURE,INE903U01023,2023-09-27,2026-09-30,741,4628,5368,0,SIGNATURE|INE903U01023|1,EQUITY,SIGNATURE|INE903U01023|1
SIGNET,INE529F01019,2015-03-13,2015-08-18,109,2517,2625,0,SIGNET|INE529F01019|1,EQUITY,SIGNETIND|INE529F01019|1
SIGNET,INE529F01027,2015-08-19,2018-08-10,675,2626,3363,59,SIGNET|INE529F01027|1,EQUITY,SIGNETIND|INE529F01019|1
SIGNETIND,INE529F01019,2012-05-30,2015-01-29,588,1832,2488,69,SIGNETIND|INE529F01019|1,EQUITY,SIGNETIND|INE529F01019|1
SIGNPOST,INE0KGZ01021,2024-02-28,2026-09-30,580,4731,5368,58,SIGNPOST|INE0KGZ01021|1,EQUITY,SIGNPOST|INE0KGZ01021|1
SIGROUPIND,,2006-11-28,2007-08-23,178,473,655,1,SIGROUPIND|NOISIN|1,UNKNOWN_NO_ISIN,SCHENHERD|NOISIN|2
SIGROUPIND,,2007-12-03,2009-02-05,229,726,1014,4,SIGROUPIND|NOISIN|2,UNKNOWN_NO_ISIN,SIGROUPIND|NOISIN|2
SIGROUPIND,,2009-06-12,2009-09-15,68,1096,1163,0,SIGROUPIND|NOISIN|3,UNKNOWN_NO_ISIN,SIGROUPIND|NOISIN|3
SIKA,INE438E01032,2026-04-20,2026-09-30,114,5255,5368,0,SIKA|INE438E01032|1,EQUITY,SIKA|INE438E01032|1
SIKKO,INE112X01017,2021-10-22,2025-10-27,725,4149,5139,72,SIKKO|INE112X01017|1,EQUITY,SIKKO|INE112X01017|1
SIKKO,INE112X01025,2026-02-02,2026-08-10,128,5205,5332,0,SIKKO|INE112X01025|1,EQUITY,SIKKO|INE112X01025|1
SIL,,2005-01-03,2005-12-15,238,0,237,0,SIL|NOISIN|1,UNKNOWN_NO_ISIN,SIL|NOISIN|1
SIL,,2006-02-17,2006-08-25,130,280,409,0,SIL|NOISIN|2,UNKNOWN_NO_ISIN,SIL|NOISIN|2
SIL,,2007-03-02,2007-06-28,81,536,616,0,SIL|NOISIN|3,UNKNOWN_NO_ISIN,SIL|NOISIN|3
SIL,,2007-12-03,2007-12-28,18,726,743,0,SIL|NOISIN|4,UNKNOWN_NO_ISIN,SIL|NOISIN|4
SIL,,2008-02-29,2010-04-16,493,788,1301,20,SIL|NOISIN|5,UNKNOWN_NO_ISIN,SIL|NOISIN|5
SIL,,2010-06-11,2010-11-22,115,1341,1455,0,SIL|NOISIN|6,UNKNOWN_NO_ISIN,SIL|NOISIN|6
SIL,INE173A01025,2024-03-11,2026-09-30,566,4738,5368,65,SIL|INE173A01025|1,EQUITY,SIL|INE173A01025|1
SILGO,INE01II01013,2021-03-03,2026-09-30,1124,3992,5368,68,SILGO|INE01II01013|1,EQUITY,SILGO|INE01II01013|1
SILINV,,2007-06-21,2011-06-21,939,611,1600,5,SILINV|NOISIN|1,UNKNOWN_NO_ISIN,SILINV|INE923A01015|1
SILINV,INE923A01015,2011-06-22,2026-09-30,3221,1601,5368,64,SILINV|INE923A01015|1,EQUITY,SILINV|INE923A01015|1
SILLYMONKS,INE203Y01012,2020-07-08,2026-09-09,1090,3827,5354,170,SILLYMONKS|INE203Y01012|1,EQUITY,CRESTO|INE203Y01012|1
SILVER,INF209KB19F6,2022-02-03,2026-09-30,1149,4220,5368,0,SILVER|INF209KB19F6|1,FUND_UNIT,SILVER|INF209KB19F6|1
SILVER001,INF966L01EI5,2026-08-25,2026-09-30,26,5343,5368,0,SILVER001|INF966L01EI5|1,FUND_UNIT,SILVER001|INF966L01EI5|1
SILVER1,INF174KA1KU9,2024-04-16,2026-02-26,463,4761,5223,0,SILVER1|INF174KA1KU9|1,FUND_UNIT,KOTAKSILVE|INF174KA1KU9|1
SILVER1,INF174KA1ZD3,2026-02-27,2026-09-30,145,5224,5368,0,SILVER1|INF174KA1ZD3|1,FUND_UNIT,SILVER1|INF174KA1ZD3|1
SILVER360,INF579M01BC3,2025-04-04,2026-09-30,368,5001,5368,0,SILVER360|INF579M01BC3|1,FUND_UNIT,SILVER360|INF579M01BC3|1
SILVERADD,INF740KA1RE3,2024-02-15,2026-08-27,624,4722,5345,0,SILVERADD|INF740KA1RE3|1,FUND_UNIT,DSPSILVETF|INF740KA1RE3|1
SILVERADD,INF740KA1ZQ0,2026-08-28,2026-09-30,23,5346,5368,0,SILVERADD|INF740KA1ZQ0|1,FUND_UNIT,SILVERADD|INF740KA1ZQ0|1
SILVERAG,INF769K01KG6,2025-09-15,2026-09-30,258,5111,5368,0,SILVERAG|INF769K01KG6|1,FUND_UNIT,MASILVER|INF769K01KG6|1
SILVERAXIS,INF846K011K1,2026-07-03,2026-09-30,63,5306,5368,0,SILVERAXIS|INF846K011K1|1,FUND_UNIT,AXISILVER|INF846K011K1|1
SILVERBEES,INF204KC1402,2022-05-10,2026-09-30,1086,4283,5368,0,SILVERBEES|INF204KC1402|1,FUND_UNIT,NETFSILVER|INF204KC1402|1
SILVERBETA,INF789F1AYK6,2025-12-24,2026-09-30,189,5180,5368,0,SILVERBETA|INF789F1AYK6|1,FUND_UNIT,SILVERBETA|INF789F1AYK6|1
SILVERBND,INF194KB1KI9,2025-12-12,2026-09-30,197,5172,5368,0,SILVERBND|INF194KB1KI9|1,FUND_UNIT,SILVERBND|INF194KB1KI9|1
SILVERCASE,INF0R8F01091,2025-03-26,2026-09-30,374,4995,5368,0,SILVERCASE|INF0R8F01091|1,FUND_UNIT,SILVERCASE|INF0R8F01091|1
SILVERETF,INF789F1AYK6,2023-04-20,2025-12-23,662,4518,5179,0,SILVERETF|INF789F1AYK6|1,FUND_UNIT,SILVERBETA|INF789F1AYK6|1
SILVERIETF,INF109KC1Y56,2023-12-20,2026-09-30,685,4684,5368,0,SILVERIETF|INF109KC1Y56|1,FUND_UNIT,ICICISILVE|INF109KC1Y56|1
SILVERTUC,INE625X01018,2022-05-12,2026-03-05,886,4285,5227,57,SILVERTUC|INE625X01018|1,EQUITY,SILVERTUC|INE625X01018|1
SILVERTUC,INE625X01026,2026-03-06,2026-09-30,141,5228,5368,0,SILVERTUC|INE625X01026|1,EQUITY,SILVERTUC|INE625X01018|1
SILVRETF,INF769K01KG6,2023-09-01,2025-09-12,500,4611,5110,0,SILVRETF|INF769K01KG6|1,FUND_UNIT,MASILVER|INF769K01KG6|1
SIMBHALS,INE748T01016,2016-03-30,2024-06-26,1705,2775,4808,100,SIMBHALS|INE748T01016|1,EQUITY,SIMBHALS|INE748T01016|1
SIMBHSUGAR,,2006-06-27,2007-10-05,319,367,685,0,SIMBHSUGAR|NOISIN|1,UNKNOWN_NO_ISIN,SIMBHSUGAR|NOISIN|1
SIMBHSUGAR,,2007-12-03,2007-12-28,18,726,743,0,SIMBHSUGAR|NOISIN|2,UNKNOWN_NO_ISIN,SIMBHSUGAR|NOISIN|2
SIMBHSUGAR,,2008-02-29,2008-08-07,108,788,895,0,SIMBHSUGAR|NOISIN|3,UNKNOWN_NO_ISIN,SIMBHSUGAR|NOISIN|3
SIMBHSUGAR,,2008-12-01,2008-12-26,17,970,987,1,SIMBHSUGAR|NOISIN|4,UNKNOWN_NO_ISIN,SIMBHSUGAR|NOISIN|4
SIMBHSUGAR,,2009-03-02,2009-04-02,22,1030,1051,0,SIMBHSUGAR|NOISIN|5,UNKNOWN_NO_ISIN,SIMBHSUGAR|NOISIN|5
SIMBHSUGAR,,2009-06-12,2009-08-20,50,1096,1145,0,SIMBHSUGAR|NOISIN|6,UNKNOWN_NO_ISIN,SIMBHSUGAR|NOISIN|6
SIMBHSUGAR,,2009-11-20,2011-06-21,396,1205,1600,0,SIMBHSUGAR|NOISIN|7,UNKNOWN_NO_ISIN,SIMBHSUGAR|INE270C01017|1
SIMBHSUGAR,INE270C01017,2011-06-22,2015-11-23,917,1601,2689,87,SIMBHSUGAR|INE270C01017|1,EQUITY,SIMBHSUGAR|INE270C01017|1
SIMPLEX,,2007-08-03,2009-11-19,562,642,1204,1,SIMPLEX|NOISIN|1,UNKNOWN_NO_ISIN,SIMPLEX|NOISIN|1
SIMPLEX,,2010-02-19,2011-06-21,336,1265,1600,0,SIMPLEX|NOISIN|2,UNKNOWN_NO_ISIN,SIMPLEX|INE898F01018|1
SIMPLEX,INE898F01018,2011-06-22,2018-09-24,1650,1601,3390,59,SIMPLEX|INE898F01018|1,EQUITY,SIMPLEX|INE898F01018|1
SIMPLEXCAS,INE658D01011,2012-08-29,2015-01-07,381,1895,2473,19,SIMPLEXCAS|INE658D01011|1,EQUITY,SIMPLEXCAS|INE658D01011|1
SIMPLEXCON,,2005-01-03,2005-12-20,241,0,240,0,SIMPLEXCON|NOISIN|1,UNKNOWN_NO_ISIN,SIMPLEXCON|NOISIN|1
SIMPLEXINF,,2005-12-21,2011-06-21,1359,241,1600,1,SIMPLEXINF|NOISIN|1,UNKNOWN_NO_ISIN,SIMPLEXCON|NOISIN|1
SIMPLEXINF,INE059B01024,2011-06-22,2026-09-30,3392,1601,5368,221,SIMPLEXINF|INE059B01024|1,EQUITY,SIMPLEXCON|NOISIN|1
SIMPLXREA,INE167H01014,2026-08-17,2026-09-30,29,5337,5368,2,SIMPLXREA|INE167H01014|1,EQUITY,SIMPLXREA|INE167H01014|1
SINCLAIR,INE985A01022,2024-04-10,2026-09-30,611,4758,5368,0,SINCLAIR|INE985A01022|1,EQUITY,SINCLAIR|INE985A01022|1
SINDHUTRAD,INE325D01025,2023-06-20,2026-09-30,753,4560,5368,56,SINDHUTRAD|INE325D01025|1,EQUITY,SINDHUTRAD|INE325D01025|1
SINGERIND,INE638A01035,2026-03-19,2026-09-30,132,5237,5368,0,SINGERIND|INE638A01035|1,EQUITY,SINGERIND|INE638A01035|1
SINTERCOM,INE129Z01016,2020-10-07,2026-09-30,1416,3891,5368,59,SINTERCOM|INE129Z01016|1,EQUITY,SINTERCOM|INE129Z01016|1
SINTEX,,2005-01-03,2011-06-21,1601,0,1600,0,SINTEX|NOISIN|1,UNKNOWN_NO_ISIN,SINTEX|INE429C01035|1
SINTEX,INE429C01035,2011-06-22,2022-03-21,2331,1601,4250,124,SINTEX|INE429C01035|1,EQUITY,SINTEX|INE429C01035|1
SIRCA,INE792Z01011,2019-07-22,2026-09-30,1651,3593,5368,59,SIRCA|INE792Z01011|1,EQUITY,SIRCA|INE792Z01011|1
SIRPAPER,,2005-01-03,2010-04-16,1301,0,1301,1,SIRPAPER|NOISIN|1,UNKNOWN_NO_ISIN,SIRPAPER|NOISIN|1
SIRPAPER,,2010-06-11,2011-04-18,215,1341,1555,0,SIRPAPER|NOISIN|2,UNKNOWN_NO_ISIN,SIRPAPER|NOISIN|2
SIRPAPER,,2011-06-17,2011-06-21,3,1598,1600,0,SIRPAPER|NOISIN|3,UNKNOWN_NO_ISIN,SIRPAPER|INE202C01010|1
SIRPAPER,INE202C01010,2011-06-22,2015-07-10,725,1601,2598,153,SIRPAPER|INE202C01010|1,EQUITY,SIRPAPER|INE202C01010|1
SIS,INE285J01010,2017-08-10,2020-01-15,598,3113,3710,0,SIS|INE285J01010|1,EQUITY,SIS|INE285J01010|1
SIS,INE285J01028,2020-01-16,2026-09-30,1658,3711,5368,0,SIS|INE285J01028|1,EQUITY,SIS|INE285J01010|1
SITASHREE,,2008-04-07,2009-08-20,334,811,1145,1,SITASHREE|NOISIN|1,UNKNOWN_NO_ISIN,SITASHREE|NOISIN|1
SITASHREE,,2009-11-20,2010-04-01,70,1205,1292,18,SITASHREE|NOISIN|2,UNKNOWN_NO_ISIN,SITASHREE|NOISIN|2
SITASHREE,,2010-06-11,2011-06-21,260,1341,1600,0,SITASHREE|NOISIN|3,UNKNOWN_NO_ISIN,SITASHREE|INE686I01011|1
SITASHREE,INE686I01011,2011-06-22,2018-03-16,1020,1601,3261,514,SITASHREE|INE686I01011|1,EQUITY,SITASHREE|INE686I01011|1
SITICABLE,INE965H01011,2012-12-03,2016-08-16,886,1958,2869,26,SITICABLE|INE965H01011|1,EQUITY,SITICABLE|INE965H01011|1
SITINET,INE965H01011,2016-08-17,2023-06-06,1227,2870,4550,114,SITINET|INE965H01011|1,EQUITY,SITICABLE|INE965H01011|1
SIYSIL,,2007-01-29,2011-06-21,1046,514,1600,3,SIYSIL|NOISIN|1,UNKNOWN_NO_ISIN,SIYSIL|INE076B01010|1
SIYSIL,INE076B01010,2011-06-22,2017-10-25,1551,1601,3163,11,SIYSIL|INE076B01010|1,EQUITY,SIYSIL|INE076B01010|1
SIYSIL,INE076B01028,2017-10-26,2026-09-30,2205,3164,5368,0,SIYSIL|INE076B01028|1,EQUITY,SIYSIL|INE076B01010|1
SJS,INE284S01014,2021-11-15,2026-09-30,1205,4164,5368,0,SJS|INE284S01014|1,EQUITY,SJS|INE284S01014|1
SJVN,,2010-05-20,2011-06-21,276,1325,1600,0,SJVN|NOISIN|1,UNKNOWN_NO_ISIN,SJVN|INE002L01015|1
SJVN,INE002L01015,2011-06-22,2026-09-30,3768,1601,5368,0,SJVN|INE002L01015|1,EQUITY,SJVN|INE002L01015|1
SKFINDIA,,2005-01-03,2011-06-21,1600,0,1600,1,SKFINDIA|NOISIN|1,UNKNOWN_NO_ISIN,SKFINDIA|INE640A01023|1
SKFINDIA,INE640A01023,2011-06-22,2026-09-30,3757,1601,5368,11,SKFINDIA|INE640A01023|1,EQUITY,SKFINDIA|INE640A01023|1
SKFINDUS,INE2J8701016,2025-12-19,2026-09-30,192,5177,5368,0,SKFINDUS|INE2J8701016|1,EQUITY,SKFINDUS|INE2J8701016|1
SKIL,INE429F01012,2014-03-24,2021-11-18,1318,2282,4167,118,SKIL|INE429F01012|1,EQUITY,HORIZONINF|INE429F01012|1
SKIPPER,INE439E01022,2015-05-27,2026-09-30,2803,2566,5368,0,SKIPPER|INE439E01022|1,EQUITY,SKIPPER|INE439E01022|1
SKMEGGPROD,,2005-01-03,2009-06-11,1095,0,1095,1,SKMEGGPROD|NOISIN|1,UNKNOWN_NO_ISIN,SKMEGGPROD|NOISIN|1
SKMEGGPROD,,2009-08-21,2010-11-25,313,1146,1458,0,SKMEGGPROD|NOISIN|2,UNKNOWN_NO_ISIN,SKMEGGPROD|NOISIN|2
SKMEGGPROD,,2011-03-07,2011-06-21,74,1527,1600,0,SKMEGGPROD|NOISIN|3,UNKNOWN_NO_ISIN,SKMEGGPROD|INE411D01015|1
SKMEGGPROD,INE411D01015,2011-06-22,2026-01-09,3322,1601,5191,95,SKMEGGPROD|INE411D01015|1,EQUITY,SKMEGGPROD|INE411D01015|1
SKMEGGPROD,INE411D01023,2026-01-12,2026-09-30,177,5192,5368,0,SKMEGGPROD|INE411D01023|1,EQUITY,SKMEGGPROD|INE411D01015|1
SKSMICRO,,2010-08-16,2011-06-21,214,1387,1600,0,SKSMICRO|NOISIN|1,UNKNOWN_NO_ISIN,BHARATFIN|INE180K01011|1
SKSMICRO,INE180K01011,2011-06-22,2016-06-30,1177,1601,2838,61,SKSMICRO|INE180K01011|1,EQUITY,BHARATFIN|INE180K01011|1
SKUMARSYNF,,2005-04-08,2005-07-07,64,66,129,0,SKUMARSYNF|NOISIN|1,UNKNOWN_NO_ISIN,SKUMARSYNF|NOISIN|1
SKUMARSYNF,,2005-11-25,2011-06-21,1378,223,1600,0,SKUMARSYNF|NOISIN|2,UNKNOWN_NO_ISIN,SKUMARSYNF|INE772A01016|1
SKUMARSYNF,INE772A01016,2011-06-22,2015-03-30,783,1601,2528,105,SKUMARSYNF|INE772A01016|1,EQUITY,SKUMARSYNF|INE772A01016|1
SKYGOLD,INE01IU01018,2023-01-06,2026-09-30,530,4450,5368,255,SKYGOLD|INE01IU01018|1,EQUITY,SKYGOLD|INE01IU01018|1
SKYWAYS,INE0PX301025,2026-09-01,2026-09-30,21,5348,5368,0,SKYWAYS|INE0PX301025|1,EQUITY,SKYWAYS|INE0PX301025|1
SMALL250,INF769K01PQ4,2025-11-13,2026-09-30,218,5151,5368,0,SMALL250|INF769K01PQ4|1,FUND_UNIT,SMALL250|INF769K01PQ4|1
SMALLADD,INF740KA1WX3,2025-12-18,2026-09-30,193,5176,5368,0,SMALLADD|INF740KA1WX3|1,FUND_UNIT,SMALLADD|INF740KA1WX3|1
SMALLCAP,INF769K01LC3,2024-02-29,2026-09-30,637,4732,5368,0,SMALLCAP|INF769K01LC3|1,FUND_UNIT,SMALLCAP|INF769K01LC3|1
SMALLGROWW,INF666M01PG9,2026-06-18,2026-09-30,73,5296,5368,0,SMALLGROWW|INF666M01PG9|1,FUND_UNIT,SMALLGROWW|INF666M01PG9|1
SMALLIETF,INF109K1A476,2026-06-24,2026-09-30,69,5300,5368,0,SMALLIETF|INF109K1A476|1,FUND_UNIT,SMALLIETF|INF109K1A476|1
SMARTLINK,,2009-08-21,2011-06-21,455,1146,1600,0,SMARTLINK|NOISIN|1,UNKNOWN_NO_ISIN,SMARTLINK|INE178C01020|1
SMARTLINK,INE178C01020,2011-06-22,2026-05-18,3356,1601,5274,96,SMARTLINK|INE178C01020|1,EQUITY,SMARTLINK|INE178C01020|1
SMARTWORKS,INE0NAZ01010,2025-07-17,2026-09-30,298,5071,5368,0,SMARTWORKS|INE0NAZ01010|1,EQUITY,SMARTWORKS|INE0NAZ01010|1
SMCGLOBAL,INE103C01036,2021-03-10,2026-09-30,1372,3997,5368,0,SMCGLOBAL|INE103C01036|1,EQUITY,SMCGLOBAL|INE103C01036|1
SML100CASE,INF0R8F01141,2025-09-12,2026-09-30,259,5110,5368,0,SML100CASE|INF0R8F01141|1,FUND_UNIT,SML100CASE|INF0R8F01141|1
SMLISUZU,,2011-01-17,2011-06-21,106,1494,1600,1,SMLISUZU|NOISIN|1,UNKNOWN_NO_ISIN,SMLISUZU|INE294B01019|1
SMLISUZU,INE294B01019,2011-06-22,2025-11-07,3497,1601,5147,26,SMLISUZU|INE294B01019|1,EQUITY,SMLISUZU|INE294B01019|1
SMLMAH,INE294B01019,2025-11-10,2026-09-30,221,5148,5368,0,SMLMAH|INE294B01019|1,EQUITY,SMLISUZU|INE294B01019|1
SMLT,INE017W01010,2021-11-25,2026-09-30,1072,4171,5368,64,SMLT|INE017W01010|1,EQUITY,SMLT|INE017W01010|1
SMOBILITY,INE927C01020,2011-07-26,2014-08-18,730,1625,2380,26,SMOBILITY|INE927C01020|1,EQUITY,DIGISPICE|INE927C01020|1
SMPL,,2010-03-09,2011-06-21,325,1276,1600,0,SMPL|NOISIN|1,UNKNOWN_NO_ISIN,SMPL|INE215G01021|1
SMPL,INE215G01021,2011-06-22,2019-08-30,1443,1601,3620,147,SMPL|INE215G01021|1,EQUITY,SMPL|INE215G01021|1
SMSLIFE,INE320X01016,2017-09-01,2025-11-25,1865,3127,5159,137,SMSLIFE|INE320X01016|1,EQUITY,HALEOSLABS|INE320X01016|1
SMSPHARMA,,2007-02-28,2008-06-12,322,534,855,0,SMSPHARMA|NOISIN|1,UNKNOWN_NO_ISIN,SMSPHARMA|NOISIN|1
SMSPHARMA,,2008-08-22,2011-06-21,695,905,1600,1,SMSPHARMA|NOISIN|2,UNKNOWN_NO_ISIN,SMSPHARMA|INE812G01017|1
SMSPHARMA,INE812G01017,2011-06-22,2015-12-17,1014,1601,2706,69,SMSPHARMA|INE812G01017|1,EQUITY,SMSPHARMA|INE812G01017|1
SMSPHARMA,INE812G01025,2015-12-18,2026-09-30,2652,2707,5368,10,SMSPHARMA|INE812G01025|1,EQUITY,SMSPHARMA|INE812G01017|1
SMZSCHEM,,2005-01-03,2005-04-21,56,0,74,14,SMZSCHEM|NOISIN|1,UNKNOWN_NO_ISIN,SMZSCHEM|NOISIN|1
SMZSCHEM,,2005-07-08,2005-08-19,29,130,158,0,SMZSCHEM|NOISIN|2,UNKNOWN_NO_ISIN,SMZSCHEM|NOISIN|2
SMZSCHEM,,2006-08-29,2006-10-06,25,411,438,2,SMZSCHEM|NOISIN|3,UNKNOWN_NO_ISIN,SMZSCHEM|NOISIN|3
SMZSCHEM,,2006-11-27,2006-12-08,2,472,481,8,SMZSCHEM|NOISIN|4,UNKNOWN_NO_ISIN,SMZSCHEM|NOISIN|4
SMZSCHEM,,2007-01-12,2007-09-20,98,504,675,16,SMZSCHEM|NOISIN|5,UNKNOWN_NO_ISIN,SMZSCHEM|NOISIN|5
SMZSCHEM,,2007-12-03,2007-12-28,18,726,743,0,SMZSCHEM|NOISIN|6,UNKNOWN_NO_ISIN,SMZSCHEM|NOISIN|6
SMZSCHEM,,2008-02-29,2008-09-09,126,788,916,1,SMZSCHEM|NOISIN|7,UNKNOWN_NO_ISIN,SMZSCHEM|NOISIN|7
SNOWCEMIND,,2005-01-03,2005-05-19,81,0,94,14,SNOWCEMIND|NOISIN|1,UNKNOWN_NO_ISIN,SNOWCEMIND|NOISIN|1
SNOWCEMIND,,2005-07-08,2005-07-29,15,130,144,0,SNOWCEMIND|NOISIN|2,UNKNOWN_NO_ISIN,SNOWCEMIND|NOISIN|2
SNOWCEMIND,,2006-06-12,2006-06-29,14,356,369,0,SNOWCEMIND|NOISIN|3,UNKNOWN_NO_ISIN,SNOWCEMIND|NOISIN|3
SNOWCEMIND,,2006-08-28,2006-09-12,12,410,421,0,SNOWCEMIND|NOISIN|4,UNKNOWN_NO_ISIN,SNOWCEMIND|NOISIN|4
SNOWMAN,INE734N01019,2014-09-26,2026-09-30,2961,2408,5368,0,SNOWMAN|INE734N01019|1,EQUITY,SNOWMAN|INE734N01019|1
SNXT30BEES,INF204KC1EZ3,2025-06-13,2026-09-30,322,5047,5368,0,SNXT30BEES|INF204KC1EZ3|1,FUND_UNIT,SNXT30BEES|INF204KC1EZ3|1
SNXT50BETA,INF789F1AUU3,2025-12-24,2026-09-30,189,5180,5368,0,SNXT50BETA|INF789F1AUU3|1,FUND_UNIT,SNXT50BETA|INF789F1AUU3|1
SOBHA,,2006-12-20,2011-06-21,1112,489,1600,0,SOBHA|NOISIN|1,UNKNOWN_NO_ISIN,SOBHA|INE671H01015|1
SOBHA,INE671H01015,2011-06-22,2026-09-30,3768,1601,5368,0,SOBHA|INE671H01015|1,EQUITY,SOBHA|INE671H01015|1
SOFFIASOFT,,2005-01-03,2005-08-19,159,0,158,0,SOFFIASOFT|NOISIN|1,UNKNOWN_NO_ISIN,QUINTEGRA|NOISIN|1
SOFTPRO,,2005-01-03,2006-09-21,429,0,428,0,SOFTPRO|NOISIN|1,UNKNOWN_NO_ISIN,SOFTPRO|NOISIN|1
SOFTPRO,,2006-11-24,2006-12-29,25,471,495,0,SOFTPRO|NOISIN|2,UNKNOWN_NO_ISIN,SOFTPRO|NOISIN|2
SOFTPRO,,2007-03-05,2007-08-23,109,537,655,2,SOFTPRO|NOISIN|3,UNKNOWN_NO_ISIN,SOFTPRO|NOISIN|3
SOFTPRO,,2008-02-29,2008-04-21,32,788,819,0,SOFTPRO|NOISIN|4,UNKNOWN_NO_ISIN,SOFTPRO|NOISIN|4
SOFTPRO,,2008-06-13,2009-06-11,222,856,1095,2,SOFTPRO|NOISIN|5,UNKNOWN_NO_ISIN,SOFTPRO|NOISIN|5
SOFTPRO,,2009-08-21,2010-02-18,119,1146,1264,0,SOFTPRO|NOISIN|6,UNKNOWN_NO_ISIN,SOFTPRO|NOISIN|6
SOFTPRO,,2010-06-11,2010-10-28,91,1341,1439,1,SOFTPRO|NOISIN|7,UNKNOWN_NO_ISIN,SOFTPRO|NOISIN|7
SOFTSOLINT,,2005-01-03,2005-05-19,81,0,94,14,SOFTSOLINT|NOISIN|1,UNKNOWN_NO_ISIN,SOFTSOLINT|NOISIN|1
SOFTSOLINT,,2005-07-08,2005-07-14,5,130,134,0,SOFTSOLINT|NOISIN|2,UNKNOWN_NO_ISIN,SOFTSOLINT|NOISIN|2
SOFTSOLINT,,2006-06-12,2006-06-29,14,356,369,0,SOFTSOLINT|NOISIN|3,UNKNOWN_NO_ISIN,SOFTSOLINT|NOISIN|3
SOFTSOLINT,,2006-11-24,2007-08-30,190,471,660,0,SOFTSOLINT|NOISIN|4,UNKNOWN_NO_ISIN,SOFTSOLINT|NOISIN|4
SOFTSOLINT,,2007-12-03,2008-06-20,136,726,861,0,SOFTSOLINT|NOISIN|5,UNKNOWN_NO_ISIN,PVP|NOISIN|1
SOFTTECH,INE728Z01015,2022-02-25,2026-09-30,770,4236,5368,99,SOFTTECH|INE728Z01015|1,EQUITY,SOFTTECH|INE728Z01015|1
SOFTTECHGR,,2005-01-03,2005-02-24,37,0,36,0,SOFTTECHGR|NOISIN|1,UNKNOWN_NO_ISIN,SOFTTECHGR|NOISIN|1
SOFTTECHGR,,2005-04-08,2005-04-15,5,66,70,0,SOFTTECHGR|NOISIN|2,UNKNOWN_NO_ISIN,SOFTTECHGR|NOISIN|2
SOFTTECHGR,,2005-07-08,2005-07-21,10,130,139,0,SOFTTECHGR|NOISIN|3,UNKNOWN_NO_ISIN,SOFTTECHGR|NOISIN|3
SOFTTECHGR,,2006-06-12,2006-06-29,14,356,369,0,SOFTTECHGR|NOISIN|4,UNKNOWN_NO_ISIN,SOFTTECHGR|NOISIN|4
SOFTTECHGR,,2006-08-28,2006-12-29,84,410,495,1,SOFTTECHGR|NOISIN|5,UNKNOWN_NO_ISIN,SOFTTECHGR|NOISIN|5
SOFTTECHGR,,2007-03-02,2007-08-23,120,536,655,0,SOFTTECHGR|NOISIN|6,UNKNOWN_NO_ISIN,SOFTTECHGR|NOISIN|6
SOFTTECHGR,,2007-12-03,2008-01-10,27,726,752,0,SOFTTECHGR|NOISIN|7,UNKNOWN_NO_ISIN,SOFTTECHGR|NOISIN|7
SOFTTECHGR,,2008-02-29,2008-06-12,64,788,855,3,SOFTTECHGR|NOISIN|8,UNKNOWN_NO_ISIN,SOFTTECHGR|NOISIN|8
SOFTTECHGR,,2008-08-22,2009-09-08,223,905,1158,2,SOFTTECHGR|NOISIN|9,UNKNOWN_NO_ISIN,SOFTTECHGR|NOISIN|9
SOFTTECHGR,,2011-04-19,2011-06-20,39,1556,1599,2,SOFTTECHGR|NOISIN|10,UNKNOWN_NO_ISIN,SOFTTECHGR|NOISIN|10
SOFTTECHGR,INE863A01013,2011-06-22,2017-06-20,550,1601,3077,279,SOFTTECHGR|INE863A01013|1,EQUITY,SOFTTECHGR|INE863A01013|1
SOLARA,INE624Z01016,2018-07-11,2026-09-30,1971,3341,5368,57,SOLARA|INE624Z01016|1,EQUITY,SOLARA|INE624Z01016|1
SOLAREX,,2006-04-03,2006-06-29,60,310,369,0,SOLAREX|NOISIN|1,UNKNOWN_NO_ISIN,SOLAREX|NOISIN|1
SOLAREX,,2006-08-28,2009-04-09,644,410,1054,1,SOLAREX|NOISIN|2,UNKNOWN_NO_ISIN,SOLAREX|NOISIN|2
SOLARINDS,,2009-04-13,2011-06-21,544,1055,1600,1,SOLARINDS|NOISIN|1,UNKNOWN_NO_ISIN,SOLAREX|NOISIN|2
SOLARINDS,INE343H01011,2011-06-22,2016-07-13,1220,1601,2846,26,SOLARINDS|INE343H01011|1,EQUITY,SOLAREX|NOISIN|2
SOLARINDS,INE343H01029,2016-07-14,2026-09-30,2522,2847,5368,0,SOLARINDS|INE343H01029|1,EQUITY,SOLARINDS|INE343H01029|1
SOLARWORLD,INE0TY101024,2025-09-30,2026-09-30,247,5122,5368,0,SOLARWORLD|INE0TY101024|1,EQUITY,SOLARWORLD|INE0TY101024|1
SOLECTCENT,,2005-01-03,2006-11-16,466,0,465,0,SOLECTCENT|NOISIN|1,UNKNOWN_NO_ISIN,SOLECTCENT|NOISIN|1
SOLECTCENT,,2007-03-02,2007-08-07,109,536,644,0,SOLECTCENT|NOISIN|2,UNKNOWN_NO_ISIN,SOLECTCENT|NOISIN|2
SOLEMS,,2008-03-18,2009-09-03,334,799,1155,2,SOLEMS|NOISIN|1,UNKNOWN_NO_ISIN,SOLEMS|NOISIN|1
SOLEMS,,2009-11-20,2010-03-05,69,1205,1274,1,SOLEMS|NOISIN|2,UNKNOWN_NO_ISIN,SOLEMS|NOISIN|2
SOLEMS,,2010-06-11,2010-08-23,49,1341,1392,2,SOLEMS|NOISIN|3,UNKNOWN_NO_ISIN,SOLEMS|NOISIN|3
SOLEX,INE880Y01017,2025-10-08,2026-09-30,242,5127,5368,0,SOLEX|INE880Y01017|1,EQUITY,SOLEX|INE880Y01017|1
SOMANYCERA,,2007-03-21,2009-08-20,479,549,1145,5,SOMANYCERA|NOISIN|1,UNKNOWN_NO_ISIN,SOMANYCERA|NOISIN|1
SOMANYCERA,,2009-11-20,2011-06-21,387,1205,1600,2,SOMANYCERA|NOISIN|2,UNKNOWN_NO_ISIN,SOMANYCERA|INE355A01028|1
SOMANYCERA,INE355A01028,2011-06-22,2026-09-30,3636,1601,5368,63,SOMANYCERA|INE355A01028|1,EQUITY,SOMANYCERA|INE355A01028|1
SOMATEX,,2005-01-03,2007-12-13,735,0,734,0,SOMATEX|NOISIN|1,UNKNOWN_NO_ISIN,SOMATEX|NOISIN|1
SOMATEX,,2008-02-29,2008-04-21,32,788,819,0,SOMATEX|NOISIN|2,UNKNOWN_NO_ISIN,SOMATEX|NOISIN|2
SOMATEX,,2008-06-13,2008-08-21,48,856,904,1,SOMATEX|NOISIN|3,UNKNOWN_NO_ISIN,SOMATEX|NOISIN|3
SOMATEX,,2008-12-01,2009-06-11,125,970,1095,1,SOMATEX|NOISIN|4,UNKNOWN_NO_ISIN,SOMATEX|NOISIN|4
SOMATEX,,2009-08-21,2011-06-21,455,1146,1600,0,SOMATEX|NOISIN|5,UNKNOWN_NO_ISIN,SOMATEX|INE314C01013|1
SOMATEX,INE314C01013,2011-06-22,2026-09-30,2141,1601,5368,185,SOMATEX|INE314C01013|1,EQUITY,SOMATEX|INE314C01013|1
SOMICONVEY,INE323J01019,2016-07-18,2026-09-30,2040,2849,5368,131,SOMICONVEY|INE323J01019|1,EQUITY,SOMICONVEY|INE323J01019|1
SONACOMS,INE073K01018,2021-06-24,2026-09-30,1302,4067,5368,0,SONACOMS|INE073K01018|1,EQUITY,SONACOMS|INE073K01018|1
SONAL,INE321M01017,2026-04-21,2026-09-30,82,5256,5368,4,SONAL|INE321M01017|1,EQUITY,SONAL|INE321M01017|1
SONAMCLOCK,INE00LM01011,2022-04-07,2023-10-25,384,4263,4646,0,SONAMCLOCK|INE00LM01011|1,EQUITY,SONAMCLOCK|INE00LM01011|1
SONAMLTD,INE00LM01011,2024-01-29,2024-05-09,68,4709,4776,0,SONAMLTD|INE00LM01011|1,EQUITY,SONAMCLOCK|INE00LM01011|1
SONAMLTD,INE00LM01029,2024-05-10,2026-09-02,486,4777,5349,87,SONAMLTD|INE00LM01029|1,EQUITY,SONAMCLOCK|INE00LM01011|1
SONASTEER,,2005-01-03,2007-11-30,726,0,725,0,SONASTEER|NOISIN|1,UNKNOWN_NO_ISIN,SONASTEER|NOISIN|1
SONASTEER,,2008-02-29,2009-06-11,307,788,1095,1,SONASTEER|NOISIN|2,UNKNOWN_NO_ISIN,SONASTEER|NOISIN|2
SONASTEER,,2009-11-20,2011-06-21,378,1205,1600,18,SONASTEER|NOISIN|3,UNKNOWN_NO_ISIN,JTEKTINDIA|INE643A01035|1
SONASTEER,INE643A01035,2011-06-22,2018-04-20,1620,1601,3284,64,SONASTEER|INE643A01035|1,EQUITY,JTEKTINDIA|INE643A01035|1
SONATSOFTW,,2005-01-03,2006-08-25,410,0,409,0,SONATSOFTW|NOISIN|1,UNKNOWN_NO_ISIN,SONATSOFTW|NOISIN|1
SONATSOFTW,,2006-11-24,2011-06-21,1129,471,1600,1,SONATSOFTW|NOISIN|2,UNKNOWN_NO_ISIN,SONATSOFTW|INE269A01021|1
SONATSOFTW,INE269A01021,2011-06-22,2026-09-30,3661,1601,5368,61,SONATSOFTW|INE269A01021|1,EQUITY,SONATSOFTW|INE269A01021|1
SORILHOLD,INE126M01010,2017-04-18,2018-04-30,168,3033,3290,90,SORILHOLD|INE126M01010|1,EQUITY,IBULISL|INE126M01010|1
SORILINFRA,INE034H01016,2017-01-10,2022-08-17,1287,2968,4352,59,SORILINFRA|INE034H01016|1,EQUITY,SORILINFRA|INE034H01016|1
SOTL,,2009-08-24,2011-06-21,454,1147,1600,0,SOTL|NOISIN|1,UNKNOWN_NO_ISIN,SAVITACHEM|NOISIN|1
SOTL,INE035D01012,2011-06-22,2022-09-01,2762,1601,4362,0,SOTL|INE035D01012|1,EQUITY,SAVITACHEM|NOISIN|1
SOTL,INE035D01020,2022-09-02,2026-09-30,1006,4363,5368,0,SOTL|INE035D01020|1,EQUITY,SAVITACHEM|NOISIN|1
SOUISPAT,,2010-10-01,2011-06-21,181,1420,1600,0,SOUISPAT|NOISIN|1,UNKNOWN_NO_ISIN,SOUISPAT|INE943B01011|1
SOUISPAT,INE943B01011,2011-06-22,2014-09-08,564,1601,2394,119,SOUISPAT|INE943B01011|1,EQUITY,SOUISPAT|INE943B01011|1
SOUISPAT,INE943B01029,2014-10-10,2015-01-29,55,2415,2488,19,SOUISPAT|INE943B01029|1,EQUITY,SOUISPAT|INE943B01029|1
SOUTHBANK,,2005-01-03,2011-06-21,1601,0,1600,0,SOUTHBANK|NOISIN|1,UNKNOWN_NO_ISIN,SOUTHBANK|INE683A01023|1
SOUTHBANK,INE683A01023,2011-06-22,2026-09-30,3768,1601,5368,0,SOUTHBANK|INE683A01023|1,EQUITY,SOUTHBANK|INE683A01023|1
SOUTHWEST,INE980Y01015,2019-04-18,2026-09-30,1399,3530,5368,66,SOUTHWEST|INE980Y01015|1,EQUITY,SOUTHWEST|INE980Y01015|1
SPAL,INE212I01016,2016-08-29,2026-09-30,2491,2878,5368,0,SPAL|INE212I01016|1,EQUITY,SPAL|INE212I01016|1
SPANCO,,2010-12-29,2011-06-21,120,1481,1600,0,SPANCO|NOISIN|1,UNKNOWN_NO_ISIN,SPANCO|INE360B01026|1
SPANCO,INE360B01026,2011-06-22,2013-07-18,473,1601,2115,42,SPANCO|INE360B01026|1,EQUITY,SPANCO|INE360B01026|1
SPANDANA,INE572J01011,2019-08-19,2026-09-30,1701,3611,5368,57,SPANDANA|INE572J01011|1,EQUITY,SPANDANA|INE572J01011|1
SPARC,,2007-07-18,2011-06-21,971,630,1600,0,SPARC|NOISIN|1,UNKNOWN_NO_ISIN,SPARC|INE232I01014|1
SPARC,INE232I01014,2011-06-22,2026-09-30,3661,1601,5368,54,SPARC|INE232I01014|1,EQUITY,SPARC|INE232I01014|1
SPCENET,INE970N01027,2017-01-24,2026-09-30,929,2978,5368,403,SPCENET|INE970N01027|1,EQUITY,SPCENET|INE970N01027|1
SPECIALITY,INE247M01014,2012-06-13,2026-08-13,3454,1842,5335,40,SPECIALITY|INE247M01014|1,EQUITY,SPECIALITY|INE247M01014|1
SPECTACLE,,2010-03-09,2011-03-04,251,1276,1526,0,SPECTACLE|NOISIN|1,UNKNOWN_NO_ISIN,SPECTACLE|NOISIN|1
SPECTACLE,,2011-06-17,2011-06-21,3,1598,1600,0,SPECTACLE|NOISIN|2,UNKNOWN_NO_ISIN,SPECTACLE|INE409H01028|1
SPECTACLE,INE409H01028,2011-06-22,2016-03-22,456,1601,2771,248,SPECTACLE|INE409H01028|1,EQUITY,SPECTACLE|INE409H01028|1
SPECTRUM,INE01EO01010,2025-03-28,2026-08-10,336,4997,5332,0,SPECTRUM|INE01EO01010|1,EQUITY,SPECTRUM|INE01EO01010|1
SPELS,INE252A01019,2026-08-17,2026-09-09,18,5337,5354,0,SPELS|INE252A01019|1,EQUITY,SPELS|INE252A01019|1
SPENCERS,INE020801028,2019-02-08,2026-09-30,1885,3484,5368,0,SPENCERS|INE020801028|1,EQUITY,SPENCERS|INE020801028|1
SPENTEX,,2006-12-20,2009-05-28,596,489,1085,1,SPENTEX|NOISIN|1,UNKNOWN_NO_ISIN,SPENTEX|NOISIN|1
SPENTEX,,2009-08-21,2009-12-10,74,1146,1219,0,SPENTEX|NOISIN|2,UNKNOWN_NO_ISIN,SPENTEX|NOISIN|2
SPENTEX,,2010-02-19,2010-04-16,37,1265,1301,0,SPENTEX|NOISIN|3,UNKNOWN_NO_ISIN,SPENTEX|NOISIN|3
SPENTEX,,2010-06-11,2010-09-16,69,1341,1409,0,SPENTEX|NOISIN|4,UNKNOWN_NO_ISIN,SPENTEX|NOISIN|4
SPENTEX,,2010-12-03,2011-06-21,137,1464,1600,0,SPENTEX|NOISIN|5,UNKNOWN_NO_ISIN,SPENTEX|INE376C01020|1
SPENTEX,INE376C01020,2011-06-22,2018-09-26,1453,1601,3392,97,SPENTEX|INE376C01020|1,EQUITY,SPENTEX|INE376C01020|1
SPHEREGSL,INE737B01033,2015-10-13,2018-04-18,621,2662,3282,0,SPHEREGSL|INE737B01033|1,EQUITY,ADROITINFO|INE737B01033|1
SPIC,,2005-01-03,2005-05-19,95,0,94,0,SPIC|NOISIN|1,UNKNOWN_NO_ISIN,SPIC|NOISIN|1
SPIC,,2005-07-08,2006-06-29,240,130,369,0,SPIC|NOISIN|2,UNKNOWN_NO_ISIN,SPIC|NOISIN|2
SPIC,,2006-08-28,2006-10-19,38,410,447,0,SPIC|NOISIN|3,UNKNOWN_NO_ISIN,SPIC|NOISIN|3
SPIC,,2006-11-24,2007-08-23,185,471,655,0,SPIC|NOISIN|4,UNKNOWN_NO_ISIN,SPIC|NOISIN|4
SPIC,,2007-12-03,2009-04-17,333,726,1058,0,SPIC|NOISIN|5,UNKNOWN_NO_ISIN,SPIC|NOISIN|5
SPIC,,2009-08-21,2009-10-05,29,1146,1174,0,SPIC|NOISIN|6,UNKNOWN_NO_ISIN,SPIC|NOISIN|6
SPIC,,2009-11-20,2009-12-10,15,1205,1219,0,SPIC|NOISIN|7,UNKNOWN_NO_ISIN,SPIC|NOISIN|7
SPIC,,2010-02-19,2010-04-16,37,1265,1301,0,SPIC|NOISIN|8,UNKNOWN_NO_ISIN,SPIC|NOISIN|8
SPIC,,2010-06-11,2010-07-08,20,1341,1360,0,SPIC|NOISIN|9,UNKNOWN_NO_ISIN,SPIC|NOISIN|9
SPIC,,2010-08-20,2011-06-21,210,1391,1600,0,SPIC|NOISIN|10,UNKNOWN_NO_ISIN,SPIC|INE147A01011|1
SPIC,INE147A01011,2011-06-22,2026-09-30,3710,1601,5368,30,SPIC|INE147A01011|1,EQUITY,SPIC|INE147A01011|1
SPICE,INF346A01034,2014-07-30,2014-08-12,6,2368,2377,4,SPICE|INF346A01034|1,FUND_UNIT,ICICISENSX|INF346A01034|1
SPICEJET,INE285B01017,2019-08-19,2023-04-28,914,3611,4524,0,SPICEJET|INE285B01017|1,EQUITY,SPICEJET|INE285B01017|1
SPICEMOBI,INE927C01020,2014-08-19,2019-06-06,1160,2381,3561,21,SPICEMOBI|INE927C01020|1,EQUITY,DIGISPICE|INE927C01020|1
SPICEMOBIL,,2008-05-27,2009-02-19,182,843,1024,0,SPICEMOBIL|NOISIN|1,UNKNOWN_NO_ISIN,SPICEMOBIL|NOISIN|1
SPICEMOBIL,,2009-08-21,2011-06-21,455,1146,1600,0,SPICEMOBIL|NOISIN|2,UNKNOWN_NO_ISIN,DIGISPICE|INE927C01020|1
SPICEMOBIL,INE927C01020,2011-06-22,2011-07-25,24,1601,1624,0,SPICEMOBIL|INE927C01020|1,EQUITY,DIGISPICE|INE927C01020|1
SPICETELE,,2008-06-16,2010-03-10,421,857,1277,0,SPICETELE|NOISIN|1,UNKNOWN_NO_ISIN,SPICETELE|NOISIN|1
SPLIL,,2005-07-26,2009-04-17,917,142,1058,0,SPLIL|NOISIN|1,UNKNOWN_NO_ISIN,SPLIL|NOISIN|1
SPLIL,,2009-08-21,2009-11-26,64,1146,1209,0,SPLIL|NOISIN|2,UNKNOWN_NO_ISIN,SPLIL|NOISIN|2
SPLIL,,2010-02-19,2011-06-21,333,1265,1600,1,SPLIL|NOISIN|3,UNKNOWN_NO_ISIN,SPLIL|INE978G01016|1
SPLIL,INE978G01016,2011-06-22,2026-09-30,3370,1601,5368,92,SPLIL|INE978G01016|1,EQUITY,SPLIL|INE978G01016|1
SPLLTD,,2005-04-08,2005-05-19,29,66,94,0,SPLLTD|NOISIN|1,UNKNOWN_NO_ISIN,SPLLTD|NOISIN|1
SPLLTD,,2005-07-08,2005-07-21,10,130,139,0,SPLLTD|NOISIN|2,UNKNOWN_NO_ISIN,SPLLTD|NOISIN|2
SPLLTD,,2006-02-17,2007-03-20,264,280,548,1,SPLLTD|NOISIN|3,UNKNOWN_NO_ISIN,SOMANYCERA|NOISIN|1
SPLPETRO,INE663A01025,2022-06-07,2023-01-05,147,4303,4449,0,SPLPETRO|INE663A01025|1,EQUITY,SPLPETRO|INE663A01025|1
SPLPETRO,INE663A01033,2023-01-06,2026-09-30,919,4450,5368,0,SPLPETRO|INE663A01033|1,EQUITY,SPLPETRO|INE663A01025|1
SPMLINFRA,,2010-05-14,2011-06-21,280,1321,1600,0,SPMLINFRA|NOISIN|1,UNKNOWN_NO_ISIN,SPMLINFRA|INE937A01023|1
SPMLINFRA,INE937A01023,2011-06-22,2026-09-30,2962,1601,5368,225,SPMLINFRA|INE937A01023|1,EQUITY,SPMLINFRA|INE937A01023|1
SPORTKING,INE885H01011,2022-08-24,2024-09-12,506,4357,4862,0,SPORTKING|INE885H01011|1,EQUITY,SPORTKING|INE885H01011|1
SPORTKING,INE885H01029,2024-09-13,2026-09-30,506,4863,5368,0,SPORTKING|INE885H01029|1,EQUITY,SPORTKING|INE885H01011|1
SPSL,,2006-09-26,2006-11-23,40,431,470,0,SPSL|NOISIN|1,UNKNOWN_NO_ISIN,SPSL|NOISIN|1
SPSL,,2007-03-02,2009-05-08,536,536,1071,0,SPSL|NOISIN|2,UNKNOWN_NO_ISIN,SPSL|NOISIN|2
SPTL,INE501W01021,2017-08-23,2023-03-02,1047,3121,4488,88,SPTL|INE501W01021|1,EQUITY,SPTL|INE501W01021|1
SPYL,,2011-01-12,2011-06-21,110,1491,1600,0,SPYL|NOISIN|1,UNKNOWN_NO_ISIN,SPYL|INE268L01012|1
SPYL,INE268L01012,2011-06-22,2013-04-11,389,1601,2048,59,SPYL|INE268L01012|1,EQUITY,SPYL|INE268L01012|1
SPYL,INE268L01020,2013-04-12,2023-11-20,1174,2049,4663,653,SPYL|INE268L01020|1,EQUITY,SPYL|INE268L01020|1
SQRDSFWARE,,2005-01-03,2005-04-07,66,0,65,0,SQRDSFWARE|NOISIN|1,UNKNOWN_NO_ISIN,SQRDSFWARE|NOISIN|1
SQRDSFWARE,,2005-07-08,2005-07-29,15,130,144,0,SQRDSFWARE|NOISIN|2,UNKNOWN_NO_ISIN,SQRDSFWARE|NOISIN|2
SQSBFSI,INE201K01015,2014-09-30,2019-04-30,1123,2410,3536,4,SQSBFSI|INE201K01015|1,EQUITY,EXPLEOSOL|INE201K01015|1
SRD,INE01NE01012,2024-10-09,2026-09-30,364,4880,5368,63,SRD|INE01NE01012|1,EQUITY,SRD|INE01NE01012|1
SREEL,INE099F01013,2014-01-01,2026-09-11,2851,2226,5356,42,SREEL|INE099F01013|1,EQUITY,SREEL|INE099F01013|1
SREINFRA,,2010-07-21,2011-06-21,232,1369,1600,0,SREINFRA|NOISIN|1,UNKNOWN_NO_ISIN,SREINFRA|INE872A01014|1
SREINFRA,INE872A01014,2011-06-22,2022-05-24,2604,1601,4293,57,SREINFRA|INE872A01014|1,EQUITY,SREINFRA|INE872A01014|1
SREINTFIN,,2005-01-03,2010-07-20,1369,0,1368,0,SREINTFIN|NOISIN|1,UNKNOWN_NO_ISIN,SREINFRA|INE872A01014|1
SRERAYHIST,,2005-01-03,2005-03-03,42,0,41,0,SRERAYHIST|NOISIN|1,UNKNOWN_NO_ISIN,SRERAYHIST|NOISIN|1
SRERAYHIST,,2005-07-08,2005-11-18,89,130,218,0,SRERAYHIST|NOISIN|2,UNKNOWN_NO_ISIN,SRERAYHIST|NOISIN|2
SRERAYHIST,,2006-02-17,2006-08-17,119,280,403,1,SRERAYHIST|NOISIN|3,UNKNOWN_NO_ISIN,SRERAYHIST|NOISIN|3
SRF,,2005-01-03,2011-06-21,1601,0,1600,0,SRF|NOISIN|1,UNKNOWN_NO_ISIN,SRF|INE647A01010|1
SRF,INE647A01010,2011-06-22,2026-09-30,3768,1601,5368,0,SRF|INE647A01010|1,EQUITY,SRF|INE647A01010|1
SRGHFL,INE559N01010,2023-08-21,2026-09-30,766,4602,5368,1,SRGHFL|INE559N01010|1,EQUITY,SRGHFL|INE559N01010|1
SRGINFOTEC,,2005-07-08,2005-08-25,33,130,162,0,SRGINFOTEC|NOISIN|1,UNKNOWN_NO_ISIN,SRGINFOTEC|NOISIN|1
SRGINFOTEC,,2006-06-12,2006-06-29,14,356,369,0,SRGINFOTEC|NOISIN|2,UNKNOWN_NO_ISIN,SRGINFOTEC|NOISIN|2
SRGINFOTEC,,2006-08-28,2006-11-16,56,410,465,0,SRGINFOTEC|NOISIN|3,UNKNOWN_NO_ISIN,SRGINFOTEC|NOISIN|3
SRGINFOTEC,,2007-06-08,2007-06-28,15,602,616,0,SRGINFOTEC|NOISIN|4,UNKNOWN_NO_ISIN,SRGINFOTEC|NOISIN|4
SRGINFOTEC,,2008-02-29,2008-04-21,32,788,819,0,SRGINFOTEC|NOISIN|5,UNKNOWN_NO_ISIN,SRGINFOTEC|NOISIN|5
SRGINFOTEC,,2008-06-13,2008-09-18,68,856,923,0,SRGINFOTEC|NOISIN|6,UNKNOWN_NO_ISIN,SRGINFOTEC|NOISIN|6
SRGINFOTEC,,2008-12-01,2009-01-09,24,970,996,2,SRGINFOTEC|NOISIN|7,UNKNOWN_NO_ISIN,SRGINFOTEC|NOISIN|7
SRGINFOTEC,,2009-03-02,2009-03-19,12,1030,1041,0,SRGINFOTEC|NOISIN|8,UNKNOWN_NO_ISIN,SRGINFOTEC|NOISIN|8
SRGINFOTEC,,2009-08-21,2011-06-21,437,1146,1600,18,SRGINFOTEC|NOISIN|9,UNKNOWN_NO_ISIN,SRGINFOTEC|INE376A01032|1
SRGINFOTEC,INE376A01032,2011-06-22,2013-08-29,441,1601,2143,59,SRGINFOTEC|INE376A01032|1,EQUITY,SRGINFOTEC|INE376A01032|1
SRHHLINDST,,2007-05-08,2007-08-23,77,579,655,0,SRHHLINDST|NOISIN|1,UNKNOWN_NO_ISIN,SRHHLINDST|NOISIN|1
SRHHLINDST,,2007-12-03,2007-12-28,18,726,743,0,SRHHLINDST|NOISIN|2,UNKNOWN_NO_ISIN,SRHHLINDST|NOISIN|2
SRHHLINDST,,2008-03-03,2009-06-10,170,789,1094,10,SRHHLINDST|NOISIN|3,UNKNOWN_NO_ISIN,SRHHLINDST|NOISIN|3
SRHHLINDST,,2009-08-21,2009-09-17,20,1146,1165,0,SRHHLINDST|NOISIN|4,UNKNOWN_NO_ISIN,SRHHLINDST|NOISIN|4
SRHHLINDST,,2009-11-20,2010-04-16,75,1205,1301,18,SRHHLINDST|NOISIN|5,UNKNOWN_NO_ISIN,SRHHLINDST|NOISIN|5
SRHHLINDST,,2010-06-11,2011-06-21,248,1341,1600,2,SRHHLINDST|NOISIN|6,UNKNOWN_NO_ISIN,SRHHLINDST|INE724B01023|1
SRHHLINDST,INE724B01023,2011-06-22,2012-10-31,319,1601,1937,2,SRHHLINDST|INE724B01023|1,EQUITY,SRHHLINDST|INE724B01023|1
SRHHYPOLTD,,2007-05-08,2011-06-21,979,579,1600,6,SRHHYPOLTD|NOISIN|1,UNKNOWN_NO_ISIN,SRHHYPOLTD|INE917H01012|1
SRHHYPOLTD,INE917H01012,2011-06-22,2026-09-30,3515,1601,5368,71,SRHHYPOLTD|INE917H01012|1,EQUITY,SRHHYPOLTD|INE917H01012|1
SRIADIKARI,,2005-01-03,2005-08-25,163,0,162,0,SRIADIKARI|NOISIN|1,UNKNOWN_NO_ISIN,SRIADIKARI|NOISIN|1
SRIADIKARI,,2006-06-12,2007-10-24,343,356,698,0,SRIADIKARI|NOISIN|2,UNKNOWN_NO_ISIN,SRIADIKARI|NOISIN|2
SRICHAMUND,,2010-10-18,2011-06-21,148,1431,1600,6,SRICHAMUND|NOISIN|1,UNKNOWN_NO_ISIN,SRICHAMUND|NOISIN|1
SRICHAMUND,INE004H01019,2011-06-23,2015-01-23,295,1602,2485,207,SRICHAMUND|INE004H01019|1,EQUITY,SRICHAMUND|INE004H01019|1
SRIKPRIND,INE009C01019,2026-08-18,2026-09-07,15,5338,5352,0,SRIKPRIND|INE009C01019|1,EQUITY,SRIKPRIND|INE009C01019|1
SRIPIPES,INE943C01027,2014-12-17,2022-01-12,1747,2459,4205,0,SRIPIPES|INE943C01027|1,EQUITY,LANCOIN|INE943C01027|1
SRM,INE0R6Z01013,2024-04-19,2026-09-30,477,4763,5368,65,SRM|INE0R6Z01013|1,EQUITY,SRM|INE0R6Z01013|1
SRPL,INE008Z01012,2020-09-23,2023-05-18,382,3882,4537,171,SRPL|INE008Z01012|1,EQUITY,SRPL|INE008Z01012|1
SRPL,INE008Z01020,2023-05-19,2024-10-22,71,4538,4889,281,SRPL|INE008Z01020|1,EQUITY,SRPL|INE008Z01012|1
SRSLTD,INE219H01039,2011-09-16,2018-08-21,1603,1660,3369,43,SRSLTD|INE219H01039|1,EQUITY,SRSLTD|INE219H01039|1
SRTL,INE19GK01015,2026-03-17,2026-09-30,134,5235,5368,0,SRTL|INE19GK01015|1,EQUITY,SRTL|INE19GK01015|1
SRTRANSFIN,,2005-01-03,2011-06-21,1601,0,1600,0,SRTRANSFIN|NOISIN|1,UNKNOWN_NO_ISIN,SHRIRAMFIN|INE721A01013|1
SRTRANSFIN,INE721A01013,2011-06-22,2022-12-19,2836,1601,4436,0,SRTRANSFIN|INE721A01013|1,EQUITY,SHRIRAMFIN|INE721A01013|1
SSDL,INE0PQ101010,2024-09-03,2026-09-30,514,4855,5368,0,SSDL|INE0PQ101010|1,EQUITY,SSDL|INE0PQ101010|1
SSLT,INE205A01025,2013-10-04,2015-05-06,385,2167,2551,0,SSLT|INE205A01025|1,EQUITY,SESAGOA|INE205A01025|1
SSRETAIL,INE1EQW01028,2026-09-23,2026-09-30,6,5363,5368,0,SSRETAIL|INE1EQW01028|1,EQUITY,SSRETAIL|INE1EQW01028|1
SSWL,,2005-06-06,2009-10-05,1056,106,1174,2,SSWL|NOISIN|1,UNKNOWN_NO_ISIN,SSWL|NOISIN|1
SSWL,,2009-11-20,2011-06-21,395,1205,1600,1,SSWL|NOISIN|2,UNKNOWN_NO_ISIN,SSWL|INE802C01017|1
SSWL,INE802C01017,2011-06-22,2021-09-06,2517,1601,4117,0,SSWL|INE802C01017|1,EQUITY,SSWL|INE802C01017|1
SSWL,INE802C01025,2021-12-06,2022-11-10,232,4178,4409,0,SSWL|INE802C01025|1,EQUITY,SSWL|INE802C01025|1
SSWL,INE802C01033,2022-11-11,2026-09-30,959,4410,5368,0,SSWL|INE802C01033|1,EQUITY,SSWL|INE802C01025|1
STALLION,INE0RYC01010,2025-02-05,2026-08-10,247,4962,5332,64,STALLION|INE0RYC01010|1,EQUITY,STALLION|INE0RYC01010|1
STAMPEDE,INE224E01028,2016-07-25,2020-06-18,680,2854,3813,127,STAMPEDE|INE224E01028|1,EQUITY,GATECH|INE224E01028|1
STANLEY,INE01A001028,2024-06-28,2026-09-30,559,4810,5368,0,STANLEY|INE01A001028|1,EQUITY,STANLEY|INE01A001028|1
STAR,,2005-01-03,2011-06-21,1600,0,1600,1,STAR|NOISIN|1,UNKNOWN_NO_ISIN,STAR|INE939A01011|1
STAR,INE939A01011,2011-06-22,2026-09-30,3758,1601,5368,10,STAR|INE939A01011|1,EQUITY,STAR|INE939A01011|1
STARCEMENT,INE460H01021,2017-07-03,2026-09-30,2284,3085,5368,0,STARCEMENT|INE460H01021|1,EQUITY,STARCEMENT|INE460H01021|1
STARHEALTH,INE575P01011,2021-12-10,2026-09-30,1187,4182,5368,0,STARHEALTH|INE575P01011|1,EQUITY,STARHEALTH|INE575P01011|1
STARPAPER,,2005-01-03,2009-06-11,1094,0,1095,1,STARPAPER|NOISIN|1,UNKNOWN_NO_ISIN,STARPAPER|NOISIN|1
STARPAPER,,2009-08-21,2011-06-21,455,1146,1600,0,STARPAPER|NOISIN|2,UNKNOWN_NO_ISIN,STARPAPER|INE733A01018|1
STARPAPER,INE733A01018,2011-06-22,2026-09-30,3491,1601,5368,155,STARPAPER|INE733A01018|1,EQUITY,STARPAPER|INE733A01018|1
STARTECK,INE992I01013,2022-05-04,2026-09-30,855,4279,5368,114,STARTECK|INE992I01013|1,EQUITY,STARTECK|INE992I01013|1
STCINDIA,,2005-01-03,2011-06-21,1601,0,1600,0,STCINDIA|NOISIN|1,UNKNOWN_NO_ISIN,STCINDIA|INE655A01013|1
STCINDIA,INE655A01013,2011-06-22,2026-09-30,3601,1601,5368,64,STCINDIA|INE655A01013|1,EQUITY,STCINDIA|INE655A01013|1
STEAMHOUSE,INE0FRO01022,2026-09-17,2026-09-30,10,5359,5368,0,STEAMHOUSE|INE0FRO01022|1,EQUITY,STEAMHOUSE|INE0FRO01022|1
STEELCAS,INE124E01020,2021-11-23,2025-08-28,931,4169,5099,0,STEELCAS|INE124E01020|1,EQUITY,STEELCAS|INE124E01020|1
STEELCAS,INE124E01038,2025-08-29,2026-09-30,269,5100,5368,0,STEELCAS|INE124E01038|1,EQUITY,STEELCAS|INE124E01020|1
STEELCITY,INE395H01011,2019-06-27,2026-09-30,1793,3576,5368,0,STEELCITY|INE395H01011|1,EQUITY,STEELCITY|INE395H01011|1
STEELTUBES,,2005-04-08,2005-05-26,34,66,99,0,STEELTUBES|NOISIN|1,UNKNOWN_NO_ISIN,STEELTUBES|NOISIN|1
STEELTUBES,,2005-07-08,2005-07-14,5,130,134,0,STEELTUBES|NOISIN|2,UNKNOWN_NO_ISIN,STEELTUBES|NOISIN|2
STEELTUBES,,2006-06-12,2006-09-07,62,356,418,1,STEELTUBES|NOISIN|3,UNKNOWN_NO_ISIN,STEELTUBES|NOISIN|3
STEELTUBES,,2006-11-24,2007-01-25,43,471,513,0,STEELTUBES|NOISIN|4,UNKNOWN_NO_ISIN,STEELTUBES|NOISIN|4
STEELTUBES,,2007-06-08,2007-10-05,84,602,685,0,STEELTUBES|NOISIN|5,UNKNOWN_NO_ISIN,STEELTUBES|NOISIN|5
STEELTUBES,,2007-12-03,2007-12-28,18,726,743,0,STEELTUBES|NOISIN|6,UNKNOWN_NO_ISIN,STEELTUBES|NOISIN|6
STEELTUBES,,2008-02-29,2009-05-04,280,788,1067,0,STEELTUBES|NOISIN|7,UNKNOWN_NO_ISIN,STEELTUBES|NOISIN|7
STEELTUBES,,2009-08-21,2009-12-10,74,1146,1219,0,STEELTUBES|NOISIN|8,UNKNOWN_NO_ISIN,STEELTUBES|NOISIN|8
STEELTUBES,,2010-02-19,2010-09-02,116,1265,1400,20,STEELTUBES|NOISIN|9,UNKNOWN_NO_ISIN,STEELTUBES|NOISIN|9
STEELXIND,INE503B01013,2017-07-20,2022-07-12,1029,3098,4328,72,STEELXIND|INE503B01013|1,EQUITY,STEELXIND|INE503B01013|1
STEELXIND,INE503B01021,2022-07-13,2026-09-30,1040,4329,5368,0,STEELXIND|INE503B01021|1,EQUITY,STEELXIND|INE503B01013|1
STEL,INE577L01016,2011-11-08,2026-09-30,2893,1694,5368,455,STEL|INE577L01016|1,EQUITY,SENTINEL|INE577L01016|1
STER,,2005-01-03,2011-06-21,1601,0,1600,0,STER|NOISIN|1,UNKNOWN_NO_ISIN,STER|INE268A01049|1
STER,INE268A01049,2011-06-22,2013-08-26,540,1601,2140,0,STER|INE268A01049|1,EQUITY,STER|INE268A01049|1
STERLINBIO,,2005-01-03,2011-06-21,1601,0,1600,0,STERLINBIO|NOISIN|1,UNKNOWN_NO_ISIN,STERLINBIO|INE324C01038|1
STERLINBIO,INE324C01038,2011-06-22,2018-02-21,1460,1601,3245,59,STERLINBIO|INE324C01038|1,EQUITY,STERLINBIO|INE324C01038|1
STERTOOLS,,2006-02-02,2011-06-21,1291,270,1600,3,STERTOOLS|NOISIN|1,UNKNOWN_NO_ISIN,STERTOOLS|INE334A01015|1
STERTOOLS,INE334A01015,2011-06-22,2017-01-09,1212,1601,2967,9,STERTOOLS|INE334A01015|1,EQUITY,STERTOOLS|INE334A01015|1
STERTOOLS,INE334A01023,2017-01-10,2026-09-30,2337,2968,5368,64,STERTOOLS|INE334A01023|1,EQUITY,STERTOOLS|INE334A01023|1
STINDIA,,2006-06-23,2009-03-18,595,365,1040,18,STINDIA|NOISIN|1,UNKNOWN_NO_ISIN,STINDIA|NOISIN|1
STINDIA,,2009-11-20,2010-05-27,108,1205,1330,18,STINDIA|NOISIN|2,UNKNOWN_NO_ISIN,STINDIA|NOISIN|2
STINDIA,,2010-12-03,2011-05-24,113,1464,1580,1,STINDIA|NOISIN|3,UNKNOWN_NO_ISIN,STINDIA|NOISIN|3
STINDIA,INE090C01019,2011-11-23,2020-08-21,1055,1704,3859,87,STINDIA|INE090C01019|1,EQUITY,STINDIA|INE090C01019|1
STLNETWORK,INE1VXE01018,2025-09-18,2026-09-30,197,5114,5368,58,STLNETWORK|INE1VXE01018|1,EQUITY,STLNETWORK|INE1VXE01018|1
STLSTRINF,INE205F01016,2026-08-18,2026-09-30,30,5338,5368,1,STLSTRINF|INE205F01016|1,EQUITY,STLSTRINF|INE205F01016|1
STLTECH,INE089C01029,2020-10-29,2026-05-13,1355,3907,5271,10,STLTECH|INE089C01029|1,EQUITY,STLTECH|INE089C01029|1
STOREONE,,2009-10-26,2010-08-19,186,1187,1390,18,STOREONE|NOISIN|1,UNKNOWN_NO_ISIN,IBRETAILS|NOISIN|3
STOREONE,,2010-12-03,2011-06-09,129,1464,1592,0,STOREONE|NOISIN|2,UNKNOWN_NO_ISIN,STOREONE|NOISIN|2
STOREONE,INE034H01016,2011-09-06,2017-01-09,1154,1652,2967,99,STOREONE|INE034H01016|1,EQUITY,SORILINFRA|INE034H01016|1
STOVEKRAFT,INE00IN01015,2021-02-05,2026-09-30,1395,3974,5368,0,STOVEKRAFT|INE00IN01015|1,EQUITY,STOVEKRAFT|INE00IN01015|1
STROPTICAL,,2005-01-03,2007-12-14,736,0,735,0,STROPTICAL|NOISIN|1,UNKNOWN_NO_ISIN,STLTECH|INE089C01029|1
STRTECH,,2007-12-17,2011-06-21,865,736,1600,0,STRTECH|NOISIN|1,UNKNOWN_NO_ISIN,STLTECH|INE089C01029|1
STRTECH,INE089C01029,2011-06-22,2020-10-28,2270,1601,3906,26,STRTECH|INE089C01029|1,EQUITY,STLTECH|INE089C01029|1
STUDDS,INE00Q601028,2025-11-07,2026-09-30,222,5147,5368,0,STUDDS|INE00Q601028|1,EQUITY,STUDDS|INE00Q601028|1
STYABS,INE189B01011,2012-06-20,2016-04-01,931,1847,2777,0,STYABS|INE189B01011|1,EQUITY,ABSIND|NOISIN|1
STYL,INE04VU01023,2025-09-30,2026-09-30,247,5122,5368,0,STYL|INE04VU01023|1,EQUITY,STYL|INE04VU01023|1
STYLAMIND,INE239C01020,2021-08-02,2026-09-30,1276,4093,5368,0,STYLAMIND|INE239C01020|1,EQUITY,STYLAMIND|INE239C01020|1
STYLEBAAZA,INE01FR01028,2024-09-06,2026-09-30,453,4858,5368,58,STYLEBAAZA|INE01FR01028|1,EQUITY,STYLEBAAZA|INE01FR01028|1
STYRENIX,INE189B01011,2023-01-20,2026-09-30,909,4460,5368,0,STYRENIX|INE189B01011|1,EQUITY,ABSIND|NOISIN|1
SUBCAPCITY,INE845C01016,2022-09-13,2023-01-04,48,4370,4448,31,SUBCAPCITY|INE845C01016|1,EQUITY,SUBCAPCITY|INE845C01016|1
SUBEX,,2005-01-03,2009-05-28,1071,0,1085,15,SUBEX|NOISIN|1,UNKNOWN_NO_ISIN,SUBEX|NOISIN|1
SUBEX,,2009-08-21,2009-10-05,29,1146,1174,0,SUBEX|NOISIN|2,UNKNOWN_NO_ISIN,SUBEX|NOISIN|2
SUBEX,,2009-11-20,2011-06-21,396,1205,1600,0,SUBEX|NOISIN|3,UNKNOWN_NO_ISIN,SUBEX|INE754A01014|1
SUBEX,INE754A01014,2011-06-22,2020-10-21,2108,1601,3901,53,SUBEX|INE754A01014|1,EQUITY,SUBEX|INE754A01014|1
SUBEXLTD,INE754A01055,2020-11-19,2026-09-30,1324,3921,5368,66,SUBEXLTD|INE754A01055|1,EQUITY,SUBEXLTD|INE754A01055|1
SUBHASPROJ,,2005-04-08,2010-05-13,1255,66,1320,0,SUBHASPROJ|NOISIN|1,UNKNOWN_NO_ISIN,SPMLINFRA|INE937A01023|1
SUBROS,,2005-07-13,2010-11-22,1322,133,1455,1,SUBROS|NOISIN|1,UNKNOWN_NO_ISIN,SUBROS|NOISIN|1
SUBROS,INE287B01021,2011-11-23,2026-09-30,3639,1704,5368,26,SUBROS|INE287B01021|1,EQUITY,SUBROS|INE287B01021|1
SUDAR,,2011-03-11,2011-06-21,70,1531,1600,0,SUDAR|NOISIN|1,UNKNOWN_NO_ISIN,SUDAR|INE384L01017|1
SUDAR,INE384L01017,2011-06-22,2016-08-22,1242,1601,2873,20,SUDAR|INE384L01017|1,EQUITY,SUDAR|INE384L01017|1
SUDARCOLOR,INE492A01029,2026-01-20,2026-09-30,172,5197,5368,0,SUDARCOLOR|INE492A01029|1,EQUITY,CLNINDIA|INE492A01029|1
SUDARSCHEM,,2006-05-16,2007-11-29,308,337,724,7,SUDARSCHEM|NOISIN|1,UNKNOWN_NO_ISIN,SUDARSCHEM|NOISIN|1
SUDARSCHEM,,2008-03-03,2008-05-02,20,789,827,5,SUDARSCHEM|NOISIN|2,UNKNOWN_NO_ISIN,SUDARSCHEM|NOISIN|2
SUDARSCHEM,,2008-06-16,2009-08-20,212,857,1145,7,SUDARSCHEM|NOISIN|3,UNKNOWN_NO_ISIN,SUDARSCHEM|NOISIN|3
SUDARSCHEM,,2009-11-20,2011-06-21,395,1205,1600,1,SUDARSCHEM|NOISIN|4,UNKNOWN_NO_ISIN,SUDARSCHEM|INE659A01015|1
SUDARSCHEM,INE659A01015,2011-06-22,2014-10-01,773,1601,2411,3,SUDARSCHEM|INE659A01015|1,EQUITY,SUDARSCHEM|INE659A01015|1
SUDARSCHEM,INE659A01023,2014-10-07,2026-09-30,2957,2412,5368,0,SUDARSCHEM|INE659A01023|1,EQUITY,SUDARSCHEM|INE659A01015|1
SUDEEPPHRM,INE0QPI01025,2025-11-28,2026-09-30,207,5162,5368,0,SUDEEPPHRM|INE0QPI01025|1,EQUITY,SUDEEPPHRM|INE0QPI01025|1
SUJANATOW,,2008-10-13,2010-12-02,526,938,1463,0,SUJANATOW|NOISIN|1,UNKNOWN_NO_ISIN,SUJANATOW|NOISIN|1
SUJANATOW,,2011-03-07,2011-06-21,74,1527,1600,0,SUJANATOW|NOISIN|2,UNKNOWN_NO_ISIN,SUJANATOW|INE333I01028|1
SUJANATOW,INE333I01028,2011-06-22,2013-08-06,465,1601,2128,63,SUJANATOW|INE333I01028|1,EQUITY,SUJANATOW|INE333I01028|1
SUJANATWR,INE333I01036,2013-09-11,2017-02-16,759,2151,2994,69,SUJANATWR|INE333I01036|1,EQUITY,NTL|INE333I01036|1
SUJANAUNI,,2008-02-19,2009-08-20,365,780,1145,1,SUJANAUNI|NOISIN|1,UNKNOWN_NO_ISIN,SUJANAUNI|NOISIN|1
SUJANAUNI,,2009-11-20,2011-06-21,396,1205,1600,0,SUJANAUNI|NOISIN|2,UNKNOWN_NO_ISIN,SUJANAUNI|INE216G01011|1
SUJANAUNI,INE216G01011,2011-06-22,2020-11-23,1579,1601,3923,464,SUJANAUNI|INE216G01011|1,EQUITY,SUJANAUNI|INE216G01011|1
SUKHJITS,INE450E01011,2022-11-07,2024-10-24,485,4407,4891,0,SUKHJITS|INE450E01011|1,EQUITY,SUKHJITS|INE450E01011|1
SUKHJITS,INE450E01029,2024-10-25,2026-09-30,477,4892,5368,0,SUKHJITS|INE450E01029|1,EQUITY,SUKHJITS|INE450E01011|1
SULA,INE142Q01026,2022-12-22,2026-09-30,930,4439,5368,0,SULA|INE142Q01026|1,EQUITY,SULA|INE142Q01026|1
SUMEDHA,INE886B01012,2026-08-17,2026-09-30,32,5337,5368,0,SUMEDHA|INE886B01012|1,EQUITY,SUMEDHA|INE886B01012|1
SUMEETINDS,,2010-12-10,2011-06-21,132,1469,1600,0,SUMEETINDS|NOISIN|1,UNKNOWN_NO_ISIN,SUMEETINDS|INE235C01010|1
SUMEETINDS,INE235C01010,2011-06-22,2024-07-23,2490,1601,4826,381,SUMEETINDS|INE235C01010|1,EQUITY,SUMEETINDS|INE235C01010|1
SUMEETINDS,INE235C01028,2025-07-03,2025-07-04,2,5061,5062,0,SUMEETINDS|INE235C01028|1,EQUITY,SUMEETINDS|INE235C01028|1
SUMEETINDS,INE235C01036,2025-10-06,2026-09-30,186,5125,5368,58,SUMEETINDS|INE235C01036|1,EQUITY,SUMEETINDS|INE235C01036|1
SUMICHEM,INE258G01013,2020-02-07,2026-09-30,1642,3727,5368,0,SUMICHEM|INE258G01013|1,EQUITY,SUMICHEM|INE258G01013|1
SUMIT,INE748Z01013,2019-07-30,2026-09-30,895,3599,5368,212,SUMIT|INE748Z01013|1,EQUITY,SUMIT|INE748Z01013|1
SUMMIT,,2008-04-21,2009-04-17,240,819,1058,0,SUMMIT|NOISIN|1,UNKNOWN_NO_ISIN,KECINFRA|NOISIN|2
SUMMIT,,2009-08-21,2010-02-02,108,1146,1253,0,SUMMIT|NOISIN|2,UNKNOWN_NO_ISIN,SUMMIT|NOISIN|2
SUMMITSEC,,2011-02-11,2011-06-21,89,1512,1600,0,SUMMITSEC|NOISIN|1,UNKNOWN_NO_ISIN,SUMMITSEC|INE519C01017|1
SUMMITSEC,INE519C01017,2011-06-22,2026-09-30,3711,1601,5368,51,SUMMITSEC|INE519C01017|1,EQUITY,SUMMITSEC|INE519C01017|1
SUNCLAY,INE0Q3R01026,2024-01-12,2026-09-30,669,4700,5368,0,SUNCLAY|INE0Q3R01026|1,EQUITY,SUNCLAY|INE0Q3R01026|1
SUNCLAYLTD,INE105A01035,2012-11-07,2023-08-09,2627,1942,4595,26,SUNCLAYLTD|INE105A01035|1,EQUITY,SUNCLAYLTD|INE105A01035|1
SUNCLAYTON,,2008-06-20,2009-06-11,233,861,1095,1,SUNCLAYTON|NOISIN|1,UNKNOWN_NO_ISIN,SUNCLAYTON|NOISIN|1
SUNCLAYTON,,2009-08-21,2011-06-21,455,1146,1600,0,SUNCLAYTON|NOISIN|2,UNKNOWN_NO_ISIN,SUNCLAYTON|INE105A01027|1
SUNCLAYTON,INE105A01027,2011-06-22,2012-09-06,301,1601,1901,0,SUNCLAYTON|INE105A01027|1,EQUITY,SUNCLAYTON|INE105A01027|1
SUNDARAM,,2010-06-02,2011-06-21,267,1334,1600,0,SUNDARAM|NOISIN|1,UNKNOWN_NO_ISIN,SUNDARAM|INE108E01023|1
SUNDARAM,INE108E01023,2011-06-22,2026-09-30,3345,1601,5368,93,SUNDARAM|INE108E01023|1,EQUITY,SUNDARAM|INE108E01023|1
SUNDARMFIN,,2005-01-03,2011-06-21,1600,0,1600,1,SUNDARMFIN|NOISIN|1,UNKNOWN_NO_ISIN,SUNDARMFIN|INE660A01013|1
SUNDARMFIN,INE660A01013,2011-06-22,2026-09-30,3758,1601,5368,10,SUNDARMFIN|INE660A01013|1,EQUITY,SUNDARMFIN|INE660A01013|1
SUNDARMHLD,INE202Z01029,2018-07-24,2025-10-15,1783,3350,5132,0,SUNDARMHLD|INE202Z01029|1,EQUITY,SUNDARMHLD|INE202Z01029|1
SUNDRMBRAK,,2005-01-03,2011-06-21,1572,0,1600,2,SUNDRMBRAK|NOISIN|1,UNKNOWN_NO_ISIN,SUNDRMBRAK|INE073D01013|1
SUNDRMBRAK,INE073D01013,2011-06-22,2026-09-30,3428,1601,5368,73,SUNDRMBRAK|INE073D01013|1,EQUITY,SUNDRMBRAK|INE073D01013|1
SUNDRMCLAY,,2005-01-03,2008-04-23,822,0,821,0,SUNDRMCLAY|NOISIN|1,UNKNOWN_NO_ISIN,SUNDRMCLAY|NOISIN|1
SUNDRMFAST,,2005-01-03,2011-06-21,1601,0,1600,0,SUNDRMFAST|NOISIN|1,UNKNOWN_NO_ISIN,SUNDRMFAST|INE387A01021|1
SUNDRMFAST,INE387A01021,2011-06-22,2026-09-30,3768,1601,5368,0,SUNDRMFAST|INE387A01021|1,EQUITY,SUNDRMFAST|INE387A01021|1
SUNDROP,INE209A01019,2025-03-28,2026-09-30,372,4997,5368,0,SUNDROP|INE209A01019|1,EQUITY,ATFL|INE209A01019|1
SUNFLAG,,2005-09-29,2011-06-21,1415,186,1600,0,SUNFLAG|NOISIN|1,UNKNOWN_NO_ISIN,SUNFLAG|INE947A01014|1
SUNFLAG,INE947A01014,2011-06-22,2026-09-30,3710,1601,5368,58,SUNFLAG|INE947A01014|1,EQUITY,SUNFLAG|INE947A01014|1
SUNILHITEC,,2006-03-02,2011-06-21,1312,289,1600,0,SUNILHITEC|NOISIN|1,UNKNOWN_NO_ISIN,SUNILHITEC|INE305H01010|1
SUNILHITEC,INE305H01010,2011-06-22,2016-12-01,1329,1601,2940,11,SUNILHITEC|INE305H01010|1,EQUITY,SUNILHITEC|INE305H01010|1
SUNILHITEC,INE305H01028,2016-12-02,2018-08-16,426,2941,3366,0,SUNILHITEC|INE305H01028|1,EQUITY,SUNILHITEC|INE305H01010|1
SUNLOC,INE671C01016,2026-08-17,2026-09-30,29,5337,5368,1,SUNLOC|INE671C01016|1,EQUITY,SUNLOC|INE671C01016|1
SUNPHARMA,,2005-01-03,2011-06-21,1601,0,1600,0,SUNPHARMA|NOISIN|1,UNKNOWN_NO_ISIN,SUNPHARMA|INE044A01036|1
SUNPHARMA,INE044A01036,2011-06-22,2026-09-30,3768,1601,5368,0,SUNPHARMA|INE044A01036|1,EQUITY,SUNPHARMA|INE044A01036|1
SUNRAKSHAK,INE671K01027,2026-08-17,2026-09-30,32,5337,5368,0,SUNRAKSHAK|INE671K01027|1,EQUITY,SUNRAKSHAK|INE671K01027|1
SUNSHIEL,INE199E01014,2026-08-17,2026-09-30,32,5337,5368,0,SUNSHIEL|INE199E01014|1,EQUITY,SUNSHIEL|INE199E01014|1
SUNSHINE,INE1B3O01011,2026-08-25,2026-09-30,26,5343,5368,0,SUNSHINE|INE1B3O01011|1,EQUITY,SUNSHINE|INE1B3O01011|1
SUNTECK,,2009-11-13,2011-06-21,401,1200,1600,0,SUNTECK|NOISIN|1,UNKNOWN_NO_ISIN,SUNTECK|INE805D01026|1
SUNTECK,INE805D01026,2011-06-22,2017-07-25,1501,1601,3101,0,SUNTECK|INE805D01026|1,EQUITY,SUNTECK|INE805D01026|1
SUNTECK,INE805D01034,2017-07-26,2026-09-30,2267,3102,5368,0,SUNTECK|INE805D01034|1,EQUITY,SUNTECK|INE805D01026|1
SUNTV,,2006-04-24,2011-06-21,1279,322,1600,0,SUNTV|NOISIN|1,UNKNOWN_NO_ISIN,SUNTV|INE424H01027|1
SUNTV,INE424H01027,2011-06-22,2026-09-30,3768,1601,5368,0,SUNTV|INE424H01027|1,EQUITY,SUNTV|INE424H01027|1
SUPER,,2010-01-11,2011-06-21,361,1238,1600,1,SUPER|NOISIN|1,UNKNOWN_NO_ISIN,SUPER|INE091C01017|1
SUPER,INE091C01017,2011-06-22,2015-01-28,717,1601,2487,68,SUPER|INE091C01017|1,EQUITY,SUPER|INE091C01017|1
SUPERHOUSE,INE712B01010,2014-09-26,2026-09-30,2961,2408,5368,0,SUPERHOUSE|INE712B01010|1,EQUITY,SUPERHOUSE|INE712B01010|1
SUPERSPIN,,2005-01-03,2008-12-26,988,0,987,0,SUPERSPIN|NOISIN|1,UNKNOWN_NO_ISIN,SUPERSPIN|NOISIN|1
SUPERSPIN,,2009-03-02,2009-05-28,55,1030,1085,1,SUPERSPIN|NOISIN|2,UNKNOWN_NO_ISIN,SUPERSPIN|NOISIN|2
SUPERSPIN,,2009-08-21,2009-12-10,74,1146,1219,0,SUPERSPIN|NOISIN|3,UNKNOWN_NO_ISIN,SUPERSPIN|NOISIN|3
SUPERSPIN,,2010-02-19,2010-04-16,37,1265,1301,0,SUPERSPIN|NOISIN|4,UNKNOWN_NO_ISIN,SUPERSPIN|NOISIN|4
SUPERSPIN,,2010-06-11,2011-06-21,260,1341,1600,0,SUPERSPIN|NOISIN|5,UNKNOWN_NO_ISIN,SUPERSPIN|INE662A01027|1
SUPERSPIN,INE662A01027,2011-06-22,2026-06-17,2813,1601,5295,149,SUPERSPIN|INE662A01027|1,EQUITY,SUPERSPIN|INE662A01027|1
SUPPETRO,,2005-01-03,2009-08-06,1135,0,1135,1,SUPPETRO|NOISIN|1,UNKNOWN_NO_ISIN,SUPPETRO|NOISIN|1
SUPPETRO,,2009-11-20,2011-06-21,396,1205,1600,0,SUPPETRO|NOISIN|2,UNKNOWN_NO_ISIN,SUPPETRO|INE663A01017|1
SUPPETRO,INE663A01017,2011-06-22,2022-04-06,2597,1601,4262,65,SUPPETRO|INE663A01017|1,EQUITY,SUPPETRO|INE663A01017|1
SUPRAJIT,,2005-02-18,2009-08-20,1090,32,1145,2,SUPRAJIT|NOISIN|1,UNKNOWN_NO_ISIN,SUPRAJIT|NOISIN|1
SUPRAJIT,,2009-11-20,2010-02-18,60,1205,1264,0,SUPRAJIT|NOISIN|2,UNKNOWN_NO_ISIN,SUPRAJIT|NOISIN|2
SUPRAJIT,,2010-06-11,2011-06-21,260,1341,1600,0,SUPRAJIT|NOISIN|3,UNKNOWN_NO_ISIN,SUPRAJIT|INE399C01030|1
SUPRAJIT,INE399C01030,2011-06-22,2026-09-30,3768,1601,5368,0,SUPRAJIT|INE399C01030|1,EQUITY,SUPRAJIT|INE399C01030|1
SUPREME,INE822E01011,2025-02-03,2026-09-30,409,4960,5368,0,SUPREME|INE822E01011|1,EQUITY,SUPREME|INE822E01011|1
SUPREMEENG,INE319Z01013,2020-12-04,2022-03-03,276,3931,4239,33,SUPREMEENG|INE319Z01013|1,EQUITY,SUPREMEENG|INE319Z01013|1
SUPREMEENG,INE319Z01021,2022-03-04,2024-05-14,242,4240,4779,145,SUPREMEENG|INE319Z01021|1,EQUITY,SUPREMEENG|INE319Z01013|1
SUPREMEIND,,2005-01-03,2011-06-21,1601,0,1600,0,SUPREMEIND|NOISIN|1,UNKNOWN_NO_ISIN,SUPREMEIND|INE195A01028|1
SUPREMEIND,INE195A01028,2011-06-22,2026-09-30,3768,1601,5368,0,SUPREMEIND|INE195A01028|1,EQUITY,SUPREMEIND|INE195A01028|1
SUPREMEINF,,2007-10-18,2011-06-21,906,694,1600,1,SUPREMEINF|NOISIN|1,UNKNOWN_NO_ISIN,SUPREMEINF|INE550H01011|1
SUPREMEINF,INE550H01011,2011-06-22,2026-09-30,2204,1601,5368,713,SUPREMEINF|INE550H01011|1,EQUITY,SUPREMEINF|INE550H01011|1
SUPREMETEX,,2008-02-15,2009-06-11,296,778,1095,2,SUPREMETEX|NOISIN|1,UNKNOWN_NO_ISIN,SUPREMETEX|NOISIN|1
SUPREMETEX,,2009-08-21,2010-01-07,67,1146,1236,3,SUPREMETEX|NOISIN|2,UNKNOWN_NO_ISIN,SUPREMETEX|NOISIN|2
SUPREMETEX,,2010-02-19,2010-11-22,159,1265,1455,3,SUPREMETEX|NOISIN|3,UNKNOWN_NO_ISIN,SUPREMETEX|NOISIN|3
SUPREMETEX,INE651G01027,2015-02-23,2018-03-16,656,2504,3261,31,SUPREMETEX|INE651G01027|1,EQUITY,SUPREMETEX|INE651G01027|1
SUPREMYARN,,2007-03-14,2008-02-14,234,544,777,0,SUPREMYARN|NOISIN|1,UNKNOWN_NO_ISIN,SUPREMETEX|NOISIN|1
SUPRIYA,INE07RO01027,2021-12-28,2026-09-30,1175,4194,5368,0,SUPRIYA|INE07RO01027|1,EQUITY,SUPRIYA|INE07RO01027|1
SUPTANERY,INE460D01038,2026-08-17,2026-08-26,8,5337,5344,0,SUPTANERY|INE460D01038|1,EQUITY,SUPTANERY|INE460D01038|1
SURAJDIAMN,,2005-01-03,2011-06-21,1600,0,1600,1,SURAJDIAMN|NOISIN|1,UNKNOWN_NO_ISIN,SURAJDIAMN|INE664A01015|1
SURAJDIAMN,INE664A01015,2011-06-22,2012-07-23,270,1601,1870,0,SURAJDIAMN|INE664A01015|1,EQUITY,SURAJDIAMN|INE664A01015|1
SURAJEST,INE843S01025,2023-12-26,2026-09-30,625,4687,5368,57,SURAJEST|INE843S01025|1,EQUITY,SURAJEST|INE843S01025|1
SURAJLTD,INE713C01016,2024-08-29,2026-09-30,417,4852,5368,100,SURAJLTD|INE713C01016|1,EQUITY,SURAJLTD|INE713C01016|1
SURAKSHA,INE877V01027,2024-12-06,2026-09-30,449,4920,5368,0,SURAKSHA|INE877V01027|1,EQUITY,SURAKSHA|INE877V01027|1
SURANACORP,,2008-05-27,2010-02-18,361,843,1264,5,SURANACORP|NOISIN|1,UNKNOWN_NO_ISIN,SURANACORP|NOISIN|1
SURANACORP,,2010-06-11,2010-08-19,50,1341,1390,0,SURANACORP|NOISIN|2,UNKNOWN_NO_ISIN,SURANACORP|NOISIN|2
SURANACORP,,2010-12-03,2011-06-21,136,1464,1600,1,SURANACORP|NOISIN|3,UNKNOWN_NO_ISIN,SURANACORP|INE357D01010|1
SURANACORP,INE357D01010,2011-06-22,2017-06-27,1068,1601,3081,60,SURANACORP|INE357D01010|1,EQUITY,SURANACORP|INE357D01010|1
SURANAIND,,2006-12-28,2011-06-21,1067,494,1600,2,SURANAIND|NOISIN|1,UNKNOWN_NO_ISIN,SURANAIND|INE659D01019|1
SURANAIND,INE659D01019,2011-06-22,2018-03-16,1315,1601,3261,49,SURANAIND|INE659D01019|1,EQUITY,SURANAIND|INE659D01019|1
SURANASOL,INE272L01014,2014-11-19,2014-11-25,5,2439,2443,0,SURANASOL|INE272L01014|1,EQUITY,SURANASOL|INE272L01014|1
SURANASOL,INE272L01022,2014-11-26,2026-09-30,2340,2444,5368,108,SURANASOL|INE272L01022|1,EQUITY,SURANASOL|INE272L01014|1
SURANAT&P,,2010-02-08,2011-06-21,344,1257,1600,0,SURANAT&P|NOISIN|1,UNKNOWN_NO_ISIN,SURANAT&P|INE130B01023|1
SURANAT&P,INE130B01023,2011-06-22,2014-11-25,701,1601,2443,42,SURANAT&P|INE130B01023|1,EQUITY,SURANAT&P|INE130B01023|1
SURANAT&P,INE130B01031,2014-11-26,2026-09-30,2658,2444,5368,73,SURANAT&P|INE130B01031|1,EQUITY,SURANAT&P|INE130B01023|1
SURANATELE,,2005-01-03,2009-10-16,1182,0,1182,1,SURANATELE|NOISIN|1,UNKNOWN_NO_ISIN,SURANATELE|NOISIN|1
SURANATELE,,2009-11-20,2010-02-05,52,1205,1256,0,SURANATELE|NOISIN|2,UNKNOWN_NO_ISIN,SURANAT&P|INE130B01023|1
SURANAVEL,,2011-01-21,2011-06-21,103,1498,1600,0,SURANAVEL|NOISIN|1,UNKNOWN_NO_ISIN,SURANASOL|INE272L01014|1
SURANAVEL,INE272L01014,2011-06-22,2014-11-18,645,1601,2438,48,SURANAVEL|INE272L01014|1,EQUITY,SURANASOL|INE272L01014|1
SURATELEC,,2005-01-03,2005-06-06,107,0,106,0,SURATELEC|NOISIN|1,UNKNOWN_NO_ISIN,SURATELEC|NOISIN|1
SURYAJYOTI,,2006-03-02,2008-06-12,564,289,855,1,SURYAJYOTI|NOISIN|1,UNKNOWN_NO_ISIN,SURYAJYOTI|NOISIN|1
SURYAJYOTI,,2008-08-22,2009-06-11,174,905,1095,2,SURYAJYOTI|NOISIN|2,UNKNOWN_NO_ISIN,SURYAJYOTI|NOISIN|2
SURYAJYOTI,,2009-08-21,2011-06-21,455,1146,1600,0,SURYAJYOTI|NOISIN|3,UNKNOWN_NO_ISIN,SURYAJYOTI|INE411C01017|1
SURYAJYOTI,INE411C01017,2011-06-22,2016-05-20,998,1601,2809,70,SURYAJYOTI|INE411C01017|1,EQUITY,SURYAJYOTI|INE411C01017|1
SURYALA,INE132C01027,2026-04-20,2026-09-30,114,5255,5368,0,SURYALA|INE132C01027|1,EQUITY,SURYALA|INE132C01027|1
SURYALAXMI,,2005-06-15,2008-12-26,874,113,987,1,SURYALAXMI|NOISIN|1,UNKNOWN_NO_ISIN,SURYALAXMI|NOISIN|1
SURYALAXMI,,2009-03-03,2009-06-11,64,1031,1095,1,SURYALAXMI|NOISIN|2,UNKNOWN_NO_ISIN,SURYALAXMI|NOISIN|2
SURYALAXMI,,2009-08-21,2009-09-17,20,1146,1165,0,SURYALAXMI|NOISIN|3,UNKNOWN_NO_ISIN,SURYALAXMI|NOISIN|3
SURYALAXMI,,2009-11-20,2010-01-21,42,1205,1246,0,SURYALAXMI|NOISIN|4,UNKNOWN_NO_ISIN,SURYALAXMI|NOISIN|4
SURYALAXMI,,2010-06-11,2011-06-21,260,1341,1600,0,SURYALAXMI|NOISIN|5,UNKNOWN_NO_ISIN,SURYALAXMI|INE713B01026|1
SURYALAXMI,INE713B01026,2011-06-22,2026-09-30,3547,1601,5368,100,SURYALAXMI|INE713B01026|1,EQUITY,SURYALAXMI|INE713B01026|1
SURYAPHARM,,2005-01-03,2011-06-21,1601,0,1600,0,SURYAPHARM|NOISIN|1,UNKNOWN_NO_ISIN,SURYAPHARM|INE249G01020|1
SURYAPHARM,INE249G01020,2011-06-22,2014-09-23,527,1601,2405,105,SURYAPHARM|INE249G01020|1,EQUITY,SURYAPHARM|INE249G01020|1
SURYAROSNI,,2005-01-03,2009-06-11,1095,0,1095,1,SURYAROSNI|NOISIN|1,UNKNOWN_NO_ISIN,SURYAROSNI|NOISIN|1
SURYAROSNI,,2009-08-21,2011-06-21,455,1146,1600,0,SURYAROSNI|NOISIN|2,UNKNOWN_NO_ISIN,SURYAROSNI|INE335A01012|1
SURYAROSNI,INE335A01012,2011-06-22,2023-10-05,3033,1601,4633,0,SURYAROSNI|INE335A01012|1,EQUITY,SURYAROSNI|INE335A01012|1
SURYAROSNI,INE335A01020,2023-10-06,2026-09-30,735,4634,5368,0,SURYAROSNI|INE335A01020|1,EQUITY,SURYAROSNI|INE335A01012|1
SURYCOTMIL,,2005-01-03,2005-04-05,64,0,63,0,SURYCOTMIL|NOISIN|1,UNKNOWN_NO_ISIN,SURYCOTMIL|NOISIN|1
SURYODAY,INE428Q01011,2021-03-26,2026-09-30,1361,4008,5368,0,SURYODAY|INE428Q01011|1,EQUITY,SURYODAY|INE428Q01011|1
SUTLEJINDS,,2005-01-03,2007-06-20,611,0,610,0,SUTLEJINDS|NOISIN|1,UNKNOWN_NO_ISIN,SILINV|INE923A01015|1
SUTLEJTEX,,2006-12-14,2008-11-26,478,485,968,1,SUTLEJTEX|NOISIN|1,UNKNOWN_NO_ISIN,SUTLEJTEX|NOISIN|1
SUTLEJTEX,,2009-03-02,2009-06-11,63,1030,1095,1,SUTLEJTEX|NOISIN|2,UNKNOWN_NO_ISIN,SUTLEJTEX|NOISIN|2
SUTLEJTEX,,2009-11-20,2011-06-21,375,1205,1600,18,SUTLEJTEX|NOISIN|3,UNKNOWN_NO_ISIN,SUTLEJTEX|INE645H01019|1
SUTLEJTEX,INE645H01019,2011-06-22,2017-09-26,1435,1601,3144,63,SUTLEJTEX|INE645H01019|1,EQUITY,SUTLEJTEX|INE645H01019|1
SUTLEJTEX,INE645H01027,2017-09-27,2026-07-02,2083,3145,5305,78,SUTLEJTEX|INE645H01027|1,EQUITY,SUTLEJTEX|INE645H01019|1
SUULD,INE591Q01016,2020-10-19,2024-07-02,662,3899,4812,197,SUULD|INE591Q01016|1,EQUITY,SUULD|INE591Q01016|1
SUVEN,,2005-01-03,2007-01-11,504,0,503,0,SUVEN|NOISIN|1,UNKNOWN_NO_ISIN,SUVEN|NOISIN|1
SUVEN,,2007-03-02,2007-12-28,208,536,743,0,SUVEN|NOISIN|2,UNKNOWN_NO_ISIN,SUVEN|NOISIN|2
SUVEN,,2008-02-29,2009-09-03,368,788,1155,0,SUVEN|NOISIN|3,UNKNOWN_NO_ISIN,SUVEN|NOISIN|3
SUVEN,,2009-11-20,2010-04-01,88,1205,1292,0,SUVEN|NOISIN|4,UNKNOWN_NO_ISIN,SUVEN|NOISIN|4
SUVEN,,2010-06-11,2011-04-18,215,1341,1555,0,SUVEN|NOISIN|5,UNKNOWN_NO_ISIN,SUVEN|NOISIN|5
SUVEN,,2011-06-17,2011-06-21,3,1598,1600,0,SUVEN|NOISIN|6,UNKNOWN_NO_ISIN,SUVEN|INE495B01038|1
SUVEN,INE495B01038,2011-06-22,2026-09-30,3647,1601,5368,58,SUVEN|INE495B01038|1,EQUITY,SUVEN|INE495B01038|1
SUVENPHAR,INE03QK01018,2020-03-24,2025-05-16,1271,3757,5027,0,SUVENPHAR|INE03QK01018|1,EQUITY,COHANCE|INE03QK01018|1
SUVIDHAA,INE018401013,2021-04-16,2026-09-30,1038,4020,5368,93,SUVIDHAA|INE018401013|1,EQUITY,SUVIDHAA|INE018401013|1
SUYOG,INE442P01014,2024-08-20,2026-09-30,432,4845,5368,92,SUYOG|INE442P01014|1,EQUITY,SUYOG|INE442P01014|1
SUZLON,,2005-10-19,2011-06-21,1402,199,1600,0,SUZLON|NOISIN|1,UNKNOWN_NO_ISIN,SUZLON|INE040H01021|1
SUZLON,INE040H01021,2011-06-22,2026-09-30,3550,1601,5368,65,SUZLON|INE040H01021|1,EQUITY,SUZLON|INE040H01021|1
SVGLOBAL,INE159L01013,2026-08-17,2026-09-30,32,5337,5368,0,SVGLOBAL|INE159L01013|1,EQUITY,SVGLOBAL|INE159L01013|1
SVLL,INE00CE01017,2023-04-21,2026-09-30,411,4519,5368,166,SVLL|INE00CE01017|1,EQUITY,SVLL|INE00CE01017|1
SVOGL,INE756B01017,2015-10-23,2016-09-26,105,2669,2896,123,SVOGL|INE756B01017|1,EQUITY,SHIV-VANI|INE756B01017|1
SVPGLOB,INE308E01029,2021-07-14,2026-09-30,796,4081,5368,201,SVPGLOB|INE308E01029|1,EQUITY,SVPGLOB|INE308E01029|1
SWANCORP,INE665A01038,2025-09-04,2026-09-30,265,5104,5368,0,SWANCORP|INE665A01038|1,EQUITY,SWANCORP|INE665A01038|1
SWANENERGY,INE665A01020,2012-05-29,2014-02-03,419,1831,2249,0,SWANENERGY|INE665A01020|1,EQUITY,SWANCORP|INE665A01038|1
SWANENERGY,INE665A01038,2014-02-04,2025-09-03,2854,2250,5103,0,SWANENERGY|INE665A01038|1,EQUITY,SWANCORP|INE665A01038|1
SWARAJ,INE0GMR01016,2026-08-13,2026-08-25,9,5335,5343,0,SWARAJ|INE0GMR01016|1,EQUITY,SWARAJ|INE0GMR01016|1
SWARAJENG,,2005-01-03,2008-01-10,753,0,752,0,SWARAJENG|NOISIN|1,UNKNOWN_NO_ISIN,SWARAJENG|NOISIN|1
SWARAJENG,,2008-02-29,2009-06-11,304,788,1095,1,SWARAJENG|NOISIN|2,UNKNOWN_NO_ISIN,SWARAJENG|NOISIN|2
SWARAJENG,,2009-08-21,2011-06-21,455,1146,1600,0,SWARAJENG|NOISIN|3,UNKNOWN_NO_ISIN,SWARAJENG|INE277A01016|1
SWARAJENG,INE277A01016,2011-06-22,2026-09-30,3768,1601,5368,0,SWARAJENG|INE277A01016|1,EQUITY,SWARAJENG|INE277A01016|1
SWARAJMAZD,,2005-01-03,2006-11-30,472,0,475,1,SWARAJMAZD|NOISIN|1,UNKNOWN_NO_ISIN,SWARAJMAZD|NOISIN|1
SWARAJMAZD,,2007-03-02,2009-06-11,524,536,1095,2,SWARAJMAZD|NOISIN|2,UNKNOWN_NO_ISIN,SWARAJMAZD|NOISIN|2
SWARAJMAZD,,2009-08-21,2009-11-26,60,1146,1209,1,SWARAJMAZD|NOISIN|3,UNKNOWN_NO_ISIN,SWARAJMAZD|NOISIN|3
SWARAJMAZD,,2010-02-19,2011-01-14,229,1265,1493,0,SWARAJMAZD|NOISIN|4,UNKNOWN_NO_ISIN,SMLISUZU|INE294B01019|1
SWARNSAR,INE967A01012,2026-08-17,2026-09-30,32,5337,5368,0,SWARNSAR|INE967A01012|1,EQUITY,SWARNSAR|INE967A01012|1
SWELECTES,INE409B01013,2012-07-09,2026-09-30,3319,1860,5368,88,SWELECTES|INE409B01013|1,EQUITY,NUMERICPW|INE409B01013|1
SWIGGY,INE00H001014,2024-11-13,2026-09-30,464,4905,5368,0,SWIGGY|INE00H001014|1,EQUITY,SWIGGY|INE00H001014|1
SWISSMLTRY,INE010C01025,2026-08-17,2026-09-02,13,5337,5349,0,SWISSMLTRY|INE010C01025|1,EQUITY,SWISSMLTRY|INE010C01025|1
SWSOLAR,INE00M201021,2019-08-20,2026-09-30,1701,3612,5368,56,SWSOLAR|INE00M201021|1,EQUITY,SWSOLAR|INE00M201021|1
SYMBIOTEC,INE899I01028,2026-09-01,2026-09-30,21,5348,5368,0,SYMBIOTEC|INE899I01028|1,EQUITY,SYMBIOTEC|INE899I01028|1
SYMPHONY,,2011-06-15,2011-06-21,5,1596,1600,0,SYMPHONY|NOISIN|1,UNKNOWN_NO_ISIN,SYMPHONY|INE225D01019|1
SYMPHONY,INE225D01019,2011-06-22,2012-02-16,163,1601,1763,0,SYMPHONY|INE225D01019|1,EQUITY,SYMPHONY|INE225D01019|1
SYMPHONY,INE225D01027,2012-02-17,2026-09-30,3605,1764,5368,0,SYMPHONY|INE225D01027|1,EQUITY,SYMPHONY|INE225D01019|1
SYNCOM,,2010-02-15,2011-06-21,340,1261,1600,0,SYNCOM|NOISIN|1,UNKNOWN_NO_ISIN,SYNCOM|INE602K01014|1
SYNCOM,INE602K01014,2011-06-22,2020-09-25,1848,1601,3884,229,SYNCOM|INE602K01014|1,EQUITY,SYNCOM|INE602K01014|1
SYNCOMF,INE312C01025,2022-11-18,2026-09-30,842,4415,5368,58,SYNCOMF|INE312C01025|1,EQUITY,SYNCOMF|INE312C01025|1
SYNDIBANK,,2005-01-03,2011-06-21,1601,0,1600,0,SYNDIBANK|NOISIN|1,UNKNOWN_NO_ISIN,SYNDIBANK|INE667A01018|1
SYNDIBANK,INE667A01018,2011-06-22,2020-03-19,2154,1601,3754,0,SYNDIBANK|INE667A01018|1,EQUITY,SYNDIBANK|INE667A01018|1
SYNGENE,INE398R01022,2015-08-11,2026-09-30,2749,2620,5368,0,SYNGENE|INE398R01022|1,EQUITY,SYNGENE|INE398R01022|1
SYRMA,INE0DYJ01015,2022-08-26,2026-09-30,1010,4359,5368,0,SYRMA|INE0DYJ01015|1,EQUITY,SYRMA|INE0DYJ01015|1
SYSTMTXC,INE356B01024,2025-10-06,2026-06-17,171,5125,5295,0,SYSTMTXC|INE356B01024|1,EQUITY,SYSTMTXC|INE356B01024|1
TAALTECH,INE524T01011,2026-04-20,2026-09-21,107,5255,5361,0,TAALTECH|INE524T01011|1,EQUITY,TAALTECH|INE524T01011|1
TAALTECH,INE524T01029,2026-09-22,2026-09-30,7,5362,5368,0,TAALTECH|INE524T01029|1,EQUITY,TAALTECH|INE524T01011|1
TAINWALCHM,,2005-04-08,2005-11-10,148,66,213,0,TAINWALCHM|NOISIN|1,UNKNOWN_NO_ISIN,TAINWALCHM|NOISIN|1
TAINWALCHM,,2006-06-12,2011-06-21,1174,356,1600,7,TAINWALCHM|NOISIN|2,UNKNOWN_NO_ISIN,TAINWALCHM|INE123C01018|1
TAINWALCHM,INE123C01018,2011-06-22,2026-09-30,3041,1601,5368,105,TAINWALCHM|INE123C01018|1,EQUITY,TAINWALCHM|INE123C01018|1
TAJGVK,,2005-01-03,2011-06-21,1601,0,1600,0,TAJGVK|NOISIN|1,UNKNOWN_NO_ISIN,TAJGVK|INE586B01026|1
TAJGVK,INE586B01026,2011-06-22,2026-09-30,3768,1601,5368,0,TAJGVK|INE586B01026|1,EQUITY,TAJGVK|INE586B01026|1
TAKE,,2007-08-27,2011-06-21,944,657,1600,0,TAKE|NOISIN|1,UNKNOWN_NO_ISIN,TAKE|INE142I01023|1
TAKE,INE142I01023,2011-06-22,2026-09-30,3337,1601,5368,185,TAKE|INE142I01023|1,EQUITY,TAKE|INE142I01023|1
TAKSHEEL,INE889I01011,2011-10-19,2013-08-22,457,1682,2138,0,TAKSHEEL|INE889I01011|1,EQUITY,TAKSHEEL|INE889I01011|1
TALBROAUTO,,2006-09-29,2009-06-11,658,434,1095,2,TALBROAUTO|NOISIN|1,UNKNOWN_NO_ISIN,TALBROAUTO|NOISIN|1
TALBROAUTO,,2009-08-21,2011-06-21,436,1146,1600,18,TALBROAUTO|NOISIN|2,UNKNOWN_NO_ISIN,TALBROAUTO|INE187D01011|1
TALBROAUTO,INE187D01011,2011-06-22,2023-10-26,3033,1601,4647,2,TALBROAUTO|INE187D01011|1,EQUITY,TALBROAUTO|INE187D01011|1
TALBROAUTO,INE187D01029,2023-10-27,2026-09-30,640,4648,5368,65,TALBROAUTO|INE187D01029|1,EQUITY,TALBROAUTO|INE187D01011|1
TALWALKARS,,2010-05-10,2011-06-21,284,1317,1600,0,TALWALKARS|NOISIN|1,UNKNOWN_NO_ISIN,TALWALKARS|INE502K01016|1
TALWALKARS,INE502K01016,2011-06-22,2020-02-20,2118,1601,3736,10,TALWALKARS|INE502K01016|1,EQUITY,TALWALKARS|INE502K01016|1
TALWGYM,INE627Z01019,2018-07-13,2020-02-20,394,3343,3736,0,TALWGYM|INE627Z01019|1,EQUITY,TALWGYM|INE627Z01019|1
TAMBOLIIN,INE864J01012,2026-04-20,2026-07-01,50,5255,5304,0,TAMBOLIIN|INE864J01012|1,EQUITY,TAMBOLIIN|INE864J01012|1
TANAA,INE692C01020,2026-08-17,2026-09-30,32,5337,5368,0,TANAA|INE692C01020|1,EQUITY,TANAA|INE692C01020|1
TANFACIND,,2010-03-03,2011-06-21,309,1272,1600,3,TANFACIND|NOISIN|1,UNKNOWN_NO_ISIN,TANFACIND|INE639B01015|1
TANFACIND,INE639B01015,2011-06-22,2014-12-26,480,1601,2465,45,TANFACIND|INE639B01015|1,EQUITY,TANFACIND|INE639B01015|1
TANLA,,2007-01-05,2011-03-04,1028,499,1526,0,TANLA|NOISIN|1,UNKNOWN_NO_ISIN,TANLA|NOISIN|1
TANLA,,2011-06-17,2011-06-21,3,1598,1600,0,TANLA|NOISIN|2,UNKNOWN_NO_ISIN,TANLA|INE483C01032|1
TANLA,INE483C01032,2011-06-22,2026-09-30,3405,1601,5368,127,TANLA|INE483C01032|1,EQUITY,TANLA|INE483C01032|1
TANTIACONS,,2008-02-19,2011-06-21,820,780,1600,1,TANTIACONS|NOISIN|1,UNKNOWN_NO_ISIN,TANTIACONS|INE388G01018|1
TANTIACONS,INE388G01018,2011-06-22,2017-02-15,1381,1601,2993,11,TANTIACONS|INE388G01018|1,EQUITY,TANTIACONS|INE388G01018|1
TARACHAND,INE555Z01012,2024-04-16,2024-12-04,101,4761,4918,57,TARACHAND|INE555Z01012|1,EQUITY,TARACHAND|INE555Z01012|1
TARACHAND,INE555Z01020,2024-12-05,2026-09-30,332,4919,5368,118,TARACHAND|INE555Z01020|1,EQUITY,TARACHAND|INE555Z01012|1
TARAJEWELS,INE799L01016,2012-12-20,2018-08-16,1396,1971,3366,0,TARAJEWELS|INE799L01016|1,EQUITY,TARAJEWELS|INE799L01016|1
TARAPUR,,2010-05-18,2011-06-21,278,1323,1600,0,TARAPUR|NOISIN|1,UNKNOWN_NO_ISIN,TARAPUR|INE747K01017|1
TARAPUR,INE747K01017,2011-06-22,2026-09-30,2223,1601,5368,548,TARAPUR|INE747K01017|1,EQUITY,TARAPUR|INE747K01017|1
TARC,INE0EK901012,2021-01-04,2026-09-30,1243,3951,5368,61,TARC|INE0EK901012|1,EQUITY,TARC|INE0EK901012|1
TARIL,INE763I01026,2025-02-03,2026-09-30,409,4960,5368,0,TARIL|INE763I01026|1,EQUITY,TARIL|INE763I01026|1
TARMAT,INE924H01018,2012-12-04,2026-09-30,2910,1959,5368,128,TARMAT|INE924H01018|1,EQUITY,ROMAN|INE924H01018|1
TARSONS,INE144Z01023,2021-11-26,2026-09-30,1197,4172,5368,0,TARSONS|INE144Z01023|1,EQUITY,TARSONS|INE144Z01023|1
TASCPHARMA,,2005-01-03,2005-11-11,215,0,214,0,TASCPHARMA|NOISIN|1,UNKNOWN_NO_ISIN,MARKSANS|NOISIN|1
TASTYBITE,INE488B01017,2017-03-23,2026-09-30,2352,3017,5368,0,TASTYBITE|INE488B01017|1,EQUITY,TASTYBITE|INE488B01017|1
TATACAP,INE976I01016,2025-10-13,2026-09-30,239,5130,5368,0,TATACAP|INE976I01016|1,EQUITY,TATACAP|INE976I01016|1
TATACHEM,,2005-01-03,2011-06-21,1601,0,1600,0,TATACHEM|NOISIN|1,UNKNOWN_NO_ISIN,TATACHEM|INE092A01019|1
TATACHEM,INE092A01019,2011-06-22,2026-09-30,3768,1601,5368,0,TATACHEM|INE092A01019|1,EQUITY,TATACHEM|INE092A01019|1
TATACOFFEE,,2006-04-04,2011-06-21,1290,311,1600,0,TATACOFFEE|NOISIN|1,UNKNOWN_NO_ISIN,CONSCOFFEE|NOISIN|1
TATACOFFEE,INE493A01019,2011-06-22,2015-01-23,885,1601,2485,0,TATACOFFEE|INE493A01019|1,EQUITY,CONSCOFFEE|NOISIN|1
TATACOFFEE,INE493A01027,2015-01-27,2024-01-12,2215,2486,4700,0,TATACOFFEE|INE493A01027|1,EQUITY,CONSCOFFEE|NOISIN|1
TATACOMM,,2008-02-25,2011-06-21,817,784,1600,0,TATACOMM|NOISIN|1,UNKNOWN_NO_ISIN,TATACOMM|INE151A01013|1
TATACOMM,INE151A01013,2011-06-22,2026-09-30,3758,1601,5368,10,TATACOMM|INE151A01013|1,EQUITY,TATACOMM|INE151A01013|1
TATACONSUM,INE192A01025,2020-02-27,2026-09-30,1629,3740,5368,0,TATACONSUM|INE192A01025|1,EQUITY,TATACONSUM|INE192A01025|1
TATAELXSI,,2005-01-03,2011-06-21,1601,0,1600,0,TATAELXSI|NOISIN|1,UNKNOWN_NO_ISIN,TATAELXSI|INE670A01012|1
TATAELXSI,INE670A01012,2011-06-22,2026-09-30,3768,1601,5368,0,TATAELXSI|INE670A01012|1,EQUITY,TATAELXSI|INE670A01012|1
TATAFIN,,2005-01-03,2005-08-04,149,0,148,0,TATAFIN|NOISIN|1,UNKNOWN_NO_ISIN,TATAFIN|NOISIN|1
TATAGLOBAL,,2010-07-21,2011-06-21,232,1369,1600,0,TATAGLOBAL|NOISIN|1,UNKNOWN_NO_ISIN,TATACONSUM|INE192A01025|1
TATAGLOBAL,INE192A01025,2011-06-22,2020-02-26,2139,1601,3739,0,TATAGLOBAL|INE192A01025|1,EQUITY,TATACONSUM|INE192A01025|1
TATAGOLD,INF277KA1976,2024-01-17,2026-09-30,666,4703,5368,0,TATAGOLD|INF277KA1976|1,FUND_UNIT,TATAGOLD|INF277KA1976|1
TATAHONEY,,2005-01-03,2005-03-23,56,0,55,0,TATAHONEY|NOISIN|1,UNKNOWN_NO_ISIN,HONAUT|INE671A01010|1
TATAINFO,,2005-01-03,2006-08-09,399,0,398,0,TATAINFO|NOISIN|1,UNKNOWN_NO_ISIN,TATAINFO|NOISIN|1
TATAINFOTE,,2005-01-03,2006-02-16,280,0,279,0,TATAINFOTE|NOISIN|1,UNKNOWN_NO_ISIN,TATAINFOTE|NOISIN|1
TATAINVEST,,2005-07-07,2011-06-21,1472,129,1600,0,TATAINVEST|NOISIN|1,UNKNOWN_NO_ISIN,INVESTCORP|NOISIN|1
TATAINVEST,INE672A01018,2011-06-22,2025-10-13,3470,1601,5130,60,TATAINVEST|INE672A01018|1,EQUITY,INVESTCORP|NOISIN|1
TATAINVEST,INE672A01026,2025-10-14,2026-09-30,238,5131,5368,0,TATAINVEST|INE672A01026|1,EQUITY,INVESTCORP|NOISIN|1
TATAMETALI,,2005-01-03,2009-05-28,1086,0,1085,0,TATAMETALI|NOISIN|1,UNKNOWN_NO_ISIN,TATAMETALI|NOISIN|1
TATAMETALI,,2009-08-21,2011-06-21,455,1146,1600,0,TATAMETALI|NOISIN|2,UNKNOWN_NO_ISIN,TATAMETALI|INE056C01010|1
TATAMETALI,INE056C01010,2011-06-22,2024-02-05,3026,1601,4714,60,TATAMETALI|INE056C01010|1,EQUITY,TATAMETALI|INE056C01010|1
TATAMOTORS,,2005-01-03,2011-06-21,1601,0,1600,0,TATAMOTORS|NOISIN|1,UNKNOWN_NO_ISIN,TATAMOTORS|INE155A01014|1
TATAMOTORS,INE155A01014,2011-06-22,2011-09-12,56,1601,1656,0,TATAMOTORS|INE155A01014|1,EQUITY,TATAMOTORS|INE155A01014|1
TATAMOTORS,INE155A01022,2011-09-13,2025-10-23,3481,1657,5137,0,TATAMOTORS|INE155A01022|1,EQUITY,TATAMOTORS|INE155A01014|1
TATAMTRDVR,,2008-11-05,2011-06-21,580,954,1600,11,TATAMTRDVR|NOISIN|1,UNKNOWN_NO_ISIN,TATAMTRDVR|IN9155A01012|1
TATAMTRDVR,IN9155A01012,2011-06-22,2011-09-12,56,1601,1656,0,TATAMTRDVR|IN9155A01012|1,OTHER_ISIN,TATAMTRDVR|IN9155A01012|1
TATAMTRDVR,IN9155A01020,2011-09-13,2024-08-29,3196,1657,4852,0,TATAMTRDVR|IN9155A01020|1,OTHER_ISIN,TATAMTRDVR|IN9155A01012|1
TATAPOWER,,2005-01-03,2011-06-21,1601,0,1600,0,TATAPOWER|NOISIN|1,UNKNOWN_NO_ISIN,TATAPOWER|INE245A01013|1
TATAPOWER,INE245A01013,2011-06-22,2011-09-26,66,1601,1666,0,TATAPOWER|INE245A01013|1,EQUITY,TATAPOWER|INE245A01013|1
TATAPOWER,INE245A01021,2011-09-27,2026-09-30,3702,1667,5368,0,TATAPOWER|INE245A01021|1,EQUITY,TATAPOWER|INE245A01013|1
TATASPONGE,,2005-01-03,2011-06-21,1600,0,1600,1,TATASPONGE|NOISIN|1,UNKNOWN_NO_ISIN,TATASPONGE|INE674A01014|1
TATASPONGE,INE674A01014,2011-06-22,2019-08-30,2020,1601,3620,0,TATASPONGE|INE674A01014|1,EQUITY,TATASPONGE|INE674A01014|1
TATASTEEL,,2005-10-17,2011-06-21,1404,197,1600,0,TATASTEEL|NOISIN|1,UNKNOWN_NO_ISIN,TATASTEEL|INE081A01012|1
TATASTEEL,INE081A01012,2011-06-22,2022-07-28,2740,1601,4340,0,TATASTEEL|INE081A01012|1,EQUITY,TATASTEEL|INE081A01012|1
TATASTEEL,INE081A01020,2022-07-29,2026-09-30,1028,4341,5368,0,TATASTEEL|INE081A01020|1,EQUITY,TATASTEEL|INE081A01012|1
TATASTLBSL,INE824B01021,2018-12-10,2021-08-05,598,3441,4096,58,TATASTLBSL|INE824B01021|1,EQUITY,BHUSANSTL|INE824B01021|1
TATASTLLP,INE674A01014,2019-09-03,2023-11-16,976,3621,4661,65,TATASTLLP|INE674A01014|1,EQUITY,TATASPONGE|INE674A01014|1
TATATEA,,2005-01-03,2010-07-20,1369,0,1368,0,TATATEA|NOISIN|1,UNKNOWN_NO_ISIN,TATACONSUM|INE192A01025|1
TATATECH,INE142M01025,2023-11-30,2026-09-30,699,4670,5368,0,TATATECH|INE142M01025|1,EQUITY,TATATECH|INE142M01025|1
TATATELSER,,2005-01-03,2005-01-13,9,0,8,0,TATATELSER|NOISIN|1,UNKNOWN_NO_ISIN,TATATELSER|NOISIN|1
TATAVASHIS,,2005-01-03,2005-05-26,100,0,99,0,TATAVASHIS|NOISIN|1,UNKNOWN_NO_ISIN,TATAVASHIS|NOISIN|1
TATAVASHIS,,2005-07-08,2006-02-23,155,130,284,0,TATAVASHIS|NOISIN|2,UNKNOWN_NO_ISIN,TATAVASHIS|NOISIN|2
TATSILV,INF277KA1984,2024-01-17,2026-09-30,666,4703,5368,0,TATSILV|INF277KA1984|1,FUND_UNIT,TATSILV|INF277KA1984|1
TATVA,INE0GK401011,2021-07-29,2026-09-30,1278,4091,5368,0,TATVA|INE0GK401011|1,EQUITY,TATVA|INE0GK401011|1
TBOTEK,INE673O01025,2024-05-15,2026-09-30,589,4780,5368,0,TBOTEK|INE673O01025|1,EQUITY,TBOTEK|INE673O01025|1
TBZ,INE760L01018,2012-05-23,2026-09-22,3536,1827,5362,0,TBZ|INE760L01018|1,EQUITY,TBZ|INE760L01018|1
TCC,INE887D01016,2026-02-25,2026-09-03,129,5222,5350,0,TCC|INE887D01016|1,EQUITY,TCC|INE887D01016|1
TCC,INE887D01024,2026-09-04,2026-09-30,18,5351,5368,0,TCC|INE887D01024|1,EQUITY,TCC|INE887D01016|1
TCI,,2005-01-03,2011-06-21,1590,0,1600,10,TCI|NOISIN|1,UNKNOWN_NO_ISIN,TCI|INE688A01022|1
TCI,INE688A01022,2011-06-22,2026-09-30,3758,1601,5368,10,TCI|INE688A01022|1,EQUITY,TCI|INE688A01022|1
TCIDEVELOP,,2011-05-04,2011-06-21,35,1566,1600,0,TCIDEVELOP|NOISIN|1,UNKNOWN_NO_ISIN,TCIDEVELOP|INE662L01016|1
TCIDEVELOP,INE662L01016,2011-06-22,2022-11-10,2496,1601,4409,60,TCIDEVELOP|INE662L01016|1,EQUITY,TCIDEVELOP|INE662L01016|1
TCIEXP,INE586V01016,2016-12-29,2026-09-30,2409,2960,5368,0,TCIEXP|INE586V01016|1,EQUITY,TCIEXP|INE586V01016|1
TCIFINANCE,,2005-01-03,2006-04-27,326,0,325,0,TCIFINANCE|NOISIN|1,UNKNOWN_NO_ISIN,TCIFINANCE|NOISIN|1
TCIFINANCE,,2006-06-12,2007-08-23,293,356,655,1,TCIFINANCE|NOISIN|2,UNKNOWN_NO_ISIN,TCIFINANCE|NOISIN|2
TCIFINANCE,,2008-02-29,2008-11-14,173,788,960,0,TCIFINANCE|NOISIN|3,UNKNOWN_NO_ISIN,TCIFINANCE|NOISIN|3
TCIFINANCE,,2009-03-02,2009-06-10,50,1030,1094,4,TCIFINANCE|NOISIN|4,UNKNOWN_NO_ISIN,TCIFINANCE|NOISIN|4
TCIFINANCE,,2009-08-21,2009-12-24,78,1146,1229,2,TCIFINANCE|NOISIN|5,UNKNOWN_NO_ISIN,TCIFINANCE|NOISIN|5
TCIFINANCE,,2010-02-19,2010-08-05,116,1265,1380,0,TCIFINANCE|NOISIN|6,UNKNOWN_NO_ISIN,TCIFINANCE|NOISIN|6
TCIFINANCE,,2010-12-03,2011-01-20,34,1464,1497,0,TCIFINANCE|NOISIN|7,UNKNOWN_NO_ISIN,TCIFINANCE|NOISIN|7
TCIFINANCE,,2011-03-07,2011-05-12,46,1527,1572,0,TCIFINANCE|NOISIN|8,UNKNOWN_NO_ISIN,TCIFINANCE|NOISIN|8
TCIFINANCE,,2011-06-17,2011-06-21,3,1598,1600,0,TCIFINANCE|NOISIN|9,UNKNOWN_NO_ISIN,TCIFINANCE|INE911B01018|1
TCIFINANCE,INE911B01018,2011-06-22,2026-09-30,2470,1601,5368,464,TCIFINANCE|INE911B01018|1,EQUITY,TCIFINANCE|INE911B01018|1
TCLCONS,INE388G01026,2023-10-31,2025-02-06,119,4650,4963,110,TCLCONS|INE388G01026|1,EQUITY,TCLCONS|INE388G01026|1
TCNSBRANDS,INE778U01029,2018-07-30,2024-09-02,1501,3354,4854,0,TCNSBRANDS|INE778U01029|1,EQUITY,TCNSBRANDS|INE778U01029|1
TCPLPACK,INE822C01015,2017-10-17,2026-09-30,2211,3158,5368,0,TCPLPACK|INE822C01015|1,EQUITY,TCPLPACK|INE822C01015|1
TCPLTD,,2010-03-02,2010-06-09,17,1271,1339,18,TCPLTD|NOISIN|1,UNKNOWN_NO_ISIN,TCPLTD|NOISIN|1
TCS,,2005-01-03,2011-06-21,1601,0,1600,0,TCS|NOISIN|1,UNKNOWN_NO_ISIN,TCS|INE467B01029|1
TCS,INE467B01029,2011-06-22,2026-09-30,3768,1601,5368,0,TCS|INE467B01029|1,EQUITY,TCS|INE467B01029|1
TDPOWERSYS,INE419M01019,2011-09-08,2022-10-31,2744,1654,4402,1,TDPOWERSYS|INE419M01019|1,EQUITY,TDPOWERSYS|INE419M01019|1
TDPOWERSYS,INE419M01027,2022-11-01,2026-08-21,939,4403,5341,0,TDPOWERSYS|INE419M01027|1,EQUITY,TDPOWERSYS|INE419M01019|1
TDPOWERSYS,INE419M01035,2026-08-24,2026-09-30,27,5342,5368,0,TDPOWERSYS|INE419M01035|1,EQUITY,TDPOWERSYS|INE419M01019|1
TEAMGTY,INE289C01025,2025-11-17,2026-09-30,216,5153,5368,0,TEAMGTY|INE289C01025|1,EQUITY,TEAMGTY|INE289C01025|1
TEAMLEASE,INE985S01024,2016-02-12,2026-09-30,2624,2745,5368,0,TEAMLEASE|INE985S01024|1,EQUITY,TEAMLEASE|INE985S01024|1
TECH,INF209KB11D8,2021-11-03,2026-09-30,1212,4157,5368,0,TECH|INF209KB11D8|1,FUND_UNIT,TECH|INF209KB11D8|1
TECHIN,INE778A01021,2015-02-23,2023-08-10,1138,2504,4596,138,TECHIN|INE778A01021|1,EQUITY,NATHSEED|INE778A01021|1
TECHM,,2006-08-28,2011-06-21,1191,410,1600,0,TECHM|NOISIN|1,UNKNOWN_NO_ISIN,TECHM|INE669C01028|1
TECHM,INE669C01028,2011-06-22,2015-03-19,921,1601,2521,0,TECHM|INE669C01028|1,EQUITY,TECHM|INE669C01028|1
TECHM,INE669C01036,2015-03-20,2026-09-30,2847,2522,5368,0,TECHM|INE669C01036|1,EQUITY,TECHM|INE669C01028|1
TECHNO,,2010-11-25,2011-06-21,143,1458,1600,0,TECHNO|NOISIN|1,UNKNOWN_NO_ISIN,TECHNO|INE286K01024|1
TECHNO,INE286K01024,2011-06-22,2018-08-07,1760,1601,3360,0,TECHNO|INE286K01024|1,EQUITY,TECHNO|INE286K01024|1
TECHNOCRAF,INE1D0W01018,2026-08-14,2026-09-30,33,5336,5368,0,TECHNOCRAF|INE1D0W01018|1,EQUITY,TECHNOCRAF|INE1D0W01018|1
TECHNOE,INE285K01026,2018-12-18,2026-09-30,1859,3447,5368,63,TECHNOE|INE285K01026|1,EQUITY,TECHNOE|INE285K01026|1
TECHNOELEC,,2007-04-02,2010-07-06,794,556,1358,5,TECHNOELEC|NOISIN|1,UNKNOWN_NO_ISIN,TECHNOELEC|NOISIN|1
TECHNOFAB,,2010-07-16,2011-06-21,235,1366,1600,0,TECHNOFAB|NOISIN|1,UNKNOWN_NO_ISIN,TECHNOFAB|INE509K01011|1
TECHNOFAB,INE509K01011,2011-06-22,2020-11-27,2112,1601,3927,48,TECHNOFAB|INE509K01011|1,EQUITY,TECHNOFAB|INE509K01011|1
TECHNVISN,INE314H01012,2026-04-21,2026-09-30,113,5256,5368,0,TECHNVISN|INE314H01012|1,EQUITY,TECHNVISN|INE314H01012|1
TECILCHEM,INE014B01011,2024-06-03,2026-09-30,286,4792,5368,135,TECILCHEM|INE014B01011|1,EQUITY,TECILCHEM|INE014B01011|1
TECPRO,,2010-10-12,2011-06-21,174,1427,1600,0,TECPRO|NOISIN|1,UNKNOWN_NO_ISIN,TECPRO|INE904H01010|1
TECPRO,INE904H01010,2011-06-22,2015-02-20,809,1601,2503,62,TECPRO|INE904H01010|1,EQUITY,TECPRO|INE904H01010|1
TEGA,INE011K01018,2021-12-13,2026-09-30,1186,4183,5368,0,TEGA|INE011K01018|1,EQUITY,TEGA|INE011K01018|1
TEJASNET,INE010J01012,2017-06-27,2026-09-30,2151,3081,5368,65,TEJASNET|INE010J01012|1,EQUITY,TEJASNET|INE010J01012|1
TELEDATAGL,,2008-01-17,2009-09-08,401,757,1158,1,TELEDATAGL|NOISIN|1,UNKNOWN_NO_ISIN,TELEDATAGL|NOISIN|1
TELEDATAIN,,2005-01-03,2007-11-15,715,0,714,0,TELEDATAIN|NOISIN|1,UNKNOWN_NO_ISIN,TELEDATAIN|NOISIN|1
TELEDATAIT,,2009-07-15,2009-10-29,72,1119,1190,0,TELEDATAIT|NOISIN|1,UNKNOWN_NO_ISIN,TELEDATAIT|NOISIN|1
TELEDATAIT,,2010-02-19,2011-06-21,336,1265,1600,0,TELEDATAIT|NOISIN|2,UNKNOWN_NO_ISIN,TELEDATAIT|INE391I01018|1
TELEDATAIT,INE391I01018,2011-06-22,2012-05-24,162,1601,1828,66,TELEDATAIT|INE391I01018|1,EQUITY,TELEDATAIT|INE391I01018|1
TELEMARINE,INE473I01014,2011-07-15,2011-11-22,86,1618,1703,0,TELEMARINE|INE473I01014|1,EQUITY,TELEMARINE|INE473I01014|1
TEMBO,INE869Y01010,2021-04-23,2026-08-04,920,4024,5328,239,TEMBO|INE869Y01010|1,EQUITY,TEMBO|INE869Y01010|1
TEMBO,INE869Y01028,2026-08-05,2026-09-30,40,5329,5368,0,TEMBO|INE869Y01028|1,EQUITY,TEMBO|INE869Y01010|1
TEMPSENS,INE1KZI01025,2026-08-28,2026-09-30,23,5346,5368,0,TEMPSENS|INE1KZI01025|1,EQUITY,TEMPSENS|INE1KZI01025|1
TENNIND,INE19RI01016,2025-11-19,2026-09-30,214,5155,5368,0,TENNIND|INE19RI01016|1,EQUITY,TENNIND|INE19RI01016|1
TERAI,INE390D01011,2026-08-17,2026-09-30,27,5337,5368,2,TERAI|INE390D01011|1,EQUITY,TERAI|INE390D01011|1
TERASOFT,INE482B01010,2016-12-29,2026-09-30,1775,2960,5368,294,TERASOFT|INE482B01010|1,EQUITY,TERASOFT|INE482B01010|1
TEXINFRA,INE435C01024,2012-03-20,2026-09-30,3585,1784,5368,0,TEXINFRA|INE435C01024|1,EQUITY,TEXINFRA|INE435C01024|1
TEXMACOLTD,,2005-01-03,2011-06-21,1591,0,1600,10,TEXMACOLTD|NOISIN|1,UNKNOWN_NO_ISIN,TEXINFRA|INE435C01024|1
TEXMACOLTD,INE435C01024,2011-06-22,2012-03-19,183,1601,1783,0,TEXMACOLTD|INE435C01024|1,EQUITY,TEXINFRA|INE435C01024|1
TEXMOPIPES,,2010-03-10,2011-06-21,324,1277,1600,0,TEXMOPIPES|NOISIN|1,UNKNOWN_NO_ISIN,TEXMOPIPES|INE141K01013|1
TEXMOPIPES,INE141K01013,2011-06-22,2026-09-30,3634,1601,5368,50,TEXMOPIPES|INE141K01013|1,EQUITY,TEXMOPIPES|INE141K01013|1
TEXRAIL,,2011-03-17,2011-06-21,66,1535,1600,0,TEXRAIL|NOISIN|1,UNKNOWN_NO_ISIN,TEXRAIL|INE621L01012|1
TEXRAIL,INE621L01012,2011-06-22,2026-09-30,3765,1601,5368,3,TEXRAIL|INE621L01012|1,EQUITY,TEXRAIL|INE621L01012|1
TFCILTD,,2005-01-03,2007-03-01,536,0,535,0,TFCILTD|NOISIN|1,UNKNOWN_NO_ISIN,TFCILTD|NOISIN|1
TFCILTD,,2007-06-08,2009-06-11,494,602,1095,0,TFCILTD|NOISIN|2,UNKNOWN_NO_ISIN,TFCILTD|NOISIN|2
TFCILTD,,2009-08-21,2011-06-21,455,1146,1600,0,TFCILTD|NOISIN|3,UNKNOWN_NO_ISIN,TFCILTD|INE305A01015|1
TFCILTD,INE305A01015,2011-06-22,2025-09-18,3503,1601,5114,11,TFCILTD|INE305A01015|1,EQUITY,TFCILTD|INE305A01015|1
TFCILTD,INE305A01023,2025-09-19,2026-09-30,254,5115,5368,0,TFCILTD|INE305A01023|1,EQUITY,TFCILTD|INE305A01015|1
TFL,,2007-02-26,2008-01-10,221,532,752,0,TFL|NOISIN|1,UNKNOWN_NO_ISIN,TFL|NOISIN|1
TFL,,2008-02-29,2010-04-16,502,788,1301,2,TFL|NOISIN|2,UNKNOWN_NO_ISIN,TFL|NOISIN|2
TFL,,2010-06-11,2010-08-19,50,1341,1390,0,TFL|NOISIN|3,UNKNOWN_NO_ISIN,TFL|NOISIN|3
TFL,,2010-12-03,2011-03-04,63,1464,1526,0,TFL|NOISIN|4,UNKNOWN_NO_ISIN,TFL|NOISIN|4
TFL,,2011-06-17,2011-06-21,3,1598,1600,0,TFL|NOISIN|5,UNKNOWN_NO_ISIN,TFL|INE804H01012|1
TFL,INE804H01012,2011-06-22,2026-09-30,2347,1601,5368,280,TFL|INE804H01012|1,EQUITY,TFL|INE804H01012|1
TGBHOTELS,INE797H01018,2013-05-31,2026-09-30,2984,2081,5368,64,TGBHOTELS|INE797H01018|1,EQUITY,BHAGWATIHO|INE797H01018|1
TGVSL,INE284B01028,2026-08-17,2026-09-30,32,5337,5368,0,TGVSL|INE284B01028|1,EQUITY,TGVSL|INE284B01028|1
THACKER,INE077P01034,2026-04-20,2026-09-30,45,5255,5368,65,THACKER|INE077P01034|1,EQUITY,THACKER|INE077P01034|1
THAKDEV,INE403F01017,2026-04-21,2026-09-30,96,5256,5368,2,THAKDEV|INE403F01017|1,EQUITY,THAKDEV|INE403F01017|1
THANGAMAYL,,2010-02-19,2011-06-21,336,1265,1600,0,THANGAMAYL|NOISIN|1,UNKNOWN_NO_ISIN,THANGAMAYL|INE085J01014|1
THANGAMAYL,INE085J01014,2011-06-22,2026-09-30,3612,1601,5368,63,THANGAMAYL|INE085J01014|1,EQUITY,THANGAMAYL|INE085J01014|1
THEBYKE,INE319B01014,2011-12-30,2015-01-29,759,1730,2488,0,THEBYKE|INE319B01014|1,EQUITY,BYKE|INE319B01014|1
THEINVEST,INE924D01017,2018-07-25,2026-09-30,1824,3351,5368,59,THEINVEST|INE924D01017|1,EQUITY,FORTUNEFIN|INE924D01017|1
THEJO,INE121N01019,2023-10-10,2026-09-30,733,4636,5368,0,THEJO|INE121N01019|1,EQUITY,THEJO|INE121N01019|1
THELEELA,INE0AQ201015,2025-06-02,2026-09-30,331,5038,5368,0,THELEELA|INE0AQ201015|1,EQUITY,THELEELA|INE0AQ201015|1
THEMISMED,,2007-04-02,2009-04-17,453,556,1058,3,THEMISMED|NOISIN|1,UNKNOWN_NO_ISIN,THEMISMED|NOISIN|1
THEMISMED,,2009-06-12,2009-08-20,48,1096,1145,2,THEMISMED|NOISIN|2,UNKNOWN_NO_ISIN,THEMISMED|NOISIN|2
THEMISMED,,2009-11-20,2011-06-20,377,1205,1599,2,THEMISMED|NOISIN|3,UNKNOWN_NO_ISIN,THEMISMED|NOISIN|3
THEMISMED,INE083B01016,2011-06-22,2023-10-09,2245,1601,4635,490,THEMISMED|INE083B01016|1,EQUITY,THEMISMED|INE083B01016|1
THEMISMED,INE083B01024,2023-10-10,2026-09-30,733,4636,5368,0,THEMISMED|INE083B01024|1,EQUITY,THEMISMED|INE083B01016|1
THERMAX,,2005-01-03,2011-06-21,1601,0,1600,0,THERMAX|NOISIN|1,UNKNOWN_NO_ISIN,THERMAX|INE152A01029|1
THERMAX,INE152A01029,2011-06-22,2026-09-30,3768,1601,5368,0,THERMAX|INE152A01029|1,EQUITY,THERMAX|INE152A01029|1
THINKSOFT,,2009-10-26,2010-02-18,78,1187,1264,0,THINKSOFT|NOISIN|1,UNKNOWN_NO_ISIN,THINKSOFT|NOISIN|1
THINKSOFT,,2010-06-11,2011-06-21,260,1341,1600,0,THINKSOFT|NOISIN|2,UNKNOWN_NO_ISIN,EXPLEOSOL|INE201K01015|1
THINKSOFT,INE201K01015,2011-06-22,2014-09-29,745,1601,2409,64,THINKSOFT|INE201K01015|1,EQUITY,EXPLEOSOL|INE201K01015|1
THIRUSUGAR,,2005-01-03,2005-04-28,61,0,79,19,THIRUSUGAR|NOISIN|1,UNKNOWN_NO_ISIN,THIRUSUGAR|NOISIN|1
THIRUSUGAR,,2005-07-08,2006-02-16,148,130,279,1,THIRUSUGAR|NOISIN|2,UNKNOWN_NO_ISIN,THIRUSUGAR|NOISIN|2
THIRUSUGAR,,2006-06-12,2006-06-29,14,356,369,0,THIRUSUGAR|NOISIN|3,UNKNOWN_NO_ISIN,THIRUSUGAR|NOISIN|3
THIRUSUGAR,,2006-08-28,2007-12-28,334,410,743,0,THIRUSUGAR|NOISIN|4,UNKNOWN_NO_ISIN,THIRUSUGAR|NOISIN|4
THIRUSUGAR,,2008-02-29,2011-06-21,754,788,1600,19,THIRUSUGAR|NOISIN|5,UNKNOWN_NO_ISIN,THIRUSUGAR|INE409A01015|1
THIRUSUGAR,INE409A01015,2011-06-22,2019-05-27,1625,1601,3554,61,THIRUSUGAR|INE409A01015|1,EQUITY,THIRUSUGAR|INE409A01015|1
THOMASCOOK,,2005-01-03,2011-06-21,1601,0,1600,0,THOMASCOOK|NOISIN|1,UNKNOWN_NO_ISIN,THOMASCOOK|INE332A01027|1
THOMASCOOK,INE332A01027,2011-06-22,2026-09-30,3702,1601,5368,56,THOMASCOOK|INE332A01027|1,EQUITY,THOMASCOOK|INE332A01027|1
THOMASCOTT,INE480M01011,2012-02-13,2026-09-30,596,1760,5368,2245,THOMASCOTT|INE480M01011|1,EQUITY,THOMASCOTT|INE480M01011|1
THYROCARE,INE594H01019,2016-05-09,2026-09-30,2569,2800,5368,0,THYROCARE|INE594H01019|1,EQUITY,THYROCARE|INE594H01019|1
TI,,2010-07-16,2011-06-21,235,1366,1600,0,TI|NOISIN|1,UNKNOWN_NO_ISIN,TI|INE133E01013|1
TI,INE133E01013,2011-06-22,2026-09-30,3547,1601,5368,63,TI|INE133E01013|1,EQUITY,TI|INE133E01013|1
TICL,INE388G01026,2025-02-07,2026-07-23,203,4964,5320,91,TICL|INE388G01026|1,EQUITY,TCLCONS|INE388G01026|1
TIDEWATER,,2007-01-16,2007-09-20,159,506,675,2,TIDEWATER|NOISIN|1,UNKNOWN_NO_ISIN,TIDEWATER|NOISIN|1
TIDEWATER,,2007-12-03,2011-06-21,873,726,1600,1,TIDEWATER|NOISIN|2,UNKNOWN_NO_ISIN,TIDEWATER|INE484C01014|1
TIDEWATER,INE484C01014,2011-06-22,2016-03-16,1167,1601,2767,0,TIDEWATER|INE484C01014|1,EQUITY,TIDEWATER|INE484C01014|1
TIDEWATER,INE484C01022,2016-03-17,2021-07-14,1314,2768,4081,0,TIDEWATER|INE484C01022|1,EQUITY,TIDEWATER|INE484C01022|1
TIDEWATER,INE484C01030,2021-10-18,2024-10-08,735,4145,4879,0,TIDEWATER|INE484C01030|1,EQUITY,TIDEWATER|INE484C01030|1
TIFIN,INE149A01033,2017-10-10,2019-04-08,371,3153,3523,0,TIFIN|INE149A01033|1,EQUITY,CHOLAHLDNG|INE149A01033|1
TIGERLOGS,INE906O01029,2025-09-18,2026-09-30,189,5114,5368,66,TIGERLOGS|INE906O01029|1,EQUITY,TIGERLOGS|INE906O01029|1
TIIL,,2007-02-12,2009-09-03,632,523,1155,1,TIIL|NOISIN|1,UNKNOWN_NO_ISIN,TIIL|NOISIN|1
TIIL,,2009-11-20,2011-06-21,396,1205,1600,0,TIIL|NOISIN|2,UNKNOWN_NO_ISIN,TIIL|INE545H01011|1
TIIL,INE545H01011,2011-06-22,2026-09-30,3632,1601,5368,61,TIIL|INE545H01011|1,EQUITY,TIIL|INE545H01011|1
TIINDIA,INE974X01010,2017-11-16,2026-09-30,2190,3179,5368,0,TIINDIA|INE974X01010|1,EQUITY,TIINDIA|INE974X01010|1
TIJARIA,INE440L01017,2011-10-14,2026-09-03,2432,1679,5350,319,TIJARIA|INE440L01017|1,EQUITY,TIJARIA|INE440L01017|1
TIL,,2005-04-08,2007-11-30,660,66,725,0,TIL|NOISIN|1,UNKNOWN_NO_ISIN,TIL|NOISIN|1
TIL,,2008-02-29,2011-06-21,811,788,1600,1,TIL|NOISIN|2,UNKNOWN_NO_ISIN,TIL|INE806C01018|1
TIL,INE806C01018,2011-06-22,2026-08-10,3094,1601,5332,370,TIL|INE806C01018|1,EQUITY,TIL|INE806C01018|1
TIMBOR,INE346L01016,2011-06-22,2015-09-24,836,1601,2651,62,TIMBOR|INE346L01016|1,EQUITY,TIMBOR|INE346L01016|1
TIMESGTY,,2005-01-03,2007-11-29,646,0,724,12,TIMESGTY|NOISIN|1,UNKNOWN_NO_ISIN,TIMESGTY|NOISIN|1
TIMESGTY,,2008-02-29,2009-12-10,381,788,1219,3,TIMESGTY|NOISIN|2,UNKNOWN_NO_ISIN,TIMESGTY|NOISIN|2
TIMESGTY,,2010-02-19,2010-04-16,37,1265,1301,0,TIMESGTY|NOISIN|3,UNKNOWN_NO_ISIN,TIMESGTY|NOISIN|3
TIMESGTY,,2010-06-11,2010-11-11,109,1341,1449,0,TIMESGTY|NOISIN|4,UNKNOWN_NO_ISIN,TIMESGTY|NOISIN|4
TIMESGTY,,2011-03-07,2011-04-18,28,1527,1555,1,TIMESGTY|NOISIN|5,UNKNOWN_NO_ISIN,TIMESGTY|NOISIN|5
TIMESGTY,,2011-06-17,2011-06-21,3,1598,1600,0,TIMESGTY|NOISIN|6,UNKNOWN_NO_ISIN,TEAMGTY|INE289C01025|1
TIMESGTY,INE289C01025,2011-06-22,2025-07-31,2678,1601,5081,120,TIMESGTY|INE289C01025|1,EQUITY,TEAMGTY|INE289C01025|1
TIMETECHNO,,2007-06-13,2011-06-21,996,605,1600,0,TIMETECHNO|NOISIN|1,UNKNOWN_NO_ISIN,TIMETECHNO|INE508G01029|1
TIMETECHNO,INE508G01029,2011-06-22,2026-09-30,3768,1601,5368,0,TIMETECHNO|INE508G01029|1,EQUITY,TIMETECHNO|INE508G01029|1
TIMEX,INE064A01026,2026-04-20,2026-09-30,114,5255,5368,0,TIMEX|INE064A01026|1,EQUITY,TIMEX|INE064A01026|1
TIMKEN,,2007-02-06,2008-08-21,386,519,904,0,TIMKEN|NOISIN|1,UNKNOWN_NO_ISIN,TIMKEN|NOISIN|1
TIMKEN,,2008-12-01,2011-06-21,630,970,1600,1,TIMKEN|NOISIN|2,UNKNOWN_NO_ISIN,TIMKEN|INE325A01013|1
TIMKEN,INE325A01013,2011-06-22,2026-09-30,3768,1601,5368,0,TIMKEN|INE325A01013|1,EQUITY,TIMKEN|INE325A01013|1
TINNARUBR,INE015C01016,2025-04-17,2026-09-30,361,5008,5368,0,TINNARUBR|INE015C01016|1,EQUITY,TINNARUBR|INE015C01016|1
TINPLATE,,2006-01-27,2009-06-11,829,266,1095,1,TINPLATE|NOISIN|1,UNKNOWN_NO_ISIN,TINPLATE|NOISIN|1
TINPLATE,,2009-08-21,2011-06-21,455,1146,1600,0,TINPLATE|NOISIN|2,UNKNOWN_NO_ISIN,TINPLATE|INE422C01014|1
TINPLATE,INE422C01014,2011-06-22,2024-01-18,3040,1601,4704,64,TINPLATE|INE422C01014|1,EQUITY,TINPLATE|INE422C01014|1
TIPSFILMS,INE0LQS01015,2022-10-20,2026-09-30,748,4396,5368,103,TIPSFILMS|INE0LQS01015|1,EQUITY,TIPSFILMS|INE0LQS01015|1
TIPSINDLTD,,2005-01-03,2005-07-14,135,0,134,0,TIPSINDLTD|NOISIN|1,UNKNOWN_NO_ISIN,TIPSINDLTD|NOISIN|1
TIPSINDLTD,,2005-11-25,2006-10-06,216,223,438,0,TIPSINDLTD|NOISIN|2,UNKNOWN_NO_ISIN,TIPSINDLTD|NOISIN|2
TIPSINDLTD,,2006-11-24,2007-03-08,70,471,540,0,TIPSINDLTD|NOISIN|3,UNKNOWN_NO_ISIN,TIPSINDLTD|NOISIN|3
TIPSINDLTD,,2007-06-08,2011-06-21,998,602,1600,1,TIPSINDLTD|NOISIN|4,UNKNOWN_NO_ISIN,TIPSINDLTD|INE716B01011|1
TIPSINDLTD,INE716B01011,2011-06-22,2023-04-20,2401,1601,4518,158,TIPSINDLTD|INE716B01011|1,EQUITY,TIPSINDLTD|INE716B01011|1
TIPSINDLTD,INE716B01029,2023-04-21,2024-09-27,355,4519,4873,0,TIPSINDLTD|INE716B01029|1,EQUITY,TIPSINDLTD|INE716B01011|1
TIPSMUSIC,INE716B01029,2024-09-30,2026-09-30,495,4874,5368,0,TIPSMUSIC|INE716B01029|1,EQUITY,TIPSINDLTD|INE716B01011|1
TIRUMALCHM,,2005-01-03,2006-06-09,356,0,355,0,TIRUMALCHM|NOISIN|1,UNKNOWN_NO_ISIN,TIRUMALCHM|NOISIN|1
TIRUMALCHM,,2006-08-28,2009-06-11,686,410,1095,0,TIRUMALCHM|NOISIN|2,UNKNOWN_NO_ISIN,TIRUMALCHM|NOISIN|2
TIRUMALCHM,,2009-08-21,2011-06-21,455,1146,1600,0,TIRUMALCHM|NOISIN|3,UNKNOWN_NO_ISIN,TIRUMALCHM|INE338A01016|1
TIRUMALCHM,INE338A01016,2011-06-22,2018-08-14,1765,1601,3365,0,TIRUMALCHM|INE338A01016|1,EQUITY,TIRUMALCHM|INE338A01016|1
TIRUMALCHM,INE338A01024,2018-08-16,2026-09-30,2003,3366,5368,0,TIRUMALCHM|INE338A01024|1,EQUITY,TIRUMALCHM|INE338A01016|1
TIRUPATIFL,INE319Y01016,2020-08-04,2020-11-09,69,3846,3914,0,TIRUPATIFL|INE319Y01016|1,EQUITY,TIRUPATIFL|INE319Y01016|1
TIRUPATIFL,INE319Y01024,2022-01-04,2026-07-23,569,4199,5320,282,TIRUPATIFL|INE319Y01024|1,EQUITY,TIRUPATIFL|INE319Y01024|1
TISCO,,2005-01-03,2005-10-14,197,0,196,0,TISCO|NOISIN|1,UNKNOWN_NO_ISIN,TATASTEEL|INE081A01012|1
TITAGARH,INE615H01020,2023-06-19,2026-09-30,810,4559,5368,0,TITAGARH|INE615H01020|1,EQUITY,TITAGARH|INE615H01020|1
TITAN,,2005-01-03,2011-06-21,1601,0,1600,0,TITAN|NOISIN|1,UNKNOWN_NO_ISIN,TITAN|INE280A01010|1
TITAN,INE280A01010,2011-06-22,2011-06-23,2,1601,1602,0,TITAN|INE280A01010|1,EQUITY,TITAN|INE280A01010|1
TITAN,INE280A01028,2011-06-24,2026-09-30,3766,1603,5368,0,TITAN|INE280A01028|1,EQUITY,TITAN|INE280A01010|1
TITANOCOMP,,2005-01-03,2007-08-17,652,0,651,0,TITANOCOMP|NOISIN|1,UNKNOWN_NO_ISIN,DENORA|NOISIN|1
TMB,INE668A01016,2022-09-21,2026-09-30,993,4376,5368,0,TMB|INE668A01016|1,EQUITY,TMB|INE668A01016|1
TMCV,INE1TAE01010,2025-11-26,2026-09-30,209,5160,5368,0,TMCV|INE1TAE01010|1,EQUITY,TMCV|INE1TAE01010|1
TMPV,INE155A01022,2025-10-24,2026-09-30,231,5138,5368,0,TMPV|INE155A01022|1,EQUITY,TATAMOTORS|INE155A01014|1
TMRVL,INE759V01019,2016-12-28,2022-07-15,1219,2959,4331,66,TMRVL|INE759V01019|1,EQUITY,HEADSUP|INE759V01019|1
TNIDETF,INF277KA1364,2022-04-08,2026-09-30,1105,4264,5368,0,TNIDETF|INF277KA1364|1,FUND_UNIT,TNIDETF|INF277KA1364|1
TNPETRO,,2005-01-03,2006-10-19,448,0,447,0,TNPETRO|NOISIN|1,UNKNOWN_NO_ISIN,TNPETRO|NOISIN|1
TNPETRO,,2006-11-24,2007-09-20,205,471,675,0,TNPETRO|NOISIN|2,UNKNOWN_NO_ISIN,TNPETRO|NOISIN|2
TNPETRO,,2007-12-03,2008-01-10,27,726,752,0,TNPETRO|NOISIN|3,UNKNOWN_NO_ISIN,TNPETRO|NOISIN|3
TNPETRO,,2008-02-29,2008-05-29,58,788,845,0,TNPETRO|NOISIN|4,UNKNOWN_NO_ISIN,TNPETRO|NOISIN|4
TNPETRO,,2008-08-22,2009-06-11,190,905,1095,1,TNPETRO|NOISIN|5,UNKNOWN_NO_ISIN,TNPETRO|NOISIN|5
TNPETRO,,2009-08-21,2011-06-21,455,1146,1600,0,TNPETRO|NOISIN|6,UNKNOWN_NO_ISIN,TNPETRO|INE148A01019|1
TNPETRO,INE148A01019,2011-06-22,2026-09-30,3635,1601,5368,68,TNPETRO|INE148A01019|1,EQUITY,TNPETRO|INE148A01019|1
TNPL,,2005-01-03,2011-06-21,1600,0,1600,1,TNPL|NOISIN|1,UNKNOWN_NO_ISIN,TNPL|INE107A01015|1
TNPL,INE107A01015,2011-06-22,2026-09-30,3768,1601,5368,0,TNPL|INE107A01015|1,EQUITY,TNPL|INE107A01015|1
TNTELE,,2005-01-03,2005-07-29,145,0,144,0,TNTELE|NOISIN|1,UNKNOWN_NO_ISIN,TNTELE|NOISIN|1
TNTELE,,2006-06-12,2006-11-23,112,356,470,2,TNTELE|NOISIN|2,UNKNOWN_NO_ISIN,TNTELE|NOISIN|2
TNTELE,,2007-03-02,2007-09-20,140,536,675,0,TNTELE|NOISIN|3,UNKNOWN_NO_ISIN,TNTELE|NOISIN|3
TNTELE,,2007-12-03,2008-01-10,27,726,752,0,TNTELE|NOISIN|4,UNKNOWN_NO_ISIN,TNTELE|NOISIN|4
TNTELE,,2008-02-29,2009-05-04,280,788,1067,0,TNTELE|NOISIN|5,UNKNOWN_NO_ISIN,TNTELE|NOISIN|5
TNTELE,,2009-06-12,2009-12-10,123,1096,1219,1,TNTELE|NOISIN|6,UNKNOWN_NO_ISIN,TNTELE|NOISIN|6
TNTELE,,2010-02-19,2010-07-08,96,1265,1360,0,TNTELE|NOISIN|7,UNKNOWN_NO_ISIN,TNTELE|NOISIN|7
TNTELE,,2010-08-20,2010-09-16,19,1391,1409,0,TNTELE|NOISIN|8,UNKNOWN_NO_ISIN,TNTELE|NOISIN|8
TNTELE,INE141D01018,2023-11-22,2026-09-30,416,4665,5368,167,TNTELE|INE141D01018|1,EQUITY,TNTELE|INE141D01018|1
TODAYS,,2005-01-03,2010-04-16,1298,0,1301,1,TODAYS|NOISIN|1,UNKNOWN_NO_ISIN,TODAYS|NOISIN|1
TODAYS,,2010-06-11,2010-09-16,69,1341,1409,0,TODAYS|NOISIN|2,UNKNOWN_NO_ISIN,TODAYS|NOISIN|2
TODAYS,,2010-12-03,2011-06-21,137,1464,1600,0,TODAYS|NOISIN|3,UNKNOWN_NO_ISIN,TODAYS|INE944B01019|1
TODAYS,INE944B01019,2011-06-22,2018-02-06,954,1601,3235,129,TODAYS|INE944B01019|1,EQUITY,TODAYS|INE944B01019|1
TOKYOPLAST,,2005-01-03,2005-08-11,143,0,153,2,TOKYOPLAST|NOISIN|1,UNKNOWN_NO_ISIN,TOKYOPLAST|NOISIN|1
TOKYOPLAST,,2006-06-12,2007-01-11,98,356,503,5,TOKYOPLAST|NOISIN|2,UNKNOWN_NO_ISIN,TOKYOPLAST|NOISIN|2
TOKYOPLAST,,2007-03-05,2007-11-29,141,537,724,13,TOKYOPLAST|NOISIN|3,UNKNOWN_NO_ISIN,TOKYOPLAST|NOISIN|3
TOKYOPLAST,,2008-02-29,2011-06-21,668,788,1600,19,TOKYOPLAST|NOISIN|4,UNKNOWN_NO_ISIN,TOKYOPLAST|NOISIN|4
TOKYOPLAST,INE932C01012,2011-06-23,2026-09-30,3329,1602,5368,76,TOKYOPLAST|INE932C01012|1,EQUITY,TOKYOPLAST|INE932C01012|1
TOLINS,INE0RWQ01014,2024-09-30,2026-09-30,433,4874,5368,62,TOLINS|INE0RWQ01014|1,EQUITY,TOLINS|INE0RWQ01014|1
TOP100CASE,INF0R8F01067,2024-06-19,2026-09-30,566,4803,5368,0,TOP100CASE|INF0R8F01067|1,FUND_UNIT,TOP100CASE|INF0R8F01067|1
TOP10ADD,INF740KA1UR9,2024-09-11,2026-09-30,508,4861,5368,0,TOP10ADD|INF740KA1UR9|1,FUND_UNIT,TOP10ADD|INF740KA1UR9|1
TOP15IETF,INF109K1A344,2025-07-02,2026-09-30,309,5060,5368,0,TOP15IETF|INF109K1A344|1,FUND_UNIT,TOP15IETF|INF109K1A344|1
TOP20,INF769K01PZ5,2025-12-19,2026-09-30,192,5177,5368,0,TOP20|INF769K01PZ5|1,FUND_UNIT,TOP20|INF769K01PZ5|1
TORNTPHARM,,2005-01-03,2011-06-21,1600,0,1600,1,TORNTPHARM|NOISIN|1,UNKNOWN_NO_ISIN,TORNTPHARM|INE685A01028|1
TORNTPHARM,INE685A01028,2011-06-22,2026-09-30,3768,1601,5368,0,TORNTPHARM|INE685A01028|1,EQUITY,TORNTPHARM|INE685A01028|1
TORNTPOWER,,2006-11-28,2011-06-21,1128,473,1600,0,TORNTPOWER|NOISIN|1,UNKNOWN_NO_ISIN,TORNTPOWER|INE813H01021|1
TORNTPOWER,INE813H01021,2011-06-22,2026-09-30,3768,1601,5368,0,TORNTPOWER|INE813H01021|1,EQUITY,TORNTPOWER|INE813H01021|1
TORRENTAEC,,2005-06-17,2006-09-20,313,115,427,0,TORRENTAEC|NOISIN|1,UNKNOWN_NO_ISIN,AHMEDELEC|NOISIN|1
TORRENTSEC,,2005-06-07,2006-09-20,321,107,427,0,TORRENTSEC|NOISIN|1,UNKNOWN_NO_ISIN,SURATELEC|NOISIN|1
TOTAL,INE336X01012,2020-08-28,2026-09-09,1299,3864,5354,70,TOTAL|INE336X01012|1,EQUITY,TOTAL|INE336X01012|1
TOUCHWOOD,INE486Y01013,2020-01-21,2026-09-30,1169,3714,5368,78,TOUCHWOOD|INE486Y01013|1,EQUITY,TOUCHWOOD|INE486Y01013|1
TOYAMSL,INE457P01020,2026-08-17,2026-09-30,32,5337,5368,0,TOYAMSL|INE457P01020|1,EQUITY,TOYAMSL|INE457P01020|1
TPHQ,INE065J01024,2024-06-10,2026-08-21,323,4797,5341,78,TPHQ|INE065J01024|1,EQUITY,TPHQ|INE065J01024|1
TPLPLASTEH,INE413G01014,2015-05-20,2022-10-19,1827,2561,4395,2,TPLPLASTEH|INE413G01014|1,EQUITY,TPLPLASTEH|INE413G01014|1
TPLPLASTEH,INE413G01022,2022-10-20,2026-09-30,841,4396,5368,67,TPLPLASTEH|INE413G01022|1,EQUITY,TPLPLASTEH|INE413G01014|1
TRACXN,INE0HMF01019,2022-10-20,2026-09-30,973,4396,5368,0,TRACXN|INE0HMF01019|1,EQUITY,TRACXN|INE0HMF01019|1
TRAFALHSE,,2005-01-03,2005-03-17,52,0,51,0,TRAFALHSE|NOISIN|1,UNKNOWN_NO_ISIN,TRAFALHSE|NOISIN|1
TRAFALHSE,,2005-07-08,2005-08-12,25,130,154,0,TRAFALHSE|NOISIN|2,UNKNOWN_NO_ISIN,ITDCEM|NOISIN|1
TRANSCOR,INE330E01023,2026-08-17,2026-09-30,32,5337,5368,0,TRANSCOR|INE330E01023|1,EQUITY,TRANSCOR|INE330E01023|1
TRANSPEK,INE687A01016,2026-04-20,2026-08-10,78,5255,5332,0,TRANSPEK|INE687A01016|1,EQUITY,TRANSPEK|INE687A01016|1
TRANSRAILL,INE454P01035,2024-12-27,2026-09-30,435,4934,5368,0,TRANSRAILL|INE454P01035|1,EQUITY,TRANSRAILL|INE454P01035|1
TRANSWORLD,INE757B01015,2024-10-23,2026-06-18,407,4890,5296,0,TRANSWORLD|INE757B01015|1,EQUITY,SHREYAS|INE757B01015|1
TRAVELFOOD,INE103V01028,2025-07-14,2026-09-30,301,5068,5368,0,TRAVELFOOD|INE103V01028|1,EQUITY,TRAVELFOOD|INE103V01028|1
TREADS,,2008-07-02,2008-11-28,101,869,969,0,TREADS|NOISIN|1,UNKNOWN_NO_ISIN,TREADS|NOISIN|1
TREADS,,2009-03-02,2011-01-10,459,1030,1489,1,TREADS|NOISIN|2,UNKNOWN_NO_ISIN,TREADS|NOISIN|2
TREEHOUSE,INE040M01013,2011-08-26,2026-09-30,2966,1647,5368,116,TREEHOUSE|INE040M01013|1,EQUITY,TREEHOUSE|INE040M01013|1
TREJHARA,INE00CA01015,2019-01-11,2026-09-30,1435,3464,5368,289,TREJHARA|INE00CA01015|1,EQUITY,TREJHARA|INE00CA01015|1
TREL,INE0O3901029,2023-08-25,2026-09-30,763,4606,5368,0,TREL|INE0O3901029|1,EQUITY,TREL|INE0O3901029|1
TRENT,,2005-01-03,2011-06-21,1600,0,1600,1,TRENT|NOISIN|1,UNKNOWN_NO_ISIN,TRENT|INE849A01012|1
TRENT,INE849A01012,2011-06-22,2016-09-12,1287,1601,2887,0,TRENT|INE849A01012|1,EQUITY,TRENT|INE849A01012|1
TRENT,INE849A01020,2016-09-14,2026-09-30,2481,2888,5368,0,TRENT|INE849A01020|1,EQUITY,TRENT|INE849A01012|1
TRF,,2010-01-08,2011-06-21,364,1237,1600,0,TRF|NOISIN|1,UNKNOWN_NO_ISIN,TRF|INE391D01019|1
TRF,INE391D01019,2011-06-22,2026-09-30,3253,1601,5368,114,TRF|INE391D01019|1,EQUITY,TRF|INE391D01019|1
TRICOM,,2006-12-20,2011-06-21,1112,489,1600,0,TRICOM|NOISIN|1,UNKNOWN_NO_ISIN,TRICOM|INE771B01032|1
TRICOM,INE771B01032,2011-06-22,2017-03-23,1183,1601,3017,60,TRICOM|INE771B01032|1,EQUITY,TRICOM|INE771B01032|1
TRIDENT,,2011-05-03,2011-06-21,36,1565,1600,0,TRIDENT|NOISIN|1,UNKNOWN_NO_ISIN,ABSHEKINDS|NOISIN|3
TRIDENT,INE064C01014,2011-06-22,2019-12-13,2088,1601,3688,0,TRIDENT|INE064C01014|1,EQUITY,ABSHEKINDS|NOISIN|3
TRIDENT,INE064C01022,2019-12-16,2026-09-30,1619,3689,5368,61,TRIDENT|INE064C01022|1,EQUITY,ABSHEKINDS|NOISIN|3
TRIGYN,,2005-07-26,2005-11-18,77,142,218,0,TRIGYN|NOISIN|1,UNKNOWN_NO_ISIN,LEADEDSYS|NOISIN|2
TRIGYN,,2006-06-12,2006-06-29,14,356,369,0,TRIGYN|NOISIN|2,UNKNOWN_NO_ISIN,TRIGYN|NOISIN|2
TRIGYN,,2006-08-28,2009-06-11,685,410,1095,1,TRIGYN|NOISIN|3,UNKNOWN_NO_ISIN,TRIGYN|NOISIN|3
TRIGYN,,2009-08-21,2011-06-21,455,1146,1600,0,TRIGYN|NOISIN|4,UNKNOWN_NO_ISIN,TRIGYN|INE948A01012|1
TRIGYN,INE948A01012,2011-06-22,2026-09-30,3455,1601,5368,63,TRIGYN|INE948A01012|1,EQUITY,TRIGYN|INE948A01012|1
TRIL,,2007-12-28,2011-06-21,858,743,1600,0,TRIL|NOISIN|1,UNKNOWN_NO_ISIN,TARIL|INE763I01026|1
TRIL,INE763I01018,2011-06-22,2017-09-28,1431,1601,3146,64,TRIL|INE763I01018|1,EQUITY,TARIL|INE763I01026|1
TRIL,INE763I01026,2017-09-29,2024-05-13,1540,3147,4778,61,TRIL|INE763I01026|1,EQUITY,TARIL|INE763I01026|1
TRITONV,INE440G01017,2026-08-17,2026-09-30,32,5337,5368,0,TRITONV|INE440G01017|1,EQUITY,TRITONV|INE440G01017|1
TRITURBINE,INE152M01016,2011-11-15,2026-09-30,3671,1698,5368,0,TRITURBINE|INE152M01016|1,EQUITY,TRITURBINE|INE152M01016|1
TRIVENI,,2005-12-13,2011-06-21,1366,235,1600,0,TRIVENI|NOISIN|1,UNKNOWN_NO_ISIN,TRIVENI|INE256C01024|1
TRIVENI,INE256C01024,2011-06-22,2026-09-30,3690,1601,5368,42,TRIVENI|INE256C01024|1,EQUITY,TRIVENI|INE256C01024|1
TRU,INE615R01029,2022-09-01,2026-09-30,738,4362,5368,234,TRU|INE615R01029|1,EQUITY,DHANVARSHA|INE615R01029|1
TRUALT,INE0MWH01014,2025-10-03,2026-09-30,245,5124,5368,0,TRUALT|INE0MWH01014|1,EQUITY,TRUALT|INE0MWH01014|1
TSFINV,INE202Z01029,2025-10-16,2026-09-30,236,5133,5368,0,TSFINV|INE202Z01029|1,EQUITY,SUNDARMHLD|INE202Z01029|1
TTKHEALTH,,2010-01-08,2010-04-29,74,1237,1310,0,TTKHEALTH|NOISIN|1,UNKNOWN_NO_ISIN,TTKHEALTH|NOISIN|1
TTKHEALTH,,2010-06-11,2011-06-21,260,1341,1600,0,TTKHEALTH|NOISIN|2,UNKNOWN_NO_ISIN,TTKHEALTH|INE910C01018|1
TTKHEALTH,INE910C01018,2011-06-22,2014-12-23,863,1601,2463,0,TTKHEALTH|INE910C01018|1,EQUITY,TTKHEALTH|INE910C01018|1
TTKHLTCARE,INE910C01018,2015-12-02,2026-09-30,2673,2695,5368,1,TTKHLTCARE|INE910C01018|1,EQUITY,TTKHEALTH|INE910C01018|1
TTKPRESTIG,,2005-01-03,2011-06-21,1600,0,1600,1,TTKPRESTIG|NOISIN|1,UNKNOWN_NO_ISIN,TTKPRESTIG|INE690A01010|1
TTKPRESTIG,INE690A01010,2011-06-22,2021-12-14,2584,1601,4184,0,TTKPRESTIG|INE690A01010|1,EQUITY,TTKPRESTIG|INE690A01010|1
TTKPRESTIG,INE690A01028,2021-12-15,2026-09-30,1184,4185,5368,0,TTKPRESTIG|INE690A01028|1,EQUITY,TTKPRESTIG|INE690A01010|1
TTL,,2007-02-22,2007-03-01,6,530,535,0,TTL|NOISIN|1,UNKNOWN_NO_ISIN,TTL|NOISIN|1
TTL,,2007-06-08,2011-06-21,978,602,1600,18,TTL|NOISIN|2,UNKNOWN_NO_ISIN,TTL|INE592B01016|1
TTL,INE592B01016,2011-06-22,2024-12-11,3138,1601,4923,68,TTL|INE592B01016|1,EQUITY,TTL|INE592B01016|1
TTL,INE592B01024,2025-03-17,2026-09-30,260,4988,5368,67,TTL|INE592B01024|1,EQUITY,TTL|INE592B01024|1
TTML,,2005-01-14,2011-06-21,1592,9,1600,0,TTML|NOISIN|1,UNKNOWN_NO_ISIN,TATATELSER|NOISIN|1
TTML,INE517B01013,2011-06-22,2026-09-30,3214,1601,5368,111,TTML|INE517B01013|1,EQUITY,TATATELSER|NOISIN|1
TUBEINVEST,,2005-01-03,2011-06-21,1600,0,1600,1,TUBEINVEST|NOISIN|1,UNKNOWN_NO_ISIN,TUBEINVEST|INE149A01025|1
TUBEINVEST,INE149A01025,2011-06-22,2017-08-23,1521,1601,3121,0,TUBEINVEST|INE149A01025|1,EQUITY,TUBEINVEST|INE149A01025|1
TULIP,,2006-01-05,2011-06-21,1349,252,1600,0,TULIP|NOISIN|1,UNKNOWN_NO_ISIN,TULIP|INE122H01027|1
TULIP,INE122H01027,2011-06-22,2014-07-08,655,1601,2353,70,TULIP|INE122H01027|1,EQUITY,TULIP|INE122H01027|1
TULSI,,2008-02-25,2009-06-11,312,784,1095,0,TULSI|NOISIN|1,UNKNOWN_NO_ISIN,TULSI|NOISIN|1
TULSI,,2009-08-21,2011-06-21,455,1146,1600,0,TULSI|NOISIN|2,UNKNOWN_NO_ISIN,TULSI|INE474I01012|1
TULSI,INE474I01012,2011-06-22,2018-03-16,1635,1601,3261,16,TULSI|INE474I01012|1,EQUITY,TULSI|INE474I01012|1
TULSYAN,,2009-11-05,2010-02-18,71,1194,1264,0,TULSYAN|NOISIN|1,UNKNOWN_NO_ISIN,TULSYAN|NOISIN|1
TULSYAN,,2010-06-11,2011-06-21,258,1341,1600,1,TULSYAN|NOISIN|2,UNKNOWN_NO_ISIN,TULSYAN|INE463D01016|1
TULSYAN,INE463D01016,2011-06-22,2014-01-10,449,1601,2233,19,TULSYAN|INE463D01016|1,EQUITY,TULSYAN|INE463D01016|1
TURTLEMINT,INE0OC301013,2026-06-29,2026-09-30,67,5302,5368,0,TURTLEMINT|INE0OC301013|1,EQUITY,TURTLEMINT|INE0OC301013|1
TUTIALKA,INE400A01014,2026-08-17,2026-09-30,32,5337,5368,0,TUTIALKA|INE400A01014|1,EQUITY,TUTIALKA|INE400A01014|1
TV-18,,2006-12-27,2011-06-20,1107,493,1599,0,TV-18|NOISIN|1,UNKNOWN_NO_ISIN,TV-18|NOISIN|1
TV18,,2005-01-03,2006-11-16,466,0,465,0,TV18|NOISIN|1,UNKNOWN_NO_ISIN,TV18|NOISIN|1
TV18BRDCST,INE886H01027,2011-07-19,2024-10-15,3200,1620,4884,54,TV18BRDCST|INE886H01027|1,EQUITY,GBN|NOISIN|1
TVSELECT,,2005-01-03,2005-12-15,238,0,237,0,TVSELECT|NOISIN|1,UNKNOWN_NO_ISIN,TVSELECT|NOISIN|1
TVSELECT,,2006-06-12,2006-06-29,14,356,369,0,TVSELECT|NOISIN|2,UNKNOWN_NO_ISIN,TVSELECT|NOISIN|2
TVSELECT,,2006-08-28,2007-06-14,197,410,606,0,TVSELECT|NOISIN|3,UNKNOWN_NO_ISIN,TVSELECT|NOISIN|3
TVSELECT,,2007-08-31,2009-08-20,484,661,1145,1,TVSELECT|NOISIN|4,UNKNOWN_NO_ISIN,TVSELECT|NOISIN|4
TVSELECT,,2009-11-20,2010-04-16,97,1205,1301,0,TVSELECT|NOISIN|5,UNKNOWN_NO_ISIN,TVSELECT|NOISIN|5
TVSELECT,,2010-06-11,2011-06-21,260,1341,1600,0,TVSELECT|NOISIN|6,UNKNOWN_NO_ISIN,TVSELECT|INE236G01019|1
TVSELECT,INE236G01019,2011-06-22,2026-09-30,3245,1601,5368,81,TVSELECT|INE236G01019|1,EQUITY,TVSELECT|INE236G01019|1
TVSHLTD,INE105A01035,2023-08-10,2026-09-30,739,4596,5368,13,TVSHLTD|INE105A01035|1,EQUITY,SUNCLAYLTD|INE105A01035|1
TVSMOTOR,,2005-01-03,2011-06-21,1601,0,1600,0,TVSMOTOR|NOISIN|1,UNKNOWN_NO_ISIN,TVSMOTOR|INE494B01023|1
TVSMOTOR,INE494B01023,2011-06-22,2026-09-30,3768,1601,5368,0,TVSMOTOR|INE494B01023|1,EQUITY,TVSMOTOR|INE494B01023|1
TVSSCS,INE395N01027,2023-08-23,2026-09-30,711,4604,5368,54,TVSSCS|INE395N01027|1,EQUITY,TVSSCS|INE395N01027|1
TVSSRICHAK,,2007-02-13,2009-08-20,607,524,1145,2,TVSSRICHAK|NOISIN|1,UNKNOWN_NO_ISIN,TVSSRICHAK|NOISIN|1
TVSSRICHAK,,2009-11-20,2011-06-21,396,1205,1600,0,TVSSRICHAK|NOISIN|2,UNKNOWN_NO_ISIN,TVSSRICHAK|INE421C01016|1
TVSSRICHAK,INE421C01016,2011-06-22,2026-09-30,3731,1601,5368,37,TVSSRICHAK|INE421C01016|1,EQUITY,TVSSRICHAK|INE421C01016|1
TVTODAY,,2005-01-03,2011-06-21,1601,0,1600,0,TVTODAY|NOISIN|1,UNKNOWN_NO_ISIN,TVTODAY|INE038F01029|1
TVTODAY,INE038F01029,2011-06-22,2026-09-30,3768,1601,5368,0,TVTODAY|INE038F01029|1,EQUITY,TVTODAY|INE038F01029|1
TVVISION,INE871L01013,2016-09-29,2026-08-04,1200,2899,5328,361,TVVISION|INE871L01013|1,EQUITY,TVVISION|INE871L01013|1
TWCGOLDETF,INF2F0001370,2026-01-02,2026-09-30,183,5186,5368,0,TWCGOLDETF|INF2F0001370|1,FUND_UNIT,TWCGOLDETF|INF2F0001370|1
TWILITAKA,,2010-06-15,2011-06-21,258,1343,1600,0,TWILITAKA|NOISIN|1,UNKNOWN_NO_ISIN,TWILITAKA|INE783B01029|1
TWILITAKA,INE783B01029,2011-06-22,2014-08-22,579,1601,2384,64,TWILITAKA|INE783B01029|1,EQUITY,TWILITAKA|INE783B01029|1
TWL,,2008-04-21,2011-06-21,782,819,1600,0,TWL|NOISIN|1,UNKNOWN_NO_ISIN,TITAGARH|INE615H01020|1
TWL,INE615H01012,2011-06-22,2015-04-23,892,1601,2543,26,TWL|INE615H01012|1,EQUITY,TITAGARH|INE615H01020|1
TWL,INE615H01020,2015-04-24,2023-06-16,1958,2544,4558,57,TWL|INE615H01020|1,EQUITY,TITAGARH|INE615H01020|1
UBENGG,,2009-06-16,2011-06-21,503,1098,1600,0,UBENGG|NOISIN|1,UNKNOWN_NO_ISIN,UBENGG|INE328C01013|1
UBENGG,INE328C01013,2011-06-22,2014-09-23,634,1601,2405,70,UBENGG|INE328C01013|1,EQUITY,UBENGG|INE328C01013|1
UBHOLDINGS,,2008-05-21,2011-06-21,762,839,1600,0,UBHOLDINGS|NOISIN|1,UNKNOWN_NO_ISIN,UBHOLDINGS|INE696A01025|1
UBHOLDINGS,INE696A01025,2011-06-22,2017-05-19,1427,1601,3055,28,UBHOLDINGS|INE696A01025|1,EQUITY,UBHOLDINGS|INE696A01025|1
UBL,,2008-07-28,2011-06-21,714,887,1600,0,UBL|NOISIN|1,UNKNOWN_NO_ISIN,UBL|INE686F01025|1
UBL,INE686F01025,2011-06-22,2026-09-30,3768,1601,5368,0,UBL|INE686F01025|1,EQUITY,UBL|INE686F01025|1
UCAL,INE139B01016,2023-07-26,2026-08-19,628,4585,5339,69,UCAL|INE139B01016|1,EQUITY,UCALFUEL|INE139B01016|1
UCALFUEL,,2005-01-03,2009-04-17,1059,0,1058,0,UCALFUEL|NOISIN|1,UNKNOWN_NO_ISIN,UCALFUEL|NOISIN|1
UCALFUEL,,2009-06-12,2011-06-21,487,1096,1600,18,UCALFUEL|NOISIN|2,UNKNOWN_NO_ISIN,UCALFUEL|INE139B01016|1
UCALFUEL,INE139B01016,2011-06-22,2023-07-25,2920,1601,4584,64,UCALFUEL|INE139B01016|1,EQUITY,UCALFUEL|INE139B01016|1
UCOBANK,,2005-01-03,2011-06-21,1601,0,1600,0,UCOBANK|NOISIN|1,UNKNOWN_NO_ISIN,UCOBANK|INE691A01018|1
UCOBANK,INE691A01018,2011-06-22,2026-09-30,3768,1601,5368,0,UCOBANK|INE691A01018|1,EQUITY,UCOBANK|INE691A01018|1
UDAICEMENT,INE225C01029,2021-12-23,2025-08-22,788,4191,5096,118,UDAICEMENT|INE225C01029|1,EQUITY,UDAICEMENT|INE225C01029|1
UDAYJEW,INE551B01012,2026-08-17,2026-09-30,32,5337,5368,0,UDAYJEW|INE551B01012|1,EQUITY,UDAYJEW|INE551B01012|1
UDS,INE851I01011,2023-10-04,2026-09-30,737,4632,5368,0,UDS|INE851I01011|1,EQUITY,UDS|INE851I01011|1
UEL,INE899L01030,2026-02-02,2026-09-30,164,5205,5368,0,UEL|INE899L01030|1,EQUITY,UEL|INE899L01030|1
UFBL,INE382M01027,2025-10-13,2026-08-11,204,5130,5333,0,UFBL|INE382M01027|1,EQUITY,BARBEQUE|INE382M01027|1
UFLEX,,2007-04-17,2011-06-21,1034,566,1600,1,UFLEX|NOISIN|1,UNKNOWN_NO_ISIN,FLEX|NOISIN|1
UFLEX,INE516A01017,2011-06-22,2026-09-30,3768,1601,5368,0,UFLEX|INE516A01017|1,EQUITY,FLEX|NOISIN|1
UFO,INE527H01019,2015-05-14,2026-09-30,2747,2557,5368,65,UFO|INE527H01019|1,EQUITY,UFO|INE527H01019|1
UGARSUGAR,,2010-08-23,2011-06-21,209,1392,1600,0,UGARSUGAR|NOISIN|1,UNKNOWN_NO_ISIN,UGARSUGAR|INE071E01023|1
UGARSUGAR,INE071E01023,2011-06-22,2026-09-29,3279,1601,5367,420,UGARSUGAR|INE071E01023|1,EQUITY,UGARSUGAR|INE071E01023|1
UGROCAP,INE583D01011,2021-08-11,2026-09-30,1269,4100,5368,0,UGROCAP|INE583D01011|1,EQUITY,UGROCAP|INE583D01011|1
UJAAS,INE899L01022,2013-09-23,2023-11-02,1957,2159,4652,347,UJAAS|INE899L01022|1,EQUITY,MBSWITCH|INE899L01014|1
UJJIVAN,INE334L01012,2016-05-10,2024-05-02,1971,2801,4771,0,UJJIVAN|INE334L01012|1,EQUITY,UJJIVAN|INE334L01012|1
UJJIVANSFB,INE551W01018,2019-12-12,2026-09-30,1682,3687,5368,0,UJJIVANSFB|INE551W01018|1,EQUITY,UJJIVANSFB|INE551W01018|1
ULTRACEMCO,,2005-01-03,2011-06-21,1601,0,1600,0,ULTRACEMCO|NOISIN|1,UNKNOWN_NO_ISIN,ULTRACEMCO|INE481G01011|1
ULTRACEMCO,INE481G01011,2011-06-22,2026-09-30,3768,1601,5368,0,ULTRACEMCO|INE481G01011|1,EQUITY,ULTRACEMCO|INE481G01011|1
ULTRAMAR,INE405A01021,2026-04-20,2026-09-30,114,5255,5368,0,ULTRAMAR|INE405A01021|1,EQUITY,ULTRAMAR|INE405A01021|1
UMAEXPORTS,INE0GIU01018,2022-04-25,2026-06-08,677,4273,5288,101,UMAEXPORTS|INE0GIU01018|1,EQUITY,UMAEXPORTS|INE0GIU01018|1
UMANGDAIRY,INE864B01027,2015-12-02,2025-06-26,2193,2695,5056,78,UMANGDAIRY|INE864B01027|1,EQUITY,UMANGDAIRY|INE864B01027|1
UMESL,,2010-02-19,2010-04-01,28,1265,1292,0,UMESL|NOISIN|1,UNKNOWN_NO_ISIN,UMESL|NOISIN|1
UMESL,,2010-06-11,2010-06-11,1,1341,1341,0,UMESL|NOISIN|2,UNKNOWN_NO_ISIN,UMESL|NOISIN|2
UMESLTD,,2010-07-12,2011-06-21,239,1362,1600,0,UMESLTD|NOISIN|1,UNKNOWN_NO_ISIN,UMESLTD|INE240C01028|1
UMESLTD,INE240C01028,2011-06-22,2026-09-30,2143,1601,5368,148,UMESLTD|INE240C01028|1,EQUITY,UMESLTD|INE240C01028|1
UMITL,,2005-04-08,2005-11-07,145,66,210,0,UMITL|NOISIN|1,UNKNOWN_NO_ISIN,UMITL|NOISIN|1
UMITL,,2006-06-12,2006-06-29,14,356,369,0,UMITL|NOISIN|2,UNKNOWN_NO_ISIN,UMITL|NOISIN|2
UMITL,,2006-08-28,2007-02-08,112,410,521,0,UMITL|NOISIN|3,UNKNOWN_NO_ISIN,UMITL|NOISIN|3
UMITL,,2007-06-08,2007-08-23,54,602,655,0,UMITL|NOISIN|4,UNKNOWN_NO_ISIN,UMITL|NOISIN|4
UMITL,,2007-12-03,2007-12-28,18,726,743,0,UMITL|NOISIN|5,UNKNOWN_NO_ISIN,UMITL|NOISIN|5
UMITL,,2008-02-29,2008-05-15,49,788,836,0,UMITL|NOISIN|6,UNKNOWN_NO_ISIN,UMITL|NOISIN|6
UMITL,,2008-08-22,2009-02-19,118,905,1024,1,UMITL|NOISIN|7,UNKNOWN_NO_ISIN,UMITL|NOISIN|7
UMITL,,2009-11-20,2009-12-10,15,1205,1219,0,UMITL|NOISIN|8,UNKNOWN_NO_ISIN,UMITL|NOISIN|8
UMIYA-MRO,INE398B01018,2025-04-15,2026-09-30,363,5006,5368,0,UMIYA-MRO|INE398B01018|1,EQUITY,MRO-TEK|INE398B01018|1
UNICHEMLAB,,2005-01-03,2011-06-21,1600,0,1600,1,UNICHEMLAB|NOISIN|1,UNKNOWN_NO_ISIN,UNICHEMLAB|INE351A01035|1
UNICHEMLAB,INE351A01035,2011-06-22,2026-09-30,3768,1601,5368,0,UNICHEMLAB|INE351A01035|1,EQUITY,UNICHEMLAB|INE351A01035|1
UNIDT,INE961D01019,2020-09-25,2026-09-30,1417,3884,5368,68,UNIDT|INE961D01019|1,EQUITY,UNIDT|INE961D01019|1
UNIECOM,INE00U401027,2024-08-13,2026-09-30,528,4841,5368,0,UNIECOM|INE00U401027|1,EQUITY,UNIECOM|INE00U401027|1
UNIENTER,,2005-01-03,2005-08-19,159,0,158,0,UNIENTER|NOISIN|1,UNKNOWN_NO_ISIN,UNIENTER|NOISIN|1
UNIENTER,,2006-06-12,2006-06-29,14,356,369,0,UNIENTER|NOISIN|2,UNKNOWN_NO_ISIN,UNIENTER|NOISIN|2
UNIENTER,,2006-08-28,2007-04-05,150,410,559,0,UNIENTER|NOISIN|3,UNKNOWN_NO_ISIN,UNIENTER|NOISIN|3
UNIENTER,,2007-06-08,2007-10-05,83,602,685,1,UNIENTER|NOISIN|4,UNKNOWN_NO_ISIN,UNIENTER|NOISIN|4
UNIENTER,,2007-12-03,2008-01-10,27,726,752,0,UNIENTER|NOISIN|5,UNKNOWN_NO_ISIN,UNIENTER|NOISIN|5
UNIENTER,,2008-02-29,2010-11-11,598,788,1449,7,UNIENTER|NOISIN|6,UNKNOWN_NO_ISIN,UNIENTER|NOISIN|6
UNIENTER,,2011-03-07,2011-06-21,74,1527,1600,0,UNIENTER|NOISIN|7,UNKNOWN_NO_ISIN,UNIENTER|INE037A01022|1
UNIENTER,INE037A01022,2011-06-22,2026-09-30,3681,1601,5368,25,UNIENTER|INE037A01022|1,EQUITY,UNIENTER|INE037A01022|1
UNIINFO,INE481Z01011,2022-01-12,2026-09-30,792,4205,5368,125,UNIINFO|INE481Z01011|1,EQUITY,UNIINFO|INE481Z01011|1
UNIMECH,INE0U3I01011,2024-12-31,2026-09-30,375,4936,5368,58,UNIMECH|INE0U3I01011|1,EQUITY,UNIMECH|INE0U3I01011|1
UNIONBANK,,2005-01-03,2011-06-21,1601,0,1600,0,UNIONBANK|NOISIN|1,UNKNOWN_NO_ISIN,UNIONBANK|INE692A01016|1
UNIONBANK,INE692A01016,2011-06-22,2026-09-30,3768,1601,5368,0,UNIONBANK|INE692A01016|1,EQUITY,UNIONBANK|INE692A01016|1
UNIONCARBI,,2005-01-03,2005-03-14,49,0,48,0,UNIONCARBI|NOISIN|1,UNKNOWN_NO_ISIN,UNIONCARBI|NOISIN|1
UNIONGOLD,INF582M01KS4,2025-02-21,2026-09-30,395,4974,5368,0,UNIONGOLD|INF582M01KS4|1,FUND_UNIT,UNIONGOLD|INF582M01KS4|1
UNIPARTS,INE244O01017,2022-12-12,2026-09-30,938,4431,5368,0,UNIPARTS|INE244O01017|1,EQUITY,UNIPARTS|INE244O01017|1
UNIPHOS,,2005-01-03,2011-06-21,1601,0,1600,0,UNIPHOS|NOISIN|1,UNKNOWN_NO_ISIN,UNIPHOS|INE628A01036|1
UNIPHOS,INE628A01036,2011-06-22,2013-10-22,578,1601,2178,0,UNIPHOS|INE628A01036|1,EQUITY,UNIPHOS|INE628A01036|1
UNIPLY,,2007-03-09,2009-04-17,518,541,1058,0,UNIPLY|NOISIN|1,UNKNOWN_NO_ISIN,UNIPLY|NOISIN|1
UNIPLY,,2009-08-21,2010-04-16,156,1146,1301,0,UNIPLY|NOISIN|2,UNKNOWN_NO_ISIN,UNIPLY|NOISIN|2
UNIPLY,,2010-06-11,2011-06-21,260,1341,1600,0,UNIPLY|NOISIN|3,UNKNOWN_NO_ISIN,UNIPLY|INE950G01015|1
UNIPLY,INE950G01015,2011-06-22,2018-06-25,1327,1601,3329,65,UNIPLY|INE950G01015|1,EQUITY,UNIPLY|INE950G01015|1
UNIPLY,INE950G01023,2018-06-26,2020-09-11,489,3330,3874,56,UNIPLY|INE950G01023|1,EQUITY,UNIPLY|INE950G01015|1
UNITDSPR,INE854D01024,2024-06-07,2026-09-30,573,4796,5368,0,UNITDSPR|INE854D01024|1,EQUITY,MCDOWELL-N|INE854D01016|1
UNITECH,,2005-01-03,2011-06-21,1601,0,1600,0,UNITECH|NOISIN|1,UNKNOWN_NO_ISIN,UNITECH|INE694A01020|1
UNITECH,INE694A01020,2011-06-22,2026-09-30,2209,1601,5368,1454,UNITECH|INE694A01020|1,EQUITY,UNITECH|INE694A01020|1
UNITEDBNK,,2010-03-18,2011-06-21,318,1283,1600,0,UNITEDBNK|NOISIN|1,UNKNOWN_NO_ISIN,UNITEDBNK|INE695A01019|1
UNITEDBNK,INE695A01019,2011-06-22,2020-03-20,2155,1601,3755,0,UNITEDBNK|INE695A01019|1,EQUITY,UNITEDBNK|INE695A01019|1
UNITEDPOLY,INE368U01011,2021-12-31,2025-04-30,540,4197,5016,96,UNITEDPOLY|INE368U01011|1,EQUITY,UNITEDPOLY|INE368U01011|1
UNITEDPOLY,INE368U01029,2025-05-02,2026-09-30,158,5017,5368,67,UNITEDPOLY|INE368U01029|1,EQUITY,UNITEDPOLY|INE368U01011|1
UNITEDTEA,,2010-01-08,2011-06-21,343,1237,1600,3,UNITEDTEA|NOISIN|1,UNKNOWN_NO_ISIN,UNITEDTEA|INE458F01011|1
UNITEDTEA,INE458F01011,2011-06-22,2026-09-30,3393,1601,5368,59,UNITEDTEA|INE458F01011|1,EQUITY,UNITEDTEA|INE458F01011|1
UNITY,,2006-06-12,2011-06-21,1244,356,1600,1,UNITY|NOISIN|1,UNKNOWN_NO_ISIN,UNITY|INE466H01028|1
UNITY,INE466H01028,2011-06-22,2018-08-29,1704,1601,3374,59,UNITY|INE466H01028|1,EQUITY,UNITY|INE466H01028|1
UNIVAFOODS,INE275F01019,2023-09-18,2023-12-18,7,4622,4682,54,UNIVAFOODS|INE275F01019|1,EQUITY,HOTELRUGBY|INE275F01019|1
UNIVASTU,INE562X01013,2020-06-22,2026-07-01,1258,3815,5304,62,UNIVASTU|INE562X01013|1,EQUITY,UNIVASTU|INE562X01013|1
UNIVCABLES,,2005-04-08,2005-05-26,34,66,99,0,UNIVCABLES|NOISIN|1,UNKNOWN_NO_ISIN,UNIVCABLES|NOISIN|1
UNIVCABLES,,2005-07-08,2008-11-28,840,130,969,0,UNIVCABLES|NOISIN|2,UNKNOWN_NO_ISIN,UNIVCABLES|NOISIN|2
UNIVCABLES,,2009-03-02,2009-08-20,114,1030,1145,1,UNIVCABLES|NOISIN|3,UNKNOWN_NO_ISIN,UNIVCABLES|NOISIN|3
UNIVCABLES,,2009-11-20,2010-08-19,186,1205,1390,0,UNIVCABLES|NOISIN|4,UNKNOWN_NO_ISIN,UNIVCABLES|NOISIN|4
UNIVCABLES,,2010-12-03,2011-06-21,137,1464,1600,0,UNIVCABLES|NOISIN|5,UNKNOWN_NO_ISIN,UNIVCABLES|INE279A01012|1
UNIVCABLES,INE279A01012,2011-06-22,2026-09-30,3151,1601,5368,517,UNIVCABLES|INE279A01012|1,EQUITY,UNIVCABLES|INE279A01012|1
UNIVPHOTO,INE03V001013,2020-03-02,2026-02-20,1287,3742,5219,66,UNIVPHOTO|INE03V001013|1,EQUITY,UNIVPHOTO|INE03V001013|1
UNIWESTBNK,,2005-01-03,2005-04-07,66,0,65,0,UNIWESTBNK|NOISIN|1,UNKNOWN_NO_ISIN,UNIWESTBNK|NOISIN|1
UNIWESTBNK,,2005-07-08,2005-08-11,24,130,153,0,UNIWESTBNK|NOISIN|2,UNKNOWN_NO_ISIN,UNIWESTBNK|NOISIN|2
UNIWESTBNK,,2006-06-12,2006-09-29,79,356,434,0,UNIWESTBNK|NOISIN|3,UNKNOWN_NO_ISIN,UNIWESTBNK|NOISIN|3
UNOMINDA,INE405E01023,2022-08-05,2026-09-30,1023,4346,5368,0,UNOMINDA|INE405E01023|1,EQUITY,MINDAIND|INE405E01015|1
UPERGANGES,,2005-01-03,2006-02-16,280,0,279,0,UPERGANGES|NOISIN|1,UNKNOWN_NO_ISIN,UPERGANGES|NOISIN|1
UPERGANGES,,2006-06-19,2008-08-07,535,361,895,0,UPERGANGES|NOISIN|2,UNKNOWN_NO_ISIN,UPERGANGES|NOISIN|2
UPERGANGES,,2008-12-01,2009-08-20,175,970,1145,1,UPERGANGES|NOISIN|3,UNKNOWN_NO_ISIN,UPERGANGES|NOISIN|3
UPERGANGES,,2009-11-20,2011-06-21,396,1205,1600,0,UPERGANGES|NOISIN|4,UNKNOWN_NO_ISIN,UPERGANGES|INE018B01012|1
UPERGANGES,INE018B01012,2011-06-22,2017-03-22,1261,1601,3016,28,UPERGANGES|INE018B01012|1,EQUITY,UPERGANGES|INE018B01012|1
UPHOT,INE726E01014,2026-08-18,2026-09-29,24,5338,5367,1,UPHOT|INE726E01014|1,EQUITY,UPHOT|INE726E01014|1
UPL,INE628A01036,2013-10-23,2026-09-30,3190,2179,5368,0,UPL|INE628A01036|1,EQUITY,UNIPHOS|INE628A01036|1
URAVI,INE568Z01015,2023-07-05,2025-01-15,244,4570,4947,84,URAVI|INE568Z01015|1,EQUITY,URAVIDEF|INE568Z01015|1
URAVIDEF,INE568Z01015,2025-01-16,2026-07-02,245,4948,5305,92,URAVIDEF|INE568Z01015|1,EQUITY,URAVIDEF|INE568Z01015|1
URBANCO,INE0CAZ01013,2025-09-17,2026-09-30,256,5113,5368,0,URBANCO|INE0CAZ01013|1,EQUITY,URBANCO|INE0CAZ01013|1
URJA,INE550C01020,2017-03-28,2026-09-30,1588,3020,5368,145,URJA|INE550C01020|1,EQUITY,URJA|INE550C01020|1
USHAMART,,2005-01-03,2011-06-21,1601,0,1600,0,USHAMART|NOISIN|1,UNKNOWN_NO_ISIN,USHAMART|INE228A01035|1
USHAMART,INE228A01035,2011-06-22,2026-09-30,3768,1601,5368,0,USHAMART|INE228A01035|1,EQUITY,USHAMART|INE228A01035|1
USHERAGRO,,2010-07-30,2011-06-21,225,1376,1600,0,USHERAGRO|NOISIN|1,UNKNOWN_NO_ISIN,USHERAGRO|INE235G01011|1
USHERAGRO,INE235G01011,2011-06-22,2018-09-21,1630,1601,3389,59,USHERAGRO|INE235G01011|1,EQUITY,USHERAGRO|INE235G01011|1
USK,INE0N0Y01013,2023-04-20,2026-09-30,654,4518,5368,88,USK|INE0N0Y01013|1,EQUITY,USK|INE0N0Y01013|1
UTIAMC,INE094J01016,2020-10-12,2026-09-30,1475,3894,5368,0,UTIAMC|INE094J01016|1,EQUITY,UTIAMC|INE094J01016|1
UTIBANK,,2005-01-03,2007-08-14,650,0,649,0,UTIBANK|NOISIN|1,UNKNOWN_NO_ISIN,AXISBANK|INE238A01026|1
UTIBANKETF,INF789F1AUN8,2020-09-04,2021-02-18,115,3869,3983,0,UTIBANKETF|INF789F1AUN8|1,FUND_UNIT,UTIBANKETF|INF789F1AUN8|1
UTIBANKETF,INF789F1AUV1,2021-02-19,2025-12-23,1196,3984,5179,0,UTIBANKETF|INF789F1AUV1|1,FUND_UNIT,BANKBETA|INF789F1AUV1|1
UTINEXT50,INF789F1AUW9,2021-03-26,2025-12-23,1172,4008,5179,0,UTINEXT50|INF789F1AUW9|1,FUND_UNIT,NEXT50BETA|INF789F1AUW9|1
UTINEXT50,INF789FC1N82,2017-08-08,2021-03-25,895,3111,4007,1,UTINEXT50|INF789FC1N82|1,FUND_UNIT,UTINEXT50|INF789FC1N82|1
UTINIFTETF,INF789F1AZC0,2023-09-25,2025-12-23,554,4626,5179,0,UTINIFTETF|INF789F1AZC0|1,FUND_UNIT,NIFTYBETA|INF789F1AZC0|1
UTINIFTETF,INF789FB1X41,2015-09-03,2023-09-22,1953,2637,4625,2,UTINIFTETF|INF789FB1X41|1,FUND_UNIT,UTINIFTETF|INF789FB1X41|1
UTISENSETF,INF789FB1X58,2015-09-03,2025-12-23,2440,2637,5179,4,UTISENSETF|INF789FB1X58|1,FUND_UNIT,SENSEXBETA|INF789FB1X58|1
UTISUNDER,,2005-01-03,2011-06-20,1160,0,1599,14,UTISUNDER|NOISIN|1,UNKNOWN_NO_ISIN,UTISUNDER|NOISIN|1
UTISUNDER,INF789F01042,2011-06-22,2012-03-12,148,1601,1778,2,UTISUNDER|INF789F01042|1,FUND_UNIT,UTISUNDER|INF789F01042|1
UTISXN50,INF789F1AHR6,2019-03-13,2021-02-18,391,3506,3983,5,UTISXN50|INF789F1AHR6|1,FUND_UNIT,UTISXN50|INF789F1AHR6|1
UTISXN50,INF789F1AUU3,2021-02-19,2025-12-23,1196,3984,5179,0,UTISXN50|INF789F1AUU3|1,FUND_UNIT,SNXT50BETA|INF789F1AUU3|1
UTKARSHBNK,INE735W01017,2023-07-21,2026-09-30,787,4582,5368,0,UTKARSHBNK|INE735W01017|1,EQUITY,UTKARSHBNK|INE735W01017|1
UTLSOLAR,INE12UR01024,2025-11-20,2026-09-30,206,5156,5368,7,UTLSOLAR|INE12UR01024|1,EQUITY,UTLSOLAR|INE12UR01024|1
UTTAMSTL,,2005-01-03,2005-04-07,66,0,65,0,UTTAMSTL|NOISIN|1,UNKNOWN_NO_ISIN,UTTAMSTL|NOISIN|1
UTTAMSTL,,2005-07-08,2011-06-21,1471,130,1600,0,UTTAMSTL|NOISIN|2,UNKNOWN_NO_ISIN,UTTAMSTL|INE699A01011|1
UTTAMSTL,INE699A01011,2011-06-22,2022-05-24,2333,1601,4293,68,UTTAMSTL|INE699A01011|1,EQUITY,UTTAMSTL|INE699A01011|1
UTTAMSUGAR,,2006-04-10,2008-08-07,582,314,895,0,UTTAMSUGAR|NOISIN|1,UNKNOWN_NO_ISIN,UTTAMSUGAR|NOISIN|1
UTTAMSUGAR,,2008-12-01,2009-04-17,89,970,1058,0,UTTAMSUGAR|NOISIN|2,UNKNOWN_NO_ISIN,UTTAMSUGAR|NOISIN|2
UTTAMSUGAR,,2009-06-12,2009-08-20,50,1096,1145,0,UTTAMSUGAR|NOISIN|3,UNKNOWN_NO_ISIN,UTTAMSUGAR|NOISIN|3
UTTAMSUGAR,,2009-11-20,2011-06-21,396,1205,1600,0,UTTAMSUGAR|NOISIN|4,UNKNOWN_NO_ISIN,UTTAMSUGAR|INE786F01031|1
UTTAMSUGAR,INE786F01031,2011-06-22,2026-09-30,3430,1601,5368,66,UTTAMSUGAR|INE786F01031|1,EQUITY,UTTAMSUGAR|INE786F01031|1
UTTAMVALUE,INE292A01015,2013-04-29,2016-03-23,715,2058,2772,0,UTTAMVALUE|INE292A01015|1,EQUITY,LLOYDSTEEL|INE292A01015|1
UTVSOF,,2005-03-17,2011-06-21,1550,51,1600,0,UTVSOF|NOISIN|1,UNKNOWN_NO_ISIN,UTVSOF|INE507B01022|1
UTVSOF,INE507B01022,2011-06-22,2012-03-07,176,1601,1776,0,UTVSOF|INE507B01022|1,EQUITY,UTVSOF|INE507B01022|1
UVSL,INE292A01023,2016-07-11,2020-11-20,530,2844,3922,144,UVSL|INE292A01023|1,EQUITY,UVSL|INE292A01023|1
UYFINCORP,INE152C01025,2024-10-03,2026-08-10,391,4876,5332,66,UYFINCORP|INE152C01025|1,EQUITY,UYFINCORP|INE152C01025|1
V2RETAIL,INE945H01013,2012-03-02,2026-03-24,2484,1773,5240,341,V2RETAIL|INE945H01013|1,EQUITY,V2RETAIL|INE945H01013|1
V2RETAIL,INE945H01021,2026-03-25,2026-09-30,128,5241,5368,0,V2RETAIL|INE945H01021|1,EQUITY,V2RETAIL|INE945H01013|1
VADILALIND,,2011-06-15,2011-06-21,5,1596,1600,0,VADILALIND|NOISIN|1,UNKNOWN_NO_ISIN,VADILALIND|INE694D01016|1
VADILALIND,INE694D01016,2011-06-22,2026-09-30,3767,1601,5368,1,VADILALIND|INE694D01016|1,EQUITY,VADILALIND|INE694D01016|1
VADILENT,INE693D01018,2026-08-17,2026-09-30,30,5337,5368,1,VADILENT|INE693D01018|1,EQUITY,VADILENT|INE693D01018|1
VAIBHAVGBL,INE884A01019,2013-03-01,2021-05-07,1958,2021,4034,56,VAIBHAVGBL|INE884A01019|1,EQUITY,VAIBHAVGBL|INE884A01019|1
VAIBHAVGBL,INE884A01027,2021-05-10,2026-09-30,1334,4035,5368,0,VAIBHAVGBL|INE884A01027|1,EQUITY,VAIBHAVGBL|INE884A01019|1
VAIBHAVGEM,,2005-01-03,2009-04-17,1059,0,1058,0,VAIBHAVGEM|NOISIN|1,UNKNOWN_NO_ISIN,VAIBHAVGEM|NOISIN|1
VAIBHAVGEM,,2009-08-21,2011-06-21,423,1146,1600,18,VAIBHAVGEM|NOISIN|2,UNKNOWN_NO_ISIN,VAIBHAVGBL|INE884A01019|1
VAIBHAVGEM,INE884A01019,2011-06-22,2012-11-30,357,1601,1957,0,VAIBHAVGEM|INE884A01019|1,EQUITY,VAIBHAVGBL|INE884A01019|1
VAISHALI,INE972X01014,2020-01-15,2024-10-14,1065,3710,4883,67,VAISHALI|INE972X01014|1,EQUITY,VAISHALI|INE972X01014|1
VAISHALI,INE972X01022,2024-10-15,2026-09-30,354,4884,5368,68,VAISHALI|INE972X01022|1,EQUITY,VAISHALI|INE972X01014|1
VAKRANGEE,INE051B01021,2013-11-27,2026-09-30,3065,2202,5368,68,VAKRANGEE|INE051B01021|1,EQUITY,VAKRANGEE|INE051B01021|1
VAKRANSOFT,,2006-04-03,2006-11-23,161,310,470,0,VAKRANSOFT|NOISIN|1,UNKNOWN_NO_ISIN,VAKRANSOFT|NOISIN|1
VAKRANSOFT,,2007-03-02,2009-09-03,619,536,1155,1,VAKRANSOFT|NOISIN|2,UNKNOWN_NO_ISIN,VAKRANSOFT|NOISIN|2
VAKRANSOFT,,2009-11-20,2010-04-01,88,1205,1292,0,VAKRANSOFT|NOISIN|3,UNKNOWN_NO_ISIN,VAKRANSOFT|NOISIN|3
VAKRANSOFT,,2010-06-11,2011-06-21,260,1341,1600,0,VAKRANSOFT|NOISIN|4,UNKNOWN_NO_ISIN,VAKRANGEE|INE051B01021|1
VAKRANSOFT,INE051B01013,2011-06-22,2012-04-12,199,1601,1799,0,VAKRANSOFT|INE051B01013|1,EQUITY,VAKRANGEE|INE051B01021|1
VAKRANSOFT,INE051B01021,2012-04-13,2013-11-26,402,1800,2201,0,VAKRANSOFT|INE051B01021|1,EQUITY,VAKRANGEE|INE051B01021|1
VAL30IETF,INF109KC16X5,2024-10-22,2026-09-30,480,4889,5368,0,VAL30IETF|INF109KC16X5|1,FUND_UNIT,VAL30IETF|INF109KC16X5|1
VALECHAENG,,2006-09-11,2011-06-21,1181,420,1600,0,VALECHAENG|NOISIN|1,UNKNOWN_NO_ISIN,VALECHAENG|INE624C01015|1
VALECHAENG,INE624C01015,2011-06-22,2016-09-26,1195,1601,2896,64,VALECHAENG|INE624C01015|1,EQUITY,VALECHAENG|INE624C01015|1
VALIANTLAB,INE0JWS01017,2023-10-20,2026-08-27,592,4644,5345,70,VALIANTLAB|INE0JWS01017|1,EQUITY,VALIANTLAB|INE0JWS01017|1
VALIANTORG,INE565V01010,2020-10-05,2026-09-30,1322,3889,5368,95,VALIANTORG|INE565V01010|1,EQUITY,VALIANTORG|INE565V01010|1
VALUE,INF769K01QV2,2026-03-27,2026-09-30,127,5242,5368,0,VALUE|INF769K01QV2|1,FUND_UNIT,VALUE|INF769K01QV2|1
VALUEAXIS,INF846KA1119,2026-07-03,2026-09-30,63,5306,5368,0,VALUEAXIS|INF846KA1119|1,FUND_UNIT,AXISVALUE|INF846KA1119|1
VALUEIND,,2008-05-22,2011-06-21,760,840,1600,1,VALUEIND|NOISIN|1,UNKNOWN_NO_ISIN,VALUEIND|INE352A01017|1
VALUEIND,INE352A01017,2011-06-22,2017-12-06,1548,1601,3193,16,VALUEIND|INE352A01017|1,EQUITY,VALUEIND|INE352A01017|1
VAML,INE1CDF01017,2026-06-30,2026-09-30,66,5303,5368,0,VAML|INE1CDF01017|1,EQUITY,VAML|INE1CDF01017|1
VARDHACRLC,,2005-01-03,2006-04-17,318,0,317,0,VARDHACRLC|NOISIN|1,UNKNOWN_NO_ISIN,VARDHACRLC|NOISIN|1
VARDHACRLC,,2006-06-12,2006-06-29,14,356,369,0,VARDHACRLC|NOISIN|2,UNKNOWN_NO_ISIN,VARDHACRLC|NOISIN|2
VARDHACRLC,,2006-08-28,2011-06-21,1190,410,1600,1,VARDHACRLC|NOISIN|3,UNKNOWN_NO_ISIN,VARDHACRLC|INE116G01013|1
VARDHACRLC,INE116G01013,2011-06-22,2026-07-02,3705,1601,5305,0,VARDHACRLC|INE116G01013|1,EQUITY,VARDHACRLC|INE116G01013|1
VARDHMNSPG,,2005-01-03,2005-04-12,69,0,68,0,VARDHMNSPG|NOISIN|1,UNKNOWN_NO_ISIN,VARDHMNSPG|NOISIN|1
VARDMNPOLY,,2005-01-03,2009-06-11,1087,0,1095,1,VARDMNPOLY|NOISIN|1,UNKNOWN_NO_ISIN,VARDMNPOLY|NOISIN|1
VARDMNPOLY,,2009-08-21,2009-12-24,83,1146,1229,1,VARDMNPOLY|NOISIN|2,UNKNOWN_NO_ISIN,VARDMNPOLY|NOISIN|2
VARDMNPOLY,,2010-02-19,2010-10-28,154,1265,1439,20,VARDMNPOLY|NOISIN|3,UNKNOWN_NO_ISIN,VARDMNPOLY|NOISIN|3
VARDMNPOLY,,2010-12-03,2011-06-21,137,1464,1600,0,VARDMNPOLY|NOISIN|4,UNKNOWN_NO_ISIN,VARDMNPOLY|INE835A01011|1
VARDMNPOLY,INE835A01011,2011-06-22,2024-05-16,2460,1601,4781,231,VARDMNPOLY|INE835A01011|1,EQUITY,VARDMNPOLY|INE835A01011|1
VARDMNPOLY,INE835A01029,2024-05-17,2026-09-30,402,4782,5368,65,VARDMNPOLY|INE835A01029|1,EQUITY,VARDMNPOLY|INE835A01011|1
VARMORA,INE0M5301040,2026-09-29,2026-09-30,2,5367,5368,0,VARMORA|INE0M5301040|1,EQUITY,VARMORA|INE0M5301040|1
VARROC,INE665L01035,2018-07-06,2026-09-30,2031,3338,5368,0,VARROC|INE665L01035|1,EQUITY,VARROC|INE665L01035|1
VARUN,,2007-11-22,2011-06-21,881,719,1600,1,VARUN|NOISIN|1,UNKNOWN_NO_ISIN,VARUN|INE032G01012|1
VARUN,INE032G01012,2011-06-22,2014-09-23,591,1601,2405,70,VARUN|INE032G01012|1,EQUITY,VARUN|INE032G01012|1
VARUNSHIP,,2005-01-03,2011-06-21,1601,0,1600,0,VARUNSHIP|NOISIN|1,UNKNOWN_NO_ISIN,VARUNSHIP|INE702A01013|1
VARUNSHIP,INE702A01013,2011-06-22,2015-07-10,920,1601,2598,62,VARUNSHIP|INE702A01013|1,EQUITY,VARUNSHIP|INE702A01013|1
VASCONEQ,,2010-02-15,2011-06-21,340,1261,1600,0,VASCONEQ|NOISIN|1,UNKNOWN_NO_ISIN,VASCONEQ|INE893I01013|1
VASCONEQ,INE893I01013,2011-06-22,2026-09-30,3553,1601,5368,67,VASCONEQ|INE893I01013|1,EQUITY,VASCONEQ|INE893I01013|1
VASUPRADA,INE574G01013,2026-08-17,2026-09-28,21,5337,5366,2,VASUPRADA|INE574G01013|1,EQUITY,VASUPRADA|INE574G01013|1
VASWANI,INE590L01019,2011-10-24,2026-09-30,3022,1685,5368,143,VASWANI|INE590L01019|1,EQUITY,VASWANI|INE590L01019|1
VATECH,,2010-10-13,2010-12-14,44,1428,1471,0,VATECH|NOISIN|1,UNKNOWN_NO_ISIN,VATECH|NOISIN|1
VATSMUSC,,2005-01-12,2005-01-12,1,7,7,0,VATSMUSC|NOISIN|1,UNKNOWN_NO_ISIN,VATSMUSC|NOISIN|1
VATSMUSC,,2005-08-08,2005-08-08,1,150,150,0,VATSMUSC|NOISIN|2,UNKNOWN_NO_ISIN,VATSMUSC|NOISIN|2
VATSMUSC,,2006-10-13,2006-10-13,1,443,443,0,VATSMUSC|NOISIN|3,UNKNOWN_NO_ISIN,VATSMUSC|NOISIN|3
VATSMUSC,,2006-12-18,2006-12-18,1,487,487,0,VATSMUSC|NOISIN|4,UNKNOWN_NO_ISIN,VATSMUSC|NOISIN|4
VATSMUSC,,2007-02-06,2007-04-17,17,519,566,14,VATSMUSC|NOISIN|5,UNKNOWN_NO_ISIN,VATSMUSC|NOISIN|5
VATSMUSC,,2007-05-28,2007-05-28,1,593,593,0,VATSMUSC|NOISIN|6,UNKNOWN_NO_ISIN,VATSMUSC|NOISIN|6
VBL,INE200M01013,2016-11-08,2023-06-14,1633,2924,4556,0,VBL|INE200M01013|1,EQUITY,VBL|INE200M01013|1
VBL,INE200M01021,2023-06-15,2024-09-11,305,4557,4861,0,VBL|INE200M01021|1,EQUITY,VBL|INE200M01013|1
VBL,INE200M01039,2024-09-12,2026-09-30,507,4862,5368,0,VBL|INE200M01039|1,EQUITY,VBL|INE200M01013|1
VCL,INE098201028,2022-04-19,2023-02-14,185,4269,4476,23,VCL|INE098201028|1,EQUITY,VCL|INE098201028|1
VCL,INE098201036,2023-02-15,2026-08-19,395,4477,5339,258,VCL|INE098201036|1,EQUITY,VCL|INE098201028|1
VDOCONAPPL,,2005-01-03,2008-05-21,840,0,839,0,VDOCONAPPL|NOISIN|1,UNKNOWN_NO_ISIN,VALUEIND|INE352A01017|1
VDOCONINTL,,2005-01-03,2006-01-05,253,0,252,0,VDOCONINTL|NOISIN|1,UNKNOWN_NO_ISIN,VDOCONINTL|NOISIN|1
VEDAVAAG,INE359B01010,2026-08-17,2026-09-30,32,5337,5368,0,VEDAVAAG|INE359B01010|1,EQUITY,VEDAVAAG|INE359B01010|1
VEDL,INE205A01025,2015-05-07,2026-09-30,2817,2552,5368,0,VEDL|INE205A01025|1,EQUITY,SESAGOA|INE205A01025|1
VEDPOWER,INE694L01019,2026-06-30,2026-09-30,66,5303,5368,0,VEDPOWER|INE694L01019|1,EQUITY,VEDPOWER|INE694L01019|1
VEEDOL,INE484C01030,2024-10-09,2026-09-30,489,4880,5368,0,VEEDOL|INE484C01030|1,EQUITY,TIDEWATER|INE484C01030|1
VELJAN,INE232E01013,2026-04-20,2026-07-02,51,5255,5305,0,VELJAN|INE232E01013|1,EQUITY,VELJAN|INE232E01013|1
VENKEYS,,2005-01-03,2009-06-11,1095,0,1095,1,VENKEYS|NOISIN|1,UNKNOWN_NO_ISIN,VENKEYS|NOISIN|1
VENKEYS,,2009-08-21,2011-06-21,455,1146,1600,0,VENKEYS|NOISIN|2,UNKNOWN_NO_ISIN,VENKEYS|INE398A01010|1
VENKEYS,INE398A01010,2011-06-22,2026-09-30,3768,1601,5368,0,VENKEYS|INE398A01010|1,EQUITY,VENKEYS|INE398A01010|1
VENTIVE,INE781S01027,2024-12-30,2026-09-30,434,4935,5368,0,VENTIVE|INE781S01027|1,EQUITY,VENTIVE|INE781S01027|1
VENUSPIPES,INE0JA001018,2022-06-07,2026-09-30,1066,4303,5368,0,VENUSPIPES|INE0JA001018|1,EQUITY,VENUSPIPES|INE0JA001018|1
VENUSREM,,2006-12-20,2011-06-21,1112,489,1600,0,VENUSREM|NOISIN|1,UNKNOWN_NO_ISIN,VENUSREM|INE411B01019|1
VENUSREM,INE411B01019,2011-06-22,2026-09-30,3342,1601,5368,131,VENUSREM|INE411B01019|1,EQUITY,VENUSREM|INE411B01019|1
VERANDA,INE0IQ001011,2022-04-27,2026-09-30,1037,4275,5368,57,VERANDA|INE0IQ001011|1,EQUITY,VERANDA|INE0IQ001011|1
VERTOZ,INE188Y01015,2020-05-14,2024-06-27,799,3789,4809,74,VERTOZ|INE188Y01015|1,EQUITY,VERTOZ|INE188Y01015|1
VERTOZ,INE188Y01023,2024-07-08,2025-01-29,131,4816,4957,11,VERTOZ|INE188Y01023|1,EQUITY,VERTOZ|INE188Y01023|1
VERTOZ,INE188Y01031,2025-07-14,2026-09-30,236,5068,5368,65,VERTOZ|INE188Y01031|1,EQUITY,VERTOZ|INE188Y01031|1
VESUVIUS,,2005-01-03,2011-06-21,1597,0,1600,1,VESUVIUS|NOISIN|1,UNKNOWN_NO_ISIN,VESUVIUS|INE386A01015|1
VESUVIUS,INE386A01015,2011-06-22,2025-06-09,3443,1601,5043,0,VESUVIUS|INE386A01015|1,EQUITY,VESUVIUS|INE386A01015|1
VESUVIUS,INE386A01023,2025-06-10,2026-09-30,325,5044,5368,0,VESUVIUS|INE386A01023|1,EQUITY,VESUVIUS|INE386A01015|1
VETO,INE918N01018,2015-04-29,2026-09-30,2660,2547,5368,97,VETO|INE918N01018|1,EQUITY,VETO|INE918N01018|1
VGCL,INE761Q01015,2026-08-17,2026-09-30,32,5337,5368,0,VGCL|INE761Q01015|1,EQUITY,VGCL|INE761Q01015|1
VGL,INE273D01019,2025-12-01,2026-02-27,62,5163,5224,0,VGL|INE273D01019|1,EQUITY,AARVEEDEN|INE273D01019|1
VGL,INE273D01027,2026-03-02,2026-09-30,144,5225,5368,0,VGL|INE273D01027|1,EQUITY,AARVEEDEN|INE273D01019|1
VGUARD,,2008-03-13,2011-06-21,804,796,1600,1,VGUARD|NOISIN|1,UNKNOWN_NO_ISIN,VGUARD|INE951I01019|1
VGUARD,INE951I01019,2011-06-22,2016-08-30,1279,1601,2879,0,VGUARD|INE951I01019|1,EQUITY,VGUARD|INE951I01019|1
VGUARD,INE951I01027,2016-08-31,2026-09-30,2489,2880,5368,0,VGUARD|INE951I01027|1,EQUITY,VGUARD|INE951I01019|1
VHL,,2006-04-18,2008-11-28,596,318,969,19,VHL|NOISIN|1,UNKNOWN_NO_ISIN,VHL|NOISIN|1
VHL,,2009-03-04,2011-06-21,529,1032,1600,4,VHL|NOISIN|2,UNKNOWN_NO_ISIN,VHL|INE701A01023|1
VHL,INE701A01023,2011-06-22,2026-09-30,3481,1601,5368,19,VHL|INE701A01023|1,EQUITY,VHL|INE701A01023|1
VICEROY,,2007-08-21,2008-11-14,308,653,960,0,VICEROY|NOISIN|1,UNKNOWN_NO_ISIN,VICEROY|NOISIN|1
VICEROY,,2009-03-02,2009-06-11,66,1030,1095,0,VICEROY|NOISIN|2,UNKNOWN_NO_ISIN,VICEROY|NOISIN|2
VICEROY,,2009-08-21,2010-04-16,156,1146,1301,0,VICEROY|NOISIN|3,UNKNOWN_NO_ISIN,VICEROY|NOISIN|3
VICEROY,,2010-06-11,2011-06-21,260,1341,1600,0,VICEROY|NOISIN|4,UNKNOWN_NO_ISIN,VICEROY|INE048C01017|1
VICEROY,INE048C01017,2011-06-22,2018-12-21,1788,1601,3450,34,VICEROY|INE048C01017|1,EQUITY,VICEROY|INE048C01017|1
VIDEOIND,,2005-01-03,2011-06-21,1601,0,1600,0,VIDEOIND|NOISIN|1,UNKNOWN_NO_ISIN,VIDEOIND|INE703A01011|1
VIDEOIND,INE703A01011,2011-06-22,2018-05-21,1704,1601,3304,0,VIDEOIND|INE703A01011|1,EQUITY,VIDEOIND|INE703A01011|1
VIDHIDYE,INE632C01026,2016-03-02,2017-02-28,244,2758,3001,0,VIDHIDYE|INE632C01026|1,EQUITY,VIDHIDYE|INE632C01026|1
VIDHIING,INE632C01026,2017-03-01,2026-09-30,2367,3002,5368,0,VIDHIING|INE632C01026|1,EQUITY,VIDHIDYE|INE632C01026|1
VIDYAWIRES,INE14UN01029,2025-12-10,2026-09-30,199,5170,5368,0,VIDYAWIRES|INE14UN01029|1,EQUITY,VIDYAWIRES|INE14UN01029|1
VIJAYA,INE043W01024,2021-09-14,2026-09-30,1247,4122,5368,0,VIJAYA|INE043W01024|1,EQUITY,VIJAYA|INE043W01024|1
VIJAYABANK,,2005-01-03,2011-06-21,1601,0,1600,0,VIJAYABANK|NOISIN|1,UNKNOWN_NO_ISIN,VIJAYABANK|INE705A01016|1
VIJAYABANK,INE705A01016,2011-06-22,2019-03-07,1902,1601,3502,0,VIJAYABANK|INE705A01016|1,EQUITY,VIJAYABANK|INE705A01016|1
VIJAYTEX,,2010-08-09,2011-04-01,165,1382,1546,0,VIJAYTEX|NOISIN|1,UNKNOWN_NO_ISIN,VIJAYTEX|NOISIN|1
VIJIFIN,INE159N01019,2016-07-11,2016-10-25,72,2844,2915,0,VIJIFIN|INE159N01019|1,EQUITY,VIJIFIN|INE159N01019|1
VIJIFIN,INE159N01027,2016-10-26,2026-03-18,1271,2916,5236,172,VIJIFIN|INE159N01027|1,EQUITY,VIJIFIN|INE159N01027|1
VIJSHAN,,2008-05-21,2011-06-21,759,839,1600,2,VIJSHAN|NOISIN|1,UNKNOWN_NO_ISIN,VIJSHAN|INE806F01011|1
VIJSHAN,INE806F01011,2011-06-22,2018-12-21,1779,1601,3450,71,VIJSHAN|INE806F01011|1,EQUITY,VIJSHAN|INE806F01011|1
VIJSOLX,INE362D01010,2026-08-17,2026-09-30,31,5337,5368,1,VIJSOLX|INE362D01010|1,EQUITY,VIJSOLX|INE362D01010|1
VIKASECO,INE806A01020,2015-12-21,2026-09-30,2404,2708,5368,61,VIKASECO|INE806A01020|1,EQUITY,VIKASECO|INE806A01020|1
VIKASGLOB,INE806A01012,2011-12-12,2014-02-28,496,1716,2267,48,VIKASGLOB|INE806A01012|1,EQUITY,VIKASGLOB|INE806A01012|1
VIKASGLOB,INE806A01020,2014-06-13,2015-12-18,372,2336,2707,0,VIKASGLOB|INE806A01020|1,EQUITY,VIKASECO|INE806A01020|1
VIKASHMET,,2005-11-28,2008-06-12,632,224,855,0,VIKASHMET|NOISIN|1,UNKNOWN_NO_ISIN,VIKASHMET|NOISIN|1
VIKASHMET,,2008-08-22,2011-06-21,695,905,1600,1,VIKASHMET|NOISIN|2,UNKNOWN_NO_ISIN,VIKASHMET|INE158H01013|1
VIKASHMET,INE158H01013,2011-06-22,2012-07-13,184,1601,1864,80,VIKASHMET|INE158H01013|1,EQUITY,VIKASHMET|INE158H01013|1
VIKASLIFE,INE161L01027,2021-05-06,2026-09-30,1103,4033,5368,57,VIKASLIFE|INE161L01027|1,EQUITY,VIKASLIFE|INE161L01027|1
VIKASMCORP,INE161L01027,2019-05-22,2021-05-05,362,3551,4032,72,VIKASMCORP|INE161L01027|1,EQUITY,VIKASLIFE|INE161L01027|1
VIKASPROP,INE767B01022,2019-08-19,2022-08-22,669,3611,4355,57,VIKASPROP|INE767B01022|1,EQUITY,VIKASPROP|INE767B01022|1
VIKASWSP,INE706A01022,2019-08-19,2022-04-22,612,3611,4272,50,VIKASWSP|INE706A01022|1,EQUITY,VIKASWSP|INE706A01022|1
VIKRAMSOLR,INE078V01014,2025-08-26,2026-09-30,266,5098,5368,5,VIKRAMSOLR|INE078V01014|1,EQUITY,VIKRAMSOLR|INE078V01014|1
VIKRAN,INE01R501028,2025-09-03,2026-09-30,266,5103,5368,0,VIKRAN|INE01R501028|1,EQUITY,VIKRAN|INE01R501028|1
VIMALOIL,INE067D01015,2013-05-21,2017-04-10,956,2073,3028,0,VIMALOIL|INE067D01015|1,EQUITY,VIMALOIL|INE067D01015|1
VIMTALABS,,2005-12-15,2009-06-11,858,237,1095,1,VIMTALABS|NOISIN|1,UNKNOWN_NO_ISIN,VIMTALABS|NOISIN|1
VIMTALABS,,2009-08-21,2010-10-14,266,1146,1429,18,VIMTALABS|NOISIN|2,UNKNOWN_NO_ISIN,VIMTALABS|NOISIN|2
VIMTALABS,,2010-12-03,2011-06-09,129,1464,1592,0,VIMTALABS|NOISIN|3,UNKNOWN_NO_ISIN,VIMTALABS|NOISIN|3
VIMTALABS,INE579C01029,2011-09-06,2026-09-30,3533,1652,5368,59,VIMTALABS|INE579C01029|1,EQUITY,VIMTALABS|INE579C01029|1
VINATIORGA,,2009-07-28,2011-06-21,473,1128,1600,0,VINATIORGA|NOISIN|1,UNKNOWN_NO_ISIN,VINATIORGA|INE410B01029|1
VINATIORGA,INE410B01029,2011-06-22,2020-02-05,2125,1601,3725,0,VINATIORGA|INE410B01029|1,EQUITY,VINATIORGA|INE410B01029|1
VINATIORGA,INE410B01037,2020-02-06,2026-09-30,1643,3726,5368,0,VINATIORGA|INE410B01037|1,EQUITY,VINATIORGA|INE410B01029|1
VINCARDS,,2008-08-19,2009-06-11,186,902,1095,5,VINCARDS|NOISIN|1,UNKNOWN_NO_ISIN,VINCARDS|NOISIN|1
VINCARDS,,2009-08-21,2009-09-08,13,1146,1158,0,VINCARDS|NOISIN|2,UNKNOWN_NO_ISIN,VINCARDS|NOISIN|2
VINCOFE,INE498Q01014,2024-10-18,2026-09-30,482,4887,5368,0,VINCOFE|INE498Q01014|1,EQUITY,VINCOFE|INE498Q01014|1
VINDHYATEL,,2005-04-08,2005-05-12,24,66,89,0,VINDHYATEL|NOISIN|1,UNKNOWN_NO_ISIN,VINDHYATEL|NOISIN|1
VINDHYATEL,,2006-06-12,2006-06-29,13,356,369,1,VINDHYATEL|NOISIN|2,UNKNOWN_NO_ISIN,VINDHYATEL|NOISIN|2
VINDHYATEL,,2006-08-28,2006-11-30,66,410,475,0,VINDHYATEL|NOISIN|3,UNKNOWN_NO_ISIN,VINDHYATEL|NOISIN|3
VINDHYATEL,,2007-03-02,2008-04-21,281,536,819,1,VINDHYATEL|NOISIN|4,UNKNOWN_NO_ISIN,VINDHYATEL|NOISIN|4
VINDHYATEL,,2008-06-16,2009-01-07,108,857,995,3,VINDHYATEL|NOISIN|5,UNKNOWN_NO_ISIN,VINDHYATEL|NOISIN|5
VINDHYATEL,,2009-03-02,2009-03-18,10,1030,1040,1,VINDHYATEL|NOISIN|6,UNKNOWN_NO_ISIN,VINDHYATEL|NOISIN|6
VINDHYATEL,,2009-06-12,2009-08-20,48,1096,1145,1,VINDHYATEL|NOISIN|7,UNKNOWN_NO_ISIN,VINDHYATEL|NOISIN|7
VINDHYATEL,,2009-11-20,2011-03-17,324,1205,1535,2,VINDHYATEL|NOISIN|8,UNKNOWN_NO_ISIN,VINDHYATEL|NOISIN|8
VINDHYATEL,,2011-06-17,2011-06-21,3,1598,1600,0,VINDHYATEL|NOISIN|9,UNKNOWN_NO_ISIN,VINDHYATEL|INE707A01012|1
VINDHYATEL,INE707A01012,2011-06-22,2026-09-30,3557,1601,5368,61,VINDHYATEL|INE707A01012|1,EQUITY,VINDHYATEL|INE707A01012|1
VINEETLAB,INE505Y01010,2021-06-29,2026-09-30,1038,4070,5368,97,VINEETLAB|INE505Y01010|1,EQUITY,VINEETLAB|INE505Y01010|1
VINNY,INE01KI01019,2022-11-28,2023-01-11,33,4421,4453,0,VINNY|INE01KI01019|1,EQUITY,VINNY|INE01KI01019|1
VINNY,INE01KI01027,2023-05-23,2026-09-30,379,4540,5368,237,VINNY|INE01KI01027|1,EQUITY,VINNY|INE01KI01027|1
VINTAGE,,2005-01-03,2005-02-24,37,0,36,0,VINTAGE|NOISIN|1,UNKNOWN_NO_ISIN,VINTAGE|NOISIN|1
VINTAGE,,2005-07-08,2005-07-14,5,130,134,0,VINTAGE|NOISIN|2,UNKNOWN_NO_ISIN,VINTAGE|NOISIN|2
VINTAGE,,2006-06-12,2006-06-29,13,356,369,1,VINTAGE|NOISIN|3,UNKNOWN_NO_ISIN,VINTAGE|NOISIN|3
VINTAGE,,2006-08-28,2006-10-06,27,410,438,1,VINTAGE|NOISIN|4,UNKNOWN_NO_ISIN,VINTAGE|NOISIN|4
VINTAGE,,2006-11-24,2007-04-19,97,471,568,1,VINTAGE|NOISIN|5,UNKNOWN_NO_ISIN,VINTAGE|NOISIN|5
VINTAGE,,2007-06-08,2007-08-23,54,602,655,0,VINTAGE|NOISIN|6,UNKNOWN_NO_ISIN,VINTAGE|NOISIN|6
VINTAGE,,2007-12-03,2007-12-28,18,726,743,0,VINTAGE|NOISIN|7,UNKNOWN_NO_ISIN,VINTAGE|NOISIN|7
VINYLCHEM,,2005-01-03,2005-05-12,90,0,89,0,VINYLCHEM|NOISIN|1,UNKNOWN_NO_ISIN,VINYLCHEM|NOISIN|1
VINYLCHEM,,2005-07-08,2005-07-21,10,130,139,0,VINYLCHEM|NOISIN|2,UNKNOWN_NO_ISIN,VINYLCHEM|NOISIN|2
VINYLCHEM,,2006-06-12,2008-02-13,420,356,776,1,VINYLCHEM|NOISIN|3,UNKNOWN_NO_ISIN,VINYLCHEM|NOISIN|3
VINYLINDIA,,2008-07-21,2009-04-17,175,882,1058,1,VINYLINDIA|NOISIN|1,UNKNOWN_NO_ISIN,VINYLINDIA|NOISIN|1
VINYLINDIA,,2009-06-12,2011-06-21,500,1096,1600,1,VINYLINDIA|NOISIN|2,UNKNOWN_NO_ISIN,VINYLINDIA|INE250B01029|1
VINYLINDIA,INE250B01029,2011-06-22,2026-09-30,3448,1601,5368,68,VINYLINDIA|INE250B01029|1,EQUITY,VINYLINDIA|INE250B01029|1
VIPCLOTHNG,INE450G01024,2016-12-21,2026-09-30,1922,2954,5368,83,VIPCLOTHNG|INE450G01024|1,EQUITY,MAXWELL|INE450G01024|1
VIPIND,,2005-01-03,2005-04-28,80,0,79,0,VIPIND|NOISIN|1,UNKNOWN_NO_ISIN,VIPIND|NOISIN|1
VIPIND,,2005-07-08,2007-07-26,507,130,636,0,VIPIND|NOISIN|2,UNKNOWN_NO_ISIN,VIPIND|NOISIN|2
VIPIND,,2007-08-31,2007-12-28,83,661,743,0,VIPIND|NOISIN|3,UNKNOWN_NO_ISIN,VIPIND|NOISIN|3
VIPIND,,2008-02-29,2011-06-21,812,788,1600,1,VIPIND|NOISIN|4,UNKNOWN_NO_ISIN,VIPIND|INE054A01019|1
VIPIND,INE054A01019,2011-06-22,2011-10-31,89,1601,1689,0,VIPIND|INE054A01019|1,EQUITY,VIPIND|INE054A01019|1
VIPIND,INE054A01027,2011-11-01,2026-09-30,3679,1690,5368,0,VIPIND|INE054A01027|1,EQUITY,VIPIND|INE054A01019|1
VIPUL,,2010-01-08,2011-06-21,364,1237,1600,0,VIPUL|NOISIN|1,UNKNOWN_NO_ISIN,VIPULLTD|INE946H01037|1
VIPUL,INE946H01037,2011-06-22,2015-01-29,728,1601,2488,59,VIPUL|INE946H01037|1,EQUITY,VIPULLTD|INE946H01037|1
VIPULLTD,INE946H01037,2015-04-23,2026-07-07,2186,2543,5308,216,VIPULLTD|INE946H01037|1,EQUITY,VIPULLTD|INE946H01037|1
VIRAT,INE467D01017,2026-08-17,2026-09-30,32,5337,5368,0,VIRAT|INE467D01017|1,EQUITY,VIRAT|INE467D01017|1
VIRINCHI,INE539B01017,2023-05-03,2026-09-30,629,4526,5368,98,VIRINCHI|INE539B01017|1,EQUITY,VIRINCHI|INE539B01017|1
VIRTUALG,INE247C01023,2026-08-17,2026-09-02,13,5337,5349,0,VIRTUALG|INE247C01023|1,EQUITY,VIRTUALG|INE247C01023|1
VISACHROME,INE286H01012,2026-08-17,2026-09-30,32,5337,5368,0,VISACHROME|INE286H01012|1,EQUITY,VISACHROME|INE286H01012|1
VISAKAIND,,2005-01-03,2008-08-21,905,0,904,0,VISAKAIND|NOISIN|1,UNKNOWN_NO_ISIN,VISAKAIND|NOISIN|1
VISAKAIND,,2008-12-01,2009-06-11,126,970,1095,0,VISAKAIND|NOISIN|2,UNKNOWN_NO_ISIN,VISAKAIND|NOISIN|2
VISAKAIND,,2009-11-20,2011-06-21,396,1205,1600,0,VISAKAIND|NOISIN|3,UNKNOWN_NO_ISIN,VISAKAIND|INE392A01013|1
VISAKAIND,INE392A01013,2011-06-22,2023-05-12,2846,1601,4533,61,VISAKAIND|INE392A01013|1,EQUITY,VISAKAIND|INE392A01013|1
VISAKAIND,INE392A01021,2023-05-15,2026-09-25,768,4534,5365,64,VISAKAIND|INE392A01021|1,EQUITY,VISAKAIND|INE392A01013|1
VISASTEEL,,2006-03-17,2007-12-13,436,299,734,0,VISASTEEL|NOISIN|1,UNKNOWN_NO_ISIN,VISASTEEL|NOISIN|1
VISASTEEL,,2008-02-29,2011-06-21,813,788,1600,0,VISASTEEL|NOISIN|2,UNKNOWN_NO_ISIN,VISACHROME|INE286H01012|1
VISASTEEL,INE286H01012,2011-06-22,2026-05-13,2549,1601,5271,696,VISASTEEL|INE286H01012|1,EQUITY,VISACHROME|INE286H01012|1
VISESHINFO,,2005-01-03,2005-04-07,66,0,65,0,VISESHINFO|NOISIN|1,UNKNOWN_NO_ISIN,VISESHINFO|NOISIN|1
VISESHINFO,,2005-07-08,2010-08-19,1260,130,1390,1,VISESHINFO|NOISIN|2,UNKNOWN_NO_ISIN,VISESHINFO|NOISIN|2
VISESHINFO,,2010-12-03,2011-06-21,137,1464,1600,0,VISESHINFO|NOISIN|3,UNKNOWN_NO_ISIN,VISESHINFO|INE861A01017|1
VISESHINFO,INE861A01017,2011-06-22,2012-08-17,258,1601,1888,28,VISESHINFO|INE861A01017|1,EQUITY,VISESHINFO|INE861A01017|1
VISESHINFO,INE861A01058,2013-03-01,2023-09-14,1265,2021,4620,637,VISESHINFO|INE861A01058|1,EQUITY,VISESHINFO|INE861A01058|1
VISHAL,INE755Q01025,2019-08-21,2026-09-30,870,3613,5368,646,VISHAL|INE755Q01025|1,EQUITY,VISHAL|INE755Q01025|1
VISHALEXPO,,2005-01-03,2007-09-20,676,0,675,0,VISHALEXPO|NOISIN|1,UNKNOWN_NO_ISIN,VISHALEXPO|NOISIN|1
VISHALEXPO,,2007-12-03,2007-12-28,18,726,743,0,VISHALEXPO|NOISIN|2,UNKNOWN_NO_ISIN,VISHALEXPO|NOISIN|2
VISHALEXPO,,2008-02-29,2009-04-17,271,788,1058,0,VISHALEXPO|NOISIN|3,UNKNOWN_NO_ISIN,VISHALEXPO|NOISIN|3
VISHALEXPO,,2009-08-21,2009-11-13,55,1146,1200,0,VISHALEXPO|NOISIN|4,UNKNOWN_NO_ISIN,VISHALEXPO|NOISIN|4
VISHALRET,,2007-07-04,2009-11-26,589,620,1209,1,VISHALRET|NOISIN|1,UNKNOWN_NO_ISIN,VISHALRET|NOISIN|1
VISHALRET,,2010-06-11,2011-06-21,260,1341,1600,0,VISHALRET|NOISIN|2,UNKNOWN_NO_ISIN,V2RETAIL|INE945H01013|1
VISHALRET,INE945H01013,2011-06-22,2011-12-09,115,1601,1715,0,VISHALRET|INE945H01013|1,EQUITY,V2RETAIL|INE945H01013|1
VISHNU,INE270I01014,2015-03-05,2023-01-12,1672,2512,4454,152,VISHNU|INE270I01014|1,EQUITY,VISHNU|INE270I01014|1
VISHNU,INE270I01022,2023-01-13,2026-09-30,914,4455,5368,0,VISHNU|INE270I01022|1,EQUITY,VISHNU|INE270I01014|1
VISHWARAJ,INE430N01014,2019-10-31,2021-10-21,491,3658,4148,0,VISHWARAJ|INE430N01014|1,EQUITY,VISHWARAJ|INE430N01014|1
VISHWARAJ,INE430N01022,2021-10-22,2026-09-30,1199,4149,5368,21,VISHWARAJ|INE430N01022|1,EQUITY,VISHWARAJ|INE430N01014|1
VISL,INE1CLE01013,2026-06-30,2026-09-30,66,5303,5368,0,VISL|INE1CLE01013|1,EQUITY,VISL|INE1CLE01013|1
VISUALSOFT,,2005-01-03,2007-04-27,575,0,574,0,VISUALSOFT|NOISIN|1,UNKNOWN_NO_ISIN,VISUALSOFT|NOISIN|1
VISUINTL,,2006-12-29,2010-08-19,896,495,1390,0,VISUINTL|NOISIN|1,UNKNOWN_NO_ISIN,VISUINTL|NOISIN|1
VISUINTL,,2010-12-03,2011-06-21,137,1464,1600,0,VISUINTL|NOISIN|2,UNKNOWN_NO_ISIN,VISUINTL|INE965A01016|1
VISUINTL,INE965A01016,2011-06-22,2017-04-10,873,1601,3028,71,VISUINTL|INE965A01016|1,EQUITY,VISUINTL|INE965A01016|1
VITAL,INE0L4K01016,2026-03-11,2026-09-30,45,5231,5368,93,VITAL|INE0L4K01016|1,EQUITY,VITAL|INE0L4K01016|1
VITLINFO,,2008-08-11,2010-07-23,475,897,1371,0,VITLINFO|NOISIN|1,UNKNOWN_NO_ISIN,CORALHUB|NOISIN|1
VIVIANA,INE0MEG01014,2026-09-07,2026-09-30,17,5352,5368,0,VIVIANA|INE0MEG01014|1,EQUITY,VIVIANA|INE0MEG01014|1
VIVIDHA,INE370E01029,2013-05-21,2026-09-30,2588,2073,5368,153,VIVIDHA|INE370E01029|1,EQUITY,VIVIDHA|INE370E01029|1
VIVIMEDLAB,,2005-08-17,2006-02-16,124,156,279,0,VIVIMEDLAB|NOISIN|1,UNKNOWN_NO_ISIN,VIVIMEDLAB|NOISIN|1
VIVIMEDLAB,,2006-06-12,2009-06-11,739,356,1095,1,VIVIMEDLAB|NOISIN|2,UNKNOWN_NO_ISIN,VIVIMEDLAB|NOISIN|2
VIVIMEDLAB,,2009-08-21,2011-06-21,455,1146,1600,0,VIVIMEDLAB|NOISIN|3,UNKNOWN_NO_ISIN,VIVIMEDLAB|INE526G01013|1
VIVIMEDLAB,INE526G01013,2011-06-22,2016-04-06,1180,1601,2780,0,VIVIMEDLAB|INE526G01013|1,EQUITY,VIVIMEDLAB|INE526G01013|1
VIVIMEDLAB,INE526G01021,2016-04-07,2026-04-16,1600,2781,5253,756,VIVIMEDLAB|INE526G01021|1,EQUITY,VIVIMEDLAB|INE526G01013|1
VIVOBIOT,INE380K01017,2026-08-17,2026-09-30,32,5337,5368,0,VIVOBIOT|INE380K01017|1,EQUITY,VIVOBIOT|INE380K01017|1
VIYASH,INE807F01027,2026-01-23,2026-09-30,169,5200,5368,0,VIYASH|INE807F01027|1,EQUITY,SEQUENT|INE807F01027|1
VKSPL,INE213M01016,2012-08-01,2012-11-30,80,1877,1957,1,VKSPL|INE213M01016|1,EQUITY,VKSPL|INE213M01016|1
VKSPL,INE213M01024,2013-03-01,2016-12-21,692,2021,2954,50,VKSPL|INE213M01024|1,EQUITY,VKSPL|INE213M01024|1
VLEGOV,INE03HW01020,2023-08-29,2026-09-30,368,4608,5368,127,VLEGOV|INE03HW01020|1,EQUITY,VLEGOV|INE03HW01020|1
VLSFINANCE,,2005-01-03,2011-06-21,1600,0,1600,1,VLSFINANCE|NOISIN|1,UNKNOWN_NO_ISIN,VLSFINANCE|INE709A01018|1
VLSFINANCE,INE709A01018,2011-06-22,2026-09-30,3693,1601,5368,49,VLSFINANCE|INE709A01018|1,EQUITY,VLSFINANCE|INE709A01018|1
VMART,INE665J01013,2013-03-06,2026-09-30,3285,2024,5368,60,VMART|INE665J01013|1,EQUITY,VMART|INE665J01013|1
VMM,INE01EA01019,2024-12-18,2026-09-30,441,4928,5368,0,VMM|INE01EA01019|1,EQUITY,VMM|INE01EA01019|1
VMSTMT,INE0SJA01013,2025-10-09,2026-09-30,174,5128,5368,67,VMSTMT|INE0SJA01013|1,EQUITY,VMSTMT|INE0SJA01013|1
VOEPL,INE0I0T01010,2026-07-01,2026-09-30,65,5304,5368,0,VOEPL|INE0I0T01010|1,EQUITY,VOEPL|INE0I0T01010|1
VOGL,INE704J01044,2026-06-30,2026-09-30,66,5303,5368,0,VOGL|INE704J01044|1,EQUITY,VOGL|INE704J01044|1
VOITHPAPR,INE285C01015,2026-08-17,2026-09-30,32,5337,5368,0,VOITHPAPR|INE285C01015|1,EQUITY,VOITHPAPR|INE285C01015|1
VOLTAMP,,2006-09-20,2011-06-21,1174,427,1600,0,VOLTAMP|NOISIN|1,UNKNOWN_NO_ISIN,VOLTAMP|INE540H01012|1
VOLTAMP,INE540H01012,2011-06-22,2026-09-30,3768,1601,5368,0,VOLTAMP|INE540H01012|1,EQUITY,VOLTAMP|INE540H01012|1
VOLTAS,,2005-01-03,2011-06-21,1601,0,1600,0,VOLTAS|NOISIN|1,UNKNOWN_NO_ISIN,VOLTAS|INE226A01021|1
VOLTAS,INE226A01021,2011-06-22,2026-09-30,3768,1601,5368,0,VOLTAS|INE226A01021|1,EQUITY,VOLTAS|INE226A01021|1
VPRPL,INE0AE001013,2023-09-05,2026-09-30,688,4613,5368,68,VPRPL|INE0AE001013|1,EQUITY,VPRPL|INE0AE001013|1
VRAJ,INE0S2V01010,2024-07-18,2026-09-30,546,4823,5368,0,VRAJ|INE0S2V01010|1,EQUITY,VRAJ|INE0S2V01010|1
VRLLOG,INE366I01010,2015-04-30,2026-09-30,2821,2548,5368,0,VRLLOG|INE366I01010|1,EQUITY,VRLLOG|INE366I01010|1
VSGML,,2005-06-30,2006-04-13,192,124,316,1,VSGML|NOISIN|1,UNKNOWN_NO_ISIN,VHL|NOISIN|1
VSNL,,2005-01-03,2008-02-22,784,0,783,0,VSNL|NOISIN|1,UNKNOWN_NO_ISIN,TATACOMM|INE151A01013|1
VSSL,INE050M01012,2012-05-31,2026-09-30,3375,1833,5368,43,VSSL|INE050M01012|1,EQUITY,VSSL|INE050M01012|1
VSTIND,,2005-01-03,2011-06-21,1587,0,1600,2,VSTIND|NOISIN|1,UNKNOWN_NO_ISIN,VSTIND|INE710A01016|1
VSTIND,INE710A01016,2011-06-22,2026-09-30,3768,1601,5368,0,VSTIND|INE710A01016|1,EQUITY,VSTIND|INE710A01016|1
VSTL,INE0QTF01015,2024-03-05,2026-09-30,546,4735,5368,88,VSTL|INE0QTF01015|1,EQUITY,VSTL|INE0QTF01015|1
VSTTILLERS,,2011-06-20,2011-06-21,2,1599,1600,0,VSTTILLERS|NOISIN|1,UNKNOWN_NO_ISIN,VSTTILLERS|INE764D01017|1
VSTTILLERS,INE764D01017,2011-06-22,2026-09-30,3742,1601,5368,26,VSTTILLERS|INE764D01017|1,EQUITY,VSTTILLERS|INE764D01017|1
VTL,,2006-10-11,2011-06-21,1149,441,1600,10,VTL|NOISIN|1,UNKNOWN_NO_ISIN,MAHAVIRSPG|NOISIN|1
VTL,INE825A01012,2011-06-22,2022-03-24,2653,1601,4253,0,VTL|INE825A01012|1,EQUITY,MAHAVIRSPG|NOISIN|1
VTL,INE825A01020,2022-03-25,2026-09-30,1115,4254,5368,0,VTL|INE825A01020|1,EQUITY,MAHAVIRSPG|NOISIN|1
VTMLTD,INE222F01011,2011-12-30,2012-08-16,76,1730,1887,15,VTMLTD|INE222F01011|1,EQUITY,VTMLTD|INE222F01011|1
VTMLTD,INE222F01029,2012-08-17,2026-09-30,453,1888,5368,2848,VTMLTD|INE222F01029|1,EQUITY,VTMLTD|INE222F01011|1
VTXIND,,2011-04-04,2011-06-21,50,1547,1600,1,VTXIND|NOISIN|1,UNKNOWN_NO_ISIN,VIJAYTEX|NOISIN|1
VTXIND,INE119G01025,2011-06-22,2014-01-10,433,1601,2233,31,VTXIND|INE119G01025|1,EQUITY,VIJAYTEX|NOISIN|1
VXL,,2005-01-03,2005-04-07,66,0,65,0,VXL|NOISIN|1,UNKNOWN_NO_ISIN,VXL|NOISIN|1
VXL,,2005-07-08,2005-07-14,5,130,134,0,VXL|NOISIN|2,UNKNOWN_NO_ISIN,VXL|NOISIN|2
VYSYABANK,,2005-01-03,2005-08-12,155,0,154,0,VYSYABANK|NOISIN|1,UNKNOWN_NO_ISIN,INGVYSYABK|INE166A01011|1
WAAREEENER,INE377N01017,2024-10-28,2026-09-30,476,4893,5368,0,WAAREEENER|INE377N01017|1,EQUITY,WAAREEENER|INE377N01017|1
WAAREEINDO,INE866K01023,2026-01-01,2026-09-30,102,5185,5368,58,WAAREEINDO|INE866K01023|1,EQUITY,WAAREEINDO|INE866K01023|1
WAAREERTL,INE299N01021,2025-04-09,2026-09-30,365,5004,5368,0,WAAREERTL|INE299N01021|1,EQUITY,WAAREERTL|INE299N01021|1
WABAG,,2010-12-15,2011-06-21,129,1472,1600,0,WABAG|NOISIN|1,UNKNOWN_NO_ISIN,VATECH|NOISIN|1
WABAG,INE956G01020,2011-06-22,2011-08-16,39,1601,1639,0,WABAG|INE956G01020|1,EQUITY,VATECH|NOISIN|1
WABAG,INE956G01038,2011-08-17,2026-09-30,3703,1640,5368,26,WABAG|INE956G01038|1,EQUITY,VATECH|NOISIN|1
WABCO-TVS,,2008-10-01,2011-06-21,666,932,1600,1,WABCO-TVS|NOISIN|1,UNKNOWN_NO_ISIN,WABCO-TVS|INE342J01019|1
WABCO-TVS,INE342J01019,2011-06-22,2011-09-05,51,1601,1651,0,WABCO-TVS|INE342J01019|1,EQUITY,WABCO-TVS|INE342J01019|1
WABCOINDIA,INE342J01019,2011-09-06,2022-03-31,2607,1652,4258,0,WABCOINDIA|INE342J01019|1,EQUITY,WABCO-TVS|INE342J01019|1
WAKEFIT,INE0E7301029,2025-12-15,2026-09-30,196,5173,5368,0,WAKEFIT|INE0E7301029|1,EQUITY,WAKEFIT|INE0E7301029|1
WALCHANNAG,,2005-01-03,2005-07-07,111,0,129,19,WALCHANNAG|NOISIN|1,UNKNOWN_NO_ISIN,WALCHANNAG|NOISIN|1
WALCHANNAG,,2006-02-17,2007-01-25,234,280,513,0,WALCHANNAG|NOISIN|2,UNKNOWN_NO_ISIN,WALCHANNAG|NOISIN|2
WALCHANNAG,,2007-03-02,2011-06-21,1065,536,1600,0,WALCHANNAG|NOISIN|3,UNKNOWN_NO_ISIN,WALCHANNAG|INE711A01022|1
WALCHANNAG,INE711A01022,2011-06-22,2026-09-30,3352,1601,5368,135,WALCHANNAG|INE711A01022|1,EQUITY,WALCHANNAG|INE711A01022|1
WANBURY,,2007-01-29,2009-08-20,631,514,1145,1,WANBURY|NOISIN|1,UNKNOWN_NO_ISIN,WANBURY|NOISIN|1
WANBURY,,2009-11-20,2011-06-21,396,1205,1600,0,WANBURY|NOISIN|2,UNKNOWN_NO_ISIN,WANBURY|INE107F01022|1
WANBURY,INE107F01022,2011-06-22,2026-09-30,840,1601,5368,2575,WANBURY|INE107F01022|1,EQUITY,WANBURY|INE107F01022|1
WARDINMOBI,INE945P01024,2026-08-17,2026-09-30,32,5337,5368,0,WARDINMOBI|INE945P01024|1,EQUITY,WARDINMOBI|INE945P01024|1
WARTSILA,,2005-01-03,2007-06-11,596,0,603,1,WARTSILA|NOISIN|1,UNKNOWN_NO_ISIN,WARTSILA|NOISIN|1
WATERBASE,INE054C01015,2019-08-19,2026-09-30,1068,3611,5368,690,WATERBASE|INE054C01015|1,EQUITY,WATERBASE|INE054C01015|1
WCIL,INE0CJF01024,2024-09-24,2026-09-30,499,4870,5368,0,WCIL|INE0CJF01024|1,EQUITY,WCIL|INE0CJF01024|1
WEALTH,INE658T01017,2021-01-21,2026-09-30,892,3964,5368,287,WEALTH|INE658T01017|1,EQUITY,WEALTH|INE658T01017|1
WEBELSOLAR,,2007-05-15,2008-01-10,169,584,752,0,WEBELSOLAR|NOISIN|1,UNKNOWN_NO_ISIN,WEBELSOLAR|NOISIN|1
WEBELSOLAR,,2008-02-29,2009-11-26,421,788,1209,1,WEBELSOLAR|NOISIN|2,UNKNOWN_NO_ISIN,WEBELSOLAR|NOISIN|2
WEBELSOLAR,,2010-02-19,2010-04-16,37,1265,1301,0,WEBELSOLAR|NOISIN|3,UNKNOWN_NO_ISIN,WEBELSOLAR|NOISIN|3
WEBELSOLAR,,2010-06-11,2011-06-21,260,1341,1600,0,WEBELSOLAR|NOISIN|4,UNKNOWN_NO_ISIN,WEBELSOLAR|INE855C01015|1
WEBELSOLAR,INE855C01015,2011-06-22,2025-11-13,2933,1601,5151,121,WEBELSOLAR|INE855C01015|1,EQUITY,WEBELSOLAR|INE855C01015|1
WEBELSOLAR,INE855C01023,2025-11-14,2026-09-30,217,5152,5368,0,WEBELSOLAR|INE855C01023|1,EQUITY,WEBELSOLAR|INE855C01015|1
WEIZFOREX,INE726L01019,2011-07-12,2020-02-26,1950,1615,3739,26,WEIZFOREX|INE726L01019|1,EQUITY,DELPHIFX|INE726L01019|1
WEIZMANIND,,2005-07-08,2007-08-30,490,130,660,7,WEIZMANIND|NOISIN|1,UNKNOWN_NO_ISIN,WEIZMANIND|NOISIN|1
WEIZMANIND,,2007-12-03,2008-11-28,228,726,969,3,WEIZMANIND|NOISIN|2,UNKNOWN_NO_ISIN,WEIZMANIND|NOISIN|2
WEIZMANIND,,2009-03-09,2009-09-17,99,1035,1165,4,WEIZMANIND|NOISIN|3,UNKNOWN_NO_ISIN,WEIZMANIND|NOISIN|3
WEIZMANIND,,2009-11-20,2010-02-18,56,1205,1264,2,WEIZMANIND|NOISIN|4,UNKNOWN_NO_ISIN,WEIZMANIND|NOISIN|4
WEIZMANIND,,2010-06-11,2011-06-21,250,1341,1600,10,WEIZMANIND|NOISIN|5,UNKNOWN_NO_ISIN,WEIZMANIND|INE080A01014|1
WEIZMANIND,INE080A01014,2011-06-22,2026-09-30,3326,1601,5368,63,WEIZMANIND|INE080A01014|1,EQUITY,WEIZMANIND|INE080A01014|1
WEL,INE02WG01016,2023-01-04,2024-11-11,323,4448,4903,76,WEL|INE02WG01016|1,EQUITY,WEL|INE02WG01016|1
WEL,INE02WG01024,2024-11-12,2026-09-30,465,4904,5368,0,WEL|INE02WG01024|1,EQUITY,WEL|INE02WG01016|1
WELCORP,,2010-05-17,2011-06-21,279,1322,1600,0,WELCORP|NOISIN|1,UNKNOWN_NO_ISIN,WELCORP|INE191B01025|1
WELCORP,INE191B01025,2011-06-22,2026-09-30,3758,1601,5368,10,WELCORP|INE191B01025|1,EQUITY,WELCORP|INE191B01025|1
WELENT,INE625G01013,2015-06-24,2026-09-30,2783,2586,5368,0,WELENT|INE625G01013|1,EQUITY,MSKPROJ|NOISIN|3
WELENTRP,INE072P01019,2014-07-25,2015-06-03,206,2366,2571,0,WELENTRP|INE072P01019|1,EQUITY,WELENTRP|INE072P01019|1
WELGLOB,INE390K01016,2011-08-08,2012-11-22,245,1634,1952,68,WELGLOB|INE390K01016|1,EQUITY,WELGLOB|INE390K01016|1
WELGUJ,,2005-05-24,2010-05-14,1225,97,1321,0,WELGUJ|NOISIN|1,UNKNOWN_NO_ISIN,WELCORP|INE191B01025|1
WELINV,,2010-10-04,2011-06-21,180,1421,1600,0,WELINV|NOISIN|1,UNKNOWN_NO_ISIN,WELINV|INE389K01018|1
WELINV,INE389K01018,2011-06-22,2026-05-27,3077,1601,5281,97,WELINV|INE389K01018|1,EQUITY,WELINV|INE389K01018|1
WELLWININD,,2005-01-03,2005-07-29,130,0,144,15,WELLWININD|NOISIN|1,UNKNOWN_NO_ISIN,WELLWININD|NOISIN|1
WELLWININD,,2006-06-12,2006-06-29,14,356,369,0,WELLWININD|NOISIN|2,UNKNOWN_NO_ISIN,WELLWININD|NOISIN|2
WELLWININD,,2006-08-28,2006-09-12,12,410,421,0,WELLWININD|NOISIN|3,UNKNOWN_NO_ISIN,WELLWININD|NOISIN|3
WELPROJ,,2011-01-04,2011-06-21,116,1485,1600,0,WELPROJ|NOISIN|1,UNKNOWN_NO_ISIN,MSKPROJ|NOISIN|3
WELPROJ,INE625G01013,2011-06-22,2015-06-23,817,1601,2585,58,WELPROJ|INE625G01013|1,EQUITY,MSKPROJ|NOISIN|3
WELSPLSOL,INE731F01037,2026-04-20,2026-09-30,114,5255,5368,0,WELSPLSOL|INE731F01037|1,EQUITY,WELSPLSOL|INE731F01037|1
WELSPUNGUJ,,2005-01-03,2005-04-19,73,0,72,0,WELSPUNGUJ|NOISIN|1,UNKNOWN_NO_ISIN,WELSPUNGUJ|NOISIN|1
WELSPUNIND,,2005-01-03,2009-03-19,1042,0,1041,0,WELSPUNIND|NOISIN|1,UNKNOWN_NO_ISIN,WELSPUNIND|NOISIN|1
WELSPUNIND,,2009-08-21,2011-06-21,455,1146,1600,0,WELSPUNIND|NOISIN|2,UNKNOWN_NO_ISIN,WELSPUNIND|INE192B01023|1
WELSPUNIND,INE192B01023,2011-06-22,2016-03-21,1013,1601,2770,52,WELSPUNIND|INE192B01023|1,EQUITY,WELSPUNIND|INE192B01023|1
WELSPUNIND,INE192B01031,2016-03-22,2023-12-13,1909,2771,4679,0,WELSPUNIND|INE192B01031|1,EQUITY,WELSPUNIND|INE192B01023|1
WELSPUNLIV,INE192B01031,2023-12-14,2026-09-30,689,4680,5368,0,WELSPUNLIV|INE192B01031|1,EQUITY,WELSPUNIND|INE192B01023|1
WELSYNTEX,INE193B01039,2015-08-14,2016-02-02,115,2623,2737,0,WELSYNTEX|INE193B01039|1,EQUITY,AYMSYNTEX|INE193B01039|1
WENDT,,2006-08-07,2010-02-18,759,396,1264,3,WENDT|NOISIN|1,UNKNOWN_NO_ISIN,WENDT|NOISIN|1
WENDT,,2010-06-14,2011-06-21,258,1342,1600,1,WENDT|NOISIN|2,UNKNOWN_NO_ISIN,WENDT|INE274C01019|1
WENDT,INE274C01019,2011-06-22,2026-09-30,3732,1601,5368,4,WENDT|INE274C01019|1,EQUITY,WENDT|INE274C01019|1
WESTLIFE,INE274F01020,2019-08-19,2026-09-30,1758,3611,5368,0,WESTLIFE|INE274F01020|1,EQUITY,WESTLIFE|INE274F01020|1
WEWIN,INE082W01014,2022-06-15,2026-09-30,552,4309,5368,142,WEWIN|INE082W01014|1,EQUITY,WEWIN|INE082W01014|1
WEWORK,INE085001019,2025-10-10,2026-09-30,240,5129,5368,0,WEWORK|INE085001019|1,EQUITY,WEWORK|INE085001019|1
WFL,INE02WG01016,2022-01-17,2023-01-03,151,4208,4447,67,WFL|INE02WG01016|1,EQUITY,WEL|INE02WG01016|1
WHBRADY,INE855A01019,2026-08-18,2026-09-30,28,5338,5368,1,WHBRADY|INE855A01019|1,EQUITY,WHBRADY|INE855A01019|1
WHEELS,,2005-01-03,2011-06-21,1586,0,1600,2,WHEELS|NOISIN|1,UNKNOWN_NO_ISIN,WHEELS|INE715A01015|1
WHEELS,INE715A01015,2011-06-22,2026-09-30,3768,1601,5368,0,WHEELS|INE715A01015|1,EQUITY,WHEELS|INE715A01015|1
WHIRLPOOL,,2010-01-08,2010-06-10,104,1237,1340,0,WHIRLPOOL|NOISIN|1,UNKNOWN_NO_ISIN,WHIRLPOOL|NOISIN|1
WHIRLPOOL,,2010-08-20,2011-06-21,210,1391,1600,0,WHIRLPOOL|NOISIN|2,UNKNOWN_NO_ISIN,WHIRLPOOL|INE716A01013|1
WHIRLPOOL,INE716A01013,2011-06-22,2026-09-30,3757,1601,5368,11,WHIRLPOOL|INE716A01013|1,EQUITY,WHIRLPOOL|INE716A01013|1
WILLAMAGOR,,2005-04-08,2007-11-29,644,66,724,15,WILLAMAGOR|NOISIN|1,UNKNOWN_NO_ISIN,WILLAMAGOR|NOISIN|1
WILLAMAGOR,,2008-02-29,2009-04-17,244,788,1058,19,WILLAMAGOR|NOISIN|2,UNKNOWN_NO_ISIN,WILLAMAGOR|NOISIN|2
WILLAMAGOR,,2009-06-12,2009-09-03,60,1096,1155,0,WILLAMAGOR|NOISIN|3,UNKNOWN_NO_ISIN,WILLAMAGOR|NOISIN|3
WILLAMAGOR,,2009-11-20,2011-06-21,396,1205,1600,0,WILLAMAGOR|NOISIN|4,UNKNOWN_NO_ISIN,WILLAMAGOR|INE210A01017|1
WILLAMAGOR,INE210A01017,2011-06-22,2026-09-30,3192,1601,5368,97,WILLAMAGOR|INE210A01017|1,EQUITY,WILLAMAGOR|INE210A01017|1
WIMCO,,2005-01-03,2005-03-23,56,0,55,0,WIMCO|NOISIN|1,UNKNOWN_NO_ISIN,WIMCO|NOISIN|1
WIMCOLTD,,2005-05-02,2005-07-07,49,81,129,0,WIMCOLTD|NOISIN|1,UNKNOWN_NO_ISIN,WIMCOLTD|NOISIN|1
WIMPLAST,INE015B01018,2026-04-20,2026-06-08,34,5255,5288,0,WIMPLAST|INE015B01018|1,EQUITY,WIMPLAST|INE015B01018|1
WINDLAS,INE0H5O01029,2021-08-16,2026-09-30,1266,4103,5368,0,WINDLAS|INE0H5O01029|1,EQUITY,WINDLAS|INE0H5O01029|1
WINDMACHIN,INE052A01021,2011-09-02,2026-09-30,3503,1650,5368,91,WINDMACHIN|INE052A01021|1,EQUITY,WINDMACHIN|INE052A01021|1
WINDSOR,,2005-04-08,2005-04-15,5,66,70,0,WINDSOR|NOISIN|1,UNKNOWN_NO_ISIN,WINDSOR|NOISIN|1
WINDSOR,,2005-07-08,2005-07-14,5,130,134,0,WINDSOR|NOISIN|2,UNKNOWN_NO_ISIN,WINDSOR|NOISIN|2
WINDSOR,,2006-06-12,2006-06-29,13,356,369,1,WINDSOR|NOISIN|3,UNKNOWN_NO_ISIN,WINDSOR|NOISIN|3
WINDSOR,,2006-08-28,2007-02-08,110,410,521,1,WINDSOR|NOISIN|4,UNKNOWN_NO_ISIN,WINDSOR|NOISIN|4
WINDSOR,,2007-06-08,2007-09-20,71,602,675,1,WINDSOR|NOISIN|5,UNKNOWN_NO_ISIN,WINDSOR|NOISIN|5
WINDSOR,,2007-12-03,2008-01-10,27,726,752,0,WINDSOR|NOISIN|6,UNKNOWN_NO_ISIN,WINDSOR|NOISIN|6
WINDSOR,,2008-02-29,2009-02-13,183,788,1020,7,WINDSOR|NOISIN|7,UNKNOWN_NO_ISIN,WINDSOR|NOISIN|7
WINDSOR,,2009-08-21,2011-06-15,433,1146,1596,18,WINDSOR|NOISIN|8,UNKNOWN_NO_ISIN,WINDSOR|NOISIN|8
WINPRO,INE974C01022,2021-12-22,2023-04-28,315,4190,4524,20,WINPRO|INE974C01022|1,EQUITY,JUMPNET|INE974C01022|1
WINSOME,INE784B01035,2011-08-25,2023-11-10,1555,1646,4658,963,WINSOME|INE784B01035|1,EQUITY,WINSOME|INE784B01035|1
WINSOMEDJ,INE664A01015,2012-07-24,2015-03-23,653,1871,2523,0,WINSOMEDJ|INE664A01015|1,EQUITY,SURAJDIAMN|INE664A01015|1
WINSOMYARN,,2005-01-03,2009-01-09,995,0,996,1,WINSOMYARN|NOISIN|1,UNKNOWN_NO_ISIN,WINSOMYARN|NOISIN|1
WINSOMYARN,,2009-03-02,2009-05-04,37,1030,1067,1,WINSOMYARN|NOISIN|2,UNKNOWN_NO_ISIN,WINSOMYARN|NOISIN|2
WINSOMYARN,,2009-06-12,2009-08-20,50,1096,1145,0,WINSOMYARN|NOISIN|3,UNKNOWN_NO_ISIN,WINSOMYARN|NOISIN|3
WINSOMYARN,,2009-11-20,2010-09-16,167,1205,1409,20,WINSOMYARN|NOISIN|4,UNKNOWN_NO_ISIN,WINSOMYARN|NOISIN|4
WINSOMYARN,,2010-12-03,2011-06-21,121,1464,1600,15,WINSOMYARN|NOISIN|5,UNKNOWN_NO_ISIN,WINSOMYARN|INE784B01027|1
WINSOMYARN,INE784B01027,2011-06-22,2011-08-03,31,1601,1631,0,WINSOMYARN|INE784B01027|1,EQUITY,WINSOMYARN|INE784B01027|1
WIPL,INE215F01023,2024-04-22,2026-09-30,515,4764,5368,58,WIPL|INE215F01023|1,EQUITY,WIPL|INE215F01023|1
WIPRO,,2005-01-03,2011-06-21,1601,0,1600,0,WIPRO|NOISIN|1,UNKNOWN_NO_ISIN,WIPRO|INE075A01022|1
WIPRO,INE075A01022,2011-06-22,2026-09-30,3768,1601,5368,0,WIPRO|INE075A01022|1,EQUITY,WIPRO|INE075A01022|1
WOCKPHARMA,,2005-01-03,2010-12-02,1464,0,1463,0,WOCKPHARMA|NOISIN|1,UNKNOWN_NO_ISIN,WOCKPHARMA|NOISIN|1
WOCKPHARMA,,2011-03-07,2011-06-21,74,1527,1600,0,WOCKPHARMA|NOISIN|2,UNKNOWN_NO_ISIN,WOCKPHARMA|INE049B01025|1
WOCKPHARMA,INE049B01025,2011-06-22,2026-09-30,3530,1601,5368,124,WOCKPHARMA|INE049B01025|1,EQUITY,WOCKPHARMA|INE049B01025|1
WONDERLA,INE066O01014,2014-05-23,2026-09-30,3048,2321,5368,0,WONDERLA|INE066O01014|1,EQUITY,WONDERLA|INE066O01014|1
WOPOLIN,,2006-08-29,2006-09-12,8,411,421,1,WOPOLIN|NOISIN|1,UNKNOWN_NO_ISIN,WOPOLIN|NOISIN|1
WORTH,INE196Y01018,2020-08-04,2025-10-09,1283,3846,5128,0,WORTH|INE196Y01018|1,EQUITY,WORTHPERI|INE196Y01018|1
WORTHPERI,INE196Y01018,2025-10-10,2026-09-30,240,5129,5368,0,WORTHPERI|INE196Y01018|1,EQUITY,WORTHPERI|INE196Y01018|1
WPIL,INE765D01022,2026-04-20,2026-09-30,114,5255,5368,0,WPIL|INE765D01022|1,EQUITY,WPIL|INE765D01022|1
WSI,,2007-08-01,2007-08-30,21,640,660,0,WSI|NOISIN|1,UNKNOWN_NO_ISIN,WSI|NOISIN|1
WSI,,2007-12-03,2009-06-11,370,726,1095,0,WSI|NOISIN|2,UNKNOWN_NO_ISIN,WSI|NOISIN|2
WSI,,2009-08-21,2011-06-21,455,1146,1600,0,WSI|NOISIN|3,UNKNOWN_NO_ISIN,WSI|INE100D01014|1
WSI,INE100D01014,2011-06-22,2026-09-30,2081,1601,5368,365,WSI|INE100D01014|1,EQUITY,WSI|INE100D01014|1
WSTCSTPAPR,,2005-01-03,2011-06-21,1600,0,1600,1,WSTCSTPAPR|NOISIN|1,UNKNOWN_NO_ISIN,WSTCSTPAPR|INE976A01021|1
WSTCSTPAPR,INE976A01021,2011-06-22,2026-09-30,3738,1601,5368,30,WSTCSTPAPR|INE976A01021|1,EQUITY,WSTCSTPAPR|INE976A01021|1
WWIL,,2007-01-10,2011-06-21,1099,502,1600,0,WWIL|NOISIN|1,UNKNOWN_NO_ISIN,SITICABLE|INE965H01011|1
WWIL,INE965H01011,2011-06-22,2012-08-30,275,1601,1896,21,WWIL|INE965H01011|1,EQUITY,SITICABLE|INE965H01011|1
WYETH,,2006-09-01,2011-06-21,1186,414,1600,1,WYETH|NOISIN|1,UNKNOWN_NO_ISIN,WYETHLEDE|NOISIN|1
WYETH,INE378A01012,2011-06-22,2014-12-09,853,1601,2453,0,WYETH|INE378A01012|1,EQUITY,WYETHLEDE|NOISIN|1
WYETHLEDE,,2005-01-03,2006-08-31,414,0,413,0,WYETHLEDE|NOISIN|1,UNKNOWN_NO_ISIN,WYETHLEDE|NOISIN|1
XCHANGING,INE692G01013,2012-06-25,2026-09-30,3466,1850,5368,50,XCHANGING|INE692G01013|1,EQUITY,CAMBRIDGE|INE692G01013|1
XELPMOC,INE01P501012,2019-02-18,2026-09-30,1405,3490,5368,118,XELPMOC|INE01P501012|1,EQUITY,XELPMOC|INE01P501012|1
XLENERGY,,2010-12-13,2011-06-21,131,1470,1600,0,XLENERGY|NOISIN|1,UNKNOWN_NO_ISIN,XLENERGY|INE183H01011|1
XLENERGY,INE183H01011,2011-06-22,2018-03-16,1310,1601,3261,72,XLENERGY|INE183H01011|1,EQUITY,XLENERGY|INE183H01011|1
XLTELENE,,2009-07-22,2009-11-26,86,1124,1209,0,XLTELENE|NOISIN|1,UNKNOWN_NO_ISIN,XLTELENE|NOISIN|1
XLTELENE,,2010-02-19,2010-12-10,205,1265,1469,0,XLTELENE|NOISIN|2,UNKNOWN_NO_ISIN,XLENERGY|INE183H01011|1
XLTL,,2006-12-28,2009-07-21,630,494,1123,0,XLTL|NOISIN|1,UNKNOWN_NO_ISIN,XLTELENE|NOISIN|1
XPROINDIA,,2005-01-03,2007-11-30,726,0,725,0,XPROINDIA|NOISIN|1,UNKNOWN_NO_ISIN,XPROINDIA|NOISIN|1
XPROINDIA,,2008-02-29,2011-06-21,812,788,1600,1,XPROINDIA|NOISIN|2,UNKNOWN_NO_ISIN,XPROINDIA|INE445C01015|1
XPROINDIA,INE445C01015,2011-06-22,2026-09-30,3316,1601,5368,184,XPROINDIA|INE445C01015|1,EQUITY,XPROINDIA|INE445C01015|1
XTGLOBAL,INE547B01028,2024-09-16,2026-09-30,505,4864,5368,0,XTGLOBAL|INE547B01028|1,EQUITY,XTGLOBAL|INE547B01028|1
XTRANET,INE0NG701011,2026-08-13,2026-09-30,34,5335,5368,0,XTRANET|INE0NG701011|1,EQUITY,XTRANET|INE0NG701011|1
YAARI,INE126M01010,2021-12-15,2025-05-28,468,4185,5035,121,YAARI|INE126M01010|1,EQUITY,IBULISL|INE126M01010|1
YAARII,INE126M01010,2020-12-08,2021-12-14,187,3933,4184,65,YAARII|INE126M01010|1,EQUITY,IBULISL|INE126M01010|1
YASHO,INE616Z01012,2023-08-21,2026-09-30,767,4602,5368,0,YASHO|INE616Z01012|1,EQUITY,YASHO|INE616Z01012|1
YATHARTH,INE0JO301016,2023-08-07,2026-09-30,776,4593,5368,0,YATHARTH|INE0JO301016|1,EQUITY,YATHARTH|INE0JO301016|1
YATRA,INE0JR601024,2023-09-28,2026-09-30,740,4629,5368,0,YATRA|INE0JR601024|1,EQUITY,YATRA|INE0JR601024|1
YESBANK,,2005-07-12,2011-06-21,1469,132,1600,0,YESBANK|NOISIN|1,UNKNOWN_NO_ISIN,YESBANK|INE528G01019|1
YESBANK,INE528G01019,2011-06-22,2017-09-21,1541,1601,3141,0,YESBANK|INE528G01019|1,EQUITY,YESBANK|INE528G01019|1
YESBANK,INE528G01027,2017-09-22,2020-03-13,609,3142,3750,0,YESBANK|INE528G01027|1,EQUITY,YESBANK|INE528G01019|1
YESBANK,INE528G01035,2020-03-16,2026-09-30,1618,3751,5368,0,YESBANK|INE528G01035|1,EQUITY,YESBANK|INE528G01035|1
YOGI,INE290E01011,2026-08-18,2026-09-30,31,5338,5368,0,YOGI|INE290E01011|1,EQUITY,YOGI|INE290E01011|1
YOKOGAWA,,2005-01-03,2007-04-30,573,0,575,1,YOKOGAWA|NOISIN|1,UNKNOWN_NO_ISIN,YOKOGAWA|NOISIN|1
YUKEN,INE384C01016,2021-09-02,2026-09-30,1254,4115,5368,0,YUKEN|INE384C01016|1,EQUITY,YUKEN|INE384C01016|1
ZAGGLE,INE07K301024,2023-09-22,2026-09-30,687,4625,5368,57,ZAGGLE|INE07K301024|1,EQUITY,ZAGGLE|INE07K301024|1
ZANDUPHARM,,2005-01-03,2010-03-09,1276,0,1276,1,ZANDUPHARM|NOISIN|1,UNKNOWN_NO_ISIN,ZANDUPHARM|NOISIN|1
ZANDUREALT,,2010-03-10,2011-04-18,279,1277,1555,0,ZANDUREALT|NOISIN|1,UNKNOWN_NO_ISIN,ZANDUPHARM|NOISIN|1
ZANDUREALT,,2011-06-17,2011-06-21,3,1598,1600,0,ZANDUREALT|NOISIN|2,UNKNOWN_NO_ISIN,ZANDUREALT|INE719A01017|1
ZANDUREALT,INE719A01017,2011-06-22,2018-05-23,1623,1601,3306,42,ZANDUREALT|INE719A01017|1,EQUITY,ZANDUREALT|INE719A01017|1
ZEEL,,2007-02-28,2011-06-21,1067,534,1600,0,ZEEL|NOISIN|1,UNKNOWN_NO_ISIN,ZEEL|INE256A01028|1
ZEEL,INE256A01028,2011-06-22,2026-09-30,3768,1601,5368,0,ZEEL|INE256A01028|1,EQUITY,ZEEL|INE256A01028|1
ZEELEARN,,2011-01-03,2011-06-21,117,1484,1600,0,ZEELEARN|NOISIN|1,UNKNOWN_NO_ISIN,ZEELEARN|INE565L01011|1
ZEELEARN,INE565L01011,2011-06-22,2026-09-30,3238,1601,5368,323,ZEELEARN|INE565L01011|1,EQUITY,ZEELEARN|INE565L01011|1
ZEEMEDIA,INE966H01019,2013-07-30,2026-09-30,2825,2123,5368,72,ZEEMEDIA|INE966H01019|1,EQUITY,ZEEMEDIA|INE966H01019|1
ZEENEWS,,2007-01-10,2011-06-21,1099,502,1600,0,ZEENEWS|NOISIN|1,UNKNOWN_NO_ISIN,ZEEMEDIA|INE966H01019|1
ZEENEWS,INE966H01019,2011-06-22,2013-07-29,398,1601,2122,96,ZEENEWS|INE966H01019|1,EQUITY,ZEEMEDIA|INE966H01019|1
ZEETELE,,2005-01-03,2007-02-27,534,0,533,0,ZEETELE|NOISIN|1,UNKNOWN_NO_ISIN,ZEEL|INE256A01028|1
ZENITHBIR,,2007-04-30,2007-11-30,151,575,725,0,ZENITHBIR|NOISIN|1,UNKNOWN_NO_ISIN,ZENITHBIR|NOISIN|1
ZENITHBIR,,2008-02-29,2011-06-21,811,788,1600,1,ZENITHBIR|NOISIN|2,UNKNOWN_NO_ISIN,ZENITHBIR|INE318D01020|1
ZENITHBIR,INE318D01020,2011-06-22,2020-06-15,1373,1601,3810,458,ZENITHBIR|INE318D01020|1,EQUITY,ZENITHBIR|INE318D01020|1
ZENITHCOMP,,2005-01-03,2007-06-07,602,0,601,0,ZENITHCOMP|NOISIN|1,UNKNOWN_NO_ISIN,ZENITHCOMP|NOISIN|1
ZENITHCOMP,,2007-08-31,2009-05-28,424,661,1085,1,ZENITHCOMP|NOISIN|2,UNKNOWN_NO_ISIN,ZENITHCOMP|NOISIN|2
ZENITHCOMP,,2009-08-21,2009-12-24,84,1146,1229,0,ZENITHCOMP|NOISIN|3,UNKNOWN_NO_ISIN,ZENITHCOMP|NOISIN|3
ZENITHCOMP,,2010-02-19,2011-06-21,336,1265,1600,0,ZENITHCOMP|NOISIN|4,UNKNOWN_NO_ISIN,ZENITHCOMP|INE598B01013|1
ZENITHCOMP,INE598B01013,2011-06-22,2016-03-10,865,1601,2763,42,ZENITHCOMP|INE598B01013|1,EQUITY,ZENITHCOMP|INE598B01013|1
ZENITHEXPO,,2005-01-03,2005-06-02,102,0,104,1,ZENITHEXPO|NOISIN|1,UNKNOWN_NO_ISIN,ZENITHEXPO|NOISIN|1
ZENITHEXPO,,2005-07-08,2005-11-18,81,130,218,5,ZENITHEXPO|NOISIN|2,UNKNOWN_NO_ISIN,ZENITHEXPO|NOISIN|2
ZENITHEXPO,,2006-06-19,2007-11-29,250,361,724,9,ZENITHEXPO|NOISIN|3,UNKNOWN_NO_ISIN,ZENITHEXPO|NOISIN|3
ZENITHEXPO,,2008-03-03,2008-03-24,7,789,801,3,ZENITHEXPO|NOISIN|4,UNKNOWN_NO_ISIN,ZENITHEXPO|NOISIN|4
ZENITHEXPO,,2008-06-13,2008-10-08,16,856,936,20,ZENITHEXPO|NOISIN|5,UNKNOWN_NO_ISIN,ZENITHEXPO|NOISIN|5
ZENITHEXPO,,2008-12-10,2009-02-06,14,976,1015,11,ZENITHEXPO|NOISIN|6,UNKNOWN_NO_ISIN,ZENITHEXPO|NOISIN|6
ZENITHEXPO,,2009-03-24,2009-03-24,1,1044,1044,0,ZENITHEXPO|NOISIN|7,UNKNOWN_NO_ISIN,ZENITHEXPO|NOISIN|7
ZENITHEXPO,,2009-05-22,2010-09-02,155,1081,1400,19,ZENITHEXPO|NOISIN|8,UNKNOWN_NO_ISIN,ZENITHEXPO|NOISIN|8
ZENITHEXPO,,2010-12-03,2011-06-17,66,1464,1598,7,ZENITHEXPO|NOISIN|9,UNKNOWN_NO_ISIN,ZENITHEXPO|NOISIN|9
ZENITHEXPO,INE058B01018,2011-06-24,2026-09-30,1811,1603,5368,219,ZENITHEXPO|INE058B01018|1,EQUITY,ZENITHEXPO|INE058B01018|1
ZENITHINFO,,2005-01-03,2005-07-07,130,0,129,0,ZENITHINFO|NOISIN|1,UNKNOWN_NO_ISIN,ZENITHINFO|NOISIN|1
ZENITHINFO,,2005-11-25,2007-06-07,379,223,601,0,ZENITHINFO|NOISIN|2,UNKNOWN_NO_ISIN,ZENITHINFO|NOISIN|2
ZENITHINFO,,2007-08-31,2009-06-11,432,661,1095,1,ZENITHINFO|NOISIN|3,UNKNOWN_NO_ISIN,ZENITHINFO|NOISIN|3
ZENITHINFO,,2009-08-21,2011-06-21,451,1146,1600,1,ZENITHINFO|NOISIN|4,UNKNOWN_NO_ISIN,ZENITHINFO|INE899A01017|1
ZENITHINFO,INE899A01017,2011-06-22,2014-11-20,660,1601,2440,77,ZENITHINFO|INE899A01017|1,EQUITY,ZENITHINFO|INE899A01017|1
ZENITHSTL,INE318D01020,2021-01-11,2026-09-30,710,3956,5368,212,ZENITHSTL|INE318D01020|1,EQUITY,ZENITHBIR|INE318D01020|1
ZENSARTECH,,2005-01-03,2008-11-28,970,0,969,0,ZENSARTECH|NOISIN|1,UNKNOWN_NO_ISIN,ZENSARTECH|NOISIN|1
ZENSARTECH,,2009-03-02,2011-06-21,571,1030,1600,0,ZENSARTECH|NOISIN|2,UNKNOWN_NO_ISIN,ZENSARTECH|INE520A01019|1
ZENSARTECH,INE520A01019,2011-06-22,2018-09-07,1781,1601,3381,0,ZENSARTECH|INE520A01019|1,EQUITY,ZENSARTECH|INE520A01019|1
ZENSARTECH,INE520A01027,2018-09-10,2026-09-30,1987,3382,5368,0,ZENSARTECH|INE520A01027|1,EQUITY,ZENSARTECH|INE520A01019|1
ZENTEC,INE251B01027,2015-03-30,2026-09-30,2741,2528,5368,62,ZENTEC|INE251B01027|1,EQUITY,ZENTEC|INE251B01027|1
ZFCVINDIA,INE342J01019,2022-04-01,2026-09-30,1110,4259,5368,0,ZFCVINDIA|INE342J01019|1,EQUITY,WABCO-TVS|INE342J01019|1
ZFSTEERING,INE116C01012,2026-04-21,2026-09-30,113,5256,5368,0,ZFSTEERING|INE116C01012|1,EQUITY,ZFSTEERING|INE116C01012|1
ZICOM,,2006-04-18,2006-04-20,3,318,320,0,ZICOM|NOISIN|1,UNKNOWN_NO_ISIN,ZICOM|NOISIN|1
ZICOM,,2006-06-12,2007-12-28,388,356,743,0,ZICOM|NOISIN|2,UNKNOWN_NO_ISIN,ZICOM|NOISIN|2
ZICOM,,2008-02-29,2011-06-21,813,788,1600,0,ZICOM|NOISIN|3,UNKNOWN_NO_ISIN,ZICOM|INE871B01014|1
ZICOM,INE871B01014,2011-06-22,2020-11-27,1989,1601,3927,237,ZICOM|INE871B01014|1,EQUITY,ZICOM|INE871B01014|1
ZIMLAB,INE518E01015,2022-11-25,2026-09-30,884,4420,5368,65,ZIMLAB|INE518E01015|1,EQUITY,ZIMLAB|INE518E01015|1
ZODIAC,INE761Y01019,2021-12-14,2026-09-30,528,4184,5368,194,ZODIAC|INE761Y01019|1,EQUITY,ZODIAC|INE761Y01019|1
ZODIACLOTH,,2005-04-08,2008-01-10,687,66,752,0,ZODIACLOTH|NOISIN|1,UNKNOWN_NO_ISIN,ZODIACLOTH|NOISIN|1
ZODIACLOTH,,2008-02-29,2011-06-21,800,788,1600,1,ZODIACLOTH|NOISIN|2,UNKNOWN_NO_ISIN,ZODIACLOTH|INE206B01013|1
ZODIACLOTH,INE206B01013,2011-06-22,2026-09-30,3563,1601,5368,69,ZODIACLOTH|INE206B01013|1,EQUITY,ZODIACLOTH|INE206B01013|1
ZODJRDMKJ,,2005-04-08,2011-06-21,1495,66,1600,3,ZODJRDMKJ|NOISIN|1,UNKNOWN_NO_ISIN,ZODJRDMKJ|INE077B01018|1
ZODJRDMKJ,INE077B01018,2011-06-22,2021-09-20,1923,1601,4126,68,ZODJRDMKJ|INE077B01018|1,EQUITY,ZODJRDMKJ|INE077B01018|1
ZOMATO,INE758T01015,2021-07-23,2025-04-08,917,4087,5003,0,ZOMATO|INE758T01015|1,EQUITY,ETERNAL|INE758T01015|1
ZOTA,INE358U01012,2019-08-19,2026-09-30,1758,3611,5368,0,ZOTA|INE358U01012|1,EQUITY,ZOTA|INE358U01012|1
ZSARACOM,INE967G01019,2026-04-20,2026-09-30,113,5255,5368,1,ZSARACOM|INE967G01019|1,EQUITY,ZSARACOM|INE967G01019|1
ZUARI,INE840M01016,2012-12-12,2026-09-30,3325,1965,5368,57,ZUARI|INE840M01016|1,EQUITY,ZUARI|INE840M01016|1
ZUARIAGRO,,2005-01-03,2011-06-21,1601,0,1600,0,ZUARIAGRO|NOISIN|1,UNKNOWN_NO_ISIN,ZUARIAGRO|INE217A01012|1
ZUARIAGRO,INE217A01012,2011-06-22,2012-09-24,302,1601,1912,10,ZUARIAGRO|INE217A01012|1,EQUITY,ZUARIAGRO|INE217A01012|1
ZUARIGLOB,INE217A01012,2012-09-25,2022-07-01,2285,1913,4321,67,ZUARIGLOB|INE217A01012|1,EQUITY,ZUARIAGRO|INE217A01012|1
ZUARIIND,INE217A01012,2022-07-04,2026-09-30,1047,4322,5368,0,ZUARIIND|INE217A01012|1,EQUITY,ZUARIAGRO|INE217A01012|1
ZYDUSLIFE,INE010B01027,2022-03-07,2026-09-30,1128,4241,5368,0,ZYDUSLIFE|INE010B01027|1,EQUITY,CADILAHC|INE010B01019|1
ZYDUSWELL,,2009-11-13,2011-06-21,401,1200,1600,0,ZYDUSWELL|NOISIN|1,UNKNOWN_NO_ISIN,ZYDUSWELL|INE768C01010|1
ZYDUSWELL,INE768C01010,2011-06-22,2025-09-17,3513,1601,5113,0,ZYDUSWELL|INE768C01010|1,EQUITY,ZYDUSWELL|INE768C01010|1
ZYDUSWELL,INE768C01028,2025-09-18,2026-09-30,255,5114,5368,0,ZYDUSWELL|INE768C01028|1,EQUITY,ZYDUSWELL|INE768C01010|1
ZYLOG,,2007-08-17,2011-06-21,949,651,1600,1,ZYLOG|NOISIN|1,UNKNOWN_NO_ISIN,ZYLOG|INE225I01018|1
ZYLOG,INE225I01018,2011-06-22,2012-07-02,255,1601,1855,0,ZYLOG|INE225I01018|1,EQUITY,ZYLOG|INE225I01018|1
ZYLOG,INE225I01026,2012-07-03,2018-03-16,1209,1856,3261,130,ZYLOG|INE225I01026|1,EQUITY,ZYLOG|INE225I01018|1
