entity_id,symbol,date,prev_close,close,ret_raw,event_kind,event_status,other_events,return_status,event_subject
3IINFOLTD|INE748C01038|1,3IINFOLTD,2025-09-26,23.85,21.98,-0.0784067085953879,,,RIGHTS,EVENT_UNADJUSTABLE,
5PAISA|INE618L01018|1,5PAISA,2019-05-28,369.6,247.25,-0.3310335497835498,,,RIGHTS,EVENT_UNADJUSTABLE,
5PAISA|INE618L01018|1,5PAISA,2026-03-17,292.55,291.1,-0.004956417706374894,,,RIGHTS,EVENT_UNADJUSTABLE,
AARTIIND|NOISIN|2,AARTIIND,2022-10-19,744.9,683.35,-0.08262854074372394,,,SCHEME_DEMERGER,EVENT_UNADJUSTABLE,
AARTISURF|INE09EO01013|1,AARTISURF,2023-01-17,649.4,613.9,-0.054665845395749924,,,RIGHTS,EVENT_UNADJUSTABLE,
ABINFRA|INE00YB01017|1,ABINFRA,2025-03-10,90.95,82.78,-0.0898295766904893,,,RIGHTS,EVENT_UNADJUSTABLE,
ABSLBANETF|INF209KB1O58|1,ABSLBANETF,2021-11-25,373.18,37.29,-0.9000750308162281,,,,UNEXPLAINED_JUMP,
ABSLNN50ET|INF209KB1B87|1,ABSLNN50ET,2021-11-25,440.75,44.48,-0.89908111174135,,,,UNEXPLAINED_JUMP,
ADANIEXPO|NOISIN|1,ADANIENT,2015-06-03,637.0,109.75,-0.8277080062794349,,,SCHEME_DEMERGER,EVENT_UNADJUSTABLE,
ADANIEXPO|NOISIN|1,ADANIENT,2018-04-05,151.45,147.85,-0.02377022119511385,,,SCHEME_DEMERGER,EVENT_UNADJUSTABLE,
ADANIEXPO|NOISIN|1,ADANIENT,2018-09-06,210.95,163.7,-0.2239867267124911,,,SCHEME_DEMERGER,EVENT_UNADJUSTABLE,
ADANIEXPO|NOISIN|1,ADANIENT,2025-11-17,2516.8,2462.0,-0.021773680864589973,,,RIGHTS,EVENT_UNADJUSTABLE,
AJOONI|INE820Y01013|1,AJOONI,2022-11-25,7.9,7.8,-0.012658227848101333,,,RIGHTS,EVENT_UNADJUSTABLE,
AJOONI|INE820Y01013|1,AJOONI,2024-05-07,6.55,6.3,-0.03816793893129766,,,RIGHTS,EVENT_UNADJUSTABLE,
AKG|INE00Y801016|1,AKG,2022-12-16,73.05,33.95,-0.5352498288843257,,,RIGHTS,EVENT_UNADJUSTABLE,
AKSHAR|INE256Z01025|1,AKSHAR,2024-08-23,2.2,1.6,-0.2727272727272727,,,RIGHTS,EVENT_UNADJUSTABLE,
ALANKIT|INE914E01024|1,ALANKIT,2016-12-15,64.35,36.1,-0.439005439005439,,,,UNEXPLAINED_JUMP,
ALOKTEXT|NOISIN|1,ALOKTEXT,2013-02-15,10.05,9.95,-0.009950248756219082,,,RIGHTS,EVENT_UNADJUSTABLE,
AMTEKAUTO|NOISIN|1,AMTEKAUTO,2015-08-19,128.45,89.15,-0.30595562475671456,,,,UNEXPLAINED_JUMP,
AMTEKAUTO|NOISIN|1,AMTEKAUTO,2015-08-20,89.15,63.55,-0.2871564778463265,,,,UNEXPLAINED_JUMP,
AMTEKAUTO|NOISIN|1,AMTEKAUTO,2015-09-03,48.45,31.5,-0.34984520123839014,,,,UNEXPLAINED_JUMP,
AMTEKAUTO|NOISIN|1,AMTEKAUTO,2015-09-11,30.5,46.95,0.5393442622950821,,,,UNEXPLAINED_JUMP,
AMTREXAPPL|NOISIN|2,HITACHIHOM,2013-03-05,126.3,128.05,0.0138558986539985,,,RIGHTS,EVENT_UNADJUSTABLE,
APCL|INE071F01012|1,APCL,2022-12-16,240.5,219.5,-0.08731808731808732,,,RIGHTS,EVENT_UNADJUSTABLE,
AREVA|NOISIN|1,AREVAT&D,2011-12-14,197.2,150.2,-0.23833671399594325,,,SCHEME_DEMERGER,EVENT_UNADJUSTABLE,
ARROWCOAT|INE570D01018|1,ARROWGREEN,2020-02-12,59.95,50.75,-0.1534612176814012,,,RIGHTS,EVENT_UNADJUSTABLE,
ARVINDFASN|INE955V01021|1,ARVINDFASN,2020-03-17,243.85,206.2,-0.1543981956120566,,,RIGHTS,EVENT_UNADJUSTABLE,
ARVINDFASN|INE955V01021|1,ARVINDFASN,2021-02-23,164.85,159.15,-0.034576888080072754,,,RIGHTS,EVENT_UNADJUSTABLE,
ARVINDMILL|NOISIN|1,ARVIND,2015-05-28,224.05,238.2,0.06315554563713444,,,SCHEME_DEMERGER,EVENT_UNADJUSTABLE,
ARVINDMILL|NOISIN|1,ARVIND,2018-11-28,311.05,108.6,-0.6508599903552483,,,SCHEME_DEMERGER,EVENT_UNADJUSTABLE,
ASAHIINDIA|NOISIN|2,ASAHIINDIA,2013-07-26,38.95,35.95,-0.07702182284980741,,,RIGHTS,EVENT_UNADJUSTABLE,
ASHIMASYN|NOISIN|10,ASHIMASYN,2015-10-30,14.9,11.75,-0.21140939597315433,,,RIGHTS,EVENT_UNADJUSTABLE,
ASIANTILES|NOISIN|2,ASIANTILES,2021-09-08,164.25,155.35,-0.05418569254185701,,,RIGHTS,EVENT_UNADJUSTABLE,
ASIANTILES|NOISIN|2,ASIANTILES,2022-04-11,115.9,97.5,-0.15875754961173427,,,RIGHTS,EVENT_UNADJUSTABLE,
ASTEC|NOISIN|1,ASTEC,2025-07-04,947.55,945.0,-0.0026911508627512903,,,RIGHTS,EVENT_UNADJUSTABLE,
ASTRAL|NOISIN|1,ASTRAL,2019-09-16,1346.75,1119.05,-0.1690736959346576,BONUS,INCONCLUSIVE,,EVENT_INCONCLUSIVE, Bonus 1:4
ATL|INE0NN701020|1,ATL,2025-11-14,36.85,31.49,-0.1454545454545455,,,RIGHTS,EVENT_UNADJUSTABLE,
AVANTEL|INE005B01027|1,AVANTEL,2025-05-07,114.35,108.38,-0.05220813292522952,,,RIGHTS,EVENT_UNADJUSTABLE,
AVG|INE680Z01018|1,AVG,2026-05-21,170.8,161.31,-0.055562060889929765,,,RIGHTS,EVENT_UNADJUSTABLE,
AVONMORE|INE323B01024|1,AVONMORE,2024-12-12,16.03,14.43,-0.09981285090455405,,,RIGHTS,EVENT_UNADJUSTABLE,
AXISGOLD|NOISIN|1,AXISGOLD,2020-07-23,4367.1,52.35,-0.9880126399670262,,,,UNEXPLAINED_JUMP,
AXISNIFTY|INF846K01ZL0|1,AXISNIFTY,2020-07-23,1139.8,136.8,-0.8799789436743288,,,,UNEXPLAINED_JUMP,
BAIDFIN|INE020D01022|1,BAIDFIN,2025-11-17,10.74,10.45,-0.02700186219739298,,,RIGHTS,EVENT_UNADJUSTABLE,
BAJAJELEC|NOISIN|1,BAJAJELEC,2020-02-05,410.45,411.6,0.002801802899256911,,,RIGHTS,EVENT_UNADJUSTABLE,
BAJAJFINSV|NOISIN|1,BAJAJFINSV,2012-09-06,805.35,783.05,-0.027689824299993893,,,RIGHTS,EVENT_UNADJUSTABLE,
BAJAJHIND|NOISIN|1,BAJAJHIND,2011-09-21,46.95,43.15,-0.08093716719914812,,,RIGHTS,EVENT_UNADJUSTABLE,
BAJAUTOFIN|NOISIN|1,BAJFINANCE,2013-01-23,1389.55,1320.1,-0.049980209420316,,,RIGHTS,EVENT_UNADJUSTABLE,
BANCOINDIA|NOISIN|1,BANCOINDIA,2020-03-18,101.45,71.65,-0.2937407589945785,,,DIVIDEND,UNEXPLAINED_JUMP,
BANKBEES|NOISIN|1,BANKBEES,2019-12-19,3286.95,329.51,-0.8997520497725855,,,,UNEXPLAINED_JUMP,
BASML|NOISIN|1,BASML,2021-09-08,98.55,66.6,-0.32420091324200917,,,RIGHTS,EVENT_UNADJUSTABLE,
BASML|NOISIN|1,BASML,2025-04-30,34.78,30.99,-0.10897067280046013,,,RIGHTS,EVENT_UNADJUSTABLE,
BEARDSELL|INE520H01022|1,BEARDSELL,2021-12-16,13.6,12.1,-0.11029411764705888,,,RIGHTS,EVENT_UNADJUSTABLE,
BEL|NOISIN|1,BEL,2017-09-28,176.85,163.55,-0.07520497596833464,BONUS,INCONCLUSIVE,,EVENT_INCONCLUSIVE, Bonus 1:10
BERGEPAINT|NOISIN|1,BERGEPAINT,2023-09-22,753.25,669.3,-0.11145038167938937,BONUS,INCONCLUSIVE,,EVENT_INCONCLUSIVE,Bonus 1:5
BHAGCHEM|INE414D01019|1,BHAGCHEM,2022-04-07,1139.75,1006.2,-0.11717481903926297,,,RIGHTS,EVENT_UNADJUSTABLE,
BHAGERIA|INE354C01019|1,BHAGERIA,2016-10-26,710.55,373.05,-0.4749841671944268,,,,UNEXPLAINED_JUMP,
BHANDARI|INE474E01029|1,BHANDARI,2024-06-19,8.73,8.12,-0.06987399770904934,,,RIGHTS,EVENT_UNADJUSTABLE,
BHANDARI|INE474E01029|1,BHANDARI,2026-02-25,3.57,3.05,-0.14565826330532217,,,RIGHTS,EVENT_UNADJUSTABLE,
BHARATGEAR|NOISIN|2,BHARATGEAR,2019-04-02,171.3,163.75,-0.04407472270869828,,,RIGHTS,EVENT_UNADJUSTABLE,
BHARATGEAR|NOISIN|2,BHARATGEAR,2021-10-28,173.7,160.6,-0.07541738629821526,,,RIGHTS,EVENT_UNADJUSTABLE,
BHARTI|NOISIN|1,BHARTIARTL,2019-04-23,349.4,316.5,-0.09416141957641666,,,RIGHTS,EVENT_UNADJUSTABLE,
BHARTI|NOISIN|1,BHARTIARTL,2021-09-27,739.4,722.55,-0.022788747633216144,,,RIGHTS,EVENT_UNADJUSTABLE,
BHUSANSTL|NOISIN|1,BHUSANSTL,2013-01-15,438.85,429.05,-0.02233109262846078,,,RIGHTS,EVENT_UNADJUSTABLE,
BIOFILCHEM|INE829A01014|1,BIOFILCHEM,2026-02-02,29.26,42.13,0.4398496240601504,,,,UNEXPLAINED_JUMP,
BIRLACOT|NOISIN|4,BIRLACOT,2013-02-08,0.15,0.1,-0.33333333333333326,,,,UNEXPLAINED_JUMP,
BIRLACOT|NOISIN|4,BIRLACOT,2013-02-11,0.1,0.15,0.4999999999999998,,,,UNEXPLAINED_JUMP,
BIRLACOT|NOISIN|4,BIRLACOT,2013-02-15,0.15,0.1,-0.33333333333333326,,,,UNEXPLAINED_JUMP,
BIRLACOT|NOISIN|4,BIRLACOT,2013-02-18,0.1,0.15,0.4999999999999998,,,,UNEXPLAINED_JUMP,
BIRLACOT|NOISIN|4,BIRLACOT,2013-02-20,0.15,0.1,-0.33333333333333326,,,,UNEXPLAINED_JUMP,
BIRLACOT|NOISIN|4,BIRLACOT,2013-02-21,0.1,0.15,0.4999999999999998,,,,UNEXPLAINED_JUMP,
BIRLACOT|NOISIN|4,BIRLACOT,2013-02-22,0.15,0.1,-0.33333333333333326,,,,UNEXPLAINED_JUMP,
BIRLACOT|NOISIN|4,BIRLACOT,2013-02-25,0.1,0.15,0.4999999999999998,,,,UNEXPLAINED_JUMP,
BIRLACOT|NOISIN|4,BIRLACOT,2013-02-26,0.15,0.1,-0.33333333333333326,,,,UNEXPLAINED_JUMP,
BIRLACOT|NOISIN|4,BIRLACOT,2013-02-27,0.1,0.15,0.4999999999999998,,,,UNEXPLAINED_JUMP,
BIRLACOT|NOISIN|4,BIRLACOT,2013-03-04,0.15,0.1,-0.33333333333333326,,,,UNEXPLAINED_JUMP,
BIRLACOT|NOISIN|4,BIRLACOT,2013-03-06,0.1,0.15,0.4999999999999998,,,,UNEXPLAINED_JUMP,
BIRLACOT|NOISIN|4,BIRLACOT,2013-03-07,0.15,0.1,-0.33333333333333326,,,,UNEXPLAINED_JUMP,
BIRLACOT|NOISIN|4,BIRLACOT,2013-03-08,0.1,0.15,0.4999999999999998,,,,UNEXPLAINED_JUMP,
BIRLACOT|NOISIN|4,BIRLACOT,2013-03-12,0.15,0.1,-0.33333333333333326,,,,UNEXPLAINED_JUMP,
BIRLACOT|NOISIN|4,BIRLACOT,2013-03-13,0.1,0.15,0.4999999999999998,,,,UNEXPLAINED_JUMP,
BIRLACOT|NOISIN|4,BIRLACOT,2013-07-04,0.1,0.05,-0.5,,,,UNEXPLAINED_JUMP,
BIRLACOT|NOISIN|4,BIRLACOT,2013-07-05,0.05,0.1,1.0,,,,UNEXPLAINED_JUMP,
BIRLACOT|NOISIN|4,BIRLACOT,2013-07-09,0.1,0.05,-0.5,,,,UNEXPLAINED_JUMP,
BIRLACOT|NOISIN|4,BIRLACOT,2013-07-10,0.05,0.1,1.0,,,,UNEXPLAINED_JUMP,
BIRLACOT|NOISIN|4,BIRLACOT,2013-07-15,0.1,0.15,0.4999999999999998,,,,UNEXPLAINED_JUMP,
BIRLACOT|NOISIN|4,BIRLACOT,2013-07-17,0.15,0.1,-0.33333333333333326,,,,UNEXPLAINED_JUMP,
BIRLACOT|NOISIN|4,BIRLACOT,2013-07-19,0.1,0.15,0.4999999999999998,,,,UNEXPLAINED_JUMP,
BIRLACOT|NOISIN|4,BIRLACOT,2013-07-22,0.15,0.1,-0.33333333333333326,,,,UNEXPLAINED_JUMP,
BIRLACOT|NOISIN|4,BIRLACOT,2013-08-19,0.1,0.05,-0.5,,,,UNEXPLAINED_JUMP,
BIRLACOT|NOISIN|4,BIRLACOT,2013-08-20,0.05,0.1,1.0,,,,UNEXPLAINED_JUMP,
BIRLACOT|NOISIN|4,BIRLACOT,2013-08-26,0.1,0.15,0.4999999999999998,,,,UNEXPLAINED_JUMP,
BIRLACOT|NOISIN|4,BIRLACOT,2013-08-27,0.15,0.1,-0.33333333333333326,,,,UNEXPLAINED_JUMP,
BIRLACOT|NOISIN|4,BIRLACOT,2013-09-04,0.1,0.05,-0.5,,,,UNEXPLAINED_JUMP,
BIRLACOT|NOISIN|4,BIRLACOT,2013-09-05,0.05,0.1,1.0,,,,UNEXPLAINED_JUMP,
BIRLACOT|NOISIN|4,BIRLACOT,2013-09-06,0.1,0.05,-0.5,,,,UNEXPLAINED_JUMP,
BIRLACOT|NOISIN|4,BIRLACOT,2013-09-10,0.05,0.1,1.0,,,,UNEXPLAINED_JUMP,
BIRLACOT|NOISIN|4,BIRLACOT,2013-09-12,0.1,0.05,-0.5,,,,UNEXPLAINED_JUMP,
BIRLACOT|NOISIN|4,BIRLACOT,2013-09-13,0.05,0.1,1.0,,,,UNEXPLAINED_JUMP,
BIRLACOT|NOISIN|4,BIRLACOT,2013-09-23,0.1,0.15,0.4999999999999998,,,,UNEXPLAINED_JUMP,
BIRLACOT|NOISIN|4,BIRLACOT,2013-09-24,0.15,0.1,-0.33333333333333326,,,,UNEXPLAINED_JUMP,
BIRLACOT|NOISIN|4,BIRLACOT,2013-09-26,0.1,0.15,0.4999999999999998,,,,UNEXPLAINED_JUMP,
BIRLACOT|NOISIN|4,BIRLACOT,2014-03-05,0.1,0.15,0.4999999999999998,,,,UNEXPLAINED_JUMP,
BIRLACOT|NOISIN|4,BIRLACOT,2014-03-07,0.15,0.1,-0.33333333333333326,,,,UNEXPLAINED_JUMP,
BIRLACOT|NOISIN|4,BIRLACOT,2014-03-11,0.1,0.05,-0.5,,,,UNEXPLAINED_JUMP,
BIRLACOT|NOISIN|4,BIRLACOT,2014-03-12,0.05,0.1,1.0,,,,UNEXPLAINED_JUMP,
BIRLACOT|NOISIN|4,BIRLACOT,2014-03-13,0.1,0.05,-0.5,,,,UNEXPLAINED_JUMP,
BIRLACOT|NOISIN|4,BIRLACOT,2014-03-18,0.05,0.1,1.0,,,,UNEXPLAINED_JUMP,
BIRLACOT|NOISIN|4,BIRLACOT,2014-03-19,0.1,0.05,-0.5,,,,UNEXPLAINED_JUMP,
BIRLACOT|NOISIN|4,BIRLACOT,2014-03-20,0.05,0.1,1.0,,,,UNEXPLAINED_JUMP,
BIRLACOT|NOISIN|4,BIRLACOT,2014-03-26,0.1,0.05,-0.5,,,,UNEXPLAINED_JUMP,
BIRLACOT|NOISIN|4,BIRLACOT,2014-03-27,0.05,0.1,1.0,,,,UNEXPLAINED_JUMP,
BIRLACOT|NOISIN|4,BIRLACOT,2014-03-28,0.1,0.05,-0.5,,,,UNEXPLAINED_JUMP,
BIRLACOT|NOISIN|4,BIRLACOT,2014-03-31,0.05,0.1,1.0,,,,UNEXPLAINED_JUMP,
BIRLACOT|NOISIN|4,BIRLACOT,2014-04-04,0.1,0.15,0.4999999999999998,,,,UNEXPLAINED_JUMP,
BIRLACOT|NOISIN|4,BIRLACOT,2014-04-07,0.15,0.1,-0.33333333333333326,,,,UNEXPLAINED_JUMP,
BIRLACOT|NOISIN|4,BIRLACOT,2014-04-09,0.1,0.15,0.4999999999999998,,,,UNEXPLAINED_JUMP,
BIRLACOT|NOISIN|4,BIRLACOT,2014-04-10,0.15,0.1,-0.33333333333333326,,,,UNEXPLAINED_JUMP,
BIRLACOT|NOISIN|4,BIRLACOT,2014-04-11,0.1,0.15,0.4999999999999998,,,,UNEXPLAINED_JUMP,
BIRLACOT|NOISIN|4,BIRLACOT,2014-08-22,0.15,0.1,-0.33333333333333326,,,,UNEXPLAINED_JUMP,
BIRLACOT|NOISIN|4,BIRLACOT,2014-08-25,0.1,0.15,0.4999999999999998,,,,UNEXPLAINED_JUMP,
BIRLACOT|NOISIN|4,BIRLACOT,2014-08-26,0.15,0.1,-0.33333333333333326,,,,UNEXPLAINED_JUMP,
BIRLACOT|NOISIN|4,BIRLACOT,2014-08-27,0.1,0.15,0.4999999999999998,,,,UNEXPLAINED_JUMP,
BIRLACOT|NOISIN|4,BIRLACOT,2014-09-01,0.15,0.1,-0.33333333333333326,,,,UNEXPLAINED_JUMP,
BIRLACOT|NOISIN|4,BIRLACOT,2014-09-02,0.1,0.15,0.4999999999999998,,,,UNEXPLAINED_JUMP,
BIRLACOT|NOISIN|4,BIRLACOT,2014-09-05,0.15,0.1,-0.33333333333333326,,,,UNEXPLAINED_JUMP,
BIRLACOT|NOISIN|4,BIRLACOT,2014-09-10,0.1,0.15,0.4999999999999998,,,,UNEXPLAINED_JUMP,
BIRLACOT|NOISIN|4,BIRLACOT,2014-09-16,0.15,0.1,-0.33333333333333326,,,,UNEXPLAINED_JUMP,
BIRLACOT|NOISIN|4,BIRLACOT,2014-09-17,0.1,0.15,0.4999999999999998,,,,UNEXPLAINED_JUMP,
BIRLACOT|NOISIN|4,BIRLACOT,2014-09-19,0.15,0.1,-0.33333333333333326,,,,UNEXPLAINED_JUMP,
BIRLACOT|NOISIN|4,BIRLACOT,2014-09-23,0.1,0.15,0.4999999999999998,,,,UNEXPLAINED_JUMP,
BIRLACOT|NOISIN|4,BIRLACOT,2014-09-24,0.15,0.1,-0.33333333333333326,,,,UNEXPLAINED_JUMP,
BIRLACOT|NOISIN|4,BIRLACOT,2014-09-26,0.1,0.15,0.4999999999999998,,,,UNEXPLAINED_JUMP,
BIRLACOT|NOISIN|4,BIRLACOT,2014-09-29,0.15,0.1,-0.33333333333333326,,,,UNEXPLAINED_JUMP,
BIRLACOT|NOISIN|4,BIRLACOT,2014-09-30,0.1,0.15,0.4999999999999998,,,,UNEXPLAINED_JUMP,
BIRLACOT|NOISIN|4,BIRLACOT,2014-10-10,0.15,0.1,-0.33333333333333326,,,,UNEXPLAINED_JUMP,
BIRLACOT|NOISIN|4,BIRLACOT,2014-10-13,0.1,0.15,0.4999999999999998,,,,UNEXPLAINED_JUMP,
BIRLACOT|NOISIN|4,BIRLACOT,2014-10-14,0.15,0.1,-0.33333333333333326,,,,UNEXPLAINED_JUMP,
BIRLACOT|NOISIN|4,BIRLACOT,2014-10-20,0.1,0.15,0.4999999999999998,,,,UNEXPLAINED_JUMP,
BIRLACOT|NOISIN|4,BIRLACOT,2014-10-21,0.15,0.1,-0.33333333333333326,,,,UNEXPLAINED_JUMP,
BIRLACOT|NOISIN|4,BIRLACOT,2014-10-23,0.1,0.15,0.4999999999999998,,,,UNEXPLAINED_JUMP,
BIRLACOT|NOISIN|4,BIRLACOT,2014-10-28,0.15,0.1,-0.33333333333333326,,,,UNEXPLAINED_JUMP,
BIRLACOT|NOISIN|4,BIRLACOT,2014-10-30,0.1,0.15,0.4999999999999998,,,,UNEXPLAINED_JUMP,
BIRLACOT|NOISIN|4,BIRLACOT,2014-11-03,0.15,0.1,-0.33333333333333326,,,,UNEXPLAINED_JUMP,
BIRLACOT|NOISIN|4,BIRLACOT,2014-11-05,0.1,0.15,0.4999999999999998,,,,UNEXPLAINED_JUMP,
BIRLACOT|NOISIN|4,BIRLACOT,2014-11-10,0.15,0.1,-0.33333333333333326,,,,UNEXPLAINED_JUMP,
BIRLACOT|NOISIN|4,BIRLACOT,2014-11-12,0.1,0.15,0.4999999999999998,,,,UNEXPLAINED_JUMP,
BIRLACOT|NOISIN|4,BIRLACOT,2014-11-13,0.15,0.1,-0.33333333333333326,,,,UNEXPLAINED_JUMP,
BIRLACOT|NOISIN|4,BIRLACOT,2014-11-14,0.1,0.15,0.4999999999999998,,,,UNEXPLAINED_JUMP,
BIRLACOT|NOISIN|4,BIRLACOT,2014-11-17,0.15,0.1,-0.33333333333333326,,,,UNEXPLAINED_JUMP,
BIRLACOT|NOISIN|4,BIRLACOT,2014-11-24,0.1,0.15,0.4999999999999998,,,,UNEXPLAINED_JUMP,
BIRLACOT|NOISIN|4,BIRLACOT,2014-11-25,0.15,0.1,-0.33333333333333326,,,,UNEXPLAINED_JUMP,
BIRLACOT|NOISIN|4,BIRLACOT,2014-12-01,0.1,0.15,0.4999999999999998,,,,UNEXPLAINED_JUMP,
BIRLACOT|NOISIN|4,BIRLACOT,2014-12-03,0.15,0.1,-0.33333333333333326,,,,UNEXPLAINED_JUMP,
BIRLACOT|NOISIN|4,BIRLACOT,2014-12-17,0.1,0.15,0.4999999999999998,,,,UNEXPLAINED_JUMP,
BIRLACOT|NOISIN|4,BIRLACOT,2014-12-22,0.15,0.1,-0.33333333333333326,,,,UNEXPLAINED_JUMP,
BIRLACOT|NOISIN|4,BIRLACOT,2014-12-24,0.1,0.15,0.4999999999999998,,,,UNEXPLAINED_JUMP,
BIRLACOT|NOISIN|4,BIRLACOT,2015-02-11,0.05,0.1,1.0,,,,UNEXPLAINED_JUMP,
BIRLACOT|NOISIN|4,BIRLACOT,2015-02-18,0.1,0.05,-0.5,,,,UNEXPLAINED_JUMP,
BIRLACOT|NOISIN|4,BIRLACOT,2015-02-19,0.05,0.1,1.0,,,,UNEXPLAINED_JUMP,
BIRLACOT|NOISIN|4,BIRLACOT,2015-02-23,0.1,0.05,-0.5,,,,UNEXPLAINED_JUMP,
BIRLACOT|NOISIN|4,BIRLACOT,2015-02-24,0.05,0.1,1.0,,,,UNEXPLAINED_JUMP,
BIRLACOT|NOISIN|4,BIRLACOT,2015-02-27,0.1,0.05,-0.5,,,,UNEXPLAINED_JUMP,
BIRLACOT|NOISIN|4,BIRLACOT,2015-03-02,0.05,0.1,1.0,,,,UNEXPLAINED_JUMP,
BIRLACOT|NOISIN|4,BIRLACOT,2015-03-03,0.1,0.05,-0.5,,,,UNEXPLAINED_JUMP,
BIRLACOT|NOISIN|4,BIRLACOT,2015-03-04,0.05,0.1,1.0,,,,UNEXPLAINED_JUMP,
BIRLACOT|NOISIN|4,BIRLACOT,2015-03-11,0.1,0.05,-0.5,,,,UNEXPLAINED_JUMP,
BIRLACOT|NOISIN|4,BIRLACOT,2015-03-12,0.05,0.1,1.0,,,,UNEXPLAINED_JUMP,
BIRLACOT|NOISIN|4,BIRLACOT,2015-03-13,0.1,0.05,-0.5,,,,UNEXPLAINED_JUMP,
BIRLACOT|NOISIN|4,BIRLACOT,2015-03-16,0.05,0.1,1.0,,,,UNEXPLAINED_JUMP,
BIRLACOT|NOISIN|4,BIRLACOT,2015-03-19,0.1,0.05,-0.5,,,,UNEXPLAINED_JUMP,
BIRLACOT|NOISIN|4,BIRLACOT,2015-03-20,0.05,0.1,1.0,,,,UNEXPLAINED_JUMP,
BIRLACOT|NOISIN|4,BIRLACOT,2015-03-23,0.1,0.05,-0.5,,,,UNEXPLAINED_JUMP,
BIRLACOT|NOISIN|4,BIRLACOT,2015-03-24,0.05,0.1,1.0,,,,UNEXPLAINED_JUMP,
BIRLACOT|NOISIN|4,BIRLACOT,2015-03-25,0.1,0.05,-0.5,,,,UNEXPLAINED_JUMP,
BIRLACOT|NOISIN|4,BIRLACOT,2015-03-30,0.05,0.1,1.0,,,,UNEXPLAINED_JUMP,
BIRLACOT|NOISIN|4,BIRLACOT,2015-04-07,0.1,0.15,0.4999999999999998,,,,UNEXPLAINED_JUMP,
BIRLACOT|NOISIN|4,BIRLACOT,2015-04-09,0.15,0.1,-0.33333333333333326,,,,UNEXPLAINED_JUMP,
BIRLACOT|NOISIN|4,BIRLACOT,2015-04-10,0.1,0.15,0.4999999999999998,,,,UNEXPLAINED_JUMP,
BIRLACOT|NOISIN|4,BIRLACOT,2015-04-13,0.15,0.1,-0.33333333333333326,,,,UNEXPLAINED_JUMP,
BIRLACOT|NOISIN|4,BIRLACOT,2015-04-22,0.1,0.15,0.4999999999999998,,,,UNEXPLAINED_JUMP,
BIRLACOT|NOISIN|4,BIRLACOT,2015-04-24,0.15,0.1,-0.33333333333333326,,,,UNEXPLAINED_JUMP,
BIRLACOT|NOISIN|4,BIRLACOT,2015-05-04,0.1,0.15,0.4999999999999998,,,,UNEXPLAINED_JUMP,
BIRLACOT|NOISIN|4,BIRLACOT,2015-05-05,0.15,0.1,-0.33333333333333326,,,,UNEXPLAINED_JUMP,
BIRLACOT|NOISIN|4,BIRLACOT,2015-05-06,0.1,0.15,0.4999999999999998,,,,UNEXPLAINED_JUMP,
BIRLACOT|NOISIN|4,BIRLACOT,2015-05-07,0.15,0.1,-0.33333333333333326,,,,UNEXPLAINED_JUMP,
BIRLACOT|NOISIN|4,BIRLACOT,2015-05-25,0.1,0.15,0.4999999999999998,,,,UNEXPLAINED_JUMP,
BIRLACOT|NOISIN|4,BIRLACOT,2015-05-26,0.15,0.1,-0.33333333333333326,,,,UNEXPLAINED_JUMP,
BIRLACOT|NOISIN|4,BIRLACOT,2015-05-27,0.1,0.15,0.4999999999999998,,,,UNEXPLAINED_JUMP,
BIRLACOT|NOISIN|4,BIRLACOT,2015-05-28,0.15,0.1,-0.33333333333333326,,,,UNEXPLAINED_JUMP,
BIRLACOT|NOISIN|4,BIRLACOT,2015-05-29,0.1,0.15,0.4999999999999998,,,,UNEXPLAINED_JUMP,
BIRLACOT|NOISIN|4,BIRLACOT,2015-06-02,0.15,0.1,-0.33333333333333326,,,,UNEXPLAINED_JUMP,
BIRLACOT|NOISIN|4,BIRLACOT,2015-06-04,0.1,0.15,0.4999999999999998,,,,UNEXPLAINED_JUMP,
BIRLACOT|NOISIN|4,BIRLACOT,2015-06-05,0.15,0.1,-0.33333333333333326,,,,UNEXPLAINED_JUMP,
BIRLACOT|NOISIN|4,BIRLACOT,2015-06-09,0.1,0.15,0.4999999999999998,,,,UNEXPLAINED_JUMP,
BIRLACOT|NOISIN|4,BIRLACOT,2015-06-10,0.15,0.1,-0.33333333333333326,,,,UNEXPLAINED_JUMP,
BIRLACOT|NOISIN|4,BIRLACOT,2015-06-19,0.1,0.05,-0.5,,,,UNEXPLAINED_JUMP,
BIRLACOT|NOISIN|4,BIRLACOT,2015-06-22,0.05,0.1,1.0,,,,UNEXPLAINED_JUMP,
BIRLACOT|NOISIN|4,BIRLACOT,2015-06-24,0.1,0.05,-0.5,,,,UNEXPLAINED_JUMP,
BIRLACOT|NOISIN|4,BIRLACOT,2015-06-25,0.05,0.1,1.0,,,,UNEXPLAINED_JUMP,
BIRLACOT|NOISIN|4,BIRLACOT,2015-07-02,0.1,0.05,-0.5,,,,UNEXPLAINED_JUMP,
BIRLACOT|NOISIN|4,BIRLACOT,2015-07-03,0.05,0.1,1.0,,,,UNEXPLAINED_JUMP,
BIRLACOT|NOISIN|4,BIRLACOT,2015-07-06,0.1,0.05,-0.5,,,,UNEXPLAINED_JUMP,
BIRLACOT|NOISIN|4,BIRLACOT,2015-07-07,0.05,0.1,1.0,,,,UNEXPLAINED_JUMP,
BIRLACOT|NOISIN|4,BIRLACOT,2015-07-10,0.1,0.05,-0.5,,,,UNEXPLAINED_JUMP,
BIRLACOT|NOISIN|4,BIRLACOT,2015-07-16,0.05,0.1,1.0,,,,UNEXPLAINED_JUMP,
BIRLACOT|NOISIN|4,BIRLACOT,2015-07-17,0.1,0.05,-0.5,,,,UNEXPLAINED_JUMP,
BIRLACOT|NOISIN|4,BIRLACOT,2015-07-22,0.05,0.1,1.0,,,,UNEXPLAINED_JUMP,
BIRLACOT|NOISIN|4,BIRLACOT,2015-07-23,0.1,0.05,-0.5,,,,UNEXPLAINED_JUMP,
BIRLACOT|NOISIN|4,BIRLACOT,2015-07-24,0.05,0.1,1.0,,,,UNEXPLAINED_JUMP,
BIRLACOT|NOISIN|4,BIRLACOT,2015-07-27,0.1,0.05,-0.5,,,,UNEXPLAINED_JUMP,
BIRLACOT|NOISIN|4,BIRLACOT,2015-07-30,0.05,0.1,1.0,,,,UNEXPLAINED_JUMP,
BIRLACOT|NOISIN|4,BIRLACOT,2015-07-31,0.1,0.05,-0.5,,,,UNEXPLAINED_JUMP,
BIRLACOT|NOISIN|4,BIRLACOT,2015-08-04,0.05,0.1,1.0,,,,UNEXPLAINED_JUMP,
BIRLACOT|NOISIN|4,BIRLACOT,2015-08-06,0.1,0.05,-0.5,,,,UNEXPLAINED_JUMP,
BIRLACOT|NOISIN|4,BIRLACOT,2015-08-07,0.05,0.1,1.0,,,,UNEXPLAINED_JUMP,
BIRLACOT|NOISIN|4,BIRLACOT,2015-08-10,0.1,0.05,-0.5,,,,UNEXPLAINED_JUMP,
BIRLACOT|NOISIN|4,BIRLACOT,2015-08-11,0.05,0.1,1.0,,,,UNEXPLAINED_JUMP,
BIRLACOT|NOISIN|4,BIRLACOT,2015-08-12,0.1,0.05,-0.5,,,,UNEXPLAINED_JUMP,
BIRLACOT|NOISIN|4,BIRLACOT,2015-08-13,0.05,0.1,1.0,,,,UNEXPLAINED_JUMP,
BIRLACOT|NOISIN|4,BIRLACOT,2015-08-18,0.1,0.05,-0.5,,,,UNEXPLAINED_JUMP,
BIRLACOT|NOISIN|4,BIRLACOT,2015-11-13,0.05,0.1,1.0,,,,UNEXPLAINED_JUMP,
BIRLACOT|NOISIN|4,BIRLACOT,2015-11-16,0.1,0.05,-0.5,,,,UNEXPLAINED_JUMP,
BIRLACOT|NOISIN|4,BIRLACOT,2015-11-20,0.05,0.1,1.0,,,,UNEXPLAINED_JUMP,
BIRLACOT|NOISIN|4,BIRLACOT,2015-11-23,0.1,0.05,-0.5,,,,UNEXPLAINED_JUMP,
BIRLACOT|NOISIN|4,BIRLACOT,2015-11-24,0.05,0.1,1.0,,,,UNEXPLAINED_JUMP,
BIRLACOT|NOISIN|4,BIRLACOT,2015-11-27,0.1,0.05,-0.5,,,,UNEXPLAINED_JUMP,
BIRLACOT|NOISIN|4,BIRLACOT,2016-05-05,0.05,0.1,1.0,,,,UNEXPLAINED_JUMP,
BIRLACOT|NOISIN|4,BIRLACOT,2016-05-11,0.1,0.05,-0.5,,,,UNEXPLAINED_JUMP,
BIRLACOT|NOISIN|4,BIRLACOT,2016-05-12,0.05,0.1,1.0,,,,UNEXPLAINED_JUMP,
BIRLACOT|NOISIN|4,BIRLACOT,2016-05-13,0.1,0.05,-0.5,,,,UNEXPLAINED_JUMP,
BIRLACOT|NOISIN|4,BIRLACOT,2016-05-18,0.05,0.1,1.0,,,,UNEXPLAINED_JUMP,
BIRLACOT|NOISIN|4,BIRLACOT,2016-05-19,0.1,0.05,-0.5,,,,UNEXPLAINED_JUMP,
BIRLACOT|NOISIN|4,BIRLACOT,2016-05-20,0.05,0.1,1.0,,,,UNEXPLAINED_JUMP,
BIRLACOT|NOISIN|4,BIRLACOT,2016-05-23,0.1,0.05,-0.5,,,,UNEXPLAINED_JUMP,
BIRLACOT|NOISIN|4,BIRLACOT,2016-05-26,0.05,0.1,1.0,,,,UNEXPLAINED_JUMP,
BIRLACOT|NOISIN|4,BIRLACOT,2016-05-27,0.1,0.05,-0.5,,,,UNEXPLAINED_JUMP,
BIRLACOT|NOISIN|4,BIRLACOT,2016-05-31,0.05,0.1,1.0,,,,UNEXPLAINED_JUMP,
BIRLACOT|NOISIN|4,BIRLACOT,2016-06-01,0.1,0.05,-0.5,,,,UNEXPLAINED_JUMP,
BIRLACOT|NOISIN|4,BIRLACOT,2016-06-02,0.05,0.1,1.0,,,,UNEXPLAINED_JUMP,
BIRLACOT|NOISIN|4,BIRLACOT,2016-06-03,0.1,0.05,-0.5,,,,UNEXPLAINED_JUMP,
BIRLACOT|NOISIN|4,BIRLACOT,2016-06-06,0.05,0.1,1.0,,,,UNEXPLAINED_JUMP,
BIRLACOT|NOISIN|4,BIRLACOT,2016-06-08,0.1,0.05,-0.5,,,,UNEXPLAINED_JUMP,
BIRLACOT|NOISIN|4,BIRLACOT,2016-06-09,0.05,0.1,1.0,,,,UNEXPLAINED_JUMP,
BIRLACOT|NOISIN|4,BIRLACOT,2016-06-13,0.1,0.05,-0.5,,,,UNEXPLAINED_JUMP,
BIRLACOT|NOISIN|4,BIRLACOT,2016-06-14,0.05,0.1,1.0,,,,UNEXPLAINED_JUMP,
BIRLACOT|NOISIN|4,BIRLACOT,2016-06-21,0.1,0.05,-0.5,,,,UNEXPLAINED_JUMP,
BIRLACOT|NOISIN|4,BIRLACOT,2016-06-24,0.05,0.1,1.0,,,,UNEXPLAINED_JUMP,
BIRLACOT|NOISIN|4,BIRLACOT,2016-06-30,0.1,0.05,-0.5,,,,UNEXPLAINED_JUMP,
BIRLACOT|NOISIN|4,BIRLACOT,2016-07-01,0.05,0.1,1.0,,,,UNEXPLAINED_JUMP,
BIRLACOT|NOISIN|4,BIRLACOT,2016-11-11,0.1,0.05,-0.5,,,,UNEXPLAINED_JUMP,
BIRLACOT|NOISIN|4,BIRLACOT,2016-11-15,0.05,0.1,1.0,,,,UNEXPLAINED_JUMP,
BIRLACOT|NOISIN|4,BIRLACOT,2016-11-17,0.1,0.05,-0.5,,,,UNEXPLAINED_JUMP,
BIRLACOT|NOISIN|4,BIRLACOT,2016-11-18,0.05,0.1,1.0,,,,UNEXPLAINED_JUMP,
BIRLACOT|NOISIN|4,BIRLACOT,2016-11-21,0.1,0.05,-0.5,,,,UNEXPLAINED_JUMP,
BIRLACOT|NOISIN|4,BIRLACOT,2016-11-22,0.05,0.1,1.0,,,,UNEXPLAINED_JUMP,
BIRLACOT|NOISIN|4,BIRLACOT,2016-11-28,0.1,0.05,-0.5,,,,UNEXPLAINED_JUMP,
BIRLACOT|NOISIN|4,BIRLACOT,2016-12-01,0.05,0.1,1.0,,,,UNEXPLAINED_JUMP,
BIRLACOT|NOISIN|4,BIRLACOT,2016-12-05,0.1,0.15,0.4999999999999998,,,,UNEXPLAINED_JUMP,
BIRLACOT|NOISIN|4,BIRLACOT,2017-03-08,0.1,0.05,-0.5,,,,UNEXPLAINED_JUMP,
BLUECHIP|NOISIN|7,BLUECHIP,2013-12-17,0.1,0.15,0.4999999999999998,,,,UNEXPLAINED_JUMP,
BLUEDART|NOISIN|1,BLUEDART,2014-11-17,6511.5,6496.55,-0.0022959379559240878,,,NON_EQUITY_BONUS,EVENT_UNADJUSTABLE,
BRITANNIA|NOISIN|1,BRITANNIA,2019-08-22,2384.5,2440.75,0.02358985112182843,,,NON_EQUITY_BONUS,EVENT_UNADJUSTABLE,
BRITANNIA|NOISIN|1,BRITANNIA,2021-05-25,3379.1,3439.5,0.017874581989287153,,,DIVIDEND+NON_EQUITY_BONUS,EVENT_UNADJUSTABLE,
BROOKS|INE650L01011|1,BROOKS,2020-02-11,42.85,39.15,-0.08634772462077023,,,RIGHTS,EVENT_UNADJUSTABLE,
BROOKS|INE650L01011|1,BROOKS,2023-07-28,89.45,87.55,-0.02124091671324768,,,RIGHTS,EVENT_UNADJUSTABLE,
BSLGOLDETF|NOISIN|1,BSLGOLDETF,2021-11-25,4348.65,43.65,-0.9899624021247974,,,,UNEXPLAINED_JUMP,
BSLNIFTY|INF209K01IR4|1,BSLNIFTY,2021-11-25,193.95,19.58,-0.8990461459138953,,,,UNEXPLAINED_JUMP,
BSLSENETFG|INF209KB1119|1,BSLSENETFG,2021-11-25,558.7,56.35,-0.8991408627170216,,,,UNEXPLAINED_JUMP,
CALSOFT|NOISIN|3,CALSOFT,2025-01-15,22.87,13.88,-0.39309138609532135,,,RIGHTS,EVENT_UNADJUSTABLE,
CAMLINFINE|INE052I01032|1,CAMLINFINE,2025-01-08,139.45,134.67,-0.03427751882395125,,,RIGHTS,EVENT_UNADJUSTABLE,
CAMLIN|NOISIN|2,KOKUYOCMLN,2013-08-01,28.45,28.05,-0.014059753954305698,,,RIGHTS,EVENT_UNADJUSTABLE,
CANBK|NOISIN|1,CANBK,2017-02-17,296.05,291.9,-0.014017902381354586,,,RIGHTS,EVENT_UNADJUSTABLE,
CANFINHOME|NOISIN|4,CANFINHOME,2015-01-23,695.5,626.6,-0.09906542056074763,,,RIGHTS,EVENT_UNADJUSTABLE,
CAPLIPOINT|INE475E01018|1,CAPLIPOINT,2016-10-19,1455.0,292.9,-0.7986941580756014,,,,UNEXPLAINED_JUMP,
CAPTRUST|INE707C01018|1,CAPTRUST,2025-10-10,44.87,30.91,-0.3111210162692222,,,RIGHTS,EVENT_UNADJUSTABLE,
CELEBRITY|NOISIN|5,CELEBRITY,2013-10-28,4.3,2.6,-0.39534883720930225,,,,UNEXPLAINED_JUMP,
CENTEXT|NOISIN|5,CENTEXT,2026-09-15,22.37,19.98,-0.10683951721054985,,,RIGHTS,EVENT_UNADJUSTABLE,
CENTURYTEX|NOISIN|1,CENTURYTEX,2019-10-11,882.2,393.85,-0.553559283609159,,,SCHEME_DEMERGER,EVENT_UNADJUSTABLE,
CESC|NOISIN|1,CESC,2018-10-30,864.0,713.65,-0.17401620370370374,,,SCHEME_DEMERGER,EVENT_UNADJUSTABLE,
CGCL|INE180C01026|1,CGCL,2023-02-17,752.45,703.55,-0.06498770682437383,,,RIGHTS,EVENT_UNADJUSTABLE,
CHOLADBS|NOISIN|2,CHOLAFIN,2020-03-23,193.25,136.05,-0.2959896507115135,,,,UNEXPLAINED_JUMP,
CNOVAPETRO|INE672K01025|1,CNOVAPETRO,2016-10-24,49.15,33.4,-0.32044760935910477,,,RIGHTS,EVENT_UNADJUSTABLE,
COASTCORP|INE377E01016|1,COASTCORP,2022-08-25,353.9,343.55,-0.029245549590279696,,,RIGHTS,EVENT_UNADJUSTABLE,
COMPUAGE|NOISIN|2,COMPINFO,2022-11-14,23.15,22.8,-0.015118790496760126,,,RIGHTS,EVENT_UNADJUSTABLE,
CONCOR|NOISIN|1,CONCOR,2017-04-05,1264.0,1012.8,-0.19873417721518993,BONUS,INCONCLUSIVE,,EVENT_INCONCLUSIVE, Bonus 1:4
CONCOR|NOISIN|1,CONCOR,2019-02-04,658.7,518.6,-0.2126916654015485,BONUS,INCONCLUSIVE,,EVENT_INCONCLUSIVE, Bonus 1:4
CONCOR|NOISIN|1,CONCOR,2025-07-04,745.25,599.65,-0.19537068097953714,BONUS,INCONCLUSIVE,,EVENT_INCONCLUSIVE,Bonus 1:4
COREPROTEC|NOISIN|1,COREEDUTEC,2013-02-25,293.85,110.5,-0.6239578015994556,,,,UNEXPLAINED_JUMP,
COREPROTEC|NOISIN|1,COREEDUTEC,2013-02-27,111.65,60.5,-0.458128078817734,,,,UNEXPLAINED_JUMP,
COROMNFERT|NOISIN|1,COROMANDEL,2012-07-13,264.85,255.05,-0.03700207664715882,,,NON_EQUITY_BONUS,EVENT_UNADJUSTABLE,
CROMPGREAV|NOISIN|1,CROMPGREAV,2016-03-15,155.3,44.0,-0.716677398583387,,,SCHEME_DEMERGER,EVENT_UNADJUSTABLE,
CROMPGREAV|NOISIN|1,CGPOWER,2019-02-13,33.7,23.65,-0.2982195845697331,,,,UNEXPLAINED_JUMP,
CUB|NOISIN|1,CUB,2012-11-22,61.15,51.2,-0.16271463614063775,,,RIGHTS,EVENT_UNADJUSTABLE,
CUB|NOISIN|1,CUB,2017-07-13,183.05,174.15,-0.04862059546571973,BONUS,INCONCLUSIVE,,EVENT_INCONCLUSIVE, Bonus 1:10
CUB|NOISIN|1,CUB,2018-07-10,187.0,173.55,-0.07192513368983955,BONUS,INCONCLUSIVE,,EVENT_INCONCLUSIVE, Bonus 1:10
CUPID|INE509F01011|1,CUPID,2018-10-11,203.35,186.1,-0.08482911236783874,BONUS,INCONCLUSIVE,,EVENT_INCONCLUSIVE, Bonus 1:5
CYBERMEDIA|NOISIN|5,CYBERMEDIA,2025-08-01,19.91,17.8,-0.10597689603214466,,,RIGHTS,EVENT_UNADJUSTABLE,
DAAWAT|NOISIN|1,DAAWAT,2017-02-07,470.15,50.7,-0.8921620759332128,,,,UNEXPLAINED_JUMP,
DANGEE|INE688Y01014|1,DANGEE,2020-11-17,110.4,158.9,0.43931159420289845,,,,UNEXPLAINED_JUMP,
DAVANGERE|INE179G01011|1,DAVANGERE,2025-08-06,3.35,3.28,-0.020895522388059806,,,RIGHTS,EVENT_UNADJUSTABLE,
DEEPAKFERT|NOISIN|1,DEEPAKFERT,2020-09-16,173.4,166.75,-0.03835063437139563,,,DIVIDEND+RIGHTS,EVENT_UNADJUSTABLE,
DEWANHOUS|NOISIN|1,DHFL,2018-09-21,610.55,350.55,-0.4258455490950781,,,,UNEXPLAINED_JUMP,
DEWANHOUS|NOISIN|1,DHFL,2019-07-15,68.5,48.5,-0.291970802919708,,,,UNEXPLAINED_JUMP,
DHANBANK|NOISIN|4,DHANBANK,2024-12-27,44.21,32.16,-0.2725627686043882,,,RIGHTS,EVENT_UNADJUSTABLE,
DHANUS|INE406H01016|1,DHANUS,2013-06-17,0.15,0.1,-0.33333333333333326,,,,UNEXPLAINED_JUMP,
DHANUS|INE406H01016|1,DHANUS,2013-07-08,0.1,0.15,0.4999999999999998,,,,UNEXPLAINED_JUMP,
DIAPOWER|NOISIN|1,DIAPOWER,2013-08-26,46.8,42.1,-0.10042735042735029,BONUS,DISCREPANT,,EVENT_DISCREPANT,Bonus 1:3
DIL|INE411Y01011|1,DIL,2023-06-01,16.7,16.75,0.0029940119760478723,,,RIGHTS,EVENT_UNADJUSTABLE,
DISHTV|NOISIN|1,DISHTV,2019-01-25,33.55,22.4,-0.33233979135618474,,,,UNEXPLAINED_JUMP,
DPWIRES|INE864X01013|1,DPWIRES,2023-11-08,658.8,636.6,-0.033697632058287685,BONUS,INCONCLUSIVE,,EVENT_INCONCLUSIVE,Bonus 1:7
DTIL|INE341R01014|1,DTIL,2021-08-05,521.15,346.65,-0.3348364194569702,,,,UNEXPLAINED_JUMP,
DTIL|NOISIN|3,DVL,2021-08-05,300.75,281.05,-0.0655029093931837,BONUS,DISCREPANT,DIVIDEND,EVENT_DISCREPANT, Bonus 1:2
DYNATECH|INE741L01018|1,DUCON,2022-04-18,29.6,27.65,-0.06587837837837851,BONUS,INCONCLUSIVE,,EVENT_INCONCLUSIVE,Bonus 1:10
DYNATECH|INE741L01018|1,DUCON,2024-08-30,11.26,10.36,-0.07992895204262884,,,RIGHTS,EVENT_UNADJUSTABLE,
DYNATECH|INE741L01018|1,DUCON,2026-08-25,3.08,2.4,-0.22077922077922085,,,RIGHTS,EVENT_UNADJUSTABLE,
DYNPRO|INE256H01015|1,DYNPRO,2022-05-12,499.35,480.35,-0.03804946430359468,,,RIGHTS,EVENT_UNADJUSTABLE,
EASUNREYRL|NOISIN|1,EASUNREYRL,2014-03-13,64.0,62.85,-0.017968749999999978,,,RIGHTS,EVENT_UNADJUSTABLE,
EFCIL|INE886D01026|1,EFCIL,2026-05-07,190.83,193.77,0.015406382644238326,,,RIGHTS,EVENT_UNADJUSTABLE,
EIHAHOTELS|NOISIN|3,EIHAHOTELS,2012-09-11,154.65,136.85,-0.11509860976398323,,,RIGHTS,EVENT_UNADJUSTABLE,
EIHOTEL|NOISIN|1,EIHOTEL,2020-09-22,83.65,78.3,-0.06395696353855362,,,RIGHTS,EVENT_UNADJUSTABLE,
ELFORGE|NOISIN|2,ELFORGE,2011-06-29,14.55,13.3,-0.08591065292096223,,,RIGHTS,EVENT_UNADJUSTABLE,
ETHOSLTD|INE04TZ01018|1,ETHOSLTD,2025-06-12,3002.0,2893.5,-0.03614257161892076,,,RIGHTS,EVENT_UNADJUSTABLE,
EXICOM|INE777F01014|1,EXICOM,2025-07-07,200.83,187.51,-0.06632475227804624,,,RIGHTS,EVENT_UNADJUSTABLE,
FARMAXIND|NOISIN|1,FARMAXIND,2015-09-02,0.15,0.1,-0.33333333333333326,,,,UNEXPLAINED_JUMP,
FARMAXIND|NOISIN|1,FARMAXIND,2015-09-09,0.1,0.15,0.4999999999999998,,,,UNEXPLAINED_JUMP,
FARMAXIND|NOISIN|1,FARMAXIND,2016-05-03,0.15,0.1,-0.33333333333333326,,,,UNEXPLAINED_JUMP,
FARMAXIND|NOISIN|1,FARMAXIND,2016-05-05,0.1,0.15,0.4999999999999998,,,,UNEXPLAINED_JUMP,
FARMAXIND|NOISIN|1,FARMAXIND,2016-05-09,0.15,0.1,-0.33333333333333326,,,,UNEXPLAINED_JUMP,
FARMAXIND|NOISIN|1,FARMAXIND,2016-05-11,0.1,0.15,0.4999999999999998,,,,UNEXPLAINED_JUMP,
FARMAXIND|NOISIN|1,FARMAXIND,2016-05-12,0.15,0.1,-0.33333333333333326,,,,UNEXPLAINED_JUMP,
FARMAXIND|NOISIN|1,FARMAXIND,2016-05-13,0.1,0.15,0.4999999999999998,,,,UNEXPLAINED_JUMP,
FARMAXIND|NOISIN|1,FARMAXIND,2016-05-17,0.15,0.1,-0.33333333333333326,,,,UNEXPLAINED_JUMP,
FARMAXIND|NOISIN|1,FARMAXIND,2016-05-18,0.1,0.15,0.4999999999999998,,,,UNEXPLAINED_JUMP,
FARMAXIND|NOISIN|1,FARMAXIND,2016-06-06,0.15,0.1,-0.33333333333333326,,,,UNEXPLAINED_JUMP,
FARMAXIND|NOISIN|1,FARMAXIND,2016-06-07,0.1,0.15,0.4999999999999998,,,,UNEXPLAINED_JUMP,
FARMAXIND|NOISIN|1,FARMAXIND,2016-06-08,0.15,0.1,-0.33333333333333326,,,,UNEXPLAINED_JUMP,
FARMAXIND|NOISIN|1,FARMAXIND,2016-06-15,0.1,0.15,0.4999999999999998,,,,UNEXPLAINED_JUMP,
FARMAXIND|NOISIN|1,FARMAXIND,2016-06-17,0.15,0.1,-0.33333333333333326,,,,UNEXPLAINED_JUMP,
FARMAXIND|NOISIN|1,FARMAXIND,2016-06-20,0.1,0.15,0.4999999999999998,,,,UNEXPLAINED_JUMP,
FARMAXIND|NOISIN|1,FARMAXIND,2016-06-21,0.15,0.1,-0.33333333333333326,,,,UNEXPLAINED_JUMP,
FARMAXIND|NOISIN|1,FARMAXIND,2016-06-23,0.1,0.15,0.4999999999999998,,,,UNEXPLAINED_JUMP,
FARMAXIND|NOISIN|1,FARMAXIND,2016-06-27,0.15,0.1,-0.33333333333333326,,,,UNEXPLAINED_JUMP,
FARMAXIND|NOISIN|1,FARMAXIND,2016-06-28,0.1,0.15,0.4999999999999998,,,,UNEXPLAINED_JUMP,
FARMAXIND|NOISIN|1,FARMAXIND,2016-06-29,0.15,0.1,-0.33333333333333326,,,,UNEXPLAINED_JUMP,
FARMAXIND|NOISIN|1,FARMAXIND,2016-06-30,0.1,0.15,0.4999999999999998,,,,UNEXPLAINED_JUMP,
FARMAXIND|NOISIN|1,FARMAXIND,2016-07-01,0.15,0.1,-0.33333333333333326,,,,UNEXPLAINED_JUMP,
FARMAXIND|NOISIN|1,FARMAXIND,2016-07-05,0.1,0.15,0.4999999999999998,,,,UNEXPLAINED_JUMP,
FARMAXIND|NOISIN|1,FARMAXIND,2016-07-12,0.15,0.1,-0.33333333333333326,,,,UNEXPLAINED_JUMP,
FARMAXIND|NOISIN|1,FARMAXIND,2016-07-15,0.1,0.15,0.4999999999999998,,,,UNEXPLAINED_JUMP,
FARMAXIND|NOISIN|1,FARMAXIND,2016-07-19,0.15,0.1,-0.33333333333333326,,,,UNEXPLAINED_JUMP,
FARMAXIND|NOISIN|1,FARMAXIND,2016-07-21,0.1,0.15,0.4999999999999998,,,,UNEXPLAINED_JUMP,
FARMAXIND|NOISIN|1,FARMAXIND,2016-07-25,0.15,0.1,-0.33333333333333326,,,,UNEXPLAINED_JUMP,
FARMAXIND|NOISIN|1,FARMAXIND,2016-07-27,0.1,0.15,0.4999999999999998,,,,UNEXPLAINED_JUMP,
FARMAXIND|NOISIN|1,FARMAXIND,2016-07-28,0.15,0.1,-0.33333333333333326,,,,UNEXPLAINED_JUMP,
FARMAXIND|NOISIN|1,FARMAXIND,2016-08-05,0.1,0.15,0.4999999999999998,,,,UNEXPLAINED_JUMP,
FARMAXIND|NOISIN|1,FARMAXIND,2016-08-09,0.15,0.1,-0.33333333333333326,,,,UNEXPLAINED_JUMP,
FARMAXIND|NOISIN|1,FARMAXIND,2016-08-10,0.1,0.15,0.4999999999999998,,,,UNEXPLAINED_JUMP,
FARMAXIND|NOISIN|1,FARMAXIND,2016-08-11,0.15,0.1,-0.33333333333333326,,,,UNEXPLAINED_JUMP,
FARMAXIND|NOISIN|1,FARMAXIND,2016-08-18,0.1,0.15,0.4999999999999998,,,,UNEXPLAINED_JUMP,
FARMAXIND|NOISIN|1,FARMAXIND,2016-08-23,0.15,0.1,-0.33333333333333326,,,,UNEXPLAINED_JUMP,
FARMAXIND|NOISIN|1,FARMAXIND,2016-08-24,0.1,0.15,0.4999999999999998,,,,UNEXPLAINED_JUMP,
FARMAXIND|NOISIN|1,FARMAXIND,2016-08-31,0.15,0.1,-0.33333333333333326,,,,UNEXPLAINED_JUMP,
FARMAXIND|NOISIN|1,FARMAXIND,2016-09-02,0.1,0.15,0.4999999999999998,,,,UNEXPLAINED_JUMP,
FARMAXIND|NOISIN|1,FARMAXIND,2016-09-06,0.15,0.1,-0.33333333333333326,,,,UNEXPLAINED_JUMP,
FARMAXIND|NOISIN|1,FARMAXIND,2016-09-12,0.1,0.15,0.4999999999999998,,,,UNEXPLAINED_JUMP,
FARMAXIND|NOISIN|1,FARMAXIND,2016-09-19,0.15,0.1,-0.33333333333333326,,,,UNEXPLAINED_JUMP,
FARMAXIND|NOISIN|1,FARMAXIND,2016-09-23,0.1,0.15,0.4999999999999998,,,,UNEXPLAINED_JUMP,
FARMAXIND|NOISIN|1,FARMAXIND,2016-09-26,0.15,0.1,-0.33333333333333326,,,,UNEXPLAINED_JUMP,
FARMAXIND|NOISIN|1,FARMAXIND,2016-10-03,0.1,0.05,-0.5,,,,UNEXPLAINED_JUMP,
FARMAXIND|NOISIN|1,FARMAXIND,2016-10-04,0.05,0.1,1.0,,,,UNEXPLAINED_JUMP,
FARMAXIND|NOISIN|1,FARMAXIND,2016-10-19,0.1,0.15,0.4999999999999998,,,,UNEXPLAINED_JUMP,
FARMAXIND|NOISIN|1,FARMAXIND,2016-11-03,0.15,0.1,-0.33333333333333326,,,,UNEXPLAINED_JUMP,
FARMAXIND|NOISIN|1,FARMAXIND,2016-12-07,0.1,0.15,0.4999999999999998,,,,UNEXPLAINED_JUMP,
FARMAXIND|NOISIN|1,FARMAXIND,2016-12-08,0.15,0.1,-0.33333333333333326,,,,UNEXPLAINED_JUMP,
FARMAXIND|NOISIN|1,FARMAXIND,2016-12-21,0.15,0.1,-0.33333333333333326,,,,UNEXPLAINED_JUMP,
FARMAXIND|NOISIN|1,FARMAXIND,2016-12-22,0.1,0.15,0.4999999999999998,,,,UNEXPLAINED_JUMP,
FARMAXIND|NOISIN|1,FARMAXIND,2016-12-26,0.15,0.1,-0.33333333333333326,,,,UNEXPLAINED_JUMP,
FARMAXIND|NOISIN|1,FARMAXIND,2016-12-27,0.1,0.15,0.4999999999999998,,,,UNEXPLAINED_JUMP,
FARMAXIND|NOISIN|1,FARMAXIND,2016-12-28,0.15,0.1,-0.33333333333333326,,,,UNEXPLAINED_JUMP,
FARMAXIND|NOISIN|1,FARMAXIND,2017-01-13,0.15,0.1,-0.33333333333333326,,,,UNEXPLAINED_JUMP,
FARMAXIND|NOISIN|1,FARMAXIND,2017-01-25,0.1,0.15,0.4999999999999998,,,,UNEXPLAINED_JUMP,
FARMAXIND|NOISIN|1,FARMAXIND,2017-01-27,0.15,0.1,-0.33333333333333326,,,,UNEXPLAINED_JUMP,
FARMAXIND|NOISIN|1,FARMAXIND,2017-02-02,0.1,0.15,0.4999999999999998,,,,UNEXPLAINED_JUMP,
FARMAXIND|NOISIN|1,FARMAXIND,2017-02-10,0.15,0.1,-0.33333333333333326,,,,UNEXPLAINED_JUMP,
FARMAXIND|NOISIN|1,FARMAXIND,2017-02-14,0.1,0.15,0.4999999999999998,,,,UNEXPLAINED_JUMP,
FARMAXIND|NOISIN|1,FARMAXIND,2017-02-22,0.15,0.1,-0.33333333333333326,,,,UNEXPLAINED_JUMP,
FARMAXIND|NOISIN|1,FARMAXIND,2017-02-23,0.1,0.15,0.4999999999999998,,,,UNEXPLAINED_JUMP,
FARMAXIND|NOISIN|1,FARMAXIND,2017-02-27,0.15,0.1,-0.33333333333333326,,,,UNEXPLAINED_JUMP,
FCSSOFT|NOISIN|1,FCSSOFT,2018-02-02,0.1,0.15,0.4999999999999998,,,,UNEXPLAINED_JUMP,
FINANTECH|NOISIN|2,FINANTECH,2013-08-01,539.85,191.65,-0.6449939798092063,,,,UNEXPLAINED_JUMP,
FUSION|INE139R01012|1,FUSION,2025-04-04,143.04,134.25,-0.061451342281879096,,,RIGHTS,EVENT_UNADJUSTABLE,
GAL|NOISIN|1,GAL,2022-12-23,4.1,3.75,-0.08536585365853655,,,RIGHTS,EVENT_UNADJUSTABLE,
GAL|NOISIN|1,SHAH,2026-05-27,5.19,5.3,0.021194605009633882,,,RIGHTS,EVENT_UNADJUSTABLE,
GAMMNINFRA|NOISIN|2,GAMMNINFRA,2013-01-23,14.1,13.9,-0.014184397163120477,BONUS,INCONCLUSIVE,,EVENT_INCONCLUSIVE,Bonus 1:34
GANGAFORGE|INE691Z01015|1,GANGAFORGE,2026-07-02,2.48,2.36,-0.048387096774193616,,,RIGHTS,EVENT_UNADJUSTABLE,
GAYAPROJ|INE336H01015|1,GAYAPROJ,2012-02-22,170.25,141.25,-0.17033773861967694,,,RIGHTS,EVENT_UNADJUSTABLE,
GBN|NOISIN|1,TV18BRDCST,2012-09-14,24.4,22.45,-0.07991803278688525,,,RIGHTS,EVENT_UNADJUSTABLE,
GDL|NOISIN|1,GDL,2020-07-23,91.4,87.05,-0.04759299781181625,,,RIGHTS,EVENT_UNADJUSTABLE,
GENESYS|NOISIN|8,GENESYS,2026-08-06,328.7,229.0,-0.30331609370246426,,,RIGHTS,EVENT_UNADJUSTABLE,
GEOJIT|NOISIN|1,GEOJITFSL,2024-10-07,165.18,133.91,-0.18930863300641732,,,RIGHTS,EVENT_UNADJUSTABLE,
GESCOCORP|NOISIN|1,MAHLIFE,2017-03-30,435.6,393.6,-0.09641873278236912,,,RIGHTS,EVENT_UNADJUSTABLE,
GESCOCORP|NOISIN|1,MAHLIFE,2025-05-23,366.05,340.5,-0.06979920775850301,,,RIGHTS,EVENT_UNADJUSTABLE,
GLOBE|INE581X01021|1,GLOBE,2025-01-17,4.98,4.36,-0.12449799196787148,,,RIGHTS,EVENT_UNADJUSTABLE,
GMBREW|NOISIN|3,GMBREW,2014-05-16,136.35,117.4,-0.1389805647231389,BONUS,INCONCLUSIVE,,EVENT_INCONCLUSIVE,Dividend Rs 2.50/- Per Share / Bonus 1 : 4
GMBREW|NOISIN|3,GMBREW,2016-05-30,710.6,614.4,-0.13537855333520976,BONUS,INCONCLUSIVE,,EVENT_INCONCLUSIVE, Bonus 1:4
GMBREW|NOISIN|3,GMBREW,2018-05-21,1027.2,855.35,-0.1672994548286605,BONUS,INCONCLUSIVE,,EVENT_INCONCLUSIVE, Bonus 1:4
GMBREW|NOISIN|3,GMBREW,2024-05-24,793.1,673.15,-0.15124196192157358,BONUS,INCONCLUSIVE,,EVENT_INCONCLUSIVE,Bonus 1:4
GMRINFRA|NOISIN|1,GMRINFRA,2015-03-11,16.8,16.55,-0.014880952380952328,,,RIGHTS,EVENT_UNADJUSTABLE,
GMRINFRA|NOISIN|1,GMRINFRA,2022-01-11,48.45,44.85,-0.07430340557275539,,,SCHEME_DEMERGER,EVENT_UNADJUSTABLE,
GODHA|INE925Y01010|1,GODHA,2022-01-20,117.1,61.45,-0.4752348420153715,,,,UNEXPLAINED_JUMP,
GODHA|INE925Y01036|1,GODHA,2023-05-12,1.25,1.2,-0.040000000000000036,,,RIGHTS,EVENT_UNADJUSTABLE,
GODREJIND|NOISIN|1,GODREJIND,2015-01-05,295.55,294.8,-0.002537641684994041,BONUS,INCONCLUSIVE,,EVENT_INCONCLUSIVE,Bonus 1 : 1250
GODREJPROP|NOISIN|1,GODREJPROP,2013-08-19,480.5,445.9,-0.07200832466181062,,,RIGHTS,EVENT_UNADJUSTABLE,
GOKULAGRO|INE314T01025|1,GOKULAGRO,2023-03-08,113.45,111.75,-0.014984574702512132,,,RIGHTS,EVENT_UNADJUSTABLE,
GOLDBEES|NOISIN|1,GOLDBEES,2019-12-19,3359.6,33.55,-0.9900136921062032,,,,UNEXPLAINED_JUMP,
GOLDIAM|NOISIN|5,GOLDIAM,2026-07-10,420.5,378.0,-0.10107015457788349,BONUS,DISCREPANT,,EVENT_DISCREPANT,Bonus 1:3
GOLDSHARE|NOISIN|1,GOLDSHARE,2021-03-25,4041.8,40.45,-0.989992082735415,,,,UNEXPLAINED_JUMP,
GRASIM|NOISIN|1,GRASIM,2017-07-19,1307.8,1050.0,-0.1971249426517816,,,SCHEME_DEMERGER,EVENT_UNADJUSTABLE,
GRASIM|NOISIN|1,GRASIM,2024-01-10,2064.05,2068.55,0.0021801797437077663,,,RIGHTS,EVENT_UNADJUSTABLE,
GREENPOWER|NOISIN|1,GREENPOWER,2024-08-13,23.82,21.3,-0.10579345088161207,,,RIGHTS,EVENT_UNADJUSTABLE,
GULPOLY|INE255D01016|1,GULPOLY,2016-12-27,371.25,74.1,-0.8004040404040405,,,,UNEXPLAINED_JUMP,
GULPOLY|INE255D01024|1,GULPOLY,2023-06-21,285.1,251.2,-0.11890564714135399,BONUS,INCONCLUSIVE,,EVENT_INCONCLUSIVE,Bonus 1:5
GVPTECH|INE382T01030|1,GVPTECH,2025-06-30,11.19,11.3,0.009830205540661385,,,RIGHTS,EVENT_UNADJUSTABLE,
HATSUN|INE473B01035|1,HATSUN,2018-05-31,725.95,727.1,0.0015841311385080825,,,RIGHTS,EVENT_UNADJUSTABLE,
HATSUN|INE473B01035|1,HATSUN,2022-12-07,970.6,927.7,-0.044199464248918185,,,RIGHTS,EVENT_UNADJUSTABLE,
HCG|INE075I01017|1,HCG,2026-03-02,575.65,559.95,-0.02727351689394586,,,RIGHTS,EVENT_UNADJUSTABLE,
HCL-INSYS|NOISIN|1,HCL-INSYS,2017-10-31,48.1,47.8,-0.006237006237006293,,,RIGHTS,EVENT_UNADJUSTABLE,
HDFCMFGETF|NOISIN|1,HDFCMFGETF,2021-02-17,4242.0,41.8,-0.9901461574728901,,,,UNEXPLAINED_JUMP,
HDFCNIFETF|INF179KB1KP3|1,HDFCNIFETF,2021-02-17,1628.18,162.44,-0.9002321610632731,,,,UNEXPLAINED_JUMP,
HDFCSENETF|INF179KB1KQ1|1,HDFCSENETF,2021-02-17,5633.58,559.43,-0.9006972475761417,,,,UNEXPLAINED_JUMP,
HERITGFOOD|NOISIN|7,HERITGFOOD,2023-01-20,351.5,186.85,-0.46842105263157896,,,RIGHTS,EVENT_UNADJUSTABLE,
HILTON|NOISIN|2,HILTON,2022-10-20,69.6,68.7,-0.012931034482758452,,,RIGHTS,EVENT_UNADJUSTABLE,
HILTON|NOISIN|2,HILTON,2025-12-26,43.83,41.37,-0.05612594113620806,,,RIGHTS,EVENT_UNADJUSTABLE,
HILTON|NOISIN|2,HILTON,2026-02-24,19.66,19.27,-0.01983723296032558,,,RIGHTS,EVENT_UNADJUSTABLE,
HINDCONS|NOISIN|1,HCC,2018-11-20,14.55,12.5,-0.14089347079037806,,,RIGHTS,EVENT_UNADJUSTABLE,
HINDCONS|NOISIN|1,HCC,2024-03-15,35.2,34.8,-0.011363636363636576,,,RIGHTS,EVENT_UNADJUSTABLE,
HINDCONS|NOISIN|1,HCC,2025-12-05,25.94,19.9,-0.23284502698535092,,,RIGHTS,EVENT_UNADJUSTABLE,
HINDLEVER|NOISIN|1,HINDUNILVR,2025-12-05,2462.2,2338.6,-0.05019900901632679,,,SCHEME_DEMERGER,EVENT_UNADJUSTABLE,
HINDUJATMT|NOISIN|1,NXTDIGITAL,2021-10-22,501.8,428.45,-0.14617377441211643,,,RIGHTS,EVENT_UNADJUSTABLE,
HNGSNGBEES|NOISIN|1,HNGSNGBEES,2019-12-19,3219.0,366.11,-0.8862659210935073,,,,UNEXPLAINED_JUMP,
HYDROS&S|NOISIN|1,KINGFA,2017-03-09,863.85,815.6,-0.055854604387335804,,,RIGHTS,EVENT_UNADJUSTABLE,
IBREALEST|NOISIN|1,IBREALEST,2011-12-07,62.85,56.5,-0.10103420843277644,,,SCHEME_DEMERGER,EVENT_UNADJUSTABLE,
IBREALEST|NOISIN|1,IBREALEST,2017-04-17,105.85,148.2,0.40009447331128944,,,,UNEXPLAINED_JUMP,
IBSEC|NOISIN|1,IBVENTURES,2018-02-09,241.55,234.4,-0.02960049679155452,,,RIGHTS,EVENT_UNADJUSTABLE,
IBULHSGFIN|INE148I01020|1,IBULHSGFIN,2019-09-30,390.1,255.9,-0.34401435529351454,,,,UNEXPLAINED_JUMP,
IBULHSGFIN|INE148I01020|1,IBULHSGFIN,2020-03-19,135.45,89.75,-0.3373938722775931,,,,UNEXPLAINED_JUMP,
IBULHSGFIN|INE148I01020|1,IBULHSGFIN,2024-02-01,222.5,193.9,-0.12853932584269656,,,RIGHTS,EVENT_UNADJUSTABLE,
ICICI500|INF109KC1CZ3|1,ICICI500,2021-10-28,255.79,25.45,-0.9005043199499589,,,,UNEXPLAINED_JUMP,
ICICIBANK|NOISIN|1,ICICIBANK,2017-06-20,320.6,292.45,-0.08780411728009996,BONUS,INCONCLUSIVE,,EVENT_INCONCLUSIVE, Annual General Meeting/Dividend - Rs 2.50 Per Share/Bonus 1:10 (Revised)
ICICIMOM30|INF109KC17C7|1,ICICIMOM30,2022-08-12,186.62,18.89,-0.8987782659950702,,,,UNEXPLAINED_JUMP,
ICICITECH|INF109KC1N67|1,ICICITECH,2022-09-01,293.52,28.89,-0.901573998364677,,,,UNEXPLAINED_JUMP,
ICIL|NOISIN|4,ICIL,2016-11-11,799.8,150.05,-0.8123905976494123,,,,UNEXPLAINED_JUMP,
IDEA|NOISIN|1,IDEA,2019-03-29,29.0,18.25,-0.3706896551724138,,,RIGHTS,EVENT_UNADJUSTABLE,
IDEA|NOISIN|1,IDEA,2020-02-19,3.0,4.2,0.40000000000000013,,,,UNEXPLAINED_JUMP,
IDEA|NOISIN|1,IDEA,2020-03-18,4.85,3.15,-0.35051546391752575,,,,UNEXPLAINED_JUMP,
IDFC|NOISIN|1,IDFC,2015-10-01,141.05,60.35,-0.5721375398794755,,,SCHEME_DEMERGER,EVENT_UNADJUSTABLE,
IEX|INE022Q01012|1,IEX,2025-07-24,187.89,132.32,-0.29575815636808767,,,,UNEXPLAINED_JUMP,
IGARASHI|NOISIN|4,IGARASHI,2018-09-27,703.15,688.45,-0.020905923344947674,BONUS,INCONCLUSIVE,,EVENT_INCONCLUSIVE, Bonus 25:202
IGL|NOISIN|1,IGL,2012-04-10,346.65,229.15,-0.33895860377902776,,,,UNEXPLAINED_JUMP,
IGOLD|INF109KB1WF4|1,ICICIGOLD,2018-11-15,278.55,28.45,-0.8978639382516604,,,,UNEXPLAINED_JUMP,
ILFSTRANS|NOISIN|1,IL&FSTRANS,2014-03-13,127.05,120.5,-0.051554506099960595,,,RIGHTS,EVENT_UNADJUSTABLE,
ILFSTRANS|NOISIN|1,IL&FSTRANS,2015-10-07,99.95,96.65,-0.03301650825412705,,,RIGHTS,EVENT_UNADJUSTABLE,
INDHOTEL|NOISIN|1,INDHOTEL,2017-10-04,121.9,110.4,-0.09433962264150941,,,RIGHTS,EVENT_UNADJUSTABLE,
INDHOTEL|NOISIN|1,INDHOTEL,2021-11-11,215.3,207.9,-0.03437064561077574,,,RIGHTS,EVENT_UNADJUSTABLE,
INDIAINFO|NOISIN|1,IIFL,2024-04-23,420.4,410.2,-0.02426260704091343,,,RIGHTS,EVENT_UNADJUSTABLE,
INDOWIND|NOISIN|2,INDOWIND,2025-11-19,16.29,15.91,-0.02332719459791277,,,RIGHTS,EVENT_UNADJUSTABLE,
INDRAYON|NOISIN|1,ABIRLANUVO,2016-01-20,2065.55,882.15,-0.5729224661712378,,,SCHEME_DEMERGER,EVENT_UNADJUSTABLE,
INDUSINDBK|NOISIN|1,INDUSINDBK,2020-03-26,301.3,435.9,0.4467308330567539,,,,UNEXPLAINED_JUMP,
INFIBEAM|INE483S01012|1,INFIBEAM,2018-09-28,200.35,58.45,-0.7082605440479162,,,,UNEXPLAINED_JUMP,
INFIBEAM|INE483S01012|1,INFIBEAM,2025-06-26,21.2,17.49,-0.17500000000000004,,,RIGHTS,EVENT_UNADJUSTABLE,
INFINITE|NOISIN|1,INFINITE,2017-11-01,230.7,224.9,-0.02514087559601208,BONUS,INCONCLUSIVE,,EVENT_INCONCLUSIVE, Bonus 1:26
INOXWIND|INE066P01011|1,INOXWIND,2025-07-29,157.25,156.3,-0.0060413354531000385,,,RIGHTS,EVENT_UNADJUSTABLE,
INTELLECT|INE306R01017|1,INTELLECT,2015-01-16,119.95,126.95,0.05835764902042517,,,SCHEME_DEMERGER,EVENT_UNADJUSTABLE,
INTELLECT|INE306R01017|1,INTELLECT,2017-07-17,130.6,118.2,-0.09494640122511477,,,RIGHTS,EVENT_UNADJUSTABLE,
INVENTURE|INE878H01016|1,INVENTURE,2024-07-05,2.87,2.8,-0.024390243902439157,,,RIGHTS,EVENT_UNADJUSTABLE,
IPGETF|NOISIN|1,IGOLD,2016-06-09,2739.0,288.35,-0.8947243519532676,,,,UNEXPLAINED_JUMP,
IPRU5008|INF109KC1E27|1,ICICIBANKN,2022-09-01,396.5,39.45,-0.9005044136191677,,,,UNEXPLAINED_JUMP,
IRISDOREME|INE01GN01017|1,IRISDOREME,2025-03-13,50.66,46.79,-0.07639163047769437,,,RIGHTS,EVENT_UNADJUSTABLE,
ITC|NOISIN|1,ITC,2025-01-06,481.6,442.65,-0.08087624584717612,,,SCHEME_DEMERGER,EVENT_UNADJUSTABLE,
JAGSNPHARM|NOISIN|2,JAGSNPHARM,2020-11-17,41.1,57.65,0.4026763990267639,,,,UNEXPLAINED_JUMP,
JAYKAY|INE903A01025|1,JAYKAY,2026-08-28,169.62,154.11,-0.0914396887159532,,,RIGHTS,EVENT_UNADJUSTABLE,
JBCHEPHARM|NOISIN|1,JBCHEPHARM,2011-08-29,141.05,96.45,-0.316199929103155,,,DIVIDEND,UNEXPLAINED_JUMP,
JETAIRWAYS|NOISIN|1,JETAIRWAYS,2019-04-18,240.5,164.85,-0.31455301455301454,,,,UNEXPLAINED_JUMP,
JETAIRWAYS|NOISIN|1,JETAIRWAYS,2019-06-18,68.4,40.5,-0.4078947368421053,,,,UNEXPLAINED_JUMP,
JETAIRWAYS|NOISIN|1,JETAIRWAYS,2019-06-20,33.1,62.85,0.8987915407854985,,,,UNEXPLAINED_JUMP,
JETFREIGHT|INE982V01017|1,JETFREIGHT,2023-01-11,22.35,20.85,-0.06711409395973156,,,RIGHTS,EVENT_UNADJUSTABLE,
JISLJALEQS|NOISIN|1,JISLJALEQS,2011-11-08,111.1,121.4,0.09270927092709291,,,UNPARSED_BONUS_SPLIT,EVENT_UNADJUSTABLE,
JKPAPER|NOISIN|1,JKPAPER,2011-07-26,46.65,45.5,-0.024651661307609873,,,RIGHTS,EVENT_UNADJUSTABLE,
JMCPROJECT|NOISIN|1,JMCPROJECT,2016-01-11,248.75,237.65,-0.04462311557788945,,,RIGHTS,EVENT_UNADJUSTABLE,
JSWSTL|NOISIN|1,JSWSTEEL,2017-01-04,1644.55,163.05,-0.9008543370526891,,,,UNEXPLAINED_JUMP,
JYOTISTRUC|NOISIN|1,JYOTISTRUC,2025-02-10,26.9,22.64,-0.1583643122676579,,,RIGHTS,EVENT_UNADJUSTABLE,
KANANIIND|INE879E01037|1,KANANIIND,2013-02-01,29.35,27.75,-0.054514480408858645,BONUS,INCONCLUSIVE,,EVENT_INCONCLUSIVE,Bonus 1:10
KARURVYSYA|INE036D01028|1,KARURVYSYA,2017-10-12,145.7,131.35,-0.0984900480439258,,,RIGHTS,EVENT_UNADJUSTABLE,
KARURVYSYA|INE036D01028|1,KARURVYSYA,2018-08-14,102.2,100.1,-0.020547945205479534,BONUS,INCONCLUSIVE,,EVENT_INCONCLUSIVE, Bonus 1:10
KARURVYSYA|INE036D01028|1,KARURVYSYA,2025-08-26,263.95,216.1,-0.18128433415419587,BONUS,INCONCLUSIVE,,EVENT_INCONCLUSIVE,Bonus 1:5
KARURVYSYA|NOISIN|1,KARURVYSYA,2016-11-17,455.15,90.9,-0.8002856201252334,,,,UNEXPLAINED_JUMP,
KDDL|INE291D01011|1,KDDL,2021-03-30,273.25,265.9,-0.02689844464775859,,,RIGHTS,EVENT_UNADJUSTABLE,
KESORAMIND|NOISIN|1,KESORAMIND,2021-09-16,89.65,77.7,-0.13329615170105968,,,RIGHTS,EVENT_UNADJUSTABLE,
KILITCH|NOISIN|1,KILITCH,2012-09-24,70.9,42.6,-0.39915373765867423,,,DIVIDEND,UNEXPLAINED_JUMP,
KNRCON|NOISIN|2,KNRCON,2016-12-13,804.15,170.25,-0.7882857675806753,,,,UNEXPLAINED_JUMP,
KOTAKGOLD|INF373I01049|1,KOTAKGOLD,2021-07-22,419.35,41.75,-0.9004411589364493,,,,UNEXPLAINED_JUMP,
KOTAKGOLD|NOISIN|1,KOTAKGOLD,2015-04-13,2432.45,254.9,-0.8952085346050278,,,,UNEXPLAINED_JUMP,
KOTAKNIFTY|NOISIN|1,KOTAKNIFTY,2017-07-27,1009.9,101.18,-0.8998118625606496,,,,UNEXPLAINED_JUMP,
KPIT|NOISIN|1,KPIT,2019-01-24,216.65,128.95,-0.40480036925917384,,,SCHEME_DEMERGER,EVENT_UNADJUSTABLE,
KPRMILL|NOISIN|1,KPRMILL,2016-11-29,1129.9,603.35,-0.46601469156562525,,,,UNEXPLAINED_JUMP,
KREBSBIO|INE268B01013|1,KREBSBIO,2019-01-31,108.25,97.7,-0.09745958429561197,,,RIGHTS,EVENT_UNADJUSTABLE,
KRISHIVAL|INE0GGO01015|1,KRISHIVAL,2025-12-17,489.35,421.8,-0.13804025748441817,,,RIGHTS,EVENT_UNADJUSTABLE,
KSERAPRO|NOISIN|5,KSERASERA,2017-03-10,0.15,0.1,-0.33333333333333326,,,,UNEXPLAINED_JUMP,
KSERAPRO|NOISIN|5,KSERASERA,2017-03-14,0.1,0.15,0.4999999999999998,,,,UNEXPLAINED_JUMP,
KSERAPRO|NOISIN|5,KSERASERA,2017-03-15,0.15,0.1,-0.33333333333333326,,,,UNEXPLAINED_JUMP,
KSERAPRO|NOISIN|5,KSERASERA,2017-03-16,0.1,0.15,0.4999999999999998,,,,UNEXPLAINED_JUMP,
KSERAPRO|NOISIN|5,KSERASERA,2017-03-21,0.15,0.1,-0.33333333333333326,,,,UNEXPLAINED_JUMP,
KSERAPRO|NOISIN|5,KSERASERA,2017-03-22,0.1,0.15,0.4999999999999998,,,,UNEXPLAINED_JUMP,
KSERAPRO|NOISIN|5,KSERASERA,2017-05-31,0.1,0.15,0.4999999999999998,,,,UNEXPLAINED_JUMP,
KSERAPRO|NOISIN|5,KSERASERA,2017-06-22,0.15,0.1,-0.33333333333333326,,,,UNEXPLAINED_JUMP,
KSERAPRO|NOISIN|5,KSERASERA,2017-06-23,0.1,0.15,0.4999999999999998,,,,UNEXPLAINED_JUMP,
KSERAPRO|NOISIN|5,KSERASERA,2017-06-29,0.15,0.1,-0.33333333333333326,,,,UNEXPLAINED_JUMP,
KSERAPRO|NOISIN|5,KSERASERA,2017-06-30,0.1,0.15,0.4999999999999998,,,,UNEXPLAINED_JUMP,
KSERAPRO|NOISIN|5,KSERASERA,2017-07-10,0.15,0.1,-0.33333333333333326,,,,UNEXPLAINED_JUMP,
KSERAPRO|NOISIN|5,KSERASERA,2017-07-11,0.1,0.15,0.4999999999999998,,,,UNEXPLAINED_JUMP,
KSERAPRO|NOISIN|5,KSERASERA,2017-07-19,0.15,0.1,-0.33333333333333326,,,,UNEXPLAINED_JUMP,
KSERAPRO|NOISIN|5,KSERASERA,2017-07-20,0.1,0.15,0.4999999999999998,,,,UNEXPLAINED_JUMP,
KSERAPRO|NOISIN|5,KSERASERA,2017-07-26,0.15,0.1,-0.33333333333333326,,,,UNEXPLAINED_JUMP,
KSERAPRO|NOISIN|5,KSERASERA,2017-07-28,0.1,0.15,0.4999999999999998,,,,UNEXPLAINED_JUMP,
KSERAPRO|NOISIN|5,KSERASERA,2017-08-04,0.15,0.1,-0.33333333333333326,,,,UNEXPLAINED_JUMP,
KSERAPRO|NOISIN|5,KSERASERA,2017-08-08,0.1,0.15,0.4999999999999998,,,,UNEXPLAINED_JUMP,
KSERAPRO|NOISIN|5,KSERASERA,2017-08-09,0.15,0.1,-0.33333333333333326,,,,UNEXPLAINED_JUMP,
KSERAPRO|NOISIN|5,KSERASERA,2017-08-11,0.1,0.15,0.4999999999999998,,,,UNEXPLAINED_JUMP,
KSERAPRO|NOISIN|5,KSERASERA,2017-08-14,0.15,0.1,-0.33333333333333326,,,,UNEXPLAINED_JUMP,
KSERAPRO|NOISIN|5,KSERASERA,2017-08-21,0.1,0.15,0.4999999999999998,,,,UNEXPLAINED_JUMP,
KSERAPRO|NOISIN|5,KSERASERA,2017-08-22,0.15,0.1,-0.33333333333333326,,,,UNEXPLAINED_JUMP,
KSERAPRO|NOISIN|5,KSERASERA,2017-08-28,0.1,0.15,0.4999999999999998,,,,UNEXPLAINED_JUMP,
KSERAPRO|NOISIN|5,KSERASERA,2017-09-07,0.15,0.1,-0.33333333333333326,,,,UNEXPLAINED_JUMP,
KSERAPRO|NOISIN|5,KSERASERA,2017-09-08,0.1,0.15,0.4999999999999998,,,,UNEXPLAINED_JUMP,
KSERAPRO|NOISIN|5,KSERASERA,2017-09-14,0.15,0.1,-0.33333333333333326,,,,UNEXPLAINED_JUMP,
KSERAPRO|NOISIN|5,KSERASERA,2017-09-20,0.1,0.15,0.4999999999999998,,,,UNEXPLAINED_JUMP,
KSERAPRO|NOISIN|5,KSERASERA,2017-09-25,0.15,0.1,-0.33333333333333326,,,,UNEXPLAINED_JUMP,
KSERAPRO|NOISIN|5,KSERASERA,2017-10-04,0.1,0.15,0.4999999999999998,,,,UNEXPLAINED_JUMP,
KSERAPRO|NOISIN|5,KSERASERA,2017-10-09,0.15,0.1,-0.33333333333333326,,,,UNEXPLAINED_JUMP,
KSERAPRO|NOISIN|5,KSERASERA,2017-10-10,0.1,0.15,0.4999999999999998,,,,UNEXPLAINED_JUMP,
KSERAPRO|NOISIN|5,KSERASERA,2017-10-11,0.15,0.1,-0.33333333333333326,,,,UNEXPLAINED_JUMP,
KSERAPRO|NOISIN|5,KSERASERA,2017-10-12,0.1,0.15,0.4999999999999998,,,,UNEXPLAINED_JUMP,
KSERAPRO|NOISIN|5,KSERASERA,2017-10-16,0.15,0.1,-0.33333333333333326,,,,UNEXPLAINED_JUMP,
KSERAPRO|NOISIN|5,KSERASERA,2017-10-23,0.1,0.15,0.4999999999999998,,,,UNEXPLAINED_JUMP,
KSERAPRO|NOISIN|5,KSERASERA,2017-10-26,0.15,0.1,-0.33333333333333326,,,,UNEXPLAINED_JUMP,
KSERAPRO|NOISIN|5,KSERASERA,2017-10-30,0.1,0.15,0.4999999999999998,,,,UNEXPLAINED_JUMP,
KSERAPRO|NOISIN|5,KSERASERA,2017-11-01,0.15,0.1,-0.33333333333333326,,,,UNEXPLAINED_JUMP,
KSERAPRO|NOISIN|5,KSERASERA,2017-11-02,0.1,0.15,0.4999999999999998,,,,UNEXPLAINED_JUMP,
KSERAPRO|NOISIN|5,KSERASERA,2018-11-02,0.15,0.1,-0.33333333333333326,,,,UNEXPLAINED_JUMP,
KSERAPRO|NOISIN|5,KSERASERA,2018-11-05,0.1,0.15,0.4999999999999998,,,,UNEXPLAINED_JUMP,
KSERAPRO|NOISIN|5,KSERASERA,2019-01-11,0.15,0.1,-0.33333333333333326,,,,UNEXPLAINED_JUMP,
KSERAPRO|NOISIN|5,KSERASERA,2019-01-14,0.1,0.15,0.4999999999999998,,,,UNEXPLAINED_JUMP,
KSERAPRO|NOISIN|5,KSERASERA,2019-01-17,0.15,0.1,-0.33333333333333326,,,,UNEXPLAINED_JUMP,
KSERAPRO|NOISIN|5,KSERASERA,2019-01-18,0.1,0.15,0.4999999999999998,,,,UNEXPLAINED_JUMP,
KSERAPRO|NOISIN|5,KSERASERA,2019-01-21,0.15,0.1,-0.33333333333333326,,,,UNEXPLAINED_JUMP,
KSERAPRO|NOISIN|5,KSERASERA,2019-01-22,0.1,0.15,0.4999999999999998,,,,UNEXPLAINED_JUMP,
KSERAPRO|NOISIN|5,KSERASERA,2019-01-24,0.15,0.1,-0.33333333333333326,,,,UNEXPLAINED_JUMP,
KSERAPRO|NOISIN|5,KSERASERA,2019-01-28,0.1,0.15,0.4999999999999998,,,,UNEXPLAINED_JUMP,
KSERAPRO|NOISIN|5,KSERASERA,2019-01-30,0.15,0.1,-0.33333333333333326,,,,UNEXPLAINED_JUMP,
KSERAPRO|NOISIN|5,KSERASERA,2019-02-01,0.1,0.15,0.4999999999999998,,,,UNEXPLAINED_JUMP,
KSERAPRO|NOISIN|5,KSERASERA,2019-02-04,0.15,0.1,-0.33333333333333326,,,,UNEXPLAINED_JUMP,
KSERAPRO|NOISIN|5,KSERASERA,2019-02-05,0.1,0.15,0.4999999999999998,,,,UNEXPLAINED_JUMP,
KSERAPRO|NOISIN|5,KSERASERA,2019-04-04,0.15,0.1,-0.33333333333333326,,,,UNEXPLAINED_JUMP,
KSERAPRO|NOISIN|5,KSERASERA,2019-04-05,0.1,0.15,0.4999999999999998,,,,UNEXPLAINED_JUMP,
KSERAPRO|NOISIN|5,KSERASERA,2019-04-09,0.15,0.1,-0.33333333333333326,,,,UNEXPLAINED_JUMP,
KSERAPRO|NOISIN|5,KSERASERA,2019-04-10,0.1,0.15,0.4999999999999998,,,,UNEXPLAINED_JUMP,
KSERAPRO|NOISIN|5,KSERASERA,2019-04-16,0.15,0.1,-0.33333333333333326,,,,UNEXPLAINED_JUMP,
KSERAPRO|NOISIN|5,KSERASERA,2019-04-18,0.1,0.15,0.4999999999999998,,,,UNEXPLAINED_JUMP,
KSERAPRO|NOISIN|5,KSERASERA,2019-04-23,0.15,0.1,-0.33333333333333326,,,,UNEXPLAINED_JUMP,
KSERAPRO|NOISIN|5,KSERASERA,2019-04-24,0.1,0.15,0.4999999999999998,,,,UNEXPLAINED_JUMP,
KSERAPRO|NOISIN|5,KSERASERA,2019-04-30,0.15,0.1,-0.33333333333333326,,,,UNEXPLAINED_JUMP,
KSERAPRO|NOISIN|5,KSERASERA,2019-05-07,0.1,0.15,0.4999999999999998,,,,UNEXPLAINED_JUMP,
KSERAPRO|NOISIN|5,KSERASERA,2019-05-09,0.15,0.1,-0.33333333333333326,,,,UNEXPLAINED_JUMP,
KSERAPRO|NOISIN|5,KSERASERA,2019-05-15,0.1,0.15,0.4999999999999998,,,,UNEXPLAINED_JUMP,
KSERAPRO|NOISIN|5,KSERASERA,2019-05-17,0.15,0.1,-0.33333333333333326,,,,UNEXPLAINED_JUMP,
KSERAPRO|NOISIN|5,KSERASERA,2019-05-20,0.1,0.15,0.4999999999999998,,,,UNEXPLAINED_JUMP,
KSERAPRO|NOISIN|5,KSERASERA,2019-05-23,0.15,0.1,-0.33333333333333326,,,,UNEXPLAINED_JUMP,
KSERAPRO|NOISIN|5,KSERASERA,2019-05-24,0.1,0.15,0.4999999999999998,,,,UNEXPLAINED_JUMP,
KSERAPRO|NOISIN|5,KSERASERA,2019-05-29,0.15,0.1,-0.33333333333333326,,,,UNEXPLAINED_JUMP,
KSERAPRO|NOISIN|5,KSERASERA,2019-05-30,0.1,0.15,0.4999999999999998,,,,UNEXPLAINED_JUMP,
KSERAPRO|NOISIN|5,KSERASERA,2019-05-31,0.15,0.1,-0.33333333333333326,,,,UNEXPLAINED_JUMP,
KSERAPRO|NOISIN|5,KSERASERA,2019-06-07,0.1,0.15,0.4999999999999998,,,,UNEXPLAINED_JUMP,
KSERAPRO|NOISIN|5,KSERASERA,2019-06-12,0.15,0.1,-0.33333333333333326,,,,UNEXPLAINED_JUMP,
KSERAPRO|NOISIN|5,KSERASERA,2019-06-20,0.1,0.15,0.4999999999999998,,,,UNEXPLAINED_JUMP,
KSERAPRO|NOISIN|5,KSERASERA,2019-06-24,0.15,0.1,-0.33333333333333326,,,,UNEXPLAINED_JUMP,
KSERAPRO|NOISIN|5,KSERASERA,2019-06-25,0.1,0.15,0.4999999999999998,,,,UNEXPLAINED_JUMP,
KSERAPRO|NOISIN|5,KSERASERA,2019-06-28,0.15,0.1,-0.33333333333333326,,,,UNEXPLAINED_JUMP,
KSERAPRO|NOISIN|5,KSERASERA,2019-07-04,0.1,0.15,0.4999999999999998,,,,UNEXPLAINED_JUMP,
KSERAPRO|NOISIN|5,KSERASERA,2019-07-05,0.15,0.1,-0.33333333333333326,,,,UNEXPLAINED_JUMP,
KSERAPRO|NOISIN|5,KSERASERA,2019-07-09,0.1,0.15,0.4999999999999998,,,,UNEXPLAINED_JUMP,
KSERAPRO|NOISIN|5,KSERASERA,2019-07-12,0.15,0.1,-0.33333333333333326,,,,UNEXPLAINED_JUMP,
KSERAPRO|NOISIN|5,KSERASERA,2019-07-15,0.1,0.15,0.4999999999999998,,,,UNEXPLAINED_JUMP,
KSERAPRO|NOISIN|5,KSERASERA,2019-07-17,0.15,0.1,-0.33333333333333326,,,,UNEXPLAINED_JUMP,
KSERAPRO|NOISIN|5,KSERASERA,2019-07-19,0.1,0.15,0.4999999999999998,,,,UNEXPLAINED_JUMP,
KSERAPRO|NOISIN|5,KSERASERA,2019-07-22,0.15,0.1,-0.33333333333333326,,,,UNEXPLAINED_JUMP,
KSERAPRO|NOISIN|5,KSERASERA,2019-07-23,0.1,0.15,0.4999999999999998,,,,UNEXPLAINED_JUMP,
KSERAPRO|NOISIN|5,KSERASERA,2019-07-24,0.15,0.1,-0.33333333333333326,,,,UNEXPLAINED_JUMP,
KSERAPRO|NOISIN|5,KSERASERA,2019-07-25,0.1,0.15,0.4999999999999998,,,,UNEXPLAINED_JUMP,
KSERAPRO|NOISIN|5,KSERASERA,2019-07-29,0.15,0.1,-0.33333333333333326,,,,UNEXPLAINED_JUMP,
KSERAPRO|NOISIN|5,KSERASERA,2019-07-30,0.1,0.15,0.4999999999999998,,,,UNEXPLAINED_JUMP,
KSERAPRO|NOISIN|5,KSERASERA,2019-07-31,0.15,0.1,-0.33333333333333326,,,,UNEXPLAINED_JUMP,
KSERAPRO|NOISIN|5,KSERASERA,2020-03-09,0.1,0.05,-0.5,,,,UNEXPLAINED_JUMP,
KSERAPRO|NOISIN|5,KSERASERA,2020-03-17,0.05,0.1,1.0,,,,UNEXPLAINED_JUMP,
KSERAPRO|NOISIN|5,KSERASERA,2020-03-23,0.1,0.05,-0.5,,,,UNEXPLAINED_JUMP,
KSERAPRO|NOISIN|5,KSERASERA,2020-03-24,0.05,0.1,1.0,,,,UNEXPLAINED_JUMP,
KSERAPRO|NOISIN|5,KSERASERA,2020-03-26,0.1,0.05,-0.5,,,,UNEXPLAINED_JUMP,
KSERAPRO|NOISIN|5,KSERASERA,2020-03-27,0.05,0.1,1.0,,,,UNEXPLAINED_JUMP,
KSERAPRO|NOISIN|5,KSERASERA,2020-04-09,0.1,0.05,-0.5,,,,UNEXPLAINED_JUMP,
KSERAPRO|NOISIN|5,KSERASERA,2020-04-13,0.05,0.1,1.0,,,,UNEXPLAINED_JUMP,
KSERAPRO|NOISIN|5,KSERASERA,2020-04-15,0.1,0.15,0.4999999999999998,,,,UNEXPLAINED_JUMP,
KSERAPRO|NOISIN|5,KSERASERA,2020-04-17,0.15,0.1,-0.33333333333333326,,,,UNEXPLAINED_JUMP,
KSERAPRO|NOISIN|5,KSERASERA,2020-04-21,0.1,0.15,0.4999999999999998,,,,UNEXPLAINED_JUMP,
KSERAPRO|NOISIN|5,KSERASERA,2020-04-23,0.15,0.1,-0.33333333333333326,,,,UNEXPLAINED_JUMP,
KSERAPRO|NOISIN|5,KSERASERA,2020-04-24,0.1,0.15,0.4999999999999998,,,,UNEXPLAINED_JUMP,
KSERAPRO|NOISIN|5,KSERASERA,2020-04-27,0.15,0.1,-0.33333333333333326,,,,UNEXPLAINED_JUMP,
KSERAPRO|NOISIN|5,KSERASERA,2020-04-29,0.1,0.15,0.4999999999999998,,,,UNEXPLAINED_JUMP,
KSERAPRO|NOISIN|5,KSERASERA,2020-05-05,0.15,0.1,-0.33333333333333326,,,,UNEXPLAINED_JUMP,
KSERAPRO|NOISIN|5,KSERASERA,2020-05-06,0.1,0.15,0.4999999999999998,,,,UNEXPLAINED_JUMP,
KSHITIJPOL|INE013801027|1,KSHITIJPOL,2024-06-18,7.7,7.27,-0.05584415584415592,,,RIGHTS,EVENT_UNADJUSTABLE,
KSHITIJPOL|INE013801027|1,KSHITIJPOL,2026-08-19,2.91,2.89,-0.0068728522336769515,,,RIGHTS,EVENT_UNADJUSTABLE,
KSOILS|NOISIN|1,KSOILS,2011-08-16,12.6,8.65,-0.3134920634920635,,,,UNEXPLAINED_JUMP,
KTKBANK|NOISIN|1,KTKBANK,2016-10-24,157.8,128.3,-0.1869455006337135,,,RIGHTS,EVENT_UNADJUSTABLE,
KTKBANK|NOISIN|1,KTKBANK,2020-03-17,52.1,49.85,-0.04318618042226485,BONUS,INCONCLUSIVE,,EVENT_INCONCLUSIVE, Bonus 1:10
L&TFH|INE498L01015|1,L&TFH,2021-01-21,103.85,95.75,-0.07799711121810293,,,RIGHTS,EVENT_UNADJUSTABLE,
LAKSHVILAS|NOISIN|1,LAKSHVILAS,2014-07-25,111.7,82.55,-0.26096687555953446,,,RIGHTS,EVENT_UNADJUSTABLE,
LAKSHVILAS|NOISIN|1,LAKSHVILAS,2017-12-05,171.25,154.05,-0.10043795620437945,,,RIGHTS,EVENT_UNADJUSTABLE,
LGBFORGE|NOISIN|4,LGBFORGE,2012-03-20,2.85,2.9,0.01754385964912264,,,RIGHTS,EVENT_UNADJUSTABLE,
LIBAS|INE908V01012|1,LIBAS,2021-09-21,59.95,52.25,-0.12844036697247707,BONUS,INCONCLUSIVE,,EVENT_INCONCLUSIVE, Bonus 1:5
LIBAS|INE908V01012|1,LIBAS,2022-09-15,26.4,25.55,-0.03219696969696961,,,RIGHTS,EVENT_UNADJUSTABLE,
LLOYDSENT|INE080I01025|1,LLOYDSENT,2025-08-14,80.1,72.84,-0.09063670411985003,,,RIGHTS,EVENT_UNADJUSTABLE,
LSIL|INE093R01011|1,LLOYDSENGG,2025-04-28,71.53,59.38,-0.16985880050328528,,,RIGHTS,EVENT_UNADJUSTABLE,
LYPSAGEMS|INE142K01011|1,LYPSAGEMS,2017-07-12,52.5,45.0,-0.1428571428571429,BONUS,DISCREPANT,,EVENT_DISCREPANT, Bonus 2:5
M&MFIN|NOISIN|1,M&MFIN,2020-03-23,210.0,149.85,-0.2864285714285715,,,,UNEXPLAINED_JUMP,
M&MFIN|NOISIN|1,M&MFIN,2020-07-22,227.9,153.85,-0.32492321193505924,,,RIGHTS,EVENT_UNADJUSTABLE,
M&MFIN|NOISIN|1,M&MFIN,2025-05-14,256.3,259.65,0.013070620366757657,,,RIGHTS,EVENT_UNADJUSTABLE,
M50|NOISIN|1,M50,2014-10-16,110.21,75.77,-0.3124943290082569,,,,UNEXPLAINED_JUMP,
MAGNUM|NOISIN|4,MAGNUM,2024-01-25,77.35,70.1,-0.09372979961215255,,,RIGHTS,EVENT_UNADJUSTABLE,
MAHAPEXLTD|INE843B01013|1,MAHAPEXLTD,2026-03-20,126.9,56.45,-0.5551615445232467,,,RIGHTS,EVENT_UNADJUSTABLE,
MAHLOG|INE766P01016|1,MAHLOG,2025-07-23,407.65,358.1,-0.12155034956457733,,,RIGHTS,EVENT_UNADJUSTABLE,
MAJESCO|INE898S01029|1,MAJESCO,2020-12-23,985.65,12.2,-0.9876223811697864,,,DIVIDEND,UNEXPLAINED_JUMP,
MAJESCO|INE898S01029|1,AURUM,2022-04-12,146.5,117.25,-0.19965870307167233,,,RIGHTS,EVENT_UNADJUSTABLE,
MARSHALL|INE00SZ01018|1,MARSHALL,2023-09-28,64.95,59.4,-0.08545034642032334,,,RIGHTS,EVENT_UNADJUSTABLE,
MASILVER|INF769K01KG6|1,SILVERAG,2026-02-02,308.63,220.35,-0.2860382982859735,,,,UNEXPLAINED_JUMP,
MAXIND|INE0CG601016|1,MAXIND,2022-07-26,76.4,72.85,-0.04646596858638763,,,SCHEME_DEMERGER,EVENT_UNADJUSTABLE,
MAXIND|INE0CG601016|1,MAXIND,2025-04-29,229.59,205.48,-0.1050132845507209,,,RIGHTS,EVENT_UNADJUSTABLE,
MAXVIL|INE154U01015|1,MAXVIL,2018-06-21,65.85,63.85,-0.03037205770690954,,,RIGHTS,EVENT_UNADJUSTABLE,
MAXWELL|NOISIN|1,VIPCLOTHNG,2017-11-17,63.15,54.3,-0.14014251781472686,,,RIGHTS,EVENT_UNADJUSTABLE,
MAX|NOISIN|2,MFSL,2020-03-23,407.75,288.55,-0.2923359901900674,,,,UNEXPLAINED_JUMP,
MENONBE|INE071D01025|1,MENONBE,2016-08-30,99.35,85.2,-0.1424257674886763,BONUS,INCONCLUSIVE,,EVENT_INCONCLUSIVE, Bonus 1:5
MGEL|INE0APB01016|1,MGEL,2024-05-24,22.3,21.65,-0.029147982062780353,,,RIGHTS,EVENT_UNADJUSTABLE,
MINDAIND|NOISIN|2,MINDAIND,2020-08-14,290.75,285.1,-0.019432502149613007,,,RIGHTS,EVENT_UNADJUSTABLE,
MIRCELECTR|NOISIN|1,MIRCELECTR,2014-09-18,10.05,8.85,-0.11940298507462699,,,RIGHTS,EVENT_UNADJUSTABLE,
MITCON|INE828O01033|1,MITCON,2024-06-20,182.29,146.05,-0.198804103351802,,,RIGHTS,EVENT_UNADJUSTABLE,
MITTAL|INE997Y01019|1,MITTAL,2021-08-31,11.1,11.0,-0.009009009009009028,BONUS,INCONCLUSIVE,,EVENT_INCONCLUSIVE, Bonus 1:10
MITTAL|INE997Y01019|1,MITTAL,2024-10-03,2.28,2.15,-0.05701754385964908,,,RIGHTS,EVENT_UNADJUSTABLE,
MMFSL|NOISIN|1,CGCL,2016-11-23,278.5,58.45,-0.7901256732495512,,,,UNEXPLAINED_JUMP,
MOKSH|INE514Y01012|1,MOKSH,2024-12-20,22.17,20.8,-0.06179521876409566,,,RIGHTS,EVENT_UNADJUSTABLE,
MOLDTKPAC|INE893J01011|1,MOLDTKPAC,2020-10-21,272.7,268.6,-0.015034836817014896,,,RIGHTS,EVENT_UNADJUSTABLE,
MOLOWVOL|INF247L01BA3|1,MOLOWVOL,2022-08-11,120.79,24.2,-0.7996522890967795,,,,UNEXPLAINED_JUMP,
MOMOMENTUM|INF247L01AX7|1,MOMOMENTUM,2022-08-11,186.87,37.38,-0.7999678921175148,,,,UNEXPLAINED_JUMP,
MOTHERSUMI|NOISIN|1,MOTHERSUMI,2022-01-14,234.8,185.55,-0.20975298126064734,,,SCHEME_DEMERGER,EVENT_UNADJUSTABLE,
MUKANDLTD|NOISIN|2,MUKANDLTD,2014-02-10,20.05,20.5,0.02244389027431426,,,RIGHTS,EVENT_UNADJUSTABLE,
MUTHOOTCAP|INE296G01013|1,MUTHOOTCAP,2017-06-12,544.7,546.85,0.00394712685882137,BONUS,INCONCLUSIVE,,EVENT_INCONCLUSIVE, Bonus 1:10
N100|NOISIN|1,MON100,2021-06-17,1015.62,100.87,-0.9006813572005278,,,,UNEXPLAINED_JUMP,
NAGARCONST|NOISIN|1,NCC,2014-09-18,71.55,46.9,-0.34451432564640116,,,RIGHTS,EVENT_UNADJUSTABLE,
NDTV|NOISIN|1,NDTV,2025-09-12,158.06,131.73,-0.1665823105149944,,,RIGHTS,EVENT_UNADJUSTABLE,
NECCLTD|INE553C01016|1,NECCLTD,2023-06-02,21.35,20.9,-0.021077283372365474,,,RIGHTS,EVENT_UNADJUSTABLE,
NETWORK18|NOISIN|1,NETWORK18,2012-09-11,30.15,29.45,-0.023217247097844118,,,RIGHTS,EVENT_UNADJUSTABLE,
NEULANDLAB|NOISIN|2,NEULANDLAB,2012-03-21,82.7,81.95,-0.009068923821039854,,,RIGHTS,EVENT_UNADJUSTABLE,
NEULANDLAB|NOISIN|2,NEULANDLAB,2014-08-13,300.65,295.75,-0.016298020954598313,,,RIGHTS,EVENT_UNADJUSTABLE,
NGIL|INE236Y01012|1,NGIL,2022-03-30,234.8,213.3,-0.09156729131175467,,,RIGHTS,EVENT_UNADJUSTABLE,
NGIL|INE236Y01012|1,NGIL,2024-05-30,52.6,49.35,-0.06178707224334601,,,RIGHTS,EVENT_UNADJUSTABLE,
NICOLASPIR|NOISIN|1,PEL,2018-01-31,2766.95,2743.0,-0.008655740074811513,,,RIGHTS,EVENT_UNADJUSTABLE,
NICOLASPIR|NOISIN|1,PEL,2019-12-30,1632.9,1585.05,-0.029303692816461613,,,RIGHTS,EVENT_UNADJUSTABLE,
NICOLASPIR|NOISIN|1,PEL,2022-08-30,1926.5,1063.55,-0.4479366727225539,,,SCHEME_DEMERGER,EVENT_UNADJUSTABLE,
NIFTYBEES|NOISIN|1,NIFTYBEES,2019-12-19,1292.54,130.2,-0.8992681077568199,,,,UNEXPLAINED_JUMP,
NMDC|NOISIN|1,NMDC,2022-10-27,130.75,104.3,-0.20229445506692167,,,SCHEME_DEMERGER,EVENT_UNADJUSTABLE,
NTPC|NOISIN|1,NTPC,2015-03-20,154.75,145.5,-0.05977382875605819,,,NON_EQUITY_BONUS,EVENT_UNADJUSTABLE,
NTPC|NOISIN|1,NTPC,2019-03-19,158.75,134.9,-0.1502362204724409,BONUS,INCONCLUSIVE,,EVENT_INCONCLUSIVE, Bonus 1:5
NUMERICPW|NOISIN|1,SWELECTES,2012-07-17,282.55,147.05,-0.479561139621306,,,DIVIDEND,UNEXPLAINED_JUMP,
OPTOCIRCUI|NOISIN|1,OPTOCIRCUI,2013-05-31,50.8,31.65,-0.37696850393700787,,,,UNEXPLAINED_JUMP,
ORIENTPPR|NOISIN|1,ORIENTPPR,2016-11-18,66.75,64.75,-0.029962546816479363,,,RIGHTS,EVENT_UNADJUSTABLE,
ORIENTTECH|INE0PPK01015|1,ORIENTTECH,2026-01-05,447.6,440.9,-0.014968722073279817,BONUS,INCONCLUSIVE,,EVENT_INCONCLUSIVE,Bonus 1:10
OSWALSEEDS|INE00IK01011|1,OSWALSEEDS,2024-02-02,56.1,48.55,-0.13458110516934052,BONUS,INCONCLUSIVE,,EVENT_INCONCLUSIVE,Bonus 1:5
PANTALOONR|NOISIN|1,FRL,2013-04-17,160.0,145.45,-0.09093750000000012,,,SCHEME_DEMERGER,EVENT_UNADJUSTABLE,
PANTALOONR|NOISIN|1,FRL,2013-06-21,147.0,98.6,-0.3292517006802721,,,SCHEME_DEMERGER,EVENT_UNADJUSTABLE,
PANTALOONR|NOISIN|1,FRL,2014-11-18,105.0,101.75,-0.030952380952380953,,,RIGHTS,EVENT_UNADJUSTABLE,
PATELENG|NOISIN|1,PATELENG,2019-09-17,15.2,12.15,-0.20065789473684204,,,RIGHTS,EVENT_UNADJUSTABLE,
PATELENG|NOISIN|1,PATELENG,2023-02-06,17.25,14.95,-0.13333333333333341,,,RIGHTS,EVENT_UNADJUSTABLE,
PATELENG|NOISIN|1,PATELENG,2025-12-04,35.0,33.0,-0.05714285714285716,,,RIGHTS,EVENT_UNADJUSTABLE,
PATINTLOG|NOISIN|2,PATINTLOG,2021-02-17,31.4,28.25,-0.10031847133757954,,,RIGHTS,EVENT_UNADJUSTABLE,
PATINTLOG|NOISIN|2,PATINTLOG,2021-10-28,27.8,16.45,-0.40827338129496404,,,RIGHTS,EVENT_UNADJUSTABLE,
PATINTLOG|NOISIN|2,PATINTLOG,2024-09-06,23.94,23.11,-0.03467000835421896,,,RIGHTS,EVENT_UNADJUSTABLE,
PCJEWELLER|INE785M01013|1,PCJEWELLER,2018-05-04,121.45,174.65,0.43804034582132556,,,,UNEXPLAINED_JUMP,
PFC|NOISIN|1,PFC,2023-09-21,286.9,229.7,-0.19937260369466714,BONUS,INCONCLUSIVE,,EVENT_INCONCLUSIVE,Bonus 1:4
PFRL|INE647O01011|1,ABFRL,2020-06-30,127.4,125.3,-0.016483516483516536,,,RIGHTS,EVENT_UNADJUSTABLE,
PFRL|INE647O01011|1,ABFRL,2025-05-22,268.95,89.85,-0.6659230340211935,,,SCHEME_DEMERGER,EVENT_UNADJUSTABLE,
PNBHOUSING|INE572E01012|1,PNBHOUSING,2023-04-05,540.9,463.15,-0.14374191162876693,,,RIGHTS,EVENT_UNADJUSTABLE,
PNB|NOISIN|1,PNB,2017-10-25,138.2,202.05,0.46201157742402343,,,,UNEXPLAINED_JUMP,
POLICYBZR|INE417T01026|1,POLICYBZR,2026-09-24,1886.3,1207.2,-0.3600169644277156,,,,UNEXPLAINED_JUMP,
PPLPHARMA|INE0DK501011|1,PPLPHARMA,2023-08-02,106.45,102.95,-0.032879286049788625,,,RIGHTS,EVENT_UNADJUSTABLE,
PRABHA|INE0I0M01023|1,PRABHA,2026-03-11,160.94,151.0,-0.06176214738411834,,,RIGHTS,EVENT_UNADJUSTABLE,
PRADIP|NOISIN|1,PRADIP,2013-02-12,16.25,14.9,-0.08307692307692305,BONUS,INCONCLUSIVE,,EVENT_INCONCLUSIVE,Bonus 1:5
PRAXIS|INE546Y01022|1,PRAXIS,2021-09-07,55.25,31.3,-0.4334841628959276,,,RIGHTS,EVENT_UNADJUSTABLE,
PRAXIS|INE546Y01022|1,PRAXIS,2023-05-30,19.35,13.9,-0.28165374677002586,,,RIGHTS,EVENT_UNADJUSTABLE,
PRAXIS|INE546Y01022|1,PRAXIS,2025-03-20,11.98,10.87,-0.09265442404006685,,,RIGHTS,EVENT_UNADJUSTABLE,
PRETAILDVR|NOISIN|1,FRLDVR,2013-04-17,127.4,105.95,-0.16836734693877553,,,SCHEME_DEMERGER,EVENT_UNADJUSTABLE,
PRETAILDVR|NOISIN|1,FRLDVR,2013-06-21,112.35,89.9,-0.19982198486871372,,,SCHEME_DEMERGER,EVENT_UNADJUSTABLE,
PRETAILDVR|NOISIN|1,FRLDVR,2014-11-18,55.05,53.85,-0.02179836512261568,,,RIGHTS,EVENT_UNADJUSTABLE,
PRICOLLTD|INE726V01018|1,PRICOLLTD,2020-11-24,59.95,50.65,-0.15512927439532953,,,RIGHTS,EVENT_UNADJUSTABLE,
PSUBNKBEES|NOISIN|1,PSUBNKBEES,2019-12-19,276.32,27.72,-0.8996815286624203,,,,UNEXPLAINED_JUMP,
PTL|NOISIN|7,PTL,2013-11-05,21.05,30.3,0.43942992874109255,,,,UNEXPLAINED_JUMP,
PVR|NOISIN|3,PVR,2020-07-09,1060.35,1042.65,-0.01669260149950469,,,RIGHTS,EVENT_UNADJUSTABLE,
QGOLDHALF|NOISIN|1,QGOLDHALF,2021-12-16,2062.45,41.75,-0.979757085020243,,,,UNEXPLAINED_JUMP,
QUINT|INE641R01017|1,QUINT,2026-08-25,40.51,43.64,0.07726487287089623,,,RIGHTS,EVENT_UNADJUSTABLE,
RADIOCITY|INE919I01016|1,RADIOCITY,2020-03-12,25.25,20.55,-0.18613861386138608,BONUS,INCONCLUSIVE,,EVENT_INCONCLUSIVE, Bonus 1:4
RADIOCITY|INE919I01016|1,RADIOCITY,2023-01-13,26.45,21.2,-0.19848771266540643,,,NON_EQUITY_BONUS,EVENT_UNADJUSTABLE,
RAIREKMOH|INE313D01013|1,RAIREKMOH,2015-03-16,163.85,147.9,-0.09734513274336276,BONUS,INCONCLUSIVE,,EVENT_INCONCLUSIVE,Bonus 1:6
RAJRAYON|NOISIN|2,RAJRAYON,2017-06-13,0.15,0.1,-0.33333333333333326,,,,UNEXPLAINED_JUMP,
RAJRAYON|NOISIN|2,RAJRAYON,2017-06-14,0.1,0.15,0.4999999999999998,,,,UNEXPLAINED_JUMP,
RAMCOSYS|NOISIN|6,RAMCOSYS,2014-04-22,180.2,171.95,-0.04578246392896779,,,RIGHTS,EVENT_UNADJUSTABLE,
RANBAXY|NOISIN|1,RANBAXY,2013-09-16,457.2,318.5,-0.3033683289588801,,,,UNEXPLAINED_JUMP,
RASOYPR|INE904G01020|1,RASOYPR,2017-06-23,0.15,0.1,-0.33333333333333326,,,,UNEXPLAINED_JUMP,
RASOYPR|INE904G01020|1,RASOYPR,2017-06-27,0.1,0.15,0.4999999999999998,,,,UNEXPLAINED_JUMP,
RASOYPR|INE904G01020|1,RASOYPR,2017-08-02,0.15,0.1,-0.33333333333333326,,,,UNEXPLAINED_JUMP,
RASOYPR|INE904G01020|1,RASOYPR,2017-08-03,0.1,0.15,0.4999999999999998,,,,UNEXPLAINED_JUMP,
RATNAVEER|INE05CZ01011|1,RATNAVEER,2026-08-25,271.32,263.43,-0.02908005307386108,,,RIGHTS,EVENT_UNADJUSTABLE,
RCVL|NOISIN|1,RCOM,2018-05-17,10.5,16.4,0.5619047619047617,,,,UNEXPLAINED_JUMP,
RCVL|NOISIN|1,RCOM,2019-02-04,11.6,7.55,-0.34913793103448276,,,,UNEXPLAINED_JUMP,
REFEX|NOISIN|4,REFEX,2020-06-16,51.1,48.55,-0.049902152641878805,,,RIGHTS,EVENT_UNADJUSTABLE,
RELCAPITAL|NOISIN|1,RELCAPITAL,2017-09-05,818.8,750.45,-0.08347581827063988,,,SCHEME_DEMERGER,EVENT_UNADJUSTABLE,
RELIANCE|NOISIN|1,RELIANCE,2020-05-13,1479.25,1496.45,0.011627513942876533,,,RIGHTS,EVENT_UNADJUSTABLE,
RELIANCE|NOISIN|1,RELIANCE,2023-07-20,2841.85,2619.85,-0.07811812727624612,,,SCHEME_DEMERGER,EVENT_UNADJUSTABLE,
RELNV20|INF204KA17D8|1,NETFNV20,2019-12-19,579.26,59.42,-0.897420847287919,,,,UNEXPLAINED_JUMP,
RELTD|INE206N01018|1,RELTD,2026-06-08,128.11,122.15,-0.04652251970962462,,,RIGHTS,EVENT_UNADJUSTABLE,
REL|NOISIN|1,RELINFRA,2019-02-06,227.25,154.3,-0.3210121012101209,,,,UNEXPLAINED_JUMP,
RITES|INE320J01015|1,RITES,2019-08-08,300.05,237.95,-0.20696550574904193,BONUS,INCONCLUSIVE,,EVENT_INCONCLUSIVE, Bonus  1:4
RPOWER|NOISIN|1,RPOWER,2019-02-04,26.4,17.2,-0.3484848484848485,,,,UNEXPLAINED_JUMP,
RPOWER|NOISIN|1,RPOWER,2019-02-05,17.2,12.0,-0.3023255813953488,,,,UNEXPLAINED_JUMP,
RPPINFRA|NOISIN|1,RPPINFRA,2021-09-17,86.85,77.0,-0.11341393206678174,,,RIGHTS,EVENT_UNADJUSTABLE,
RSWM|NOISIN|2,RSWM,2022-12-16,354.95,215.45,-0.39301310043668125,,,RIGHTS,EVENT_UNADJUSTABLE,
RUCHIRA|NOISIN|8,RUCHIRA,2022-10-10,139.2,133.95,-0.03771551724137934,BONUS,INCONCLUSIVE,,EVENT_INCONCLUSIVE,Bonus 1:10
RUSHIL|INE573K01017|1,RUSHIL,2020-09-10,100.2,84.4,-0.1576846307385229,,,RIGHTS,EVENT_UNADJUSTABLE,
RUSHIL|INE573K01017|1,RUSHIL,2023-04-13,294.1,258.4,-0.12138728323699433,,,RIGHTS,EVENT_UNADJUSTABLE,
SADHNANIQ|INE888C01040|1,SADHNANIQ,2023-07-05,122.45,109.35,-0.106982441812985,BONUS,INCONCLUSIVE,,EVENT_INCONCLUSIVE,Bonus 2:9
SADHNANIQ|INE888C01040|1,SADHNANIQ,2024-09-13,81.22,71.64,-0.11795124353607489,,,RIGHTS,EVENT_UNADJUSTABLE,
SADHNANIQ|INE888C01040|1,SADHNANIQ,2026-02-18,5.61,1.66,-0.7040998217468806,,,RIGHTS,EVENT_UNADJUSTABLE,
SAKSOFT|NOISIN|6,SAKSOFT,2024-09-19,357.2,296.1,-0.17105263157894723,BONUS,INCONCLUSIVE,,EVENT_INCONCLUSIVE,Bonus 1:4
SAKUMA|NOISIN|1,SAKUMA,2024-04-15,25.9,25.0,-0.03474903474903468,,,RIGHTS,EVENT_UNADJUSTABLE,
SARVESHWAR|INE324X01026|1,SARVESHWAR,2025-08-22,7.98,7.78,-0.02506265664160401,,,RIGHTS,EVENT_UNADJUSTABLE,
SATIN|INE836B01017|1,SATIN,2020-08-04,77.75,71.0,-0.08681672025723475,,,RIGHTS,EVENT_UNADJUSTABLE,
SAWPIPES|NOISIN|1,JINDALSAW,2011-11-22,127.75,118.05,-0.07592954990215262,,,SCHEME_DEMERGER,EVENT_UNADJUSTABLE,
SBIGETS|NOISIN|1,SETFGOLD,2022-01-06,4259.95,42.35,-0.9900585687625442,,,,UNEXPLAINED_JUMP,
SBT|NOISIN|1,SBT,2015-03-03,564.9,519.5,-0.08036820676225875,,,RIGHTS,EVENT_UNADJUSTABLE,
SCAPDVR|INE224E01036|1,GATECHDVR,2025-04-28,0.88,0.84,-0.045454545454545525,,,RIGHTS,EVENT_UNADJUSTABLE,
SDBL|INE480C01012|1,SDBL,2021-12-31,41.1,40.0,-0.02676399026763998,,,RIGHTS,EVENT_UNADJUSTABLE,
SDBL|INE480C01012|1,SDBL,2023-04-13,156.2,150.6,-0.03585147247119069,,,RIGHTS,EVENT_UNADJUSTABLE,
SESAGOA|NOISIN|1,VEDL,2026-04-30,773.6,271.55,-0.6489788004136505,,,SCHEME_DEMERGER,EVENT_UNADJUSTABLE,
SGIL|INE00QT01015|1,SGIL,2024-09-11,443.1,411.8,-0.07063868201308965,,,RIGHTS,EVENT_UNADJUSTABLE,
SHALPAINTS|INE849C01018|1,SHALPAINTS,2017-12-28,214.75,200.35,-0.06705471478463332,,,RIGHTS,EVENT_UNADJUSTABLE,
SHALPAINTS|INE849C01018|1,SHALPAINTS,2018-11-06,107.3,91.7,-0.1453867660764212,,,RIGHTS,EVENT_UNADJUSTABLE,
SHANTIGOLD|INE06ZD01017|1,SHANTIGOLD,2026-08-06,216.95,218.65,0.007835906890988786,,,RIGHTS,EVENT_UNADJUSTABLE,
SHAREINDIA|INE932X01018|1,SHAREINDIA,2023-02-28,1200.95,1069.4,-0.10953828219326367,,,RIGHTS,EVENT_UNADJUSTABLE,
SHARRESLTD|NOISIN|2,CREST,2016-09-15,87.3,72.5,-0.16953035509736536,,,RIGHTS,EVENT_UNADJUSTABLE,
SHIL|INE05AN01011|1,HINDWAREAP,2024-10-25,331.95,288.65,-0.13044133152583226,,,RIGHTS,EVENT_UNADJUSTABLE,
SHOPERSTOP|NOISIN|1,SHOPERSTOP,2020-11-19,192.45,181.25,-0.05819693426864114,,,RIGHTS,EVENT_UNADJUSTABLE,
SHRADHA|INE715Y01031|1,SHRADHA,2025-09-16,62.93,55.6,-0.11647862704592404,,,RIGHTS,EVENT_UNADJUSTABLE,
SHREERAMA|NOISIN|10,SHREERAMA,2023-05-30,11.85,11.1,-0.06329113924050633,,,RIGHTS,EVENT_UNADJUSTABLE,
SHRIRAMEPC|NOISIN|1,SEPC,2023-03-29,11.2,11.2,0.0,,,RIGHTS,EVENT_UNADJUSTABLE,
SHRIRAMEPC|NOISIN|1,SEPC,2023-11-28,20.55,19.35,-0.058394160583941535,,,RIGHTS,EVENT_UNADJUSTABLE,
SHRIRAMEPC|NOISIN|1,SEPC,2024-06-25,20.46,19.28,-0.05767350928641246,,,RIGHTS,EVENT_UNADJUSTABLE,
SHRIRAMEPC|NOISIN|1,SEPC,2025-05-23,14.65,13.92,-0.04982935153583623,,,RIGHTS,EVENT_UNADJUSTABLE,
SIEMENS|NOISIN|1,SIEMENS,2025-04-07,4928.15,2812.45,-0.4293091728133275,,,SCHEME_DEMERGER,EVENT_UNADJUSTABLE,
SIKKO|INE112X01017|1,SIKKO,2024-12-06,102.7,99.98,-0.026484907497565713,,,RIGHTS,EVENT_UNADJUSTABLE,
SILGO|INE01II01013|1,SILGO,2026-01-05,80.94,78.88,-0.025450951321966953,,,RIGHTS,EVENT_UNADJUSTABLE,
SINTEX|NOISIN|1,SINTEX,2016-08-08,73.7,74.15,0.006105834464043447,,,RIGHTS,EVENT_UNADJUSTABLE,
SINTEX|NOISIN|1,SINTEX,2017-05-25,104.1,25.85,-0.7516810758885687,,,SCHEME_DEMERGER,EVENT_UNADJUSTABLE,
SIYSIL|NOISIN|1,SIYSIL,2026-08-21,647.55,606.35,-0.06362443054590372,,,NON_EQUITY_BONUS,EVENT_UNADJUSTABLE,
SKIPPER|INE439E01022|1,SKIPPER,2024-01-12,259.85,260.55,0.0026938618433711703,,,RIGHTS,EVENT_UNADJUSTABLE,
SOBHA|NOISIN|1,SOBHA,2024-06-19,2159.7,2018.65,-0.065309996758809,,,RIGHTS,EVENT_UNADJUSTABLE,
SOLARA|INE624Z01016|1,SOLARA,2024-05-15,546.65,487.8,-0.10765572121101252,,,RIGHTS,EVENT_UNADJUSTABLE,
SOLAREX|NOISIN|2,SOLARINDS,2016-07-13,3245.8,649.55,-0.7998798447224105,,,,UNEXPLAINED_JUMP,
SONASTEER|NOISIN|3,JTEKTINDIA,2025-07-25,146.18,133.26,-0.08838418388288427,,,RIGHTS,EVENT_UNADJUSTABLE,
SOUTHBANK|NOISIN|1,SOUTHBANK,2017-02-16,22.55,19.9,-0.11751662971175181,,,RIGHTS,EVENT_UNADJUSTABLE,
SOUTHBANK|NOISIN|1,SOUTHBANK,2024-02-27,37.1,32.7,-0.1185983827493261,,,RIGHTS,EVENT_UNADJUSTABLE,
SPANDANA|INE572J01011|1,SPANDANA,2025-07-24,306.65,286.45,-0.06587314527963473,,,RIGHTS,EVENT_UNADJUSTABLE,
SPARC|NOISIN|1,SPARC,2012-08-23,77.05,76.25,-0.010382868267358791,,,RIGHTS,EVENT_UNADJUSTABLE,
SPARC|NOISIN|1,SPARC,2016-03-16,292.9,290.7,-0.007511095937179912,,,RIGHTS,EVENT_UNADJUSTABLE,
SPENCERS|INE020801028|1,SPENCERS,2020-07-28,82.9,83.35,0.005428226779252032,,,RIGHTS,EVENT_UNADJUSTABLE,
SPYL|NOISIN|1,SPYL,2013-04-10,37.9,3.85,-0.8984168865435356,,,,UNEXPLAINED_JUMP,
SRTRANSFIN|NOISIN|1,SRTRANSFIN,2020-07-09,757.9,721.4,-0.04815938778202933,,,RIGHTS,EVENT_UNADJUSTABLE,
STALLION|INE0RYC01010|1,STALLION,2026-02-11,187.88,167.42,-0.1088992974238876,,,RIGHTS,EVENT_UNADJUSTABLE,
STAMPEDE|INE224E01028|1,STAMPEDE,2017-01-10,27.5,26.1,-0.050909090909090904,BONUS,INCONCLUSIVE,,EVENT_INCONCLUSIVE, Bonus 1:4
STAMPEDE|INE224E01028|1,GATECH,2024-07-16,1.38,1.24,-0.10144927536231874,,,RIGHTS,EVENT_UNADJUSTABLE,
STAMPEDE|INE224E01028|1,GATECH,2025-04-28,0.75,0.71,-0.053333333333333344,,,RIGHTS,EVENT_UNADJUSTABLE,
STAR|NOISIN|1,STAR,2013-12-19,882.3,373.75,-0.5763912501416751,,,DIVIDEND,UNEXPLAINED_JUMP,
STAR|NOISIN|1,STAR,2018-04-06,653.55,663.8,0.015683574324841354,,,SCHEME_DEMERGER,EVENT_UNADJUSTABLE,
STERTOOLS|NOISIN|1,STERTOOLS,2017-01-09,949.0,195.4,-0.7940990516332982,,,,UNEXPLAINED_JUMP,
SUMEETINDS|INE235C01036|1,SUMEETINDS,2026-06-12,27.53,24.26,-0.11877951325826375,,,RIGHTS,EVENT_UNADJUSTABLE,
SUMEETINDS|NOISIN|1,SUMEETINDS,2017-12-15,31.9,29.95,-0.061128526645767955,,,RIGHTS,EVENT_UNADJUSTABLE,
SUNCLAYLTD|INE105A01035|1,SUNCLAYLTD,2023-03-24,4816.7,3853.4,-0.19999169555920027,,,NON_EQUITY_BONUS,EVENT_UNADJUSTABLE,
SUNCLAYLTD|INE105A01035|1,TVSHLTD,2026-09-08,13748.0,13377.0,-0.026985743380855354,,,NON_EQUITY_BONUS,EVENT_UNADJUSTABLE,
SUNDARMHLD|INE202Z01029|1,SUNDARMHLD,2021-04-26,76.7,71.35,-0.06975228161668845,,,RIGHTS,EVENT_UNADJUSTABLE,
SUVEN|NOISIN|6,SUVEN,2022-10-17,72.0,67.6,-0.06111111111111123,,,RIGHTS,EVENT_UNADJUSTABLE,
SUZLON|NOISIN|1,SUZLON,2013-02-28,24.25,16.0,-0.3402061855670103,,,,UNEXPLAINED_JUMP,
SUZLON|NOISIN|1,SUZLON,2022-10-03,8.7,7.9,-0.09195402298850563,,,RIGHTS,EVENT_UNADJUSTABLE,
TATACHEM|NOISIN|1,TATACHEM,2020-03-04,724.45,314.95,-0.5652564014079646,,,SCHEME_DEMERGER,EVENT_UNADJUSTABLE,
TATAMOTORS|NOISIN|1,TATAMOTORS,2015-04-06,564.9,568.15,0.005753230660293873,,,RIGHTS,EVENT_UNADJUSTABLE,
TATAMOTORS|NOISIN|1,TATAMOTORS,2025-10-14,660.75,395.45,-0.4015134317063943,,,SCHEME_DEMERGER,EVENT_UNADJUSTABLE,
TATAMTRDVR|NOISIN|1,TATAMTRDVR,2015-04-06,338.05,341.45,0.010057683774589599,,,RIGHTS,EVENT_UNADJUSTABLE,
TATAPOWER|NOISIN|1,TATAPOWER,2014-03-19,83.9,79.4,-0.05363528009535157,,,RIGHTS,EVENT_UNADJUSTABLE,
TATASPONGE|NOISIN|1,TATASPONGE,2019-06-24,636.7,548.9,-0.13789853934348995,,,RIGHTS,EVENT_UNADJUSTABLE,
TATATEA|NOISIN|1,TATACONSUM,2024-07-26,1223.6,1213.65,-0.008131742399476782,,,RIGHTS,EVENT_UNADJUSTABLE,
TATATELSER|NOISIN|1,TTML,2013-08-07,6.4,6.2,-0.03125,BONUS,INCONCLUSIVE,,EVENT_INCONCLUSIVE,Bonus 2:15
TEMBO|INE869Y01010|1,TEMBO,2022-08-08,135.6,130.1,-0.040560471976401224,,,RIGHTS,EVENT_UNADJUSTABLE,
TEXRAIL|NOISIN|1,TEXRAIL,2019-09-24,49.4,49.8,0.00809716599190291,,,RIGHTS,EVENT_UNADJUSTABLE,
TEXRAIL|NOISIN|1,TEXRAIL,2021-10-21,39.25,34.0,-0.13375796178343946,,,RIGHTS,EVENT_UNADJUSTABLE,
THANGAMAYL|NOISIN|1,THANGAMAYL,2025-02-11,1904.5,1809.3,-0.04998687319506434,,,RIGHTS,EVENT_UNADJUSTABLE,
TIDEWATER|NOISIN|2,TIDEWATER,2016-03-16,29339.8,7117.75,-0.7574029134486261,,,,UNEXPLAINED_JUMP,
TIL|NOISIN|2,TIL,2026-03-23,187.24,168.25,-0.10142063661610767,,,RIGHTS,EVENT_UNADJUSTABLE,
TISCO|NOISIN|1,TATASTEEL,2018-01-31,775.85,705.05,-0.09125475285171114,,,RIGHTS,EVENT_UNADJUSTABLE,
TTKPRESTIG|NOISIN|1,TTKPRESTIG,2019-05-15,8216.1,7282.2,-0.11366706831708484,BONUS,INCONCLUSIVE,,EVENT_INCONCLUSIVE, Bonus 1:5
TVSMOTOR|NOISIN|1,TVSMOTOR,2025-08-25,3294.6,3284.7,-0.003004917137133467,,,NON_EQUITY_BONUS,EVENT_UNADJUSTABLE,
UDAICEMENT|INE225C01029|1,UDAICEMENT,2023-06-14,35.55,27.35,-0.23066104078762295,,,RIGHTS,EVENT_UNADJUSTABLE,
UGROCAP|INE583D01011|1,UGROCAP,2025-06-05,179.33,173.17,-0.03435008085652158,,,RIGHTS,EVENT_UNADJUSTABLE,
UNIPHOS|NOISIN|1,UPL,2024-11-26,568.55,551.75,-0.02954885234368121,,,RIGHTS,EVENT_UNADJUSTABLE,
UNITECH|NOISIN|1,UNITECH,2015-06-03,13.45,8.65,-0.3568773234200743,,,,UNEXPLAINED_JUMP,
UTIBANKETF|INF789F1AUN8|1,UTIBANKETF,2021-02-17,372.44,39.47,-0.8940231983675223,,,,UNEXPLAINED_JUMP,
UTINEXT50|INF789FC1N82|1,UTINEXT50,2021-03-25,359.74,38.15,-0.8939511869683661,,,,UNEXPLAINED_JUMP,
UTISUNDER|INF789F01042|1,UTISUNDER,2012-01-16,955.01,639.44,-0.33043633050962806,,,,UNEXPLAINED_JUMP,
UTISXN50|INF789F1AHR6|1,UTISXN50,2021-02-17,403.49,48.42,-0.8799970259485985,,,,UNEXPLAINED_JUMP,
UTKARSHBNK|INE735W01017|1,UTKARSHBNK,2025-10-14,23.2,18.66,-0.19568965517241377,,,RIGHTS,EVENT_UNADJUSTABLE,
UTTAMSUGAR|NOISIN|4,UTTAMSUGAR,2012-09-05,24.95,24.85,-0.004008016032064021,,,RIGHTS,EVENT_UNADJUSTABLE,
UVSL|INE292A01023|1,UVSL,2018-11-06,0.1,0.15,0.4999999999999998,,,,UNEXPLAINED_JUMP,
UVSL|INE292A01023|1,UVSL,2018-11-21,0.15,0.1,-0.33333333333333326,,,,UNEXPLAINED_JUMP,
UVSL|INE292A01023|1,UVSL,2019-04-25,0.1,0.05,-0.5,,,,UNEXPLAINED_JUMP,
UVSL|INE292A01023|1,UVSL,2019-04-26,0.05,0.1,1.0,,,,UNEXPLAINED_JUMP,
UVSL|INE292A01023|1,UVSL,2019-05-09,0.1,0.05,-0.5,,,,UNEXPLAINED_JUMP,
UVSL|INE292A01023|1,UVSL,2019-05-10,0.05,0.1,1.0,,,,UNEXPLAINED_JUMP,
UVSL|INE292A01023|1,UVSL,2019-05-13,0.1,0.05,-0.5,,,,UNEXPLAINED_JUMP,
UVSL|INE292A01023|1,UVSL,2019-05-14,0.05,0.1,1.0,,,,UNEXPLAINED_JUMP,
UVSL|INE292A01023|1,UVSL,2019-05-20,0.1,0.05,-0.5,,,,UNEXPLAINED_JUMP,
UVSL|INE292A01023|1,UVSL,2019-05-21,0.05,0.1,1.0,,,,UNEXPLAINED_JUMP,
UVSL|INE292A01023|1,UVSL,2019-06-13,0.1,0.05,-0.5,,,,UNEXPLAINED_JUMP,
UVSL|INE292A01023|1,UVSL,2019-06-14,0.05,0.1,1.0,,,,UNEXPLAINED_JUMP,
UVSL|INE292A01023|1,UVSL,2019-07-03,0.1,0.05,-0.5,,,,UNEXPLAINED_JUMP,
UVSL|INE292A01023|1,UVSL,2019-07-04,0.05,0.1,1.0,,,,UNEXPLAINED_JUMP,
UVSL|INE292A01023|1,UVSL,2019-07-10,0.1,0.05,-0.5,,,,UNEXPLAINED_JUMP,
UVSL|INE292A01023|1,UVSL,2019-07-11,0.05,0.1,1.0,,,,UNEXPLAINED_JUMP,
UVSL|INE292A01023|1,UVSL,2019-07-12,0.1,0.05,-0.5,,,,UNEXPLAINED_JUMP,
UVSL|INE292A01023|1,UVSL,2019-07-15,0.05,0.1,1.0,,,,UNEXPLAINED_JUMP,
UVSL|INE292A01023|1,UVSL,2019-07-16,0.1,0.05,-0.5,,,,UNEXPLAINED_JUMP,
UVSL|INE292A01023|1,UVSL,2019-07-18,0.05,0.1,1.0,,,,UNEXPLAINED_JUMP,
UVSL|INE292A01023|1,UVSL,2019-07-22,0.1,0.05,-0.5,,,,UNEXPLAINED_JUMP,
UVSL|INE292A01023|1,UVSL,2019-07-23,0.05,0.1,1.0,,,,UNEXPLAINED_JUMP,
UVSL|INE292A01023|1,UVSL,2019-07-24,0.1,0.05,-0.5,,,,UNEXPLAINED_JUMP,
UVSL|INE292A01023|1,UVSL,2019-07-26,0.05,0.1,1.0,,,,UNEXPLAINED_JUMP,
UVSL|INE292A01023|1,UVSL,2019-09-18,0.05,0.1,1.0,,,,UNEXPLAINED_JUMP,
UVSL|INE292A01023|1,UVSL,2019-09-19,0.1,0.05,-0.5,,,,UNEXPLAINED_JUMP,
UVSL|INE292A01023|1,UVSL,2019-09-24,0.05,0.1,1.0,,,,UNEXPLAINED_JUMP,
UVSL|INE292A01023|1,UVSL,2019-09-30,0.1,0.05,-0.5,,,,UNEXPLAINED_JUMP,
UVSL|INE292A01023|1,UVSL,2019-10-07,0.05,0.1,1.0,,,,UNEXPLAINED_JUMP,
UVSL|INE292A01023|1,UVSL,2019-10-09,0.1,0.05,-0.5,,,,UNEXPLAINED_JUMP,
UVSL|INE292A01023|1,UVSL,2019-10-10,0.05,0.1,1.0,,,,UNEXPLAINED_JUMP,
UVSL|INE292A01023|1,UVSL,2019-10-14,0.1,0.05,-0.5,,,,UNEXPLAINED_JUMP,
UVSL|INE292A01023|1,UVSL,2019-10-30,0.05,0.1,1.0,,,,UNEXPLAINED_JUMP,
UVSL|INE292A01023|1,UVSL,2019-11-06,0.1,0.05,-0.5,,,,UNEXPLAINED_JUMP,
UVSL|INE292A01023|1,UVSL,2019-12-18,0.15,0.1,-0.33333333333333326,,,,UNEXPLAINED_JUMP,
UVSL|INE292A01023|1,UVSL,2019-12-20,0.1,0.15,0.4999999999999998,,,,UNEXPLAINED_JUMP,
UVSL|INE292A01023|1,UVSL,2019-12-30,0.15,0.1,-0.33333333333333326,,,,UNEXPLAINED_JUMP,
UVSL|INE292A01023|1,UVSL,2020-01-09,0.1,0.15,0.4999999999999998,,,,UNEXPLAINED_JUMP,
UVSL|INE292A01023|1,UVSL,2020-01-10,0.15,0.1,-0.33333333333333326,,,,UNEXPLAINED_JUMP,
UVSL|INE292A01023|1,UVSL,2020-01-13,0.1,0.15,0.4999999999999998,,,,UNEXPLAINED_JUMP,
UVSL|INE292A01023|1,UVSL,2020-01-14,0.15,0.1,-0.33333333333333326,,,,UNEXPLAINED_JUMP,
UVSL|INE292A01023|1,UVSL,2020-01-15,0.1,0.15,0.4999999999999998,,,,UNEXPLAINED_JUMP,
UVSL|INE292A01023|1,UVSL,2020-01-17,0.15,0.1,-0.33333333333333326,,,,UNEXPLAINED_JUMP,
UVSL|INE292A01023|1,UVSL,2020-02-03,0.1,0.05,-0.5,,,,UNEXPLAINED_JUMP,
UVSL|INE292A01023|1,UVSL,2020-02-04,0.05,0.1,1.0,,,,UNEXPLAINED_JUMP,
UVSL|INE292A01023|1,UVSL,2020-02-10,0.1,0.05,-0.5,,,,UNEXPLAINED_JUMP,
UVSL|INE292A01023|1,UVSL,2020-02-14,0.05,0.1,1.0,,,,UNEXPLAINED_JUMP,
UVSL|INE292A01023|1,UVSL,2020-02-20,0.1,0.05,-0.5,,,,UNEXPLAINED_JUMP,
UVSL|INE292A01023|1,UVSL,2020-02-24,0.05,0.1,1.0,,,,UNEXPLAINED_JUMP,
UVSL|INE292A01023|1,UVSL,2020-02-26,0.1,0.05,-0.5,,,,UNEXPLAINED_JUMP,
UVSL|INE292A01023|1,UVSL,2020-02-27,0.05,0.1,1.0,,,,UNEXPLAINED_JUMP,
UVSL|INE292A01023|1,UVSL,2020-03-02,0.1,0.05,-0.5,,,,UNEXPLAINED_JUMP,
UVSL|INE292A01023|1,UVSL,2020-03-03,0.05,0.1,1.0,,,,UNEXPLAINED_JUMP,
UVSL|INE292A01023|1,UVSL,2020-03-12,0.1,0.05,-0.5,,,,UNEXPLAINED_JUMP,
VALIANTLAB|INE0JWS01017|1,VALIANTLAB,2025-07-18,116.5,102.79,-0.11768240343347636,,,RIGHTS,EVENT_UNADJUSTABLE,
VARDMNPOLY|NOISIN|4,VARDMNPOLY,2024-08-28,12.11,11.21,-0.07431874483897594,,,RIGHTS,EVENT_UNADJUSTABLE,
VASCONEQ|NOISIN|1,VASCONEQ,2015-06-23,15.2,15.25,0.00328947368421062,,,RIGHTS,EVENT_UNADJUSTABLE,
VIJIFIN|INE159N01019|1,VIJIFIN,2016-10-25,180.8,17.85,-0.9012721238938053,,,,UNEXPLAINED_JUMP,
VIKASGLOB|INE806A01020|1,VIKASECO,2021-11-24,2.75,2.5,-0.09090909090909094,,,RIGHTS,EVENT_UNADJUSTABLE,
VIKASMCORP|INE161L01027|1,VIKASLIFE,2021-05-20,3.45,3.15,-0.08695652173913049,,,RIGHTS,EVENT_UNADJUSTABLE,
VIKASMCORP|INE161L01027|1,VIKASLIFE,2021-10-29,3.75,3.5,-0.06666666666666665,,,RIGHTS,EVENT_UNADJUSTABLE,
VINEETLAB|INE505Y01010|1,VINEETLAB,2025-12-23,42.87,38.91,-0.09237228831350597,,,RIGHTS,EVENT_UNADJUSTABLE,
VINNY|INE01KI01027|1,VINNY,2024-08-14,4.83,4.1,-0.15113871635610776,,,RIGHTS,EVENT_UNADJUSTABLE,
VISESHINFO|INE861A01058|1,VISESHINFO,2013-03-07,1.85,1.75,-0.05405405405405406,BONUS,INCONCLUSIVE,,EVENT_INCONCLUSIVE,Bonus 1 : 10
VISESHINFO|INE861A01058|1,VISESHINFO,2014-11-17,0.15,0.1,-0.33333333333333326,,,,UNEXPLAINED_JUMP,
VISESHINFO|INE861A01058|1,VISESHINFO,2014-11-18,0.1,0.15,0.4999999999999998,,,,UNEXPLAINED_JUMP,
VISESHINFO|INE861A01058|1,VISESHINFO,2014-11-19,0.15,0.1,-0.33333333333333326,,,,UNEXPLAINED_JUMP,
VISESHINFO|INE861A01058|1,VISESHINFO,2014-11-21,0.1,0.15,0.4999999999999998,,,,UNEXPLAINED_JUMP,
VISESHINFO|INE861A01058|1,VISESHINFO,2014-12-09,0.15,0.1,-0.33333333333333326,,,,UNEXPLAINED_JUMP,
VISESHINFO|INE861A01058|1,VISESHINFO,2014-12-10,0.1,0.15,0.4999999999999998,,,,UNEXPLAINED_JUMP,
VISESHINFO|INE861A01058|1,VISESHINFO,2014-12-16,0.15,0.1,-0.33333333333333326,,,,UNEXPLAINED_JUMP,
VISESHINFO|INE861A01058|1,VISESHINFO,2014-12-19,0.1,0.15,0.4999999999999998,,,,UNEXPLAINED_JUMP,
VISESHINFO|INE861A01058|1,VISESHINFO,2014-12-22,0.15,0.1,-0.33333333333333326,,,,UNEXPLAINED_JUMP,
VISESHINFO|INE861A01058|1,VISESHINFO,2014-12-24,0.1,0.15,0.4999999999999998,,,,UNEXPLAINED_JUMP,
VISESHINFO|INE861A01058|1,VISESHINFO,2014-12-26,0.15,0.1,-0.33333333333333326,,,,UNEXPLAINED_JUMP,
VISESHINFO|INE861A01058|1,VISESHINFO,2014-12-29,0.1,0.15,0.4999999999999998,,,,UNEXPLAINED_JUMP,
VISESHINFO|INE861A01058|1,VISESHINFO,2014-12-30,0.15,0.1,-0.33333333333333326,,,,UNEXPLAINED_JUMP,
VISESHINFO|INE861A01058|1,VISESHINFO,2014-12-31,0.1,0.15,0.4999999999999998,,,,UNEXPLAINED_JUMP,
VISESHINFO|INE861A01058|1,VISESHINFO,2015-01-01,0.15,0.1,-0.33333333333333326,,,,UNEXPLAINED_JUMP,
VISESHINFO|INE861A01058|1,VISESHINFO,2015-01-06,0.1,0.15,0.4999999999999998,,,,UNEXPLAINED_JUMP,
VISESHINFO|INE861A01058|1,VISESHINFO,2015-01-07,0.15,0.1,-0.33333333333333326,,,,UNEXPLAINED_JUMP,
VISESHINFO|INE861A01058|1,VISESHINFO,2015-01-08,0.1,0.15,0.4999999999999998,,,,UNEXPLAINED_JUMP,
VISESHINFO|INE861A01058|1,VISESHINFO,2015-01-09,0.15,0.1,-0.33333333333333326,,,,UNEXPLAINED_JUMP,
VISESHINFO|INE861A01058|1,VISESHINFO,2015-01-13,0.1,0.15,0.4999999999999998,,,,UNEXPLAINED_JUMP,
VISESHINFO|INE861A01058|1,VISESHINFO,2015-01-14,0.15,0.1,-0.33333333333333326,,,,UNEXPLAINED_JUMP,
VISESHINFO|INE861A01058|1,VISESHINFO,2015-01-16,0.1,0.15,0.4999999999999998,,,,UNEXPLAINED_JUMP,
VISESHINFO|INE861A01058|1,VISESHINFO,2015-01-19,0.15,0.1,-0.33333333333333326,,,,UNEXPLAINED_JUMP,
VISESHINFO|INE861A01058|1,VISESHINFO,2015-01-20,0.1,0.15,0.4999999999999998,,,,UNEXPLAINED_JUMP,
VISESHINFO|INE861A01058|1,VISESHINFO,2015-01-22,0.15,0.1,-0.33333333333333326,,,,UNEXPLAINED_JUMP,
VISESHINFO|INE861A01058|1,VISESHINFO,2015-01-27,0.1,0.15,0.4999999999999998,,,,UNEXPLAINED_JUMP,
VISESHINFO|INE861A01058|1,VISESHINFO,2015-03-12,0.15,0.1,-0.33333333333333326,,,,UNEXPLAINED_JUMP,
VISESHINFO|INE861A01058|1,VISESHINFO,2015-03-16,0.1,0.15,0.4999999999999998,,,,UNEXPLAINED_JUMP,
VISESHINFO|INE861A01058|1,VISESHINFO,2015-03-18,0.15,0.1,-0.33333333333333326,,,,UNEXPLAINED_JUMP,
VISESHINFO|INE861A01058|1,VISESHINFO,2015-03-25,0.1,0.15,0.4999999999999998,,,,UNEXPLAINED_JUMP,
VISESHINFO|INE861A01058|1,VISESHINFO,2015-03-26,0.15,0.1,-0.33333333333333326,,,,UNEXPLAINED_JUMP,
VISESHINFO|INE861A01058|1,VISESHINFO,2015-03-30,0.1,0.05,-0.5,,,,UNEXPLAINED_JUMP,
VISESHINFO|INE861A01058|1,VISESHINFO,2015-03-31,0.05,0.1,1.0,,,,UNEXPLAINED_JUMP,
VISESHINFO|INE861A01058|1,VISESHINFO,2015-04-06,0.1,0.15,0.4999999999999998,,,,UNEXPLAINED_JUMP,
VISESHINFO|INE861A01058|1,VISESHINFO,2015-04-07,0.15,0.1,-0.33333333333333326,,,,UNEXPLAINED_JUMP,
VISESHINFO|INE861A01058|1,VISESHINFO,2015-04-08,0.1,0.15,0.4999999999999998,,,,UNEXPLAINED_JUMP,
VISESHINFO|INE861A01058|1,VISESHINFO,2015-04-09,0.15,0.1,-0.33333333333333326,,,,UNEXPLAINED_JUMP,
VISESHINFO|INE861A01058|1,VISESHINFO,2015-04-10,0.1,0.15,0.4999999999999998,,,,UNEXPLAINED_JUMP,
VISESHINFO|INE861A01058|1,VISESHINFO,2015-04-13,0.15,0.1,-0.33333333333333326,,,,UNEXPLAINED_JUMP,
VISESHINFO|INE861A01058|1,VISESHINFO,2015-04-15,0.1,0.15,0.4999999999999998,,,,UNEXPLAINED_JUMP,
VISESHINFO|INE861A01058|1,VISESHINFO,2015-04-16,0.15,0.1,-0.33333333333333326,,,,UNEXPLAINED_JUMP,
VISESHINFO|INE861A01058|1,VISESHINFO,2015-04-17,0.1,0.15,0.4999999999999998,,,,UNEXPLAINED_JUMP,
VISESHINFO|INE861A01058|1,VISESHINFO,2015-04-24,0.15,0.1,-0.33333333333333326,,,,UNEXPLAINED_JUMP,
VISESHINFO|INE861A01058|1,VISESHINFO,2015-04-27,0.1,0.15,0.4999999999999998,,,,UNEXPLAINED_JUMP,
VISESHINFO|INE861A01058|1,VISESHINFO,2015-04-28,0.15,0.1,-0.33333333333333326,,,,UNEXPLAINED_JUMP,
VISESHINFO|INE861A01058|1,VISESHINFO,2015-04-29,0.1,0.15,0.4999999999999998,,,,UNEXPLAINED_JUMP,
VISESHINFO|INE861A01058|1,VISESHINFO,2015-04-30,0.15,0.1,-0.33333333333333326,,,,UNEXPLAINED_JUMP,
VISESHINFO|INE861A01058|1,VISESHINFO,2015-05-04,0.1,0.15,0.4999999999999998,,,,UNEXPLAINED_JUMP,
VISESHINFO|INE861A01058|1,VISESHINFO,2015-05-08,0.15,0.1,-0.33333333333333326,,,,UNEXPLAINED_JUMP,
VISESHINFO|INE861A01058|1,VISESHINFO,2015-05-18,0.1,0.15,0.4999999999999998,,,,UNEXPLAINED_JUMP,
VISESHINFO|INE861A01058|1,VISESHINFO,2015-05-20,0.15,0.1,-0.33333333333333326,,,,UNEXPLAINED_JUMP,
VISESHINFO|INE861A01058|1,VISESHINFO,2015-05-22,0.1,0.15,0.4999999999999998,,,,UNEXPLAINED_JUMP,
VISESHINFO|INE861A01058|1,VISESHINFO,2015-05-25,0.15,0.1,-0.33333333333333326,,,,UNEXPLAINED_JUMP,
VISESHINFO|INE861A01058|1,VISESHINFO,2015-06-08,0.1,0.15,0.4999999999999998,,,,UNEXPLAINED_JUMP,
VISESHINFO|INE861A01058|1,VISESHINFO,2015-06-09,0.15,0.1,-0.33333333333333326,,,,UNEXPLAINED_JUMP,
VISESHINFO|INE861A01058|1,VISESHINFO,2015-06-18,0.1,0.15,0.4999999999999998,,,,UNEXPLAINED_JUMP,
VISESHINFO|INE861A01058|1,VISESHINFO,2015-06-19,0.15,0.1,-0.33333333333333326,,,,UNEXPLAINED_JUMP,
VISESHINFO|INE861A01058|1,VISESHINFO,2015-06-26,0.1,0.15,0.4999999999999998,,,,UNEXPLAINED_JUMP,
VISESHINFO|INE861A01058|1,VISESHINFO,2015-06-29,0.15,0.1,-0.33333333333333326,,,,UNEXPLAINED_JUMP,
VISESHINFO|INE861A01058|1,VISESHINFO,2015-06-30,0.1,0.15,0.4999999999999998,,,,UNEXPLAINED_JUMP,
VISESHINFO|INE861A01058|1,VISESHINFO,2015-07-01,0.15,0.1,-0.33333333333333326,,,,UNEXPLAINED_JUMP,
VISESHINFO|INE861A01058|1,VISESHINFO,2015-07-02,0.1,0.15,0.4999999999999998,,,,UNEXPLAINED_JUMP,
VISESHINFO|INE861A01058|1,VISESHINFO,2015-07-03,0.15,0.1,-0.33333333333333326,,,,UNEXPLAINED_JUMP,
VISESHINFO|INE861A01058|1,VISESHINFO,2015-07-06,0.1,0.15,0.4999999999999998,,,,UNEXPLAINED_JUMP,
VISESHINFO|INE861A01058|1,VISESHINFO,2015-07-08,0.15,0.1,-0.33333333333333326,,,,UNEXPLAINED_JUMP,
VISESHINFO|INE861A01058|1,VISESHINFO,2015-07-09,0.1,0.15,0.4999999999999998,,,,UNEXPLAINED_JUMP,
VISESHINFO|INE861A01058|1,VISESHINFO,2015-07-10,0.15,0.1,-0.33333333333333326,,,,UNEXPLAINED_JUMP,
VISESHINFO|INE861A01058|1,VISESHINFO,2015-07-14,0.1,0.15,0.4999999999999998,,,,UNEXPLAINED_JUMP,
VISESHINFO|INE861A01058|1,VISESHINFO,2015-07-15,0.15,0.1,-0.33333333333333326,,,,UNEXPLAINED_JUMP,
VISESHINFO|INE861A01058|1,VISESHINFO,2015-07-28,0.1,0.05,-0.5,,,,UNEXPLAINED_JUMP,
VISESHINFO|INE861A01058|1,VISESHINFO,2015-07-29,0.05,0.1,1.0,,,,UNEXPLAINED_JUMP,
VISESHINFO|INE861A01058|1,VISESHINFO,2015-07-30,0.1,0.05,-0.5,,,,UNEXPLAINED_JUMP,
VISESHINFO|INE861A01058|1,VISESHINFO,2015-07-31,0.05,0.1,1.0,,,,UNEXPLAINED_JUMP,
VISESHINFO|INE861A01058|1,VISESHINFO,2015-08-03,0.1,0.15,0.4999999999999998,,,,UNEXPLAINED_JUMP,
VISESHINFO|INE861A01058|1,VISESHINFO,2015-08-04,0.15,0.1,-0.33333333333333326,,,,UNEXPLAINED_JUMP,
VISESHINFO|INE861A01058|1,VISESHINFO,2015-08-07,0.1,0.15,0.4999999999999998,,,,UNEXPLAINED_JUMP,
VISESHINFO|INE861A01058|1,VISESHINFO,2015-08-11,0.15,0.1,-0.33333333333333326,,,,UNEXPLAINED_JUMP,
VISESHINFO|INE861A01058|1,VISESHINFO,2015-08-20,0.1,0.05,-0.5,,,,UNEXPLAINED_JUMP,
VISESHINFO|INE861A01058|1,VISESHINFO,2015-08-21,0.05,0.1,1.0,,,,UNEXPLAINED_JUMP,
VISESHINFO|INE861A01058|1,VISESHINFO,2015-08-27,0.1,0.05,-0.5,,,,UNEXPLAINED_JUMP,
VISESHINFO|INE861A01058|1,VISESHINFO,2015-08-31,0.05,0.1,1.0,,,,UNEXPLAINED_JUMP,
VISESHINFO|INE861A01058|1,VISESHINFO,2015-09-07,0.1,0.05,-0.5,,,,UNEXPLAINED_JUMP,
VISESHINFO|INE861A01058|1,VISESHINFO,2015-09-08,0.05,0.1,1.0,,,,UNEXPLAINED_JUMP,
VISESHINFO|INE861A01058|1,VISESHINFO,2015-09-09,0.1,0.05,-0.5,,,,UNEXPLAINED_JUMP,
VISESHINFO|INE861A01058|1,VISESHINFO,2015-09-10,0.05,0.1,1.0,,,,UNEXPLAINED_JUMP,
VISESHINFO|INE861A01058|1,VISESHINFO,2015-09-11,0.1,0.05,-0.5,,,,UNEXPLAINED_JUMP,
VISESHINFO|INE861A01058|1,VISESHINFO,2015-09-15,0.05,0.1,1.0,,,,UNEXPLAINED_JUMP,
VISESHINFO|INE861A01058|1,VISESHINFO,2015-09-28,0.1,0.05,-0.5,,,,UNEXPLAINED_JUMP,
VISESHINFO|INE861A01058|1,VISESHINFO,2015-09-29,0.05,0.1,1.0,,,,UNEXPLAINED_JUMP,
VISESHINFO|INE861A01058|1,VISESHINFO,2015-09-30,0.1,0.05,-0.5,,,,UNEXPLAINED_JUMP,
VISESHINFO|INE861A01058|1,VISESHINFO,2015-10-01,0.05,0.1,1.0,,,,UNEXPLAINED_JUMP,
VISESHINFO|INE861A01058|1,VISESHINFO,2015-10-07,0.1,0.05,-0.5,,,,UNEXPLAINED_JUMP,
VISESHINFO|INE861A01058|1,VISESHINFO,2015-10-08,0.05,0.1,1.0,,,,UNEXPLAINED_JUMP,
VISESHINFO|INE861A01058|1,VISESHINFO,2015-10-15,0.1,0.05,-0.5,,,,UNEXPLAINED_JUMP,
VISESHINFO|INE861A01058|1,VISESHINFO,2015-10-16,0.05,0.1,1.0,,,,UNEXPLAINED_JUMP,
VISESHINFO|INE861A01058|1,VISESHINFO,2015-10-21,0.1,0.05,-0.5,,,,UNEXPLAINED_JUMP,
VISESHINFO|INE861A01058|1,VISESHINFO,2015-10-23,0.05,0.1,1.0,,,,UNEXPLAINED_JUMP,
VISESHINFO|INE861A01058|1,VISESHINFO,2015-11-06,0.1,0.05,-0.5,,,,UNEXPLAINED_JUMP,
VISESHINFO|INE861A01058|1,VISESHINFO,2015-11-09,0.05,0.1,1.0,,,,UNEXPLAINED_JUMP,
VISESHINFO|INE861A01058|1,VISESHINFO,2015-11-11,0.1,0.05,-0.5,,,,UNEXPLAINED_JUMP,
VISESHINFO|INE861A01058|1,VISESHINFO,2015-11-13,0.05,0.1,1.0,,,,UNEXPLAINED_JUMP,
VISESHINFO|INE861A01058|1,VISESHINFO,2015-11-18,0.1,0.05,-0.5,,,,UNEXPLAINED_JUMP,
VISESHINFO|INE861A01058|1,VISESHINFO,2015-11-19,0.05,0.1,1.0,,,,UNEXPLAINED_JUMP,
VISESHINFO|INE861A01058|1,VISESHINFO,2015-12-22,0.1,0.05,-0.5,,,,UNEXPLAINED_JUMP,
VISESHINFO|INE861A01058|1,VISESHINFO,2015-12-23,0.05,0.1,1.0,,,,UNEXPLAINED_JUMP,
VISESHINFO|INE861A01058|1,VISESHINFO,2016-01-04,0.1,0.15,0.4999999999999998,,,,UNEXPLAINED_JUMP,
VISESHINFO|INE861A01058|1,VISESHINFO,2016-01-11,0.15,0.1,-0.33333333333333326,,,,UNEXPLAINED_JUMP,
VISESHINFO|INE861A01058|1,VISESHINFO,2016-01-12,0.1,0.15,0.4999999999999998,,,,UNEXPLAINED_JUMP,
VISESHINFO|INE861A01058|1,VISESHINFO,2016-01-15,0.15,0.1,-0.33333333333333326,,,,UNEXPLAINED_JUMP,
VISESHINFO|INE861A01058|1,VISESHINFO,2016-01-19,0.1,0.15,0.4999999999999998,,,,UNEXPLAINED_JUMP,
VISESHINFO|INE861A01058|1,VISESHINFO,2016-01-20,0.15,0.1,-0.33333333333333326,,,,UNEXPLAINED_JUMP,
VISESHINFO|INE861A01058|1,VISESHINFO,2016-01-21,0.1,0.15,0.4999999999999998,,,,UNEXPLAINED_JUMP,
VISESHINFO|INE861A01058|1,VISESHINFO,2016-01-28,0.15,0.1,-0.33333333333333326,,,,UNEXPLAINED_JUMP,
VISESHINFO|INE861A01058|1,VISESHINFO,2016-02-02,0.1,0.15,0.4999999999999998,,,,UNEXPLAINED_JUMP,
VISESHINFO|INE861A01058|1,VISESHINFO,2016-02-03,0.15,0.1,-0.33333333333333326,,,,UNEXPLAINED_JUMP,
VISESHINFO|INE861A01058|1,VISESHINFO,2016-02-08,0.1,0.15,0.4999999999999998,,,,UNEXPLAINED_JUMP,
VISESHINFO|INE861A01058|1,VISESHINFO,2016-03-10,0.1,0.05,-0.5,,,,UNEXPLAINED_JUMP,
VISESHINFO|INE861A01058|1,VISESHINFO,2016-03-11,0.05,0.1,1.0,,,,UNEXPLAINED_JUMP,
VISESHINFO|INE861A01058|1,VISESHINFO,2016-03-23,0.1,0.05,-0.5,,,,UNEXPLAINED_JUMP,
VISESHINFO|INE861A01058|1,VISESHINFO,2016-03-28,0.05,0.1,1.0,,,,UNEXPLAINED_JUMP,
VISESHINFO|INE861A01058|1,VISESHINFO,2016-03-29,0.1,0.05,-0.5,,,,UNEXPLAINED_JUMP,
VISESHINFO|INE861A01058|1,VISESHINFO,2016-03-30,0.05,0.1,1.0,,,,UNEXPLAINED_JUMP,
VISESHINFO|INE861A01058|1,VISESHINFO,2016-04-04,0.1,0.05,-0.5,,,,UNEXPLAINED_JUMP,
VISESHINFO|INE861A01058|1,VISESHINFO,2016-04-05,0.05,0.1,1.0,,,,UNEXPLAINED_JUMP,
VISESHINFO|INE861A01058|1,VISESHINFO,2016-04-06,0.1,0.05,-0.5,,,,UNEXPLAINED_JUMP,
VISESHINFO|INE861A01058|1,VISESHINFO,2016-04-07,0.05,0.1,1.0,,,,UNEXPLAINED_JUMP,
VISESHINFO|INE861A01058|1,VISESHINFO,2016-04-20,0.1,0.05,-0.5,,,,UNEXPLAINED_JUMP,
VISESHINFO|INE861A01058|1,VISESHINFO,2016-04-21,0.05,0.1,1.0,,,,UNEXPLAINED_JUMP,
VISESHINFO|INE861A01058|1,VISESHINFO,2016-04-26,0.1,0.05,-0.5,,,,UNEXPLAINED_JUMP,
VISESHINFO|INE861A01058|1,VISESHINFO,2016-04-27,0.05,0.1,1.0,,,,UNEXPLAINED_JUMP,
VISESHINFO|INE861A01058|1,VISESHINFO,2016-05-03,0.1,0.05,-0.5,,,,UNEXPLAINED_JUMP,
VISESHINFO|INE861A01058|1,VISESHINFO,2016-05-04,0.05,0.1,1.0,,,,UNEXPLAINED_JUMP,
VISESHINFO|INE861A01058|1,VISESHINFO,2016-06-08,0.05,0.1,1.0,,,,UNEXPLAINED_JUMP,
VISESHINFO|INE861A01058|1,VISESHINFO,2016-06-09,0.1,0.05,-0.5,,,,UNEXPLAINED_JUMP,
VISESHINFO|INE861A01058|1,VISESHINFO,2016-06-10,0.05,0.1,1.0,,,,UNEXPLAINED_JUMP,
VISESHINFO|INE861A01058|1,VISESHINFO,2016-06-13,0.1,0.05,-0.5,,,,UNEXPLAINED_JUMP,
VISESHINFO|INE861A01058|1,VISESHINFO,2016-06-14,0.05,0.1,1.0,,,,UNEXPLAINED_JUMP,
VISESHINFO|INE861A01058|1,VISESHINFO,2016-06-15,0.1,0.05,-0.5,,,,UNEXPLAINED_JUMP,
VISESHINFO|INE861A01058|1,VISESHINFO,2016-06-17,0.05,0.1,1.0,,,,UNEXPLAINED_JUMP,
VISESHINFO|INE861A01058|1,VISESHINFO,2016-06-21,0.1,0.05,-0.5,,,,UNEXPLAINED_JUMP,
VISESHINFO|INE861A01058|1,VISESHINFO,2016-06-23,0.05,0.1,1.0,,,,UNEXPLAINED_JUMP,
VISESHINFO|INE861A01058|1,VISESHINFO,2016-06-29,0.1,0.05,-0.5,,,,UNEXPLAINED_JUMP,
VISESHINFO|INE861A01058|1,VISESHINFO,2016-07-01,0.05,0.1,1.0,,,,UNEXPLAINED_JUMP,
VISESHINFO|INE861A01058|1,VISESHINFO,2016-07-04,0.1,0.15,0.4999999999999998,,,,UNEXPLAINED_JUMP,
VISESHINFO|INE861A01058|1,VISESHINFO,2016-07-05,0.15,0.1,-0.33333333333333326,,,,UNEXPLAINED_JUMP,
VISESHINFO|INE861A01058|1,VISESHINFO,2016-07-07,0.1,0.15,0.4999999999999998,,,,UNEXPLAINED_JUMP,
VISESHINFO|INE861A01058|1,VISESHINFO,2016-07-08,0.15,0.1,-0.33333333333333326,,,,UNEXPLAINED_JUMP,
VISESHINFO|INE861A01058|1,VISESHINFO,2016-07-12,0.1,0.15,0.4999999999999998,,,,UNEXPLAINED_JUMP,
VISESHINFO|INE861A01058|1,VISESHINFO,2016-07-13,0.15,0.1,-0.33333333333333326,,,,UNEXPLAINED_JUMP,
VISESHINFO|INE861A01058|1,VISESHINFO,2016-07-15,0.1,0.15,0.4999999999999998,,,,UNEXPLAINED_JUMP,
VISESHINFO|INE861A01058|1,VISESHINFO,2016-07-18,0.15,0.1,-0.33333333333333326,,,,UNEXPLAINED_JUMP,
VISESHINFO|INE861A01058|1,VISESHINFO,2016-07-20,0.1,0.15,0.4999999999999998,,,,UNEXPLAINED_JUMP,
VISESHINFO|INE861A01058|1,VISESHINFO,2016-07-21,0.15,0.1,-0.33333333333333326,,,,UNEXPLAINED_JUMP,
VISESHINFO|INE861A01058|1,VISESHINFO,2016-07-22,0.1,0.15,0.4999999999999998,,,,UNEXPLAINED_JUMP,
VISESHINFO|INE861A01058|1,VISESHINFO,2016-07-25,0.15,0.1,-0.33333333333333326,,,,UNEXPLAINED_JUMP,
VISESHINFO|INE861A01058|1,VISESHINFO,2016-07-26,0.1,0.15,0.4999999999999998,,,,UNEXPLAINED_JUMP,
VISESHINFO|INE861A01058|1,VISESHINFO,2016-07-28,0.15,0.1,-0.33333333333333326,,,,UNEXPLAINED_JUMP,
VISESHINFO|INE861A01058|1,VISESHINFO,2016-07-29,0.1,0.15,0.4999999999999998,,,,UNEXPLAINED_JUMP,
VISESHINFO|INE861A01058|1,VISESHINFO,2016-08-01,0.15,0.1,-0.33333333333333326,,,,UNEXPLAINED_JUMP,
VISESHINFO|INE861A01058|1,VISESHINFO,2016-08-02,0.1,0.15,0.4999999999999998,,,,UNEXPLAINED_JUMP,
VISESHINFO|INE861A01058|1,VISESHINFO,2016-08-04,0.15,0.1,-0.33333333333333326,,,,UNEXPLAINED_JUMP,
VISESHINFO|INE861A01058|1,VISESHINFO,2016-08-08,0.1,0.15,0.4999999999999998,,,,UNEXPLAINED_JUMP,
VISESHINFO|INE861A01058|1,VISESHINFO,2016-09-14,0.1,0.05,-0.5,,,,UNEXPLAINED_JUMP,
VISESHINFO|INE861A01058|1,VISESHINFO,2016-09-15,0.05,0.1,1.0,,,,UNEXPLAINED_JUMP,
VISESHINFO|INE861A01058|1,VISESHINFO,2016-09-27,0.1,0.15,0.4999999999999998,,,,UNEXPLAINED_JUMP,
VISESHINFO|INE861A01058|1,VISESHINFO,2016-09-28,0.15,0.1,-0.33333333333333326,,,,UNEXPLAINED_JUMP,
VISESHINFO|INE861A01058|1,VISESHINFO,2016-10-04,0.1,0.15,0.4999999999999998,,,,UNEXPLAINED_JUMP,
VISESHINFO|INE861A01058|1,VISESHINFO,2016-10-05,0.15,0.1,-0.33333333333333326,,,,UNEXPLAINED_JUMP,
VISESHINFO|INE861A01058|1,VISESHINFO,2016-10-07,0.1,0.15,0.4999999999999998,,,,UNEXPLAINED_JUMP,
VISESHINFO|INE861A01058|1,VISESHINFO,2017-06-08,0.15,0.1,-0.33333333333333326,,,,UNEXPLAINED_JUMP,
VISESHINFO|INE861A01058|1,VISESHINFO,2017-06-09,0.1,0.15,0.4999999999999998,,,,UNEXPLAINED_JUMP,
VISESHINFO|INE861A01058|1,VISESHINFO,2017-06-13,0.15,0.1,-0.33333333333333326,,,,UNEXPLAINED_JUMP,
VISESHINFO|INE861A01058|1,VISESHINFO,2017-06-15,0.1,0.15,0.4999999999999998,,,,UNEXPLAINED_JUMP,
VISESHINFO|INE861A01058|1,VISESHINFO,2017-06-22,0.15,0.1,-0.33333333333333326,,,,UNEXPLAINED_JUMP,
VISESHINFO|INE861A01058|1,VISESHINFO,2017-06-27,0.1,0.15,0.4999999999999998,,,,UNEXPLAINED_JUMP,
VISESHINFO|INE861A01058|1,VISESHINFO,2017-06-28,0.15,0.1,-0.33333333333333326,,,,UNEXPLAINED_JUMP,
VISESHINFO|INE861A01058|1,VISESHINFO,2017-06-29,0.1,0.15,0.4999999999999998,,,,UNEXPLAINED_JUMP,
VISESHINFO|INE861A01058|1,VISESHINFO,2017-07-03,0.15,0.1,-0.33333333333333326,,,,UNEXPLAINED_JUMP,
VISESHINFO|INE861A01058|1,VISESHINFO,2017-07-04,0.1,0.15,0.4999999999999998,,,,UNEXPLAINED_JUMP,
VISESHINFO|INE861A01058|1,VISESHINFO,2017-07-05,0.15,0.1,-0.33333333333333326,,,,UNEXPLAINED_JUMP,
VISESHINFO|INE861A01058|1,VISESHINFO,2017-07-06,0.1,0.15,0.4999999999999998,,,,UNEXPLAINED_JUMP,
VISESHINFO|INE861A01058|1,VISESHINFO,2017-07-24,0.15,0.1,-0.33333333333333326,,,,UNEXPLAINED_JUMP,
VISESHINFO|INE861A01058|1,VISESHINFO,2017-07-26,0.1,0.15,0.4999999999999998,,,,UNEXPLAINED_JUMP,
VISESHINFO|INE861A01058|1,VISESHINFO,2017-07-27,0.15,0.1,-0.33333333333333326,,,,UNEXPLAINED_JUMP,
VISESHINFO|INE861A01058|1,VISESHINFO,2017-07-28,0.1,0.15,0.4999999999999998,,,,UNEXPLAINED_JUMP,
VISESHINFO|INE861A01058|1,VISESHINFO,2017-08-03,0.15,0.1,-0.33333333333333326,,,,UNEXPLAINED_JUMP,
VISESHINFO|INE861A01058|1,VISESHINFO,2017-08-04,0.1,0.15,0.4999999999999998,,,,UNEXPLAINED_JUMP,
VISESHINFO|INE861A01058|1,VISESHINFO,2017-08-07,0.15,0.1,-0.33333333333333326,,,,UNEXPLAINED_JUMP,
VISESHINFO|INE861A01058|1,VISESHINFO,2018-01-12,0.1,0.15,0.4999999999999998,,,,UNEXPLAINED_JUMP,
VISESHINFO|INE861A01058|1,VISESHINFO,2018-06-11,0.1,0.15,0.4999999999999998,,,,UNEXPLAINED_JUMP,
VISESHINFO|INE861A01058|1,VISESHINFO,2018-06-12,0.15,0.1,-0.33333333333333326,,,,UNEXPLAINED_JUMP,
VISESHINFO|INE861A01058|1,VISESHINFO,2018-06-14,0.1,0.15,0.4999999999999998,,,,UNEXPLAINED_JUMP,
VISESHINFO|INE861A01058|1,VISESHINFO,2018-06-15,0.15,0.1,-0.33333333333333326,,,,UNEXPLAINED_JUMP,
VISESHINFO|INE861A01058|1,VISESHINFO,2018-06-20,0.1,0.15,0.4999999999999998,,,,UNEXPLAINED_JUMP,
VISESHINFO|INE861A01058|1,VISESHINFO,2018-06-21,0.15,0.1,-0.33333333333333326,,,,UNEXPLAINED_JUMP,
VISESHINFO|INE861A01058|1,VISESHINFO,2018-06-26,0.1,0.05,-0.5,,,,UNEXPLAINED_JUMP,
VISESHINFO|INE861A01058|1,VISESHINFO,2018-06-27,0.05,0.1,1.0,,,,UNEXPLAINED_JUMP,
VISESHINFO|INE861A01058|1,VISESHINFO,2018-07-09,0.1,0.05,-0.5,,,,UNEXPLAINED_JUMP,
VISESHINFO|INE861A01058|1,VISESHINFO,2018-07-10,0.05,0.1,1.0,,,,UNEXPLAINED_JUMP,
VISESHINFO|INE861A01058|1,VISESHINFO,2018-07-17,0.1,0.05,-0.5,,,,UNEXPLAINED_JUMP,
VISESHINFO|INE861A01058|1,VISESHINFO,2018-07-18,0.05,0.1,1.0,,,,UNEXPLAINED_JUMP,
VISESHINFO|INE861A01058|1,VISESHINFO,2018-07-19,0.1,0.05,-0.5,,,,UNEXPLAINED_JUMP,
VISESHINFO|INE861A01058|1,VISESHINFO,2018-07-20,0.05,0.1,1.0,,,,UNEXPLAINED_JUMP,
VISESHINFO|INE861A01058|1,VISESHINFO,2018-08-16,0.1,0.15,0.4999999999999998,,,,UNEXPLAINED_JUMP,
VISESHINFO|INE861A01058|1,VISESHINFO,2018-08-17,0.15,0.1,-0.33333333333333326,,,,UNEXPLAINED_JUMP,
VISESHINFO|INE861A01058|1,VISESHINFO,2018-09-04,0.1,0.05,-0.5,,,,UNEXPLAINED_JUMP,
VISESHINFO|INE861A01058|1,VISESHINFO,2018-09-05,0.05,0.1,1.0,,,,UNEXPLAINED_JUMP,
VISESHINFO|INE861A01058|1,VISESHINFO,2018-09-10,0.1,0.15,0.4999999999999998,,,,UNEXPLAINED_JUMP,
VISESHINFO|INE861A01058|1,VISESHINFO,2018-09-11,0.15,0.1,-0.33333333333333326,,,,UNEXPLAINED_JUMP,
VISESHINFO|INE861A01058|1,VISESHINFO,2018-09-19,0.1,0.05,-0.5,,,,UNEXPLAINED_JUMP,
VISESHINFO|INE861A01058|1,VISESHINFO,2018-09-21,0.05,0.1,1.0,,,,UNEXPLAINED_JUMP,
VISESHINFO|INE861A01058|1,VISESHINFO,2018-09-25,0.1,0.05,-0.5,,,,UNEXPLAINED_JUMP,
VISESHINFO|INE861A01058|1,VISESHINFO,2018-09-26,0.05,0.1,1.0,,,,UNEXPLAINED_JUMP,
VISESHINFO|INE861A01058|1,VISESHINFO,2018-10-03,0.1,0.05,-0.5,,,,UNEXPLAINED_JUMP,
VISESHINFO|INE861A01058|1,VISESHINFO,2018-10-05,0.05,0.1,1.0,,,,UNEXPLAINED_JUMP,
VISESHINFO|INE861A01058|1,VISESHINFO,2018-10-17,0.1,0.05,-0.5,,,,UNEXPLAINED_JUMP,
VISESHINFO|INE861A01058|1,VISESHINFO,2018-10-19,0.05,0.1,1.0,,,,UNEXPLAINED_JUMP,
VISESHINFO|INE861A01058|1,VISESHINFO,2018-10-29,0.1,0.05,-0.5,,,,UNEXPLAINED_JUMP,
VISESHINFO|INE861A01058|1,VISESHINFO,2018-10-30,0.05,0.1,1.0,,,,UNEXPLAINED_JUMP,
VISESHINFO|INE861A01058|1,VISESHINFO,2018-11-06,0.1,0.05,-0.5,,,,UNEXPLAINED_JUMP,
VISESHINFO|INE861A01058|1,VISESHINFO,2018-11-07,0.05,0.1,1.0,,,,UNEXPLAINED_JUMP,
VISESHINFO|INE861A01058|1,VISESHINFO,2018-11-09,0.1,0.15,0.4999999999999998,,,,UNEXPLAINED_JUMP,
VISESHINFO|INE861A01058|1,VISESHINFO,2018-11-13,0.15,0.1,-0.33333333333333326,,,,UNEXPLAINED_JUMP,
VISESHINFO|INE861A01058|1,VISESHINFO,2018-11-14,0.1,0.15,0.4999999999999998,,,,UNEXPLAINED_JUMP,
VISESHINFO|INE861A01058|1,VISESHINFO,2018-11-15,0.15,0.1,-0.33333333333333326,,,,UNEXPLAINED_JUMP,
VISESHINFO|INE861A01058|1,VISESHINFO,2018-11-26,0.1,0.05,-0.5,,,,UNEXPLAINED_JUMP,
VISESHINFO|INE861A01058|1,VISESHINFO,2018-11-28,0.05,0.1,1.0,,,,UNEXPLAINED_JUMP,
VISESHINFO|INE861A01058|1,VISESHINFO,2018-11-29,0.1,0.05,-0.5,,,,UNEXPLAINED_JUMP,
VISESHINFO|INE861A01058|1,VISESHINFO,2018-11-30,0.05,0.1,1.0,,,,UNEXPLAINED_JUMP,
VISESHINFO|INE861A01058|1,VISESHINFO,2018-12-04,0.1,0.05,-0.5,,,,UNEXPLAINED_JUMP,
VISESHINFO|INE861A01058|1,VISESHINFO,2018-12-05,0.05,0.1,1.0,,,,UNEXPLAINED_JUMP,
VISESHINFO|INE861A01058|1,VISESHINFO,2018-12-07,0.1,0.05,-0.5,,,,UNEXPLAINED_JUMP,
VISESHINFO|INE861A01058|1,VISESHINFO,2018-12-14,0.05,0.1,1.0,,,,UNEXPLAINED_JUMP,
VISESHINFO|INE861A01058|1,VISESHINFO,2018-12-17,0.1,0.05,-0.5,,,,UNEXPLAINED_JUMP,
VISESHINFO|INE861A01058|1,VISESHINFO,2018-12-20,0.05,0.1,1.0,,,,UNEXPLAINED_JUMP,
VISESHINFO|INE861A01058|1,VISESHINFO,2018-12-21,0.1,0.05,-0.5,,,,UNEXPLAINED_JUMP,
VISESHINFO|INE861A01058|1,VISESHINFO,2018-12-26,0.05,0.1,1.0,,,,UNEXPLAINED_JUMP,
VISESHINFO|INE861A01058|1,VISESHINFO,2018-12-27,0.1,0.05,-0.5,,,,UNEXPLAINED_JUMP,
VISESHINFO|INE861A01058|1,VISESHINFO,2018-12-28,0.05,0.1,1.0,,,,UNEXPLAINED_JUMP,
VISESHINFO|INE861A01058|1,VISESHINFO,2019-01-01,0.1,0.05,-0.5,,,,UNEXPLAINED_JUMP,
VISESHINFO|INE861A01058|1,VISESHINFO,2019-01-03,0.05,0.1,1.0,,,,UNEXPLAINED_JUMP,
VISESHINFO|INE861A01058|1,VISESHINFO,2019-01-22,0.1,0.05,-0.5,,,,UNEXPLAINED_JUMP,
VISESHINFO|INE861A01058|1,VISESHINFO,2019-01-25,0.05,0.1,1.0,,,,UNEXPLAINED_JUMP,
VISESHINFO|INE861A01058|1,VISESHINFO,2019-01-30,0.1,0.05,-0.5,,,,UNEXPLAINED_JUMP,
VISESHINFO|INE861A01058|1,VISESHINFO,2019-02-18,0.1,0.05,-0.5,,,,UNEXPLAINED_JUMP,
VISESHINFO|INE861A01058|1,VISESHINFO,2019-03-06,0.1,0.05,-0.5,,,,UNEXPLAINED_JUMP,
VISESHINFO|INE861A01058|1,VISESHINFO,2019-03-07,0.05,0.1,1.0,,,,UNEXPLAINED_JUMP,
VISESHINFO|INE861A01058|1,VISESHINFO,2019-04-03,0.05,0.1,1.0,,,,UNEXPLAINED_JUMP,
VISESHINFO|INE861A01058|1,VISESHINFO,2019-06-28,0.05,0.1,1.0,,,,UNEXPLAINED_JUMP,
VISESHINFO|INE861A01058|1,VISESHINFO,2019-07-01,0.1,0.05,-0.5,,,,UNEXPLAINED_JUMP,
VISESHINFO|INE861A01058|1,VISESHINFO,2019-07-02,0.05,0.1,1.0,,,,UNEXPLAINED_JUMP,
VISESHINFO|INE861A01058|1,VISESHINFO,2019-07-05,0.1,0.05,-0.5,,,,UNEXPLAINED_JUMP,
VISESHINFO|INE861A01058|1,VISESHINFO,2019-07-08,0.05,0.1,1.0,,,,UNEXPLAINED_JUMP,
VISESHINFO|INE861A01058|1,VISESHINFO,2019-07-09,0.1,0.05,-0.5,,,,UNEXPLAINED_JUMP,
VISESHINFO|INE861A01058|1,VISESHINFO,2019-07-15,0.05,0.1,1.0,,,,UNEXPLAINED_JUMP,
VISESHINFO|INE861A01058|1,VISESHINFO,2019-07-17,0.1,0.05,-0.5,,,,UNEXPLAINED_JUMP,
VISESHINFO|INE861A01058|1,VISESHINFO,2019-07-19,0.05,0.1,1.0,,,,UNEXPLAINED_JUMP,
VISESHINFO|INE861A01058|1,VISESHINFO,2019-07-23,0.1,0.05,-0.5,,,,UNEXPLAINED_JUMP,
VISESHINFO|INE861A01058|1,VISESHINFO,2019-07-25,0.05,0.1,1.0,,,,UNEXPLAINED_JUMP,
VISESHINFO|INE861A01058|1,VISESHINFO,2019-07-26,0.1,0.05,-0.5,,,,UNEXPLAINED_JUMP,
VISESHINFO|INE861A01058|1,VISESHINFO,2019-07-29,0.05,0.1,1.0,,,,UNEXPLAINED_JUMP,
VISESHINFO|INE861A01058|1,VISESHINFO,2019-07-30,0.1,0.05,-0.5,,,,UNEXPLAINED_JUMP,
VISESHINFO|INE861A01058|1,VISESHINFO,2019-08-01,0.05,0.1,1.0,,,,UNEXPLAINED_JUMP,
VISESHINFO|INE861A01058|1,VISESHINFO,2019-08-05,0.1,0.05,-0.5,,,,UNEXPLAINED_JUMP,
VISESHINFO|INE861A01058|1,VISESHINFO,2019-08-20,0.1,0.05,-0.5,,,,UNEXPLAINED_JUMP,
VISESHINFO|INE861A01058|1,VISESHINFO,2019-08-23,0.05,0.1,1.0,,,,UNEXPLAINED_JUMP,
VISESHINFO|INE861A01058|1,VISESHINFO,2019-08-28,0.1,0.05,-0.5,,,,UNEXPLAINED_JUMP,
VKSPL|INE213M01024|1,VKSPL,2015-07-15,0.15,0.1,-0.33333333333333326,,,,UNEXPLAINED_JUMP,
VKSPL|INE213M01024|1,VKSPL,2015-07-17,0.1,0.15,0.4999999999999998,,,,UNEXPLAINED_JUMP,
VKSPL|INE213M01024|1,VKSPL,2015-07-21,0.15,0.1,-0.33333333333333326,,,,UNEXPLAINED_JUMP,
VKSPL|INE213M01024|1,VKSPL,2015-07-22,0.1,0.15,0.4999999999999998,,,,UNEXPLAINED_JUMP,
VKSPL|INE213M01024|1,VKSPL,2015-07-30,0.15,0.1,-0.33333333333333326,,,,UNEXPLAINED_JUMP,
VKSPL|INE213M01024|1,VKSPL,2015-07-31,0.1,0.15,0.4999999999999998,,,,UNEXPLAINED_JUMP,
VKSPL|INE213M01024|1,VKSPL,2015-08-03,0.15,0.1,-0.33333333333333326,,,,UNEXPLAINED_JUMP,
VKSPL|INE213M01024|1,VKSPL,2015-08-05,0.1,0.15,0.4999999999999998,,,,UNEXPLAINED_JUMP,
VKSPL|INE213M01024|1,VKSPL,2015-08-10,0.15,0.1,-0.33333333333333326,,,,UNEXPLAINED_JUMP,
VKSPL|INE213M01024|1,VKSPL,2015-08-11,0.1,0.15,0.4999999999999998,,,,UNEXPLAINED_JUMP,
VKSPL|INE213M01024|1,VKSPL,2015-08-17,0.15,0.1,-0.33333333333333326,,,,UNEXPLAINED_JUMP,
VKSPL|INE213M01024|1,VKSPL,2015-08-18,0.1,0.15,0.4999999999999998,,,,UNEXPLAINED_JUMP,
VKSPL|INE213M01024|1,VKSPL,2015-08-20,0.15,0.1,-0.33333333333333326,,,,UNEXPLAINED_JUMP,
VKSPL|INE213M01024|1,VKSPL,2015-08-21,0.1,0.15,0.4999999999999998,,,,UNEXPLAINED_JUMP,
VKSPL|INE213M01024|1,VKSPL,2015-08-24,0.15,0.1,-0.33333333333333326,,,,UNEXPLAINED_JUMP,
VKSPL|INE213M01024|1,VKSPL,2015-08-25,0.1,0.15,0.4999999999999998,,,,UNEXPLAINED_JUMP,
VKSPL|INE213M01024|1,VKSPL,2015-08-27,0.15,0.1,-0.33333333333333326,,,,UNEXPLAINED_JUMP,
VKSPL|INE213M01024|1,VKSPL,2015-09-01,0.1,0.15,0.4999999999999998,,,,UNEXPLAINED_JUMP,
VKSPL|INE213M01024|1,VKSPL,2015-09-02,0.15,0.1,-0.33333333333333326,,,,UNEXPLAINED_JUMP,
VKSPL|INE213M01024|1,VKSPL,2015-09-10,0.1,0.15,0.4999999999999998,,,,UNEXPLAINED_JUMP,
VKSPL|INE213M01024|1,VKSPL,2015-09-14,0.15,0.1,-0.33333333333333326,,,,UNEXPLAINED_JUMP,
VKSPL|INE213M01024|1,VKSPL,2015-09-16,0.1,0.15,0.4999999999999998,,,,UNEXPLAINED_JUMP,
VKSPL|INE213M01024|1,VKSPL,2015-09-29,0.15,0.1,-0.33333333333333326,,,,UNEXPLAINED_JUMP,
VKSPL|INE213M01024|1,VKSPL,2015-09-30,0.1,0.15,0.4999999999999998,,,,UNEXPLAINED_JUMP,
VKSPL|INE213M01024|1,VKSPL,2015-10-15,0.15,0.1,-0.33333333333333326,,,,UNEXPLAINED_JUMP,
VKSPL|INE213M01024|1,VKSPL,2015-10-16,0.1,0.15,0.4999999999999998,,,,UNEXPLAINED_JUMP,
VKSPL|INE213M01024|1,VKSPL,2015-10-23,0.15,0.1,-0.33333333333333326,,,,UNEXPLAINED_JUMP,
VKSPL|INE213M01024|1,VKSPL,2015-10-26,0.1,0.15,0.4999999999999998,,,,UNEXPLAINED_JUMP,
VKSPL|INE213M01024|1,VKSPL,2015-10-27,0.15,0.1,-0.33333333333333326,,,,UNEXPLAINED_JUMP,
VKSPL|INE213M01024|1,VKSPL,2015-10-30,0.1,0.15,0.4999999999999998,,,,UNEXPLAINED_JUMP,
VKSPL|INE213M01024|1,VKSPL,2015-11-27,0.1,0.05,-0.5,,,,UNEXPLAINED_JUMP,
VKSPL|INE213M01024|1,VKSPL,2015-11-30,0.05,0.1,1.0,,,,UNEXPLAINED_JUMP,
VKSPL|INE213M01024|1,VKSPL,2015-12-07,0.1,0.15,0.4999999999999998,,,,UNEXPLAINED_JUMP,
VKSPL|INE213M01024|1,VKSPL,2015-12-14,0.15,0.1,-0.33333333333333326,,,,UNEXPLAINED_JUMP,
VKSPL|INE213M01024|1,VKSPL,2015-12-15,0.1,0.15,0.4999999999999998,,,,UNEXPLAINED_JUMP,
VKSPL|INE213M01024|1,VKSPL,2015-12-16,0.15,0.1,-0.33333333333333326,,,,UNEXPLAINED_JUMP,
VKSPL|INE213M01024|1,VKSPL,2015-12-22,0.1,0.15,0.4999999999999998,,,,UNEXPLAINED_JUMP,
VKSPL|INE213M01024|1,VKSPL,2015-12-28,0.15,0.1,-0.33333333333333326,,,,UNEXPLAINED_JUMP,
VKSPL|INE213M01024|1,VKSPL,2015-12-29,0.1,0.15,0.4999999999999998,,,,UNEXPLAINED_JUMP,
VKSPL|INE213M01024|1,VKSPL,2016-01-12,0.15,0.1,-0.33333333333333326,,,,UNEXPLAINED_JUMP,
VKSPL|INE213M01024|1,VKSPL,2016-01-13,0.1,0.15,0.4999999999999998,,,,UNEXPLAINED_JUMP,
VKSPL|INE213M01024|1,VKSPL,2016-01-18,0.15,0.1,-0.33333333333333326,,,,UNEXPLAINED_JUMP,
VKSPL|INE213M01024|1,VKSPL,2016-01-19,0.1,0.15,0.4999999999999998,,,,UNEXPLAINED_JUMP,
VKSPL|INE213M01024|1,VKSPL,2016-01-29,0.15,0.1,-0.33333333333333326,,,,UNEXPLAINED_JUMP,
VKSPL|INE213M01024|1,VKSPL,2016-02-02,0.1,0.15,0.4999999999999998,,,,UNEXPLAINED_JUMP,
VKSPL|INE213M01024|1,VKSPL,2016-02-04,0.15,0.1,-0.33333333333333326,,,,UNEXPLAINED_JUMP,
VKSPL|INE213M01024|1,VKSPL,2016-02-08,0.1,0.15,0.4999999999999998,,,,UNEXPLAINED_JUMP,
VKSPL|INE213M01024|1,VKSPL,2016-02-09,0.15,0.1,-0.33333333333333326,,,,UNEXPLAINED_JUMP,
VKSPL|INE213M01024|1,VKSPL,2016-02-26,0.1,0.05,-0.5,,,,UNEXPLAINED_JUMP,
VKSPL|INE213M01024|1,VKSPL,2016-03-01,0.05,0.1,1.0,,,,UNEXPLAINED_JUMP,
VKSPL|INE213M01024|1,VKSPL,2016-03-31,0.05,0.1,1.0,,,,UNEXPLAINED_JUMP,
VKSPL|INE213M01024|1,VKSPL,2016-04-25,0.05,0.1,1.0,,,,UNEXPLAINED_JUMP,
VKSPL|INE213M01024|1,VKSPL,2016-04-27,0.1,0.05,-0.5,,,,UNEXPLAINED_JUMP,
VKSPL|INE213M01024|1,VKSPL,2016-05-02,0.05,0.1,1.0,,,,UNEXPLAINED_JUMP,
VKSPL|INE213M01024|1,VKSPL,2016-05-06,0.1,0.15,0.4999999999999998,,,,UNEXPLAINED_JUMP,
VKSPL|INE213M01024|1,VKSPL,2016-05-09,0.15,0.1,-0.33333333333333326,,,,UNEXPLAINED_JUMP,
VKSPL|INE213M01024|1,VKSPL,2016-05-12,0.1,0.15,0.4999999999999998,,,,UNEXPLAINED_JUMP,
VKSPL|INE213M01024|1,VKSPL,2016-05-13,0.15,0.1,-0.33333333333333326,,,,UNEXPLAINED_JUMP,
VKSPL|INE213M01024|1,VKSPL,2016-05-17,0.1,0.05,-0.5,,,,UNEXPLAINED_JUMP,
VKSPL|INE213M01024|1,VKSPL,2016-05-18,0.05,0.1,1.0,,,,UNEXPLAINED_JUMP,
VKSPL|INE213M01024|1,VKSPL,2016-05-24,0.1,0.05,-0.5,,,,UNEXPLAINED_JUMP,
VKSPL|INE213M01024|1,VKSPL,2016-05-27,0.05,0.1,1.0,,,,UNEXPLAINED_JUMP,
VKSPL|INE213M01024|1,VKSPL,2016-05-30,0.1,0.05,-0.5,,,,UNEXPLAINED_JUMP,
VKSPL|INE213M01024|1,VKSPL,2016-05-31,0.05,0.1,1.0,,,,UNEXPLAINED_JUMP,
VKSPL|INE213M01024|1,VKSPL,2016-07-11,0.1,0.05,-0.5,,,,UNEXPLAINED_JUMP,
VKSPL|INE213M01024|1,VKSPL,2016-07-12,0.05,0.1,1.0,,,,UNEXPLAINED_JUMP,
VKSPL|INE213M01024|1,VKSPL,2016-07-14,0.1,0.05,-0.5,,,,UNEXPLAINED_JUMP,
VKSPL|INE213M01024|1,VKSPL,2016-07-15,0.05,0.1,1.0,,,,UNEXPLAINED_JUMP,
VKSPL|INE213M01024|1,VKSPL,2016-07-21,0.1,0.15,0.4999999999999998,,,,UNEXPLAINED_JUMP,
VKSPL|INE213M01024|1,VKSPL,2016-07-25,0.15,0.1,-0.33333333333333326,,,,UNEXPLAINED_JUMP,
VKSPL|INE213M01024|1,VKSPL,2016-07-27,0.1,0.15,0.4999999999999998,,,,UNEXPLAINED_JUMP,
VKSPL|INE213M01024|1,VKSPL,2016-08-08,0.15,0.1,-0.33333333333333326,,,,UNEXPLAINED_JUMP,
VKSPL|INE213M01024|1,VKSPL,2016-09-12,0.1,0.05,-0.5,,,,UNEXPLAINED_JUMP,
VKSPL|INE213M01024|1,VKSPL,2016-09-15,0.05,0.1,1.0,,,,UNEXPLAINED_JUMP,
VKSPL|INE213M01024|1,VKSPL,2016-10-05,0.1,0.05,-0.5,,,,UNEXPLAINED_JUMP,
VKSPL|INE213M01024|1,VKSPL,2016-10-06,0.05,0.1,1.0,,,,UNEXPLAINED_JUMP,
VKSPL|INE213M01024|1,VKSPL,2016-10-10,0.1,0.05,-0.5,,,,UNEXPLAINED_JUMP,
VKSPL|INE213M01024|1,VKSPL,2016-10-14,0.05,0.1,1.0,,,,UNEXPLAINED_JUMP,
VKSPL|INE213M01024|1,VKSPL,2016-10-18,0.1,0.05,-0.5,,,,UNEXPLAINED_JUMP,
VKSPL|INE213M01024|1,VKSPL,2016-10-19,0.05,0.1,1.0,,,,UNEXPLAINED_JUMP,
VKSPL|INE213M01024|1,VKSPL,2016-10-21,0.1,0.05,-0.5,,,,UNEXPLAINED_JUMP,
VKSPL|INE213M01024|1,VKSPL,2016-10-25,0.05,0.1,1.0,,,,UNEXPLAINED_JUMP,
VKSPL|INE213M01024|1,VKSPL,2016-10-26,0.1,0.05,-0.5,,,,UNEXPLAINED_JUMP,
VKSPL|INE213M01024|1,VKSPL,2016-10-27,0.05,0.1,1.0,,,,UNEXPLAINED_JUMP,
VKSPL|INE213M01024|1,VKSPL,2016-11-08,0.1,0.05,-0.5,,,,UNEXPLAINED_JUMP,
VKSPL|INE213M01024|1,VKSPL,2016-11-09,0.05,0.1,1.0,,,,UNEXPLAINED_JUMP,
VKSPL|INE213M01024|1,VKSPL,2016-11-15,0.1,0.15,0.4999999999999998,,,,UNEXPLAINED_JUMP,
VKSPL|INE213M01024|1,VKSPL,2016-11-16,0.15,0.1,-0.33333333333333326,,,,UNEXPLAINED_JUMP,
VKSPL|INE213M01024|1,VKSPL,2016-11-17,0.1,0.15,0.4999999999999998,,,,UNEXPLAINED_JUMP,
VKSPL|INE213M01024|1,VKSPL,2016-11-18,0.15,0.1,-0.33333333333333326,,,,UNEXPLAINED_JUMP,
VKSPL|INE213M01024|1,VKSPL,2016-12-09,0.1,0.15,0.4999999999999998,,,,UNEXPLAINED_JUMP,
VKSPL|INE213M01024|1,VKSPL,2016-12-12,0.15,0.1,-0.33333333333333326,,,,UNEXPLAINED_JUMP,
VKSPL|INE213M01024|1,VKSPL,2016-12-13,0.1,0.15,0.4999999999999998,,,,UNEXPLAINED_JUMP,
VKSPL|INE213M01024|1,VKSPL,2016-12-14,0.15,0.1,-0.33333333333333326,,,,UNEXPLAINED_JUMP,
VKSPL|INE213M01024|1,VKSPL,2016-12-16,0.1,0.15,0.4999999999999998,,,,UNEXPLAINED_JUMP,
VKSPL|INE213M01024|1,VKSPL,2016-12-20,0.15,0.1,-0.33333333333333326,,,,UNEXPLAINED_JUMP,
VKSPL|INE213M01024|1,VKSPL,2016-12-21,0.1,0.15,0.4999999999999998,,,,UNEXPLAINED_JUMP,
VSSL|INE050M01012|1,VSSL,2017-04-07,155.85,105.5,-0.3230670516522297,,,RIGHTS,EVENT_UNADJUSTABLE,
WEIZMANIND|NOISIN|5,WEIZMANIND,2020-03-16,23.35,14.0,-0.4004282655246253,,,DIVIDEND,UNEXPLAINED_JUMP,
WHEELS|NOISIN|1,WHEELS,2014-02-13,1054.55,749.55,-0.28922289128064105,,,RIGHTS,EVENT_UNADJUSTABLE,
WINSOME|INE784B01035|1,WINSOME,2019-09-30,0.15,0.1,-0.33333333333333326,,,,UNEXPLAINED_JUMP,
WINSOME|INE784B01035|1,WINSOME,2019-10-09,0.15,0.1,-0.33333333333333326,,,,UNEXPLAINED_JUMP,
WINSOME|INE784B01035|1,WINSOME,2019-10-10,0.1,0.15,0.4999999999999998,,,,UNEXPLAINED_JUMP,
WINSOME|INE784B01035|1,WINSOME,2019-10-11,0.15,0.1,-0.33333333333333326,,,,UNEXPLAINED_JUMP,
WIPRO|NOISIN|1,WIPRO,2013-04-09,448.8,393.7,-0.12277183600713015,,,SCHEME_DEMERGER,EVENT_UNADJUSTABLE,
WOCKPHARMA|NOISIN|2,WOCKPHARMA,2022-03-08,340.25,308.2,-0.09419544452608375,,,RIGHTS,EVENT_UNADJUSTABLE,
YESBANK|INE528G01035|1,YESBANK,2020-03-17,37.1,58.65,0.5808625336927222,,,,UNEXPLAINED_JUMP,
YESBANK|NOISIN|1,YESBANK,2018-09-21,319.2,226.5,-0.29041353383458646,,,,UNEXPLAINED_JUMP,
YESBANK|NOISIN|1,YESBANK,2019-04-30,237.2,168.0,-0.2917369308600337,,,,UNEXPLAINED_JUMP,
YESBANK|NOISIN|1,YESBANK,2020-03-06,36.8,16.15,-0.5611413043478262,,,,UNEXPLAINED_JUMP,
ZEENEWS|NOISIN|1,ZEEMEDIA,2015-03-16,17.4,17.1,-0.01724137931034464,,,RIGHTS,EVENT_UNADJUSTABLE,
ZEETELE|NOISIN|1,ZEEL,2014-03-03,268.7,267.3,-0.005210271678451672,,,NON_EQUITY_BONUS,EVENT_UNADJUSTABLE,
ZEETELE|NOISIN|1,ZEEL,2024-01-23,235.0,155.95,-0.3363829787234043,,,,UNEXPLAINED_JUMP,
ZUARI|INE840M01016|1,ZUARI,2019-09-13,97.6,102.3,0.04815573770491799,,,RIGHTS,EVENT_UNADJUSTABLE,
