entity_id,rows,first,last,research_grade,unresolved,gaps,adjusted,symbols,quality
20MICRONS|NOISIN|1,3598,2011-06-22,2026-09-30,3595,0,2,1,20MICRONS,NO_UNRESOLVED_DISCONTINUITY
21STCENMGM|INE253B01015|1,1762,2018-04-10,2026-09-30,1741,0,20,0,21STCENMGM,NO_UNRESOLVED_DISCONTINUITY
3BBLACKBIO|INE994E01018|1,114,2026-04-20,2026-09-30,113,0,0,0,3BBLACKBIO,NO_UNRESOLVED_DISCONTINUITY
3IINFOLTD|INE748C01038|1,1177,2021-11-08,2026-08-13,1175,1,0,0,3IINFOLTD,HAS_UNRESOLVED_DISCONTINUITY
3IINFOTECH|NOISIN|1,2190,2011-06-22,2021-06-08,2183,0,6,0,3IINFOTECH,NO_UNRESOLVED_DISCONTINUITY
3MINDIA|NOISIN|1,3768,2011-06-22,2026-09-30,3767,0,0,0,3MINDIA,NO_UNRESOLVED_DISCONTINUITY
4THDIM|INE382T01022|1,50,2022-09-22,2022-12-05,49,0,0,0,4THDIM,NO_UNRESOLVED_DISCONTINUITY
5PAISA|INE618L01018|1,2081,2017-11-30,2026-09-30,2076,2,2,0,5PAISA,HAS_UNRESOLVED_DISCONTINUITY
8KMILES|INE650K01013|1,2442,2014-01-29,2026-09-30,2433,0,8,1,8KMILES|SECURKLOUD,NO_UNRESOLVED_DISCONTINUITY
A2ZMES|NOISIN|1,3029,2011-06-22,2026-09-30,3016,0,12,0,A2ZMES|A2ZINFRA,NO_UNRESOLVED_DISCONTINUITY
AAATECH|INE0D0U01013|1,751,2022-11-28,2026-09-30,746,0,4,0,AAATECH,NO_UNRESOLVED_DISCONTINUITY
AADHARHFC|INE883F01010|1,589,2024-05-15,2026-09-30,588,0,0,0,AADHARHFC,NO_UNRESOLVED_DISCONTINUITY
AAKASH|INE087Z01016|1,1041,2020-09-29,2026-09-30,1033,0,7,1,AAKASH,NO_UNRESOLVED_DISCONTINUITY
AANJANEYA|NOISIN|1,912,2011-06-22,2015-05-21,910,0,1,0,AANJANEYA|DRDATSONS,NO_UNRESOLVED_DISCONTINUITY
AAREYDRUGS|INE198H01019|1,747,2021-08-06,2026-09-30,741,0,5,0,AAREYDRUGS,NO_UNRESOLVED_DISCONTINUITY
AARNAV|INE750R01016|1,119,2026-02-25,2026-08-20,118,0,0,0,AARNAV,NO_UNRESOLVED_DISCONTINUITY
AARON|INE721Z01010|1,1290,2020-11-06,2026-09-30,1286,0,3,1,AARON,NO_UNRESOLVED_DISCONTINUITY
AARTECH|INE01C001018|1,116,2023-07-10,2024-04-23,114,0,1,0,AARTECH,NO_UNRESOLVED_DISCONTINUITY
AARTECH|INE01C001026|1,409,2024-08-12,2026-07-09,407,0,1,0,AARTECH,NO_UNRESOLVED_DISCONTINUITY
AARTIDRUGS|NOISIN|2,3705,2011-06-22,2026-09-30,3703,0,1,2,AARTIDRUGS,NO_UNRESOLVED_DISCONTINUITY
AARTIIND|NOISIN|2,3758,2011-06-22,2026-09-30,3755,1,1,2,AARTIIND,HAS_UNRESOLVED_DISCONTINUITY
AARTIPHARM|INE0LRU01027|1,894,2023-02-13,2026-09-30,893,0,0,0,AARTIPHARM,NO_UNRESOLVED_DISCONTINUITY
AARTISURF|INE09EO01013|1,1285,2020-11-24,2026-08-14,1281,1,2,0,AARTISURF,HAS_UNRESOLVED_DISCONTINUITY
AARVEEDEN|NOISIN|3,3268,2011-06-22,2026-09-30,3255,0,12,1,AARVEEDEN|VGL,NO_UNRESOLVED_DISCONTINUITY
AARVI|INE754X01016|1,1551,2020-06-24,2026-09-30,1549,0,1,0,AARVI,NO_UNRESOLVED_DISCONTINUITY
AASTHA|INE2FMX01012|1,52,2026-07-20,2026-09-30,51,0,0,1,AASTHA,NO_UNRESOLVED_DISCONTINUITY
AAVAS|INE216P01012|1,1970,2018-10-08,2026-09-30,1969,0,0,0,AAVAS,NO_UNRESOLVED_DISCONTINUITY
ABANLLOYD|NOISIN|1,3010,2011-06-22,2025-09-04,3000,0,9,0,ABAN,NO_UNRESOLVED_DISCONTINUITY
ABANSENT|INE365O01028|1,46,2026-04-20,2026-09-30,44,0,1,0,ABANSENT,NO_UNRESOLVED_DISCONTINUITY
ABBOTINDIA|NOISIN|1,3768,2011-06-22,2026-09-30,3767,0,0,0,ABBOTINDIA,NO_UNRESOLVED_DISCONTINUITY
ABB|NOISIN|1,3758,2011-06-22,2026-09-30,3756,0,1,0,ABB,NO_UNRESOLVED_DISCONTINUITY
ABCAPITAL|INE674K01013|1,2230,2017-09-15,2026-09-30,2228,0,1,0,ABCAPITAL,NO_UNRESOLVED_DISCONTINUITY
ABCOTS|INE08PH01015|1,251,2025-09-24,2026-09-30,250,0,0,0,ABCOTS,NO_UNRESOLVED_DISCONTINUITY
ABDL|INE552Z01027|1,557,2024-07-02,2026-09-30,556,0,0,0,ABDL,NO_UNRESOLVED_DISCONTINUITY
ABGSEC|INF209KC1134|1,520,2024-07-10,2026-09-30,491,0,28,0,ABGSEC,NO_UNRESOLVED_DISCONTINUITY
ABGSHIP|NOISIN|1,1377,2011-06-22,2017-01-23,1376,0,0,0,ABGSHIP,NO_UNRESOLVED_DISCONTINUITY
ABHISHEK|NOISIN|5,414,2011-06-22,2013-06-04,410,0,3,0,ABHISHEK,NO_UNRESOLVED_DISCONTINUITY
ABINFRA|INE00YB01017|1,321,2025-01-13,2026-08-21,318,1,1,1,ABINFRA,HAS_UNRESOLVED_DISCONTINUITY
ABLBL|INE14LE01019|1,306,2025-07-07,2026-09-30,305,0,0,0,ABLBL,NO_UNRESOLVED_DISCONTINUITY
ABMINTLLTD|INE251C01025|1,512,2021-09-27,2026-08-17,495,0,16,0,ABMINTLLTD,NO_UNRESOLVED_DISCONTINUITY
ABMINTLTD|INE251C01017|1,130,2019-01-22,2021-07-26,121,0,8,0,ABMINTLTD,NO_UNRESOLVED_DISCONTINUITY
ABMKNO|INE850B01026|1,114,2026-04-20,2026-09-30,113,0,0,0,ABMKNO,NO_UNRESOLVED_DISCONTINUITY
ABSHEKINDS|NOISIN|3,3707,2011-06-22,2026-09-30,3705,0,1,1,TRIDENT,NO_UNRESOLVED_DISCONTINUITY
ABSIND|NOISIN|1,3768,2011-06-22,2026-09-30,3767,0,0,0,INEABS|STYABS|INEOSSTYRO|STYRENIX,NO_UNRESOLVED_DISCONTINUITY
ABSL10BANK|INF209KC1670|1,143,2026-03-04,2026-09-30,142,0,0,0,ABSL10BANK,NO_UNRESOLVED_DISCONTINUITY
ABSLAMC|INE404A01024|1,1228,2021-10-11,2026-09-30,1227,0,0,0,ABSLAMC,NO_UNRESOLVED_DISCONTINUITY
ABSLBANETF|INF209KB17D5|1,1197,2021-11-26,2026-09-30,1196,0,0,0,ABSLBANETF,NO_UNRESOLVED_DISCONTINUITY
ABSLBANETF|INF209KB1O58|1,500,2019-10-30,2021-11-25,485,1,13,0,ABSLBANETF,HAS_UNRESOLVED_DISCONTINUITY
ABSLLIQUID|INF209KB18T9|1,853,2023-03-16,2026-09-30,835,0,17,0,ABSLLIQUID,NO_UNRESOLVED_DISCONTINUITY
ABSLMSCIN|INF209KC1662|1,149,2026-02-20,2026-09-30,147,0,1,0,ABSLMSCIN,NO_UNRESOLVED_DISCONTINUITY
ABSLNN50ET|INF209KB16D7|1,1197,2021-11-26,2026-09-30,1196,0,0,0,ABSLNN50ET,NO_UNRESOLVED_DISCONTINUITY
ABSLNN50ET|INF209KB1B87|1,658,2018-12-27,2021-11-25,612,1,44,0,ABSLNN50ET,HAS_UNRESOLVED_DISCONTINUITY
ABSLPSE|INF209KB19Z4|1,584,2024-05-23,2026-09-30,583,0,0,0,ABSLPSE,NO_UNRESOLVED_DISCONTINUITY
ACCURACY|INE648Z01015|1,1064,2020-12-11,2026-07-01,1059,0,4,1,ACCURACY,NO_UNRESOLVED_DISCONTINUITY
ACC|NOISIN|1,3768,2011-06-22,2026-09-30,3767,0,0,0,ACC,NO_UNRESOLVED_DISCONTINUITY
ACEINTEG|INE543V01017|1,818,2022-11-04,2026-09-30,816,0,1,0,ACEINTEG,NO_UNRESOLVED_DISCONTINUITY
ACE|NOISIN|1,3752,2011-06-22,2026-09-30,3750,0,1,0,ACE,NO_UNRESOLVED_DISCONTINUITY
ACGL|INE451C01013|1,32,2026-08-17,2026-09-30,31,0,0,0,ACGL,NO_UNRESOLVED_DISCONTINUITY
ACI|INE128X01021|1,953,2022-11-21,2026-09-30,952,0,0,0,ACI,NO_UNRESOLVED_DISCONTINUITY
ACL|INE666E01020|1,725,2023-05-24,2026-09-30,722,0,2,0,ACL,NO_UNRESOLVED_DISCONTINUITY
ACMESOLAR|INE622W01025|1,464,2024-11-13,2026-09-30,463,0,0,0,ACMESOLAR,NO_UNRESOLVED_DISCONTINUITY
ACROPETAL|NOISIN|1,1041,2011-06-22,2016-05-20,1036,0,4,0,ACROPETAL,NO_UNRESOLVED_DISCONTINUITY
ACRYSIL|INE482D01024|1,1410,2021-01-14,2026-09-30,1409,0,0,0,ACRYSIL|CARYSIL,NO_UNRESOLVED_DISCONTINUITY
ACSTECH|INE366C01021|1,89,2026-04-20,2026-08-25,88,0,0,0,ACSTECH,NO_UNRESOLVED_DISCONTINUITY
ADANIEXPO|NOISIN|1,3768,2011-06-22,2026-09-30,3763,4,0,0,ADANIENT,HAS_UNRESOLVED_DISCONTINUITY
ADANIGAS|INE399L01023|1,1763,2018-11-20,2026-09-30,1760,0,2,0,ADANIGAS|ATGL,NO_UNRESOLVED_DISCONTINUITY
ADANIGREEN|INE364U01010|1,1970,2018-07-02,2026-09-30,1968,0,1,0,ADANIGREEN,NO_UNRESOLVED_DISCONTINUITY
ADANIPOWER|NOISIN|1,3564,2011-06-22,2026-09-30,3558,0,5,1,ADANIPOWER,NO_UNRESOLVED_DISCONTINUITY
ADANITRANS|INE931S01010|1,2561,2015-08-14,2026-09-30,2557,0,3,0,ADANITRANS|ADANIENSOL,NO_UNRESOLVED_DISCONTINUITY
ADDIND|INE757C01021|1,31,2026-08-18,2026-09-30,30,0,0,0,ADDIND,NO_UNRESOLVED_DISCONTINUITY
ADFFOODS|NOISIN|1,3768,2011-06-22,2026-09-30,3767,0,0,1,ADFFOODS,NO_UNRESOLVED_DISCONTINUITY
ADHUNIKIND|INE452L01012|1,1949,2016-07-01,2026-09-30,1937,0,11,0,ADHUNIKIND|INCREDIBLE,NO_UNRESOLVED_DISCONTINUITY
ADHUNIK|NOISIN|2,1828,2011-06-22,2019-08-22,1823,0,4,0,ADHUNIK,NO_UNRESOLVED_DISCONTINUITY
ADI|INE959A01019|1,2806,2015-05-08,2026-09-30,2804,0,1,0,ADI|FAIRCHEM|PRIVISCL,NO_UNRESOLVED_DISCONTINUITY
ADLABSFILM|NOISIN|1,588,2011-06-22,2014-04-28,584,0,3,0,RELMEDIA,NO_UNRESOLVED_DISCONTINUITY
ADLABS|INE172N01012|1,2437,2015-04-06,2026-09-30,2427,0,9,0,ADLABS|IMAGICAA,NO_UNRESOLVED_DISCONTINUITY
ADL|INE0CHO01012|1,494,2024-03-11,2026-09-30,489,0,4,0,ADL,NO_UNRESOLVED_DISCONTINUITY
ADORWELD|NOISIN|1,3731,2011-06-22,2026-09-30,3729,0,1,0,ADORWELD|ADOR,NO_UNRESOLVED_DISCONTINUITY
ADSL|NOISIN|1,3379,2011-06-22,2026-09-30,3371,0,7,0,ADSL,NO_UNRESOLVED_DISCONTINUITY
ADVAIT|INE0ALI01010|1,172,2026-01-20,2026-09-30,171,0,0,0,ADVAIT,NO_UNRESOLVED_DISCONTINUITY
ADVANCE|INE1B0W01010|1,231,2025-10-24,2026-09-30,230,0,0,0,ADVANCE,NO_UNRESOLVED_DISCONTINUITY
ADVANIHOTR|INE199C01026|1,3525,2011-06-23,2026-09-30,3393,0,131,1,ADVANIHOTR,NO_UNRESOLVED_DISCONTINUITY
ADVANTA|NOISIN|1,1232,2011-06-22,2016-07-29,1230,0,1,1,ADVANTA,NO_UNRESOLVED_DISCONTINUITY
ADVENTHTL|INE28GN01010|1,208,2025-11-27,2026-09-30,207,0,0,0,ADVENTHTL,NO_UNRESOLVED_DISCONTINUITY
ADVENZYMES|INE837H01012|1,2510,2016-08-01,2026-09-30,2509,0,0,1,ADVENZYMES,NO_UNRESOLVED_DISCONTINUITY
ADVIKCA|INE178T01024|1,32,2026-08-17,2026-09-30,31,0,0,0,ADVIKCA,NO_UNRESOLVED_DISCONTINUITY
AEGISCHEM|NOISIN|1,3768,2011-06-22,2026-09-30,3767,0,0,1,AEGISCHEM|AEGISLOG,NO_UNRESOLVED_DISCONTINUITY
AEGISVOPAK|INE0INX01018|1,331,2025-06-02,2026-09-30,330,0,0,0,AEGISVOPAK,NO_UNRESOLVED_DISCONTINUITY
AEPL|INE757T01025|1,116,2026-03-12,2026-09-30,114,0,1,0,AEPL,NO_UNRESOLVED_DISCONTINUITY
AEQUS|INE947N01017|1,199,2025-12-10,2026-09-30,198,0,0,0,AEQUS,NO_UNRESOLVED_DISCONTINUITY
AEROFLEX|INE024001021|1,759,2023-08-31,2026-09-30,758,0,0,0,AEROFLEX,NO_UNRESOLVED_DISCONTINUITY
AETHER|INE0BWX01014|1,1068,2022-06-03,2026-09-30,1067,0,0,0,AETHER,NO_UNRESOLVED_DISCONTINUITY
AFCONS|INE101I01011|1,471,2024-11-04,2026-09-30,470,0,0,0,AFCONS,NO_UNRESOLVED_DISCONTINUITY
AFFLE|INE00WC01019|1,1645,2019-08-08,2026-09-30,1642,0,2,1,AFFLE,NO_UNRESOLVED_DISCONTINUITY
AFFORDABLE|INE692Z01013|1,386,2024-10-23,2026-09-30,384,0,1,0,AFFORDABLE,NO_UNRESOLVED_DISCONTINUITY
AFIL|INE916Y01019|1,462,2024-07-10,2026-09-30,460,0,1,1,AFIL,NO_UNRESOLVED_DISCONTINUITY
AFL|NOISIN|4,2788,2011-06-22,2026-09-30,2772,0,15,0,AFL|INSPIRISYS,NO_UNRESOLVED_DISCONTINUITY
AFTEK|NOISIN|3,638,2011-06-22,2014-05-22,636,0,1,0,AFTEK,NO_UNRESOLVED_DISCONTINUITY
AGARIND|INE204E01012|1,2700,2014-05-26,2026-09-30,2697,0,2,0,AGARIND,NO_UNRESOLVED_DISCONTINUITY
AGARWALEYE|INE943P01029|1,408,2025-02-04,2026-09-30,407,0,0,0,AGARWALEYE,NO_UNRESOLVED_DISCONTINUITY
AGIIL|INE976R01017|1,548,2024-07-15,2026-09-30,547,0,0,2,AGIIL,NO_UNRESOLVED_DISCONTINUITY
AGLSL|INE517U01013|1,546,2017-08-03,2019-10-23,545,0,0,0,AGLSL,NO_UNRESOLVED_DISCONTINUITY
AGL|INE1YPB01014|1,53,2026-07-17,2026-09-30,52,0,0,0,AGL,NO_UNRESOLVED_DISCONTINUITY
AGRE|NOISIN|2,3048,2011-06-22,2026-09-30,3011,0,36,0,AGRE|FMNL,NO_UNRESOLVED_DISCONTINUITY
AGRITECH|INE449G01018|1,2226,2015-02-23,2026-09-30,2165,0,60,0,AGRITECH,NO_UNRESOLVED_DISCONTINUITY
AGRODUTCH|NOISIN|5,1130,2011-06-22,2016-09-26,1097,0,32,0,AGRODUTCH,NO_UNRESOLVED_DISCONTINUITY
AGROPHOS|INE740V01019|1,1693,2019-03-08,2026-09-30,1690,0,2,0,AGROPHOS,NO_UNRESOLVED_DISCONTINUITY
AGSTRA|INE583L01014|1,687,2022-01-31,2025-01-29,685,0,1,0,AGSTRA,NO_UNRESOLVED_DISCONTINUITY
AHCL|INE0Y8W01017|1,193,2025-09-17,2026-09-30,191,0,1,1,AHCL,NO_UNRESOLVED_DISCONTINUITY
AHLADA|INE00PV01013|1,1281,2021-01-28,2026-09-30,1278,0,2,0,AHLADA,NO_UNRESOLVED_DISCONTINUITY
AHLEAST|NOISIN|1,3596,2011-06-22,2026-09-30,3543,0,52,0,AHLEAST,NO_UNRESOLVED_DISCONTINUITY
AHLUCONT|NOISIN|1,3650,2011-06-22,2026-09-30,3647,0,2,0,AHLUCONT,NO_UNRESOLVED_DISCONTINUITY
AHLWEST|NOISIN|1,2376,2011-06-22,2026-04-22,2337,0,38,0,AHLWEST,NO_UNRESOLVED_DISCONTINUITY
AHL|INE00ZE01026|1,869,2022-12-23,2026-09-30,867,0,1,0,AHL|AFSL,NO_UNRESOLVED_DISCONTINUITY
AHMEDFORGE|NOISIN|2,2040,2011-06-22,2021-02-24,2030,0,9,0,AHMEDFORGE|METALFORGE,NO_UNRESOLVED_DISCONTINUITY
AIAENG|NOISIN|1,3768,2011-06-22,2026-09-30,3767,0,0,0,AIAENG,NO_UNRESOLVED_DISCONTINUITY
AIFL|INE428O01016|1,799,2015-12-02,2019-02-21,798,0,0,0,AIFL,NO_UNRESOLVED_DISCONTINUITY
AIIL|INE206F01022|1,604,2024-04-23,2026-09-30,603,0,0,1,AIIL,NO_UNRESOLVED_DISCONTINUITY
AIONJSW|INE743C01021|1,1086,2018-11-01,2023-08-09,1083,0,2,0,AIONJSW|JSWISPL,NO_UNRESOLVED_DISCONTINUITY
AIRAN|INE645W01026|1,1526,2019-05-03,2026-09-30,1520,0,5,0,AIRAN,NO_UNRESOLVED_DISCONTINUITY
AIRDECCAN|NOISIN|1,703,2011-06-22,2014-09-23,699,0,3,0,KFA,NO_UNRESOLVED_DISCONTINUITY
AIROLAM|INE801L01010|1,1156,2021-10-13,2026-09-30,1154,0,1,0,AIROLAM,NO_UNRESOLVED_DISCONTINUITY
AJANTPHARM|NOISIN|2,3768,2011-06-22,2026-09-30,3767,0,0,4,AJANTPHARM,NO_UNRESOLVED_DISCONTINUITY
AJAXENGG|INE274Y01021|1,399,2025-02-17,2026-09-30,398,0,0,0,AJAXENGG,NO_UNRESOLVED_DISCONTINUITY
AJOONI|INE820Y01013|1,1097,2021-05-07,2026-09-30,1090,2,4,1,AJOONI,HAS_UNRESOLVED_DISCONTINUITY
AKASH|INE737W01013|1,1313,2019-10-11,2026-09-30,1304,0,8,0,AKASH,NO_UNRESOLVED_DISCONTINUITY
AKCAPIT|INE701G01012|1,114,2026-04-20,2026-09-30,113,0,0,0,AKCAPIT,NO_UNRESOLVED_DISCONTINUITY
AKG|INE00Y801016|1,1265,2021-02-16,2026-09-30,1261,1,2,0,AKG,HAS_UNRESOLVED_DISCONTINUITY
AKI|INE642Z01018|1,30,2023-04-06,2023-05-22,29,0,0,0,AKI,NO_UNRESOLVED_DISCONTINUITY
AKI|INE642Z01026|1,400,2024-04-23,2026-09-08,397,0,2,0,AKI,NO_UNRESOLVED_DISCONTINUITY
AKRUTI|NOISIN|2,3140,2011-06-22,2026-09-30,3126,0,13,0,ACKRUTI|HUBTOWN,NO_UNRESOLVED_DISCONTINUITY
AKSHARCHEM|INE542B01011|1,2257,2017-03-28,2026-07-01,2255,0,1,0,AKSHARCHEM,NO_UNRESOLVED_DISCONTINUITY
AKSHAR|INE256Z01017|1,147,2022-05-23,2023-06-07,145,0,1,0,AKSHAR,NO_UNRESOLVED_DISCONTINUITY
AKSHAR|INE256Z01025|1,368,2023-10-09,2026-09-30,362,1,4,0,AKSHAR,HAS_UNRESOLVED_DISCONTINUITY
AKSHOPTFBR|NOISIN|7,3045,2011-06-22,2026-04-16,3035,0,9,0,AKSHOPTFBR,NO_UNRESOLVED_DISCONTINUITY
AKUMS|INE09XN01023|1,533,2024-08-06,2026-09-30,532,0,0,0,AKUMS,NO_UNRESOLVED_DISCONTINUITY
ALANKIT|INE914E01024|1,361,2015-06-30,2016-12-15,359,1,0,2,ALANKIT,HAS_UNRESOLVED_DISCONTINUITY
ALANKIT|INE914E01040|1,2252,2016-12-16,2026-09-30,2248,0,3,0,ALANKIT,NO_UNRESOLVED_DISCONTINUITY
ALBERTDAVD|INE155C01010|1,2411,2016-06-14,2026-09-30,2408,0,2,0,ALBERTDAVD,NO_UNRESOLVED_DISCONTINUITY
ALBK|NOISIN|1,2154,2011-06-22,2020-03-19,2153,0,0,0,ALBK,NO_UNRESOLVED_DISCONTINUITY
ALCHEM|NOISIN|1,1707,2011-06-22,2020-12-16,1705,0,1,0,ALCHEM,NO_UNRESOLVED_DISCONTINUITY
ALEMBICLTD|NOISIN|1,3758,2011-06-22,2026-09-30,3756,0,1,1,ALEMBICLTD,NO_UNRESOLVED_DISCONTINUITY
ALFALAVAL|NOISIN|1,198,2011-06-22,2012-04-11,197,0,0,0,ALFALAVAL,NO_UNRESOLVED_DISCONTINUITY
ALFREDHE|INE782D01027|1,29,2026-08-17,2026-09-29,26,0,2,0,ALFREDHE,NO_UNRESOLVED_DISCONTINUITY
ALGOQUANT|INE598D01035|1,181,2026-01-06,2026-09-30,180,0,0,0,ALGOQUANT,NO_UNRESOLVED_DISCONTINUITY
ALICON|INE062D01024|1,3508,2011-11-23,2026-09-30,3442,0,65,0,ALICON,NO_UNRESOLVED_DISCONTINUITY
ALKALI|NOISIN|1,3483,2011-06-22,2026-09-24,3475,0,7,0,ALKALI,NO_UNRESOLVED_DISCONTINUITY
ALKEM|INE540L01014|1,2659,2015-12-23,2026-09-30,2658,0,0,0,ALKEM,NO_UNRESOLVED_DISCONTINUITY
ALKYLAMINE|INE150B01013|1,3699,2011-06-22,2026-09-30,3656,0,42,2,ALKYLAMINE,NO_UNRESOLVED_DISCONTINUITY
ALLCARGO|NOISIN|1,3748,2011-06-22,2026-09-30,3745,0,2,2,ALLCARGO,NO_UNRESOLVED_DISCONTINUITY
ALLSEC|NOISIN|3,3403,2011-06-22,2026-09-30,3371,0,31,0,ALLSEC|ALLDIGI,NO_UNRESOLVED_DISCONTINUITY
ALLTIME|INE0GV601021|1,278,2025-08-14,2026-09-30,277,0,0,0,ALLTIME,NO_UNRESOLVED_DISCONTINUITY
ALMONDZ|NOISIN|2,3150,2011-06-22,2026-09-25,3087,0,62,1,ALMONDZ,NO_UNRESOLVED_DISCONTINUITY
ALOKINDS|INE270A01029|1,1377,2020-03-05,2026-09-30,1374,0,2,0,ALOKINDS,NO_UNRESOLVED_DISCONTINUITY
ALOKTEXT|NOISIN|1,1882,2011-06-22,2019-12-09,1877,1,3,0,ALOKTEXT,HAS_UNRESOLVED_DISCONTINUITY
ALPA|NOISIN|3,2528,2011-06-22,2026-09-30,2500,0,27,0,ALPA,NO_UNRESOLVED_DISCONTINUITY
ALPHAETF|INF769K01KU7|1,721,2023-10-27,2026-09-30,720,0,0,0,ALPHAETF,NO_UNRESOLVED_DISCONTINUITY
ALPHAGEO|NOISIN|3,3264,2011-06-22,2026-08-19,3254,0,9,0,ALPHAGEO,NO_UNRESOLVED_DISCONTINUITY
ALPINEHOU|INE840D01015|1,200,2011-12-30,2014-01-10,143,0,56,0,ALPINEHOU,NO_UNRESOLVED_DISCONTINUITY
ALPINETEX|INE1JCQ01037|1,41,2026-08-04,2026-09-30,40,0,0,0,ALPINETEX,NO_UNRESOLVED_DISCONTINUITY
ALPL30IETF|INF109KC17V7|1,592,2024-05-10,2026-09-30,591,0,0,0,ALPL30IETF,NO_UNRESOLVED_DISCONTINUITY
ALPSINDUS|NOISIN|3,1848,2011-06-22,2025-12-15,1786,0,61,0,ALPSINDUS,NO_UNRESOLVED_DISCONTINUITY
ALUFLUOR|INE058F01019|1,32,2026-08-17,2026-09-30,31,0,0,0,ALUFLUOR,NO_UNRESOLVED_DISCONTINUITY
AMAGI|INE121R01077|1,171,2026-01-21,2026-09-30,170,0,0,0,AMAGI,NO_UNRESOLVED_DISCONTINUITY
AMAL|INE841D01013|1,32,2026-08-17,2026-09-30,31,0,0,0,AMAL,NO_UNRESOLVED_DISCONTINUITY
AMANTA|INE084K01015|1,178,2025-09-23,2026-06-16,177,0,0,0,AMANTA,NO_UNRESOLVED_DISCONTINUITY
AMARAJABAT|NOISIN|2,3768,2011-06-22,2026-09-30,3767,0,0,1,AMARAJABAT|ARE&M,NO_UNRESOLVED_DISCONTINUITY
AMARJOTHI|NOISIN|1,758,2011-06-22,2026-09-30,666,0,91,0,AMARJOTHI,NO_UNRESOLVED_DISCONTINUITY
AMAR|NOISIN|1,525,2011-06-22,2013-08-01,524,0,0,0,AMAR,NO_UNRESOLVED_DISCONTINUITY
AMBALALSA|INE432A01017|1,86,2026-04-20,2026-08-20,85,0,0,0,AMBALALSA,NO_UNRESOLVED_DISCONTINUITY
AMBER|INE371P01015|1,2139,2018-01-30,2026-09-30,2138,0,0,0,AMBER,NO_UNRESOLVED_DISCONTINUITY
AMBICAAGAR|INE792B01012|1,1160,2021-04-29,2026-09-30,1156,0,3,0,AMBICAAGAR,NO_UNRESOLVED_DISCONTINUITY
AMBIKCO|NOISIN|1,3731,2011-06-22,2026-09-30,3702,0,28,0,AMBIKCO,NO_UNRESOLVED_DISCONTINUITY
AMDMET|NOISIN|1,3428,2011-06-22,2026-09-17,3391,0,36,0,AMDIND,NO_UNRESOLVED_DISCONTINUITY
AMIORG|INE00FF01017|1,1247,2021-09-14,2026-09-30,1246,0,0,1,AMIORG|ACUTAAS,NO_UNRESOLVED_DISCONTINUITY
AMIRCHAND|INE05TO01019|1,124,2026-04-02,2026-09-30,123,0,0,0,AMIRCHAND|AEROPLANE,NO_UNRESOLVED_DISCONTINUITY
AMLSTEEL|NOISIN|2,433,2011-06-22,2014-11-12,357,0,75,0,AMLSTEEL,NO_UNRESOLVED_DISCONTINUITY
AMNPLST|INE275D01022|1,711,2023-11-10,2026-09-30,710,0,0,0,AMNPLST,NO_UNRESOLVED_DISCONTINUITY
AMRUTANJAN|NOISIN|1,3734,2011-06-22,2026-09-30,3732,0,1,2,AMRUTANJAN,NO_UNRESOLVED_DISCONTINUITY
AMTEKAUTO|NOISIN|1,1610,2011-06-22,2018-03-28,1604,4,1,0,AMTEKAUTO,HAS_UNRESOLVED_DISCONTINUITY
AMTEKINDIA|NOISIN|1,1869,2011-06-22,2020-10-20,1859,0,9,1,AMTEKINDIA|CASTEXTECH,NO_UNRESOLVED_DISCONTINUITY
AMTL|INE436N01029|1,987,2012-08-23,2017-04-21,936,0,50,0,AMTL,NO_UNRESOLVED_DISCONTINUITY
AMTREXAPPL|NOISIN|2,3691,2011-06-22,2026-09-30,3687,1,2,0,HITACHIHOM|JCHAC|BOSCH-HCIL,HAS_UNRESOLVED_DISCONTINUITY
ANANDAMRUB|INE618N01014|1,1681,2015-12-15,2026-09-30,1635,0,45,1,ANANDAMRUB|BALAXI,NO_UNRESOLVED_DISCONTINUITY
ANANDRATHI|INE463V01026|1,1185,2021-12-14,2026-09-30,1184,0,0,2,ANANDRATHI,NO_UNRESOLVED_DISCONTINUITY
ANANTRAJ|NOISIN|1,3662,2011-06-22,2026-09-30,3658,0,3,0,ANANTRAJ,NO_UNRESOLVED_DISCONTINUITY
ANDHRABANK|NOISIN|1,2154,2011-06-22,2020-03-19,2153,0,0,0,ANDHRABANK,NO_UNRESOLVED_DISCONTINUITY
ANDHRACEMT|NOISIN|1,2128,2011-06-22,2023-03-02,2111,0,16,0,ANDHRACEMT,NO_UNRESOLVED_DISCONTINUITY
ANDHRSUGAR|NOISIN|1,3768,2011-06-22,2026-09-30,3767,0,0,1,ANDHRSUGAR,NO_UNRESOLVED_DISCONTINUITY
ANDREWYU|INE449C01025|1,583,2021-08-05,2026-09-30,581,0,1,0,ANDREWYU,NO_UNRESOLVED_DISCONTINUITY
ANGELBRKG|INE732I01013|1,1480,2020-10-05,2026-09-30,1479,0,0,1,ANGELBRKG|ANGELONE,NO_UNRESOLVED_DISCONTINUITY
ANGIND|NOISIN|2,1192,2011-06-22,2018-03-16,1176,0,15,0,ANGIND,NO_UNRESOLVED_DISCONTINUITY
ANIKINDS|NOISIN|1,2258,2011-06-22,2026-09-30,2245,0,12,0,ANIKINDS,NO_UNRESOLVED_DISCONTINUITY
ANKITMETAL|INE106I01010|1,1538,2013-03-14,2024-05-07,1517,0,20,0,ANKITMETAL,NO_UNRESOLVED_DISCONTINUITY
ANKURDRUGS|NOISIN|1,417,2011-06-22,2013-08-22,413,0,3,0,ANKURDRUGS,NO_UNRESOLVED_DISCONTINUITY
ANMOL|INE02AR01019|1,1156,2021-06-04,2026-09-16,1153,0,2,1,ANMOL,NO_UNRESOLVED_DISCONTINUITY
ANNAPURNA|INE0MGM01017|1,35,2026-08-12,2026-09-30,34,0,0,0,ANNAPURNA,NO_UNRESOLVED_DISCONTINUITY
ANNU|INE103001017|1,10,2026-09-17,2026-09-30,9,0,0,0,ANNU,NO_UNRESOLVED_DISCONTINUITY
ANSALBU|INE030C01015|1,31,2026-08-17,2026-09-30,29,0,1,0,ANSALBU,NO_UNRESOLVED_DISCONTINUITY
ANSALHSG|NOISIN|2,2594,2011-06-22,2022-10-12,2589,0,4,1,ANSALHSG,NO_UNRESOLVED_DISCONTINUITY
ANSALINFRA|NOISIN|1,2556,2011-06-22,2022-09-21,2549,0,6,0,ANSALAPI,NO_UNRESOLVED_DISCONTINUITY
ANTGRAPHIC|NOISIN|6,1355,2011-06-22,2026-09-30,1337,0,17,0,ANTGRAPHIC,NO_UNRESOLVED_DISCONTINUITY
ANTHEM|INE0CZ201020|1,296,2025-07-21,2026-09-30,295,0,0,0,ANTHEM,NO_UNRESOLVED_DISCONTINUITY
ANUHPHR|INE489G01022|1,439,2024-12-20,2026-09-30,438,0,0,1,ANUHPHR,NO_UNRESOLVED_DISCONTINUITY
ANUP|INE294Z01018|1,1860,2019-03-18,2026-09-30,1859,0,0,1,ANUP,NO_UNRESOLVED_DISCONTINUITY
ANURAS|INE930P01018|1,1363,2021-03-24,2026-09-30,1362,0,0,0,ANURAS,NO_UNRESOLVED_DISCONTINUITY
AONEGOLD|INF1J2R01114|1,261,2025-09-10,2026-09-30,260,0,0,0,AONEGOLD,NO_UNRESOLVED_DISCONTINUITY
AONELIQUID|INF1J2R01056|1,372,2025-03-28,2026-09-30,371,0,0,0,AONELIQUID,NO_UNRESOLVED_DISCONTINUITY
AONENIFTY|INF1J2R01064|1,334,2025-05-28,2026-09-30,333,0,0,0,AONENIFTY,NO_UNRESOLVED_DISCONTINUITY
AONESILVER|INF1J2R01171|1,144,2026-03-02,2026-09-30,143,0,0,0,AONESILVER,NO_UNRESOLVED_DISCONTINUITY
AONETMMQ50|INF1J2R01148|1,208,2025-11-27,2026-09-30,207,0,0,0,AONETMMQ50,NO_UNRESOLVED_DISCONTINUITY
AONETOTAL|INF1J2R01015|1,388,2025-03-05,2026-09-30,387,0,0,0,AONETOTAL,NO_UNRESOLVED_DISCONTINUITY
APARINDS|NOISIN|1,3768,2011-06-22,2026-09-30,3767,0,0,0,APARINDS,NO_UNRESOLVED_DISCONTINUITY
APCL|INE071F01012|1,2275,2017-04-10,2026-09-30,2272,1,1,0,APCL,HAS_UNRESOLVED_DISCONTINUITY
APCOTEXIND|NOISIN|2,3768,2011-06-22,2026-09-30,3767,0,0,3,APCOTEXIND,NO_UNRESOLVED_DISCONTINUITY
APEX|INE346W01013|1,2231,2017-09-18,2026-09-30,2230,0,0,0,APEX,NO_UNRESOLVED_DISCONTINUITY
APIL|NOISIN|1,3657,2011-06-22,2026-09-30,3654,0,2,0,APIL|AIL|GEPIL|GVPIL,NO_UNRESOLVED_DISCONTINUITY
APLAB|INE273A01015|1,288,2011-09-06,2013-08-27,207,0,80,0,APLAB,NO_UNRESOLVED_DISCONTINUITY
APLAPOLLO|INE702C01019|1,3649,2011-12-14,2026-09-30,3646,0,2,2,APLAPOLLO,NO_UNRESOLVED_DISCONTINUITY
APLLTD|INE901L01018|1,3697,2011-10-04,2026-09-30,3696,0,0,0,APLLTD,NO_UNRESOLVED_DISCONTINUITY
APOLLOHOSP|NOISIN|1,3768,2011-06-22,2026-09-30,3767,0,0,0,APOLLOHOSP,NO_UNRESOLVED_DISCONTINUITY
APOLLOPIPE|INE126J01016|1,1704,2019-11-11,2026-09-30,1703,0,0,1,APOLLOPIPE,NO_UNRESOLVED_DISCONTINUITY
APOLLOTYRE|NOISIN|1,3768,2011-06-22,2026-09-30,3767,0,0,0,APOLLOTYRE,NO_UNRESOLVED_DISCONTINUITY
APOLLO|INE713T01010|1,1965,2018-02-06,2026-09-30,1960,0,4,1,APOLLO,NO_UNRESOLVED_DISCONTINUITY
APOLSINHOT|INE451F01016|1,2303,2016-02-22,2026-09-30,2267,0,35,1,APOLSINHOT,NO_UNRESOLVED_DISCONTINUITY
APOORVA|INE217S01014|1,21,2026-08-20,2026-09-30,16,0,4,0,APOORVA,NO_UNRESOLVED_DISCONTINUITY
APPAPER|NOISIN|2,3768,2011-06-22,2026-09-30,3767,0,0,1,APPAPER|IPAPPM|ANDPAPER|ANDHRAPAP,NO_UNRESOLVED_DISCONTINUITY
APTECHT|NOISIN|1,3612,2011-06-22,2026-09-30,3608,0,3,1,APTECHT,NO_UNRESOLVED_DISCONTINUITY
APTUS|INE852O01025|1,1261,2021-08-24,2026-09-30,1260,0,0,0,APTUS,NO_UNRESOLVED_DISCONTINUITY
AQUA|NOISIN|1,610,2011-06-22,2013-12-09,609,0,0,0,AQUA,NO_UNRESOLVED_DISCONTINUITY
ARCHIDPLY|NOISIN|2,3158,2011-06-22,2026-09-30,3113,0,44,0,ARCHIDPLY,NO_UNRESOLVED_DISCONTINUITY
ARCHIES|NOISIN|2,3280,2011-06-22,2026-09-30,3270,0,9,0,ARCHIES,NO_UNRESOLVED_DISCONTINUITY
ARCIL|INE148G01016|1,10,2026-09-17,2026-09-30,9,0,0,0,ARCIL,NO_UNRESOLVED_DISCONTINUITY
ARCL|INE372M01010|1,32,2026-08-17,2026-09-30,31,0,0,0,ARCL,NO_UNRESOLVED_DISCONTINUITY
ARCOTECH|INE574I01027|1,1276,2014-04-16,2020-12-16,1270,0,5,1,ARCOTECH,NO_UNRESOLVED_DISCONTINUITY
ARDEE|INE0XNF01022|1,35,2026-08-12,2026-09-30,34,0,0,0,ARDEE,NO_UNRESOLVED_DISCONTINUITY
ARENTERP|INE610C01014|1,1334,2018-01-12,2026-09-30,1263,0,70,0,ARENTERP,NO_UNRESOLVED_DISCONTINUITY
AREVA|NOISIN|1,3394,2011-06-22,2026-09-30,3389,1,3,0,AREVAT&D|ALSTOMT&D|GET&D|GVT&D,HAS_UNRESOLVED_DISCONTINUITY
ARFIN|INE784R01023|1,229,2025-07-22,2026-09-30,227,0,1,0,ARFIN,NO_UNRESOLVED_DISCONTINUITY
ARIES|NOISIN|3,3629,2011-06-22,2026-09-07,3626,0,2,0,ARIES,NO_UNRESOLVED_DISCONTINUITY
ARIHANTCAP|INE420B01028|1,1309,2021-06-15,2026-09-30,1308,0,0,1,ARIHANTCAP,NO_UNRESOLVED_DISCONTINUITY
ARIHANTSUP|INE643K01018|1,2132,2017-03-28,2026-09-30,2127,0,4,0,ARIHANTSUP,NO_UNRESOLVED_DISCONTINUITY
ARIHANT|NOISIN|3,1769,2011-06-22,2026-09-30,1633,0,135,0,ARIHANT,NO_UNRESOLVED_DISCONTINUITY
ARISINFRA|INE0H9P01028|1,314,2025-06-25,2026-09-30,313,0,0,0,ARISINFRA|ARIS,NO_UNRESOLVED_DISCONTINUITY
ARKADE|INE0QRL01017|1,499,2024-09-24,2026-09-30,498,0,0,0,ARKADE,NO_UNRESOLVED_DISCONTINUITY
ARL|NOISIN|3,219,2011-06-22,2012-05-11,218,0,0,0,ARL,NO_UNRESOLVED_DISCONTINUITY
ARMANFIN|INE109C01017|1,2442,2016-06-14,2026-09-30,2439,0,2,0,ARMANFIN,NO_UNRESOLVED_DISCONTINUITY
ARMEE|INE0TWE01016|1,1,2026-09-30,2026-09-30,0,0,0,0,ARMEE,NO_UNRESOLVED_DISCONTINUITY
AROGRANITE|NOISIN|1,3560,2011-06-22,2026-09-30,3486,0,73,0,AROGRANITE,NO_UNRESOLVED_DISCONTINUITY
ARROWCOAT|INE570D01018|1,2222,2015-05-21,2026-09-30,2210,1,10,0,ARROWCOAT|ARROWGREEN,HAS_UNRESOLVED_DISCONTINUITY
ARROWGROUP|NOISIN|2,3768,2011-06-22,2026-09-30,3767,0,0,0,DELTACORP,NO_UNRESOLVED_DISCONTINUITY
ARROWTEX|NOISIN|4,1909,2011-06-22,2020-01-01,1854,0,54,0,ARROWTEX,NO_UNRESOLVED_DISCONTINUITY
ARSHIYA|NOISIN|1,2573,2011-06-22,2023-12-13,2564,0,8,0,ARSHIYA,NO_UNRESOLVED_DISCONTINUITY
ARSSBL|INE549H01021|1,247,2025-09-30,2026-09-30,246,0,0,0,ARSSBL,NO_UNRESOLVED_DISCONTINUITY
ARSSINFRA|NOISIN|1,2172,2011-06-22,2022-05-24,2161,0,10,0,ARSSINFRA,NO_UNRESOLVED_DISCONTINUITY
ARTEMISMED|INE025R01013|1,1569,2020-02-06,2026-09-30,1566,0,2,1,ARTEMISMED,NO_UNRESOLVED_DISCONTINUITY
ARTNIRMAN|INE738V01013|1,720,2021-10-20,2026-09-30,704,0,15,0,ARTNIRMAN,NO_UNRESOLVED_DISCONTINUITY
ARVEE|INE006Z01016|1,786,2021-03-22,2026-09-30,772,0,13,0,ARVEE,NO_UNRESOLVED_DISCONTINUITY
ARVINDFASN|INE955V01021|1,1856,2019-03-25,2026-09-30,1853,2,0,0,ARVINDFASN,HAS_UNRESOLVED_DISCONTINUITY
ARVINDMILL|NOISIN|1,3768,2011-06-22,2026-09-30,3765,2,0,0,ARVIND,HAS_UNRESOLVED_DISCONTINUITY
ARVINDREM|INE211C01037|1,813,2012-06-08,2015-09-24,812,0,0,0,ARVINDREM,NO_UNRESOLVED_DISCONTINUITY
ARVINFRA|INE034S01021|1,2652,2015-09-09,2026-09-30,2649,0,2,0,ARVINFRA|ARVSMART,NO_UNRESOLVED_DISCONTINUITY
ARYAMAN|INE032E01017|1,32,2026-08-17,2026-09-30,31,0,0,0,ARYAMAN,NO_UNRESOLVED_DISCONTINUITY
ASAHIINDIA|NOISIN|2,3768,2011-06-22,2026-09-30,3766,1,0,0,ASAHIINDIA,HAS_UNRESOLVED_DISCONTINUITY
ASAHISONG|INE228I01012|1,3533,2011-08-29,2026-07-30,3526,0,6,0,ASAHISONG,NO_UNRESOLVED_DISCONTINUITY
ASALCBR|INE073G01016|1,1639,2020-02-12,2026-09-30,1638,0,0,0,ASALCBR,NO_UNRESOLVED_DISCONTINUITY
ASAL|NOISIN|3,3282,2011-06-22,2026-09-30,3221,0,60,0,ASAL,NO_UNRESOLVED_DISCONTINUITY
ASHAPURMIN|NOISIN|2,3299,2011-06-22,2026-09-30,3286,0,12,0,ASHAPURMIN,NO_UNRESOLVED_DISCONTINUITY
ASHCONIUL|NOISIN|3,267,2011-06-22,2013-07-18,260,0,6,0,ASHCONIUL,NO_UNRESOLVED_DISCONTINUITY
ASHIANA|INE365D01013|1,3763,2011-06-29,2026-09-30,3762,0,0,1,ASHIANA,NO_UNRESOLVED_DISCONTINUITY
ASHIKA|INE094B01013|1,78,2026-04-20,2026-08-10,77,0,0,0,ASHIKA|ASHIKAG,NO_UNRESOLVED_DISCONTINUITY
ASHIMASYN|NOISIN|10,2936,2011-06-22,2026-09-30,2877,1,57,0,ASHIMASYN,HAS_UNRESOLVED_DISCONTINUITY
ASHOKAMET|INE760Y01011|1,582,2023-06-27,2026-09-30,578,0,3,0,ASHOKAMET,NO_UNRESOLVED_DISCONTINUITY
ASHOKA|NOISIN|1,3768,2011-06-22,2026-09-30,3767,0,0,2,ASHOKA,NO_UNRESOLVED_DISCONTINUITY
ASHOKLEY|NOISIN|1,3768,2011-06-22,2026-09-30,3767,0,0,2,ASHOKLEY,NO_UNRESOLVED_DISCONTINUITY
ASIANELEC|NOISIN|3,242,2011-06-22,2013-10-24,238,0,3,0,ASIANELEC,NO_UNRESOLVED_DISCONTINUITY
ASIANENE|INE276G01015|1,1093,2021-12-09,2026-09-30,1090,0,2,0,ASIANENE,NO_UNRESOLVED_DISCONTINUITY
ASIANHOTNR|NOISIN|1,3278,2011-06-22,2026-09-30,3252,0,25,0,ASIANHOTNR,NO_UNRESOLVED_DISCONTINUITY
ASIANPAINT|NOISIN|1,3768,2011-06-22,2026-09-30,3767,0,0,1,ASIANPAINT,NO_UNRESOLVED_DISCONTINUITY
ASIANTILES|NOISIN|2,3544,2011-06-22,2026-09-30,3512,2,29,0,ASIANTILES,HAS_UNRESOLVED_DISCONTINUITY
ASIANTNE|INE822B01017|1,32,2026-08-17,2026-09-30,31,0,0,0,ASIANTNE,NO_UNRESOLVED_DISCONTINUITY
ASIL|INE988A01026|1,366,2011-06-24,2017-08-02,182,0,183,0,ASIL,NO_UNRESOLVED_DISCONTINUITY
ASKAUTOLTD|INE491J01022|1,709,2023-11-15,2026-09-30,708,0,0,0,ASKAUTOLTD,NO_UNRESOLVED_DISCONTINUITY
ASMS|INE855F01042|1,554,2023-03-01,2026-09-30,548,0,5,0,ASMS,NO_UNRESOLVED_DISCONTINUITY
ASPINWALL|INE991I01015|1,2246,2017-08-23,2026-09-30,2243,0,2,0,ASPINWALL,NO_UNRESOLVED_DISCONTINUITY
ASSAMCO|NOISIN|3,1708,2011-06-22,2019-02-27,1701,0,6,0,ASSAMCO,NO_UNRESOLVED_DISCONTINUITY
ASSAMENT|INE165G01010|1,19,2026-08-17,2026-09-30,12,0,6,0,ASSAMENT,NO_UNRESOLVED_DISCONTINUITY
ASTAR|INE194D01017|1,101,2026-04-20,2026-09-30,91,0,9,0,ASTAR,NO_UNRESOLVED_DISCONTINUITY
ASTEC|NOISIN|1,3587,2011-06-22,2026-09-30,3567,1,18,0,ASTEC,HAS_UNRESOLVED_DISCONTINUITY
ASTERDM|INE914M01019|1,2121,2018-02-26,2026-09-30,2120,0,0,0,ASTERDM,NO_UNRESOLVED_DISCONTINUITY
ASTERSILI|NOISIN|2,771,2011-06-22,2016-05-19,731,0,39,0,ASTERSILI|SHRIASTER,NO_UNRESOLVED_DISCONTINUITY
ASTRAIDL|NOISIN|1,3768,2011-06-22,2026-09-30,3767,0,0,0,ASTRAZEN,NO_UNRESOLVED_DISCONTINUITY
ASTRAL|NOISIN|1,3768,2011-06-22,2026-09-30,3766,1,0,4,ASTRAL,HAS_UNRESOLVED_DISCONTINUITY
ASTRAMICRO|NOISIN|1,3768,2011-06-22,2026-09-30,3767,0,0,0,ASTRAMICRO,NO_UNRESOLVED_DISCONTINUITY
ASTRON|INE646X01014|1,1768,2018-01-12,2026-04-16,1764,0,3,0,ASTRON,NO_UNRESOLVED_DISCONTINUITY
ATALREAL|INE0ALR01011|1,88,2023-05-12,2023-09-14,87,0,0,0,ATALREAL,NO_UNRESOLVED_DISCONTINUITY
ATALREAL|INE0ALR01029|1,409,2024-01-29,2026-09-30,405,0,3,0,ATALREAL,NO_UNRESOLVED_DISCONTINUITY
ATAM|INE09KD01013|1,722,2023-05-10,2026-09-30,719,0,2,0,ATAM,NO_UNRESOLVED_DISCONTINUITY
ATFL|NOISIN|3,3768,2011-06-22,2026-09-30,3767,0,0,0,ATFL|SUNDROP,NO_UNRESOLVED_DISCONTINUITY
ATHERENERG|INE0LEZ01016|1,350,2025-05-06,2026-09-30,349,0,0,0,ATHERENERG,NO_UNRESOLVED_DISCONTINUITY
ATLANTAELE|INE0Z4F01028|1,230,2025-09-29,2026-09-30,227,0,2,0,ATLANTAELE,NO_UNRESOLVED_DISCONTINUITY
ATLANTA|NOISIN|1,2968,2011-06-22,2026-09-30,2955,0,12,0,ATLANTA|ATLANTAA,NO_UNRESOLVED_DISCONTINUITY
ATLASCYCLE|INE446A01025|1,277,2025-01-03,2026-09-30,274,0,2,0,ATLASCYCLE,NO_UNRESOLVED_DISCONTINUITY
ATLASCYCLE|NOISIN|3,1303,2011-06-22,2017-01-18,1300,0,2,0,ATLASCYCLE,NO_UNRESOLVED_DISCONTINUITY
ATL|INE0NN701020|1,763,2023-08-25,2026-09-30,761,1,0,0,ATL,HAS_UNRESOLVED_DISCONTINUITY
ATNINTER|NOISIN|6,817,2011-06-22,2017-02-01,725,0,91,0,ATNINTER,NO_UNRESOLVED_DISCONTINUITY
ATULAUTO|INE951D01010|1,3149,2013-06-26,2026-09-30,3146,0,2,1,ATULAUTO,NO_UNRESOLVED_DISCONTINUITY
ATULPROD|NOISIN|1,3768,2011-06-22,2026-09-30,3767,0,0,0,ATUL,NO_UNRESOLVED_DISCONTINUITY
AUBANK|INE949L01017|1,2279,2017-07-10,2026-09-30,2278,0,0,1,AUBANK,NO_UNRESOLVED_DISCONTINUITY
AUGMONT|INE16W401027|1,22,2026-08-31,2026-09-30,21,0,0,0,AUGMONT,NO_UNRESOLVED_DISCONTINUITY
AURIONPRO|NOISIN|6,3406,2011-06-22,2026-09-30,3370,0,35,1,AURIONPRO,NO_UNRESOLVED_DISCONTINUITY
AUROPHARMA|NOISIN|1,3768,2011-06-22,2026-09-30,3767,0,0,1,AUROPHARMA,NO_UNRESOLVED_DISCONTINUITY
AUSOMENT|NOISIN|2,2512,2011-06-22,2026-09-30,2365,0,146,0,AUSOMENT,NO_UNRESOLVED_DISCONTINUITY
AUSTENG|INE759F01012|1,32,2026-08-17,2026-09-30,31,0,0,0,AUSTENG,NO_UNRESOLVED_DISCONTINUITY
AUSTRAL|NOISIN|2,1069,2011-06-22,2017-05-19,1060,0,8,0,AUSTRAL,NO_UNRESOLVED_DISCONTINUITY
AUTOAXLES|NOISIN|2,3764,2011-06-22,2026-09-30,3759,0,4,0,AUTOAXLES,NO_UNRESOLVED_DISCONTINUITY
AUTOIETF|INF109KC10V2|1,636,2024-03-01,2026-09-30,635,0,0,0,AUTOIETF,NO_UNRESOLVED_DISCONTINUITY
AUTOIND|NOISIN|4,3307,2011-06-22,2026-09-30,3297,0,9,0,AUTOIND,NO_UNRESOLVED_DISCONTINUITY
AUTOLITIND|NOISIN|3,2016,2011-06-22,2021-01-22,1975,0,40,0,AUTOLITIND,NO_UNRESOLVED_DISCONTINUITY
AVADHSUGAR|INE349W01017|1,2122,2017-11-22,2026-09-30,2120,0,1,1,AVADHSUGAR,NO_UNRESOLVED_DISCONTINUITY
AVAILFC|INE325G01010|1,31,2026-04-20,2026-06-03,30,0,0,0,AVAILFC,NO_UNRESOLVED_DISCONTINUITY
AVALON|INE0LCL01028|1,853,2023-04-18,2026-09-30,852,0,0,0,AVALON,NO_UNRESOLVED_DISCONTINUITY
AVANCE|INE758A01072|1,32,2026-08-17,2026-09-30,31,0,0,0,AVANCE,NO_UNRESOLVED_DISCONTINUITY
AVANTEL|INE005B01027|1,537,2024-07-31,2026-09-30,535,1,0,0,AVANTEL,HAS_UNRESOLVED_DISCONTINUITY
AVANTI|NOISIN|2,3476,2011-06-22,2026-09-30,3470,0,5,2,AVANTI|AVANTIFEED,NO_UNRESOLVED_DISCONTINUITY
AVAYAGCL|NOISIN|2,3191,2011-06-22,2026-09-30,3180,0,10,2,AGCNET|BBOX,NO_UNRESOLVED_DISCONTINUITY
AVENTIS|NOISIN|1,3758,2011-06-22,2026-09-30,3756,0,1,0,AVENTIS|SANOFI,NO_UNRESOLVED_DISCONTINUITY
AVG|INE680Z01018|1,694,2023-05-12,2026-07-03,691,1,1,0,AVG,HAS_UNRESOLVED_DISCONTINUITY
AVL|INE679V01027|1,469,2024-11-06,2026-09-30,468,0,0,0,AVL,NO_UNRESOLVED_DISCONTINUITY
AVONMORE|INE323B01016|1,293,2023-01-04,2024-06-18,291,0,1,0,AVONMORE,NO_UNRESOLVED_DISCONTINUITY
AVONMORE|INE323B01024|1,340,2024-11-11,2026-09-30,337,1,1,0,AVONMORE,HAS_UNRESOLVED_DISCONTINUITY
AVROIND|INE652Z01017|1,902,2022-04-07,2026-09-30,897,0,4,1,AVROIND,NO_UNRESOLVED_DISCONTINUITY
AVTNPL|NOISIN|1,3768,2011-06-22,2026-09-30,3767,0,0,2,AVTNPL,NO_UNRESOLVED_DISCONTINUITY
AWFIS|INE108V01019|1,579,2024-05-30,2026-09-30,578,0,0,0,AWFIS,NO_UNRESOLVED_DISCONTINUITY
AWHCL|INE01BK01022|1,1419,2021-01-01,2026-09-30,1418,0,0,0,AWHCL,NO_UNRESOLVED_DISCONTINUITY
AWL|INE699H01024|1,1075,2022-02-08,2026-09-30,1073,0,1,0,AWL,NO_UNRESOLVED_DISCONTINUITY
AXIS-IT&T|NOISIN|8,3252,2011-06-22,2026-09-30,3241,0,10,0,AXIS-IT&T|AXISCADES,NO_UNRESOLVED_DISCONTINUITY
AXISBNKETF|INF846K01X63|1,1454,2020-11-09,2026-09-30,1452,0,1,0,AXISBNKETF|BNKETFAXIS,NO_UNRESOLVED_DISCONTINUITY
AXISBPSETF|INF846K01Z04|1,1222,2021-05-18,2026-04-28,1221,0,0,0,AXISBPSETF,NO_UNRESOLVED_DISCONTINUITY
AXISCETF|INF846K016C7|1,1240,2021-09-23,2026-09-30,1239,0,0,0,AXISCETF|CONSUMAXIS,NO_UNRESOLVED_DISCONTINUITY
AXISGOLD|INF846K01W80|1,1529,2020-07-27,2026-09-30,1528,0,0,0,AXISGOLD|GOLDAXIS,NO_UNRESOLVED_DISCONTINUITY
AXISGOLD|NOISIN|1,2238,2011-06-22,2020-07-23,2236,1,0,0,AXISGOLD,HAS_UNRESOLVED_DISCONTINUITY
AXISHCETF|INF846K01Z12|1,1326,2021-05-21,2026-09-30,1325,0,0,0,AXISHCETF|HEALTHAXIS,NO_UNRESOLVED_DISCONTINUITY
AXISILVER|INF846K011K1|1,989,2022-09-27,2026-09-30,988,0,0,0,AXISILVER|SILVERAXIS,NO_UNRESOLVED_DISCONTINUITY
AXISNIFTY|INF846K01W98|1,1529,2020-07-27,2026-09-30,1528,0,0,0,AXISNIFTY|NIFTYAXIS,NO_UNRESOLVED_DISCONTINUITY
AXISNIFTY|INF846K01ZL0|1,734,2017-07-10,2020-07-23,719,1,13,0,AXISNIFTY,HAS_UNRESOLVED_DISCONTINUITY
AXISTECETF|INF846K01Y96|1,1359,2021-03-31,2026-09-30,1358,0,0,0,AXISTECETF|ITAXIS,NO_UNRESOLVED_DISCONTINUITY
AXISVALUE|INF846KA1119|1,378,2025-03-20,2026-09-30,377,0,0,0,AXISVALUE|VALUEAXIS,NO_UNRESOLVED_DISCONTINUITY
AXITA|INE02EZ01014|1,918,2022-06-21,2026-09-30,915,0,2,3,AXITA,NO_UNRESOLVED_DISCONTINUITY
AXSENSEX|INF846K010Q0|1,863,2023-03-29,2026-09-30,862,0,0,0,AXSENSEX|SENSEXAXIS,NO_UNRESOLVED_DISCONTINUITY
AXTEL|INE767C01012|1,32,2026-08-17,2026-09-30,31,0,0,0,AXTEL,NO_UNRESOLVED_DISCONTINUITY
AYE|INE501X01029|1,154,2026-02-16,2026-09-30,153,0,0,0,AYE,NO_UNRESOLVED_DISCONTINUITY
AZADIND|INE566M01017|1,32,2026-08-17,2026-09-30,31,0,0,0,AZADIND,NO_UNRESOLVED_DISCONTINUITY
AZAD|INE02IJ01035|1,680,2023-12-28,2026-09-30,679,0,0,0,AZAD,NO_UNRESOLVED_DISCONTINUITY
BAFNAPHARM|INE878I01014|1,1562,2012-11-12,2019-05-31,1559,0,2,0,BAFNAPHARM,NO_UNRESOLVED_DISCONTINUITY
BAFNAPH|INE878I01022|1,437,2020-03-17,2026-06-09,430,0,6,0,BAFNAPH,NO_UNRESOLVED_DISCONTINUITY
BAGFILMS|NOISIN|6,2776,2011-06-22,2026-09-30,2756,0,19,0,BAGFILMS,NO_UNRESOLVED_DISCONTINUITY
BAGYAMETAL|NOISIN|1,1382,2011-06-22,2017-03-09,1366,0,15,0,BHAGYNAGAR,NO_UNRESOLVED_DISCONTINUITY
BAIDFIN|INE020D01022|1,758,2023-01-20,2026-09-30,753,1,3,0,BAIDFIN,HAS_UNRESOLVED_DISCONTINUITY
BAJAJ-AUTO|NOISIN|1,3768,2011-06-22,2026-09-30,3767,0,0,0,BAJAJ-AUTO,NO_UNRESOLVED_DISCONTINUITY
BAJAJAUTO|NOISIN|1,3768,2011-06-22,2026-09-30,3767,0,0,0,BAJAJHLDNG,NO_UNRESOLVED_DISCONTINUITY
BAJAJCORP|NOISIN|1,3768,2011-06-22,2026-09-30,3767,0,0,0,BAJAJCORP|BAJAJCON,NO_UNRESOLVED_DISCONTINUITY
BAJAJELEC|NOISIN|1,3758,2011-06-22,2026-09-30,3755,1,1,0,BAJAJELEC,HAS_UNRESOLVED_DISCONTINUITY
BAJAJFINSV|NOISIN|1,3768,2011-06-22,2026-09-30,3766,1,0,1,BAJAJFINSV,HAS_UNRESOLVED_DISCONTINUITY
BAJAJHCARE|INE411U01027|1,1198,2021-11-25,2026-09-30,1197,0,0,0,BAJAJHCARE,NO_UNRESOLVED_DISCONTINUITY
BAJAJHFL|INE377Y01014|1,505,2024-09-16,2026-09-30,504,0,0,0,BAJAJHFL,NO_UNRESOLVED_DISCONTINUITY
BAJAJHIND|NOISIN|1,3696,2011-06-22,2026-09-30,3692,1,2,0,BAJAJHIND,HAS_UNRESOLVED_DISCONTINUITY
BAJAJINDEF|INE0O9T01021|1,385,2025-03-10,2026-09-30,384,0,0,0,BAJAJINDEF,NO_UNRESOLVED_DISCONTINUITY
BAJAJST|INE704G01024|1,114,2026-04-20,2026-09-30,113,0,0,0,BAJAJST,NO_UNRESOLVED_DISCONTINUITY
BAJAUTOFIN|NOISIN|1,3768,2011-06-22,2026-09-30,3766,1,0,2,BAJFINANCE,HAS_UNRESOLVED_DISCONTINUITY
BAJEL|INE0KQN01018|1,618,2024-01-03,2026-09-30,616,0,1,0,BAJEL,NO_UNRESOLVED_DISCONTINUITY
BALAJEE|INE0S2G01011|1,497,2024-09-26,2026-09-30,496,0,0,0,BALAJEE,NO_UNRESOLVED_DISCONTINUITY
BALAJITELE|NOISIN|1,3548,2011-06-22,2026-09-30,3543,0,4,0,BALAJITELE,NO_UNRESOLVED_DISCONTINUITY
BALAMINES|NOISIN|1,3768,2011-06-22,2026-09-30,3767,0,0,0,BALAMINES,NO_UNRESOLVED_DISCONTINUITY
BALKRISIND|NOISIN|1,3758,2011-06-22,2026-09-30,3756,0,1,1,BALKRISIND,NO_UNRESOLVED_DISCONTINUITY
BALLARPUR|NOISIN|1,2166,2011-06-22,2020-11-27,2163,0,2,0,BALLARPUR,NO_UNRESOLVED_DISCONTINUITY
BALMLAWRIE|NOISIN|1,3768,2011-06-22,2026-09-30,3767,0,0,3,BALMLAWRIE,NO_UNRESOLVED_DISCONTINUITY
BALPHARMA|NOISIN|4,3469,2011-06-22,2026-09-30,3426,0,42,0,BALPHARMA,NO_UNRESOLVED_DISCONTINUITY
BALRAMCHIN|NOISIN|1,3768,2011-06-22,2026-09-30,3767,0,0,0,BALRAMCHIN,NO_UNRESOLVED_DISCONTINUITY
BALUFORGE|INE011E01029|1,542,2024-04-29,2026-09-30,540,0,1,0,BALUFORGE,NO_UNRESOLVED_DISCONTINUITY
BANARBEADS|INE655B01011|1,2935,2013-06-28,2026-09-30,2895,0,39,0,BANARBEADS,NO_UNRESOLVED_DISCONTINUITY
BANARISUG|NOISIN|1,3730,2011-06-22,2026-09-30,3700,0,29,0,BANARISUG,NO_UNRESOLVED_DISCONTINUITY
BANCOINDIA|NOISIN|1,3768,2011-06-22,2026-09-30,3766,1,0,1,BANCOINDIA,HAS_UNRESOLVED_DISCONTINUITY
BANDHANBNK|INE545U01014|1,2101,2018-03-27,2026-09-30,2100,0,0,0,BANDHANBNK,NO_UNRESOLVED_DISCONTINUITY
BANG|NOISIN|4,3073,2011-06-22,2026-09-30,2980,0,92,0,BANG,NO_UNRESOLVED_DISCONTINUITY
BANK10ADD|INF740KA1YH2|1,137,2026-03-12,2026-09-30,136,0,0,0,BANK10ADD,NO_UNRESOLVED_DISCONTINUITY
BANK10BETF|INF0QA701CI0|1,51,2026-07-21,2026-09-30,50,0,0,0,BANK10BETF,NO_UNRESOLVED_DISCONTINUITY
BANKA|INE862Y01015|1,1153,2020-10-29,2026-09-30,1148,0,4,0,BANKA,NO_UNRESOLVED_DISCONTINUITY
BANKBARODA|NOISIN|1,3768,2011-06-22,2026-09-30,3767,0,0,1,BANKBARODA,NO_UNRESOLVED_DISCONTINUITY
BANKBEES|INF204KB15I9|1,1676,2019-12-20,2026-09-30,1675,0,0,0,BANKBEES,NO_UNRESOLVED_DISCONTINUITY
BANKBEES|NOISIN|1,2092,2011-06-22,2019-12-19,2090,1,0,0,BANKBEES,HAS_UNRESOLVED_DISCONTINUITY
BANKBETF|INF0QA701714|1,660,2024-01-29,2026-09-30,659,0,0,0,BANKBETF,NO_UNRESOLVED_DISCONTINUITY
BANKETF|INF769K01KR3|1,784,2023-07-26,2026-09-30,783,0,0,0,BANKETF,NO_UNRESOLVED_DISCONTINUITY
BANKINDIA|NOISIN|1,3768,2011-06-22,2026-09-30,3767,0,0,0,BANKINDIA,NO_UNRESOLVED_DISCONTINUITY
BANKNIFTY1|INF174KA1ZB7|1,145,2026-02-27,2026-09-30,144,0,0,0,BANKNIFTY1,NO_UNRESOLVED_DISCONTINUITY
BANKPSU|INF769K01LZ4|1,490,2024-10-08,2026-09-30,489,0,0,0,BANKPSU,NO_UNRESOLVED_DISCONTINUITY
BANSALWIRE|INE0B9K01025|1,551,2024-07-10,2026-09-30,550,0,0,0,BANSALWIRE,NO_UNRESOLVED_DISCONTINUITY
BANSWRAS|NOISIN|2,3542,2011-06-22,2026-09-30,3488,0,53,1,BANSWRAS,NO_UNRESOLVED_DISCONTINUITY
BARBEQUE|INE382M01027|1,1320,2021-04-07,2026-08-11,1319,0,0,0,BARBEQUE|UFBL,NO_UNRESOLVED_DISCONTINUITY
BARTRONICS|NOISIN|3,1772,2011-06-22,2019-09-09,1765,0,6,0,BARTRONICS,NO_UNRESOLVED_DISCONTINUITY
BASF|NOISIN|1,3768,2011-06-22,2026-09-30,3767,0,0,0,BASF,NO_UNRESOLVED_DISCONTINUITY
BASML|NOISIN|1,3451,2011-06-22,2026-07-01,3393,2,55,1,BASML,HAS_UNRESOLVED_DISCONTINUITY
BATAINDIA|NOISIN|1,3768,2011-06-22,2026-09-30,3767,0,0,1,BATAINDIA,NO_UNRESOLVED_DISCONTINUITY
BATLIBOI|NOISIN|3,357,2011-06-22,2026-09-30,351,0,5,0,BATLIBOI,NO_UNRESOLVED_DISCONTINUITY
BAYERCROP|NOISIN|1,3768,2011-06-22,2026-09-30,3767,0,0,0,BAYERCROP,NO_UNRESOLVED_DISCONTINUITY
BBETF0432|INF754K01OB1|1,1182,2021-12-17,2026-09-30,1181,0,0,0,BBETF0432,NO_UNRESOLVED_DISCONTINUITY
BBL|NOISIN|1,3718,2011-06-22,2026-09-30,3716,0,1,1,BBL,NO_UNRESOLVED_DISCONTINUITY
BBNPNBETF|INF251K01TL6|1,563,2024-06-24,2026-09-30,562,0,0,0,BBNPNBETF,NO_UNRESOLVED_DISCONTINUITY
BBNPPGOLD|INF251K01SU9|1,684,2023-12-19,2026-09-30,681,0,2,0,BBNPPGOLD,NO_UNRESOLVED_DISCONTINUITY
BBTCL|INE01EE01011|1,951,2022-11-23,2026-09-30,950,0,0,0,BBTCL,NO_UNRESOLVED_DISCONTINUITY
BBTC|NOISIN|6,3768,2011-06-22,2026-09-30,3767,0,0,1,BBTC,NO_UNRESOLVED_DISCONTINUITY
BCCL|NOISIN|2,1064,2011-06-22,2016-01-13,1062,0,1,0,ABCIL,NO_UNRESOLVED_DISCONTINUITY
BCLIND|INE412G01016|1,1256,2021-03-04,2026-09-30,1253,0,2,1,BCLIND,NO_UNRESOLVED_DISCONTINUITY
BCONCEPTS|INE977Y01011|1,735,2022-01-11,2026-09-30,729,0,5,0,BCONCEPTS,NO_UNRESOLVED_DISCONTINUITY
BCPL|INE00SW01015|1,127,2026-03-27,2026-09-30,126,0,0,0,BCPL,NO_UNRESOLVED_DISCONTINUITY
BCP|INE905P01028|1,767,2019-08-19,2023-04-28,762,0,4,0,BCP,NO_UNRESOLVED_DISCONTINUITY
BDL|INE171Z01018|1,2103,2018-03-23,2026-09-30,2102,0,0,1,BDL,NO_UNRESOLVED_DISCONTINUITY
BEARDSELL|INE520H01022|1,1941,2017-05-30,2026-09-30,1932,1,7,0,BEARDSELL,HAS_UNRESOLVED_DISCONTINUITY
BEARDSELL|NOISIN|2,607,2011-06-22,2017-03-29,436,0,170,0,BEARDSELL,NO_UNRESOLVED_DISCONTINUITY
BECREL|NOISIN|2,272,2011-06-22,2013-11-20,226,0,45,0,BECREL,NO_UNRESOLVED_DISCONTINUITY
BECTORFOOD|INE495P01012|1,1424,2020-12-24,2026-09-30,1423,0,0,1,BECTORFOOD,NO_UNRESOLVED_DISCONTINUITY
BEDMUTHA|NOISIN|1,3186,2011-06-22,2026-09-30,3158,0,27,0,BEDMUTHA,NO_UNRESOLVED_DISCONTINUITY
BEEKAY|INE213D01015|1,114,2026-04-20,2026-09-30,113,0,0,0,BEEKAY,NO_UNRESOLVED_DISCONTINUITY
BELLACASA|INE344T01014|1,297,2025-07-18,2026-09-30,296,0,0,0,BELLACASA,NO_UNRESOLVED_DISCONTINUITY
BELLCERATL|NOISIN|1,207,2011-06-22,2012-05-25,186,0,20,0,BELLCERATL,NO_UNRESOLVED_DISCONTINUITY
BELRISE|INE894V01022|1,334,2025-05-28,2026-09-30,333,0,0,0,BELRISE,NO_UNRESOLVED_DISCONTINUITY
BEL|NOISIN|1,3768,2011-06-22,2026-09-30,3766,1,0,3,BEL,HAS_UNRESOLVED_DISCONTINUITY
BEML|NOISIN|1,3732,2011-06-22,2026-09-30,3729,0,2,1,BEML,NO_UNRESOLVED_DISCONTINUITY
BENARAS|INE664D01019|1,32,2026-08-17,2026-09-30,31,0,0,0,BENARAS,NO_UNRESOLVED_DISCONTINUITY
BENGALASM|INE083K01017|1,114,2026-04-20,2026-09-30,113,0,0,0,BENGALASM,NO_UNRESOLVED_DISCONTINUITY
BEPL|NOISIN|4,3646,2011-06-22,2026-09-30,3609,0,36,1,BEPL,NO_UNRESOLVED_DISCONTINUITY
BERGEPAINT|NOISIN|1,3768,2011-06-22,2026-09-30,3766,1,0,2,BERGEPAINT,HAS_UNRESOLVED_DISCONTINUITY
BESTAGRO|INE052T01013|1,1072,2021-02-22,2026-09-30,1068,0,3,1,BESTAGRO,NO_UNRESOLVED_DISCONTINUITY
BETA|INE351Y01019|1,211,2025-11-24,2026-09-30,210,0,0,0,BETA,NO_UNRESOLVED_DISCONTINUITY
BFINVEST|NOISIN|1,3752,2011-06-22,2026-09-30,3737,0,14,0,BFINVEST,NO_UNRESOLVED_DISCONTINUITY
BFUTILITIE|NOISIN|1,3524,2011-06-22,2026-09-30,3520,0,3,0,BFUTILITIE,NO_UNRESOLVED_DISCONTINUITY
BGLOBAL|INE224M01013|1,541,2011-07-28,2014-01-10,524,0,16,0,BGLOBAL,NO_UNRESOLVED_DISCONTINUITY
BGRENERGY|NOISIN|1,3154,2011-06-22,2026-02-23,3148,0,5,0,BGRENERGY,NO_UNRESOLVED_DISCONTINUITY
BHAGCHEM|INE414D01019|1,1224,2021-10-18,2026-09-30,1222,1,0,1,BHAGCHEM,HAS_UNRESOLVED_DISCONTINUITY
BHAGERIA|INE354C01019|1,159,2016-03-02,2016-10-26,157,1,0,0,BHAGERIA,HAS_UNRESOLVED_DISCONTINUITY
BHAGERIA|INE354C01027|1,2324,2016-10-27,2026-09-30,2321,0,2,1,BHAGERIA,NO_UNRESOLVED_DISCONTINUITY
BHAGWATIHO|NOISIN|3,3464,2011-06-22,2026-09-30,3454,0,9,0,BHAGWATIHO|TGBHOTELS,NO_UNRESOLVED_DISCONTINUITY
BHAGYANGR|INE458B01036|1,1944,2017-05-31,2026-09-30,1936,0,7,0,BHAGYANGR,NO_UNRESOLVED_DISCONTINUITY
BHAGYAPROP|INE363W01018|1,1248,2017-08-23,2022-12-09,1243,0,4,0,BHAGYAPROP,NO_UNRESOLVED_DISCONTINUITY
BHANDARI|INE474E01029|1,2061,2017-01-30,2026-09-30,2053,2,5,0,BHANDARI,HAS_UNRESOLVED_DISCONTINUITY
BHARATCOAL|INE05XR01022|1,173,2026-01-19,2026-09-30,172,0,0,0,BHARATCOAL,NO_UNRESOLVED_DISCONTINUITY
BHARATFORG|NOISIN|1,3768,2011-06-22,2026-09-30,3767,0,0,1,BHARATFORG,NO_UNRESOLVED_DISCONTINUITY
BHARATGEAR|NOISIN|2,3452,2011-06-22,2026-07-06,3428,2,21,1,BHARATGEAR,HAS_UNRESOLVED_DISCONTINUITY
BHARATIWIN|INF109KB15Y7|1,2182,2017-11-28,2026-09-30,2181,0,0,0,BHARATIWIN|ICICIB22,NO_UNRESOLVED_DISCONTINUITY
BHARATRAS|NOISIN|5,3614,2011-06-22,2026-09-30,3556,0,57,1,BHARATRAS,NO_UNRESOLVED_DISCONTINUITY
BHARATSE|INE415D01024|1,310,2025-03-24,2026-09-30,308,0,1,0,BHARATSE,NO_UNRESOLVED_DISCONTINUITY
BHARATWIRE|INE316L01019|1,2387,2016-04-20,2026-09-30,2382,0,4,0,BHARATWIRE,NO_UNRESOLVED_DISCONTINUITY
BHARTIHEXA|INE343G01021|1,610,2024-04-12,2026-09-30,609,0,0,0,BHARTIHEXA,NO_UNRESOLVED_DISCONTINUITY
BHARTISHIP|NOISIN|1,989,2011-06-22,2017-09-27,984,0,4,0,BHARTISHIP|BHARATIDIL,NO_UNRESOLVED_DISCONTINUITY
BHARTI|NOISIN|1,3768,2011-06-22,2026-09-30,3765,2,0,0,BHARTIARTL,HAS_UNRESOLVED_DISCONTINUITY
BHEL|NOISIN|1,3768,2011-06-22,2026-09-30,3767,0,0,2,BHEL,NO_UNRESOLVED_DISCONTINUITY
BHUSANSTL|NOISIN|1,2438,2011-06-22,2021-08-05,2435,1,1,0,BHUSANSTL|TATASTLBSL,HAS_UNRESOLVED_DISCONTINUITY
BIGBLOC|INE412U01017|1,2213,2016-09-20,2026-09-30,2205,0,7,2,BIGBLOC,NO_UNRESOLVED_DISCONTINUITY
BIKAJI|INE00E101023|1,956,2022-11-16,2026-09-30,955,0,0,0,BIKAJI,NO_UNRESOLVED_DISCONTINUITY
BILENERGY|NOISIN|1,1452,2011-06-22,2020-11-27,1353,0,98,1,BILENERGY,NO_UNRESOLVED_DISCONTINUITY
BILPOWER|NOISIN|1,1126,2011-06-22,2018-05-17,1008,0,117,1,BILPOWER,NO_UNRESOLVED_DISCONTINUITY
BIL|NOISIN|2,3118,2011-06-22,2026-09-30,3107,0,10,0,BIL,NO_UNRESOLVED_DISCONTINUITY
BIMETAL|INE469A01019|1,893,2011-06-22,2026-09-30,841,0,51,0,BIMETAL,NO_UNRESOLVED_DISCONTINUITY
BINANIIND|NOISIN|1,2075,2011-06-22,2025-11-25,2065,0,9,0,BINANIIND|BILVYAPAR,NO_UNRESOLVED_DISCONTINUITY
BINDALAGRO|NOISIN|1,3688,2011-06-22,2026-09-30,3685,0,2,0,BINDALAGRO|OSWALGREEN,NO_UNRESOLVED_DISCONTINUITY
BIOCON|NOISIN|1,3768,2011-06-22,2026-09-30,3767,0,0,2,BIOCON,NO_UNRESOLVED_DISCONTINUITY
BIOFILCHEM|INE829A01014|1,1377,2019-11-22,2026-09-30,1371,1,4,0,BIOFILCHEM,HAS_UNRESOLVED_DISCONTINUITY
BIRLACOT|NOISIN|4,934,2011-06-22,2017-03-08,731,195,7,0,BIRLACOT,HAS_UNRESOLVED_DISCONTINUITY
BIRLAERIC|NOISIN|8,2611,2011-06-22,2026-09-30,2575,0,35,0,BIRLAERIC|BIRLACABLE,NO_UNRESOLVED_DISCONTINUITY
BIRLAJUTE|NOISIN|1,3768,2011-06-22,2026-09-30,3767,0,0,0,BIRLACORPN,NO_UNRESOLVED_DISCONTINUITY
BIRLAMONEY|NOISIN|2,3220,2011-06-22,2026-09-30,3209,0,10,0,BIRLAMONEY,NO_UNRESOLVED_DISCONTINUITY
BIRLAPOWER|NOISIN|5,459,2011-06-22,2013-08-22,456,0,2,0,BIRLAPOWER,NO_UNRESOLVED_DISCONTINUITY
BIRLAPREC|INE372E01025|1,99,2026-04-20,2026-09-08,98,0,0,0,BIRLAPREC,NO_UNRESOLVED_DISCONTINUITY
BIRLATYRE|INE0AEJ01013|1,530,2020-02-25,2022-05-24,526,0,3,0,BIRLATYRE,NO_UNRESOLVED_DISCONTINUITY
BI|INE986A01012|1,85,2026-04-20,2026-08-19,84,0,0,0,BI,NO_UNRESOLVED_DISCONTINUITY
BLACKBUCK|INE0UIZ01018|1,459,2024-11-22,2026-09-30,458,0,0,0,BLACKBUCK,NO_UNRESOLVED_DISCONTINUITY
BLACKROSE|INE761G01016|1,50,2026-04-20,2026-09-30,48,0,1,0,BLACKROSE,NO_UNRESOLVED_DISCONTINUITY
BLAL|INE0N7W01012|1,842,2023-05-04,2026-09-30,841,0,0,0,BLAL,NO_UNRESOLVED_DISCONTINUITY
BLBLIMITED|NOISIN|6,2534,2011-06-22,2026-09-30,2450,0,83,0,BLBLIMITED,NO_UNRESOLVED_DISCONTINUITY
BLEL|INE1EEM01017|1,30,2026-08-19,2026-09-30,29,0,0,0,BLEL,NO_UNRESOLVED_DISCONTINUITY
BLIL|INE525F01025|1,114,2026-04-20,2026-09-30,113,0,0,0,BLIL,NO_UNRESOLVED_DISCONTINUITY
BLISSGVS|NOISIN|1,3705,2011-06-22,2026-07-02,3704,0,0,0,BLISSGVS,NO_UNRESOLVED_DISCONTINUITY
BLKASHYAP|NOISIN|1,3498,2011-06-22,2026-09-30,3491,0,6,0,BLKASHYAP,NO_UNRESOLVED_DISCONTINUITY
BLSE|INE0NLT01010|1,596,2024-02-06,2026-09-30,594,0,1,0,BLSE,NO_UNRESOLVED_DISCONTINUITY
BLS|INE153T01019|1,2372,2016-11-22,2026-09-30,2370,0,1,3,BLS,NO_UNRESOLVED_DISCONTINUITY
BLUEBLENDS|INE113O01014|1,845,2015-08-24,2019-06-17,820,0,24,0,BLUEBLENDS,NO_UNRESOLVED_DISCONTINUITY
BLUECHIP|NOISIN|7,1023,2011-06-22,2026-08-31,956,1,65,0,BLUECHIP,HAS_UNRESOLVED_DISCONTINUITY
BLUECLOUDS|INE373T01047|1,32,2026-08-17,2026-09-30,31,0,0,0,BLUECLOUDS,NO_UNRESOLVED_DISCONTINUITY
BLUECOAST|INE472B01011|1,725,2011-06-24,2026-09-30,482,0,242,0,BLUECOAST,NO_UNRESOLVED_DISCONTINUITY
BLUEDART|NOISIN|1,3768,2011-06-22,2026-09-30,3766,1,0,0,BLUEDART,HAS_UNRESOLVED_DISCONTINUITY
BLUEJET|INE0KBH01020|1,718,2023-11-01,2026-09-30,717,0,0,0,BLUEJET,NO_UNRESOLVED_DISCONTINUITY
BLUESTARCO|NOISIN|1,3768,2011-06-22,2026-09-30,3767,0,0,1,BLUESTARCO,NO_UNRESOLVED_DISCONTINUITY
BLUESTINFO|NOISIN|2,1217,2011-06-22,2016-06-01,1216,0,0,0,BLUESTINFO,NO_UNRESOLVED_DISCONTINUITY
BLUESTONE|INE304W01038|1,276,2025-08-19,2026-09-30,275,0,0,0,BLUESTONE,NO_UNRESOLVED_DISCONTINUITY
BLUSPRING|INE0U4101014|1,314,2025-06-25,2026-09-30,313,0,0,0,BLUSPRING,NO_UNRESOLVED_DISCONTINUITY
BMWVENTLTD|INE965W01036|1,236,2025-10-16,2026-09-30,235,0,0,0,BMWVENTLTD,NO_UNRESOLVED_DISCONTINUITY
BNAGROCHEM|INE00HZ01011|1,55,2026-04-20,2026-09-30,52,0,2,0,BNAGROCHEM,NO_UNRESOLVED_DISCONTINUITY
BNALTD|INE489D01011|1,54,2026-04-20,2026-07-21,43,0,10,0,BNALTD,NO_UNRESOLVED_DISCONTINUITY
BODALCHEM|INE338D01028|1,3269,2011-08-22,2026-09-28,3236,0,32,0,BODALCHEM,NO_UNRESOLVED_DISCONTINUITY
BODHTREE|INE104F01011|1,61,2012-03-02,2013-02-21,37,0,23,0,BODHTREE,NO_UNRESOLVED_DISCONTINUITY
BOHRAIND|INE802W01023|1,320,2022-11-11,2026-09-30,313,0,6,0,BOHRAIND,NO_UNRESOLVED_DISCONTINUITY
BOMDYEING|NOISIN|1,3690,2011-06-22,2026-09-30,3688,0,1,1,BOMDYEING,NO_UNRESOLVED_DISCONTINUITY
BONLON|INE0B9A01018|1,118,2026-04-13,2026-09-30,117,0,0,0,BONLON,NO_UNRESOLVED_DISCONTINUITY
BORANA|INE16SF01016|1,225,2025-06-10,2026-09-30,223,0,1,0,BORANA,NO_UNRESOLVED_DISCONTINUITY
BOROLTD|INE02PY01013|1,1378,2020-11-24,2026-09-30,1375,0,2,0,BOROLTD,NO_UNRESOLVED_DISCONTINUITY
BOROSCI|INE02L001032|1,563,2024-06-24,2026-09-30,562,0,0,0,BOROSCI,NO_UNRESOLVED_DISCONTINUITY
BOROSIL|INE666D01022|1,1928,2018-05-25,2026-09-30,1924,0,3,1,BOROSIL|BORORENEW,NO_UNRESOLVED_DISCONTINUITY
BPCL|NOISIN|1,3768,2011-06-22,2026-09-30,3767,0,0,4,BPCL,NO_UNRESOLVED_DISCONTINUITY
BPLPHARMA|INE365Y01019|1,32,2026-08-17,2026-09-30,31,0,0,0,BPLPHARMA,NO_UNRESOLVED_DISCONTINUITY
BPL|NOISIN|11,3491,2011-06-22,2026-09-30,3484,0,6,0,BPL,NO_UNRESOLVED_DISCONTINUITY
BRAHMINFRA|INE320I01017|1,32,2026-08-17,2026-09-30,31,0,0,0,BRAHMINFRA,NO_UNRESOLVED_DISCONTINUITY
BRANDHOUSE|NOISIN|1,765,2011-06-22,2015-03-30,761,0,3,0,BRANDHOUSE,NO_UNRESOLVED_DISCONTINUITY
BRFL|NOISIN|1,2184,2011-06-22,2022-04-01,2174,0,9,0,BRFL,NO_UNRESOLVED_DISCONTINUITY
BRIGADE|NOISIN|1,3768,2011-06-22,2026-09-30,3767,0,0,2,BRIGADE,NO_UNRESOLVED_DISCONTINUITY
BRIGHOTEL|INE03NU01014|1,288,2025-07-31,2026-09-30,287,0,0,0,BRIGHOTEL,NO_UNRESOLVED_DISCONTINUITY
BRIGHTBR|INE630D01010|1,32,2026-08-17,2026-09-30,31,0,0,0,BRIGHTBR,NO_UNRESOLVED_DISCONTINUITY
BRITANNIA|NOISIN|1,3768,2011-06-22,2026-09-30,3765,2,0,1,BRITANNIA,HAS_UNRESOLVED_DISCONTINUITY
BRNL|INE727S01012|1,2023,2017-09-18,2026-09-30,2019,0,3,0,BRNL,NO_UNRESOLVED_DISCONTINUITY
BROADCAST|NOISIN|6,749,2011-06-22,2016-05-09,645,0,103,0,BROADCAST,NO_UNRESOLVED_DISCONTINUITY
BROOKS|INE650L01011|1,2889,2011-09-05,2026-09-30,2876,2,10,0,BROOKS,HAS_UNRESOLVED_DISCONTINUITY
BSELINFRA|NOISIN|5,2115,2011-06-22,2021-07-12,2104,0,10,0,BSELINFRA,NO_UNRESOLVED_DISCONTINUITY
BSE|INE118H01025|1,2384,2017-02-03,2026-09-30,2383,0,0,2,BSE,NO_UNRESOLVED_DISCONTINUITY
BSHSL|INE032Z01012|1,1005,2020-10-28,2026-09-30,997,0,7,1,BSHSL,NO_UNRESOLVED_DISCONTINUITY
BSLGOLDETF|INF209KB18D3|1,1197,2021-11-26,2026-09-30,1196,0,0,0,BSLGOLDETF,NO_UNRESOLVED_DISCONTINUITY
BSLGOLDETF|NOISIN|1,2538,2011-06-22,2021-11-25,2506,1,30,0,BSLGOLDETF,HAS_UNRESOLVED_DISCONTINUITY
BSLNIFTY|INF209K01IR4|1,2352,2011-07-27,2021-11-25,2198,1,152,0,BSLNIFTY,HAS_UNRESOLVED_DISCONTINUITY
BSLNIFTY|INF209KB19D1|1,1197,2021-11-26,2026-09-30,1196,0,0,0,BSLNIFTY,NO_UNRESOLVED_DISCONTINUITY
BSLSENETFG|INF209KB10E8|1,1197,2021-11-26,2026-09-30,1196,0,0,0,BSLSENETFG,NO_UNRESOLVED_DISCONTINUITY
BSLSENETFG|INF209KB1119|1,34,2021-10-06,2021-11-25,32,1,0,0,BSLSENETFG,HAS_UNRESOLVED_DISCONTINUITY
BSL|NOISIN|7,3448,2011-06-22,2026-09-30,3432,0,15,0,BSL,NO_UNRESOLVED_DISCONTINUITY
BSTRANSCOM|NOISIN|1,1604,2011-06-22,2018-02-21,1602,0,1,2,BSTRANSCOM|BSLIMITED,NO_UNRESOLVED_DISCONTINUITY
BTML|INE0EEJ01015|1,699,2023-02-15,2026-09-30,695,0,3,1,BTML,NO_UNRESOLVED_DISCONTINUITY
BTTL|INE274K01012|1,55,2026-04-20,2026-07-08,54,0,0,0,BTTL,NO_UNRESOLVED_DISCONTINUITY
BUILDPRO|INE24OJ01011|1,168,2026-01-27,2026-09-30,167,0,0,0,BUILDPRO,NO_UNRESOLVED_DISCONTINUITY
BURGERKING|INE07T201019|1,1432,2020-12-14,2026-09-30,1431,0,0,0,BURGERKING|RBA,NO_UNRESOLVED_DISCONTINUITY
BURNPUR|INE817H01022|1,11,2026-08-25,2026-09-08,10,0,0,0,BURNPUR,NO_UNRESOLVED_DISCONTINUITY
BURNPUR|NOISIN|2,2367,2011-06-22,2025-01-29,2348,0,18,0,BURNPUR,NO_UNRESOLVED_DISCONTINUITY
BUTTERFLY|INE295F01017|1,2805,2014-04-28,2026-09-30,2799,0,5,0,BUTTERFLY,NO_UNRESOLVED_DISCONTINUITY
BVCL|NOISIN|2,1753,2011-06-22,2026-09-30,1711,0,41,0,BVCL,NO_UNRESOLVED_DISCONTINUITY
CADILAHC|NOISIN|1,3768,2011-06-22,2026-09-30,3767,0,0,1,CADILAHC|ZYDUSLIFE,NO_UNRESOLVED_DISCONTINUITY
CAIRN|NOISIN|1,1438,2011-06-22,2017-04-25,1437,0,0,0,CAIRN,NO_UNRESOLVED_DISCONTINUITY
CALSOFT|NOISIN|3,2136,2011-06-22,2026-09-02,1951,1,183,0,CALSOFT,HAS_UNRESOLVED_DISCONTINUITY
CAMBRIDGE|INE692G01013|1,3636,2011-09-06,2026-09-30,3630,0,5,0,CAMBRIDGE|XCHANGING,NO_UNRESOLVED_DISCONTINUITY
CAMLINFINE|INE052I01032|1,2829,2015-01-20,2026-09-30,2826,1,1,0,CAMLINFINE,HAS_UNRESOLVED_DISCONTINUITY
CAMLIN|NOISIN|2,3619,2011-06-22,2026-09-30,3613,1,4,0,CAMLIN|KOKUYOCMLN,HAS_UNRESOLVED_DISCONTINUITY
CAMPUS|INE278Y01022|1,1087,2022-05-09,2026-09-30,1086,0,0,0,CAMPUS,NO_UNRESOLVED_DISCONTINUITY
CAMS|INE596I01012|1,1480,2020-10-05,2026-09-30,1479,0,0,1,CAMS,NO_UNRESOLVED_DISCONTINUITY
CANBK|NOISIN|1,3768,2011-06-22,2026-09-30,3766,1,0,1,CANBK,HAS_UNRESOLVED_DISCONTINUITY
CANDC|NOISIN|1,1623,2011-06-22,2019-02-25,1618,0,4,0,CANDC,NO_UNRESOLVED_DISCONTINUITY
CANFINHOME|NOISIN|4,3705,2011-06-22,2026-09-30,3702,1,1,1,CANFINHOME,HAS_UNRESOLVED_DISCONTINUITY
CANHLIFE|INE01TY01017|1,235,2025-10-17,2026-09-30,234,0,0,0,CANHLIFE,NO_UNRESOLVED_DISCONTINUITY
CANTABIL|NOISIN|1,3624,2011-06-22,2026-09-30,3620,0,3,1,CANTABIL,NO_UNRESOLVED_DISCONTINUITY
CAPACITE|INE264T01014|1,2226,2017-09-25,2026-09-30,2225,0,0,0,CAPACITE,NO_UNRESOLVED_DISCONTINUITY
CAPILLARY|INE0ILV01024|1,212,2025-11-21,2026-09-30,211,0,0,0,CAPILLARY,NO_UNRESOLVED_DISCONTINUITY
CAPITALSFB|INE646H01017|1,648,2024-02-14,2026-09-30,647,0,0,0,CAPITALSFB,NO_UNRESOLVED_DISCONTINUITY
CAPLIPOINT|INE475E01018|1,570,2014-06-23,2016-10-19,568,1,0,0,CAPLIPOINT,HAS_UNRESOLVED_DISCONTINUITY
CAPLIPOINT|INE475E01026|1,2457,2016-10-20,2026-09-30,2456,0,0,0,CAPLIPOINT,NO_UNRESOLVED_DISCONTINUITY
CAPTRUST|INE707C01018|1,1941,2017-01-16,2026-08-06,1933,1,6,0,CAPTRUST,HAS_UNRESOLVED_DISCONTINUITY
CARBORUNIV|NOISIN|1,3768,2011-06-22,2026-09-30,3767,0,0,1,CARBORUNIV,NO_UNRESOLVED_DISCONTINUITY
CARERATING|INE752H01013|1,3395,2012-12-26,2026-09-30,3394,0,0,0,CARERATING,NO_UNRESOLVED_DISCONTINUITY
CAROLINFO|NOISIN|3,174,2011-06-22,2012-03-09,170,0,3,0,CAROLINFO,NO_UNRESOLVED_DISCONTINUITY
CARRARO|INE0V7W01012|1,434,2024-12-30,2026-09-30,433,0,0,0,CARRARO,NO_UNRESOLVED_DISCONTINUITY
CARTRADE|INE290S01011|1,1263,2021-08-20,2026-09-30,1262,0,0,0,CARTRADE,NO_UNRESOLVED_DISCONTINUITY
CASHIETF|INF109K1A021|1,378,2025-03-19,2026-09-30,376,0,1,0,CASHIETF,NO_UNRESOLVED_DISCONTINUITY
CASTROLIND|INE172A01027|1,3083,2014-03-28,2026-09-30,3082,0,0,1,CASTROLIND,NO_UNRESOLVED_DISCONTINUITY
CASTROL|NOISIN|1,666,2011-06-22,2014-02-26,665,0,0,1,CASTROL,NO_UNRESOLVED_DISCONTINUITY
CCCL|NOISIN|1,1938,2011-06-22,2026-09-30,1924,0,13,0,CCCL,NO_UNRESOLVED_DISCONTINUITY
CCHHL|INE652F01027|1,2159,2015-02-03,2026-09-30,2144,0,14,0,CCHHL,NO_UNRESOLVED_DISCONTINUITY
CCL|NOISIN|2,3768,2011-06-22,2026-09-30,3767,0,0,1,CCL,NO_UNRESOLVED_DISCONTINUITY
CDSL|INE736A01011|1,2221,2017-06-30,2026-09-30,2219,0,1,1,CDSL,NO_UNRESOLVED_DISCONTINUITY
CEATLTD|NOISIN|2,3768,2011-06-22,2026-09-30,3767,0,0,0,CEATLTD,NO_UNRESOLVED_DISCONTINUITY
CEBBCO|NOISIN|2,3380,2011-06-22,2026-09-30,3371,0,8,0,CEBBCO|JWL,NO_UNRESOLVED_DISCONTINUITY
CEIGALL|INE0AG901020|1,531,2024-08-08,2026-09-30,530,0,0,0,CEIGALL,NO_UNRESOLVED_DISCONTINUITY
CEINSYS|INE016Q01014|1,151,2026-02-19,2026-09-30,150,0,0,0,CEINSYS,NO_UNRESOLVED_DISCONTINUITY
CELEBRITY|NOISIN|5,3239,2011-06-22,2026-09-30,3213,1,24,0,CELEBRITY,HAS_UNRESOLVED_DISCONTINUITY
CELESTIAL|NOISIN|2,1930,2011-06-22,2019-09-09,1927,0,2,0,CELESTIAL,NO_UNRESOLVED_DISCONTINUITY
CELLO|INE0LMW01024|1,715,2023-11-06,2026-09-30,714,0,0,0,CELLO,NO_UNRESOLVED_DISCONTINUITY
CEMNTGROWW|INF666M01PH7|1,46,2026-07-28,2026-09-30,45,0,0,0,CEMNTGROWW,NO_UNRESOLVED_DISCONTINUITY
CENTENKA|NOISIN|2,3768,2011-06-22,2026-09-30,3767,0,0,0,CENTENKA,NO_UNRESOLVED_DISCONTINUITY
CENTEXT|NOISIN|5,3125,2011-06-22,2026-09-30,3094,1,29,0,CENTEXT,HAS_UNRESOLVED_DISCONTINUITY
CENTRALBK|NOISIN|1,3768,2011-06-22,2026-09-30,3767,0,0,0,CENTRALBK,NO_UNRESOLVED_DISCONTINUITY
CENTRUM|INE660C01027|1,2039,2018-04-04,2026-09-30,2037,0,1,0,CENTRUM,NO_UNRESOLVED_DISCONTINUITY
CENTUM|NOISIN|3,3530,2011-06-22,2026-09-30,3476,0,53,0,CENTUM,NO_UNRESOLVED_DISCONTINUITY
CENTURYPLY|NOISIN|1,3758,2011-06-22,2026-09-30,3756,0,1,0,CENTURYPLY,NO_UNRESOLVED_DISCONTINUITY
CENTURYTEX|NOISIN|1,3768,2011-06-22,2026-09-30,3766,1,0,0,CENTURYTEX|ABREL,HAS_UNRESOLVED_DISCONTINUITY
CERA|NOISIN|1,3768,2011-06-22,2026-09-30,3767,0,0,0,CERA,NO_UNRESOLVED_DISCONTINUITY
CEREBRAINT|INE345B01019|1,2207,2013-06-26,2024-08-07,2193,0,13,0,CEREBRAINT,NO_UNRESOLVED_DISCONTINUITY
CESCVENT|INE425Y01011|1,1885,2019-02-08,2026-09-30,1884,0,0,0,CESCVENT|RPSGVENT,NO_UNRESOLVED_DISCONTINUITY
CESC|NOISIN|1,3768,2011-06-22,2026-09-30,3766,1,0,1,CESC,HAS_UNRESOLVED_DISCONTINUITY
CEWATER|INE037Z01029|1,435,2024-12-27,2026-09-30,434,0,0,0,CEWATER,NO_UNRESOLVED_DISCONTINUITY
CFEL|INE700F01024|1,22,2026-08-17,2026-09-16,21,0,0,0,CFEL,NO_UNRESOLVED_DISCONTINUITY
CGCL|INE180C01026|1,2434,2016-11-24,2026-09-30,2432,1,0,1,CGCL,HAS_UNRESOLVED_DISCONTINUITY
CGVAK|INE084D01010|1,32,2026-08-17,2026-09-30,31,0,0,0,CGVAK,NO_UNRESOLVED_DISCONTINUITY
CHALET|INE427F01016|1,1886,2019-02-07,2026-09-30,1885,0,0,0,CHALET,NO_UNRESOLVED_DISCONTINUITY
CHAMBLFERT|NOISIN|1,3768,2011-06-22,2026-09-30,3767,0,0,0,CHAMBLFERT,NO_UNRESOLVED_DISCONTINUITY
CHEMBONDCH|INE0TGX01019|1,185,2025-08-06,2026-05-11,184,0,0,0,CHEMBONDCH,NO_UNRESOLVED_DISCONTINUITY
CHEMBOND|INE995D01025|1,1556,2019-11-20,2026-09-30,1552,0,3,0,CHEMBOND,NO_UNRESOLVED_DISCONTINUITY
CHEMCON|INE03YM01018|1,1417,2020-10-01,2026-09-30,1415,0,1,0,CHEMCON,NO_UNRESOLVED_DISCONTINUITY
CHEMCRUX|INE298W01016|1,32,2026-08-17,2026-09-30,31,0,0,0,CHEMCRUX,NO_UNRESOLVED_DISCONTINUITY
CHEMFAB|INE783X01023|1,1905,2018-07-24,2026-09-30,1902,0,2,0,CHEMFAB,NO_UNRESOLVED_DISCONTINUITY
CHEMFALKAL|NOISIN|2,1444,2011-06-22,2017-05-24,1430,0,13,0,CHEMFALKAL,NO_UNRESOLVED_DISCONTINUITY
CHEMICAL|INF174KA1XV0|1,214,2025-11-19,2026-09-30,213,0,0,0,CHEMICAL,NO_UNRESOLVED_DISCONTINUITY
CHEMPLASTS|INE488A01050|1,1261,2021-08-24,2026-09-30,1260,0,0,0,CHEMPLASTS,NO_UNRESOLVED_DISCONTINUITY
CHEMPLAST|NOISIN|2,215,2011-06-22,2012-06-14,213,0,1,0,CHEMPLAST,NO_UNRESOLVED_DISCONTINUITY
CHENNPETRO|NOISIN|1,3768,2011-06-22,2026-09-30,3767,0,0,0,CHENNPETRO,NO_UNRESOLVED_DISCONTINUITY
CHESLINTEX|NOISIN|8,682,2011-06-22,2015-05-20,611,0,70,0,CHESLINTEX,NO_UNRESOLVED_DISCONTINUITY
CHETTINAD|INE132B01011|1,466,2011-06-27,2013-05-30,454,0,11,0,CHETTINAD,NO_UNRESOLVED_DISCONTINUITY
CHEVIOT|INE974B01016|1,1057,2022-06-20,2026-09-30,1056,0,0,0,CHEVIOT,NO_UNRESOLVED_DISCONTINUITY
CHLORIDIND|NOISIN|1,3768,2011-06-22,2026-09-30,3767,0,0,0,EXIDEIND,NO_UNRESOLVED_DISCONTINUITY
CHOICEGOLD|INF2KCX01012|1,221,2025-11-10,2026-09-30,220,0,0,0,CHOICEGOLD,NO_UNRESOLVED_DISCONTINUITY
CHOICEIN|INE102B01014|1,1105,2022-04-08,2026-09-30,1104,0,0,2,CHOICEIN,NO_UNRESOLVED_DISCONTINUITY
CHOLADBS|NOISIN|2,3768,2011-06-22,2026-09-30,3766,1,0,1,CHOLAFIN,HAS_UNRESOLVED_DISCONTINUITY
CHROMATIC|INE662C01015|1,1648,2012-05-29,2020-12-16,1632,0,15,0,CHROMATIC,NO_UNRESOLVED_DISCONTINUITY
CIFL|INE345H01024|1,361,2025-04-17,2026-09-30,360,0,0,0,CIFL,NO_UNRESOLVED_DISCONTINUITY
CIGNITITEC|INE675C01017|1,2740,2014-10-13,2026-05-14,2738,0,1,0,CIGNITITEC,NO_UNRESOLVED_DISCONTINUITY
CILNOVA|NOISIN|1,575,2011-06-22,2013-12-04,550,0,24,0,CILNOVA,NO_UNRESOLVED_DISCONTINUITY
CIMMCO|INE184C01028|1,1868,2011-09-08,2020-10-21,1806,0,61,0,CIMMCO,NO_UNRESOLVED_DISCONTINUITY
CINEMAXIN|INE460N01011|1,270,2012-11-02,2014-03-06,268,0,1,0,CINEMAXIN,NO_UNRESOLVED_DISCONTINUITY
CINEMAX|NOISIN|1,222,2011-06-22,2012-05-16,221,0,0,0,CINEMAX,NO_UNRESOLVED_DISCONTINUITY
CINEPRO|INE704H01022|1,3148,2012-06-27,2026-09-30,3121,0,26,0,CINEPRO|CINELINE,NO_UNRESOLVED_DISCONTINUITY
CINEVISTA|NOISIN|7,2597,2011-06-22,2026-09-30,2538,0,58,0,CINEVISTA,NO_UNRESOLVED_DISCONTINUITY
CIPLA|NOISIN|1,3768,2011-06-22,2026-09-30,3767,0,0,0,CIPLA,NO_UNRESOLVED_DISCONTINUITY
CKFSL|INE391Z01012|1,153,2019-04-30,2020-02-20,151,0,1,0,CKFSL,NO_UNRESOLVED_DISCONTINUITY
CLASSIC|NOISIN|2,414,2011-06-22,2014-01-16,372,0,41,0,CLASSIC,NO_UNRESOLVED_DISCONTINUITY
CLEANMAX|INE647U01026|1,144,2026-03-02,2026-09-30,143,0,0,0,CLEANMAX,NO_UNRESOLVED_DISCONTINUITY
CLEAN|INE227W01023|1,1285,2021-07-19,2026-09-30,1284,0,0,0,CLEAN,NO_UNRESOLVED_DISCONTINUITY
CLEDUCATE|INE201M01011|1,2024,2017-04-18,2026-09-30,2017,0,6,2,CLEDUCATE,NO_UNRESOLVED_DISCONTINUITY
CLSEL|INE419D01026|1,1332,2021-05-12,2026-09-30,1331,0,0,0,CLSEL,NO_UNRESOLVED_DISCONTINUITY
CLUTCHAUTO|INE779B01019|1,732,2011-09-06,2015-02-20,728,0,3,0,CLUTCHAUTO,NO_UNRESOLVED_DISCONTINUITY
CMAHENDRA|NOISIN|1,1051,2011-06-22,2015-09-24,1050,0,0,1,CMAHENDRA,NO_UNRESOLVED_DISCONTINUITY
CMC|NOISIN|1,1053,2011-06-22,2015-09-29,1052,0,0,0,CMC,NO_UNRESOLVED_DISCONTINUITY
CMICABLES|INE981B01011|1,1429,2016-11-29,2023-04-19,1424,0,4,0,CMICABLES,NO_UNRESOLVED_DISCONTINUITY
CMLL|INE11XY01018|1,48,2026-07-24,2026-09-30,47,0,0,0,CMLL,NO_UNRESOLVED_DISCONTINUITY
CMPDI|INE05HV01027|1,126,2026-03-30,2026-09-30,125,0,0,0,CMPDI,NO_UNRESOLVED_DISCONTINUITY
CMRGREEN|INE00WV01027|1,79,2026-06-10,2026-09-30,78,0,0,0,CMRGREEN,NO_UNRESOLVED_DISCONTINUITY
CMSINFO|INE925R01014|1,1172,2021-12-31,2026-09-30,1171,0,0,0,CMSINFO,NO_UNRESOLVED_DISCONTINUITY
CNOVAPETRO|INE672K01025|1,1385,2014-02-03,2021-02-24,1293,1,90,0,CNOVAPETRO,HAS_UNRESOLVED_DISCONTINUITY
COALINDIA|NOISIN|1,3768,2011-06-22,2026-09-30,3767,0,0,0,COALINDIA,NO_UNRESOLVED_DISCONTINUITY
COASTCORP|INE377E01016|1,1166,2021-10-08,2026-09-30,1163,1,1,1,COASTCORP,HAS_UNRESOLVED_DISCONTINUITY
COCHINSHIP|INE704P01017|1,2191,2017-08-11,2026-09-30,2189,0,1,1,COCHINSHIP,NO_UNRESOLVED_DISCONTINUITY
COCKERILL|INE515A01019|1,114,2026-04-20,2026-09-30,113,0,0,0,COCKERILL,NO_UNRESOLVED_DISCONTINUITY
COFFEEDAY|INE335K01011|1,2020,2015-11-02,2026-09-30,2014,0,5,0,COFFEEDAY,NO_UNRESOLVED_DISCONTINUITY
COLORCHEM|NOISIN|1,3768,2011-06-22,2026-09-30,3767,0,0,0,CLNINDIA|HEUBACHIND|SUDARCOLOR,NO_UNRESOLVED_DISCONTINUITY
COLPAL|NOISIN|1,3768,2011-06-22,2026-09-30,3767,0,0,1,COLPAL,NO_UNRESOLVED_DISCONTINUITY
COMFINTE|INE819A01049|1,114,2026-04-20,2026-09-30,113,0,0,0,COMFINTE,NO_UNRESOLVED_DISCONTINUITY
COMPEAU|INE823B01015|1,32,2026-08-17,2026-09-30,31,0,0,0,COMPEAU,NO_UNRESOLVED_DISCONTINUITY
COMPUAGE|NOISIN|2,2546,2011-06-22,2023-10-27,2489,1,55,1,COMPUAGE|COMPINFO,HAS_UNRESOLVED_DISCONTINUITY
COMPUSOFT|INE453B01029|1,3340,2012-03-02,2026-09-30,3332,0,7,0,COMPUSOFT,NO_UNRESOLVED_DISCONTINUITY
COMSYN|INE073V01015|1,515,2024-01-23,2026-09-30,512,0,2,0,COMSYN,NO_UNRESOLVED_DISCONTINUITY
CONCORDBIO|INE338H01029|1,768,2023-08-18,2026-09-30,767,0,0,0,CONCORDBIO,NO_UNRESOLVED_DISCONTINUITY
CONCOR|NOISIN|1,3768,2011-06-22,2026-09-30,3764,3,0,2,CONCOR,HAS_UNRESOLVED_DISCONTINUITY
CONFIPET|INE552D01024|1,1803,2019-06-13,2026-09-30,1802,0,0,0,CONFIPET,NO_UNRESOLVED_DISCONTINUITY
CONSCOFFEE|NOISIN|1,3100,2011-06-22,2024-01-12,3099,0,0,1,TATACOFFEE,NO_UNRESOLVED_DISCONTINUITY
CONSOFINVT|NOISIN|5,3476,2011-06-22,2026-07-22,3434,0,41,0,CONSOFINVT,NO_UNRESOLVED_DISCONTINUITY
CONSUMER|INF769K01NS5|1,432,2025-01-01,2026-09-30,431,0,0,0,CONSUMER,NO_UNRESOLVED_DISCONTINUITY
CONS|INF174KA1ZF8|1,145,2026-02-27,2026-09-30,144,0,0,0,CONS,NO_UNRESOLVED_DISCONTINUITY
CONTROLPR|INE663B01015|1,2535,2016-06-24,2026-09-30,2534,0,0,0,CONTROLPR,NO_UNRESOLVED_DISCONTINUITY
CORAL-HUB|NOISIN|1,216,2011-06-22,2012-06-15,214,0,1,0,CORAL-HUB,NO_UNRESOLVED_DISCONTINUITY
CORALFINAC|INE558D01013|1,2125,2017-06-29,2026-09-30,2121,0,3,1,CORALFINAC,NO_UNRESOLVED_DISCONTINUITY
CORDELIA|INE0LZF01013|1,65,2026-07-01,2026-09-30,64,0,0,1,CORDELIA,NO_UNRESOLVED_DISCONTINUITY
CORDSCABLE|NOISIN|1,3338,2011-06-22,2026-09-24,3291,0,46,0,CORDSCABLE,NO_UNRESOLVED_DISCONTINUITY
COREPROTEC|NOISIN|1,1005,2011-06-22,2015-09-24,1000,2,2,0,COREPROTEC|COREEDUTEC,HAS_UNRESOLVED_DISCONTINUITY
COROENGG|INE312J01012|1,381,2011-06-23,2015-01-29,296,0,84,0,COROENGG,NO_UNRESOLVED_DISCONTINUITY
COROMNFERT|NOISIN|1,3768,2011-06-22,2026-09-30,3766,1,0,0,COROMANDEL,HAS_UNRESOLVED_DISCONTINUITY
CORONA|INE02ZQ01018|1,196,2025-12-15,2026-09-30,195,0,0,0,CORONA,NO_UNRESOLVED_DISCONTINUITY
CORPBANK|NOISIN|1,2154,2011-06-22,2020-03-19,2153,0,0,1,CORPBANK,NO_UNRESOLVED_DISCONTINUITY
COSMOFILMS|NOISIN|1,3768,2011-06-22,2026-09-30,3767,0,0,1,COSMOFILMS|COSMOFIRST,NO_UNRESOLVED_DISCONTINUITY
COX&KINGS|NOISIN|1,2085,2011-06-22,2019-12-24,2083,0,1,0,COX&KINGS,NO_UNRESOLVED_DISCONTINUITY
CPEDU|INE0P6P01016|1,254,2025-09-19,2026-09-30,253,0,0,0,CPEDU,NO_UNRESOLVED_DISCONTINUITY
CPIL|NOISIN|1,3400,2011-06-22,2026-09-30,3392,0,7,0,CPIL|CAREERP|CPCAP,NO_UNRESOLVED_DISCONTINUITY
CPL|INE536P01021|1,49,2026-07-23,2026-09-30,48,0,0,0,CPL,NO_UNRESOLVED_DISCONTINUITY
CPPLUS|INE819V01029|1,285,2025-08-05,2026-09-30,284,0,0,0,CPPLUS,NO_UNRESOLVED_DISCONTINUITY
CPSEETF|INF457M01133|1,3078,2014-04-04,2026-09-30,3077,0,0,0,CPSEETF,NO_UNRESOLVED_DISCONTINUITY
CRAFTSMAN|INE00LO01017|1,1362,2021-03-25,2026-09-30,1361,0,0,0,CRAFTSMAN,NO_UNRESOLVED_DISCONTINUITY
CRAMC|INE218I01013|1,236,2025-10-16,2026-09-30,235,0,0,0,CRAMC,NO_UNRESOLVED_DISCONTINUITY
CRAVATEX|INE145E01017|1,32,2026-08-17,2026-09-30,31,0,0,0,CRAVATEX,NO_UNRESOLVED_DISCONTINUITY
CREATIVEYE|NOISIN|8,2606,2011-06-22,2026-09-30,2310,0,295,0,CREATIVEYE,NO_UNRESOLVED_DISCONTINUITY
CREATIVE|INE985W01018|1,1604,2019-08-05,2026-09-30,1596,0,7,0,CREATIVE|CNL,NO_UNRESOLVED_DISCONTINUITY
CREDITACC|INE741K01010|1,1999,2018-08-23,2026-09-30,1998,0,0,0,CREDITACC,NO_UNRESOLVED_DISCONTINUITY
CRESTANI|NOISIN|9,610,2011-06-22,2014-05-22,606,0,3,0,CRESTANI,NO_UNRESOLVED_DISCONTINUITY
CREWBOS|NOISIN|1,554,2011-06-22,2013-09-16,553,0,0,0,CREWBOS,NO_UNRESOLVED_DISCONTINUITY
CRISIL|NOISIN|1,3768,2011-06-22,2026-09-30,3767,0,0,1,CRISIL,NO_UNRESOLVED_DISCONTINUITY
CRIZAC|INE0S4R01014|1,304,2025-07-09,2026-09-30,303,0,0,0,CRIZAC,NO_UNRESOLVED_DISCONTINUITY
CRMFGETF|INF760K01BR1|1,1200,2012-03-27,2019-11-06,844,0,355,0,CRMFGETF,NO_UNRESOLVED_DISCONTINUITY
CROMPGREAV|NOISIN|1,3585,2011-06-22,2026-09-30,3578,2,4,0,CROMPGREAV|CGPOWER,HAS_UNRESOLVED_DISCONTINUITY
CROMPTON|INE299U01018|1,2555,2016-05-27,2026-09-30,2554,0,0,0,CROMPTON,NO_UNRESOLVED_DISCONTINUITY
CROWN|INE491V01019|1,730,2022-02-08,2026-09-30,725,0,4,0,CROWN,NO_UNRESOLVED_DISCONTINUITY
CRSL|INE716D01033|1,7,2026-08-17,2026-08-25,6,0,0,0,CRSL,NO_UNRESOLVED_DISCONTINUITY
CSBBANK|INE679A01013|1,1688,2019-12-04,2026-09-30,1687,0,0,0,CSBBANK,NO_UNRESOLVED_DISCONTINUITY
CSLFINANCE|INE718F01018|1,1034,2022-07-21,2026-09-30,1033,0,0,0,CSLFINANCE,NO_UNRESOLVED_DISCONTINUITY
CSM|INE0ZK601013|1,54,2026-07-16,2026-09-30,53,0,0,0,CSM,NO_UNRESOLVED_DISCONTINUITY
CTE|NOISIN|2,2963,2011-06-22,2026-08-25,2903,0,59,0,CTE,NO_UNRESOLVED_DISCONTINUITY
CUBEXTUB|NOISIN|4,1850,2011-06-22,2026-09-28,1765,0,84,0,CUBEXTUB,NO_UNRESOLVED_DISCONTINUITY
CUB|NOISIN|1,3768,2011-06-22,2026-09-30,3764,3,0,1,CUB,HAS_UNRESOLVED_DISCONTINUITY
CUPID|INE509F01011|1,1789,2016-09-16,2023-12-12,1787,1,0,0,CUPID,HAS_UNRESOLVED_DISCONTINUITY
CUPID|INE509F01029|1,476,2024-10-28,2026-09-30,475,0,0,1,CUPID,NO_UNRESOLVED_DISCONTINUITY
CURAA|INE117B01020|1,75,2025-04-08,2026-09-17,73,0,1,0,CURAA,NO_UNRESOLVED_DISCONTINUITY
CURATECH|NOISIN|2,825,2011-06-22,2017-12-29,653,0,171,0,CURATECH,NO_UNRESOLVED_DISCONTINUITY
CYBERMEDIA|NOISIN|5,1702,2011-06-22,2026-09-08,1476,1,224,0,CYBERMEDIA,HAS_UNRESOLVED_DISCONTINUITY
CYBERTECH|NOISIN|3,3408,2011-06-22,2026-06-29,3401,0,6,0,CYBERTECH,NO_UNRESOLVED_DISCONTINUITY
CYIENTDLM|INE055S01018|1,796,2023-07-10,2026-09-30,795,0,0,0,CYIENTDLM,NO_UNRESOLVED_DISCONTINUITY
DAAWAT|INE818H01020|1,2381,2017-02-08,2026-09-30,2380,0,0,0,DAAWAT|LTFOODS,NO_UNRESOLVED_DISCONTINUITY
DAAWAT|NOISIN|1,1387,2011-06-22,2017-02-07,1385,1,0,0,DAAWAT,HAS_UNRESOLVED_DISCONTINUITY
DABURPHARM|NOISIN|1,627,2011-06-22,2014-01-02,626,0,0,0,FKONCO,NO_UNRESOLVED_DISCONTINUITY
DABUR|NOISIN|1,3768,2011-06-22,2026-09-30,3767,0,0,0,DABUR,NO_UNRESOLVED_DISCONTINUITY
DAICHI|INE928C01010|1,65,2026-04-20,2026-09-04,63,0,1,0,DAICHI,NO_UNRESOLVED_DISCONTINUITY
DALBHARAT|INE00R701025|1,1888,2019-02-05,2026-09-30,1887,0,0,0,DALBHARAT,NO_UNRESOLVED_DISCONTINUITY
DALMIABEL|NOISIN|1,1807,2011-06-22,2018-11-28,1805,0,1,0,DALMIABEL|DALMIABHA,NO_UNRESOLVED_DISCONTINUITY
DALMIACEM|NOISIN|1,3636,2011-06-22,2026-09-30,3632,0,3,0,DALMIASUG,NO_UNRESOLVED_DISCONTINUITY
DAMCAPITAL|INE284H01025|1,435,2024-12-27,2026-09-30,434,0,0,0,DAMCAPITAL,NO_UNRESOLVED_DISCONTINUITY
DAMODARIND|INE497D01014|1,2410,2016-07-04,2026-07-07,2406,0,3,1,DAMODARIND,NO_UNRESOLVED_DISCONTINUITY
DANGEE|INE688Y01014|1,1230,2020-11-13,2026-09-30,1224,1,4,1,DANGEE,HAS_UNRESOLVED_DISCONTINUITY
DATAPATTNS|INE0IX101010|1,1177,2021-12-24,2026-09-30,1176,0,0,0,DATAPATTNS,NO_UNRESOLVED_DISCONTINUITY
DATATECH|NOISIN|2,3755,2011-06-22,2026-09-30,3741,0,13,0,DATAMATICS,NO_UNRESOLVED_DISCONTINUITY
DAVANGERE|INE179G01011|1,661,2024-01-25,2026-09-30,659,1,0,1,DAVANGERE,HAS_UNRESOLVED_DISCONTINUITY
DBCORP|NOISIN|1,3710,2011-06-22,2026-09-30,3708,0,1,0,DBCORP,NO_UNRESOLVED_DISCONTINUITY
DBEIL|INE0OPA01019|1,391,2024-10-28,2026-06-01,390,0,0,0,DBEIL,NO_UNRESOLVED_DISCONTINUITY
DBEIL|INE0OPA01027|1,17,2026-09-07,2026-09-30,16,0,0,0,DBEIL,NO_UNRESOLVED_DISCONTINUITY
DBL|INE917M01012|1,2502,2016-08-11,2026-09-30,2501,0,0,0,DBL,NO_UNRESOLVED_DISCONTINUITY
DBOL|INE0I3401014|1,841,2022-09-22,2026-09-30,838,0,2,0,DBOL,NO_UNRESOLVED_DISCONTINUITY
DBREALTY|NOISIN|1,3238,2011-06-22,2026-09-30,3226,0,11,0,DBREALTY,NO_UNRESOLVED_DISCONTINUITY
DBSTOCKBRO|INE921B01025|1,2908,2012-02-29,2026-07-09,2781,0,126,0,DBSTOCKBRO,NO_UNRESOLVED_DISCONTINUITY
DCAL|INE385W01011|1,2160,2017-10-06,2026-09-30,2158,0,1,0,DCAL,NO_UNRESOLVED_DISCONTINUITY
DCB|NOISIN|1,3768,2011-06-22,2026-09-30,3767,0,0,0,DCB|DCBBANK,NO_UNRESOLVED_DISCONTINUITY
DCHL|NOISIN|1,352,2011-06-22,2012-11-22,351,0,0,0,DCHL,NO_UNRESOLVED_DISCONTINUITY
DCI|INE0A1101019|1,568,2022-10-19,2026-09-30,562,0,5,0,DCI,NO_UNRESOLVED_DISCONTINUITY
DCMFINSERV|INE891B01012|1,768,2018-06-22,2026-09-30,679,0,88,0,DCMFINSERV,NO_UNRESOLVED_DISCONTINUITY
DCMNVL|INE08KP01019|1,1569,2019-07-30,2026-09-30,1565,0,3,0,DCMNVL,NO_UNRESOLVED_DISCONTINUITY
DCMSIL|INE0OU201013|1,44,2026-03-04,2026-09-30,42,0,1,0,DCMSIL,NO_UNRESOLVED_DISCONTINUITY
DCMSRIND|INE843D01027|1,1167,2021-12-24,2026-09-30,1165,0,1,0,DCMSRIND,NO_UNRESOLVED_DISCONTINUITY
DCMSRMCONS|NOISIN|1,3768,2011-06-22,2026-09-30,3767,0,0,0,DCMSRMCONS|DCMSHRIRAM,NO_UNRESOLVED_DISCONTINUITY
DCM|NOISIN|5,3344,2011-06-22,2026-09-30,3333,0,10,0,DCM,NO_UNRESOLVED_DISCONTINUITY
DCW|NOISIN|1,3652,2011-06-22,2026-09-30,3649,0,2,0,DCW,NO_UNRESOLVED_DISCONTINUITY
DCXINDIA|INE0KL801015|1,902,2022-11-11,2026-09-30,900,0,1,0,DCXINDIA,NO_UNRESOLVED_DISCONTINUITY
DDEVPLSTIK|INE0HR601026|1,422,2025-01-15,2026-09-30,421,0,0,0,DDEVPLSTIK,NO_UNRESOLVED_DISCONTINUITY
DECCANCE|NOISIN|1,3631,2011-06-22,2026-09-30,3576,0,54,1,DECCANCE,NO_UNRESOLVED_DISCONTINUITY
DECNGOLD|INE945F01025|1,114,2026-04-20,2026-09-30,113,0,0,0,DECNGOLD,NO_UNRESOLVED_DISCONTINUITY
DECOLIGHT|NOISIN|5,551,2011-06-22,2015-04-23,500,0,50,0,DECOLIGHT,NO_UNRESOLVED_DISCONTINUITY
DEEDEV|INE841L01016|1,503,2024-06-26,2026-09-30,501,0,1,0,DEEDEV,NO_UNRESOLVED_DISCONTINUITY
DEEPAKFERT|NOISIN|1,3705,2011-06-22,2026-09-30,3702,1,1,0,DEEPAKFERT,HAS_UNRESOLVED_DISCONTINUITY
DEEPAKNTR|NOISIN|1,3702,2011-06-22,2026-09-30,3650,0,51,1,DEEPAKNTR,NO_UNRESOLVED_DISCONTINUITY
DEEPA|INE1M2N01020|1,16,2026-09-08,2026-09-30,15,0,0,0,DEEPA,NO_UNRESOLVED_DISCONTINUITY
DEEPINDS|INE0FHS01016|1,1333,2021-05-11,2026-09-30,1332,0,0,1,DEEPINDS,NO_UNRESOLVED_DISCONTINUITY
DEEPIND|NOISIN|1,3022,2011-06-22,2024-09-04,3016,0,5,0,DEEPIND|DEEPENR,NO_UNRESOLVED_DISCONTINUITY
DEEP|INE00IY01012|1,24,2026-08-17,2026-09-18,23,0,0,0,DEEP,NO_UNRESOLVED_DISCONTINUITY
DEFENCE|INF769K01QC2|1,151,2026-02-19,2026-09-30,150,0,0,0,DEFENCE,NO_UNRESOLVED_DISCONTINUITY
DELHIVERY|INE148O01028|1,1076,2022-05-24,2026-09-30,1075,0,0,0,DELHIVERY,NO_UNRESOLVED_DISCONTINUITY
DELTAMAGNT|INE393A01011|1,2370,2011-06-24,2026-09-30,2149,0,220,0,DELTAMAGNT,NO_UNRESOLVED_DISCONTINUITY
DENABANK|NOISIN|1,1902,2011-06-22,2019-03-07,1901,0,0,0,DENABANK,NO_UNRESOLVED_DISCONTINUITY
DENORA|NOISIN|3,3522,2011-06-22,2026-09-30,3485,0,36,0,DENORA,NO_UNRESOLVED_DISCONTINUITY
DENSO|NOISIN|1,469,2011-06-22,2013-10-28,467,0,1,0,DENSO,NO_UNRESOLVED_DISCONTINUITY
DENTA|INE0R4L01018|1,403,2025-02-11,2026-09-30,402,0,0,0,DENTA,NO_UNRESOLVED_DISCONTINUITY
DEN|NOISIN|1,3713,2011-06-22,2026-09-30,3711,0,1,0,DEN,NO_UNRESOLVED_DISCONTINUITY
DEVIT|INE060X01018|1,992,2022-02-15,2026-09-30,987,0,4,2,DEVIT,NO_UNRESOLVED_DISCONTINUITY
DEVX|INE0VOV01021|1,246,2025-10-01,2026-09-30,245,0,0,0,DEVX,NO_UNRESOLVED_DISCONTINUITY
DEVYANI|INE872J01023|1,1266,2021-08-16,2026-09-30,1265,0,0,0,DEVYANI,NO_UNRESOLVED_DISCONTINUITY
DEWANHOUS|NOISIN|1,2458,2011-06-22,2021-06-11,2455,2,0,1,DEWANHOUS|DHFL,HAS_UNRESOLVED_DISCONTINUITY
DFMFOODS|INE456C01012|1,1545,2016-12-29,2023-03-27,1544,0,0,1,DFMFOODS,NO_UNRESOLVED_DISCONTINUITY
DGCONTENT|INE03JI01017|1,1132,2019-07-02,2026-09-30,1121,0,10,0,DGCONTENT,NO_UNRESOLVED_DISCONTINUITY
DHABRIYA|INE260R01016|1,5,2026-08-17,2026-08-21,4,0,0,0,DHABRIYA,NO_UNRESOLVED_DISCONTINUITY
DHAMPURSUG|NOISIN|3,3699,2011-06-22,2026-09-30,3696,0,2,0,DHAMPURSUG,NO_UNRESOLVED_DISCONTINUITY
DHANBANK|NOISIN|4,3612,2011-06-22,2026-09-30,3607,1,3,0,DHANBANK,HAS_UNRESOLVED_DISCONTINUITY
DHANUKA|INE435G01025|1,3763,2011-06-29,2026-09-30,3762,0,0,0,DHANUKA,NO_UNRESOLVED_DISCONTINUITY
DHANUS|INE406H01016|1,185,2012-08-21,2013-07-18,181,2,1,0,DHANUS,HAS_UNRESOLVED_DISCONTINUITY
DHANVARSHA|INE615R01029|1,817,2022-05-10,2026-09-30,814,0,2,0,DHANVARSHA|TRU,NO_UNRESOLVED_DISCONTINUITY
DHARAMSI|INE505A01010|1,1129,2021-12-01,2026-09-30,1127,0,1,0,DHARAMSI|DMCC,NO_UNRESOLVED_DISCONTINUITY
DHARMAJ|INE00OQ01016|1,876,2022-12-08,2026-09-30,874,0,1,0,DHARMAJ,NO_UNRESOLVED_DISCONTINUITY
DHARSUGAR|NOISIN|4,2193,2011-06-22,2022-05-24,2182,0,10,0,DHARSUGAR,NO_UNRESOLVED_DISCONTINUITY
DHATRE|INE715T01031|1,32,2026-08-17,2026-09-30,31,0,0,0,DHATRE,NO_UNRESOLVED_DISCONTINUITY
DHOOTTRANS|INE01NH01023|1,32,2026-08-17,2026-09-30,31,0,0,0,DHOOTTRANS,NO_UNRESOLVED_DISCONTINUITY
DHRUV|INE506Z01015|1,836,2021-11-25,2026-09-30,832,0,3,0,DHRUV,NO_UNRESOLVED_DISCONTINUITY
DHUNINV|NOISIN|1,3445,2011-06-22,2026-09-30,3317,0,127,0,DHUNINV,NO_UNRESOLVED_DISCONTINUITY
DIACABS|INE989C01020|1,5,2023-10-04,2024-10-03,3,0,1,0,DIACABS,NO_UNRESOLVED_DISCONTINUITY
DIACABS|INE989C01038|1,340,2025-01-13,2026-08-03,338,0,1,0,DIACABS,NO_UNRESOLVED_DISCONTINUITY
DIAMINESQ|INE591D01014|1,743,2023-09-25,2026-09-30,742,0,0,0,DIAMINESQ,NO_UNRESOLVED_DISCONTINUITY
DIAMONDYD|INE393P01035|1,2219,2017-10-05,2026-09-30,2218,0,0,0,DIAMONDYD,NO_UNRESOLVED_DISCONTINUITY
DIAPOWER|NOISIN|1,1668,2011-06-22,2018-04-30,1665,1,1,0,DIAPOWER,HAS_UNRESOLVED_DISCONTINUITY
DICIND|NOISIN|1,3703,2011-06-22,2026-09-30,3701,0,1,0,DICIND,NO_UNRESOLVED_DISCONTINUITY
DIFFNKG|INE184O01015|1,421,2024-10-18,2026-09-30,419,0,1,0,DIFFNKG,NO_UNRESOLVED_DISCONTINUITY
DIGIDRIVE|INE0PSC01024|1,500,2024-01-24,2026-09-30,497,0,2,0,DIGIDRIVE,NO_UNRESOLVED_DISCONTINUITY
DIGITIDE|INE0U4701011|1,314,2025-06-25,2026-09-30,313,0,0,0,DIGITIDE,NO_UNRESOLVED_DISCONTINUITY
DIGJAMLMTD|INE731U01028|1,294,2021-11-01,2026-09-15,290,0,3,0,DIGJAMLMTD,NO_UNRESOLVED_DISCONTINUITY
DIGJAMLTD|INE731U01010|1,666,2016-07-27,2019-08-28,663,0,2,0,DIGJAMLTD,NO_UNRESOLVED_DISCONTINUITY
DIGJAM|NOISIN|3,1158,2011-06-22,2016-03-29,1156,0,1,0,DIGJAM,NO_UNRESOLVED_DISCONTINUITY
DIL|INE411Y01011|1,697,2022-03-31,2025-12-24,693,1,2,1,DIL,HAS_UNRESOLVED_DISCONTINUITY
DISAQ|INE131C01011|1,114,2026-04-20,2026-09-30,113,0,0,0,DISAQ,NO_UNRESOLVED_DISCONTINUITY
DISHMAN|NOISIN|1,1461,2011-06-22,2017-05-29,1460,0,0,1,DISHMAN,NO_UNRESOLVED_DISCONTINUITY
DISHTV|NOISIN|1,3569,2011-06-22,2026-09-30,3564,1,3,0,DISHTV,HAS_UNRESOLVED_DISCONTINUITY
DIVGIITTS|INE753U01022|1,874,2023-03-14,2026-09-30,873,0,0,0,DIVGIITTS,NO_UNRESOLVED_DISCONTINUITY
DIVIDEND|INF769K01PY8|1,192,2025-12-19,2026-09-30,191,0,0,0,DIVIDEND,NO_UNRESOLVED_DISCONTINUITY
DIVISLAB|NOISIN|1,3768,2011-06-22,2026-09-30,3767,0,0,1,DIVISLAB,NO_UNRESOLVED_DISCONTINUITY
DIXON|INE935N01012|1,2231,2017-09-18,2026-09-30,2230,0,0,1,DIXON,NO_UNRESOLVED_DISCONTINUITY
DJML|INE0B1K01014|1,670,2022-12-05,2026-09-30,666,0,3,0,DJML,NO_UNRESOLVED_DISCONTINUITY
DLF|NOISIN|1,3768,2011-06-22,2026-09-30,3767,0,0,0,DLF,NO_UNRESOLVED_DISCONTINUITY
DLINKINDIA|NOISIN|1,3670,2011-06-22,2026-09-30,3667,0,2,0,DLINKINDIA,NO_UNRESOLVED_DISCONTINUITY
DMART|INE192R01011|1,2301,2017-03-21,2026-09-30,2299,0,1,0,DMART,NO_UNRESOLVED_DISCONTINUITY
DNAMEDIA|INE016M01021|1,1450,2017-12-26,2026-09-30,1437,0,12,0,DNAMEDIA,NO_UNRESOLVED_DISCONTINUITY
DODLA|INE021O01019|1,1300,2021-06-28,2026-09-30,1299,0,0,0,DODLA,NO_UNRESOLVED_DISCONTINUITY
DOLAT|INE966A01022|1,1758,2019-08-19,2026-09-30,1757,0,0,0,DOLAT|DOLATALGO,NO_UNRESOLVED_DISCONTINUITY
DOLLAR|INE325C01027|1,2307,2017-05-30,2026-09-30,2306,0,0,1,DOLLAR,NO_UNRESOLVED_DISCONTINUITY
DOLLEX|INE0JHH01011|1,13,2026-09-11,2026-09-30,12,0,0,0,DOLLEX,NO_UNRESOLVED_DISCONTINUITY
DOLPHINOFF|NOISIN|2,2014,2011-06-22,2019-08-22,2013,0,0,0,DOLPHINOFF,NO_UNRESOLVED_DISCONTINUITY
DOLPHIN|INE920A01029|1,3,2023-09-04,2023-09-06,2,0,0,0,DOLPHIN,NO_UNRESOLVED_DISCONTINUITY
DOLPHIN|INE920A01037|1,348,2024-04-15,2026-09-30,345,0,2,0,DOLPHIN,NO_UNRESOLVED_DISCONTINUITY
DOMS|INE321T01012|1,685,2023-12-20,2026-09-30,684,0,0,0,DOMS,NO_UNRESOLVED_DISCONTINUITY
DONEAR|NOISIN|5,3380,2011-06-22,2026-09-30,3334,0,45,0,DONEAR,NO_UNRESOLVED_DISCONTINUITY
DPABHUSHAN|INE266Y01019|1,1459,2020-11-03,2026-09-30,1458,0,0,0,DPABHUSHAN,NO_UNRESOLVED_DISCONTINUITY
DPSCLTD|NOISIN|3,3674,2011-06-22,2026-05-19,3672,0,1,1,DPSCLTD,NO_UNRESOLVED_DISCONTINUITY
DPWIRES|INE864X01013|1,1532,2020-01-17,2026-07-01,1527,1,3,0,DPWIRES,HAS_UNRESOLVED_DISCONTINUITY
DQE|NOISIN|1,2034,2011-06-22,2021-01-01,2027,0,6,0,DQE,NO_UNRESOLVED_DISCONTINUITY
DRAGARWQ|INE934C01018|1,114,2026-04-20,2026-09-30,113,0,0,0,DRAGARWQ,NO_UNRESOLVED_DISCONTINUITY
DRCSYSTEMS|INE03RS01019|1,67,2021-03-25,2021-10-13,65,0,1,0,DRCSYSTEMS,NO_UNRESOLVED_DISCONTINUITY
DRCSYSTEMS|INE03RS01027|1,685,2022-08-08,2026-09-30,679,0,5,0,DRCSYSTEMS,NO_UNRESOLVED_DISCONTINUITY
DREAMFOLKS|INE0JS101016|1,941,2022-09-06,2026-09-30,939,0,1,0,DREAMFOLKS,NO_UNRESOLVED_DISCONTINUITY
DREDGECORP|NOISIN|1,3657,2011-06-22,2026-09-30,3654,0,2,0,DREDGECORP,NO_UNRESOLVED_DISCONTINUITY
DRREDDY|NOISIN|1,3768,2011-06-22,2026-09-30,3767,0,0,1,DRREDDY,NO_UNRESOLVED_DISCONTINUITY
DSFCL|INE0OFM01015|1,79,2026-03-04,2026-09-30,77,0,1,0,DSFCL,NO_UNRESOLVED_DISCONTINUITY
DSKULKARNI|NOISIN|1,1500,2011-06-22,2018-03-20,1497,0,2,0,DSKULKARNI,NO_UNRESOLVED_DISCONTINUITY
DSPBANKETF|INF740KA1RX3|1,919,2023-01-06,2026-09-30,918,0,0,0,DSPBANKETF|BANKETFADD|BANKADD,NO_UNRESOLVED_DISCONTINUITY
DSPGOLDETF|INF740KA1SW3|1,818,2023-05-05,2026-08-27,817,0,0,0,DSPGOLDETF|GOLDETFADD|GOLDADD,NO_UNRESOLVED_DISCONTINUITY
DSPITETF|INF740KA1SX1|1,793,2023-07-13,2026-09-30,792,0,0,0,DSPITETF|ITETFADD|ITADD,NO_UNRESOLVED_DISCONTINUITY
DSPN50ETF|INF740KA1CL0|1,1172,2021-12-30,2026-09-30,1170,0,1,0,DSPN50ETF|NIFTY50ADD|NIFTYADD,NO_UNRESOLVED_DISCONTINUITY
DSPNEWETF|INF740KA1QK2|1,1206,2021-11-12,2026-09-30,1205,0,0,0,DSPNEWETF|EQUAL50ADD,NO_UNRESOLVED_DISCONTINUITY
DSPPSBKETF|INF740KA1SY9|1,779,2023-08-02,2026-09-30,778,0,0,0,DSPPSBKETF|PSUBANKADD,NO_UNRESOLVED_DISCONTINUITY
DSPPVBKETF|INF740KA1TA7|1,779,2023-08-02,2026-09-30,778,0,0,0,DSPPVBKETF|PVTBANKADD,NO_UNRESOLVED_DISCONTINUITY
DSPQ50ETF|INF740KA1QL0|1,1110,2021-12-30,2026-07-02,1109,0,0,0,DSPQ50ETF|MIDQ50ADD,NO_UNRESOLVED_DISCONTINUITY
DSPSENXETF|INF740KA1SZ6|1,776,2023-08-02,2026-09-30,772,0,3,0,DSPSENXETF|SENSEXADD,NO_UNRESOLVED_DISCONTINUITY
DSPSILVETF|INF740KA1RE3|1,987,2022-08-25,2026-08-27,985,0,1,0,DSPSILVETF|SILVERADD,NO_UNRESOLVED_DISCONTINUITY
DSSL|INE417B01040|1,3163,2011-12-01,2026-09-30,3025,0,137,0,DSSL,NO_UNRESOLVED_DISCONTINUITY
DTIL|INE341R01014|1,2816,2015-02-04,2026-09-02,2813,1,1,0,DTIL,HAS_UNRESOLVED_DISCONTINUITY
DTIL|NOISIN|3,3665,2011-06-22,2026-09-30,3660,1,3,0,DPTL|DPL|DVL,HAS_UNRESOLVED_DISCONTINUITY
DUNCANSIND|NOISIN|11,346,2011-06-22,2013-05-22,342,0,3,0,DUNCANSIND,NO_UNRESOLVED_DISCONTINUITY
DUNCANSLTD|INE508A01022|1,214,2013-07-19,2014-06-05,212,0,1,0,DUNCANSLTD,NO_UNRESOLVED_DISCONTINUITY
DWARKESH|NOISIN|5,3578,2011-06-22,2026-09-30,3572,0,5,1,DWARKESH,NO_UNRESOLVED_DISCONTINUITY
DYCL|INE600Y01019|1,967,2022-07-27,2026-09-30,965,0,1,1,DYCL,NO_UNRESOLVED_DISCONTINUITY
DYNAMATECH|NOISIN|1,3518,2011-06-22,2026-09-30,3473,0,44,0,DYNAMATECH,NO_UNRESOLVED_DISCONTINUITY
DYNASYS|NOISIN|1,86,2011-06-22,2011-11-02,82,0,3,0,DYNASYS,NO_UNRESOLVED_DISCONTINUITY
DYNATECH|INE741L01018|1,2338,2012-10-23,2026-09-30,2310,3,24,0,DYNATECH|DUCON,HAS_UNRESOLVED_DISCONTINUITY
DYNPRO|INE256H01015|1,2114,2017-07-19,2026-09-30,2110,1,2,0,DYNPRO,HAS_UNRESOLVED_DISCONTINUITY
E2E|INE255Z01019|1,567,2022-04-12,2026-08-10,562,0,4,1,E2E,NO_UNRESOLVED_DISCONTINUITY
EASEMYTRIP|INE07O001018|1,1309,2021-03-19,2026-09-30,1307,0,1,3,EASEMYTRIP,NO_UNRESOLVED_DISCONTINUITY
EASTSILK|NOISIN|2,1897,2011-06-22,2022-06-14,1851,0,45,0,EASTSILK,NO_UNRESOLVED_DISCONTINUITY
EASTWEST|INE595R01023|1,32,2026-08-17,2026-09-30,31,0,0,0,EASTWEST,NO_UNRESOLVED_DISCONTINUITY
EASUNREYRL|NOISIN|1,1685,2011-06-22,2019-09-23,1676,1,7,0,EASUNREYRL,HAS_UNRESOLVED_DISCONTINUITY
EBANK10|INF754K01XH9|1,40,2026-08-05,2026-09-30,39,0,0,0,EBANK10,NO_UNRESOLVED_DISCONTINUITY
EBANKNIFTY|INF754K01TE4|1,505,2024-09-16,2026-09-30,504,0,0,0,EBANKNIFTY,NO_UNRESOLVED_DISCONTINUITY
EBANK|INF754K01EL1|1,869,2015-12-21,2023-08-01,592,0,276,0,EBANK,NO_UNRESOLVED_DISCONTINUITY
EBBETF0423|INF754K01KN4|1,812,2020-01-02,2023-04-11,811,0,0,0,EBBETF0423,NO_UNRESOLVED_DISCONTINUITY
EBBETF0425|INF754K01LD3|1,1162,2020-07-29,2025-04-08,1161,0,0,0,EBBETF0425,NO_UNRESOLVED_DISCONTINUITY
EBBETF0430|INF754K01KO2|1,1668,2020-01-02,2026-09-30,1667,0,0,0,EBBETF0430,NO_UNRESOLVED_DISCONTINUITY
EBBETF0431|INF754K01LE1|1,1527,2020-07-29,2026-09-30,1526,0,0,0,EBBETF0431,NO_UNRESOLVED_DISCONTINUITY
EBBETF0433|INF754K01QX0|1,934,2022-12-16,2026-09-30,933,0,0,0,EBBETF0433,NO_UNRESOLVED_DISCONTINUITY
EBGNG|INE18JU01028|1,289,2025-07-30,2026-09-30,288,0,0,0,EBGNG,NO_UNRESOLVED_DISCONTINUITY
EBIX|INE432F01032|1,13,2026-08-17,2026-09-02,12,0,0,0,EBIX,NO_UNRESOLVED_DISCONTINUITY
ECAPINSURE|INF754K01TX4|1,429,2025-01-06,2026-09-30,428,0,0,0,ECAPINSURE,NO_UNRESOLVED_DISCONTINUITY
ECEIND|NOISIN|2,1880,2011-06-22,2019-05-09,1860,0,19,0,ECEIND,NO_UNRESOLVED_DISCONTINUITY
ECLERX|NOISIN|2,3705,2011-06-22,2026-09-30,3703,0,1,3,ECLERX,NO_UNRESOLVED_DISCONTINUITY
ECORECO|INE316A01038|1,32,2026-08-17,2026-09-30,31,0,0,0,ECORECO,NO_UNRESOLVED_DISCONTINUITY
ECOSMOBLTY|INE06HJ01020|1,449,2024-09-04,2026-09-30,447,0,1,0,ECOSMOBLTY,NO_UNRESOLVED_DISCONTINUITY
EDELWEISS|NOISIN|1,3732,2011-06-22,2026-09-30,3729,0,2,0,EDELWEISS,NO_UNRESOLVED_DISCONTINUITY
EDL|NOISIN|1,1823,2011-06-22,2019-02-27,1820,0,2,0,EDL,NO_UNRESOLVED_DISCONTINUITY
EDSERV|NOISIN|1,562,2011-06-22,2013-12-09,560,0,1,0,EDSERV,NO_UNRESOLVED_DISCONTINUITY
EDUCOMP|NOISIN|1,1417,2011-06-22,2017-09-22,1413,0,3,0,EDUCOMP,NO_UNRESOLVED_DISCONTINUITY
EFCIL|INE886D01026|1,275,2025-08-20,2026-09-30,273,1,0,0,EFCIL,HAS_UNRESOLVED_DISCONTINUITY
EGOLD|INF754K01SE6|1,711,2023-11-10,2026-09-30,710,0,0,0,EGOLD,NO_UNRESOLVED_DISCONTINUITY
EICHERMOT|NOISIN|1,3768,2011-06-22,2026-09-30,3767,0,0,1,EICHERMOT,NO_UNRESOLVED_DISCONTINUITY
EIDPARRY|NOISIN|1,3768,2011-06-22,2026-09-30,3767,0,0,0,EIDPARRY,NO_UNRESOLVED_DISCONTINUITY
EIEL|INE0LLY01014|1,454,2024-11-29,2026-09-30,453,0,0,0,EIEL,NO_UNRESOLVED_DISCONTINUITY
EIFFL|INE546V01010|1,1031,2021-10-12,2026-06-22,1028,0,2,0,EIFFL,NO_UNRESOLVED_DISCONTINUITY
EIHAHOTELS|NOISIN|3,3757,2011-06-22,2026-09-30,3745,1,10,1,EIHAHOTELS,HAS_UNRESOLVED_DISCONTINUITY
EIHOTEL|NOISIN|1,3768,2011-06-22,2026-09-30,3766,1,0,0,EIHOTEL,HAS_UNRESOLVED_DISCONTINUITY
EIMCOELECO|NOISIN|2,2567,2011-06-22,2026-09-30,2502,0,64,0,EIMCOELECO,NO_UNRESOLVED_DISCONTINUITY
EKC|NOISIN|1,3540,2011-06-22,2026-09-30,3533,0,6,0,EKC,NO_UNRESOLVED_DISCONTINUITY
EKI|INE0CPR01018|1,32,2026-08-17,2026-09-30,31,0,0,0,EKI,NO_UNRESOLVED_DISCONTINUITY
ELANTAS|INE280B01018|1,114,2026-04-20,2026-09-30,113,0,0,0,ELANTAS,NO_UNRESOLVED_DISCONTINUITY
ELCIDIN|INE927X01018|1,114,2026-04-20,2026-09-30,113,0,0,0,ELCIDIN,NO_UNRESOLVED_DISCONTINUITY
ELDEHSG|INE668G01021|1,1103,2022-04-12,2026-09-30,1102,0,0,0,ELDEHSG,NO_UNRESOLVED_DISCONTINUITY
ELDERPHARM|NOISIN|1,1028,2011-06-22,2015-11-20,1026,0,1,0,ELDERPHARM,NO_UNRESOLVED_DISCONTINUITY
ELECON|NOISIN|1,3768,2011-06-22,2026-09-30,3767,0,0,1,ELECON,NO_UNRESOLVED_DISCONTINUITY
ELECTCAST|NOISIN|1,3768,2011-06-22,2026-09-30,3767,0,0,0,ELECTCAST,NO_UNRESOLVED_DISCONTINUITY
ELECTHERM|NOISIN|1,2881,2011-06-22,2026-09-30,2841,0,39,0,ELECTHERM,NO_UNRESOLVED_DISCONTINUITY
ELEVATE|INE147X01013|1,1,2026-09-30,2026-09-30,0,0,0,0,ELEVATE,NO_UNRESOLVED_DISCONTINUITY
ELFORGE|NOISIN|2,542,2011-06-22,2014-11-21,510,1,30,0,ELFORGE,HAS_UNRESOLVED_DISCONTINUITY
ELGIEQUIP|NOISIN|1,3768,2011-06-22,2026-09-30,3767,0,0,1,ELGIEQUIP,NO_UNRESOLVED_DISCONTINUITY
ELGIRUBCO|INE819L01012|1,3187,2011-08-25,2026-09-30,3173,0,13,0,ELGIRUBCO,NO_UNRESOLVED_DISCONTINUITY
ELIN|INE050401020|1,860,2022-12-30,2026-09-30,858,0,1,0,ELIN,NO_UNRESOLVED_DISCONTINUITY
ELIQUID|INF754K01VW2|1,224,2025-10-10,2026-09-30,216,0,7,0,ELIQUID,NO_UNRESOLVED_DISCONTINUITY
ELITECON|INE669R01026|1,114,2026-04-20,2026-09-30,113,0,0,0,ELITECON,NO_UNRESOLVED_DISCONTINUITY
ELLEN|INE236E01022|1,310,2025-07-01,2026-09-30,309,0,0,0,ELLEN,NO_UNRESOLVED_DISCONTINUITY
ELM250|INF754K01VV4|1,262,2025-09-09,2026-09-30,261,0,0,0,ELM250,NO_UNRESOLVED_DISCONTINUITY
ELMDIV|INF754K01XI7|1,40,2026-08-05,2026-09-30,39,0,0,0,ELMDIV,NO_UNRESOLVED_DISCONTINUITY
ELNET|NOISIN|1,685,2011-06-22,2014-09-24,628,0,56,0,ELNET,NO_UNRESOLVED_DISCONTINUITY
ELPROINTL|INE579B01039|1,114,2026-04-20,2026-09-30,113,0,0,0,ELPROINTL,NO_UNRESOLVED_DISCONTINUITY
EMAMIINFRA|NOISIN|2,2949,2011-06-22,2026-09-30,2931,0,17,0,EMAMIINFRA|EMAMIREAL,NO_UNRESOLVED_DISCONTINUITY
EMAMILTD|NOISIN|1,3768,2011-06-22,2026-09-30,3767,0,0,2,EMAMILTD,NO_UNRESOLVED_DISCONTINUITY
EMAMIPAP|INE830C01026|1,1765,2019-05-30,2026-07-24,1764,0,0,0,EMAMIPAP,NO_UNRESOLVED_DISCONTINUITY
EMCO|NOISIN|1,1746,2011-06-22,2019-06-28,1740,0,5,0,EMCO,NO_UNRESOLVED_DISCONTINUITY
EMCURE|INE168P01015|1,551,2024-07-10,2026-09-30,550,0,0,0,EMCURE,NO_UNRESOLVED_DISCONTINUITY
EMERCK|NOISIN|1,3768,2011-06-22,2026-09-30,3767,0,0,0,MERCK|PGHL,NO_UNRESOLVED_DISCONTINUITY
EMETAL|INF754K01XG1|1,46,2026-07-28,2026-09-30,45,0,0,0,EMETAL,NO_UNRESOLVED_DISCONTINUITY
EMIL|INE02YR01019|1,955,2022-10-17,2026-09-30,953,0,1,0,EMIL,NO_UNRESOLVED_DISCONTINUITY
EMKAY|NOISIN|5,3142,2011-06-22,2026-09-30,3104,0,37,0,EMKAY,NO_UNRESOLVED_DISCONTINUITY
EMMBI|NOISIN|1,3703,2011-06-22,2026-07-02,3700,0,2,0,EMMBI,NO_UNRESOLVED_DISCONTINUITY
EMMVEE|INE1C6T01020|1,215,2025-11-18,2026-09-30,214,0,0,0,EMMVEE,NO_UNRESOLVED_DISCONTINUITY
EMPEESUG|NOISIN|1,575,2011-06-22,2014-11-03,547,0,27,0,EMPEESUG,NO_UNRESOLVED_DISCONTINUITY
EMPIND|INE515H01014|1,32,2026-08-17,2026-09-30,31,0,0,0,EMPIND,NO_UNRESOLVED_DISCONTINUITY
EMPOWER|INE507F01023|1,40,2026-04-20,2026-09-30,38,0,1,0,EMPOWER,NO_UNRESOLVED_DISCONTINUITY
EMSLIMITED|INE0OV601013|1,745,2023-09-21,2026-09-30,744,0,0,0,EMSLIMITED,NO_UNRESOLVED_DISCONTINUITY
EMUDHRA|INE01QM01018|1,1070,2022-06-01,2026-09-30,1069,0,0,0,EMUDHRA,NO_UNRESOLVED_DISCONTINUITY
EMULTIMQ|INF754K01TF1|1,468,2024-11-07,2026-09-30,467,0,0,0,EMULTIMQ,NO_UNRESOLVED_DISCONTINUITY
ENDURANCE|INE913H01037|1,2458,2016-10-19,2026-09-30,2457,0,0,0,ENDURANCE,NO_UNRESOLVED_DISCONTINUITY
ENERGYAXIS|INF846KA1598|1,20,2026-09-02,2026-09-30,19,0,0,0,ENERGYAXIS,NO_UNRESOLVED_DISCONTINUITY
ENERGYDEV|NOISIN|2,3092,2011-06-22,2026-09-30,3056,0,35,0,ENERGYDEV,NO_UNRESOLVED_DISCONTINUITY
ENERGY|INF769K01PR2|1,218,2025-11-13,2026-09-30,217,0,0,0,ENERGY,NO_UNRESOLVED_DISCONTINUITY
ENEXT50|INF754K01XF3|1,90,2026-05-25,2026-09-30,89,0,0,0,ENEXT50,NO_UNRESOLVED_DISCONTINUITY
ENGINERSIN|NOISIN|1,3768,2011-06-22,2026-09-30,3767,0,0,1,ENGINERSIN,NO_UNRESOLVED_DISCONTINUITY
ENIFTY|INF754K01VX0|1,208,2025-11-27,2026-09-30,207,0,0,0,ENIFTY,NO_UNRESOLVED_DISCONTINUITY
ENIL|NOISIN|1,3768,2011-06-22,2026-09-30,3767,0,0,0,ENIL,NO_UNRESOLVED_DISCONTINUITY
ENKEIWHEL|INE130L01014|1,32,2026-08-17,2026-09-30,31,0,0,0,ENKEIWHEL,NO_UNRESOLVED_DISCONTINUITY
ENRIN|INE1NPP01017|1,308,2025-07-03,2026-09-30,307,0,0,0,ENRIN,NO_UNRESOLVED_DISCONTINUITY
ENTEGRA|NOISIN|3,327,2011-06-22,2013-08-14,311,0,15,1,ENTEGRA,NO_UNRESOLVED_DISCONTINUITY
ENTERO|INE010601016|1,646,2024-02-16,2026-09-30,645,0,0,0,ENTERO,NO_UNRESOLVED_DISCONTINUITY
EON|INE076H01025|1,1657,2012-06-21,2020-02-26,1618,0,38,0,EON,NO_UNRESOLVED_DISCONTINUITY
EPACKPEB|INE0MLS01022|1,246,2025-10-01,2026-09-30,245,0,0,0,EPACKPEB,NO_UNRESOLVED_DISCONTINUITY
EPACK|INE0G5901015|1,602,2024-01-30,2026-09-30,600,0,1,0,EPACK,NO_UNRESOLVED_DISCONTINUITY
EQ30|INF754K01EM9|1,1134,2016-05-30,2021-09-30,1003,0,130,0,EQ30,NO_UNRESOLVED_DISCONTINUITY
EQUAL200|INF769K01OA1|1,381,2025-03-17,2026-09-30,380,0,0,0,EQUAL200,NO_UNRESOLVED_DISCONTINUITY
EQUAL50|INF769K01OO2|1,340,2025-05-15,2026-09-30,336,0,3,0,EQUAL50,NO_UNRESOLVED_DISCONTINUITY
EQUITASBNK|INE063P01018|1,1460,2020-11-02,2026-09-30,1459,0,0,0,EQUITASBNK,NO_UNRESOLVED_DISCONTINUITY
EQUITAS|INE988K01017|1,1681,2016-04-21,2023-02-02,1680,0,0,0,EQUITAS,NO_UNRESOLVED_DISCONTINUITY
ERACONS|NOISIN|1,1041,2011-06-22,2015-12-24,1038,0,2,0,ERAINFRA,NO_UNRESOLVED_DISCONTINUITY
ERIS|INE406M01024|1,2286,2017-06-29,2026-09-30,2285,0,0,0,ERIS,NO_UNRESOLVED_DISCONTINUITY
EROSMEDIA|NOISIN|1,3115,2011-06-22,2024-10-24,3111,0,3,0,EROSMEDIA,NO_UNRESOLVED_DISCONTINUITY
ESABINDIA|NOISIN|1,3741,2011-06-22,2026-09-30,3738,0,2,0,ESABINDIA,NO_UNRESOLVED_DISCONTINUITY
ESAFSFB|INE818W01011|1,675,2023-11-10,2026-08-10,674,0,0,0,ESAFSFB,NO_UNRESOLVED_DISCONTINUITY
ESCORTS|NOISIN|1,3768,2011-06-22,2026-09-30,3767,0,0,0,ESCORTS,NO_UNRESOLVED_DISCONTINUITY
ESDS|INE0DRI01029|1,18,2026-09-04,2026-09-30,17,0,0,0,ESDS,NO_UNRESOLVED_DISCONTINUITY
ESENSEX|INF754K01VY8|1,207,2025-11-27,2026-09-30,205,0,1,0,ESENSEX,NO_UNRESOLVED_DISCONTINUITY
ESILVER|INF754K01SF3|1,702,2023-11-24,2026-09-30,701,0,0,0,ESILVER,NO_UNRESOLVED_DISCONTINUITY
ESL|NOISIN|1,1618,2011-06-22,2018-04-26,1615,0,2,0,ESL,NO_UNRESOLVED_DISCONTINUITY
ESSAROIL|NOISIN|1,1131,2011-06-22,2016-02-09,1129,0,1,0,ESSAROIL,NO_UNRESOLVED_DISCONTINUITY
ESSARPORTS|NOISIN|1,1110,2011-06-22,2015-12-23,1109,0,0,0,ESSARPORTS,NO_UNRESOLVED_DISCONTINUITY
ESSARSHPNG|INE122M01019|1,2955,2011-11-29,2026-09-30,2942,0,12,0,ESSARSHPNG,NO_UNRESOLVED_DISCONTINUITY
ESSDEE|NOISIN|1,1563,2011-06-22,2019-05-27,1557,0,5,0,ESSDEE,NO_UNRESOLVED_DISCONTINUITY
ESSELPACK|NOISIN|2,3768,2011-06-22,2026-09-30,3767,0,0,1,ESSELPACK|EPL,NO_UNRESOLVED_DISCONTINUITY
ESSENTIA|INE418N01035|1,572,2022-06-21,2026-09-30,565,0,6,0,ESSENTIA,NO_UNRESOLVED_DISCONTINUITY
ESTER|NOISIN|1,3602,2011-06-22,2026-09-30,3595,0,6,0,ESTER,NO_UNRESOLVED_DISCONTINUITY
ETHOSLTD|INE04TZ01018|1,1072,2022-05-30,2026-09-30,1070,1,0,0,ETHOSLTD,HAS_UNRESOLVED_DISCONTINUITY
EUREKAFORB|INE0KCE01017|1,508,2024-09-11,2026-09-30,507,0,0,0,EUREKAFORB,NO_UNRESOLVED_DISCONTINUITY
EUROBOND|INE505V01016|1,287,2025-08-01,2026-09-30,286,0,0,0,EUROBOND,NO_UNRESOLVED_DISCONTINUITY
EUROCERA|NOISIN|3,1167,2011-06-22,2018-06-22,1113,0,53,0,EUROCERA,NO_UNRESOLVED_DISCONTINUITY
EUROMULTI|NOISIN|1,935,2011-06-22,2020-12-24,766,0,168,0,EUROMULTI,NO_UNRESOLVED_DISCONTINUITY
EUROPRATIK|INE198501012|1,252,2025-09-23,2026-09-30,251,0,0,0,EUROPRATIK,NO_UNRESOLVED_DISCONTINUITY
EUROTEXIND|NOISIN|4,2456,2011-06-22,2026-09-30,2210,0,245,0,EUROTEXIND,NO_UNRESOLVED_DISCONTINUITY
EVEREADY|NOISIN|2,3627,2011-06-22,2026-09-30,3622,0,4,0,EVEREADY,NO_UNRESOLVED_DISCONTINUITY
EVERESTIND|NOISIN|2,3547,2011-06-22,2026-07-01,3544,0,2,0,EVERESTIND,NO_UNRESOLVED_DISCONTINUITY
EVERONN|NOISIN|1,1247,2011-06-22,2016-11-03,1243,0,3,0,EVERONN,NO_UNRESOLVED_DISCONTINUITY
EVIETF|INF109K1A153|1,363,2025-04-15,2026-09-30,362,0,0,0,EVIETF,NO_UNRESOLVED_DISCONTINUITY
EVINDIA|INF769K01LQ3|1,547,2024-07-16,2026-09-30,546,0,0,0,EVINDIA,NO_UNRESOLVED_DISCONTINUITY
EVINIX|NOISIN|1,46,2011-06-22,2011-08-25,45,0,0,0,EVINIX,NO_UNRESOLVED_DISCONTINUITY
EXCELCROP|NOISIN|3,1894,2011-06-22,2019-08-28,1892,0,1,0,EXCELCROP,NO_UNRESOLVED_DISCONTINUITY
EXCELINDUS|NOISIN|4,3719,2011-06-22,2026-09-30,3685,0,33,0,EXCELINDUS,NO_UNRESOLVED_DISCONTINUITY
EXCELINFO|NOISIN|1,2617,2011-06-22,2026-09-30,2598,0,18,1,EXCELINFO|EXCEL|LANDSMILL,NO_UNRESOLVED_DISCONTINUITY
EXCELSOFT|INE606N01019|1,209,2025-11-26,2026-09-30,208,0,0,0,EXCELSOFT,NO_UNRESOLVED_DISCONTINUITY
EXICOM|INE777F01014|1,577,2024-03-05,2026-09-30,574,1,1,0,EXICOM,HAS_UNRESOLVED_DISCONTINUITY
EXXARO|INE0GFE01018|1,1123,2021-08-31,2026-09-30,1120,0,2,1,EXXARO,NO_UNRESOLVED_DISCONTINUITY
FABTECH|INE0HF201011|1,232,2025-10-23,2026-09-30,231,0,0,0,FABTECH,NO_UNRESOLVED_DISCONTINUITY
FACT|NOISIN|2,3709,2011-06-22,2026-09-30,3707,0,1,0,FACT,NO_UNRESOLVED_DISCONTINUITY
FAGBEARING|NOISIN|1,3768,2011-06-22,2026-09-30,3767,0,0,1,FAGBEARING|SCHAEFFLER,NO_UNRESOLVED_DISCONTINUITY
FAIRCHEMOR|INE0DNW01011|1,1352,2021-01-08,2026-07-03,1351,0,0,0,FAIRCHEMOR,NO_UNRESOLVED_DISCONTINUITY
FAME|NOISIN|5,293,2011-06-22,2013-06-26,271,0,21,0,FAME,NO_UNRESOLVED_DISCONTINUITY
FARMAXIND|NOISIN|1,1022,2011-06-22,2017-03-06,948,65,8,0,FARMAXIND,HAS_UNRESOLVED_DISCONTINUITY
FAZE3Q|INE963C01033|1,900,2022-11-18,2026-09-30,898,0,1,0,FAZE3Q,NO_UNRESOLVED_DISCONTINUITY
FCH|NOISIN|2,1853,2011-06-22,2018-12-27,1852,0,0,0,FCH|CAPF,NO_UNRESOLVED_DISCONTINUITY
FCL|INE045J01018|1,2890,2015-01-15,2026-09-30,2889,0,0,3,FCL,NO_UNRESOLVED_DISCONTINUITY
FCSSOFT|NOISIN|1,2599,2011-06-22,2026-09-30,2580,1,17,0,FCSSOFT,HAS_UNRESOLVED_DISCONTINUITY
FDC|NOISIN|1,3768,2011-06-22,2026-09-30,3767,0,0,0,FDC,NO_UNRESOLVED_DISCONTINUITY
FEDDERLOYD|NOISIN|2,1790,2011-06-22,2018-09-24,1789,0,0,0,FEDDERLOYD|FEDDERELEC,NO_UNRESOLVED_DISCONTINUITY
FEDDERSHOL|INE417D01020|1,114,2026-04-20,2026-09-30,113,0,0,0,FEDDERSHOL,NO_UNRESOLVED_DISCONTINUITY
FEDERALBNK|NOISIN|1,3768,2011-06-22,2026-09-30,3767,0,0,2,FEDERALBNK,NO_UNRESOLVED_DISCONTINUITY
FEDFINA|INE007N01010|1,699,2023-11-30,2026-09-30,698,0,0,0,FEDFINA,NO_UNRESOLVED_DISCONTINUITY
FERMENTA|INE225B01021|1,114,2026-04-20,2026-09-30,113,0,0,0,FERMENTA,NO_UNRESOLVED_DISCONTINUITY
FIBERWEB|INE296C01020|1,1024,2022-02-16,2026-09-30,1021,0,2,0,FIBERWEB,NO_UNRESOLVED_DISCONTINUITY
FIEMIND|NOISIN|1,3768,2011-06-22,2026-09-30,3767,0,0,1,FIEMIND,NO_UNRESOLVED_DISCONTINUITY
FILATEX|INE816B01019|1,3495,2011-08-29,2026-09-30,3422,0,72,2,FILATEX,NO_UNRESOLVED_DISCONTINUITY
FILATFASH|INE185E01013|1,312,2024-05-06,2026-09-30,309,0,2,1,FILATFASH,NO_UNRESOLVED_DISCONTINUITY
FINANTECH|NOISIN|2,3472,2011-06-22,2026-09-30,3464,1,6,0,FINANTECH|63MOONS,HAS_UNRESOLVED_DISCONTINUITY
FINCABLES|NOISIN|1,3768,2011-06-22,2026-09-30,3767,0,0,0,FINCABLES,NO_UNRESOLVED_DISCONTINUITY
FINEORG|INE686Y01026|1,2035,2018-07-02,2026-09-30,2034,0,0,0,FINEORG,NO_UNRESOLVED_DISCONTINUITY
FINKURVE|INE734I01027|1,246,2025-10-01,2026-09-30,245,0,0,0,FINKURVE,NO_UNRESOLVED_DISCONTINUITY
FINOPB|INE02NC01014|1,1206,2021-11-12,2026-09-30,1205,0,0,0,FINOPB,NO_UNRESOLVED_DISCONTINUITY
FINPIPE|NOISIN|1,3768,2011-06-22,2026-09-30,3767,0,0,1,FINPIPE,NO_UNRESOLVED_DISCONTINUITY
FIRSTCRY|INE02RE01045|1,528,2024-08-13,2026-09-30,527,0,0,0,FIRSTCRY,NO_UNRESOLVED_DISCONTINUITY
FIRSTLEASE|NOISIN|1,610,2011-06-22,2013-12-09,609,0,0,0,FIRSTLEASE,NO_UNRESOLVED_DISCONTINUITY
FIRSTWIN|NOISIN|4,697,2011-06-22,2018-02-20,535,0,161,0,FIRSTWIN,NO_UNRESOLVED_DISCONTINUITY
FISCHER|INE771F01025|1,303,2025-07-10,2026-09-30,302,0,0,1,FISCHER,NO_UNRESOLVED_DISCONTINUITY
FIVESTAR|INE128S01021|1,953,2022-11-21,2026-09-30,952,0,0,0,FIVESTAR,NO_UNRESOLVED_DISCONTINUITY
FLAIR|INE00Y201027|1,698,2023-12-01,2026-09-30,697,0,0,0,FLAIR,NO_UNRESOLVED_DISCONTINUITY
FLEXIADD|INF740KA1WU9|1,236,2025-10-16,2026-09-30,235,0,0,0,FLEXIADD,NO_UNRESOLVED_DISCONTINUITY
FLEXITUFF|INE060J01017|1,2693,2011-10-19,2026-06-16,2677,0,15,0,FLEXITUFF,NO_UNRESOLVED_DISCONTINUITY
FLEX|NOISIN|1,3768,2011-06-22,2026-09-30,3767,0,0,0,UFLEX,NO_UNRESOLVED_DISCONTINUITY
FLFL|INE452O01016|1,2187,2013-10-17,2023-03-31,2184,0,2,0,FLFL,NO_UNRESOLVED_DISCONTINUITY
FLUOROCHEM|INE09N301011|1,1649,2019-10-31,2026-09-30,1647,0,1,0,FLUOROCHEM,NO_UNRESOLVED_DISCONTINUITY
FMCGADD|INF740KA1ZA4|1,91,2026-05-22,2026-09-30,90,0,0,0,FMCGADD,NO_UNRESOLVED_DISCONTINUITY
FMCGIETF|INF109KC19V3|1,592,2024-05-10,2026-09-30,591,0,0,0,FMCGIETF,NO_UNRESOLVED_DISCONTINUITY
FMGOETZE|NOISIN|3,3766,2011-06-22,2026-09-30,3763,0,2,0,FMGOETZE,NO_UNRESOLVED_DISCONTINUITY
FOCUS|INE593W01010|1,901,2021-11-24,2026-07-01,897,0,3,1,FOCUS,NO_UNRESOLVED_DISCONTINUITY
FOODSIN|INE976E01023|1,1082,2021-11-16,2026-09-30,1079,0,2,0,FOODSIN,NO_UNRESOLVED_DISCONTINUITY
FORCEMOT|INE451A01017|1,1684,2019-08-19,2026-09-30,1682,0,1,0,FORCEMOT,NO_UNRESOLVED_DISCONTINUITY
FORTIS|NOISIN|1,3768,2011-06-22,2026-09-30,3767,0,0,0,FORTIS,NO_UNRESOLVED_DISCONTINUITY
FORTUNEFIN|INE924D01017|1,2068,2017-08-02,2026-09-30,2063,0,4,0,FORTUNEFIN|THEINVEST,NO_UNRESOLVED_DISCONTINUITY
FOSECOIND|NOISIN|1,3766,2011-06-22,2026-09-30,3763,0,2,0,FOSECOIND,NO_UNRESOLVED_DISCONTINUITY
FOURSOFT|NOISIN|9,713,2011-06-22,2015-07-07,708,0,4,0,FOURSOFT|PALRED,NO_UNRESOLVED_DISCONTINUITY
FRACTAL|INE212S01015|1,154,2026-02-16,2026-09-30,153,0,0,0,FRACTAL,NO_UNRESOLVED_DISCONTINUITY
FREDUN|INE194R01017|1,32,2026-08-17,2026-09-30,31,0,0,0,FREDUN,NO_UNRESOLVED_DISCONTINUITY
FRETAIL|INE752P01024|1,1439,2016-09-14,2022-07-22,1437,0,1,0,FRETAIL,NO_UNRESOLVED_DISCONTINUITY
FRONTSP|INE572D01014|1,114,2026-04-20,2026-09-30,113,0,0,0,FRONTSP,NO_UNRESOLVED_DISCONTINUITY
FSC|INE935Q01015|1,1136,2017-12-18,2022-11-21,1133,0,2,0,FSC,NO_UNRESOLVED_DISCONTINUITY
FSL|NOISIN|1,3768,2011-06-22,2026-09-30,3767,0,0,0,FSL,NO_UNRESOLVED_DISCONTINUITY
FTCPOF5YDV|INF090I01080|1,18,2012-01-13,2012-05-22,4,0,13,0,FTCPOF5YDV,NO_UNRESOLVED_DISCONTINUITY
FTCPOF5YGR|INF090I01072|1,16,2011-06-24,2012-04-23,2,0,13,0,FTCPOF5YGR,NO_UNRESOLVED_DISCONTINUITY
FTCSF5YDIV|NOISIN|3,44,2011-06-22,2011-12-23,21,0,22,0,FTCSF5YDIV,NO_UNRESOLVED_DISCONTINUITY
FTCSF5YGRO|INF090I01031|1,31,2011-06-30,2011-12-23,7,0,23,0,FTCSF5YGRO,NO_UNRESOLVED_DISCONTINUITY
FUSION|INE139R01012|1,957,2022-11-15,2026-09-30,955,1,0,0,FUSION,HAS_UNRESOLVED_DISCONTINUITY
FUTUREVENT|NOISIN|1,495,2011-06-22,2013-06-20,494,0,0,0,FUTUREVENT,NO_UNRESOLVED_DISCONTINUITY
FVIL|INE220J01025|1,2369,2013-07-18,2024-05-15,2366,0,2,0,FVIL|FCEL|FCONSUMER,NO_UNRESOLVED_DISCONTINUITY
G5|INF247L01AK4|1,1430,2020-12-16,2026-09-30,1429,0,0,0,G5|MOGSEC,NO_UNRESOLVED_DISCONTINUITY
GABRIEL|NOISIN|2,3768,2011-06-22,2026-09-30,3767,0,0,1,GABRIEL,NO_UNRESOLVED_DISCONTINUITY
GAEL|NOISIN|1,3768,2011-06-22,2026-09-30,3767,0,0,2,GAEL,NO_UNRESOLVED_DISCONTINUITY
GAIL|NOISIN|1,3768,2011-06-22,2026-09-30,3767,0,0,4,GAIL,NO_UNRESOLVED_DISCONTINUITY
GAJA|INE18UN01038|1,25,2026-08-26,2026-09-30,24,0,0,0,GAJA,NO_UNRESOLVED_DISCONTINUITY
GALAPREC|INE0RE001014|1,500,2024-09-23,2026-09-30,499,0,0,0,GALAPREC,NO_UNRESOLVED_DISCONTINUITY
GALAXYSURF|INE600K01018|1,2132,2018-02-08,2026-09-30,2131,0,0,0,GALAXYSURF,NO_UNRESOLVED_DISCONTINUITY
GALLANTT|NOISIN|3,3411,2011-06-22,2026-09-30,3405,0,5,0,GALLANTT,NO_UNRESOLVED_DISCONTINUITY
GALLISPAT|NOISIN|1,2557,2011-06-22,2022-06-03,2541,0,15,1,GALLISPAT,NO_UNRESOLVED_DISCONTINUITY
GAL|NOISIN|1,2970,2011-06-22,2026-09-30,2952,2,15,1,GAL|SHAH,HAS_UNRESOLVED_DISCONTINUITY
GAMMNINFRA|NOISIN|2,2579,2011-06-22,2023-01-20,2570,1,7,0,GAMMNINFRA|AJRINFRA,HAS_UNRESOLVED_DISCONTINUITY
GAMMONIND|NOISIN|1,1485,2011-06-22,2017-09-22,1482,0,2,0,GAMMONIND,NO_UNRESOLVED_DISCONTINUITY
GANDHAR|INE717W01049|1,699,2023-11-30,2026-09-30,698,0,0,0,GANDHAR,NO_UNRESOLVED_DISCONTINUITY
GANDHITUBE|NOISIN|2,3678,2011-06-22,2026-09-30,3609,0,68,0,GANDHITUBE,NO_UNRESOLVED_DISCONTINUITY
GANECOS|INE845D01014|1,2856,2015-03-09,2026-09-30,2855,0,0,0,GANECOS,NO_UNRESOLVED_DISCONTINUITY
GANESHBE|INE388A01029|1,1202,2021-09-16,2026-07-30,1201,0,0,0,GANESHBE,NO_UNRESOLVED_DISCONTINUITY
GANESHCP|INE652V01016|1,248,2025-09-29,2026-09-30,247,0,0,0,GANESHCP,NO_UNRESOLVED_DISCONTINUITY
GANESHHOUC|NOISIN|1,3679,2011-06-22,2026-09-30,3675,0,3,1,GANESHHOUC|GANESHHOU,NO_UNRESOLVED_DISCONTINUITY
GANGAFORGE|INE691Z01015|1,950,2021-07-06,2026-09-30,945,1,3,1,GANGAFORGE,HAS_UNRESOLVED_DISCONTINUITY
GANGESSECU|INE335W01016|1,2074,2018-02-07,2026-09-30,2063,0,10,0,GANGESSECU,NO_UNRESOLVED_DISCONTINUITY
GANGOTRI|NOISIN|2,601,2011-06-22,2017-05-22,458,0,142,0,GANGOTRI,NO_UNRESOLVED_DISCONTINUITY
GARDENSILK|NOISIN|2,2169,2011-06-22,2021-01-25,2165,0,3,0,GARDENSILK,NO_UNRESOLVED_DISCONTINUITY
GARUDA|INE0JVO01026|1,485,2024-10-15,2026-09-30,484,0,0,0,GARUDA,NO_UNRESOLVED_DISCONTINUITY
GARWALLROP|NOISIN|2,3738,2011-06-22,2026-09-30,3718,0,19,1,GARWALLROP|GARFIBRES,NO_UNRESOLVED_DISCONTINUITY
GARWOFFS|NOISIN|2,2068,2011-06-22,2021-03-12,2059,0,8,0,GLOBOFFS,NO_UNRESOLVED_DISCONTINUITY
GATEWAY|INE079J01017|1,1108,2022-04-05,2026-09-30,1107,0,0,0,GATEWAY,NO_UNRESOLVED_DISCONTINUITY
GATI|NOISIN|1,3523,2011-06-22,2025-11-11,3521,0,1,0,GATI|ACLGATI,NO_UNRESOLVED_DISCONTINUITY
GAUDIUMIVF|INE0P8B01020|1,39,2026-03-16,2026-09-30,37,0,1,0,GAUDIUMIVF,NO_UNRESOLVED_DISCONTINUITY
GAYAHWS|INE287Z01012|1,677,2018-08-23,2026-09-30,662,0,14,0,GAYAHWS,NO_UNRESOLVED_DISCONTINUITY
GAYAPROJ|INE336H01015|1,2656,2011-08-22,2026-09-30,2650,1,4,1,GAYAPROJ,HAS_UNRESOLVED_DISCONTINUITY
GBN|NOISIN|1,3219,2011-06-22,2024-10-15,3215,1,2,0,IBN18|TV18BRDCST,HAS_UNRESOLVED_DISCONTINUITY
GCSL|INE199P01028|1,176,2025-09-04,2026-09-30,174,0,1,0,GCSL,NO_UNRESOLVED_DISCONTINUITY
GDL|NOISIN|1,2535,2011-06-22,2022-01-04,2532,1,1,0,GDL,HAS_UNRESOLVED_DISCONTINUITY
GEEKAYWIRE|INE669X01016|1,690,2020-03-06,2023-06-06,688,0,1,0,GEEKAYWIRE,NO_UNRESOLVED_DISCONTINUITY
GEEKAYWIRE|INE669X01024|1,586,2024-02-12,2026-09-30,584,0,1,1,GEEKAYWIRE,NO_UNRESOLVED_DISCONTINUITY
GEINDSYS|NOISIN|1,1012,2011-06-22,2016-02-19,1004,0,7,0,GEINDSYS,NO_UNRESOLVED_DISCONTINUITY
GEMAROMA|INE06XZ01023|1,210,2025-08-26,2026-09-30,208,0,1,0,GEMAROMA,NO_UNRESOLVED_DISCONTINUITY
GEMINI|NOISIN|3,1288,2011-06-22,2018-02-06,1273,0,14,0,GEMINI,NO_UNRESOLVED_DISCONTINUITY
GENCON|INE854S01022|1,1130,2021-02-16,2026-09-30,1125,0,4,0,GENCON,NO_UNRESOLVED_DISCONTINUITY
GENESYS|NOISIN|8,3507,2011-06-22,2026-09-30,3500,1,5,0,GENESYS,HAS_UNRESOLVED_DISCONTINUITY
GENSOL|INE06H201014|1,366,2023-07-03,2025-03-18,364,0,1,1,GENSOL,NO_UNRESOLVED_DISCONTINUITY
GENUSPAPER|INE949P01018|1,2722,2015-03-02,2026-09-30,2718,0,3,0,GENUSPAPER,NO_UNRESOLVED_DISCONTINUITY
GENUSPOWER|NOISIN|2,3641,2011-06-22,2026-09-30,3638,0,2,0,GENUSPOWER,NO_UNRESOLVED_DISCONTINUITY
GEOINFO|NOISIN|1,578,2011-06-22,2013-12-09,576,0,1,0,GEODESIC,NO_UNRESOLVED_DISCONTINUITY
GEOJIT|NOISIN|1,3742,2011-06-22,2026-09-30,3739,1,1,0,GEOJITBNPP|GEOJITFSL,HAS_UNRESOLVED_DISCONTINUITY
GEOMETRIC|NOISIN|1,1409,2011-06-22,2017-03-10,1408,0,0,0,GEOMETRIC,NO_UNRESOLVED_DISCONTINUITY
GESCOCORP|NOISIN|1,3768,2011-06-22,2026-09-30,3765,2,0,1,MAHLIFE,HAS_UNRESOLVED_DISCONTINUITY
GESHIP|NOISIN|1,3768,2011-06-22,2026-09-30,3767,0,0,0,GESHIP,NO_UNRESOLVED_DISCONTINUITY
GFSTEELS|INE534A01028|1,210,2020-04-13,2026-09-15,168,0,41,0,GFSTEELS,NO_UNRESOLVED_DISCONTINUITY
GHCLTEXTIL|INE0PA801013|1,805,2023-06-26,2026-09-30,804,0,0,0,GHCLTEXTIL,NO_UNRESOLVED_DISCONTINUITY
GHCL|NOISIN|1,3758,2011-06-22,2026-09-30,3756,0,1,0,GHCL,NO_UNRESOLVED_DISCONTINUITY
GICHSGFIN|NOISIN|1,3768,2011-06-22,2026-09-30,3767,0,0,0,GICHSGFIN,NO_UNRESOLVED_DISCONTINUITY
GICL|INE947T01022|1,117,2026-03-23,2026-09-10,116,0,0,0,GICL,NO_UNRESOLVED_DISCONTINUITY
GICRE|INE481Y01014|1,2206,2017-10-25,2026-09-30,2205,0,0,1,GICRE,NO_UNRESOLVED_DISCONTINUITY
GILLANDERS|NOISIN|1,3338,2011-06-22,2026-09-30,3297,0,40,0,GILLANDERS,NO_UNRESOLVED_DISCONTINUITY
GINNIFILA|NOISIN|6,3205,2011-06-22,2026-07-08,3186,0,18,0,GINNIFILA,NO_UNRESOLVED_DISCONTINUITY
GIPCL|NOISIN|1,3768,2011-06-22,2026-09-30,3767,0,0,0,GIPCL,NO_UNRESOLVED_DISCONTINUITY
GISOLUTION|NOISIN|4,770,2011-06-22,2023-04-06,554,0,215,0,GISOLUTION,NO_UNRESOLVED_DISCONTINUITY
GITANJALI|NOISIN|1,1688,2011-06-22,2018-04-26,1687,0,0,0,GITANJALI,NO_UNRESOLVED_DISCONTINUITY
GKB|NOISIN|1,597,2011-06-22,2026-09-30,504,0,92,0,GKB,NO_UNRESOLVED_DISCONTINUITY
GKENERGY|INE1AG301022|1,249,2025-09-26,2026-09-30,248,0,0,0,GKENERGY,NO_UNRESOLVED_DISCONTINUITY
GKSL|INE0V0W01025|1,186,2025-12-30,2026-09-30,185,0,0,0,GKSL,NO_UNRESOLVED_DISCONTINUITY
GKWLIMITED|NOISIN|3,3328,2011-06-22,2026-09-30,3248,0,79,0,GKWLIMITED,NO_UNRESOLVED_DISCONTINUITY
GLAND|INE068V01023|1,1447,2020-11-20,2026-09-30,1446,0,0,0,GLAND,NO_UNRESOLVED_DISCONTINUITY
GLASSWALL|INE644Q01039|1,11,2026-09-16,2026-09-30,10,0,0,0,GLASSWALL,NO_UNRESOLVED_DISCONTINUITY
GLAXO|NOISIN|1,3768,2011-06-22,2026-09-30,3767,0,0,1,GLAXO,NO_UNRESOLVED_DISCONTINUITY
GLENMARK|NOISIN|1,3768,2011-06-22,2026-09-30,3767,0,0,0,GLENMARK,NO_UNRESOLVED_DISCONTINUITY
GLFL|NOISIN|6,1321,2011-06-22,2026-09-30,1169,0,151,0,GLFL,NO_UNRESOLVED_DISCONTINUITY
GLOBALE|INE0URU01010|1,218,2024-09-10,2026-09-30,215,0,2,0,GLOBALE,NO_UNRESOLVED_DISCONTINUITY
GLOBALTELE|NOISIN|1,3314,2011-06-22,2026-09-30,3305,0,8,0,GTL,NO_UNRESOLVED_DISCONTINUITY
GLOBALVECT|NOISIN|5,2863,2011-06-22,2026-09-30,2824,0,38,0,GLOBALVECT,NO_UNRESOLVED_DISCONTINUITY
GLOBAL|INE291W01011|1,1115,2020-12-07,2026-09-30,1109,0,5,2,GLOBAL,NO_UNRESOLVED_DISCONTINUITY
GLOBECIVIL|INE0V3U01015|1,237,2025-07-15,2026-09-30,235,0,1,0,GLOBECIVIL,NO_UNRESOLVED_DISCONTINUITY
GLOBE|INE581X01013|1,80,2020-10-07,2021-02-01,79,0,0,0,GLOBE,NO_UNRESOLVED_DISCONTINUITY
GLOBE|INE581X01021|1,901,2021-10-12,2026-09-30,895,1,4,0,GLOBE,HAS_UNRESOLVED_DISCONTINUITY
GLOBUSSPR|NOISIN|1,3640,2011-06-22,2026-09-30,3637,0,2,0,GLOBUSSPR,NO_UNRESOLVED_DISCONTINUITY
GLORY|INE408H01012|1,526,2011-09-06,2014-05-16,521,0,4,0,GLORY,NO_UNRESOLVED_DISCONTINUITY
GLOSTERLTD|INE350Z01018|1,601,2024-04-26,2026-09-30,600,0,0,0,GLOSTERLTD,NO_UNRESOLVED_DISCONTINUITY
GLOTTIS|INE0TQE01026|1,180,2025-10-07,2026-09-30,178,0,1,0,GLOTTIS,NO_UNRESOLVED_DISCONTINUITY
GLS|INE03Q201024|1,1272,2021-08-06,2026-09-30,1271,0,0,0,GLS|ALIVUS,NO_UNRESOLVED_DISCONTINUITY
GMBREW|NOISIN|3,3745,2011-06-22,2026-09-30,3737,4,3,0,GMBREW,HAS_UNRESOLVED_DISCONTINUITY
GMDCLTD|NOISIN|1,3768,2011-06-22,2026-09-30,3767,0,0,0,GMDCLTD,NO_UNRESOLVED_DISCONTINUITY
GMMPFAUDLR|INE541A01023|1,2117,2018-03-05,2026-09-30,2116,0,0,1,GMMPFAUDLR,NO_UNRESOLVED_DISCONTINUITY
GMRFER|NOISIN|1,1637,2011-06-22,2018-08-27,1633,0,3,1,CRONIMET|METKORE,NO_UNRESOLVED_DISCONTINUITY
GMRINFRA|NOISIN|1,3768,2011-06-22,2026-09-30,3765,2,0,0,GMRINFRA|GMRAIRPORT,HAS_UNRESOLVED_DISCONTINUITY
GMRP&UI|INE0CU601026|1,1107,2022-04-06,2026-09-30,1106,0,0,0,GMRP&UI,NO_UNRESOLVED_DISCONTINUITY
GNA|INE934S01014|1,2463,2016-10-10,2026-09-30,2462,0,0,1,GNA,NO_UNRESOLVED_DISCONTINUITY
GNFC|NOISIN|1,3768,2011-06-22,2026-09-30,3767,0,0,0,GNFC,NO_UNRESOLVED_DISCONTINUITY
GNRL|INE207H01018|1,114,2026-04-20,2026-09-30,113,0,0,0,GNRL,NO_UNRESOLVED_DISCONTINUITY
GOACARBON|NOISIN|4,3589,2011-06-22,2026-09-30,3582,0,6,0,GOACARBON,NO_UNRESOLVED_DISCONTINUITY
GOCOLORS|INE0BJS01011|1,1195,2021-11-30,2026-09-30,1194,0,0,0,GOCOLORS,NO_UNRESOLVED_DISCONTINUITY
GODAVARIB|INE497S01012|1,355,2024-10-30,2026-09-30,352,0,2,0,GODAVARIB,NO_UNRESOLVED_DISCONTINUITY
GODFRYPHLP|NOISIN|1,3768,2011-06-22,2026-09-30,3767,0,0,2,GODFRYPHLP,NO_UNRESOLVED_DISCONTINUITY
GODHA|INE925Y01010|1,96,2020-12-24,2022-01-27,91,1,3,0,GODHA,HAS_UNRESOLVED_DISCONTINUITY
GODHA|INE925Y01036|1,471,2022-06-21,2026-07-07,464,1,5,0,GODHA|AURIGROW,HAS_UNRESOLVED_DISCONTINUITY
GODIGIT|INE03JT01014|1,584,2024-05-23,2026-09-30,583,0,0,0,GODIGIT,NO_UNRESOLVED_DISCONTINUITY
GODREJAGRO|INE850D01014|1,2212,2017-10-16,2026-09-30,2211,0,0,0,GODREJAGRO,NO_UNRESOLVED_DISCONTINUITY
GODREJCP|NOISIN|1,3768,2011-06-22,2026-09-30,3767,0,0,2,GODREJCP,NO_UNRESOLVED_DISCONTINUITY
GODREJIND|NOISIN|1,3768,2011-06-22,2026-09-30,3766,1,0,0,GODREJIND,HAS_UNRESOLVED_DISCONTINUITY
GODREJPROP|NOISIN|1,3768,2011-06-22,2026-09-30,3766,1,0,1,GODREJPROP,HAS_UNRESOLVED_DISCONTINUITY
GOENKA|NOISIN|1,805,2011-06-22,2014-09-23,804,0,0,1,GOENKA,NO_UNRESOLVED_DISCONTINUITY
GOKEX|NOISIN|3,3647,2011-06-22,2026-09-30,3643,0,3,0,GOKEX,NO_UNRESOLVED_DISCONTINUITY
GOKULAGRO|INE314T01025|1,2337,2016-03-29,2026-09-30,2329,1,6,1,GOKULAGRO,HAS_UNRESOLVED_DISCONTINUITY
GOKUL|NOISIN|1,3303,2011-06-22,2026-09-30,3291,0,11,0,GOKUL,NO_UNRESOLVED_DISCONTINUITY
GOLD360|INF579M01BB5|1,381,2025-03-17,2026-09-30,380,0,0,0,GOLD360,NO_UNRESOLVED_DISCONTINUITY
GOLDADD|INF740KA1ZP2|1,23,2026-08-28,2026-09-30,22,0,0,0,GOLDADD,NO_UNRESOLVED_DISCONTINUITY
GOLDBEES|INF204KB17I5|1,1676,2019-12-20,2026-09-30,1675,0,0,0,GOLDBEES,NO_UNRESOLVED_DISCONTINUITY
GOLDBEES|NOISIN|1,2092,2011-06-22,2019-12-19,2090,1,0,0,GOLDBEES,HAS_UNRESOLVED_DISCONTINUITY
GOLDBND|INF194KB1KJ7|1,197,2025-12-12,2026-09-30,196,0,0,0,GOLDBND,NO_UNRESOLVED_DISCONTINUITY
GOLDCASE|INF0R8F01042|1,636,2024-03-01,2026-09-30,635,0,0,0,GOLDCASE,NO_UNRESOLVED_DISCONTINUITY
GOLDENTOBC|NOISIN|3,1856,2011-06-22,2022-06-14,1846,0,9,0,GOLDENTOBC,NO_UNRESOLVED_DISCONTINUITY
GOLDIAM|NOISIN|5,3746,2011-06-22,2026-09-30,3732,1,12,1,GOLDIAM,HAS_UNRESOLVED_DISCONTINUITY
GOLDINFRA|NOISIN|2,3478,2011-06-22,2026-09-30,3469,0,8,0,GOLDINFRA|OLECTRA,NO_UNRESOLVED_DISCONTINUITY
GOLDSHARE|INF789F1AUX7|1,1361,2021-03-26,2026-09-30,1360,0,0,0,GOLDSHARE|GOLDBETA,NO_UNRESOLVED_DISCONTINUITY
GOLDSHARE|NOISIN|1,2407,2011-06-22,2021-03-25,2405,1,0,0,GOLDSHARE,HAS_UNRESOLVED_DISCONTINUITY
GOLDTECH|NOISIN|3,2843,2011-06-22,2026-07-01,2766,0,76,0,GOLDTECH,NO_UNRESOLVED_DISCONTINUITY
GOODLASNER|NOISIN|1,3768,2011-06-22,2026-09-30,3767,0,0,2,KANSAINER,NO_UNRESOLVED_DISCONTINUITY
GOODLUCK|INE127I01024|1,2778,2015-01-08,2026-09-30,2775,0,2,1,GOODLUCK,NO_UNRESOLVED_DISCONTINUITY
GOODYEAR|INE533A01012|1,872,2020-10-05,2026-09-30,870,0,1,0,GOODYEAR,NO_UNRESOLVED_DISCONTINUITY
GOPAL|INE0L9R01028|1,628,2024-03-14,2026-09-30,627,0,0,0,GOPAL,NO_UNRESOLVED_DISCONTINUITY
GOYALALUM|INE705X01018|1,87,2022-11-04,2023-03-09,86,0,0,0,GOYALALUM,NO_UNRESOLVED_DISCONTINUITY
GOYALALUM|INE705X01026|1,500,2023-05-23,2026-09-30,497,0,2,0,GOYALALUM,NO_UNRESOLVED_DISCONTINUITY
GPIL|NOISIN|2,3629,2011-06-22,2026-09-30,3624,0,4,2,GPIL,NO_UNRESOLVED_DISCONTINUITY
GPPL|NOISIN|1,3768,2011-06-22,2026-09-30,3767,0,0,0,GPPL,NO_UNRESOLVED_DISCONTINUITY
GPTHEALTH|INE486R01017|1,637,2024-02-29,2026-09-30,636,0,0,0,GPTHEALTH,NO_UNRESOLVED_DISCONTINUITY
GPTINFRA|INE390G01014|1,2261,2016-07-11,2026-09-30,2257,0,3,2,GPTINFRA,NO_UNRESOLVED_DISCONTINUITY
GRABALALK|NOISIN|2,161,2011-06-22,2012-03-12,145,0,15,0,GRABALALK,NO_UNRESOLVED_DISCONTINUITY
GRADIENTE|INE361K01017|1,57,2026-05-22,2026-09-15,55,0,1,0,GRADIENTE,NO_UNRESOLVED_DISCONTINUITY
GRANDOAK|INE926B01016|1,114,2026-04-20,2026-09-30,113,0,0,0,GRANDOAK,NO_UNRESOLVED_DISCONTINUITY
GRANULES|NOISIN|1,3768,2011-06-22,2026-09-30,3767,0,0,1,GRANULES,NO_UNRESOLVED_DISCONTINUITY
GRAPHITE|NOISIN|1,3768,2011-06-22,2026-09-30,3767,0,0,0,GRAPHITE,NO_UNRESOLVED_DISCONTINUITY
GRASIM|NOISIN|1,3768,2011-06-22,2026-09-30,3765,2,0,1,GRASIM,HAS_UNRESOLVED_DISCONTINUITY
GRAUWEIL|INE266D01021|1,665,2021-08-05,2026-09-30,663,0,1,0,GRAUWEIL,NO_UNRESOLVED_DISCONTINUITY
GRAVISSHO|INE214F01026|1,103,2026-04-20,2026-09-16,101,0,1,0,GRAVISSHO,NO_UNRESOLVED_DISCONTINUITY
GRAVITA|NOISIN|1,3706,2011-06-22,2026-09-30,3704,0,1,1,GRAVITA,NO_UNRESOLVED_DISCONTINUITY
GREAVESCOT|NOISIN|1,3768,2011-06-22,2026-09-30,3767,0,0,0,GREAVESCOT,NO_UNRESOLVED_DISCONTINUITY
GREENFIRE|INE217G01027|1,992,2012-10-31,2020-12-17,950,0,41,0,GREENFIRE|PROSEED,NO_UNRESOLVED_DISCONTINUITY
GREENLAM|INE544R01013|1,2850,2015-03-17,2026-09-30,2849,0,0,2,GREENLAM,NO_UNRESOLVED_DISCONTINUITY
GREENPANEL|INE08ZM01014|1,1602,2019-11-06,2026-09-30,1598,0,3,0,GREENPANEL,NO_UNRESOLVED_DISCONTINUITY
GREENPLY|NOISIN|1,3748,2011-06-22,2026-09-30,3745,0,2,1,GREENPLY,NO_UNRESOLVED_DISCONTINUITY
GREENPOWER|NOISIN|1,3316,2011-06-22,2026-09-30,3307,1,7,0,GREENPOWER,HAS_UNRESOLVED_DISCONTINUITY
GRINDWELL|NOISIN|1,3768,2011-06-22,2026-09-30,3767,0,0,1,GRINDWELL,NO_UNRESOLVED_DISCONTINUITY
GRINFRA|INE201P01022|1,1285,2021-07-19,2026-09-30,1284,0,0,0,GRINFRA,NO_UNRESOLVED_DISCONTINUITY
GRMOVER|INE192H01020|1,1003,2022-09-07,2026-09-30,1002,0,0,1,GRMOVER,NO_UNRESOLVED_DISCONTINUITY
GROBTEA|INE646C01018|1,1979,2016-11-22,2026-09-30,1935,0,43,0,GROBTEA,NO_UNRESOLVED_DISCONTINUITY
GROWEV|INF666M01IH2|1,529,2024-08-12,2026-09-30,528,0,0,0,GROWEV|GROWWEV,NO_UNRESOLVED_DISCONTINUITY
GROWWCAPM|INF666M01MM4|1,203,2025-12-04,2026-09-30,202,0,0,0,GROWWCAPM,NO_UNRESOLVED_DISCONTINUITY
GROWWCHEM|INF666M01NP5|1,174,2026-01-16,2026-09-30,173,0,0,0,GROWWCHEM,NO_UNRESOLVED_DISCONTINUITY
GROWWDEFNC|INF666M01IO8|1,487,2024-10-11,2026-09-30,486,0,0,0,GROWWDEFNC,NO_UNRESOLVED_DISCONTINUITY
GROWWGOLD|INF666M01IW1|1,318,2024-10-24,2026-02-05,317,0,0,0,GROWWGOLD,NO_UNRESOLVED_DISCONTINUITY
GROWWGOLD|INF666M01OE7|1,160,2026-02-06,2026-09-30,159,0,0,0,GROWWGOLD,NO_UNRESOLVED_DISCONTINUITY
GROWWHOSPI|INF666M01OD9|1,142,2026-03-05,2026-09-30,141,0,0,0,GROWWHOSPI,NO_UNRESOLVED_DISCONTINUITY
GROWWLIQID|INF666M01IP5|1,497,2024-09-26,2026-09-30,496,0,0,0,GROWWLIQID,NO_UNRESOLVED_DISCONTINUITY
GROWWLOVOL|INF666M01LB9|1,320,2025-06-17,2026-09-30,319,0,0,0,GROWWLOVOL,NO_UNRESOLVED_DISCONTINUITY
GROWWMC150|INF666M01MV5|1,216,2025-11-17,2026-09-30,215,0,0,0,GROWWMC150,NO_UNRESOLVED_DISCONTINUITY
GROWWMETAL|INF666M01NI0|1,190,2025-12-23,2026-09-30,189,0,0,0,GROWWMETAL,NO_UNRESOLVED_DISCONTINUITY
GROWWMOM50|INF666M01KJ4|1,357,2025-04-24,2026-09-30,356,0,0,0,GROWWMOM50,NO_UNRESOLVED_DISCONTINUITY
GROWWN200|INF666M01JV1|1,391,2025-02-28,2026-09-30,390,0,0,0,GROWWN200,NO_UNRESOLVED_DISCONTINUITY
GROWWNET|INF666M01LI4|1,308,2025-07-03,2026-09-30,307,0,0,0,GROWWNET,NO_UNRESOLVED_DISCONTINUITY
GROWWNIFTY|INF666M01LL8|1,295,2025-07-22,2026-09-30,294,0,0,0,GROWWNIFTY,NO_UNRESOLVED_DISCONTINUITY
GROWWNXT50|INF666M01LZ8|1,271,2025-08-26,2026-09-30,270,0,0,0,GROWWNXT50,NO_UNRESOLVED_DISCONTINUITY
GROWWPOWER|INF666M01LM6|1,283,2025-08-07,2026-09-30,282,0,0,0,GROWWPOWER,NO_UNRESOLVED_DISCONTINUITY
GROWWPSE|INF666M01NQ3|1,157,2026-02-11,2026-09-30,156,0,0,0,GROWWPSE,NO_UNRESOLVED_DISCONTINUITY
GROWWPSUBK|INF666M01OG2|1,127,2026-03-27,2026-09-30,126,0,0,0,GROWWPSUBK,NO_UNRESOLVED_DISCONTINUITY
GROWWRAIL|INF666M01JJ6|1,405,2025-02-07,2026-09-30,404,0,0,0,GROWWRAIL,NO_UNRESOLVED_DISCONTINUITY
GROWWRLTY|INF666M01MN2|1,241,2025-10-09,2026-09-30,240,0,0,0,GROWWRLTY,NO_UNRESOLVED_DISCONTINUITY
GROWWSC250|INF666M01MO0|1,227,2025-10-30,2026-09-30,226,0,0,0,GROWWSC250,NO_UNRESOLVED_DISCONTINUITY
GROWWSLVR|INF666M01LA1|1,177,2025-05-23,2026-02-05,176,0,0,0,GROWWSLVR,NO_UNRESOLVED_DISCONTINUITY
GROWWSLVR|INF666M01OF4|1,160,2026-02-06,2026-09-30,159,0,0,0,GROWWSLVR,NO_UNRESOLVED_DISCONTINUITY
GROWW|INE0HOQ01053|1,219,2025-11-12,2026-09-30,218,0,0,0,GROWW,NO_UNRESOLVED_DISCONTINUITY
GRPLTD|INE137I01015|1,2617,2015-02-12,2026-09-30,2587,0,29,0,GRPLTD,NO_UNRESOLVED_DISCONTINUITY
GRSE|INE382Z01011|1,1968,2018-10-10,2026-09-30,1967,0,0,0,GRSE,NO_UNRESOLVED_DISCONTINUITY
GRUH|NOISIN|1,2048,2011-06-22,2019-10-15,2047,0,0,3,GRUH,NO_UNRESOLVED_DISCONTINUITY
GRWRHITECH|INE291A01017|1,1149,2022-02-03,2026-09-30,1148,0,0,0,GRWRHITECH,NO_UNRESOLVED_DISCONTINUITY
GSCLCEMENT|INE542A01039|1,2393,2013-05-29,2023-04-20,2390,0,2,0,GSCLCEMENT,NO_UNRESOLVED_DISCONTINUITY
GSEC10ABSL|INF209KC1142|1,361,2024-08-19,2026-09-30,274,0,86,0,GSEC10ABSL,NO_UNRESOLVED_DISCONTINUITY
GSEC10ADD|INF740KA1ZI7|1,20,2026-08-20,2026-09-29,15,0,4,0,GSEC10ADD,NO_UNRESOLVED_DISCONTINUITY
GSFC|NOISIN|1,3768,2011-06-22,2026-09-30,3767,0,0,1,GSFC,NO_UNRESOLVED_DISCONTINUITY
GSKCONS|NOISIN|1,2169,2011-06-22,2020-04-15,2168,0,0,0,GSKCONS,NO_UNRESOLVED_DISCONTINUITY
GSLSU|INE0JSX01015|1,800,2023-04-11,2026-09-30,798,0,1,0,GSLSU,NO_UNRESOLVED_DISCONTINUITY
GSPCROP|INE713R01022|1,129,2026-03-24,2026-09-30,128,0,0,0,GSPCROP,NO_UNRESOLVED_DISCONTINUITY
GSPL|NOISIN|1,3669,2011-06-22,2026-05-11,3668,0,0,0,GSPL,NO_UNRESOLVED_DISCONTINUITY
GSSAMERICA|NOISIN|2,3361,2011-06-22,2026-09-30,3352,0,8,0,GSSAMERICA|GSS,NO_UNRESOLVED_DISCONTINUITY
GTLINFRA|NOISIN|1,3354,2011-06-22,2026-09-30,3343,0,10,0,GTLINFRA,NO_UNRESOLVED_DISCONTINUITY
GTNIND|NOISIN|6,1957,2011-06-22,2021-03-12,1846,0,110,0,GTNIND,NO_UNRESOLVED_DISCONTINUITY
GTNTEX|NOISIN|5,2027,2011-06-22,2022-01-03,1898,0,128,0,GTNTEX,NO_UNRESOLVED_DISCONTINUITY
GTOFFSHORE|NOISIN|1,1478,2011-06-22,2017-06-21,1477,0,0,0,GTOFFSHORE,NO_UNRESOLVED_DISCONTINUITY
GTPL|INE869I01013|1,2283,2017-07-04,2026-09-30,2282,0,0,0,GTPL,NO_UNRESOLVED_DISCONTINUITY
GUFICBIO|INE742B01025|1,3654,2011-09-06,2026-09-30,3626,0,27,0,GUFICBIO,NO_UNRESOLVED_DISCONTINUITY
GUJALKALI|NOISIN|1,3768,2011-06-22,2026-09-30,3767,0,0,0,GUJALKALI,NO_UNRESOLVED_DISCONTINUITY
GUJAMBCEM|NOISIN|1,3768,2011-06-22,2026-09-30,3767,0,0,0,AMBUJACEM,NO_UNRESOLVED_DISCONTINUITY
GUJAPOLIND|NOISIN|1,3527,2011-06-22,2026-09-30,3521,0,5,0,GUJAPOLLO,NO_UNRESOLVED_DISCONTINUITY
GUJFLUORO|NOISIN|1,3721,2011-06-22,2026-09-30,3715,0,5,0,GUJFLUORO|GFLLIMITED,NO_UNRESOLVED_DISCONTINUITY
GUJGASLTD|INE844O01022|1,2704,2015-10-01,2026-09-30,2702,0,1,1,GUJGASLTD|GUJENERGY,NO_UNRESOLVED_DISCONTINUITY
GUJNRECOKE|NOISIN|1,1569,2011-06-22,2018-02-09,1567,0,1,0,GUJNRECOKE,NO_UNRESOLVED_DISCONTINUITY
GUJNREDVR|NOISIN|1,1558,2011-06-22,2018-02-09,1555,0,2,0,GUJNREDVR,NO_UNRESOLVED_DISCONTINUITY
GUJRAFFIA|INE610B01024|1,383,2024-04-29,2026-09-30,380,0,2,0,GUJRAFFIA,NO_UNRESOLVED_DISCONTINUITY
GUJRATGAS|NOISIN|1,965,2011-06-22,2015-05-26,964,0,0,0,GUJRATGAS,NO_UNRESOLVED_DISCONTINUITY
GUJSIDHCEM|NOISIN|4,415,2011-06-22,2013-02-21,414,0,0,0,GUJSIDHCEM,NO_UNRESOLVED_DISCONTINUITY
GUJTHEM|INE942C01045|1,393,2025-02-25,2026-09-30,392,0,0,0,GUJTHEM,NO_UNRESOLVED_DISCONTINUITY
GULFCORP|INE077F01035|1,3014,2014-07-10,2026-09-30,3013,0,0,0,GULFCORP|GOCLCORP,NO_UNRESOLVED_DISCONTINUITY
GULFOILCOR|NOISIN|2,728,2011-06-22,2014-06-03,727,0,0,0,GULFOILCOR,NO_UNRESOLVED_DISCONTINUITY
GULFOILLUB|INE635Q01029|1,2990,2014-08-14,2026-09-30,2989,0,0,0,GULFOILLUB,NO_UNRESOLVED_DISCONTINUITY
GULPOLY|INE255D01016|1,472,2015-01-28,2016-12-27,470,1,0,0,GULPOLY,HAS_UNRESOLVED_DISCONTINUITY
GULPOLY|INE255D01024|1,2238,2016-12-28,2026-09-30,2229,1,7,0,GULPOLY,HAS_UNRESOLVED_DISCONTINUITY
GVKPIL|NOISIN|1,2498,2011-06-22,2024-07-19,2487,0,10,0,GVKPIL,NO_UNRESOLVED_DISCONTINUITY
GVPTECH|INE382T01030|1,588,2024-03-26,2026-09-02,585,1,1,0,GVPTECH,HAS_UNRESOLVED_DISCONTINUITY
GWALCHEM|NOISIN|1,3621,2011-06-22,2026-07-02,3575,0,45,0,GEECEE,NO_UNRESOLVED_DISCONTINUITY
GYFTR|INE724A01017|1,58,2026-07-10,2026-09-30,57,0,0,0,GYFTR,NO_UNRESOLVED_DISCONTINUITY
HALDER|INE115S01010|1,147,2026-02-24,2026-09-30,145,0,1,0,HALDER,NO_UNRESOLVED_DISCONTINUITY
HALDYNGL|INE506D01020|1,48,2026-04-20,2026-09-30,46,0,1,0,HALDYNGL,NO_UNRESOLVED_DISCONTINUITY
HALONIX|NOISIN|2,1452,2011-06-22,2017-09-11,1441,0,10,0,HALONIX|PHOENIXLL,NO_UNRESOLVED_DISCONTINUITY
HAL|INE066F01012|1,2100,2018-03-28,2026-09-30,2099,0,0,1,HAL,NO_UNRESOLVED_DISCONTINUITY
HAMPTON|INE299D01022|1,32,2026-08-17,2026-09-30,31,0,0,0,HAMPTON,NO_UNRESOLVED_DISCONTINUITY
HANUNG|NOISIN|1,1355,2011-06-22,2017-08-02,1352,0,2,0,HANUNG,NO_UNRESOLVED_DISCONTINUITY
HAPPSTMNDS|INE419U01012|1,1422,2020-09-17,2026-09-30,1419,0,2,0,HAPPSTMNDS,NO_UNRESOLVED_DISCONTINUITY
HAPPYFORGE|INE330T01021|1,681,2023-12-27,2026-09-30,680,0,0,0,HAPPYFORGE,NO_UNRESOLVED_DISCONTINUITY
HARDWYN|INE626Z01011|1,880,2022-04-12,2026-09-30,876,0,3,4,HARDWYN,NO_UNRESOLVED_DISCONTINUITY
HARIOMPIPE|INE00EV01017|1,1092,2022-04-29,2026-09-30,1091,0,0,0,HARIOMPIPE,NO_UNRESOLVED_DISCONTINUITY
HARITASEAT|NOISIN|2,2145,2011-06-22,2021-04-09,2049,0,95,0,HARITASEAT,NO_UNRESOLVED_DISCONTINUITY
HARRMALAYA|NOISIN|2,3639,2011-06-22,2026-09-30,3635,0,3,0,HARRMALAYA,NO_UNRESOLVED_DISCONTINUITY
HARSHA|INE0JUS01029|1,990,2022-09-26,2026-09-30,989,0,0,0,HARSHA,NO_UNRESOLVED_DISCONTINUITY
HATHWAY|NOISIN|1,3692,2011-06-22,2026-09-30,3690,0,1,1,HATHWAY,NO_UNRESOLVED_DISCONTINUITY
HATSUN|INE473B01035|1,3028,2014-06-20,2026-09-30,3025,2,0,2,HATSUN,HAS_UNRESOLVED_DISCONTINUITY
HAVELLS|NOISIN|1,3768,2011-06-22,2026-09-30,3767,0,0,1,HAVELLS,NO_UNRESOLVED_DISCONTINUITY
HAVISHA|INE293B01029|1,469,2024-04-23,2026-09-30,465,0,3,0,HAVISHA,NO_UNRESOLVED_DISCONTINUITY
HAWKINCOOK|INE979B01015|1,114,2026-04-20,2026-09-30,113,0,0,0,HAWKINCOOK,NO_UNRESOLVED_DISCONTINUITY
HAZOOR|INE550F01049|1,32,2026-08-17,2026-09-30,31,0,0,0,HAZOOR,NO_UNRESOLVED_DISCONTINUITY
HBANKETF|INF179KC1AN8|1,849,2020-08-28,2024-02-01,848,0,0,0,HBANKETF|HDFCNIFBAN,NO_UNRESOLVED_DISCONTINUITY
HBESD|INE640B01021|1,114,2026-04-20,2026-09-30,113,0,0,0,HBESD,NO_UNRESOLVED_DISCONTINUITY
HBLPOWER|NOISIN|2,3730,2011-06-22,2026-09-30,3728,0,1,0,HBLPOWER|HBLENGINE,NO_UNRESOLVED_DISCONTINUITY
HBPOR|INE638B01025|1,32,2026-08-17,2026-09-30,31,0,0,0,HBPOR,NO_UNRESOLVED_DISCONTINUITY
HBSL|INE550B01022|1,1395,2018-08-09,2026-09-30,1336,0,58,0,HBSL,NO_UNRESOLVED_DISCONTINUITY
HBSTOCK|NOISIN|4,1448,2011-06-22,2018-03-08,1407,0,40,0,HBSTOCK,NO_UNRESOLVED_DISCONTINUITY
HCG|INE075I01017|1,2594,2016-03-30,2026-09-30,2592,1,0,0,HCG,HAS_UNRESOLVED_DISCONTINUITY
HCIL|NOISIN|1,3701,2011-06-22,2026-09-30,3698,0,2,0,HCIL|HSCL,NO_UNRESOLVED_DISCONTINUITY
HCL-INSYS|NOISIN|1,3428,2011-06-22,2026-09-30,3419,1,7,0,HCL-INSYS,HAS_UNRESOLVED_DISCONTINUITY
HCLTECH|NOISIN|1,3768,2011-06-22,2026-09-30,3767,0,0,2,HCLTECH,NO_UNRESOLVED_DISCONTINUITY
HDBFS|INE756I01012|1,309,2025-07-02,2026-09-30,308,0,0,0,HDBFS,NO_UNRESOLVED_DISCONTINUITY
HDFCAMC|INE127D01025|1,2010,2018-08-06,2026-09-30,2009,0,0,1,HDFCAMC,NO_UNRESOLVED_DISCONTINUITY
HDFCBANK|NOISIN|1,3768,2011-06-22,2026-09-30,3767,0,0,3,HDFCBANK,NO_UNRESOLVED_DISCONTINUITY
HDFCBSE500|INF179KC1EZ4|1,888,2023-02-21,2026-09-30,887,0,0,0,HDFCBSE500,NO_UNRESOLVED_DISCONTINUITY
HDFCGROWTH|INF179KC1DJ0|1,987,2022-09-29,2026-09-30,986,0,0,0,HDFCGROWTH,NO_UNRESOLVED_DISCONTINUITY
HDFCLIFE|INE795G01014|1,2189,2017-11-17,2026-09-30,2188,0,0,0,HDFCLIFE,NO_UNRESOLVED_DISCONTINUITY
HDFCLIQUID|INF179KC1HE2|1,366,2023-08-31,2025-02-27,363,0,2,0,HDFCLIQUID,NO_UNRESOLVED_DISCONTINUITY
HDFCLIQUID|INF179KC1JG3|1,391,2025-02-28,2026-09-30,390,0,0,0,HDFCLIQUID,NO_UNRESOLVED_DISCONTINUITY
HDFCLOWVOL|INF179KC1DN2|1,241,2022-10-17,2023-10-19,231,0,9,0,HDFCLOWVOL,NO_UNRESOLVED_DISCONTINUITY
HDFCLOWVOL|INF179KC1HU8|1,725,2023-10-20,2026-09-30,724,0,0,0,HDFCLOWVOL,NO_UNRESOLVED_DISCONTINUITY
HDFCMFGETF|INF179KC1981|1,1385,2021-02-19,2026-09-30,1384,0,0,0,HDFCMFGETF|HDFCGOLD,NO_UNRESOLVED_DISCONTINUITY
HDFCMFGETF|NOISIN|1,2383,2011-06-22,2021-02-18,2381,1,0,0,HDFCMFGETF,HAS_UNRESOLVED_DISCONTINUITY
HDFCMID150|INF179KC1FA4|1,163,2023-02-21,2023-10-19,162,0,0,0,HDFCMID150,NO_UNRESOLVED_DISCONTINUITY
HDFCMID150|INF179KC1HT0|1,725,2023-10-20,2026-09-30,724,0,0,0,HDFCMID150,NO_UNRESOLVED_DISCONTINUITY
HDFCMOMENT|INF179KC1DM4|1,249,2022-10-17,2023-10-19,246,0,2,0,HDFCMOMENT,NO_UNRESOLVED_DISCONTINUITY
HDFCMOMENT|INF179KC1HV6|1,725,2023-10-20,2026-09-30,724,0,0,0,HDFCMOMENT,NO_UNRESOLVED_DISCONTINUITY
HDFCNEXT50|INF179KC1DA9|1,294,2022-08-11,2023-10-19,292,0,1,0,HDFCNEXT50,NO_UNRESOLVED_DISCONTINUITY
HDFCNEXT50|INF179KC1HS2|1,725,2023-10-20,2026-09-30,724,0,0,0,HDFCNEXT50,NO_UNRESOLVED_DISCONTINUITY
HDFCNIF100|INF179KC1DB7|1,294,2022-08-11,2023-10-19,292,0,1,0,HDFCNIF100,NO_UNRESOLVED_DISCONTINUITY
HDFCNIF100|INF179KC1HR4|1,725,2023-10-20,2026-09-30,724,0,0,0,HDFCNIF100,NO_UNRESOLVED_DISCONTINUITY
HDFCNIFBAN|INF179KC1HY0|1,656,2024-02-02,2026-09-30,655,0,0,0,HDFCNIFBAN,NO_UNRESOLVED_DISCONTINUITY
HDFCNIFETF|INF179KB1KP3|1,1278,2015-12-16,2021-02-18,1275,1,1,0,HDFCNIFETF,HAS_UNRESOLVED_DISCONTINUITY
HDFCNIFETF|INF179KC1965|1,1385,2021-02-19,2026-09-30,1384,0,0,0,HDFCNIFETF|HDFCNIFTY,NO_UNRESOLVED_DISCONTINUITY
HDFCNIFIT|INF179KC1DX1|1,296,2022-11-22,2024-02-01,295,0,0,0,HDFCNIFIT,NO_UNRESOLVED_DISCONTINUITY
HDFCNIFIT|INF179KC1IA8|1,656,2024-02-02,2026-09-30,655,0,0,0,HDFCNIFIT,NO_UNRESOLVED_DISCONTINUITY
HDFCNIMEG|INF179KC1KT4|1,43,2026-07-31,2026-09-30,42,0,0,0,HDFCNIMEG,NO_UNRESOLVED_DISCONTINUITY
HDFCPSUBK|INF179KC1HW4|1,653,2024-02-07,2026-09-30,652,0,0,0,HDFCPSUBK,NO_UNRESOLVED_DISCONTINUITY
HDFCPVTBAN|INF179KC1DW3|1,294,2022-11-22,2024-02-01,291,0,2,0,HDFCPVTBAN,NO_UNRESOLVED_DISCONTINUITY
HDFCPVTBAN|INF179KC1HZ7|1,656,2024-02-02,2026-09-30,655,0,0,0,HDFCPVTBAN,NO_UNRESOLVED_DISCONTINUITY
HDFCQUAL|INF179KC1DL6|1,986,2022-09-29,2026-09-30,984,0,1,0,HDFCQUAL,NO_UNRESOLVED_DISCONTINUITY
HDFCSENETF|INF179KB1KQ1|1,1020,2015-12-16,2021-02-18,873,1,145,0,HDFCSENETF,HAS_UNRESOLVED_DISCONTINUITY
HDFCSENETF|INF179KC1973|1,729,2021-02-19,2024-02-01,728,0,0,0,HDFCSENETF|HDFCSENSEX,NO_UNRESOLVED_DISCONTINUITY
HDFCSENSEX|INF179KC1HX2|1,656,2024-02-02,2026-09-30,655,0,0,0,HDFCSENSEX,NO_UNRESOLVED_DISCONTINUITY
HDFCSILVER|INF179KC1DI2|1,1003,2022-09-07,2026-09-30,1002,0,0,0,HDFCSILVER,NO_UNRESOLVED_DISCONTINUITY
HDFCSML250|INF179KC1FB2|1,888,2023-02-21,2026-09-30,887,0,0,0,HDFCSML250,NO_UNRESOLVED_DISCONTINUITY
HDFCVALUE|INF179KC1DK8|1,986,2022-09-29,2026-09-30,984,0,1,0,HDFCVALUE,NO_UNRESOLVED_DISCONTINUITY
HDFC|NOISIN|1,2975,2011-06-22,2023-07-12,2974,0,0,0,HDFC,NO_UNRESOLVED_DISCONTINUITY
HDIL|NOISIN|1,2072,2011-06-22,2019-11-21,2071,0,0,0,HDIL,NO_UNRESOLVED_DISCONTINUITY
HEALTHADD|INF740KA1UF4|1,589,2024-02-07,2026-07-02,587,0,1,0,HEALTHADD,NO_UNRESOLVED_DISCONTINUITY
HEALTHADD|INF740KA1ZG1|1,63,2026-07-03,2026-09-30,62,0,0,0,HEALTHADD,NO_UNRESOLVED_DISCONTINUITY
HEALTHCARE|INF769K01QA6|1,154,2026-02-16,2026-09-30,153,0,0,0,HEALTHCARE,NO_UNRESOLVED_DISCONTINUITY
HEALTHY|INF209KB10C2|1,1216,2021-10-28,2026-09-30,1215,0,0,0,HEALTHY,NO_UNRESOLVED_DISCONTINUITY
HECPROJECT|INE558R01013|1,862,2021-12-30,2026-09-30,854,0,7,0,HECPROJECT,NO_UNRESOLVED_DISCONTINUITY
HEG|NOISIN|1,3758,2011-06-22,2026-09-30,3756,0,1,1,HEG|HEGAM,NO_UNRESOLVED_DISCONTINUITY
HELIOSMATH|NOISIN|2,1028,2011-06-22,2015-08-21,1027,0,0,0,HELIOSMATH,NO_UNRESOLVED_DISCONTINUITY
HEMIPROP|INE0AJG01018|1,1402,2020-11-05,2026-09-30,1400,0,1,0,HEMIPROP,NO_UNRESOLVED_DISCONTINUITY
HERANBA|INE694N01015|1,1299,2021-03-05,2026-09-30,1297,0,1,0,HERANBA,NO_UNRESOLVED_DISCONTINUITY
HERCULES|NOISIN|1,3445,2011-06-22,2026-01-01,3441,0,3,1,HERCULES,NO_UNRESOLVED_DISCONTINUITY
HERITGFOOD|NOISIN|7,3705,2011-06-22,2026-09-30,3702,1,1,2,HERITGFOOD,HAS_UNRESOLVED_DISCONTINUITY
HEROHONDA|NOISIN|1,3768,2011-06-22,2026-09-30,3767,0,0,0,HEROHONDA|HEROMOTOCO,NO_UNRESOLVED_DISCONTINUITY
HEROMOTORS|INE012G01022|1,6,2026-09-23,2026-09-30,5,0,0,0,HEROMOTORS,NO_UNRESOLVED_DISCONTINUITY
HESTERBIO|INE782E01017|1,2852,2015-03-13,2026-09-30,2851,0,0,0,HESTERBIO,NO_UNRESOLVED_DISCONTINUITY
HEXAGON|INE0JUI01012|1,13,2026-06-29,2026-07-15,12,0,0,0,HEXAGON,NO_UNRESOLVED_DISCONTINUITY
HEXATRADEX|INE750M01017|1,2424,2012-05-04,2026-09-30,2415,0,8,0,HEXATRADEX,NO_UNRESOLVED_DISCONTINUITY
HEXAWARE|NOISIN|1,2308,2011-06-22,2020-10-30,2307,0,0,0,HEXAWARE,NO_UNRESOLVED_DISCONTINUITY
HEXT|INE093A01041|1,397,2025-02-19,2026-09-30,396,0,0,0,HEXT,NO_UNRESOLVED_DISCONTINUITY
HFCL|NOISIN|1,3675,2011-06-22,2026-09-02,3672,0,2,0,HFCL,NO_UNRESOLVED_DISCONTINUITY
HGINFRA|INE926X01010|1,2113,2018-03-09,2026-09-30,2112,0,0,0,HGINFRA,NO_UNRESOLVED_DISCONTINUITY
HIGHGROUND|INE361M01021|1,700,2016-11-24,2019-09-23,699,0,0,0,HIGHGROUND,NO_UNRESOLVED_DISCONTINUITY
HIKAL|NOISIN|1,3768,2011-06-22,2026-09-30,3767,0,0,2,HIKAL,NO_UNRESOLVED_DISCONTINUITY
HILINFRA|INE00RL01028|1,205,2025-08-28,2026-09-30,203,0,1,0,HILINFRA,NO_UNRESOLVED_DISCONTINUITY
HILTON|NOISIN|2,3023,2011-06-22,2026-09-30,2939,3,80,0,HILTON,HAS_UNRESOLVED_DISCONTINUITY
HIMATSEIDE|NOISIN|2,3678,2011-06-22,2026-09-30,3675,0,2,0,HIMATSEIDE,NO_UNRESOLVED_DISCONTINUITY
HINDADH|INE074C01013|1,32,2026-08-17,2026-09-30,31,0,0,0,HINDADH,NO_UNRESOLVED_DISCONTINUITY
HINDALC0|NOISIN|1,3768,2011-06-22,2026-09-30,3767,0,0,0,HINDALCO,NO_UNRESOLVED_DISCONTINUITY
HINDALUMI|INE227B01019|1,32,2026-08-17,2026-09-30,31,0,0,0,HINDALUMI,NO_UNRESOLVED_DISCONTINUITY
HINDCOMPOS|NOISIN|9,3583,2011-06-22,2026-09-30,3517,0,65,1,HINDCOMPOS,NO_UNRESOLVED_DISCONTINUITY
HINDCONS|NOISIN|1,3699,2011-06-22,2026-09-30,3693,3,2,0,HCC,HAS_UNRESOLVED_DISCONTINUITY
HINDCON|INE642Y01011|1,493,2021-07-05,2023-08-11,491,0,1,0,HINDCON,NO_UNRESOLVED_DISCONTINUITY
HINDCON|INE642Y01029|1,421,2023-11-20,2026-09-30,417,0,3,0,HINDCON,NO_UNRESOLVED_DISCONTINUITY
HINDCOPPER|NOISIN|1,3768,2011-06-22,2026-09-30,3767,0,0,0,HINDCOPPER,NO_UNRESOLVED_DISCONTINUITY
HINDDORROL|NOISIN|3,1341,2011-06-22,2018-05-21,1334,0,6,0,HINDDORROL,NO_UNRESOLVED_DISCONTINUITY
HINDLEVER|NOISIN|1,3768,2011-06-22,2026-09-30,3766,1,0,0,HINDUNILVR,HAS_UNRESOLVED_DISCONTINUITY
HINDMOTORS|NOISIN|1,2940,2011-06-22,2025-10-01,2927,0,12,0,HINDMOTORS,NO_UNRESOLVED_DISCONTINUITY
HINDNATGLS|NOISIN|1,2348,2011-06-22,2025-09-02,2267,0,80,0,HINDNATGLS,NO_UNRESOLVED_DISCONTINUITY
HINDOILEXP|NOISIN|1,3708,2011-06-22,2026-09-30,3706,0,1,0,HINDOILEXP,NO_UNRESOLVED_DISCONTINUITY
HINDPETRO|NOISIN|1,3768,2011-06-22,2026-09-30,3767,0,0,3,HINDPETRO,NO_UNRESOLVED_DISCONTINUITY
HINDSYNTEX|INE155B01012|1,806,2011-09-07,2019-09-09,671,0,134,0,HINDSYNTEX,NO_UNRESOLVED_DISCONTINUITY
HINDUJAFO|NOISIN|3,1297,2011-06-22,2017-06-05,1275,0,21,0,HINDUJAFO,NO_UNRESOLVED_DISCONTINUITY
HINDUJATMT|NOISIN|1,3454,2011-06-22,2026-09-30,3447,1,5,0,HINDUJAVEN|NXTDIGITAL|NDLVENTURE,HAS_UNRESOLVED_DISCONTINUITY
HINDZINC|NOISIN|1,3768,2011-06-22,2026-09-30,3767,0,0,0,HINDZINC,NO_UNRESOLVED_DISCONTINUITY
HIRAFERRO|INE573I01011|1,446,2011-10-25,2014-08-01,355,0,90,0,HIRAFERRO,NO_UNRESOLVED_DISCONTINUITY
HIRECT|NOISIN|1,3572,2011-06-22,2026-09-30,3567,0,4,1,HIRECT,NO_UNRESOLVED_DISCONTINUITY
HISARMETAL|INE598C01011|1,2282,2017-01-05,2026-09-30,2278,0,3,0,HISARMETAL,NO_UNRESOLVED_DISCONTINUITY
HITECHGEAR|NOISIN|1,3127,2011-06-22,2024-09-03,3109,0,17,0,HITECHGEAR,NO_UNRESOLVED_DISCONTINUITY
HITECHPLAS|NOISIN|1,3469,2011-06-22,2026-06-01,3425,0,43,0,HITECHPLAS|HITECHCORP,NO_UNRESOLVED_DISCONTINUITY
HITECH|INE106T01017|1,2075,2018-05-07,2026-09-30,2074,0,0,1,HITECH,NO_UNRESOLVED_DISCONTINUITY
HLEGLAS|INE461D01010|1,1384,2021-02-22,2026-09-30,1383,0,0,1,HLEGLAS,NO_UNRESOLVED_DISCONTINUITY
HMAAGRO|INE0ECP01016|1,800,2023-07-04,2026-09-30,799,0,0,1,HMAAGRO,NO_UNRESOLVED_DISCONTINUITY
HMT|NOISIN|2,1209,2011-06-22,2016-05-20,1208,0,0,0,HMT,NO_UNRESOLVED_DISCONTINUITY
HMVL|NOISIN|1,3661,2011-06-22,2026-08-06,3656,0,4,0,HMVL,NO_UNRESOLVED_DISCONTINUITY
HNDFDS|INE254N01018|1,1579,2019-08-19,2026-09-30,1575,0,3,1,HNDFDS,NO_UNRESOLVED_DISCONTINUITY
HNGSNGBEES|INF204KB19I1|1,1675,2019-12-20,2026-09-30,1673,0,1,0,HNGSNGBEES,NO_UNRESOLVED_DISCONTINUITY
HNGSNGBEES|NOISIN|1,1978,2011-06-22,2019-12-19,1877,1,99,0,HNGSNGBEES,HAS_UNRESOLVED_DISCONTINUITY
HOCL|NOISIN|6,1350,2011-06-22,2017-08-16,1344,0,5,0,HOCL,NO_UNRESOLVED_DISCONTINUITY
HOMEFIRST|INE481N01025|1,1397,2021-02-03,2026-09-30,1396,0,0,0,HOMEFIRST,NO_UNRESOLVED_DISCONTINUITY
HONASA|INE0J5401028|1,714,2023-11-07,2026-09-30,713,0,0,0,HONASA,NO_UNRESOLVED_DISCONTINUITY
HONDAPOWER|NOISIN|2,3742,2011-06-22,2026-09-30,3740,0,1,0,HONDAPOWER,NO_UNRESOLVED_DISCONTINUITY
HOPFL|INE940H01014|1,2802,2011-09-06,2023-10-20,2798,0,3,0,HOPFL|PGIL,NO_UNRESOLVED_DISCONTINUITY
HORIZONIND|INE685T01010|1,27,2026-08-24,2026-09-30,26,0,0,0,HORIZONIND,NO_UNRESOLVED_DISCONTINUITY
HORIZONINF|INE429F01012|1,1944,2011-09-06,2021-11-18,1931,0,12,0,HORIZONINF|SKIL,NO_UNRESOLVED_DISCONTINUITY
HOTELEELA|NOISIN|1,3609,2011-06-22,2026-09-30,3605,0,3,0,HOTELEELA|HLVLTD,NO_UNRESOLVED_DISCONTINUITY
HOTELRUGBY|NOISIN|11,1153,2011-06-22,2023-12-18,1014,0,138,0,HOTELRUGBY|UNIVAFOODS,NO_UNRESOLVED_DISCONTINUITY
HOVS|NOISIN|6,3109,2011-06-22,2026-09-30,3096,0,12,0,HOVS|HGM,NO_UNRESOLVED_DISCONTINUITY
HPAL|INE0GSL01016|1,1166,2022-01-10,2026-09-30,1165,0,0,1,HPAL,NO_UNRESOLVED_DISCONTINUITY
HPIL|INE05X901010|1,765,2022-11-07,2026-09-29,761,0,3,0,HPIL,NO_UNRESOLVED_DISCONTINUITY
HPL|INE495S01016|1,2448,2016-10-04,2026-09-30,2446,0,1,0,HPL,NO_UNRESOLVED_DISCONTINUITY
HRYNSHP|INE400G01011|1,32,2026-08-17,2026-09-30,31,0,0,0,HRYNSHP,NO_UNRESOLVED_DISCONTINUITY
HSBCGOLD|INF336L01RX2|1,127,2026-03-27,2026-09-30,126,0,0,0,HSBCGOLD,NO_UNRESOLVED_DISCONTINUITY
HSIL|NOISIN|2,3712,2011-06-22,2026-09-30,3708,0,3,0,HSIL|AGI,NO_UNRESOLVED_DISCONTINUITY
HTEL|INE0LEG01024|1,11,2026-09-16,2026-09-30,10,0,0,0,HTEL,NO_UNRESOLVED_DISCONTINUITY
HTMEDIA|NOISIN|1,3567,2011-06-22,2026-09-30,3562,0,4,0,HTMEDIA,NO_UNRESOLVED_DISCONTINUITY
HTMTGLOBAL|NOISIN|1,3662,2011-06-22,2026-09-30,3660,0,1,1,HGSL|HGS,NO_UNRESOLVED_DISCONTINUITY
HUDCO|INE031A01017|1,2314,2017-05-19,2026-09-30,2313,0,0,0,HUDCO,NO_UNRESOLVED_DISCONTINUITY
HYBRIDETF|INF769K01RJ5|1,43,2026-07-31,2026-09-30,42,0,0,0,HYBRIDETF,NO_UNRESOLVED_DISCONTINUITY
HYBRIDFIN|INE965B01022|1,332,2022-12-13,2026-09-30,325,0,6,0,HYBRIDFIN,NO_UNRESOLVED_DISCONTINUITY
HYDRBADIND|NOISIN|1,3742,2011-06-22,2026-09-30,3740,0,1,0,HYDRBADIND|HIL|BIRLANU,NO_UNRESOLVED_DISCONTINUITY
HYDROS&S|NOISIN|1,2934,2011-06-22,2026-09-30,2879,1,53,0,HYDROS&S|KINGFA,HAS_UNRESOLVED_DISCONTINUITY
HYUNDAI|INE0V6F01027|1,480,2024-10-22,2026-09-30,479,0,0,0,HYUNDAI,NO_UNRESOLVED_DISCONTINUITY
I-FLEX|NOISIN|1,3768,2011-06-22,2026-09-30,3767,0,0,0,OFSS,NO_UNRESOLVED_DISCONTINUITY
IBIPL|INE834M01019|1,3080,2012-08-13,2026-09-30,3072,0,7,0,IBIPL|RTNINFRA|RTNINDIA,NO_UNRESOLVED_DISCONTINUITY
IBMFNIFTY|INF666M01FS5|1,1104,2019-05-08,2023-10-25,1101,0,2,0,IBMFNIFTY,NO_UNRESOLVED_DISCONTINUITY
IBPOW|NOISIN|1,3471,2011-06-22,2026-09-30,3461,0,9,0,IBPOW|RTNPOWER,NO_UNRESOLVED_DISCONTINUITY
IBREALEST|NOISIN|1,3676,2011-06-22,2026-09-30,3672,2,1,0,IBREALEST|EMBDL,HAS_UNRESOLVED_DISCONTINUITY
IBSEC|NOISIN|1,3293,2011-06-22,2025-10-27,3288,1,3,0,IBSEC|IBVENTURES|DHANI,HAS_UNRESOLVED_DISCONTINUITY
IBULHSGFIN|INE148I01020|1,3241,2013-08-06,2026-09-30,3237,3,0,0,IBULHSGFIN|SAMMAANCAP,HAS_UNRESOLVED_DISCONTINUITY
IBWSL|INE126M01010|1,2635,2011-09-05,2026-09-30,2617,0,17,0,IBWSL|SORILHOLD|IBULISL|YAARII|YAARI|IBULLSLTD,NO_UNRESOLVED_DISCONTINUITY
ICCNX100|INF109KA1962|1,2517,2013-08-27,2024-05-09,2466,0,50,0,ICCNX100|ICNX100|NIF100IWIN|ICICINF100|NIF100IETF,NO_UNRESOLVED_DISCONTINUITY
ICDSLTD|INE613B01010|1,243,2024-10-21,2026-09-08,234,0,8,0,ICDSLTD,NO_UNRESOLVED_DISCONTINUITY
ICEMAKE|INE520Y01019|1,1361,2020-10-12,2026-09-30,1358,0,2,0,ICEMAKE,NO_UNRESOLVED_DISCONTINUITY
ICICI10GS|INF109KC18O0|1,816,2022-12-19,2026-09-29,732,0,83,0,ICICI10GS|GSEC10IETF,NO_UNRESOLVED_DISCONTINUITY
ICICI500|INF109KC1CZ3|1,852,2018-05-16,2021-10-28,849,1,1,0,ICICI500,HAS_UNRESOLVED_DISCONTINUITY
ICICI500|INF109KC1V59|1,1215,2021-10-29,2026-09-30,1214,0,0,0,ICICI500|BSE500IETF,NO_UNRESOLVED_DISCONTINUITY
ICICI5GSEC|INF109KC14A8|1,1117,2022-03-10,2026-09-30,1108,0,8,0,ICICI5GSEC|GSEC5IETF,NO_UNRESOLVED_DISCONTINUITY
ICICIALPLV|INF109KC1N59|1,921,2020-08-18,2024-05-09,920,0,0,0,ICICIALPLV|ALPL30IETF,NO_UNRESOLVED_DISCONTINUITY
ICICIAMC|INE346A01027|1,192,2025-12-19,2026-09-30,191,0,0,0,ICICIAMC,NO_UNRESOLVED_DISCONTINUITY
ICICIAUTO|INF109KC1Y49|1,524,2022-01-18,2024-02-29,523,0,0,0,ICICIAUTO|AUTOIETF,NO_UNRESOLVED_DISCONTINUITY
ICICIBANKN|INF109KC15I8|1,1006,2022-09-02,2026-09-30,1005,0,0,0,ICICIBANKN|BANKIETF,NO_UNRESOLVED_DISCONTINUITY
ICICIBANKP|INF109KC1E35|1,1124,2019-08-14,2024-02-29,1123,0,0,0,ICICIBANKP|PVTBANIETF,NO_UNRESOLVED_DISCONTINUITY
ICICIBANK|NOISIN|1,3768,2011-06-22,2026-09-30,3766,1,0,1,ICICIBANK,HAS_UNRESOLVED_DISCONTINUITY
ICICICOMMO|INF109KC19O8|1,930,2022-12-21,2026-09-30,928,0,1,0,ICICICOMMO|COMMOIETF,NO_UNRESOLVED_DISCONTINUITY
ICICICONSU|INF109KC1V42|1,1213,2021-11-02,2026-09-30,1212,0,0,0,ICICICONSU|CONSUMIETF,NO_UNRESOLVED_DISCONTINUITY
ICICIFIN|INF109KC17L8|1,946,2022-11-30,2026-09-30,945,0,0,0,ICICIFIN|FINIETF,NO_UNRESOLVED_DISCONTINUITY
ICICIFMCG|INF109KC1R48|1,678,2021-08-10,2024-05-09,677,0,0,0,ICICIFMCG|FMCGIETF,NO_UNRESOLVED_DISCONTINUITY
ICICIGI|INE765G01017|1,2224,2017-09-27,2026-09-30,2223,0,0,0,ICICIGI,NO_UNRESOLVED_DISCONTINUITY
ICICIGOLD|INF109KC1NT3|1,1943,2018-11-16,2026-09-30,1942,0,0,0,ICICIGOLD|GOLDIETF,NO_UNRESOLVED_DISCONTINUITY
ICICIINFRA|INF109KC16E5|1,1013,2022-08-23,2026-09-30,1012,0,0,0,ICICIINFRA|INFRAIETF,NO_UNRESOLVED_DISCONTINUITY
ICICILIQ|INF109KC1KT9|1,1958,2018-09-26,2026-09-30,1947,0,10,0,ICICILIQ|LIQUIDIETF,NO_UNRESOLVED_DISCONTINUITY
ICICIM150|INF109KC1G82|1,1058,2020-01-28,2024-05-09,1057,0,0,0,ICICIM150|MIDCAPIETF,NO_UNRESOLVED_DISCONTINUITY
ICICIMOM30|INF109KC17C7|1,1021,2022-08-10,2026-09-30,1019,1,0,0,ICICIMOM30|MOM30IETF,HAS_UNRESOLVED_DISCONTINUITY
ICICINXT50|INF109KC1JI4|1,46,2018-08-31,2018-11-14,42,0,3,0,ICICINXT50,NO_UNRESOLVED_DISCONTINUITY
ICICINXT50|INF109KC1NS5|1,1943,2018-11-16,2026-09-30,1942,0,0,0,ICICINXT50|NEXT50IETF,NO_UNRESOLVED_DISCONTINUITY
ICICIPHARM|INF109KC1Q72|1,1324,2021-05-25,2026-09-30,1323,0,0,0,ICICIPHARM|HEALTHIETF,NO_UNRESOLVED_DISCONTINUITY
ICICIPRULI|INE726G01019|1,2470,2016-09-29,2026-09-30,2469,0,0,0,ICICIPRULI,NO_UNRESOLVED_DISCONTINUITY
ICICIQTY30|INF109KC15T5|1,180,2023-08-10,2024-05-09,178,0,1,0,ICICIQTY30|QUAL30IETF,NO_UNRESOLVED_DISCONTINUITY
ICICISILVE|INF109KC1Y56|1,1152,2022-01-31,2026-09-30,1151,0,0,0,ICICISILVE|SILVERIETF,NO_UNRESOLVED_DISCONTINUITY
ICICITECH|INF109KC16I6|1,1006,2022-09-02,2026-09-30,1005,0,0,0,ICICITECH|ITIETF,NO_UNRESOLVED_DISCONTINUITY
ICICITECH|INF109KC1N67|1,505,2020-08-20,2022-09-01,503,1,0,0,ICICITECH,HAS_UNRESOLVED_DISCONTINUITY
ICIL|INE483B01026|1,2441,2016-11-15,2026-09-30,2440,0,0,0,ICIL,NO_UNRESOLVED_DISCONTINUITY
ICIL|NOISIN|4,1152,2011-06-22,2016-11-11,1114,1,36,0,ICIL,HAS_UNRESOLVED_DISCONTINUITY
ICI|NOISIN|1,3768,2011-06-22,2026-09-30,3767,0,0,0,AKZOINDIA|JSWDULUX,NO_UNRESOLVED_DISCONTINUITY
ICRA|NOISIN|1,3768,2011-06-22,2026-09-30,3767,0,0,0,ICRA,NO_UNRESOLVED_DISCONTINUITY
ICSA|NOISIN|1,1484,2011-06-22,2018-01-03,1481,0,2,0,ICSA,NO_UNRESOLVED_DISCONTINUITY
IDBIGOLD|INF397L01554|1,3512,2011-11-17,2026-03-05,3495,0,16,0,IDBIGOLD|LICMFGOLD,NO_UNRESOLVED_DISCONTINUITY
IDBI|NOISIN|1,3768,2011-06-22,2026-09-30,3767,0,0,0,IDBI,NO_UNRESOLVED_DISCONTINUITY
IDEAFORGE|INE349Y01013|1,739,2023-07-07,2026-09-30,737,0,1,0,IDEAFORGE,NO_UNRESOLVED_DISCONTINUITY
IDEA|NOISIN|1,3768,2011-06-22,2026-09-30,3764,3,0,0,IDEA,HAS_UNRESOLVED_DISCONTINUITY
IDFCBANK|INE092T01019|1,2680,2015-11-23,2026-09-30,2679,0,0,0,IDFCBANK|IDFCFIRSTB,NO_UNRESOLVED_DISCONTINUITY
IDFC|NOISIN|1,3280,2011-06-22,2024-10-09,3278,1,0,0,IDFC,HAS_UNRESOLVED_DISCONTINUITY
IDFNIFTYET|INF194KA1U07|1,2351,2016-10-18,2026-09-30,2260,0,90,0,IDFNIFTYET,NO_UNRESOLVED_DISCONTINUITY
IEL|INE059901020|1,320,2023-01-10,2025-10-27,315,0,4,0,IEL,NO_UNRESOLVED_DISCONTINUITY
IEX|INE022Q01012|1,2208,2017-10-23,2026-09-30,2206,1,0,2,IEX,HAS_UNRESOLVED_DISCONTINUITY
IFBAGRO|NOISIN|4,3308,2011-06-22,2026-09-30,3299,0,8,0,IFBAGRO,NO_UNRESOLVED_DISCONTINUITY
IFBIND|NOISIN|4,3768,2011-06-22,2026-09-30,3767,0,0,0,IFBIND,NO_UNRESOLVED_DISCONTINUITY
IFCI|NOISIN|1,3768,2011-06-22,2026-09-30,3767,0,0,0,IFCI,NO_UNRESOLVED_DISCONTINUITY
IFGLEXPOR|INE133Y01011|1,2182,2017-11-28,2026-09-30,2181,0,0,1,IFGLEXPOR,NO_UNRESOLVED_DISCONTINUITY
IFGLREFRAC|NOISIN|1,1460,2011-06-22,2017-09-13,1457,0,2,0,IFGLREFRAC,NO_UNRESOLVED_DISCONTINUITY
IGARASHI|NOISIN|4,3755,2011-06-22,2026-09-30,3742,1,11,0,IGARASHI,HAS_UNRESOLVED_DISCONTINUITY
IGCL|INE05J901018|1,298,2025-07-17,2026-09-30,297,0,0,0,IGCL,NO_UNRESOLVED_DISCONTINUITY
IGIL|INE0Q9301021|1,439,2024-12-20,2026-09-30,438,0,0,0,IGIL,NO_UNRESOLVED_DISCONTINUITY
IGL|NOISIN|1,3768,2011-06-22,2026-09-30,3766,1,0,2,IGL,HAS_UNRESOLVED_DISCONTINUITY
IGOLD|INF109KB1WF4|1,602,2016-06-10,2018-11-15,600,1,0,0,IGOLD|GOLDIWIN|ICICIGOLD,HAS_UNRESOLVED_DISCONTINUITY
IGPL|NOISIN|2,3720,2011-06-22,2026-09-30,3712,0,7,0,IGPL,NO_UNRESOLVED_DISCONTINUITY
IIFLNIFTY|INF579M01019|1,919,2011-10-25,2015-07-22,916,0,2,0,IIFLNIFTY,NO_UNRESOLVED_DISCONTINUITY
IIFLSEC|INE489L01022|1,1726,2019-10-07,2026-09-30,1725,0,0,0,IIFLSEC|IIFLCAPS,NO_UNRESOLVED_DISCONTINUITY
IIFLWAM|INE466L01020|1,1727,2019-10-04,2026-09-30,1726,0,0,1,IIFLWAM|360ONE,NO_UNRESOLVED_DISCONTINUITY
IILTD|NOISIN|2,3768,2011-06-22,2026-09-30,3767,0,0,2,INSECTICID,NO_UNRESOLVED_DISCONTINUITY
IITL|INE886A01014|1,2365,2011-09-08,2026-09-30,2119,0,245,0,IITL,NO_UNRESOLVED_DISCONTINUITY
IKIO|INE0LOJ01019|1,811,2023-06-16,2026-09-30,810,0,0,0,IKIO,NO_UNRESOLVED_DISCONTINUITY
IKS|INE115Q01022|1,440,2024-12-19,2026-09-30,439,0,0,0,IKS,NO_UNRESOLVED_DISCONTINUITY
ILFSTRANS|NOISIN|1,1917,2011-06-22,2019-03-29,1914,2,0,0,IL&FSTRANS,HAS_UNRESOLVED_DISCONTINUITY
IMFA|INE919H01018|1,3660,2011-08-26,2026-09-30,3658,0,1,1,IMFA,NO_UNRESOLVED_DISCONTINUITY
IMIDCAP|INF109KB1XT3|1,1929,2016-07-11,2024-05-09,1925,0,3,0,IMIDCAP|MIDCAPIWIN|ICICIMCAP|MIDSELIETF,NO_UNRESOLVED_DISCONTINUITY
IMPAL|NOISIN|1,3747,2011-06-22,2026-09-30,3728,0,18,2,IMPAL,NO_UNRESOLVED_DISCONTINUITY
IMPEXFERRO|NOISIN|4,1673,2011-06-22,2024-01-18,1609,0,63,0,IMPEXFERRO,NO_UNRESOLVED_DISCONTINUITY
INA|INE0LGX01024|1,140,2026-03-09,2026-09-30,139,0,0,0,INA,NO_UNRESOLVED_DISCONTINUITY
INDBANK|NOISIN|3,3430,2011-06-22,2026-09-30,3423,0,6,0,INDBANK,NO_UNRESOLVED_DISCONTINUITY
INDGN|INE065X01017|1,591,2024-05-13,2026-09-30,590,0,0,0,INDGN,NO_UNRESOLVED_DISCONTINUITY
INDHOTEL|NOISIN|1,3768,2011-06-22,2026-09-30,3765,2,0,0,INDHOTEL,HAS_UNRESOLVED_DISCONTINUITY
INDIABULLS|NOISIN|1,432,2011-06-22,2013-03-18,431,0,0,0,INDIABULLS,NO_UNRESOLVED_DISCONTINUITY
INDIACEM|NOISIN|1,3768,2011-06-22,2026-09-30,3767,0,0,0,INDIACEM,NO_UNRESOLVED_DISCONTINUITY
INDIAGLYCO|NOISIN|2,3758,2011-06-22,2026-09-30,3756,0,1,1,INDIAGLYCO,NO_UNRESOLVED_DISCONTINUITY
INDIAINFO|NOISIN|1,3649,2011-06-22,2026-09-30,3642,1,5,0,INDIAINFO|IIFL,HAS_UNRESOLVED_DISCONTINUITY
INDIAMART|INE933S01016|1,1788,2019-07-04,2026-09-30,1787,0,0,1,INDIAMART,NO_UNRESOLVED_DISCONTINUITY
INDIANB|NOISIN|1,3768,2011-06-22,2026-09-30,3767,0,0,0,INDIANB,NO_UNRESOLVED_DISCONTINUITY
INDIANCARD|NOISIN|2,3366,2011-06-22,2026-09-30,3318,0,47,0,INDIANCARD,NO_UNRESOLVED_DISCONTINUITY
INDIANHUME|NOISIN|4,3765,2011-06-22,2026-09-30,3761,0,3,1,INDIANHUME,NO_UNRESOLVED_DISCONTINUITY
INDIASHLTR|INE922K01024|1,685,2023-12-20,2026-09-30,684,0,0,0,INDIASHLTR,NO_UNRESOLVED_DISCONTINUITY
INDIGOPNTS|INE09VQ01012|1,1398,2021-02-02,2026-09-30,1397,0,0,0,INDIGOPNTS,NO_UNRESOLVED_DISCONTINUITY
INDIGO|INE646L01027|1,2688,2015-11-10,2026-09-30,2687,0,0,0,INDIGO,NO_UNRESOLVED_DISCONTINUITY
INDIQUBE|INE06ST01018|1,289,2025-07-30,2026-09-30,288,0,0,0,INDIQUBE,NO_UNRESOLVED_DISCONTINUITY
INDLMETER|NOISIN|2,2183,2011-06-22,2022-04-20,2106,0,76,0,INDLMETER,NO_UNRESOLVED_DISCONTINUITY
INDNIPPON|NOISIN|1,3761,2011-06-22,2026-09-30,3754,0,6,2,INDNIPPON,NO_UNRESOLVED_DISCONTINUITY
INDOAMIN|INE760F01028|1,1028,2022-04-29,2026-09-30,1026,0,1,0,INDOAMIN,NO_UNRESOLVED_DISCONTINUITY
INDOASIFU|NOISIN|5,209,2011-06-22,2012-04-26,208,0,0,0,INDOASIFU|EONELECT,NO_UNRESOLVED_DISCONTINUITY
INDOBORAX|INE803D01021|1,992,2022-03-29,2026-09-30,989,0,2,0,INDOBORAX,NO_UNRESOLVED_DISCONTINUITY
INDOCO|NOISIN|2,3768,2011-06-22,2026-09-30,3767,0,0,1,INDOCO,NO_UNRESOLVED_DISCONTINUITY
INDOFARM|INE622H01018|1,360,2025-01-07,2026-09-30,358,0,1,0,INDOFARM,NO_UNRESOLVED_DISCONTINUITY
INDOKEM|INE716F01012|1,32,2026-08-17,2026-09-30,31,0,0,0,INDOKEM,NO_UNRESOLVED_DISCONTINUITY
INDOMIM|INE084101034|1,44,2026-07-30,2026-09-30,43,0,0,0,INDOMIM,NO_UNRESOLVED_DISCONTINUITY
INDORAMA|NOISIN|1,3508,2011-06-22,2026-09-30,3503,0,4,0,INDORAMA,NO_UNRESOLVED_DISCONTINUITY
INDOSOLAR|NOISIN|1,1546,2011-06-22,2019-05-21,1537,0,8,0,INDOSOLAR,NO_UNRESOLVED_DISCONTINUITY
INDOSTAR|INE896L01010|1,1697,2018-05-21,2026-09-30,1695,0,1,0,INDOSTAR,NO_UNRESOLVED_DISCONTINUITY
INDOTECH|NOISIN|1,3133,2011-06-22,2026-09-30,3119,0,13,0,INDOTECH,NO_UNRESOLVED_DISCONTINUITY
INDOTHAI|INE337M01013|1,2637,2011-11-02,2024-12-11,2613,0,23,0,INDOTHAI,NO_UNRESOLVED_DISCONTINUITY
INDOTHAI|INE337M01021|1,206,2025-09-15,2026-09-30,204,0,1,0,INDOTHAI,NO_UNRESOLVED_DISCONTINUITY
INDOUS|INE250Z01010|1,414,2024-09-27,2026-09-30,412,0,1,0,INDOUS,NO_UNRESOLVED_DISCONTINUITY
INDOWIND|NOISIN|2,2005,2011-06-22,2026-09-30,1989,1,14,0,INDOWIND,HAS_UNRESOLVED_DISCONTINUITY
INDPRUD|INE620D01011|1,109,2026-04-20,2026-09-30,103,0,5,0,INDPRUD,NO_UNRESOLVED_DISCONTINUITY
INDRAMEDCO|NOISIN|2,3457,2011-06-22,2026-09-30,3455,0,1,0,INDRAMEDCO,NO_UNRESOLVED_DISCONTINUITY
INDRAYON|NOISIN|1,1486,2011-06-22,2017-07-04,1484,1,0,0,ABIRLANUVO,HAS_UNRESOLVED_DISCONTINUITY
INDSHAVING|NOISIN|1,3768,2011-06-22,2026-09-30,3767,0,0,0,GILLETTE,NO_UNRESOLVED_DISCONTINUITY
INDSWFTLAB|NOISIN|1,3392,2011-06-22,2026-09-30,3384,0,7,0,INDSWFTLAB,NO_UNRESOLVED_DISCONTINUITY
INDSWFTLTD|NOISIN|3,1866,2011-06-22,2025-08-13,1849,0,16,0,INDSWFTLTD,NO_UNRESOLVED_DISCONTINUITY
INDTERRAIN|INE611L01013|1,3453,2011-09-07,2026-09-30,3409,0,43,1,INDTERRAIN,NO_UNRESOLVED_DISCONTINUITY
INDUSFILA|NOISIN|4,536,2011-06-22,2014-06-05,473,0,62,0,INDUSFILA,NO_UNRESOLVED_DISCONTINUITY
INDUSINDBK|NOISIN|1,3768,2011-06-22,2026-09-30,3766,1,0,0,INDUSINDBK,HAS_UNRESOLVED_DISCONTINUITY
INFIBEAM|INE483S01012|1,2571,2016-04-04,2026-09-30,2566,2,2,3,INFIBEAM|CCAVENUE,HAS_UNRESOLVED_DISCONTINUITY
INFINITE|NOISIN|1,1791,2011-06-22,2018-12-13,1788,1,1,0,INFINITE,HAS_UNRESOLVED_DISCONTINUITY
INFOBEAN|INE344S01016|1,1644,2019-07-15,2026-09-30,1639,0,4,1,INFOBEAN,NO_UNRESOLVED_DISCONTINUITY
INFODRIVE|NOISIN|1,526,2011-06-22,2015-01-29,517,0,8,1,INFODRIVE,NO_UNRESOLVED_DISCONTINUITY
INFOMEDIA|NOISIN|3,1830,2011-06-22,2026-09-30,1796,0,33,0,INFOMEDIA,NO_UNRESOLVED_DISCONTINUITY
INFOSYSTCH|NOISIN|1,3768,2011-06-22,2026-09-30,3767,0,0,3,INFOSYSTCH|INFY,NO_UNRESOLVED_DISCONTINUITY
INFOTECENT|NOISIN|1,3768,2011-06-22,2026-09-30,3767,0,0,0,INFOTECENT|CYIENT,NO_UNRESOLVED_DISCONTINUITY
INFRABEES|NOISIN|1,3759,2011-06-22,2026-09-30,3750,0,8,0,INFRABEES,NO_UNRESOLVED_DISCONTINUITY
INFRATEL|INE121J01017|1,3393,2012-12-28,2026-09-30,3392,0,0,0,INFRATEL|INDUSTOWER,NO_UNRESOLVED_DISCONTINUITY
INFRA|INF769K01QB4|1,152,2026-02-18,2026-09-30,151,0,0,0,INFRA,NO_UNRESOLVED_DISCONTINUITY
INGERRAND|NOISIN|1,3768,2011-06-22,2026-09-30,3767,0,0,0,INGERRAND,NO_UNRESOLVED_DISCONTINUITY
INNOIND|NOISIN|1,923,2011-06-22,2015-09-24,919,0,3,0,INNOIND,NO_UNRESOLVED_DISCONTINUITY
INNOVACAP|INE0DUT01020|1,679,2023-12-29,2026-09-30,678,0,0,0,INNOVACAP,NO_UNRESOLVED_DISCONTINUITY
INNOVANA|INE403Y01018|1,382,2024-12-17,2026-09-30,380,0,1,0,INNOVANA,NO_UNRESOLVED_DISCONTINUITY
INNOVISION|INE0ADB01012|1,130,2026-03-23,2026-09-30,129,0,0,0,INNOVISION,NO_UNRESOLVED_DISCONTINUITY
INOXGREEN|INE510W01014|1,829,2022-11-23,2026-09-30,825,0,3,0,INOXGREEN,NO_UNRESOLVED_DISCONTINUITY
INOXINDIA|INE616N01034|1,684,2023-12-21,2026-09-30,683,0,0,0,INOXINDIA,NO_UNRESOLVED_DISCONTINUITY
INOXLEISUR|NOISIN|1,2845,2011-06-22,2023-02-16,2843,0,1,0,INOXLEISUR,NO_UNRESOLVED_DISCONTINUITY
INOXWIND|INE066P01011|1,2835,2015-04-09,2026-09-30,2833,1,0,1,INOXWIND,HAS_UNRESOLVED_DISCONTINUITY
INSUREIETF|INF109K1A567|1,40,2026-08-05,2026-09-30,39,0,0,0,INSUREIETF,NO_UNRESOLVED_DISCONTINUITY
INTEGRA|INE418N01027|1,417,2013-10-01,2021-02-24,283,0,133,0,INTEGRA,NO_UNRESOLVED_DISCONTINUITY
INTELLECT|INE306R01017|1,2899,2015-01-02,2026-09-30,2896,2,0,0,INTELLECT,HAS_UNRESOLVED_DISCONTINUITY
INTENTECH|INE781A01025|1,2069,2017-03-23,2026-09-30,2063,0,5,0,INTENTECH,NO_UNRESOLVED_DISCONTINUITY
INTERARCH|INE00M901018|1,462,2024-08-26,2026-09-30,460,0,1,0,INTERARCH,NO_UNRESOLVED_DISCONTINUITY
INTERNET|INF769K01PB6|1,305,2025-07-08,2026-09-30,304,0,0,0,INTERNET,NO_UNRESOLVED_DISCONTINUITY
INTLCONV|INE575C01027|1,1245,2021-09-16,2026-09-30,1244,0,0,0,INTLCONV,NO_UNRESOLVED_DISCONTINUITY
INV20|INF109KB1WY5|1,1763,2016-06-28,2024-02-29,1708,0,54,0,INV20|NV20IWIN|ICICINV20|NV20IETF,NO_UNRESOLVED_DISCONTINUITY
INVENTURE|INE878H01016|1,3456,2011-08-04,2026-09-30,3450,1,4,2,INVENTURE,HAS_UNRESOLVED_DISCONTINUITY
INVESTCORP|NOISIN|1,3708,2011-06-22,2026-09-30,3706,0,1,1,TATAINVEST,NO_UNRESOLVED_DISCONTINUITY
INVPRECQ|INE155E01016|1,67,2026-04-20,2026-07-24,66,0,0,0,INVPRECQ,NO_UNRESOLVED_DISCONTINUITY
IOB|NOISIN|1,3768,2011-06-22,2026-09-30,3767,0,0,0,IOB,NO_UNRESOLVED_DISCONTINUITY
IOC|NOISIN|1,3768,2011-06-22,2026-09-30,3767,0,0,3,IOC,NO_UNRESOLVED_DISCONTINUITY
IOLCP|NOISIN|1,3445,2011-06-22,2026-09-30,3393,0,51,1,IOLCP,NO_UNRESOLVED_DISCONTINUITY
IOLN|NOISIN|5,297,2011-06-22,2013-01-22,283,0,13,0,IOLN,NO_UNRESOLVED_DISCONTINUITY
IOL|NOISIN|1,3768,2011-06-22,2026-09-30,3767,0,0,0,BOC|LINDEINDIA,NO_UNRESOLVED_DISCONTINUITY
IONEXCHANG|INE570A01014|1,1136,2022-02-22,2026-09-30,1135,0,0,1,IONEXCHANG,NO_UNRESOLVED_DISCONTINUITY
IPCALAB|NOISIN|1,3768,2011-06-22,2026-09-30,3767,0,0,1,IPCALAB,NO_UNRESOLVED_DISCONTINUITY
IPGETF|NOISIN|1,1223,2011-06-22,2016-06-09,1221,1,0,0,IPGETF|IGOLD,HAS_UNRESOLVED_DISCONTINUITY
IPL|INE0D6701023|1,1295,2021-07-05,2026-09-30,1294,0,0,0,IPL,NO_UNRESOLVED_DISCONTINUITY
IPRINGLTD|NOISIN|2,704,2011-06-22,2026-09-30,601,0,102,0,IPRINGLTD,NO_UNRESOLVED_DISCONTINUITY
IPRU5008|INF109KC1E27|1,775,2019-07-15,2022-09-01,773,1,0,0,IPRU5008|ICICIBANKN,HAS_UNRESOLVED_DISCONTINUITY
IRB|NOISIN|1,3768,2011-06-22,2026-09-30,3767,0,0,2,IRB,NO_UNRESOLVED_DISCONTINUITY
IRCON|INE962Y01013|1,1975,2018-09-28,2026-09-30,1974,0,0,2,IRCON,NO_UNRESOLVED_DISCONTINUITY
IRCTC|INE335Y01012|1,1722,2019-10-14,2026-09-30,1721,0,0,1,IRCTC,NO_UNRESOLVED_DISCONTINUITY
IREDA|INE202E01016|1,700,2023-11-29,2026-09-30,699,0,0,0,IREDA,NO_UNRESOLVED_DISCONTINUITY
IRFC|INE053F01010|1,1400,2021-01-29,2026-09-30,1399,0,0,0,IRFC,NO_UNRESOLVED_DISCONTINUITY
IRISDOREME|INE01GN01017|1,1224,2021-02-22,2026-09-30,1219,1,3,1,IRISDOREME,HAS_UNRESOLVED_DISCONTINUITY
IRIS|INE864K01010|1,829,2021-11-08,2026-09-30,825,0,3,0,IRIS,NO_UNRESOLVED_DISCONTINUITY
IRMENERGY|INE07U701015|1,722,2023-10-26,2026-09-30,721,0,0,0,IRMENERGY,NO_UNRESOLVED_DISCONTINUITY
ISEC|INE763G01038|1,1721,2018-04-04,2025-03-21,1720,0,0,0,ISEC,NO_UNRESOLVED_DISCONTINUITY
ISFT|NOISIN|1,3420,2011-06-22,2026-09-25,3382,0,37,0,ISFT,NO_UNRESOLVED_DISCONTINUITY
ISGEC|INE858B01029|1,1337,2021-05-05,2026-09-30,1336,0,0,0,ISGEC,NO_UNRESOLVED_DISCONTINUITY
ISHANCH|INE561M01018|1,283,2025-03-24,2026-09-30,280,0,2,0,ISHANCH,NO_UNRESOLVED_DISCONTINUITY
ISMTLTD|NOISIN|1,2772,2011-06-22,2024-08-05,2762,0,9,0,ISMTLTD,NO_UNRESOLVED_DISCONTINUITY
ISPATIND|NOISIN|1,487,2011-06-22,2013-06-10,486,0,0,0,ISPATIND|JSWISPAT,NO_UNRESOLVED_DISCONTINUITY
ISTLTD|INE684B01029|1,32,2026-08-17,2026-09-30,31,0,0,0,ISTLTD,NO_UNRESOLVED_DISCONTINUITY
ITCHOTELS|INE379A01028|1,403,2025-02-11,2026-09-30,402,0,0,0,ITCHOTELS,NO_UNRESOLVED_DISCONTINUITY
ITC|NOISIN|1,3768,2011-06-22,2026-09-30,3766,1,0,1,ITC,HAS_UNRESOLVED_DISCONTINUITY
ITDCEM|NOISIN|3,3657,2011-06-22,2026-09-30,3637,0,19,1,ITDCEM|CEMPRO,NO_UNRESOLVED_DISCONTINUITY
ITDC|INE353K01014|1,2408,2016-12-30,2026-09-30,2407,0,0,0,ITDC,NO_UNRESOLVED_DISCONTINUITY
ITETF|INF769K01KV5|1,721,2023-10-27,2026-09-30,720,0,0,0,ITETF,NO_UNRESOLVED_DISCONTINUITY
ITI|NOISIN|3,3707,2011-06-22,2026-09-30,3705,0,1,0,ITI,NO_UNRESOLVED_DISCONTINUITY
ITL|INE478D01014|1,32,2026-08-17,2026-09-30,31,0,0,0,ITL,NO_UNRESOLVED_DISCONTINUITY
IVALUE|INE056801025|1,250,2025-09-25,2026-09-30,249,0,0,0,IVALUE,NO_UNRESOLVED_DISCONTINUITY
IVC|NOISIN|2,3319,2011-06-22,2026-09-30,3312,0,6,1,IVC,NO_UNRESOLVED_DISCONTINUITY
IVP|NOISIN|5,3104,2011-06-22,2026-07-08,3010,0,93,0,IVP,NO_UNRESOLVED_DISCONTINUITY
IVRCLINFRA|NOISIN|1,1872,2011-06-22,2019-06-06,1868,0,3,0,IVRCLINFRA,NO_UNRESOLVED_DISCONTINUITY
IVRPRIME|NOISIN|1,215,2011-06-22,2012-08-14,213,0,1,0,IVRCLAH,NO_UNRESOLVED_DISCONTINUITY
IVZBANKNF|INF205KA1CB9|1,28,2026-08-21,2026-09-30,27,0,0,0,IVZBANKNF,NO_UNRESOLVED_DISCONTINUITY
IVZINGOLD|INF205KA1BP1|1,106,2026-04-30,2026-09-30,105,0,0,0,IVZINGOLD,NO_UNRESOLVED_DISCONTINUITY
IVZINNIFTY|INF205KA1CC7|1,43,2026-07-31,2026-09-30,42,0,0,0,IVZINNIFTY,NO_UNRESOLVED_DISCONTINUITY
IVZSENSEX|INF205KA1CA1|1,28,2026-08-21,2026-09-30,27,0,0,0,IVZSENSEX,NO_UNRESOLVED_DISCONTINUITY
IWEL|INE0FLR01028|1,656,2021-06-25,2025-06-19,651,0,4,0,IWEL,NO_UNRESOLVED_DISCONTINUITY
IWP|INE586E01020|1,114,2026-04-20,2026-09-30,113,0,0,0,IWP,NO_UNRESOLVED_DISCONTINUITY
IXIGO|INE0HV901016|1,567,2024-06-18,2026-09-30,566,0,0,0,IXIGO,NO_UNRESOLVED_DISCONTINUITY
J&KBANK|NOISIN|1,3768,2011-06-22,2026-09-30,3767,0,0,1,J&KBANK,NO_UNRESOLVED_DISCONTINUITY
JAGRAN|NOISIN|1,3768,2011-06-22,2026-09-30,3767,0,0,0,JAGRAN,NO_UNRESOLVED_DISCONTINUITY
JAGSNPHARM|NOISIN|2,3692,2011-06-22,2026-09-30,3663,1,27,1,JAGSNPHARM,HAS_UNRESOLVED_DISCONTINUITY
JAIBALAJI|NOISIN|1,2800,2011-06-22,2026-09-30,2788,0,11,1,JAIBALAJI,NO_UNRESOLVED_DISCONTINUITY
JAICORPLTD|NOISIN|3,3768,2011-06-22,2026-09-30,3767,0,0,0,JAICORPLTD,NO_UNRESOLVED_DISCONTINUITY
JAIHINDPRO|INE343D01010|1,1180,2012-02-29,2018-09-05,1037,0,142,0,JAIHINDPRO,NO_UNRESOLVED_DISCONTINUITY
JAINREC|INE0YD401026|1,246,2025-10-01,2026-09-30,245,0,0,0,JAINREC,NO_UNRESOLVED_DISCONTINUITY
JAINSTUDIO|NOISIN|7,247,2011-06-22,2012-08-17,214,0,32,0,JAINSTUDIO,NO_UNRESOLVED_DISCONTINUITY
JAIPURKURT|INE696V01013|1,1090,2021-09-02,2026-09-30,1087,0,2,0,JAIPURKURT,NO_UNRESOLVED_DISCONTINUITY
JAMNAAUTO|NOISIN|1,3704,2011-06-22,2026-09-30,3657,0,46,2,JAMNAAUTO,NO_UNRESOLVED_DISCONTINUITY
JARO|INE00YJ01010|1,247,2025-09-30,2026-09-30,246,0,0,0,JARO,NO_UNRESOLVED_DISCONTINUITY
JASH|INE039O01011|1,1659,2019-10-30,2026-09-30,1657,0,1,1,JASH,NO_UNRESOLVED_DISCONTINUITY
JAYAGROGN|NOISIN|1,3746,2011-06-22,2026-09-30,3744,0,1,1,JAYAGROGN,NO_UNRESOLVED_DISCONTINUITY
JAYBARMARU|NOISIN|2,3639,2011-06-22,2026-09-30,3610,0,28,2,JAYBARMARU,NO_UNRESOLVED_DISCONTINUITY
JAYKAY|INE903A01025|1,204,2025-12-03,2026-09-30,202,1,0,0,JAYKAY,HAS_UNRESOLVED_DISCONTINUITY
JAYNECOIND|NOISIN|2,3218,2011-06-22,2026-09-30,3209,0,8,0,JAYNECOIND,NO_UNRESOLVED_DISCONTINUITY
JAYSREETEA|NOISIN|1,3634,2011-06-22,2026-09-30,3630,0,3,0,JAYSREETEA,NO_UNRESOLVED_DISCONTINUITY
JBCHEPHARM|NOISIN|1,3715,2011-06-22,2026-07-16,3713,1,0,1,JBCHEPHARM,HAS_UNRESOLVED_DISCONTINUITY
JBFIND|NOISIN|1,2357,2011-06-22,2023-01-20,2348,0,8,0,JBFIND,NO_UNRESOLVED_DISCONTINUITY
JBMA|INE927D01010|1,594,2011-09-07,2014-09-08,532,0,61,0,JBMA,NO_UNRESOLVED_DISCONTINUITY
JBMA|INE927D01028|1,2872,2014-11-13,2026-09-30,2870,0,1,2,JBMA,NO_UNRESOLVED_DISCONTINUITY
JCTEL|NOISIN|8,963,2011-06-22,2016-05-19,954,0,8,0,JCTEL,NO_UNRESOLVED_DISCONTINUITY
JDORGOCHEM|INE263B01022|1,89,2011-09-12,2013-12-12,47,0,41,0,JDORGOCHEM,NO_UNRESOLVED_DISCONTINUITY
JENBURPH|INE354A01013|1,32,2026-08-17,2026-09-30,31,0,0,0,JENBURPH,NO_UNRESOLVED_DISCONTINUITY
JENSONICOL|NOISIN|11,1489,2011-06-22,2017-11-08,1464,0,24,0,JENSONICOL,NO_UNRESOLVED_DISCONTINUITY
JETAIRWAYS|NOISIN|1,1976,2011-06-22,2019-06-27,1972,3,0,0,JETAIRWAYS,HAS_UNRESOLVED_DISCONTINUITY
JETFREIGHT|INE982V01017|1,931,2021-12-21,2026-09-30,925,1,4,1,JETFREIGHT,HAS_UNRESOLVED_DISCONTINUITY
JGCHEM|INE0MB501011|1,629,2024-03-13,2026-09-30,628,0,0,0,JGCHEM,NO_UNRESOLVED_DISCONTINUITY
JHS|NOISIN|2,2863,2011-06-22,2026-09-30,2848,0,14,0,JHS,NO_UNRESOLVED_DISCONTINUITY
JIKIND|NOISIN|3,793,2011-06-22,2017-03-23,709,0,83,0,JIKIND,NO_UNRESOLVED_DISCONTINUITY
JINDALPHOT|NOISIN|1,3212,2011-06-22,2026-09-30,3201,0,10,0,JINDALPHOT,NO_UNRESOLVED_DISCONTINUITY
JINDALPOLY|NOISIN|2,3748,2011-06-22,2026-09-30,3745,0,2,0,JINDALPOLY,NO_UNRESOLVED_DISCONTINUITY
JINDALSTEL|NOISIN|1,3768,2011-06-22,2026-09-30,3767,0,0,0,JINDALSTEL,NO_UNRESOLVED_DISCONTINUITY
JINDALSWHL|NOISIN|2,3556,2011-06-22,2026-09-30,3551,0,4,0,JINDALSWHL|JSWHL,NO_UNRESOLVED_DISCONTINUITY
JINDCOT|NOISIN|2,1781,2011-06-22,2019-09-09,1776,0,4,0,JINDCOT,NO_UNRESOLVED_DISCONTINUITY
JINDRILL|NOISIN|1,3725,2011-06-22,2026-09-30,3723,0,1,0,JINDRILL,NO_UNRESOLVED_DISCONTINUITY
JINDWORLD|NOISIN|1,3581,2011-06-22,2026-09-30,3553,0,27,3,JINDWORLD,NO_UNRESOLVED_DISCONTINUITY
JIOFIN|INE758E01017|1,757,2023-09-04,2026-09-30,756,0,0,0,JIOFIN,NO_UNRESOLVED_DISCONTINUITY
JISLDVREQS|IN9175A01010|1,3382,2011-11-30,2026-09-30,3376,0,5,0,JISLDVREQS,NO_UNRESOLVED_DISCONTINUITY
JISLJALEQS|NOISIN|1,3687,2011-06-22,2026-09-30,3684,1,1,0,JISLJALEQS,HAS_UNRESOLVED_DISCONTINUITY
JITFINFRA|INE863T01013|1,361,2023-11-22,2026-09-30,356,0,4,0,JITFINFRA,NO_UNRESOLVED_DISCONTINUITY
JIYAECO|INE023S01016|1,313,2019-08-19,2020-11-23,312,0,0,0,JIYAECO,NO_UNRESOLVED_DISCONTINUITY
JKCEMENT|NOISIN|1,3768,2011-06-22,2026-09-30,3767,0,0,0,JKCEMENT,NO_UNRESOLVED_DISCONTINUITY
JKIL|NOISIN|1,3765,2011-06-22,2026-09-30,3763,0,1,1,JKIL,NO_UNRESOLVED_DISCONTINUITY
JKIPL|INE1FF001016|1,158,2025-10-17,2026-09-30,156,0,1,0,JKIPL,NO_UNRESOLVED_DISCONTINUITY
JKLAKSHMI|NOISIN|1,3768,2011-06-22,2026-09-30,3767,0,0,0,JKLAKSHMI,NO_UNRESOLVED_DISCONTINUITY
JKPAPER|NOISIN|1,3768,2011-06-22,2026-09-30,3766,1,0,0,JKPAPER,HAS_UNRESOLVED_DISCONTINUITY
JKTYRE|NOISIN|1,3768,2011-06-22,2026-09-30,3767,0,0,1,JKTYRE,NO_UNRESOLVED_DISCONTINUITY
JLHL|INE682M01012|1,747,2023-09-18,2026-09-30,746,0,0,1,JLHL,NO_UNRESOLVED_DISCONTINUITY
JMA|INE412C01015|1,2768,2015-03-30,2026-09-30,2754,0,13,1,JMA,NO_UNRESOLVED_DISCONTINUITY
JMCPROJECT|NOISIN|1,2841,2011-06-22,2023-01-10,2838,1,1,1,JMCPROJECT,HAS_UNRESOLVED_DISCONTINUITY
JMFINANCIL|NOISIN|1,3768,2011-06-22,2026-09-30,3767,0,0,0,JMFINANCIL,NO_UNRESOLVED_DISCONTINUITY
JMTAUTOLTD|NOISIN|1,2063,2011-06-22,2021-10-22,2007,0,55,2,JMTAUTOLTD,NO_UNRESOLVED_DISCONTINUITY
JNKINDIA|INE0OAF01028|1,542,2024-04-30,2026-09-30,540,0,1,0,JNKINDIA,NO_UNRESOLVED_DISCONTINUITY
JNPR|INE05C901015|1,39,2026-08-06,2026-09-30,38,0,0,0,JNPR,NO_UNRESOLVED_DISCONTINUITY
JOCIL|NOISIN|1,3663,2011-06-22,2026-09-30,3632,0,30,1,JOCIL,NO_UNRESOLVED_DISCONTINUITY
JPASSOCIAT|NOISIN|1,3129,2011-06-22,2024-06-05,3127,0,1,0,JPASSOCIAT,NO_UNRESOLVED_DISCONTINUITY
JPHYDRO|NOISIN|1,3678,2011-06-22,2026-09-30,3675,0,2,0,JPPOWER,NO_UNRESOLVED_DISCONTINUITY
JPINFRATEC|NOISIN|1,2436,2011-06-22,2022-05-24,2430,0,5,0,JPINFRATEC,NO_UNRESOLVED_DISCONTINUITY
JPOLYINVST|INE147P01019|1,2777,2013-11-26,2026-09-30,2761,0,15,0,JPOLYINVST,NO_UNRESOLVED_DISCONTINUITY
JSFB|INE953L01027|1,648,2024-02-14,2026-09-30,647,0,0,0,JSFB,NO_UNRESOLVED_DISCONTINUITY
JSLHISAR|INE455T01018|1,1748,2016-02-11,2023-03-08,1747,0,0,0,JSLHISAR,NO_UNRESOLVED_DISCONTINUITY
JSLL|INE0J5801029|1,281,2025-08-11,2026-09-30,280,0,0,0,JSLL,NO_UNRESOLVED_DISCONTINUITY
JSTAINLESS|NOISIN|1,3758,2011-06-22,2026-09-30,3756,0,1,0,JSL,NO_UNRESOLVED_DISCONTINUITY
JSWCEMENT|INE718I01012|1,278,2025-08-14,2026-09-30,277,0,0,0,JSWCEMENT,NO_UNRESOLVED_DISCONTINUITY
JSWENERGY|NOISIN|1,3586,2011-06-22,2026-09-30,3584,0,1,0,JSWENERGY,NO_UNRESOLVED_DISCONTINUITY
JSWINFRA|INE880J01026|1,738,2023-10-03,2026-09-30,737,0,0,0,JSWINFRA,NO_UNRESOLVED_DISCONTINUITY
JSWSTEEL|INE019A01038|1,2404,2017-01-05,2026-09-30,2403,0,0,0,JSWSTEEL,NO_UNRESOLVED_DISCONTINUITY
JSWSTL|NOISIN|1,1364,2011-06-22,2017-01-04,1362,1,0,0,JSWSTEEL,HAS_UNRESOLVED_DISCONTINUITY
JTLINFRA|INE391J01024|1,1178,2021-12-23,2026-09-30,1177,0,0,2,JTLINFRA|JTLIND,NO_UNRESOLVED_DISCONTINUITY
JUBILANT|NOISIN|1,3758,2011-06-22,2026-09-30,3756,0,1,0,JUBILANT|JUBLPHARMA,NO_UNRESOLVED_DISCONTINUITY
JUBLCPL|INE03CC01015|1,333,2025-03-03,2026-09-30,331,0,1,0,JUBLCPL,NO_UNRESOLVED_DISCONTINUITY
JUBLFOOD|NOISIN|1,3768,2011-06-22,2026-09-30,3767,0,0,2,JUBLFOOD,NO_UNRESOLVED_DISCONTINUITY
JUBLINDS|NOISIN|1,3150,2011-06-22,2024-10-25,3145,0,4,0,JUBLINDS,NO_UNRESOLVED_DISCONTINUITY
JUBLINGREA|INE0BY001018|1,1356,2021-04-06,2026-09-30,1355,0,0,0,JUBLINGREA,NO_UNRESOLVED_DISCONTINUITY
JUMBO|NOISIN|5,468,2011-06-22,2014-04-11,401,0,66,0,JUMBO,NO_UNRESOLVED_DISCONTINUITY
JUMPNET|INE974C01022|1,894,2019-08-19,2023-04-28,892,0,1,0,JUMPNET|WINPRO,NO_UNRESOLVED_DISCONTINUITY
JUNIORBEES|NOISIN|1,3768,2011-06-22,2026-09-30,3767,0,0,0,JUNIORBEES,NO_UNRESOLVED_DISCONTINUITY
JUNIPER|INE696F01016|1,638,2024-02-28,2026-09-30,637,0,0,0,JUNIPER,NO_UNRESOLVED_DISCONTINUITY
JUPITER|NOISIN|1,244,2011-06-22,2012-06-15,243,0,0,0,JUPITER,NO_UNRESOLVED_DISCONTINUITY
JUSTDIAL|INE599M01018|1,3285,2013-06-05,2026-09-30,3284,0,0,0,JUSTDIAL,NO_UNRESOLVED_DISCONTINUITY
JVLAGRO|NOISIN|1,1749,2011-06-22,2018-09-24,1747,0,1,0,JVLAGRO,NO_UNRESOLVED_DISCONTINUITY
JYOTHYLAB|NOISIN|1,3768,2011-06-22,2026-09-30,3767,0,0,2,JYOTHYLAB,NO_UNRESOLVED_DISCONTINUITY
JYOTICNC|INE980O01024|1,667,2024-01-16,2026-09-30,666,0,0,0,JYOTICNC,NO_UNRESOLVED_DISCONTINUITY
JYOTIRES|INE577D01013|1,32,2026-08-17,2026-09-30,31,0,0,0,JYOTIRES,NO_UNRESOLVED_DISCONTINUITY
JYOTISTRUC|NOISIN|1,2164,2011-06-22,2026-09-30,2158,1,4,0,JYOTISTRUC,HAS_UNRESOLVED_DISCONTINUITY
KABRAEXTRU|NOISIN|2,3705,2011-06-22,2026-09-30,3703,0,1,0,KABRAEXTRU,NO_UNRESOLVED_DISCONTINUITY
KAJARIACER|NOISIN|2,3768,2011-06-22,2026-09-30,3767,0,0,1,KAJARIACER,NO_UNRESOLVED_DISCONTINUITY
KAKATCEM|NOISIN|1,3558,2011-06-22,2026-09-30,3521,0,36,0,KAKATCEM,NO_UNRESOLVED_DISCONTINUITY
KALAMANDIR|INE438K01021|1,741,2023-09-27,2026-09-30,740,0,0,0,KALAMANDIR,NO_UNRESOLVED_DISCONTINUITY
KALECONSUL|NOISIN|3,3644,2011-06-22,2026-09-30,3642,0,1,0,KALECONSUL|ACCELYA,NO_UNRESOLVED_DISCONTINUITY
KALINDEE|NOISIN|3,1362,2011-06-22,2017-02-08,1360,0,1,0,KALINDEE,NO_UNRESOLVED_DISCONTINUITY
KALPATARU|INE227J01012|1,310,2025-07-01,2026-09-30,309,0,0,0,KALPATARU,NO_UNRESOLVED_DISCONTINUITY
KALPATPOWR|NOISIN|1,3768,2011-06-22,2026-09-30,3767,0,0,0,KALPATPOWR|KPIL,NO_UNRESOLVED_DISCONTINUITY
KALYANIFRG|INE314G01014|1,432,2024-02-22,2026-09-02,427,0,4,0,KALYANIFRG,NO_UNRESOLVED_DISCONTINUITY
KALYANKJIL|INE303R01014|1,1361,2021-03-26,2026-09-30,1360,0,0,0,KALYANKJIL,NO_UNRESOLVED_DISCONTINUITY
KAMAHOLD|INE411F01010|1,114,2026-04-20,2026-09-30,113,0,0,0,KAMAHOLD,NO_UNRESOLVED_DISCONTINUITY
KAMANWALA|INE344D01018|1,31,2026-08-17,2026-09-30,29,0,1,0,KAMANWALA,NO_UNRESOLVED_DISCONTINUITY
KAMATHOTEL|NOISIN|4,3476,2011-06-22,2026-09-30,3464,0,11,0,KAMATHOTEL,NO_UNRESOLVED_DISCONTINUITY
KAMOPAINTS|INE0BTI01029|1,616,2023-02-08,2026-09-30,612,0,3,2,KAMOPAINTS,NO_UNRESOLVED_DISCONTINUITY
KANANIIND|INE879E01029|1,102,2011-12-14,2012-09-13,88,0,13,0,KANANIIND,NO_UNRESOLVED_DISCONTINUITY
KANANIIND|INE879E01037|1,2799,2012-12-03,2026-09-30,2768,1,29,1,KANANIIND,HAS_UNRESOLVED_DISCONTINUITY
KANCHI|INE081G01019|1,44,2026-04-20,2026-09-30,42,0,1,0,KANCHI,NO_UNRESOLVED_DISCONTINUITY
KANCOTEA|INE398L01017|1,32,2026-08-17,2026-09-30,31,0,0,0,KANCOTEA,NO_UNRESOLVED_DISCONTINUITY
KANDAGIRI|NOISIN|1,243,2011-06-22,2015-01-23,120,0,122,0,KANDAGIRI,NO_UNRESOLVED_DISCONTINUITY
KANOHAR|INE877D01025|1,11,2026-09-16,2026-09-30,10,0,0,0,KANOHAR,NO_UNRESOLVED_DISCONTINUITY
KANORICHEM|NOISIN|2,3606,2011-06-22,2026-05-18,3603,0,2,0,KANORICHEM,NO_UNRESOLVED_DISCONTINUITY
KANPRPLA|INE694E01014|1,1352,2021-01-01,2026-09-30,1350,0,1,1,KANPRPLA,NO_UNRESOLVED_DISCONTINUITY
KAPSTON|INE542Z01010|1,588,2020-05-27,2024-06-20,582,0,5,0,KAPSTON,NO_UNRESOLVED_DISCONTINUITY
KAPSTON|INE542Z01028|1,433,2024-09-30,2026-09-30,431,0,1,0,KAPSTON,NO_UNRESOLVED_DISCONTINUITY
KARAMTARA|INE590T01012|1,10,2026-09-17,2026-09-30,9,0,0,0,KARAMTARA,NO_UNRESOLVED_DISCONTINUITY
KARDA|INE278R01018|1,517,2018-04-16,2020-05-26,516,0,0,0,KARDA,NO_UNRESOLVED_DISCONTINUITY
KARDA|INE278R01026|1,141,2020-11-10,2021-06-08,140,0,0,0,KARDA,NO_UNRESOLVED_DISCONTINUITY
KARDA|INE278R01034|1,606,2021-09-13,2025-06-20,600,0,5,0,KARDA|KBCGLOBAL,NO_UNRESOLVED_DISCONTINUITY
KARMAENG|INE725L01011|1,2480,2011-07-12,2026-09-30,2358,0,121,0,KARMAENG,NO_UNRESOLVED_DISCONTINUITY
KARURKCP|INE727F01019|1,549,2011-06-22,2015-01-29,445,0,103,0,KARURKCP,NO_UNRESOLVED_DISCONTINUITY
KARURVYSYA|INE036D01028|1,2438,2016-11-18,2026-09-30,2434,3,0,0,KARURVYSYA,HAS_UNRESOLVED_DISCONTINUITY
KARURVYSYA|NOISIN|1,1330,2011-06-22,2016-11-17,1328,1,0,0,KARURVYSYA,HAS_UNRESOLVED_DISCONTINUITY
KAUSHALYA|INE234I01028|1,448,2024-03-04,2026-07-08,445,0,2,0,KAUSHALYA,NO_UNRESOLVED_DISCONTINUITY
KAUSHALYA|NOISIN|1,2250,2011-06-22,2023-10-06,2173,0,76,0,KAUSHALYA,NO_UNRESOLVED_DISCONTINUITY
KAVVERITEL|NOISIN|2,2461,2011-06-22,2026-09-17,2441,0,19,0,KAVVERITEL|KAVDEFENCE,NO_UNRESOLVED_DISCONTINUITY
KAYA|INE587G01015|1,2412,2015-08-28,2026-08-24,2408,0,3,0,KAYA,NO_UNRESOLVED_DISCONTINUITY
KAYNES|INE918Z01012|1,952,2022-11-22,2026-09-30,951,0,0,0,KAYNES,NO_UNRESOLVED_DISCONTINUITY
KBIL|NOISIN|1,902,2011-06-22,2015-07-08,841,0,60,0,KBIL,NO_UNRESOLVED_DISCONTINUITY
KCPSUGIND|NOISIN|3,3595,2011-06-22,2026-08-10,3592,0,2,0,KCPSUGIND,NO_UNRESOLVED_DISCONTINUITY
KCP|NOISIN|1,3768,2011-06-22,2026-09-30,3767,0,0,0,KCP,NO_UNRESOLVED_DISCONTINUITY
KDDL|INE291D01011|1,2478,2016-03-23,2026-09-30,2472,1,4,0,KDDL,HAS_UNRESOLVED_DISCONTINUITY
KECL|NOISIN|2,3438,2011-06-22,2026-09-30,3429,0,8,0,KECL,NO_UNRESOLVED_DISCONTINUITY
KEC|NOISIN|1,3768,2011-06-22,2026-09-30,3767,0,0,0,KEC,NO_UNRESOLVED_DISCONTINUITY
KEEPLEARN|INE055C01020|1,349,2024-03-18,2026-09-30,345,0,3,0,KEEPLEARN,NO_UNRESOLVED_DISCONTINUITY
KEERTI|INE586X01012|1,692,2020-11-13,2026-09-30,684,0,7,0,KEERTI|GTECJAINX,NO_UNRESOLVED_DISCONTINUITY
KEI|NOISIN|2,3768,2011-06-22,2026-09-30,3767,0,0,0,KEI,NO_UNRESOLVED_DISCONTINUITY
KELLTONTEC|INE164B01022|1,2377,2016-03-02,2026-09-30,2372,0,4,2,KELLTONTEC,NO_UNRESOLVED_DISCONTINUITY
KEMROCK|NOISIN|2,999,2011-06-22,2016-05-20,992,0,6,0,KEMROCK,NO_UNRESOLVED_DISCONTINUITY
KENNAMET|INE717A01029|1,1150,2019-08-19,2026-09-30,1148,0,1,0,KENNAMET,NO_UNRESOLVED_DISCONTINUITY
KERNEX|NOISIN|8,1245,2011-06-22,2026-09-30,1241,0,3,0,KERNEX,NO_UNRESOLVED_DISCONTINUITY
KESARENT|NOISIN|4,1550,2011-06-22,2019-12-30,1442,0,107,0,KESARENT,NO_UNRESOLVED_DISCONTINUITY
KESORAMIND|NOISIN|1,3287,2011-06-22,2026-09-30,3274,1,11,0,KESORAMIND,HAS_UNRESOLVED_DISCONTINUITY
KEYCORPSER|INE681C01015|1,1899,2011-07-13,2026-09-30,1673,0,225,0,KEYCORPSER|KEYFINSERV,NO_UNRESOLVED_DISCONTINUITY
KFINTECH|INE138Y01010|1,925,2022-12-29,2026-09-30,924,0,0,0,KFINTECH,NO_UNRESOLVED_DISCONTINUITY
KHADIM|INE834I01025|1,2010,2017-11-14,2026-06-17,2006,0,3,0,KHADIM,NO_UNRESOLVED_DISCONTINUITY
KHAICHEM|INE745B01028|1,1336,2020-10-30,2026-09-30,1333,0,2,0,KHAICHEM,NO_UNRESOLVED_DISCONTINUITY
KHAITANELE|NOISIN|5,1101,2011-06-22,2017-03-20,1071,0,29,0,KHAITANELE,NO_UNRESOLVED_DISCONTINUITY
KHAITANLTD|NOISIN|7,1605,2011-06-22,2026-09-30,1409,0,195,0,KHAITANLTD,NO_UNRESOLVED_DISCONTINUITY
KHANDSE|NOISIN|2,2341,2011-06-22,2026-09-30,2062,0,278,0,KHANDSE,NO_UNRESOLVED_DISCONTINUITY
KICL|NOISIN|1,3653,2011-06-22,2026-09-30,3624,0,28,0,KICL,NO_UNRESOLVED_DISCONTINUITY
KILITCH|NOISIN|1,3172,2011-06-22,2026-07-02,3155,1,15,1,KILITCH,HAS_UNRESOLVED_DISCONTINUITY
KIL|NOISIN|3,3540,2011-06-22,2026-09-30,3535,0,4,1,KIL|KAMDHENU,NO_UNRESOLVED_DISCONTINUITY
KIMS|INE967H01017|1,1300,2021-06-28,2026-09-30,1299,0,0,1,KIMS,NO_UNRESOLVED_DISCONTINUITY
KINETICMOT|NOISIN|10,435,2011-06-22,2013-03-21,434,0,0,0,KINETICMOT,NO_UNRESOLVED_DISCONTINUITY
KIOCL|INE880L01014|1,2317,2017-03-01,2026-09-30,2302,0,14,0,KIOCL,NO_UNRESOLVED_DISCONTINUITY
KIRANVYPAR|INE555P01013|1,113,2026-04-20,2026-09-30,111,0,1,0,KIRANVYPAR,NO_UNRESOLVED_DISCONTINUITY
KIRIDYES|NOISIN|1,3534,2011-06-22,2026-09-30,3530,0,3,0,KIRIINDUS,NO_UNRESOLVED_DISCONTINUITY
KIRLFER|INE884B01025|1,1095,2019-11-13,2026-09-30,1093,0,1,0,KIRLFER,NO_UNRESOLVED_DISCONTINUITY
KIRLOSBROS|NOISIN|1,3682,2011-06-22,2026-09-30,3678,0,3,0,KIRLOSBROS,NO_UNRESOLVED_DISCONTINUITY
KIRLOSENG|NOISIN|1,3768,2011-06-22,2026-09-30,3767,0,0,0,KIRLOSENG,NO_UNRESOLVED_DISCONTINUITY
KIRLOSIND|NOISIN|1,3743,2011-06-22,2026-09-30,3725,0,17,0,KIRLOSIND,NO_UNRESOLVED_DISCONTINUITY
KIRLOSKCUM|NOISIN|1,3768,2011-06-22,2026-09-30,3767,0,0,1,CUMMINSIND,NO_UNRESOLVED_DISCONTINUITY
KIRLPNU|INE811A01020|1,847,2023-04-26,2026-09-30,846,0,0,1,KIRLPNU,NO_UNRESOLVED_DISCONTINUITY
KISSHT|INE12F801023|1,101,2026-05-08,2026-09-30,100,0,0,0,KISSHT,NO_UNRESOLVED_DISCONTINUITY
KITEX|INE602G01020|1,3342,2012-09-25,2026-09-30,3337,0,4,1,KITEX,NO_UNRESOLVED_DISCONTINUITY
KITPLYIND|NOISIN|8,444,2011-06-22,2013-06-20,437,0,6,0,KITPLYIND,NO_UNRESOLVED_DISCONTINUITY
KJMCFIN|INE533C01018|1,32,2026-08-17,2026-09-30,31,0,0,0,KJMCFIN,NO_UNRESOLVED_DISCONTINUITY
KKCL|NOISIN|2,3766,2011-06-22,2026-09-30,3763,0,2,1,KKCL,NO_UNRESOLVED_DISCONTINUITY
KLBRENG-B|INE338F01015|1,114,2026-04-20,2026-09-30,113,0,0,0,KLBRENG-B,NO_UNRESOLVED_DISCONTINUITY
KLGSYSTEL|NOISIN|2,305,2011-06-22,2013-08-21,289,0,15,0,KLGSYSTEL,NO_UNRESOLVED_DISCONTINUITY
KLRF|NOISIN|1,464,2011-06-22,2015-01-28,371,0,92,0,KLRF,NO_UNRESOLVED_DISCONTINUITY
KMCSHIL|INE879K01018|1,32,2026-08-17,2026-09-30,31,0,0,0,KMCSHIL,NO_UNRESOLVED_DISCONTINUITY
KMEW|INE0CJD01011|1,463,2024-11-14,2026-09-30,462,0,0,1,KMEW,NO_UNRESOLVED_DISCONTINUITY
KMSUGAR|NOISIN|5,3507,2011-06-22,2026-09-30,3468,0,38,0,KMSUGAR,NO_UNRESOLVED_DISCONTINUITY
KNACK|INE17QZ01016|1,60,2026-07-08,2026-09-30,59,0,0,0,KNACK,NO_UNRESOLVED_DISCONTINUITY
KNAGRI|INE0KNW01016|1,200,2025-12-09,2026-09-30,199,0,0,0,KNAGRI,NO_UNRESOLVED_DISCONTINUITY
KNL|NOISIN|1,1311,2011-06-22,2017-07-19,1307,0,3,0,KGL,NO_UNRESOLVED_DISCONTINUITY
KNRCON|INE634I01029|1,2420,2016-12-14,2026-09-30,2419,0,0,1,KNRCON,NO_UNRESOLVED_DISCONTINUITY
KNRCON|NOISIN|2,1292,2011-06-22,2016-12-13,1273,1,17,0,KNRCON,HAS_UNRESOLVED_DISCONTINUITY
KOHINOOR|NOISIN|2,2896,2011-06-22,2026-09-30,2890,0,5,0,KOHINOOR,NO_UNRESOLVED_DISCONTINUITY
KOLTEPATIL|NOISIN|1,3768,2011-06-22,2026-09-30,3767,0,0,0,KOLTEPATIL,NO_UNRESOLVED_DISCONTINUITY
KOPDRUGS|INE746A01010|1,227,2011-09-07,2013-08-12,183,0,43,0,KOPDRUGS,NO_UNRESOLVED_DISCONTINUITY
KOPRAN|NOISIN|4,3571,2011-06-22,2026-09-30,3567,0,3,0,KOPRAN,NO_UNRESOLVED_DISCONTINUITY
KOTAKALPHA|INF174KA1IA5|1,1174,2021-12-29,2026-09-30,1173,0,0,0,KOTAKALPHA|ALPHA,NO_UNRESOLVED_DISCONTINUITY
KOTAKBANK|NOISIN|1,3768,2011-06-22,2026-09-30,3767,0,0,2,KOTAKBANK,NO_UNRESOLVED_DISCONTINUITY
KOTAKBKETF|INF174K01F59|1,2769,2014-12-11,2026-02-26,2768,0,0,0,KOTAKBKETF|BANKNIFTY1,NO_UNRESOLVED_DISCONTINUITY
KOTAKCONS|INF174KA1JE5|1,865,2022-08-04,2026-02-26,852,0,12,0,KOTAKCONS|CONS,NO_UNRESOLVED_DISCONTINUITY
KOTAKGOLD|INF174KA1HJ8|1,1282,2021-07-23,2026-09-30,1281,0,0,0,KOTAKGOLD|GOLD1,NO_UNRESOLVED_DISCONTINUITY
KOTAKGOLD|INF373I01049|1,1550,2015-04-15,2021-07-22,1548,1,0,0,KOTAKGOLD,HAS_UNRESOLVED_DISCONTINUITY
KOTAKGOLD|NOISIN|1,936,2011-06-22,2015-04-13,934,1,0,0,KOTAKGOLD,HAS_UNRESOLVED_DISCONTINUITY
KOTAKIT|INF174KA1GC5|1,1375,2021-03-05,2026-09-30,1374,0,0,0,KOTAKIT|IT,NO_UNRESOLVED_DISCONTINUITY
KOTAKLIQ|INF174KA1LV5|1,844,2023-02-01,2026-09-30,813,0,30,0,KOTAKLIQ|LIQUID1,NO_UNRESOLVED_DISCONTINUITY
KOTAKLOVOL|INF174KA1IY5|1,1113,2022-03-29,2026-09-30,1112,0,0,0,KOTAKLOVOL|LOWVOL1,NO_UNRESOLVED_DISCONTINUITY
KOTAKMID50|INF174KA1IB3|1,1003,2022-02-04,2026-02-26,1002,0,0,0,KOTAKMID50|MIDCAP,NO_UNRESOLVED_DISCONTINUITY
KOTAKMNC|INF174KA1JF2|1,1018,2022-08-16,2026-09-30,1017,0,0,0,KOTAKMNC|MNC,NO_UNRESOLVED_DISCONTINUITY
KOTAKNIFTY|INF174K014P6|1,2265,2017-07-28,2026-09-30,2264,0,0,0,KOTAKNIFTY|NIFTY1,NO_UNRESOLVED_DISCONTINUITY
KOTAKNIFTY|NOISIN|1,1503,2011-06-22,2017-07-27,1501,1,0,0,KOTAKNIFTY,HAS_UNRESOLVED_DISCONTINUITY
KOTAKPSUBK|NOISIN|1,3710,2011-06-22,2026-07-09,3709,0,0,0,KOTAKPSUBK|PSUBANK,NO_UNRESOLVED_DISCONTINUITY
KOTAKSILVE|INF174KA1KU9|1,789,2022-12-14,2026-02-26,786,0,2,0,KOTAKSILVE|SILVER1,NO_UNRESOLVED_DISCONTINUITY
KOTARISUG|NOISIN|4,3555,2011-06-22,2026-08-26,3549,0,5,0,KOTARISUG,NO_UNRESOLVED_DISCONTINUITY
KOTHARIPET|NOISIN|8,3729,2011-06-22,2026-09-30,3702,0,26,0,KOTHARIPET,NO_UNRESOLVED_DISCONTINUITY
KOTHARIPRO|NOISIN|1,3462,2011-06-22,2026-09-30,3455,0,6,1,KOTHARIPRO,NO_UNRESOLVED_DISCONTINUITY
KOTIC|INE972A01020|1,114,2026-04-20,2026-09-30,113,0,0,0,KOTIC,NO_UNRESOLVED_DISCONTINUITY
KOTYARK|INE0J0B01017|1,71,2026-03-12,2026-09-30,69,0,1,0,KOTYARK,NO_UNRESOLVED_DISCONTINUITY
KOUTONS|NOISIN|1,446,2011-06-22,2013-09-16,443,0,2,0,KOUTONS,NO_UNRESOLVED_DISCONTINUITY
KOVAI|INE177F01017|1,665,2021-08-05,2026-09-30,663,0,1,0,KOVAI,NO_UNRESOLVED_DISCONTINUITY
KPEL|INE127T01021|1,463,2024-11-14,2026-09-30,462,0,0,0,KPEL,NO_UNRESOLVED_DISCONTINUITY
KPIGLOBAL|INE542W01017|1,1215,2021-07-27,2026-09-30,1213,0,1,4,KPIGLOBAL|KPIGREEN,NO_UNRESOLVED_DISCONTINUITY
KPITTECH|INE04I401011|1,1828,2019-05-08,2026-09-30,1827,0,0,0,KPITTECH,NO_UNRESOLVED_DISCONTINUITY
KPIT|NOISIN|1,3768,2011-06-22,2026-09-30,3766,1,0,1,KPIT|BSOFT,HAS_UNRESOLVED_DISCONTINUITY
KPL|INE552U01010|1,114,2026-04-20,2026-09-30,113,0,0,0,KPL,NO_UNRESOLVED_DISCONTINUITY
KPRMILL|INE930H01023|1,2430,2016-11-30,2026-09-30,2429,0,0,1,KPRMILL,NO_UNRESOLVED_DISCONTINUITY
KPRMILL|NOISIN|1,1312,2011-06-22,2016-11-29,1309,1,1,0,KPRMILL,HAS_UNRESOLVED_DISCONTINUITY
KRBL|NOISIN|1,3768,2011-06-22,2026-09-30,3767,0,0,0,KRBL,NO_UNRESOLVED_DISCONTINUITY
KREBSBIO|INE268B01013|1,1673,2018-08-23,2026-09-30,1658,1,13,0,KREBSBIO,HAS_UNRESOLVED_DISCONTINUITY
KRIDHANINF|INE524L01026|1,1766,2015-12-11,2026-09-30,1751,0,14,0,KRIDHANINF,NO_UNRESOLVED_DISCONTINUITY
KRISHANA|INE506W01012|1,1460,2019-08-22,2026-09-30,1451,0,8,2,KRISHANA,NO_UNRESOLVED_DISCONTINUITY
KRISHIVAL|INE0GGO01015|1,234,2025-10-20,2026-09-30,232,1,0,0,KRISHIVAL,HAS_UNRESOLVED_DISCONTINUITY
KRISHNADEF|INE0J5601015|1,186,2025-12-30,2026-09-30,185,0,0,0,KRISHNADEF,NO_UNRESOLVED_DISCONTINUITY
KRISHNAENG|NOISIN|8,456,2011-06-22,2015-02-09,390,0,65,0,KRISHNAENG,NO_UNRESOLVED_DISCONTINUITY
KRITIIND|INE479D01038|1,1481,2011-10-25,2026-09-30,1352,0,128,0,KRITIIND|KRITI,NO_UNRESOLVED_DISCONTINUITY
KRITIKA|INE00Z501011|1,713,2022-05-04,2026-09-30,710,0,2,1,KRITIKA,NO_UNRESOLVED_DISCONTINUITY
KRITINUT|INE798K01010|1,762,2022-10-07,2026-09-30,758,0,3,0,KRITINUT,NO_UNRESOLVED_DISCONTINUITY
KRN|INE0Q3J01015|1,435,2024-10-03,2026-09-30,433,0,1,0,KRN,NO_UNRESOLVED_DISCONTINUITY
KRONOX|INE0ATZ01017|1,537,2024-06-25,2026-08-25,536,0,0,0,KRONOX,NO_UNRESOLVED_DISCONTINUITY
KROSS|INE0O6601022|1,505,2024-09-16,2026-09-30,504,0,0,0,KROSS,NO_UNRESOLVED_DISCONTINUITY
KRSNAA|INE08LI01020|1,1266,2021-08-16,2026-09-30,1265,0,0,0,KRSNAA,NO_UNRESOLVED_DISCONTINUITY
KRYSTAL|INE0QN801017|1,557,2024-03-21,2026-09-30,555,0,1,0,KRYSTAL,NO_UNRESOLVED_DISCONTINUITY
KSBPUMPS|NOISIN|1,3768,2011-06-22,2026-09-30,3767,0,0,1,KSBPUMPS|KSB,NO_UNRESOLVED_DISCONTINUITY
KSCL|NOISIN|2,3768,2011-06-22,2026-09-30,3767,0,0,1,KSCL,NO_UNRESOLVED_DISCONTINUITY
KSERAPRO|NOISIN|5,1344,2011-06-22,2020-08-21,1219,111,13,1,KSERASERA,HAS_UNRESOLVED_DISCONTINUITY
KSE|INE953E01022|1,32,2026-08-17,2026-09-30,31,0,0,0,KSE,NO_UNRESOLVED_DISCONTINUITY
KSE|NOISIN|1,506,2011-06-22,2014-01-10,440,0,65,0,KSE,NO_UNRESOLVED_DISCONTINUITY
KSHINTL|INE987S01020|1,190,2025-12-23,2026-09-30,189,0,0,0,KSHINTL,NO_UNRESOLVED_DISCONTINUITY
KSHITIJPOL|INE013801019|1,19,2022-07-27,2022-08-24,18,0,0,0,KSHITIJPOL,NO_UNRESOLVED_DISCONTINUITY
KSHITIJPOL|INE013801027|1,434,2022-12-06,2026-09-28,426,2,5,0,KSHITIJPOL,HAS_UNRESOLVED_DISCONTINUITY
KSK|NOISIN|1,1922,2011-06-22,2020-11-27,1912,0,9,0,KSK,NO_UNRESOLVED_DISCONTINUITY
KSL|NOISIN|1,3757,2011-06-22,2026-09-30,3755,0,1,0,KSL,NO_UNRESOLVED_DISCONTINUITY
KSOILS|NOISIN|1,453,2011-06-22,2013-06-20,450,1,1,0,KSOILS,HAS_UNRESOLVED_DISCONTINUITY
KSOLVES|INE0D6I01015|1,927,2022-09-23,2026-09-30,925,0,1,1,KSOLVES,NO_UNRESOLVED_DISCONTINUITY
KSR|INE1SPP01016|1,86,2025-12-11,2026-09-17,84,0,1,0,KSR,NO_UNRESOLVED_DISCONTINUITY
KTIL|INE096L01017|1,1799,2011-06-23,2019-12-30,1698,0,100,1,KTIL,NO_UNRESOLVED_DISCONTINUITY
KTKBANK|NOISIN|1,3768,2011-06-22,2026-09-30,3765,2,0,0,KTKBANK,HAS_UNRESOLVED_DISCONTINUITY
KTKNV20ETF|INF174K01Z71|1,2436,2015-12-09,2026-02-26,2383,0,52,0,KTKNV20ETF|KOTAKNV20|NV20,NO_UNRESOLVED_DISCONTINUITY
KUANTUM|INE529I01013|1,1716,2019-10-23,2026-09-30,1715,0,0,1,KUANTUM,NO_UNRESOLVED_DISCONTINUITY
KUSUMGAR|INE0ISX01025|1,55,2026-07-15,2026-09-30,54,0,0,0,KUSUMGAR,NO_UNRESOLVED_DISCONTINUITY
KWALITY|NOISIN|2,2232,2011-06-22,2021-02-23,2228,0,3,0,KWALITY,NO_UNRESOLVED_DISCONTINUITY
KWIL|INE2KCE01013|1,144,2026-03-02,2026-09-30,143,0,0,0,KWIL,NO_UNRESOLVED_DISCONTINUITY
L&TFH|INE498L01015|1,3668,2011-08-12,2026-09-30,3665,1,1,0,L&TFH|LTF,HAS_UNRESOLVED_DISCONTINUITY
LADDERUP|INE519D01015|1,22,2026-08-17,2026-09-16,21,0,0,0,LADDERUP,NO_UNRESOLVED_DISCONTINUITY
LAGNAM|INE548Z01017|1,1068,2021-09-30,2026-09-30,1065,0,2,0,LAGNAM,NO_UNRESOLVED_DISCONTINUITY
LAHOTIOV|INE515C01023|1,112,2026-04-20,2026-09-30,109,0,2,0,LAHOTIOV,NO_UNRESOLVED_DISCONTINUITY
LAKPRE|NOISIN|1,1651,2011-06-22,2018-09-24,1578,0,72,0,LAKPRE,NO_UNRESOLVED_DISCONTINUITY
LAKSHMIEFL|NOISIN|1,1683,2011-06-22,2018-08-16,1680,0,2,0,LAKSHMIEFL,NO_UNRESOLVED_DISCONTINUITY
LAKSHMIMIL|NOISIN|1,743,2011-06-22,2026-09-30,673,0,69,0,LAKSHMIMIL,NO_UNRESOLVED_DISCONTINUITY
LAKSHVILAS|NOISIN|1,2325,2011-06-22,2020-11-25,2322,2,0,0,LAKSHVILAS,HAS_UNRESOLVED_DISCONTINUITY
LALITHAA|INE0K9O01026|1,27,2026-08-24,2026-09-30,26,0,0,0,LALITHAA,NO_UNRESOLVED_DISCONTINUITY
LALPATHLAB|INE600L01024|1,2659,2015-12-23,2026-09-30,2658,0,0,1,LALPATHLAB,NO_UNRESOLVED_DISCONTINUITY
LAL|INE740X01015|1,74,2023-04-10,2024-02-07,72,0,1,0,LAL,NO_UNRESOLVED_DISCONTINUITY
LAL|INE740X01023|1,390,2024-05-13,2026-09-30,386,0,3,0,LAL,NO_UNRESOLVED_DISCONTINUITY
LAMBODHARA|INE112F01014|1,2687,2015-02-04,2026-09-30,2683,0,3,1,LAMBODHARA,NO_UNRESOLVED_DISCONTINUITY
LANCER|INE359U01010|1,274,2022-05-10,2026-09-30,272,0,1,1,LANCER,NO_UNRESOLVED_DISCONTINUITY
LANCOIN|NOISIN|2,2594,2011-06-22,2022-01-12,2592,0,1,0,LANCOIN|SRIPIPES,NO_UNRESOLVED_DISCONTINUITY
LANCORHOL|INE572G01025|1,465,2024-04-23,2026-09-08,463,0,1,0,LANCORHOL,NO_UNRESOLVED_DISCONTINUITY
LANDMARK|INE559R01029|1,929,2022-12-23,2026-09-30,928,0,0,0,LANDMARK,NO_UNRESOLVED_DISCONTINUITY
LAOPALA|NOISIN|2,3768,2011-06-22,2026-09-30,3767,0,0,2,LAOPALA,NO_UNRESOLVED_DISCONTINUITY
LARGEMID50|INF769K01RK3|1,29,2026-08-20,2026-09-30,28,0,0,0,LARGEMID50,NO_UNRESOLVED_DISCONTINUITY
LASA|INE670X01014|1,1602,2018-02-22,2026-09-09,1591,0,10,0,LASA,NO_UNRESOLVED_DISCONTINUITY
LASERPOWER|INE17IR01028|1,54,2026-07-16,2026-09-30,53,0,0,0,LASERPOWER,NO_UNRESOLVED_DISCONTINUITY
LATENTVIEW|INE0I7C01011|1,1143,2021-11-23,2026-09-30,1141,0,1,0,LATENTVIEW,NO_UNRESOLVED_DISCONTINUITY
LATTEYS|INE262Z01023|1,290,2023-05-23,2026-09-30,284,0,5,0,LATTEYS,NO_UNRESOLVED_DISCONTINUITY
LAURUSLABS|INE947Q01010|1,2417,2016-12-19,2026-09-30,2416,0,0,1,LAURUSLABS,NO_UNRESOLVED_DISCONTINUITY
LAXMICOT|INE801V01019|1,1143,2021-11-12,2026-09-30,1141,0,1,0,LAXMICOT,NO_UNRESOLVED_DISCONTINUITY
LAXMIDENTL|INE0WO601020|1,419,2025-01-20,2026-09-30,418,0,0,0,LAXMIDENTL,NO_UNRESOLVED_DISCONTINUITY
LAXMIINDIA|INE06WU01026|1,218,2025-08-05,2026-09-30,216,0,1,0,LAXMIINDIA,NO_UNRESOLVED_DISCONTINUITY
LAXMIMACH|NOISIN|1,3768,2011-06-22,2026-09-30,3767,0,0,0,LAXMIMACH|LMW,NO_UNRESOLVED_DISCONTINUITY
LCCINFOTEC|NOISIN|10,1536,2011-06-22,2026-09-30,1458,0,77,0,LCCINFOTEC,NO_UNRESOLVED_DISCONTINUITY
LCCPROJECT|INE1FPN01026|1,10,2026-09-17,2026-09-30,9,0,0,0,LCCPROJECT,NO_UNRESOLVED_DISCONTINUITY
LCL|INE0QJW01029|1,44,2026-07-30,2026-09-30,43,0,0,0,LCL,NO_UNRESOLVED_DISCONTINUITY
LEAPIND|INE00GO01025|1,33,2026-08-14,2026-09-30,32,0,0,0,LEAPIND,NO_UNRESOLVED_DISCONTINUITY
LEENEE|INE791B01014|1,13,2026-08-17,2026-09-02,12,0,0,0,LEENEE,NO_UNRESOLVED_DISCONTINUITY
LEMERITE|INE0G1L01017|1,197,2025-12-12,2026-09-30,196,0,0,1,LEMERITE,NO_UNRESOLVED_DISCONTINUITY
LEMONTREE|INE970X01018|1,2094,2018-04-09,2026-09-30,2093,0,0,0,LEMONTREE,NO_UNRESOLVED_DISCONTINUITY
LENSKART|INE956O01016|1,221,2025-11-10,2026-09-30,220,0,0,0,LENSKART,NO_UNRESOLVED_DISCONTINUITY
LEXUS|INE500X01013|1,686,2023-03-13,2026-09-30,680,0,5,0,LEXUS,NO_UNRESOLVED_DISCONTINUITY
LFIC|INE850E01012|1,1638,2019-05-22,2026-09-30,1603,0,34,0,LFIC,NO_UNRESOLVED_DISCONTINUITY
LGBBROSLTD|NOISIN|1,3760,2011-06-22,2026-09-30,3751,0,8,2,LGBBROSLTD,NO_UNRESOLVED_DISCONTINUITY
LGBFORGE|NOISIN|4,2044,2011-06-22,2024-06-25,1994,1,48,0,LGBFORGE,HAS_UNRESOLVED_DISCONTINUITY
LGEINDIA|INE324D01010|1,238,2025-10-14,2026-09-30,237,0,0,0,LGEINDIA,NO_UNRESOLVED_DISCONTINUITY
LGHL|INE258Y01016|1,478,2024-01-31,2026-09-30,474,0,3,1,LGHL,NO_UNRESOLVED_DISCONTINUITY
LIBAS|INE908V01012|1,1589,2019-07-23,2026-09-30,1578,2,8,0,LIBAS,HAS_UNRESOLVED_DISCONTINUITY
LIBERTSHOE|NOISIN|1,3502,2011-06-22,2026-09-30,3496,0,5,0,LIBERTSHOE,NO_UNRESOLVED_DISCONTINUITY
LICHSGFIN|NOISIN|1,3768,2011-06-22,2026-09-30,3767,0,0,0,LICHSGFIN,NO_UNRESOLVED_DISCONTINUITY
LICI|INE0J1Y01017|1,1081,2022-05-17,2026-09-30,1080,0,0,1,LICI,NO_UNRESOLVED_DISCONTINUITY
LICMFGOLD|INF767K01SM1|1,141,2026-03-06,2026-09-30,140,0,0,0,LICMFGOLD,NO_UNRESOLVED_DISCONTINUITY
LICNETFSEN|INF767K01OT5|1,1961,2016-08-03,2026-09-30,1782,0,178,0,LICNETFSEN,NO_UNRESOLVED_DISCONTINUITY
LICNFENGP|INF767K01OS7|1,2456,2015-12-07,2026-09-30,2414,0,41,0,LICNFENGP|LICNETFN50,NO_UNRESOLVED_DISCONTINUITY
LICNFNHGP|INF767K01PC8|1,2141,2016-05-26,2026-09-30,1977,0,163,0,LICNFNHGP,NO_UNRESOLVED_DISCONTINUITY
LICNMFET|INF767K01MV5|1,2807,2015-01-01,2026-09-30,2724,0,82,0,LICNMFET|LICNETFGSC,NO_UNRESOLVED_DISCONTINUITY
LICNMID100|INF767K01RN1|1,645,2024-02-19,2026-09-30,644,0,0,0,LICNMID100,NO_UNRESOLVED_DISCONTINUITY
LIKHITHA|INE060901019|1,1401,2020-10-29,2026-09-30,1399,0,1,1,LIKHITHA,NO_UNRESOLVED_DISCONTINUITY
LINCOLN|INE405C01035|1,2663,2015-12-17,2026-09-30,2662,0,0,0,LINCOLN,NO_UNRESOLVED_DISCONTINUITY
LINCPEN|INE802B01019|1,2728,2015-03-09,2026-09-30,2723,0,4,1,LINCPEN|LINC,NO_UNRESOLVED_DISCONTINUITY
LIQGRWBEES|INF204KC1FU1|1,292,2025-07-25,2026-09-30,291,0,0,0,LIQGRWBEES,NO_UNRESOLVED_DISCONTINUITY
LIQUIDADD|INF740KA1UM0|1,616,2024-04-03,2026-09-30,615,0,0,0,LIQUIDADD,NO_UNRESOLVED_DISCONTINUITY
LIQUIDBEES|NOISIN|1,3768,2011-06-22,2026-09-30,3767,0,0,0,LIQUIDBEES,NO_UNRESOLVED_DISCONTINUITY
LIQUIDBETA|INF789F1AG68|1,40,2026-07-21,2026-09-30,31,0,8,0,LIQUIDBETA,NO_UNRESOLVED_DISCONTINUITY
LIQUIDBETF|INF0QA701854|1,576,2024-06-03,2026-09-30,574,0,1,0,LIQUIDBETF,NO_UNRESOLVED_DISCONTINUITY
LIQUIDCASE|INF0R8F01034|1,662,2024-01-24,2026-09-30,661,0,0,0,LIQUIDCASE,NO_UNRESOLVED_DISCONTINUITY
LIQUIDETF|INF740KA1EU7|1,2105,2018-03-20,2026-09-30,2103,0,1,0,LIQUIDETF,NO_UNRESOLVED_DISCONTINUITY
LIQUIDPLUS|INF769K01MY5|1,464,2024-11-13,2026-09-30,463,0,0,0,LIQUIDPLUS,NO_UNRESOLVED_DISCONTINUITY
LIQUIDSBI|INF200KA13Z8|1,716,2023-11-02,2026-09-30,714,0,1,0,LIQUIDSBI,NO_UNRESOLVED_DISCONTINUITY
LIQUIDSHRI|INF680P01422|1,552,2024-07-09,2026-09-30,551,0,0,0,LIQUIDSHRI,NO_UNRESOLVED_DISCONTINUITY
LIQUID|INF769K01KS1|1,781,2023-07-31,2026-09-30,780,0,0,0,LIQUID,NO_UNRESOLVED_DISCONTINUITY
LITL|NOISIN|1,1593,2011-06-22,2018-09-12,1588,0,4,0,LITL,NO_UNRESOLVED_DISCONTINUITY
LKPSEC|INE341H01023|1,32,2026-08-17,2026-09-30,31,0,0,0,LKPSEC,NO_UNRESOLVED_DISCONTINUITY
LLOYDELENG|NOISIN|2,1924,2011-06-22,2019-05-21,1922,0,1,0,LLOYDELENG|LEEL,NO_UNRESOLVED_DISCONTINUITY
LLOYDFIN|NOISIN|11,545,2011-06-22,2014-03-27,514,0,30,0,LLOYDFIN,NO_UNRESOLVED_DISCONTINUITY
LLOYDSENT|INE080I01025|1,483,2024-10-17,2026-09-30,481,1,0,0,LLOYDSENT,HAS_UNRESOLVED_DISCONTINUITY
LLOYDSME|INE281B01032|1,791,2023-07-17,2026-09-30,790,0,0,0,LLOYDSME,NO_UNRESOLVED_DISCONTINUITY
LLOYDSTEEL|NOISIN|7,1128,2011-06-22,2016-03-23,1126,0,1,0,LLOYDSTEEL|UTTAMVALUE,NO_UNRESOLVED_DISCONTINUITY
LML|NOISIN|6,1660,2011-06-22,2018-05-14,1657,0,2,0,LML,NO_UNRESOLVED_DISCONTINUITY
LODHA|INE670K01029|1,1348,2021-04-19,2026-09-30,1347,0,0,1,LODHA,NO_UNRESOLVED_DISCONTINUITY
LOGIXMICRO|NOISIN|3,3097,2011-06-22,2026-09-30,3056,0,40,0,LOGIXMICRO|IZMO,NO_UNRESOLVED_DISCONTINUITY
LOKESHMACH|NOISIN|2,3267,2011-06-22,2026-09-30,3259,0,7,0,LOKESHMACH,NO_UNRESOLVED_DISCONTINUITY
LORDSCHLO|INE846D01012|1,520,2023-08-28,2026-09-30,516,0,3,0,LORDSCHLO,NO_UNRESOLVED_DISCONTINUITY
LOTUSCHO|INE026D01011|1,32,2026-08-17,2026-09-30,31,0,0,0,LOTUSCHO,NO_UNRESOLVED_DISCONTINUITY
LOTUSDEV|INE0V9Q01010|1,248,2025-08-06,2026-08-10,247,0,0,0,LOTUSDEV,NO_UNRESOLVED_DISCONTINUITY
LOTUSEYE|NOISIN|5,3180,2011-06-22,2026-09-30,3169,0,10,0,LOTUSEYE,NO_UNRESOLVED_DISCONTINUITY
LOVABLE|NOISIN|1,3571,2011-06-22,2026-09-30,3566,0,4,0,LOVABLE,NO_UNRESOLVED_DISCONTINUITY
LOWVOLIETF|INF109KC19U5|1,636,2024-03-01,2026-09-30,635,0,0,0,LOWVOLIETF,NO_UNRESOLVED_DISCONTINUITY
LOWVOLIWIN|INF109KB10T8|1,1536,2017-07-11,2024-02-29,1495,0,40,0,LOWVOLIWIN|ICICILOVOL|LOWVOLIETF,NO_UNRESOLVED_DISCONTINUITY
LOYALTEX|INE970D01010|1,732,2022-08-11,2026-09-30,725,0,6,0,LOYALTEX,NO_UNRESOLVED_DISCONTINUITY
LPDC|NOISIN|5,2923,2011-06-22,2026-09-30,2880,0,42,0,LPDC,NO_UNRESOLVED_DISCONTINUITY
LSIL|INE093R01011|1,2025,2016-08-01,2026-09-30,2014,1,9,0,LSIL|LLOYDSENGG,HAS_UNRESOLVED_DISCONTINUITY
LTGILTCASE|INF0R8F01133|1,275,2025-08-20,2026-09-30,274,0,0,0,LTGILTCASE,NO_UNRESOLVED_DISCONTINUITY
LTI|INE214T01019|1,2517,2016-07-21,2026-09-30,2516,0,0,0,LTI|LTIM|LTM,NO_UNRESOLVED_DISCONTINUITY
LTTS|INE010V01017|1,2474,2016-09-23,2026-09-30,2473,0,0,0,LTTS,NO_UNRESOLVED_DISCONTINUITY
LT|NOISIN|1,3768,2011-06-22,2026-09-30,3767,0,0,2,LT,NO_UNRESOLVED_DISCONTINUITY
LUMAXAUTO|NOISIN|3,1010,2011-06-22,2016-05-20,953,0,56,0,LUMAXAUTO,NO_UNRESOLVED_DISCONTINUITY
LUMAXIND|NOISIN|5,3755,2011-06-22,2026-09-30,3744,0,10,0,LUMAXIND,NO_UNRESOLVED_DISCONTINUITY
LUMAXTECH|NOISIN|3,3767,2011-06-22,2026-09-30,3765,0,1,1,LUMAXTECH,NO_UNRESOLVED_DISCONTINUITY
LUMINO|INE185Q01025|1,19,2026-09-03,2026-09-30,18,0,0,0,LUMINO,NO_UNRESOLVED_DISCONTINUITY
LUPIN|NOISIN|1,3768,2011-06-22,2026-09-30,3767,0,0,0,LUPIN,NO_UNRESOLVED_DISCONTINUITY
LUXIND|INE150G01012|1,2665,2015-12-15,2026-09-30,2664,0,0,1,LUXIND,NO_UNRESOLVED_DISCONTINUITY
LXCHEM|INE576O01020|1,1362,2021-03-25,2026-09-30,1361,0,0,0,LXCHEM,NO_UNRESOLVED_DISCONTINUITY
LYCOS|INE425B01027|1,1954,2015-05-08,2026-09-30,1941,0,12,1,LYCOS|BCG,NO_UNRESOLVED_DISCONTINUITY
LYKALABS|NOISIN|6,3327,2011-06-22,2026-07-01,3315,0,11,0,LYKALABS,NO_UNRESOLVED_DISCONTINUITY
LYPSAGEMS|INE142K01011|1,2764,2013-11-05,2026-09-30,2753,1,9,1,LYPSAGEMS|AURUS,HAS_UNRESOLVED_DISCONTINUITY
M&MFIN|NOISIN|1,3768,2011-06-22,2026-09-30,3764,3,0,1,M&MFIN,HAS_UNRESOLVED_DISCONTINUITY
M&M|NOISIN|1,3768,2011-06-22,2026-09-30,3767,0,0,1,M&M,NO_UNRESOLVED_DISCONTINUITY
M100|NOISIN|1,3768,2011-06-22,2026-09-30,3767,0,0,0,M100|MOM100,NO_UNRESOLVED_DISCONTINUITY
M50|INF247L01536|1,2950,2014-10-17,2026-09-30,2949,0,0,0,M50|MOM50,NO_UNRESOLVED_DISCONTINUITY
M50|NOISIN|1,818,2011-06-22,2014-10-16,816,1,0,0,M50,HAS_UNRESOLVED_DISCONTINUITY
MAANALU|INE215I01027|1,469,2023-10-30,2026-09-30,465,0,3,0,MAANALU,NO_UNRESOLVED_DISCONTINUITY
MACMILLAN|NOISIN|1,3674,2011-06-22,2026-09-30,3669,0,4,0,MPSLTD,NO_UNRESOLVED_DISCONTINUITY
MACPOWER|INE155Z01011|1,1085,2020-08-19,2026-09-30,1080,0,4,0,MACPOWER,NO_UNRESOLVED_DISCONTINUITY
MADHAVIPL|INE631R01026|1,114,2026-04-20,2026-09-30,113,0,0,0,MADHAVIPL,NO_UNRESOLVED_DISCONTINUITY
MADHAV|NOISIN|2,3467,2011-06-22,2026-09-30,3396,0,70,0,MADHAV,NO_UNRESOLVED_DISCONTINUITY
MADHUCON|NOISIN|1,2835,2011-06-22,2026-09-30,2819,0,15,0,MADHUCON,NO_UNRESOLVED_DISCONTINUITY
MADRASCEM|NOISIN|1,3768,2011-06-22,2026-09-30,3767,0,0,0,MADRASCEM|RAMCOCEM,NO_UNRESOLVED_DISCONTINUITY
MADRASFERT|NOISIN|7,3653,2011-06-22,2026-09-30,3649,0,3,0,MADRASFERT,NO_UNRESOLVED_DISCONTINUITY
MAESGETF|INF769K01GS9|1,1445,2020-11-24,2026-09-30,1444,0,0,0,MAESGETF|ESG,NO_UNRESOLVED_DISCONTINUITY
MAFANG|INF769K01HF4|1,1331,2021-05-14,2026-09-30,1330,0,0,0,MAFANG,NO_UNRESOLVED_DISCONTINUITY
MAFATIND|INE270B01035|1,114,2026-04-20,2026-09-30,113,0,0,0,MAFATIND,NO_UNRESOLVED_DISCONTINUITY
MAFSETF|INF769K01HI8|1,1273,2021-08-05,2026-09-30,1272,0,0,0,MAFSETF|BFSI,NO_UNRESOLVED_DISCONTINUITY
MAGADSUGAR|INE347W01011|1,2130,2017-11-22,2026-09-30,2128,0,1,1,MAGADSUGAR,NO_UNRESOLVED_DISCONTINUITY
MAGMA|NOISIN|1,3696,2011-06-22,2026-09-30,3693,0,2,0,MAGMA|POONAWALLA,NO_UNRESOLVED_DISCONTINUITY
MAGNUM|NOISIN|4,2974,2011-06-22,2026-09-30,2875,1,97,0,MAGNUM,HAS_UNRESOLVED_DISCONTINUITY
MAGOLDETF|INF769K01JP9|1,885,2023-02-24,2026-09-30,884,0,0,0,MAGOLDETF|GOLDETF,NO_UNRESOLVED_DISCONTINUITY
MAGS813ETF|INF769K01KF8|1,819,2023-04-10,2026-09-30,786,0,32,0,MAGS813ETF|GSEC10YEAR,NO_UNRESOLVED_DISCONTINUITY
MAHABANK|NOISIN|1,3768,2011-06-22,2026-09-30,3767,0,0,0,MAHABANK,NO_UNRESOLVED_DISCONTINUITY
MAHAPEXLTD|INE843B01013|1,959,2022-02-22,2026-09-30,954,1,3,0,MAHAPEXLTD,HAS_UNRESOLVED_DISCONTINUITY
MAHASTEEL|INE451L01014|1,1817,2016-07-01,2026-08-10,1808,0,8,0,MAHASTEEL,NO_UNRESOLVED_DISCONTINUITY
MAHAVIRSPG|NOISIN|1,3768,2011-06-22,2026-09-30,3767,0,0,1,VTL,NO_UNRESOLVED_DISCONTINUITY
MAHEPC|INE215D01010|1,1530,2020-02-14,2026-09-30,1527,0,2,0,MAHEPC,NO_UNRESOLVED_DISCONTINUITY
MAHESHWARI|INE263W01010|1,1637,2019-04-15,2026-09-30,1633,0,3,1,MAHESHWARI,NO_UNRESOLVED_DISCONTINUITY
MAHINDFORG|NOISIN|2,3768,2011-06-22,2026-09-30,3767,0,0,0,MAHINDFORG|MAHINDCIE|CIEINDIA,NO_UNRESOLVED_DISCONTINUITY
MAHINDUGIN|NOISIN|2,785,2011-06-22,2014-12-22,782,0,2,0,MAHINDUGIN,NO_UNRESOLVED_DISCONTINUITY
MAHKTECH|INF769K01HS7|1,1187,2021-12-10,2026-09-30,1186,0,0,0,MAHKTECH,NO_UNRESOLVED_DISCONTINUITY
MAHLOG|INE766P01016|1,2194,2017-11-10,2026-09-30,2192,1,0,0,MAHLOG,HAS_UNRESOLVED_DISCONTINUITY
MAHSCOOTER|NOISIN|5,3732,2011-06-22,2026-09-30,3717,0,14,0,MAHSCOOTER,NO_UNRESOLVED_DISCONTINUITY
MAHSEAMLES|NOISIN|1,3768,2011-06-22,2026-09-30,3767,0,0,1,MAHSEAMLES,NO_UNRESOLVED_DISCONTINUITY
MAITHANALL|INE683C01011|1,3542,2011-07-05,2026-09-30,3475,0,66,1,MAITHANALL,NO_UNRESOLVED_DISCONTINUITY
MAJESAUT|INE201B01022|1,76,2026-04-20,2026-08-06,75,0,0,0,MAJESAUT,NO_UNRESOLVED_DISCONTINUITY
MAJESCO|INE898S01029|1,2437,2015-09-02,2026-09-30,2429,2,5,0,MAJESCO|AURUM,HAS_UNRESOLVED_DISCONTINUITY
MAKERSL|INE987A01010|1,32,2026-08-17,2026-09-30,31,0,0,0,MAKERSL,NO_UNRESOLVED_DISCONTINUITY
MAKE|INE432P01015|1,207,2014-07-15,2015-05-25,206,0,0,0,MAKE,NO_UNRESOLVED_DISCONTINUITY
MALLCOM|INE389C01015|1,1085,2022-02-02,2026-09-30,1083,0,1,0,MALLCOM,NO_UNRESOLVED_DISCONTINUITY
MALUPAPER|NOISIN|3,3255,2011-06-22,2026-09-30,3143,0,111,0,MALUPAPER,NO_UNRESOLVED_DISCONTINUITY
MALWACOTT|NOISIN|7,409,2011-06-22,2013-10-08,384,0,24,0,MALWACOTT,NO_UNRESOLVED_DISCONTINUITY
MAM150ETF|INF769K01IC9|1,1122,2022-03-15,2026-09-30,1121,0,0,0,MAM150ETF|MIDCAPETF,NO_UNRESOLVED_DISCONTINUITY
MAMATA|INE0TO701015|1,425,2025-01-10,2026-09-30,424,0,0,0,MAMATA,NO_UNRESOLVED_DISCONTINUITY
MAMFGETF|INF769K01IB1|1,1150,2022-02-02,2026-09-30,1149,0,0,0,MAMFGETF|MAKEINDIA,NO_UNRESOLVED_DISCONTINUITY
MAN50ETF|INF769K01EG9|1,1915,2018-11-28,2026-09-30,1899,0,15,0,MAN50ETF|NIFTYETF,NO_UNRESOLVED_DISCONTINUITY
MANAKALUCO|INE859Q01017|1,2366,2015-04-16,2026-09-30,2355,0,10,0,MANAKALUCO,NO_UNRESOLVED_DISCONTINUITY
MANAKCOAT|INE830Q01018|1,2405,2015-04-16,2026-09-30,2388,0,16,0,MANAKCOAT,NO_UNRESOLVED_DISCONTINUITY
MANAKINDST|INE831Q01016|1,1154,2015-04-16,2021-05-21,1143,0,10,0,MANAKINDST|BKMINDST,NO_UNRESOLVED_DISCONTINUITY
MANAKSIA|NOISIN|2,3665,2011-06-22,2026-09-30,3661,0,3,0,MANAKSIA,NO_UNRESOLVED_DISCONTINUITY
MANAKSTEEL|INE824Q01011|1,2463,2015-04-16,2026-09-04,2454,0,8,0,MANAKSTEEL,NO_UNRESOLVED_DISCONTINUITY
MANALIPETC|NOISIN|4,3677,2011-06-22,2026-09-30,3672,0,4,0,MANALIPETC,NO_UNRESOLVED_DISCONTINUITY
MANALU|NOISIN|1,2632,2011-06-22,2023-06-08,2561,0,70,1,MAANALU,NO_UNRESOLVED_DISCONTINUITY
MANAPPURAM|NOISIN|1,3768,2011-06-22,2026-09-30,3767,0,0,0,MANAPPURAM,NO_UNRESOLVED_DISCONTINUITY
MANBA|INE939X01013|1,485,2024-10-15,2026-09-30,484,0,0,0,MANBA,NO_UNRESOLVED_DISCONTINUITY
MANBRO|INE348N01042|1,32,2026-08-17,2026-09-30,31,0,0,0,MANBRO|KDGREEN,NO_UNRESOLVED_DISCONTINUITY
MANCREDIT|INE545L01039|1,526,2024-08-16,2026-09-30,525,0,0,0,MANCREDIT,NO_UNRESOLVED_DISCONTINUITY
MANDHANA|NOISIN|1,1628,2011-06-22,2019-02-13,1622,0,5,0,MANDHANA,NO_UNRESOLVED_DISCONTINUITY
MANGALAM|NOISIN|6,3119,2011-06-22,2026-09-30,3066,0,52,0,MANGALAM,NO_UNRESOLVED_DISCONTINUITY
MANGCHEFER|NOISIN|2,3542,2011-06-22,2025-10-30,3541,0,0,0,MANGCHEFER,NO_UNRESOLVED_DISCONTINUITY
MANGLMCEM|NOISIN|1,3697,2011-06-22,2026-09-30,3695,0,1,0,MANGLMCEM,NO_UNRESOLVED_DISCONTINUITY
MANGTIMBER|NOISIN|2,2011,2011-06-22,2022-01-04,1948,0,62,0,MANGTIMBER,NO_UNRESOLVED_DISCONTINUITY
MANINDS|NOISIN|1,3697,2011-06-22,2026-09-30,3694,0,2,0,MANINDS,NO_UNRESOLVED_DISCONTINUITY
MANINFRA|NOISIN|1,3768,2011-06-22,2026-09-30,3767,0,0,2,MANINFRA,NO_UNRESOLVED_DISCONTINUITY
MANIPALHOS|INE459N01021|1,40,2026-08-05,2026-09-30,39,0,0,0,MANIPALHOS,NO_UNRESOLVED_DISCONTINUITY
MANJEERA|NOISIN|1,497,2011-06-22,2015-01-23,376,0,120,0,MANJEERA,NO_UNRESOLVED_DISCONTINUITY
MANJUSHREE|NOISIN|1,918,2011-06-22,2015-03-16,917,0,0,0,MANJUSHREE,NO_UNRESOLVED_DISCONTINUITY
MANKIND|INE634S01028|1,839,2023-05-09,2026-09-30,838,0,0,0,MANKIND,NO_UNRESOLVED_DISCONTINUITY
MANOMAY|INE784W01015|1,664,2023-01-18,2026-09-30,659,0,4,0,MANOMAY,NO_UNRESOLVED_DISCONTINUITY
MANORAMA|INE00VM01010|1,932,2022-07-01,2026-09-30,929,0,2,1,MANORAMA,NO_UNRESOLVED_DISCONTINUITY
MANORG|INE370D01013|1,927,2021-11-02,2026-09-30,921,0,5,0,MANORG,NO_UNRESOLVED_DISCONTINUITY
MANPASAND|INE122R01018|1,1038,2015-07-09,2019-09-23,1037,0,0,1,MANPASAND,NO_UNRESOLVED_DISCONTINUITY
MANUFGBEES|INF204KC1GH6|1,269,2025-08-29,2026-09-30,268,0,0,0,MANUFGBEES,NO_UNRESOLVED_DISCONTINUITY
MANUGRAPH|NOISIN|1,3276,2011-06-22,2026-09-25,3241,0,34,0,MANUGRAPH,NO_UNRESOLVED_DISCONTINUITY
MANV30F|INF769K01JU9|1,845,2023-03-31,2026-09-30,827,0,17,0,MANV30F|LOWVOL,NO_UNRESOLVED_DISCONTINUITY
MANXT50|INF769K01FN2|1,1647,2020-01-31,2026-09-30,1646,0,0,0,MANXT50|NEXT50,NO_UNRESOLVED_DISCONTINUITY
MANYAVAR|INE825V01034|1,1140,2022-02-16,2026-09-30,1139,0,0,0,MANYAVAR,NO_UNRESOLVED_DISCONTINUITY
MAPMYINDIA|INE0BV301023|1,1180,2021-12-21,2026-09-30,1179,0,0,0,MAPMYINDIA,NO_UNRESOLVED_DISCONTINUITY
MARALOVER|NOISIN|5,3606,2011-06-22,2026-09-30,3592,0,13,0,MARALOVER,NO_UNRESOLVED_DISCONTINUITY
MARATHON|INE182D01012|1,2470,2016-09-29,2026-09-30,2469,0,0,1,MARATHON,NO_UNRESOLVED_DISCONTINUITY
MARG|NOISIN|1,784,2011-06-22,2015-01-29,781,0,2,0,MARG,NO_UNRESOLVED_DISCONTINUITY
MARICOIND|NOISIN|1,3759,2011-06-22,2026-09-30,3757,0,1,1,MARICO,NO_UNRESOLVED_DISCONTINUITY
MARINE|INE01JE01010|1,1066,2020-12-02,2026-09-30,1059,0,6,1,MARINE,NO_UNRESOLVED_DISCONTINUITY
MARKOLINES|INE0FW001016|1,238,2025-10-14,2026-09-30,237,0,0,0,MARKOLINES,NO_UNRESOLVED_DISCONTINUITY
MARKSANS|NOISIN|2,3559,2011-06-22,2026-09-30,3554,0,4,0,MARKSANS,NO_UNRESOLVED_DISCONTINUITY
MARSHALL|INE00SZ01018|1,473,2021-11-22,2024-11-14,467,1,4,0,MARSHALL,HAS_UNRESOLVED_DISCONTINUITY
MARSONS|INE415B01044|1,136,2026-03-13,2026-09-30,135,0,0,0,MARSONS,NO_UNRESOLVED_DISCONTINUITY
MARUTI|NOISIN|1,3768,2011-06-22,2026-09-30,3767,0,0,0,MARUTI,NO_UNRESOLVED_DISCONTINUITY
MASFIN|INE348L01012|1,2210,2017-10-18,2026-09-30,2209,0,0,1,MASFIN,NO_UNRESOLVED_DISCONTINUITY
MASILVER|INF769K01KG6|1,812,2023-06-15,2026-09-30,810,1,0,0,MASILVER|SILVRETF|SILVERAG,HAS_UNRESOLVED_DISCONTINUITY
MASKINVEST|INE885F01015|1,181,2024-04-08,2026-09-30,170,0,10,0,MASKINVEST,NO_UNRESOLVED_DISCONTINUITY
MASPTOP50|INF769K01HP3|1,1239,2021-09-24,2026-09-30,1238,0,0,0,MASPTOP50,NO_UNRESOLVED_DISCONTINUITY
MASTEK|NOISIN|1,3697,2011-06-22,2026-09-30,3694,0,2,0,MASTEK,NO_UNRESOLVED_DISCONTINUITY
MASTERTR|INE677D01037|1,465,2024-11-12,2026-09-30,464,0,0,0,MASTERTR,NO_UNRESOLVED_DISCONTINUITY
MATRIMONY|INE866R01028|1,2228,2017-09-21,2026-09-30,2227,0,0,0,MATRIMONY,NO_UNRESOLVED_DISCONTINUITY
MAWANASUG|NOISIN|3,3353,2011-06-22,2026-09-30,3344,0,8,0,MAWANASUG,NO_UNRESOLVED_DISCONTINUITY
MAXESTATES|INE03EI01018|1,710,2023-11-13,2026-09-30,709,0,0,0,MAXESTATES,NO_UNRESOLVED_DISCONTINUITY
MAXHEALTH|INE027H01010|1,1500,2020-09-04,2026-09-30,1499,0,0,0,MAXHEALTH,NO_UNRESOLVED_DISCONTINUITY
MAXINDIA|INE153U01017|1,952,2016-07-28,2020-06-11,951,0,0,0,MAXINDIA,NO_UNRESOLVED_DISCONTINUITY
MAXIND|INE0CG601016|1,1441,2020-09-11,2026-09-30,1437,2,1,0,MAXIND,HAS_UNRESOLVED_DISCONTINUITY
MAXVIL|INE154U01015|1,1755,2016-07-07,2023-08-10,1753,1,0,0,MAXVIL,HAS_UNRESOLVED_DISCONTINUITY
MAXWELL|NOISIN|1,3151,2011-06-22,2026-09-30,3137,1,12,0,MAXWELL|VIPCLOTHNG,HAS_UNRESOLVED_DISCONTINUITY
MAX|NOISIN|2,3758,2011-06-22,2026-09-30,3755,1,1,0,MAX|MFSL,HAS_UNRESOLVED_DISCONTINUITY
MAYTASINFR|NOISIN|1,1734,2011-06-22,2018-10-15,1731,0,2,0,IL&FSENGG,NO_UNRESOLVED_DISCONTINUITY
MAYURUNIQ|INE040D01012|1,3456,2012-09-25,2026-09-30,3455,0,0,2,MAYURUNIQ,NO_UNRESOLVED_DISCONTINUITY
MAZDA|INE885E01034|1,1964,2016-11-01,2025-01-20,1960,0,3,0,MAZDA,NO_UNRESOLVED_DISCONTINUITY
MAZDA|INE885E01042|1,282,2025-05-19,2026-07-08,281,0,0,0,MAZDA,NO_UNRESOLVED_DISCONTINUITY
MAZDOCK|INE249Z01012|1,1475,2020-10-12,2026-09-30,1474,0,0,1,MAZDOCK,NO_UNRESOLVED_DISCONTINUITY
MBAPL|INE900L01010|1,1210,2019-08-22,2026-09-30,1201,0,8,2,MBAPL,NO_UNRESOLVED_DISCONTINUITY
MBECL|NOISIN|2,1598,2011-06-22,2024-08-08,1593,0,4,0,MBECL,NO_UNRESOLVED_DISCONTINUITY
MBEL|INE08N601015|1,284,2025-08-06,2026-09-30,283,0,0,0,MBEL,NO_UNRESOLVED_DISCONTINUITY
MBLINFRA|NOISIN|1,3171,2011-06-22,2026-09-30,3160,0,10,1,MBLINFRA,NO_UNRESOLVED_DISCONTINUITY
MBSWITCH|INE899L01014|1,2319,2011-10-20,2023-11-02,2311,0,7,1,MBSWITCH|UJAAS,NO_UNRESOLVED_DISCONTINUITY
MCCHRLS-B|INE435D01014|1,114,2026-04-20,2026-09-30,113,0,0,0,MCCHRLS-B,NO_UNRESOLVED_DISCONTINUITY
MCDHOLDING|NOISIN|7,2289,2011-06-22,2021-09-22,2280,0,8,0,MCDHOLDING,NO_UNRESOLVED_DISCONTINUITY
MCDOWELL-N|NOISIN|1,3768,2011-06-22,2026-09-30,3767,0,0,1,MCDOWELL-N|UNITDSPR,NO_UNRESOLVED_DISCONTINUITY
MCLEODRUSS|NOISIN|1,3168,2011-06-22,2026-09-30,3156,0,11,0,MCLEODRUSS,NO_UNRESOLVED_DISCONTINUITY
MCLOUD|INE613C01026|1,405,2025-02-07,2026-09-30,404,0,0,0,MCLOUD,NO_UNRESOLVED_DISCONTINUITY
MCL|INE813V01022|1,1068,2020-08-19,2026-09-30,1059,0,8,0,MCL,NO_UNRESOLVED_DISCONTINUITY
MCX|INE745G01035|1,3592,2012-03-09,2026-09-30,3591,0,0,1,MCX,NO_UNRESOLVED_DISCONTINUITY
MEDANTA|INE474Q01031|1,956,2022-11-16,2026-09-30,955,0,0,0,MEDANTA,NO_UNRESOLVED_DISCONTINUITY
MEDIASSIST|INE456Z01021|1,663,2024-01-23,2026-09-30,662,0,0,0,MEDIASSIST,NO_UNRESOLVED_DISCONTINUITY
MEDICAMEQ|INE646B01010|1,1208,2021-10-27,2026-09-17,1207,0,0,0,MEDICAMEQ,NO_UNRESOLVED_DISCONTINUITY
MEDICAPQ|INE442D01010|1,23,2026-08-17,2026-09-17,22,0,0,0,MEDICAPQ,NO_UNRESOLVED_DISCONTINUITY
MEDICO|INE630Y01016|1,775,2022-05-26,2026-09-30,771,0,3,1,MEDICO,NO_UNRESOLVED_DISCONTINUITY
MEDPLUS|INE804L01022|1,1178,2021-12-23,2026-09-30,1177,0,0,0,MEDPLUS,NO_UNRESOLVED_DISCONTINUITY
MEESHO|INE0VDM01015|1,199,2025-12-10,2026-09-30,198,0,0,0,MEESHO,NO_UNRESOLVED_DISCONTINUITY
MEGASOFT|NOISIN|3,2727,2011-06-22,2026-08-27,2708,0,18,0,MEGASOFT|SIGMAADV,NO_UNRESOLVED_DISCONTINUITY
MEGASTAR|INE00EM01016|1,957,2022-02-16,2026-09-30,953,0,3,0,MEGASTAR,NO_UNRESOLVED_DISCONTINUITY
MEGH|NOISIN|1,2364,2011-06-22,2021-05-17,2361,0,2,0,MEGH,NO_UNRESOLVED_DISCONTINUITY
MEIL|INE0PKD01011|1,206,2025-08-28,2026-09-30,204,0,1,0,MEIL,NO_UNRESOLVED_DISCONTINUITY
MELSTAR|INE817A01019|1,633,2011-06-23,2017-05-05,496,0,136,0,MELSTAR,NO_UNRESOLVED_DISCONTINUITY
MENNPIS|INE650G01029|1,100,2026-04-20,2026-09-09,99,0,0,0,MENNPIS,NO_UNRESOLVED_DISCONTINUITY
MENONBE|INE071D01025|1,2736,2015-03-09,2026-09-30,2732,1,2,1,MENONBE,HAS_UNRESOLVED_DISCONTINUITY
MEP|INE776I01010|1,1998,2015-05-06,2024-03-19,1992,0,5,0,MEP,NO_UNRESOLVED_DISCONTINUITY
MERCANTILE|INE689O01013|1,113,2026-04-20,2026-09-30,111,0,1,0,MERCANTILE,NO_UNRESOLVED_DISCONTINUITY
MERCURYEV|INE763M01028|1,47,2026-07-27,2026-09-30,46,0,0,0,MERCURYEV,NO_UNRESOLVED_DISCONTINUITY
METALIETF|INF109KC19W1|1,524,2024-08-20,2026-09-30,523,0,0,0,METALIETF,NO_UNRESOLVED_DISCONTINUITY
METAL|INF769K01LY7|1,489,2024-10-09,2026-09-30,488,0,0,0,METAL,NO_UNRESOLVED_DISCONTINUITY
METROBRAND|INE317I01021|1,1179,2021-12-22,2026-09-30,1178,0,0,0,METROBRAND,NO_UNRESOLVED_DISCONTINUITY
METROGLOBL|INE085D01033|1,114,2026-04-20,2026-09-30,113,0,0,0,METROGLOBL,NO_UNRESOLVED_DISCONTINUITY
METROPOLIS|INE112L01020|1,1841,2019-04-15,2026-09-30,1840,0,0,1,METROPOLIS,NO_UNRESOLVED_DISCONTINUITY
MFL|INE071N01016|1,1254,2021-09-02,2026-09-30,1253,0,0,0,MFL|EPIGRAL,NO_UNRESOLVED_DISCONTINUITY
MFML|INE0US801024|1,268,2024-09-10,2026-09-30,266,0,1,0,MFML,NO_UNRESOLVED_DISCONTINUITY
MGEL|INE0APB01016|1,1137,2020-12-23,2026-09-30,1131,1,4,2,MGEL,HAS_UNRESOLVED_DISCONTINUITY
MGL|INE002S01010|1,2530,2016-07-01,2026-09-30,2529,0,0,0,MGL,NO_UNRESOLVED_DISCONTINUITY
MGOLD|INF247L01072|1,737,2012-03-27,2015-03-25,736,0,0,0,MGOLD,NO_UNRESOLVED_DISCONTINUITY
MHLXMIRU|INE112D01035|1,916,2022-01-27,2026-08-17,911,0,4,0,MHLXMIRU,NO_UNRESOLVED_DISCONTINUITY
MHRIL|NOISIN|1,3768,2011-06-22,2026-09-30,3767,0,0,2,MHRIL,NO_UNRESOLVED_DISCONTINUITY
MICEL|INE287C01037|1,653,2022-01-03,2026-07-02,647,0,5,0,MICEL,NO_UNRESOLVED_DISCONTINUITY
MICO|NOISIN|1,3768,2011-06-22,2026-09-30,3767,0,0,0,BOSCHLTD,NO_UNRESOLVED_DISCONTINUITY
MICROSEC|NOISIN|1,3451,2011-06-22,2026-09-30,3441,0,9,0,MICROSEC|SASTASUNDR|HEALTHX,NO_UNRESOLVED_DISCONTINUITY
MICROTECH|NOISIN|1,666,2011-06-22,2014-06-16,663,0,2,1,MICROTECH,NO_UNRESOLVED_DISCONTINUITY
MIC|NOISIN|1,1744,2011-06-22,2021-05-14,1733,0,10,0,MIC,NO_UNRESOLVED_DISCONTINUITY
MID-DAY|NOISIN|4,2754,2011-06-22,2026-09-30,2715,0,38,0,NEXTMEDIA,NO_UNRESOLVED_DISCONTINUITY
MID150CASE|INF0R8F01059|1,566,2024-06-19,2026-09-30,565,0,0,0,MID150CASE,NO_UNRESOLVED_DISCONTINUITY
MID150|INF174KA1VW2|1,372,2025-03-28,2026-09-30,371,0,0,0,MID150,NO_UNRESOLVED_DISCONTINUITY
MIDBANKADD|INF740KA1ZH9|1,38,2026-08-07,2026-09-30,37,0,0,0,MIDBANKADD,NO_UNRESOLVED_DISCONTINUITY
MIDCAPADD|INF740KA1WW5|1,193,2025-12-18,2026-09-30,192,0,0,0,MIDCAPADD,NO_UNRESOLVED_DISCONTINUITY
MIDCAPIETF|INF109KC11W8|1,592,2024-05-10,2026-09-30,591,0,0,0,MIDCAPIETF,NO_UNRESOLVED_DISCONTINUITY
MIDCAP|INF174KA1ZC5|1,145,2026-02-27,2026-09-30,144,0,0,0,MIDCAP,NO_UNRESOLVED_DISCONTINUITY
MIDHANI|INE099Z01011|1,2097,2018-04-04,2026-09-30,2096,0,0,0,MIDHANI,NO_UNRESOLVED_DISCONTINUITY
MIDQ50ADD|INF740KA1ZF3|1,63,2026-07-03,2026-09-30,62,0,0,0,MIDQ50ADD,NO_UNRESOLVED_DISCONTINUITY
MIDSELIETF|INF109KC10W0|1,592,2024-05-10,2026-09-30,591,0,0,0,MIDSELIETF,NO_UNRESOLVED_DISCONTINUITY
MIDSMALL|INF769K01LJ8|1,581,2024-05-28,2026-09-30,580,0,0,0,MIDSMALL,NO_UNRESOLVED_DISCONTINUITY
MIDWESTLTD|INE0XAD01024|1,231,2025-10-24,2026-09-30,230,0,0,0,MIDWESTLTD,NO_UNRESOLVED_DISCONTINUITY
MIIL|INE898Q01015|1,32,2026-08-17,2026-09-30,31,0,0,0,MIIL,NO_UNRESOLVED_DISCONTINUITY
MILKYMIST|INE00IT01020|1,27,2026-08-18,2026-09-24,26,0,0,0,MILKYMIST,NO_UNRESOLVED_DISCONTINUITY
MIL|INE087J01028|1,143,2019-06-21,2021-05-19,137,0,5,0,MIL|GBGLOBAL,NO_UNRESOLVED_DISCONTINUITY
MINALIND|INE097E01028|1,7,2026-08-17,2026-08-25,6,0,0,0,MINALIND,NO_UNRESOLVED_DISCONTINUITY
MINDACORP|INE842C01013|1,28,2012-06-13,2013-11-21,10,0,17,0,MINDACORP,NO_UNRESOLVED_DISCONTINUITY
MINDACORP|INE842C01021|1,2897,2015-01-06,2026-09-30,2896,0,0,0,MINDACORP,NO_UNRESOLVED_DISCONTINUITY
MINDAIND|NOISIN|2,3693,2011-06-22,2026-09-30,3679,1,12,3,MINDAIND|UNOMINDA,HAS_UNRESOLVED_DISCONTINUITY
MINDTECK|INE110B01017|1,2098,2016-08-02,2026-09-30,2090,0,7,0,MINDTECK,NO_UNRESOLVED_DISCONTINUITY
MINDTREE|NOISIN|1,2817,2011-06-22,2022-11-22,2816,0,0,2,MINDTREE,NO_UNRESOLVED_DISCONTINUITY
MIRCELECTR|NOISIN|1,3134,2011-06-22,2026-09-30,3120,1,12,0,MIRCELECTR|ONIDA,HAS_UNRESOLVED_DISCONTINUITY
MIRZAINT|NOISIN|5,3582,2011-06-22,2026-09-30,3577,0,4,0,MIRZAINT,NO_UNRESOLVED_DISCONTINUITY
MITCON|INE828O01033|1,944,2022-03-17,2026-09-30,939,1,3,0,MITCON,HAS_UNRESOLVED_DISCONTINUITY
MITTAL|INE997Y01019|1,1357,2020-04-29,2026-09-30,1350,2,4,1,MITTAL,HAS_UNRESOLVED_DISCONTINUITY
MKEXIM|INE227F01010|1,32,2026-08-17,2026-09-30,31,0,0,0,MKEXIM,NO_UNRESOLVED_DISCONTINUITY
MKPL|INE964W01013|1,500,2023-06-13,2026-09-30,497,0,2,1,MKPL,NO_UNRESOLVED_DISCONTINUITY
MLKFOOD|INE588G01021|1,32,2026-08-17,2026-09-30,31,0,0,0,MLKFOOD,NO_UNRESOLVED_DISCONTINUITY
MLL|NOISIN|1,2276,2011-06-22,2022-05-24,2268,0,7,0,MLL|MERCATOR,NO_UNRESOLVED_DISCONTINUITY
MMFL|NOISIN|1,3768,2011-06-22,2026-09-30,3767,0,0,2,MMFL,NO_UNRESOLVED_DISCONTINUITY
MMFSL|NOISIN|1,1214,2011-06-22,2016-11-23,1179,1,33,0,MMFSL|CGCL,HAS_UNRESOLVED_DISCONTINUITY
MMP|INE511Y01018|1,1499,2020-01-09,2026-09-30,1496,0,2,0,MMP,NO_UNRESOLVED_DISCONTINUITY
MMTC|NOISIN|1,3757,2011-06-22,2026-09-30,3755,0,1,1,MMTC,NO_UNRESOLVED_DISCONTINUITY
MMWL|INE200D01020|1,149,2014-03-26,2026-09-30,142,0,6,0,MMWL,NO_UNRESOLVED_DISCONTINUITY
MOALPHA50|INF247L01FR8|1,303,2025-07-10,2026-09-30,302,0,0,0,MOALPHA50,NO_UNRESOLVED_DISCONTINUITY
MOBANK10|INF247L01GV8|1,119,2026-04-10,2026-09-30,118,0,0,0,MOBANK10,NO_UNRESOLVED_DISCONTINUITY
MOBIKWIK|INE0HLU01028|1,441,2024-12-18,2026-09-30,440,0,0,0,MOBIKWIK,NO_UNRESOLVED_DISCONTINUITY
MOCAPITAL|INF247L01EV3|1,382,2025-03-13,2026-09-30,381,0,0,0,MOCAPITAL,NO_UNRESOLVED_DISCONTINUITY
MODEFENCE|INF247L01DJ0|1,519,2024-08-27,2026-09-30,518,0,0,0,MODEFENCE,NO_UNRESOLVED_DISCONTINUITY
MODINATUR|INE537F01012|1,131,2025-12-11,2026-09-30,129,0,1,0,MODINATUR,NO_UNRESOLVED_DISCONTINUITY
MODIRUBBER|INE832A01018|1,443,2024-03-11,2026-09-30,439,0,3,0,MODIRUBBER,NO_UNRESOLVED_DISCONTINUITY
MODISNME|INE737D01021|1,1079,2021-05-03,2026-09-10,1074,0,4,0,MODISNME|MODISONLTD,NO_UNRESOLVED_DISCONTINUITY
MODIS|INE0L0L01012|1,217,2025-11-14,2026-09-30,216,0,0,0,MODIS,NO_UNRESOLVED_DISCONTINUITY
MODTHREAD|INE794W01014|1,392,2025-02-24,2026-09-30,389,0,2,0,MODTHREAD,NO_UNRESOLVED_DISCONTINUITY
MOENERGY|INF247L01GH7|1,236,2025-10-16,2026-09-30,235,0,0,0,MOENERGY,NO_UNRESOLVED_DISCONTINUITY
MOGOLD|INF247L01FY4|1,288,2025-07-31,2026-09-30,287,0,0,0,MOGOLD,NO_UNRESOLVED_DISCONTINUITY
MOHEALTH|INF247L01BB1|1,1024,2022-08-04,2026-09-30,1023,0,0,0,MOHEALTH,NO_UNRESOLVED_DISCONTINUITY
MOHITE|INE154B01023|1,32,2026-08-17,2026-09-30,31,0,0,0,MOHITE,NO_UNRESOLVED_DISCONTINUITY
MOHITIND|INE954E01012|1,2841,2013-03-14,2026-09-30,2788,0,52,0,MOHITIND,NO_UNRESOLVED_DISCONTINUITY
MOIL|NOISIN|1,3768,2011-06-22,2026-09-30,3767,0,0,1,MOIL,NO_UNRESOLVED_DISCONTINUITY
MOINFRA|INF247L01FL1|1,339,2025-05-21,2026-09-30,338,0,0,0,MOINFRA,NO_UNRESOLVED_DISCONTINUITY
MOIPO|INF247L01GI5|1,212,2025-11-20,2026-09-30,210,0,1,0,MOIPO,NO_UNRESOLVED_DISCONTINUITY
MOKSH|INE514Y01012|1,1093,2021-05-21,2026-09-30,1088,1,3,1,MOKSH,HAS_UNRESOLVED_DISCONTINUITY
MOLBIO|INE869T01028|1,32,2026-08-17,2026-09-30,31,0,0,0,MOLBIO,NO_UNRESOLVED_DISCONTINUITY
MOLDTECH|INE835B01035|1,2336,2016-07-07,2026-08-10,2332,0,3,0,MOLDTECH,NO_UNRESOLVED_DISCONTINUITY
MOLDTKPAC|INE893J01011|1,2865,2015-02-23,2026-09-30,2863,1,0,1,MOLDTKPAC,HAS_UNRESOLVED_DISCONTINUITY
MOLOWVOL|INF247L01BA3|1,92,2022-03-30,2022-08-11,89,1,1,0,MOLOWVOL,HAS_UNRESOLVED_DISCONTINUITY
MOLOWVOL|INF247L01BL0|1,1019,2022-08-12,2026-09-30,1018,0,0,0,MOLOWVOL,NO_UNRESOLVED_DISCONTINUITY
MOL|INE0CT101020|1,1254,2021-09-02,2026-09-30,1253,0,0,0,MOL,NO_UNRESOLVED_DISCONTINUITY
MOMENTUM30|INF174KA1XS6|1,235,2025-10-17,2026-09-30,234,0,0,0,MOMENTUM30,NO_UNRESOLVED_DISCONTINUITY
MOMENTUM50|INF247L01DK8|1,495,2024-09-30,2026-09-30,494,0,0,0,MOMENTUM50,NO_UNRESOLVED_DISCONTINUITY
MOMENTUM|INF209KB14K7|1,1015,2022-08-19,2026-09-30,1014,0,0,0,MOMENTUM,NO_UNRESOLVED_DISCONTINUITY
MOMETAL|INF247L01HG7|1,39,2026-08-06,2026-09-30,38,0,0,0,MOMETAL,NO_UNRESOLVED_DISCONTINUITY
MOMGF|INF247L01FK3|1,332,2025-05-28,2026-09-30,329,0,2,0,MOMGF,NO_UNRESOLVED_DISCONTINUITY
MOMIDMTM|INF247L01FQ0|1,308,2025-07-03,2026-09-30,307,0,0,0,MOMIDMTM,NO_UNRESOLVED_DISCONTINUITY
MOMMIDCAP|INF769K01RC0|1,50,2026-07-22,2026-09-30,49,0,0,0,MOMMIDCAP,NO_UNRESOLVED_DISCONTINUITY
MOMNC|INF247L01GK1|1,202,2025-12-04,2026-09-30,200,0,1,0,MOMNC,NO_UNRESOLVED_DISCONTINUITY
MOMOMENTUM|INF247L01AX7|1,120,2022-02-17,2022-08-11,118,1,0,0,MOMOMENTUM,HAS_UNRESOLVED_DISCONTINUITY
MOMOMENTUM|INF247L01BK2|1,1019,2022-08-12,2026-09-30,1018,0,0,0,MOMOMENTUM,NO_UNRESOLVED_DISCONTINUITY
MOMSBELIEF|INE1FCO01014|1,6,2026-09-23,2026-09-30,5,0,0,0,MOMSBELIEF,NO_UNRESOLVED_DISCONTINUITY
MON100|INF247L01AP3|1,1306,2021-06-18,2026-09-30,1305,0,0,0,MON100,NO_UNRESOLVED_DISCONTINUITY
MON50EQUAL|INF247L01FC0|1,348,2025-05-07,2026-09-30,346,0,1,0,MON50EQUAL,NO_UNRESOLVED_DISCONTINUITY
MONARCH|INE903D01011|1,1168,2022-01-06,2026-09-30,1167,0,0,1,MONARCH,NO_UNRESOLVED_DISCONTINUITY
MONEXT50|INF247L01FD8|1,344,2025-05-14,2026-09-30,343,0,0,0,MONEXT50,NO_UNRESOLVED_DISCONTINUITY
MONEYBOXX|INE296Q01012|1,237,2025-10-15,2026-09-30,236,0,0,1,MONEYBOXX,NO_UNRESOLVED_DISCONTINUITY
MONIFTY100|INF247L01GG9|1,236,2025-10-16,2026-09-30,235,0,0,0,MONIFTY100,NO_UNRESOLVED_DISCONTINUITY
MONIFTY500|INF247L01BU1|1,735,2023-10-06,2026-09-30,734,0,0,0,MONIFTY500,NO_UNRESOLVED_DISCONTINUITY
MONNETISPA|NOISIN|1,1722,2011-06-22,2018-07-31,1720,0,1,0,MONNETISPA,NO_UNRESOLVED_DISCONTINUITY
MONQ50|INF247L01AU3|1,1174,2021-12-29,2026-09-30,1173,0,0,0,MONQ50,NO_UNRESOLVED_DISCONTINUITY
MONSANTO|NOISIN|1,2037,2011-06-22,2019-09-26,2036,0,0,1,MONSANTO,NO_UNRESOLVED_DISCONTINUITY
MONTECARLO|INE950M01013|1,2908,2014-12-19,2026-09-30,2907,0,0,0,MONTECARLO,NO_UNRESOLVED_DISCONTINUITY
MOOILGAS|INF247L01HH5|1,39,2026-08-06,2026-09-30,38,0,0,0,MOOILGAS,NO_UNRESOLVED_DISCONTINUITY
MOPSE|INF247L01FO5|1,325,2025-06-05,2026-09-30,321,0,3,0,MOPSE,NO_UNRESOLVED_DISCONTINUITY
MOQUALITY|INF247L01BH8|1,965,2022-08-26,2026-09-30,927,0,37,0,MOQUALITY,NO_UNRESOLVED_DISCONTINUITY
MORAREALTY|NOISIN|2,3231,2011-06-22,2026-09-30,3221,0,9,0,PENINLAND,NO_UNRESOLVED_DISCONTINUITY
MORARJEE|INE161G01027|1,2531,2012-10-03,2024-01-30,2512,0,18,0,MORARJEE,NO_UNRESOLVED_DISCONTINUITY
MORARJETEX|NOISIN|5,246,2011-06-22,2012-07-19,225,0,20,0,MORARJETEX,NO_UNRESOLVED_DISCONTINUITY
MOREALTY|INF247L01CI4|1,623,2024-03-21,2026-09-30,622,0,0,0,MOREALTY,NO_UNRESOLVED_DISCONTINUITY
MOREPENLAB|NOISIN|8,3587,2011-06-22,2026-09-30,3580,0,6,0,MOREPENLAB,NO_UNRESOLVED_DISCONTINUITY
MOSCHIP|INE935B01025|1,407,2025-02-05,2026-09-30,406,0,0,0,MOSCHIP,NO_UNRESOLVED_DISCONTINUITY
MOSERBAER|NOISIN|1,1525,2011-06-22,2018-06-06,1519,0,5,0,MOSERBAER,NO_UNRESOLVED_DISCONTINUITY
MOSERVICE|INF247L01GJ3|1,208,2025-11-27,2026-09-30,207,0,0,0,MOSERVICE,NO_UNRESOLVED_DISCONTINUITY
MOSILVER|INF247L01FZ1|1,277,2025-08-14,2026-09-30,275,0,1,0,MOSILVER,NO_UNRESOLVED_DISCONTINUITY
MOSMALL250|INF247L01CH6|1,623,2024-03-21,2026-09-30,622,0,0,0,MOSMALL250,NO_UNRESOLVED_DISCONTINUITY
MOTHERSUMI|NOISIN|1,3768,2011-06-22,2026-09-30,3766,1,0,7,MOTHERSUMI|MOTHERSON,HAS_UNRESOLVED_DISCONTINUITY
MOTILALOFS|NOISIN|1,3742,2011-06-22,2026-09-30,3740,0,1,1,MOTILALOFS,NO_UNRESOLVED_DISCONTINUITY
MOTISONS|INE0FRK01012|1,182,2024-01-09,2024-10-07,181,0,0,0,MOTISONS,NO_UNRESOLVED_DISCONTINUITY
MOTISONS|INE0FRK01020|1,433,2024-12-31,2026-09-30,432,0,0,0,MOTISONS,NO_UNRESOLVED_DISCONTINUITY
MOTOGENFIN|INE861B01023|1,1121,2020-08-18,2026-09-30,1114,0,6,0,MOTOGENFIN,NO_UNRESOLVED_DISCONTINUITY
MOTOGENFIN|NOISIN|4,1179,2011-06-22,2020-06-17,1136,0,42,0,MOTOGENFIN,NO_UNRESOLVED_DISCONTINUITY
MOTOUR|INF247L01FP2|1,323,2025-06-12,2026-09-30,322,0,0,0,MOTOUR,NO_UNRESOLVED_DISCONTINUITY
MOVALUE|INF247L01BE5|1,1006,2022-08-26,2026-09-30,1001,0,4,0,MOVALUE,NO_UNRESOLVED_DISCONTINUITY
MPDL|INE493H01014|1,7,2026-08-18,2026-08-26,6,0,0,0,MPDL,NO_UNRESOLVED_DISCONTINUITY
MPHASISBFL|NOISIN|1,3768,2011-06-22,2026-09-30,3767,0,0,0,MPHASIS,NO_UNRESOLVED_DISCONTINUITY
MPIMANIPAL|INE241U01028|1,10,2026-09-17,2026-09-30,9,0,0,0,MPIMANIPAL,NO_UNRESOLVED_DISCONTINUITY
MRF|NOISIN|1,3768,2011-06-22,2026-09-30,3767,0,0,0,MRF,NO_UNRESOLVED_DISCONTINUITY
MRO-TEK|NOISIN|4,2980,2011-06-22,2026-09-30,2940,0,39,0,MRO-TEK|UMIYA-MRO,NO_UNRESOLVED_DISCONTINUITY
MRPL|NOISIN|1,3768,2011-06-22,2026-09-30,3767,0,0,0,MRPL,NO_UNRESOLVED_DISCONTINUITY
MSCI360|INF579M01BP5|1,86,2026-05-29,2026-09-30,84,0,1,0,MSCI360,NO_UNRESOLVED_DISCONTINUITY
MSCIADD|INF740KA1WV7|1,204,2025-12-01,2026-09-30,201,0,2,0,MSCIADD,NO_UNRESOLVED_DISCONTINUITY
MSCIINDIA|INF174KA1VD2|1,392,2025-02-27,2026-09-30,391,0,0,0,MSCIINDIA,NO_UNRESOLVED_DISCONTINUITY
MSKPROJ|NOISIN|3,3600,2011-06-22,2026-09-30,3595,0,4,0,WELPROJ|WELENT,NO_UNRESOLVED_DISCONTINUITY
MSL|INE829S01016|1,30,2026-08-17,2026-09-30,27,0,2,0,MSL,NO_UNRESOLVED_DISCONTINUITY
MSPL|NOISIN|2,3283,2011-06-22,2026-09-30,3272,0,10,0,MSPL,NO_UNRESOLVED_DISCONTINUITY
MSTCLTD|INE255X01014|1,1842,2019-04-12,2026-09-30,1841,0,0,0,MSTCLTD,NO_UNRESOLVED_DISCONTINUITY
MSUMI|INE0FS801015|1,1104,2022-04-11,2026-09-30,1103,0,0,2,MSUMI,NO_UNRESOLVED_DISCONTINUITY
MTARTECH|INE864I01014|1,1302,2021-03-15,2026-06-24,1301,0,0,0,MTARTECH,NO_UNRESOLVED_DISCONTINUITY
MTEDUCARE|INE472M01018|1,2567,2012-04-26,2022-12-23,2564,0,2,0,MTEDUCARE,NO_UNRESOLVED_DISCONTINUITY
MTNL|NOISIN|1,3729,2011-06-22,2026-09-30,3727,0,1,0,MTNL,NO_UNRESOLVED_DISCONTINUITY
MUDRA|NOISIN|1,1547,2011-06-22,2019-09-23,1508,0,38,0,MUDRA|ELAND,NO_UNRESOLVED_DISCONTINUITY
MUFIN|INE08KJ01020|1,714,2023-11-07,2026-09-30,713,0,0,0,MUFIN,NO_UNRESOLVED_DISCONTINUITY
MUFTI|INE220Q01020|1,681,2023-12-27,2026-09-30,680,0,0,0,MUFTI,NO_UNRESOLVED_DISCONTINUITY
MUKANDENGG|NOISIN|3,2348,2011-06-22,2021-04-06,2345,0,2,0,MUKANDENGG,NO_UNRESOLVED_DISCONTINUITY
MUKANDLTD|NOISIN|2,3493,2011-06-22,2026-09-30,3485,1,6,0,MUKANDLTD,HAS_UNRESOLVED_DISCONTINUITY
MUKESHB|INE596B01017|1,26,2026-08-17,2026-09-30,21,0,4,0,MUKESHB,NO_UNRESOLVED_DISCONTINUITY
MUKKA|INE0CG401037|1,612,2024-03-22,2026-09-16,611,0,0,0,MUKKA,NO_UNRESOLVED_DISCONTINUITY
MUKTAARTS|NOISIN|6,3359,2011-06-22,2026-09-30,3344,0,14,0,MUKTAARTS,NO_UNRESOLVED_DISCONTINUITY
MULTICAP|INF769K01LX9|1,512,2024-09-05,2026-09-30,511,0,0,0,MULTICAP,NO_UNRESOLVED_DISCONTINUITY
MUNDRAPORT|NOISIN|1,3768,2011-06-22,2026-09-30,3767,0,0,0,MUNDRAPORT|ADANIPORTS,NO_UNRESOLVED_DISCONTINUITY
MUNJALAU|NOISIN|1,3697,2011-06-22,2026-09-30,3695,0,1,2,MUNJALAU,NO_UNRESOLVED_DISCONTINUITY
MUNJALSHOW|NOISIN|1,3768,2011-06-22,2026-09-30,3767,0,0,0,MUNJALSHOW,NO_UNRESOLVED_DISCONTINUITY
MURLIIND|NOISIN|2,430,2011-06-22,2013-09-26,419,0,10,0,MURLIIND,NO_UNRESOLVED_DISCONTINUITY
MURUDCERA|NOISIN|1,3452,2011-06-22,2026-09-30,3415,0,36,0,MURUDCERA,NO_UNRESOLVED_DISCONTINUITY
MUTHOOTCAP|INE296G01013|1,2740,2015-08-24,2026-09-30,2738,1,0,0,MUTHOOTCAP,HAS_UNRESOLVED_DISCONTINUITY
MUTHOOTFIN|NOISIN|1,3768,2011-06-22,2026-09-30,3767,0,0,0,MUTHOOTFIN,NO_UNRESOLVED_DISCONTINUITY
MUTHOOTMF|INE046W01019|1,682,2023-12-26,2026-09-30,681,0,0,0,MUTHOOTMF,NO_UNRESOLVED_DISCONTINUITY
MVELECTRO|INE0OWZ01020|1,39,2026-08-06,2026-09-30,38,0,0,0,MVELECTRO,NO_UNRESOLVED_DISCONTINUITY
MVGJL|INE0KNT01012|1,738,2023-10-03,2026-09-30,737,0,0,0,MVGJL,NO_UNRESOLVED_DISCONTINUITY
MVLIND|NOISIN|3,685,2011-06-22,2017-03-23,566,0,118,0,MVLIND|NOESISIND,NO_UNRESOLVED_DISCONTINUITY
MVL|NOISIN|3,1527,2011-06-22,2019-08-16,1516,0,10,0,MVL,NO_UNRESOLVED_DISCONTINUITY
MWL|INE0JYY01011|1,255,2025-09-18,2026-09-30,254,0,0,1,MWL,NO_UNRESOLVED_DISCONTINUITY
MYSOREBANK|NOISIN|1,1411,2011-06-22,2017-03-15,1410,0,0,0,MYSOREBANK,NO_UNRESOLVED_DISCONTINUITY
MYSORECEM|NOISIN|2,3696,2011-06-22,2026-09-30,3693,0,2,0,HEIDELBERG,NO_UNRESOLVED_DISCONTINUITY
MYSORPETRO|INE741A01011|1,5,2026-08-18,2026-08-24,4,0,0,0,MYSORPETRO,NO_UNRESOLVED_DISCONTINUITY
N100|NOISIN|1,2461,2011-06-22,2021-06-17,2458,1,1,0,N100|MON100,HAS_UNRESOLVED_DISCONTINUITY
NAGAAGRI|INE295D01020|1,2180,2017-04-07,2026-09-30,2175,0,4,0,NAGAAGRI|NACLIND,NO_UNRESOLVED_DISCONTINUITY
NAGAFERT|INE454M01024|1,1678,2017-02-22,2026-04-09,1669,0,8,0,NAGAFERT,NO_UNRESOLVED_DISCONTINUITY
NAGARCONST|NOISIN|1,3768,2011-06-22,2026-09-30,3766,1,0,0,NCC,HAS_UNRESOLVED_DISCONTINUITY
NAGARFERT|NOISIN|1,47,2011-06-22,2011-08-26,46,0,0,0,NAGARFERT,NO_UNRESOLVED_DISCONTINUITY
NAGAROIL|INE453M01018|1,1751,2012-03-28,2019-08-22,1747,0,3,0,NAGAROIL,NO_UNRESOLVED_DISCONTINUITY
NAGREEKCAP|NOISIN|4,2651,2011-06-22,2026-09-30,2362,0,288,0,NAGREEKCAP,NO_UNRESOLVED_DISCONTINUITY
NAGREEKEXP|NOISIN|3,3263,2011-06-22,2026-09-30,3191,0,71,0,NAGREEKEXP,NO_UNRESOLVED_DISCONTINUITY
NAHARCAP|NOISIN|1,3629,2011-06-22,2026-09-30,3584,0,44,0,NAHARCAP,NO_UNRESOLVED_DISCONTINUITY
NAHARINDUS|NOISIN|2,3601,2011-06-22,2026-09-30,3588,0,12,0,NAHARINDUS,NO_UNRESOLVED_DISCONTINUITY
NAHARINVST|NOISIN|2,3509,2011-06-22,2026-09-30,3450,0,58,0,NAHARPOLY,NO_UNRESOLVED_DISCONTINUITY
NAHARSPING|NOISIN|3,3452,2011-06-22,2026-09-30,3446,0,5,0,NAHARSPING,NO_UNRESOLVED_DISCONTINUITY
NAKODA|INE559B01023|1,1027,2013-03-14,2018-02-21,1022,0,4,0,NAKODA,NO_UNRESOLVED_DISCONTINUITY
NANDANEXIM|INE875G01030|1,2939,2012-03-23,2024-09-10,2935,0,3,1,NANDANEXIM|NDL,NO_UNRESOLVED_DISCONTINUITY
NANDAN|NOISIN|3,175,2011-06-22,2012-03-06,174,0,0,0,NANDAN,NO_UNRESOLVED_DISCONTINUITY
NARMADA|INE117Z01011|1,683,2022-10-27,2026-09-30,679,0,3,1,NARMADA,NO_UNRESOLVED_DISCONTINUITY
NATCAPSUQ|INE936B01015|1,341,2025-02-14,2026-09-02,339,0,1,0,NATCAPSUQ,NO_UNRESOLVED_DISCONTINUITY
NATCOPHARM|NOISIN|2,3742,2011-06-22,2026-09-30,3740,0,1,1,NATCOPHARM,NO_UNRESOLVED_DISCONTINUITY
NATHBIOGEN|INE448G01010|1,2745,2015-02-23,2026-09-30,2742,0,2,0,NATHBIOGEN,NO_UNRESOLVED_DISCONTINUITY
NATHSEED|INE778A01021|1,1542,2011-09-22,2023-08-10,1352,0,189,0,NATHSEED|TECHIN,NO_UNRESOLVED_DISCONTINUITY
NATIONALUM|NOISIN|1,3768,2011-06-22,2026-09-30,3767,0,0,0,NATIONALUM,NO_UNRESOLVED_DISCONTINUITY
NATIONSTD|INE166R01015|1,113,2026-04-20,2026-09-30,111,0,1,0,NATIONSTD,NO_UNRESOLVED_DISCONTINUITY
NATNLSTEEL|NOISIN|3,1332,2011-06-22,2022-01-10,1318,0,13,0,NATNLSTEEL,NO_UNRESOLVED_DISCONTINUITY
NAUKRI|NOISIN|1,3768,2011-06-22,2026-09-30,3767,0,0,2,NAUKRI,NO_UNRESOLVED_DISCONTINUITY
NAVBARFERO|NOISIN|1,3768,2011-06-22,2026-09-30,3767,0,0,2,NBVENTURES|NAVA,NO_UNRESOLVED_DISCONTINUITY
NAVINFLUOR|NOISIN|1,3742,2011-06-22,2026-09-30,3740,0,1,1,NAVINFLUOR,NO_UNRESOLVED_DISCONTINUITY
NAVINIFTY|INF959L01HI3|1,288,2023-09-25,2024-11-28,286,0,1,0,NAVINIFTY,NO_UNRESOLVED_DISCONTINUITY
NAVKARCORP|INE278M01019|1,2728,2015-09-09,2026-09-30,2727,0,0,0,NAVKARCORP,NO_UNRESOLVED_DISCONTINUITY
NAVKARURB|INE268H01036|1,161,2025-01-17,2026-09-30,156,0,4,1,NAVKARURB,NO_UNRESOLVED_DISCONTINUITY
NAVNETPUBL|NOISIN|1,3768,2011-06-22,2026-09-30,3767,0,0,0,NAVNETPUBL|NAVNETEDUL,NO_UNRESOLVED_DISCONTINUITY
NAZARA|INE418L01021|1,1303,2021-03-30,2026-09-30,1301,0,1,2,NAZARA,NO_UNRESOLVED_DISCONTINUITY
NBCC|INE095N01015|1,3560,2012-04-26,2026-09-30,3559,0,0,4,NBCC,NO_UNRESOLVED_DISCONTINUITY
NBIFIN|INE365I01012|1,2174,2017-05-30,2026-09-30,2162,0,11,1,NBIFIN,NO_UNRESOLVED_DISCONTINUITY
NCLIND|NOISIN|1,3691,2011-06-22,2026-09-30,3688,0,2,0,NCLIND,NO_UNRESOLVED_DISCONTINUITY
NCOPPER|INE846H01039|1,793,2011-10-17,2015-10-19,763,0,29,0,NCOPPER,NO_UNRESOLVED_DISCONTINUITY
NCPSESDL24|INF204KB18W4|1,946,2020-11-18,2024-09-25,940,0,5,0,NCPSESDL24|SDL24BEES,NO_UNRESOLVED_DISCONTINUITY
NDGL|INE756C01015|1,2093,2016-09-15,2026-09-30,2057,0,35,0,NDGL,NO_UNRESOLVED_DISCONTINUITY
NDL|INE875G01048|1,433,2024-12-31,2026-09-30,432,0,0,0,NDL,NO_UNRESOLVED_DISCONTINUITY
NDRAUTO|INE07OG01012|1,1297,2020-08-13,2026-09-30,1294,0,2,1,NDRAUTO,NO_UNRESOLVED_DISCONTINUITY
NDTV|NOISIN|1,3424,2011-06-22,2026-09-30,3415,1,7,0,NDTV,HAS_UNRESOLVED_DISCONTINUITY
NEAGI|INE605D01012|1,82,2026-04-22,2026-09-29,63,0,18,0,NEAGI,NO_UNRESOLVED_DISCONTINUITY
NECCLTD|INE553C01016|1,2384,2016-03-02,2026-07-02,2377,1,5,0,NECCLTD,HAS_UNRESOLVED_DISCONTINUITY
NECLIFE|NOISIN|2,3476,2011-06-22,2026-09-30,3471,0,4,0,NECLIFE,NO_UNRESOLVED_DISCONTINUITY
NEHAINT|NOISIN|2,664,2011-06-22,2015-01-29,658,0,5,0,NEHAINT,NO_UNRESOLVED_DISCONTINUITY
NELCAST|NOISIN|2,3742,2011-06-22,2026-09-30,3740,0,1,1,NELCAST,NO_UNRESOLVED_DISCONTINUITY
NELCO|NOISIN|7,3449,2011-06-22,2026-09-30,3439,0,9,0,NELCO,NO_UNRESOLVED_DISCONTINUITY
NEOCORP|INE851C01014|1,499,2012-03-02,2014-06-12,495,0,3,0,NEOCORP,NO_UNRESOLVED_DISCONTINUITY
NEOCURE|NOISIN|3,2802,2011-06-22,2026-08-10,2687,0,114,0,NEOCURE|COUNCODOS,NO_UNRESOLVED_DISCONTINUITY
NEOGEN|INE136S01016|1,1765,2019-05-22,2026-09-30,1763,0,1,0,NEOGEN,NO_UNRESOLVED_DISCONTINUITY
NEPCMICON|NOISIN|8,693,2011-06-22,2014-06-12,691,0,1,0,NEPCMICON,NO_UNRESOLVED_DISCONTINUITY
NEPHROPLUS|INE428V01029|1,194,2025-12-17,2026-09-30,193,0,0,0,NEPHROPLUS,NO_UNRESOLVED_DISCONTINUITY
NESCO|NOISIN|1,3768,2011-06-22,2026-09-30,3767,0,0,1,NESCO,NO_UNRESOLVED_DISCONTINUITY
NESTLEIND|NOISIN|1,3768,2011-06-22,2026-09-30,3767,0,0,2,NESTLEIND,NO_UNRESOLVED_DISCONTINUITY
NET4INDIA|NOISIN|1,1087,2011-06-22,2017-03-23,987,0,99,0,NET4,NO_UNRESOLVED_DISCONTINUITY
NETFAUTO|INF204KC1337|1,1155,2022-01-25,2026-09-30,1154,0,0,0,NETFAUTO|AUTOBEES,NO_UNRESOLVED_DISCONTINUITY
NETFGILT5Y|INF204KC1030|1,1350,2021-04-08,2026-09-30,1345,0,4,0,NETFGILT5Y|GILT5YBEES,NO_UNRESOLVED_DISCONTINUITY
NETFIT|INF204KB15V2|1,1547,2020-07-01,2026-09-30,1546,0,0,0,NETFIT|ITBEES,NO_UNRESOLVED_DISCONTINUITY
NETFNV20|INF204KB18I3|1,1676,2019-12-20,2026-09-30,1675,0,0,0,NETFNV20|NV20BEES,NO_UNRESOLVED_DISCONTINUITY
NETFPHARMA|INF204KC1089|1,1293,2021-07-07,2026-09-30,1292,0,0,0,NETFPHARMA|PHARMABEES,NO_UNRESOLVED_DISCONTINUITY
NETFSDL26|INF204KC1022|1,1243,2021-03-31,2026-04-27,1234,0,8,0,NETFSDL26|SDL26BEES,NO_UNRESOLVED_DISCONTINUITY
NETFSILVER|INF204KC1402|1,1147,2022-02-07,2026-09-30,1146,0,0,0,NETFSILVER|SILVERBEES,NO_UNRESOLVED_DISCONTINUITY
NETF|INF277K015R5|1,1847,2019-01-07,2026-09-30,1802,0,44,0,NETF,NO_UNRESOLVED_DISCONTINUITY
NETWEB|INE0NT901020|1,777,2023-07-27,2026-09-30,775,0,1,0,NETWEB,NO_UNRESOLVED_DISCONTINUITY
NETWORK18|NOISIN|1,3618,2011-06-22,2026-09-30,3613,1,3,0,NETWORK18,HAS_UNRESOLVED_DISCONTINUITY
NEULANDLAB|NOISIN|2,3633,2011-06-22,2026-09-30,3623,2,7,0,NEULANDLAB,HAS_UNRESOLVED_DISCONTINUITY
NEWGEN|INE619B01017|1,2010,2018-01-29,2026-09-30,2007,0,2,0,NEWGEN,NO_UNRESOLVED_DISCONTINUITY
NEXT30ADD|INF740KA1VE5|1,407,2025-02-05,2026-09-30,406,0,0,0,NEXT30ADD,NO_UNRESOLVED_DISCONTINUITY
NEXT50ADD|INF740KA1XU7|1,178,2026-01-09,2026-09-30,177,0,0,0,NEXT50ADD,NO_UNRESOLVED_DISCONTINUITY
NEXT50ETF|INF174KA1YO3|1,175,2026-01-14,2026-09-30,174,0,0,0,NEXT50ETF,NO_UNRESOLVED_DISCONTINUITY
NEYVELILIG|NOISIN|1,3768,2011-06-22,2026-09-30,3767,0,0,0,NEYVELILIG|NLCINDIA,NO_UNRESOLVED_DISCONTINUITY
NFL|NOISIN|1,3768,2011-06-22,2026-09-30,3767,0,0,0,NFL,NO_UNRESOLVED_DISCONTINUITY
NGCT|INE970N01019|1,550,2013-11-28,2016-08-24,504,0,45,0,NGCT,NO_UNRESOLVED_DISCONTINUITY
NGIL|INE236Y01012|1,967,2021-08-20,2026-09-30,960,2,4,0,NGIL,HAS_UNRESOLVED_DISCONTINUITY
NGLFINE|INE887E01022|1,949,2022-07-08,2026-09-30,947,0,1,0,NGLFINE,NO_UNRESOLVED_DISCONTINUITY
NHPC|NOISIN|1,3768,2011-06-22,2026-09-30,3767,0,0,0,NHPC,NO_UNRESOLVED_DISCONTINUITY
NH|INE410P01011|1,2650,2016-01-06,2026-09-30,2649,0,0,0,NH,NO_UNRESOLVED_DISCONTINUITY
NIACL|INE470Y01017|1,2193,2017-11-13,2026-09-30,2192,0,0,1,NIACL,NO_UNRESOLVED_DISCONTINUITY
NIBE|INE149O01018|1,405,2025-02-07,2026-09-30,404,0,0,0,NIBE,NO_UNRESOLVED_DISCONTINUITY
NIBL|INE047O01014|1,2558,2013-05-02,2026-09-30,2518,0,39,0,NIBL,NO_UNRESOLVED_DISCONTINUITY
NICCOPAR|INE653C01022|1,31,2026-08-18,2026-09-30,30,0,0,0,NICCOPAR,NO_UNRESOLVED_DISCONTINUITY
NICCO|NOISIN|2,686,2011-06-22,2016-01-04,627,0,58,0,NICCO,NO_UNRESOLVED_DISCONTINUITY
NICOLASPIR|NOISIN|1,3516,2011-06-22,2025-09-22,3512,3,0,0,PIRHEALTH|PEL,HAS_UNRESOLVED_DISCONTINUITY
NIF100IETF|INF109KC16V9|1,592,2024-05-10,2026-09-30,591,0,0,0,NIF100IETF,NO_UNRESOLVED_DISCONTINUITY
NIF10GETF|INF789F1AZF3|1,651,2024-02-05,2026-09-30,647,0,3,0,NIF10GETF|GILT10BETA,NO_UNRESOLVED_DISCONTINUITY
NIF500BETA|INF789F1AG76|1,23,2026-08-28,2026-09-30,22,0,0,0,NIF500BETA,NO_UNRESOLVED_DISCONTINUITY
NIF5GETF|INF789F1AZE6|1,625,2024-02-05,2026-09-30,597,0,27,0,NIF5GETF|GILT5BETA,NO_UNRESOLVED_DISCONTINUITY
NIFETF|INF109K012R6|1,3272,2013-04-05,2026-09-30,3243,0,28,0,NIFETF|INIFTY|NIFTYIWIN|ICICINIFTY|NIFTYIETF,NO_UNRESOLVED_DISCONTINUITY
NIFITETF|INF789F1AZD8|1,657,2024-02-01,2026-09-30,656,0,0,0,NIFITETF|ITBETA,NO_UNRESOLVED_DISCONTINUITY
NIFMID150|INF789F1AYX9|1,755,2023-09-05,2026-09-30,753,0,1,0,NIFMID150|MIDCAPBETA,NO_UNRESOLVED_DISCONTINUITY
NIFTY100EW|INF174KA1UW4|1,389,2025-03-04,2026-09-30,388,0,0,0,NIFTY100EW,NO_UNRESOLVED_DISCONTINUITY
NIFTYBEES|INF204KB14I2|1,1676,2019-12-20,2026-09-30,1675,0,0,0,NIFTYBEES,NO_UNRESOLVED_DISCONTINUITY
NIFTYBEES|NOISIN|1,2092,2011-06-22,2019-12-19,2090,1,0,0,NIFTYBEES,HAS_UNRESOLVED_DISCONTINUITY
NIFTYBETF|INF0QA701722|1,660,2024-01-29,2026-09-30,659,0,0,0,NIFTYBETF,NO_UNRESOLVED_DISCONTINUITY
NIFTYCASE|INF0R8F01166|1,234,2025-10-20,2026-09-30,233,0,0,0,NIFTYCASE,NO_UNRESOLVED_DISCONTINUITY
NIFTYEES|INF754K01EK3|1,873,2015-05-14,2021-09-29,587,0,285,0,NIFTYEES,NO_UNRESOLVED_DISCONTINUITY
NIFTYJBLK|INF22M001184|1,29,2026-08-20,2026-09-30,28,0,0,0,NIFTYJBLK,NO_UNRESOLVED_DISCONTINUITY
NIFTYQLITY|INF209KB15K4|1,1015,2022-08-19,2026-09-30,1014,0,0,0,NIFTYQLITY,NO_UNRESOLVED_DISCONTINUITY
NIITLTD|NOISIN|1,3732,2011-06-22,2026-09-30,3729,0,2,0,NIITLTD,NO_UNRESOLVED_DISCONTINUITY
NIITMTS|INE342G01023|1,765,2023-08-23,2026-09-30,764,0,0,0,NIITMTS,NO_UNRESOLVED_DISCONTINUITY
NIITTECH|NOISIN|1,3768,2011-06-22,2026-09-30,3767,0,0,1,NIITTECH|COFORGE,NO_UNRESOLVED_DISCONTINUITY
NILAINFRA|INE937C01029|1,2555,2015-05-21,2026-09-30,2549,0,5,0,NILAINFRA,NO_UNRESOLVED_DISCONTINUITY
NILASPACES|INE00S901012|1,1119,2019-01-11,2026-09-30,1109,0,9,0,NILASPACES,NO_UNRESOLVED_DISCONTINUITY
NILE|INE445D01013|1,114,2026-04-20,2026-09-30,113,0,0,0,NILE,NO_UNRESOLVED_DISCONTINUITY
NILKAMPLST|NOISIN|2,3768,2011-06-22,2026-09-30,3767,0,0,0,NILKAMAL,NO_UNRESOLVED_DISCONTINUITY
NIMBSPROJ|INE875B01015|1,72,2026-04-06,2026-09-30,70,0,1,0,NIMBSPROJ,NO_UNRESOLVED_DISCONTINUITY
NINSYS|INE395U01014|1,719,2023-02-21,2026-09-30,715,0,3,0,NINSYS,NO_UNRESOLVED_DISCONTINUITY
NIPPOBATRY|NOISIN|1,3626,2011-06-22,2026-09-30,3599,0,26,1,NIPPOBATRY,NO_UNRESOLVED_DISCONTINUITY
NIRAJISPAT|INE326T01011|1,171,2024-09-04,2026-09-02,146,0,24,0,NIRAJISPAT,NO_UNRESOLVED_DISCONTINUITY
NIRAJ|INE368I01016|1,1146,2020-10-01,2026-09-30,1140,0,5,0,NIRAJ,NO_UNRESOLVED_DISCONTINUITY
NIRLON|INE910A01012|1,114,2026-04-20,2026-09-30,113,0,0,0,NIRLON,NO_UNRESOLVED_DISCONTINUITY
NIRVIKARA|INE875R01011|1,2242,2015-08-11,2026-09-30,2230,0,11,0,NIRVIKARA|BALKRISHNA,NO_UNRESOLVED_DISCONTINUITY
NISSAN|NOISIN|3,68,2011-06-22,2011-09-28,67,0,0,0,NISSAN,NO_UNRESOLVED_DISCONTINUITY
NITCO|NOISIN|2,3394,2011-06-22,2026-09-30,3387,0,6,0,NITCO,NO_UNRESOLVED_DISCONTINUITY
NITESHEST|NOISIN|1,1849,2011-06-22,2019-10-30,1843,0,5,0,NITESHEST,NO_UNRESOLVED_DISCONTINUITY
NITINFIRE|NOISIN|1,1884,2011-06-22,2019-08-28,1880,0,3,2,NITINFIRE,NO_UNRESOLVED_DISCONTINUITY
NITINSPIN|NOISIN|2,3612,2011-06-22,2026-09-30,3606,0,5,0,NITINSPIN,NO_UNRESOLVED_DISCONTINUITY
NITIRAJ|INE439T01012|1,1071,2021-04-22,2026-09-30,1066,0,4,0,NITIRAJ,NO_UNRESOLVED_DISCONTINUITY
NITTAGELA|INE265B01019|1,114,2026-04-20,2026-09-30,113,0,0,0,NITTAGELA,NO_UNRESOLVED_DISCONTINUITY
NIVABUPA|INE995S01015|1,463,2024-11-14,2026-09-30,462,0,0,0,NIVABUPA,NO_UNRESOLVED_DISCONTINUITY
NIVINFRA|INE303D01014|1,18,2013-06-20,2013-07-17,15,0,2,0,NIVINFRA,NO_UNRESOLVED_DISCONTINUITY
NKIND|INE542C01019|1,1682,2016-07-04,2026-09-30,1591,0,90,0,NKIND,NO_UNRESOLVED_DISCONTINUITY
NMDC|NOISIN|1,3768,2011-06-22,2026-09-30,3766,1,0,1,NMDC,HAS_UNRESOLVED_DISCONTINUITY
NOCIL|NOISIN|2,3768,2011-06-22,2026-09-30,3767,0,0,0,NOCIL,NO_UNRESOLVED_DISCONTINUITY
NOIDATOLL|NOISIN|1,3006,2011-06-22,2026-09-30,2996,0,9,0,NOIDATOLL,NO_UNRESOLVED_DISCONTINUITY
NOL|INE296D01010|1,459,2011-06-22,2015-01-29,330,0,128,0,NOL,NO_UNRESOLVED_DISCONTINUITY
NORBTEAEXP|NOISIN|4,2062,2011-06-22,2026-09-30,1788,0,273,0,NORBTEAEXP,NO_UNRESOLVED_DISCONTINUITY
NORTHARC|INE850M01015|1,499,2024-09-24,2026-09-30,498,0,0,0,NORTHARC,NO_UNRESOLVED_DISCONTINUITY
NORTHGATE|NOISIN|3,262,2011-06-22,2012-07-11,261,0,0,0,NORTHGATE,NO_UNRESOLVED_DISCONTINUITY
NOVAAGRI|INE02H701025|1,518,2024-02-14,2026-09-30,515,0,2,0,NOVAAGRI,NO_UNRESOLVED_DISCONTINUITY
NOVARTIND|INE234A01025|1,872,2020-10-05,2026-09-30,870,0,1,0,NOVARTIND,NO_UNRESOLVED_DISCONTINUITY
NOVA|NOISIN|1,448,2011-06-22,2015-04-13,419,0,28,0,GSLNOVA,NO_UNRESOLVED_DISCONTINUITY
NOVOPANIND|NOISIN|5,549,2011-06-22,2014-10-31,440,0,108,0,NOVOPANIND,NO_UNRESOLVED_DISCONTINUITY
NPBET|INF277K010X4|1,1739,2019-09-09,2026-09-30,1734,0,4,0,NPBET,NO_UNRESOLVED_DISCONTINUITY
NPST|INE0FFK01017|1,353,2025-04-30,2026-09-30,352,0,0,0,NPST,NO_UNRESOLVED_DISCONTINUITY
NRAIL|INE740D01017|1,2278,2017-04-05,2026-09-30,2276,0,1,0,NRAIL,NO_UNRESOLVED_DISCONTINUITY
NRBBEARING|NOISIN|2,3758,2011-06-22,2026-09-30,3756,0,1,0,NRBBEARING,NO_UNRESOLVED_DISCONTINUITY
NRC|NOISIN|9,479,2011-06-22,2013-12-10,445,0,33,0,NRC,NO_UNRESOLVED_DISCONTINUITY
NRL|INE0JM501013|1,714,2023-01-12,2026-06-17,711,0,2,1,NRL,NO_UNRESOLVED_DISCONTINUITY
NSIL|NOISIN|5,3595,2011-06-22,2026-09-30,3534,0,60,0,NSIL,NO_UNRESOLVED_DISCONTINUITY
NSLNISP|INE0NNS01018|1,879,2023-03-06,2026-09-30,878,0,0,0,NSLNISP,NO_UNRESOLVED_DISCONTINUITY
NTCIND|INE920C01017|1,32,2026-08-17,2026-09-30,31,0,0,0,NTCIND,NO_UNRESOLVED_DISCONTINUITY
NTPCGREEN|INE0ONG01011|1,456,2024-11-27,2026-09-30,455,0,0,0,NTPCGREEN,NO_UNRESOLVED_DISCONTINUITY
NTPC|NOISIN|1,3768,2011-06-22,2026-09-30,3765,2,0,0,NTPC,HAS_UNRESOLVED_DISCONTINUITY
NUCENT|INE980A01023|1,2440,2011-06-23,2023-06-06,2389,0,50,0,NUCENT|PRESSMN,NO_UNRESOLVED_DISCONTINUITY
NUCHEM|NOISIN|7,168,2011-06-22,2012-02-27,166,0,1,0,NUCHEM,NO_UNRESOLVED_DISCONTINUITY
NUCLEUS|NOISIN|1,3692,2011-06-22,2026-09-30,3690,0,1,0,NUCLEUS,NO_UNRESOLVED_DISCONTINUITY
NUMERICPW|NOISIN|1,3507,2011-06-22,2026-09-30,3501,1,4,1,NUMERICPW|SWELECTES,HAS_UNRESOLVED_DISCONTINUITY
NURECA|INE0DSF01015|1,1144,2021-03-12,2026-08-10,1139,0,4,0,NURECA,NO_UNRESOLVED_DISCONTINUITY
NUTEK|NOISIN|1,1729,2011-06-22,2019-03-29,1725,0,3,0,NUTEK,NO_UNRESOLVED_DISCONTINUITY
NUVAMA|INE531F01015|1,732,2023-10-11,2026-09-30,731,0,0,1,NUVAMA,NO_UNRESOLVED_DISCONTINUITY
NUVOCO|INE118D01016|1,1262,2021-08-23,2026-09-30,1261,0,0,0,NUVOCO,NO_UNRESOLVED_DISCONTINUITY
NV20IETF|INF109KC11V0|1,636,2024-03-01,2026-09-30,635,0,0,0,NV20IETF,NO_UNRESOLVED_DISCONTINUITY
NV20|INF174KA1ZE1|1,145,2026-02-27,2026-09-30,144,0,0,0,NV20,NO_UNRESOLVED_DISCONTINUITY
NYKAA|INE388Y01029|1,1208,2021-11-10,2026-09-30,1207,0,0,1,NYKAA,NO_UNRESOLVED_DISCONTINUITY
OAL|INE959C01023|1,1783,2019-07-11,2026-09-30,1782,0,0,0,OAL,NO_UNRESOLVED_DISCONTINUITY
OBCL|INE426Z01016|1,1106,2022-04-07,2026-09-30,1105,0,0,0,OBCL,NO_UNRESOLVED_DISCONTINUITY
OBEROIREAL|NOISIN|1,3768,2011-06-22,2026-09-30,3767,0,0,0,OBEROIRLTY,NO_UNRESOLVED_DISCONTINUITY
OCCLLTD|INE0PK601023|1,316,2024-11-13,2026-06-10,314,0,1,0,OCCLLTD,NO_UNRESOLVED_DISCONTINUITY
OCCL|INE321D01016|1,2237,2016-01-27,2025-06-11,2232,0,4,0,OCCL,NO_UNRESOLVED_DISCONTINUITY
OCL|NOISIN|1,1810,2011-06-22,2018-10-24,1809,0,0,0,OCL,NO_UNRESOLVED_DISCONTINUITY
ODIGMA|INE054301028|1,147,2024-12-27,2026-09-30,142,0,4,0,ODIGMA,NO_UNRESOLVED_DISCONTINUITY
ODYCORP|INE839E01023|1,32,2026-08-17,2026-09-30,31,0,0,0,ODYCORP,NO_UNRESOLVED_DISCONTINUITY
OILCOUNTUB|NOISIN|4,2764,2011-06-22,2026-04-29,2752,0,11,0,OILCOUNTUB,NO_UNRESOLVED_DISCONTINUITY
OILIETF|INF109KC18W3|1,542,2024-07-24,2026-09-30,541,0,0,0,OILIETF,NO_UNRESOLVED_DISCONTINUITY
OIL|NOISIN|1,3768,2011-06-22,2026-09-30,3767,0,0,4,OIL,NO_UNRESOLVED_DISCONTINUITY
OISL|NOISIN|4,1767,2011-06-22,2020-11-27,1741,0,25,0,OISL,NO_UNRESOLVED_DISCONTINUITY
OLAELEC|INE0LXG01040|1,473,2024-08-09,2026-09-30,471,0,1,0,OLAELEC,NO_UNRESOLVED_DISCONTINUITY
OMAXAUTO|NOISIN|1,3193,2011-06-22,2026-09-30,3183,0,9,0,OMAXAUTO,NO_UNRESOLVED_DISCONTINUITY
OMAXE|NOISIN|1,3711,2011-06-22,2026-09-30,3709,0,1,1,OMAXE,NO_UNRESOLVED_DISCONTINUITY
OMFREIGHT|INE1BZC01019|1,168,2025-10-24,2026-07-02,167,0,0,0,OMFREIGHT,NO_UNRESOLVED_DISCONTINUITY
OMKARCHEM|NOISIN|1,2396,2011-06-22,2022-11-02,2388,0,7,0,OMKARCHEM,NO_UNRESOLVED_DISCONTINUITY
OMMETALS|NOISIN|1,3427,2011-06-22,2026-09-30,3380,0,46,0,OMMETALS|OMINFRAL,NO_UNRESOLVED_DISCONTINUITY
OMNITECH|NOISIN|1,1170,2011-06-22,2016-11-17,1125,0,44,0,OMNITECH,NO_UNRESOLVED_DISCONTINUITY
OMNI|INE0UH301010|1,142,2026-03-05,2026-09-30,141,0,0,0,OMNI,NO_UNRESOLVED_DISCONTINUITY
OMPOWER|INE25E901019|1,105,2026-05-04,2026-09-30,104,0,0,0,OMPOWER,NO_UNRESOLVED_DISCONTINUITY
ONEGLOBAL|INE670O01013|1,32,2026-08-17,2026-09-30,31,0,0,0,ONEGLOBAL,NO_UNRESOLVED_DISCONTINUITY
ONELIFECAP|INE912L01015|1,2720,2011-10-17,2026-05-21,2694,0,25,0,ONELIFECAP,NO_UNRESOLVED_DISCONTINUITY
ONEPOINT|INE840Y01011|1,1380,2019-05-09,2026-09-30,1371,0,8,1,ONEPOINT,NO_UNRESOLVED_DISCONTINUITY
ONESOURCE|INE013P01021|1,406,2025-02-06,2026-09-30,405,0,0,0,ONESOURCE,NO_UNRESOLVED_DISCONTINUITY
ONGC|NOISIN|1,3768,2011-06-22,2026-09-30,3767,0,0,1,ONGC,NO_UNRESOLVED_DISCONTINUITY
ONIXSOLAR|INE173M01012|1,32,2026-08-17,2026-09-30,31,0,0,0,ONIXSOLAR,NO_UNRESOLVED_DISCONTINUITY
ONMOBILE|NOISIN|1,3707,2011-06-22,2026-07-06,3706,0,0,0,ONMOBILE,NO_UNRESOLVED_DISCONTINUITY
ONWARDTEC|NOISIN|8,3544,2011-06-22,2026-09-30,3526,0,17,0,ONWARDTEC,NO_UNRESOLVED_DISCONTINUITY
OPTIEMUS|INE350C01017|1,1772,2017-08-08,2026-09-30,1764,0,7,0,OPTIEMUS,NO_UNRESOLVED_DISCONTINUITY
OPTIFIN|INE031G01022|1,32,2026-08-17,2026-09-30,31,0,0,0,OPTIFIN,NO_UNRESOLVED_DISCONTINUITY
OPTOCIRCUI|NOISIN|1,2146,2011-06-22,2021-02-19,2140,1,4,1,OPTOCIRCUI,HAS_UNRESOLVED_DISCONTINUITY
ORBITCORP|NOISIN|1,1387,2011-06-22,2017-02-15,1385,0,1,0,ORBITCORP,NO_UNRESOLVED_DISCONTINUITY
ORBTEXP|INE231G01010|1,2923,2013-11-05,2026-09-30,2918,0,4,1,ORBTEXP,NO_UNRESOLVED_DISCONTINUITY
ORCHASP|INE215B01022|1,291,2025-02-07,2026-09-30,288,0,2,0,ORCHASP,NO_UNRESOLVED_DISCONTINUITY
ORCHIDCHEM|NOISIN|1,1505,2011-06-22,2017-09-27,1503,0,1,0,ORCHIDCHEM|ORCHIDPHAR,NO_UNRESOLVED_DISCONTINUITY
ORCHPHARMA|INE191A01027|1,872,2021-05-05,2026-09-30,869,0,2,0,ORCHPHARMA,NO_UNRESOLVED_DISCONTINUITY
ORICONENT|INE730A01022|1,2565,2015-07-24,2026-09-30,2561,0,3,0,ORICONENT,NO_UNRESOLVED_DISCONTINUITY
ORIENTABRA|NOISIN|1,3641,2011-06-22,2026-09-30,3637,0,3,0,ORIENTABRA|ORIENTCER,NO_UNRESOLVED_DISCONTINUITY
ORIENTALTL|NOISIN|2,2736,2011-06-22,2026-09-30,2639,0,96,0,ORIENTALTL,NO_UNRESOLVED_DISCONTINUITY
ORIENTBANK|NOISIN|1,2155,2011-06-22,2020-03-20,2154,0,0,0,ORIENTBANK,NO_UNRESOLVED_DISCONTINUITY
ORIENTCEM|INE876N01018|1,3248,2013-07-26,2026-09-30,3247,0,0,0,ORIENTCEM,NO_UNRESOLVED_DISCONTINUITY
ORIENTCERA|NOISIN|3,3659,2011-06-22,2026-09-30,3650,0,8,0,ORIENTCERA|ORIENTBELL,NO_UNRESOLVED_DISCONTINUITY
ORIENTELEC|INE142Z01019|1,2060,2018-05-28,2026-09-30,2059,0,0,0,ORIENTELEC,NO_UNRESOLVED_DISCONTINUITY
ORIENTHOT|NOISIN|1,3707,2011-06-22,2026-09-30,3702,0,4,0,ORIENTHOT,NO_UNRESOLVED_DISCONTINUITY
ORIENTLTD|NOISIN|1,2918,2011-06-22,2026-07-29,2725,0,192,0,ORIENTLTD,NO_UNRESOLVED_DISCONTINUITY
ORIENTPPR|NOISIN|1,3723,2011-06-22,2026-09-30,3718,1,3,0,ORIENTPPR,HAS_UNRESOLVED_DISCONTINUITY
ORIENTREF|INE743M01012|1,3516,2012-03-23,2026-09-30,3512,0,3,0,ORIENTREF|RHIM,NO_UNRESOLVED_DISCONTINUITY
ORIENTTECH|INE0PPK01015|1,508,2024-09-11,2026-09-30,506,1,0,0,ORIENTTECH,HAS_UNRESOLVED_DISCONTINUITY
ORIRAIL|INE457G01029|1,32,2026-08-17,2026-09-30,31,0,0,0,ORIRAIL,NO_UNRESOLVED_DISCONTINUITY
ORISSAMINE|NOISIN|1,3617,2011-06-22,2026-09-30,3614,0,2,1,ORISSAMINE,NO_UNRESOLVED_DISCONTINUITY
ORKLAINDIA|INE16NZ01023|1,223,2025-11-06,2026-09-30,222,0,0,0,ORKLAINDIA,NO_UNRESOLVED_DISCONTINUITY
ORTEL|INE849L01019|1,948,2015-04-06,2019-09-23,933,0,14,0,ORTEL,NO_UNRESOLVED_DISCONTINUITY
ORTINLABSS|INE749B01012|1,1156,2015-09-02,2021-01-11,1150,0,5,0,ORTINLABSS,NO_UNRESOLVED_DISCONTINUITY
ORTINLAB|INE749B01020|1,996,2021-04-15,2026-09-30,990,0,5,0,ORTINLAB|ORTINGLOBE,NO_UNRESOLVED_DISCONTINUITY
OSIAHYPER|INE06IR01013|1,379,2022-12-01,2026-05-05,375,0,3,1,OSIAHYPER,NO_UNRESOLVED_DISCONTINUITY
OSWALAGRO|INE142A01012|1,1935,2018-05-02,2026-09-30,1932,0,2,0,OSWALAGRO,NO_UNRESOLVED_DISCONTINUITY
OSWALMIN|NOISIN|2,321,2011-06-22,2015-01-29,233,0,87,0,OSWALMIN,NO_UNRESOLVED_DISCONTINUITY
OSWALPUMPS|INE0BYP01024|1,317,2025-06-20,2026-09-30,316,0,0,0,OSWALPUMPS,NO_UNRESOLVED_DISCONTINUITY
OSWALSEEDS|INE00IK01011|1,604,2023-02-28,2026-09-30,597,1,5,1,OSWALSEEDS,HAS_UNRESOLVED_DISCONTINUITY
OUDHSUG|NOISIN|3,1336,2011-06-22,2017-03-22,1331,0,4,0,OUDHSUG,NO_UNRESOLVED_DISCONTINUITY
PACEDIGITK|INE0S3G01027|1,244,2025-10-06,2026-09-30,243,0,0,0,PACEDIGITK,NO_UNRESOLVED_DISCONTINUITY
PACIFICI|INE883C01025|1,32,2026-08-17,2026-09-30,31,0,0,0,PACIFICI,NO_UNRESOLVED_DISCONTINUITY
PAEL|NOISIN|4,1490,2011-06-22,2022-04-08,1317,0,172,0,PAEL,NO_UNRESOLVED_DISCONTINUITY
PAGEIND|NOISIN|2,3768,2011-06-22,2026-09-30,3767,0,0,0,PAGEIND,NO_UNRESOLVED_DISCONTINUITY
PAKKA|INE551D01018|1,795,2023-07-11,2026-09-30,794,0,0,0,PAKKA,NO_UNRESOLVED_DISCONTINUITY
PALASHSECU|INE471W01019|1,1655,2018-02-07,2026-09-29,1636,0,18,0,PALASHSECU,NO_UNRESOLVED_DISCONTINUITY
PALREDTECH|INE218G01025|1,123,2015-10-21,2016-04-25,122,0,0,0,PALREDTECH,NO_UNRESOLVED_DISCONTINUITY
PALREDTEC|INE218G01033|1,1748,2016-05-09,2026-09-30,1734,0,13,0,PALREDTEC,NO_UNRESOLVED_DISCONTINUITY
PANACEABIO|NOISIN|1,3701,2011-06-22,2026-09-30,3698,0,2,0,PANACEABIO,NO_UNRESOLVED_DISCONTINUITY
PANACHE|INE895W01019|1,926,2020-01-06,2026-07-15,915,0,10,0,PANACHE,NO_UNRESOLVED_DISCONTINUITY
PANAMAPET|INE305C01011|1,3603,2011-09-30,2026-09-30,3540,0,62,2,PANAMAPET,NO_UNRESOLVED_DISCONTINUITY
PANASONIC|NOISIN|2,602,2011-06-22,2015-01-29,572,0,29,0,PANASONIC,NO_UNRESOLVED_DISCONTINUITY
PANCARBON|INE013E01017|1,678,2011-06-22,2014-12-26,584,0,93,0,PANCARBON,NO_UNRESOLVED_DISCONTINUITY
PANCHMAHQ|INE798F01010|1,24,2026-08-17,2026-09-30,18,0,5,0,PANCHMAHQ,NO_UNRESOLVED_DISCONTINUITY
PANCHSHEEL|INE316G01019|1,128,2011-10-25,2015-01-29,83,0,44,0,PANCHSHEEL,NO_UNRESOLVED_DISCONTINUITY
PANORAMA|INE258R01028|1,32,2026-08-17,2026-09-30,31,0,0,0,PANORAMA,NO_UNRESOLVED_DISCONTINUITY
PANORAMUNI|NOISIN|2,1664,2011-06-22,2018-05-21,1635,0,28,0,PANORAMUNI,NO_UNRESOLVED_DISCONTINUITY
PANSARI|INE697V01011|1,768,2021-10-19,2026-09-30,750,0,17,0,PANSARI,NO_UNRESOLVED_DISCONTINUITY
PANTALOONR|NOISIN|1,2789,2011-06-22,2023-01-20,2783,3,2,0,PANTALOONR|FRL|FEL,HAS_UNRESOLVED_DISCONTINUITY
PAPERPROD|NOISIN|1,3768,2011-06-22,2026-09-30,3767,0,0,0,PAPERPROD|HUHTAMAKI,NO_UNRESOLVED_DISCONTINUITY
PARABDRUGS|NOISIN|1,1527,2011-06-22,2018-09-21,1519,0,7,0,PARABDRUGS,NO_UNRESOLVED_DISCONTINUITY
PARACABLES|NOISIN|3,3020,2011-06-22,2026-09-30,3007,0,12,0,PARACABLES,NO_UNRESOLVED_DISCONTINUITY
PARADEEP|INE088F01024|1,1073,2022-05-27,2026-09-30,1072,0,0,0,PARADEEP,NO_UNRESOLVED_DISCONTINUITY
PARADYNE|NOISIN|1,791,2011-06-22,2014-11-05,788,0,2,0,GLODYNE,NO_UNRESOLVED_DISCONTINUITY
PARAGMILK|INE883N01014|1,2561,2016-05-19,2026-09-30,2560,0,0,0,PARAGMILK,NO_UNRESOLVED_DISCONTINUITY
PARAL|NOISIN|1,572,2011-06-22,2014-05-22,568,0,3,0,PARAL,NO_UNRESOLVED_DISCONTINUITY
PARAPRINT|NOISIN|1,621,2011-06-22,2016-05-20,568,0,52,0,PARAPRINT,NO_UNRESOLVED_DISCONTINUITY
PARASPETRO|NOISIN|3,731,2011-06-22,2026-09-30,726,0,4,0,PARASPETRO,NO_UNRESOLVED_DISCONTINUITY
PARAS|INE045601015|1,1167,2021-10-18,2026-09-30,1165,0,1,1,PARAS,NO_UNRESOLVED_DISCONTINUITY
PAREKHPLAT|NOISIN|9,46,2011-06-22,2011-08-25,45,0,0,0,PAREKHPLAT,NO_UNRESOLVED_DISCONTINUITY
PARIN|INE00U801010|1,4,2026-09-25,2026-09-30,3,0,0,0,PARIN,NO_UNRESOLVED_DISCONTINUITY
PARKHOSPS|INE119201023|1,194,2025-12-17,2026-09-30,193,0,0,0,PARKHOSPS,NO_UNRESOLVED_DISCONTINUITY
PARKHOTELS|INE988S01028|1,650,2024-02-12,2026-09-30,649,0,0,0,PARKHOTELS,NO_UNRESOLVED_DISCONTINUITY
PARNAXLAB|INE383L01019|1,32,2026-08-17,2026-09-30,31,0,0,0,PARNAXLAB,NO_UNRESOLVED_DISCONTINUITY
PARRYSUGAR|NOISIN|2,1174,2011-06-22,2017-05-24,1115,0,58,0,PARRYSUGAR,NO_UNRESOLVED_DISCONTINUITY
PARSVNATH|NOISIN|1,2985,2011-06-22,2026-04-20,2973,0,11,0,PARSVNATH,NO_UNRESOLVED_DISCONTINUITY
PAR|INE04LG01015|1,973,2021-09-16,2026-09-03,970,0,2,0,PAR,NO_UNRESOLVED_DISCONTINUITY
PASHUPATI|INE124Y01010|1,298,2025-07-17,2026-09-30,297,0,0,1,PASHUPATI,NO_UNRESOLVED_DISCONTINUITY
PASUPTAC|INE818B01023|1,1011,2021-10-12,2026-09-30,1007,0,3,0,PASUPTAC,NO_UNRESOLVED_DISCONTINUITY
PATELENG|NOISIN|1,3626,2011-06-22,2026-09-30,3619,3,3,0,PATELENG,HAS_UNRESOLVED_DISCONTINUITY
PATELRMART|INE0R8B01010|1,261,2025-09-10,2026-09-30,260,0,0,0,PATELRMART,NO_UNRESOLVED_DISCONTINUITY
PATINTLOG|NOISIN|2,3594,2011-06-22,2026-09-30,3552,3,38,0,PATINTLOG,HAS_UNRESOLVED_DISCONTINUITY
PATNI|NOISIN|1,224,2011-06-22,2012-05-18,223,0,0,0,PATNI,NO_UNRESOLVED_DISCONTINUITY
PATSPINLTD|NOISIN|6,2111,2011-06-22,2022-01-03,2058,0,52,0,PATSPINLTD,NO_UNRESOLVED_DISCONTINUITY
PAUSHAKLTD|INE111F01024|1,206,2025-12-01,2026-09-30,205,0,0,0,PAUSHAKLTD,NO_UNRESOLVED_DISCONTINUITY
PAVNAIND|INE07S101020|1,642,2023-06-01,2026-09-30,638,0,3,1,PAVNAIND,NO_UNRESOLVED_DISCONTINUITY
PAYTM|INE982J01020|1,1202,2021-11-18,2026-09-30,1201,0,0,0,PAYTM,NO_UNRESOLVED_DISCONTINUITY
PBAINFRA|NOISIN|1,1717,2011-06-22,2022-08-23,1690,0,26,0,PBAINFRA,NO_UNRESOLVED_DISCONTINUITY
PBMPOLY|INE501F01018|1,24,2026-08-17,2026-09-30,19,0,4,0,PBMPOLY,NO_UNRESOLVED_DISCONTINUITY
PCJEWELLER|INE785M01013|1,2818,2012-12-27,2024-10-07,2814,1,2,1,PCJEWELLER,HAS_UNRESOLVED_DISCONTINUITY
PCJEWELLER|INE785M01021|1,433,2024-12-31,2026-09-30,432,0,0,0,PCJEWELLER,NO_UNRESOLVED_DISCONTINUITY
PDMJEPAPER|INE865T01018|1,2427,2016-08-23,2026-09-30,2425,0,1,0,PDMJEPAPER,NO_UNRESOLVED_DISCONTINUITY
PDPL|NOISIN|1,1733,2011-06-22,2021-10-28,1719,0,13,0,PDPL,NO_UNRESOLVED_DISCONTINUITY
PDSMFL|INE111Q01013|1,2936,2014-11-07,2026-09-30,2933,0,2,1,PDSMFL|PDSL,NO_UNRESOLVED_DISCONTINUITY
PDUMJEIND|NOISIN|2,2555,2011-06-22,2026-09-30,2310,0,244,0,PDUMJEIND|3PLAND,NO_UNRESOLVED_DISCONTINUITY
PDUMJEPULP|NOISIN|3,3615,2011-06-22,2026-09-30,3577,0,37,0,PDUMJEPULP|AMJLAND,NO_UNRESOLVED_DISCONTINUITY
PEACOCKIND|NOISIN|9,379,2011-06-22,2013-07-05,353,0,25,0,PEACOCKIND,NO_UNRESOLVED_DISCONTINUITY
PEARLPOLY|NOISIN|2,2776,2011-06-22,2026-09-30,2683,0,92,0,PEARLPOLY,NO_UNRESOLVED_DISCONTINUITY
PENIND|NOISIN|1,3752,2011-06-22,2026-09-30,3750,0,1,0,PENIND,NO_UNRESOLVED_DISCONTINUITY
PENPEBS|INE455O01019|1,910,2015-09-28,2019-06-06,909,0,0,0,PENPEBS,NO_UNRESOLVED_DISCONTINUITY
PEPL|NOISIN|9,97,2011-06-22,2012-01-31,69,0,27,0,PEPL,NO_UNRESOLVED_DISCONTINUITY
PERIATEA|INE431F01018|1,1393,2011-06-23,2026-09-17,1280,0,112,0,PERIATEA|PKTEA,NO_UNRESOLVED_DISCONTINUITY
PERMAGN|INE418E01018|1,32,2026-08-17,2026-09-30,31,0,0,0,PERMAGN,NO_UNRESOLVED_DISCONTINUITY
PERNIASPOP|INE0I1B01016|1,17,2026-09-07,2026-09-30,16,0,0,0,PERNIASPOP,NO_UNRESOLVED_DISCONTINUITY
PERSISTENT|NOISIN|1,3768,2011-06-22,2026-09-30,3767,0,0,2,PERSISTENT,NO_UNRESOLVED_DISCONTINUITY
PETRONENGG|NOISIN|4,1669,2011-06-22,2019-03-22,1662,0,6,0,PETRONENGG,NO_UNRESOLVED_DISCONTINUITY
PETRONET|NOISIN|1,3768,2011-06-22,2026-09-30,3767,0,0,1,PETRONET,NO_UNRESOLVED_DISCONTINUITY
PFC|NOISIN|1,3768,2011-06-22,2026-09-30,3766,1,0,1,PFC,HAS_UNRESOLVED_DISCONTINUITY
PFIZER|NOISIN|1,3768,2011-06-22,2026-09-30,3767,0,0,0,PFIZER,NO_UNRESOLVED_DISCONTINUITY
PFOCUS|NOISIN|2,3608,2011-06-22,2026-09-30,3604,0,3,0,PFOCUS,NO_UNRESOLVED_DISCONTINUITY
PFRL|INE647O01011|1,3245,2013-07-31,2026-09-30,3242,2,0,0,PFRL|ABFRL,HAS_UNRESOLVED_DISCONTINUITY
PFS|NOISIN|1,3667,2011-06-22,2026-09-30,3664,0,2,0,PFS,NO_UNRESOLVED_DISCONTINUITY
PGEL|INE457L01011|1,3503,2011-09-26,2026-09-30,3497,0,5,1,PGEL,NO_UNRESOLVED_DISCONTINUITY
PGHH|NOISIN|1,3768,2011-06-22,2026-09-30,3767,0,0,0,PGHH,NO_UNRESOLVED_DISCONTINUITY
PGIL|INE940H01022|1,655,2024-01-23,2026-09-30,653,0,1,1,PGIL,NO_UNRESOLVED_DISCONTINUITY
PHILIPCARB|NOISIN|4,3768,2011-06-22,2026-09-30,3767,0,0,2,PHILIPCARB|PCBL,NO_UNRESOLVED_DISCONTINUITY
PHOENIXLTD|NOISIN|1,3768,2011-06-22,2026-09-30,3767,0,0,1,PHOENIXLTD,NO_UNRESOLVED_DISCONTINUITY
PHOENXINTL|INE245B01011|1,32,2026-08-17,2026-09-30,31,0,0,0,PHOENXINTL,NO_UNRESOLVED_DISCONTINUITY
PICCADIL|INE546C01010|1,309,2025-07-02,2026-09-30,308,0,0,0,PICCADIL,NO_UNRESOLVED_DISCONTINUITY
PIDILITIND|NOISIN|1,3768,2011-06-22,2026-09-30,3767,0,0,1,PIDILITIND,NO_UNRESOLVED_DISCONTINUITY
PIGL|INE557Z01018|1,284,2023-05-17,2026-09-30,281,0,2,0,PIGL,NO_UNRESOLVED_DISCONTINUITY
PIIND|NOISIN|1,3766,2011-06-22,2026-09-30,3763,0,2,2,PIIND,NO_UNRESOLVED_DISCONTINUITY
PILANIINVS|INE417C01014|1,1894,2015-12-23,2026-09-30,1890,0,3,1,PILANIINVS,NO_UNRESOLVED_DISCONTINUITY
PILIND|INE600A01027|1,2434,2013-10-31,2026-09-30,2419,0,14,1,PILIND|PILITA,NO_UNRESOLVED_DISCONTINUITY
PINCON|INE675G01018|1,474,2016-06-15,2018-05-21,472,0,1,1,PINCON,NO_UNRESOLVED_DISCONTINUITY
PINELABS|INE15B701018|1,217,2025-11-14,2026-09-30,216,0,0,0,PINELABS,NO_UNRESOLVED_DISCONTINUITY
PIONDIST|NOISIN|2,2240,2011-06-22,2023-01-05,2179,0,60,0,PIONDIST,NO_UNRESOLVED_DISCONTINUITY
PIONEEREMB|NOISIN|4,3317,2011-06-22,2026-09-30,3259,0,57,0,PIONEEREMB,NO_UNRESOLVED_DISCONTINUITY
PIONRINV|INE746D01014|1,68,2026-04-20,2026-07-27,67,0,0,0,PIONRINV,NO_UNRESOLVED_DISCONTINUITY
PIPAVAVYD|NOISIN|1,2166,2011-06-22,2021-01-22,2161,0,4,0,PIPAVAVYD|PIPAVAVDOC|RDEL|RNAVAL,NO_UNRESOLVED_DISCONTINUITY
PIRAMALFIN|INE202B01038|1,212,2025-11-21,2026-09-30,211,0,0,0,PIRAMALFIN,NO_UNRESOLVED_DISCONTINUITY
PIRGLASS|NOISIN|2,761,2011-06-22,2014-07-18,760,0,0,0,PIRGLASS,NO_UNRESOLVED_DISCONTINUITY
PIRLIFE|NOISIN|4,1134,2011-06-22,2017-04-06,1126,0,7,0,PIRLIFE|PIRPHYTO,NO_UNRESOLVED_DISCONTINUITY
PITTILAM|NOISIN|3,3691,2011-06-22,2026-09-30,3673,0,17,1,PITTILAM|PITTIENG,NO_UNRESOLVED_DISCONTINUITY
PIXTRANS|INE751B01018|1,1093,2022-04-28,2026-09-30,1092,0,0,0,PIXTRANS,NO_UNRESOLVED_DISCONTINUITY
PLASTIBLEN|NOISIN|1,3647,2011-06-22,2026-09-30,3604,0,42,2,PLASTIBLEN,NO_UNRESOLVED_DISCONTINUITY
PLATIND|INE0PT501018|1,624,2024-03-20,2026-09-30,623,0,0,0,PLATIND,NO_UNRESOLVED_DISCONTINUITY
PLAZACABLE|INE0INJ01017|1,592,2023-10-27,2026-09-30,589,0,2,0,PLAZACABLE,NO_UNRESOLVED_DISCONTINUITY
PLETHICO|NOISIN|1,927,2011-06-22,2015-08-21,924,0,2,0,PLETHICO,NO_UNRESOLVED_DISCONTINUITY
PML|INE291E01019|1,114,2026-04-20,2026-09-30,113,0,0,0,PML,NO_UNRESOLVED_DISCONTINUITY
PNBGILTS|NOISIN|2,3768,2011-06-22,2026-09-30,3767,0,0,1,PNBGILTS,NO_UNRESOLVED_DISCONTINUITY
PNBHOUSING|INE572E01012|1,2383,2016-11-07,2026-09-30,2380,1,1,0,PNBHOUSING,HAS_UNRESOLVED_DISCONTINUITY
PNB|NOISIN|1,3768,2011-06-22,2026-09-30,3766,1,0,1,PNB,HAS_UNRESOLVED_DISCONTINUITY
PNCINFRA|INE195J01011|1,2804,2015-05-26,2026-09-30,2803,0,0,1,PNCINFRA,NO_UNRESOLVED_DISCONTINUITY
PNC|NOISIN|2,3014,2011-06-22,2026-09-30,2950,0,63,0,PNC,NO_UNRESOLVED_DISCONTINUITY
PNEUMATIC|INE096T01010|1,373,2015-10-06,2017-05-19,352,0,20,0,PNEUMATIC,NO_UNRESOLVED_DISCONTINUITY
PNGJL|INE953R01016|1,504,2024-09-17,2026-09-30,503,0,0,0,PNGJL,NO_UNRESOLVED_DISCONTINUITY
PNGSREVA|INE1RDG01013|1,143,2026-03-04,2026-09-30,142,0,0,0,PNGSREVA,NO_UNRESOLVED_DISCONTINUITY
POCHIRAJU|NOISIN|1,1664,2011-06-22,2018-11-19,1641,0,22,0,POCHIRAJU,NO_UNRESOLVED_DISCONTINUITY
POCL|INE063E01046|1,879,2023-03-06,2026-09-30,878,0,0,2,POCL,NO_UNRESOLVED_DISCONTINUITY
PODDARHOUS|INE888B01018|1,1334,2017-04-10,2023-10-27,1321,0,12,0,PODDARHOUS,NO_UNRESOLVED_DISCONTINUITY
PODDARMENT|INE371C01013|1,2436,2016-11-22,2026-09-30,2435,0,0,0,PODDARMENT,NO_UNRESOLVED_DISCONTINUITY
POEL|INE035S01028|1,32,2026-08-17,2026-09-30,31,0,0,0,POEL,NO_UNRESOLVED_DISCONTINUITY
POKARNA|INE637C01017|1,2431,2016-07-07,2026-09-30,2428,0,2,1,POKARNA,NO_UNRESOLVED_DISCONTINUITY
POLARIND|NOISIN|7,431,2011-06-22,2013-08-20,416,0,14,0,POLARIND,NO_UNRESOLVED_DISCONTINUITY
POLARIS|NOISIN|1,1740,2011-06-22,2018-07-24,1738,0,1,0,POLARIS,NO_UNRESOLVED_DISCONTINUITY
POLICYBZR|INE417T01026|1,1205,2021-11-15,2026-09-30,1203,1,0,0,POLICYBZR,HAS_UNRESOLVED_DISCONTINUITY
POLYCAB|INE455K01017|1,1840,2019-04-16,2026-09-30,1839,0,0,0,POLYCAB,NO_UNRESOLVED_DISCONTINUITY
POLYMED|INE205C01013|1,3654,2011-12-07,2026-09-30,3651,0,2,3,POLYMED,NO_UNRESOLVED_DISCONTINUITY
POLYPLEX|NOISIN|4,3768,2011-06-22,2026-09-30,3767,0,0,0,POLYPLEX,NO_UNRESOLVED_DISCONTINUITY
POLYSPIN|INE914G01029|1,31,2026-08-17,2026-09-30,29,0,1,0,POLYSPIN,NO_UNRESOLVED_DISCONTINUITY
PONDYOXIDE|NOISIN|1,829,2011-06-22,2015-01-07,825,0,3,0,PONDYOXIDE,NO_UNRESOLVED_DISCONTINUITY
PONNIERODE|NOISIN|4,3469,2011-06-22,2026-09-30,3415,0,53,0,PONNIERODE,NO_UNRESOLVED_DISCONTINUITY
POWERGRID|NOISIN|1,3768,2011-06-22,2026-09-30,3767,0,0,2,POWERGRID,NO_UNRESOLVED_DISCONTINUITY
POWERICA|INE921L01032|1,124,2026-04-02,2026-09-30,123,0,0,0,POWERICA,NO_UNRESOLVED_DISCONTINUITY
POWERINDIA|INE07Y701011|1,1598,2020-04-17,2026-09-30,1597,0,0,0,POWERINDIA,NO_UNRESOLVED_DISCONTINUITY
POWERMECH|INE211R01019|1,2737,2015-08-26,2026-09-30,2735,0,1,1,POWERMECH,NO_UNRESOLVED_DISCONTINUITY
PPAP|NOISIN|2,3524,2011-06-22,2026-07-14,3518,0,5,0,PPAP,NO_UNRESOLVED_DISCONTINUITY
PPLPHARMA|INE0DK501011|1,964,2022-11-03,2026-09-30,962,1,0,0,PPLPHARMA,HAS_UNRESOLVED_DISCONTINUITY
PPL|INE050001010|1,1690,2019-08-23,2026-07-01,1689,0,0,0,PPL,NO_UNRESOLVED_DISCONTINUITY
PRABHAT|INE302M01033|1,1376,2015-09-21,2021-04-22,1375,0,0,0,PRABHAT,NO_UNRESOLVED_DISCONTINUITY
PRABHA|INE0I0M01023|1,369,2025-04-03,2026-09-30,367,1,0,0,PRABHA,HAS_UNRESOLVED_DISCONTINUITY
PRADIP|NOISIN|1,1466,2011-06-22,2021-10-14,1356,1,108,0,PRADIP,HAS_UNRESOLVED_DISCONTINUITY
PRADPME|INE770A01010|1,49,2026-04-20,2026-06-30,48,0,0,0,PRADPME,NO_UNRESOLVED_DISCONTINUITY
PRAENG|NOISIN|3,2998,2011-06-22,2026-09-30,2982,0,15,0,PRAENG,NO_UNRESOLVED_DISCONTINUITY
PRAJIND|NOISIN|1,3639,2011-06-22,2026-09-30,3636,0,2,0,PRAJIND,NO_UNRESOLVED_DISCONTINUITY
PRAKASHCON|INE023M01019|1,2098,2011-10-04,2022-11-16,2085,0,12,1,PRAKASHCON|SETUINFRA,NO_UNRESOLVED_DISCONTINUITY
PRAKASHSTL|NOISIN|1,2901,2011-06-22,2026-09-30,2887,0,13,1,PRAKASHSTL,NO_UNRESOLVED_DISCONTINUITY
PRAKASH|NOISIN|3,3622,2011-06-22,2026-09-30,3617,0,4,0,PRAKASH,NO_UNRESOLVED_DISCONTINUITY
PRANAV|INE0H4201019|1,12,2026-09-15,2026-09-30,11,0,0,0,PRANAV,NO_UNRESOLVED_DISCONTINUITY
PRASOLCHEM|INE455U01024|1,11,2026-09-16,2026-09-30,10,0,0,0,PRASOLCHEM,NO_UNRESOLVED_DISCONTINUITY
PRATIBHA|NOISIN|2,1673,2011-06-22,2018-09-24,1670,0,2,0,PRATIBHA,NO_UNRESOLVED_DISCONTINUITY
PRAVEG|INE722B01019|1,114,2026-04-20,2026-09-30,113,0,0,0,PRAVEG,NO_UNRESOLVED_DISCONTINUITY
PRAXIS|INE546Y01022|1,1172,2018-02-15,2026-09-30,1156,3,12,0,PRAXIS,HAS_UNRESOLVED_DISCONTINUITY
PRECAM|INE484I01029|1,2569,2016-02-08,2026-09-30,2567,0,1,0,PRECAM,NO_UNRESOLVED_DISCONTINUITY
PRECOT|NOISIN|2,3138,2011-06-22,2026-09-30,3065,0,72,1,PRECOT,NO_UNRESOLVED_DISCONTINUITY
PRECWIRE|NOISIN|2,3638,2011-06-22,2026-09-30,3632,0,5,3,PRECWIRE,NO_UNRESOLVED_DISCONTINUITY
PREMCO|INE001E01012|1,114,2026-04-20,2026-09-30,113,0,0,0,PREMCO,NO_UNRESOLVED_DISCONTINUITY
PREMEXPLN|INE863B01011|1,2213,2016-06-17,2026-09-30,2205,0,7,1,PREMEXPLN,NO_UNRESOLVED_DISCONTINUITY
PREMIERENE|INE0BS701011|1,514,2024-09-03,2026-09-30,513,0,0,0,PREMIERENE,NO_UNRESOLVED_DISCONTINUITY
PREMIERPOL|INE309M01012|1,1941,2012-08-23,2024-10-17,1830,0,110,0,PREMIERPOL,NO_UNRESOLVED_DISCONTINUITY
PREMIERPOL|INE309M01020|1,332,2025-02-24,2026-09-30,330,0,1,0,PREMIERPOL,NO_UNRESOLVED_DISCONTINUITY
PREMIER|NOISIN|4,2128,2011-06-22,2022-05-24,2108,0,19,0,PREMIER,NO_UNRESOLVED_DISCONTINUITY
PRESTIGE|NOISIN|1,3768,2011-06-22,2026-09-30,3767,0,0,0,PRESTIGE,NO_UNRESOLVED_DISCONTINUITY
PRETAILDVR|NOISIN|1,2741,2011-06-22,2023-02-21,2734,3,3,0,PRETAILDVR|FRLDVR|FELDVR,HAS_UNRESOLVED_DISCONTINUITY
PRICOLLTD|INE726V01018|1,2347,2017-02-27,2026-09-30,2344,1,1,0,PRICOLLTD,HAS_UNRESOLVED_DISCONTINUITY
PRICOL|NOISIN|3,1270,2011-06-22,2016-12-02,1268,0,1,0,PRICOL,NO_UNRESOLVED_DISCONTINUITY
PRIMESECU|NOISIN|2,3453,2011-06-22,2026-09-30,3425,0,27,0,PRIMESECU,NO_UNRESOLVED_DISCONTINUITY
PRIMO|INE607A01022|1,359,2025-04-22,2026-09-30,358,0,0,0,PRIMO,NO_UNRESOLVED_DISCONTINUITY
PRINCEPIPE|INE689W01016|1,1671,2019-12-30,2026-09-30,1670,0,0,0,PRINCEPIPE,NO_UNRESOLVED_DISCONTINUITY
PRIORITY|INE15EH01014|1,8,2026-09-21,2026-09-30,7,0,0,0,PRIORITY,NO_UNRESOLVED_DISCONTINUITY
PRISMCEM|NOISIN|1,3742,2011-06-22,2026-09-30,3740,0,1,0,PRISMCEM|PRSMJOHNSN,NO_UNRESOLVED_DISCONTINUITY
PRISMX|INE286N01028|1,32,2026-08-17,2026-09-30,31,0,0,0,PRISMX,NO_UNRESOLVED_DISCONTINUITY
PRITHVISOF|INE621B01021|1,246,2011-06-23,2015-01-29,139,0,106,0,PRITHVISOF,NO_UNRESOLVED_DISCONTINUITY
PRITHVI|NOISIN|1,375,2011-06-22,2014-12-24,373,0,1,0,PRITHVI,NO_UNRESOLVED_DISCONTINUITY
PRITIKAUTO|INE583R01029|1,1060,2021-08-10,2026-09-30,1056,0,3,0,PRITIKAUTO,NO_UNRESOLVED_DISCONTINUITY
PRITI|INE974Z01015|1,905,2022-03-02,2026-09-30,899,0,5,0,PRITI,NO_UNRESOLVED_DISCONTINUITY
PROINDIA|INE217G01035|1,158,2021-06-03,2022-05-24,156,0,1,0,PROINDIA|EQUIPPP,NO_UNRESOLVED_DISCONTINUITY
PROSTARM|INE0BX301013|1,320,2025-06-17,2026-09-30,319,0,0,0,PROSTARM,NO_UNRESOLVED_DISCONTINUITY
PROTEAN|INE004A01022|1,406,2025-02-06,2026-09-30,405,0,0,0,PROTEAN,NO_UNRESOLVED_DISCONTINUITY
PROVOGE|INE968G01033|1,1633,2012-04-11,2019-10-24,1628,0,4,0,PROVOGE,NO_UNRESOLVED_DISCONTINUITY
PROVOGUE|NOISIN|2,175,2011-06-22,2012-03-06,174,0,0,0,PROVOGUE,NO_UNRESOLVED_DISCONTINUITY
PROZONECSC|INE195N01013|1,3020,2012-09-27,2026-09-30,3010,0,9,0,PROZONECSC|PROZONINTU|PROZONER,NO_UNRESOLVED_DISCONTINUITY
PRUDENT|INE00F201020|1,1078,2022-05-20,2026-09-30,1077,0,0,0,PRUDENT,NO_UNRESOLVED_DISCONTINUITY
PRUDMOULI|INE024D01016|1,339,2024-03-11,2026-09-30,335,0,3,0,PRUDMOULI,NO_UNRESOLVED_DISCONTINUITY
PSB|NOISIN|1,3768,2011-06-22,2026-09-30,3767,0,0,0,PSB,NO_UNRESOLVED_DISCONTINUITY
PSL|NOISIN|1,1978,2011-06-22,2020-08-17,1971,0,6,0,PSL,NO_UNRESOLVED_DISCONTINUITY
PSPPROJECT|INE488V01015|1,2298,2017-06-12,2026-09-30,2297,0,0,0,PSPPROJECT,NO_UNRESOLVED_DISCONTINUITY
PSUBANKICI|INF109KC10S8|1,869,2023-03-21,2026-09-30,868,0,0,0,PSUBANKICI|PSUBNKIETF,NO_UNRESOLVED_DISCONTINUITY
PSUBANK|INF174KA1A86|1,58,2026-07-10,2026-09-30,57,0,0,0,PSUBANK,NO_UNRESOLVED_DISCONTINUITY
PSUBNKBEES|INF204KB16I7|1,1676,2019-12-20,2026-09-30,1675,0,0,0,PSUBNKBEES,NO_UNRESOLVED_DISCONTINUITY
PSUBNKBEES|NOISIN|1,2092,2011-06-22,2019-12-19,2090,1,0,0,PSUBNKBEES,HAS_UNRESOLVED_DISCONTINUITY
PTCIL|INE596F01018|1,759,2023-06-09,2026-09-30,757,0,1,0,PTCIL,NO_UNRESOLVED_DISCONTINUITY
PTC|NOISIN|1,3726,2011-06-22,2026-09-30,3724,0,1,0,PTC,NO_UNRESOLVED_DISCONTINUITY
PTL|NOISIN|7,3605,2011-06-22,2026-09-30,3595,1,8,1,PTL,HAS_UNRESOLVED_DISCONTINUITY
PUNJABCHEM|NOISIN|1,3602,2011-06-22,2026-09-30,3591,0,10,0,PUNJABCHEM,NO_UNRESOLVED_DISCONTINUITY
PUNJLLOYD|NOISIN|1,1941,2011-06-22,2019-09-23,1938,0,2,0,PUNJLLOYD,NO_UNRESOLVED_DISCONTINUITY
PURVA|NOISIN|1,3653,2011-06-22,2026-09-30,3651,0,1,0,PURVA,NO_UNRESOLVED_DISCONTINUITY
PVP|NOISIN|2,2529,2011-06-22,2026-09-30,2514,0,14,0,PVP,NO_UNRESOLVED_DISCONTINUITY
PVR|NOISIN|3,3768,2011-06-22,2026-09-30,3766,1,0,0,PVR|PVRINOX,HAS_UNRESOLVED_DISCONTINUITY
PVSL|INE772T01024|1,625,2024-03-19,2026-09-30,624,0,0,0,PVSL,NO_UNRESOLVED_DISCONTINUITY
PVTBANIETF|INF109KC18U7|1,636,2024-03-01,2026-09-30,635,0,0,0,PVTBANIETF,NO_UNRESOLVED_DISCONTINUITY
PVTBANK|INF174KA1A94|1,50,2026-07-22,2026-09-30,49,0,0,0,PVTBANK,NO_UNRESOLVED_DISCONTINUITY
PVTBKGROWW|INF666M01OT5|1,89,2026-05-26,2026-09-30,88,0,0,0,PVTBKGROWW,NO_UNRESOLVED_DISCONTINUITY
PWL|INE0LP301011|1,215,2025-11-18,2026-09-30,214,0,0,0,PWL,NO_UNRESOLVED_DISCONTINUITY
PYRAMID|INE0MIS01010|1,751,2023-09-12,2026-09-30,750,0,0,0,PYRAMID,NO_UNRESOLVED_DISCONTINUITY
QGOLDHALF|INF082J01408|1,1182,2021-12-17,2026-09-30,1181,0,0,0,QGOLDHALF,NO_UNRESOLVED_DISCONTINUITY
QGOLDHALF|NOISIN|1,2586,2011-06-22,2021-12-16,2584,1,0,0,QGOLDHALF,HAS_UNRESOLVED_DISCONTINUITY
QMSMEDI|INE0FMW01018|1,42,2026-06-18,2026-08-17,41,0,0,0,QMSMEDI,NO_UNRESOLVED_DISCONTINUITY
QNIFTY|INF082J01499|1,155,2026-02-13,2026-09-30,154,0,0,0,QNIFTY,NO_UNRESOLVED_DISCONTINUITY
QNIFTY|NOISIN|1,3062,2011-06-22,2026-02-12,2682,0,379,0,QNIFTY,NO_UNRESOLVED_DISCONTINUITY
QPOWER|INE0SII01026|1,336,2025-02-24,2026-09-30,334,0,1,0,QPOWER,NO_UNRESOLVED_DISCONTINUITY
QUADFUTURE|INE0LRY01011|1,423,2025-01-14,2026-09-30,422,0,0,0,QUADFUTURE,NO_UNRESOLVED_DISCONTINUITY
QUAL30IETF|INF109KC18V5|1,592,2024-05-10,2026-09-30,591,0,0,0,QUAL30IETF,NO_UNRESOLVED_DISCONTINUITY
QUALITY|INF174KA1WT6|1,297,2025-07-18,2026-09-30,296,0,0,0,QUALITY|QUALITY30,NO_UNRESOLVED_DISCONTINUITY
QUESS|INE615P01015|1,2514,2016-07-12,2026-09-30,2512,0,1,0,QUESS,NO_UNRESOLVED_DISCONTINUITY
QUICKHEAL|INE306L01010|1,2554,2016-02-18,2026-09-30,2552,0,1,0,QUICKHEAL,NO_UNRESOLVED_DISCONTINUITY
QUINTEGRA|NOISIN|10,838,2011-06-22,2026-09-30,684,0,153,0,QUINTEGRA,NO_UNRESOLVED_DISCONTINUITY
QUINT|INE641R01017|1,107,2026-04-20,2026-09-21,105,1,0,0,QUINT,HAS_UNRESOLVED_DISCONTINUITY
RACE|INE084Q01012|1,778,2023-05-09,2026-09-30,776,0,1,0,RACE,NO_UNRESOLVED_DISCONTINUITY
RACLGEAR|INE704B01017|1,456,2024-11-27,2026-09-30,455,0,0,0,RACLGEAR,NO_UNRESOLVED_DISCONTINUITY
RADAAN|NOISIN|5,2299,2011-06-22,2026-09-30,2095,0,203,0,RADAAN,NO_UNRESOLVED_DISCONTINUITY
RADHIKAJWE|INE583V01013|1,965,2022-07-18,2026-09-15,963,0,1,1,RADHIKAJWE,NO_UNRESOLVED_DISCONTINUITY
RADIANTCMS|INE855R01021|1,921,2023-01-04,2026-09-30,920,0,0,0,RADIANTCMS,NO_UNRESOLVED_DISCONTINUITY
RADICO|NOISIN|1,3768,2011-06-22,2026-09-30,3767,0,0,0,RADICO,NO_UNRESOLVED_DISCONTINUITY
RADIOCITY|INE919I01016|1,2213,2017-03-17,2026-09-30,2207,2,3,1,RADIOCITY,HAS_UNRESOLVED_DISCONTINUITY
RAILTEL|INE0DD101019|1,1380,2021-02-26,2026-09-30,1379,0,0,0,RAILTEL,NO_UNRESOLVED_DISCONTINUITY
RAINBOWPAP|NOISIN|1,1627,2011-06-22,2018-07-04,1621,0,5,0,RAINBOWPAP,NO_UNRESOLVED_DISCONTINUITY
RAINBOW|INE961O01016|1,1086,2022-05-10,2026-09-30,1085,0,0,0,RAINBOW,NO_UNRESOLVED_DISCONTINUITY
RAINCOM|NOISIN|1,3690,2011-06-22,2026-09-30,3688,0,1,0,RAINCOM|RAIN,NO_UNRESOLVED_DISCONTINUITY
RAIREKMOH|INE313D01013|1,1654,2012-12-04,2021-11-18,1635,1,17,0,RAIREKMOH|MOHOTAMILL|MOHOTAIND,HAS_UNRESOLVED_DISCONTINUITY
RAJESHEXPO|NOISIN|1,3580,2011-06-22,2025-12-24,3579,0,0,0,RAJESHEXPO,NO_UNRESOLVED_DISCONTINUITY
RAJMET|INE00KV01014|1,929,2021-02-16,2026-09-30,921,0,7,2,RAJMET,NO_UNRESOLVED_DISCONTINUITY
RAJOIL|NOISIN|1,1041,2011-06-22,2017-11-21,1033,0,7,0,RAJOIL,NO_UNRESOLVED_DISCONTINUITY
RAJOOENG|INE535F01024|1,268,2025-05-29,2026-06-30,267,0,0,0,RAJOOENG,NO_UNRESOLVED_DISCONTINUITY
RAJPALAYAM|NOISIN|1,992,2011-06-22,2026-09-30,980,0,11,1,RAJPALAYAM,NO_UNRESOLVED_DISCONTINUITY
RAJRATAN|INE451D01011|1,294,2020-05-22,2022-02-02,292,0,1,0,RAJRATAN,NO_UNRESOLVED_DISCONTINUITY
RAJRATAN|INE451D01029|1,1097,2022-03-28,2026-09-30,1095,0,1,0,RAJRATAN,NO_UNRESOLVED_DISCONTINUITY
RAJRAYON|NOISIN|2,1412,2011-06-22,2017-12-06,1343,2,66,1,RAJRAYON,HAS_UNRESOLVED_DISCONTINUITY
RAJRILTD|INE533D01032|1,19,2022-04-01,2022-04-29,18,0,0,0,RAJRILTD,NO_UNRESOLVED_DISCONTINUITY
RAJSREESUG|NOISIN|2,3311,2011-06-22,2026-09-30,3293,0,17,0,RAJSREESUG,NO_UNRESOLVED_DISCONTINUITY
RAJTV|NOISIN|5,2960,2011-06-22,2026-09-30,2948,0,11,1,RAJTV,NO_UNRESOLVED_DISCONTINUITY
RAJVIR|NOISIN|3,1056,2011-06-22,2018-03-16,882,0,173,0,RAJVIR,NO_UNRESOLVED_DISCONTINUITY
RALLIS|NOISIN|1,3768,2011-06-22,2026-09-30,3767,0,0,1,RALLIS,NO_UNRESOLVED_DISCONTINUITY
RAMANEWS|NOISIN|4,3509,2011-06-22,2026-09-30,3503,0,5,0,RAMANEWS,NO_UNRESOLVED_DISCONTINUITY
RAMAPHO|INE809A01024|1,925,2022-08-05,2026-09-30,922,0,2,1,RAMAPHO,NO_UNRESOLVED_DISCONTINUITY
RAMASTEEL|INE230R01019|1,2419,2015-09-07,2026-06-25,2414,0,4,4,RAMASTEEL,NO_UNRESOLVED_DISCONTINUITY
RAMBHAJO|INE1SJO01012|1,55,2026-07-15,2026-09-30,54,0,0,0,RAMBHAJO,NO_UNRESOLVED_DISCONTINUITY
RAMCOIND|NOISIN|2,3757,2011-06-22,2026-09-30,3755,0,1,0,RAMCOIND,NO_UNRESOLVED_DISCONTINUITY
RAMCOSYS|NOISIN|6,3400,2011-06-22,2026-09-30,3390,1,8,0,RAMCOSYS,HAS_UNRESOLVED_DISCONTINUITY
RAMKY|NOISIN|1,3608,2011-06-22,2026-09-30,3603,0,4,0,RAMKY,NO_UNRESOLVED_DISCONTINUITY
RAMRAT|INE207E01023|1,1028,2022-07-29,2026-09-30,1027,0,0,2,RAMRAT,NO_UNRESOLVED_DISCONTINUITY
RAMSARUP|NOISIN|4,547,2011-06-22,2014-01-02,522,0,24,0,RAMSARUP,NO_UNRESOLVED_DISCONTINUITY
RANASUG|NOISIN|5,3265,2011-06-22,2026-09-30,3255,0,9,0,RANASUG,NO_UNRESOLVED_DISCONTINUITY
RANBAXY|NOISIN|1,930,2011-06-22,2015-04-01,928,1,0,0,RANBAXY,HAS_UNRESOLVED_DISCONTINUITY
RANEENGINE|NOISIN|2,2875,2011-06-22,2025-04-21,2776,0,98,0,RANEENGINE,NO_UNRESOLVED_DISCONTINUITY
RANEMADRAS|NOISIN|1,3728,2011-06-22,2026-09-30,3723,0,4,0,RANEHOLDIN,NO_UNRESOLVED_DISCONTINUITY
RANKLIN|NOISIN|1,525,2011-06-22,2015-01-29,488,0,36,0,RANKLIN,NO_UNRESOLVED_DISCONTINUITY
RASOYPR|INE904G01020|1,1105,2011-12-12,2017-08-07,1074,4,26,1,RASOYPR,HAS_UNRESOLVED_DISCONTINUITY
RATEGAIN|INE0CLI01024|1,1182,2021-12-17,2026-09-30,1181,0,0,0,RATEGAIN,NO_UNRESOLVED_DISCONTINUITY
RATNAMANI|NOISIN|1,3767,2011-06-22,2026-09-30,3765,0,1,1,RATNAMANI,NO_UNRESOLVED_DISCONTINUITY
RATNAVEER|INE05CZ01011|1,677,2023-09-26,2026-09-30,674,1,1,0,RATNAVEER,HAS_UNRESOLVED_DISCONTINUITY
RAYMONDLSL|INE02ID01020|1,502,2024-09-19,2026-09-30,501,0,0,0,RAYMONDLSL,NO_UNRESOLVED_DISCONTINUITY
RAYMONDREL|INE1SY401010|1,300,2025-07-15,2026-09-30,299,0,0,0,RAYMONDREL,NO_UNRESOLVED_DISCONTINUITY
RAYMOND|NOISIN|1,3748,2011-06-22,2026-09-30,3745,0,2,0,RAYMOND,NO_UNRESOLVED_DISCONTINUITY
RBLBANK|INE976G01028|1,2489,2016-08-31,2026-09-30,2488,0,0,0,RBLBANK,NO_UNRESOLVED_DISCONTINUITY
RBL|NOISIN|3,3212,2011-06-22,2025-04-21,3146,0,65,0,RBL,NO_UNRESOLVED_DISCONTINUITY
RBN|NOISIN|1,521,2011-06-22,2014-03-20,518,0,2,0,RBN,NO_UNRESOLVED_DISCONTINUITY
RBZJEWEL|INE0PEQ01016|1,446,2024-01-10,2026-09-07,443,0,2,0,RBZJEWEL,NO_UNRESOLVED_DISCONTINUITY
RCF|NOISIN|1,3768,2011-06-22,2026-09-30,3767,0,0,0,RCF,NO_UNRESOLVED_DISCONTINUITY
RCVL|NOISIN|1,2446,2011-06-22,2022-05-24,2440,2,3,0,RCOM,HAS_UNRESOLVED_DISCONTINUITY
RECLTD|NOISIN|1,3768,2011-06-22,2026-09-30,3767,0,0,2,RECLTD,NO_UNRESOLVED_DISCONTINUITY
REDINGTON|NOISIN|1,3768,2011-06-22,2026-09-30,3767,0,0,1,REDINGTON,NO_UNRESOLVED_DISCONTINUITY
REDTAPE|INE0LXT01019|1,762,2023-08-28,2026-09-30,761,0,0,1,REDTAPE,NO_UNRESOLVED_DISCONTINUITY
REFEX|NOISIN|4,3068,2011-06-22,2026-09-30,3036,1,30,1,REFEX,HAS_UNRESOLVED_DISCONTINUITY
REGAAL|INE0MHO01029|1,209,2025-08-20,2026-09-30,207,0,1,0,REGAAL,NO_UNRESOLVED_DISCONTINUITY
REGENCERAM|INE277C01012|1,541,2012-06-18,2026-09-30,491,0,49,0,REGENCERAM,NO_UNRESOLVED_DISCONTINUITY
REIAGROLTD|NOISIN|1,1459,2011-06-22,2017-08-07,1456,0,2,0,REIAGROLTD,NO_UNRESOLVED_DISCONTINUITY
REISIXTEN|NOISIN|1,1013,2011-06-22,2016-11-07,969,0,43,0,REISIXTEN,NO_UNRESOLVED_DISCONTINUITY
RELAXO|NOISIN|1,3767,2011-06-22,2026-09-30,3765,0,1,3,RELAXO,NO_UNRESOLVED_DISCONTINUITY
RELBANK|INF733I01028|1,1291,2011-06-22,2016-11-02,1261,0,29,0,RELBANK,NO_UNRESOLVED_DISCONTINUITY
RELCAPITAL|NOISIN|1,2533,2011-06-22,2022-05-24,2528,1,3,0,RELCAPITAL,HAS_UNRESOLVED_DISCONTINUITY
RELCHEMQ|INE750D01016|1,1010,2022-05-25,2026-09-30,1008,0,1,0,RELCHEMQ,NO_UNRESOLVED_DISCONTINUITY
RELCNX100|INF204K014N5|1,3176,2013-03-28,2026-09-30,3048,0,127,0,RELCNX100|NETFNIF100|NIF100BEES,NO_UNRESOLVED_DISCONTINUITY
RELCONS|INF204KA1LD7|1,2942,2014-04-22,2026-09-30,2862,0,79,0,RELCONS|NETFCONSUM|CONSUMBEES,NO_UNRESOLVED_DISCONTINUITY
RELDIVOPP|INF204KA1MS3|1,2816,2014-05-22,2026-09-30,2658,0,157,0,RELDIVOPP|NETFDIVOPP|DIVOPPBEES,NO_UNRESOLVED_DISCONTINUITY
RELGOLD|NOISIN|1,1320,2011-06-22,2016-11-02,1319,0,0,0,RELGOLD,NO_UNRESOLVED_DISCONTINUITY
RELGRNIFTY|NOISIN|1,2657,2011-06-22,2026-07-30,2043,0,613,0,RELGRNIFTY|IVZINNIFTY,NO_UNRESOLVED_DISCONTINUITY
RELIABLE|INE375Y01018|1,363,2024-07-10,2026-09-30,360,0,2,0,RELIABLE,NO_UNRESOLVED_DISCONTINUITY
RELIANCE|NOISIN|1,3768,2011-06-22,2026-09-30,3765,2,0,2,RELIANCE,HAS_UNRESOLVED_DISCONTINUITY
RELIGAREGO|NOISIN|1,3566,2011-06-22,2026-04-29,3481,0,84,0,RELIGAREGO|IVZINGOLD,NO_UNRESOLVED_DISCONTINUITY
RELIGARE|NOISIN|1,3768,2011-06-22,2026-09-30,3767,0,0,0,RELIGARE,NO_UNRESOLVED_DISCONTINUITY
RELNIFTY|INF204KA1EU6|1,654,2013-11-27,2016-11-02,598,0,55,0,RELNIFTY,NO_UNRESOLVED_DISCONTINUITY
RELNV20|INF204KA17D8|1,730,2015-06-24,2019-12-19,569,1,159,0,RELNV20|NETFNV20,HAS_UNRESOLVED_DISCONTINUITY
RELTD|INE206N01018|1,423,2024-07-30,2026-09-30,419,1,2,0,RELTD,HAS_UNRESOLVED_DISCONTINUITY
REL|NOISIN|1,3116,2011-06-22,2025-06-04,3108,1,6,0,RELINFRA,HAS_UNRESOLVED_DISCONTINUITY
REMSONSIND|INE474C01015|1,2707,2011-09-15,2026-09-30,2520,0,186,1,REMSONSIND,NO_UNRESOLVED_DISCONTINUITY
RENTOMOJO|INE08T701025|1,10,2026-09-17,2026-09-30,9,0,0,0,RENTOMOJO,NO_UNRESOLVED_DISCONTINUITY
RENUKA|NOISIN|1,3699,2011-06-22,2026-09-30,3697,0,1,0,RENUKA,NO_UNRESOLVED_DISCONTINUITY
REPCOHOME|INE612J01015|1,3329,2013-04-01,2026-09-30,3328,0,0,0,REPCOHOME,NO_UNRESOLVED_DISCONTINUITY
REPL|INE364Z01019|1,1268,2020-12-14,2026-09-30,1264,0,3,0,REPL,NO_UNRESOLVED_DISCONTINUITY
REPRO|NOISIN|2,3768,2011-06-22,2026-09-30,3767,0,0,0,REPRO,NO_UNRESOLVED_DISCONTINUITY
RESPONIND|INE688D01026|1,3734,2011-06-23,2026-09-30,3725,0,8,0,RESPONIND,NO_UNRESOLVED_DISCONTINUITY
RESURGERE|NOISIN|1,159,2011-06-22,2012-03-01,157,0,1,0,RESURGERE,NO_UNRESOLVED_DISCONTINUITY
RETAIL|INE03DD01011|1,463,2024-07-10,2026-09-30,460,0,2,0,RETAIL,NO_UNRESOLVED_DISCONTINUITY
RETFMID150|INF204KB1V68|1,1886,2019-02-04,2026-09-30,1882,0,3,0,RETFMID150|NETFMID150|MID150BEES,NO_UNRESOLVED_DISCONTINUITY
REVATHIEQU|INE0DAB01012|1,334,2024-09-25,2026-09-30,331,0,2,0,REVATHIEQU|RVTH,NO_UNRESOLVED_DISCONTINUITY
REVATHI|NOISIN|2,3014,2011-06-22,2026-09-30,2924,0,89,0,REVATHI|SEMAC,NO_UNRESOLVED_DISCONTINUITY
RHETAN|INE0KKN01029|1,249,2025-09-26,2026-09-30,248,0,0,0,RHETAN,NO_UNRESOLVED_DISCONTINUITY
RHFL|INE217K01011|1,1207,2017-10-09,2025-09-23,1196,0,10,0,RHFL,NO_UNRESOLVED_DISCONTINUITY
RHL|INE508K01013|1,663,2023-05-10,2026-09-30,659,0,3,0,RHL,NO_UNRESOLVED_DISCONTINUITY
RICOAUTO|NOISIN|2,3728,2011-06-22,2026-09-30,3726,0,1,0,RICOAUTO,NO_UNRESOLVED_DISCONTINUITY
RIIL|NOISIN|1,3768,2011-06-22,2026-09-30,3767,0,0,0,RIIL,NO_UNRESOLVED_DISCONTINUITY
RIR|INE302D01024|1,54,2026-07-16,2026-09-30,53,0,0,0,RIR,NO_UNRESOLVED_DISCONTINUITY
RISHABH|INE0N2P01017|1,695,2023-09-11,2026-09-30,693,0,1,0,RISHABH,NO_UNRESOLVED_DISCONTINUITY
RITCO|INE01EG01016|1,990,2022-04-12,2026-09-30,987,0,2,0,RITCO,NO_UNRESOLVED_DISCONTINUITY
RITES|INE320J01015|1,2035,2018-07-02,2026-09-30,2033,1,0,1,RITES,HAS_UNRESOLVED_DISCONTINUITY
RJL|INE722H01016|1,3717,2011-09-06,2026-09-30,3716,0,0,1,RJL|RGL,NO_UNRESOLVED_DISCONTINUITY
RKDL|NOISIN|2,2939,2011-06-22,2026-09-30,2926,0,12,0,RKDL,NO_UNRESOLVED_DISCONTINUITY
RKEC|INE786W01010|1,1363,2020-12-18,2026-09-30,1361,0,1,0,RKEC,NO_UNRESOLVED_DISCONTINUITY
RKFORGE|NOISIN|4,3506,2011-06-22,2026-09-30,3486,0,19,1,RKFORGE,NO_UNRESOLVED_DISCONTINUITY
RKSWAMY|INE0NQ801033|1,630,2024-03-12,2026-09-30,629,0,0,0,RKSWAMY,NO_UNRESOLVED_DISCONTINUITY
RMCL|NOISIN|5,1726,2011-06-22,2021-02-19,1712,0,13,0,RMCL,NO_UNRESOLVED_DISCONTINUITY
RMC|INE655V01019|1,71,2026-06-22,2026-09-30,70,0,0,0,RMC,NO_UNRESOLVED_DISCONTINUITY
RMDRIP|INE219Y01018|1,244,2025-07-30,2026-07-28,243,0,0,2,RMDRIP,NO_UNRESOLVED_DISCONTINUITY
RML|NOISIN|2,3727,2011-06-22,2026-09-30,3698,0,28,0,RML,NO_UNRESOLVED_DISCONTINUITY
RMMIL|INE774I01031|1,771,2012-06-27,2016-05-20,767,0,3,0,RMMIL,NO_UNRESOLVED_DISCONTINUITY
RNAM|INE298J01013|1,2198,2017-11-06,2026-09-30,2197,0,0,0,RNAM|NAM-INDIA,NO_UNRESOLVED_DISCONTINUITY
RNBDENIMS|INE012Q01021|1,117,2025-09-04,2026-02-23,116,0,0,0,RNBDENIMS,NO_UNRESOLVED_DISCONTINUITY
RNBDENIMS|INE012Q01039|1,77,2026-05-19,2026-09-04,76,0,0,0,RNBDENIMS,NO_UNRESOLVED_DISCONTINUITY
ROHITFERRO|NOISIN|3,1708,2011-06-22,2022-04-07,1697,0,10,0,ROHITFERRO,NO_UNRESOLVED_DISCONTINUITY
ROHLTD|NOISIN|1,3617,2011-06-22,2026-09-30,3613,0,3,0,ROHLTD,NO_UNRESOLVED_DISCONTINUITY
ROLEXRINGS|INE645S01016|1,1271,2021-08-09,2026-09-30,1270,0,0,1,ROLEXRINGS,NO_UNRESOLVED_DISCONTINUITY
ROLLT|INE927A01040|1,1199,2016-11-22,2026-05-07,1186,0,12,0,ROLLT,NO_UNRESOLVED_DISCONTINUITY
ROLTA|NOISIN|1,2324,2011-06-22,2022-08-22,2315,0,8,0,ROLTA,NO_UNRESOLVED_DISCONTINUITY
ROMAN|NOISIN|4,3170,2011-06-22,2026-09-30,3089,0,80,0,ROMAN|TARMAT,NO_UNRESOLVED_DISCONTINUITY
ROML|INE294G01026|1,1001,2020-11-03,2026-09-30,994,0,6,0,ROML,NO_UNRESOLVED_DISCONTINUITY
ROSSARI|INE02A801020|1,1531,2020-07-23,2026-09-30,1530,0,0,0,ROSSARI,NO_UNRESOLVED_DISCONTINUITY
ROSSELLIND|INE847C01020|1,3032,2012-09-25,2026-09-30,2994,0,37,0,ROSSELLIND,NO_UNRESOLVED_DISCONTINUITY
ROSSTECH|INE0OJW01016|1,352,2024-12-23,2026-09-30,350,0,1,0,ROSSTECH,NO_UNRESOLVED_DISCONTINUITY
ROTO|INE535D01029|1,1098,2022-04-21,2026-09-30,1097,0,0,3,ROTO,NO_UNRESOLVED_DISCONTINUITY
ROUTE|INE450U01017|1,1489,2020-09-21,2026-09-30,1488,0,0,0,ROUTE,NO_UNRESOLVED_DISCONTINUITY
RPEL|INE912T01018|1,531,2024-08-08,2026-09-30,530,0,0,1,RPEL,NO_UNRESOLVED_DISCONTINUITY
RPGLIFE|NOISIN|2,3740,2011-06-22,2026-09-30,3738,0,1,0,RPGLIFE,NO_UNRESOLVED_DISCONTINUITY
RPOWER|NOISIN|1,3365,2011-06-22,2026-09-30,3354,2,8,0,RPOWER,HAS_UNRESOLVED_DISCONTINUITY
RPPINFRA|NOISIN|1,3352,2011-06-22,2026-09-30,3345,1,5,0,RPPINFRA,HAS_UNRESOLVED_DISCONTINUITY
RPPL|INE760W01015|1,1102,2021-11-26,2026-08-10,1100,0,1,2,RPPL,NO_UNRESOLVED_DISCONTINUITY
RPTECH|INE0J1F01024|1,648,2024-02-14,2026-09-30,647,0,0,0,RPTECH,NO_UNRESOLVED_DISCONTINUITY
RRECL|INE0AK901016|1,31,2026-08-17,2026-09-30,29,0,1,0,RRECL,NO_UNRESOLVED_DISCONTINUITY
RRIL|INE951M01037|1,114,2026-04-20,2026-09-30,113,0,0,0,RRIL,NO_UNRESOLVED_DISCONTINUITY
RRKABEL|INE777K01022|1,746,2023-09-20,2026-09-30,745,0,0,0,RRKABEL,NO_UNRESOLVED_DISCONTINUITY
RRSLGETF|INF204KB1882|1,2318,2016-07-14,2026-09-30,2219,0,98,0,RRSLGETF|NETFLTGILT|LTGILTBEES,NO_UNRESOLVED_DISCONTINUITY
RSDFIN|INE616F01022|1,68,2026-04-20,2026-08-05,61,0,6,0,RSDFIN,NO_UNRESOLVED_DISCONTINUITY
RSL|INE313L01016|1,132,2026-03-19,2026-09-30,131,0,0,0,RSL,NO_UNRESOLVED_DISCONTINUITY
RSSOFTWARE|NOISIN|4,3092,2011-06-22,2026-09-30,3086,0,5,1,RSSOFTWARE,NO_UNRESOLVED_DISCONTINUITY
RSWM|NOISIN|2,3592,2011-06-22,2026-09-30,3586,1,4,0,RSWM,HAS_UNRESOLVED_DISCONTINUITY
RSYSTEMS|NOISIN|1,3697,2011-06-22,2026-09-30,3687,0,9,1,RSYSTEMS,NO_UNRESOLVED_DISCONTINUITY
RTSPOWR|INE005C01017|1,32,2026-08-17,2026-09-30,31,0,0,0,RTSPOWR,NO_UNRESOLVED_DISCONTINUITY
RUBFILA|INE642C01025|1,531,2024-08-08,2026-09-30,530,0,0,0,RUBFILA,NO_UNRESOLVED_DISCONTINUITY
RUBICON|INE506V01022|1,236,2025-10-16,2026-09-30,235,0,0,0,RUBICON,NO_UNRESOLVED_DISCONTINUITY
RUBYMILLS|NOISIN|4,3647,2011-06-22,2026-09-30,3643,0,3,3,RUBYMILLS,NO_UNRESOLVED_DISCONTINUITY
RUCHINFRA|NOISIN|4,1201,2011-06-22,2026-09-30,1195,0,5,0,RUCHINFRA,NO_UNRESOLVED_DISCONTINUITY
RUCHIRA|NOISIN|8,3658,2011-06-22,2026-09-30,3628,1,28,0,RUCHIRA,HAS_UNRESOLVED_DISCONTINUITY
RUCHISOYA|NOISIN|1,1976,2011-06-22,2019-11-13,1973,0,2,0,RUCHISOYA,NO_UNRESOLVED_DISCONTINUITY
RUCHI|INE619A01035|1,1100,2020-02-07,2026-09-30,1096,0,3,1,RUCHI|PATANJALI,NO_UNRESOLVED_DISCONTINUITY
RUDRA|INE027T01023|1,129,2025-12-19,2026-09-30,127,0,1,0,RUDRA,NO_UNRESOLVED_DISCONTINUITY
RUPA|INE895B01021|1,3531,2011-12-07,2026-09-30,3477,0,53,0,RUPA,NO_UNRESOLVED_DISCONTINUITY
RUSHIL|INE573K01017|1,3688,2011-07-07,2026-09-30,3683,2,2,1,RUSHIL,HAS_UNRESOLVED_DISCONTINUITY
RUSTOMJEE|INE263M01029|1,950,2022-11-24,2026-09-30,949,0,0,0,RUSTOMJEE,NO_UNRESOLVED_DISCONTINUITY
RVHL|INE09E501017|1,1060,2021-01-04,2026-09-30,1052,0,7,0,RVHL,NO_UNRESOLVED_DISCONTINUITY
RVNL|INE415G01027|1,1843,2019-04-11,2026-09-30,1842,0,0,0,RVNL,NO_UNRESOLVED_DISCONTINUITY
S&SPOWER|INE902B01017|1,483,2020-04-07,2026-09-30,461,0,21,0,S&SPOWER,NO_UNRESOLVED_DISCONTINUITY
SAATVIKGL|INE13B501022|1,249,2025-09-26,2026-09-30,248,0,0,0,SAATVIKGL,NO_UNRESOLVED_DISCONTINUITY
SABERORGAN|INE243A01018|1,692,2011-09-06,2015-01-15,688,0,3,0,SABERORGAN,NO_UNRESOLVED_DISCONTINUITY
SABEVENTS|INE860T01019|1,901,2016-09-29,2026-08-04,809,0,91,0,SABEVENTS,NO_UNRESOLVED_DISCONTINUITY
SABTNL|INE416A01044|1,209,2024-04-18,2026-09-30,204,0,4,1,SABTNL|AQYLON,NO_UNRESOLVED_DISCONTINUITY
SABTN|NOISIN|5,1953,2011-06-22,2021-06-17,1943,0,9,0,SABTN,NO_UNRESOLVED_DISCONTINUITY
SAB|INE137M01017|1,23,2026-08-17,2026-09-25,17,0,5,0,SAB,NO_UNRESOLVED_DISCONTINUITY
SADBHAV|NOISIN|1,3307,2011-06-22,2026-09-30,3298,0,8,0,SADBHAV,NO_UNRESOLVED_DISCONTINUITY
SADBHIN|INE764L01010|1,2301,2015-09-16,2026-09-30,2295,0,5,0,SADBHIN,NO_UNRESOLVED_DISCONTINUITY
SADHNANIQ|INE888C01040|1,536,2023-05-05,2026-04-23,531,3,1,0,SADHNANIQ,HAS_UNRESOLVED_DISCONTINUITY
SAFARI|INE429E01023|1,1742,2019-09-12,2026-09-30,1741,0,0,1,SAFARI,NO_UNRESOLVED_DISCONTINUITY
SAGARDEEP|INE976T01013|1,1261,2019-01-25,2026-09-30,1254,0,6,1,SAGARDEEP,NO_UNRESOLVED_DISCONTINUITY
SAGCEM|NOISIN|1,3638,2011-06-22,2026-09-30,3610,0,27,1,SAGCEM,NO_UNRESOLVED_DISCONTINUITY
SAGILITY|INE0W2G01015|1,430,2024-11-12,2026-09-30,428,0,1,0,SAGILITY,NO_UNRESOLVED_DISCONTINUITY
SAHLIBHFI|INE861D01011|1,119,2026-04-10,2026-09-30,118,0,0,0,SAHLIBHFI,NO_UNRESOLVED_DISCONTINUITY
SAHPETRO|NOISIN|5,3525,2011-06-22,2026-06-09,3519,0,5,0,SAHPETRO|GULFPETRO,NO_UNRESOLVED_DISCONTINUITY
SAHYADRI|INE280H01015|1,859,2023-04-06,2026-09-30,858,0,0,0,SAHYADRI,NO_UNRESOLVED_DISCONTINUITY
SAH|INE035801013|1,776,2023-01-27,2026-09-30,773,0,2,0,SAH|AERONEU,NO_UNRESOLVED_DISCONTINUITY
SAICAPI|INE531X01018|1,31,2026-08-17,2026-09-30,29,0,1,0,SAICAPI,NO_UNRESOLVED_DISCONTINUITY
SAILIFE|INE570L01029|1,441,2024-12-18,2026-09-30,440,0,0,0,SAILIFE,NO_UNRESOLVED_DISCONTINUITY
SAIL|NOISIN|1,3768,2011-06-22,2026-09-30,3767,0,0,0,SAIL,NO_UNRESOLVED_DISCONTINUITY
SAIPARENT|INE0H9F01037|1,124,2026-04-02,2026-09-30,123,0,0,0,SAIPARENT,NO_UNRESOLVED_DISCONTINUITY
SAKAR|INE732S01012|1,1548,2019-04-11,2026-09-30,1541,0,6,0,SAKAR,NO_UNRESOLVED_DISCONTINUITY
SAKHTISUG|NOISIN|3,3262,2011-06-22,2026-09-30,3251,0,10,0,SAKHTISUG,NO_UNRESOLVED_DISCONTINUITY
SAKSOFT|NOISIN|6,3591,2011-06-22,2026-09-30,3557,1,32,1,SAKSOFT,HAS_UNRESOLVED_DISCONTINUITY
SAKTHIFIN|INE302E01014|1,130,2014-05-23,2014-12-04,129,0,0,0,SAKTHIFIN,NO_UNRESOLVED_DISCONTINUITY
SAKUMA|NOISIN|1,3168,2011-06-22,2026-09-30,3120,1,46,2,SAKUMA,HAS_UNRESOLVED_DISCONTINUITY
SALASAR|INE170V01019|1,2199,2017-08-08,2026-09-30,2197,0,1,3,SALASAR,NO_UNRESOLVED_DISCONTINUITY
SALONACOT|NOISIN|2,2769,2011-06-22,2026-09-30,2615,0,153,0,SALONACOT|SALONA,NO_UNRESOLVED_DISCONTINUITY
SALORAINTL|NOISIN|2,1362,2011-06-22,2019-04-16,1261,0,100,0,SALORAINTL,NO_UNRESOLVED_DISCONTINUITY
SALSTEEL|NOISIN|5,2724,2011-06-22,2026-09-30,2697,0,26,0,SALSTEEL,NO_UNRESOLVED_DISCONTINUITY
SALZERELEC|INE457F01013|1,2674,2015-12-02,2026-09-30,2673,0,0,0,SALZERELEC,NO_UNRESOLVED_DISCONTINUITY
SAMBANDAM|NOISIN|1,608,2011-06-22,2026-09-30,487,0,120,0,SAMBANDAM,NO_UNRESOLVED_DISCONTINUITY
SAMBHAAV|NOISIN|4,2475,2011-06-22,2026-09-30,2374,0,100,0,SAMBHAAV,NO_UNRESOLVED_DISCONTINUITY
SAMBHV|INE12NJ01018|1,309,2025-07-02,2026-09-30,308,0,0,0,SAMBHV,NO_UNRESOLVED_DISCONTINUITY
SAMHI|INE08U801020|1,744,2023-09-22,2026-09-30,743,0,0,0,SAMHI,NO_UNRESOLVED_DISCONTINUITY
SAMINDUS|INE653D01012|1,65,2012-08-28,2014-12-09,41,0,23,0,SAMINDUS,NO_UNRESOLVED_DISCONTINUITY
SAMTEL|INE381A01016|1,619,2012-06-18,2017-11-21,510,0,108,0,SAMTEL,NO_UNRESOLVED_DISCONTINUITY
SANATHAN|INE0JPD01013|1,435,2024-12-27,2026-09-30,434,0,0,0,SANATHAN,NO_UNRESOLVED_DISCONTINUITY
SANCO|INE782L01012|1,1315,2016-11-22,2022-10-04,1310,0,4,0,SANCO,NO_UNRESOLVED_DISCONTINUITY
SANDESH|NOISIN|2,3655,2011-06-22,2026-09-30,3593,0,61,0,SANDESH,NO_UNRESOLVED_DISCONTINUITY
SANDHAR|INE278H01035|1,2099,2018-04-02,2026-09-30,2098,0,0,0,SANDHAR,NO_UNRESOLVED_DISCONTINUITY
SANDUMA|INE149K01016|1,754,2023-09-07,2026-09-30,753,0,0,2,SANDUMA,NO_UNRESOLVED_DISCONTINUITY
SANGAMIND|NOISIN|3,3624,2011-06-22,2026-09-30,3621,0,2,0,SANGAMIND,NO_UNRESOLVED_DISCONTINUITY
SANGHIIND|NOISIN|1,3231,2011-06-22,2026-04-02,3223,0,7,0,SANGHIIND,NO_UNRESOLVED_DISCONTINUITY
SANGHIPOLY|NOISIN|5,91,2011-06-22,2011-11-02,90,0,0,0,SANGHIPOLY,NO_UNRESOLVED_DISCONTINUITY
SANGHVIFOR|NOISIN|1,1962,2011-06-22,2021-04-30,1951,0,10,0,SANGHVIFOR,NO_UNRESOLVED_DISCONTINUITY
SANGHVIMOV|NOISIN|1,3681,2011-06-22,2026-09-30,3679,0,1,1,SANGHVIMOV,NO_UNRESOLVED_DISCONTINUITY
SANGINITA|INE753W01010|1,1377,2019-07-15,2026-02-25,1371,0,5,0,SANGINITA,NO_UNRESOLVED_DISCONTINUITY
SANOFICONR|INE0UOS01011|1,496,2024-09-27,2026-09-30,495,0,0,0,SANOFICONR,NO_UNRESOLVED_DISCONTINUITY
SANSERA|INE953O01021|1,1239,2021-09-24,2026-09-30,1238,0,0,0,SANSERA,NO_UNRESOLVED_DISCONTINUITY
SANSTAR|INE08NE01025|1,540,2024-07-26,2026-09-30,539,0,0,0,SANSTAR,NO_UNRESOLVED_DISCONTINUITY
SANWARIA|NOISIN|2,2134,2011-06-22,2020-09-11,2131,0,2,1,SANWARIA,NO_UNRESOLVED_DISCONTINUITY
SAPPHIRE|INE806T01012|1,1202,2021-11-18,2026-09-30,1201,0,0,1,SAPPHIRE,NO_UNRESOLVED_DISCONTINUITY
SAPPL|INE185C01017|1,113,2026-04-21,2026-09-30,112,0,0,0,SAPPL,NO_UNRESOLVED_DISCONTINUITY
SARDAEN|NOISIN|1,3706,2011-06-22,2026-09-30,3704,0,1,1,SARDAEN,NO_UNRESOLVED_DISCONTINUITY
SAREGAMA|NOISIN|6,3525,2011-06-22,2026-09-30,3519,0,5,1,SAREGAMA,NO_UNRESOLVED_DISCONTINUITY
SARLAPOLY|INE453D01017|1,3282,2011-06-23,2026-09-30,3175,0,106,1,SARLAPOLY,NO_UNRESOLVED_DISCONTINUITY
SARTHAKIND|INE074H01012|1,62,2011-12-19,2012-09-05,47,0,14,0,SARTHAKIND,NO_UNRESOLVED_DISCONTINUITY
SARVESHWAR|INE324X01018|1,165,2022-12-08,2023-08-07,164,0,0,0,SARVESHWAR,NO_UNRESOLVED_DISCONTINUITY
SARVESHWAR|INE324X01026|1,555,2024-01-01,2026-09-30,551,1,2,0,SARVESHWAR,HAS_UNRESOLVED_DISCONTINUITY
SASKEN|NOISIN|1,3768,2011-06-22,2026-09-30,3767,0,0,0,SASKEN,NO_UNRESOLVED_DISCONTINUITY
SATHAISPAT|NOISIN|1,1919,2011-06-22,2020-05-18,1908,0,10,0,SATHAISPAT,NO_UNRESOLVED_DISCONTINUITY
SATIA|INE170E01015|1,1779,2019-07-17,2026-09-30,1778,0,0,1,SATIA,NO_UNRESOLVED_DISCONTINUITY
SATINDLTD|INE065D01027|1,953,2022-11-21,2026-09-30,952,0,0,0,SATINDLTD|AEROENTER,NO_UNRESOLVED_DISCONTINUITY
SATIN|INE836B01017|1,2670,2015-09-10,2026-09-30,2667,1,1,0,SATIN,HAS_UNRESOLVED_DISCONTINUITY
SATYAMCOMP|NOISIN|1,504,2011-06-22,2013-07-03,503,0,0,0,SATYAMCOMP,NO_UNRESOLVED_DISCONTINUITY
SAURASHCEM|INE626A01014|1,639,2024-02-27,2026-09-30,638,0,0,0,SAURASHCEM,NO_UNRESOLVED_DISCONTINUITY
SAVERA|NOISIN|1,828,2011-06-22,2015-01-29,786,0,41,0,SAVERA,NO_UNRESOLVED_DISCONTINUITY
SAVITACHEM|NOISIN|1,3768,2011-06-22,2026-09-30,3767,0,0,1,SOTL,NO_UNRESOLVED_DISCONTINUITY
SAWPIPES|NOISIN|1,3758,2011-06-22,2026-09-30,3755,1,1,1,JINDALSAW,HAS_UNRESOLVED_DISCONTINUITY
SAYAJIHOTL|INE318C01014|1,237,2012-08-28,2026-09-29,185,0,51,0,SAYAJIHOTL,NO_UNRESOLVED_DISCONTINUITY
SAYAJIIND|INE327G01032|1,32,2026-08-17,2026-09-30,31,0,0,0,SAYAJIIND,NO_UNRESOLVED_DISCONTINUITY
SB&TINTL|INE465B01015|1,279,2011-09-06,2012-10-19,278,0,0,0,SB&TINTL,NO_UNRESOLVED_DISCONTINUITY
SBBJ|NOISIN|1,1411,2011-06-22,2017-03-15,1410,0,0,0,SBBJ,NO_UNRESOLVED_DISCONTINUITY
SBCL|INE386D01027|1,1302,2021-06-24,2026-09-30,1301,0,0,1,SBCL,NO_UNRESOLVED_DISCONTINUITY
SBC|INE04AK01010|1,37,2021-11-23,2022-01-12,36,0,0,0,SBC,NO_UNRESOLVED_DISCONTINUITY
SBC|INE04AK01028|1,986,2022-03-29,2026-09-30,983,0,2,2,SBC,NO_UNRESOLVED_DISCONTINUITY
SBFC|INE423Y01016|1,770,2023-08-16,2026-09-30,769,0,0,0,SBFC,NO_UNRESOLVED_DISCONTINUITY
SBGLP|INE05ST01010|1,788,2023-02-10,2026-09-30,786,0,1,1,SBGLP,NO_UNRESOLVED_DISCONTINUITY
SBIBPB|INF200KB1712|1,373,2025-03-27,2026-09-30,372,0,0,0,SBIBPB,NO_UNRESOLVED_DISCONTINUITY
SBICARD|INE018E01016|1,1618,2020-03-16,2026-09-30,1617,0,0,0,SBICARD,NO_UNRESOLVED_DISCONTINUITY
SBIETFCON|INF200KA1X17|1,1278,2021-07-29,2026-09-30,1277,0,0,0,SBIETFCON,NO_UNRESOLVED_DISCONTINUITY
SBIETFIT|INF200KA1S14|1,1467,2020-10-22,2026-09-30,1466,0,0,0,SBIETFIT,NO_UNRESOLVED_DISCONTINUITY
SBIETFPB|INF200KA1S22|1,1467,2020-10-22,2026-09-30,1466,0,0,0,SBIETFPB,NO_UNRESOLVED_DISCONTINUITY
SBIETFQLTY|INF200KA1WX6|1,1923,2018-12-17,2026-09-30,1922,0,0,0,SBIETFQLTY,NO_UNRESOLVED_DISCONTINUITY
SBIFUNDS|INE640G01020|1,51,2026-07-21,2026-09-30,50,0,0,0,SBIFUNDS,NO_UNRESOLVED_DISCONTINUITY
SBIGETS|NOISIN|1,2601,2011-06-22,2022-01-06,2599,1,0,0,SBIGETS|SETFGOLD,HAS_UNRESOLVED_DISCONTINUITY
SBILIFE|INE123W01016|1,2221,2017-10-03,2026-09-30,2220,0,0,0,SBILIFE,NO_UNRESOLVED_DISCONTINUITY
SBILIQETF|INF200KB1969|1,277,2025-08-13,2026-09-30,274,0,2,0,SBILIQETF,NO_UNRESOLVED_DISCONTINUITY
SBIMIDMOM|INF200KB1AJ0|1,141,2026-03-06,2026-09-30,140,0,0,0,SBIMIDMOM,NO_UNRESOLVED_DISCONTINUITY
SBINEQWETF|INF200KB1282|1,543,2024-07-23,2026-09-30,542,0,0,0,SBINEQWETF,NO_UNRESOLVED_DISCONTINUITY
SBINMID150|INF200KB1AK8|1,123,2026-04-06,2026-09-30,122,0,0,0,SBINMID150,NO_UNRESOLVED_DISCONTINUITY
SBIN|NOISIN|1,3768,2011-06-22,2026-09-30,3767,0,0,1,SBIN,NO_UNRESOLVED_DISCONTINUITY
SBISILVER|INF200KB1217|1,553,2024-07-08,2026-09-30,552,0,0,0,SBISILVER,NO_UNRESOLVED_DISCONTINUITY
SBISMLETF|INF200KB1AY9|1,90,2026-05-25,2026-09-30,89,0,0,0,SBISMLETF,NO_UNRESOLVED_DISCONTINUITY
SBIVALETF|INF200KB1AX1|1,90,2026-05-25,2026-09-30,89,0,0,0,SBIVALETF,NO_UNRESOLVED_DISCONTINUITY
SBT|NOISIN|1,1411,2011-06-22,2017-03-15,1409,1,0,0,SBT,HAS_UNRESOLVED_DISCONTINUITY
SCANSTL|INE099G01011|1,72,2026-04-20,2026-07-31,71,0,0,0,SCANSTL,NO_UNRESOLVED_DISCONTINUITY
SCAPDVR|INE224E01036|1,1221,2017-10-10,2026-08-03,1195,1,24,0,SCAPDVR|GATECHDVR,HAS_UNRESOLVED_DISCONTINUITY
SCHAND|INE807K01035|1,2172,2017-05-09,2026-09-30,2168,0,3,0,SCHAND,NO_UNRESOLVED_DISCONTINUITY
SCHNEIDER|INE839M01018|1,3392,2012-04-03,2026-09-30,3387,0,4,0,SCHNEIDER,NO_UNRESOLVED_DISCONTINUITY
SCILAL|INE0PB301013|1,615,2024-04-04,2026-09-30,614,0,0,0,SCILAL,NO_UNRESOLVED_DISCONTINUITY
SCI|NOISIN|1,3758,2011-06-22,2026-09-30,3756,0,1,0,SCI,NO_UNRESOLVED_DISCONTINUITY
SCODATUBES|INE090501011|1,319,2025-06-18,2026-09-30,318,0,0,0,SCODATUBES,NO_UNRESOLVED_DISCONTINUITY
SCPL|INE501Y01019|1,712,2022-11-22,2026-08-21,708,0,3,0,SCPL,NO_UNRESOLVED_DISCONTINUITY
SDBL|INE480C01012|1,2735,2014-04-01,2026-09-30,2729,2,3,2,SDBL,HAS_UNRESOLVED_DISCONTINUITY
SEAMECLTD|NOISIN|3,3545,2011-06-22,2026-09-30,3540,0,4,0,SEAMECLTD,NO_UNRESOLVED_DISCONTINUITY
SECLEDBETA|INF789F1AH42|1,9,2026-09-18,2026-09-30,8,0,0,0,SECLEDBETA,NO_UNRESOLVED_DISCONTINUITY
SECMARK|INE0BTM01013|1,513,2023-10-16,2026-09-30,507,0,5,0,SECMARK,NO_UNRESOLVED_DISCONTINUITY
SECURCRED|INE195Y01010|1,406,2022-10-17,2024-06-21,404,0,1,1,SECURCRED,NO_UNRESOLVED_DISCONTINUITY
SEDEMAC|INE00XB01019|1,138,2026-03-11,2026-09-30,137,0,0,0,SEDEMAC,NO_UNRESOLVED_DISCONTINUITY
SEIL|INE440T01028|1,114,2026-04-20,2026-09-30,113,0,0,0,SEIL,NO_UNRESOLVED_DISCONTINUITY
SEINVEST|NOISIN|1,71,2011-06-22,2011-10-03,70,0,0,0,SEINVEST,NO_UNRESOLVED_DISCONTINUITY
SEINV|INE420C01042|1,3676,2011-10-17,2026-09-30,3670,0,5,2,SEINV|PAISALO,NO_UNRESOLVED_DISCONTINUITY
SEJALLTD|INE955I01044|1,239,2022-04-05,2026-09-30,233,0,5,0,SEJALLTD,NO_UNRESOLVED_DISCONTINUITY
SEKURITIND|INE068B01017|1,32,2026-08-17,2026-09-30,31,0,0,0,SEKURITIND,NO_UNRESOLVED_DISCONTINUITY
SELAN|NOISIN|2,3709,2011-06-22,2026-09-30,3707,0,1,0,SELAN|ANTELOPUS,NO_UNRESOLVED_DISCONTINUITY
SELECTIPO|INF769K01ON4|1,381,2025-03-17,2026-09-30,380,0,0,0,SELECTIPO,NO_UNRESOLVED_DISCONTINUITY
SELMCL|NOISIN|1,2026,2011-06-22,2020-03-26,2022,0,3,0,SELMCL,NO_UNRESOLVED_DISCONTINUITY
SELMC|INE105I01020|1,499,2021-11-12,2026-09-09,490,0,8,0,SELMC,NO_UNRESOLVED_DISCONTINUITY
SENCO|INE602W01019|1,792,2023-07-14,2026-09-30,791,0,0,1,SENCO,NO_UNRESOLVED_DISCONTINUITY
SENORES|INE0RB801010|1,434,2024-12-30,2026-09-30,433,0,0,0,SENORES,NO_UNRESOLVED_DISCONTINUITY
SENSEXETF|INF769K01KT9|1,735,2023-10-06,2026-09-30,734,0,0,0,SENSEXETF,NO_UNRESOLVED_DISCONTINUITY
SENTINEL|NOISIN|1,2986,2011-06-22,2026-09-30,2960,0,25,0,SENTINEL|STEL,NO_UNRESOLVED_DISCONTINUITY
SEPOWER|INE735M01018|1,2624,2012-08-10,2026-09-30,2549,0,74,0,SEPOWER|SAMPANN,NO_UNRESOLVED_DISCONTINUITY
SEQUENT|INE807F01027|1,2539,2016-03-10,2026-09-30,2536,0,2,0,SEQUENT|VIYASH,NO_UNRESOLVED_DISCONTINUITY
SERVALL|NOISIN|1,1203,2011-06-22,2017-08-22,1150,0,52,0,SERVALL,NO_UNRESOLVED_DISCONTINUITY
SERVOTECH|INE782X01017|1,266,2021-09-02,2023-06-12,262,0,3,1,SERVOTECH,NO_UNRESOLVED_DISCONTINUITY
SERVOTECH|INE782X01033|1,629,2023-09-25,2026-09-30,626,0,2,0,SERVOTECH,NO_UNRESOLVED_DISCONTINUITY
SESAGOA|NOISIN|1,3768,2011-06-22,2026-09-30,3766,1,0,0,SESAGOA|SSLT|VEDL,HAS_UNRESOLVED_DISCONTINUITY
SESHAPAPER|NOISIN|1,3705,2011-06-22,2026-09-30,3675,0,29,1,SESHAPAPER,NO_UNRESOLVED_DISCONTINUITY
SETCO|INE878E01021|1,1853,2016-07-01,2026-04-08,1847,0,5,0,SETCO,NO_UNRESOLVED_DISCONTINUITY
SETF10GILT|INF200KA1JT1|1,2075,2016-06-23,2026-09-30,1908,0,166,0,SETF10GILT,NO_UNRESOLVED_DISCONTINUITY
SETFBANK|INF200KA1580|1,2823,2015-03-25,2026-09-30,2804,0,18,0,SETFBANK|SETFNIFBK,NO_UNRESOLVED_DISCONTINUITY
SETFGOLD|INF200KA16D8|1,1167,2022-01-07,2026-09-30,1166,0,0,0,SETFGOLD,NO_UNRESOLVED_DISCONTINUITY
SETFNIFJR|INF200KA1598|1,2760,2015-03-27,2026-09-30,2710,0,49,0,SETFNIFJR|SETFNN50,NO_UNRESOLVED_DISCONTINUITY
SETFNIFTY|INF200KA1FS1|1,2757,2015-07-27,2026-09-30,2754,0,2,0,SETFNIFTY|SETFNIF50,NO_UNRESOLVED_DISCONTINUITY
SEYAIND|INE573R01012|1,646,2019-07-11,2023-05-22,644,0,1,0,SEYAIND,NO_UNRESOLVED_DISCONTINUITY
SEZALGLASS|INE955I01028|1,44,2011-09-06,2011-11-09,43,0,0,0,SEZALGLASS,NO_UNRESOLVED_DISCONTINUITY
SEZAL|INE955I01036|1,790,2011-11-22,2017-12-01,714,0,75,0,SEZAL,NO_UNRESOLVED_DISCONTINUITY
SFCL|INE935O01010|1,764,2013-11-07,2017-03-30,760,0,3,0,SFCL,NO_UNRESOLVED_DISCONTINUITY
SFL|INE916U01025|1,2423,2016-12-09,2026-09-30,2422,0,0,1,SFL,NO_UNRESOLVED_DISCONTINUITY
SGFIN|INE618R01015|1,285,2025-08-05,2026-09-30,284,0,0,0,SGFIN,NO_UNRESOLVED_DISCONTINUITY
SGFL|INE883G01018|1,207,2011-06-23,2014-02-28,126,0,80,0,SGFL,NO_UNRESOLVED_DISCONTINUITY
SGIL|INE00QT01015|1,1115,2021-07-28,2026-09-30,1111,1,2,0,SGIL,HAS_UNRESOLVED_DISCONTINUITY
SGJHL|NOISIN|1,1299,2011-06-22,2016-11-21,1297,0,1,0,SGJHL,NO_UNRESOLVED_DISCONTINUITY
SGLRES|INE967B01028|1,32,2026-08-17,2026-09-30,31,0,0,0,SGLRES,NO_UNRESOLVED_DISCONTINUITY
SGLTL|INE0M4D01010|1,366,2025-01-13,2026-09-30,364,0,1,0,SGLTL|SETL,NO_UNRESOLVED_DISCONTINUITY
SGL|NOISIN|3,2679,2011-06-22,2026-09-30,2599,0,79,0,SGL,NO_UNRESOLVED_DISCONTINUITY
SGMART|INE385F01024|1,259,2025-09-12,2026-09-30,258,0,0,0,SGMART,NO_UNRESOLVED_DISCONTINUITY
SGRL|INE414Y01015|1,32,2026-08-17,2026-09-30,31,0,0,0,SGRL,NO_UNRESOLVED_DISCONTINUITY
SHADOWFAX|INE12UN01015|1,167,2026-01-28,2026-09-30,166,0,0,0,SHADOWFAX,NO_UNRESOLVED_DISCONTINUITY
SHAHALLOYS|NOISIN|7,2650,2011-06-22,2026-09-02,2523,0,126,0,SHAHALLOYS,NO_UNRESOLVED_DISCONTINUITY
SHAILY|INE151G01010|1,1051,2022-04-04,2026-09-30,1049,0,1,1,SHAILY,NO_UNRESOLVED_DISCONTINUITY
SHAKTIPUMP|INE908D01010|1,3307,2011-10-25,2026-09-30,3290,0,16,1,SHAKTIPUMP,NO_UNRESOLVED_DISCONTINUITY
SHALBY|INE597J01018|1,2169,2017-12-15,2026-09-30,2168,0,0,0,SHALBY,NO_UNRESOLVED_DISCONTINUITY
SHALPAINTS|INE849C01018|1,3502,2011-09-06,2026-08-05,3496,2,3,1,SHALPAINTS,HAS_UNRESOLVED_DISCONTINUITY
SHANKARA|INE274V01019|1,2261,2017-04-05,2026-09-30,2258,0,2,0,SHANKARA,NO_UNRESOLVED_DISCONTINUITY
SHANKESH|INE1WFC01025|1,26,2026-08-25,2026-09-30,25,0,0,0,SHANKESH,NO_UNRESOLVED_DISCONTINUITY
SHANTIGEAR|NOISIN|1,3715,2011-06-22,2026-09-30,3713,0,1,0,SHANTIGEAR,NO_UNRESOLVED_DISCONTINUITY
SHANTIGOLD|INE06ZD01017|1,287,2025-08-01,2026-09-30,285,1,0,0,SHANTIGOLD,HAS_UNRESOLVED_DISCONTINUITY
SHANTI|INE933X01016|1,879,2021-09-16,2026-09-30,874,0,4,0,SHANTI,NO_UNRESOLVED_DISCONTINUITY
SHARDACROP|INE221J01015|1,2964,2014-09-23,2026-09-30,2963,0,0,0,SHARDACROP,NO_UNRESOLVED_DISCONTINUITY
SHARDAMOTR|INE597I01010|1,2650,2015-09-03,2026-09-30,2640,0,9,2,SHARDAMOTR,NO_UNRESOLVED_DISCONTINUITY
SHARDUL|INE037B01020|1,61,2026-04-20,2026-07-16,60,0,0,0,SHARDUL,NO_UNRESOLVED_DISCONTINUITY
SHAREINDIA|INE932X01018|1,1489,2020-09-21,2026-09-30,1487,1,0,1,SHAREINDIA,HAS_UNRESOLVED_DISCONTINUITY
SHARIABEES|NOISIN|1,3476,2011-06-22,2026-09-30,3258,0,217,0,SHARIABEES,NO_UNRESOLVED_DISCONTINUITY
SHARONBIO|INE028B01011|1,1423,2011-12-07,2017-09-13,1422,0,0,1,SHARONBIO,NO_UNRESOLVED_DISCONTINUITY
SHARRESLTD|NOISIN|2,3388,2011-06-22,2026-09-30,3284,1,102,0,SHARRESLTD|CREST,HAS_UNRESOLVED_DISCONTINUITY
SHASUNPHAR|NOISIN|2,1014,2011-06-22,2015-11-17,1012,0,1,0,SHASUNPHAR,NO_UNRESOLVED_DISCONTINUITY
SHBAJRG|INE402H01015|1,114,2026-04-20,2026-09-30,113,0,0,0,SHBAJRG,NO_UNRESOLVED_DISCONTINUITY
SHEKHAWATI|INE268L01046|1,187,2025-08-11,2026-08-14,185,0,1,0,SHEKHAWATI,NO_UNRESOLVED_DISCONTINUITY
SHEMAROO|INE363M01019|1,2551,2014-10-21,2026-09-30,2542,0,8,0,SHEMAROO,NO_UNRESOLVED_DISCONTINUITY
SHERVANI|INE011D01013|1,30,2026-08-17,2026-09-30,27,0,2,0,SHERVANI,NO_UNRESOLVED_DISCONTINUITY
SHILCTECH|INE024F01011|1,211,2025-11-24,2026-09-30,210,0,0,0,SHILCTECH,NO_UNRESOLVED_DISCONTINUITY
SHILGRAVQ|INE960A01017|1,32,2026-08-17,2026-09-30,31,0,0,0,SHILGRAVQ,NO_UNRESOLVED_DISCONTINUITY
SHILPAMED|NOISIN|1,3710,2011-06-22,2026-09-30,3708,0,1,3,SHILPAMED,NO_UNRESOLVED_DISCONTINUITY
SHILPI|NOISIN|1,1614,2011-06-22,2018-08-16,1610,0,3,1,SHILPI,NO_UNRESOLVED_DISCONTINUITY
SHIL|INE05AN01011|1,1549,2020-01-09,2026-09-30,1545,1,2,0,SHIL|HINDWAREAP,HAS_UNRESOLVED_DISCONTINUITY
SHINDL|INE220Z01013|1,114,2026-04-20,2026-09-30,113,0,0,0,SHINDL,NO_UNRESOLVED_DISCONTINUITY
SHIPROCKET|INE0FOO01011|1,30,2026-08-19,2026-09-30,29,0,0,0,SHIPROCKET,NO_UNRESOLVED_DISCONTINUITY
SHIRPUR-G|INE196B01016|1,1691,2013-03-01,2020-11-23,1683,0,7,0,SHIRPUR-G,NO_UNRESOLVED_DISCONTINUITY
SHIV-VANI|NOISIN|2,979,2011-06-22,2016-09-26,976,0,2,0,SHIV-VANI|SVOGL,NO_UNRESOLVED_DISCONTINUITY
SHIVAAGRO|INE960E01019|1,32,2026-08-17,2026-09-30,31,0,0,0,SHIVAAGRO,NO_UNRESOLVED_DISCONTINUITY
SHIVACEM|INE555C01029|1,32,2026-08-17,2026-09-30,31,0,0,0,SHIVACEM,NO_UNRESOLVED_DISCONTINUITY
SHIVALIK|INE788J01021|1,1121,2021-12-09,2026-09-30,1119,0,1,0,SHIVALIK,NO_UNRESOLVED_DISCONTINUITY
SHIVAMAUTO|NOISIN|1,3215,2011-06-22,2026-09-30,3168,0,46,2,SHIVAMAUTO,NO_UNRESOLVED_DISCONTINUITY
SHIVAMILLS|INE644Y01017|1,1914,2018-03-13,2026-09-30,1909,0,4,0,SHIVAMILLS,NO_UNRESOLVED_DISCONTINUITY
SHIVATEX|INE705C01020|1,2074,2018-01-09,2026-09-30,2069,0,4,0,SHIVATEX,NO_UNRESOLVED_DISCONTINUITY
SHIVAUM|INE719F01016|1,173,2025-11-14,2026-09-30,157,0,15,0,SHIVAUM,NO_UNRESOLVED_DISCONTINUITY
SHIVTEX|NOISIN|1,1435,2011-06-22,2017-11-02,1401,0,33,0,SHIVTEX,NO_UNRESOLVED_DISCONTINUITY
SHK|INE500L01026|1,2685,2015-11-16,2026-09-30,2684,0,0,0,SHK,NO_UNRESOLVED_DISCONTINUITY
SHLAKSHMI|NOISIN|1,768,2011-06-22,2015-07-10,753,0,14,0,SHLAKSHMI,NO_UNRESOLVED_DISCONTINUITY
SHOPERSTOP|NOISIN|1,3768,2011-06-22,2026-09-30,3766,1,0,0,SHOPERSTOP,HAS_UNRESOLVED_DISCONTINUITY
SHPRE|NOISIN|1,160,2011-06-22,2012-05-02,157,0,2,0,SHPRE,NO_UNRESOLVED_DISCONTINUITY
SHRADDHA|INE311M01018|1,32,2026-08-17,2026-09-30,31,0,0,0,SHRADDHA,NO_UNRESOLVED_DISCONTINUITY
SHRADHA|INE715Y01015|1,674,2020-10-22,2024-06-24,669,0,4,1,SHRADHA,NO_UNRESOLVED_DISCONTINUITY
SHRADHA|INE715Y01031|1,346,2025-05-12,2026-09-30,344,1,0,0,SHRADHA,HAS_UNRESOLVED_DISCONTINUITY
SHREDIGCEM|INE232A01011|1,1758,2019-08-19,2026-09-30,1757,0,0,0,SHREDIGCEM,NO_UNRESOLVED_DISCONTINUITY
SHREEASHTA|NOISIN|2,470,2011-06-22,2014-06-19,464,0,5,0,SHREEASHTA,NO_UNRESOLVED_DISCONTINUITY
SHREECEM|NOISIN|1,3768,2011-06-22,2026-09-30,3767,0,0,0,SHREECEM,NO_UNRESOLVED_DISCONTINUITY
SHREEJISPG|INE1B6101010|1,271,2025-08-26,2026-09-30,270,0,0,0,SHREEJISPG,NO_UNRESOLVED_DISCONTINUITY
SHREEPUSHK|INE712K01011|1,2654,2015-09-28,2026-09-30,2652,0,1,0,SHREEPUSHK,NO_UNRESOLVED_DISCONTINUITY
SHREERAMA|NOISIN|10,2496,2011-06-22,2026-09-30,2473,1,21,0,SHREERAMA,HAS_UNRESOLVED_DISCONTINUITY
SHREE|NOISIN|1,3604,2011-06-22,2026-09-30,3598,0,5,1,AJMERA,NO_UNRESOLVED_DISCONTINUITY
SHRENIK|INE632X01022|1,1251,2019-08-02,2026-01-01,1244,0,6,1,SHRENIK,NO_UNRESOLVED_DISCONTINUITY
SHRENUJ|NOISIN|1,1353,2011-06-22,2017-01-23,1351,0,1,1,SHRENUJ,NO_UNRESOLVED_DISCONTINUITY
SHREYANIND|INE231C01019|1,3098,2011-06-22,2026-09-30,2903,0,194,0,SHREYANIND,NO_UNRESOLVED_DISCONTINUITY
SHREYAS|NOISIN|5,3384,2011-06-22,2026-06-18,3358,0,25,0,SHREYAS|TRANSWORLD,NO_UNRESOLVED_DISCONTINUITY
SHRIKRISH|INE997I01012|1,109,2026-04-20,2026-09-30,103,0,5,0,SHRIKRISH,NO_UNRESOLVED_DISCONTINUITY
SHRINATRAJ|INE200F01017|1,347,2012-01-16,2015-01-29,255,0,91,0,SHRINATRAJ|DALMIAREF,NO_UNRESOLVED_DISCONTINUITY
SHRINGARMS|INE1B3L01017|1,256,2025-09-17,2026-09-30,255,0,0,0,SHRINGARMS,NO_UNRESOLVED_DISCONTINUITY
SHRIPISTON|INE526E01018|1,769,2023-05-22,2026-09-30,767,0,1,1,SHRIPISTON,NO_UNRESOLVED_DISCONTINUITY
SHRIRAMCIT|NOISIN|1,2821,2011-06-22,2022-11-28,2820,0,0,0,SHRIRAMCIT,NO_UNRESOLVED_DISCONTINUITY
SHRIRAMEPC|NOISIN|1,3666,2011-06-22,2026-09-30,3659,4,2,0,SHRIRAMEPC|SEPC,HAS_UNRESOLVED_DISCONTINUITY
SHRIRAMPPS|INE217L01019|1,1181,2021-12-20,2026-09-30,1180,0,0,0,SHRIRAMPPS,NO_UNRESOLVED_DISCONTINUITY
SHRJAGP|INE564J01026|1,32,2026-08-17,2026-09-30,31,0,0,0,SHRJAGP,NO_UNRESOLVED_DISCONTINUITY
SHUKRAPHAR|INE551C01044|1,33,2026-08-14,2026-09-30,32,0,0,0,SHUKRAPHAR,NO_UNRESOLVED_DISCONTINUITY
SHYAMCENT|INE979R01011|1,2212,2015-08-11,2026-07-02,2204,0,7,0,SHYAMCENT,NO_UNRESOLVED_DISCONTINUITY
SHYAMMETL|INE810G01011|1,1302,2021-06-24,2026-09-30,1301,0,0,0,SHYAMMETL,NO_UNRESOLVED_DISCONTINUITY
SHYAMTEL|NOISIN|3,2366,2011-06-22,2026-09-30,2288,0,77,0,SHYAMTEL,NO_UNRESOLVED_DISCONTINUITY
SICAGEN|NOISIN|2,2484,2011-06-22,2026-09-30,2475,0,8,0,SICAGEN,NO_UNRESOLVED_DISCONTINUITY
SICALLOG|INE075B01020|1,25,2023-10-27,2026-07-31,23,0,1,0,SICALLOG,NO_UNRESOLVED_DISCONTINUITY
SICAL|NOISIN|3,2489,2011-06-22,2022-12-28,2482,0,6,0,SICAL,NO_UNRESOLVED_DISCONTINUITY
SIEL|INE843L01012|1,30,2026-08-17,2026-09-30,27,0,2,0,SIEL,NO_UNRESOLVED_DISCONTINUITY
SIEMENS|NOISIN|1,3768,2011-06-22,2026-09-30,3766,1,0,0,SIEMENS,HAS_UNRESOLVED_DISCONTINUITY
SIGACHI|INE0D0K01014|1,1119,2021-11-30,2026-09-30,1117,0,1,1,SIGACHI,NO_UNRESOLVED_DISCONTINUITY
SIGIND|INE529F01035|1,1772,2018-08-29,2026-08-24,1768,0,3,0,SIGIND,NO_UNRESOLVED_DISCONTINUITY
SIGMA|INE0A0S01010|1,660,2023-06-09,2026-09-30,656,0,3,1,SIGMA,NO_UNRESOLVED_DISCONTINUITY
SIGNATURE|INE903U01023|1,741,2023-09-27,2026-09-30,740,0,0,0,SIGNATURE,NO_UNRESOLVED_DISCONTINUITY
SIGNETIND|INE529F01019|1,1372,2012-05-30,2018-08-10,1367,0,4,1,SIGNETIND|SIGNET,NO_UNRESOLVED_DISCONTINUITY
SIGNPOST|INE0KGZ01021|1,580,2024-02-28,2026-09-30,578,0,1,0,SIGNPOST,NO_UNRESOLVED_DISCONTINUITY
SIKA|INE438E01032|1,114,2026-04-20,2026-09-30,113,0,0,0,SIKA,NO_UNRESOLVED_DISCONTINUITY
SIKKO|INE112X01017|1,725,2021-10-22,2025-10-27,719,1,4,1,SIKKO,HAS_UNRESOLVED_DISCONTINUITY
SIKKO|INE112X01025|1,128,2026-02-02,2026-08-10,127,0,0,0,SIKKO,NO_UNRESOLVED_DISCONTINUITY
SILGO|INE01II01013|1,1124,2021-03-03,2026-09-30,1118,1,4,0,SILGO,HAS_UNRESOLVED_DISCONTINUITY
SILLYMONKS|INE203Y01012|1,1104,2020-07-08,2026-09-30,1095,0,8,0,SILLYMONKS|CRESTO,NO_UNRESOLVED_DISCONTINUITY
SILVER001|INF966L01EI5|1,26,2026-08-25,2026-09-30,25,0,0,0,SILVER001,NO_UNRESOLVED_DISCONTINUITY
SILVER1|INF174KA1ZD3|1,145,2026-02-27,2026-09-30,144,0,0,0,SILVER1,NO_UNRESOLVED_DISCONTINUITY
SILVER360|INF579M01BC3|1,368,2025-04-04,2026-09-30,367,0,0,0,SILVER360,NO_UNRESOLVED_DISCONTINUITY
SILVERADD|INF740KA1ZQ0|1,23,2026-08-28,2026-09-30,22,0,0,0,SILVERADD,NO_UNRESOLVED_DISCONTINUITY
SILVERBND|INF194KB1KI9|1,197,2025-12-12,2026-09-30,196,0,0,0,SILVERBND,NO_UNRESOLVED_DISCONTINUITY
SILVERCASE|INF0R8F01091|1,374,2025-03-26,2026-09-30,373,0,0,0,SILVERCASE,NO_UNRESOLVED_DISCONTINUITY
SILVERETF|INF789F1AYK6|1,851,2023-04-20,2026-09-30,850,0,0,0,SILVERETF|SILVERBETA,NO_UNRESOLVED_DISCONTINUITY
SILVERTUC|INE625X01018|1,1027,2022-05-12,2026-09-30,1025,0,1,1,SILVERTUC,NO_UNRESOLVED_DISCONTINUITY
SILVER|INF209KB19F6|1,1149,2022-02-03,2026-09-30,1148,0,0,0,SILVER,NO_UNRESOLVED_DISCONTINUITY
SIL|INE173A01025|1,566,2024-03-11,2026-09-30,564,0,1,0,SIL,NO_UNRESOLVED_DISCONTINUITY
SIMBHALS|INE748T01016|1,1705,2016-03-30,2024-06-26,1698,0,6,0,SIMBHALS,NO_UNRESOLVED_DISCONTINUITY
SIMBHSUGAR|NOISIN|7,917,2011-06-22,2015-11-23,879,0,37,0,SIMBHSUGAR,NO_UNRESOLVED_DISCONTINUITY
SIMPLEXCAS|INE658D01011|1,381,2012-08-29,2015-01-07,312,0,68,0,SIMPLEXCAS,NO_UNRESOLVED_DISCONTINUITY
SIMPLEXCON|NOISIN|1,3392,2011-06-22,2026-09-30,3387,0,4,0,SIMPLEXINF,NO_UNRESOLVED_DISCONTINUITY
SIMPLEX|NOISIN|2,1650,2011-06-22,2018-09-24,1628,0,21,0,SIMPLEX,NO_UNRESOLVED_DISCONTINUITY
SIMPLXREA|INE167H01014|1,29,2026-08-17,2026-09-30,26,0,2,0,SIMPLXREA,NO_UNRESOLVED_DISCONTINUITY
SINCLAIR|INE985A01022|1,611,2024-04-10,2026-09-30,610,0,0,0,SINCLAIR,NO_UNRESOLVED_DISCONTINUITY
SINDHUTRAD|INE325D01025|1,753,2023-06-20,2026-09-30,751,0,1,0,SINDHUTRAD,NO_UNRESOLVED_DISCONTINUITY
SINGERIND|INE638A01035|1,132,2026-03-19,2026-09-30,131,0,0,0,SINGERIND,NO_UNRESOLVED_DISCONTINUITY
SINTERCOM|INE129Z01016|1,1416,2020-10-07,2026-09-30,1411,0,4,0,SINTERCOM,NO_UNRESOLVED_DISCONTINUITY
SINTEX|NOISIN|1,2331,2011-06-22,2022-03-21,2323,2,5,0,SINTEX,HAS_UNRESOLVED_DISCONTINUITY
SIRCA|INE792Z01011|1,1651,2019-07-22,2026-09-30,1647,0,3,1,SIRCA,NO_UNRESOLVED_DISCONTINUITY
SIRPAPER|NOISIN|3,725,2011-06-22,2015-07-10,669,0,55,0,SIRPAPER,NO_UNRESOLVED_DISCONTINUITY
SIS|INE285J01010|1,2256,2017-08-10,2026-09-30,2255,0,0,1,SIS,NO_UNRESOLVED_DISCONTINUITY
SITASHREE|NOISIN|3,1020,2011-06-22,2018-03-16,980,0,39,0,SITASHREE,NO_UNRESOLVED_DISCONTINUITY
SIYSIL|NOISIN|1,3756,2011-06-22,2026-09-30,3752,1,2,1,SIYSIL,HAS_UNRESOLVED_DISCONTINUITY
SJS|INE284S01014|1,1205,2021-11-15,2026-09-30,1204,0,0,0,SJS,NO_UNRESOLVED_DISCONTINUITY
SJVN|NOISIN|1,3768,2011-06-22,2026-09-30,3767,0,0,0,SJVN,NO_UNRESOLVED_DISCONTINUITY
SKFINDIA|NOISIN|1,3757,2011-06-22,2026-09-30,3755,0,1,0,SKFINDIA,NO_UNRESOLVED_DISCONTINUITY
SKFINDUS|INE2J8701016|1,192,2025-12-19,2026-09-30,191,0,0,0,SKFINDUS,NO_UNRESOLVED_DISCONTINUITY
SKIPPER|INE439E01022|1,2803,2015-05-27,2026-09-30,2801,1,0,0,SKIPPER,HAS_UNRESOLVED_DISCONTINUITY
SKMEGGPROD|NOISIN|3,3499,2011-06-22,2026-09-30,3461,0,37,1,SKMEGGPROD,NO_UNRESOLVED_DISCONTINUITY
SKSMICRO|NOISIN|1,1918,2011-06-22,2019-07-02,1916,0,1,0,SKSMICRO|BHARATFIN,NO_UNRESOLVED_DISCONTINUITY
SKUMARSYNF|NOISIN|2,783,2011-06-22,2015-03-30,780,0,2,0,SKUMARSYNF,NO_UNRESOLVED_DISCONTINUITY
SKYGOLD|INE01IU01018|1,530,2023-01-06,2026-09-30,524,0,5,0,SKYGOLD,NO_UNRESOLVED_DISCONTINUITY
SKYWAYS|INE0PX301025|1,21,2026-09-01,2026-09-30,20,0,0,0,SKYWAYS,NO_UNRESOLVED_DISCONTINUITY
SMALL250|INF769K01PQ4|1,218,2025-11-13,2026-09-30,217,0,0,0,SMALL250,NO_UNRESOLVED_DISCONTINUITY
SMALLADD|INF740KA1WX3|1,193,2025-12-18,2026-09-30,192,0,0,0,SMALLADD,NO_UNRESOLVED_DISCONTINUITY
SMALLCAP|INF769K01LC3|1,637,2024-02-29,2026-09-30,636,0,0,0,SMALLCAP,NO_UNRESOLVED_DISCONTINUITY
SMALLGROWW|INF666M01PG9|1,73,2026-06-18,2026-09-30,72,0,0,0,SMALLGROWW,NO_UNRESOLVED_DISCONTINUITY
SMALLIETF|INF109K1A476|1,69,2026-06-24,2026-09-30,68,0,0,0,SMALLIETF,NO_UNRESOLVED_DISCONTINUITY
SMARTLINK|NOISIN|1,3356,2011-06-22,2026-05-18,3350,0,5,0,SMARTLINK,NO_UNRESOLVED_DISCONTINUITY
SMARTWORKS|INE0NAZ01010|1,298,2025-07-17,2026-09-30,297,0,0,0,SMARTWORKS,NO_UNRESOLVED_DISCONTINUITY
SMCGLOBAL|INE103C01036|1,1372,2021-03-10,2026-09-30,1371,0,0,1,SMCGLOBAL,NO_UNRESOLVED_DISCONTINUITY
SML100CASE|INF0R8F01141|1,259,2025-09-12,2026-09-30,258,0,0,0,SML100CASE,NO_UNRESOLVED_DISCONTINUITY
SMLT|INE017W01010|1,1072,2021-11-25,2026-09-30,1069,0,2,0,SMLT,NO_UNRESOLVED_DISCONTINUITY
SMPL|NOISIN|1,1443,2011-06-22,2019-08-30,1433,0,9,0,SMPL,NO_UNRESOLVED_DISCONTINUITY
SMSLIFE|INE320X01016|1,2016,2017-09-01,2026-09-30,2011,0,4,0,SMSLIFE|HALEOSLABS,NO_UNRESOLVED_DISCONTINUITY
SMSPHARMA|NOISIN|2,3666,2011-06-22,2026-09-30,3646,0,19,1,SMSPHARMA,NO_UNRESOLVED_DISCONTINUITY
SNOWMAN|INE734N01019|1,2961,2014-09-26,2026-09-30,2960,0,0,0,SNOWMAN,NO_UNRESOLVED_DISCONTINUITY
SNXT30BEES|INF204KC1EZ3|1,322,2025-06-13,2026-09-30,321,0,0,0,SNXT30BEES,NO_UNRESOLVED_DISCONTINUITY
SOBHA|NOISIN|1,3768,2011-06-22,2026-09-30,3766,1,0,0,SOBHA,HAS_UNRESOLVED_DISCONTINUITY
SOFTTECHGR|INE863A01013|1,550,2011-06-22,2017-06-20,480,0,69,0,SOFTTECHGR,NO_UNRESOLVED_DISCONTINUITY
SOFTTECH|INE728Z01015|1,770,2022-02-25,2026-09-30,764,0,5,0,SOFTTECH,NO_UNRESOLVED_DISCONTINUITY
SOLARA|INE624Z01016|1,1971,2018-07-11,2026-09-30,1968,1,1,0,SOLARA,HAS_UNRESOLVED_DISCONTINUITY
SOLAREX|NOISIN|2,1220,2011-06-22,2016-07-13,1217,1,1,0,SOLARINDS,HAS_UNRESOLVED_DISCONTINUITY
SOLARINDS|INE343H01029|1,2522,2016-07-14,2026-09-30,2521,0,0,0,SOLARINDS,NO_UNRESOLVED_DISCONTINUITY
SOLARWORLD|INE0TY101024|1,247,2025-09-30,2026-09-30,246,0,0,0,SOLARWORLD,NO_UNRESOLVED_DISCONTINUITY
SOLEX|INE880Y01017|1,242,2025-10-08,2026-09-30,241,0,0,0,SOLEX,NO_UNRESOLVED_DISCONTINUITY
SOMANYCERA|NOISIN|2,3636,2011-06-22,2026-09-30,3631,0,4,0,SOMANYCERA,NO_UNRESOLVED_DISCONTINUITY
SOMATEX|NOISIN|5,2141,2011-06-22,2026-09-30,2030,0,110,0,SOMATEX,NO_UNRESOLVED_DISCONTINUITY
SOMICONVEY|INE323J01019|1,2040,2016-07-18,2026-09-30,2023,0,16,0,SOMICONVEY,NO_UNRESOLVED_DISCONTINUITY
SONACOMS|INE073K01018|1,1302,2021-06-24,2026-09-30,1301,0,0,0,SONACOMS,NO_UNRESOLVED_DISCONTINUITY
SONAL|INE321M01017|1,82,2026-04-21,2026-09-30,64,0,17,0,SONAL,NO_UNRESOLVED_DISCONTINUITY
SONAMCLOCK|INE00LM01011|1,938,2022-04-07,2026-09-02,935,0,2,2,SONAMCLOCK|SONAMLTD,NO_UNRESOLVED_DISCONTINUITY
SONASTEER|NOISIN|3,3704,2011-06-22,2026-09-30,3701,1,1,0,SONASTEER|JTEKTINDIA,HAS_UNRESOLVED_DISCONTINUITY
SONATSOFTW|NOISIN|2,3661,2011-06-22,2026-09-30,3657,0,3,2,SONATSOFTW,NO_UNRESOLVED_DISCONTINUITY
SOUISPAT|INE943B01029|1,55,2014-10-10,2015-01-29,53,0,1,0,SOUISPAT,NO_UNRESOLVED_DISCONTINUITY
SOUISPAT|NOISIN|1,564,2011-06-22,2014-09-08,560,0,3,0,SOUISPAT,NO_UNRESOLVED_DISCONTINUITY
SOUTHBANK|NOISIN|1,3768,2011-06-22,2026-09-30,3765,2,0,0,SOUTHBANK,HAS_UNRESOLVED_DISCONTINUITY
SOUTHWEST|INE980Y01015|1,1399,2019-04-18,2026-09-30,1389,0,9,0,SOUTHWEST,NO_UNRESOLVED_DISCONTINUITY
SPAL|INE212I01016|1,2491,2016-08-29,2026-09-30,2490,0,0,0,SPAL,NO_UNRESOLVED_DISCONTINUITY
SPANCO|NOISIN|1,473,2011-06-22,2013-07-18,471,0,1,0,SPANCO,NO_UNRESOLVED_DISCONTINUITY
SPANDANA|INE572J01011|1,1701,2019-08-19,2026-09-30,1698,1,1,0,SPANDANA,HAS_UNRESOLVED_DISCONTINUITY
SPARC|NOISIN|1,3661,2011-06-22,2026-09-30,3656,2,2,0,SPARC,HAS_UNRESOLVED_DISCONTINUITY
SPCENET|INE970N01027|1,929,2017-01-24,2026-09-30,913,0,15,0,SPCENET,NO_UNRESOLVED_DISCONTINUITY
SPECIALITY|INE247M01014|1,3454,2012-06-13,2026-08-13,3452,0,1,0,SPECIALITY,NO_UNRESOLVED_DISCONTINUITY
SPECTACLE|NOISIN|2,456,2011-06-22,2016-03-22,409,0,46,0,SPECTACLE,NO_UNRESOLVED_DISCONTINUITY
SPECTRUM|INE01EO01010|1,336,2025-03-28,2026-08-10,335,0,0,0,SPECTRUM,NO_UNRESOLVED_DISCONTINUITY
SPELS|INE252A01019|1,18,2026-08-17,2026-09-09,17,0,0,0,SPELS,NO_UNRESOLVED_DISCONTINUITY
SPENCERS|INE020801028|1,1885,2019-02-08,2026-09-30,1883,1,0,0,SPENCERS,HAS_UNRESOLVED_DISCONTINUITY
SPENTEX|NOISIN|5,1453,2011-06-22,2018-09-26,1429,0,23,0,SPENTEX,NO_UNRESOLVED_DISCONTINUITY
SPHEREGSL|INE737B01033|1,1825,2015-10-13,2026-09-30,1804,0,20,0,SPHEREGSL|ADROITINFO,NO_UNRESOLVED_DISCONTINUITY
SPICEJET|INE285B01017|1,914,2019-08-19,2023-04-28,913,0,0,0,SPICEJET,NO_UNRESOLVED_DISCONTINUITY
SPICEMOBIL|NOISIN|2,3100,2011-06-22,2026-09-30,3087,0,12,0,SPICEMOBIL|SMOBILITY|SPICEMOBI|DIGISPICE,NO_UNRESOLVED_DISCONTINUITY
SPICE|INF346A01034|1,2609,2014-07-30,2026-09-30,2500,0,108,0,SPICE|ISENSEX|SENSEXIWIN|ICICISENSX|SENSEXIETF,NO_UNRESOLVED_DISCONTINUITY
SPIC|NOISIN|10,3710,2011-06-22,2026-09-30,3707,0,2,0,SPIC,NO_UNRESOLVED_DISCONTINUITY
SPLIL|NOISIN|3,3370,2011-06-22,2026-09-30,3306,0,63,0,SPLIL,NO_UNRESOLVED_DISCONTINUITY
SPLPETRO|INE663A01025|1,1066,2022-06-07,2026-09-30,1065,0,0,1,SPLPETRO,NO_UNRESOLVED_DISCONTINUITY
SPORTKING|INE885H01011|1,1012,2022-08-24,2026-09-30,1011,0,0,1,SPORTKING,NO_UNRESOLVED_DISCONTINUITY
SPTL|INE501W01021|1,1047,2017-08-23,2023-03-02,1040,0,6,0,SPTL,NO_UNRESOLVED_DISCONTINUITY
SPYL|INE268L01020|1,1174,2013-04-12,2023-11-20,1161,0,12,0,SPYL,NO_UNRESOLVED_DISCONTINUITY
SPYL|NOISIN|1,389,2011-06-22,2013-04-11,386,1,1,0,SPYL,HAS_UNRESOLVED_DISCONTINUITY
SRD|INE01NE01012|1,364,2024-10-09,2026-09-30,361,0,2,0,SRD,NO_UNRESOLVED_DISCONTINUITY
SREEL|INE099F01013|1,2851,2014-01-01,2026-09-11,2741,0,109,0,SREEL,NO_UNRESOLVED_DISCONTINUITY
SREINTFIN|NOISIN|1,2604,2011-06-22,2022-05-24,2601,0,2,0,SREINFRA,NO_UNRESOLVED_DISCONTINUITY
SRF|NOISIN|1,3768,2011-06-22,2026-09-30,3767,0,0,1,SRF,NO_UNRESOLVED_DISCONTINUITY
SRGHFL|INE559N01010|1,766,2023-08-21,2026-09-30,764,0,1,0,SRGHFL,NO_UNRESOLVED_DISCONTINUITY
SRGINFOTEC|NOISIN|9,441,2011-06-22,2013-08-29,437,0,3,0,SRGINFOTEC,NO_UNRESOLVED_DISCONTINUITY
SRHHLINDST|NOISIN|6,319,2011-06-22,2012-10-31,301,0,17,0,SRHHLINDST,NO_UNRESOLVED_DISCONTINUITY
SRHHYPOLTD|NOISIN|1,3515,2011-06-22,2026-09-30,3470,0,44,0,SRHHYPOLTD,NO_UNRESOLVED_DISCONTINUITY
SRICHAMUND|INE004H01019|1,295,2011-06-23,2015-01-23,179,0,115,0,SRICHAMUND,NO_UNRESOLVED_DISCONTINUITY
SRIKPRIND|INE009C01019|1,15,2026-08-18,2026-09-07,14,0,0,0,SRIKPRIND,NO_UNRESOLVED_DISCONTINUITY
SRM|INE0R6Z01013|1,477,2024-04-19,2026-09-30,474,0,2,0,SRM,NO_UNRESOLVED_DISCONTINUITY
SRPL|INE008Z01012|1,453,2020-09-23,2024-10-22,447,0,5,1,SRPL,NO_UNRESOLVED_DISCONTINUITY
SRSLTD|INE219H01039|1,1603,2011-09-16,2018-08-21,1599,0,3,1,SRSLTD,NO_UNRESOLVED_DISCONTINUITY
SRTL|INE19GK01015|1,134,2026-03-17,2026-09-30,133,0,0,0,SRTL,NO_UNRESOLVED_DISCONTINUITY
SRTRANSFIN|NOISIN|1,3768,2011-06-22,2026-09-30,3766,1,0,1,SRTRANSFIN|SHRIRAMFIN,HAS_UNRESOLVED_DISCONTINUITY
SSDL|INE0PQ101010|1,514,2024-09-03,2026-09-30,513,0,0,0,SSDL,NO_UNRESOLVED_DISCONTINUITY
SSRETAIL|INE1EQW01028|1,6,2026-09-23,2026-09-30,5,0,0,0,SSRETAIL,NO_UNRESOLVED_DISCONTINUITY
SSWL|INE802C01025|1,1191,2021-12-06,2026-09-30,1190,0,0,1,SSWL,NO_UNRESOLVED_DISCONTINUITY
SSWL|NOISIN|2,2517,2011-06-22,2021-09-06,2516,0,0,0,SSWL,NO_UNRESOLVED_DISCONTINUITY
STALLION|INE0RYC01010|1,247,2025-02-05,2026-08-10,243,1,2,0,STALLION,HAS_UNRESOLVED_DISCONTINUITY
STAMPEDE|INE224E01028|1,1027,2016-07-25,2026-08-05,1014,3,9,0,STAMPEDE|GATECH,HAS_UNRESOLVED_DISCONTINUITY
STANLEY|INE01A001028|1,559,2024-06-28,2026-09-30,558,0,0,0,STANLEY,NO_UNRESOLVED_DISCONTINUITY
STARCEMENT|INE460H01021|1,2284,2017-07-03,2026-09-30,2283,0,0,0,STARCEMENT,NO_UNRESOLVED_DISCONTINUITY
STARHEALTH|INE575P01011|1,1187,2021-12-10,2026-09-30,1186,0,0,0,STARHEALTH,NO_UNRESOLVED_DISCONTINUITY
STARPAPER|NOISIN|2,3491,2011-06-22,2026-09-30,3445,0,45,0,STARPAPER,NO_UNRESOLVED_DISCONTINUITY
STARTECK|INE992I01013|1,855,2022-05-04,2026-09-30,851,0,3,0,STARTECK,NO_UNRESOLVED_DISCONTINUITY
STAR|NOISIN|1,3758,2011-06-22,2026-09-30,3754,2,1,0,STAR,HAS_UNRESOLVED_DISCONTINUITY
STCINDIA|NOISIN|1,3601,2011-06-22,2026-09-30,3596,0,4,0,STCINDIA,NO_UNRESOLVED_DISCONTINUITY
STEAMHOUSE|INE0FRO01022|1,10,2026-09-17,2026-09-30,9,0,0,0,STEAMHOUSE,NO_UNRESOLVED_DISCONTINUITY
STEELCAS|INE124E01020|1,1200,2021-11-23,2026-09-30,1199,0,0,1,STEELCAS,NO_UNRESOLVED_DISCONTINUITY
STEELCITY|INE395H01011|1,1793,2019-06-27,2026-09-30,1792,0,0,0,STEELCITY,NO_UNRESOLVED_DISCONTINUITY
STEELXIND|INE503B01013|1,2069,2017-07-20,2026-09-30,2064,0,4,1,STEELXIND,NO_UNRESOLVED_DISCONTINUITY
STERLINBIO|NOISIN|1,1460,2011-06-22,2018-02-21,1454,0,5,0,STERLINBIO,NO_UNRESOLVED_DISCONTINUITY
STERTOOLS|INE334A01023|1,2337,2017-01-10,2026-09-30,2335,0,1,0,STERTOOLS,NO_UNRESOLVED_DISCONTINUITY
STERTOOLS|NOISIN|1,1212,2011-06-22,2017-01-09,1131,1,79,0,STERTOOLS,HAS_UNRESOLVED_DISCONTINUITY
STER|NOISIN|1,540,2011-06-22,2013-08-26,539,0,0,0,STER,NO_UNRESOLVED_DISCONTINUITY
STINDIA|INE090C01019|1,1055,2011-11-23,2020-08-21,868,0,186,0,STINDIA,NO_UNRESOLVED_DISCONTINUITY
STLNETWORK|INE1VXE01018|1,197,2025-09-18,2026-09-30,195,0,1,0,STLNETWORK,NO_UNRESOLVED_DISCONTINUITY
STLSTRINF|INE205F01016|1,30,2026-08-18,2026-09-30,28,0,1,0,STLSTRINF,NO_UNRESOLVED_DISCONTINUITY
STOREONE|INE034H01016|1,2441,2011-09-06,2022-08-17,2436,0,4,0,STOREONE|SORILINFRA,NO_UNRESOLVED_DISCONTINUITY
STOVEKRAFT|INE00IN01015|1,1395,2021-02-05,2026-09-30,1394,0,0,0,STOVEKRAFT,NO_UNRESOLVED_DISCONTINUITY
STROPTICAL|NOISIN|1,3625,2011-06-22,2026-05-13,3621,0,3,0,STRTECH|STLTECH,NO_UNRESOLVED_DISCONTINUITY
STUDDS|INE00Q601028|1,222,2025-11-07,2026-09-30,221,0,0,0,STUDDS,NO_UNRESOLVED_DISCONTINUITY
STYLAMIND|INE239C01020|1,1276,2021-08-02,2026-09-30,1275,0,0,0,STYLAMIND,NO_UNRESOLVED_DISCONTINUITY
STYLEBAAZA|INE01FR01028|1,453,2024-09-06,2026-09-30,451,0,1,0,STYLEBAAZA,NO_UNRESOLVED_DISCONTINUITY
STYL|INE04VU01023|1,247,2025-09-30,2026-09-30,246,0,0,0,STYL,NO_UNRESOLVED_DISCONTINUITY
SUBCAPCITY|INE845C01016|1,48,2022-09-13,2023-01-04,46,0,1,0,SUBCAPCITY,NO_UNRESOLVED_DISCONTINUITY
SUBEXLTD|INE754A01055|1,1324,2020-11-19,2026-09-30,1321,0,2,0,SUBEXLTD,NO_UNRESOLVED_DISCONTINUITY
SUBEX|NOISIN|3,2108,2011-06-22,2020-10-21,2101,0,6,0,SUBEX,NO_UNRESOLVED_DISCONTINUITY
SUBHASPROJ|NOISIN|1,2962,2011-06-22,2026-09-30,2937,0,24,0,SPMLINFRA,NO_UNRESOLVED_DISCONTINUITY
SUBROS|INE287B01021|1,3639,2011-11-23,2026-09-30,3637,0,1,0,SUBROS,NO_UNRESOLVED_DISCONTINUITY
SUDARSCHEM|NOISIN|4,3730,2011-06-22,2026-09-30,3699,0,30,1,SUDARSCHEM,NO_UNRESOLVED_DISCONTINUITY
SUDAR|NOISIN|1,1242,2011-06-22,2016-08-22,1239,0,2,0,SUDAR,NO_UNRESOLVED_DISCONTINUITY
SUDEEPPHRM|INE0QPI01025|1,207,2025-11-28,2026-09-30,206,0,0,0,SUDEEPPHRM,NO_UNRESOLVED_DISCONTINUITY
SUJANATOW|NOISIN|2,465,2011-06-22,2013-08-06,463,0,1,0,SUJANATOW,NO_UNRESOLVED_DISCONTINUITY
SUJANATWR|INE333I01036|1,1302,2013-09-11,2021-12-01,1281,0,20,0,SUJANATWR|NTL,NO_UNRESOLVED_DISCONTINUITY
SUJANAUNI|NOISIN|2,1579,2011-06-22,2020-11-23,1573,0,5,0,SUJANAUNI,NO_UNRESOLVED_DISCONTINUITY
SUKHJITS|INE450E01011|1,962,2022-11-07,2026-09-30,961,0,0,1,SUKHJITS,NO_UNRESOLVED_DISCONTINUITY
SULA|INE142Q01026|1,930,2022-12-22,2026-09-30,929,0,0,0,SULA,NO_UNRESOLVED_DISCONTINUITY
SUMEDHA|INE886B01012|1,32,2026-08-17,2026-09-30,31,0,0,0,SUMEDHA,NO_UNRESOLVED_DISCONTINUITY
SUMEETINDS|INE235C01028|1,2,2025-07-03,2025-07-04,1,0,0,0,SUMEETINDS,NO_UNRESOLVED_DISCONTINUITY
SUMEETINDS|INE235C01036|1,186,2025-10-06,2026-09-30,183,1,1,0,SUMEETINDS,HAS_UNRESOLVED_DISCONTINUITY
SUMEETINDS|NOISIN|1,2490,2011-06-22,2024-07-23,2483,1,5,0,SUMEETINDS,HAS_UNRESOLVED_DISCONTINUITY
SUMICHEM|INE258G01013|1,1642,2020-02-07,2026-09-30,1641,0,0,0,SUMICHEM,NO_UNRESOLVED_DISCONTINUITY
SUMIT|INE748Z01013|1,895,2019-07-30,2026-09-30,885,0,9,0,SUMIT,NO_UNRESOLVED_DISCONTINUITY
SUMMITSEC|NOISIN|1,3711,2011-06-22,2026-09-30,3704,0,6,0,SUMMITSEC,NO_UNRESOLVED_DISCONTINUITY
SUNCLAYLTD|INE105A01035|1,3366,2012-11-07,2026-09-30,3358,2,5,0,SUNCLAYLTD|TVSHLTD,HAS_UNRESOLVED_DISCONTINUITY
SUNCLAYTON|NOISIN|2,301,2011-06-22,2012-09-06,300,0,0,0,SUNCLAYTON,NO_UNRESOLVED_DISCONTINUITY
SUNCLAY|INE0Q3R01026|1,669,2024-01-12,2026-09-30,668,0,0,0,SUNCLAY,NO_UNRESOLVED_DISCONTINUITY
SUNDARAM|NOISIN|1,3345,2011-06-22,2026-09-30,3336,0,8,1,SUNDARAM,NO_UNRESOLVED_DISCONTINUITY
SUNDARMFIN|NOISIN|1,3758,2011-06-22,2026-09-30,3756,0,1,1,SUNDARMFIN,NO_UNRESOLVED_DISCONTINUITY
SUNDARMHLD|INE202Z01029|1,2019,2018-07-24,2026-09-30,2017,1,0,0,SUNDARMHLD|TSFINV,HAS_UNRESOLVED_DISCONTINUITY
SUNDRMBRAK|NOISIN|1,3428,2011-06-22,2026-09-30,3417,0,10,0,SUNDRMBRAK,NO_UNRESOLVED_DISCONTINUITY
SUNDRMFAST|NOISIN|1,3768,2011-06-22,2026-09-30,3767,0,0,0,SUNDRMFAST,NO_UNRESOLVED_DISCONTINUITY
SUNFLAG|NOISIN|1,3710,2011-06-22,2026-09-30,3708,0,1,0,SUNFLAG,NO_UNRESOLVED_DISCONTINUITY
SUNILHITEC|NOISIN|1,1755,2011-06-22,2018-08-16,1753,0,1,1,SUNILHITEC,NO_UNRESOLVED_DISCONTINUITY
SUNLOC|INE671C01016|1,29,2026-08-17,2026-09-30,25,0,3,0,SUNLOC,NO_UNRESOLVED_DISCONTINUITY
SUNPHARMA|NOISIN|1,3768,2011-06-22,2026-09-30,3767,0,0,1,SUNPHARMA,NO_UNRESOLVED_DISCONTINUITY
SUNRAKSHAK|INE671K01027|1,32,2026-08-17,2026-09-30,31,0,0,0,SUNRAKSHAK,NO_UNRESOLVED_DISCONTINUITY
SUNSHIEL|INE199E01014|1,32,2026-08-17,2026-09-30,31,0,0,0,SUNSHIEL,NO_UNRESOLVED_DISCONTINUITY
SUNSHINE|INE1B3O01011|1,26,2026-08-25,2026-09-30,25,0,0,0,SUNSHINE,NO_UNRESOLVED_DISCONTINUITY
SUNTECK|NOISIN|1,3768,2011-06-22,2026-09-30,3767,0,0,1,SUNTECK,NO_UNRESOLVED_DISCONTINUITY
SUNTV|NOISIN|1,3768,2011-06-22,2026-09-30,3767,0,0,0,SUNTV,NO_UNRESOLVED_DISCONTINUITY
SUPERHOUSE|INE712B01010|1,2961,2014-09-26,2026-09-30,2960,0,0,0,SUPERHOUSE,NO_UNRESOLVED_DISCONTINUITY
SUPERSPIN|NOISIN|5,2813,2011-06-22,2026-06-17,2768,0,44,0,SUPERSPIN,NO_UNRESOLVED_DISCONTINUITY
SUPER|NOISIN|1,717,2011-06-22,2015-01-28,656,0,60,0,SUPER,NO_UNRESOLVED_DISCONTINUITY
SUPPETRO|NOISIN|2,2597,2011-06-22,2022-04-06,2595,0,1,0,SUPPETRO,NO_UNRESOLVED_DISCONTINUITY
SUPRAJIT|NOISIN|3,3768,2011-06-22,2026-09-30,3767,0,0,0,SUPRAJIT,NO_UNRESOLVED_DISCONTINUITY
SUPREMEENG|INE319Z01013|1,518,2020-12-04,2024-05-14,511,0,6,1,SUPREMEENG,NO_UNRESOLVED_DISCONTINUITY
SUPREMEIND|NOISIN|1,3768,2011-06-22,2026-09-30,3767,0,0,0,SUPREMEIND,NO_UNRESOLVED_DISCONTINUITY
SUPREMEINF|NOISIN|1,2204,2011-06-22,2026-09-30,2193,0,10,0,SUPREMEINF,NO_UNRESOLVED_DISCONTINUITY
SUPREMETEX|INE651G01027|1,656,2015-02-23,2018-03-16,647,0,8,0,SUPREMETEX,NO_UNRESOLVED_DISCONTINUITY
SUPREME|INE822E01011|1,409,2025-02-03,2026-09-30,408,0,0,0,SUPREME,NO_UNRESOLVED_DISCONTINUITY
SUPRIYA|INE07RO01027|1,1175,2021-12-28,2026-09-30,1174,0,0,0,SUPRIYA,NO_UNRESOLVED_DISCONTINUITY
SUPTANERY|INE460D01038|1,8,2026-08-17,2026-08-26,7,0,0,0,SUPTANERY,NO_UNRESOLVED_DISCONTINUITY
SURAJDIAMN|NOISIN|1,923,2011-06-22,2015-03-23,922,0,0,0,SURAJDIAMN|WINSOMEDJ,NO_UNRESOLVED_DISCONTINUITY
SURAJEST|INE843S01025|1,625,2023-12-26,2026-09-30,623,0,1,0,SURAJEST,NO_UNRESOLVED_DISCONTINUITY
SURAJLTD|INE713C01016|1,417,2024-08-29,2026-09-30,415,0,1,0,SURAJLTD,NO_UNRESOLVED_DISCONTINUITY
SURAKSHA|INE877V01027|1,449,2024-12-06,2026-09-30,448,0,0,0,SURAKSHA,NO_UNRESOLVED_DISCONTINUITY
SURANACORP|NOISIN|3,1068,2011-06-22,2017-06-27,929,0,138,0,SURANACORP,NO_UNRESOLVED_DISCONTINUITY
SURANAIND|NOISIN|1,1315,2011-06-22,2018-03-16,1211,0,103,0,SURANAIND,NO_UNRESOLVED_DISCONTINUITY
SURANATELE|NOISIN|2,3359,2011-06-22,2026-09-30,3295,0,63,1,SURANAT&P,NO_UNRESOLVED_DISCONTINUITY
SURANAVEL|NOISIN|1,2990,2011-06-22,2026-09-30,2942,0,47,1,SURANAVEL|SURANASOL,NO_UNRESOLVED_DISCONTINUITY
SURYAJYOTI|NOISIN|3,998,2011-06-22,2016-05-20,961,0,36,0,SURYAJYOTI,NO_UNRESOLVED_DISCONTINUITY
SURYALAXMI|NOISIN|5,3547,2011-06-22,2026-09-30,3541,0,5,0,SURYALAXMI,NO_UNRESOLVED_DISCONTINUITY
SURYALA|INE132C01027|1,114,2026-04-20,2026-09-30,113,0,0,0,SURYALA,NO_UNRESOLVED_DISCONTINUITY
SURYAPHARM|NOISIN|1,527,2011-06-22,2014-09-23,522,0,4,0,SURYAPHARM,NO_UNRESOLVED_DISCONTINUITY
SURYAROSNI|NOISIN|2,3768,2011-06-22,2026-09-30,3767,0,0,2,SURYAROSNI,NO_UNRESOLVED_DISCONTINUITY
SURYODAY|INE428Q01011|1,1361,2021-03-26,2026-09-30,1360,0,0,0,SURYODAY,NO_UNRESOLVED_DISCONTINUITY
SUTLEJINDS|NOISIN|1,3221,2011-06-22,2026-09-30,3065,0,155,0,SILINV,NO_UNRESOLVED_DISCONTINUITY
SUTLEJTEX|NOISIN|3,3518,2011-06-22,2026-07-02,3482,0,35,1,SUTLEJTEX,NO_UNRESOLVED_DISCONTINUITY
SUULD|INE591Q01016|1,662,2020-10-19,2024-07-02,659,0,2,1,SUULD,NO_UNRESOLVED_DISCONTINUITY
SUVENPHAR|INE03QK01018|1,1612,2020-03-24,2026-09-30,1611,0,0,1,SUVENPHAR|COHANCE,NO_UNRESOLVED_DISCONTINUITY
SUVEN|NOISIN|6,3647,2011-06-22,2026-09-30,3642,1,3,0,SUVEN,HAS_UNRESOLVED_DISCONTINUITY
SUVIDHAA|INE018401013|1,1038,2021-04-16,2026-09-30,1031,0,6,0,SUVIDHAA,NO_UNRESOLVED_DISCONTINUITY
SUYOG|INE442P01014|1,432,2024-08-20,2026-09-30,430,0,1,0,SUYOG,NO_UNRESOLVED_DISCONTINUITY
SUZLON|NOISIN|1,3550,2011-06-22,2026-09-30,3542,2,5,0,SUZLON,HAS_UNRESOLVED_DISCONTINUITY
SVGLOBAL|INE159L01013|1,32,2026-08-17,2026-09-30,31,0,0,0,SVGLOBAL,NO_UNRESOLVED_DISCONTINUITY
SVLL|INE00CE01017|1,411,2023-04-21,2026-09-30,402,0,8,0,SVLL,NO_UNRESOLVED_DISCONTINUITY
SVPGLOB|INE308E01029|1,796,2021-07-14,2026-09-30,791,0,4,0,SVPGLOB,NO_UNRESOLVED_DISCONTINUITY
SWANENERGY|INE665A01020|1,3538,2012-05-29,2026-09-30,3537,0,0,1,SWANENERGY|SWANCORP,NO_UNRESOLVED_DISCONTINUITY
SWARAJENG|NOISIN|3,3768,2011-06-22,2026-09-30,3767,0,0,0,SWARAJENG,NO_UNRESOLVED_DISCONTINUITY
SWARAJMAZD|NOISIN|4,3718,2011-06-22,2026-09-30,3711,0,6,0,SMLISUZU|SMLMAH,NO_UNRESOLVED_DISCONTINUITY
SWARAJ|INE0GMR01016|1,9,2026-08-13,2026-08-25,8,0,0,0,SWARAJ,NO_UNRESOLVED_DISCONTINUITY
SWARNSAR|INE967A01012|1,32,2026-08-17,2026-09-30,31,0,0,0,SWARNSAR,NO_UNRESOLVED_DISCONTINUITY
SWIGGY|INE00H001014|1,464,2024-11-13,2026-09-30,463,0,0,0,SWIGGY,NO_UNRESOLVED_DISCONTINUITY
SWISSMLTRY|INE010C01025|1,13,2026-08-17,2026-09-02,12,0,0,0,SWISSMLTRY,NO_UNRESOLVED_DISCONTINUITY
SWSOLAR|INE00M201021|1,1701,2019-08-20,2026-09-30,1699,0,1,0,SWSOLAR,NO_UNRESOLVED_DISCONTINUITY
SYMBIOTEC|INE899I01028|1,21,2026-09-01,2026-09-30,20,0,0,0,SYMBIOTEC,NO_UNRESOLVED_DISCONTINUITY
SYMPHONY|NOISIN|1,3768,2011-06-22,2026-09-30,3767,0,0,2,SYMPHONY,NO_UNRESOLVED_DISCONTINUITY
SYNCOMF|INE312C01025|1,842,2022-11-18,2026-09-30,839,0,2,0,SYNCOMF,NO_UNRESOLVED_DISCONTINUITY
SYNCOM|NOISIN|1,1848,2011-06-22,2020-09-25,1833,0,14,0,SYNCOM,NO_UNRESOLVED_DISCONTINUITY
SYNDIBANK|NOISIN|1,2154,2011-06-22,2020-03-19,2153,0,0,0,SYNDIBANK,NO_UNRESOLVED_DISCONTINUITY
SYNGENE|INE398R01022|1,2749,2015-08-11,2026-09-30,2748,0,0,1,SYNGENE,NO_UNRESOLVED_DISCONTINUITY
SYRMA|INE0DYJ01015|1,1010,2022-08-26,2026-09-30,1009,0,0,0,SYRMA,NO_UNRESOLVED_DISCONTINUITY
SYSTMTXC|INE356B01024|1,171,2025-10-06,2026-06-17,170,0,0,0,SYSTMTXC,NO_UNRESOLVED_DISCONTINUITY
TAALTECH|INE524T01011|1,114,2026-04-20,2026-09-30,113,0,0,1,TAALTECH,NO_UNRESOLVED_DISCONTINUITY
TAINWALCHM|NOISIN|2,3041,2011-06-22,2026-09-30,2955,0,85,0,TAINWALCHM,NO_UNRESOLVED_DISCONTINUITY
TAJGVK|NOISIN|1,3768,2011-06-22,2026-09-30,3767,0,0,0,TAJGVK,NO_UNRESOLVED_DISCONTINUITY
TAKE|NOISIN|1,3337,2011-06-22,2026-09-30,3332,0,4,0,TAKE,NO_UNRESOLVED_DISCONTINUITY
TAKSHEEL|INE889I01011|1,457,2011-10-19,2013-08-22,456,0,0,0,TAKSHEEL,NO_UNRESOLVED_DISCONTINUITY
TALBROAUTO|NOISIN|2,3673,2011-06-22,2026-09-30,3659,0,13,1,TALBROAUTO,NO_UNRESOLVED_DISCONTINUITY
TALWALKARS|NOISIN|1,2118,2011-06-22,2020-02-20,2115,0,2,0,TALWALKARS,NO_UNRESOLVED_DISCONTINUITY
TALWGYM|INE627Z01019|1,394,2018-07-13,2020-02-20,393,0,0,0,TALWGYM,NO_UNRESOLVED_DISCONTINUITY
TAMBOLIIN|INE864J01012|1,50,2026-04-20,2026-07-01,49,0,0,0,TAMBOLIIN,NO_UNRESOLVED_DISCONTINUITY
TANAA|INE692C01020|1,32,2026-08-17,2026-09-30,31,0,0,0,TANAA,NO_UNRESOLVED_DISCONTINUITY
TANFACIND|NOISIN|1,480,2011-06-22,2014-12-26,360,0,119,0,TANFACIND,NO_UNRESOLVED_DISCONTINUITY
TANLA|NOISIN|2,3405,2011-06-22,2026-09-30,3395,0,9,0,TANLA,NO_UNRESOLVED_DISCONTINUITY
TANTIACONS|NOISIN|1,1381,2011-06-22,2017-02-15,1378,0,2,0,TANTIACONS,NO_UNRESOLVED_DISCONTINUITY
TARACHAND|INE555Z01012|1,433,2024-04-16,2026-09-30,430,0,2,1,TARACHAND,NO_UNRESOLVED_DISCONTINUITY
TARAJEWELS|INE799L01016|1,1396,2012-12-20,2018-08-16,1395,0,0,0,TARAJEWELS,NO_UNRESOLVED_DISCONTINUITY
TARAPUR|NOISIN|1,2223,2011-06-22,2026-09-30,2143,0,79,0,TARAPUR,NO_UNRESOLVED_DISCONTINUITY
TARC|INE0EK901012|1,1243,2021-01-04,2026-09-30,1239,0,3,0,TARC,NO_UNRESOLVED_DISCONTINUITY
TARSONS|INE144Z01023|1,1197,2021-11-26,2026-09-30,1196,0,0,0,TARSONS,NO_UNRESOLVED_DISCONTINUITY
TASTYBITE|INE488B01017|1,2352,2017-03-23,2026-09-30,2351,0,0,0,TASTYBITE,NO_UNRESOLVED_DISCONTINUITY
TATACAP|INE976I01016|1,239,2025-10-13,2026-09-30,238,0,0,0,TATACAP,NO_UNRESOLVED_DISCONTINUITY
TATACHEM|NOISIN|1,3768,2011-06-22,2026-09-30,3766,1,0,0,TATACHEM,HAS_UNRESOLVED_DISCONTINUITY
TATAELXSI|NOISIN|1,3768,2011-06-22,2026-09-30,3767,0,0,1,TATAELXSI,NO_UNRESOLVED_DISCONTINUITY
TATAGOLD|INF277KA1976|1,666,2024-01-17,2026-09-30,665,0,0,0,TATAGOLD,NO_UNRESOLVED_DISCONTINUITY
TATAHONEY|NOISIN|1,3768,2011-06-22,2026-09-30,3767,0,0,0,HONAUT,NO_UNRESOLVED_DISCONTINUITY
TATAMETALI|NOISIN|2,3026,2011-06-22,2024-02-05,3023,0,2,0,TATAMETALI,NO_UNRESOLVED_DISCONTINUITY
TATAMOTORS|NOISIN|1,3768,2011-06-22,2026-09-30,3765,2,0,1,TATAMOTORS|TMPV,HAS_UNRESOLVED_DISCONTINUITY
TATAMTRDVR|NOISIN|1,3252,2011-06-22,2024-08-29,3250,1,0,1,TATAMTRDVR,HAS_UNRESOLVED_DISCONTINUITY
TATAPOWER|NOISIN|1,3768,2011-06-22,2026-09-30,3766,1,0,1,TATAPOWER,HAS_UNRESOLVED_DISCONTINUITY
TATASPONGE|NOISIN|1,2996,2011-06-22,2023-11-16,2993,1,1,0,TATASPONGE|TATASTLLP,HAS_UNRESOLVED_DISCONTINUITY
TATATEA|NOISIN|1,3768,2011-06-22,2026-09-30,3766,1,0,0,TATAGLOBAL|TATACONSUM,HAS_UNRESOLVED_DISCONTINUITY
TATATECH|INE142M01025|1,699,2023-11-30,2026-09-30,698,0,0,0,TATATECH,NO_UNRESOLVED_DISCONTINUITY
TATATELSER|NOISIN|1,3214,2011-06-22,2026-09-30,3204,1,8,0,TTML,HAS_UNRESOLVED_DISCONTINUITY
TATSILV|INF277KA1984|1,666,2024-01-17,2026-09-30,665,0,0,0,TATSILV,NO_UNRESOLVED_DISCONTINUITY
TATVA|INE0GK401011|1,1278,2021-07-29,2026-09-30,1277,0,0,0,TATVA,NO_UNRESOLVED_DISCONTINUITY
TBOTEK|INE673O01025|1,589,2024-05-15,2026-09-30,588,0,0,0,TBOTEK,NO_UNRESOLVED_DISCONTINUITY
TBZ|INE760L01018|1,3536,2012-05-23,2026-09-22,3535,0,0,0,TBZ,NO_UNRESOLVED_DISCONTINUITY
TCC|INE887D01016|1,147,2026-02-25,2026-09-30,146,0,0,1,TCC,NO_UNRESOLVED_DISCONTINUITY
TCIDEVELOP|NOISIN|1,2496,2011-06-22,2022-11-10,2421,0,74,0,TCIDEVELOP,NO_UNRESOLVED_DISCONTINUITY
TCIEXP|INE586V01016|1,2409,2016-12-29,2026-09-30,2408,0,0,0,TCIEXP,NO_UNRESOLVED_DISCONTINUITY
TCIFINANCE|NOISIN|9,2470,2011-06-22,2026-09-30,2443,0,26,0,TCIFINANCE,NO_UNRESOLVED_DISCONTINUITY
TCI|NOISIN|1,3758,2011-06-22,2026-09-30,3756,0,1,0,TCI,NO_UNRESOLVED_DISCONTINUITY
TCLCONS|INE388G01026|1,322,2023-10-31,2026-07-23,317,0,4,0,TCLCONS|TICL,NO_UNRESOLVED_DISCONTINUITY
TCNSBRANDS|INE778U01029|1,1501,2018-07-30,2024-09-02,1500,0,0,0,TCNSBRANDS,NO_UNRESOLVED_DISCONTINUITY
TCPLPACK|INE822C01015|1,2211,2017-10-17,2026-09-30,2210,0,0,0,TCPLPACK,NO_UNRESOLVED_DISCONTINUITY
TCS|NOISIN|1,3768,2011-06-22,2026-09-30,3767,0,0,1,TCS,NO_UNRESOLVED_DISCONTINUITY
TDPOWERSYS|INE419M01019|1,3710,2011-09-08,2026-09-30,3704,0,5,2,TDPOWERSYS,NO_UNRESOLVED_DISCONTINUITY
TEAMLEASE|INE985S01024|1,2624,2016-02-12,2026-09-30,2623,0,0,0,TEAMLEASE,NO_UNRESOLVED_DISCONTINUITY
TECHM|NOISIN|1,3768,2011-06-22,2026-09-30,3767,0,0,1,TECHM,NO_UNRESOLVED_DISCONTINUITY
TECHNOCRAF|INE1D0W01018|1,33,2026-08-14,2026-09-30,32,0,0,0,TECHNOCRAF,NO_UNRESOLVED_DISCONTINUITY
TECHNOE|INE285K01026|1,1859,2018-12-18,2026-09-30,1857,0,1,0,TECHNOE,NO_UNRESOLVED_DISCONTINUITY
TECHNOFAB|NOISIN|1,2112,2011-06-22,2020-11-27,2091,0,20,0,TECHNOFAB,NO_UNRESOLVED_DISCONTINUITY
TECHNO|NOISIN|1,1760,2011-06-22,2018-08-07,1759,0,0,1,TECHNO,NO_UNRESOLVED_DISCONTINUITY
TECHNVISN|INE314H01012|1,113,2026-04-21,2026-09-30,112,0,0,0,TECHNVISN,NO_UNRESOLVED_DISCONTINUITY
TECH|INF209KB11D8|1,1212,2021-11-03,2026-09-30,1211,0,0,0,TECH,NO_UNRESOLVED_DISCONTINUITY
TECILCHEM|INE014B01011|1,286,2024-06-03,2026-09-30,282,0,3,0,TECILCHEM,NO_UNRESOLVED_DISCONTINUITY
TECPRO|NOISIN|1,809,2011-06-22,2015-02-20,806,0,2,0,TECPRO,NO_UNRESOLVED_DISCONTINUITY
TEGA|INE011K01018|1,1186,2021-12-13,2026-09-30,1185,0,0,0,TEGA,NO_UNRESOLVED_DISCONTINUITY
TEJASNET|INE010J01012|1,2151,2017-06-27,2026-09-30,2146,0,4,0,TEJASNET,NO_UNRESOLVED_DISCONTINUITY
TELEDATAIT|NOISIN|2,162,2011-06-22,2012-05-24,160,0,1,0,TELEDATAIT,NO_UNRESOLVED_DISCONTINUITY
TELEMARINE|INE473I01014|1,86,2011-07-15,2011-11-22,85,0,0,0,TELEMARINE,NO_UNRESOLVED_DISCONTINUITY
TEMBO|INE869Y01010|1,960,2021-04-23,2026-09-30,954,1,4,1,TEMBO,HAS_UNRESOLVED_DISCONTINUITY
TEMPSENS|INE1KZI01025|1,23,2026-08-28,2026-09-30,22,0,0,0,TEMPSENS,NO_UNRESOLVED_DISCONTINUITY
TENNIND|INE19RI01016|1,214,2025-11-19,2026-09-30,213,0,0,0,TENNIND,NO_UNRESOLVED_DISCONTINUITY
TERAI|INE390D01011|1,27,2026-08-17,2026-09-30,22,0,4,0,TERAI,NO_UNRESOLVED_DISCONTINUITY
TERASOFT|INE482B01010|1,1775,2016-12-29,2026-09-30,1768,0,6,0,TERASOFT,NO_UNRESOLVED_DISCONTINUITY
TEXMACOLTD|NOISIN|1,3768,2011-06-22,2026-09-30,3767,0,0,0,TEXMACOLTD|TEXINFRA,NO_UNRESOLVED_DISCONTINUITY
TEXMOPIPES|NOISIN|1,3634,2011-06-22,2026-09-30,3629,0,4,0,TEXMOPIPES,NO_UNRESOLVED_DISCONTINUITY
TEXRAIL|NOISIN|1,3765,2011-06-22,2026-09-30,3761,2,1,0,TEXRAIL,HAS_UNRESOLVED_DISCONTINUITY
TFCILTD|NOISIN|3,3757,2011-06-22,2026-09-30,3755,0,1,1,TFCILTD,NO_UNRESOLVED_DISCONTINUITY
TFL|NOISIN|5,2347,2011-06-22,2026-09-30,2212,0,134,0,TFL,NO_UNRESOLVED_DISCONTINUITY
TGVSL|INE284B01028|1,32,2026-08-17,2026-09-30,31,0,0,0,TGVSL,NO_UNRESOLVED_DISCONTINUITY
THACKER|INE077P01034|1,45,2026-04-20,2026-09-30,39,0,5,0,THACKER,NO_UNRESOLVED_DISCONTINUITY
THAKDEV|INE403F01017|1,96,2026-04-21,2026-09-30,81,0,14,0,THAKDEV,NO_UNRESOLVED_DISCONTINUITY
THANGAMAYL|NOISIN|1,3612,2011-06-22,2026-09-30,3603,1,7,1,THANGAMAYL,HAS_UNRESOLVED_DISCONTINUITY
THEBYKE|INE319B01014|1,3096,2011-12-30,2026-09-30,3084,0,11,1,THEBYKE|BYKE,NO_UNRESOLVED_DISCONTINUITY
THEJO|INE121N01019|1,733,2023-10-10,2026-09-30,732,0,0,0,THEJO,NO_UNRESOLVED_DISCONTINUITY
THELEELA|INE0AQ201015|1,331,2025-06-02,2026-09-30,330,0,0,0,THELEELA,NO_UNRESOLVED_DISCONTINUITY
THEMISMED|INE083B01016|1,2978,2011-06-22,2026-09-30,2906,0,71,1,THEMISMED,NO_UNRESOLVED_DISCONTINUITY
THERMAX|NOISIN|1,3768,2011-06-22,2026-09-30,3767,0,0,0,THERMAX,NO_UNRESOLVED_DISCONTINUITY
THINKSOFT|NOISIN|2,3634,2011-06-22,2026-09-30,3630,0,3,0,THINKSOFT|SQSBFSI|EXPLEOSOL,NO_UNRESOLVED_DISCONTINUITY
THIRUSUGAR|NOISIN|5,1625,2011-06-22,2019-05-27,1554,0,70,0,THIRUSUGAR,NO_UNRESOLVED_DISCONTINUITY
THOMASCOOK|NOISIN|1,3702,2011-06-22,2026-09-30,3699,0,2,0,THOMASCOOK,NO_UNRESOLVED_DISCONTINUITY
THOMASCOTT|INE480M01011|1,596,2012-02-13,2026-09-30,560,0,35,0,THOMASCOTT,NO_UNRESOLVED_DISCONTINUITY
THYROCARE|INE594H01019|1,2569,2016-05-09,2026-09-30,2568,0,0,1,THYROCARE,NO_UNRESOLVED_DISCONTINUITY
TIDEWATER|INE484C01022|1,1314,2016-03-17,2021-07-14,1313,0,0,0,TIDEWATER,NO_UNRESOLVED_DISCONTINUITY
TIDEWATER|INE484C01030|1,1224,2021-10-18,2026-09-30,1223,0,0,0,TIDEWATER|VEEDOL,NO_UNRESOLVED_DISCONTINUITY
TIDEWATER|NOISIN|2,1167,2011-06-22,2016-03-16,1165,1,0,0,TIDEWATER,HAS_UNRESOLVED_DISCONTINUITY
TIFIN|INE149A01033|1,2216,2017-10-10,2026-09-30,2215,0,0,0,TIFIN|CHOLAHLDNG,NO_UNRESOLVED_DISCONTINUITY
TIGERLOGS|INE906O01029|1,189,2025-09-18,2026-09-30,187,0,1,0,TIGERLOGS,NO_UNRESOLVED_DISCONTINUITY
TIIL|NOISIN|2,3632,2011-06-22,2026-09-30,3606,0,25,0,TIIL,NO_UNRESOLVED_DISCONTINUITY
TIINDIA|INE974X01010|1,2190,2017-11-16,2026-09-30,2189,0,0,0,TIINDIA,NO_UNRESOLVED_DISCONTINUITY
TIJARIA|INE440L01017|1,2432,2011-10-14,2026-09-03,2352,0,79,0,TIJARIA,NO_UNRESOLVED_DISCONTINUITY
TIL|NOISIN|2,3094,2011-06-22,2026-08-10,3086,1,6,0,TIL,HAS_UNRESOLVED_DISCONTINUITY
TIMBOR|INE346L01016|1,836,2011-06-22,2015-09-24,812,0,23,0,TIMBOR,NO_UNRESOLVED_DISCONTINUITY
TIMESGTY|NOISIN|6,2894,2011-06-22,2026-09-30,2687,0,206,0,TIMESGTY|TEAMGTY,NO_UNRESOLVED_DISCONTINUITY
TIMETECHNO|NOISIN|1,3768,2011-06-22,2026-09-30,3767,0,0,1,TIMETECHNO,NO_UNRESOLVED_DISCONTINUITY
TIMEX|INE064A01026|1,114,2026-04-20,2026-09-30,113,0,0,0,TIMEX,NO_UNRESOLVED_DISCONTINUITY
TIMKEN|NOISIN|2,3768,2011-06-22,2026-09-30,3767,0,0,0,TIMKEN,NO_UNRESOLVED_DISCONTINUITY
TINNARUBR|INE015C01016|1,361,2025-04-17,2026-09-30,360,0,0,0,TINNARUBR,NO_UNRESOLVED_DISCONTINUITY
TINPLATE|NOISIN|2,3040,2011-06-22,2024-01-18,3038,0,1,0,TINPLATE,NO_UNRESOLVED_DISCONTINUITY
TIPSFILMS|INE0LQS01015|1,748,2022-10-20,2026-09-30,744,0,3,0,TIPSFILMS,NO_UNRESOLVED_DISCONTINUITY
TIPSINDLTD|NOISIN|4,3251,2011-06-22,2026-09-30,3212,0,38,1,TIPSINDLTD|TIPSMUSIC,NO_UNRESOLVED_DISCONTINUITY
TIRUMALCHM|NOISIN|3,3768,2011-06-22,2026-09-30,3767,0,0,1,TIRUMALCHM,NO_UNRESOLVED_DISCONTINUITY
TIRUPATIFL|INE319Y01016|1,69,2020-08-04,2020-11-09,68,0,0,0,TIRUPATIFL,NO_UNRESOLVED_DISCONTINUITY
TIRUPATIFL|INE319Y01024|1,569,2022-01-04,2026-07-23,565,0,3,0,TIRUPATIFL,NO_UNRESOLVED_DISCONTINUITY
TISCO|NOISIN|1,3768,2011-06-22,2026-09-30,3766,1,0,1,TATASTEEL,HAS_UNRESOLVED_DISCONTINUITY
TITAN|NOISIN|1,3768,2011-06-22,2026-09-30,3767,0,0,1,TITAN,NO_UNRESOLVED_DISCONTINUITY
TI|NOISIN|1,3547,2011-06-22,2026-09-30,3542,0,4,0,TI,NO_UNRESOLVED_DISCONTINUITY
TMB|INE668A01016|1,993,2022-09-21,2026-09-30,992,0,0,0,TMB,NO_UNRESOLVED_DISCONTINUITY
TMCV|INE1TAE01010|1,209,2025-11-26,2026-09-30,208,0,0,0,TMCV,NO_UNRESOLVED_DISCONTINUITY
TMRVL|INE759V01019|1,2124,2016-12-28,2026-09-30,2117,0,6,0,TMRVL|HEADSUP,NO_UNRESOLVED_DISCONTINUITY
TNIDETF|INF277KA1364|1,1105,2022-04-08,2026-09-30,1104,0,0,0,TNIDETF,NO_UNRESOLVED_DISCONTINUITY
TNPETRO|NOISIN|6,3635,2011-06-22,2026-09-30,3632,0,2,0,TNPETRO,NO_UNRESOLVED_DISCONTINUITY
TNPL|NOISIN|1,3768,2011-06-22,2026-09-30,3767,0,0,0,TNPL,NO_UNRESOLVED_DISCONTINUITY
TNTELE|INE141D01018|1,416,2023-11-22,2026-09-30,412,0,3,0,TNTELE,NO_UNRESOLVED_DISCONTINUITY
TODAYS|NOISIN|3,954,2011-06-22,2018-02-06,820,0,133,0,TODAYS,NO_UNRESOLVED_DISCONTINUITY
TOKYOPLAST|INE932C01012|1,3329,2011-06-23,2026-09-30,3247,0,81,0,TOKYOPLAST,NO_UNRESOLVED_DISCONTINUITY
TOLINS|INE0RWQ01014|1,433,2024-09-30,2026-09-30,431,0,1,0,TOLINS,NO_UNRESOLVED_DISCONTINUITY
TOP100CASE|INF0R8F01067|1,566,2024-06-19,2026-09-30,565,0,0,0,TOP100CASE,NO_UNRESOLVED_DISCONTINUITY
TOP10ADD|INF740KA1UR9|1,508,2024-09-11,2026-09-30,507,0,0,0,TOP10ADD,NO_UNRESOLVED_DISCONTINUITY
TOP15IETF|INF109K1A344|1,309,2025-07-02,2026-09-30,308,0,0,0,TOP15IETF,NO_UNRESOLVED_DISCONTINUITY
TOP20|INF769K01PZ5|1,192,2025-12-19,2026-09-30,191,0,0,0,TOP20,NO_UNRESOLVED_DISCONTINUITY
TORNTPHARM|NOISIN|1,3768,2011-06-22,2026-09-30,3767,0,0,2,TORNTPHARM,NO_UNRESOLVED_DISCONTINUITY
TORNTPOWER|NOISIN|1,3768,2011-06-22,2026-09-30,3767,0,0,0,TORNTPOWER,NO_UNRESOLVED_DISCONTINUITY
TOTAL|INE336X01012|1,1299,2020-08-28,2026-09-09,1295,0,3,0,TOTAL,NO_UNRESOLVED_DISCONTINUITY
TOUCHWOOD|INE486Y01013|1,1169,2020-01-21,2026-09-30,1157,0,11,0,TOUCHWOOD,NO_UNRESOLVED_DISCONTINUITY
TOYAMSL|INE457P01020|1,32,2026-08-17,2026-09-30,31,0,0,0,TOYAMSL,NO_UNRESOLVED_DISCONTINUITY
TPHQ|INE065J01024|1,323,2024-06-10,2026-08-21,319,0,3,0,TPHQ,NO_UNRESOLVED_DISCONTINUITY
TPLPLASTEH|INE413G01014|1,2668,2015-05-20,2026-09-30,2658,0,9,2,TPLPLASTEH,NO_UNRESOLVED_DISCONTINUITY
TRACXN|INE0HMF01019|1,973,2022-10-20,2026-09-30,972,0,0,0,TRACXN,NO_UNRESOLVED_DISCONTINUITY
TRANSCOR|INE330E01023|1,32,2026-08-17,2026-09-30,31,0,0,0,TRANSCOR,NO_UNRESOLVED_DISCONTINUITY
TRANSPEK|INE687A01016|1,78,2026-04-20,2026-08-10,77,0,0,0,TRANSPEK,NO_UNRESOLVED_DISCONTINUITY
TRANSRAILL|INE454P01035|1,435,2024-12-27,2026-09-30,434,0,0,0,TRANSRAILL,NO_UNRESOLVED_DISCONTINUITY
TRAVELFOOD|INE103V01028|1,301,2025-07-14,2026-09-30,300,0,0,0,TRAVELFOOD,NO_UNRESOLVED_DISCONTINUITY
TREEHOUSE|INE040M01013|1,2966,2011-08-26,2026-09-30,2952,0,13,0,TREEHOUSE,NO_UNRESOLVED_DISCONTINUITY
TREJHARA|INE00CA01015|1,1435,2019-01-11,2026-09-30,1429,0,5,0,TREJHARA,NO_UNRESOLVED_DISCONTINUITY
TREL|INE0O3901029|1,763,2023-08-25,2026-09-30,762,0,0,0,TREL,NO_UNRESOLVED_DISCONTINUITY
TRENT|NOISIN|1,3768,2011-06-22,2026-09-30,3767,0,0,2,TRENT,NO_UNRESOLVED_DISCONTINUITY
TRF|NOISIN|1,3253,2011-06-22,2026-09-30,3240,0,12,0,TRF,NO_UNRESOLVED_DISCONTINUITY
TRICOM|NOISIN|1,1183,2011-06-22,2017-03-23,1120,0,62,0,TRICOM,NO_UNRESOLVED_DISCONTINUITY
TRIGYN|NOISIN|4,3455,2011-06-22,2026-09-30,3424,0,30,0,TRIGYN,NO_UNRESOLVED_DISCONTINUITY
TRIL|NOISIN|1,3380,2011-06-22,2026-09-30,3373,0,6,2,TRIL|TARIL,NO_UNRESOLVED_DISCONTINUITY
TRITONV|INE440G01017|1,32,2026-08-17,2026-09-30,31,0,0,0,TRITONV,NO_UNRESOLVED_DISCONTINUITY
TRITURBINE|INE152M01016|1,3671,2011-11-15,2026-09-30,3670,0,0,0,TRITURBINE,NO_UNRESOLVED_DISCONTINUITY
TRIVENI|NOISIN|1,3690,2011-06-22,2026-09-30,3686,0,3,0,TRIVENI,NO_UNRESOLVED_DISCONTINUITY
TRUALT|INE0MWH01014|1,245,2025-10-03,2026-09-30,244,0,0,0,TRUALT,NO_UNRESOLVED_DISCONTINUITY
TTKHEALTH|NOISIN|2,3536,2011-06-22,2026-09-30,3533,0,2,0,TTKHEALTH|TTKHLTCARE,NO_UNRESOLVED_DISCONTINUITY
TTKPRESTIG|NOISIN|1,3768,2011-06-22,2026-09-30,3766,1,0,1,TTKPRESTIG,HAS_UNRESOLVED_DISCONTINUITY
TTL|INE592B01024|1,260,2025-03-17,2026-09-30,257,0,2,0,TTL,NO_UNRESOLVED_DISCONTINUITY
TTL|NOISIN|2,3138,2011-06-22,2024-12-11,3120,0,17,0,TTL,NO_UNRESOLVED_DISCONTINUITY
TUBEINVEST|NOISIN|1,1521,2011-06-22,2017-08-23,1520,0,0,0,TUBEINVEST,NO_UNRESOLVED_DISCONTINUITY
TULIP|NOISIN|1,655,2011-06-22,2014-07-08,652,0,2,0,TULIP,NO_UNRESOLVED_DISCONTINUITY
TULSI|NOISIN|2,1635,2011-06-22,2018-03-16,1623,0,11,0,TULSI,NO_UNRESOLVED_DISCONTINUITY
TULSYAN|NOISIN|2,449,2011-06-22,2014-01-10,406,0,42,0,TULSYAN,NO_UNRESOLVED_DISCONTINUITY
TURTLEMINT|INE0OC301013|1,67,2026-06-29,2026-09-30,66,0,0,0,TURTLEMINT,NO_UNRESOLVED_DISCONTINUITY
TUTIALKA|INE400A01014|1,32,2026-08-17,2026-09-30,31,0,0,0,TUTIALKA,NO_UNRESOLVED_DISCONTINUITY
TVSELECT|NOISIN|6,3245,2011-06-22,2026-09-30,3220,0,24,0,TVSELECT,NO_UNRESOLVED_DISCONTINUITY
TVSMOTOR|NOISIN|1,3768,2011-06-22,2026-09-30,3766,1,0,0,TVSMOTOR,HAS_UNRESOLVED_DISCONTINUITY
TVSSCS|INE395N01027|1,711,2023-08-23,2026-09-30,709,0,1,0,TVSSCS,NO_UNRESOLVED_DISCONTINUITY
TVSSRICHAK|NOISIN|2,3731,2011-06-22,2026-09-30,3729,0,1,0,TVSSRICHAK,NO_UNRESOLVED_DISCONTINUITY
TVTODAY|NOISIN|1,3768,2011-06-22,2026-09-30,3767,0,0,0,TVTODAY,NO_UNRESOLVED_DISCONTINUITY
TVVISION|INE871L01013|1,1200,2016-09-29,2026-08-04,1161,0,38,0,TVVISION,NO_UNRESOLVED_DISCONTINUITY
TWCGOLDETF|INF2F0001370|1,183,2026-01-02,2026-09-30,182,0,0,0,TWCGOLDETF,NO_UNRESOLVED_DISCONTINUITY
TWILITAKA|NOISIN|1,579,2011-06-22,2014-08-22,574,0,4,0,TWILITAKA,NO_UNRESOLVED_DISCONTINUITY
TWL|NOISIN|1,3660,2011-06-22,2026-09-30,3656,0,3,1,TWL|TITAGARH,NO_UNRESOLVED_DISCONTINUITY
UBENGG|NOISIN|1,634,2011-06-22,2014-09-23,621,0,12,0,UBENGG,NO_UNRESOLVED_DISCONTINUITY
UBHOLDINGS|NOISIN|1,1427,2011-06-22,2017-05-19,1425,0,1,0,UBHOLDINGS,NO_UNRESOLVED_DISCONTINUITY
UBL|NOISIN|1,3768,2011-06-22,2026-09-30,3767,0,0,0,UBL,NO_UNRESOLVED_DISCONTINUITY
UCALFUEL|NOISIN|2,3548,2011-06-22,2026-08-19,3544,0,3,0,UCALFUEL|UCAL,NO_UNRESOLVED_DISCONTINUITY
UCOBANK|NOISIN|1,3768,2011-06-22,2026-09-30,3767,0,0,0,UCOBANK,NO_UNRESOLVED_DISCONTINUITY
UDAICEMENT|INE225C01029|1,788,2021-12-23,2025-08-22,785,1,1,0,UDAICEMENT,HAS_UNRESOLVED_DISCONTINUITY
UDAYJEW|INE551B01012|1,32,2026-08-17,2026-09-30,31,0,0,0,UDAYJEW,NO_UNRESOLVED_DISCONTINUITY
UDS|INE851I01011|1,737,2023-10-04,2026-09-30,736,0,0,0,UDS,NO_UNRESOLVED_DISCONTINUITY
UEL|INE899L01030|1,164,2026-02-02,2026-09-30,163,0,0,0,UEL,NO_UNRESOLVED_DISCONTINUITY
UFO|INE527H01019|1,2747,2015-05-14,2026-09-30,2745,0,1,0,UFO,NO_UNRESOLVED_DISCONTINUITY
UGARSUGAR|NOISIN|1,3279,2011-06-22,2026-09-29,3276,0,2,0,UGARSUGAR,NO_UNRESOLVED_DISCONTINUITY
UGROCAP|INE583D01011|1,1269,2021-08-11,2026-09-30,1267,1,0,0,UGROCAP,HAS_UNRESOLVED_DISCONTINUITY
UJJIVANSFB|INE551W01018|1,1682,2019-12-12,2026-09-30,1681,0,0,0,UJJIVANSFB,NO_UNRESOLVED_DISCONTINUITY
UJJIVAN|INE334L01012|1,1971,2016-05-10,2024-05-02,1970,0,0,0,UJJIVAN,NO_UNRESOLVED_DISCONTINUITY
ULTRACEMCO|NOISIN|1,3768,2011-06-22,2026-09-30,3767,0,0,0,ULTRACEMCO,NO_UNRESOLVED_DISCONTINUITY
ULTRAMAR|INE405A01021|1,114,2026-04-20,2026-09-30,113,0,0,0,ULTRAMAR,NO_UNRESOLVED_DISCONTINUITY
UMAEXPORTS|INE0GIU01018|1,677,2022-04-25,2026-06-08,671,0,5,0,UMAEXPORTS,NO_UNRESOLVED_DISCONTINUITY
UMANGDAIRY|INE864B01027|1,2193,2015-12-02,2025-06-26,2189,0,3,0,UMANGDAIRY,NO_UNRESOLVED_DISCONTINUITY
UMESLTD|NOISIN|1,2143,2011-06-22,2026-09-30,1923,0,219,0,UMESLTD,NO_UNRESOLVED_DISCONTINUITY
UNICHEMLAB|NOISIN|1,3768,2011-06-22,2026-09-30,3767,0,0,0,UNICHEMLAB,NO_UNRESOLVED_DISCONTINUITY
UNIDT|INE961D01019|1,1417,2020-09-25,2026-09-30,1415,0,1,0,UNIDT,NO_UNRESOLVED_DISCONTINUITY
UNIECOM|INE00U401027|1,528,2024-08-13,2026-09-30,527,0,0,0,UNIECOM,NO_UNRESOLVED_DISCONTINUITY
UNIENTER|NOISIN|7,3681,2011-06-22,2026-09-30,3641,0,39,0,UNIENTER,NO_UNRESOLVED_DISCONTINUITY
UNIINFO|INE481Z01011|1,792,2022-01-12,2026-09-30,784,0,7,0,UNIINFO,NO_UNRESOLVED_DISCONTINUITY
UNIMECH|INE0U3I01011|1,375,2024-12-31,2026-09-30,373,0,1,0,UNIMECH,NO_UNRESOLVED_DISCONTINUITY
UNIONBANK|NOISIN|1,3768,2011-06-22,2026-09-30,3767,0,0,0,UNIONBANK,NO_UNRESOLVED_DISCONTINUITY
UNIONGOLD|INF582M01KS4|1,395,2025-02-21,2026-09-30,394,0,0,0,UNIONGOLD,NO_UNRESOLVED_DISCONTINUITY
UNIPARTS|INE244O01017|1,938,2022-12-12,2026-09-30,937,0,0,0,UNIPARTS,NO_UNRESOLVED_DISCONTINUITY
UNIPHOS|NOISIN|1,3768,2011-06-22,2026-09-30,3766,1,0,1,UNIPHOS|UPL,HAS_UNRESOLVED_DISCONTINUITY
UNIPLY|NOISIN|3,1816,2011-06-22,2020-09-11,1756,0,59,1,UNIPLY,NO_UNRESOLVED_DISCONTINUITY
UNITECH|NOISIN|1,2209,2011-06-22,2026-09-30,2204,1,3,0,UNITECH,HAS_UNRESOLVED_DISCONTINUITY
UNITEDBNK|NOISIN|1,2155,2011-06-22,2020-03-20,2154,0,0,0,UNITEDBNK,NO_UNRESOLVED_DISCONTINUITY
UNITEDPOLY|INE368U01011|1,698,2021-12-31,2026-09-30,688,0,9,1,UNITEDPOLY,NO_UNRESOLVED_DISCONTINUITY
UNITEDTEA|NOISIN|1,3393,2011-06-22,2026-09-30,3215,0,177,0,UNITEDTEA,NO_UNRESOLVED_DISCONTINUITY
UNITY|NOISIN|1,1704,2011-06-22,2018-08-29,1701,0,2,0,UNITY,NO_UNRESOLVED_DISCONTINUITY
UNIVASTU|INE562X01013|1,1258,2020-06-22,2026-07-01,1253,0,4,1,UNIVASTU,NO_UNRESOLVED_DISCONTINUITY
UNIVCABLES|NOISIN|5,3151,2011-06-22,2026-09-30,3105,0,45,0,UNIVCABLES,NO_UNRESOLVED_DISCONTINUITY
UNIVPHOTO|INE03V001013|1,1287,2020-03-02,2026-02-20,1283,0,3,0,UNIVPHOTO,NO_UNRESOLVED_DISCONTINUITY
UPERGANGES|NOISIN|4,1261,2011-06-22,2017-03-22,1199,0,61,0,UPERGANGES,NO_UNRESOLVED_DISCONTINUITY
UPHOT|INE726E01014|1,24,2026-08-18,2026-09-29,17,0,6,0,UPHOT,NO_UNRESOLVED_DISCONTINUITY
URAVI|INE568Z01015|1,489,2023-07-05,2026-07-02,484,0,4,0,URAVI|URAVIDEF,NO_UNRESOLVED_DISCONTINUITY
URBANCO|INE0CAZ01013|1,256,2025-09-17,2026-09-30,255,0,0,0,URBANCO,NO_UNRESOLVED_DISCONTINUITY
URJA|INE550C01020|1,1588,2017-03-28,2026-09-30,1575,0,12,0,URJA,NO_UNRESOLVED_DISCONTINUITY
USHAMART|NOISIN|1,3768,2011-06-22,2026-09-30,3767,0,0,0,USHAMART,NO_UNRESOLVED_DISCONTINUITY
USHERAGRO|NOISIN|1,1630,2011-06-22,2018-09-21,1626,0,3,0,USHERAGRO,NO_UNRESOLVED_DISCONTINUITY
USK|INE0N0Y01013|1,654,2023-04-20,2026-09-30,650,0,3,0,USK,NO_UNRESOLVED_DISCONTINUITY
UTIAMC|INE094J01016|1,1475,2020-10-12,2026-09-30,1474,0,0,0,UTIAMC,NO_UNRESOLVED_DISCONTINUITY
UTIBANKETF|INF789F1AUN8|1,115,2020-09-04,2021-02-18,113,1,0,0,UTIBANKETF,HAS_UNRESOLVED_DISCONTINUITY
UTIBANKETF|INF789F1AUV1|1,1385,2021-02-19,2026-09-30,1384,0,0,0,UTIBANKETF|BANKBETA,NO_UNRESOLVED_DISCONTINUITY
UTIBANK|NOISIN|1,3768,2011-06-22,2026-09-30,3767,0,0,1,AXISBANK,NO_UNRESOLVED_DISCONTINUITY
UTINEXT50|INF789F1AUW9|1,1361,2021-03-26,2026-09-30,1360,0,0,0,UTINEXT50|NEXT50BETA,NO_UNRESOLVED_DISCONTINUITY
UTINEXT50|INF789FC1N82|1,895,2017-08-08,2021-03-25,891,1,2,0,UTINEXT50,HAS_UNRESOLVED_DISCONTINUITY
UTINIFTETF|INF789F1AZC0|1,743,2023-09-25,2026-09-30,742,0,0,0,UTINIFTETF|NIFTYBETA,NO_UNRESOLVED_DISCONTINUITY
UTINIFTETF|INF789FB1X41|1,1953,2015-09-03,2023-09-22,1917,0,35,0,UTINIFTETF,NO_UNRESOLVED_DISCONTINUITY
UTISENSETF|INF789FB1X58|1,2629,2015-09-03,2026-09-30,2547,0,81,0,UTISENSETF|SENSEXBETA,NO_UNRESOLVED_DISCONTINUITY
UTISUNDER|INF789F01042|1,148,2011-06-22,2012-03-12,122,1,24,0,UTISUNDER,HAS_UNRESOLVED_DISCONTINUITY
UTISXN50|INF789F1AHR6|1,391,2019-03-13,2021-02-18,332,1,57,0,UTISXN50,HAS_UNRESOLVED_DISCONTINUITY
UTISXN50|INF789F1AUU3|1,1385,2021-02-19,2026-09-30,1384,0,0,0,UTISXN50|SNXT50BETA,NO_UNRESOLVED_DISCONTINUITY
UTKARSHBNK|INE735W01017|1,787,2023-07-21,2026-09-30,785,1,0,0,UTKARSHBNK,HAS_UNRESOLVED_DISCONTINUITY
UTLSOLAR|INE12UR01024|1,206,2025-11-20,2026-09-30,204,0,1,0,UTLSOLAR,NO_UNRESOLVED_DISCONTINUITY
UTTAMSTL|NOISIN|2,2333,2011-06-22,2022-05-24,2324,0,8,0,UTTAMSTL,NO_UNRESOLVED_DISCONTINUITY
UTTAMSUGAR|NOISIN|4,3430,2011-06-22,2026-09-30,3408,1,20,0,UTTAMSUGAR,HAS_UNRESOLVED_DISCONTINUITY
UTVSOF|NOISIN|1,176,2011-06-22,2012-03-07,175,0,0,0,UTVSOF,NO_UNRESOLVED_DISCONTINUITY
UVSL|INE292A01023|1,530,2016-07-11,2020-11-20,465,54,10,0,UVSL,HAS_UNRESOLVED_DISCONTINUITY
UYFINCORP|INE152C01025|1,391,2024-10-03,2026-08-10,389,0,1,0,UYFINCORP,NO_UNRESOLVED_DISCONTINUITY
VADILALIND|NOISIN|1,3767,2011-06-22,2026-09-30,3765,0,1,0,VADILALIND,NO_UNRESOLVED_DISCONTINUITY
VADILENT|INE693D01018|1,30,2026-08-17,2026-09-30,27,0,2,0,VADILENT,NO_UNRESOLVED_DISCONTINUITY
VAIBHAVGEM|NOISIN|2,3649,2011-06-22,2026-09-30,3646,0,2,1,VAIBHAVGEM|VAIBHAVGBL,NO_UNRESOLVED_DISCONTINUITY
VAISHALI|INE972X01014|1,1419,2020-01-15,2026-09-30,1414,0,4,1,VAISHALI,NO_UNRESOLVED_DISCONTINUITY
VAKRANSOFT|NOISIN|4,3666,2011-06-22,2026-09-30,3662,0,3,2,VAKRANSOFT|VAKRANGEE,NO_UNRESOLVED_DISCONTINUITY
VAL30IETF|INF109KC16X5|1,480,2024-10-22,2026-09-30,479,0,0,0,VAL30IETF,NO_UNRESOLVED_DISCONTINUITY
VALECHAENG|NOISIN|1,1195,2011-06-22,2016-09-26,1192,0,2,0,VALECHAENG,NO_UNRESOLVED_DISCONTINUITY
VALIANTLAB|INE0JWS01017|1,592,2023-10-20,2026-08-27,588,1,2,0,VALIANTLAB,HAS_UNRESOLVED_DISCONTINUITY
VALIANTORG|INE565V01010|1,1322,2020-10-05,2026-09-30,1319,0,2,1,VALIANTORG,NO_UNRESOLVED_DISCONTINUITY
VALUE|INF769K01QV2|1,127,2026-03-27,2026-09-30,126,0,0,0,VALUE,NO_UNRESOLVED_DISCONTINUITY
VAML|INE1CDF01017|1,66,2026-06-30,2026-09-30,65,0,0,0,VAML,NO_UNRESOLVED_DISCONTINUITY
VARDHACRLC|NOISIN|3,3705,2011-06-22,2026-07-02,3704,0,0,0,VARDHACRLC,NO_UNRESOLVED_DISCONTINUITY
VARDMNPOLY|NOISIN|4,2862,2011-06-22,2026-09-30,2838,1,22,1,VARDMNPOLY,HAS_UNRESOLVED_DISCONTINUITY
VARMORA|INE0M5301040|1,2,2026-09-29,2026-09-30,1,0,0,0,VARMORA,NO_UNRESOLVED_DISCONTINUITY
VARROC|INE665L01035|1,2031,2018-07-06,2026-09-30,2030,0,0,0,VARROC,NO_UNRESOLVED_DISCONTINUITY
VARUNSHIP|NOISIN|1,920,2011-06-22,2015-07-10,917,0,2,0,VARUNSHIP,NO_UNRESOLVED_DISCONTINUITY
VARUN|NOISIN|1,591,2011-06-22,2014-09-23,586,0,4,0,VARUN,NO_UNRESOLVED_DISCONTINUITY
VASCONEQ|NOISIN|1,3553,2011-06-22,2026-09-30,3542,1,9,0,VASCONEQ,HAS_UNRESOLVED_DISCONTINUITY
VASUPRADA|INE574G01013|1,21,2026-08-17,2026-09-28,14,0,6,0,VASUPRADA,NO_UNRESOLVED_DISCONTINUITY
VASWANI|INE590L01019|1,3022,2011-10-24,2026-09-30,2967,0,54,0,VASWANI,NO_UNRESOLVED_DISCONTINUITY
VATECH|NOISIN|1,3742,2011-06-22,2026-09-30,3740,0,1,2,WABAG,NO_UNRESOLVED_DISCONTINUITY
VBL|INE200M01013|1,2445,2016-11-08,2026-09-30,2444,0,0,5,VBL,NO_UNRESOLVED_DISCONTINUITY
VCL|INE098201028|1,580,2022-04-19,2026-08-19,574,0,5,1,VCL,NO_UNRESOLVED_DISCONTINUITY
VDOCONAPPL|NOISIN|1,1548,2011-06-22,2017-12-06,1529,0,18,0,VALUEIND,NO_UNRESOLVED_DISCONTINUITY
VEDAVAAG|INE359B01010|1,32,2026-08-17,2026-09-30,31,0,0,0,VEDAVAAG,NO_UNRESOLVED_DISCONTINUITY
VEDPOWER|INE694L01019|1,66,2026-06-30,2026-09-30,65,0,0,0,VEDPOWER,NO_UNRESOLVED_DISCONTINUITY
VELJAN|INE232E01013|1,51,2026-04-20,2026-07-02,50,0,0,0,VELJAN,NO_UNRESOLVED_DISCONTINUITY
VENKEYS|NOISIN|2,3768,2011-06-22,2026-09-30,3767,0,0,1,VENKEYS,NO_UNRESOLVED_DISCONTINUITY
VENTIVE|INE781S01027|1,434,2024-12-30,2026-09-30,433,0,0,0,VENTIVE,NO_UNRESOLVED_DISCONTINUITY
VENUSPIPES|INE0JA001018|1,1066,2022-06-07,2026-09-30,1065,0,0,0,VENUSPIPES,NO_UNRESOLVED_DISCONTINUITY
VENUSREM|NOISIN|1,3342,2011-06-22,2026-09-30,3335,0,6,0,VENUSREM,NO_UNRESOLVED_DISCONTINUITY
VERANDA|INE0IQ001011|1,1037,2022-04-27,2026-09-30,1035,0,1,0,VERANDA,NO_UNRESOLVED_DISCONTINUITY
VERTOZ|INE188Y01015|1,799,2020-05-14,2024-06-27,793,0,5,0,VERTOZ,NO_UNRESOLVED_DISCONTINUITY
VERTOZ|INE188Y01023|1,131,2024-07-08,2025-01-29,129,0,1,0,VERTOZ,NO_UNRESOLVED_DISCONTINUITY
VERTOZ|INE188Y01031|1,236,2025-07-14,2026-09-30,234,0,1,0,VERTOZ,NO_UNRESOLVED_DISCONTINUITY
VESUVIUS|NOISIN|1,3768,2011-06-22,2026-09-30,3767,0,0,1,VESUVIUS,NO_UNRESOLVED_DISCONTINUITY
VETO|INE918N01018|1,2660,2015-04-29,2026-09-30,2656,0,3,0,VETO,NO_UNRESOLVED_DISCONTINUITY
VGCL|INE761Q01015|1,32,2026-08-17,2026-09-30,31,0,0,0,VGCL,NO_UNRESOLVED_DISCONTINUITY
VGUARD|NOISIN|1,3768,2011-06-22,2026-09-30,3767,0,0,2,VGUARD,NO_UNRESOLVED_DISCONTINUITY
VHL|NOISIN|2,3481,2011-06-22,2026-09-30,3329,0,151,0,VHL,NO_UNRESOLVED_DISCONTINUITY
VICEROY|NOISIN|4,1788,2011-06-22,2018-12-21,1785,0,2,0,VICEROY,NO_UNRESOLVED_DISCONTINUITY
VIDEOIND|NOISIN|1,1704,2011-06-22,2018-05-21,1703,0,0,0,VIDEOIND,NO_UNRESOLVED_DISCONTINUITY
VIDHIDYE|INE632C01026|1,2611,2016-03-02,2026-09-30,2610,0,0,0,VIDHIDYE|VIDHIING,NO_UNRESOLVED_DISCONTINUITY
VIDYAWIRES|INE14UN01029|1,199,2025-12-10,2026-09-30,198,0,0,0,VIDYAWIRES,NO_UNRESOLVED_DISCONTINUITY
VIJAYABANK|NOISIN|1,1902,2011-06-22,2019-03-07,1901,0,0,0,VIJAYABANK,NO_UNRESOLVED_DISCONTINUITY
VIJAYA|INE043W01024|1,1247,2021-09-14,2026-09-30,1246,0,0,0,VIJAYA,NO_UNRESOLVED_DISCONTINUITY
VIJAYTEX|NOISIN|1,433,2011-06-22,2014-01-10,377,0,55,0,VTXIND,NO_UNRESOLVED_DISCONTINUITY
VIJIFIN|INE159N01019|1,72,2016-07-11,2016-10-25,70,1,0,0,VIJIFIN,HAS_UNRESOLVED_DISCONTINUITY
VIJIFIN|INE159N01027|1,1271,2016-10-26,2026-03-18,1257,0,13,0,VIJIFIN,NO_UNRESOLVED_DISCONTINUITY
VIJSHAN|NOISIN|1,1779,2011-06-22,2018-12-21,1777,0,1,0,VIJSHAN,NO_UNRESOLVED_DISCONTINUITY
VIJSOLX|INE362D01010|1,31,2026-08-17,2026-09-30,29,0,1,0,VIJSOLX,NO_UNRESOLVED_DISCONTINUITY
VIKASGLOB|INE806A01012|1,496,2011-12-12,2014-02-28,486,0,9,0,VIKASGLOB,NO_UNRESOLVED_DISCONTINUITY
VIKASGLOB|INE806A01020|1,2776,2014-06-13,2026-09-30,2767,1,7,1,VIKASGLOB|VIKASECO,HAS_UNRESOLVED_DISCONTINUITY
VIKASHMET|NOISIN|2,184,2011-06-22,2012-07-13,182,0,1,0,VIKASHMET,NO_UNRESOLVED_DISCONTINUITY
VIKASMCORP|INE161L01027|1,1465,2019-05-22,2026-09-30,1455,2,7,0,VIKASMCORP|VIKASLIFE,HAS_UNRESOLVED_DISCONTINUITY
VIKASPROP|INE767B01022|1,669,2019-08-19,2022-08-22,666,0,2,0,VIKASPROP,NO_UNRESOLVED_DISCONTINUITY
VIKASWSP|INE706A01022|1,612,2019-08-19,2022-04-22,610,0,1,0,VIKASWSP,NO_UNRESOLVED_DISCONTINUITY
VIKRAMSOLR|INE078V01014|1,266,2025-08-26,2026-09-30,264,0,1,0,VIKRAMSOLR,NO_UNRESOLVED_DISCONTINUITY
VIKRAN|INE01R501028|1,266,2025-09-03,2026-09-30,265,0,0,0,VIKRAN,NO_UNRESOLVED_DISCONTINUITY
VIMALOIL|INE067D01015|1,956,2013-05-21,2017-04-10,955,0,0,0,VIMALOIL,NO_UNRESOLVED_DISCONTINUITY
VIMTALABS|INE579C01029|1,3533,2011-09-06,2026-09-30,3528,0,4,1,VIMTALABS,NO_UNRESOLVED_DISCONTINUITY
VINATIORGA|NOISIN|1,3768,2011-06-22,2026-09-30,3767,0,0,1,VINATIORGA,NO_UNRESOLVED_DISCONTINUITY
VINCOFE|INE498Q01014|1,482,2024-10-18,2026-09-30,481,0,0,0,VINCOFE,NO_UNRESOLVED_DISCONTINUITY
VINDHYATEL|NOISIN|9,3557,2011-06-22,2026-09-30,3493,0,63,0,VINDHYATEL,NO_UNRESOLVED_DISCONTINUITY
VINEETLAB|INE505Y01010|1,1038,2021-06-29,2026-09-30,1033,1,3,0,VINEETLAB,HAS_UNRESOLVED_DISCONTINUITY
VINNY|INE01KI01019|1,33,2022-11-28,2023-01-11,32,0,0,0,VINNY,NO_UNRESOLVED_DISCONTINUITY
VINNY|INE01KI01027|1,379,2023-05-23,2026-09-30,375,1,2,0,VINNY,HAS_UNRESOLVED_DISCONTINUITY
VINYLINDIA|NOISIN|2,3448,2011-06-22,2026-09-30,3392,0,55,0,VINYLINDIA,NO_UNRESOLVED_DISCONTINUITY
VIPIND|NOISIN|4,3768,2011-06-22,2026-09-30,3767,0,0,1,VIPIND,NO_UNRESOLVED_DISCONTINUITY
VIPUL|NOISIN|1,2914,2011-06-22,2026-07-07,2868,0,45,0,VIPUL|VIPULLTD,NO_UNRESOLVED_DISCONTINUITY
VIRAT|INE467D01017|1,32,2026-08-17,2026-09-30,31,0,0,0,VIRAT,NO_UNRESOLVED_DISCONTINUITY
VIRINCHI|INE539B01017|1,629,2023-05-03,2026-09-30,624,0,4,0,VIRINCHI,NO_UNRESOLVED_DISCONTINUITY
VIRTUALG|INE247C01023|1,13,2026-08-17,2026-09-02,12,0,0,0,VIRTUALG,NO_UNRESOLVED_DISCONTINUITY
VISAKAIND|NOISIN|3,3614,2011-06-22,2026-09-25,3610,0,3,1,VISAKAIND,NO_UNRESOLVED_DISCONTINUITY
VISASTEEL|NOISIN|2,2581,2011-06-22,2026-09-30,2567,0,13,0,VISASTEEL|VISACHROME,NO_UNRESOLVED_DISCONTINUITY
VISESHINFO|INE861A01058|1,1265,2013-03-01,2023-09-14,978,268,18,0,VISESHINFO,HAS_UNRESOLVED_DISCONTINUITY
VISESHINFO|NOISIN|3,258,2011-06-22,2012-08-17,254,0,3,0,VISESHINFO,NO_UNRESOLVED_DISCONTINUITY
VISHALRET|NOISIN|2,2727,2011-06-22,2026-09-30,2713,0,13,1,VISHALRET|V2RETAIL,NO_UNRESOLVED_DISCONTINUITY
VISHAL|INE755Q01025|1,870,2019-08-21,2026-09-30,863,0,6,2,VISHAL,NO_UNRESOLVED_DISCONTINUITY
VISHNU|INE270I01014|1,2586,2015-03-05,2026-09-30,2581,0,4,1,VISHNU,NO_UNRESOLVED_DISCONTINUITY
VISHWARAJ|INE430N01014|1,1690,2019-10-31,2026-09-30,1688,0,1,1,VISHWARAJ,NO_UNRESOLVED_DISCONTINUITY
VISL|INE1CLE01013|1,66,2026-06-30,2026-09-30,65,0,0,0,VISL,NO_UNRESOLVED_DISCONTINUITY
VISUINTL|NOISIN|2,873,2011-06-22,2017-04-10,751,0,121,0,VISUINTL,NO_UNRESOLVED_DISCONTINUITY
VITAL|INE0L4K01016|1,45,2026-03-11,2026-09-30,43,0,1,0,VITAL,NO_UNRESOLVED_DISCONTINUITY
VIVIANA|INE0MEG01014|1,17,2026-09-07,2026-09-30,16,0,0,0,VIVIANA,NO_UNRESOLVED_DISCONTINUITY
VIVIDHA|INE370E01029|1,2588,2013-05-21,2026-09-30,2563,0,24,2,VIVIDHA,NO_UNRESOLVED_DISCONTINUITY
VIVIMEDLAB|NOISIN|3,2780,2011-06-22,2026-04-16,2775,0,4,1,VIVIMEDLAB,NO_UNRESOLVED_DISCONTINUITY
VIVOBIOT|INE380K01017|1,32,2026-08-17,2026-09-30,31,0,0,0,VIVOBIOT,NO_UNRESOLVED_DISCONTINUITY
VKSPL|INE213M01016|1,80,2012-08-01,2012-11-30,78,0,1,0,VKSPL,NO_UNRESOLVED_DISCONTINUITY
VKSPL|INE213M01024|1,692,2013-03-01,2016-12-21,573,97,21,0,VKSPL,HAS_UNRESOLVED_DISCONTINUITY
VLEGOV|INE03HW01020|1,368,2023-08-29,2026-09-30,363,0,4,0,VLEGOV,NO_UNRESOLVED_DISCONTINUITY
VLSFINANCE|NOISIN|1,3693,2011-06-22,2026-09-30,3690,0,2,0,VLSFINANCE,NO_UNRESOLVED_DISCONTINUITY
VMART|INE665J01013|1,3285,2013-03-06,2026-09-30,3283,0,1,1,VMART,NO_UNRESOLVED_DISCONTINUITY
VMM|INE01EA01019|1,441,2024-12-18,2026-09-30,440,0,0,0,VMM,NO_UNRESOLVED_DISCONTINUITY
VMSTMT|INE0SJA01013|1,174,2025-10-09,2026-09-30,172,0,1,0,VMSTMT,NO_UNRESOLVED_DISCONTINUITY
VOEPL|INE0I0T01010|1,65,2026-07-01,2026-09-30,64,0,0,0,VOEPL,NO_UNRESOLVED_DISCONTINUITY
VOGL|INE704J01044|1,66,2026-06-30,2026-09-30,65,0,0,0,VOGL,NO_UNRESOLVED_DISCONTINUITY
VOITHPAPR|INE285C01015|1,32,2026-08-17,2026-09-30,31,0,0,0,VOITHPAPR,NO_UNRESOLVED_DISCONTINUITY
VOLTAMP|NOISIN|1,3768,2011-06-22,2026-09-30,3767,0,0,0,VOLTAMP,NO_UNRESOLVED_DISCONTINUITY
VOLTAS|NOISIN|1,3768,2011-06-22,2026-09-30,3767,0,0,0,VOLTAS,NO_UNRESOLVED_DISCONTINUITY
VPRPL|INE0AE001013|1,688,2023-09-05,2026-09-30,686,0,1,0,VPRPL,NO_UNRESOLVED_DISCONTINUITY
VRAJ|INE0S2V01010|1,546,2024-07-18,2026-09-30,545,0,0,0,VRAJ,NO_UNRESOLVED_DISCONTINUITY
VRLLOG|INE366I01010|1,2821,2015-04-30,2026-09-30,2820,0,0,1,VRLLOG,NO_UNRESOLVED_DISCONTINUITY
VSNL|NOISIN|1,3758,2011-06-22,2026-09-30,3756,0,1,0,TATACOMM,NO_UNRESOLVED_DISCONTINUITY
VSSL|INE050M01012|1,3375,2012-05-31,2026-09-30,3332,1,41,1,VSSL,HAS_UNRESOLVED_DISCONTINUITY
VSTIND|NOISIN|1,3768,2011-06-22,2026-09-30,3767,0,0,1,VSTIND,NO_UNRESOLVED_DISCONTINUITY
VSTL|INE0QTF01015|1,546,2024-03-05,2026-09-30,544,0,1,0,VSTL,NO_UNRESOLVED_DISCONTINUITY
VSTTILLERS|NOISIN|1,3742,2011-06-22,2026-09-30,3740,0,1,0,VSTTILLERS,NO_UNRESOLVED_DISCONTINUITY
VTMLTD|INE222F01011|1,529,2011-12-30,2026-09-30,425,0,103,1,VTMLTD,NO_UNRESOLVED_DISCONTINUITY
VYSYABANK|NOISIN|1,937,2011-06-22,2015-04-15,936,0,0,0,INGVYSYABK,NO_UNRESOLVED_DISCONTINUITY
WAAREEENER|INE377N01017|1,476,2024-10-28,2026-09-30,475,0,0,0,WAAREEENER,NO_UNRESOLVED_DISCONTINUITY
WAAREEINDO|INE866K01023|1,102,2026-01-01,2026-09-30,99,0,2,0,WAAREEINDO,NO_UNRESOLVED_DISCONTINUITY
WAAREERTL|INE299N01021|1,365,2025-04-09,2026-09-30,364,0,0,0,WAAREERTL,NO_UNRESOLVED_DISCONTINUITY
WABCO-TVS|NOISIN|1,3768,2011-06-22,2026-09-30,3767,0,0,1,WABCO-TVS|WABCOINDIA|ZFCVINDIA,NO_UNRESOLVED_DISCONTINUITY
WAKEFIT|INE0E7301029|1,196,2025-12-15,2026-09-30,195,0,0,0,WAKEFIT,NO_UNRESOLVED_DISCONTINUITY
WALCHANNAG|NOISIN|3,3352,2011-06-22,2026-09-30,3343,0,8,0,WALCHANNAG,NO_UNRESOLVED_DISCONTINUITY
WANBURY|NOISIN|2,840,2011-06-22,2026-09-30,830,0,9,0,WANBURY,NO_UNRESOLVED_DISCONTINUITY
WARDINMOBI|INE945P01024|1,32,2026-08-17,2026-09-30,31,0,0,0,WARDINMOBI,NO_UNRESOLVED_DISCONTINUITY
WATERBASE|INE054C01015|1,1068,2019-08-19,2026-09-30,1066,0,1,0,WATERBASE,NO_UNRESOLVED_DISCONTINUITY
WCIL|INE0CJF01024|1,499,2024-09-24,2026-09-30,498,0,0,0,WCIL,NO_UNRESOLVED_DISCONTINUITY
WEALTH|INE658T01017|1,892,2021-01-21,2026-09-30,884,0,7,0,WEALTH,NO_UNRESOLVED_DISCONTINUITY
WEBELSOLAR|NOISIN|4,3150,2011-06-22,2026-09-30,3106,0,43,1,WEBELSOLAR,NO_UNRESOLVED_DISCONTINUITY
WEIZFOREX|INE726L01019|1,3161,2011-07-12,2026-07-02,3068,0,92,1,WEIZFOREX|EBIXFOREX|DELPHIFX,NO_UNRESOLVED_DISCONTINUITY
WEIZMANIND|NOISIN|5,3326,2011-06-22,2026-09-30,3231,1,93,0,WEIZMANIND,HAS_UNRESOLVED_DISCONTINUITY
WELENTRP|INE072P01019|1,206,2014-07-25,2015-06-03,205,0,0,0,WELENTRP,NO_UNRESOLVED_DISCONTINUITY
WELGLOB|INE390K01016|1,245,2011-08-08,2012-11-22,237,0,7,0,WELGLOB,NO_UNRESOLVED_DISCONTINUITY
WELGUJ|NOISIN|1,3758,2011-06-22,2026-09-30,3756,0,1,0,WELCORP,NO_UNRESOLVED_DISCONTINUITY
WELINV|NOISIN|1,3077,2011-06-22,2026-05-27,3021,0,55,0,WELINV,NO_UNRESOLVED_DISCONTINUITY
WELSPLSOL|INE731F01037|1,114,2026-04-20,2026-09-30,113,0,0,0,WELSPLSOL,NO_UNRESOLVED_DISCONTINUITY
WELSPUNIND|NOISIN|2,3611,2011-06-22,2026-09-30,3606,0,4,1,WELSPUNIND|WELSPUNLIV,NO_UNRESOLVED_DISCONTINUITY
WELSYNTEX|INE193B01039|1,2612,2015-08-14,2026-09-30,2609,0,2,0,WELSYNTEX|AYMSYNTEX,NO_UNRESOLVED_DISCONTINUITY
WENDT|NOISIN|2,3732,2011-06-22,2026-09-30,3708,0,23,0,WENDT,NO_UNRESOLVED_DISCONTINUITY
WESTLIFE|INE274F01020|1,1758,2019-08-19,2026-09-30,1757,0,0,0,WESTLIFE,NO_UNRESOLVED_DISCONTINUITY
WEWIN|INE082W01014|1,552,2022-06-15,2026-09-30,545,0,6,0,WEWIN,NO_UNRESOLVED_DISCONTINUITY
WEWORK|INE085001019|1,240,2025-10-10,2026-09-30,239,0,0,0,WEWORK,NO_UNRESOLVED_DISCONTINUITY
WFL|INE02WG01016|1,939,2022-01-17,2026-09-30,934,0,4,1,WFL|WEL,NO_UNRESOLVED_DISCONTINUITY
WHBRADY|INE855A01019|1,28,2026-08-18,2026-09-30,24,0,3,0,WHBRADY,NO_UNRESOLVED_DISCONTINUITY
WHEELS|NOISIN|1,3768,2011-06-22,2026-09-30,3766,1,0,1,WHEELS,HAS_UNRESOLVED_DISCONTINUITY
WHIRLPOOL|NOISIN|2,3757,2011-06-22,2026-09-30,3755,0,1,0,WHIRLPOOL,NO_UNRESOLVED_DISCONTINUITY
WILLAMAGOR|NOISIN|4,3192,2011-06-22,2026-09-30,3155,0,36,0,WILLAMAGOR,NO_UNRESOLVED_DISCONTINUITY
WIMPLAST|INE015B01018|1,34,2026-04-20,2026-06-08,33,0,0,0,WIMPLAST,NO_UNRESOLVED_DISCONTINUITY
WINDLAS|INE0H5O01029|1,1266,2021-08-16,2026-09-30,1265,0,0,0,WINDLAS,NO_UNRESOLVED_DISCONTINUITY
WINDMACHIN|INE052A01021|1,3503,2011-09-02,2026-09-30,3474,0,28,0,WINDMACHIN,NO_UNRESOLVED_DISCONTINUITY
WINSOME|INE784B01035|1,1555,2011-08-25,2023-11-10,1500,4,50,0,WINSOME,HAS_UNRESOLVED_DISCONTINUITY
WINSOMYARN|NOISIN|5,31,2011-06-22,2011-08-03,30,0,0,0,WINSOMYARN,NO_UNRESOLVED_DISCONTINUITY
WIPL|INE215F01023|1,515,2024-04-22,2026-09-30,512,0,2,0,WIPL,NO_UNRESOLVED_DISCONTINUITY
WIPRO|NOISIN|1,3768,2011-06-22,2026-09-30,3766,1,0,3,WIPRO,HAS_UNRESOLVED_DISCONTINUITY
WOCKPHARMA|NOISIN|2,3530,2011-06-22,2026-09-30,3525,1,3,0,WOCKPHARMA,HAS_UNRESOLVED_DISCONTINUITY
WONDERLA|INE066O01014|1,3048,2014-05-23,2026-09-30,3047,0,0,0,WONDERLA,NO_UNRESOLVED_DISCONTINUITY
WORTH|INE196Y01018|1,1523,2020-08-04,2026-09-30,1522,0,0,0,WORTH|WORTHPERI,NO_UNRESOLVED_DISCONTINUITY
WPIL|INE765D01022|1,114,2026-04-20,2026-09-30,113,0,0,0,WPIL,NO_UNRESOLVED_DISCONTINUITY
WSI|NOISIN|3,2081,2011-06-22,2026-09-30,2013,0,67,0,WSI,NO_UNRESOLVED_DISCONTINUITY
WSTCSTPAPR|NOISIN|1,3738,2011-06-22,2026-09-30,3736,0,1,0,WSTCSTPAPR,NO_UNRESOLVED_DISCONTINUITY
WWIL|NOISIN|1,2388,2011-06-22,2023-06-06,2376,0,11,0,WWIL|SITICABLE|SITINET,NO_UNRESOLVED_DISCONTINUITY
WYETHLEDE|NOISIN|1,853,2011-06-22,2014-12-09,852,0,0,0,WYETH,NO_UNRESOLVED_DISCONTINUITY
XELPMOC|INE01P501012|1,1405,2019-02-18,2026-09-30,1396,0,8,0,XELPMOC,NO_UNRESOLVED_DISCONTINUITY
XLTELENE|NOISIN|2,1310,2011-06-22,2018-03-16,1234,0,75,0,XLENERGY,NO_UNRESOLVED_DISCONTINUITY
XPROINDIA|NOISIN|2,3316,2011-06-22,2026-09-30,3306,0,9,0,XPROINDIA,NO_UNRESOLVED_DISCONTINUITY
XTGLOBAL|INE547B01028|1,505,2024-09-16,2026-09-30,504,0,0,0,XTGLOBAL,NO_UNRESOLVED_DISCONTINUITY
XTRANET|INE0NG701011|1,34,2026-08-13,2026-09-30,33,0,0,0,XTRANET,NO_UNRESOLVED_DISCONTINUITY
YASHO|INE616Z01012|1,767,2023-08-21,2026-09-30,766,0,0,0,YASHO,NO_UNRESOLVED_DISCONTINUITY
YATHARTH|INE0JO301016|1,776,2023-08-07,2026-09-30,775,0,0,0,YATHARTH,NO_UNRESOLVED_DISCONTINUITY
YATRA|INE0JR601024|1,740,2023-09-28,2026-09-30,739,0,0,0,YATRA,NO_UNRESOLVED_DISCONTINUITY
YESBANK|INE528G01035|1,1618,2020-03-16,2026-09-30,1616,1,0,0,YESBANK,HAS_UNRESOLVED_DISCONTINUITY
YESBANK|NOISIN|1,2150,2011-06-22,2020-03-13,2146,3,0,1,YESBANK,HAS_UNRESOLVED_DISCONTINUITY
YOGI|INE290E01011|1,31,2026-08-18,2026-09-30,30,0,0,0,YOGI,NO_UNRESOLVED_DISCONTINUITY
YUKEN|INE384C01016|1,1254,2021-09-02,2026-09-30,1253,0,0,0,YUKEN,NO_UNRESOLVED_DISCONTINUITY
ZAGGLE|INE07K301024|1,687,2023-09-22,2026-09-30,685,0,1,0,ZAGGLE,NO_UNRESOLVED_DISCONTINUITY
ZANDUREALT|NOISIN|2,1623,2011-06-22,2018-05-23,1620,0,2,0,ZANDUREALT,NO_UNRESOLVED_DISCONTINUITY
ZEELEARN|NOISIN|1,3238,2011-06-22,2026-09-30,3231,0,6,0,ZEELEARN,NO_UNRESOLVED_DISCONTINUITY
ZEENEWS|NOISIN|1,3223,2011-06-22,2026-09-30,3210,1,11,0,ZEENEWS|ZEEMEDIA,HAS_UNRESOLVED_DISCONTINUITY
ZEETELE|NOISIN|1,3768,2011-06-22,2026-09-30,3765,2,0,0,ZEEL,HAS_UNRESOLVED_DISCONTINUITY
ZENITHBIR|NOISIN|2,2083,2011-06-22,2026-09-30,2044,0,38,0,ZENITHBIR|ZENITHSTL,NO_UNRESOLVED_DISCONTINUITY
ZENITHCOMP|NOISIN|4,865,2011-06-22,2016-03-10,747,0,117,0,ZENITHCOMP,NO_UNRESOLVED_DISCONTINUITY
ZENITHEXPO|INE058B01018|1,1811,2011-06-24,2026-09-30,1609,0,201,0,ZENITHEXPO,NO_UNRESOLVED_DISCONTINUITY
ZENITHINFO|NOISIN|4,660,2011-06-22,2014-11-20,634,0,25,0,ZENITHINFO,NO_UNRESOLVED_DISCONTINUITY
ZENSARTECH|NOISIN|2,3768,2011-06-22,2026-09-30,3767,0,0,1,ZENSARTECH,NO_UNRESOLVED_DISCONTINUITY
ZENTEC|INE251B01027|1,2741,2015-03-30,2026-09-30,2735,0,5,0,ZENTEC,NO_UNRESOLVED_DISCONTINUITY
ZFSTEERING|INE116C01012|1,113,2026-04-21,2026-09-30,112,0,0,0,ZFSTEERING,NO_UNRESOLVED_DISCONTINUITY
ZICOM|NOISIN|3,1989,2011-06-22,2020-11-27,1984,0,4,0,ZICOM,NO_UNRESOLVED_DISCONTINUITY
ZIMLAB|INE518E01015|1,884,2022-11-25,2026-09-30,882,0,1,1,ZIMLAB,NO_UNRESOLVED_DISCONTINUITY
ZODIACLOTH|NOISIN|2,3563,2011-06-22,2026-09-30,3521,0,41,1,ZODIACLOTH,NO_UNRESOLVED_DISCONTINUITY
ZODIAC|INE761Y01019|1,528,2021-12-14,2026-09-30,520,0,7,0,ZODIAC,NO_UNRESOLVED_DISCONTINUITY
ZODJRDMKJ|NOISIN|1,1923,2011-06-22,2021-09-20,1731,0,191,0,ZODJRDMKJ,NO_UNRESOLVED_DISCONTINUITY
ZOMATO|INE758T01015|1,1282,2021-07-23,2026-09-30,1281,0,0,0,ZOMATO|ETERNAL,NO_UNRESOLVED_DISCONTINUITY
ZOTA|INE358U01012|1,1758,2019-08-19,2026-09-30,1757,0,0,0,ZOTA,NO_UNRESOLVED_DISCONTINUITY
ZSARACOM|INE967G01019|1,113,2026-04-20,2026-09-30,111,0,1,0,ZSARACOM,NO_UNRESOLVED_DISCONTINUITY
ZUARIAGRO|NOISIN|1,3634,2011-06-22,2026-09-30,3630,0,3,0,ZUARIAGRO|ZUARIGLOB|ZUARIIND,NO_UNRESOLVED_DISCONTINUITY
ZUARI|INE840M01016|1,3325,2012-12-12,2026-09-30,3321,1,2,0,ZUARI,HAS_UNRESOLVED_DISCONTINUITY
ZYDUSWELL|NOISIN|1,3768,2011-06-22,2026-09-30,3767,0,0,1,ZYDUSWELL,NO_UNRESOLVED_DISCONTINUITY
ZYLOG|NOISIN|1,1464,2011-06-22,2018-03-16,1460,0,3,1,ZYLOG,NO_UNRESOLVED_DISCONTINUITY
