t,gross_W,gross_L,gross_BM,gross_WML,cost_W_S0,net_W_S0,hypothetical_cost_L_S0,hypothetical_net_L_S0,cost_BM_S0,net_BM_S0,hypothetical_net_WML_S0,net_excess_W_over_BM_S0,cost_W_S1,net_W_S1,hypothetical_cost_L_S1,hypothetical_net_L_S1,cost_BM_S1,net_BM_S1,hypothetical_net_WML_S1,net_excess_W_over_BM_S1,cost_W_S2,net_W_S2,hypothetical_cost_L_S2,hypothetical_net_L_S2,cost_BM_S2,net_BM_S2,hypothetical_net_WML_S2,net_excess_W_over_BM_S2,cost_W_S3,net_W_S3,hypothetical_cost_L_S3,hypothetical_net_L_S3,cost_BM_S3,net_BM_S3,hypothetical_net_WML_S3,net_excess_W_over_BM_S3,cost_W_S4,net_W_S4,hypothetical_cost_L_S4,hypothetical_net_L_S4,cost_BM_S4,net_BM_S4,hypothetical_net_WML_S4,net_excess_W_over_BM_S4,traded_fraction_W,one_way_turnover_W,traded_fraction_L,one_way_turnover_L,traded_fraction_BM,one_way_turnover_BM
2012-06-29,0.0032528963785602,-0.0672004804569855,-0.033090130220577,0.0704533768355458,0.0013202265235999944,0.0019326698549602056,0.0013202265235999944,-0.06852070698058549,0.0016258457235999934,-0.034715975944177,0.06781292378834582,0.0366486457991372,0.001820226523599992,0.001432669854960208,0.001820226523599992,-0.06902070698058549,0.00212584572359999,-0.035215975944177,0.06681292378834582,0.03664864579913721,0.0023202265235999896,0.0009326698549602104,0.0023202265235999896,-0.06952070698058549,0.002625845723599988,-0.03571597594417699,0.06581292378834581,0.0366486457991372,0.003820226523599983,-0.0005673301450397831,0.003820226523599983,-0.07102070698058548,0.00412584572359998,-0.037215975944176985,0.06281292378834584,0.0366486457991372,0.00632022652359997,-0.0030673301450397697,0.00632022652359997,-0.07352070698058547,0.0066258457235999655,-0.039715975944176966,0.05781292378834586,0.036648645799137194,0.9999999999999956,0.4999999999999978,0.9999999999999956,0.4999999999999978,0.9999999999999942,0.4999999999999971
2012-07-31,0.0160631250865495,-0.0586882440027747,-0.025732238096794,0.0747513690893242,0.0006411000370681958,0.015422025049481305,0.0006895450579180925,-0.05937778906069279,0.0004912050379897616,-0.026223443134783763,0.07342072399433791,0.041645468184265066,0.0009071502279032833,0.015155974858646218,0.0009327925930723684,-0.05962103659584707,0.000595823274359606,-0.026328061371153608,0.07291142626834854,0.04148403622979983,0.0011732004187383707,0.01488992466781113,0.0011760401282266445,-0.059864284131001345,0.0007004415107294505,-0.026432679607523452,0.07240212854235918,0.04132260427533458,0.0019713509912436334,0.014091774095305869,0.0019057827336894729,-0.06059402673646417,0.0010142962198389839,-0.026746534316632986,0.07087423536439108,0.040838308411938855,0.00330160194541907,0.01276152314113043,0.003122020409460853,-0.06181026441223555,0.0015373874016882062,-0.027269625498482206,0.06832774673444428,0.040031148639612636,0.4230252591947451,0.21151262959737255,0.45368504319434594,0.22684252159717297,0.1348778739010139,0.06743893695050696
2012-08-31,0.0892767605959325,0.1809036911490951,0.1268992488234792,-0.0916269305531625,0.0007846740305109582,0.08849208656542154,0.0009545740401613848,0.17994911710893371,0.0005434849244060363,0.12635576389907316,-0.09336617862383484,-0.03786367733365162,0.001140774222774939,0.08813598637315756,0.0013727604373144984,0.1795309307117806,0.0007025522955278912,0.1261966965279513,-0.09414046521325194,-0.03806071015479373,0.0014968744150389195,0.08777988618089358,0.0017909468344676123,0.17911274431462748,0.0008616196666497461,0.12603762915682945,-0.09491475180266902,-0.03825774297593587,0.0025651749918308613,0.08671158560410164,0.003045506025926953,0.17785818512316814,0.0013388217800153108,0.12556042704346387,-0.09723761157092031,-0.038848841439362236,0.004345675953150765,0.08493108464278173,0.005136438011692522,0.17576725313740257,0.0021341586356245852,0.1247650901878546,-0.10110904451800579,-0.03983400554507287,0.5462681760625743,0.27313408803128714,0.673907312111931,0.3369536560559655,0.18764860563583222,0.09382430281791611
2012-09-28,-0.0106011737519499,-0.0594159144028844,-0.0298079024168966,0.0488147406509344,0.0008395401860231969,-0.011440713937973097,0.0007451837298538647,-0.06016109813273826,0.0005493567530846547,-0.030357259169981256,0.04723001673505734,0.01891654523200816,0.001163184363443179,-0.01176435811539308,0.0010901665350273716,-0.06050608093791177,0.0006919503524020399,-0.03049985276929864,0.04656138975246385,0.01873549465390556,0.001486828540863161,-0.01208800229281306,0.0014351493402008787,-0.06085106374308528,0.0008345439517194253,-0.030642446368616027,0.04589276276987036,0.018554444075802964,0.002457761073123107,-0.013058934825073008,0.0024700977557213996,-0.0618860121586058,0.001262324749671581,-0.03107022716656818,0.04388688182208989,0.018011292341495174,0.004075981960223017,-0.014677155712172917,0.004195011781588934,-0.06361092618447334,0.0019752927462585077,-0.03178319516315511,0.04054374690912245,0.017106039450982193,0.5832949399484743,0.29164746997423713,0.4933699232446408,0.2466849616223204,0.18527644950887598,0.09263822475443799
2012-10-31,0.0605186805895616,0.0548725894111572,0.0556009549351814,0.0056460911784044,0.000806886631116103,0.059711793958445496,0.0008115525754785739,0.05406103683567862,0.00048213407990221587,0.05511882085527918,0.004027651971809724,0.004592973103166316,0.0011210267846626198,0.05939765380489898,0.0011438292532876086,0.05372876015786959,0.0005883189065414801,0.05501263602863992,0.0033812351404541724,0.004385017776259062,0.0014351669382091366,0.05908351365135246,0.0014761059310966435,0.053396483480060555,0.0006945037331807444,0.054906451202000654,0.002734818309098621,0.004177062449351808,0.0023775873988486867,0.058141093190712916,0.0024729359645237477,0.05239965344663345,0.0010130582130985371,0.05458789672208286,0.000795567815031966,0.003553196468630053,0.00394828816658127,0.05657039242298033,0.0041343193535689216,0.050738270057588276,0.0015439823462948584,0.05405697258888654,-0.002436516341745791,0.00251341983409379,0.5591636448812723,0.2795818224406362,0.566539176368883,0.2832695881844415,0.1417241041737451,0.07086205208687255
2012-11-30,0.0167886792153584,0.0407328906794794,0.0334855377026754,-0.023944211464121,0.0010183546920154566,0.01577032452334294,0.0008526622094166047,0.03988022847006279,0.0005151227773603106,0.03297041492531509,-0.025815228365553063,-0.01720009040197215,0.0014492412655947794,0.01533943794976362,0.001217763452900562,0.039515127226578836,0.0006627992580642187,0.03282273844461118,-0.02661121618261634,-0.01748330049484756,0.001880127839174102,0.014908551376184296,0.0015828646963845195,0.039150025983094874,0.0008104757387681268,0.03267506196390727,-0.02740720399967962,-0.017766510587722974,0.00317278755991207,0.013615891655446329,0.0026781684268363916,0.038054722252643,0.001253505180879851,0.03223203252179555,-0.02979516745086946,-0.018616140866349225,0.005327220427808684,0.011461458787549714,0.004503674644256178,0.03622921603522322,0.0019918875843993916,0.031493650118276005,-0.03377510653618586,-0.02003219133072629,0.7342510230602237,0.36712551153011186,0.595943081276706,0.297971540638353,0.1764510076056224,0.0882255038028112
2012-12-31,-0.0311680992315662,-0.0155598083457618,-0.0284052309743552,-0.0156082908858043,0.0009782475216101713,-0.032146346753176375,0.0009459473114805234,-0.016505755657242323,0.00043485653809176164,-0.028840087512446964,-0.017532485718894996,-0.003306259240729411,0.0014008934706369674,-0.03256899270220317,0.0013771707094395948,-0.016936979055201397,0.0005720629677684505,-0.02897729394212365,-0.018386355065880863,-0.0035916987600795175,0.0018235394196637637,-0.03299163865122996,0.0018083941073986664,-0.017368202453160467,0.0007092693974451393,-0.02911450037180034,-0.01924022441286673,-0.003877138279429624,0.003091477266744152,-0.03425957649831035,0.003102064301275881,-0.018661872647037683,0.001120888686475206,-0.029526119660830408,-0.021801832453824332,-0.0047334568374799435,0.005204707011878133,-0.036372806243444335,0.005258181291071238,-0.02081798963683304,0.0018069208348586501,-0.030212151809213852,-0.026071179188753672,-0.006160654434230483,0.7209757551570891,0.36048787757854456,0.6942104000510165,0.34710520002550826,0.1661814437870749,0.08309072189353744
2013-01-31,-0.1000070793133045,-0.1499546836304391,-0.1112114101645684,0.0499476043171346,0.0008980577124779451,-0.10090513702578245,0.0006489450475555032,-0.1506036286779946,0.000437439423036552,-0.11164884958760495,0.04840060155710115,0.010743712561822494,0.0012684228536265006,-0.101275502166931,0.0009213105041631962,-0.1508759941346023,0.000570368767412859,-0.11178177893198125,0.0477578709593449,0.010506276765050254,0.001638787994775056,-0.10164586730807956,0.001193675960770889,-0.15114835959120998,0.0007032981117891659,-0.11191470827635756,0.047115140361588655,0.010268840968278,0.0027498834182207222,-0.10275696273152522,0.0020107723305939676,-0.15196545596103306,0.0011020861449180868,-0.11231349630948649,0.04518694856831991,0.009556533577961268,0.004601709123963499,-0.10460878843726801,0.003372599613632432,-0.15332728324407152,0.0017667328667996215,-0.11297814303136802,0.04197329557953867,0.008369354594100015,0.6449447392935236,0.3224723696467618,0.44893090366467453,0.22446545183233726,0.1681741755964735,0.08408708779823675
2013-02-28,-0.008926580631843,-0.0472750143411923,-0.0271598047339439,0.0383484337093492,0.0009236469390253847,-0.009850227570868385,0.0009293479654596314,-0.048204362306651934,0.0004048486175451985,-0.0275646533514891,0.03649543880486418,0.017714425780620713,0.0012920829831264964,-0.010218663614969497,0.0013187874204456762,-0.048593801761637974,0.0005015070106462872,-0.02766131174459019,0.03573756330577703,0.017442648129620694,0.001660519027227608,-0.010587099659070608,0.001708226875431721,-0.04898324121662402,0.0005981654037473759,-0.02775797013769128,0.03497968780668987,0.01717087047862067,0.002765827159530943,-0.011692407791373942,0.0028765452403898555,-0.050151559581582156,0.000888140583050642,-0.028047945316994543,0.0327060613094284,0.0163555375256206,0.004608007380036501,-0.013534588011879501,0.00482374251532008,-0.05209875685651238,0.0013714325485560854,-0.028531237282499986,0.02891668381399262,0.014996649270620485,0.6511265203723852,0.3255632601861926,0.6706138352940331,0.33530691764701653,0.13640139141545723,0.06820069570772862
2013-03-28,0.0507899627036647,0.0667357588399255,0.0626442489999978,-0.0159457961362607,0.0005712969077534616,0.050218665795911235,0.0007321842895206276,0.06600357455040487,0.0003747154489665218,0.062269533551031285,-0.017249277333534787,-0.01205086775512005,0.0007998826397583953,0.0499900800639063,0.0010467276313740005,0.06568903120855149,0.000492398006810044,0.06215185099318776,-0.01779240640739309,-0.01216177092928146,0.001028468371763329,0.04976149433190137,0.0013612709732273736,0.06537448786669812,0.000610080564653566,0.06203416843534424,-0.018335535481251403,-0.01227267410344287,0.00171422556777813,0.04907573713588657,0.0023049009987874923,0.064430857841138,0.0009631282381841324,0.061681120761813674,-0.01996492270282632,-0.012605383625927107,0.0028571542278027985,0.0479328084758619,0.0038776177080543568,0.06285814113187115,0.001551541027401743,0.06109270797259606,-0.022680568072117855,-0.013159899496734163,0.39801829747892997,0.19900914873946499,0.520468113874814,0.260234056937407,0.14221425382546143,0.07110712691273072
2013-04-30,0.0194306095266445,-0.0306762415067713,-0.0130343360369189,0.0501068510334159,0.0007385475573204237,0.018692061969324075,0.0006506563745144197,-0.03132689788128572,0.0004264232304601897,-0.01346075926737909,0.04871764710158106,0.03215282123670317,0.0010420812413941404,0.01838852828525036,0.0009518293190785734,-0.03162807082584987,0.0005434192836640032,-0.013577755320582904,0.04811294047294319,0.031966283605833264,0.001345614925467857,0.018084994601176643,0.0012530022636427272,-0.03192924377041403,0.0006604153368678167,-0.013694751373786717,0.04750823384430532,0.03177974597496336,0.002256215977689007,0.017174393548955495,0.0021565210973351883,-0.03283276260410649,0.001011403496479257,-0.014045739533398157,0.04569411395839171,0.031220133082353652,0.00377388439805759,0.015656725128586912,0.0036623858201559572,-0.03433862732692725,0.0015963837624983243,-0.014630719799417225,0.04267058081520236,0.030287444928004136,0.5113297361056393,0.2556648680528196,0.4557483417934161,0.22787417089670806,0.15169823968562807,0.07584911984281403
2013-05-31,-0.034224734091906,-0.0964284516355812,-0.0588681047343756,0.0622037175436751,0.000880674589386901,-0.0351054086812929,0.0006270126623011402,-0.09705546429788234,0.00037633092537579246,-0.05924443565975139,0.06069603029198706,0.02413902697845849,0.0012345389405575555,-0.03545927303246356,0.0008757814023374051,-0.0973042330379186,0.0004746578237012156,-0.059342762558076814,0.060093397200780135,0.023883489525613255,0.00158840329172821,-0.035813137383634217,0.00112455014237367,-0.09755300177795487,0.0005729847220266387,-0.05944108945640224,0.05949076410957321,0.02362795207276802,0.0026499963452401736,-0.036874730437146175,0.0018708563624824646,-0.09829930799806366,0.0008679654170029082,-0.05973607015137851,0.05768286483595246,0.022861339714232334,0.004419318101093446,-0.03864405219299945,0.0031147000626637884,-0.09954315169824499,0.0013595999086300238,-0.06022770464300562,0.05466969937991786,0.021583652450006173,0.6368937772941128,0.3184468886470564,0.43244276472127124,0.21622138236063562,0.13599161860913828,0.06799580930456914
2013-06-28,-0.0695276804882257,-0.1678221384586563,-0.1158033759158648,0.0982944579704305,0.0007027458400694972,-0.0702304263282952,0.0007486905181596815,-0.16857082897681597,0.0004463278998771647,-0.11624970381574197,0.09684302161220133,0.046019277487446775,0.0009654422226134273,-0.07049312271083913,0.0010701487852530001,-0.16889228724390928,0.0005571781049202499,-0.11636055402078505,0.09625886696256408,0.045867431309945916,0.0012281386051573575,-0.07075581909338306,0.0013916070523463185,-0.1692137455110026,0.0006680283099633349,-0.11647140422582813,0.09567471231292682,0.04571558513244507,0.002016227752789148,-0.07154390824101485,0.0023559818536262743,-0.17017812031228258,0.0010005789250925902,-0.11680395484095739,0.09392224836401508,0.04526004659994254,0.003329709665508799,-0.0728573901537345,0.003963273189092867,-0.17178541164774916,0.0015548299503080158,-0.11735820586617282,0.09100147511582883,0.044500815712438316,0.49152607445846475,0.24576303722923237,0.5198587603599133,0.25992938017995665,0.15407235898505,0.077036179492525
2013-07-31,-0.0294026194220198,0.0579085375830763,-0.0061426655483133,-0.0873111570050961,0.0006666081420565373,-0.030069227564076335,0.000713954058766326,0.05719458352430997,0.0005109820261803144,-0.0066536475744936145,-0.08869171920591896,-0.02341557998958272,0.0009177672120556998,-0.030320386634075498,0.0009715735856246856,0.056936963997451615,0.0006251262233317245,-0.006767791771645025,-0.0892004978027765,-0.023552594862430474,0.0011689262820548624,-0.030571545704074662,0.001229193112483045,0.05667934447059325,0.0007392704204831344,-0.006881935968796435,-0.08970927639963401,-0.023689609735278228,0.00192240349205235,-0.03132502291407215,0.0020020516930581234,0.055906485890018176,0.0010817030119373643,-0.0072243685602506645,-0.09123561219020658,-0.02410065435382149,0.0031781988420481627,-0.03258081826406796,0.0032901493273499206,0.054618388255726374,0.0016524239976944146,-0.007795089546007715,-0.09377950517449418,-0.024785728718060243,0.44045690794029685,0.22022845397014842,0.48788113555583956,0.24394056777791978,0.1817546720193388,0.0908773360096694
2013-08-30,0.0634895337157768,0.0858389308797193,0.066281447190307,-0.0223493971639425,0.000685202557635717,0.06280433115814109,0.0006642308690989458,0.08517470001062036,0.00046391595293680994,0.06581753123737019,-0.023698830590677164,-0.003013200079229103,0.0009928149917900544,0.062496718723986745,0.0009475318739091068,0.08489139900581019,0.0006044346783052075,0.0656770125120018,-0.02428974402964166,-0.0031802937880150497,0.001300427425944392,0.06218910628983241,0.0012308328787192678,0.08460809800100004,0.0007449534036736052,0.0655364937866334,-0.024880657468606158,-0.0033473874968009895,0.0022232647284074042,0.06126626898736939,0.0020807358931497506,0.08375819498656956,0.001166509579778798,0.0651149376105282,-0.026653397785499654,-0.003848668623158802,0.0037613268991790916,0.059728206816597705,0.0034972409172005555,0.08234168996251875,0.001869103206620786,0.06441234398368621,-0.029607964980322143,-0.004684137167088508,0.47942639598356085,0.23971319799178042,0.45458215917179606,0.22729107958589803,0.18522638301047079,0.09261319150523539
2013-09-30,0.0653511946726967,0.1881053477759802,0.1158302882796087,-0.1227541531032834,0.0006345285730770719,0.06471666609961964,0.0008954898986768139,0.18720985787730338,0.00037181118374164304,0.11545847709586705,-0.12428417157503728,-0.050741810996247416,0.000888644226410328,0.06446255044628638,0.0012475914251368863,0.1868577563508433,0.0004651905323467046,0.115365097747262,-0.12489038875483062,-0.050902547300975626,0.001142759879743584,0.06420843479295311,0.0015996929515969588,0.18650565482438325,0.0005585698809517662,0.11527171839865694,-0.12549660593462394,-0.05106328360570382,0.0019051068397433525,0.06344608783295336,0.002655997530977176,0.18544935024500303,0.0008387079267669508,0.11499158035284175,-0.12731525747400393,-0.051545492519888395,0.003175685106409633,0.06217550956628707,0.0044165051632775384,0.18368884261270266,0.0013056046697922585,0.11452468360981644,-0.13034634337297057,-0.052349174043529366,0.43670531405900437,0.21835265702950218,0.6461306152103583,0.32306530760517915,0.1302863214775487,0.06514316073877435
2013-10-31,0.0017356360126137,0.0124161428204672,0.0039165077678975,-0.0106805068078534,0.0005477256875805704,0.0011879103250331297,0.00046832869625531204,0.011947814124211887,0.00040499110892637703,0.0035115166589711234,-0.011696561191689282,-0.0023236063339379938,0.0007983046689873136,0.0009373313436263865,0.000650140673187157,0.011766002147280042,0.0005139686950073411,0.003402539072890159,-0.01212895215002787,-0.0024652077292637727,0.0010488836503940568,0.0006867523622196433,0.0008319526501190019,0.011584190170348197,0.0006229462810883052,0.0032935614868091954,-0.012561343108366459,-0.002606809124589552,0.0018006205946142861,-6.49845820005861e-05,0.0013773885809145367,0.011038754239552662,0.0009498790393311973,0.002966628728566303,-0.013858515983382223,-0.003031613310566889,0.003053515501648002,-0.0013178794890343019,0.0022864484655737614,0.010129694354893437,0.0014947669697360176,0.0024217407981614826,-0.016020470775075162,-0.0037396202871957844,0.36750006899961285,0.18375003449980643,0.3024803709993659,0.15124018549968296,0.1501590839713685,0.07507954198568426
2013-11-29,0.058297547610151,0.0628737858316468,0.049604725315496,-0.0045762382214957,0.0005263669251470617,0.057771180685003934,0.0007144791601560607,0.062159306671490736,0.0004003595075882452,0.049204365807907754,-0.005817084306798823,0.00856681487709618,0.000758918105899686,0.05753862950425131,0.001011068445872019,0.06186271738577478,0.0005224871181927816,0.049082238197303216,-0.006346224773267404,0.008456391306948093,0.0009914692866523102,0.05730607832349869,0.0013076577315879773,0.06156612810005882,0.000644614728797318,0.048960110586698684,-0.006875365239735988,0.008345967736800006,0.0016891228289101828,0.05660842478124081,0.0021974255887358524,0.06067636024291094,0.0010109975606109273,0.048593727754885074,-0.008462786639141736,0.008014697026355738,0.002851878732673304,0.05544566887747769,0.003680372017315644,0.05919341381433115,0.0016216356136336092,0.04798308970186239,-0.01110848897148465,0.007462579175615304,0.35725492825061567,0.17862746412530783,0.5062730669182994,0.2531365334591497,0.15276014084680922,0.07638007042340461
2013-12-31,-0.0368575404158416,-0.1578303445324569,-0.0922515266752315,0.1209728041166152,0.0006097198306362048,-0.037467260246477806,0.0006802388063677397,-0.15851058333882465,0.00042128796544178967,-0.09267281464067328,0.11968284547961126,0.05520555439419548,0.0008526684365850212,-0.03771020885242662,0.001009788231566168,-0.15884013276402306,0.0005498508702235492,-0.09280137754545505,0.11911034744846402,0.05509116869302843,0.0010956170425338375,-0.037953157458375436,0.0013393376567645962,-0.15916968218922148,0.0006784137750053088,-0.09292994045023681,0.11853784941731678,0.05497678299186137,0.0018244628603802865,-0.038682003276221885,0.0023279859323598806,-0.16015833046481678,0.0010641024893505875,-0.09331562916458208,0.11682035532387505,0.054633625888360196,0.0030392058901243684,-0.039896746305965965,0.0039757330583520215,-0.16180607759080892,0.0017069170132593852,-0.09395844368849088,0.11395786516813881,0.05406169738252491,0.42176905626756656,0.21088452813378328,0.476946742503071,0.2384733712515355,0.16149625360107334,0.08074812680053667
2014-01-31,0.0572610026595112,0.0233409674970854,0.0362592662667586,0.0339200351624258,0.000560811710296593,0.05670019094921461,0.0006601086316543292,0.022680858865431072,0.0004638471892531981,0.0357954190775054,0.03269911482047488,0.020904771871709207,0.000781507334429446,0.05647949532508176,0.000977760207924493,0.022363207289160907,0.0005919548906844145,0.035667311376074186,0.03216076762007187,0.020812183949007572,0.0010022029585622992,0.0562587997009489,0.001295411784194657,0.022045555712890744,0.0007200625921156308,0.03553920367464297,0.03162242041966885,0.02071959602630593,0.0016642898309608585,0.055596712828550346,0.0022483665130051483,0.021092600984080254,0.00110438569640928,0.03515488057034932,0.030007378818459794,0.020441832258201023,0.002767767951625124,0.05449323470788608,0.0038366243943559674,0.019504343102729433,0.0017449242035653617,0.03451434206319324,0.02731564281644471,0.01997889264469284,0.3712139395405676,0.1856069697702838,0.45497150057502456,0.22748575028751228,0.1727798431155255,0.08638992155776275
2014-02-28,0.0536045544359,0.1748720404905124,0.1152473320042077,-0.1212674860546123,0.0006334550853197827,0.05297109935058022,0.000729435831072451,0.17414260465943993,0.00040803802169396824,0.11483929398251373,-0.12263037697100453,-0.061868194631933514,0.0008903317839873921,0.05271422265191261,0.0010595592678577163,0.17381248122265466,0.0005303828687768196,0.11471694913543087,-0.1232173771064574,-0.06200272648351826,0.0011472084826550015,0.052457345953245,0.0013896827046429815,0.1734823577858694,0.000652727715859671,0.11459460428834803,-0.12380437724191028,-0.06213725833510303,0.0019178385786578294,0.051686715857242174,0.002380053014998777,0.17249198747551361,0.0010197622571082253,0.11422756974709947,-0.12556537764826892,-0.06254085388985729,0.003202222071995876,0.05040233236390412,0.004030670198925103,0.17084137029158727,0.0016314864925224824,0.11361584551168522,-0.12850037832553327,-0.06321351314778109,0.44113442483180354,0.22056721241590177,0.5258369869384144,0.2629184934692072,0.15447056490012484,0.07723528245006242
2014-03-31,0.033128722538859,0.0361300821219578,0.0178760867088008,-0.0030013595830988,0.0007879918108902196,0.03234073072796878,0.0006665026072393684,0.03546357951471843,0.0005010500830596298,0.01737503662574117,-0.004455854001228388,0.01496569410222761,0.0011306053712389344,0.03199811716762006,0.0009641687782020156,0.03516591334375578,0.0006420222539530731,0.017234064454847726,-0.005096133732539749,0.014764052712772337,0.0014732189315876493,0.031655503607271346,0.0012618349491646628,0.03486824717279314,0.0007829944248465165,0.01709309228395428,-0.005736413463851112,0.014562411323317065,0.002501059612633794,0.030627662926225204,0.0021548334620526037,0.03397524865990519,0.0012059109375268469,0.016670175771273953,-0.007657252657785198,0.01395748715495125,0.004214127414377368,0.02891459512448163,0.0036431643168658395,0.03248691780509196,0.0019107717919940638,0.015965314916806736,-0.010858651314342008,0.012949280207674895,0.5544629402106447,0.27723147010532234,0.45553491008451913,0.22776745504225956,0.18915410909044822,0.09457705454522411
2014-04-30,0.122069454245155,0.3300488976268776,0.198589122571307,-0.2079794433817225,0.0006580908503799656,0.12141136339477504,0.0006450357784843696,0.32940386184839326,0.0004051443450695241,0.19818397822623748,-0.20928257001058684,-0.07677261483146244,0.0009380590214473069,0.1211313952237077,0.000865157713513317,0.3291837399133643,0.0005171917881130062,0.198071930783194,-0.20978266011668312,-0.0769405355594863,0.001218027192514648,0.12085142705264035,0.0010852796485422644,0.32896361797833534,0.0006292392311564883,0.19795988334015052,-0.21028275022277942,-0.07710845628751017,0.0020579317057166716,0.12001152253943834,0.0017456454536291066,0.3283032521732485,0.0009653815602869349,0.19762374101102007,-0.21178302054106826,-0.07761221847158173,0.003457772561053378,0.11861168168410162,0.002846255128773844,0.32720264249810377,0.0015256187755043457,0.19706350379580267,-0.2142834710715497,-0.07845182211170106,0.4637277270692008,0.2318638635346004,0.44024387005789484,0.22012193502894742,0.1537405659465161,0.07687028297325806
2014-05-30,0.1225185078026243,0.062716892360521,0.0784433553242227,0.0598016154421032,0.0007344873268285148,0.12178402047579578,0.0010164314013572163,0.06170046095916378,0.0006551365861909979,0.0777882187380317,0.058050696713917466,0.04399580173776409,0.0010777884870206548,0.12144071931560364,0.0013815798863007708,0.06133531247422023,0.000864089579040518,0.07757926574518217,0.05734224706878177,0.04386145357042147,0.0014210896472127946,0.1210974181554115,0.0017467283712443253,0.060970163989276675,0.001073042571890038,0.07737031275233267,0.056633797423646076,0.043727105403078836,0.0024509931277892144,0.12006751467483509,0.0028421738260749883,0.05987471853444601,0.0016999015504385979,0.0767434537737841,0.05450844848823899,0.043324060901050995,0.004167498928749914,0.11835100887387438,0.00466791625079276,0.058048976109728236,0.002744666514686198,0.0756986888095365,0.05096620026256052,0.04265232006433789,0.5085892787323198,0.2542946393661599,0.7302969698871088,0.3651484849435544,0.2773326947713344,0.1386663473856672
2014-06-30,-0.0597186451833759,-0.0425449285928558,-0.054872101550406,-0.0171737165905201,0.0010412772911561558,-0.060759922474532053,0.0011373223009518022,-0.0436822508938076,0.000521104006699065,-0.055393205557105064,-0.019352316182628056,-0.005366716917426989,0.0015412084099292902,-0.061259853593305186,0.001595556875273026,-0.04414048546812883,0.0006931191687804504,-0.055565220719186445,-0.020310481875722416,-0.005694632874118741,0.0020411395287024247,-0.061759784712078325,0.00205379144959425,-0.04459872004245005,0.0008651343308618358,-0.05573723588126783,-0.021268647568816773,-0.006022548830810492,0.0035409328850218276,-0.06325957806839773,0.0034284951725579212,-0.045973423765413725,0.001381179817105992,-0.05625328136751199,-0.02414314464809985,-0.0070062967008857405,0.0060405884788874995,-0.0657592336622634,0.00571966804416404,-0.04826459663701984,0.002241255627512919,-0.05711335717791892,-0.02893397311357164,-0.008645876484344478,0.7624244802325847,0.38121224011629234,0.8502931816057921,0.4251465908028961,0.20908491583119243,0.10454245791559622
2014-07-31,0.0410816757869709,0.0472089877277108,0.0374795722973178,-0.0061273119407398,0.0007439815134156785,0.04033769427355523,0.0008674800144511568,0.04634150771325964,0.0005034469669028362,0.036976125330414965,-0.007738773468606635,0.0033615689431402626,0.0010203248898671626,0.04006135089710374,0.0012568773945401822,0.04595211033317062,0.0006607520831980748,0.036818820214119724,-0.008404514225147144,0.003242530682984017,0.0012966682663186466,0.039785007520652255,0.0016462747746292077,0.04556271295308159,0.0008180571994933134,0.03666151509782448,-0.009070254981687655,0.0031234924228277713,0.002125698395673098,0.0389559773912978,0.002814466914896284,0.04439452081281452,0.0012899725483790294,0.03618959974893877,-0.011067477251309183,0.0027663776423590344,0.003507415277930518,0.037574260509040384,0.004761453815341411,0.04244753391236939,0.0020764981298552225,0.03540307416746258,-0.014396181034011728,0.0021711863415778063,0.5235494525261933,0.26177472626309667,0.6096020242012953,0.30480101210064764,0.2036108641653585,0.10180543208267925
2014-08-28,0.0031489323245577,0.0015198824976869,-0.021028031139106,0.0016290498268707,0.0008693696258084867,0.002279562698749213,0.000814474347892469,0.0007054081497944309,0.0004832305621722032,-0.021511261701278202,-5.479414683025568e-05,0.023790824400027416,0.0012557935147714165,0.0018931388097862833,0.001134598114010609,0.0003852843836762909,0.000613465677365304,-0.021641496816471303,-0.0007613418019113256,0.023534635626257586,0.0016422174037343464,0.0015067149208233535,0.001454721880128749,6.516061755815097e-05,0.0007437007925584048,-0.021771731931664404,-0.0014678894569923953,0.02327844685248776,0.002801489070623136,0.0003474432539345637,0.002415093178483169,-0.000895210680796269,0.0011344061381377071,-0.022162437277243707,-0.003587532422235605,0.02250988053117827,0.004733608515437786,-0.0015846761908800857,0.0040157120090738695,-0.00249582951138697,0.0017855817141032113,-0.022813612853209212,-0.007120270697640955,0.021228936662329126,0.613510800758217,0.3067554003791085,0.5767590784311688,0.2883795392155844,0.1732723553131278,0.0866361776565639
2014-09-30,0.0689063233367375,0.0529568016690251,0.0651410857842127,0.0159495216677123,0.0008233866824853886,0.06808293665425212,0.0006784842033038162,0.05227831746572128,0.0005267507460052711,0.06461433503820742,0.014447650781923095,0.003468601616044703,0.0011913168891086014,0.0677150064476289,0.000963600415505443,0.05199320125351965,0.0006949864255718737,0.06444609935864082,0.013794604363098257,0.0032689070889880822,0.0015592470957318141,0.0673470762410057,0.0012487166277070697,0.051708085041318026,0.0008632221051384765,0.06427786367907422,0.013141557944273416,0.0030692125619314753,0.0026630377156014523,0.06624328562113606,0.0021040652643119504,0.05085273640471315,0.0013679291438382845,0.06377315664037442,0.011182418687798897,0.0024701289807616406,0.004502688748717516,0.06440363458801998,0.0035296463253200842,0.04942715534370501,0.002209107541671298,0.0629319782425414,0.0079171865936747,0.001471656345478578,0.5732651636982544,0.2866325818491272,0.46876439640538664,0.23438219820269332,0.20910426422834477,0.10455213211417239
2014-10-31,0.0045883090151606,-0.0099321714876829,0.0075426379743555,0.0145204805028436,0.0006744403696913507,0.003913868645469249,0.0008130539779204416,-0.010745225465603341,0.0003851549029574667,0.007157483071398033,0.013032986155231808,-0.003243614425928784,0.0009563246928420377,0.003631984322318562,0.001136707388932572,-0.011068878876615472,0.0004942715144826364,0.007048366459872864,0.012427448421068991,-0.003416382137554302,0.0012382090159927248,0.003350099999167875,0.0014603607999447024,-0.011392532287627603,0.0006033881260078062,0.006939249848347694,0.011821910686906172,-0.003589149849179819,0.002083861985444786,0.002504447029715814,0.0024313210329810933,-0.012363492520663993,0.0009307379605833155,0.006611900013772185,0.010005297484417721,-0.004107452984056371,0.0034932836011982212,0.0010950254139623786,0.004049588088041745,-0.013981759575724645,0.0014763210182091643,0.006066316956146336,0.006977608813603635,-0.0049712915421839575,0.46493589360031534,0.23246794680015767,0.5762305073785974,0.2881152536892987,0.13654562147412375,0.06827281073706187
2014-11-28,0.0338464158137907,-0.0186072833939563,0.0026580876008635,0.0524536992077471,0.0004422419687308523,0.033404173845059844,0.0005986561783650017,-0.019205939572321303,0.00038517769135980437,0.0022729099095036955,0.05141280106065124,0.03113126393555615,0.0005942472348629453,0.03325216857892775,0.0008208621722971261,-0.019428145566253427,0.0004779713546479357,0.002180116246215564,0.05103858980058702,0.031072052332712187,0.0007462525009950382,0.03310016331279566,0.0010430681662292505,-0.01965035156018555,0.0005707650179360671,0.002087322582927433,0.0506643785405228,0.031012840729868228,0.0012022682993913171,0.03264414751439938,0.0017096861480256236,-0.020316969541981925,0.0008491460078004611,0.0018089415930630389,0.04954174476033016,0.030835205921336345,0.001962294630051782,0.031884121183738914,0.0028207161176862458,-0.021427999511642547,0.0013131143242411179,0.001344973276622382,0.04767068846000907,0.030539147907116534,0.27082860076607107,0.13541430038303554,0.40890869486720477,0.20445434743360238,0.1266881072485751,0.06334405362428755
2014-12-31,0.0550580685958801,0.0300238826488004,0.0480773719975982,0.0250341859470797,0.0007483902434105196,0.054309678352469574,0.0006526653309509523,0.02937121731784945,0.0004664230966580103,0.04761094890094019,0.02363313037271823,0.006698729451529384,0.0011347049509619997,0.0539233636449181,0.0009444711145327988,0.029079411534267602,0.0006307320007116738,0.047446639996886524,0.0229550098815849,0.0064767236480315765,0.00152101965851348,0.05353704893736662,0.0012362768981146455,0.028787605750685754,0.0007950409047653374,0.04728233109283286,0.022276889390451575,0.006254717844533755,0.0026799637811679208,0.052378104814712174,0.0021116942488601854,0.027912188399940214,0.001287967616926328,0.04678940438067187,0.02024252791705159,0.005588700434040306,0.004611537318925322,0.050446531276954774,0.0035707231667694186,0.02645315948203098,0.002109512137194646,0.045967859860403554,0.016851925461384958,0.004478671416551221,0.5230163234428399,0.26150816172141994,0.4448184391336024,0.2224092195668012,0.1916690273797365,0.09583451368986826
2015-01-30,-0.0067819927911719,0.0033073989686618,-0.0023332889335638,-0.0100893917598338,0.0008676203134763762,-0.007649613104648277,0.0006574195276710149,0.0026499794409907853,0.0004903732224905671,-0.0028236621560543667,-0.011614431600981192,-0.00482595094859391,0.0012698663193663328,-0.008051859110538233,0.0009327398775917196,0.0023746590910700806,0.0006332877513388835,-0.0029665766849026835,-0.012291997956791853,-0.005085282425635549,0.0016721123252562897,-0.00845410511642819,0.0012080602275124244,0.0020993387411493755,0.0007762022801872001,-0.003109491213751,-0.012969564312602514,-0.00534461390267719,0.00287885034292616,-0.009660843134098061,0.0020340212772745393,0.0012733776913872608,0.0012049458667321494,-0.003538234800295949,-0.015002263380034499,-0.0061226083338021126,0.004890080372375944,-0.011672073163547843,0.0034106230268780634,-0.00010322405821626326,0.0019195185109737317,-0.004252807444537532,-0.018390095159087808,-0.007419265719010312,0.6141613831099595,0.30708069155497975,0.44729512148218115,0.22364756074109057,0.1861922732046811,0.09309613660234055
2015-02-27,0.0104709204319177,-0.0445392534737638,-0.0242346704260798,0.0550101739056816,0.0005814701729253437,0.009889450258992356,0.000589258396271697,-0.0451285118700355,0.00037517278886315856,-0.02460984321494296,0.05383944533648456,0.034499293473935315,0.0008464758993749251,0.009624444532542775,0.000808938041922399,-0.0453481915156862,0.0004733263270235696,-0.02470799675310337,0.053354759964384275,0.034332441285646144,0.0011114816258245067,0.009359438806093193,0.001028617687573101,-0.0455678711613369,0.0005714798651839806,-0.02480615029126378,0.052870074592283996,0.03416558909735697,0.001906498805173251,0.008564421626744449,0.0016876566245252072,-0.046226910098289005,0.0008659404796652137,-0.025100610905745013,0.05141601847598314,0.03366503253248946,0.0032315274374211584,0.007239392994496541,0.002786054852778717,-0.04732530832654252,0.001356708170467269,-0.02559137859654707,0.04899259161548172,0.03283077159104361,0.3956730222293059,0.19783651111465295,0.4022822248819576,0.2011411124409788,0.13390696598099092,0.06695348299049546
2015-03-31,-0.0463314561734116,-0.0138837820933374,-0.0335133162345054,-0.0324476740800742,0.0007039731136700825,-0.04703542928708168,0.0008195266862538234,-0.014703308779591223,0.00047981579820372005,-0.03399313203270912,-0.03397117387999811,-0.013042297254372559,0.0009961507079638884,-0.04732760688137549,0.0011602335201413815,-0.01504401561347878,0.0006077579841752095,-0.03412107421868061,-0.034604058308179475,-0.013206532662694878,0.0012883283022576942,-0.047619784475669294,0.0015009403540289395,-0.015384722447366338,0.000735700170146699,-0.034249016404652104,-0.035236942736360834,-0.01337076807101719,0.0021648610851391116,-0.048496317258550706,0.002523060855691613,-0.016406842949029013,0.0011195267280611674,-0.03463284296256657,-0.03713559602090493,-0.013863474295984134,0.0036257490566081406,-0.04995720523001974,0.004226595025129403,-0.018110377118466803,0.0017592376579186144,-0.035272553892424015,-0.040300018161811745,-0.014684651337595722,0.4809669799318984,0.2404834899659492,0.580593157584062,0.290296578792031,0.17445463128912447,0.08722731564456224
2015-04-30,0.0374075561026785,-0.0108062073886875,0.0076093209430547,0.048213763491366,0.0005660174805768,0.0368415386221017,0.0005236229539956809,-0.011329830342683181,0.00035773022862376413,0.007251590714430935,0.04712412305679352,0.029589947907670763,0.0008215616317754718,0.03658599447090303,0.000701542463109608,-0.011507749851797108,0.0004519684129750761,0.007157352530079623,0.04669065939648093,0.029428641940823404,0.0010771057829741437,0.036330450319704354,0.0008794619722235352,-0.011685669360911036,0.000546206597326388,0.007063114345728311,0.04625719573616832,0.029267335973976044,0.0018437382365701594,0.03556381786610834,0.0014132204995653168,-0.012219427888252817,0.0008289211503803239,0.006780399792674375,0.04495680475523053,0.028783418073433965,0.003121458992563519,0.03428609711011498,0.0023028180451349525,-0.013109025433822453,0.0013001120721368837,0.0063092088709178155,0.042789486453667536,0.027976888239197167,0.38851252145517745,0.19425626072758873,0.3558390182278543,0.17791950911392715,0.1244212741433635,0.06221063707168175
2015-05-29,-3.604557851188961e-05,-0.0612415384921912,-0.0195223836080803,0.0612054929136793,0.0007653055678876097,-0.0008013511463994994,0.0005972433931702727,-0.061838781885361474,0.0003970812708289899,-0.019919464878909287,0.059842943952621415,0.019118113732509788,0.0010636759073806218,-0.0010997214858925115,0.0007981928013757705,-0.06203973129356697,0.0004880174084295245,-0.020010401016509822,0.05934362420492291,0.01891067953061731,0.001362046246873634,-0.0013980918253855236,0.000999142209581268,-0.06224068070177247,0.0005789535460300591,-0.020101337154110357,0.0588443044572244,0.018703245328724832,0.00225715726535267,-0.0022932028438645597,0.0016019904341977613,-0.06284352892638896,0.0008517619588316629,-0.02037414556691196,0.05734634521412887,0.018080942723047402,0.0037490089628177303,-0.00378505454132962,0.00260673747522525,-0.06384827596741645,0.0013064426468343358,-0.020828826254914633,0.05484974647563631,0.017043771713585013,0.5311898348569095,0.26559491742845476,0.4018988164109954,0.2009494082054977,0.1319852087829484,0.0659926043914742
2015-06-30,0.0635017137255089,0.0079581015834457,0.037789632335476,0.0555436121420631,0.0006432021940628337,0.06285851153144607,0.0005491592613835923,0.007408942322062108,0.00046945909907521844,0.03732017323640078,0.05435125068661667,0.025538338295045294,0.000915129988406102,0.0625865837371028,0.0007828986525412891,0.007175202930904411,0.0006007260430010659,0.037188906292474934,0.05384558350111571,0.025397677444627863,0.0011870577827493701,0.062314655942759534,0.0010166380436989859,0.0069414635397467145,0.0007319929869269133,0.03705763934854908,0.05333991631561474,0.025257016594210452,0.002002841165779175,0.06149887255972973,0.0017178562171720761,0.0062402453662736244,0.0011257938187044557,0.03666383851677154,0.05182291475911185,0.02483503404295819,0.0033624801374955164,0.06013923358801339,0.00288655317296056,0.00507154841048514,0.001782128538333693,0.03600750379714231,0.04929457883160702,0.02413172979087108,0.4394935130652134,0.2197467565326067,0.36176932434329834,0.18088466217164917,0.1688599537211719,0.08442997686058595
2015-07-31,-0.0850598928894802,-0.1536753395501828,-0.1076444451008193,0.0686154466607026,0.000747141586432092,-0.08580703447591229,0.0005268636659123061,-0.15420220321609512,0.00045841895029226034,-0.10810286405111157,0.06734144140835821,0.02229582957519928,0.0010721672879757537,-0.08613206017745595,0.0007769447091150853,-0.15445228425929788,0.0006097005618912885,-0.10825414566271059,0.06676633466361176,0.02212208548525464,0.0013971929895194152,-0.08645708587899961,0.0010270257523178645,-0.15470236530250067,0.0007609821734903167,-0.10840542727430962,0.06619122791886532,0.021948341395310003,0.0023722700941504,-0.0874321629836306,0.001777268881926202,-0.155452608432109,0.0012148270082874015,-0.1088592721091067,0.064465907684626,0.0214271091254761,0.003997398601868708,-0.0890572914913489,0.003027674097940098,-0.15670301364812292,0.0019712350662825424,-0.10961568016710184,0.0615903739608938,0.020558388675752937,0.5264579742761699,0.26322898713808496,0.34568954580817135,0.17284477290408568,0.1865793336453286,0.0932896668226643
2015-08-31,0.0551850533825524,0.0476339833921253,0.0428084625612337,0.007551069990427,0.0008401012308022378,0.054344952151750156,0.0006384309657071355,0.04699555242641817,0.0005608041342381213,0.04224765842699558,0.006072537793917626,0.012097293724754578,0.0011862566561682965,0.0539987967263841,0.0008642331706516756,0.04676975022147363,0.0006938060034360012,0.0421146565577977,0.005500580163607027,0.011884140168586403,0.001532412081534355,0.053652641301018045,0.0010900353755962156,0.046543948016529085,0.0008268078726338811,0.041981654688599816,0.004928622533296428,0.011670986612418228,0.0025708783576325308,0.052614175024919864,0.001767441990429836,0.045866541401695465,0.0012258134802275208,0.04158264908100617,0.003212749642364633,0.01103152594391369,0.004301655484462824,0.05088339789808957,0.0028964530151525366,0.04473753037697276,0.0018908228262169205,0.040917639735016775,0.0003529614908116393,0.009965758163072796,0.5896927439433205,0.29484637197166025,0.417364087784999,0.2086820438924995,0.200956685912976,0.100478342956488
2015-09-30,-0.0024950738016679,0.0488302743859061,0.0153323401966467,-0.051325348187574,0.0007096592643034734,-0.0032047330659713733,0.0006029487111576888,0.04822732567474841,0.000346876423767279,0.014985463772879421,-0.05263795616303516,-0.018190196838850793,0.0009983487598804726,-0.0034934225615483724,0.0008232397292892666,0.048007034656616834,0.000426384541789092,0.014905955654857608,-0.053146936676743736,-0.01839937821640598,0.0012870382554574717,-0.003782112057125372,0.0010435307474208444,0.04778674363848526,0.000505892659810905,0.014826447536835796,-0.05365591719045231,-0.01860855959396117,0.002153106742188469,-0.004648180543856369,0.001704403801815578,0.04712587058409052,0.000744417013876344,0.014587923182770357,-0.05518285873157805,-0.019236103726626725,0.0035965542200734643,-0.006091628021741364,0.002805858892473467,0.046024415493432634,0.0011419576039854089,0.014190382592661291,-0.057727761300120924,-0.020282010614402657,0.5020003396414541,0.25100016982072704,0.40372048069181493,0.20186024034590747,0.11419573060384218,0.05709786530192109
2015-10-30,-0.0026131237754395,0.0203151055274031,0.0106306841073409,-0.0229282293028426,0.0006600894113763657,-0.003273213186815866,0.0007134811736825264,0.019601624353720575,0.00043146387844234706,0.010199220228898553,-0.02430179988790149,-0.013472433415714418,0.0009350947509007193,-0.0035482185263402194,0.0009586826546222474,0.019356422872780853,0.0005493409963109461,0.010081343111029954,-0.024822006708365568,-0.013629561637370172,0.001210100090425073,-0.0038232238658645733,0.0012038841355619685,0.019111221391841134,0.0006672181141795451,0.009963465993161355,-0.025342213528829642,-0.013786689859025928,0.0020351161089981343,-0.004648239884437634,0.0019394885783811317,0.01837561694902197,0.0010208494677853423,0.009609834639555557,-0.026902833990221864,-0.014258074523993192,0.003410142806619902,-0.006023266582059402,0.0031654959830797365,0.017149609544323364,0.0016102350571283374,0.009020449050212563,-0.029503868092542237,-0.015043715632271965,0.4457482577437199,0.22287412887185995,0.4904029618794421,0.24520148093972105,0.1522154755036455,0.07610773775182275
2015-11-30,0.0191870335705051,-0.0008743906430959,0.0106548926622123,0.020061424213601,0.0005307110450230854,0.018656322525482015,0.0004567271283603093,-0.0013311177714562092,0.00024287794607981024,0.010412014716132489,0.019073986040217605,0.008244307809349526,0.0007627625282470158,0.018424271042258085,0.0006415180800131901,-0.00151590872310909,0.00030668618617759035,0.010348206476034709,0.018657143605340792,0.008076064566223376,0.0009948140114709463,0.018192219559034155,0.000826309031666071,-0.001700699674761971,0.00037049442627537044,0.01028439823593693,0.018240301170463984,0.007907821323097225,0.0016909684611427374,0.017496065109362365,0.0013806818866247137,-0.0022550725297206136,0.0005619191465687108,0.010092973515643588,0.01698977386583355,0.007403091593718776,0.0028512258772623892,0.01633580769324271,0.0023046366448891183,-0.0031790272879850183,0.0008809603470576112,0.009773932315154688,0.014905561691449491,0.006561875378088023,0.42764310117898735,0.21382155058949368,0.3695819033057618,0.1847909516528809,0.0958740211924662,0.0479370105962331
2015-12-31,-0.1022955462894209,-0.1452633997111501,-0.1032352131239175,0.0429678534217291,0.0006499351072034092,-0.10294548139662431,0.0006202222486844757,-0.14588362195983456,0.0003203896502398754,-0.10355560277415737,0.04169769606584122,0.0006101213775330655,0.0009925702900339646,-0.10328811657945487,0.0009306443366930528,-0.14619404404784314,0.0004427246347207156,-0.1036779377586382,0.041044638795002086,0.00038982117918333337,0.0013352054728645202,-0.10363075176228542,0.0012410664247016299,-0.14650446613585172,0.0005650596192015557,-0.10380027274311905,0.04039158152416296,0.000169520980833629,0.0023631110213561874,-0.10465865731077709,0.002172332688727361,-0.14743573239987745,0.0009320645726440762,-0.10416727769656157,0.038432409711645556,-0.0004913796142155119,0.004076286935508966,-0.10637183322492987,0.0037244431287702467,-0.14898784283992034,0.001543739495048277,-0.10477895261896578,0.03516712335744989,-0.0015928806059640893,0.5429397740582617,0.27146988702913083,0.516279602373553,0.2581398011867765,0.1501658617185369,0.07508293085926845
2016-01-29,-0.1061579967655209,-0.0710123703458897,-0.077885034342062,-0.0351456264196312,0.0006751004517429248,-0.10683309721726382,0.0004828857143811575,-0.07149525606027085,0.0003577374032241388,-0.07824277174528614,-0.036303612585755284,-0.02859032547197768,0.0010280718969194985,-0.1071860686624404,0.0007319599667986956,-0.0717443303126884,0.0004872332714459272,-0.07837226761350792,-0.036905658283349387,-0.028813801048932483,0.0013810433420960724,-0.10753904010761697,0.0009810342192162337,-0.07199340456510593,0.0006167291396677156,-0.07850176348172971,-0.0375077039809435,-0.02903727662588726,0.0024399576776257936,-0.1085979544431467,0.0017282569764688483,-0.07274062732235854,0.0010052167443330808,-0.07889025108639508,-0.03931384107372584,-0.029707703356751616,0.004204814903508662,-0.11036281166902956,0.002973628238556539,-0.07398599858444624,0.0016526960854420228,-0.07953773042750402,-0.042324069561696404,-0.03082508124152554,0.5516502386521354,0.2758251193260677,0.39166602670120226,0.19583301335060113,0.17119405941838678,0.08559702970919339
2016-02-29,0.0781593201793406,0.1519712839685481,0.1034860867429281,-0.0738119637892074,0.0006251648155048431,0.07753415536383576,0.00046581203132640395,0.1515054719372217,0.00028566337101964244,0.10320042337190846,-0.07490294063603865,-0.0256662680080727,0.000918345122077155,0.07724097505726345,0.0006532918045874434,0.15131799216396064,0.000366592029187891,0.10311949471374021,-0.075383600715872,-0.025878519656476764,0.001211525428649467,0.07694779475069113,0.0008407715778484827,0.1511305123906996,0.00044752068735613953,0.10303856605557196,-0.07586426079570535,-0.026090771304880828,0.002091066348366403,0.0760682538309742,0.0014032108976316012,0.1505680730709165,0.0006903066618608852,0.10279578008106721,-0.0773062410352054,-0.026727526250093017,0.0035569678812279624,0.07460235229811264,0.0023406097639367984,0.1496306742046113,0.001094949952702128,0.10239113679022598,-0.07970954143437216,-0.027788784492113333,0.5123927302228277,0.25619636511141386,0.37495954652207886,0.18747977326103943,0.1203942863907295,0.06019714319536475
2016-03-31,0.0371246491118373,0.0352815906865613,0.0348074632444417,0.0018430584252759,0.0006085816371586483,0.03651606747467865,0.0004895028212086667,0.034792087865352636,0.0003266815700198951,0.034480781674421805,0.0007449739669085851,0.0020352858002568447,0.0009325134019016727,0.036192135709935624,0.0006813697671479357,0.034600220919413366,0.0004491828850786485,0.03435828035936305,0.00022917525622629168,0.0018338553505725733,0.001256445166644697,0.0358682039451926,0.0008732367130872046,0.034408353973474096,0.0005716842001374019,0.0342357790443043,-0.00028662345445600165,0.0016324249008883018,0.0022282404608737704,0.03489640865096353,0.0014488375509050118,0.03383275313565629,0.0009391881453136621,0.033868275099128035,-0.0018340195865028822,0.0010281335518354945,0.0038478992845888925,0.0332767498272484,0.002408172280601357,0.03287341840595995,0.0015516947206074291,0.03325576852383427,-0.0044130131399143496,2.0981303414130403e-05,0.4989002410652933,0.24945012053264665,0.383733891878538,0.191866945939269,0.15719829253667061,0.07859914626833531
2016-04-29,0.0027492390862784,-0.0210152241965436,0.0038646514006848,0.0237644632828221,0.0006122802871426196,0.0021369587991357806,0.00045596945467922594,-0.021471193651222825,0.0003131642582824947,0.0035514871424023055,0.022696213541000255,-0.001414528343266525,0.0009354860708508735,0.0018137530154275264,0.0006383400806089535,-0.021653564277152555,0.000399927626847609,0.0034647237738371912,0.02219063713136227,-0.0016509707584096648,0.0012586918545591274,0.0014905472317192725,0.000820710706538681,-0.02183593490308228,0.00048669099541272335,0.003377960405272077,0.02168506072172429,-0.0018874131735528044,0.0022283092056838896,0.0005209298805945103,0.0013678225843278637,-0.022383046780871465,0.0007469811011080664,0.0031176702995767335,0.020168331492810342,-0.002596740418982223,0.003844338124225159,-0.001095099037946759,0.0022796757139765013,-0.0232948999105201,0.0011807979439336382,0.002683853456751162,0.017640449444620437,-0.003778952494697921,0.5063797141216342,0.2531898570608171,0.36474125185945505,0.18237062592972753,0.1312003410114415,0.06560017050572076
2016-05-31,0.0461240122394694,0.0975129160072321,0.0613254887526146,-0.0513889037677626,0.0006605248043958051,0.0454634874350736,0.0004766625156565031,0.09703625349157559,0.0002949089656646843,0.061030579786949916,-0.05252609108781491,-0.015567092351876317,0.0009645883759307022,0.045159423863538696,0.0006859882003539006,0.0968269278068782,0.0003881614360219272,0.060937327316592675,-0.05303948034404721,-0.01577790345305398,0.0012686519474655992,0.0448553602920038,0.000895313885051298,0.09661760212218079,0.0004814139063791701,0.06084407484623543,-0.0535528696002795,-0.015988714554231627,0.0021808426620702906,0.04394316957739911,0.00152329093914349,0.0959896250680886,0.0007611713174508988,0.0605643174351637,-0.05509303736897638,-0.01662114785776459,0.0037011605197447765,0.042422851719724625,0.0025699193626304772,0.09494299664460162,0.0012274336692371132,0.06009805508337749,-0.05765998365013786,-0.017675203363652865,0.541038134166417,0.2705190670832085,0.3872335616551075,0.19361678082755376,0.1280766307457858,0.0640383153728929
2016-06-30,0.0536032864812074,0.0579951688409396,0.0513466161511826,-0.0043918823597322,0.0007336639698494189,0.05286962251135798,0.0005869359493523247,0.05740823289158728,0.000306759481283978,0.051039856669898624,-0.005712482278933943,0.0018297658414593576,0.0011222042970535607,0.052481082184153836,0.000844318607073441,0.05715085023386616,0.0004280949823100889,0.05091852116887251,-0.006358405263859202,0.0015625610152813288,0.0015107446242577025,0.0520925418569497,0.0011017012647945574,0.056893467576145045,0.0005494304833361998,0.0507971856678464,-0.007004328248784461,0.0012953561891033,0.0026763656058701275,0.050926920875337275,0.0018738492379579063,0.056121319602981695,0.0009134369864145324,0.05043317916476807,-0.008942097203560234,0.0004937417105692066,0.004619067241890836,0.04898421923931656,0.003160762526563488,0.05483440631437612,0.001520114491545087,0.049826501659637513,-0.012171712128186525,-0.0008422824203209514,0.6108311995815275,0.30541559979076377,0.48337667344216934,0.24168833672108467,0.15263579586230303,0.07631789793115151
2016-07-29,0.0297748750441393,0.0033446410438577,0.0159095061122958,0.0264302340002815,0.0008533105005561716,0.028921564543583127,0.0005461689389641149,0.002798472104893585,0.0002870485867352698,0.015622457525560532,0.025030754560761214,0.013299107018022595,0.001329384170797169,0.02844549087334213,0.000785359319689905,0.002559281724167795,0.0003959922292286851,0.015513513883067116,0.024315490509794428,0.012931976990275016,0.0018054578410381663,0.027969417203101133,0.001024549700415695,0.0023200913434420047,0.0005049358717221004,0.015404570240573701,0.02360022645882764,0.012564846962527432,0.0032336788517611584,0.02654119619237814,0.0017421208425930652,0.0016025202012646346,0.0008317667992023465,0.015077739313093455,0.021454434305927278,0.011463456879284685,0.005614047202966145,0.024160827841173155,0.0029380727462220155,0.0004065682976356843,0.0013764850116694232,0.014533021100626379,0.017878114051093342,0.009627806740546776,0.7112047750875189,0.35560238754375945,0.4468037097269147,0.22340185486345734,0.13634550872490667,0.06817275436245333
2016-08-31,0.0439325553550109,0.038889671958338,0.0342021269253569,0.0050428833966729,0.0006789501143013265,0.04325360524070957,0.0007027864223889048,0.038186885535949094,0.00033555965160373747,0.033866567273753166,0.003661146859982669,0.009387037966956405,0.0009577340527130915,0.04297482130229781,0.0010747585771494425,0.03781491338118856,0.00044770591412431445,0.033754421011232584,0.003010390766810366,0.009220400291065224,0.0012365179911248564,0.042696037363886045,0.0014467307319099801,0.03744294122642802,0.0005598521766448914,0.03364227474871201,0.002359634673638064,0.009053762615174037,0.002072869806360151,0.04185968554865075,0.0025626471961915933,0.03632702476214641,0.0008962909642066223,0.033305835961150276,0.00040736639412115557,0.008553849587500474,0.0034667894984189754,0.04046576585659192,0.004422507969994282,0.03446716398834372,0.001457022276809507,0.03274510464854739,-0.0028464140717403574,0.00772066120804453,0.5575678768235297,0.27878393841176485,0.5747735989407369,0.28738679947036844,0.15340298758858106,0.07670149379429053
2016-09-30,0.0041442758304164,0.0027202023163073,0.0003824449356104,0.0014240735141091,0.0007090724501384312,0.003435203380277969,0.0006437596886399034,0.0020764426276673967,0.00026057140322544297,0.00012187353238495702,7.124137533076537e-05,0.0033133298478930117,0.0010753316706039837,0.0030689441598124164,0.0009299321575609081,0.001790270158746392,0.00037356562145879124,8.879314151608747e-06,-0.0005811903140557918,0.003060064845660808,0.001441590891069536,0.0027026849393468637,0.0012161046264819128,0.0015040976898253872,0.0004865598396921395,-0.00010411490408173953,-0.0012336220034423488,0.002806799843428603,0.0025403685524661933,0.0016039072779502066,0.0020746220332449267,0.0006455802830623732,0.0008255424943921843,-0.0004430975587817843,-0.00319091707160202,0.002047004836731991,0.004371664654793955,-0.00022738882437755518,0.0035054843778499502,-0.0007852820615426503,0.0013905135855589257,-0.0010080686499485258,-0.006453075518534805,0.0007806798255709706,0.5971263044772522,0.2985631522386261,0.5399255995922254,0.2699627997961127,0.14462622459935315,0.07231311229967657
2016-10-28,-0.1069825017350949,-0.0600888266605511,-0.0800352377646306,-0.0468936750745437,0.0005333121128717481,-0.10751581384796664,0.0004444164254877237,-0.06053324308603882,0.0002554005737547987,-0.0802906383383854,-0.04787140361290317,-0.027225175509581243,0.0008223806447504508,-0.10780488237984534,0.0006405340047018687,-0.06072936066525297,0.00034520208792108927,-0.0803804398525517,-0.04835658972399602,-0.027424442527293647,0.0011114491766291534,-0.10809395091172405,0.0008366515839160136,-0.06092547824446711,0.0004350036020873798,-0.08047024136671799,-0.04884177583508887,-0.027623709545006064,0.0019786547722652616,-0.10896115650736016,0.0014250043215584484,-0.061513830982109545,0.0007044081445862514,-0.08073964590921685,-0.05029733416836741,-0.028221510598143304,0.003423997431658775,-0.11040649916675367,0.002405592217629173,-0.062494418878180275,0.0011534157154177043,-0.0811886534800483,-0.05272326472383165,-0.029217845686705365,0.4352695739222088,0.2176347869611044,0.35691211791669153,0.17845605895834576,0.11491730019952251,0.057458650099761255
2016-11-30,0.0026720809265716,-0.010548724920863,-0.0051710034252571,0.0132208058474346,0.000648526646063794,0.002023554280507806,0.0006361675928271078,-0.011184892513690108,0.00032275938310855946,-0.005493762808365659,0.011936111608543697,0.007517317088873465,0.000970743667265177,0.0017013372593064232,0.0009490578827434294,-0.01149778280360643,0.000430246769158035,-0.005601250194415135,0.011301004297425993,0.007302587453721559,0.00129296068846656,0.0013791202381050402,0.0012619481726597508,-0.01181067309352275,0.0005377341552075106,-0.005708737580464611,0.01066589698630829,0.007087857818569651,0.0022596117520707086,0.00041246917450089154,0.002200619042408715,-0.012749343963271714,0.0008601963133559373,-0.006031199738613037,0.008760575052955176,0.006443668913113929,0.0038706968580776236,-0.0011986159315060235,0.0037650704919903227,-0.014313795412853322,0.001397633243603315,-0.006568636668860415,0.005585038497366655,0.005370020737354392,0.534452671355527,0.2672263356777635,0.5233650983086952,0.2616825491543476,0.1516690593124819,0.07583452965624095
2016-12-30,0.1081333221732225,0.062629479722799,0.0828191120230492,0.0455038424504234,0.0006146141768583242,0.10751870799636418,0.0005341882035230366,0.062095291519275966,0.00029204469682954484,0.08252706732621966,0.04435504007004204,0.02499164067014452,0.000958538798457936,0.10717478337476456,0.0007815861960558245,0.06184789352674318,0.000391422479653444,0.08242768954339576,0.043763717455909644,0.024747093831368805,0.001302463420057548,0.10683085875316495,0.0010289841885886123,0.06160049553421039,0.0004908002624773431,0.08232831176057186,0.04317239484177724,0.02450254699259309,0.0023342372848563836,0.10579908488836612,0.0017711781661869756,0.060858301556612024,0.0007889336109490406,0.08203017841210015,0.04139842699938004,0.023768906476265964,0.004053860392854443,0.10407946178036806,0.003008168128850915,0.05962131159394809,0.0012858225250685364,0.08153328949798067,0.038441813928718045,0.022546172282387394,0.5068146267041994,0.2534073133520997,0.4263060652396991,0.21315303261984955,0.12411425222432929,0.06205712611216464
2017-01-31,0.0341035612105991,0.0803261521443141,0.0472219465613683,-0.046222590933715,0.0007137609682372583,0.03338980024236184,0.0006087081192835873,0.07971744402503052,0.00033758539092098916,0.04688436117044731,-0.047545060021235847,-0.013494560928085465,0.0010525378045755627,0.03305102340602353,0.00092385460838795,0.07940229753592615,0.00045451490443409147,0.04676743165693421,-0.04819898334667852,-0.013716408250910674,0.001391314640913867,0.03271224656968523,0.0012390010974923126,0.07908715104682179,0.0005714444179471938,0.046650502143421105,-0.04885290667212118,-0.013938255573735875,0.00240764514992878,0.03169591606067032,0.0021844405648054005,0.0781417115795087,0.0009222329584865007,0.0462997136028818,-0.05081467664844918,-0.014603797542211479,0.004101529331620301,0.030002031878978798,0.0037601730103272142,0.07656597913398688,0.0015068805260520122,0.04571506603531629,-0.05408429327566252,-0.015713034156337492,0.5832263193549608,0.2916131596774804,0.5001233939414486,0.2500616969707243,0.1566131032057964,0.0783065516028982
2017-02-28,0.0412626222877627,0.0187534821597632,0.0397089588492109,0.0225091401279995,0.0005354143046299707,0.04072720798313273,0.0007284448706122101,0.018025037289150992,0.00027932725565547623,0.03942963159355542,0.02124528095275732,0.0012975763895773096,0.0007863644495439005,0.0404762578382188,0.001087408962633577,0.017666073197129623,0.00038264493564587037,0.03932631391356503,0.020635366715822022,0.0011499439246537707,0.0010373145944578303,0.040225307693304874,0.001446373054654944,0.017307109105108257,0.0004859626156362646,0.039222996233574635,0.020025452478886725,0.0010023114597302388,0.0017901650291996195,0.03947245725856308,0.002523265330719045,0.016230216829044155,0.0007959156556074471,0.038913043193603454,0.018195709768080836,0.0005594140649596291,0.003044915753769269,0.03821770653399343,0.004318085790825879,0.014435396368937321,0.001312504055559418,0.03839645479365148,0.015146138583404353,-0.0001787482596580514,0.4343699330338865,0.21718496651694325,0.6117201580137961,0.30586007900689804,0.1322040986123878,0.0661020493061939
2017-03-31,0.0594987600172727,0.0080997636973703,0.0383573485702588,0.0513989963199024,0.0005432194268915764,0.05895554059038113,0.0006861533185856318,0.007413610378784668,0.0003101439463317481,0.03804720462392705,0.05016962357442519,0.020908335966454077,0.0009047951820947124,0.05859396483517799,0.0009899729153256024,0.007109790782044698,0.000453141631773969,0.03790420693848483,0.04950422822248208,0.02068975789669316,0.0012663709372978484,0.058232389079974856,0.001293792512065573,0.0068059711853047265,0.0005961393172161899,0.037761209253042605,0.04883883287053898,0.02047117982693225,0.0023510982029072564,0.057147661814365446,0.0022052513022854854,0.005894512395084815,0.001025132373542853,0.037332216196715944,0.046842646814709656,0.019815445617649502,0.004158976978922937,0.055339783038349764,0.0037243492859853388,0.004375414411384961,0.0017401208007539574,0.03661722776950484,0.04351567005499412,0.018722555268844927,0.45135437378515975,0.22567718689257987,0.5726821290738565,0.28634106453692826,0.1724744170058055,0.08623720850290276
2017-04-28,-0.0357670787691244,-0.0423179425058205,-0.0275261276932966,0.0065508637366961,0.0006722573721101007,-0.0364393361412345,0.0005445822292017624,-0.042862524735022264,0.0003504619074118038,-0.027876589600708407,0.0053340241353842365,-0.008562746540526092,0.0010474999499237344,-0.036814578719048134,0.0008207570565941936,-0.043138699562414694,0.0004961631364847479,-0.02802229082978135,0.004682606730178171,-0.008792287889266785,0.001422742527737368,-0.03718982129686176,0.0010969318839866248,-0.04341487438980712,0.000641864365557692,-0.028167992058854292,0.004031189324972107,-0.00902182923800747,0.002548470261178269,-0.03831554903030267,0.0019254563661639185,-0.04424339887198442,0.0010789680527765243,-0.028605095746073127,0.0020769371093539123,-0.00971045328422954,0.004424683150246437,-0.040191761919370836,0.0033063305031260743,-0.04562427300894657,0.0018074741981412446,-0.029333601891437848,-0.001180149916676412,-0.010858160027932988,0.5490613416116668,0.2745306708058334,0.4456101038956494,0.2228050519478247,0.1780061957675954,0.0890030978837977
2017-05-31,0.0415197291010509,0.0142868822201449,0.0177965610783716,0.0272328468809059,0.0005488717593903856,0.04097085734166052,0.0006866636095950876,0.013600218610549813,0.0003634834004136238,0.017433077677957976,0.025997311511920425,0.023537779663702543,0.0008182759653626656,0.04070145313568824,0.001040711709297957,0.013246170510846943,0.0005030685509529065,0.017293492527418693,0.025373859206245276,0.023407960608269544,0.0010876801713349457,0.040432048929715955,0.0013947598090008262,0.012892122411144073,0.0006426537014921892,0.01715390737687941,0.024750406900570125,0.023278141552836546,0.0018958927892517858,0.03962383631179912,0.002456904108109434,0.011829978112035466,0.0010614091531100374,0.016735151925261562,0.02288004998354468,0.022888684386537555,0.003242913819113186,0.038276815281937715,0.00422714460662378,0.010059737613521118,0.0017593349058064509,0.016037226172565148,0.01976278845516893,0.022239589109372567,0.44527981987127974,0.22263990993563987,0.5619921580684911,0.28099607903424556,0.1869070868597732,0.0934535434298866
2017-06-30,0.0506515276480128,0.0452854634612289,0.0488960818638786,0.0053660641867838,0.0006354828700924984,0.0500160447779203,0.0005390920407822783,0.04474637142044662,0.0002734456984065662,0.048622636165472036,0.004191489275909023,0.0013934086124482645,0.0009358806647267189,0.04971564698328608,0.000793459164625829,0.04449200429660307,0.00035972431445640895,0.04853635754942219,0.0036367243574312517,0.0011792894338638893,0.0012362784593609394,0.04941524918865186,0.0010478262884693796,0.04423763717275952,0.00044600293050625167,0.04845007893337235,0.0030819594389534808,0.0009651702552795072,0.002137471843263601,0.0485140558047492,0.0018109276600000316,0.04347453580122887,0.0007048387786557799,0.048191243085222824,0.001417664683520167,0.0003228127195263747,0.0036394608164347034,0.047012066831578096,0.003082763279217785,0.04220270018201112,0.0011362318589049937,0.04775985000497361,-0.0013561599088686887,-0.0007477831733955151,0.5298786182973392,0.2649393091486696,0.4377246612626247,0.21886233063131236,0.11950423038917211,0.05975211519458606
2017-07-31,0.0109469402152384,-0.0239679325432581,-0.0015511450362247,0.0349148727584965,0.0006177342525193582,0.010329205962719043,0.0004549059457068486,-0.024422838488964947,0.00028517170501492,-0.00183631674123962,0.03384223256027029,0.012165522703958662,0.0008898353238028878,0.010057104891435513,0.0007045861942375618,-0.02467251873749566,0.00039087565730286074,-0.0019420206935275607,0.03332045124045605,0.011999125584963074,0.0011619363950864173,0.009785003820151983,0.000954266442768275,-0.024922198986026375,0.0004965796095908014,-0.0020477246458155012,0.03279866992064181,0.011832728465967484,0.001978239608937006,0.008968700606301394,0.0017033071883604145,-0.025671239731618514,0.0008136914664546235,-0.0023648365026793234,0.03123332596119908,0.011333537108980718,0.003338744965354654,0.007608195249883746,0.0029517084310139805,-0.02691964097427208,0.001342211227894327,-0.0028933562641190267,0.028624419362127868,0.010501551514002772,0.5111052168512825,0.25555260842564126,0.3608010976052384,0.1804005488026192,0.1328767739977098,0.0664383869988549
2017-08-31,-0.0160185018558305,-0.0180335198228209,-0.0221368742985257,0.0020150179669904,0.0007313436981284913,-0.016749845553958993,0.0006834773522868557,-0.018716997175107754,0.0003064156976629706,-0.02244328999618867,0.000600196916575053,0.005693444442229679,0.0011096616666867684,-0.01712816352251727,0.0010390821818547378,-0.019072602004675636,0.0004266712398506698,-0.022563545538376372,-0.0001337258815511061,0.005435382015859101,0.0014879796352450458,-0.017506481491075546,0.0013946870114226202,-0.019428206834243518,0.0005469267820383691,-0.02268380108056407,-0.0008676486796772658,0.005177319589488524,0.0026229335409198775,-0.01864143539675038,0.002461501500126267,-0.020495021322947168,0.0009076934086014666,-0.023044567707127168,-0.0030694170740557442,0.004403132310376787,0.004514523383711264,-0.020533025239541765,0.004239525647965678,-0.022273045470786578,0.0015089711195399626,-0.023645845418065664,-0.006739031064686541,0.0031128201785238993,0.6115574794557228,0.3057787397278614,0.5714897750277291,0.28574488751386456,0.1547847003165796,0.0773923501582898
2017-09-29,0.1053456645890349,0.0774116308518821,0.0930548307757024,0.0279340337371527,0.0008236392597940961,0.1045220253292408,0.0006572059614702538,0.07675442489041184,0.00038637829260699283,0.09266845248309541,0.02645318851588835,0.011853572846145397,0.0012004065167871448,0.10414525807224775,0.0010120752692975598,0.07639955558258454,0.0005467783018012005,0.09250805247390119,0.025721551951067994,0.011637205598346564,0.001577173773780193,0.1037684908152547,0.0013669445771248656,0.07604468627475723,0.0007071783109954082,0.09234765246470698,0.02498991538624764,0.011420838350547718,0.0027074755447593383,0.10263818904427556,0.0024315525006067835,0.07498007835127532,0.0011883783385780312,0.09186645243712437,0.02279500569178658,0.010771736607151194,0.004591311829724581,0.10075435275931031,0.004205899039743314,0.07320573181213878,0.0019903783845490693,0.09106445239115332,0.019136822867684804,0.009689900368156992,0.68003932971132,0.34001966485566,0.5307880184557645,0.26539400922788225,0.1922071757322305,0.09610358786611525
2017-10-31,-0.0014011104588724,-0.0248080195785047,-0.0161782724684683,0.0234069091196322,0.0005421953924273252,-0.0019433058512997254,0.0005903931268324696,-0.02539841270533717,0.000289123724588577,-0.016467396193056875,0.022274320600372405,0.01452409034175715,0.0008003783527911354,-0.0022014888116635356,0.000852468886094293,-0.025660488464598993,0.0003982364838304847,-0.016576508952298785,0.021754061880746772,0.014375020140635249,0.0010585613131549455,-0.0024596717720273458,0.0011145446453561163,-0.025922564223860817,0.0005073492430723923,-0.016685621711540692,0.021233803161121136,0.014225949939513347,0.0018331101942463764,-0.0032342206531187764,0.0019007719231415865,-0.026708791501646286,0.0008346875207981154,-0.017012959989266416,0.01967302700224424,0.01377873933614764,0.003124024996065427,-0.0045251354549378274,0.0032111507194507033,-0.028019170297955403,0.001380251317007654,-0.017558523785475955,0.01707173340411607,0.013033388330538128,0.44907889959306957,0.22453944979653478,0.4923008697875058,0.2461504348937529,0.1549918768367192,0.0774959384183596
2017-11-30,0.0888240405868479,0.0847196702018344,0.0751506383473732,0.0041043703850134,0.0007220370727262168,0.08810200351412167,0.0008493231075634295,0.08387034709427096,0.0003156013622970563,0.07483503698507615,0.002533010204723754,0.01326696652904552,0.0011085347079170438,0.08771550587893086,0.0012601418571389958,0.0834595283446954,0.0004391690929657886,0.07471146925440741,0.0017356938199573602,0.013004036624523443,0.0014950323431078708,0.08732900824374003,0.0016709606067145618,0.08304870959511983,0.0005627368236345209,0.07458790152373869,0.0009383774351909677,0.012741106720001338,0.002654525248680352,0.08616951533816755,0.0029034168554412606,0.08181625334639313,0.0009334400156407177,0.07421719833173249,-0.0014535717191082125,0.011952317006435065,0.004587013424634487,0.08423702716221342,0.004957510603319092,0.0797621595985153,0.0015512786689843793,0.07359935967838882,-0.005440153642940179,0.010637667483824595,0.6017830929605488,0.3008915464802744,0.7130714776338745,0.35653573881693723,0.163022069311836,0.081511034655918
2017-12-29,-0.0135730326697122,-0.0250141332955419,-0.014483960060857,0.0114411006258297,0.00056621779924381,-0.014139250468956008,0.0006092344759587371,-0.02562336777150064,0.00034295895711795724,-0.014826919017974957,0.010265648350627151,0.000687668549018949,0.0008972090381429965,-0.014470241707855196,0.0008970854826731361,-0.025911218778215037,0.0004949808878468126,-0.014978940948703813,0.009646806105013566,0.0005086992408486167,0.0012282002770421829,-0.014801232946754382,0.001184936489387535,-0.026199069784929436,0.000647002818575668,-0.015130962879432669,0.009027963859399982,0.0003297299326782861,0.0022211739937397423,-0.01579420666345194,0.002048489509530732,-0.02706262280507263,0.0011030686107622342,-0.015587028671619235,0.007171437122559224,-0.0002071779918327056,0.003876130188235675,-0.017449162857947873,0.003487744543102727,-0.028501877838644628,0.0018631782644065113,-0.01634713832526351,0.004077225894491297,-0.001102024532684362,0.4606215077394638,0.2303107538697319,0.5034829272624318,0.2517414636312159,0.18755536247455779,0.09377768123727889
2018-01-31,-0.0515530543238403,-0.0479837392203033,-0.0462685224789767,-0.003569315103537,0.000516174560895649,-0.05206922888473595,0.0005473699992932107,-0.04853110921959651,0.00030491314179133765,-0.04657343562076804,-0.0046328596637258595,-0.005495793263967916,0.0007608750718870458,-0.05231392939572735,0.0008252078283411662,-0.04880894704864447,0.0004301471111979552,-0.04669866959017465,-0.005155398003765212,-0.005615259805552698,0.0010055755828784426,-0.052558629906718744,0.0011030456573891214,-0.04908678487769242,0.0005553810806045728,-0.04682390355958127,-0.005677936343804564,-0.005734726347137474,0.0017396771158526333,-0.05329273143969294,0.0019365591445329876,-0.04992029836483629,0.0009310829888244256,-0.04719960546780112,-0.007245551363922621,-0.006093125971891815,0.0029631796708096177,-0.05451623399464992,0.0033257482897727647,-0.051309487510076066,0.0015572528358575137,-0.047825775314834215,-0.009858243064119383,-0.006690458679815707,0.42288727839932966,0.21144363919966483,0.4508622096956412,0.2254311048478206,0.1577228959020732,0.0788614479510366
2018-02-28,-0.0051395959236677,-0.0630644125703571,-0.0290566504997905,0.0579248166466893,0.0004749451329774128,-0.005614541056645113,0.0006175663132751608,-0.06368197888363225,0.0003448408996796885,-0.029401491399470188,0.05683230520043673,0.023786950342825075,0.0006986657504484141,-0.0058382616741161145,0.0009221129170446456,-0.06398652548740175,0.0004512901787626065,-0.029507940678553106,0.056304037979196246,0.02366967900443699,0.0009223863679194154,-0.006061982291587115,0.0012266595208141305,-0.06429107209117123,0.0005577394578455245,-0.029614389957636024,0.055775770757955756,0.023552407666048908,0.0015935482203324194,-0.006733144144000119,0.002140299332122585,-0.06520471190247969,0.0008770872950942785,-0.029933737794884778,0.0541909690942343,0.023200593650884657,0.002712151307687426,-0.007851747231355125,0.0036630323509700092,-0.06672744492132711,0.0014093336905088684,-0.030465984190299368,0.05154963298803187,0.022614236958944243,0.3730573326366313,0.18652866631831566,0.5052404378824199,0.25262021894120995,0.1492437796578196,0.0746218898289098
2018-03-28,0.0579573312792363,-0.0074648934338122,0.033861605016102,0.0654222247130486,0.0005672167016796513,0.05739011457755665,0.0005230096717075435,-0.007987903105519743,0.0003174830126942108,0.033544122003407784,0.0643319983396614,0.023845992574148864,0.0008146292028149564,0.057142702076421345,0.0007718597982307303,-0.00823675323204293,0.0004274801006846308,0.03343412491541737,0.0638357357120029,0.023708577161003976,0.0010620417039502615,0.05689528957528604,0.001020709924753917,-0.008485603358566117,0.0005374771886750509,0.03332412782742695,0.06333947308434441,0.023571161747859094,0.0018042792073561765,0.05615305207188012,0.0017672603043234769,-0.009232153738135677,0.000867468452646311,0.032994136563455685,0.06185068520136894,0.023158915508424437,0.003041341713032702,0.054915989566203596,0.0030115109369394104,-0.01047640437075161,0.0014174538925984111,0.03244415112350359,0.05936937206307648,0.02247183844270001,0.4615172870087997,0.23075864350439984,0.4218740349883262,0.2109370174941631,0.14756693321367112,0.07378346660683556
2018-04-30,-0.0394325667194986,-0.0694422853667133,-0.0518643206886785,0.0300097186472146,0.0006069883971657478,-0.04003955511666435,0.0005742980180524288,-0.07001658338476574,0.000378428047586607,-0.05224274873626511,0.028828432231996423,0.01220319361960076,0.0008642343133768869,-0.04029680103287549,0.0009020390907939944,-0.0703443244575073,0.0005170905893850918,-0.052381411278063596,0.02824344524304372,0.012084610245188109,0.001121480229588026,-0.040554046949086625,0.0012297801635355599,-0.07067206553024886,0.0006557531311835766,-0.05252007381986208,0.027658458254091012,0.011966026870775456,0.001893217978221443,-0.041325784697720046,0.0022130033817602565,-0.07165528874847356,0.001071740756579031,-0.05293606144525753,0.025903497287232898,0.011610276747537486,0.0031794475592771382,-0.04261201427877574,0.0038517087454680845,-0.07329399411218139,0.001765053465571455,-0.053629374154249954,0.022978562342469377,0.011017359875474211,0.4814691055959924,0.2407345527979962,0.45929628746933915,0.22964814373466957,0.17793496450906582,0.08896748225453291
2018-05-31,-0.038314503833237,-0.061368541479487,-0.0459345399254537,0.0230540376462499,0.0005397927771615635,-0.03885429661039856,0.0004143899642645342,-0.061782931443751535,0.0002676360981411462,-0.04620217602359485,0.0220998549048238,0.007347879413196291,0.0008076071444045573,-0.03912211097764156,0.0005787667023444863,-0.06194730818183149,0.0003472615778951146,-0.04628180150334882,0.021667663799500858,0.007159690525707259,0.0010754215116475512,-0.03938992534488455,0.0007431434404244384,-0.06211168491991144,0.000426887057649083,-0.046361426983102784,0.02123547269417791,0.006971501638218233,0.0018788646133765326,-0.04019336844661353,0.0012362736546642948,-0.0626048151341513,0.0006657634969109881,-0.046600303422364694,0.019938899378209075,0.0064069349757511634,0.0032179364495915023,-0.0415324402828285,0.002058157345064055,-0.06342669882455106,0.0010638908956808301,-0.046998430821134536,0.017777943851594345,0.005465990538306036,0.4383530560880957,0.21917652804404786,0.32875347615990425,0.16437673807995212,0.12000856995752299,0.060004284978761493
2018-06-29,0.0543723469342072,0.0796815732119278,0.05964060108792,-0.0253092262777205,0.00039210352952194277,0.053980243404685255,0.000741504169567489,0.07894006904236031,0.00032582993004007195,0.05931477115787993,-0.02644283397680993,-0.005334527753194672,0.0005830820369062911,0.05378926489730091,0.001133592307374731,0.07854798090455307,0.00043909548674794113,0.05920150560117206,-0.027025900622001525,-0.005412240703871148,0.0007740605442906394,0.05359828638991656,0.0015256804451819728,0.07815589276674582,0.0005523610434558103,0.05908824004446419,-0.027608967267193113,-0.00548995365454763,0.0013469960664436841,0.05302535086776351,0.0027019448586036985,0.0769796283533241,0.0008921577135794178,0.058748443374340584,-0.029358167202767883,-0.005723092506577071,0.0023018886033654255,0.05207045833084177,0.004662385547639909,0.07501918766428789,0.0014584854971187635,0.058182115590801234,-0.032273500428725836,-0.006111657259959463,0.3101963586791014,0.1550981793395507,0.6163833867521815,0.30819169337609076,0.1550521442342897,0.07752607211714485
2018-07-31,0.0384124928217104,0.0356259319517064,0.0404962127346315,0.0027865608700039,0.00045598229017949064,0.03795651053153091,0.0005942504555138415,0.03503168149619256,0.0003294343342729597,0.04016677840035854,0.001736328124310568,-0.0022102678688276298,0.0006957289691894999,0.0377167638525209,0.0008715888000971532,0.034754343151609246,0.0004390058672918719,0.04005720686733963,0.0012192431007172469,-0.002340443014818727,0.0009354756481995091,0.037477017173510895,0.0011489271446804648,0.03447700480702594,0.0005485774003107842,0.03994763533432071,0.0007021580771239262,-0.0024706181608098177,0.001654715685229537,0.03675777713648087,0.0019809421784303997,0.033644989773276,0.0008772919993675207,0.03961892073526398,-0.0008490969936560365,-0.00286114359878311,0.0028534490802795834,0.03555904374143082,0.0033676339013469577,0.032258298050359444,0.0014251496644620816,0.039071063070169415,-0.003434522111622641,-0.003512019328738597,0.36033777977339715,0.18016888988669857,0.4829030827966532,0.2414515413983266,0.15114172100377382,0.07557086050188691
2018-08-31,-0.1164157639219958,-0.1424984289310853,-0.123820007076517,0.0260826650090895,0.00046618431578493506,-0.11688194823778074,0.0007124105939933018,-0.1432108395250786,0.00030714641723480677,-0.12412715349375181,0.024904070099311264,0.007245205255971068,0.0007091929087937362,-0.11712495683078954,0.0011051548035389703,-0.14360358373462428,0.00043711468320825977,-0.12425712175972525,0.024268317296756797,0.007132164928935716,0.0009522015018025374,-0.11736796542379835,0.0014978990130846386,-0.14399632794416994,0.0005670829491817127,-0.12438709002569871,0.023632564494202327,0.0070191246019003645,0.0016812272808289408,-0.11809699120282474,0.0026761316417216437,-0.14517456057280695,0.0009569877471020718,-0.12477699482361906,0.021725306086538918,0.0066800036207943225,0.002896270245872947,-0.11931203416786876,0.004639852689449986,-0.1471382816205353,0.0016068290769693367,-0.12542683615348632,0.01854654207376657,0.006114801985617563,0.37234367280597713,0.18617183640298857,0.596007506550366,0.298003753275183,0.1568685272705574,0.0784342636352787
2018-09-28,-0.0157201140977318,0.0095539481274011,-0.0011393385274368,-0.025274062225133,0.0005183397837391347,-0.016238453881470934,0.0005076378528060501,0.00904631027459505,0.0003482846788017294,-0.0014876232062385293,-0.026300039861678184,-0.014750830675232404,0.0007884954713068631,-0.01650860956903866,0.000729366347626913,0.008824581779774186,0.0004759879474524168,-0.0016153264748892168,-0.026791924044066773,-0.014893283094149444,0.0010586511588745913,-0.01677876525660639,0.0009510948424477759,0.008602853284953324,0.0006036912161031042,-0.0017430297435399042,-0.027283808226455365,-0.015035735513066487,0.0018691182215777764,-0.017589232319309575,0.0016162803269103646,0.007937667800490735,0.0009868010220551663,-0.0021261395494919662,-0.02875946077362114,-0.015463092769817608,0.0032198966594164185,-0.018940010757148216,0.0027249228010146793,0.00682902532638642,0.0016253173653086033,-0.002764655892745403,-0.031218881685564095,-0.016175354864402813,0.41482916120303154,0.20741458060151577,0.4095176927820976,0.2047588463910488,0.17233165529304056,0.08616582764652028
2018-10-31,0.0264291369480698,0.0171782403909956,0.0223520967718791,0.0092508965570741,0.000775574145624452,0.025653562802445348,0.0007475173197837695,0.016430723071211833,0.0003277823874254817,0.022024314384453618,0.00772780509166588,0.0036292484179917296,0.0011548341345019788,0.02527430281356782,0.0010707169044835993,0.016107523486512003,0.00044259323834069643,0.021909503533538405,0.007025345518088521,0.0033647992800294145,0.0015340941233795051,0.024895042824690294,0.0013939164891834293,0.015784323901812173,0.0005574040892559112,0.021794692682623188,0.006322885944511166,0.0031003501420671063,0.0026718740900120853,0.023757262858057713,0.002363515243282919,0.014814725147712683,0.0009018366420015554,0.021450260129877545,0.004215507223779095,0.002307002728180168,0.004568174034399719,0.02186096291367008,0.003979513166782069,0.013198727224213534,0.001475890896577629,0.020876205875301472,0.0007032093558923128,0.0009847570383686097,0.6497931871623603,0.32489659358118017,0.618918671945384,0.309459335972692,0.1682313911618835,0.08411569558094174
2018-11-30,-0.0039767432114151,0.0501216648280311,0.020571875943284,-0.0540984080394463,0.0005090156405410739,-0.004485758851956174,0.000509295094402168,0.04961236973362893,0.00027385356436887434,0.020298022378915124,-0.05511671877438954,-0.0247837812308713,0.0007519285438953925,-0.004728671755310493,0.0007126542012582355,0.049409010626772866,0.0003356334285079951,0.020236242514776005,-0.055562990784599926,-0.0249649142700865,0.0009948414472497112,-0.004971584658664811,0.0009160133081143029,0.04920565151991679,0.00039741329264711585,0.020174462650636882,-0.05600926279481032,-0.025146047309301693,0.001723580157312667,-0.005700323368727767,0.0015260906286825053,0.048595574199348596,0.000582752885064478,0.01998912305821952,-0.05734807882544147,-0.025689446426947288,0.0029381446740842604,-0.006914887885499361,0.0025428861629628427,0.04757877866506825,0.0008916522057600818,0.019680223737523917,-0.059579438876493404,-0.026595111623023276,0.41218178686290746,0.20609089343145373,0.4067182137121349,0.20335910685606745,0.10129891387129208,0.05064945693564604
2018-12-31,-0.0056069041649298,-0.0780199716921166,-0.0510572820882838,0.0724130675271867,0.0003001442630963171,-0.005907048428026117,0.0006514079231343183,-0.0786713796152509,0.0002489961258732341,-0.051306278214157036,0.07146151534095607,0.04539922978613092,0.00042533673418792173,-0.006032240899117722,0.0009489021286513868,-0.07896887382076798,0.0003157607264269881,-0.051373042814710786,0.0710388286643474,0.04534080191559307,0.0005505292052795262,-0.006157433370209326,0.0012463963341684552,-0.07926636802628505,0.0003825253269807421,-0.05143980741526454,0.07061614198773872,0.04528237404505522,0.00092610661855434,-0.00653301078348414,0.002138878950719661,-0.08015885064283626,0.0005828191286420041,-0.051640101216925804,0.06934808195791269,0.04510709043344167,0.0015520689740123631,-0.007158973138942163,0.0036263499783050035,-0.0816463216704216,0.000916642131410774,-0.05197392421969457,0.06723464857486933,0.04481495108075241,0.2163022884170464,0.1081511442085232,0.5341598149308925,0.26707990746544624,0.09472165695322321,0.047360828476611605
2019-01-31,-0.0189554107314621,0.0417177466280789,0.0124317280754739,-0.060673157359541,0.0004315800312602424,-0.019386990762722343,0.0004709184549111798,0.04124682817316772,0.00031923856729712926,0.01211248950817677,-0.061575655845712424,-0.03149948027089911,0.0005972360325480318,-0.019552646764010133,0.0007313430218552975,0.040986403606223604,0.0004190583794449384,0.01201266969602896,-0.06200173641394433,-0.03156531646003909,0.0007628920338358212,-0.019718302765297922,0.000991767588799415,0.040725979039279485,0.0005188781915927476,0.011912849883881152,-0.06242781698217624,-0.031631152649179074,0.0012598600376991893,-0.02021527076916129,0.001773041289631768,0.039944705338447135,0.000818337628036175,0.011613390447437724,-0.06370605868687196,-0.03182866121659901,0.0020881400441381363,-0.021043550775600238,0.0030751641243523566,0.03864258250372654,0.0013174366887752208,0.011114291386698678,-0.06583646152803149,-0.032157842162298916,0.3313120025755788,0.1656560012877894,0.38087470898111714,0.19043735449055857,0.1377128961868779,0.06885644809343895
2019-02-28,0.0630401005028706,0.0903298809549266,0.0823957363168033,-0.0272897804520559,0.0004987514378861353,0.06254134906498446,0.0007124849502795932,0.08961739600464701,0.00025566467741357083,0.08214007163938973,-0.02850101684022163,-0.019598722574405272,0.0006995257778937995,0.0623405747249768,0.0010431580950373432,0.08928672285988926,0.00033626307661262174,0.08205947324019068,-0.029032464324987045,-0.019718898515213884,0.0009003001179014636,0.06213980038496913,0.0013738312397950931,0.0889560497151315,0.0004168614758116727,0.08197887484099163,-0.029563911809752454,-0.019839074456022503,0.001502623137924456,0.061537477364946136,0.0023658506740683433,0.08796403028085825,0.0006586566734088255,0.08173707964339448,-0.031158254264048696,-0.020199602278448345,0.002506494837962777,0.060533605664907814,0.0040192163978570936,0.08631066455706951,0.0010616486694040802,0.08133408764739922,-0.03381549168787577,-0.020800481982491403,0.40154868001532834,0.20077434000766417,0.5917885536705467,0.29589427683527336,0.11927284657401109,0.059636423287005545
2019-03-29,-9.491792561455714e-05,-0.08304792748589,-0.0373647158925212,0.0829530095602755,0.00042039952593323594,-0.000515317451547793,0.0007478256193950118,-0.08379575310528502,0.00028123305252413276,-0.03764594894504533,0.08178478441494726,0.03713063149349754,0.0006182147842449814,-0.0007131327098595386,0.0010590163836565426,-0.08410694386954655,0.00035177290012994436,-0.037716488792651146,0.08127577839237397,0.03700335608279161,0.0008160300425567268,-0.000910947968171284,0.0013702071479180734,-0.08441813463380808,0.0004223127477357559,-0.03778702864025696,0.08076677236980069,0.03687608067208568,0.0014094758174919633,-0.0015043937431065205,0.0023037794407026664,-0.08535170692659266,0.0006339322905531906,-0.03799864818307439,0.07923975430208087,0.03649425443996787,0.0023985521090506903,-0.0024934700346652475,0.0038597332620103207,-0.08690766074790032,0.0009866315285822483,-0.03835134742110345,0.07669472418921448,0.035857877386438204,0.32717301451650366,0.16358650725825183,0.6223815285230618,0.3111907642615309,0.1208374022556571,0.06041870112782855
2019-04-30,0.027648194033067,0.0089154523022743,0.0259443687929219,0.0187327417307927,0.0005500148421193394,0.02709817919094766,0.0007763401982083094,0.00813911210406599,0.0003078195336374056,0.025636549259284495,0.017406386690465053,0.0014616299316631658,0.0008119279501857097,0.026836266082881293,0.0011369616307698033,0.007778490671504497,0.00041783947401275996,0.02552652931890914,0.01678385214983719,0.0013097367639721517,0.00107384105825208,0.026574352974814922,0.001497583063331297,0.007417869238943003,0.0005278594143881143,0.025416509378533788,0.016161317609209323,0.0011578435962811343,0.001859580382451191,0.02578861365061581,0.0025794473610157784,0.006336004941258522,0.0008579192355141773,0.025086449557407724,0.014293713987325731,0.0007021640932080853,0.003169145922783042,0.02447904811028396,0.004382554523823247,0.004532897778451053,0.0014080189373909492,0.02453634985553095,0.011181041284186411,-5.7301745246991775e-05,0.45490323753826195,0.22745161876913098,0.650824500224668,0.325412250112334,0.1475504109606029,0.07377520548030145
2019-05-31,-0.0068437572591821,-0.070047629073543,-0.0364483616788997,0.0632038718143608,0.0007634771614813927,-0.007607234420663493,0.0005358937036490823,-0.07058352277719208,0.00030387785385954896,-0.036752239532759245,0.06190450094923032,0.02914500511209575,0.0011007812840372138,-0.007944538543219314,0.000754151708619873,-0.07080178078216288,0.0003945070181473509,-0.03684286869704705,0.06134893882170371,0.02889833015382774,0.001438085406593035,-0.008281842665775136,0.0009724097135906637,-0.07102003878713367,0.00048513618243515287,-0.03693349786133485,0.060793376694177094,0.02865165519555972,0.0024499977742604984,-0.009293755033442598,0.0016271837285030356,-0.07167481280204605,0.0007570236752985587,-0.037205385354198255,0.059126690311597264,0.027911630320755658,0.004136518387039604,-0.010980275646221704,0.0027184737533569887,-0.07276610282689999,0.0012101694967375685,-0.03765853117563727,0.05634887967396421,0.026678255529415565,0.6378539912013882,0.3189269956006941,0.4365160099415813,0.21825800497079065,0.13686728249231128,0.06843364124615564
2019-06-28,-0.0961382162566286,-0.1407494952301727,-0.1023857023437849,0.0446112789735441,0.0006830709025164294,-0.09682128715914504,0.0007026782826665338,-0.14145217351283923,0.0002775830709273919,-0.10266328541471229,0.04322552978836113,0.005841998255567249,0.0009623528614637013,-0.09710056911809231,0.0010040266458470355,-0.14175352187601972,0.00034497440253344663,-0.10273067674631835,0.042644899466233364,0.005630107628226036,0.0012416348204109735,-0.09737985107703957,0.001305375009027537,-0.14205487023920021,0.00041236573413950135,-0.1027980680779244,0.04206426914410558,0.005418217000884823,0.0020794806972527897,-0.0982176969538814,0.002209420098569042,-0.14295891532874172,0.0006145397289576655,-0.10300024207274257,0.04032237817772226,0.00478254511886117,0.0034758904919891496,-0.09961410674861776,0.00371616191447155,-0.14446565714464424,0.000951496386987939,-0.10333719873077284,0.037419226567083394,0.0037230919821550773,0.5585639178945442,0.2792819589472721,0.567580606104294,0.283790303052147,0.10184019340525882,0.05092009670262941
2019-07-31,-0.0086576642572844,-0.0580791210140302,-0.0292969972220744,0.0494214567567458,0.0005019851432768278,-0.009159649400561227,0.000581520565231852,-0.05866064157926205,0.0002901388967619155,-0.029587136118836316,0.04833795104823713,0.020427486718275087,0.000721714538116324,-0.009379378795400723,0.0008721379357224361,-0.05895125894975264,0.0003768707933248634,-0.02967386801539926,0.04782760428290704,0.02029448921999854,0.0009414439329558202,-0.00959910819024022,0.0011627553062130201,-0.05924187632024322,0.0004636026898878113,-0.02976059991196221,0.04731725751757696,0.02016149172172199,0.0016006321174743085,-0.010258296374758709,0.0020346074176847725,-0.06011372843171497,0.0007237983795766549,-0.030020795601651055,0.045786217221586725,0.019762499226892348,0.0026992790916717893,-0.011356943348956188,0.003487694270137693,-0.061566815284167895,0.0011574578623913944,-0.030454455084465794,0.043234483394936324,0.019097511735509606,0.40895055378964634,0.20447527689482317,0.47459557410664105,0.23729778705332052,0.12311086421280341,0.06155543210640171
2019-08-30,0.0669232397289747,0.023737212814646,0.0372707958287474,0.0431860269143287,0.0005669921793363051,0.06635624754963838,0.0006891078319504745,0.023048104982695525,0.0003673741418602466,0.03690342168688715,0.04192992690304192,0.029452825862751233,0.0008111080175821935,0.0661121317113925,0.0010220906448544747,0.022715122169791525,0.0004794206684263325,0.03679137516032107,0.041352828251892036,0.029320756551071435,0.0010552238558280817,0.06586801587314661,0.0013550734577584748,0.022382139356887525,0.0005914671949924184,0.03667932863375498,0.04077572960074214,0.02918868723939163,0.0017875713705657469,0.06513566835840895,0.0023540218964704755,0.021383190918175525,0.0009276067746906762,0.03634318905405672,0.03904443364729247,0.028792479304352227,0.003008150561795188,0.0639150891671795,0.004018935960990476,0.019718276853655525,0.0014878394075211058,0.035782956421226295,0.036158940391543035,0.028132132745953206,0.45584294854479107,0.22792147427239554,0.5654097823898248,0.2827048911949124,0.1638232694936772,0.0819116347468386
2019-09-30,0.0535621888984263,0.0474836166430887,0.0510502875783767,0.0060785722553375,0.0007133460118375314,0.05284884288658877,0.0006904960581854077,0.04679312058490329,0.0003214014892889812,0.05072888608908772,0.004674730185314562,0.0021199567975010505,0.0010211014570946724,0.05254108744133163,0.001004161232896818,0.04647945541019188,0.0004236514243571618,0.050626636154019536,0.004053309565346009,0.0019144512873120953,0.001328856902351813,0.05223333199607449,0.0013178264076082284,0.046165790235480474,0.0005259013594253424,0.05052438621895136,0.0034318889453774587,0.0017089457771231262,0.002252123238123236,0.051310065660303064,0.0022588219317424595,0.04522479471134624,0.0008326511646298842,0.05021763641374682,0.0015676270854718048,0.0010924292465562466,0.0037909004644089404,0.04977128843401736,0.003827147805299511,0.04365646883778919,0.0013439008399707872,0.04970638673840591,-0.0015394760143709512,6.490169561144954e-05,0.5828693028018573,0.29143465140092867,0.5595088494387459,0.27975442471937295,0.14544365577011542,0.07272182788505771
2019-10-31,-0.0074369552777887,0.0215716285962761,0.0066554766050448,-0.0290085838740649,0.000611404006616191,-0.008048359284404892,0.0006525268046647268,0.020919101791611373,0.00031857615283541944,0.0063369004522093805,-0.03027251468534582,-0.014385259736614272,0.0008795553596265568,-0.008316510637415257,0.0009507467097198469,0.020620881886556253,0.0004125848828165801,0.00624289172222822,-0.030838885943411307,-0.014559402359643477,0.0011477067126369226,-0.008584661990425624,0.001248966614774967,0.020322661981501133,0.0005065936127977408,0.006148882992247059,-0.03140525720147679,-0.014733544982672684,0.00195216077166802,-0.00938911604945672,0.0021436263299403277,0.019428002266335773,0.000788619802741223,0.005866856802303577,-0.033104370975673245,-0.015255972851760297,0.0032929175367198485,-0.010729872814508549,0.003634725855215928,0.017936902741060173,0.0012586634526470266,0.0053968131523977735,-0.03593622726600068,-0.01612668596690632,0.4999788400860986,0.2499894200430493,0.5268706835682485,0.26343534178412426,0.1371914537513612,0.0685957268756806
2019-11-29,0.0221123363248512,-0.0058867091096586,0.0050788815970301,0.0279990454345098,0.0005499747048967292,0.021562361619954472,0.0004964221702161256,-0.006383131279874726,0.0002685055356292646,0.004810376061400836,0.026952648559396945,0.016751985558553638,0.0007945849813712977,0.021317751343479904,0.0007145921952611155,-0.006601301304919716,0.00037216433723308664,0.004706717259797014,0.026489868257877386,0.01661103408368289,0.001039195257845866,0.021073141067005335,0.0009327622203061056,-0.006819471329964705,0.00047582313883690866,0.004603058458193192,0.026027087956357827,0.016470082608812144,0.0017730260872695716,0.02033931023758163,0.0015872722954410755,-0.007473981405099675,0.0007867995436483748,0.004292082053381725,0.024638747051799154,0.016047228184199906,0.0029960774696424137,0.019116258855208786,0.0026781224206660252,-0.008564831530324626,0.001305093551667485,0.0037737880453626153,0.02232484554420136,0.015342470809846171,0.45486722488708586,0.22743361244354293,0.4053885421277543,0.20269427106387716,0.1380037978204109,0.06900189891020544
2019-12-31,0.0608685335111389,0.0141947029790814,0.0227425905669194,0.0466738305320575,0.0006454688580298358,0.06022306465310906,0.0006280856741992696,0.01356661730488213,0.00031169946269571716,0.022430891104223683,0.0454002759998284,0.03779217354888538,0.0009268990737688587,0.05994163443737004,0.0009967292807316612,0.013197973698349737,0.0004392885211298133,0.022303302045789588,0.04475020217755698,0.037638332391580445,0.0012083292895078814,0.059660204221631014,0.0013653728872640527,0.012829330091817347,0.0005668775795639096,0.02217571298735549,0.04410012835528557,0.037484491234275524,0.00205261993672495,0.058815913574413944,0.0024713037068612278,0.011723399272220172,0.0009496447548661981,0.021792945812053204,0.04214990688847132,0.03702296776236074,0.003459771015420064,0.057408762495718836,0.004314521739523186,0.009880181239558214,0.001587590047036679,0.02115500051988272,0.03889953777711425,0.036253761975836116,0.5276845265377286,0.2638422632688643,0.5178048712816358,0.2589024356408179,0.148173030651073,0.0740865153255365
2020-01-31,-0.043079270073596,-0.1319550638979583,-0.0784697281163329,0.0888757938243622,0.0005044450449735165,-0.04358371511856952,0.0006364397508125474,-0.13259150364877084,0.0003083787613021647,-0.07877810687763506,0.08773490902857613,0.035194391759065545,0.0007064506294980861,-0.04378572070309408,0.0009577949127571114,-0.1329128588107154,0.00040794558312854225,-0.07887767369946144,0.08721154828210699,0.03509195299636736,0.0009084562140226557,-0.043987726287618656,0.0012791500747016753,-0.13323421397265997,0.0005075124049549198,-0.07897724052128782,0.08668818753563785,0.03498951423366917,0.0015144729675963646,-0.04459374304119237,0.0022432155605353675,-0.13419827945849366,0.0008062128704340525,-0.07927594098676696,0.08511810529623047,0.034682197945574596,0.0025245008902192124,-0.04560377096381521,0.003849991370258188,-0.13580505526821648,0.0013040469795659402,-0.07977377509589885,0.0825013015638848,0.03417000413208364,0.4040111690491392,0.2020055845245696,0.5295883698942792,0.2647941849471396,0.1437642698360077,0.07188213491800385
2020-02-28,-0.2596882019959926,-0.3514648020378311,-0.2831108478386192,0.0917766000418385,0.000541491577162393,-0.26022969357315495,0.0006831341474909166,-0.35214793618532203,0.0003574409609980756,-0.2834682887996173,0.0905519743171852,0.023238595226462322,0.0007601169444501854,-0.26044831894044274,0.0010335720303892477,-0.3524983740682203,0.0005015498587830021,-0.28361239769740215,0.08998291106699907,0.023164078756959416,0.0009787423117379778,-0.2606669443077306,0.0013840099132875789,-0.35284881195111867,0.0006456587565679285,-0.2837565065951871,0.08941384781681296,0.02308956228745651,0.0016346184136013548,-0.2613228204095939,0.0024353235619825725,-0.35390012559981365,0.0010779854499227079,-0.2841888332885419,0.08770665806625458,0.02286601287894796,0.0027277452500403163,-0.2624159472460329,0.004187512976474228,-0.35565231501430533,0.00179852993884734,-0.2849093777774665,0.08486134181532397,0.0224934305314336,0.4372507345755847,0.21862536728779236,0.5643378658019389,0.28216893290096945,0.18063824916775834,0.09031912458387917
2020-03-31,0.1203124360653169,0.1798057159987214,0.1368403464536074,-0.0594932799334044,0.0007748284477713745,0.11953760761754552,0.0006627138786061023,0.17914300212011527,0.0005221737839339522,0.13631817266967344,-0.06093082225978187,-0.016780565052127924,0.0011391668727849722,0.11917326919253193,0.0010462502338652938,0.1787594657648561,0.0007323654018553286,0.13610798105175206,-0.061678697040054666,-0.01693471185922013,0.0015035052977985697,0.11880893076751833,0.0014297865891244855,0.1783759294095969,0.0009425570197767051,0.13589778943383068,-0.06242657182032746,-0.01708885866631235,0.0025965205728393625,0.11771591549247754,0.00258039565490206,0.17722532034381933,0.0015731318735408347,0.13526721458006657,-0.06467019616114582,-0.01755129908758904,0.00441821269790735,0.11589422336740955,0.004498077431198018,0.17530763856752338,0.002624089963147717,0.13421625649045968,-0.06840957006250978,-0.018322033123050127,0.6380336957207194,0.3190168478603597,0.5488746206329571,0.27443731031647856,0.30557402973145353,0.15278701486572677
2020-04-30,0.0390082742553556,0.0754882157396306,0.0696145523707507,-0.0364799414842749,0.0007984809722559084,0.03820979328309969,0.0006086741405232359,0.07487954159910737,0.00035691140803031327,0.06925764096272038,-0.03788709659705404,-0.031047847679620696,0.0011805763331039535,0.037827697922251644,0.0008787494286969416,0.07460946631093367,0.0004965608404767382,0.06911799153027397,-0.0385392672460758,-0.031290293608022324,0.0015626716939519984,0.0374456025614036,0.0011488247168706474,0.07433939102275995,0.000636210272923163,0.06897834209782754,-0.03919143789509755,-0.03153273953642394,0.002708957776496134,0.036299316478859464,0.001959050581391765,0.07352916515823885,0.0010551585702624378,0.06855939380048827,-0.0411479498421628,-0.032260077321628805,0.004619434580736359,0.03438883967461924,0.0033094270222602936,0.07217878871737031,0.0017534057324945622,0.06786114663825614,-0.044408803087271555,-0.0334723069636369,0.6649728473777724,0.3324864236888862,0.5018174013967343,0.2509087006983671,0.2058905234309486,0.1029452617154743
2020-05-29,0.0421044146150511,0.1041143410547906,0.0659277665089943,-0.0620099264397395,0.000497994090436353,0.041606420524614746,0.0006326688934934507,0.10348167216129715,0.0003011999271866605,0.06562656658180764,-0.0631405894236693,-0.024020146057192895,0.000718203922090932,0.04138621069296017,0.0009903424387385593,0.10312399861605204,0.0004221892077233205,0.06550557730127099,-0.063718472800569,-0.02411936660831082,0.0009384137537455108,0.04116600086130559,0.001348015983983668,0.10276632507080694,0.0005431784882599804,0.06538458802073432,-0.06429635617746868,-0.024218587159428734,0.0015990432487092477,0.04050537136634185,0.002421036619718994,0.1016933044350716,0.0009061463298699603,0.06502162017912434,-0.06603000630816774,-0.02451624881278249,0.002700092406982142,0.039404322208068956,0.004209404345944537,0.09990493670884606,0.00151109273255326,0.06441667377644104,-0.06891942319266618,-0.025012351568372088,0.4067989290675144,0.2033994645337572,0.5204878103934704,0.2602439051967352,0.15447475160511867,0.07723737580255934
2020-06-30,0.0978995591882718,0.0087704829767107,0.0577371328246858,0.089129076211561,0.00042817077332766754,0.09747138841494413,0.0005571657389392877,0.008213317237771411,0.00031230541772460125,0.0574248274069612,0.08814373969929405,0.04004656100798293,0.0006360943197425012,0.0972634648685293,0.0008557357203583312,0.007914747256352368,0.0004469589901112267,0.057290173834574576,0.08763724617146018,0.03997329103395472,0.0008440178661573347,0.09705554132211447,0.0011543057017773747,0.007616177274933325,0.0005816125624978521,0.05715552026218795,0.0871307526436263,0.039900021059926516,0.0014677885054018357,0.09643177068286997,0.002050015646034505,0.006720467330676195,0.0009855732796577284,0.05675155954502807,0.08561127206012467,0.0396802111378419,0.0025074062374760035,0.0953921529507958,0.0035428655531297227,0.005227617423580977,0.0016588411415908557,0.056078291683094944,0.08307880442095528,0.03931386126770085,0.34843868013424945,0.17421934006712472,0.45703139407843907,0.22851569703921953,0.1730148255920491,0.08650741279602454
2020-07-31,0.0387170437972606,0.1469086603589044,0.0752695267754208,-0.1081916165616438,0.0007350463791674128,0.03798199741809318,0.0005494567094561176,0.1463592036494483,0.00034564976708084016,0.07492387700833995,-0.10947611965026734,-0.03694187959024677,0.0011108428542196333,0.037606200943040964,0.0008492569730897316,0.14605940338581466,0.0004913884633702458,0.07477813831205056,-0.11015171638895317,-0.037171937369009596,0.0014866393292718536,0.03723040446798875,0.0011490572367233456,0.14575960312218106,0.0006371271596596514,0.07463239961576115,-0.11082731312763901,-0.037401995147772406,0.002614028754428515,0.03610301504283208,0.0020484580276241876,0.14486020233128022,0.0010743432485278682,0.07419518352689293,-0.1128541033436965,-0.03809216848406085,0.0044930111296896166,0.03422403266757098,0.0035474593457922574,0.14336120101311214,0.0018030367299748961,0.0734664900454459,-0.11623208703712568,-0.03924245737787493,0.6123448059725102,0.3061724029862551,0.45154385851826745,0.22577192925913372,0.19435684794465735,0.09717842397232868
2020-08-31,0.0639032747727004,-0.0518022595636541,0.0075740114416724,0.1157055343363545,0.0005697886264674894,0.06333348614623291,0.000583990401184505,-0.0523862499648386,0.0003546673942055286,0.0072193440474668715,0.1145517553087025,0.056114142098766036,0.0009127679674016209,0.06299050680529877,0.0008619423189246696,-0.05266420188257877,0.0005185145090258643,0.007055496932646536,0.1139308240500282,0.055935009872652236,0.0012557473083357523,0.06264752746436465,0.0011398942366648342,-0.052942153800318935,0.0006823616238462001,0.0068916498178262005,0.11330989279135392,0.05575587764653845,0.0022846853311381463,0.06161858944156225,0.001973749989885328,-0.05377600955353943,0.0011739029683072073,0.006400108473365193,0.11144709901533102,0.05521848096819706,0.003999582035808804,0.0599036927368916,0.0033635095785861505,-0.05516576914224025,0.0019931385424088862,0.005580872899263514,0.10834244272195954,0.054322819837628086,0.4726450331048519,0.23632251655242595,0.48681670905295377,0.24340835452647688,0.2110236110267713,0.10551180551338565
2020-09-30,-0.0247407317255309,0.0106658461981981,-0.0005674831147306,-0.035406577923729,0.0006737584993104867,-0.025414490224841386,0.0006350652454907345,0.010030780952707366,0.0003480924413687699,-0.00091557555609937,-0.03671540166853022,-0.024498914668742017,0.0010541563098103801,-0.02579488803534128,0.0009547428292806655,0.009711103368917435,0.000502559158643334,-0.001070042273373934,-0.03741547706282004,-0.024724845761967346,0.0014345541203102739,-0.026175285845841174,0.0012744204130705965,0.009391425785127503,0.0006570258759178982,-0.0012245089906484981,-0.03811555245710987,-0.024950776855192675,0.0025757475518099547,-0.027316479277340856,0.0022334531644403895,0.00843239303375771,0.0011204260277415906,-0.0016879091424721908,-0.04021577863997934,-0.025628570134868665,0.004477736604309422,-0.029218468329840323,0.0038318410833900448,0.006834005114808055,0.0018927596141144112,-0.0024602427288450113,-0.04371615561142847,-0.026758225600995313,0.5573549762066652,0.2786774881033326,0.5254965101027809,0.26274825505139043,0.1908313066385184,0.0954156533192592
2020-10-30,0.1048451941863632,0.1848395710920614,0.1328585289858816,-0.0799943769056981,0.0005833803260613302,0.10426181386030188,0.0005817679866797875,0.18425780310538162,0.0003416944706900114,0.13251683451519158,-0.08115952521843922,-0.028255020654889704,0.0008719615653889595,0.10397323262097424,0.0008536070746517318,0.18398596401740966,0.00046334506513960925,0.13239518392074198,-0.0817199455457388,-0.02842195129976774,0.0011605428047165888,0.10368465138164662,0.001125446162623676,0.18371412492943773,0.0005849956595892071,0.1322735333262924,-0.08228036587303837,-0.02858888194464579,0.0020262865226994766,0.10281890766366372,0.0019409634265395088,0.18289860766552188,0.0009499474429380004,0.1319085815429436,-0.08396162685493709,-0.02908967387927988,0.003469192719337623,0.10137600146702558,0.0033001588663992302,0.18153941222566217,0.0015582004151859896,0.13130032857069562,-0.08676372849143496,-0.029924327103670045,0.4734056216007616,0.2367028108003808,0.47338826956800595,0.23669413478400297,0.1607926937405298,0.0803963468702649
2020-11-27,0.0777535027141247,0.0804982214845644,0.0770521962401573,-0.0027447187704396,0.00039470113586378855,0.07735880157826092,0.00046414039461060356,0.08003408108995379,0.0002890594296224092,0.07676313681053488,-0.003603560300913992,0.0005956647677260313,0.0005862519787610661,0.07716725073536364,0.0007078953015538576,0.07979032618301055,0.0003970362460223052,0.076655159994135,-0.004038866050754523,0.0005120907412286407,0.0007778028216583438,0.07697569989246636,0.0009516502084971116,0.07954657127606729,0.0005050130624222012,0.0765471831777351,-0.0044741718005950545,0.00042851671473126407,0.0013524553503501764,0.07640104736377452,0.0016829149293268735,0.07881530655523752,0.0008289435116218892,0.07622325272853542,-0.005780089050116649,0.00017779463523910632,0.002310209564836564,0.07544329314928815,0.002901689464043143,0.07759653202052125,0.0013688275936213693,0.07568336864653594,-0.007956617799319308,-0.00024007549724779087,0.31697914082923073,0.15848957041461537,0.3735654973875237,0.18678274869376185,0.13929393130339324,0.06964696565169662
2020-12-31,0.011577343223335,0.0405293898925975,0.029260822047078,-0.0289520466692625,0.0004549843568668648,0.011122358866468136,0.0004368470909328429,0.04009254280166466,0.00035146088801081993,0.02890936115906718,-0.029843878117062208,-0.017787002292599045,0.0008099760712582523,0.010767367152076747,0.0006300905270272083,0.039899299365570295,0.0005207012070456578,0.028740120840032343,-0.030392113267547965,-0.017972753687955596,0.00116496778564964,0.01041237543768536,0.0008233339631215736,0.03970605592947593,0.0006899415260804957,0.028570880520997505,-0.030940348418033715,-0.018158505083312147,0.002229942928823803,0.009347400294511197,0.0014030642714046697,0.03912632562119283,0.0011976624831850093,0.028063159563892992,-0.032585053869490975,-0.018715759269381793,0.004004901500780741,0.0075724417225542595,0.0023692814518764963,0.038160108440721006,0.0020438640783591983,0.027216957968718803,-0.03532622962191974,-0.019644516246164544,0.3688572031402958,0.1844286015701479,0.3526181404108166,0.1763090702054083,0.1934439915720525,0.09672199578602625
2021-01-29,0.065506633386863,0.1002407314905671,0.0862535517523108,-0.034734098103704,0.0006082880651771949,0.0648983453216858,0.000587733300959397,0.0996529981896077,0.0003095377999650845,0.08594401395234572,-0.03593011946984059,-0.021045668630659917,0.0009265193672719476,0.06458011401959105,0.0008611730148137488,0.09937955847575335,0.0004289390026046761,0.08582461274970613,-0.0365217904857897,-0.02124449873011508,0.0012447506693667003,0.06426188271749629,0.0011346127286681006,0.099106118761899,0.0005483402052442677,0.08570521154706652,-0.0371134615017388,-0.02144332882957023,0.0021994445756509584,0.06330718881121204,0.0019549318702311563,0.09828579962033594,0.0009065438131630425,0.08534700793914775,-0.03888847454958612,-0.022039819127935706,0.0037906010861247213,0.06171603230073827,0.003322130439502915,0.09691860105106419,0.0015035498263610005,0.0847500019259498,-0.04184682962933164,-0.023033969625211523,0.5075427896003216,0.2537713948001608,0.47915527541313124,0.23957763770656562,0.1573347548192514,0.0786673774096257
2021-02-26,0.045012878576915,0.0034138541958201,0.0189091914391243,0.0415990243810948,0.0007479130160316078,0.04426496556088339,0.0008019871620546689,0.0026118670337654313,0.00032149957883127565,0.018587691860293028,0.04004912420300852,0.025677273700590364,0.0011687636369597386,0.04384411493995526,0.0011745845384444212,0.002239269657375679,0.00046418973552330486,0.018445001703600996,0.03925567620569064,0.025399113236354267,0.0015896142578878695,0.043423264319027134,0.0015471819148341734,0.0018666722809859268,0.000606879892215334,0.018302311546908968,0.03846222820837276,0.025120952772118166,0.002852166120672262,0.04216071245624274,0.00266497404400343,0.0007488801518166703,0.0010349503622914217,0.01787424107683288,0.03608188421641911,0.02428647137940986,0.004956419225312916,0.04005645935160208,0.00452796092595219,-0.00111410673013209,0.0017484011457515676,0.017160790293372735,0.032114644229829695,0.02289566905822935,0.62970236369098,0.31485118184549,0.6738383967314244,0.3369191983657122,0.19086512871493502,0.09543256435746751
2021-03-31,0.0633332016186436,-0.0076033392869049,0.0154874555914514,0.0709365409055485,0.0013095258113701653,0.062023675807273436,0.0011837449597610987,-0.008787084246665999,0.00042775717496263977,0.015059698416488762,0.06844327013441723,0.04696397739078467,0.0019283137229422179,0.06140488789570138,0.001713514546169986,-0.009316853833074885,0.0005722221587418364,0.014915233432709564,0.0672947126364363,0.04648965446299182,0.0025471016345142705,0.06078609998412933,0.002243284132578873,-0.009846623419483773,0.000716687142521033,0.014770768448930367,0.06614615513845536,0.04601533153519896,0.004403465369230429,0.058929736249413174,0.003832592891805535,-0.011435932178710435,0.0011500820938586229,0.014337373497592778,0.06270048264451253,0.044592362751820394,0.0074974049270906925,0.055835796691552905,0.006481440823849971,-0.01408478011075487,0.001872407012754606,0.013615048578696795,0.056957695154607836,0.04222074811285611,1.1054387692184708,0.5527193846092354,0.9928218430027342,0.4964109215013671,0.20613035458176002,0.10306517729088001
2021-04-30,0.0663639225471259,0.0630404832261184,0.0694272445991577,0.0033234393210075,0.0006434197543592543,0.06572050279276666,0.0005822227832513435,0.06245826044286705,0.0003095334096674369,0.06911771118949026,0.0020977967833969023,-0.003397208396723597,0.000976583670930352,0.06538733887619555,0.000862159552525244,0.062178323673593154,0.0004398801801125102,0.06898736441904518,0.0014846960975519045,-0.003600025542849633,0.0013097475875014494,0.06505417495962446,0.0011420963217991444,0.06189838690431925,0.0005702269505575836,0.06885701764860011,0.0008715954117069064,-0.003802842688975655,0.002309239337214742,0.06405468320991116,0.0019819066296208458,0.06105857659649755,0.0009612672618928036,0.0684659773372649,-0.0009677066458280877,-0.004411294127353735,0.00397505892007023,0.062388863627055674,0.003381590475990348,0.05965889275012805,0.0016130011141181702,0.06781424348503952,-0.004033210075053078,-0.005425379857983845,0.5347188383735417,0.26735941918677086,0.4899105598195731,0.24495527990978655,0.17016734760806007,0.08508367380403004
2021-05-31,0.0560443249105595,0.0296076213988227,0.0424705312109687,0.0264367035117367,0.0005441178438413618,0.05550020706671814,0.0005990708497887103,0.02900855054903399,0.00030583794769359726,0.0421646932632751,0.025293514818106627,0.013335513803443041,0.0008218507778538416,0.05522247413270566,0.0008574219105872806,0.02875019948823542,0.00039674421975466264,0.042073786991214036,0.024757430823295578,0.013148687141491623,0.0010995837118663216,0.05494474119869318,0.0011157729713858512,0.02849184842743685,0.000487650491815728,0.041982880719152973,0.02422134682848453,0.012961860479540205,0.0019327825139037612,0.05411154239665574,0.0018908261537815628,0.02771679524504114,0.0007603693079989242,0.04171016190296978,0.022613094844051378,0.012401380493685964,0.003321447183966161,0.05272287772659334,0.0031825814577744155,0.026425039941048285,0.0012149006683042512,0.04125563054266445,0.019932674869996125,0.011467247183928893,0.44153078891836317,0.22076539445918159,0.48360114168750973,0.24180057084375486,0.128349073088389,0.0641745365441945
2021-06-30,0.0987763999257231,0.0009499098935217,0.0480638587441619,0.0978264900322014,0.0007099996524748567,0.09806640027324824,0.0004895502997760193,0.0004603595937456807,0.0002988672526113313,0.04776499149155057,0.09662694007995053,0.05030140878169767,0.0011231185291811917,0.0976532813965419,0.0007056111250507757,0.00024429876847092426,0.0004314143372663081,0.04763244440689559,0.09599776037796943,0.050020836989646315,0.0015362374058875265,0.09724016251983557,0.0009216719503255322,2.823794319616773e-05,0.0005639614219212849,0.047499897322240615,0.09536858067598834,0.04974026519759495,0.0027755940360065312,0.09600080588971656,0.0015698544261498015,-0.0006199445326281015,0.0009616026758862153,0.047102256068275686,0.09348104157004505,0.04889854982144087,0.004841188419538206,0.09393521150618489,0.002650158552523584,-0.001700248659001884,0.0016243380991610994,0.0464395206450008,0.09033514306013961,0.04749569086118409,0.5871992403725996,0.2935996201862998,0.38982159369905584,0.19491079684952792,0.16061748523372876,0.08030874261686438
2021-07-30,-0.0042753907334321,0.0009229244416253,0.0063311653896309,-0.0051983151750575,0.000545594571523195,-0.004820985304955295,0.0006272569769699576,0.0002956674646553424,0.00033909794139901046,0.005992067448231889,-0.006371166723550653,-0.010813052753187185,0.0008758735934333344,-0.005151264326865435,0.0009602902548911426,-3.7365813265842615e-05,0.0004957826295321206,0.005835382760098779,-0.0070344790233819775,-0.010986647086964214,0.001206152615343474,-0.005481543348775575,0.0012933235328123278,-0.00037039909118702775,0.0006524673176652308,0.005678698071965669,-0.007697791323213302,-0.011160241420741243,0.002196989681073892,-0.006472380414505992,0.002292423366575883,-0.001369498924950583,0.0011225213820645614,0.005208644007566338,-0.009687728222707274,-0.01168102442207233,0.003848384790624589,-0.00812377552405669,0.003957589756181808,-0.003034665314556508,0.0019059448227301122,0.004425220566900788,-0.013004289721863897,-0.012548996090957477,0.45568948939429804,0.22784474469714902,0.5245264601068457,0.26226323005342284,0.18808004321335042,0.09404002160667521
2021-08-31,0.0384657086790882,0.0892206620708218,0.0510241001384492,-0.0507549533917335,0.0006360393418240591,0.03782966933726414,0.0005203287818487928,0.088700333288973,0.0003995553964180241,0.05062454474203117,-0.05191132151540635,-0.012794875404767037,0.0009938609458635913,0.03747184773322461,0.0007419504308422046,0.0884787116399796,0.0005722891779126951,0.050451810960536504,-0.052490764768439294,-0.012979963227311896,0.0013516825499031234,0.037114026129185074,0.0009635720798356165,0.08825708999098618,0.0007450229594073662,0.050279077179041835,-0.053070208021472234,-0.013165051049856762,0.00242514736202172,0.036040561317066476,0.0016284370268158522,0.08759222504400595,0.0012632243038913794,0.04976087583455782,-0.05480853778057107,-0.013720314517491346,0.00421425538221938,0.034251453296868815,0.0027365452717829117,0.08648411679903889,0.0021268932113647347,0.04889720692708446,-0.05770575404573579,-0.014645753630215648,0.5209794402925263,0.26048972014626315,0.4116737512859514,0.2058368756429757,0.2108319956631975,0.10541599783159875
2021-09-30,0.0306341947772454,-0.0048012281582353,0.0149456047553828,0.0354354229354808,0.0005136080473017402,0.03012058672994366,0.0006048529093393004,-0.0054060810675746005,0.0003374307231270436,0.014608174032255755,0.03431696197883976,0.015512412697687904,0.0008194383667269831,0.029814756410518416,0.0009277966560039885,-0.005729024814239289,0.0004862684489891849,0.014459336306393615,0.03368818791274983,0.0153554201041248,0.001125268686152226,0.029508926091093172,0.0012507404026686766,-0.0060519685609039765,0.0006351061748513262,0.014310498580531473,0.0330594138466599,0.0151984275105617,0.002042759644427955,0.028591435132817446,0.0022195716426627408,-0.007020799800898041,0.00108161935243775,0.01386398540294505,0.031173091648390105,0.014727449729872397,0.0035719112415541696,0.02706228353569123,0.0038342903759861816,-0.008635518534221481,0.0018258079817484567,0.013119796773634342,0.02802922131794045,0.013942486762056889,0.41136151446888525,0.20568075723444262,0.5044671490192092,0.2522335745096046,0.18516103164772338,0.09258051582386169
2021-10-29,-0.0129585567538986,-0.0368378221440952,-0.0373373895991711,0.0238792653901965,0.0006006938728986744,-0.013559250626797274,0.0005955116634427831,-0.03743333380753798,0.00033405036529738096,-0.03767143996446848,0.022683059853855044,0.024112189337671203,0.0008933062808856525,-0.013851863034784253,0.000876343231387905,-0.037714165375483104,0.00044943058374728864,-0.03778682018291839,0.022109615877922945,0.023934957148134137,0.0011859186888726308,-0.01414447544277123,0.0011571747993330268,-0.03799499694342823,0.0005648108021971964,-0.0379022004013683,0.021536171901990843,0.023757724958597067,0.0020637559128335653,-0.015022312666732165,0.0019996695031683927,-0.03883749164726359,0.0009109514575469194,-0.03824834105671802,0.019815839974194543,0.023226028389985852,0.0035268179527684564,-0.016485374706667055,0.003403827342894002,-0.0402416494869892,0.001487852549796458,-0.038825242148967556,0.01694862009453404,0.0223398674423005,0.48505430305096875,0.24252715152548437,0.48897213374250376,0.24448606687125188,0.1593139676305626,0.0796569838152813
2021-11-30,0.0503909204592412,0.0128431404444191,0.0293855361496924,0.037547780014822,0.0005444513702834696,0.04984646908895773,0.0005361141964522074,0.012307026247966892,0.0002773981501351443,0.029108137999557256,0.03646721444808632,0.020738331089400472,0.0008381000438966364,0.04955282041534456,0.0007604279905911349,0.012082712453827965,0.00038951054598828467,0.028996025603704116,0.035949251980334225,0.020556794811640446,0.001131748717509803,0.049259171741731396,0.0009847417847300623,0.011858398659689037,0.000501622941841425,0.028883913207850977,0.035431289512582134,0.02037525853388042,0.0020126947383493033,0.0483782257208919,0.0016576831671468444,0.011185457277272255,0.0008379601294008461,0.028547576020291555,0.033877402109325855,0.019830649700600344,0.0034809381064151365,0.04690998235282606,0.0027792521378414816,0.010063888306577617,0.0013985221086665477,0.027987014041025854,0.03128758977056538,0.01892296831180021,0.44896081127927756,0.22448040563963878,0.44862758827785487,0.22431379413892744,0.14282156846752408,0.07141078423376204
