session,side,qty,entry_time,entry_price,entry_fill,exit_time,exit_price,exit_fill,reason,gross_pnl,slippage,brokerage,stt,exchange,sebi,stamp,gst,total_charges,net_pnl,net_pct,symbol
2026-08-04,SHORT,32,2026-08-04 11:00:00,3061.5,3059.9692,2026-08-04 15:00:00,3031.0,3032.5155,square_off,976.0,97.47999999999593,40,24.479754,5.9852570184000005,0.194959512,2.91121488,8.312438975472,81.88362438587201,796.636375614132,0.8131597823923444,ADANIENT
2026-08-05,SHORT,32,2026-08-05 10:30:00,3054.9,3053.3726,2026-08-05 15:00:00,3044.0,3045.522,square_off,348.8000000000029,97.58239999999932,40,24.4269804,5.99155400592,0.19516462559999997,2.92370112,8.3136093536736,81.8510095051936,169.36659049481,0.17325300183190323,ADANIENT
2026-08-06,LONG,32,2026-08-06 10:15:00,3061.3,3062.8306,2026-08-06 15:00:00,3031.0,3029.4845,square_off,-969.6000000000058,97.47679999998945,40,24.235876,5.98509040336,0.19495408479999998,2.940317424,8.312408007868799,81.66864592002881,-1148.7454459200242,-1.172648717374996,ADANIENT
2026-08-07,SHORT,33,2026-08-07 10:15:00,3019.7,3018.1902,2026-08-07 15:00:00,3010.9,3012.4054,square_off,290.399999999991,99.50489999998581,40,24.9000687375,6.109596402359999,0.1990096548,2.9822813955,8.3355490902888,82.52650528044879,108.3685947195564,0.10874910784791628,ADANIENT
2026-08-10,SHORT,33,2026-08-10 10:00:00,2992.2,2990.7039,2026-08-10 15:00:00,3005.6,3007.1028,square_off,-442.200000000003,98.9636999999866,40,24.673307174999998,6.07637796777,0.19792762109999995,2.9770317719999997,8.3293750059966,82.2540195418666,-623.4177195418562,-0.631356394850709,ADANIENT
2026-08-11,SHORT,33,2026-08-11 11:45:00,2997.1,2995.6014,2026-08-11 15:00:00,2995.8,2997.2979,square_off,42.899999999990996,98.88284999998814,40,24.713711962500003,6.071406331485001,0.19776567855,2.9673249210000003,8.3284509618063,82.27865985534129,-138.26150985533843,-0.1397932242130407,ADANIENT
2026-08-12,SHORT,33,2026-08-12 11:00:00,2961.9,2960.4191,2026-08-12 15:00:00,2981.1,2982.5906,square_off,-633.599999999994,98.05949999998847,40,24.423457162500004,6.020863025760001,0.1961193168,2.9527646444999998,8.3190568216608,81.91226097122079,-813.5717609712033,-0.8323606376447584,ADANIENT
2026-08-13,SHORT,33,2026-08-13 10:00:00,2957.0,2955.5215,2026-08-13 15:00:00,2963.5,2964.9818,square_off,-214.5,97.68824999998787,40,24.383052375000002,5.998061842575001,0.19537660725,2.9353319325,8.314818920968499,81.8266416782935,-394.0148916782814,-0.4037823876351763,ADANIENT
2026-08-14,LONG,33,2026-08-14 10:15:00,3006.2,3007.7031,2026-08-14 15:00:00,3041.0,3039.4795,square_off,1148.400000000006,99.77879999998459,40,25.075705875000004,6.126400692060001,0.1995570258,2.977626069,8.3386723892148,82.7179620510748,965.9032379489466,0.9736476312075717,ADANIENT
2026-08-17,SHORT,33,2026-08-17 10:00:00,3027.2,3025.6864,2026-08-17 15:00:00,3016.5,3018.0082,square_off,353.099999999994,99.72104999998783,40,24.961912800000004,6.1228670499149995,0.19944192345,2.9878281675,8.338015615205698,82.61006555607071,170.76888444393546,0.1709439310293095,ADANIENT
2026-08-18,LONG,33,2026-08-18 10:15:00,3027.5,3029.0137,2026-08-18 15:00:00,3023.0,3021.4885,square_off,-148.5,99.83324999997467,40,24.927280125000006,6.129763829475,0.19966657425,2.9987236124999996,8.3392974726705,82.5947316138955,-330.9279816138702,-0.33123437340927375,ADANIENT
2026-08-19,SHORT,33,2026-08-19 11:30:00,2986.7,2985.2066,2026-08-19 15:00:00,2979.4,2980.8897,square_off,240.899999999991,98.44064999997909,40,24.627954862500005,6.044252212185,0.19688117955,2.951080803,8.3234040105123,82.14357306774731,60.3157769322646,0.0611963309381334,ADANIENT
2026-08-20,LONG,33,2026-08-20 10:15:00,3008.5,3010.0042,2026-08-20 15:00:00,2999.2,2997.7004,square_off,-306.900000000006,99.12704999998687,40,24.731028300000002,6.086405580915001,0.19825425344999997,2.9799042075,8.3312387701857,82.32683111205071,-488.3538811120436,-0.49189305161843827,ADANIENT
2026-08-24,SHORT,33,2026-08-24 11:15:00,2987.7,2986.2062,2026-08-24 15:00:00,2983.2,2984.6916,square_off,148.5,98.51984999998922,40,24.6362007375,6.049116510525,0.19703962575,2.9548446839999998,8.3243081045295,82.1615096623045,-32.181359662293715,-0.03264024892188652,ADANIENT
2026-08-25,SHORT,33,2026-08-25 10:00:00,2969.3,2967.8154,2026-08-25 15:00:00,3088.2,3089.7441,square_off,-3923.699999999988,99.94874999998319,40,24.484476637500006,6.136913478795,0.19989946185,3.0588466589999994,8.3406263293161,82.22076256646109,-4105.869512566433,-4.190222889556086,ADANIENT
2026-08-27,LONG,31,2026-08-27 12:45:00,3157.7,3159.2788,2026-08-27 15:00:00,3162.0,3160.419,square_off,133.30000000000564,97.95534999998608,40,24.493247250000003,6.014456443845001,0.19591063334999997,2.9381293305,8.3178660738951,81.9596097315901,-46.61495973157055,-0.04762036857325774,ADANIENT
2026-08-31,SHORT,32,2026-08-31 10:00:00,3075.0,3073.4625,2026-08-31 15:00:00,3001.2,3002.7006,square_off,2361.600000000006,97.21919999999227,40,24.5877,5.96922262944,0.19443721919999998,2.882592576,8.3094587727552,81.94341119739519,2182.4373888026184,2.217924175612417,ADANIENT
2026-09-01,SHORT,34,2026-09-01 11:45:00,2887.3,2885.8564,2026-09-01 15:00:00,2858.6,2860.0293,square_off,975.8000000000093,97.68029999998271,40,24.529778975000006,5.99755544147,0.19536011209999998,2.917229886,8.314724799642601,81.95464921421261,796.165050785814,0.8110213396861854,ADANIENT
2026-09-02,LONG,34,2026-09-02 10:15:00,2890.4,2891.8452,2026-09-02 15:00:00,2892.2,2890.7539,square_off,61.19999999999072,98.30419999997684,40,24.571408150000003,6.03587694058,0.19660836939999998,2.9496821039999994,8.3218473557964,82.0754229197764,-119.17962291976252,-0.12127328491045664,ADANIENT
2026-09-03,SHORT,34,2026-09-03 13:15:00,2896.4,2894.9518,2026-09-03 15:00:00,2895.2,2896.6476,square_off,40.80000000000928,98.45719999999255,40,24.607090300000003,6.04527145372,0.1969143796,2.9545805519999995,8.323593449997599,82.12745013531762,-139.7846501353009,-0.1419456304127039,ADANIENT
2026-09-04,LONG,34,2026-09-04 10:15:00,2930.8,2932.2654,2026-09-04 15:00:00,2939.7,2938.2302,square_off,302.59999999998763,99.79849999999988,40,24.974956275,6.1276232550900005,0.1995968487,2.9909107080000004,8.3388996186822,82.6319867054722,120.16951329451555,0.12059497235699099,ADANIENT
2026-09-07,LONG,33,2026-09-07 10:00:00,2958.0,2959.479,2026-09-07 15:00:00,2938.2,2936.7309,square_off,-653.400000000006,97.28729999998723,40,24.228029924999998,5.97345024969,0.19457492669999998,2.92988421,8.3102445317502,81.6361838431402,-832.3234838431334,-0.8526681458019684,ADANIENT
2026-09-08,LONG,33,2026-09-08 10:15:00,2943.6,2945.0718,2026-09-08 15:00:00,2953.6,2952.1232,square_off,330.0,97.30379999999059,40,24.3550164,5.9744482545,0.194607435,2.915621082,8.310430024110001,81.75012319561,150.9460768043994,0.1553921572063886,ADANIENT
2026-09-09,LONG,31,2026-09-09 10:30:00,3128.3,3129.8642,2026-09-09 15:00:00,3099.4,3097.8503,square_off,-895.9000000000028,96.52934999999161,40,24.008339825,5.926915842065,0.19305914795,2.9107736595,8.3015954982027,81.3406839727177,-1073.770033972712,-1.1072385331131223,ADANIENT
2026-09-11,LONG,32,2026-09-11 14:15:00,3049.8,3051.3249,2026-09-11 15:00:00,3047.1,3045.5764,square_off,-86.40000000000873,97.5503999999928,40,24.3646116,5.98959588624,0.19510084319999998,2.929271904,8.3132454112992,81.79182564473919,-265.74222564474076,-0.27229472592950843,ADANIENT
2026-09-15,SHORT,33,2026-09-15 10:15:00,3010.0,3008.495,2026-09-15 15:00:00,2938.8,2940.2694,square_off,2349.599999999994,98.15519999998696,40,24.820083750000002,6.026693213640001,0.1963092252,2.910866706,8.3201404389912,82.2740933338312,2169.1707066661756,2.1838021812807566,ADANIENT
2026-09-17,SHORT,34,2026-09-17 11:15:00,2915.2,2913.7424,2026-09-17 15:00:00,2921.1,2922.5605,square_off,-200.6000000000031,99.21709999998347,40,24.766810400000004,6.09193301921,0.19843430029999998,2.981011761,8.3322661175118,82.3704555980218,-382.1875555980084,-0.38559311398068585,ADANIENT
2026-09-18,LONG,33,2026-09-18 12:30:00,2967.2,2968.6836,2026-09-18 15:00:00,2989.0,2987.5055,square_off,719.400000000006,98.27729999999383,40,24.646920375,6.03421517721,0.1965542403,2.938996764,8.321538495151799,82.1382250516618,538.9844749483503,0.5504469829206908,ADANIENT
2026-09-21,SHORT,33,2026-09-21 11:45:00,2987.1,2985.6065,2026-09-21 15:00:00,2990.5,2991.9952,square_off,-112.200000000003,98.63039999998773,40,24.631253212500003,6.055908282270001,0.1972608561,2.9620752975,8.3255704449066,82.1720680932766,-293.00246809326734,-0.29724022193742927,ADANIENT
2026-09-22,SHORT,33,2026-09-22 12:15:00,2992.4,2990.9038,2026-09-22 15:00:00,2985.1,2986.5926,square_off,240.900000000006,98.6287499999994,40,24.674956350000002,6.055801552185001,0.19725737955,2.9567266245,8.325550607712298,82.21029251394731,60.060957486059294,0.06082171550357805,ADANIENT
2026-09-23,SHORT,33,2026-09-23 10:15:00,2992.0,2990.504,2026-09-23 15:00:00,2992.5,2993.9962,square_off,-16.5,98.74424999997791,40,24.671658000000004,6.062897203275,0.19748850824999997,2.9640562874999996,8.326869428074499,82.22296942709951,-197.46721942707742,-0.19999515822706754,ADANIENT
2026-09-24,SHORT,33,2026-09-24 10:30:00,2952.0,2950.524,2026-09-24 15:00:00,2910.5,2911.9552,square_off,1369.5,96.731249999988,40,24.341823000000005,5.939277728175,0.19346181525,2.8828356975,8.3038931178165,81.66129135874151,1191.1074586412706,1.222702080398775,ADANIENT
2026-09-28,SHORT,35,2026-09-28 10:30:00,2847.7,2846.2762,2026-09-28 15:00:00,2825.1,2826.5126,square_off,790.9999999999968,99.27399999998897,40,24.904916312500003,6.09541145815,0.19854760449999997,2.9678381775,8.332912631277,82.499626183927,609.2263738160808,0.6112465436428204,ADANIENT
2026-09-29,SHORT,35,2026-09-29 10:15:00,2806.7,2805.2966,2026-09-29 15:00:00,2889.7,2891.1448,square_off,-2905.0,99.68699999999671,40,24.546345687499997,6.12082639175,0.19937545249999997,3.0357020925,8.337636331965001,82.23988595621499,-3086.9268859562117,-3.142406065034394,ADANIENT
2026-09-30,SHORT,34,2026-09-30 11:15:00,2900.9,2899.4496,2026-09-30 15:00:00,2884.7,2886.1423,square_off,550.8000000000093,98.35519999998724,40,24.645321175000003,6.0390008252200005,0.19671012459999998,2.943865197,8.322427970967599,82.1473252927876,370.2974747072344,0.3754387327130063,ADANIENT
2026-08-03,SHORT,58,2026-08-03 12:45:00,1702.5,1701.6488,2026-08-03 15:00:00,1700.4,1701.2502,square_off,121.79999999999472,98.68409999998812,40,24.673906875,6.05920187037,0.1973681391,2.960175348,8.326182601704598,82.21683483417462,-59.100934834168015,-0.059852078418317904,ADANIPORTS
2026-08-04,SHORT,58,2026-08-04 10:45:00,1702.8,1701.9486,2026-08-04 15:00:00,1693.7,1694.5468,square_off,527.7999999999947,98.49849999999515,40,24.678254699999997,6.047799798270001,0.1969967361,2.948511519,8.3240633761866,82.1956261295566,347.10587387044296,0.35145548697727375,ADANIPORTS
2026-08-05,SHORT,59,2026-08-05 12:45:00,1691.6,1690.7542,2026-08-05 15:00:00,1690.8,1691.6454,square_off,47.19999999999732,99.78079999998545,40,24.938624450000002,6.12654039548,0.1995615764,2.994212358,8.3386983549384,82.59763713481841,-135.17843713480653,-0.13544336435548587,ADANIPORTS
2026-08-07,SHORT,59,2026-08-07 10:15:00,1687.5,1686.6562,2026-08-07 15:00:00,1684.5,1685.3422,square_off,177.0,99.47399999999539,40,24.8781796875,6.107700883050001,0.1989479115,2.9830557825,8.335196783018999,82.503081047569,-4.977081047564383,-0.00499895146020277,ADANIPORTS
2026-08-11,SHORT,59,2026-08-11 11:30:00,1669.0,1668.1655,2026-08-11 15:00:00,1665.9,1666.733,square_off,182.89999999999463,98.3795499999951,40,24.605441125000002,6.040501562485001,0.19675900855,2.9501173215000005,8.322706902786301,82.11552592032132,2.40492407967821,0.002442266331892852,ADANIPORTS
2026-08-12,SHORT,60,2026-08-12 10:15:00,1656.4,1655.5718,2026-08-12 15:00:00,1653.6,1654.4268,square_off,168.0000000000109,99.29999999998472,40,24.833577000000002,6.0970174212,0.198599916,2.9779682399999996,8.333211120696,82.440373697896,-13.740373697869813,-0.013825539018222062,ADANIPORTS
2026-08-13,SHORT,60,2026-08-13 10:30:00,1648.2,1647.3759,2026-08-13 15:00:00,1653.1,1653.9265,square_off,-293.9999999999918,99.03899999998885,40,24.710638500000005,6.080999112900001,0.19807814699999998,2.97706779,8.330233906781999,82.29701745668201,-475.33601745666266,-0.48066174964270386,ADANIPORTS
2026-08-14,LONG,59,2026-08-14 10:00:00,1675.9,1676.738,2026-08-14 15:00:00,1696.3,1695.4518,square_off,1203.599999999992,99.47989999998049,40,25.007914787500003,6.108047384740001,0.1989591982,2.9678261715,8.3352611849292,82.61800872686919,1021.5020912731422,1.0330923543971235,ADANIPORTS
2026-08-17,SHORT,59,2026-08-17 11:00:00,1684.4,1683.5578,2026-08-17 15:00:00,1690.1,1690.945,square_off,-336.29999999998927,99.54774999998358,40,24.832477550000004,6.112237012205,0.19909566815,2.9929727385,8.3360398824639,82.47282285131891,-518.3205728512918,-0.5215563081872857,ADANIPORTS
2026-08-18,SHORT,59,2026-08-18 11:00:00,1672.3,1671.4638,2026-08-18 15:00:00,1686.9,1687.7434,square_off,-861.400000000008,99.09639999998285,40,24.6540917875,6.08453218249,0.1981932307,2.9873059065,8.3308905743742,82.25501368156418,-1042.751413681555,-1.056853003304649,ADANIPORTS
2026-08-19,SHORT,59,2026-08-19 11:15:00,1672.4,1671.5638,2026-08-19 15:00:00,1679.2,1680.0396,square_off,-401.1999999999973,98.87219999999888,40,24.65556605,6.070759238420001,0.1977446006,2.973670092,8.328330691023599,82.2260706720436,-582.2982706720398,-0.5901376593386951,ADANIPORTS
2026-08-20,LONG,58,2026-08-20 10:15:00,1695.0,1695.8475,2026-08-20 15:00:00,1695.7,1694.8522,square_off,40.60000000000264,98.33029999998462,40,24.575356175,6.0374797967900005,0.1966605797,2.95077465,8.3221452677682,82.08241646925819,-139.81271646924017,-0.14221616973780915,ADANIPORTS
2026-08-24,SHORT,59,2026-08-24 10:15:00,1688.2,1687.3559,2026-08-24 15:00:00,1678.3,1679.1392,square_off,584.1000000000054,99.31174999998916,40,24.888499525000004,6.097732484065,0.19862320795,2.9720762955,8.333344024562699,82.49027553707771,402.2979744629385,0.40389821920743835,ADANIPORTS
2026-08-25,SHORT,59,2026-08-25 10:15:00,1673.9,1673.0631,2026-08-25 15:00:00,1693.5,1694.3468,square_off,-1156.3999999999946,99.3382999999892,40,24.677679987500003,6.099389370740001,0.1986771782,2.9989937475,8.3336519788092,82.3083922627492,-1338.0466922627331,-1.3548454206331637,ADANIPORTS
2026-08-26,SHORT,58,2026-08-26 10:15:00,1701.5,1700.6492,2026-08-26 15:00:00,1699.1,1699.9496,square_off,139.20000000000528,98.61739999998508,40,24.659414125000005,6.05510622328,0.1972347304,2.9579122169999996,8.3254213716624,82.19508866734242,-41.612488667322225,-0.042166129953613164,ADANIPORTS
2026-08-27,LONG,58,2026-08-27 12:15:00,1710.7,1711.5554,2026-08-27 15:00:00,1708.4,1707.5458,square_off,-133.39999999999736,99.15389999998888,40,24.7594141,6.08805150769,0.1983078667,2.9781063089999997,8.331544687390199,82.3554244707802,-314.9093244707665,-0.31738300763225225,ADANIPORTS
2026-08-28,SHORT,58,2026-08-28 12:00:00,1701.6,1700.7492,2026-08-28 15:00:00,1702.7,1703.5514,square_off,-63.80000000000791,98.72469999999112,40,24.6608634,6.06169755933,0.19744943189999997,2.964179349,8.3266464584214,82.2108361986514,-244.73553619865044,-0.2479770927551457,ADANIPORTS
2026-08-31,SHORT,60,2026-08-31 13:00:00,1660.2,1659.3699,2026-08-31 15:00:00,1654.7,1655.5273,square_off,330.0,99.44699999998193,40,24.8905485,6.1060407345000005,0.19889383499999996,2.97994923,8.33488822251,82.51032052201,148.04267947800807,0.14861932244911064,ADANIPORTS
2026-09-01,LONG,60,2026-09-01 10:00:00,1652.2,1653.0261,2026-09-01 15:00:00,1646.8,1645.9766,square_off,-324.00000000000546,98.96999999999935,40,24.689649,6.0767629734,0.19794016199999998,2.97544698,8.329446564371999,82.26924567977198,-505.2392456797768,-0.5096631215750481,ADANIPORTS
2026-09-02,LONG,60,2026-09-02 10:15:00,1663.1,1663.9315,2026-09-02 15:00:00,1674.8,1673.9626,square_off,702.0000000000027,100.13699999998607,40,25.109439000000002,6.1484010243,0.200273649,2.9950767899999997,8.342761441194,82.795951904494,519.0670480955226,0.5201802337958458,ADANIPORTS
2026-09-04,LONG,58,2026-09-04 10:15:00,1711.8,1712.6559,2026-09-04 15:00:00,1706.8,1705.9466,square_off,-290.0,99.13939999998593,40,24.7362257,6.087163611499999,0.19827894499999998,2.9800212659999996,8.33137966017,82.33306918267,-471.4724691826559,-0.47487064350759634,ADANIPORTS
2026-09-07,SHORT,58,2026-09-07 10:15:00,1702.4,1701.5488,2026-09-07 15:00:00,1696.6,1697.4483,square_off,336.40000000001055,98.57099999998354,40,24.672457600000005,6.0522542362600005,0.1971418318,2.953560042,8.3248912922508,82.2003050023108,155.6286949977162,0.15761591647260276,ADANIPORTS
2026-09-08,LONG,58,2026-09-08 10:15:00,1703.8,1704.6519,2026-09-08 15:00:00,1711.0,1710.1445,square_off,417.60000000000264,99.02919999998721,40,24.79709525,6.0803864698400005,0.1980581912,2.966094306,8.3301200389872,82.37175425602722,236.19904574398822,0.23901850806512442,ADANIPORTS
2026-09-09,LONG,57,2026-09-09 10:15:00,1739.8,1740.6699,2026-09-09 15:00:00,1774.8,1773.9126,square_off,1995.0,100.16609999998627,40,25.278254550000003,6.15016791675,0.20033120249999997,2.976545529,8.343089841465,82.948389039715,1811.8855109602987,1.827075819322143,ADANIPORTS
2026-09-11,SHORT,57,2026-09-11 11:00:00,1751.9,1751.0241,2026-09-11 15:00:00,1769.5,1770.3848,square_off,-1003.1999999999948,100.35989999998947,40,24.9520927125,6.16211325912,0.20072030159999998,3.0273579225000002,8.3453100409296,82.68759423664962,-1186.2474942366339,-1.1879307921691376,ADANIPORTS
2026-09-15,SHORT,57,2026-09-15 10:00:00,1740.0,1739.13,2026-09-15 15:00:00,1728.2,1729.0641,square_off,672.5999999999974,98.84369999999421,40,24.782602500000003,6.06899285559,0.1976870637,2.9566996110000003,8.3280023854722,82.3339844157622,491.422315584241,0.4954852950032678,ADANIPORTS
2026-09-17,LONG,57,2026-09-17 10:15:00,1737.5,1738.3688,2026-09-17 15:00:00,1730.4,1729.5348,square_off,-404.6999999999948,98.83514999998988,40,24.645870900000002,6.068484422145,0.19767050235,2.9726105625,8.3279078864091,82.21254427340409,-585.7476942733888,-0.5914403072304822,ADANIPORTS
2026-09-18,LONG,56,2026-09-18 10:30:00,1757.4,1758.2787,2026-09-18 15:00:00,1775.8,1774.9121,square_off,1030.3999999999924,98.92959999999584,40,24.848769400000002,6.07426162336,0.19785868480000002,2.953908216,8.3289816554688,82.4037795796288,849.0666204203677,0.8627463261680889,ADANIPORTS
2026-09-21,LONG,55,2026-09-21 10:45:00,1786.0,1786.893,2026-09-21 15:00:00,1792.3,1791.4038,square_off,346.4999999999975,98.40324999997847,40,24.6318029375,6.0419542312250005,0.19680632674999998,2.9483734499999996,8.322976900435501,82.14191384591052,165.9548361541085,0.16894516558496234,ADANIPORTS
2026-09-22,SHORT,55,2026-09-22 12:00:00,1792.7,1791.8036,2026-09-22 15:00:00,1791.7,1792.5958,square_off,55.0,98.57099999999264,40,24.637300187500003,6.052258555750001,0.19714197249999998,2.9577831525000002,8.324892095084998,82.169375963335,-125.74037596332764,-0.12752767634733553,ADANIPORTS
2026-09-23,SHORT,55,2026-09-23 10:15:00,1792.8,1791.9036,2026-09-23 15:00:00,1805.6,1806.5028,square_off,-703.9999999999975,98.95599999998353,40,24.6386745,6.0759092063999995,0.19791235199999996,2.9807296199999995,8.329287880511998,82.22251355891201,-885.1785135588931,-0.8977105528770568,ADANIPORTS
2026-09-25,LONG,55,2026-09-25 11:15:00,1798.6,1799.4993,2026-09-25 15:00:00,1789.6,1788.7052,square_off,-495.0,98.67549999997891,40,24.5946965,6.05868329825,0.1973512475,2.969173845,8.326086218235,82.145991108985,-675.8214911089639,-0.6831793325202065,ADANIPORTS
2026-09-28,SHORT,56,2026-09-28 10:30:00,1760.2,1759.3199,2026-09-28 15:00:00,1740.7,1741.5704,square_off,1092.0,98.02519999998731,40,24.630478600000004,6.0187305178,0.196049854,2.925838188,8.318660466924,82.089757626724,911.8850423732887,0.9251029127912501,ADANIPORTS
2026-09-29,LONG,56,2026-09-29 11:15:00,1762.0,1762.881,2026-09-29 15:00:00,1770.1,1769.215,square_off,453.5999999999949,98.89879999998448,40,24.7690093,6.07237935724,0.19779737320000002,2.96164008,8.3286318114792,82.32945792191919,272.37174207809124,0.2760375203483169,ADANIPORTS
2026-09-30,SHORT,56,2026-09-30 10:45:00,1781.7,1780.8092,2026-09-30 15:00:00,1782.0,1782.891,square_off,-16.799999999997453,99.78359999999157,40,24.931328099999998,6.12671329788,0.19956720839999997,2.99525688,8.3387304911304,82.5915959774104,-199.17519597739943,-0.19962395061838958,ADANIPORTS
2026-08-03,SHORT,11,2026-08-03 11:30:00,8891.0,8886.5545,2026-08-03 15:00:00,8822.0,8826.411,square_off,759.0,97.42149999999856,40,24.438024875,5.98166844935,0.1948426205,2.91271563,8.311771992573,81.83902356742298,579.7394764325785,0.592774589659184,APOLLOHOSP
2026-08-04,LONG,11,2026-08-04 10:30:00,8866.0,8870.433,2026-08-04 15:00:00,8879.5,8875.0602,square_off,148.5,97.60024999998495,40,24.4064156875,5.992653070525,0.19520042574999996,2.92724289,8.3138136293295,81.8353257031045,-30.935575703089455,-0.031720336836422544,APOLLOHOSP
2026-08-06,LONG,11,2026-08-06 10:00:00,8998.0,9002.499,2026-08-06 15:00:00,8898.0,8893.551,square_off,-1100.0,98.42799999998351,40,24.457265250000006,6.043496085000001,0.19685655000000002,2.9708246700000003,8.3232634743,81.99170602930002,-1280.4197060292836,-1.2936407141276685,APOLLOHOSP
2026-08-07,SHORT,11,2026-08-07 12:00:00,8948.0,8943.526,2026-08-07 15:00:00,8950.5,8954.9752,square_off,-27.5,98.44174999999632,40,24.594696499999998,6.044323872125,0.19688351374999996,2.9551418325,8.323417329457499,82.1144630478325,-208.0562130478288,-0.21137909238004307,APOLLOHOSP
2026-08-10,SHORT,11,2026-08-10 10:00:00,8888.0,8883.556,2026-08-10 15:00:00,8880.0,8884.44,square_off,88.0,97.72399999998015,40,24.429779000000003,6.0002522492,0.19544795599999998,2.9318651999999994,8.315226036936,81.872570442136,-91.59657044211615,-0.0936876794473817,APOLLOHOSP
2026-08-11,SHORT,11,2026-08-11 11:30:00,8761.0,8756.6195,2026-08-11 15:00:00,8765.0,8769.3825,square_off,-44.0,96.39299999998912,40,24.080703625,5.9185308754,0.192786022,2.8938962249999998,8.300037041532,81.385953788932,-221.77895378892111,-0.23013038547791465,APOLLOHOSP
2026-08-12,SHORT,11,2026-08-12 11:00:00,8570.5,8566.2148,2026-08-12 15:00:00,8563.0,8567.2815,square_off,82.5,94.23424999997951,40,23.5570905625,5.785981683625,0.18846845874999998,2.8272028949999997,8.275401025627499,80.6341446255025,-92.36839462548201,-0.0979770933333496,APOLLOHOSP
2026-08-13,SHORT,11,2026-08-13 11:45:00,8604.0,8599.698,2026-08-13 15:00:00,8585.5,8589.7927,square_off,203.5,94.54224999998223,40,23.6491695,5.8048910262749995,0.18908439824999995,2.8346316074999995,8.2789155764145,80.75669210843951,28.20105789157826,0.029796984374686468,APOLLOHOSP
2026-08-14,LONG,11,2026-08-14 10:00:00,8809.5,8813.9048,2026-08-14 15:00:00,8917.5,8913.0412,square_off,1188.0,97.49849999999424,40,24.5108634375,5.986389664200001,0.194996406,2.9085885675000003,8.312649492636,81.91348756783601,1008.5880124321698,1.040806167342249,APOLLOHOSP
2026-08-17,SHORT,11,2026-08-17 10:00:00,8930.0,8925.535,2026-08-17 15:00:00,8879.5,8883.9398,square_off,555.5,97.95224999999664,40,24.54522125,6.0142596230750005,0.19590422224999998,2.9317001175,8.317829492158499,82.00491470498349,375.54283529501987,0.3823097172910718,APOLLOHOSP
2026-08-18,LONG,11,2026-08-18 10:15:00,8899.0,8903.4495,2026-08-18 15:00:00,8799.5,8795.1003,square_off,-1094.5,97.34174999997231,40,24.186525687500005,5.976800250575,0.19468404725,2.9381383349999997,8.3108671736085,81.6070154939335,-1273.4487654939057,-1.3009109966328247,APOLLOHOSP
2026-08-19,LONG,11,2026-08-19 10:00:00,8805.0,8809.4025,2026-08-19 15:00:00,8732.5,8728.1338,square_off,-797.5,96.456249999992,40,24.0023678125,5.922425991625,0.19291289875,2.9071028250000004,8.3007610002675,81.32557052814249,-975.2818205281345,-1.0069504109525935,APOLLOHOSP
2026-08-20,SHORT,11,2026-08-20 13:15:00,8700.0,8695.65,2026-08-20 15:00:00,8690.5,8694.8452,square_off,104.5,95.64775000000736,40,23.913037499999998,5.872770245925,0.19129544775,2.8692989325,8.2915318248615,81.1379339510365,-72.28568395104386,-0.07553363004288804,APOLLOHOSP
2026-08-24,LONG,11,2026-08-24 10:00:00,8655.0,8659.3275,2026-08-24 15:00:00,8644.5,8640.1778,square_off,-115.5,95.14724999998543,40,23.760488812500004,5.842042922925001,0.19029455774999998,2.8575780749999997,8.2858207465215,80.9362251146965,-291.58347511468196,-0.3062690773748038,APOLLOHOSP
2026-08-25,LONG,11,2026-08-25 11:30:00,8710.0,8714.355,2026-08-25 15:00:00,8829.5,8825.0852,square_off,1314.5,96.46724999999424,40,24.2689844375,5.923068972425,0.19293384274999997,2.87573715,8.300880506731499,81.5616049094065,1136.4711450905993,1.1861717410401829,APOLLOHOSP
2026-08-27,SHORT,11,2026-08-27 10:00:00,8763.5,8759.1183,2026-08-27 15:00:00,8809.5,8813.9048,square_off,-506.0,96.65149999998175,40,24.087575187500004,5.9344098671,0.193303253,2.9085885675000003,8.302988361617999,81.42686523671802,-684.0783652366997,-0.7096359022564663,APOLLOHOSP
2026-08-28,LONG,11,2026-08-28 11:00:00,8891.0,8895.4455,2026-08-28 15:00:00,8884.0,8879.558,square_off,-77.0,97.762499999988,40,24.4187845,6.0026186819500005,0.19552503850000003,2.935497015,8.315665869681,81.86809110513099,-256.630591105119,-0.26240078435304237,APOLLOHOSP
2026-08-31,LONG,11,2026-08-31 10:15:00,8879.5,8883.9398,2026-08-31 15:00:00,8836.0,8831.582,square_off,-478.5,97.43524999999136,40,24.2868505,5.982531694975,0.19487073924999998,2.9317001175,8.3119324381605,81.7078854898855,-657.6431354898768,-0.6733007442985394,APOLLOHOSP
2026-09-01,SHORT,11,2026-09-01 10:15:00,8765.5,8761.1173,2026-09-01 15:00:00,8719.5,8723.8598,square_off,506.0,96.16749999998319,40,24.093072437500002,5.9046767329000005,0.192334747,2.8788737175,8.297462066382,81.366419701282,328.4660802987348,0.3406600051843071,APOLLOHOSP
2026-09-02,SHORT,11,2026-09-02 10:30:00,8676.5,8672.1618,2026-09-02 15:00:00,8707.0,8711.3535,square_off,-335.5,95.60924999997951,40,23.848444812500002,5.870413099925,0.19121866775,2.8747466549999996,8.2910937181815,81.0759169533565,-512.185166953336,-0.5366482787396845,APOLLOHOSP
2026-09-03,LONG,11,2026-09-03 10:00:00,8717.0,8721.3585,2026-09-03 15:00:00,8711.5,8707.1443,square_off,-60.5,95.85674999998992,40,23.944646687500004,5.885605378675001,0.19171353025000004,2.8780483050000005,8.2939174036065,81.19393130503151,-237.55068130502144,-0.24774023726367644,APOLLOHOSP
2026-09-04,SHORT,11,2026-09-04 10:45:00,8688.0,8683.656,2026-09-04 15:00:00,8651.0,8655.3255,square_off,407.0,95.36449999997967,40,23.880054000000005,5.85537405255,0.19072879649999996,2.8562574149999995,8.288298512829,81.070712776879,230.5647872231413,0.2412573112581003,APOLLOHOSP
2026-09-07,LONG,11,2026-09-07 10:30:00,8717.0,8721.3585,2026-09-07 15:00:00,8778.5,8774.1108,square_off,676.5,96.22525000000496,40,24.1288045625,5.908219965725001,0.19245016175000002,2.8780483050000005,8.2981206229455,81.4056436179205,498.8691063820745,0.5202677176072612,APOLLOHOSP
2026-09-08,SHORT,11,2026-09-08 10:45:00,8756.0,8751.622,2026-09-08 15:00:00,8809.0,8813.4045,square_off,-583.0,96.60749999997279,40,24.066960500000004,5.93170944905,0.1932152915,2.9084234849999997,8.302486453299,81.402795178849,-761.0102951788218,-0.7901182515665329,APOLLOHOSP
2026-09-09,LONG,11,2026-09-09 12:45:00,8963.0,8967.4815,2026-09-09 15:00:00,8933.0,8928.5335,square_off,-330.0,98.42799999998351,40,24.553467125000005,6.0434842655,0.196856165,2.959268895,8.323261277490001,82.07633772799,-510.5043377279735,-0.5177896379337007,APOLLOHOSP
2026-09-10,SHORT,11,2026-09-10 10:30:00,8944.0,8939.528,2026-09-10 15:00:00,8905.5,8909.9528,square_off,423.5,98.17225000000144,40,24.583702000000002,6.027769649275001,0.19634428825,2.9402844075000005,8.3203405087545,82.0684408537795,243.25930914621904,0.2472549491240639,APOLLOHOSP
2026-09-11,LONG,11,2026-09-11 10:45:00,8901.5,8905.9508,2026-09-11 15:00:00,8890.0,8885.555,square_off,-126.5,97.85324999999648,40,24.435276250000005,6.008191491775,0.19570656325000002,2.9389637475,8.3167016499045,81.8948397024295,-306.248089702426,-0.3127645388697778,APOLLOHOSP
2026-09-15,SHORT,11,2026-09-15 10:00:00,8834.5,8830.0828,2026-09-15 15:00:00,8782.5,8786.8912,square_off,572.0,96.89349999999104,40,24.2827275625,5.949252119800001,0.19378671399999997,2.8996741124999996,8.305746990084,81.63118749888399,393.47531250112496,0.4048953868883097,APOLLOHOSP
2026-09-17,LONG,11,2026-09-17 10:00:00,8785.0,8789.3925,2026-09-17 15:00:00,8771.0,8766.6145,square_off,-154.0,96.55800000000272,40,24.108189875,5.928663563900001,0.193116077,2.9004995250000003,8.301920335361999,81.432389376262,-331.9903893762647,-0.3435508763659799,APOLLOHOSP
2026-09-18,SHORT,11,2026-09-18 11:00:00,8811.0,8806.5945,2026-09-18 15:00:00,8848.0,8852.424,square_off,-407.0,97.12449999997807,40,24.218134875000004,5.96345054745,0.1942492035,2.9212999199999996,8.308385955171001,81.60552050112099,-585.730020501099,-0.6043375744174111,APOLLOHOSP
2026-09-21,LONG,11,2026-09-21 11:00:00,8948.5,8952.9742,2026-09-21 15:00:00,8917.5,8913.0412,square_off,-341.0,98.26299999998992,40,24.5108634375,6.0333534343499995,0.19652617049999999,2.9544815024999997,8.321378328873,82.016602873723,-521.279602873713,-0.5295754015388185,APOLLOHOSP
2026-09-22,SHORT,11,2026-09-22 12:00:00,8900.0,8895.55,2026-09-22 15:00:00,8878.5,8882.9392,square_off,236.5,97.78174999998191,40,24.462762500000004,6.003795819725001,0.19556338175,2.9313699525,8.3158846562655,81.9093763102405,56.808873689777585,0.058027450142775876,APOLLOHOSP
2026-09-23,LONG,11,2026-09-23 12:00:00,8937.0,8941.4685,2026-09-23 15:00:00,9047.5,9042.9762,square_off,1215.5,98.91474999999264,40,24.868184687499998,6.073346992074999,0.19782889224999997,2.9506846049999997,8.3288116591785,82.4188568360035,1034.166393164004,1.051976352817199,APOLLOHOSP
2026-09-24,SHORT,11,2026-09-24 11:15:00,8983.0,8978.5085,2026-09-24 15:00:00,8947.5,8951.9737,square_off,390.5,98.61774999999216,40,24.690898375,6.055123855825,0.19723530474999998,2.9541513375,8.3254246489035,82.22283352197849,209.65941647802936,0.21217796896969968,APOLLOHOSP
2026-09-25,SHORT,11,2026-09-25 10:00:00,8874.5,8870.0628,2026-09-25 15:00:00,8893.0,8897.4465,square_off,-203.5,97.7212499999896,40,24.392672562500003,6.0000878737250005,0.19544260175,2.9361573450000003,8.315195485585498,81.8395558685605,-383.0608058685501,-0.39240193390516254,APOLLOHOSP
2026-09-29,SHORT,11,2026-09-29 10:00:00,8822.5,8818.0888,2026-09-29 15:00:00,8714.5,8718.8572,square_off,1188.0,96.45349999998143,40,24.249744062500003,5.9222266642,0.192906406,2.8772228925,8.300723952635998,81.54282397783601,1010.0036760221826,1.0407312666706332,APOLLOHOSP
2026-09-30,SHORT,12,2026-09-30 11:30:00,8180.5,8176.4098,2026-09-30 15:00:00,8095.0,8099.0475,square_off,1026.0,97.65299999998751,40,24.529229250000004,5.9958784509,0.195305487,2.9156571,8.314413108821999,81.95048339672199,846.3965166032905,0.8622094376905349,APOLLOHOSP
2026-08-04,SHORT,36,2026-08-04 12:45:00,2765.9,2764.5171,2026-08-04 15:00:00,2737.9,2739.269,square_off,1008.0,99.06839999999102,40,24.880653450000004,6.082784287200001,0.19813629600000005,2.9584104660000006,8.330565704976,82.45055020417601,826.481049795833,0.830030259184104,ASIANPAINT
2026-08-06,SHORT,36,2026-08-06 10:00:00,2753.2,2751.8234,2026-08-06 15:00:00,2744.6,2745.9723,square_off,309.5999999999967,98.96040000000175,40,24.7664106,6.07616380764,0.19792064519999997,2.965650084,8.3293352015112,82.3354803383512,128.30411966164377,0.12944948873799758,ASIANPAINT
2026-08-07,SHORT,36,2026-08-07 11:15:00,2712.9,2711.5436,2026-08-07 15:00:00,2707.7,2709.0538,square_off,187.20000000000982,97.57079999999041,40,24.403891950000006,5.99084424648,0.1951415064,2.925778158,8.3134774355184,81.8291332963984,7.800066703621013,0.00798660177467021,ASIANPAINT
2026-08-10,LONG,36,2026-08-10 11:45:00,2738.9,2740.2694,2026-08-10 15:00:00,2750.9,2749.5246,square_off,432.0,98.81639999998879,40,24.745720950000003,6.0673203288,0.197632584,2.959491006,8.327691524304,82.297856393104,250.88574360690723,0.25444698358922196,ASIANPAINT
2026-08-11,SHORT,36,2026-08-11 10:15:00,2732.1,2730.734,2026-08-11 15:00:00,2730.3,2731.6651,square_off,64.79999999999018,98.32319999997344,40,24.576605550000004,6.03704348532,0.19664636759999998,2.950198362,8.3220641735256,82.0825579384456,-115.60575793842887,-0.11753856205282555,ASIANPAINT
2026-08-12,SHORT,36,2026-08-12 10:15:00,2715.3,2713.9424,2026-08-12 15:00:00,2709.6,2710.9548,square_off,205.20000000000982,97.64819999999963,40,24.425481150000003,5.995596330180001,0.19529629739999999,2.927831184,8.3143606729644,81.8585656345444,25.693234365465784,0.026284423621561952,ASIANPAINT
2026-08-13,LONG,36,2026-08-13 12:15:00,2743.1,2744.4715,2026-08-13 15:00:00,2732.8,2731.4336,square_off,-370.7999999999902,98.5661999999902,40,24.582902400000002,6.05197037178,0.1971325854,2.9640292739999996,8.3248385322924,82.1208731634724,-551.4870731634528,-0.5584588737432638,ASIANPAINT
2026-08-14,SHORT,36,2026-08-14 10:45:00,2721.7,2720.3391,2026-08-14 15:00:00,2707.2,2708.5536,square_off,522.0,97.72019999999793,40,24.483052349999998,6.0000122673,0.19544013899999996,2.925237888,8.315181433133999,81.91892407743399,342.3608759225681,0.3494148631804551,ASIANPAINT
2026-08-17,SHORT,37,2026-08-17 10:30:00,2696.2,2694.8519,2026-08-17 15:00:00,2704.1,2705.452,square_off,-292.30000000000337,99.90554999998767,40,24.927380075000002,6.134205256805,0.19981124614999998,3.0030517755,8.3401229705319,82.6045713239869,-474.8101213239779,-0.47595526970288304,ASIANPAINT
2026-08-18,SHORT,37,2026-08-18 11:30:00,2643.9,2642.578,2026-08-18 15:00:00,2637.2,2638.5186,square_off,247.9000000000101,97.7003500000028,40,24.4438469625,5.998797684735,0.19540057605,2.928755646,8.3149556869413,81.8817565562263,68.31789344378099,0.06983734454913655,ASIANPAINT
2026-08-19,LONG,38,2026-08-19 10:00:00,2628.9,2630.2144,2026-08-19 15:00:00,2620.8,2619.4896,square_off,-307.79999999999654,99.74429999998847,40,24.885151200000003,6.124304744730001,0.1994887539,2.9984444729999997,8.3382828297534,82.5456720013834,-490.08997200136844,-0.4905893920024269,ASIANPAINT
2026-08-20,SHORT,38,2026-08-20 10:00:00,2612.2,2610.8939,2026-08-20 15:00:00,2629.7,2631.0148,square_off,-665.0,99.59609999998247,40,24.803492050000003,6.11521074775,0.19919253249999996,2.9993569289999997,8.336592590445001,82.453844849695,-847.0499448496774,-0.8533338956572979,ASIANPAINT
2026-08-25,SHORT,38,2026-08-25 10:00:00,2618.0,2616.691,2026-08-25 15:00:00,2631.9,2633.2159,square_off,-528.2000000000035,99.74809999997888,40,24.858564500000004,6.12454144787,0.1994964641,3.0018661829999997,8.3383268241546,82.5227954191246,-710.4708954191069,-0.7141559400698674,ASIANPAINT
2026-08-26,SHORT,37,2026-08-26 10:00:00,2657.0,2655.6715,2026-08-26 15:00:00,2643.2,2644.5216,square_off,510.60000000000673,98.05369999999402,40,24.564961375,6.020489342289999,0.19610714469999996,2.9354189759999993,8.318987367658199,82.03596420564818,330.51033579436455,0.3361954000085084,ASIANPAINT
2026-08-27,SHORT,38,2026-08-27 10:00:00,2629.6,2628.2852,2026-08-27 15:00:00,2637.9,2639.219,square_off,-315.4000000000069,100.08249999998134,40,24.968709400000005,6.14507034139,0.20016515769999998,3.008709603,8.342142389836201,82.6647968919262,-498.14729689191444,-0.4985221855754672,ASIANPAINT
2026-08-28,SHORT,38,2026-08-28 10:30:00,2618.6,2617.2907,2026-08-28 15:00:00,2591.1,2592.3955,square_off,1045.0,98.98429999998916,40,24.86426165,6.07761997925,0.19796807749999998,2.9553309269999994,8.329605850215,82.42478648396501,863.5909135160458,0.8678712545434542,ASIANPAINT
2026-09-01,SHORT,38,2026-09-01 10:30:00,2583.8,2582.5081,2026-09-01 15:00:00,2569.4,2570.6847,square_off,547.2000000000035,97.91079999997783,40,24.533826950000005,6.0117147204800006,0.1958213264,2.930580558,8.3173564884384,81.9893000433184,367.29989995670724,0.37409191272412645,ASIANPAINT
2026-09-02,SHORT,39,2026-09-02 10:00:00,2521.9,2520.6391,2026-09-02 15:00:00,2528.0,2529.264,square_off,-237.89999999999645,98.47304999998187,40,24.5762307375,6.046248921765,0.19694621894999997,2.9592388799999996,8.323775125328698,82.1024398835437,-418.475489883522,-0.4254784395195747,ASIANPAINT
2026-09-03,SHORT,39,2026-09-03 11:15:00,2516.1,2514.842,2026-09-03 15:00:00,2540.4,2541.6702,square_off,-947.7000000000071,98.6017499999939,40,24.5197090125,6.054161997195,0.19720397385,2.973754134,8.325245874788099,82.07007499233309,-1128.371824992334,-1.1498990857771685,ASIANPAINT
2026-09-04,LONG,39,2026-09-04 10:00:00,2546.2,2547.4731,2026-09-04 15:00:00,2525.6,2524.3372,square_off,-803.3999999999965,98.90009999999438,40,24.6122877,6.072478472189999,0.19780060169999997,2.9805435269999996,8.328650233300198,82.19176053419018,-984.491860534181,-0.9914139124710539,ASIANPAINT
2026-09-07,SHORT,39,2026-09-07 10:15:00,2512.0,2510.744,2026-09-07 15:00:00,2493.9,2495.147,square_off,705.8999999999965,97.61504999998442,40,24.479754,5.993553234435,0.19522974704999999,2.9193219315,8.3139809366673,81.9018398496523,526.3831101503597,0.5373010678490524,ASIANPAINT
2026-09-08,SHORT,40,2026-09-08 10:00:00,2475.8,2474.5621,2026-09-08 15:00:00,2491.2,2492.4456,square_off,-615.9999999999854,99.33999999999287,40,24.745621,6.099485455599999,0.19868030799999997,2.9909347199999994,8.333669837448,82.368391321048,-797.7083913210263,-0.8055056863650399,ASIANPAINT
2026-09-09,LONG,40,2026-09-09 14:15:00,2480.1,2481.34,2026-09-09 15:00:00,2480.8,2479.5596,square_off,28.000000000010914,99.21799999998257,40,24.795596000000007,6.0919847702,0.198435986,2.9776080599999997,8.332275736116,82.39590055231601,-153.61390055228765,-0.15484647852131733,ASIANPAINT
2026-09-10,LONG,40,2026-09-10 12:00:00,2486.9,2488.1434,2026-09-10 15:00:00,2489.7,2488.4551,square_off,111.99999999998909,99.53199999999924,40,24.884551499999997,6.1112630808,0.199063944,2.98577214,8.335858864464,82.516509529264,-70.04850952927416,-0.07041749721467908,ASIANPAINT
2026-09-11,SHORT,40,2026-09-11 10:30:00,2448.9,2447.6756,2026-09-11 15:00:00,2463.4,2464.6317,square_off,-580.0,98.245999999981,40,24.476755500000003,6.0323133030000005,0.19649229000000001,2.95755804,8.321185006739999,81.98430413973998,-760.2303041397209,-0.776093658519867,ASIANPAINT
2026-09-15,SHORT,40,2026-09-15 10:00:00,2447.7,2446.4762,2026-09-15 15:00:00,2416.2,2417.4081,square_off,1260.0,97.27799999998751,40,24.4647615,5.972849859,0.19455536999999998,2.90088972,8.310132941220001,81.84318939022002,1080.8788106097925,1.1039739455507134,ASIANPAINT
2026-09-16,LONG,40,2026-09-16 11:45:00,2439.6,2440.8198,2026-09-16 15:00:00,2431.4,2430.1843,square_off,-327.9999999999927,97.4199999999837,40,24.301843000000005,5.9815930348,0.19484016399999998,2.9289837599999995,8.311757975784,81.719017934584,-507.13901793456046,-0.5196948453994101,ASIANPAINT
2026-09-17,SHORT,41,2026-09-17 11:15:00,2423.3,2422.0884,2026-09-17 15:00:00,2446.6,2447.8233,square_off,-955.2999999999888,99.83294999997497,40,24.826405587500005,6.129757793855,0.19966637764999998,3.010822658999999,8.3392963508709,82.50594876887591,-1137.6388987688397,-1.145020848177037,ASIANPAINT
2026-09-18,SHORT,40,2026-09-18 10:30:00,2455.4,2454.1723,2026-09-18 15:00:00,2462.5,2463.7312,square_off,-283.99999999999636,98.35799999998926,40,24.541723,6.0391855594,0.19671614199999998,2.9564775,8.322462306252,82.05656450765201,-464.41456450763764,-0.47285021229498003,ASIANPAINT
2026-09-22,SHORT,40,2026-09-22 10:45:00,2450.2,2448.9749,2026-09-22 15:00:00,2446.0,2447.223,square_off,167.99999999999272,97.92399999998452,40,24.489749000000003,6.012531021200001,0.195847916,2.9366676,8.317508208696001,81.952303745896,-11.876303745887796,-0.012117688092694265,ASIANPAINT
2026-09-24,SHORT,41,2026-09-24 13:45:00,2410.8,2409.5946,2026-09-24 15:00:00,2397.7,2398.8988,square_off,537.1000000000149,98.5742499999833,40,24.698344650000003,6.052450705515,0.19714823145,2.9506455854999993,8.324927808653701,82.22351698111869,356.30223301891294,0.36047363391052556,ASIANPAINT
2026-09-25,LONG,41,2026-09-25 10:15:00,2428.5,2429.7142,2026-09-25 15:00:00,2432.5,2431.2838,square_off,164.0,99.65049999999746,40,24.920658437500002,6.1185381826,0.199300918,2.9885485275,8.337211038108,82.56425710370802,-18.21475710370548,-0.01829369439501999,ASIANPAINT
2026-09-28,SHORT,41,2026-09-28 14:15:00,2415.3,2414.0924,2026-09-28 15:00:00,2418.5,2419.7092,square_off,-131.19999999999254,99.09289999998828,40,24.744446587500004,6.084306073920001,0.1981858656,2.9762423774999998,8.3308485491136,82.3340294536336,-312.6269294536144,-0.31569772118760625,ASIANPAINT
2026-09-29,LONG,41,2026-09-29 11:15:00,2418.9,2420.1094,2026-09-29 15:00:00,2415.0,2413.7925,square_off,-159.90000000000373,99.09494999999242,40,24.741373125000003,6.084432384465,0.19818997994999998,2.9767346235,8.3308720255947,82.3316021385097,-341.32655213850586,-0.34416626801590505,ASIANPAINT
2026-09-30,SHORT,41,2026-09-30 10:45:00,2407.9,2406.696,2026-09-30 15:00:00,2396.7,2397.8983,square_off,459.2000000000112,98.49429999998938,40,24.668634512500002,6.0475429712799995,0.19698837039999997,2.9494149704999995,8.324015641502399,82.18659646618241,278.51910353383937,0.28211922698945174,ASIANPAINT
2026-08-03,LONG,80,2026-08-03 11:30:00,1245.7,1246.3228,2026-08-03 15:00:00,1254.0,1253.373,square_off,663.9999999999964,99.98799999999392,40,25.06746,6.139253007600001,0.199975668,2.9911748400000002,8.341061161608,82.73892467720799,481.27307532279445,0.48293436955406044,AXISBANK
2026-08-04,SHORT,80,2026-08-04 12:45:00,1248.1,1247.476,2026-08-04 15:00:00,1249.9,1250.525,square_off,-144.00000000001455,99.9199999999837,40,24.949519000000002,6.1350902104,0.19984007199999998,3.00125988,8.340287450832001,82.62599661323202,-326.5459966132303,-0.32704310212846555,AXISBANK
2026-08-05,SHORT,80,2026-08-05 10:30:00,1249.2,1248.5754,2026-08-05 15:00:00,1252.1,1252.726,square_off,-231.9999999999891,100.05199999997785,40,24.971508000000004,6.143196361199999,0.20010411599999997,3.006542519999999,8.341794085896,82.663145083096,-414.7151450830629,-0.4149807327520242,AXISBANK
2026-08-06,SHORT,79,2026-08-06 10:00:00,1250.9,1250.2746,2026-08-06 15:00:00,1255.2,1255.8276,square_off,-339.6999999999964,98.99095000000239,40,24.692922362500003,6.078049544395,0.19798206985,2.9763114120000003,8.329685690564101,82.2749510793091,-520.9659010793079,-0.5271808359543739,AXISBANK
2026-08-07,SHORT,80,2026-08-07 10:30:00,1245.8,1245.1771,2026-08-07 15:00:00,1244.0,1244.622,square_off,143.99999999999636,99.59199999997509,40,24.903542,6.1149465896,0.19918392799999998,2.9870927999999997,8.336543493168,82.54130881076799,-38.13330881074671,-0.03826186868954358,AXISBANK
2026-08-11,SHORT,81,2026-08-11 12:45:00,1228.4,1227.7858,2026-08-11 15:00:00,1231.8,1232.4159,square_off,-275.39999999998895,99.63809999999944,40,24.862662450000006,6.11778356739,0.1992763377,2.994770637,8.3370707829162,82.51156377500621,-457.5496637749946,-0.45984705968518175,AXISBANK
2026-08-12,SHORT,81,2026-08-12 11:30:00,1223.5,1222.8882,2026-08-12 15:00:00,1223.3,1223.9116,square_off,16.200000000003683,99.09539999998833,40,24.7634870625,6.08445731133,0.19819079189999997,2.9741053094999996,8.3308766585814,82.35111713381141,-165.24651713379606,-0.1667413533667288,AXISBANK
2026-08-13,SHORT,82,2026-08-13 10:30:00,1217.3,1216.6914,2026-08-13 15:00:00,1218.7,1219.3094,square_off,-114.80000000000746,99.87599999998747,40,24.942172675000002,6.13238816218,0.1997520574,2.999501001,8.3397852395244,82.61359913510441,-297.28959913509937,-0.29782986250568466,AXISBANK
2026-08-17,SHORT,82,2026-08-17 11:45:00,1213.8,1213.1931,2026-08-17 15:00:00,1234.6,1235.2173,square_off,-1705.5999999999963,100.38439999999036,40,24.87045855,6.16362834096,0.20076965279999998,3.0386345579999996,8.3455916388768,82.6190827406368,-1888.6034827406233,-1.897491332140369,AXISBANK
2026-08-18,LONG,80,2026-08-18 11:15:00,1238.2,1238.8191,2026-08-18 15:00:00,1248.1,1247.476,square_off,791.9999999999891,99.45199999998295,40,24.949519000000002,6.106340642799999,0.19890360399999998,2.9731658399999996,8.334943964424,82.562873051224,609.9851269487822,0.615798262547228,AXISBANK
2026-08-19,SHORT,81,2026-08-19 12:15:00,1226.6,1225.9867,2026-08-19 15:00:00,1237.0,1237.6185,square_off,-842.4000000000074,99.77580000000171,40,24.826230674999998,6.12624705084,0.19955202119999998,3.0074129550000004,8.3386438329672,82.49808653500722,-1024.6738865350162,-1.0313300909419556,AXISBANK
2026-08-20,LONG,79,2026-08-20 10:00:00,1252.2,1252.8261,2026-08-20 15:00:00,1248.7,1248.0757,square_off,-276.5,98.7855499999821,40,24.649494087500003,6.065437014275,0.19757123825,2.969197857,8.3273414854545,82.20904168247951,-457.4945916824616,-0.4624717122496928,AXISBANK
2026-08-21,SHORT,80,2026-08-21 12:00:00,1244.3,1243.6778,2026-08-21 15:00:00,1243.4,1244.0217,square_off,71.99999999998909,99.50799999998708,40,24.873557,6.1097900948,0.199015964,2.9856520800000004,8.335585090584,82.503600229384,-110.011600229382,-0.11051555114259222,AXISBANK
2026-08-24,SHORT,80,2026-08-24 10:00:00,1240.0,1239.38,2026-08-24 15:00:00,1235.4,1236.0177,square_off,367.9999999999927,99.01599999999235,40,24.7876,6.079576751200001,0.19803181600000003,2.9664424800000004,8.329969542096,82.36162058929598,186.6223794107044,0.18812739859950042,AXISBANK
2026-08-25,SHORT,81,2026-08-25 12:30:00,1232.4,1231.7838,2026-08-25 15:00:00,1236.8,1237.4184,square_off,-356.39999999998895,100.00259999998161,40,24.943621950000004,6.14016511074,0.20000537819999997,3.006926712,8.3412306880092,82.63194983894921,-539.0345498389198,-0.5399827595647154,AXISBANK
2026-08-26,LONG,79,2026-08-26 11:15:00,1252.9,1253.5264,2026-08-26 15:00:00,1256.7,1256.0716,square_off,300.1999999999964,99.12919999999463,40,24.8074150875,6.08652827193,0.19825824990000002,2.9708576865,8.3312615739294,82.3943208697594,118.67647913024238,0.11990054378170985,AXISBANK
2026-08-27,LONG,79,2026-08-27 10:00:00,1260.1,1260.73,2026-08-27 15:00:00,1257.5,1256.8713,square_off,-205.39999999999281,99.44519999998715,40,24.823207187500003,6.10593843289,0.1988905027,2.9879302185,8.3348692084062,82.4508355499962,-387.2960355499762,-0.38905495299245507,AXISBANK
2026-08-28,LONG,79,2026-08-28 10:15:00,1257.1,1257.7285,2026-08-28 15:00:00,1263.2,1262.5684,square_off,481.9000000000108,99.55184999998733,40,24.9357259,6.112476192835,0.19910345905,2.9808166634999997,8.3360843373393,82.56420655272429,299.7839434472992,0.30186408888379745,AXISBANK
2026-08-31,LONG,79,2026-08-31 11:15:00,1260.1,1260.73,2026-08-31 15:00:00,1266.0,1265.367,square_off,466.1000000000072,99.78095000000167,40,24.99099825,6.126543175365001,0.19956166695,2.9879302185,8.3386988716167,82.6437321824317,283.67531781757384,0.2849636384269019,AXISBANK
2026-09-01,LONG,78,2026-09-01 11:00:00,1272.1,1272.736,2026-09-01 15:00:00,1258.2,1257.5709,square_off,-1084.1999999999894,98.68169999997826,40,24.52263255,6.05907302247,0.19736394209999997,2.9782023569999994,8.326158653622599,82.0834305251926,-1264.9651305251602,-1.2748605984906447,AXISBANK
2026-09-02,LONG,79,2026-09-02 10:30:00,1263.0,1263.6315,2026-09-02 15:00:00,1252.5,1251.8738,square_off,-829.5,99.362249999999,40,24.7245065625,6.100854882825001,0.19872491474999998,2.994806655,8.3339243635635,82.3528173786385,-1011.2150673786375,-1.0134751168893006,AXISBANK
2026-09-04,LONG,78,2026-09-04 11:45:00,1270.1,1270.735,2026-09-04 15:00:00,1279.2,1278.5604,square_off,709.8000000000106,99.42269999998734,40,24.9319278,6.10454288457,0.19884504509999998,2.973520017,8.3346098273406,82.54344557401059,527.8338544260127,0.5328006218226435,AXISBANK
2026-09-07,SHORT,79,2026-09-07 10:30:00,1264.8,1264.1676,2026-09-07 15:00:00,1263.7,1264.3318,square_off,86.89999999999281,99.87574999999583,40,24.9673101,6.132369716085,0.19975145654999998,2.9964664845000004,8.3397818110743,82.6356795682093,-95.61142956821232,-0.09568874607504095,AXISBANK
2026-09-08,SHORT,79,2026-09-08 10:30:00,1252.9,1252.2736,2026-09-08 15:00:00,1246.0,1246.623,square_off,545.1000000000072,98.70654999998396,40,24.732402612500003,6.060573802715,0.19741282745,2.95449651,8.326437593429699,82.2713233460947,364.1221266539285,0.367877791022477,AXISBANK
2026-09-09,LONG,80,2026-09-09 10:15:00,1243.7,1244.3218,2026-09-09 15:00:00,1241.1,1240.4794,square_off,-208.0000000000109,99.39199999998891,40,24.809589,6.1026719928,0.19878410400000002,2.9863724400000002,8.334262097423998,82.431679634224,-389.8236796342238,-0.3917983432843771,AXISBANK
2026-09-10,LONG,79,2026-09-10 10:30:00,1253.8,1254.4269,2026-09-10 15:00:00,1246.5,1245.8768,square_off,-576.6999999999964,98.76184999998804,40,24.606065812500002,6.063986442345,0.19752398835,2.972991753,8.3270718775251,82.1676398737201,-757.6294898737045,-0.7648944574303783,AXISBANK
2026-09-11,LONG,80,2026-09-11 10:15:00,1242.7,1243.3214,2026-09-11 15:00:00,1250.2,1249.5749,square_off,600.0,99.71599999998944,40,24.991498,6.12255319,0.1994317,2.9839712400000002,8.337957280200001,82.63541141020002,417.6485885898105,0.4201019841774066,AXISBANK
2026-09-15,SHORT,80,2026-09-15 11:00:00,1236.1,1235.4819,2026-09-15 15:00:00,1222.8,1223.4114,square_off,1063.9999999999964,98.3560000000034,40,24.709638999999996,6.0390420676,0.19671146799999997,2.93618736,8.322435636407999,82.204015532008,883.4399844679849,0.8933743067591466,AXISBANK
2026-09-16,LONG,80,2026-09-16 10:00:00,1234.2,1234.8171,2026-09-16 15:00:00,1244.6,1243.9777,square_off,831.9999999999891,99.15199999999459,40,24.879553999999995,6.087920028799999,0.19830358399999998,2.96356104,8.331520250304,82.460858903104,650.3871410968904,0.6587132769171229,AXISBANK
2026-09-17,LONG,79,2026-09-17 10:15:00,1255.6,1256.2278,2026-09-17 15:00:00,1241.1,1240.4794,square_off,-1145.5,98.61964999998781,40,24.4994691375,6.055264093425,0.19723987275,2.9772598859999997,8.325450713911499,82.05468370358649,-1326.1743337035743,-1.336971717292428,AXISBANK
2026-09-18,SHORT,80,2026-09-18 10:30:00,1243.5,1242.8782,2026-09-18 15:00:00,1245.5,1246.1228,square_off,-160.0,99.56000000000131,40,24.857564999999997,6.112986456,0.19912007999999998,2.9906946000000003,8.336179176479998,82.49654531248,-342.0565453124813,-0.3438445369043841,AXISBANK
2026-09-21,SHORT,80,2026-09-21 10:00:00,1244.6,1243.9777,2026-09-21 15:00:00,1247.7,1248.3238,square_off,-248.0000000000109,99.69199999999546,40,24.879553999999995,6.1210926068,0.19938412399999997,2.9959772399999998,8.337685811543999,82.53369378234402,-430.2256937823504,-0.4320923326594392,AXISBANK
2026-09-22,LONG,79,2026-09-22 10:15:00,1252.5,1253.1262,2026-09-22 15:00:00,1242.4,1241.7788,square_off,-797.8999999999928,98.54855000000566,40,24.5251313,6.050893217765,0.19709749895,2.9699092125,8.3246383290087,82.06766955822368,-978.5162195582221,-0.9889246515154219,AXISBANK
2026-09-23,LONG,79,2026-09-23 11:15:00,1251.1,1251.7255,2026-09-23 15:00:00,1245.9,1245.2771,square_off,-410.79999999998563,98.63149999999382,40,24.594221737500003,6.055980405780001,0.19726320539999997,2.9665895535,8.3255838500124,82.13963875219241,-591.5711387521719,-0.598532672263266,AXISBANK
2026-09-24,SHORT,84,2026-09-24 12:00:00,1190.4,1189.8048,2026-09-24 15:00:00,1190.2,1190.7951,square_off,16.80000000000382,99.98519999999826,40,24.985900800000003,6.139091022120001,0.19997039160000002,3.000803652,8.3410310544696,82.6667969201896,-165.85199692018404,-0.16586261212736017,AXISBANK
2026-09-25,LONG,83,2026-09-25 10:00:00,1202.7,1203.3014,2026-09-25 15:00:00,1221.5,1220.8893,square_off,1560.3999999999962,100.60429999997814,40,25.3334519375,6.17708006786,0.2012078198,2.9962203615,8.3480918197788,83.0560520064388,1376.7396479935792,1.3791656002844794,AXISBANK
2026-09-28,SHORT,82,2026-09-28 12:15:00,1207.5,1206.8962,2026-09-28 15:00:00,1207.2,1207.8036,square_off,24.59999999999627,99.00269999999227,40,24.741373125000003,6.07876540239,0.19800538769999998,2.971196856,8.3298187422162,82.3191595133062,-156.7218595133022,-0.15828092664071325,AXISBANK
2026-09-29,SHORT,83,2026-09-29 11:00:00,1194.0,1193.403,2026-09-29 15:00:00,1200.2,1200.8001,square_off,-514.6000000000038,99.3592999999887,40,24.763112250000002,6.10066891911,0.1987188573,2.989992249,8.333889799753798,82.3863820751638,-696.3456820751562,-0.7026555287230896,AXISBANK
2026-09-30,LONG,82,2026-09-30 11:00:00,1217.9,1218.509,2026-09-30 15:00:00,1228.1,1227.486,square_off,836.3999999999851,100.28599999997778,40,25.163461975,6.1575475612599995,0.20057158179999995,2.9975320169999997,8.344461445750799,82.8635745808108,653.2504254191965,0.6541151656682098,AXISBANK
2026-08-03,SHORT,27,2026-08-03 10:45:00,3639.0,3637.1805,2026-08-03 15:00:00,3580.1,3581.89,square_off,1590.3000000000025,97.45784999997886,40,24.550968375000004,5.983887578895001,0.19491490485000001,2.9013309405,8.3121844470741,81.9432862463191,1410.8988637537045,1.4359855309799239,BSE
2026-08-04,LONG,27,2026-08-04 10:00:00,3625.9,3627.713,2026-08-04 15:00:00,3594.7,3592.9026,square_off,-842.4000000000074,97.47809999999527,40,24.252092887499998,5.98516827084,0.19495662119999999,2.9384474895,8.3124224805672,81.68308774960721,-1021.5611877496099,-1.0434816058435656,BSE
2026-08-05,SHORT,28,2026-08-05 10:15:00,3545.5,3543.7272,2026-08-05 15:00:00,3518.3,3520.0592,square_off,761.5999999999949,98.89319999998588,40,24.806090750000003,6.072030789440001,0.1977860192,2.956849686,8.328567025555202,82.36132427019521,580.3454757298139,0.5845895961982128,BSE
2026-08-06,SHORT,28,2026-08-06 13:00:00,3477.0,3475.2615,2026-08-06 15:00:00,3464.9,3466.6324,square_off,338.79999999999745,97.18659999999727,40,24.3268305,5.96725203942,0.1943730306,2.911971258,8.3090925126036,81.7095193406236,159.90388065937657,0.164246559697786,BSE
2026-08-10,LONG,28,2026-08-10 10:00:00,3486.0,3487.743,2026-08-10 15:00:00,3601.2,3599.3994,square_off,3225.599999999995,99.22079999998641,40,25.1957958,6.092107607040001,0.1984399872,2.9297041200000002,8.3322985669632,82.74834608120321,3043.6308539188053,3.118218643880425,BSE
2026-08-12,SHORT,28,2026-08-12 11:30:00,3546.9,3545.1266,2026-08-12 15:00:00,3528.0,3529.764,square_off,529.2000000000025,99.04859999998189,40,24.815885850000004,6.08157591678,0.1980969354,2.96500176,8.3303411133924,82.3909015755724,347.76049842444826,0.3501654346294836,BSE
2026-08-13,SHORT,28,2026-08-13 12:00:00,3493.0,3491.2535,2026-08-13 15:00:00,3495.1,3496.8475,square_off,-58.79999999999745,97.83339999998134,40,24.438774500000005,6.00697166258,0.1956668294,2.937351942,8.3164749285564,81.89523986253641,-238.5286398625152,-0.2438843399682173,BSE
2026-08-14,SHORT,28,2026-08-14 10:30:00,3468.7,3466.9656,2026-08-14 15:00:00,3448.0,3449.724,square_off,579.5999999999949,96.83379999998397,40,24.268759550000002,5.94558642314,0.1936673102,2.89776816,8.305065672001199,81.61084711534119,401.15535288466975,0.4130359180309109,BSE
2026-08-17,LONG,29,2026-08-17 13:15:00,3342.1,3343.771,2026-08-17 15:00:00,3340.6,3338.9297,square_off,-43.5,96.8991499999911,40,24.207240325000004,5.9496084777250005,0.19379832175,2.9090808134999997,8.3058132239055,81.56554116188049,-221.9646911618716,-0.22901633307353897,BSE
2026-08-18,LONG,30,2026-08-18 13:45:00,3311.1,3312.7556,2026-08-18 15:00:00,3311.0,3309.3445,square_off,-2.9999999999972715,99.33149999999387,40,24.820083750000002,6.09895414605,0.1986630015,2.981479995,8.333571086559001,82.43275197910901,-184.76425197910015,-0.18600490469340517,BSE
2026-08-19,LONG,29,2026-08-19 10:15:00,3359.2,3360.8796,2026-08-19 15:00:00,3343.4,3341.7283,square_off,-458.1999999999921,97.18769999999449,40,24.227530175000002,5.9673318133699995,0.19437562909999997,2.923965252,8.3091073396446,81.62231020911459,-637.0100102091012,-0.653901596243257,BSE
2026-08-20,SHORT,29,2026-08-20 13:00:00,3345.1,3343.4274,2026-08-20 15:00:00,3296.1,3297.748,square_off,1421.0,96.29739999998719,40,24.239849012500002,5.91263854765,0.1925940895,2.8690408035,8.298941874687,81.51306432783701,1243.1895356721757,1.2815343241861497,BSE
2026-08-24,LONG,29,2026-08-24 10:00:00,3337.5,3339.1688,2026-08-24 15:00:00,3303.7,3302.0482,square_off,-980.2000000000053,96.29739999998719,40,23.9398490875,5.91267540607,0.19259529009999998,2.9050768125,8.298948725310598,81.2491453214806,-1157.7465453214731,-1.196173622959032,BSE
2026-08-25,SHORT,30,2026-08-25 11:15:00,3295.7,3294.0522,2026-08-25 15:00:00,3299.7,3301.3498,square_off,-120.0,98.93099999998867,40,24.705391125,6.074365242,0.19786205999999998,2.971214865,8.329000914359998,82.27783420636,-301.2088342063487,-0.30464831366765655,BSE
2026-08-26,SHORT,30,2026-08-26 12:45:00,3319.5,3317.8403,2026-08-26 15:00:00,3335.6,3337.2678,square_off,-482.99999999999727,99.82649999998557,40,24.883801875000003,6.12935451405,0.19965324149999997,3.0035410199999997,8.339221395999,82.55557204654902,-665.3820720465319,-0.6681549149435476,BSE
2026-08-27,SHORT,29,2026-08-27 10:00:00,3336.2,3334.5319,2026-08-27 15:00:00,3322.0,3323.661,square_off,411.7999999999947,96.54389999998466,40,24.175356275,5.92778913887,0.19308759409999998,2.89158507,8.3017578119346,81.48957588990461,233.76652411010545,0.2416196458391702,BSE
2026-08-28,LONG,29,2026-08-28 13:00:00,3387.7,3389.3938,2026-08-28 15:00:00,3405.0,3403.2975,square_off,501.7000000000053,98.49414999998635,40,24.673906875,6.047533108905,0.19698804914999998,2.9487726495,8.3240138084499,82.1912144910049,321.01463550901406,0.32675473595554516,BSE
2026-08-31,SHORT,30,2026-08-31 10:30:00,3323.0,3321.3385,2026-08-31 15:00:00,3280.5,3282.1402,square_off,1275.0,99.05249999998887,40,24.910038750000005,6.08180392875,0.19810436250000002,2.953926225,8.330383492425,82.47425675867503,1093.4732432413361,1.0968735512502117,BSE
2026-09-01,SHORT,30,2026-09-01 10:15:00,3256.0,3254.372,2026-09-01 15:00:00,3242.9,3244.5214,square_off,392.99999999999727,97.48349999998027,40,24.407790000000002,5.985480867450001,0.19496680349999998,2.9200693049999997,8.312480580770998,81.820787556721,213.695712443296,0.21877120438502867,BSE
2026-09-02,SHORT,31,2026-09-02 10:15:00,3190.0,3188.405,2026-09-02 15:00:00,3169.0,3170.5845,square_off,651.0,98.56449999999177,40,24.710138750000002,6.05185030715,0.1971286745,2.948643585,8.324816216696998,82.232577533347,470.2029224666612,0.4754807588903441,BSE
2026-09-03,LONG,30,2026-09-03 11:45:00,3270.4,3272.0352,2026-09-03 15:00:00,3304.5,3302.8478,square_off,1022.9999999999973,98.6234999999806,40,24.771358125000003,6.0554671969500005,0.19724648849999998,2.94483168,8.325488463381,82.294391953831,842.0821080461857,0.8582865582662527,BSE
2026-09-07,SHORT,29,2026-09-07 12:30:00,3423.1,3421.3884,2026-09-07 15:00:00,3448.0,3449.724,square_off,-722.1000000000026,99.63094999999112,40,24.805066262500002,6.117351414234999,0.19926226104999997,3.0012598799999997,8.3369904615513,82.4599302793363,-904.19088027933,-0.9108409299085928,BSE
2026-09-08,SHORT,29,2026-09-08 11:15:00,3369.8,3368.1151,2026-09-08 15:00:00,3395.0,3396.6975,square_off,-730.7999999999947,98.0895999999857,40,24.418834475000004,6.0227126577800005,0.19617956539999998,2.955126825,8.3194006001724,81.91225412335241,-910.8018541233329,-0.9320125968013376,BSE
2026-09-10,SHORT,30,2026-09-10 11:00:00,3267.2,3265.5664,2026-09-10 15:00:00,3297.1,3298.7485,square_off,-897.0000000000027,98.4644999999864,40,24.491748,6.04573406895,0.1969294485,2.968873695,8.323679433140999,82.026964645591,-1077.4914646455802,-1.0993016085593987,BSE
2026-09-15,SHORT,29,2026-09-15 13:30:00,3350.3,3348.6248,2026-09-15 15:00:00,3310.1,3311.755,square_off,1165.800000000008,96.57579999999643,40,24.2775301625,5.92973622497,0.1931510171,2.8812268935,8.3021197035726,81.5837640016426,987.6404359983688,1.0165229011898766,BSE
2026-09-16,SHORT,30,2026-09-16 10:15:00,3240.6,3238.9797,2026-09-16 15:00:00,3231.8,3233.4159,square_off,263.9999999999918,97.08599999999478,40,24.29234775,5.961076347600001,0.19417186799999997,2.91007431,8.307944678808,81.665614954408,85.24838504558903,0.0876878613482987,BSE
2026-09-21,SHORT,31,2026-09-21 10:00:00,3195.6,3194.0022,2026-09-21 15:00:00,3175.4,3176.9877,square_off,626.1999999999944,98.75050000000147,40,24.75351705,6.0632710878300005,0.1975006869,2.954598561,8.3269389194514,82.29582630518141,445.15367369481146,0.4493614947314771,BSE
2026-09-22,LONG,30,2026-09-22 11:15:00,3238.3,3239.9192,2026-09-22 15:00:00,3223.4,3221.7883,square_off,-447.00000000000273,96.92549999999756,40,24.16341225,5.95123256145,0.1938512235,2.9159272350000003,8.306115081291,81.53053835124099,-625.4560383512413,-0.6438110926013045,BSE
2026-09-23,SHORT,30,2026-09-23 10:00:00,3229.2,3227.5854,2026-09-23 15:00:00,3265.5,3267.1327,square_off,-1089.0000000000055,97.42049999998926,40,24.2068905,5.9816354161500005,0.19484154450000002,2.940419475,8.311765852917,81.635552788567,-1268.0560527885618,-1.3089475750325796,BSE
2026-09-24,SHORT,30,2026-09-24 10:00:00,3229.0,3227.3855,2026-09-24 15:00:00,3184.0,3185.592,square_off,1350.0,96.1949999999797,40,24.20539125,5.9063522775,0.192389325,2.8670328,8.29777348845,81.46893914095001,1172.3360608590704,1.210215815896635,BSE
2026-09-28,SHORT,32,2026-09-28 14:30:00,3111.4,3109.8443,2026-09-28 15:00:00,3099.4,3100.9497,square_off,384.0,99.37279999999737,40,24.878754400000002,6.1014840256000005,0.198745408,2.976911712,8.334041298048,82.489936843648,202.13726315635463,0.20302080972025718,BSE
2026-09-29,LONG,31,2026-09-29 11:15:00,3159.8,3161.3799,2026-09-29 15:00:00,3160.1,3158.52,square_off,9.299999999991542,97.95844999999235,40,24.478529612499997,6.014648687245,0.19591689534999998,2.940083307,8.317901804867098,81.94708030696208,-170.6055303069629,-0.1741693842474339,BSE
2026-08-04,SHORT,8,2026-08-04 11:15:00,11550.0,11544.225,2026-08-04 15:00:00,11568.0,11573.784,square_off,-144.0,92.4719999999943,40,23.08845,5.677783010400001,0.184944072,2.77770816,8.255290874832,79.984176117232,-316.4561761172263,-0.34248503908790723,BAJAJ-AUTO
2026-08-05,LONG,8,2026-08-05 10:15:00,11668.0,11673.834,2026-08-05 15:00:00,11683.0,11677.1585,square_off,120.0,93.40399999998044,40,23.354317,5.735003758,0.18680794,2.80172016,8.26592610564,80.34377496364,-53.747774963620444,-0.05758032113860606,BAJAJ-AUTO
2026-08-06,SHORT,8,2026-08-06 11:00:00,11687.0,11681.1565,2026-08-06 15:00:00,11603.0,11608.8015,square_off,672.0,93.15999999998894,40,23.362313000000004,5.7200136848,0.186319664,2.78611236,8.263140002783999,80.317898711584,498.52210128842705,0.5332015287161237,BAJAJ-AUTO
2026-08-07,LONG,8,2026-08-07 10:00:00,11725.0,11730.8625,2026-08-07 15:00:00,11642.0,11636.179,square_off,-664.0,93.46799999999348,40,23.272358,5.7389453924,0.18693633199999998,2.815407,8.266658710391999,80.28030543479198,-837.7483054347855,-0.8931218608046753,BAJAJ-AUTO
2026-08-10,LONG,8,2026-08-10 11:00:00,11767.0,11772.8835,2026-08-10 15:00:00,11689.0,11683.1555,square_off,-624.0,93.82399999999325,40,23.366311000000003,5.7608031784,0.18764831199999998,2.82549204,8.270721268272,80.410975798672,-798.2349757986652,-0.8479593097206863,BAJAJ-AUTO
2026-08-11,SHORT,8,2026-08-11 13:00:00,11700.0,11694.15,2026-08-11 15:00:00,11666.0,11671.833,square_off,272.0,93.46399999997811,40,23.388300000000005,5.7386854248,0.186927864,2.8012399199999996,8.266610391983999,80.381763600784,98.15423639923789,0.10486563717867296,BAJAJ-AUTO
2026-08-13,SHORT,8,2026-08-13 10:30:00,11616.0,11610.192,2026-08-13 15:00:00,11680.0,11685.84,square_off,-512.0,93.18399999999383,40,23.220384000000003,5.7215054592,0.186368256,2.8046016000000002,8.263417268736,80.196276583936,-685.3802765839298,-0.7375390373019217,BAJAJ-AUTO
2026-08-14,LONG,8,2026-08-14 12:00:00,11750.0,11755.875,2026-08-14 15:00:00,11698.0,11692.151,square_off,-416.0,93.79200000000128,40,23.384302,5.758835185600001,0.18758420799999997,2.82141,8.270355490848,80.42248688444802,-590.2144868844493,-0.6278877520047333,BAJAJ-AUTO
2026-08-17,SHORT,8,2026-08-17 10:30:00,11676.0,11670.162,2026-08-17 15:00:00,11712.0,11717.856,square_off,-288.0,93.55199999999604,40,23.340324000000003,5.7440972208000005,0.18710414399999997,2.81228544,8.267616245664,80.35142705046401,-461.90342705046004,-0.49450092824004377,BAJAJ-AUTO
2026-08-18,SHORT,8,2026-08-18 10:15:00,11712.0,11706.144,2026-08-18 15:00:00,11646.0,11651.823,square_off,528.0,93.43199999998615,40,23.412288,5.7367166952,0.186863736,2.7964375199999996,8.266244477615999,80.39855042881601,354.16944957119784,0.3779984733299157,BAJAJ-AUTO
2026-08-19,LONG,8,2026-08-19 10:00:00,11638.0,11643.819,2026-08-19 15:00:00,11618.0,11612.191,square_off,-160.0,93.02399999999034,40,23.224382000000002,5.711676056,0.18604808,2.79451656,8.261590344480002,80.17821304048002,-333.2022130404704,-0.3578817376702079,BAJAJ-AUTO
2026-08-20,LONG,8,2026-08-20 10:45:00,11693.0,11698.8465,2026-08-20 15:00:00,11724.0,11718.138,square_off,248.0,93.66799999999057,40,23.436276000000003,5.7512113932,0.18733587599999998,2.80772316,8.268938508456,80.451484937656,73.88051506235342,0.07897942686046505,BAJAJ-AUTO
2026-08-21,SHORT,8,2026-08-21 10:15:00,11700.0,11694.15,2026-08-21 15:00:00,11704.0,11709.852,square_off,-32.0,93.61599999997998,40,23.388300000000005,5.7480228912,0.187232016,2.8103644799999996,8.268345883296,80.402265270496,-206.01826527047598,-0.22010498426332906,BAJAJ-AUTO
2026-08-24,LONG,8,2026-08-24 10:00:00,11794.0,11799.897,2026-08-24 15:00:00,11793.0,11787.1035,square_off,-8.0,94.34799999998359,40,23.574207,5.7929673228,0.18869600399999997,2.83197528,8.276699398824,80.66454500562398,-183.01254500560756,-0.19396784912413895,BAJAJ-AUTO
2026-08-25,SHORT,8,2026-08-25 11:00:00,11745.0,11739.1275,2026-08-25 15:00:00,11887.0,11892.9435,square_off,-1136.0,94.52799999999115,40,23.478255,5.8040366376,0.18905656799999998,2.85430644,8.278756777007999,80.60441142260801,-1311.1324114225993,-1.3954155081126003,BAJAJ-AUTO
2026-08-26,LONG,8,2026-08-26 10:15:00,11921.0,11926.9605,2026-08-26 15:00:00,11764.0,11758.118,square_off,-1256.0,94.73999999999069,40,23.516236000000003,5.8170552796,0.18948062799999998,2.86247052,8.281176463367999,80.666418890968,-1431.4064188909588,-1.50092947203565,BAJAJ-AUTO
2026-08-27,SHORT,8,2026-08-27 10:45:00,11626.0,11620.187,2026-08-27 15:00:00,11700.0,11705.85,square_off,-592.0,93.30399999998917,40,23.240374,5.728874687199999,0.18660829599999998,2.809404,8.264786936976,80.230047920176,-765.5340479201652,-0.8230840873044956,BAJAJ-AUTO
2026-08-28,LONG,8,2026-08-28 10:00:00,11925.0,11930.9625,2026-08-28 15:00:00,11932.0,11926.034,square_off,56.0,95.42799999998533,40,23.852068000000003,5.8592783404,0.19085597199999998,2.863431,8.289024176232001,81.054657488632,-120.48265748861733,-0.1262920938035821,BAJAJ-AUTO
2026-09-01,LONG,8,2026-09-01 10:15:00,12433.0,12439.2165,2026-09-01 15:00:00,12333.0,12326.8335,square_off,-800.0,99.06399999998393,40,24.653667000000002,6.08254188,0.19812839999999998,2.9854119599999995,8.330520650399999,82.25026989039999,-981.3142698903839,-0.9866024590710044,BAJAJ-AUTO
2026-09-02,SHORT,8,2026-09-02 10:00:00,11989.0,11983.0055,2026-09-02 15:00:00,12117.0,12123.0585,square_off,-1024.0,96.42399999998452,40,23.966011,5.9204493184,0.192848512,2.90953404,8.300393609472,81.28923647987199,-1201.7132364798565,-1.2529331433812834,BAJAJ-AUTO
2026-09-03,SHORT,8,2026-09-03 12:00:00,12047.0,12040.9765,2026-09-03 15:00:00,11990.0,11995.995,square_off,456.0,96.1479999999865,40,24.081953000000002,5.903480200400001,0.19229577199999998,2.8790388,8.297239675032,81.354007447432,278.49799255258154,0.2889702753305611,BAJAJ-AUTO
2026-09-04,LONG,8,2026-09-04 10:00:00,12012.0,12018.006,2026-09-04 15:00:00,11900.0,11894.05,square_off,-896.0,95.6479999999865,40,23.788100000000004,5.8728009536000005,0.191296448,2.88432144,8.291537532288,81.028056373888,-1072.6760563738744,-1.1162546374187006,BAJAJ-AUTO
2026-09-08,SHORT,8,2026-09-08 10:00:00,11739.0,11733.1305,2026-09-08 15:00:00,11844.0,11849.922,square_off,-840.0,94.33199999998033,40,23.466261000000003,5.791997694,0.18866442,2.84398128,8.276519180520001,80.56742357451999,-1014.8994235745004,-1.0806919494574712,BAJAJ-AUTO
2026-09-09,SHORT,8,2026-09-09 11:30:00,11780.0,11774.11,2026-09-09 15:00:00,11757.0,11762.8785,square_off,184.0,94.1479999999865,40,23.54822,5.7806843756,0.188295908,2.82309084,8.274416451048,80.61470757464801,9.237292425365496,0.009801880756966783,BAJAJ-AUTO
2026-09-11,LONG,8,2026-09-11 10:15:00,11664.0,11669.832,2026-09-11 15:00:00,11642.0,11636.179,square_off,-176.0,93.22399999998743,40,23.272358,5.7239563015999995,0.18644808799999998,2.8007596799999996,8.263872790128,80.247394859728,-349.4713948597154,-0.3745192417478089,BAJAJ-AUTO
2026-09-15,SHORT,8,2026-09-15 10:00:00,11594.0,11588.203,2026-09-15 15:00:00,11435.0,11440.7175,square_off,1272.0,92.11599999997998,40,23.176406000000004,5.655902874800001,0.18423136399999998,2.7457721999999998,8.251224162984,80.01353660178401,1099.870463398236,1.185818595176639,BAJAJ-AUTO
2026-09-16,SHORT,8,2026-09-16 10:00:00,11406.0,11400.297,2026-09-16 15:00:00,11580.0,11585.79,square_off,-1392.0,91.94399999998859,40,22.800594,5.6453829672,0.183888696,2.7805896,8.249268899375998,79.659724162576,-1563.6037241625645,-1.713575885677017,BAJAJ-AUTO
2026-09-17,LONG,8,2026-09-17 10:30:00,11575.0,11580.7875,2026-09-17 15:00:00,11485.0,11479.2575,square_off,-720.0,92.23999999997613,40,22.958515000000002,5.663547052,0.18448036,2.7793889999999997,8.25264493416,79.83857634616,-892.0785763461362,-0.9633677930303847,BAJAJ-AUTO
2026-09-21,SHORT,8,2026-09-21 11:30:00,11461.0,11455.2695,2026-09-21 15:00:00,11486.0,11491.743,square_off,-200.0,91.78799999998591,40,22.910539,5.63578627,0.1835761,2.7580183199999997,8.2474852266,79.7354049166,-371.52340491658595,-0.40520395789698316,BAJAJ-AUTO
2026-09-22,SHORT,8,2026-09-22 10:45:00,11366.0,11360.317,2026-09-22 15:00:00,11357.0,11362.6785,square_off,72.0,90.89199999999255,40,22.720634000000004,5.5807676948000005,0.181783964,2.72704284,8.237259298584,79.44748779738401,-98.33948779737656,-0.1081509411813485,BAJAJ-AUTO
2026-09-23,SHORT,8,2026-09-23 10:00:00,11315.0,11309.3425,2026-09-23 15:00:00,11369.0,11374.6845,square_off,-432.0,90.73599999998987,40,22.618685000000003,5.5711970312000005,0.181472216,2.72992428,8.235480464496,79.336758991696,-602.0727589916859,-0.6651267774985483,BAJAJ-AUTO
2026-09-24,SHORT,8,2026-09-24 10:30:00,11309.0,11303.3455,2026-09-24 15:00:00,11215.0,11220.6075,square_off,752.0,90.09599999999045,40,22.606691,5.531882856800001,0.180191624,2.6929458,8.228173406544,79.239884687344,582.6641153126656,0.6440270087017702,BAJAJ-AUTO
2026-09-28,SHORT,8,2026-09-28 10:00:00,11131.0,11125.4345,2026-09-28 15:00:00,10984.0,10989.492,square_off,1176.0,88.45999999999185,40,22.250869,5.431425948400001,0.176919412,2.63747808,8.209502164872,78.706194605272,1008.8338053947361,1.1329101219507862,BAJAJ-AUTO
2026-09-29,SHORT,9,2026-09-29 10:15:00,10839.0,10833.5805,2026-09-29 15:00:00,10841.0,10846.4205,square_off,-18.0,97.56000000000131,40,24.375556125,5.990184276300001,0.19512000899999998,2.928533535,8.313354771354,81.802748716654,-197.3627487166553,-0.2023175043993965,BAJAJ-AUTO
2026-09-30,LONG,9,2026-09-30 10:30:00,10881.0,10886.4405,2026-09-30 15:00:00,10905.0,10899.5475,square_off,216.0,98.03699999998389,40,24.523981875,6.0194684844,0.19607389199999997,2.939338935,8.318797627752,81.997660814152,35.96533918586411,0.036725933263756505,BAJAJ-AUTO
2026-08-03,SHORT,86,2026-08-03 10:45:00,1154.3,1153.7229,2026-08-03 15:00:00,1149.8,1150.3749,square_off,387.0,99.07629999997334,40,24.805041275000004,6.08327887955,0.1981524065,2.9679672419999994,8.330657631489,82.385097434539,205.53860256548765,0.20705048520848,BAJFINANCE
2026-08-04,LONG,86,2026-08-04 10:15:00,1156.8,1157.3784,2026-08-04 15:00:00,1141.9,1141.329,square_off,-1281.3999999999883,98.84409999999252,40,24.538574575000002,6.06904740949,0.19768884069999998,2.9860362719999998,8.3280125250342,82.1193596222242,-1462.363459622205,-1.469936572845505,BAJFINANCE
2026-08-05,SHORT,86,2026-08-05 13:00:00,1150.1,1149.525,2026-08-05 15:00:00,1151.3,1151.8756,square_off,-103.20000000000391,98.96019999999271,40,24.714786425,6.07615786412,0.1979204516,2.9718391769999997,8.3293340968296,82.2900380145496,-284.45023801454624,-0.2875889841879738,BAJFINANCE
2026-08-06,LONG,86,2026-08-06 10:00:00,1157.5,1158.0787,2026-08-06 15:00:00,1153.5,1152.9232,square_off,-344.0,99.37299999998686,40,24.787849875,6.1015074804000005,0.198746172,2.9878431749999996,8.334045657432,82.409992359832,-525.7829923598189,-0.5281862397506845,BAJFINANCE
2026-08-07,SHORT,92,2026-08-07 12:15:00,1086.1,1085.557,2026-08-07 15:00:00,1080.5,1081.0402,square_off,515.1999999999916,99.66360000000077,40,24.96780985,6.11933713168,0.19932694239999998,2.9836710900000005,8.3373595333344,82.60750454741441,332.92889545257646,0.333191450315425,BAJFINANCE
2026-08-10,LONG,91,2026-08-10 12:00:00,1086.2,1086.7431,2026-08-10 15:00:00,1100.5,1099.9498,square_off,1301.2999999999959,99.49484999998845,40,25.0238568125,6.108963815045,0.19898904935,2.9668086629999997,8.3354315155911,82.6340498554861,1119.1711001445212,1.132257735046185,BAJFINANCE
2026-08-11,LONG,91,2026-08-11 14:00:00,1097.3,1097.8486,2026-08-11 15:00:00,1096.4,1095.8518,square_off,-81.89999999998759,99.81334999999126,40,24.930628450000004,6.128540947165001,0.19962674095,2.9971268144999996,8.339070183860699,82.59499313647571,-264.30834313645454,-0.26469400229780243,BAJFINANCE
2026-08-12,SHORT,92,2026-08-12 10:00:00,1082.6,1082.0587,2026-08-12 15:00:00,1087.9,1088.444,square_off,-487.60000000001673,99.84299999998711,40,24.8873501,6.13036768466,0.1996862438,3.0041053020000006,8.339409707122801,82.56091903758279,-670.0039190375867,-0.6727001010425653,BAJFINANCE
2026-08-13,SHORT,92,2026-08-13 10:30:00,1084.9,1084.3576,2026-08-13 15:00:00,1086.9,1087.4434,square_off,-184.0,99.90279999998256,40,24.940223650000004,6.134034744400001,0.199805692,3.0013439219999998,8.340091278551998,82.615499286952,-366.51829928693456,-0.3672130664085796,BAJFINANCE
2026-08-14,SHORT,91,2026-08-14 10:30:00,1090.4,1089.8548,2026-08-14 15:00:00,1085.6,1086.1428,square_off,436.80000000001655,99.00799999999685,40,24.7941967,6.07908449512,0.1980157816,2.9651698439999996,8.3298780498096,82.36634487052962,255.42565512949008,0.2574170332990918,BAJFINANCE
2026-08-17,LONG,92,2026-08-17 10:15:00,1085.0,1085.5425,2026-08-17 15:00:00,1093.0,1092.4535,square_off,736.0,100.18799999999464,40,25.1264305,6.1515319024,0.200375632,2.9960973,8.343343356192,82.817778690592,552.9942213094133,0.5539914058399251,BAJFINANCE
2026-08-18,LONG,91,2026-08-18 10:30:00,1096.2,1096.7481,2026-08-18 15:00:00,1095.6,1095.0522,square_off,-54.600000000012415,99.72690000000262,40,24.912437549999996,6.123232498109999,0.19945382729999994,2.994122313,8.3380835385738,82.5673297269838,-236.89422972699884,-0.2374779505294001,BAJFINANCE
2026-08-19,SHORT,92,2026-08-19 13:15:00,1077.6,1077.0612,2026-08-19 15:00:00,1079.6,1080.1398,square_off,-184.0,99.23120000000472,40,24.772407599999998,6.092798504399999,0.198462492,2.981185848,8.332426979352,82.37728142375198,-365.6084814237567,-0.36878296518809583,BAJFINANCE
2026-08-24,SHORT,92,2026-08-24 12:45:00,1084.2,1083.6579,2026-08-24 15:00:00,1079.7,1080.2398,square_off,414.0,99.53939999997965,40,24.924131700000007,6.111712805100001,0.19907859300000003,2.9814619860000002,8.335942451658,82.552327535758,231.90827246426235,0.23249788710596303,BAJFINANCE
2026-08-25,LONG,92,2026-08-25 11:15:00,1077.2,1077.7386,2026-08-25 15:00:00,1082.6,1082.0587,square_off,496.79999999998745,99.3507999999747,40,24.8873501,6.100131494119999,0.19870135159999996,2.974558536,8.3337899122296,82.4945313939496,314.95466860606314,0.317807306993638,BAJFINANCE
2026-08-27,SHORT,91,2026-08-27 10:00:00,1093.3,1092.7534,2026-08-27 15:00:00,1085.4,1085.9427,square_off,718.8999999999876,99.13084999999705,40,24.8601387125,6.086623154885,0.19826134055,2.964623571,8.331279209178298,82.44092598811332,537.3282240118772,0.5400810169552983,BAJFINANCE
2026-08-31,SHORT,94,2026-08-31 10:00:00,1060.5,1059.9698,2026-08-31 15:00:00,1065.6,1066.1328,square_off,-479.39999999999145,99.92669999999771,40,24.909289125,6.135506738789999,0.19985363969999997,3.0064944959999997,8.3403648681282,82.5915088676182,-661.9182088676074,-0.6639965179688498,BAJFINANCE
2026-09-01,SHORT,95,2026-09-01 10:00:00,1052.0,1051.474,2026-09-01 15:00:00,1049.4,1049.9247,square_off,246.99999999999136,99.81649999997899,40,24.972507500000003,6.1287293085500005,0.1996328765,2.992285395,8.339105193308999,82.63226027335901,64.55123972665336,0.0645899937228871,BAJFINANCE
2026-09-02,LONG,95,2026-09-02 12:15:00,1047.7,1048.2238,2026-09-02 15:00:00,1054.4,1053.8728,square_off,636.5000000000043,99.84975000000304,40,25.029479000000002,6.1307648797250005,0.19969918175,2.9874379725000004,8.3394835310655,82.68686456504052,453.96338543496074,0.4561002149419639,BAJFINANCE
2026-09-03,SHORT,95,2026-09-03 12:45:00,1045.5,1044.9773,2026-09-03 15:00:00,1047.6,1048.1238,square_off,-199.49999999999136,99.42224999998075,40,24.8182096875,6.104529212325,0.19884459975,2.9871528299999994,8.334607286173501,82.44334361574852,-381.3655936157206,-0.38396696983636197,BAJFINANCE
2026-09-04,LONG,94,2026-09-04 11:45:00,1057.8,1058.3289,2026-09-04 15:00:00,1059.2,1058.6704,square_off,131.60000000000855,99.49899999998752,40,24.878754400000005,6.109236579940001,0.1989979342,2.984487498,8.3354822125452,82.50695862468521,-50.40595862466418,-0.050693288182080215,BAJFINANCE
2026-09-07,SHORT,94,2026-09-07 10:00:00,1059.7,1059.1702,2026-09-07 15:00:00,1058.3,1058.8291,square_off,131.60000000000855,99.54599999997572,40,24.890498525,6.11212237994,0.1990919342,2.985898202999999,8.3360185765452,82.5236296186852,-50.46962961865238,-0.05066631625836736,BAJFINANCE
2026-09-09,LONG,94,2026-09-09 11:00:00,1054.8,1055.3274,2026-09-09 15:00:00,1042.1,1041.579,square_off,-1193.8000000000043,98.55429999997887,40,24.477105325,6.05125234483,0.19710919689999998,2.976023268,8.3247050775114,82.0261952122414,-1374.3804952122246,-1.386146103337352,BAJFINANCE
2026-09-10,LONG,95,2026-09-10 10:15:00,1045.9,1046.423,2026-09-10 15:00:00,1038.9,1038.3806,square_off,-665.0,99.02800000000411,40,24.661538062500004,6.080329407750001,0.1980563325,2.9823054075,8.330109433245,82.25233864349501,-846.2803386434991,-0.8517271336632757,BAJFINANCE
2026-09-15,SHORT,98,2026-09-15 10:00:00,1020.0,1019.49,2026-09-15 15:00:00,1008.4,1008.9042,square_off,1136.8000000000022,99.39159999999606,40,24.977505,6.10262679012,0.19878263159999998,2.9661783479999997,8.334253695909599,82.5793464656296,954.8290535343766,0.9552111379895725,BAJFINANCE
2026-09-18,LONG,96,2026-09-18 14:30:00,1033.1,1033.6166,2026-09-18 15:00:00,1035.2,1034.6824,square_off,201.6000000000131,99.2783999999956,40,24.832377600000004,6.095690665440001,0.19855669920000002,2.976815664,8.332964525635202,82.4364051542752,19.88519484574229,0.020050086759250366,BAJFINANCE
2026-09-21,LONG,96,2026-09-21 12:15:00,1035.7,1036.2178,2026-09-21 15:00:00,1023.3,1022.7884,square_off,-1190.4000000000087,98.8319999999876,40,24.546920400000005,6.068303072640001,0.19766459520000002,2.9843074080000003,8.3278741802112,82.12506965605121,-1371.3570696560475,-1.3792574563661124,BAJFINANCE
2026-09-22,SHORT,97,2026-09-22 10:30:00,1022.5,1021.9888,2026-09-22 15:00:00,1009.8,1010.3049,square_off,1231.9000000000044,98.5665499999817,40,24.7832271875,6.051967260334999,0.19713248404999997,2.9399872589999996,8.324837953989299,82.29715214487432,1051.0362978551484,1.0596993399593158,BAJFINANCE
2026-09-23,LONG,96,2026-09-23 10:15:00,1036.3,1036.8181,2026-09-23 15:00:00,1037.3,1036.7814,square_off,96.0,99.53279999998631,40,24.882752399999998,6.1113124463999995,0.19906555199999995,2.9860362719999993,8.335868039712,82.51503471011198,-86.04783471009829,-0.08649344895913576,BAJFINANCE
2026-09-25,LONG,100,2026-09-25 14:15:00,992.3,992.7961,2026-09-25 15:00:00,995.4,994.9023,square_off,310.0000000000023,99.38499999998385,40,24.872557500000003,6.1022342415,0.198769845,2.9783884499999997,8.33418073557,82.48613077207,128.12886922794843,0.12912311723062422,BAJFINANCE
2026-09-28,SHORT,102,2026-09-28 10:45:00,976.5,976.0118,2026-09-28 15:00:00,984.7,985.1924,square_off,-836.4000000000046,100.02119999999809,40,24.888299625000002,6.141314518740001,0.2000428182,3.0146885910000005,8.3414443206492,82.5857898735892,-1019.0069898735919,-1.023068572104848,BAJFINANCE
2026-09-29,SHORT,103,2026-09-29 10:00:00,963.4,962.9183,2026-09-29 15:00:00,969.1,969.5846,square_off,-587.1000000000047,99.52374999998267,40,24.795146225,6.110767261985,0.19904779354999996,2.9960162594999997,8.3357667099963,82.4367442500313,-769.0604942500187,-0.7750266493970774,BAJFINANCE
2026-09-30,SHORT,103,2026-09-30 10:45:00,963.9,963.418,2026-09-30 15:00:00,958.1,958.579,square_off,597.3999999999953,98.9829999999896,40,24.8080147875,6.077547029910001,0.1979657013,2.9620092645000002,8.3295922916178,82.37512907482781,416.04187092517793,0.4190519208728073,BAJFINANCE
2026-08-04,LONG,47,2026-08-04 11:00:00,2085.9,2086.943,2026-08-04 15:00:00,2085.0,2083.9575,square_off,-42.300000000004275,98.01615000000174,40,24.486500625,6.018192259305001,0.19603232115,2.9425895595,8.318560424481898,81.9618751894369,-222.27802518944293,-0.2267280159586636,BAJAJFINSV
2026-08-05,SHORT,47,2026-08-05 13:45:00,2088.4,2087.3558,2026-08-05 15:00:00,2090.4,2091.4452,square_off,-94.0,98.20179999999255,40,24.52643065,6.0295919629000005,0.19640364700000001,2.948937732,8.320679209782,82.02204320168201,-274.2238432016745,-0.2793789434665187,BAJAJFINSV
2026-08-06,LONG,47,2026-08-06 10:00:00,2095.3,2096.3476,2026-08-06 15:00:00,2100.1,2099.05,square_off,225.59999999998718,98.5918999999908,40,24.663836912500003,6.053539197040001,0.1971836872,2.9558501865,8.325130119163198,82.19554010240319,44.81255989759319,0.045504639966848996,BAJAJFINSV
2026-08-07,SHORT,49,2026-08-07 11:00:00,2007.7,2006.6962,2026-08-07 15:00:00,2003.2,2004.2016,square_off,220.5,98.2670499999831,40,24.582027837500004,6.0335934853249995,0.19653398974999997,2.9461763519999997,8.3214229455135,82.0797546100885,40.1531953899284,0.04081550864877202,BAJAJFINSV
2026-08-10,LONG,49,2026-08-10 10:30:00,2010.0,2011.005,2026-08-10 15:00:00,2024.1,2023.088,square_off,690.8999999999955,98.83544999998526,40,24.782827387500003,6.068486024685001,0.19767055455,2.95617735,8.3279081842623,82.33306950099731,509.73148049901295,0.5175464316164209,BAJAJFINSV
2026-08-11,LONG,49,2026-08-11 10:00:00,2036.9,2037.9184,2026-08-11 15:00:00,2021.8,2020.7891,square_off,-739.9000000000067,99.43814999998995,40,24.754666474999997,6.105513767465,0.19887666994999997,2.9957401215,8.334790278734701,82.3895873126497,-921.7277373126464,-0.9234999336853886,BAJAJFINSV
2026-08-13,LONG,49,2026-08-13 10:00:00,2025.1,2026.1126,2026-08-13 15:00:00,2017.0,2015.9915,square_off,-396.89999999999554,99.03144999999176,40,24.695895875,6.080537122415,0.19806309845,2.9783854485,8.330148039755699,82.28302958412071,-578.2144795841081,-0.582701866659251,BAJAJFINSV
2026-08-14,SHORT,49,2026-08-14 12:15:00,2016.8,2015.7916,2026-08-14 15:00:00,2011.3,2012.3056,square_off,269.5,98.68844999998873,40,24.6934471,6.0594666931750005,0.19737676524999997,2.9580893054999997,8.326231822516501,82.2346116864415,88.57693831356977,0.08963172444686042,BAJAJFINSV
2026-08-17,LONG,49,2026-08-17 11:00:00,2015.1,2016.1075,2026-08-17 15:00:00,2004.0,2002.998,square_off,-543.8999999999955,98.46794999998838,40,24.5367255,6.045940478865,0.19693617194999996,2.9636780984999995,8.3237177971467,82.0669980464617,-724.4349480464456,-0.7336800503610451,BAJAJFINSV
2026-08-18,LONG,49,2026-08-18 11:15:00,2009.9,2010.905,2026-08-18 15:00:00,2015.8,2014.7921,square_off,289.0999999999933,98.62964999998121,40,24.681203225,6.055856072315,0.19725915545,2.9560302764999995,8.325560740997698,82.2159094702627,108.2544405297494,0.10991961274319607,BAJAJFINSV
2026-08-19,LONG,49,2026-08-19 10:30:00,2003.5,2004.5018,2026-08-19 15:00:00,2002.2,2001.1989,square_off,-63.69999999999777,98.1396499999928,40,24.514686525000002,6.025775487795,0.19627933185,2.9466175725,8.3199698675361,82.0033287846811,-243.8429787846717,-0.24838469289424292,BAJAJFINSV
2026-08-24,SHORT,49,2026-08-24 11:00:00,2016.4,2015.3918,2026-08-24 15:00:00,2001.6,2002.6008,square_off,725.2000000000089,98.44099999998957,40,24.68854955,6.0442662681799995,0.19688163739999998,2.9438231759999995,8.323406623004399,82.1969272545844,544.562072745435,0.5511561043782159,BAJAJFINSV
2026-08-25,SHORT,50,2026-08-25 10:30:00,1994.5,1993.5028,2026-08-25 15:00:00,2000.7,2001.7004,square_off,-310.0000000000023,99.87999999998465,40,24.918784375000005,6.1326367585,0.199760155,3.0025505249999997,8.33983144443,82.59356325793001,-492.4735632579169,-0.4938316001583524,BAJAJFINSV
2026-08-26,SHORT,49,2026-08-26 10:30:00,2010.0,2008.995,2026-08-26 15:00:00,2015.1,2016.1075,square_off,-249.89999999999554,98.6149499999849,40,24.610188750000002,6.054961765965,0.19723002494999997,2.9636780984999995,8.3253945223647,82.15145316177971,-430.6664031617602,-0.4372691675924055,BAJAJFINSV
2026-08-27,SHORT,49,2026-08-27 10:45:00,2006.7,2005.6966,2026-08-27 15:00:00,2003.4,2004.4017,square_off,161.69999999999777,98.24744999998802,40,24.5697839625,6.032390947905,0.19649481915,2.9464704989999997,8.3211994380699,82.0663396666249,-18.613789666615148,-0.01893024659901081,BAJAJFINSV
2026-08-31,SHORT,50,2026-08-31 10:45:00,1970.8,1969.8146,2026-08-31 15:00:00,1989.8,1990.7949,square_off,-950.0,99.01499999998578,40,24.622682500000003,6.0795355825,0.19803047499999998,2.98619235,8.329961890349999,82.21640279784998,-1131.2314027978357,-1.1479920872720069,BAJAJFINSV
2026-09-01,SHORT,50,2026-09-01 10:00:00,1968.6,1967.6157,2026-09-01 15:00:00,1966.9,1967.8834,square_off,84.9999999999909,98.38749999998981,40,24.59519625,6.040991195250001,0.19677495750000001,2.951825175,8.322797907495,82.107585485245,-95.4950854852439,-0.09701827236131658,BAJAJFINSV
2026-09-02,LONG,51,2026-09-02 10:30:00,1956.9,1957.8784,2026-09-02 15:00:00,1982.4,1981.4088,square_off,1300.5,100.45214999998848,40,25.262962200000004,6.1677420473249995,0.20090364974999997,2.9955540285,8.3463562254735,82.9735181510485,1117.074331848963,1.1192916486048492,BAJAJFINSV
2026-09-03,SHORT,50,2026-09-03 10:15:00,1982.1,1981.109,2026-09-03 15:00:00,1982.6,1983.5913,square_off,-25.0,99.11749999998847,40,24.763861875000003,6.08581488375,0.19823501249999997,2.97538695,8.331128981325,82.35442770257501,-206.47192770256348,-0.2083365397331754,BAJAJFINSV
2026-09-04,SHORT,50,2026-09-04 12:00:00,1980.0,1979.01,2026-09-04 15:00:00,1974.9,1975.8874,square_off,254.99999999999545,98.87249999998176,40,24.737625000000005,6.0707675857500005,0.1977448725,2.963831175,8.328332242485,82.29830087573501,73.82919912427869,0.07457494861038251,BAJAJFINSV
2026-09-07,SHORT,51,2026-09-07 11:15:00,1960.0,1959.02,2026-09-07 15:00:00,1948.0,1948.974,square_off,612.0,99.6539999999859,40,24.977505,6.118746205800001,0.19930769399999998,2.98193022,8.337249701964,82.61473882176399,429.7312611782501,0.42990322246723706,BAJAJFINSV
2026-09-08,SHORT,51,2026-09-08 12:00:00,1934.7,1933.7326,2026-09-08 15:00:00,1940.5,1941.4702,square_off,-295.7999999999977,98.81759999998712,40,24.655091287500003,6.067405180530001,0.1976353479,2.9704494825,8.3277072951174,82.21828859354741,-476.8358885935322,-0.4832647596917111,BAJAJFINSV
2026-09-09,SHORT,51,2026-09-09 10:00:00,1930.4,1929.4348,2026-09-09 15:00:00,1931.0,1931.9655,square_off,-30.59999999999536,98.46569999998269,40,24.6002937,6.04579444971,0.19693141529999997,2.9559072149999994,8.3236906557018,82.1226174357118,-211.18831743568984,-0.21451240161105473,BAJAJFINSV
2026-09-15,SHORT,53,2026-09-15 10:00:00,1885.8,1884.8571,2026-09-15 15:00:00,1859.0,1859.9295,square_off,1420.3999999999976,99.23719999999844,40,24.974356574999998,6.09314227686,0.19847368979999996,2.9572879050000003,8.3324908739988,82.5557513206588,1238.6070486793403,1.239258898860141,BAJAJFINSV
2026-09-16,SHORT,54,2026-09-16 12:00:00,1843.4,1842.4783,2026-09-16 15:00:00,1835.1,1836.0175,square_off,448.2000000000098,99.31949999998733,40,24.873457050000006,6.09821042013,0.1986387759,2.9743484309999997,8.333432855285402,82.47808753231541,266.4024124677071,0.2676238477086494,BAJAJFINSV
2026-09-21,SHORT,54,2026-09-21 13:15:00,1851.3,1850.3744,2026-09-21 15:00:00,1858.6,1859.5293,square_off,-394.19999999999754,100.16729999998324,40,24.980053725,6.15027827097,0.2003347971,3.0124374659999997,8.343110352252598,82.6862146113226,-577.0535146113034,-0.5772255278185934,BAJAJFINSV
2026-09-22,SHORT,53,2026-09-22 10:15:00,1852.0,1851.074,2026-09-22 15:00:00,1828.1,1829.014,square_off,1266.7000000000048,97.52264999998897,40,24.526730500000003,5.987871266155,0.19504466664999998,2.9081323395,8.3129248679049,81.9307036402099,1087.246646359806,1.1076721202573514,BAJAJFINSV
2026-09-23,SHORT,54,2026-09-23 13:30:00,1846.0,1845.077,2026-09-23 15:00:00,1839.9,1840.82,square_off,329.3999999999951,99.51929999999857,40,24.9085395,6.1104799637100005,0.19903843529999998,2.982128319,8.3357133118218,82.53589952983181,147.34480047016473,0.1478118860300196,BAJAJFINSV
2026-09-24,SHORT,56,2026-09-24 12:00:00,1774.1,1773.213,2026-09-24 15:00:00,1771.7,1772.5858,square_off,134.39999999999236,99.28239999998368,40,24.8249813,6.09593729696,0.19856473279999998,2.977944228,8.333010365356799,82.4304379231168,-47.31283792310812,-0.04762257515189605,BAJAJFINSV
2026-09-25,SHORT,56,2026-09-25 10:30:00,1758.6,1757.7207,2026-09-25 15:00:00,1767.4,1768.2837,square_off,-492.8000000000102,98.72799999998279,40,24.608089800000002,6.06190676448,0.19745624639999998,2.970716616,8.326685341958399,82.1648547688384,-673.6928547688314,-0.6840799243400101,BAJAJFINSV
2026-09-29,SHORT,57,2026-09-29 10:00:00,1734.4,1733.5328,2026-09-29 15:00:00,1750.1,1750.975,square_off,-894.8999999999896,99.30824999998777,40,24.7028424,6.097540286715001,0.19861694744999997,2.9941673355,8.3333083021497,82.32647527181472,-1076.534725271792,-1.0889399289423027,BAJAJFINSV
2026-09-30,SHORT,57,2026-09-30 10:30:00,1731.2,1730.3344,2026-09-30 15:00:00,1718.8,1719.6594,square_off,706.8000000000052,98.32499999998186,40,24.6572652,6.03714415062,0.19664964659999998,2.9406175739999996,8.3220828834996,82.15375945471959,526.3212405453037,0.5333702619269299,BAJAJFINSV
2026-08-04,LONG,253,2026-08-04 10:00:00,393.9,394.0969,2026-08-04 15:00:00,389.8,389.6051,square_off,-1037.2999999999913,99.13804999997973,40,24.642522575000005,6.087092192555,0.19827661864999999,2.9911958504999996,8.3313663860169,82.2504536227219,-1218.688503622693,-1.2228866735730692,BEL
2026-08-05,SHORT,256,2026-08-05 10:00:00,390.15,389.9549,2026-08-05 15:00:00,388.0,388.194,square_off,550.3999999999942,99.60319999998319,40,24.9571152,6.11562803136,0.1992061248,2.98132992,8.3366701481088,82.5899494242688,368.2068505757422,0.36865513522016996,BEL
2026-08-06,LONG,252,2026-08-06 10:00:00,395.5,395.6978,2026-08-06 15:00:00,400.3,400.0999,square_off,1209.6000000000029,100.27079999998386,40,25.206290550000006,6.156608552640001,0.20054099520000002,2.99147499,8.3442869186112,82.8992020064512,1026.429997993568,1.0298697630019944,BEL
2026-08-07,SHORT,250,2026-08-07 10:15:00,399.7,399.5002,2026-08-07 15:00:00,402.5,402.7012,square_off,-700.0000000000028,100.27499999998213,40,24.968759375,6.156895745,0.20055035,3.0202593749999997,8.3443402971,82.6908051421,-882.965805142085,-0.8836285265369876,BEL
2026-08-10,LONG,248,2026-08-10 11:30:00,402.35,402.5512,2026-08-10 15:00:00,403.15,402.9484,square_off,198.39999999998872,99.88199999999233,40,24.98280235,6.13275175456,0.19976390079999998,2.994980742,8.3398528179648,82.65015156532479,15.8678484346716,0.01590238842232489,BEL
2026-08-12,SHORT,249,2026-08-12 10:00:00,401.55,401.3492,2026-08-12 15:00:00,403.55,403.7518,square_off,-498.0,100.23494999999065,40,24.983989256250002,6.1544335743000005,0.20047014900000001,3.01602575925,8.343882670193999,82.698801408994,-680.9337514089847,-0.681029436044749,BEL
2026-08-13,LONG,245,2026-08-13 10:15:00,407.3,407.5036,2026-08-13 15:00:00,409.55,409.3452,square_off,551.25,100.06412499999158,40,25.072395031250004,6.143928813312501,0.200127974375,2.9951518275,8.34193022178375,82.75353386822125,368.43234113178715,0.3692132271071187,BEL
2026-08-14,SHORT,244,2026-08-14 11:00:00,409.1,408.8955,2026-08-14 15:00:00,410.5,410.7052,square_off,-341.59999999999445,99.99119999999061,40,24.942622450000002,6.13946492356,0.19998257079999998,3.00636243,8.3411005489848,82.6295329233448,-524.2207329233298,-0.5251639273368267,BEL
2026-08-17,LONG,241,2026-08-17 10:15:00,413.0,413.2065,2026-08-17 15:00:00,412.3,412.0939,square_off,-168.69999999999726,99.4486499999964,40,24.8286544625,6.106149699545,0.19889738434999998,2.987482995,8.334908475101098,82.4560930164961,-350.60474301648975,-0.3522497493459353,BEL
2026-08-18,LONG,240,2026-08-18 13:30:00,415.25,415.4576,2026-08-18 15:00:00,412.7,412.4936,square_off,-612.0000000000027,99.35399999998481,40,24.749619,6.100344994199999,0.19870830599999997,2.9912948999999998,8.333829594035997,82.373796794236,-793.7277967942235,-0.7964356780997627,BEL
2026-08-19,SHORT,245,2026-08-19 14:15:00,407.1,406.8965,2026-08-19 15:00:00,408.9,409.1044,square_off,-440.99999999998886,99.95999999997593,40,24.922407562500005,6.13755076935,0.19992022049999997,3.0069177074999995,8.340744778173,82.60754103802302,-623.5675410379878,-0.6251961770792793,BEL
2026-08-20,SHORT,244,2026-08-20 10:30:00,409.65,409.4452,2026-08-20 15:00:00,409.0,409.2045,square_off,158.59999999999445,99.87529999999197,40,24.976155675,6.13234098549,0.1997505207,2.9953769400000003,8.339776471114199,82.6434005923042,-23.918700592301718,-0.023929564614636765,BEL
2026-08-21,LONG,241,2026-08-21 10:00:00,414.3,414.5071,2026-08-21 15:00:00,414.05,413.843,square_off,-60.25,99.81617499998634,40,24.934039243750004,6.1287140698375,0.199632380125,2.9968866944999997,8.33910236099325,82.59837474920576,-242.6645497491921,-0.24303809930782821,BEL
2026-08-24,SHORT,243,2026-08-24 10:00:00,410.25,410.0449,2026-08-24 15:00:00,408.35,408.5542,square_off,461.6999999999945,99.45989999997971,40,24.910226156250005,6.106830772905001,0.19891956915,2.97835993575,8.3350350615699,82.5293714956249,279.71072850438986,0.28057841725976573,BEL
2026-08-26,SHORT,244,2026-08-26 10:15:00,408.9,408.6956,2026-08-26 15:00:00,408.8,409.0044,square_off,24.399999999991678,99.75939999997945,40,24.930428550000002,6.12522678546,0.19951878779999999,2.993912208,8.3384542031868,82.5875405344468,-157.9469405344346,-0.1583085171876913,BEL
2026-08-28,SHORT,245,2026-08-28 13:00:00,407.5,407.2963,2026-08-28 15:00:00,410.7,410.9053,square_off,-783.9999999999973,100.22949999997792,40,24.946895312500004,6.1541033344,0.200459392,3.0201543225,8.343821290752,82.66543365215202,-966.8949336521272,-0.9684686952819604,BEL
2026-08-31,LONG,242,2026-08-31 12:30:00,411.25,411.4556,2026-08-31 15:00:00,413.5,413.2932,square_off,544.5,99.79474999999934,40,25.004241625,6.127389291925,0.19958922775,2.9871678375,8.3388561335415,82.65724411571648,362.0480058842842,0.3637850796395631,BEL
2026-09-01,SHORT,243,2026-09-01 14:00:00,410.35,410.1448,2026-09-01 15:00:00,410.6,410.8053,square_off,-60.75,99.74542499999092,40,24.916298118750003,6.1243700275125,0.19949088037499998,2.994770637,8.33829496341975,82.57322462705726,-243.06864962704816,-0.24376325301651872,BEL
2026-09-02,SHORT,247,2026-09-02 10:45:00,404.05,403.848,2026-09-02 15:00:00,405.4,405.6027,square_off,-333.4499999999916,99.96707499999627,40,24.93761245625,6.1379835234575,0.199934316725,3.0055160069999998,8.34082521123285,82.62187151466537,-516.0389465146532,-0.5170712793238231,BEL
2026-09-03,LONG,245,2026-09-03 10:30:00,407.75,407.9539,2026-09-03 15:00:00,408.8,408.5956,square_off,257.2500000000028,100.02737499998688,40,25.0264805,6.1416768762125,0.200054621375,2.99846098125,8.34151166956575,82.70818464840326,74.51444035161265,0.0745899626888351,BEL
2026-09-04,LONG,242,2026-09-04 10:00:00,412.6,412.8063,2026-09-04 15:00:00,408.0,407.796,square_off,-1113.2000000000055,99.29259999998783,40,24.671658000000004,6.096582727620001,0.1985857566,2.9969737380000003,8.333130327159601,82.2969305493796,-1294.7895305493728,-1.2967450220426129,BEL
2026-09-07,LONG,244,2026-09-07 10:00:00,408.55,408.7543,2026-09-07 15:00:00,405.6,405.3972,square_off,-719.7999999999972,99.32629999999108,40,24.729229200000002,6.098645868929999,0.19865295989999998,2.992081293,8.3335137891894,82.35212311101941,-901.4784231110077,-0.9043161672438188,BEL
2026-09-08,LONG,241,2026-09-08 10:00:00,413.8,414.0069,2026-09-08 15:00:00,411.2,410.9944,square_off,-626.6000000000055,99.41249999999178,40,24.7624126,6.10393711831,0.19882531329999997,2.993269887,8.3344972376898,82.39294215629981,-808.4054421562971,-0.810628184638576,BEL
2026-09-09,SHORT,244,2026-09-09 10:00:00,408.9,408.6956,2026-09-09 15:00:00,407.55,407.7538,square_off,329.3999999999917,99.60689999997612,40,24.930428550000002,6.1158586037100005,0.19921363529999997,2.9847576329999996,8.3367130030218,82.5669714250318,147.22612857498376,0.14756316283890786,BEL
2026-09-10,SHORT,248,2026-09-10 14:00:00,402.4,402.1988,2026-09-10 15:00:00,402.75,402.9514,square_off,-86.80000000000564,99.83859999998913,40,24.9363256,6.13009137238,0.19967724339999998,2.9979582299999996,8.3393583508404,82.6034107966204,-269.24201079661515,-0.269794550035087,BEL
2026-09-11,LONG,247,2026-09-11 10:15:00,403.15,403.3516,2026-09-11 15:00:00,404.55,404.3477,square_off,345.8000000000084,99.75094999999436,40,24.968472018750003,6.12470302197,0.19950172709999997,2.98883517075,8.3383568548326,82.6198687934026,163.42918120661147,0.16412169268891236,BEL
2026-09-15,SHORT,254,2026-09-15 10:15:00,392.6,392.4037,2026-09-15 15:00:00,386.5,386.6932,square_off,1549.4000000000058,98.94569999998191,40,24.917634950000004,6.0752421967100005,0.1978906253,2.946602565,8.3291639079618,82.46653424497183,1367.9877657550521,1.3718233839365386,BEL
2026-09-16,LONG,256,2026-09-16 11:45:00,389.6,389.7948,2026-09-16 15:00:00,389.05,388.8555,square_off,-140.8000000000029,99.66719999999623,40,24.8867504,6.1195682412800005,0.19933447040000002,2.993624064,8.337402488102398,82.53667966378241,-323.00387966378156,-0.3238536716983179,BEL
2026-09-17,LONG,253,2026-09-17 11:45:00,393.6,393.7968,2026-09-17 15:00:00,393.75,393.5531,square_off,37.94999999999425,99.59977499999326,40,24.892235156250003,6.1154256024675,0.199199531025,2.988917712,8.336632524028651,82.53241052577116,-144.18218552577017,-0.14478914160738834,BEL
2026-09-18,LONG,250,2026-09-18 11:00:00,398.5,398.6992,2026-09-18 15:00:00,397.45,397.2513,square_off,-262.50000000000284,99.4937499999935,40,24.8282046875,6.108920279375,0.19898763125000002,2.990244375,8.3354234239125,82.46178039703751,-444.45553039703384,-0.44612851231822725,BEL
2026-09-21,SHORT,253,2026-09-21 10:30:00,395.05,394.8525,2026-09-21 15:00:00,398.0,398.199,square_off,-746.3499999999972,100.32082499998484,40,24.97441904375,6.159710111472499,0.20064202317499996,3.02233041,8.34486338423655,82.70196497263404,-929.372789972616,-0.9298595714582744,BEL
2026-09-22,SHORT,251,2026-09-22 10:15:00,398.05,397.851,2026-09-22 15:00:00,397.3,397.4986,square_off,188.25,99.8164249999981,40,24.96514868125,6.128725605362501,0.199632755875,2.9931648345,8.33910450502275,82.62577638201024,5.807798617991651,0.005812998345011263,BEL
2026-09-23,SHORT,252,2026-09-23 10:00:00,396.55,396.3517,2026-09-23 15:00:00,398.1,398.299,square_off,-390.60000000000286,100.12589999999159,40,24.970158675000004,6.147736255710001,0.20025199529999999,3.011140818,8.3426378851818,82.6719256291918,-573.3978256291863,-0.5737960400810025,BEL
2026-09-24,LONG,251,2026-09-24 11:30:00,397.0,397.1985,2026-09-24 15:00:00,394.6,394.4027,square_off,-602.3999999999943,99.34579999998783,40,24.748769425000003,6.09984136684,0.1986919012,2.990904705,8.333735988247199,82.3719433862872,-784.1177433862694,-0.7868954844463651,BEL
2026-09-25,SHORT,255,2026-09-25 10:45:00,391.65,391.4542,2026-09-25 15:00:00,392.9,393.0964,square_off,-318.75,100.03012499998135,40,24.95520365625,6.1418545678125,0.20006040937499997,3.0071878424999996,8.341544695893749,82.64585117183125,-501.42597617181264,-0.5020749079903902,BEL
2026-09-28,SHORT,258,2026-09-28 10:30:00,387.0,386.8065,2026-09-28 15:00:00,386.4,386.5932,square_off,154.80000000000587,99.76859999999022,40,24.949019250000003,6.12578966382,0.1995371226,2.992231368,8.3385588215556,82.60513622597561,-27.573736225959962,-0.027616265274482667,BEL
2026-09-29,SHORT,261,2026-09-29 10:00:00,383.05,382.8585,2026-09-29 15:00:00,385.2,385.3926,square_off,-561.1499999999941,100.25662499998077,40,24.981515493750006,6.155765388652501,0.200513530575,3.017624058,8.34413020546095,82.69954867643844,-744.1061736764133,-0.7442844297973497,BEL
2026-09-30,LONG,257,2026-09-30 10:30:00,388.25,388.4441,2026-09-30 15:00:00,387.1,386.9065,square_off,-295.54999999999416,99.63247499998579,40,24.858739412500004,6.117438501692501,0.19926509777499998,2.99490420375,8.33700664790415,82.50735386362165,-477.6898288636016,-0.47874186410998326,BEL
2026-08-03,SHORT,50,2026-08-03 10:15:00,1962.5,1961.5188,2026-08-03 15:00:00,1955.7,1956.6778,square_off,339.9999999999977,97.95499999999038,40,24.518984375000006,6.014431781000001,0.19590983,2.9350167750000002,8.31786148998,81.98220425098,160.06279574902734,0.1631213205085629,BHARTIARTL
2026-08-04,SHORT,51,2026-08-04 10:15:00,1953.8,1952.8231,2026-08-04 15:00:00,1956.1,1957.078,square_off,-117.29999999999768,99.70244999999113,40,24.898494525000004,6.121732230555001,0.19940495865,2.9943294165,8.3378046940569,82.5517658247619,-299.5542158247507,-0.30062504222515674,BHARTIARTL
2026-08-05,SHORT,50,2026-08-05 12:45:00,1961.2,1960.2194,2026-08-05 15:00:00,1959.9,1960.88,square_off,64.99999999999773,98.02749999998923,40,24.502742500000004,6.018887502250001,0.1960549675,2.941319925,8.318689644555,81.97769453930502,-115.00519453929653,-0.11728043497786715,BHARTIARTL
2026-08-06,LONG,50,2026-08-06 11:30:00,1968.0,1968.984,2026-08-06 15:00:00,1947.9,1946.9261,square_off,-1004.9999999999955,97.89749999998776,40,24.336575625000005,6.010921926750001,0.1957955025,2.9534759999999998,8.317209137265,81.813978191515,-1184.7114781914981,-1.2039750794629047,BHARTIARTL
2026-08-07,LONG,50,2026-08-07 13:30:00,1960.4,1961.3802,2026-08-07 15:00:00,1955.1,1954.1224,square_off,-265.0000000000091,97.88749999999027,40,24.426530625,6.01029656775,0.1957751325,2.9420703,8.317092906045,81.89176553129501,-444.77926553129436,-0.45376378854447497,BHARTIARTL
2026-08-10,SHORT,51,2026-08-10 10:00:00,1940.4,1939.4298,2026-08-10 15:00:00,1937.9,1938.869,square_off,127.5,98.89664999999627,40,24.72772995,6.072252352875,0.19779323625,2.9664694935,8.3286082060425,82.2928532386675,-53.689503238663775,-0.05425352286234067,BHARTIARTL
2026-08-11,SHORT,52,2026-08-11 12:00:00,1918.6,1917.6407,2026-08-11 15:00:00,1922.1,1923.061,square_off,-182.0,99.8581999999933,40,24.9293291,6.1312962737,0.19971649099999997,2.9999752379999998,8.339582297646,82.59989940034602,-364.45809940033934,-0.3653085376760492,BHARTIARTL
2026-08-14,LONG,50,2026-08-14 10:45:00,1960.9,1961.8804,2026-08-14 15:00:00,1993.9,1992.903,square_off,1650.0,98.86999999998807,40,24.911288125000002,6.0705926725,0.197739175,2.9428206749999997,8.328299732549999,82.45074038004998,1468.679259619962,1.4979644649089316,BHARTIARTL
2026-08-19,LONG,51,2026-08-19 10:00:00,1939.3,1940.2696,2026-08-19 15:00:00,1928.9,1927.9356,square_off,-530.399999999993,98.63909999999714,40,24.581178262500003,6.056448881640001,0.19727846519999997,2.9686125645,8.3256709224312,82.1291890962712,-711.1682890962613,-0.7190468858242375,BHARTIARTL
2026-08-20,LONG,51,2026-08-20 13:30:00,1947.9,1948.874,2026-08-20 15:00:00,1947.6,1946.6262,square_off,-15.300000000009277,99.33524999999054,40,24.81948405,6.099184584855,0.19867050765,2.9817771435,8.3336139166509,82.43273020265589,-197.0679802026557,-0.1983714791924291,BHARTIARTL
2026-08-24,SHORT,51,2026-08-24 10:00:00,1939.9,1938.93,2026-08-24 15:00:00,1939.5,1940.4698,square_off,20.40000000000464,98.92469999999503,40,24.721358137500005,6.07397626686,0.1978493898,2.9689187175,8.328928618198798,82.29103112985881,-160.8157311298492,-0.162547019433839,BHARTIARTL
2026-08-26,SHORT,52,2026-08-26 10:30:00,1919.3,1918.3404,2026-08-26 15:00:00,1915.9,1916.858,square_off,176.7999999999929,99.71519999998782,40,24.938424550000004,6.122510566120001,0.19943031160000002,2.990298402,8.3379493579896,82.5886131877096,-5.503813187704509,-0.005514643948419205,BHARTIARTL
2026-08-27,SHORT,52,2026-08-27 13:15:00,1890.0,1889.055,2026-08-27 15:00:00,1888.7,1889.6444,square_off,67.59999999999764,98.24619999999595,40,24.557715,6.03231564234,0.1964923662,2.9478451860000003,8.3211854415372,82.05555363607719,-112.70175363607551,-0.11467414899885583,BHARTIARTL
2026-08-28,SHORT,53,2026-08-28 11:30:00,1874.0,1873.063,2026-08-28 15:00:00,1879.6,1880.5398,square_off,-296.7999999999952,99.4703999999881,40,24.81808475,6.10748711588,0.19894094839999998,2.9900582819999997,8.3351570515704,82.44972814785041,-478.7201281478337,-0.48198800683416937,BHARTIARTL
2026-08-31,LONG,52,2026-08-31 10:30:00,1887.2,1888.1436,2026-08-31 15:00:00,1877.9,1876.961,square_off,-483.59999999999764,97.89259999999013,40,24.40049365,6.01061306326,0.19578544180000002,2.945504016,8.3171517309108,81.86954790197079,-663.3621479019586,-0.675973102094636,BHARTIARTL
2026-09-01,LONG,53,2026-09-01 12:00:00,1866.6,1867.5333,2026-09-01 15:00:00,1868.2,1867.2659,square_off,84.80000000000723,98.97219999999265,40,24.741273175000003,6.07689177832,0.1979443576,2.969377947,8.329470504465599,82.3149577623856,-96.48715776237103,-0.09753093381607063,BHARTIARTL
2026-09-02,SHORT,53,2026-09-02 10:00:00,1858.7,1857.7706,2026-09-02 15:00:00,1863.8,1864.7319,square_off,-270.2999999999952,98.6462499999841,40,24.6154611125,6.056883899104999,0.19729263514999998,2.9649237209999995,8.325751776165898,82.16031314392092,-451.1065631439002,-0.4579246025512863,BHARTIARTL
2026-09-04,SHORT,53,2026-09-04 10:30:00,1860.3,1859.3698,2026-09-04 15:00:00,1847.8,1848.7239,square_off,662.5,98.26464999999553,40,24.6366505125,6.033439340625,0.19652896874999998,2.9394710010000002,8.321394295687499,82.12748411856249,482.10786588144197,0.488973543404383,BHARTIARTL
2026-09-07,SHORT,54,2026-09-07 10:30:00,1842.2,1841.2789,2026-09-07 15:00:00,1845.6,1846.5228,square_off,-183.59999999999263,99.57059999997955,40,24.857265150000003,6.11363765826,0.19914129179999998,2.9913669359999995,8.3363002110108,82.49771124707081,-365.668311247043,-0.3675841598883812,BHARTIARTL
2026-09-08,SHORT,54,2026-09-08 10:00:00,1831.7,1830.7842,2026-09-08 15:00:00,1837.5,1838.4188,square_off,-313.19999999999754,99.06839999998283,40,24.715586025000004,6.08280456762,0.1981369566,2.9782383749999997,8.3305694743596,82.30533539857962,-494.57373539855996,-0.5000148975132996,BHARTIARTL
2026-09-10,LONG,54,2026-09-10 10:15:00,1820.8,1821.7104,2026-09-10 15:00:00,1837.4,1836.4813,square_off,896.4000000000074,98.77139999999599,40,24.792497550000004,6.064550200260001,0.19754235180000002,2.9511708480000003,8.3271766593708,82.33293760943081,715.2956623905806,0.7274942865880897,BHARTIARTL
2026-09-11,LONG,53,2026-09-11 10:00:00,1850.9,1851.8254,2026-09-11 15:00:00,1840.6,1839.6797,square_off,-545.9000000000096,97.8247499999975,40,24.375756024999998,6.006448029565,0.19564977294999997,2.9444024655,8.3163776044527,81.8386338974677,-725.5633838974749,-0.7396334306487051,BHARTIARTL
2026-09-15,SHORT,54,2026-09-15 10:15:00,1826.3,1825.3868,2026-09-15 15:00:00,1824.7,1825.6124,square_off,86.39999999999509,98.5769999999834,40,24.642722475000003,6.05262647376,0.19715395679999997,2.957492007,8.324960477500799,82.17495539006079,-94.3519553900491,-0.09567203817275681,BHARTIARTL
2026-09-18,SHORT,54,2026-09-18 12:45:00,1837.1,1836.1814,2026-09-18 15:00:00,1842.1,1843.021,square_off,-270.0,99.33839999998872,40,24.788449574999998,6.0993819044999995,0.19867693499999997,2.9856941009999995,8.33365059111,82.40585310660998,-451.7442531065987,-0.45537174442266976,BHARTIARTL
2026-09-21,SHORT,54,2026-09-21 11:15:00,1837.6,1836.6812,2026-09-21 15:00:00,1831.8,1832.7159,square_off,313.19999999999754,99.07379999999375,40,24.7951962,6.08312651238,0.19814744339999998,2.968999758,8.3306293120404,82.3760992258204,131.7501007741834,0.1327719134198627,BHARTIARTL
2026-09-22,LONG,54,2026-09-22 10:15:00,1832.1,1833.016,2026-09-22 15:00:00,1819.9,1818.99,square_off,-658.7999999999902,98.6039999999889,40,24.556365675000002,6.05429571258,0.1972083294,2.9694860009999995,8.325270727556399,82.10262644553639,-839.5066264455155,-0.8485573390235406,BHARTIARTL
2026-09-23,LONG,54,2026-09-23 12:15:00,1828.6,1829.5143,2026-09-23 15:00:00,1831.6,1830.6842,square_off,162.0,98.82539999999472,40,24.714236699999997,6.0678770733,0.19765071899999997,2.963813166,8.327795002614,82.27137266091398,-19.096772660908698,-0.019339600687136384,BHARTIARTL
2026-09-24,SHORT,55,2026-09-24 10:00:00,1817.1,1816.1914,2026-09-24 15:00:00,1800.8,1801.7004,square_off,896.4999999999975,99.49224999999274,40,24.9726324375,6.108810388725,0.19898405175,2.97280566,8.335402999285499,82.5886355372605,714.4191144627442,0.7148444469086549,BHARTIARTL
2026-09-25,SHORT,55,2026-09-25 12:45:00,1791.3,1790.4044,2026-09-25 15:00:00,1786.8,1787.6934,square_off,247.5,98.39774999999236,40,24.6180598125,6.041618050875,0.19679537625,2.94969411,8.3229144168825,82.1290817665075,66.97316823350015,0.0679782263094859,BHARTIARTL
2026-09-28,LONG,56,2026-09-28 11:15:00,1775.9,1776.788,2026-09-28 15:00:00,1783.2,1782.3084,square_off,408.79999999999745,99.6547999999857,40,24.952317600000004,6.11879844492,0.1993093956,2.985003756,8.3372594112936,82.5926886078136,226.55251139219814,0.22780452506193852,BHARTIARTL
2026-09-29,LONG,56,2026-09-29 11:30:00,1774.9,1775.7874,2026-09-29 15:00:00,1782.1,1781.209,square_off,403.1999999999898,99.59599999999409,40,24.9369253,6.11518821088,0.1991917984,2.983322916,8.336588401670399,82.5712166269504,221.03278337304533,0.22237951370806136,BHARTIARTL
2026-09-30,SHORT,56,2026-09-30 10:15:00,1763.6,1762.7182,2026-09-30 15:00:00,1761.1,1761.9805,square_off,140.0,98.69159999998556,40,24.6780548,6.059662091,0.19738313,2.9601273239999997,8.32626813978,82.22149548478,-40.91309548476555,-0.04142611651164577,BHARTIARTL
2026-08-03,LONG,67,2026-08-03 10:15:00,1475.3,1476.0376,2026-08-03 15:00:00,1456.3,1455.5718,square_off,-1273.0,98.2085999999963,40,24.3808284875,6.03002758055,0.1964178365,2.9668356764999997,8.320760175069001,81.894869756119,-1453.1034697561154,-1.4700814403102587,CIPLA
2026-08-04,SHORT,68,2026-08-04 11:30:00,1453.0,1452.2735,2026-08-04 15:00:00,1451.9,1452.626,square_off,74.79999999999382,98.76659999999993,40,24.6886495,6.064268091820001,0.1975331626,2.9633569380000004,8.3271242257956,82.2409319182156,-106.2075319182217,-0.10749314999212754,CIPLA
2026-08-05,LONG,68,2026-08-05 14:30:00,1461.6,1462.3308,2026-08-05 15:00:00,1457.9,1457.1711,square_off,-251.59999999998763,99.26299999998355,40,24.771907850000005,6.0947520620599995,0.1985261258,2.9831548319999994,8.332790073814799,82.3811309436748,-433.244130943646,-0.43590840310341417,CIPLA
2026-08-06,LONG,67,2026-08-06 10:15:00,1483.9,1484.642,2026-08-06 15:00:00,1472.9,1472.1636,square_off,-737.0,99.05279999998243,40,24.658739462500005,6.081853232950001,0.1981059685,2.9841303195,8.330392656261,82.253221639711,-918.3060216396934,-0.9236511910824878,CIPLA
2026-08-07,SHORT,68,2026-08-07 12:00:00,1463.8,1463.0681,2026-08-07 15:00:00,1470.4,1471.1352,square_off,-448.8000000000093,99.76279999998951,40,24.8721577,6.12544280908,0.1995258244,3.001115808,8.338494354026398,82.53673649550639,-631.0995364955052,-0.6340262014413585,CIPLA
2026-08-10,SHORT,68,2026-08-10 11:30:00,1465.0,1464.2675,2026-08-10 15:00:00,1467.9,1468.634,square_off,-197.20000000000618,99.71859999997741,40,24.892547500000006,6.122725067020001,0.1994372986,2.9960132579999996,8.3379892258116,82.54871234943161,-379.46731234941524,-0.3809147885458896,CIPLA
2026-08-12,LONG,68,2026-08-12 11:00:00,1467.0,1467.7335,2026-08-12 15:00:00,1464.1,1463.368,square_off,-197.20000000000618,99.65739999997732,40,24.87725515,6.11896738702,0.19931489859999996,2.9941763399999997,8.337290811411599,82.5270045870316,-379.38440458701507,-0.3803123667619141,CIPLA
2026-08-14,SHORT,68,2026-08-14 14:15:00,1451.6,1450.8742,2026-08-14 15:00:00,1453.0,1453.7265,square_off,-95.20000000000618,98.75639999999476,40,24.6648614,6.063644421319999,0.19751284759999999,2.96560206,8.327008308405599,82.21862903732558,-276.1750290373265,-0.2797876471371616,CIPLA
2026-08-17,SHORT,69,2026-08-17 10:00:00,1437.1,1436.3814,2026-08-17 15:00:00,1431.4,1432.1157,square_off,393.29999999998745,98.96324999998569,40,24.777580012500003,6.076337512845001,0.19792630335,2.9644794990000003,8.3293674869151,82.34569081461012,211.99105918539163,0.213787084482126,CIPLA
2026-08-18,LONG,69,2026-08-18 10:00:00,1436.3,1437.0181,2026-08-18 15:00:00,1432.9,1432.1836,square_off,-234.5999999999906,98.98739999998747,40,24.705166237500006,6.077829961110001,0.1979749173,2.9746275705,8.3296448781138,82.28524356452381,-415.87264356450186,-0.41962958725923377,CIPLA
2026-08-19,LONG,69,2026-08-19 10:00:00,1429.6,1430.3148,2026-08-19 15:00:00,1419.1,1418.3905,square_off,-724.5,98.28014999998459,40,24.4672352625,6.034412331075,0.19656066225,2.9607516359999995,8.3215751387985,81.98053503062349,-904.7606850306081,-0.9172127655355183,CIPLA
2026-08-20,LONG,69,2026-08-20 10:00:00,1433.7,1434.4168,2026-08-20 15:00:00,1435.5,1434.7822,square_off,124.19999999999686,98.98740000000316,40,24.7499938125,6.077824453530001,0.1979747379,2.9692428795000003,8.3296438544574,82.32467973788741,-57.11207973789371,-0.0577325312512509,CIPLA
2026-08-21,SHORT,69,2026-08-21 10:00:00,1429.0,1428.2855,2026-08-21 15:00:00,1425.2,1425.9126,square_off,262.19999999999686,98.46989999997618,40,24.637924875000003,6.0460478352300004,0.19693966889999998,2.951639082,8.323737750743401,82.15628921187341,81.57381078814727,0.08273122056383532,CIPLA
2026-08-24,LONG,70,2026-08-24 10:00:00,1427.4,1428.1137,2026-08-24 15:00:00,1437.0,1436.2815,square_off,671.9999999999936,100.25399999999763,40,25.13492625,6.155585284800001,0.20050766399999997,2.9990387700000003,8.344096730783999,82.834154699584,488.911845300412,0.48931308202767465,CIPLA
2026-08-25,SHORT,70,2026-08-25 10:15:00,1416.7,1415.9917,2026-08-25 15:00:00,1420.2,1420.9101,square_off,-245.0,99.29149999999254,40,24.779853875000004,6.096501860750001,0.19858312250000001,2.9839112100000005,8.333115296985,82.391965365235,-426.68346536522756,-0.43025891696520846,CIPLA
2026-08-28,SHORT,70,2026-08-28 10:15:00,1413.8,1413.0931,2026-08-28 15:00:00,1419.4,1420.1097,square_off,-392.00000000000955,99.16199999998526,40,24.729129250000003,6.0885528172,0.198324196,2.9822303700000004,8.331637862375999,82.329874495576,-573.4918744955708,-0.5794837363292149,CIPLA
2026-08-31,SHORT,70,2026-08-31 11:15:00,1412.9,1412.1936,2026-08-31 15:00:00,1413.1,1413.8065,square_off,-13.999999999987267,98.90999999998485,40,24.713387125000004,6.0730742149,0.197820007,2.9689937549999996,8.328760959941999,82.282036061842,-195.19203606181412,-0.19735704282156669,CIPLA
2026-09-01,SHORT,70,2026-09-01 10:00:00,1413.0,1412.2935,2026-09-01 15:00:00,1413.3,1414.0066,square_off,-20.999999999996817,98.92049999999017,40,24.71513625,6.07371902235,0.19784101049999997,2.9694139649999998,8.328880805912998,82.28499105376301,-202.20549105375,-0.20443381968835306,CIPLA
2026-09-02,SHORT,71,2026-09-02 10:30:00,1403.5,1402.7982,2026-09-02 15:00:00,1409.2,1409.9046,square_off,-404.70000000000323,99.85084999999822,40,24.899668937500003,6.130848402145,0.19970190235000002,3.0030967980000005,8.3394990548091,82.5728150948041,-587.1236650948056,-0.5891946844105085,CIPLA
2026-09-03,LONG,70,2026-09-03 10:00:00,1414.0,1414.707,2026-09-03 15:00:00,1394.4,1393.7028,square_off,-1371.9999999999936,98.29399999998031,40,24.389799000000004,6.0352726602,0.19658868599999998,2.9708846999999996,8.321735042316,81.91428008851602,-1552.20828008849,-1.5682039604854414,CIPLA
2026-09-07,LONG,72,2026-09-07 10:45:00,1387.7,1388.3938,2026-09-07 15:00:00,1394.0,1393.303,square_off,453.5999999999967,100.14119999998366,40,25.079454000000002,6.148662717240001,0.2002821732,2.998930716,8.3428100802792,82.7701396867192,270.6886603132939,0.27092056831977557,CIPLA
2026-09-08,SHORT,72,2026-09-08 10:15:00,1384.8,1384.1076,2026-09-08 15:00:00,1378.7,1379.3894,square_off,439.19999999999345,99.48599999998441,40,24.9139368,6.108433658279999,0.19897178039999996,2.979480996,8.335332978962398,82.5361562136424,257.1778437863666,0.2579372109353603,CIPLA
2026-09-09,SHORT,72,2026-09-09 10:00:00,1374.9,1374.2126,2026-09-09 15:00:00,1371.0,1371.6855,square_off,280.80000000000655,98.85239999997975,40,24.735825900000005,6.06953304972,0.1977046596,2.96284068,8.3281027876776,82.29400707699762,99.65359292302918,0.10066751614564814,CIPLA
2026-09-10,LONG,72,2026-09-10 10:00:00,1375.4,1376.0877,2026-09-10 15:00:00,1370.0,1369.315,square_off,-388.80000000000655,98.83439999999246,40,24.64767,6.06843812808,0.1976689944,2.972349432,8.327899282046399,82.21402583652642,-569.8484258365254,-0.5754370706668417,CIPLA
2026-09-11,SHORT,74,2026-09-11 10:00:00,1349.0,1348.3255,2026-09-11 15:00:00,1355.5,1356.1777,square_off,-481.0,100.06649999997671,40,24.944021750000005,6.14409048335,0.20013324049999998,3.0107146049999995,8.341960270293,82.640920349143,-663.7074203491197,-0.6648642842036341,CIPLA
2026-09-17,LONG,72,2026-09-17 11:45:00,1371.0,1371.6855,2026-09-17 15:00:00,1379.3,1378.6104,square_off,597.5999999999967,99.0107999999891,40,24.814986299999997,6.07925394684,0.19802130119999994,2.96284068,8.329909544647201,82.38501177268719,416.2041882273204,0.42163484503132387,CIPLA
2026-09-18,SHORT,72,2026-09-18 11:00:00,1374.2,1373.5129,2026-09-18 15:00:00,1384.0,1384.692,square_off,-705.5999999999967,99.29519999999138,40,24.7232322,6.09673611096,0.1985907528,2.99093472,8.3331588354768,82.34265261923679,-887.2378526192249,-0.8967215800498317,CIPLA
2026-09-21,LONG,71,2026-09-21 10:30:00,1400.5,1401.2002,2026-09-21 15:00:00,1380.6,1379.9097,square_off,-1412.9000000000065,98.72904999998923,40,24.493397175,6.061985358015,0.19745880644999997,2.9845565325,8.3266999496037,82.06409782156868,-1593.6931478215643,-1.6027406186136381,CIPLA
2026-09-22,SHORT,72,2026-09-22 10:30:00,1373.0,1372.3135,2026-09-22 15:00:00,1381.3,1381.9906,square_off,-597.5999999999967,99.15480000000207,40,24.701643,6.08811389316,0.1983098988,2.985099804,8.3315562825528,82.3047228785128,-779.0595228785116,-0.7880751020459169,CIPLA
2026-09-23,SHORT,72,2026-09-23 11:15:00,1377.9,1377.2111,2026-09-23 15:00:00,1376.9,1377.5884,square_off,72.0,99.17279999998937,40,24.7897989,6.0892088148,0.19834556399999997,2.975591052,8.331759788184,82.38470411898399,-109.55750411897336,-0.11043123605866953,CIPLA
2026-09-24,LONG,72,2026-09-24 10:30:00,1385.7,1386.3928,2026-09-24 15:00:00,1400.2,1399.4999,square_off,1044.0,100.29239999999481,40,25.190998200000003,6.1579373346,0.200584278,2.994608556,8.344533890268,82.888662258868,860.8189377411372,0.8627999263720874,CIPLA
2026-09-25,SHORT,71,2026-09-25 13:30:00,1391.1,1390.4044,2026-09-25 15:00:00,1401.6,1402.3008,square_off,-745.5,99.14084999998272,40,24.6796789875,6.087259633424999,0.19828207274999998,2.9869007039999995,8.3313975071115,82.2835189047865,-926.9243689047693,-0.938485572674547,CIPLA
2026-09-28,SHORT,71,2026-09-28 10:00:00,1390.9,1390.2046,2026-09-28 15:00:00,1386.1,1386.793,square_off,340.8000000000129,98.5834999999854,40,24.676130762500005,6.05302166872,0.19716682959999998,2.9538691964999995,8.3250339296976,82.20522238701759,160.01127761300992,0.16203033765047245,CIPLA
2026-09-29,SHORT,72,2026-09-29 10:15:00,1388.0,1387.306,2026-09-29 15:00:00,1382.6,1383.2913,square_off,388.80000000000655,99.74159999999392,40,24.971508000000004,6.12412827192,0.19948300559999999,2.987909208,8.338250029953599,82.6212785154736,206.43712148453903,0.206569325853085,CIPLA
2026-09-30,SHORT,73,2026-09-30 10:45:00,1362.4,1361.7188,2026-09-30 15:00:00,1353.0,1353.6765,square_off,686.2000000000066,99.11210000000165,40,24.851368100000006,6.08547240683,0.1982238569,2.964551535,8.3310653274714,82.43068122620141,504.6572187738036,0.5074216519335375,CIPLA
2026-08-03,SHORT,242,2026-08-03 12:00:00,413.15,412.9434,2026-08-03 15:00:00,415.1,415.3076,square_off,-471.900000000011,100.21824999998933,40,24.9830772125,6.153407793665,0.20043673595,3.015132813,8.3436920153307,82.6957465704457,-654.8139965704461,-0.6549299191661385,COALINDIA
2026-08-05,SHORT,242,2026-08-05 11:15:00,412.95,412.7435,2026-08-05 15:00:00,412.65,412.8563,square_off,72.60000000000275,99.89759999998728,40,24.970983262500003,6.13371152559,0.1997951637,2.9973369195,8.340031204072199,82.64185807536221,-109.93945807534674,-0.11001217612376456,COALINDIA
2026-08-06,LONG,240,2026-08-06 11:30:00,415.1,415.3076,2026-08-06 15:00:00,412.95,412.7435,square_off,-516.0000000000082,99.3659999999818,40,24.764611500000004,6.101080320600001,0.198732258,2.9902143600000004,8.333966264148,82.38860470274801,-697.754604702738,-0.7003880638227113,COALINDIA
2026-08-10,SHORT,242,2026-08-10 11:45:00,412.0,411.794,2026-08-10 15:00:00,411.9,412.1059,square_off,24.200000000005502,99.69189999998389,40,24.913537000000005,6.121082288530001,0.1993837879,2.991889197,8.337683893757399,82.56357616718742,-158.0554761671658,-0.15852470930671367,COALINDIA
2026-08-11,LONG,242,2026-08-11 10:00:00,411.8,412.0059,2026-08-11 15:00:00,411.15,410.9444,square_off,-157.30000000000825,99.57694999998523,40,24.8621377125,6.114027144555,0.19915397865,2.9911628340000003,8.336372602176901,82.50285427188189,-339.3798042718754,-0.340552667659294,COALINDIA
2026-08-12,SHORT,242,2026-08-12 11:00:00,411.6,411.3942,2026-08-12 15:00:00,409.0,409.2045,square_off,629.2000000000055,99.29259999998783,40,24.889349100000004,6.09655598178,0.19858488540000002,2.9708246700000003,8.333125356092399,82.4884399932724,447.4189600067453,0.4491833522142428,COALINDIA
2026-08-13,SHORT,245,2026-08-13 10:15:00,407.6,407.3962,2026-08-13 15:00:00,408.2,408.4041,square_off,-146.99999999999164,99.93549999999601,40,24.953017250000002,6.136041956450001,0.1998710735,3.001770135,8.340464345391,82.63116476034101,-329.56666476032865,-0.33002209525177606,COALINDIA
2026-08-14,SHORT,245,2026-08-14 10:45:00,406.8,406.5966,2026-08-14 15:00:00,406.8,407.0034,square_off,-0.0,99.66599999999403,40,24.90404175,6.1194924,0.19933199999999998,2.99147499,8.337388392000001,82.551729532,-182.21772953199402,-0.18282837630886561,COALINDIA
2026-08-17,LONG,244,2026-08-17 10:00:00,408.05,408.254,2026-08-17 15:00:00,407.1,406.8965,square_off,-231.79999999999723,99.4482999999882,40,24.820683450000004,6.106129178130001,0.19889671590000002,2.9884194630000005,8.3349046609254,82.44903346795542,-413.69733346794084,-0.41550811784551156,COALINDIA
2026-08-18,SHORT,245,2026-08-18 11:30:00,408.0,407.796,2026-08-18 15:00:00,407.35,407.5537,square_off,159.24999999999443,99.880374999982,40,24.977505000000004,6.1326525805125005,0.199760670375,2.99551951125,8.339834385159751,82.64527214729725,-23.275647147284815,-0.02328496113173751,COALINDIA
2026-08-19,SHORT,249,2026-08-19 10:00:00,401.25,401.0494,2026-08-19 15:00:00,399.8,399.9999,square_off,361.04999999999717,99.73072499998983,40,24.96532359375,6.1234609728825,0.19946126947499998,2.987999253,8.33812600362435,82.61437109273184,178.70490390727548,0.1788636453925614,COALINDIA
2026-08-20,LONG,248,2026-08-20 11:45:00,402.15,402.3511,2026-08-20 15:00:00,402.7,402.4986,square_off,136.40000000000282,99.80139999999847,40,24.9549163,6.12780386626,0.1996027318,2.9934919979999997,8.338933187650799,82.6147480837108,-46.01614808370644,-0.046139247596293356,COALINDIA
2026-08-21,LONG,247,2026-08-21 10:15:00,404.25,404.4521,2026-08-21 15:00:00,404.45,404.2478,square_off,49.39999999999719,99.87444999999144,40,24.96230010625,6.13229047171,0.1997488753,2.9969902462499998,8.3397670824618,82.63109678197179,-133.10554678196604,-0.1333058388047702,COALINDIA
2026-08-24,SHORT,246,2026-08-24 12:00:00,406.0,405.797,2026-08-24 15:00:00,405.7,405.9028,square_off,73.8000000000028,99.83909999998275,40,24.956515500000002,6.13011960717,0.19967816309999997,2.995563033,8.3393635986486,82.6212399019186,-108.66033990189855,-0.10879524600694718,COALINDIA
2026-08-25,SHORT,246,2026-08-25 10:15:00,404.9,404.6976,2026-08-25 15:00:00,401.55,401.7508,square_off,824.0999999999916,99.19334999999103,40,24.888899325,6.090459040064999,0.19838628794999996,2.9649207195,8.3319921590427,82.4746575315577,642.4319924684429,0.6449770719945334,COALINDIA
2026-08-26,SHORT,248,2026-08-26 11:30:00,401.95,401.749,2026-08-26 15:00:00,403.85,404.0519,square_off,-471.20000000000846,99.919199999983,40,24.908439550000004,6.1350461129200005,0.19983863559999998,3.006146322,8.3402792547336,82.5897498752536,-653.708949875245,-0.6557838499765709,COALINDIA
2026-08-27,SHORT,248,2026-08-27 10:00:00,402.2,401.9989,2026-08-27 15:00:00,399.7,399.8998,square_off,620.0,99.43559999999161,40,24.9239318,6.1053363229999995,0.19887088999999997,2.975254884,8.334757298340001,82.53815119533999,438.0262488046684,0.4391434296897993,COALINDIA
2026-08-28,LONG,247,2026-08-28 10:15:00,402.95,403.1515,2026-08-28 15:00:00,400.3,400.0999,square_off,-654.5499999999944,99.20137499997787,40,24.706165737500005,6.0909744723425,0.198403077275,2.9873524297499996,8.33208795893115,82.31498367579866,-836.066358675771,-0.8400258203801327,COALINDIA
2026-08-31,SHORT,249,2026-08-31 14:00:00,400.25,400.0499,2026-08-31 15:00:00,400.75,400.9504,square_off,-124.5,99.72449999997724,40,24.903104718750004,6.123086211075,0.19944906224999998,2.99509930125,8.3380563491985,82.55879564252349,-306.7832956425007,-0.30782296771596135,COALINDIA
2026-09-01,SHORT,248,2026-09-01 11:45:00,401.9,401.699,2026-09-01 15:00:00,400.65,400.8503,square_off,310.0,99.51619999998547,40,24.9053411,6.1102899215,0.199032245,2.982326418,8.335677989970002,82.53266767446999,127.95113232554453,0.12837322348436112,COALINDIA
2026-09-02,LONG,237,2026-09-02 11:00:00,420.3,420.5102,2026-09-02 15:00:00,416.15,415.9419,square_off,-983.5500000000081,99.11932499998812,40,24.64455905625,6.0859416524925,0.198239141775,2.9898271665,8.331152542968148,82.24971955998566,-1164.9190445599818,-1.1694671021201268,COALINDIA
2026-09-03,SHORT,238,2026-09-03 12:30:00,418.6,418.3907,2026-09-03 15:00:00,418.35,418.5592,square_off,59.5,99.59704999998667,40,24.894246650000003,6.115257956675,0.19919407025,2.9885125095,8.3366013648465,82.5338125512715,-122.63086255125816,-0.12309023530943297,COALINDIA
2026-09-04,LONG,240,2026-09-04 12:00:00,415.5,415.7077,2026-09-04 15:00:00,413.95,413.743,square_off,-372.00000000000273,99.5339999999942,40,24.8245815,6.1113933102,0.19906818599999998,2.9930958000000003,8.335883069315999,82.464021865516,-553.9980218655129,-0.5555535718667398,COALINDIA
2026-09-07,SHORT,241,2026-09-07 10:45:00,414.45,414.2428,2026-09-07 15:00:00,416.95,417.1585,square_off,-602.5,100.18369999998998,40,24.95812719375,6.1512884283750004,0.20036770124999997,3.01605577425,8.3432981033325,82.66913720095751,-785.3528372009475,-0.7862771059389787,COALINDIA
2026-09-09,LONG,229,2026-09-09 11:30:00,434.5,434.7172,2026-09-09 15:00:00,432.35,432.1338,square_off,-492.3499999999948,99.25432499998692,40,24.739661481250007,6.0942231125725,0.198508896175,2.9865075075,8.33269176157455,82.35159275907206,-673.9559177590538,-0.6773392271989124,COALINDIA
2026-09-11,SHORT,232,2026-09-11 10:00:00,430.25,430.0349,2026-09-11 15:00:00,425.35,425.5627,square_off,1136.7999999999947,99.24959999999783,40,24.94202275,6.09390799012,0.19849863159999998,2.9619162180000003,8.3326331919096,82.5289787816296,955.0214212183673,0.9567627293858495,COALINDIA
2026-09-15,SHORT,236,2026-09-15 12:45:00,422.4,422.1888,2026-09-15 15:00:00,419.6,419.8098,square_off,660.7999999999893,99.35599999998476,40,24.909139200000002,6.10044825672,0.1987116696,2.972253384,8.333848786737601,82.5144012970576,478.9295987029469,0.48043624677282654,COALINDIA
2026-09-16,LONG,236,2026-09-16 12:15:00,421.95,422.161,2026-09-16 15:00:00,422.8,422.5886,square_off,200.60000000000537,99.6804999999838,40,24.932727400000005,6.1203796207900005,0.1993608997,2.988899703,8.337553293688199,82.57892091717821,18.340579082843362,0.018417897416196555,COALINDIA
2026-09-17,SHORT,238,2026-09-17 13:30:00,419.25,419.0404,2026-09-17 15:00:00,418.5,418.7092,square_off,178.5,99.69224999998983,40,24.9329023125,6.121101410025,0.19938441075000002,2.989584045,8.3376874477395,82.58065962601451,-3.772909626004335,-0.0037811714857005907,COALINDIA
2026-09-18,SHORT,240,2026-09-18 10:00:00,415.65,415.4422,2026-09-18 15:00:00,412.6,412.8063,square_off,731.9999999999891,99.38999999998941,40,24.926530500000002,6.1025347638000005,0.19877963399999998,2.9722053600000002,8.334236591604,82.534286849404,550.0757131505957,0.5514211808318253,COALINDIA
2026-09-21,LONG,240,2026-09-21 14:00:00,415.25,415.4576,2026-09-21 15:00:00,414.05,413.843,square_off,-287.99999999999727,99.51599999998507,40,24.830578500000005,6.1102868208,0.199032144,2.9912948999999998,8.335677413663998,82.466869778464,-469.98286977844634,-0.47158626307289414,COALINDIA
2026-09-22,LONG,235,2026-09-22 10:00:00,425.0,425.2125,2026-09-22 15:00:00,426.8,426.5866,square_off,423.0000000000027,100.08649999998966,40,25.061962750000003,6.145304606950001,0.20017278849999998,2.997748125,8.342185931181,82.747374201631,240.166125798382,0.24046670918486307,COALINDIA
2026-09-23,SHORT,235,2026-09-23 10:15:00,424.3,424.0879,2026-09-23 15:00:00,423.3,423.5116,square_off,235.0,99.59299999997995,40,24.915161187500004,6.115006592750001,0.19918588250000002,2.9857571325000003,8.336554645545,82.551665440795,52.85533455922504,0.05300879502081029,COALINDIA
2026-09-24,SHORT,237,2026-09-24 11:15:00,420.3,420.0898,2026-09-24 15:00:00,421.25,421.4606,square_off,-225.1499999999973,99.72367499999808,40,24.8903236125,6.1230371010525,0.19944746257499998,2.99658504375,8.33804722145295,82.54744044133045,-407.4211154413258,-0.4090117621844611,COALINDIA
2026-09-25,LONG,234,2026-09-25 10:15:00,425.3,425.5126,2026-09-25 15:00:00,425.65,425.4372,square_off,81.89999999999202,99.56114999998806,40,24.888074737500002,6.113053352835001,0.19912225905,2.987098803,8.336191610139299,82.52354076252429,-100.18469076252033,-0.10066769436005991,COALINDIA
2026-09-28,SHORT,235,2026-09-28 12:00:00,425.0,424.7875,2026-09-28 15:00:00,422.9,423.1114,square_off,493.50000000000534,99.62824999998446,40,24.956265625,6.1171669747749995,0.19925625324999996,2.9829357224999993,8.3369561810445,82.5925807565695,311.2791692434514,0.3116687551874357,COALINDIA
2026-09-29,LONG,234,2026-09-29 11:15:00,425.35,425.5627,2026-09-29 15:00:00,423.85,423.6381,square_off,-351.0,99.35639999998625,40,24.782827387500006,6.100488347850002,0.19871297550000003,2.9874499785000004,8.333856238203001,82.403334927553,-532.7597349275393,-0.53526531185232,COALINDIA
2026-09-30,LONG,232,2026-09-30 10:00:00,430.0,430.215,2026-09-30 15:00:00,425.6,425.3872,square_off,-1020.7999999999947,99.24959999998464,40,24.672457600000005,6.09394110928,0.1984997104,2.9942963999999996,8.3326393475424,82.29183416722239,-1202.3414341672017,-1.2052339957570184,COALINDIA
2026-08-05,LONG,85,2026-08-05 11:15:00,1172.4,1172.9862,2026-08-05 15:00:00,1175.7,1175.1122,square_off,280.49999999999613,99.79424999998741,40,24.971133187500005,6.127362644325,0.19958835975,2.99111481,8.3388511807335,82.6280501823085,98.07769981770022,0.0984182268827144,DRREDDY
2026-08-06,SHORT,85,2026-08-06 10:00:00,1167.4,1166.8163,2026-08-06 15:00:00,1171.8,1172.3859,square_off,-373.9999999999884,99.41599999999539,40,24.794846375000006,6.1041481409000005,0.198832187,2.989584045,8.334536459022,82.421947206922,-555.8379472069058,-0.5601567557940781,DRREDDY
2026-08-07,SHORT,85,2026-08-07 10:15:00,1165.7,1165.1172,2026-08-07 15:00:00,1168.9,1169.4844,square_off,-272.00000000000387,99.22049999998649,40,24.7587394375,6.0921428752,0.198441136,2.9821853475,8.332305122015999,82.363813918216,-453.58431391820636,-0.4577752462980651,DRREDDY
2026-08-10,SHORT,85,2026-08-10 10:00:00,1167.6,1167.0162,2026-08-10 15:00:00,1160.8,1161.3804,square_off,577.9999999999961,98.95699999997532,40,24.799094250000003,6.075950927699999,0.197913711,2.9615200199999996,8.329295634966,82.363774543666,396.6792254563548,0.39969290999773777,DRREDDY
2026-08-11,SHORT,86,2026-08-11 10:45:00,1156.0,1155.422,2026-08-11 15:00:00,1204.3,1204.9021,square_off,-4153.799999999996,101.49289999999246,40,24.841573,6.231727820830001,0.20298787689999997,3.108647547,8.3582488255914,82.7431850703214,-4338.036085070309,-4.363519036241962,DRREDDY
2026-08-12,SHORT,83,2026-08-12 10:00:00,1191.1,1190.5044,2026-08-12 15:00:00,1199.7,1200.2998,square_off,-713.8000000000113,99.21819999998638,40,24.7029673375,6.09200843683,0.19843675689999996,2.9887466265,8.3322801348714,82.31443929260139,-895.3326392925991,-0.9056452214290113,DRREDDY
2026-08-13,SHORT,84,2026-08-13 10:00:00,1183.9,1183.3081,2026-08-13 15:00:00,1206.6,1207.2033,square_off,-1906.7999999999847,100.40099999999893,40,24.849469050000003,6.16465066938,0.20080295339999998,3.0421523159999997,8.3457816521004,82.6028566408804,-2089.803856640864,-2.101412056842864,DRREDDY
2026-08-14,SHORT,83,2026-08-14 10:00:00,1195.2,1194.6024,2026-08-14 15:00:00,1201.1,1201.7005,square_off,-489.6999999999887,99.44644999997627,40,24.787999800000005,6.106019546895,0.19889314484999998,2.9922343694999993,8.3348842845141,82.42003114575911,-671.5664811457241,-0.6769714209707545,DRREDDY
2026-08-18,LONG,84,2026-08-18 14:15:00,1189.0,1189.5945,2026-08-18 15:00:00,1181.3,1180.7094,square_off,-646.8000000000038,99.5525999999827,40,24.794896350000002,6.112539568380001,0.19910552339999998,2.99777814,8.336096116520398,82.44041569830038,-828.7930156982869,-0.8298219949720523,DRREDDY
2026-08-19,LONG,84,2026-08-19 10:00:00,1181.4,1181.9907,2026-08-19 15:00:00,1171.2,1170.6144,square_off,-856.8000000000038,98.80919999998787,40,24.582902400000002,6.066898031880001,0.1976188284,2.978616564,8.3276130348504,82.1536488591304,-1037.7628488591222,-1.045735536590085,DRREDDY
2026-08-20,LONG,84,2026-08-20 13:00:00,1179.1,1179.6895,2026-08-20 15:00:00,1180.8,1180.2096,square_off,142.80000000000382,99.11579999999685,40,24.7844016,6.08570792802,0.19823152859999996,2.9728176659999996,8.331109102191599,82.3722678248116,-38.688067824804634,-0.039061337970450256,DRREDDY
2026-08-24,LONG,84,2026-08-24 10:00:00,1182.3,1182.8912,2026-08-24 15:00:00,1189.3,1188.7054,square_off,588.0,99.60719999999765,40,24.96281235,6.1158730542,0.199214106,2.9808856980000003,8.336715688836,82.59550089703599,405.79729910296635,0.40860358854912177,DRREDDY
2026-08-25,SHORT,84,2026-08-25 12:45:00,1181.0,1180.4095,2026-08-25 15:00:00,1190.5,1191.0952,square_off,-798.0,99.60299999998915,40,24.7885995,6.1156364493,0.19920639899999998,3.00156003,8.336671712693999,82.441674090994,-980.0446740909831,-0.9879084251552187,DRREDDY
2026-08-26,SHORT,84,2026-08-26 11:45:00,1181.1,1180.5094,2026-08-26 15:00:00,1191.4,1191.9957,square_off,-865.2000000000153,99.64499999997861,40,24.79069845,6.1182162808200005,0.1992904326,3.003829164,8.3371512084156,82.44918553583561,-1047.2941855358295,-1.055608155367504,DRREDDY
2026-08-27,SHORT,84,2026-08-27 10:15:00,1178.0,1177.411,2026-08-27 15:00:00,1177.0,1177.5885,square_off,84.0,98.90999999998166,40,24.725631000000003,6.0730727106,0.19781995799999996,2.9675230199999993,8.328760680348001,82.292807368948,-97.20280736892967,-0.09823228168094598,DRREDDY
2026-08-28,SHORT,85,2026-08-28 12:30:00,1176.0,1175.412,2026-08-28 15:00:00,1176.8,1177.3884,square_off,-67.99999999999613,99.99399999998559,40,24.977505,6.1396326438,0.19998803399999998,3.0023404199999995,8.341131722004,82.660597819804,-250.65459781978572,-0.2507548997796976,DRREDDY
2026-08-31,LONG,85,2026-08-31 10:45:00,1175.1,1175.6875,2026-08-31 15:00:00,1171.5,1170.9142,square_off,-305.99999999999227,99.73049999999375,40,24.881927812500003,6.123457397099999,0.19946115299999997,2.9980032524999998,8.338125339018,82.54097495411801,-488.27147495410406,-0.48884097468961757,DRREDDY
2026-09-01,SHORT,85,2026-09-01 10:30:00,1168.8,1168.2156,2026-09-01 15:00:00,1171.1,1171.6856,square_off,-195.49999999999613,99.44574999999759,40,24.8245815,6.105972050925001,0.19889159774999998,2.9877981525,8.3348754567615,82.4521187579365,-377.3978687579302,-0.37987465148561644,DRREDDY
2026-09-02,SHORT,85,2026-09-02 10:45:00,1163.4,1162.8183,2026-09-02 15:00:00,1163.6,1164.1818,square_off,-16.99999999998454,98.89749999999026,40,24.709888875000004,6.07230676095,0.19779500849999998,2.9686635899999994,8.328618318501,82.277272552951,-198.1747725529258,-0.20040123022067746,DRREDDY
2026-09-03,LONG,85,2026-09-03 10:00:00,1164.3,1164.8822,2026-09-03 15:00:00,1158.4,1157.8208,square_off,-501.4999999999884,98.71474999998782,40,24.603692000000002,6.061093348025,0.19742975075,2.9704494825,8.3265341577795,82.1591987390545,-682.3739487390308,-0.6895068975946473,DRREDDY
2026-09-04,SHORT,86,2026-09-04 14:00:00,1156.9,1156.3216,2026-09-04 15:00:00,1156.8,1157.3784,square_off,8.600000000011732,99.48909999998705,40,24.860913325000002,6.10863060799,0.19897819569999997,2.9860362719999998,8.3353695846642,82.48992798535417,-173.3790279853295,-0.1742618384589626,DRREDDY
2026-09-07,LONG,86,2026-09-07 10:00:00,1157.4,1157.9787,2026-09-07 15:00:00,1151.0,1150.4245,square_off,-550.4000000000078,99.26119999999537,40,24.734126750000005,6.094646128640001,0.1985226752,2.9875850460000004,8.3327703846912,82.3476509845312,-732.0088509845344,-0.735418249991495,DRREDDY
2026-09-08,LONG,86,2026-09-08 11:45:00,1152.3,1152.8761,2026-09-08 15:00:00,1150.2,1149.6249,square_off,-180.59999999999218,99.00749999999061,40,24.71693535,6.07906327221,0.19801509029999997,2.9744204669999994,8.3298741052518,82.2983082847618,-361.9058082847446,-0.3652006485358349,DRREDDY
2026-09-09,SHORT,87,2026-09-09 10:00:00,1143.4,1142.8283,2026-09-09 15:00:00,1145.9,1146.473,square_off,-217.5,99.58454999999617,40,24.856515525000002,6.114494708625001,0.19916920875,2.9922943995000004,8.3364595051275,82.49893334700252,-399.5834833469987,-0.40168913780738497,DRREDDY
2026-09-10,SHORT,87,2026-09-10 11:00:00,1136.4,1135.8318,2026-09-10 15:00:00,1141.6,1142.1708,square_off,-452.3999999999842,99.09299999999098,40,24.704341650000003,6.08431714434,0.19818622619999998,2.981065788,8.3308506066972,82.2987614152372,-633.7917614152124,-0.6410562103913674,DRREDDY
2026-09-11,LONG,87,2026-09-11 10:30:00,1146.8,1147.3734,2026-09-11 15:00:00,1169.0,1168.4155,square_off,1931.400000000004,100.73729999999364,40,25.413037125000002,6.185240573010001,0.20147363429999998,2.994644574,8.3496085573158,83.14400446362582,1747.5186955363845,1.7515191653099524,DRREDDY
2026-09-15,SHORT,86,2026-09-15 10:00:00,1157.1,1156.5214,2026-09-15 15:00:00,1145.7,1146.2728,square_off,980.3999999999883,99.02039999999715,40,24.865211175000002,6.07983751086,0.19804030979999998,2.957383953,8.330018007718799,82.4304909563788,798.9491090436123,0.8028783959132116,DRREDDY
2026-09-17,LONG,86,2026-09-17 10:15:00,1152.4,1152.9762,2026-09-17 15:00:00,1171.7,1171.1142,square_off,1659.799999999996,99.93629999999212,40,25.178954225000002,6.136063342070001,0.1998717701,2.9746785960000004,8.340468320190599,82.8300362533606,1477.0336637466435,1.4903514442524837,DRREDDY
2026-09-18,LONG,83,2026-09-18 10:00:00,1201.5,1202.1007,2026-09-18 15:00:00,1190.5,1189.9048,square_off,-913.0,99.26799999997388,40,24.690523562500005,6.09506921455,0.19853645649999999,2.9932308675,8.332849020788998,82.310209121839,-1094.578209121813,-1.0976021029153449,DRREDDY
2026-09-21,LONG,83,2026-09-21 10:00:00,1199.0,1199.5995,2026-09-21 15:00:00,1203.5,1202.8982,square_off,373.5,99.70375000000604,40,24.9601386875,6.121804516775,0.19940731325,2.987002755,8.3378181294045,82.60617140192952,191.19007859806445,0.19211800857950345,DRREDDY
2026-09-22,LONG,82,2026-09-22 10:15:00,1218.4,1219.0092,2026-09-22 15:00:00,1210.0,1209.395,square_off,-688.8000000000075,99.56439999999111,40,24.7925975,6.113264733079999,0.19912914439999999,2.9987626319999996,8.3362308979464,82.4399849074264,-870.804384907425,-0.871599283453935,DRREDDY
2026-09-23,LONG,82,2026-09-23 10:30:00,1217.1,1217.7085,2026-09-23 15:00:00,1213.8,1213.1931,square_off,-270.59999999999627,99.66689999999335,40,24.87045855,6.11955181371,0.1993339353,2.995563033,8.3373994348218,82.5223067668318,-452.7892067668214,-0.45368659885936524,DRREDDY
2026-09-24,SHORT,83,2026-09-24 13:00:00,1203.7,1203.0982,2026-09-24 15:00:00,1199.3,1199.8996,square_off,365.20000000000755,99.7244999999914,40,24.9642866125,6.12307869418,0.19944881739999998,2.9877501284999997,8.3380549520844,82.6126192046644,182.86288079535177,0.18303291837652355,DRREDDY
2026-09-25,SHORT,83,2026-09-25 10:45:00,1196.2,1195.6019,2026-09-25 15:00:00,1203.4,1204.0017,square_off,-597.6000000000038,99.58339999998907,40,24.808739425000002,6.114429933160001,0.19916709880000003,2.9979642330000003,8.336447465752798,82.4567481557128,-779.6401481557057,-0.7852578830510529,DRREDDY
2026-09-28,LONG,82,2026-09-28 10:00:00,1217.8,1218.4089,2026-09-28 15:00:00,1221.4,1220.7893,square_off,295.2000000000112,100.00719999999183,40,25.026180650000004,6.14043754868,0.20001425239999998,2.9972858939999996,8.341281324194401,82.70519966927439,112.48760033074497,0.11264575497072386,DRREDDY
2026-09-30,LONG,80,2026-09-30 14:00:00,1242.2,1242.8211,2026-09-30 15:00:00,1233.8,1233.1831,square_off,-672.0000000000073,99.03999999998632,40,24.663662000000002,6.0810663152,0.19808033599999997,2.98277064,8.330246397216001,82.25582568841601,-853.2958256884096,-0.8586538255599034,DRREDDY
2026-08-03,LONG,12,2026-08-03 10:45:00,8012.0,8016.006,2026-08-03 15:00:00,8001.5,7997.4993,square_off,-126.0,96.08099999998376,40,23.992497750000002,5.8993753341,0.192162063,2.8857621599999996,8.296476731478,81.26627403857799,-303.34727403856175,-0.3155134735797988,EICHERMOT
2026-08-04,SHORT,12,2026-08-04 11:15:00,7948.5,7944.5258,2026-08-04 15:00:00,7883.0,7886.9415,square_off,786.0,94.98899999999048,40,23.83357725,5.8323125349,0.189977607,2.83929894,8.284012225542,80.97917855744201,610.0318214425675,0.6395670267372959,EICHERMOT
2026-08-05,LONG,12,2026-08-05 13:00:00,7998.0,8001.999,2026-08-05 15:00:00,7988.0,7984.006,square_off,-120.0,95.9159999999938,40,23.952018,5.889244242,0.19183205999999997,2.88071964,8.29459373436,81.20840767636,-297.1244076763538,-0.3095819868262418,EICHERMOT
2026-08-06,SHORT,12,2026-08-06 12:30:00,7953.5,7949.5232,2026-08-06 15:00:00,7945.5,7949.4728,square_off,96.0,95.3939999999966,40,23.848569750000003,5.857190126400001,0.19078795199999998,2.86181019,8.288636054112,81.046994072512,-80.4409940725086,-0.084282594740794,EICHERMOT
2026-08-07,LONG,12,2026-08-07 10:00:00,8037.5,8041.5188,2026-08-07 15:00:00,8006.5,8002.4968,square_off,-372.0,96.2639999999883,40,24.007490250000004,5.910615310200001,0.192528186,2.89494675,8.298565829316,81.30414632551602,-549.5681463255044,-0.5697959008040481,EICHERMOT
2026-08-10,LONG,12,2026-08-10 13:30:00,8015.0,8019.0075,2026-08-10 15:00:00,7998.5,7994.5008,square_off,-198.0,96.08099999999467,40,23.98350225,5.8993764393,0.19216209899999998,2.8868427,8.296476936893999,81.258360425194,-375.33936042518866,-0.39024678771593746,EICHERMOT
2026-08-12,SHORT,12,2026-08-12 10:00:00,7955.0,7951.0225,2026-08-12 15:00:00,8032.0,8036.016,square_off,-924.0,95.92199999999502,40,23.8530675,5.8896249834,0.191844462,2.89296576,8.294664500172,81.12216720557201,-1101.044167205567,-1.1534089327525319,EICHERMOT
2026-08-13,LONG,12,2026-08-13 12:15:00,8060.0,8064.03,2026-08-13 15:00:00,8085.0,8080.9575,square_off,300.0,96.8699999999917,40,24.2428725,5.947813395000001,0.19373985,2.9030508,8.3054795841,81.5929561291,121.53704387090829,0.1256586475092104,EICHERMOT
2026-08-14,LONG,12,2026-08-14 10:00:00,8103.0,8107.0515,2026-08-14 15:00:00,8133.5,8129.4332,square_off,366.0,97.41899999999441,40,24.388299749999998,5.981520981899999,0.19483781699999997,2.9185385399999997,8.311744583802,81.79494167270201,186.78605832730358,0.19209558016300915,EICHERMOT
2026-08-17,SHORT,12,2026-08-17 13:30:00,8060.0,8055.97,2026-08-17 15:00:00,8069.5,8073.5348,square_off,-114.0,96.77699999999459,40,24.16791,5.9421095499,0.193554057,2.90647251,8.304419449242,81.51446556614201,-292.2914655661366,-0.302203748517511,EICHERMOT
2026-08-18,LONG,12,2026-08-18 12:15:00,8098.0,8102.049,2026-08-18 15:00:00,8077.5,8073.4612,square_off,-246.0,97.05299999999625,40,24.22038375,5.9590579761,0.19410612300000002,2.91673764,8.307569537837999,81.59785502693799,-424.6508550269342,-0.43699149484125116,EICHERMOT
2026-08-19,LONG,12,2026-08-19 12:15:00,8055.0,8059.0275,2026-08-19 15:00:00,7962.0,7958.019,square_off,-1116.0,96.10199999998804,40,23.874057,5.9006799306,0.19220455799999997,2.9012499,8.296719207948,81.164910596548,-1293.266910596536,-1.3379545940373847,EICHERMOT
2026-08-20,LONG,12,2026-08-20 11:15:00,8047.0,8051.0235,2026-08-20 15:00:00,8075.0,8070.9625,square_off,336.0,96.73199999998542,40,24.2128875,5.9393396424,0.193463832,2.89836846,8.303904625392,81.54796405979201,157.72003594022257,0.16333212785326062,EICHERMOT
2026-08-21,SHORT,12,2026-08-21 10:15:00,8025.0,8020.9875,2026-08-21 15:00:00,8008.0,8012.004,square_off,204.0,96.19799999999668,40,24.0629625,5.9065540686,0.192395898,2.88432144,8.297810993988,81.34404490058799,26.45795509941533,0.027474512045083416,EICHERMOT
2026-08-24,LONG,12,2026-08-24 10:30:00,8048.5,8052.5242,2026-08-24 15:00:00,8033.5,8029.4832,square_off,-180.0,96.4919999999911,40,24.08844975,5.924611563,0.19298409,2.89890873,8.30116721754,81.40612135053999,-357.8981213505311,-0.37056399883055957,EICHERMOT
2026-08-25,LONG,12,2026-08-25 14:00:00,8039.0,8043.0195,2026-08-25 15:00:00,8056.0,8051.972,square_off,204.0,96.56999999998516,40,24.155916,5.9293948686,0.19313989799999998,2.89548702,8.302056257988,81.475994044588,25.954005955426837,0.026904264580406803,EICHERMOT
2026-08-26,LONG,12,2026-08-26 11:00:00,8098.0,8102.049,2026-08-26 15:00:00,8078.0,8073.961,square_off,-240.0,97.05599999999686,40,24.221883000000002,5.959242084,0.19411212,2.91673764,8.307603756719999,81.59957860072,-418.65557860071686,-0.4308219916447651,EICHERMOT
2026-08-27,LONG,12,2026-08-27 14:15:00,8086.0,8090.043,2026-08-27 15:00:00,8096.5,8092.4518,square_off,126.0,97.09499999999389,40,24.27735525,5.961631065900001,0.194189937,2.9124154800000004,8.308047780522,81.65363951342202,-52.74863951341591,-0.054362106844562524,EICHERMOT
2026-08-28,SHORT,12,2026-08-28 11:30:00,8055.0,8050.9725,2026-08-28 15:00:00,8036.0,8040.018,square_off,228.0,96.54599999998027,40,24.152917500000004,5.9279209002,0.193091886,2.89440648,8.301782301515999,81.47011906771601,49.98388093230372,0.051711029311301185,EICHERMOT
2026-08-31,LONG,12,2026-08-31 10:00:00,8002.0,8006.001,2026-08-31 15:00:00,7958.0,7954.021,square_off,-528.0,95.75999999998385,40,23.862063000000003,5.8796721048,0.191520264,2.88216036,8.292814626384,81.108230355184,-704.8682303551678,-0.7340542263967007,EICHERMOT
2026-09-01,LONG,12,2026-09-01 10:00:00,7998.0,8001.999,2026-09-01 15:00:00,7910.5,7906.5448,square_off,-1050.0,95.4509999999973,40,23.71963425,5.8607075175,0.190902525,2.88071964,8.28928980765,80.94125374014999,-1226.3922537401472,-1.2778113838252763,EICHERMOT
2026-09-02,SHORT,13,2026-09-02 11:15:00,7607.5,7603.6963,2026-09-02 15:00:00,7674.5,7678.3372,square_off,-871.0,99.33299999998326,40,24.712012812500006,6.0990595698500005,0.19866643550000002,2.9945515274999996,8.333590680962999,82.337881026313,-1052.6708810262962,-1.0644059566989015,EICHERMOT
2026-09-03,SHORT,13,2026-09-03 10:00:00,7637.0,7633.1815,2026-09-03 15:00:00,7655.0,7658.8275,square_off,-234.0,99.39799999998468,40,24.807839875000003,6.1030407919,0.198796117,2.986942725,8.334330643602,82.430950152502,-415.8289501524867,-0.4188404127199431,EICHERMOT
2026-09-04,LONG,13,2026-09-04 11:45:00,7659.0,7662.8295,2026-09-04 15:00:00,7632.0,7628.184,square_off,-351.0,99.39149999999518,40,24.791598000000004,6.10264348785,0.1987831755,2.9885035049999997,8.334256799403,82.41578496775301,-532.8072849677482,-0.535124373505025,EICHERMOT
2026-09-07,LONG,12,2026-09-07 13:15:00,7696.5,7700.3482,2026-09-07 15:00:00,7706.5,7702.6468,square_off,120.0,92.41799999999057,40,23.107940250000002,5.674463358000001,0.18483594000000003,2.7721253700000004,8.25467387364,79.99403879164,-52.412038791630565,-0.056748780605503105,EICHERMOT
2026-09-08,SHORT,13,2026-09-08 10:15:00,7668.5,7664.6658,2026-09-08 15:00:00,7733.0,7736.8665,square_off,-838.5,100.1097499999878,40,24.910163687500003,6.146751520975,0.20021991925,3.017377935,8.3424548592405,82.61696792196551,-1021.2267179219533,-1.0243972273405724,EICHERMOT
2026-09-09,LONG,12,2026-09-09 13:15:00,7725.0,7728.8625,2026-09-09 15:00:00,7756.0,7752.122,square_off,372.0,92.88599999998769,40,23.256366000000003,5.7031946898,0.18577181399999998,2.7823905,8.260013970684,80.18773697448401,198.9262630255283,0.21459143799949115,EICHERMOT
2026-09-15,SHORT,13,2026-09-15 10:00:00,7481.5,7477.7592,2026-09-15 15:00:00,7451.5,7455.2258,square_off,390.0,97.06449999999404,40,24.302717562500003,5.9597543135,0.194128805,2.9075380425,8.30769896133,81.67183768483001,211.26366231517596,0.21721647994815516,EICHERMOT
2026-09-16,SHORT,13,2026-09-16 10:15:00,7416.0,7412.292,2026-09-16 15:00:00,7502.5,7506.2512,square_off,-1124.5,96.97024999998666,40,24.089949,5.953990611075,0.19394106224999996,2.9274379875,8.3066277011985,81.47194636202352,-1302.9421963620102,-1.3514876321073046,EICHERMOT
2026-09-18,SHORT,13,2026-09-18 10:30:00,7505.0,7501.2475,2026-09-18 15:00:00,7560.5,7564.2802,square_off,-721.5,97.92574999999215,40,24.379054375,6.012652125025,0.19585186075,2.9500692975,8.3175307174395,81.85515837571448,-901.2809083757066,-0.9237748253735526,EICHERMOT
2026-09-21,SHORT,13,2026-09-21 10:00:00,7507.0,7503.2465,2026-09-21 15:00:00,7520.5,7524.2602,square_off,-175.5,97.67874999998912,40,24.385551125000003,5.997477943925,0.19535758775,2.9344614974999996,8.3147103957015,81.8275585498765,-355.0063085498656,-0.3637695161950032,EICHERMOT
2026-09-22,SHORT,13,2026-09-22 10:45:00,7465.0,7461.2675,2026-09-22 15:00:00,7460.5,7464.2302,square_off,58.5,97.01574999998411,40,24.249119375000003,5.956766152025001,0.19403147075,2.9110497975,8.307143572099498,81.6181103673745,-120.13386036735861,-0.12379191134768264,EICHERMOT
2026-09-23,SHORT,13,2026-09-23 10:00:00,7420.0,7416.29,2026-09-23 15:00:00,7436.0,7439.718,square_off,-208.0,96.56399999999849,40,24.1029425,5.9290327928,0.193128104,2.9014900200000002,8.301988961424001,81.428582378224,-385.9925823782225,-0.40015818202179404,EICHERMOT
2026-09-24,SHORT,13,2026-09-24 11:45:00,7392.5,7388.8038,2026-09-24 15:00:00,7365.0,7368.6825,square_off,357.5,95.92374999999811,40,24.013612187499998,5.889712762375,0.19184732124999998,2.873786175,8.294680815052498,81.2636392611775,180.3126107388244,0.18762530708235936,EICHERMOT
2026-09-25,SHORT,13,2026-09-25 11:45:00,7317.0,7313.3415,2026-09-25 15:00:00,7340.0,7343.67,square_off,-299.0,95.27049999998326,40,23.768359875,5.84961328965,0.1905411495,2.8640312999999997,8.287227799046999,80.959773413197,-475.23027341318027,-0.4996060527256655,EICHERMOT
2026-09-28,SHORT,13,2026-09-28 10:15:00,7267.0,7263.3665,2026-09-28 15:00:00,7208.0,7211.604,square_off,767.0,94.08749999999054,40,23.605941125,5.77696072655,0.1881746165,2.8125255599999996,8.273724361749,80.65732638979901,592.2551736102105,0.626917438801548,EICHERMOT
2026-09-29,SHORT,13,2026-09-29 10:15:00,7168.5,7164.9158,2026-09-29 15:00:00,7178.5,7182.0892,square_off,-130.0,93.25549999999839,40,23.2859761875,5.7258896955,0.18651106499999998,2.8010148075,8.264232136889998,80.26362389239,-303.5191238923884,-0.3256974948008524,EICHERMOT
2026-09-30,LONG,13,2026-09-30 10:15:00,7214.5,7218.1072,2026-09-30 15:00:00,7156.0,7152.422,square_off,-760.5,93.40824999999404,40,23.2453715,5.735278223675,0.18681688024999998,2.8150618275,8.2659771187065,80.24850555013151,-934.1567555501256,-0.9960248383865031,EICHERMOT
2026-08-03,LONG,326,2026-08-03 11:00:00,306.5,306.6532,2026-08-03 15:00:00,310.55,310.3947,square_off,1320.3000000000038,100.5791499999732,40,25.297170087500003,6.175539543395001,0.20115763985,2.9990687849999995,8.347805492984099,83.0207415487291,1136.7001084513015,1.137621581932667,ETERNAL
2026-08-04,LONG,319,2026-08-04 10:30:00,312.7,312.8563,2026-08-04 15:00:00,310.15,309.9949,square_off,-813.4500000000037,99.34457499999542,40,24.722095268749996,6.0997693914574995,0.19868955672499997,2.9940352695,8.333722610672849,82.34831209710535,-995.1428870971044,-0.997623977930217,ETERNAL
2026-08-05,SHORT,321,2026-08-05 12:15:00,311.35,311.1943,2026-08-05 15:00:00,311.0,311.1555,square_off,112.3500000000073,99.88717499997904,40,24.973344581250004,6.1330708204275,0.199774293825,2.9964274649999996,8.33991212056545,82.64252928106795,-70.17970428103969,-0.07021948361850958,ETERNAL
2026-08-06,LONG,312,2026-08-06 10:30:00,319.45,319.6097,2026-08-06 15:00:00,316.95,316.7915,square_off,-780.0,99.27839999999696,40,24.70973895,6.095705733,0.19855719,2.9915470259999997,8.33296732614,82.32851622514002,-961.606916225137,-0.9648062136295324,ETERNAL
2026-08-07,SHORT,319,2026-08-07 11:45:00,313.2,313.0434,2026-08-07 15:00:00,314.8,314.9574,square_off,-510.40000000000725,100.16599999998868,40,24.965211150000002,6.150200234640001,0.20033225520000003,3.014142318,8.343095848171199,82.6729818060112,-693.2389818060071,-0.6938579030555326,ETERNAL
2026-08-10,LONG,316,2026-08-10 11:00:00,315.9,316.0579,2026-08-10 15:00:00,310.35,310.1948,square_off,-1753.7999999999856,98.94749999998635,40,24.505391175000003,6.07540342083,0.1978958769,2.9962293659999997,8.3291938735914,82.1041137123214,-1934.8516137122933,-1.9382551898256273,ETERNAL
2026-08-11,SHORT,325,2026-08-11 10:15:00,306.75,306.5966,2026-08-11 15:00:00,317.5,317.6588,square_off,-3493.75,101.44062499999364,40,24.910975781250002,6.2285080040625,0.202882996875,3.0971728125,8.35765038016875,82.79718997485627,-3677.98781497485,-3.6892862541281177,ETERNAL
2026-08-12,SHORT,318,2026-08-12 10:00:00,314.25,314.0929,2026-08-12 15:00:00,315.35,315.5077,square_off,-349.80000000000723,100.10639999999717,40,24.9703835625,6.14653832943,0.2002129749,3.0099432195,8.342415234779399,82.6694933211094,-532.5758933211138,-0.5329409578772597,ETERNAL
2026-08-13,LONG,313,2026-08-13 10:00:00,318.65,318.8093,2026-08-13 15:00:00,318.45,318.2908,square_off,-62.59999999999644,99.70614999998725,40,24.90625314375,6.1219585709099995,0.19941233129999997,2.993619561749999,8.337846762397799,82.5590903701078,-244.8652403700915,-0.24550982641935554,ETERNAL
2026-08-18,SHORT,315,2026-08-18 11:15:00,316.7,316.5416,2026-08-18 15:00:00,318.15,318.3091,square_off,-456.7499999999964,99.98887499998659,40,24.9276549375,6.1393239361125,0.19997797837499998,3.0080207587499994,8.341074344607751,82.61605195534524,-639.3549269553282,-0.6408898581656348,ETERNAL
2026-08-19,LONG,311,2026-08-19 12:00:00,321.1,321.2606,2026-08-19 15:00:00,320.8,320.6396,square_off,-93.30000000000354,99.81544999999443,40,24.9297289,6.128670062155001,0.19963094665,2.9973609315000003,8.339094181584901,82.5944850218899,-275.7099350218879,-0.2760906640476095,ETERNAL
2026-08-21,SHORT,305,2026-08-21 10:00:00,326.9,326.7366,2026-08-21 15:00:00,327.9,328.064,square_off,-305.0,99.85699999998616,40,24.913661937500002,6.1312244817499995,0.1997141525,3.0017851424999997,8.339568954165,82.58595466841498,-487.44295466840117,-0.48888761757834515,ETERNAL
2026-08-25,SHORT,305,2026-08-25 10:00:00,327.7,327.5362,2026-08-25 15:00:00,329.6,329.7648,square_off,-579.5000000000105,100.23824999997714,40,24.9746314375,6.154637445324999,0.20047678975,3.0173479199999997,8.3439205623135,82.69101415488849,-762.4292641548761,-0.762822117545412,ETERNAL
2026-08-26,SHORT,305,2026-08-26 12:00:00,327.3,327.1364,2026-08-26 15:00:00,326.95,327.1135,square_off,106.75000000000693,99.77312499998988,40,24.944146687500005,6.126068236387501,0.199546196625,2.99308829625,8.33861059794225,82.60146001470474,-75.62458501468768,-0.07575602171235862,ETERNAL
2026-08-27,SHORT,306,2026-08-27 10:00:00,326.5,326.3368,2026-08-27 15:00:00,330.1,330.2651,square_off,-1101.600000000007,100.45980000000395,40,24.964761375,6.16824862956,0.2009201508,3.0318331590000005,8.3464503804648,82.7122136948248,-1284.7720136948358,-1.2859422211160514,ETERNAL
2026-08-31,SHORT,310,2026-08-31 14:00:00,321.8,321.6391,2026-08-31 15:00:00,323.7,323.8618,square_off,-588.999999999993,100.05249999997773,40,24.927030250000005,6.143232541150001,0.2001052945,3.0119152049999998,8.341800810416999,82.624084101067,-771.6765841010376,-0.7735485716444171,ETERNAL
2026-09-01,LONG,304,2026-09-01 12:00:00,328.5,328.6642,2026-09-01 15:00:00,327.05,326.8865,square_off,-440.79999999999654,99.64359999999215,40,24.8433721,6.11812380628,0.1992874204,2.99741796,8.337134020802399,82.49533530748239,-622.9389353074711,-0.6237872860164534,ETERNAL
2026-09-02,LONG,306,2026-09-02 13:15:00,326.1,326.263,2026-09-02 15:00:00,326.7,326.5366,square_off,183.59999999998956,99.87839999999335,40,24.980053725,6.132530941740001,0.1997567082,2.9950947990000003,8.3398117769892,82.6472479509292,1.0743520490670164,0.0010766496193547193,ETERNAL
2026-09-03,LONG,303,2026-09-03 10:00:00,328.8,328.9644,2026-09-03 15:00:00,324.85,324.6876,square_off,-1196.8499999999965,99.02797499999554,40,24.595083806250006,6.080336036647501,0.198056548425,2.990286396,8.33011066531305,82.19387345263556,-1378.0718484526278,-1.3832396317167213,ETERNAL
2026-09-04,SHORT,307,2026-09-04 10:45:00,324.9,324.7376,2026-09-04 15:00:00,321.7,321.8608,square_off,982.3999999999965,99.25309999998791,40,24.9236069625,6.09412526016,0.19850570879999996,2.9643384284999996,8.332673574412798,82.5132499343728,800.6336500656358,0.8026861184705651,ETERNAL
2026-09-07,SHORT,310,2026-09-07 10:15:00,321.8,321.6391,2026-09-07 15:00:00,320.0,320.16,square_off,558.0000000000035,99.47899999998072,40,24.927030250000005,6.1080020347,0.198957721,2.9774879999999997,8.335252756026,82.546730761726,375.9742692382968,0.3768863341669809,ETERNAL
2026-09-10,LONG,309,2026-09-10 12:30:00,322.65,322.8113,2026-09-10 15:00:00,320.35,320.1898,square_off,-710.699999999986,99.34349999998693,40,24.734663981250005,6.099701809245,0.19868735534999998,2.9924609827499995,8.3337100496271,82.35922417822212,-892.4027241781951,-0.8950983127470329,ETERNAL
2026-09-11,LONG,313,2026-09-11 10:15:00,319.0,319.1595,2026-09-11 15:00:00,321.2,321.0394,square_off,688.5999999999965,100.19129999999001,40,25.12133305,6.15173524999,0.20038225569999998,2.996907705,8.3433811510242,82.81373941171421,505.59496058829234,0.5063697062388377,ETERNAL
2026-09-15,SHORT,312,2026-09-15 10:45:00,320.45,320.2898,2026-09-15 15:00:00,315.35,315.5077,square_off,1591.1999999999894,99.18479999998499,40,24.98260245,6.089922295080001,0.1983688044,2.953151838,8.3318923979064,82.5559377853864,1409.4592622146179,1.4097355703864136,ETERNAL
2026-09-16,LONG,314,2026-09-16 13:00:00,317.45,317.6087,2026-09-16 15:00:00,317.7,317.5412,square_off,78.5,99.71854999999266,40,24.926980275000002,6.1227177650249995,0.19943706075,2.9918741895,8.3379878686395,82.5789971589145,-103.79754715890716,-0.10413149686936722,ETERNAL
2026-09-17,LONG,306,2026-09-17 10:00:00,325.55,325.7128,2026-09-17 15:00:00,323.45,323.2883,square_off,-642.600000000007,99.29699999998275,40,24.731553037500003,6.09684566391,0.1985943213,2.9900432744999996,8.333179197337799,82.35021549454781,-824.2472154945375,-0.8274054219902743,ETERNAL
2026-09-21,LONG,301,2026-09-21 10:00:00,331.7,331.8658,2026-09-21 15:00:00,335.4,335.2323,square_off,1113.6999999999966,100.39854999998363,40,25.226230575000002,6.164453874705,0.20079654315,2.9967486255,8.345745075213898,82.93397469356891,930.3674753064441,0.9318425821139306,ETERNAL
2026-09-22,LONG,294,2026-09-22 10:15:00,339.0,339.1695,2026-09-22 15:00:00,341.2,341.0294,square_off,646.7999999999967,99.98939999998527,40,25.0656609,6.139339231619999,0.19997847659999995,2.9914749899999995,8.3410771874796,82.73753078569959,464.0730692143118,0.4656282676281899,ETERNAL
2026-09-24,LONG,291,2026-09-24 10:00:00,342.95,343.1215,2026-09-24 15:00:00,336.5,336.3318,square_off,-1876.9499999999966,98.85997499999627,40,24.4681348125,6.0700312761825,0.197720888475,2.99545047675,8.32819538963835,82.05953284354585,-2057.8695078435385,-2.0620255202796622,ETERNAL
2026-09-25,SHORT,300,2026-09-25 10:45:00,333.3,333.1334,2026-09-25 15:00:00,334.95,335.1175,square_off,-494.9999999999932,100.23749999999154,40,24.985001250000003,6.15459009825,0.20047524749999998,3.0160572749999996,8.343911762234999,82.70003563298499,-677.9375356329697,-0.6780053361665863,ETERNAL
2026-09-28,SHORT,302,2026-09-28 12:00:00,330.35,330.1848,2026-09-28 15:00:00,330.15,330.3151,square_off,60.40000000001373,99.73549999999341,40,24.928954287500005,6.1237587728600005,0.1994709698,2.9926545795,8.338181353678799,82.58301996333881,-121.91851996331849,-0.12220484591730271,ETERNAL
2026-09-29,SHORT,305,2026-09-29 10:15:00,327.0,326.8365,2026-09-29 15:00:00,328.25,328.4141,square_off,-381.25,99.92562499998627,40,24.921283125000002,6.1354392271875,0.199851440625,3.0049892437499994,8.34035232020625,82.60191535676876,-563.777540356755,-0.565275520486043,ETERNAL
2026-09-30,SHORT,309,2026-09-30 10:00:00,323.4,323.2383,2026-09-30 15:00:00,318.45,318.6092,square_off,1529.5499999999965,99.1658249999964,40,24.970158675,6.0887581764075,0.19833088522499998,2.95350751575,8.33167603109385,82.54243128347635,1347.8417437165238,1.3487777955066056,ETERNAL
2026-08-03,LONG,32,2026-08-03 10:00:00,3121.0,3122.5605,2026-08-03 15:00:00,3168.9,3167.3156,square_off,1532.800000000003,100.63839999999618,40,25.338524400000004,6.179174231520001,0.20127603360000001,2.9976580800000003,8.3484810477216,83.0651137928416,1349.096486207165,1.3508255429020797,GRASIM
2026-08-04,SHORT,31,2026-08-04 12:45:00,3143.1,3141.5285,2026-08-04 15:00:00,3124.1,3125.662,square_off,589.0,97.14159999998947,40,24.3468454875,5.96448519885,0.1942829055,2.9068657065,8.308578258783,81.72105755713301,410.1373424428775,0.4209295553115094,GRASIM
2026-08-05,LONG,31,2026-08-05 10:15:00,3173.2,3174.7866,2026-08-05 15:00:00,3214.8,3213.1926,square_off,1289.6000000000113,99.01399999998466,40,24.902242650000005,6.07943980464,0.1980273552,2.952551538,8.3299440887712,82.4622054366112,1108.1237945634155,1.1264946696358367,GRASIM
2026-08-06,SHORT,31,2026-08-06 11:45:00,3203.7,3202.0981,2026-08-06 15:00:00,3211.3,3212.9056,square_off,-235.60000000001128,99.43249999999944,40,24.816260662499996,6.105159116459999,0.1988651178,2.9880022545,8.3347243621668,82.4430115134268,-417.4755115134375,-0.4203562126386502,GRASIM
2026-08-07,LONG,30,2026-08-07 10:45:00,3231.5,3233.1158,2026-08-07 15:00:00,3339.8,3338.1301,square_off,3249.0000000000055,98.56949999999415,40,25.035975750000002,6.052117427850001,0.1971373755,2.909804175,8.324865864603,82.51990059295302,3067.9105994070583,3.1645887868451785,GRASIM
2026-08-10,LONG,29,2026-08-10 10:00:00,3368.3,3369.9842,2026-08-10 15:00:00,3386.9,3385.2066,square_off,539.3999999999974,97.95039999998107,40,24.5427474875,6.014146280209999,0.1959005303,2.9318862105,8.3178084258918,82.0024889344018,359.4471110656145,0.367981710886198,GRASIM
2026-08-11,SHORT,29,2026-08-11 11:30:00,3339.9,3338.23,2026-08-11 15:00:00,3319.5,3321.1597,square_off,591.6000000000026,96.56129999999348,40,24.2021678625,5.92885473894,0.19312230419999998,2.8894089824999996,8.3019558677652,81.51550975590521,413.52319024410394,0.42694153577187827,GRASIM
2026-08-14,LONG,30,2026-08-14 14:00:00,3254.7,3256.3273,2026-08-14 15:00:00,3246.6,3244.9767,square_off,-242.99999999999727,97.51949999998487,40,24.337325250000003,5.98770103005,0.19503912149999997,2.9306946149999997,8.312893227279,81.76365324382901,-422.28315324381117,-0.4324854858551338,GRASIM
2026-08-17,LONG,30,2026-08-17 10:45:00,3244.7,3246.3223,2026-08-17 15:00:00,3255.2,3253.5724,square_off,315.0,97.49849999998332,40,24.401793,5.98640306475,0.1949968425,2.9216901149999996,8.312651983304999,81.817535005555,135.6839649944617,0.13939035452117987,GRASIM
2026-08-18,LONG,30,2026-08-18 10:00:00,3280.0,3281.64,2026-08-18 15:00:00,3280.0,3278.36,square_off,0.0,98.39999999999236,40,24.5877,6.04176,0.19679999999999997,2.9534759999999998,8.3229408,82.10267679999998,-180.50267679999234,-0.18343767967478897,GRASIM
2026-08-19,SHORT,30,2026-08-19 10:15:00,3253.2,3251.5734,2026-08-19 15:00:00,3266.2,3267.8331,square_off,-390.0,97.79099999998834,40,24.386800500000003,6.004373386499999,0.195582195,2.9410497899999997,8.31599200467,81.84379787617002,-569.6347978761584,-0.5836661316817885,GRASIM
2026-08-20,SHORT,30,2026-08-20 10:30:00,3263.6,3261.9682,2026-08-20 15:00:00,3280.9,3282.5404,square_off,-519.0000000000055,98.16749999998592,40,24.4647615,6.02749246665,0.19633525949999997,2.954286405,8.320288990706999,81.96316462185702,-699.1306646218484,-0.7140689878476206,GRASIM
2026-08-21,LONG,30,2026-08-21 10:15:00,3289.2,3290.8446,2026-08-21 15:00:00,3292.7,3291.0536,square_off,105.0,98.72849999998834,40,24.682902374999998,6.06192828825,0.19745694749999998,2.9617601399999995,8.326689342435,82.230737093185,-75.95923709317334,-0.07697843152658533,GRASIM
2026-08-25,SHORT,30,2026-08-25 10:30:00,3254.1,3252.473,2026-08-25 15:00:00,3263.9,3265.532,square_off,-294.00000000000546,97.7699999999868,40,24.393547125,6.003082512900001,0.195540147,2.9389787550000004,8.315752078782001,81.84690061868199,-473.6169006186742,-0.4851488897274968,GRASIM
2026-08-27,SHORT,30,2026-08-27 12:15:00,3278.5,3276.8608,2026-08-27 15:00:00,3269.6,3271.2348,square_off,267.00000000000273,98.22149999998601,40,24.576455625,6.03079600155,0.19644286649999998,2.9441113199999998,8.320902996249,82.068708809299,86.70979119071772,0.08816002357858546,GRASIM
2026-08-28,SHORT,30,2026-08-28 10:00:00,3238.9,3237.2806,2026-08-28 15:00:00,3277.3,3278.9386,square_off,-1152.0000000000027,97.74299999998675,40,24.279604125000002,6.001437883200001,0.19548657600000002,2.9510447850000006,8.315446402656,81.74301977185598,-1331.4860197718453,-1.3703068117486856,GRASIM
2026-08-31,LONG,30,2026-08-31 11:30:00,3287.0,3288.6435,2026-08-31 15:00:00,3314.1,3312.443,square_off,812.9999999999973,99.01649999998426,40,24.843322125000004,6.07960062045,0.1980325935,2.9597791499999997,8.329973978511,82.410708467461,631.572791532552,0.6404753995868085,GRASIM
2026-09-01,SHORT,30,2026-09-01 10:30:00,3312.1,3310.444,2026-09-01 15:00:00,3296.4,3298.0482,square_off,470.99999999999454,99.12749999997686,40,24.828329625000002,6.08642127015,0.19825476449999999,2.96824338,8.331241686237,82.41249072588701,289.4600092741307,0.2913156902208375,GRASIM
2026-09-03,SHORT,30,2026-09-03 12:45:00,3286.0,3284.357,2026-09-03 15:00:00,3300.0,3301.65,square_off,-420.0,98.78999999998996,40,24.6326775,6.065712446999999,0.19758020999999998,2.9714849999999995,8.327392678259999,82.19484783525999,-600.98484783525,-0.6096417608391661,GRASIM
2026-09-04,LONG,30,2026-09-04 11:30:00,3323.6,3325.2618,2026-09-04 15:00:00,3320.0,3318.34,square_off,-107.99999999999727,99.65399999999136,40,24.887550000000005,6.1187572578000005,0.199308054,2.99273562,8.337251756124,82.53560268792401,-290.1896026879126,-0.29103943784642416,GRASIM
2026-09-07,LONG,30,2026-09-07 11:30:00,3321.0,3322.6605,2026-09-07 15:00:00,3297.1,3295.4514,square_off,-717.0000000000027,99.27149999999529,40,24.715885875,6.095281105950001,0.1985433585,2.99039445,8.332888403601,82.332993193051,-898.604493193049,-0.9019416773994269,GRASIM
2026-09-08,LONG,30,2026-09-08 10:15:00,3317.0,3318.6585,2026-09-08 15:00:00,3301.7,3300.0492,square_off,-459.00000000000546,99.28049999999985,40,24.750368625,6.095829745650001,0.1985612295,2.9867926500000004,8.332990375527,82.364542625677,-640.6450426256823,-0.6437996609644079,GRASIM
2026-09-09,SHORT,30,2026-09-09 10:00:00,3288.3,3286.6559,2026-09-09 15:00:00,3297.3,3298.9486,square_off,-270.0,98.78399999997782,40,24.649918875000004,6.065341744500001,0.197568135,2.969053785,8.32732377831,82.20920631781,-450.99320631778784,-0.45716956717025803,GRASIM
2026-09-10,LONG,30,2026-09-10 11:00:00,3304.4,3306.0522,2026-09-10 15:00:00,3320.2,3318.5399,square_off,473.9999999999918,99.36899999998786,40,24.88904925,6.1012493241,0.198737763,2.97544698,8.333997675677999,82.49848099277798,292.13251900722594,0.2946904319566093,GRASIM
2026-09-15,SHORT,31,2026-09-15 10:00:00,3221.6,3219.9892,2026-09-15 15:00:00,3184.4,3185.9922,square_off,1153.1999999999944,99.29299999999921,40,24.9549163,6.0965724983800005,0.19858542340000002,2.9629727460000006,8.3331284259204,82.54617539370042,971.3608246062947,0.9726291329957213,GRASIM
2026-09-16,LONG,31,2026-09-16 10:30:00,3195.9,3197.498,2026-09-16 15:00:00,3183.5,3181.9082,square_off,-384.4000000000028,98.88069999999698,40,24.6597889375,6.07128088054,0.1977615922,2.9736730935,8.3284276450932,82.23093214883319,-565.511632148833,-0.5708035518782967,GRASIM
2026-09-17,SHORT,31,2026-09-17 11:00:00,3176.3,3174.7118,2026-09-17 15:00:00,3164.4,3165.9822,square_off,368.9000000000028,98.28084999999601,40,24.6040168375,6.034438527384999,0.19656151555,2.944363446,8.3215800077283,82.1009603341633,188.51818966584352,0.19145647214383496,GRASIM
2026-09-18,SHORT,31,2026-09-18 10:45:00,3178.7,3177.1106,2026-09-18 15:00:00,3198.0,3199.599,square_off,-598.3000000000056,98.83884999998281,40,24.622607537500002,6.068714573905,0.19767799915,2.97562707,8.327950663149899,82.1925778437049,-779.3314278436933,-0.7908806580938377,GRASIM
2026-09-21,SHORT,31,2026-09-21 11:45:00,3194.6,3193.0027,2026-09-21 15:00:00,3171.5,3173.0857,square_off,716.0999999999972,98.67454999998881,40,24.745770925000002,6.058606377865001,0.19734874195,2.9509697475,8.3260719215667,82.27876771388169,535.1466822861266,0.5403742629054743,GRASIM
2026-09-22,SHORT,31,2026-09-22 10:00:00,3141.0,3139.4295,2026-09-22 15:00:00,3128.9,3130.4644,square_off,375.0999999999972,97.18344999998953,40,24.330578625,5.967058072215,0.19436671245,2.9113319385,8.3090564612397,81.7123918094047,196.20415819060293,0.20150163620647105,GRASIM
2026-09-23,LONG,31,2026-09-23 12:30:00,3150.6,3152.1753,2026-09-23 15:00:00,3180.3,3178.7099,square_off,920.7000000000085,98.1289499999989,40,24.635001337500004,6.025103397255,0.19625743964999998,2.931523029,8.3198449506429,82.1077301540479,740.4633198459617,0.7581385622871237,GRASIM
2026-09-24,LONG,31,2026-09-24 10:15:00,3175.3,3176.8876,2026-09-24 15:00:00,3167.1,3165.5164,square_off,-254.20000000000846,98.30719999999292,40,24.5327524875,6.03606598197,0.1966145271,2.9545055145,8.3218824916326,82.04182100270259,-434.54902100270397,-0.4414609754960455,GRASIM
2026-09-25,LONG,31,2026-09-25 10:00:00,3185.9,3187.493,2026-09-25 15:00:00,3186.8,3185.2066,square_off,27.90000000000282,98.77684999998428,40,24.685351150000002,6.064898161735,0.19755368605,2.9643684434999997,8.3272413326013,82.23941277388631,-153.1162627738678,-0.1550341907476064,GRASIM
2026-09-28,SHORT,31,2026-09-28 10:30:00,3145.1,3143.5274,2026-09-28 15:00:00,3148.3,3149.8742,square_off,-99.20000000000846,97.54769999999326,40,24.362337737500003,5.989430302720001,0.1950954496,2.9293829595000003,8.313214635417602,81.78946108473761,-278.5371610847393,-0.28568470676324903,GRASIM
2026-09-29,SHORT,31,2026-09-29 10:30:00,3133.8,3132.2331,2026-09-29 15:00:00,3116.3,3117.8582,square_off,542.5,96.87654999998904,40,24.274806525000002,5.9482118426250015,0.19375282875,2.8996080795,8.3055536408475,81.6219329167225,364.0015170832885,0.3746883790299816,GRASIM
2026-09-30,SHORT,32,2026-09-30 14:00:00,3083.5,3081.9582,2026-09-30 15:00:00,3048.4,3049.9242,square_off,1123.199999999997,98.11039999999048,40,24.655666,6.02396131888,0.1962202384,2.927927232,8.3196326803104,82.1234074695904,942.9661925304163,0.9556573217634347,GRASIM
2026-08-04,SHORT,73,2026-08-04 11:30:00,1360.5,1359.8198,2026-08-04 15:00:00,1353.0,1353.6765,square_off,547.5,99.04274999999416,40,24.816710437500003,6.081216445875,0.19808522625,2.964551535,8.330274300982499,82.3908379456075,366.06641205439837,0.3685856952816485,HCLTECH
2026-08-05,SHORT,73,2026-08-05 10:00:00,1356.0,1355.322,2026-08-05 15:00:00,1339.8,1340.4699,square_off,1182.6000000000033,98.39669999998205,40,24.7346265,6.04153922709,0.1967928087,2.9356290809999996,8.322899766442198,82.2314873832322,1001.9718126167891,1.0122154327966915,HCLTECH
2026-08-06,SHORT,74,2026-08-06 10:30:00,1335.9,1335.232,2026-08-06 15:00:00,1345.2,1345.8726,square_off,-688.1999999999966,99.20069999999214,40,24.701792925000003,6.090933543869999,0.1984017441,2.987837172,8.3320803518346,82.3110457368046,-869.7117457367933,-0.8797710478984644,HCLTECH
2026-08-10,LONG,73,2026-08-10 10:00:00,1361.0,1361.6805,2026-08-10 15:00:00,1354.5,1353.8228,square_off,-474.5,99.11574999999243,40,24.707265187500003,6.085714333575,0.19823173724999998,2.9820802950000003,8.331110292748498,82.30440184607349,-655.9201518460659,-0.6601915914427002,HCLTECH
2026-08-11,LONG,72,2026-08-11 10:00:00,1379.5,1380.1898,2026-08-11 15:00:00,1362.9,1362.2186,square_off,-1195.1999999999935,98.72639999998682,40,24.519933900000005,6.06181930632,0.1974533976,2.98120986,8.3266690867056,82.08708555062563,-1376.013485550606,-1.3853786451921046,HCLTECH
2026-08-12,SHORT,73,2026-08-12 10:00:00,1361.3,1360.6194,2026-08-12 15:00:00,1359.9,1360.58,square_off,102.19999999999004,99.3237999999983,40,24.8313031375,6.09847975123,0.19864754889999997,2.9796700905,8.3334829140234,82.44158344215339,-79.56538344216165,-0.0800658752282132,HCLTECH
2026-08-13,LONG,72,2026-08-13 12:00:00,1368.9,1369.5844,2026-08-13 15:00:00,1362.2,1361.5189,square_off,-482.4000000000033,98.3195999999989,40,24.507340199999998,6.036830844840001,0.1966394412,2.958302412,8.3220246514872,82.0211375495272,-662.7407375495294,-0.6724181799960323,HCLTECH
2026-08-14,SHORT,73,2026-08-14 10:45:00,1357.5,1356.8212,2026-08-14 15:00:00,1361.9,1362.581,square_off,-321.20000000000664,99.2580999999982,40,24.7619878125,6.09445227042,0.1985163606,2.9840522805000003,8.3327343535836,82.37174307760358,-502.8298430776084,-0.5074092112087676,HCLTECH
2026-08-17,SHORT,74,2026-08-17 10:00:00,1338.9,1338.2306,2026-08-17 15:00:00,1329.9,1330.565,square_off,666.0,98.74559999998019,40,24.757265175000004,6.0629696169,0.19749086700000001,2.953854189,8.326882887102,82.298462735002,484.95593726501784,0.4894658758450542,HCLTECH
2026-08-18,SHORT,76,2026-08-18 10:45:00,1304.7,1304.0477,2026-08-18 15:00:00,1298.6,1299.2493,square_off,463.60000000001037,98.92539999999099,40,24.776905350000003,6.074012443740001,0.1978505682,2.9622884039999997,8.328935342149201,82.3399921080892,282.3346078919302,0.2847343489851773,HCLTECH
2026-08-19,SHORT,76,2026-08-19 10:00:00,1309.8,1309.1451,2026-08-19 15:00:00,1321.8,1322.4609,square_off,-912.0,100.00079999998889,40,24.8737569,6.1400631192,0.20000205599999998,3.0152108519999996,8.341211731536,82.57024465873599,-1094.571044658725,-1.0995763160493817,HCLTECH
2026-08-20,SHORT,75,2026-08-20 12:45:00,1323.1,1322.4384,2026-08-20 15:00:00,1322.7,1323.3613,square_off,29.999999999989768,99.21749999999179,40,24.7957209375,6.091954039499999,0.19843498499999998,2.9775630375,8.33227002441,82.39594302391001,-151.61344302391203,-0.15278607615842796,HCLTECH
2026-08-25,SHORT,76,2026-08-25 10:00:00,1300.8,1300.1496,2026-08-25 15:00:00,1308.2,1308.8541,square_off,-562.4000000000069,99.1419999999971,40,24.702842399999998,6.08732743284,0.1982842812,2.9841873480000003,8.3314101085272,82.3040515705672,-743.8460515705713,-0.7524175927876077,HCLTECH
2026-08-26,SHORT,76,2026-08-26 10:45:00,1310.5,1309.8448,2026-08-26 15:00:00,1301.7,1302.3508,square_off,668.7999999999965,99.26360000000113,40,24.88705025,6.09477477392,0.1985268656,2.969359938,8.332794295113601,82.4825061226336,487.0538938773618,0.4890197532855698,HCLTECH
2026-08-28,LONG,75,2026-08-28 10:00:00,1327.6,1328.2638,2026-08-28 15:00:00,1308.7,1308.0456,square_off,-1417.4999999999898,98.86125000000447,40,24.5258559375,6.070102508625,0.19772320875,2.9885935499999996,8.3282086291275,82.11048383400251,-1598.4717338339967,-1.6053748456703794,HCLTECH
2026-09-01,LONG,74,2026-09-01 11:30:00,1349.0,1349.6745,2026-09-01 15:00:00,1352.3,1351.6238,square_off,244.19999999999663,99.94809999998961,40,25.005041225000003,6.13680959153,0.19989607789999997,2.9962773899999995,8.340607020497398,82.67863130492739,61.57326869507963,0.061680592926772214,HCLTECH
2026-09-04,SHORT,76,2026-09-04 10:45:00,1309.2,1308.5454,2026-09-04 15:00:00,1298.9,1299.5494,square_off,782.7999999999965,99.10779999997976,40,24.862362600000004,6.0852069040200005,0.19821520860000003,2.962972746,8.3310159802716,82.43977343889162,601.2524265611252,0.604278654060661,HCLTECH
2026-09-07,SHORT,78,2026-09-07 12:30:00,1268.0,1267.366,2026-09-07 15:00:00,1272.1,1272.736,square_off,-319.7999999999929,99.06389999998873,40,24.713637,6.082528368929999,0.19812795989999996,2.9782023569999994,8.3305181391894,82.3030138250194,-501.1669138250011,-0.5067205712862989,HCLTECH
2026-09-08,LONG,77,2026-09-08 10:15:00,1287.6,1288.2438,2026-09-08 15:00:00,1276.3,1275.6618,square_off,-870.0999999999965,98.71014999998647,40,24.5564906125,6.060816566034999,0.19742073504999996,2.9758431779999994,8.3264827141953,82.1170538057803,-1050.9272038057634,-1.0599879810679322,HCLTECH
2026-09-09,SHORT,81,2026-09-09 12:30:00,1228.7,1228.0857,2026-09-09 15:00:00,1231.1,1231.7155,square_off,-194.39999999998895,99.62189999998509,40,24.868734412500007,6.11678764404,0.1992438972,2.9930687864999994,8.3368856774232,82.51472041766321,-376.53662041763727,-0.37833484594039196,HCLTECH
2026-09-10,SHORT,82,2026-09-10 10:00:00,1217.9,1217.2911,2026-09-10 15:00:00,1202.1,1202.701,square_off,1295.600000000015,99.21999999998434,40,24.954466525000008,6.092088112540001,0.19843935220000003,2.958644583,8.3322949436532,82.5359335163932,1113.8440664836373,1.1153185175638567,HCLTECH
2026-09-11,LONG,81,2026-09-11 11:45:00,1218.9,1219.5094,2026-09-11 15:00:00,1214.6,1213.9927,square_off,-348.30000000001473,98.55674999998541,40,24.583352175,6.051389796405,0.19711367415,2.9634079635000004,8.3247306246999,82.11999423375491,-528.9767442337551,-0.5357762810161307,HCLTECH
2026-09-16,LONG,78,2026-09-16 10:00:00,1276.8,1277.4384,2026-09-16 15:00:00,1248.1,1247.476,square_off,-2238.6000000000035,98.47109999997792,40,24.325781025,6.04615990251,0.19694331929999997,2.989205856,8.3237585799258,81.8818486827358,-2418.9529486827173,-2.4289017301694917,HCLTECH
2026-09-17,LONG,80,2026-09-17 12:00:00,1247.5,1248.1238,2026-09-17 15:00:00,1247.4,1246.7763,square_off,-7.999999999992724,99.79599999998754,40,24.935526000000007,6.127474522800001,0.199592004,2.995497,8.338871974823999,82.59696150162401,-190.39296150160428,-0.19077451052264957,HCLTECH
2026-09-21,LONG,78,2026-09-21 10:00:00,1268.5,1269.1342,2026-09-21 15:00:00,1281.9,1281.2591,square_off,1045.200000000007,99.46559999998544,40,24.984551475000004,6.107171796179999,0.19893067739999998,2.9697741449999997,8.335098445244398,82.5955265388244,863.1388734611972,0.8723597156556777,HCLTECH
2026-09-22,SHORT,80,2026-09-22 11:00:00,1245.8,1245.1771,2026-09-22 15:00:00,1270.5,1271.1352,square_off,-1976.0000000000036,100.65199999999095,40,24.903542,6.180063131600001,0.20130498800000002,3.0507246,8.348646261528,82.684280981128,-2159.3362809811224,-2.166616111114467,HCLTECH
2026-09-23,SHORT,79,2026-09-23 12:15:00,1265.5,1264.8672,2026-09-23 15:00:00,1253.4,1254.0267,square_off,955.8999999999928,99.4965500000012,40,24.981128187499998,6.109073496935,0.19899262205,2.972043279,8.3354519014173,82.59668948690229,773.8067605130893,0.7740041315666388,HCLTECH
2026-09-24,SHORT,80,2026-09-24 14:00:00,1245.7,1245.0772,2026-09-24 15:00:00,1243.6,1244.2218,square_off,168.0000000000109,99.5719999999892,40,24.901543000000004,6.113718221199999,0.19914391599999998,2.9861323199999994,8.336315184696,82.536852641896,-14.108852641874293,-0.01415755462980081,HCLTECH
2026-09-25,LONG,79,2026-09-25 10:45:00,1258.6,1259.2293,2026-09-25 15:00:00,1256.5,1255.8718,square_off,-165.89999999999281,99.346449999985,40,24.8034670625,6.099874576564999,0.19869298294999996,2.9843734409999993,8.3337421607127,82.42015022372772,-347.66660022370553,-0.3496617702849515,HCLTECH
2026-09-28,SHORT,80,2026-09-28 11:15:00,1242.7,1242.0787,2026-09-28 15:00:00,1252.3,1252.9261,square_off,-767.9999999999927,99.79999999997744,40,24.841573000000004,6.1277317888,0.19960038399999996,3.0070227599999995,8.338919791103999,82.51484772390401,-950.3148477238742,-0.9558972878851234,HCLTECH
2026-09-29,SHORT,80,2026-09-29 10:00:00,1234.7,1234.0826,2026-09-29 15:00:00,1229.1,1229.7146,square_off,448.0000000000109,98.55199999999968,40,24.681653000000004,6.0510859232000005,0.197103776,2.9513149199999997,8.324674145856001,82.20583176505602,267.2421682349552,0.27055374608706084,HCLTECH
2026-09-30,LONG,79,2026-09-30 10:30:00,1252.6,1253.2263,2026-09-30 15:00:00,1227.2,1226.5864,square_off,-2006.5999999999892,97.95209999998474,40,24.225081400000004,6.01428974131,0.1959052033,2.9701463309999996,8.3178350900298,81.7232577656398,-2186.275357765614,-2.2093542724961086,HCLTECH
2026-08-03,LONG,132,2026-08-03 10:15:00,753.85,754.2269,2026-08-03 15:00:00,752.65,752.2737,square_off,-158.400000000006,99.42899999998235,40,24.825031275,6.1049430314399995,0.19885807919999998,2.986738623,8.334684199915198,82.45025520855519,-340.27925520854353,-0.34196101950245666,HDFCBANK
2026-08-04,SHORT,133,2026-08-04 10:00:00,747.15,746.7764,2026-08-04 15:00:00,739.15,739.5196,square_off,1064.0,98.83894999998677,40,24.83031613125,6.0686951976,0.19767736800000002,2.95068310425,8.327947061808,82.37531886290802,882.7857311371052,0.888374048086594,HDFCBANK
2026-08-05,LONG,134,2026-08-05 11:00:00,741.1,741.4706,2026-08-05 15:00:00,733.15,732.7834,square_off,-1065.300000000006,98.7747499999989,40,24.5482447375,6.0647860023549995,0.19755003264999998,2.9807116110000003,8.327220486300899,82.1185128698059,-1246.193262869811,-1.254884593564841,HDFCBANK
2026-08-06,SHORT,136,2026-08-06 10:15:00,735.0,734.6325,2026-08-06 15:00:00,733.7,734.0668,square_off,176.79999999999382,99.87159999999312,40,24.977505,6.13211352612,0.1997431116,2.994992748,8.3397341947896,82.6440885805096,-5.71568858050891,-0.0057179757708172374,HDFCBANK
2026-08-07,SHORT,136,2026-08-07 12:15:00,732.5,732.1338,2026-08-07 15:00:00,730.8,731.1654,square_off,231.20000000000618,99.50439999997707,40,24.892547500000006,6.10956661108,0.1990086844,2.9831548319999994,8.335543553186401,82.5198211806664,49.17577881936272,0.04936335958578872,HDFCBANK
2026-08-10,LONG,135,2026-08-10 10:15:00,734.9,735.2674,2026-08-10 15:00:00,730.9,730.5346,square_off,-540.0,98.94149999999627,40,24.6555410625,6.075016389,0.19788326999999997,2.9778331724999996,8.329121938619998,82.23539583261999,-721.1768958326163,-0.7269085699063277,HDFCBANK
2026-08-11,LONG,136,2026-08-11 13:15:00,730.55,730.9153,2026-08-11 15:00:00,729.15,728.7854,square_off,-190.3999999999969,99.25959999999213,40,24.778704450000003,6.09454236264,0.1985192952,2.982134322,8.332751098411201,82.3866515282512,-372.04625152824025,-0.37446228217281935,HDFCBANK
2026-08-12,SHORT,138,2026-08-12 11:00:00,723.35,722.9883,2026-08-12 15:00:00,730.3,730.6651,square_off,-959.0999999999906,100.30184999999483,40,24.9430972125,6.158548312184999,0.20060417954999998,3.0249537209999997,8.344647448512298,82.6718508737473,-1142.0737008737328,-1.1441067786193395,HDFCBANK
2026-08-14,LONG,137,2026-08-14 10:00:00,728.9,729.2644,2026-08-14 15:00:00,726.5,726.1368,square_off,-328.7999999999969,99.69489999998814,40,24.870183687500003,6.12127190708,0.19938996439999995,2.9972768894999993,8.3377191368664,82.5258415853464,-511.0207415853314,-0.5117407608358273,HDFCBANK
2026-08-17,LONG,137,2026-08-17 13:15:00,728.6,728.9643,2026-08-17 15:00:00,728.6,728.2357,square_off,0.0,99.81819999998834,40,24.942072725000003,6.1288374800000005,0.1996364,2.996043273,8.339125298399999,82.6057151764,-182.42391517638833,-0.18275616588596902,HDFCBANK
2026-08-18,SHORT,137,2026-08-18 10:15:00,725.0,724.6375,2026-08-18 15:00:00,724.3,724.6621,square_off,95.90000000000623,99.277049999984,40,24.818834375,6.095609397935,0.19855405204999999,2.9783614364999997,8.3329494209973,82.42430868248228,-85.80135868246005,-0.08638445374524042,HDFCBANK
2026-08-19,SHORT,139,2026-08-19 10:30:00,716.35,715.9918,2026-08-19 15:00:00,719.7,720.0598,square_off,-465.65000000000316,99.80547499998579,40,24.880715918750003,6.1280633127275,0.199611182825,3.0026495745,8.33898140919945,82.55002139800195,-648.0054963979909,-0.6507866330744344,HDFCBANK
2026-08-20,SHORT,137,2026-08-20 12:30:00,724.95,724.5875,2026-08-20 15:00:00,725.75,726.1129,square_off,-109.59999999999377,99.3729499999755,40,24.817122731250006,6.10150081236,0.1987459548,2.9843239162499997,8.3340444180888,82.43573783274881,-291.4086878327181,-0.29340929913889663,HDFCBANK
2026-08-21,LONG,136,2026-08-21 10:45:00,732.75,733.1164,2026-08-21 15:00:00,730.4,730.0348,square_off,-319.6000000000031,99.49419999998736,40,24.8211832,6.10894878586,0.19898855979999996,2.9911148099999996,8.3354287222188,82.4556640778788,-501.54986407786924,-0.5032912518091288,HDFCBANK
2026-08-24,SHORT,137,2026-08-24 10:00:00,729.7,729.3352,2026-08-24 15:00:00,727.3,727.6636,square_off,328.80000000001246,99.80449999999178,40,24.979728887500006,6.127991252920001,0.1996088356,2.9906976015,8.338968015933599,82.63699459345361,146.35850540656708,0.14640403706209337,HDFCBANK
2026-08-25,SHORT,138,2026-08-25 13:00:00,724.6,724.2377,2026-08-25 15:00:00,724.0,724.362,square_off,82.80000000000314,99.95339999999601,40,24.98620065,6.13713748902,0.19990675859999998,2.9988586799999997,8.340667964571601,82.66277154219159,-99.81617154218446,-0.09982136225302161,HDFCBANK
2026-08-26,SHORT,137,2026-08-26 10:15:00,725.95,725.587,2026-08-26 15:00:00,728.05,728.414,square_off,-287.69999999998754,99.59899999999664,40,24.851355606250003,6.1153830161950005,0.19919814385,2.99378164275,8.336624608808101,82.49634301785309,-469.79534301783724,-0.4723690457636806,HDFCBANK
2026-08-27,SHORT,139,2026-08-27 11:30:00,716.05,715.692,2026-08-27 15:00:00,715.4,715.7577,square_off,90.34999999999684,99.48577499998703,40,24.870296131249997,6.108425198127499,0.19897150482499998,2.9847096089999994,8.335331406531449,82.49773384973395,-91.63350884972414,-0.09206534133324774,HDFCBANK
2026-08-28,LONG,139,2026-08-28 11:45:00,716.1,716.458,2026-08-28 15:00:00,718.7,718.3407,square_off,361.40000000000316,99.7185999999839,40,24.962337587500002,6.1227164925099995,0.1994370193,2.9876300684999997,8.337987632125799,82.6101087999358,179.07129120008346,0.17990262121270736,HDFCBANK
2026-08-31,SHORT,138,2026-08-31 12:00:00,722.8,722.4386,2026-08-31 15:00:00,709.3,709.6546,square_off,1863.0,98.8148999999994,40,24.9241317,6.06720626295,0.19762886849999997,2.937970251,8.327670323661,82.454607406111,1681.7304925938897,1.686006204328066,HDFCBANK
2026-09-01,SHORT,142,2026-09-01 10:00:00,701.7,701.3492,2026-09-01 15:00:00,708.15,708.5041,square_off,-915.8999999999903,100.09934999998427,40,24.897894825000005,6.146114149065001,0.20019915794999998,3.0182273595,8.342336395262699,82.60477188677771,-1098.6041218867522,-1.1025578944964163,HDFCBANK
2026-09-03,LONG,140,2026-09-03 10:30:00,711.2,711.5556,2026-09-03 15:00:00,708.3,707.9458,square_off,-406.00000000001273,99.36499999999796,40,24.77810475,6.1010172321,0.198730203,2.9885335200000003,8.333954538318,82.400340243418,-587.7653402434287,-0.5903155032173275,HDFCBANK
2026-09-04,LONG,140,2026-09-04 11:00:00,712.25,712.6061,2026-09-04 15:00:00,714.85,714.4926,square_off,364.0000000000032,99.89699999997583,40,25.007240125000003,6.1336702126,0.199793818,2.992945725,8.340023525507998,82.67367340610801,181.42932659391934,0.18194787804635143,HDFCBANK
2026-09-07,SHORT,141,2026-09-07 10:15:00,709.0,708.6455,2026-09-07 15:00:00,710.55,710.9053,square_off,-218.5499999999936,100.07827499998905,40,24.979753875000004,6.144809439742501,0.20015665927499998,3.0071293132499997,8.34209389782315,82.67394318509065,-401.3022181850733,-0.4014266604498128,HDFCBANK
2026-09-08,SHORT,141,2026-09-08 10:45:00,705.5,705.1472,2026-09-08 15:00:00,703.7,704.0519,square_off,253.7999999999936,99.3486000000039,40,24.8564405625,6.10000014417,0.1986970731,2.9781393255000004,8.3337654991086,82.46704260437859,71.9843573956111,0.07236390608301652,HDFCBANK
2026-09-09,SHORT,144,2026-09-09 10:00:00,692.8,692.4536,2026-09-09 15:00:00,691.0,691.3455,square_off,259.19999999999345,99.63360000000466,40,24.928329599999998,6.11749906128,0.1992670704,2.98661256,8.3370179037024,82.5687261953824,76.99767380460639,0.07718043707961092,HDFCBANK
2026-09-10,SHORT,145,2026-09-10 10:15:00,687.35,687.0063,2026-09-10 15:00:00,691.3,691.6456,square_off,-572.7499999999901,99.95212499999127,40,24.903979281250002,6.1370692667124995,0.199904536375,3.0086585775,8.34065528455575,82.59026694639326,-755.2923919463747,-0.7578254234241699,HDFCBANK
2026-09-11,LONG,145,2026-09-11 11:15:00,687.25,687.5936,2026-09-11 15:00:00,705.15,704.7974,square_off,2595.499999999997,100.94899999999654,40,25.548906656249997,6.198228759075,0.20189670224999998,2.99103226875,8.352022583038499,83.2920869693635,2411.258913030637,2.419697608440072,HDFCBANK
2026-09-15,SHORT,138,2026-09-15 11:00:00,719.8,719.4401,2026-09-15 15:00:00,715.5,715.8578,square_off,593.3999999999937,99.03569999999104,40,24.82068345,6.08078287131,0.1980711033,2.963651085,8.3301937154298,82.3933822250398,411.9709177749629,0.4147397201466621,HDFCBANK
2026-09-16,LONG,139,2026-09-16 10:00:00,718.05,718.409,2026-09-16 15:00:00,722.5,722.1388,square_off,618.5500000000063,100.1182249999863,40,25.094321562500003,6.1472495202575,0.20023614072499998,2.9957656342499996,8.34254741897685,82.78012027670935,435.6516547233107,0.436485560386429,HDFCBANK
2026-09-17,LONG,139,2026-09-17 12:15:00,717.9,718.2589,2026-09-17 15:00:00,714.35,713.9928,square_off,-493.4499999999937,99.54137499998888,40,24.811250668750002,6.111847999457501,0.19908299672500002,2.9951398215,8.33596757931285,82.45328906574535,-675.4446640657279,-0.6768789706044388,HDFCBANK
2026-09-18,LONG,138,2026-09-18 10:00:00,721.45,721.8107,2026-09-18 15:00:00,731.7,731.3342,square_off,1414.5,100.2673499999878,40,25.231028175000002,6.156393577425001,0.20053399275,2.9882964015000004,8.344246962631498,82.9204991093065,1231.3121508907057,1.2367526256911208,HDFCBANK
2026-09-21,LONG,135,2026-09-21 11:00:00,738.6,738.9693,2026-09-21 15:00:00,742.35,741.9788,square_off,506.25,99.9641249999928,40,25.041785343750004,6.1377895040625,0.19992799687499999,2.992825665,8.34078915016875,82.71311765985625,323.57275734015093,0.32451059295378737,HDFCBANK
2026-09-22,LONG,133,2026-09-22 10:15:00,749.3,749.6746,2026-09-22 15:00:00,742.65,742.2787,square_off,-884.449999999997,99.21467499999073,40,24.68076594375,6.0917946213075,0.19842979222499998,2.9912018535,8.33224039443585,82.29443260521836,-1065.959107605206,-1.069629004720402,HDFCBANK
2026-09-23,LONG,134,2026-09-23 10:15:00,740.2,740.5701,2026-09-23 15:00:00,739.9,739.5301,square_off,-40.20000000000914,99.1666999999843,40,24.774256675000004,6.088835997070001,0.1983334201,2.977091802,8.3316904950906,82.37020838926061,-221.73690838925404,-0.22355485648216702,HDFCBANK
2026-09-24,LONG,136,2026-09-24 11:15:00,732.4,732.7662,2026-09-24 15:00:00,730.95,730.5845,square_off,-197.19999999999072,99.50779999998394,40,24.839873850000004,6.10978194702,0.1990156986,2.989686096,8.3355835762116,82.4739411678316,-379.18174116780625,-0.38068009803366676,HDFCBANK
2026-09-25,LONG,136,2026-09-25 10:15:00,731.3,731.6656,2026-09-25 15:00:00,737.65,737.2812,square_off,863.6000000000031,99.88859999999659,40,25.06755995,6.133146783739999,0.19977676819999995,2.9851958519999995,8.3399262393492,82.7256055932892,680.9857944067173,0.6847051125782424,HDFCBANK
2026-09-28,SHORT,138,2026-09-28 10:45:00,722.0,721.639,2026-09-28 15:00:00,719.85,720.2099,square_off,296.69999999999686,99.48764999999526,40,24.896545500000002,6.108537155655,0.19897515165,2.9816690895,8.335352215314899,82.5210791121199,114.6912708878817,0.11511027227897719,HDFCBANK
2026-09-30,LONG,139,2026-09-30 11:45:00,716.85,717.2084,2026-09-30 15:00:00,714.1,713.743,square_off,-382.25,99.45102499999575,40,24.8025675125,6.1062988025375,0.19890224112500002,2.9907591322500005,8.334936187859249,82.43346387627176,-564.1344888762675,-0.5661604942047792,HDFCBANK
2026-08-03,SHORT,181,2026-08-03 11:30:00,550.1,549.825,2026-08-03 15:00:00,549.95,550.225,square_off,27.149999999995885,99.55452499998034,40,24.8795789875,6.1126474182475,0.199109036425,2.98772161425,8.336116161841051,82.51517321826356,-154.91969821824802,-0.15559169876521498,HDFCLIFE
2026-08-04,SHORT,184,2026-08-04 10:30:00,543.0,542.7285,2026-08-04 15:00:00,532.8,533.0664,square_off,1876.8000000000084,98.97359999998571,40,24.965511000000003,6.07695023112,0.1979462616,2.9425265279999997,8.3294813686896,82.5124153894096,1695.313984610613,1.6968071749245466,HDFCLIFE
2026-08-05,LONG,182,2026-08-05 11:30:00,546.05,546.323,2026-08-05 15:00:00,542.6,542.3287,square_off,-627.8999999999876,99.06714999999235,40,24.67595585,6.082732648265001,0.19813461394999998,2.9829237164999998,8.3305561071987,82.2703029359137,-809.2374529358937,-0.8142770133716509,HDFCLIFE
2026-08-07,LONG,184,2026-08-07 10:45:00,542.8,543.0714,2026-08-07 15:00:00,539.75,539.4801,square_off,-561.1999999999916,99.59459999998671,40,24.816085750000003,6.11511705442,0.19918948059999997,2.9977541279999995,8.336575176303601,82.46472158932359,-743.259321589302,-0.7441880682985386,HDFCLIFE
2026-08-10,SHORT,188,2026-08-10 10:00:00,531.8,531.5341,2026-08-10 15:00:00,539.05,539.3195,square_off,-1363.0,100.65989999998465,40,24.9821027,6.18053878205,0.20132048149999998,3.0417621209999997,8.348734667439,82.754458751989,-1546.4143587519736,-1.54674845641856,HDFCLIFE
2026-08-11,SHORT,186,2026-08-11 10:30:00,535.0,534.7325,2026-08-11 15:00:00,536.9,537.1684,square_off,-353.39999999999577,99.68669999997087,40,24.865061250000004,6.12076880469,0.1993735767,2.9973999509999993,8.3376256286502,82.5202292110402,-535.6069292110069,-0.538244326410418,HDFCLIFE
2026-08-12,SHORT,187,2026-08-12 11:15:00,533.4,533.1333,2026-08-12 15:00:00,533.35,533.6167,square_off,9.349999999991496,99.74112499999592,40,24.923981774999998,6.1241049314775,0.19948224532499997,2.99358954675,8.338245691824449,82.57940419037696,-172.9705291903814,-0.17341134081874263,HDFCLIFE
2026-08-13,LONG,185,2026-08-13 10:00:00,538.9,539.1694,2026-08-13 15:00:00,537.0,536.7315,square_off,-351.4999999999958,99.52075000000434,40,24.823831875,6.1105794455249995,0.19904167574999998,2.9923904475,8.3357318018295,82.4615752456045,-533.4823252456047,-0.5351063730879265,HDFCLIFE
2026-08-14,LONG,185,2026-08-14 12:30:00,539.45,539.7197,2026-08-14 15:00:00,538.65,538.3807,square_off,-148.00000000001262,99.72424999999532,40,24.90010621875,6.1230712218,0.199448574,2.9954444737500006,8.338053563244,82.556124051544,-330.2803740515519,-0.3309480617661651,HDFCLIFE
2026-08-17,LONG,183,2026-08-17 11:15:00,543.55,543.8218,2026-08-17 15:00:00,543.5,543.2282,square_off,-9.149999999991678,99.46507499998745,40,24.852692437500004,6.1071557454525,0.198930154575,2.9855815447499996,8.33509546200495,82.47945534428246,-191.09453034426159,-0.19211340378121528,HDFCLIFE
2026-08-18,LONG,184,2026-08-18 10:30:00,541.5,541.7708,2026-08-18 15:00:00,540.9,540.6296,square_off,-110.40000000000418,99.58080000000064,40,24.8689593,6.11426281464,0.19916165519999998,2.99057454,8.3364164045712,82.5093747144112,-292.490174714416,-0.2935587284861054,HDFCLIFE
2026-08-19,SHORT,187,2026-08-19 10:45:00,534.05,533.783,2026-08-19 15:00:00,537.1,537.3686,square_off,-570.3500000000128,100.15252499999895,40,24.95435408125,6.1493737898725005,0.200305335175,3.0146375655,8.342942242508549,82.66161301430606,-753.1641380143178,-0.7541645372730105,HDFCLIFE
2026-08-20,LONG,184,2026-08-20 10:15:00,542.4,542.6712,2026-08-20 15:00:00,541.65,541.3792,square_off,-138.0,99.73259999999391,40,24.903442050000002,6.123583758300001,0.199465269,2.995545024,8.338148824914,82.56018492621399,-320.2927849262079,-0.3209295090722072,HDFCLIFE
2026-08-21,LONG,184,2026-08-21 10:45:00,542.45,542.7212,2026-08-21 15:00:00,553.4,553.1233,square_off,2014.7999999999874,100.81819999999334,40,25.4436718,6.19020655282,0.2016353926,2.9958211620000004,8.3505315501756,83.1818664575956,1830.7999335423985,1.8342703730882814,HDFCLIFE
2026-08-24,SHORT,181,2026-08-24 11:15:00,551.15,550.8744,2026-08-24 15:00:00,550.45,550.7252,square_off,126.69999999998765,99.69479999999658,40,24.92706773125,6.121258775155001,0.19938953664999998,2.99043797175,8.3377166961249,82.57587071092989,-55.57067071093881,-0.05570539420682803,HDFCLIFE
2026-08-25,SHORT,183,2026-08-25 14:00:00,546.3,546.0268,2026-08-25 15:00:00,548.6,548.8743,square_off,-420.9000000000125,100.18334999998399,40,24.9807283875,6.151264150814999,0.20036691045,3.0133199069999996,8.343293591027699,82.68897294679269,-603.7723229467891,-0.6039359895999707,HDFCLIFE
2026-08-26,LONG,179,2026-08-26 11:00:00,555.55,555.8278,2026-08-26 15:00:00,558.85,558.5706,square_off,590.7000000000122,99.73879999999394,40,24.996033231250003,6.123953252755,0.19947730465,2.9847951517499998,8.338217500332899,82.64247644073792,408.31872355928033,0.41060393978616017,HDFCLIFE
2026-08-27,SHORT,181,2026-08-27 11:00:00,551.55,551.2742,2026-08-27 15:00:00,553.6,553.8768,square_off,-371.05000000001235,100.01607499998795,40,24.94515868125,6.140992700617501,0.200032335525,3.007551024,8.34138450650565,82.63511924789815,-553.7011942478985,-0.554641033479129,HDFCLIFE
2026-08-28,LONG,181,2026-08-28 10:15:00,549.95,550.225,2026-08-28 15:00:00,545.85,545.5771,square_off,-742.1000000000041,99.1698999999843,40,24.687362643750003,6.089043251235,0.19834017105,2.98772161425,8.3317290160113,82.29419669629631,-923.5640966962848,-0.927823269414532,HDFCLIFE
2026-09-01,LONG,184,2026-09-01 10:45:00,542.1,542.371,2026-09-01 15:00:00,539.85,539.5801,square_off,-414.0,99.53939999997965,40,24.820683450000004,6.111725514900001,0.199079007,2.993888196,8.335944813942,82.461320981842,-596.0007209818216,-0.5975160216126312,HDFCLIFE
2026-09-02,LONG,186,2026-09-02 10:30:00,537.05,537.3185,2026-09-02 15:00:00,534.85,534.5826,square_off,-409.1999999999873,99.68669999999202,40,24.858089737500002,6.12076966122,0.19937360459999998,2.9982373694999995,8.3376257878476,82.51409616066759,-591.4007961606469,-0.5920443483673222,HDFCLIFE
2026-09-03,SHORT,186,2026-09-03 10:45:00,536.25,535.9819,2026-09-03 15:00:00,530.7,530.9654,square_off,1032.2999999999915,99.22634999999127,40,24.923157187500006,6.092482044195001,0.19845218385000002,2.9627866530000007,8.3323681610481,82.50924622959309,850.5644037704071,0.8527602614436245,HDFCLIFE
2026-09-04,LONG,184,2026-09-04 10:00:00,542.2,542.4711,2026-09-04 15:00:00,545.8,545.5271,square_off,662.3999999999833,100.0959999999759,40,25.0942466,6.14588423216,0.2001916688,2.994440472,8.3422936621728,82.7770566351328,479.52694336487457,0.4806574496865373,HDFCLIFE
2026-09-08,SHORT,185,2026-09-08 10:00:00,540.25,539.9799,2026-09-08 15:00:00,535.25,535.5176,square_off,925.0,99.4837499999926,40,24.97406921875,6.10828805125,0.1989670375,2.97212281875,8.335305915974999,82.588753042225,742.9274969577824,0.7433270352392235,HDFCLIFE
2026-09-09,SHORT,193,2026-09-09 10:00:00,517.7,517.4412,2026-09-09 15:00:00,516.9,517.1584,square_off,154.40000000001316,99.8388999999737,40,24.966535487500007,6.13010608996,0.1996777228,2.9943474254999995,8.3393610862968,82.63002781205681,-28.06892781201735,-0.028092497417350506,HDFCLIFE
2026-09-10,SHORT,195,2026-09-10 10:00:00,511.2,510.9444,2026-09-10 15:00:00,523.5,523.7618,square_off,-2398.5000000000023,100.88324999999315,40,24.908539500000003,6.194268366975001,0.20176769925,3.0640062375,8.3512864919205,82.7198682956455,-2582.103118295641,-2.590288429733599,HDFCLIFE
2026-09-11,LONG,191,2026-09-11 10:45:00,522.0,522.261,2026-09-11 15:00:00,531.05,530.7845,square_off,1728.5499999999913,100.56627499999854,40,25.34495868125,6.174742751757499,0.20113168572499998,2.9925555299999997,8.34765739874685,83.06104604747935,1544.9226789525135,1.5495403090735527,HDFCLIFE
2026-09-15,SHORT,190,2026-09-15 10:00:00,526.0,525.737,2026-09-15 15:00:00,520.5,520.7602,square_off,1045.0,99.41749999997114,40,24.972507500000003,6.10421845925,0.1988344775,2.9683334249999995,8.334549528615,82.57844339036501,863.0040566096638,0.8635221699116109,HDFCLIFE
2026-09-16,LONG,190,2026-09-16 11:00:00,525.8,526.0629,2026-09-16 15:00:00,532.4,532.1338,square_off,1254.0000000000043,100.52899999999454,40,25.276355499999998,6.172461351099999,0.20105737299999998,2.9985585299999995,8.347233370338,82.99566612443799,1070.4753338755718,1.0715254287957918,HDFCLIFE
2026-09-17,LONG,182,2026-09-17 10:00:00,546.5,546.7732,2026-09-17 15:00:00,557.0,556.7215,square_off,1911.0,100.41849999999454,40,25.33082825,6.16566656615,0.20083604449999998,2.985381945,8.345970469916999,83.02868327556698,1727.5528167244386,1.7368798615811292,HDFCLIFE
2026-09-18,LONG,177,2026-09-18 11:15:00,561.7,561.9808,2026-09-18 15:00:00,559.1,558.8205,square_off,-460.200000000004,99.19079999999269,40,24.727804912500005,6.090322184070001,0.1983818301,2.9841183135000002,8.3319667225506,82.33259396272062,-641.7233939627173,-0.6454612601200725,HDFCLIFE
2026-09-21,LONG,177,2026-09-21 10:45:00,563.8,564.0819,2026-09-21 15:00:00,562.75,562.4686,square_off,-185.84999999999195,99.69967499999575,40,24.88923665625,6.121562897797499,0.19939944292499998,2.9952748889999996,8.33777322133005,82.54324710730256,-368.0929221072903,-0.36885793346128903,HDFCLIFE
2026-09-22,LONG,176,2026-09-22 10:15:00,565.5,565.7828,2026-09-22 15:00:00,560.1,559.82,square_off,-950.399999999996,99.05279999998675,40,24.632077800000005,6.08185650864,0.1981060752,2.98733292,8.3303932650912,82.22976656893121,-1131.682566568914,-1.1370494399253617,HDFCLIFE
2026-09-23,LONG,177,2026-09-23 10:45:00,563.2,563.4816,2026-09-23 15:00:00,563.7,563.4182,square_off,88.5,99.73064999999804,40,24.931253137500004,6.123460551525001,0.19946125575,2.9920872960000002,8.3381259253095,82.5843881660845,-93.81503816608253,-0.09411016765183869,HDFCLIFE
2026-09-25,LONG,188,2026-09-25 11:15:00,530.45,530.7152,2026-09-25 15:00:00,528.9,528.6356,square_off,-291.4000000000128,99.57889999999952,40,24.84587085,6.11414893299,0.19915794569999998,2.993233869,8.3363952381642,82.48880683585419,-473.4677068358665,-0.47477523784088027,HDFCLIFE
2026-09-28,LONG,187,2026-09-28 12:15:00,533.25,533.5166,2026-09-28 15:00:00,530.15,529.8849,square_off,-579.7000000000043,99.42790000000014,40,24.772120243749995,6.104881958395,0.19885608984999997,2.9930282662499996,8.3346728486841,82.40355940692908,-761.5314594069334,-0.7636869658680961,HDFCLIFE
2026-09-30,SHORT,194,2026-09-30 12:15:00,513.8,513.5431,2026-09-30 15:00:00,515.45,515.7077,square_off,-320.10000000001764,99.83724999998253,40,24.90684035,6.130012063535,0.19967466004999998,3.0014189595,8.339343610245301,82.57728964333029,-502.51453964333047,-0.5041419097279323,HDFCLIFE
2026-08-03,LONG,100,2026-08-03 12:00:00,989.9,990.3949,2026-08-03 15:00:00,990.5,990.0048,square_off,60.000000000002274,99.01999999998452,40,24.750118750000002,6.079827079,0.19803997,2.9711848499999998,8.330016068820001,82.32918671782,-121.34918671780224,-0.12258731863602612,HINDALCO
2026-08-04,LONG,98,2026-08-04 10:00:00,1010.5,1011.0052,2026-08-04 15:00:00,1015.5,1014.9922,square_off,490.0,99.27399999999216,40,24.867310125,6.0954160785,0.198547755,2.972355435,8.332913490029998,82.46654288353,308.25945711647785,0.31128200538880313,HINDALCO
2026-08-05,SHORT,98,2026-08-05 10:15:00,1018.2,1017.6909,2026-08-05 15:00:00,1035.0,1035.5175,square_off,-1646.3999999999955,100.60679999999184,40,24.933427050000002,6.177282792240001,0.2012144232,3.0444214499999998,8.348129498779201,82.70447521421922,-1829.7112752142066,-1.8336793573434977,HINDALCO
2026-08-07,LONG,96,2026-08-07 10:45:00,1033.9,1034.417,2026-08-07 15:00:00,1043.75,1043.2281,square_off,945.5999999999913,99.72719999998662,40,25.037475000000004,6.123235565040001,0.1994539272,2.9791208160000004,8.338084108603201,82.6773694168432,763.1954305831614,0.7689285619409933,HINDALCO
2026-08-10,SHORT,95,2026-08-10 11:45:00,1044.85,1044.3276,2026-08-10 15:00:00,1054.3,1054.8271,square_off,-897.7500000000043,99.70962499997881,40,24.802779906250002,6.1221847554625,0.19941969887499997,3.0062573774999994,8.33788880178075,82.46853053986827,-1079.9281555398513,-1.0879709810170197,HINDALCO
2026-08-11,LONG,93,2026-08-11 10:30:00,1068.15,1068.6841,2026-08-11 15:00:00,1058.15,1057.6209,square_off,-930.0,98.8729499999954,40,24.589686506250004,6.070813405500001,0.197746365,2.98162856925,8.32834075869,82.16821560469002,-1111.0411656046854,-1.118445836263669,HINDALCO
2026-08-13,SHORT,95,2026-08-13 10:00:00,1052.1,1051.574,2026-08-13 15:00:00,1044.65,1045.1723,square_off,707.7499999999827,99.59562499998583,40,24.9748813125,6.1151605110375,0.19919089612499996,2.97874112625,8.33658325328925,82.60455709920176,525.5498179007951,0.5258153546548959,HINDALCO
2026-08-14,LONG,96,2026-08-14 14:00:00,1036.5,1037.0182,2026-08-14 15:00:00,1035.05,1034.5325,square_off,-139.20000000000437,99.43439999998373,40,24.8287794,6.105274296719999,0.19886886959999994,2.9866125599999993,8.334745769937598,82.4542808962576,-321.0886808962457,-0.3226892194245917,HINDALCO
2026-08-17,LONG,95,2026-08-17 11:45:00,1043.05,1043.5715,2026-08-17 15:00:00,1050.45,1049.9248,square_off,703.0000000000086,99.44124999997598,40,24.935713406250006,6.10568195895,0.1988821485,2.9741788462499996,8.334821539341,82.54927789929101,521.0094721007416,0.525795525875019,HINDALCO
2026-08-18,SHORT,96,2026-08-18 10:00:00,1040.65,1040.1297,2026-08-18 15:00:00,1043.8,1044.3219,square_off,-302.3999999999869,100.053599999992,40,24.963112200000005,6.14329568184,0.2001073512,3.0076470719999997,8.3418125459472,82.6559748509872,-485.1095748509661,-0.48558350435121284,HINDALCO
2026-08-19,LONG,96,2026-08-19 10:00:00,1033.3,1033.8166,2026-08-19 15:00:00,1036.55,1036.0317,square_off,312.0,99.3527999999933,40,24.864761400000003,6.100257130800001,0.198705444,2.977391952,8.333813263463998,82.474929190264,130.1722708097427,0.13122628029305655,HINDALCO
2026-08-20,SHORT,98,2026-08-20 10:00:00,1017.4,1016.8913,2026-08-20 15:00:00,1023.5,1024.0117,square_off,-597.8000000000022,100.00409999998715,40,24.91383685,6.14026091623,0.2000084989,3.010594545,8.341248494723398,82.60594930485341,-780.4100493048428,-0.782717500496306,HINDALCO
2026-08-25,SHORT,95,2026-08-25 10:30:00,1045.25,1044.7274,2026-08-25 15:00:00,1050.4,1050.9252,square_off,-489.25000000000864,99.54337499998815,40,24.812275156250006,6.111970734987501,0.199086994625,2.9951368200000004,8.335990391330249,82.45446009719277,-671.2478350971895,-0.6759882023662831,HINDALCO
2026-08-26,LONG,94,2026-08-26 14:30:00,1052.45,1052.9762,2026-08-26 15:00:00,1055.8,1055.2721,square_off,314.89999999999145,99.08774999998923,40,24.798894349999998,6.083983016285,0.19817534254999997,2.9693929545,8.330788504590299,82.3812341679253,133.43101583207692,0.13487376044758476,HINDALCO
2026-08-27,SHORT,95,2026-08-27 10:30:00,1044.65,1044.1277,2026-08-27 15:00:00,1023.6,1024.1118,square_off,1999.7500000000064,98.24187499998004,40,24.798032281250006,6.0320204288375,0.196482750125,2.9187186299999994,8.32113057221325,82.26638466242575,1819.2417403376005,1.8331415360345826,HINDALCO
2026-08-28,LONG,96,2026-08-28 11:15:00,1034.5,1035.0172,2026-08-28 15:00:00,1030.65,1030.1347,square_off,-369.59999999999127,99.12719999997353,40,24.723232200000005,6.086415753360001,0.1982545848,2.9808496799999995,8.3312406608688,82.31999287902882,-551.0471928789937,-0.5548646617518463,HINDALCO
2026-09-01,SHORT,97,2026-09-01 13:30:00,1020.5,1019.9898,2026-09-01 15:00:00,1015.1,1015.6076,square_off,523.7999999999978,98.72659999998564,40,24.7347514375,6.06180519967,0.19745293809999998,2.9554179704999997,8.326666464798599,82.27609401056858,342.79730598944354,0.3463001318228315,HINDALCO
2026-09-03,SHORT,99,2026-09-03 11:00:00,1008.6,1008.0957,2026-09-03 15:00:00,1006.0,1006.503,square_off,257.40000000000225,99.72269999998741,40,24.950368575000002,6.12296982891,0.1994452713,2.98931391,8.3380347180378,82.6001323032478,75.07716769676703,0.07518889839978911,HINDALCO
2026-09-04,LONG,98,2026-09-04 13:45:00,1014.8,1015.3074,2026-09-04 15:00:00,1019.4,1018.8903,square_off,450.8000000000022,99.67579999999157,40,24.96281235,6.12008720022,0.19935137459999996,2.985003756,8.337498943467601,82.60475362428761,268.5194463757231,0.2700033849795708,HINDALCO
2026-09-07,SHORT,99,2026-09-07 10:15:00,1006.3,1005.7968,2026-09-07 15:00:00,1003.3,1003.8016,square_off,297.0,99.47519999998201,40,24.893472037500004,6.107772721050001,0.1989502515,2.9812909004999995,8.335210135059,82.516696045609,115.008103954409,0.11544251413509937,HINDALCO
2026-09-08,LONG,97,2026-09-08 10:15:00,1022.4,1022.9112,2026-09-08 15:00:00,1010.2,1009.6949,square_off,-1183.3999999999933,98.58109999998908,40,24.485101325000002,6.05289770519,0.1971627917,2.9766715919999998,8.3250108894402,82.03684430333021,-1364.0179443033126,-1.3753952135094627,HINDALCO
2026-09-09,LONG,97,2026-09-09 10:45:00,1021.4,1021.9107,2026-09-09 15:00:00,1022.6,1022.0887,square_off,116.40000000000441,99.13399999998262,40,24.785650975000003,6.086825813260001,0.1982679418,2.9737601369999997,8.3313168759108,82.37582174297081,-65.10982174294902,-0.06571717991976751,HINDALCO
2026-09-10,SHORT,97,2026-09-10 10:15:00,1020.4,1019.8898,2026-09-10 15:00:00,1009.5,1010.0048,square_off,1057.299999999998,98.45014999998887,40,24.73232765,6.044822980445,0.19689977134999997,2.9391138225,8.3235100953231,82.23667431961812,876.6131756803909,0.8856575101742907,HINDALCO
2026-09-11,LONG,101,2026-09-11 10:45:00,988.6,989.0943,2026-09-11 15:00:00,988.9,988.4056,square_off,30.299999999995407,99.86374999998668,40,24.9572401375,6.131633784895,0.19972748485,2.996955729,8.339645028554099,82.62520216479912,-152.1889521647904,-0.15241971561423034,HINDALCO
2026-09-15,SHORT,103,2026-09-15 13:45:00,966.2,965.7169,2026-09-15 15:00:00,962.4,962.8812,square_off,391.400000000007,99.32289999998625,40,24.867210175000004,6.098420052010001,0.1986456043,2.9753029079999997,8.333471818135799,82.47305055744579,209.604049442575,0.21061796432282506,HINDALCO
2026-09-16,LONG,102,2026-09-16 10:30:00,972.4,972.8862,2026-09-16 15:00:00,973.2,972.7134,square_off,81.60000000000696,99.22559999998907,40,24.804191700000004,6.09245058744,0.1984511592,2.977031772,8.332362314395201,82.40448753303521,-100.03008753301732,-0.10085223495234887,HINDALCO
2026-09-17,LONG,101,2026-09-17 10:15:00,980.3,980.7902,2026-09-17 15:00:00,978.6,978.1107,square_off,-171.6999999999931,98.92444999999282,40,24.697295175000004,6.073963865595,0.19784898585,2.9717941544999995,8.3289263132601,82.26982849420511,-352.89427849419104,-0.35642178489933984,HINDALCO
2026-09-18,LONG,100,2026-09-18 10:15:00,994.0,994.497,2026-09-18 15:00:00,985.6,985.1072,square_off,-839.9999999999977,98.97999999999456,40,24.62768,6.077384894,0.19796041999999997,2.983491,8.329562156520002,82.21607847052,-1021.1960784705122,-1.027360239909972,HINDALCO
2026-09-21,SHORT,101,2026-09-21 12:00:00,983.2,982.7084,2026-09-21 15:00:00,978.2,978.6891,square_off,505.0,99.05069999998409,40,24.813387100000003,6.08170522825,0.19810114750000002,2.9654279729999997,8.330365147635,82.388986596385,323.5603134036309,0.3258307017333086,HINDALCO
2026-09-22,SHORT,102,2026-09-22 10:15:00,976.4,975.9118,2026-09-22 15:00:00,971.7,972.1858,square_off,479.39999999999304,99.35309999998026,40,24.885750900000005,6.100272981210001,0.19870596029999998,2.974888701,8.3338162094718,82.49343475198181,297.553465248031,0.29877005691980846,HINDALCO
2026-09-23,LONG,101,2026-09-23 10:45:00,988.5,988.9942,2026-09-23 15:00:00,997.2,996.7014,square_off,878.7000000000046,100.27784999998607,40,25.166710350000006,6.157046501955001,0.20055526065,2.9966525775,8.3443683172689,82.86533300737392,695.5568169926446,0.6966819583553886,HINDALCO
2026-09-24,SHORT,101,2026-09-24 10:00:00,983.8,983.3081,2026-09-24 15:00:00,981.0,981.4905,square_off,282.7999999999954,99.2223999999984,40,24.828529524999997,6.09225101902,0.1984446586,2.973916215,8.332325221971601,82.42546663959159,101.15213336040541,0.10179978358356406,HINDALCO
2026-09-25,SHORT,102,2026-09-25 10:45:00,977.3,976.8114,2026-09-25 15:00:00,978.2,978.6891,square_off,-91.80000000000928,99.73049999997829,40,24.908689425000002,6.12345410913,0.19946104589999997,2.994788646,8.338124727905399,82.5645179539354,-274.09501795392293,-0.2749622488869123,HINDALCO
2026-09-29,SHORT,105,2026-09-29 10:15:00,948.4,947.9258,2026-09-29 15:00:00,952.2,952.6761,square_off,-399.00000000000716,99.78149999999687,40,24.883052250000002,6.12659022465,0.1995631995,3.0009297150000003,8.338707616346998,82.548843005497,-581.330343005501,-0.5837705037110131,HINDALCO
2026-09-30,LONG,104,2026-09-30 12:30:00,955.1,955.5776,2026-09-30 15:00:00,950.4,949.9248,square_off,-488.80000000000473,99.08599999999205,40,24.6980448,6.08388790308,0.19817224439999997,2.981401956,8.3307708265464,82.2922777300264,-670.1782777300232,-0.6746960424301354,HINDALCO
2026-08-04,SHORT,47,2026-08-04 11:30:00,2099.7,2098.6502,2026-08-04 15:00:00,2081.3,2082.3406,square_off,864.7999999999829,98.25349999999025,40,24.659139262500002,6.03275162532,0.19650656760000001,2.9361003165,8.3212664747256,82.14576424664561,684.400735753347,0.6935142059335195,HINDUNILVR
2026-08-05,SHORT,48,2026-08-05 12:45:00,2077.2,2076.1614,2026-08-05 15:00:00,2078.1,2079.139,square_off,-43.200000000004366,99.72719999998662,40,24.9139368,6.12325074312,0.1994544216,2.9939602319999996,8.338086929649599,82.5686891263696,-225.4958891263606,-0.22616170919824022,HINDUNILVR
2026-08-06,LONG,47,2026-08-06 11:30:00,2092.9,2093.9464,2026-08-06 15:00:00,2079.9,2078.8601,square_off,-611.0,98.06079999998519,40,24.426605587500003,6.020942498850001,0.1961219055,2.9524644945,8.319071592783,81.91520607913301,-790.9760060791182,-0.8041127968411114,HINDUNILVR
2026-08-07,LONG,47,2026-08-07 10:00:00,2097.1,2098.1486,2026-08-07 15:00:00,2098.2,2097.1509,square_off,51.699999999995725,98.58954999998605,40,24.641523075000002,6.0533975764050005,0.19717907415,2.9583894555,8.3251037970999,82.17559297815491,-129.06514297814522,-0.13094591921584237,HINDUNILVR
2026-08-10,LONG,47,2026-08-10 13:00:00,2095.8,2096.8479,2026-08-10 15:00:00,2078.1,2077.061,square_off,-831.9000000000128,98.08664999999473,40,24.4054661625,6.022533079665001,0.19617371595,2.9565555390000005,8.319367223210701,81.90009572032571,-1011.8867457203332,-1.0272690728166902,HINDUNILVR
2026-08-11,SHORT,48,2026-08-11 11:30:00,2071.0,2069.9645,2026-08-11 15:00:00,2070.6,2071.6353,square_off,19.200000000004366,99.39839999999822,40,24.839574000000002,6.10306146528,0.19879679039999998,2.983154832,8.3343344860224,82.4589215737024,-162.65732157369627,-0.16362598741921805,HINDUNILVR
2026-08-12,SHORT,48,2026-08-12 10:00:00,2056.5,2055.4718,2026-08-12 15:00:00,2057.1,2058.1286,square_off,-28.799999999995634,98.72639999999228,40,24.665661,6.06180140208,0.1974528144,2.963705112,8.3266657589664,82.21528608744639,-209.7416860874343,-0.21247840798224563,HINDUNILVR
2026-08-13,LONG,48,2026-08-13 11:00:00,2062.8,2063.8314,2026-08-13 15:00:00,2085.6,2084.5572,square_off,1094.399999999987,99.56159999997908,40,25.014686400000002,6.11306544096,0.1991226528,2.971917216,8.3361938568768,82.6349855666368,912.203414433371,0.9212835854515816,HINDUNILVR
2026-08-14,LONG,47,2026-08-14 10:00:00,2089.0,2090.0445,2026-08-14 15:00:00,2072.0,2070.964,square_off,-799.0,97.78350000000137,40,24.333827,6.00391916465,0.19556739949999996,2.946962745,8.315907581547,81.796183890697,-978.5796838906983,-0.9966895326998546,HINDUNILVR
2026-08-18,SHORT,48,2026-08-18 10:00:00,2044.9,2043.8776,2026-08-18 15:00:00,2040.8,2041.8204,square_off,196.80000000000655,98.0567999999912,40,24.5265306,6.02068449912,0.19611350160000002,2.9402213759999998,8.3190236401296,82.00257361684959,16.74062638316576,0.017055261853845503,HINDUNILVR
2026-08-19,SHORT,49,2026-08-19 10:15:00,2026.5,2025.4868,2026-08-19 15:00:00,2012.6,2013.6063,square_off,681.1000000000045,98.95794999998793,40,24.8122126875,6.076007675114999,0.19791555944999997,2.960001261,8.3293061822217,82.37544336528669,499.76660663472984,0.5032972367505348,HINDUNILVR
2026-08-21,SHORT,49,2026-08-21 10:15:00,2015.0,2013.9925,2026-08-21 15:00:00,2024.1,2025.112,square_off,-445.89999999999554,98.95794999998793,40,24.671408125000003,6.076024974565,0.19791612295,2.9769147134999994,8.329309397552699,82.2515733335677,-627.1095233335511,-0.6351440961498467,HINDUNILVR
2026-08-24,SHORT,49,2026-08-24 11:00:00,2015.8,2014.7921,2026-08-24 15:00:00,2023.8,2024.8119,square_off,-392.0,98.97019999999043,40,24.681203225,6.0767762972,0.197940596,2.9764734930000003,8.329449040775998,82.261842651976,-573.2320426519664,-0.5803459229758038,HINDUNILVR
2026-08-25,SHORT,49,2026-08-25 13:30:00,2013.2,2012.1934,2026-08-25 15:00:00,2023.5,2024.5118,square_off,-504.6999999999978,98.89914999999155,40,24.649369150000002,6.072415557145,0.19779855235,2.9760322725,8.3286385397091,82.2242540717041,-685.8234040716934,-0.6952312736669546,HINDUNILVR
2026-08-26,LONG,48,2026-08-26 10:00:00,2046.2,2047.2231,2026-08-26 15:00:00,2025.1,2024.0874,square_off,-1012.8000000000065,97.71119999999064,40,24.2890494,5.99948322648,0.19542290639999998,2.9480012639999997,8.3150831039184,81.74703990079838,-1192.2582399007956,-1.2138946990160577,HINDUNILVR
2026-08-27,SHORT,49,2026-08-27 10:00:00,2011.2,2010.1944,2026-08-27 15:00:00,2012.9,2013.9064,square_off,-83.30000000000223,98.59044999999105,40,24.624881400000003,6.0534549086550005,0.19718094165,2.9604424815,8.325114453054901,82.1610741848599,-264.0515241848532,-0.2679398675426319,HINDUNILVR
2026-08-28,LONG,49,2026-08-28 11:00:00,2009.8,2010.8049,2026-08-28 15:00:00,2004.8,2003.7976,square_off,-245.0,98.3576999999882,40,24.5465206,6.039166540749999,0.1967155225,2.955883203,8.322458771385,82.06074463763501,-425.4184446376232,-0.4319837334181117,HINDUNILVR
2026-08-31,LONG,49,2026-08-31 13:30:00,2005.3,2006.3026,2026-08-31 15:00:00,2001.5,2000.4992,square_off,-186.19999999999777,98.1665999999916,40,24.5061158125,6.02743209817,0.19633329309999997,2.9492648955,8.3202777704286,81.99942386969859,-366.366023869688,-0.3728548162366545,HINDUNILVR
2026-09-01,SHORT,50,2026-09-01 10:00:00,1982.0,1981.009,2026-09-01 15:00:00,1984.9,1985.8924,square_off,-145.00000000000455,99.1724999999974,40,24.7626125,6.08919372575,0.1983450725,2.978838675,8.331756983685,82.36074695693502,-326.533246956937,-0.32949873557713116,HINDUNILVR
2026-09-02,SHORT,50,2026-09-02 10:45:00,1969.3,1968.3154,2026-09-02 15:00:00,1964.2,1965.1821,square_off,254.99999999999545,98.337499999991,40,24.603941875,6.03791858575,0.1966748725,2.9477731499999997,8.322226822485,82.10853530573502,74.55396469426944,0.07571620849466251,HINDUNILVR
2026-09-03,SHORT,50,2026-09-03 11:00:00,1965.1,1964.1174,2026-09-03 15:00:00,1961.0,1961.9805,square_off,204.99999999999545,98.15249999999196,40,24.551468125,6.02656035325,0.1963048975,2.9429707499999997,8.320115745134999,82.037419870885,24.81008012911849,0.025250704930149602,HINDUNILVR
2026-09-04,LONG,50,2026-09-04 10:30:00,1969.1,1970.0845,2026-09-04 15:00:00,1974.4,1973.4128,square_off,265.0000000000091,98.58749999998508,40,24.667660000000005,6.05326843225,0.1971748675,2.955126825,8.325079793955,82.19830991870501,84.214190081319,0.0855357169075405,HINDUNILVR
2026-09-08,LONG,50,2026-09-08 10:15:00,1980.8,1981.7904,2026-09-08 15:00:00,1987.3,1986.3064,square_off,325.0,99.20249999998987,40,24.828829375,6.09102851125,0.1984048375,2.9726855999999997,8.332098002775,82.423046326525,143.37445367348514,0.14476418989649145,HINDUNILVR
2026-09-09,SHORT,51,2026-09-09 10:00:00,1953.2,1952.2234,2026-09-09 15:00:00,1940.8,1941.7704,square_off,632.4000000000046,99.29699999999434,40,24.890848350000002,6.09682609266,0.19859368379999998,2.970908712,8.3331755597628,82.4903523982228,450.6126476017875,0.4523623853081595,HINDUNILVR
2026-09-11,LONG,51,2026-09-11 11:00:00,1941.9,1942.871,2026-09-11 15:00:00,1936.5,1935.5318,square_off,-275.40000000000464,98.89919999998983,40,24.6780298125,6.07241510739,0.1977985377,2.9725925535,8.328638456116199,82.24947446720618,-456.54867446720067,-0.4609884542702777,HINDUNILVR
2026-09-16,LONG,50,2026-09-16 11:15:00,1971.8,1972.7859,2026-09-16 15:00:00,1966.2,1965.2169,square_off,-279.99999999999545,98.44999999999118,40,24.56521125,6.044834298,0.19690014,2.95917885,8.32351219884,82.08963673683999,-460.53963673682665,-0.46712611495773065,HINDUNILVR
2026-09-17,SHORT,51,2026-09-17 11:15:00,1952.4,1951.4238,2026-09-17 15:00:00,1952.2,1953.1761,square_off,10.20000000000232,99.56729999998447,40,24.88065345,6.11343206343,0.1991345949,2.988359433,8.3362619984994,82.51784153982939,-171.88514153981154,-0.17262327867944482,HINDUNILVR
2026-09-18,LONG,51,2026-09-18 10:30:00,1955.0,1955.9775,2026-09-18 15:00:00,1955.1,1954.1224,square_off,5.099999999995362,99.70754999998985,40,24.9150612375,6.122043491715,0.19941509745,2.992645575,8.3378625460497,82.5670279477147,-177.1745779477092,-0.1776987893763695,HINDUNILVR
2026-09-22,SHORT,51,2026-09-22 10:30:00,1943.8,1942.8281,2026-09-22 15:00:00,1936.5,1937.4682,square_off,372.2999999999977,98.94764999999506,40,24.771058275,6.075379995195,0.19789511384999997,2.9643264225,8.3291895196281,82.33784932617309,191.01450067382953,0.19268352537058958,HINDUNILVR
2026-09-23,LONG,51,2026-09-23 12:00:00,1951.2,1952.1756,2026-09-23 15:00:00,1951.2,1950.2244,square_off,0.0,99.51119999999855,40,24.8653611,6.10998768,0.1990224,2.9868286680000002,8.3356218144,82.49682166240001,-182.00802166239856,-0.18290204686748684,HINDUNILVR
2026-09-24,SHORT,51,2026-09-24 10:00:00,1932.0,1931.034,2026-09-24 15:00:00,1931.8,1932.7659,square_off,10.20000000000232,98.52689999999052,40,24.620683500000002,6.049551503430001,0.1970537949,2.957131827,8.3243889536994,82.14880957902939,-170.47570957901758,-0.1730155782679917,HINDUNILVR
2026-09-25,SHORT,52,2026-09-25 10:00:00,1921.4,1920.4393,2026-09-25 15:00:00,1939.4,1940.3697,square_off,-936.0,100.38079999998627,40,24.9657109,6.163395487600001,0.200762068,3.0269767319999996,8.345548360008,82.702393547608,-1119.0831935475942,-1.1200598857679838,HINDUNILVR
2026-09-28,SHORT,52,2026-09-28 11:00:00,1903.4,1902.4483,2026-09-28 15:00:00,1895.0,1895.9475,square_off,436.80000000000473,98.75839999999152,40,24.731827900000006,6.06375905512,0.19751658160000002,2.9576781000000003,8.3270296146096,82.27781125132961,255.7637887486836,0.2584078175377297,HINDUNILVR
2026-09-29,SHORT,53,2026-09-29 10:15:00,1874.5,1873.5628,2026-09-29 15:00:00,1870.3,1871.2351,square_off,222.6000000000024,99.23719999998639,40,24.8247064375,6.09316066309,0.1984742887,2.9752638885,8.332494291322199,82.4240995691122,40.93870043090382,0.04120716511160594,HINDUNILVR
2026-09-30,LONG,53,2026-09-30 10:30:00,1882.9,1883.8414,2026-09-30 15:00:00,1867.2,1866.2664,square_off,-832.1000000000024,99.37764999998126,40,24.728029800000005,6.101800482735001,0.19875571605,2.9953079055000003,8.3341001157813,82.3579940200663,-1013.8356440200499,-1.0159315107266789,HINDUNILVR
2026-08-04,SHORT,69,2026-08-04 12:00:00,1443.3,1442.5784,2026-08-04 15:00:00,1441.5,1442.2208,square_off,124.19999999999686,99.52559999999357,40,24.8844765375,6.11086993353,0.19905113789999998,2.9853969525,8.335785792857399,82.5155803542874,-57.841180354284106,-0.058080646861293224,ICICIBANK
2026-08-05,SHORT,69,2026-08-05 10:30:00,1446.5,1445.7768,2026-08-05 15:00:00,1439.8,1440.5199,square_off,462.30000000000314,99.57734999998843,40,24.9396489375,6.114042193694999,0.19915446884999996,2.9818761929999997,8.336375399258099,82.5710971923031,280.1515528077116,0.28068907238132185,ICICIBANK
2026-08-06,LONG,68,2026-08-06 11:15:00,1456.5,1457.2282,2026-08-06 15:00:00,1457.8,1457.0711,square_off,88.39999999999691,99.08619999998155,40,24.770208700000005,6.08389132306,0.19817235579999998,2.97274563,8.3307714621948,82.35578947105482,-93.04198947103946,-0.09394195338446261,ICICIBANK
2026-08-07,SHORT,69,2026-08-07 10:45:00,1449.2,1448.4754,2026-08-07 15:00:00,1420.0,1420.71,square_off,2014.8000000000031,98.98739999998747,40,24.98620065,6.07779543282,0.19797379259999998,2.9408697,8.329638460575598,82.53247803599558,1833.28012196402,1.8333754574878094,ICICIBANK
2026-08-10,SHORT,70,2026-08-10 10:00:00,1420.0,1419.29,2026-08-10 15:00:00,1427.2,1427.9136,square_off,-504.0000000000032,99.65199999997367,40,24.837575000000005,6.118640536400001,0.19930425200000002,2.9986185599999997,8.337230061911999,82.491368410312,-686.1433684102889,-0.6902850788835904,ICICIBANK
2026-08-11,SHORT,70,2026-08-11 11:15:00,1421.2,1420.4894,2026-08-11 15:00:00,1421.0,1421.7105,square_off,14.000000000003183,99.47699999998576,40,24.858564500000004,6.1078875851,0.198953993,2.98559205,8.335231484058,82.486229612158,-167.9632296121406,-0.16883441519454442,ICICIBANK
2026-08-12,LONG,69,2026-08-12 10:30:00,1432.3,1433.0162,2026-08-12 15:00:00,1428.0,1427.286,square_off,-296.69999999999686,98.68034999999395,40,24.6206835,6.058978044345,0.19736084834999998,2.9663434305,8.3261410006851,82.1695068238801,-477.5498568238709,-0.4832096919456301,ICICIBANK
2026-08-13,SHORT,70,2026-08-13 11:30:00,1413.9,1413.193,2026-08-13 15:00:00,1409.8,1410.5049,square_off,287.00000000000955,98.8294999999971,40,24.730878375,6.06812689455,0.19765885649999998,2.9620602899999997,8.327841435189,82.286565851239,105.88393414877345,0.10698264592239647,ICICIBANK
2026-08-14,LONG,70,2026-08-14 10:15:00,1414.1,1414.807,2026-08-14 15:00:00,1413.1,1412.3934,square_off,-70.0,98.95199999999022,40,24.716885375000004,6.0756538745,0.19790403499999998,2.971094805,8.329240423709999,82.29077851321001,-251.24277851320022,-0.2538139134565147,ICICIBANK
2026-08-17,SHORT,70,2026-08-17 10:00:00,1411.8,1411.0941,2026-08-17 15:00:00,1419.9,1420.61,square_off,-567.0000000000095,99.10949999999048,40,24.69414675,6.0853320034500005,0.1982192835,2.983280895,8.331039231651001,82.292018163601,-748.401518163601,-0.7572921277433075,ICICIBANK
2026-08-18,SHORT,70,2026-08-18 11:00:00,1409.6,1408.8952,2026-08-18 15:00:00,1415.1,1415.8075,square_off,-385.0,98.86449999998831,40,24.655665999999997,6.07028620975,0.19772919249999998,2.9731958549999997,8.328242772405,82.225120029655,-566.0896200296434,-0.5737084684912065,ICICIBANK
2026-08-19,SHORT,71,2026-08-19 11:00:00,1403.2,1402.4984,2026-08-19 15:00:00,1399.7,1400.3998,square_off,248.5,99.50294999998869,40,24.894346600000006,6.109477315525001,0.19900577575,2.9828516805,8.3355269564295,82.52120832820451,66.4758416718068,0.06672459094685669,ICICIBANK
2026-08-20,LONG,70,2026-08-20 10:15:00,1412.3,1413.0062,2026-08-20 15:00:00,1409.9,1409.1951,square_off,-167.99999999999045,98.7769999999864,40,24.660913375000003,6.0649103788000005,0.19755408400000002,2.967312915,8.327243603304,82.217934356104,-348.9949343560809,-0.3530157841374059,ICICIBANK
2026-08-21,LONG,70,2026-08-21 10:30:00,1416.9,1417.6084,2026-08-21 15:00:00,1418.2,1417.4909,square_off,90.99999999999682,99.22849999999244,40,24.80609075,6.09262850315,0.1984569545,2.976977745,8.332395382377001,82.406549335027,-90.63504933502261,-0.09138163731186051,ICICIBANK
2026-08-24,SHORT,70,2026-08-24 11:15:00,1414.1,1413.393,2026-08-24 15:00:00,1413.9,1414.607,square_off,13.999999999987267,98.97999999999911,40,24.734376624999996,6.0773717851,0.197959993,2.9706745950000006,8.329559720058,82.309942718158,-167.28994271816984,-0.16900193229229074,ICICIBANK
2026-08-25,LONG,70,2026-08-25 12:00:00,1420.7,1421.4103,2026-08-25 15:00:00,1423.4,1422.6883,square_off,189.00000000000318,99.54349999997703,40,24.897045250000005,6.11196799885,0.19908690550000002,2.984961735,8.335989882783,82.529051772133,6.9274482278931515,0.006965829950922736,ICICIBANK
2026-08-27,LONG,69,2026-08-27 10:30:00,1441.2,1441.9206,2026-08-27 15:00:00,1449.8,1449.0751,square_off,593.3999999999937,99.73949999998695,40,24.996545474999998,6.12399619131,0.19947870329999998,2.9847756420000002,8.338225481029799,82.6430214926398,411.01747850736695,0.4133205003352349,ICICIBANK
2026-08-28,SHORT,70,2026-08-28 11:30:00,1428.1,1427.386,2026-08-28 15:00:00,1423.7,1424.4118,square_off,307.99999999999045,99.812999999981,40,24.979254125000004,6.1285134722,0.199625846,2.9912648849999997,8.339065077276,82.63772340547602,125.54927659453342,0.1255907215326392,ICICIBANK
2026-08-31,SHORT,70,2026-08-31 10:00:00,1421.4,1420.6893,2026-08-31 15:00:00,1443.0,1443.7215,square_off,-1511.9999999999936,100.25399999998172,40,24.862062750000007,6.1556188092,0.200508756,3.03181515,8.344102961735999,82.59410842693602,-1694.8481084269113,-1.7033991722717152,ICICIBANK
2026-09-01,SHORT,69,2026-09-01 11:00:00,1438.7,1437.9807,2026-09-01 15:00:00,1428.0,1428.714,square_off,738.3000000000031,98.90114999998559,40,24.805166212500005,6.072519277095001,0.19780193085000003,2.9574379800000004,8.328657817430102,82.36158321787511,557.0372667821424,0.561131845861393,ICICIBANK
2026-09-02,SHORT,70,2026-09-02 12:30:00,1423.6,1422.8882,2026-09-02 15:00:00,1422.5,1423.2112,square_off,76.99999999999363,99.61349999997537,40,24.900543500000005,6.1162677180500005,0.19922696150000002,2.9887436249999997,8.336789042319001,82.54157084686899,-105.15507084685073,-0.10552228841051933,ICICIBANK
2026-09-03,SHORT,69,2026-09-03 14:30:00,1435.2,1434.4824,2026-09-03 15:00:00,1432.4,1433.1162,square_off,193.19999999999686,98.93219999998564,40,24.744821400000003,6.074434114380001,0.1978643034,2.966550534,8.3290137152004,82.31268406698041,11.955115933030811,0.01207236271976517,ICICIBANK
2026-09-04,LONG,69,2026-09-04 11:30:00,1435.5,1436.2178,2026-09-04 15:00:00,1426.3,1425.5869,square_off,-634.8000000000031,98.7320999999888,40,24.591373162500005,6.06216068418,0.19746451739999998,2.9729707425,8.3267325362844,82.15070164286439,-815.6828016428564,-0.823510266728107,ICICIBANK
2026-09-08,SHORT,70,2026-09-08 10:00:00,1412.5,1411.7938,2026-09-08 15:00:00,1399.6,1400.2998,square_off,903.0000000000064,98.4234999999876,40,24.706390625,6.0431890389500005,0.1968465485,2.94062958,8.323206405741,82.21026219819102,722.3662378018278,0.7305853226820003,ICICIBANK
2026-09-09,LONG,71,2026-09-09 11:45:00,1395.5,1396.1977,2026-09-09 15:00:00,1395.1,1394.4024,square_off,-28.400000000006457,99.06629999997722,40,24.750643487500003,6.082671255939999,0.1981326142,2.9739012075,8.3305446966252,82.33589326176521,-209.80219326174887,-0.21174922740776325,ICICIBANK
2026-09-10,SHORT,72,2026-09-10 12:45:00,1382.9,1382.2086,2026-09-10 15:00:00,1378.5,1379.1892,square_off,316.80000000000655,99.4103999999952,40,24.8797539,6.1037936971199995,0.1988206416,2.97904878,8.334470580969597,82.49588759968958,134.89371240032176,0.13547789307526228,ICICIBANK
2026-09-11,LONG,72,2026-09-11 10:15:00,1376.7,1377.3884,2026-09-11 15:00:00,1384.2,1383.5079,square_off,540.0,99.39239999999154,40,24.9031422,6.102685071,0.19878453000000001,2.975158836,8.33426452818,82.51403516518,358.09356483482844,0.36126401785552853,ICICIBANK
2026-09-15,SHORT,73,2026-09-15 10:00:00,1360.0,1359.32,2026-09-15 15:00:00,1353.0,1353.6765,square_off,511.0,99.02449999999044,40,24.807590000000005,6.080096456150001,0.1980487445,2.964551535,8.330066136117,82.380352871767,329.59514712824256,0.3319854423128954,ICICIBANK
2026-09-16,SHORT,74,2026-09-16 11:30:00,1348.1,1347.426,2026-09-16 15:00:00,1351.2,1351.8756,square_off,-229.4000000000101,99.87409999999136,40,24.927380075000002,6.132273261290001,0.19974831469999998,3.001163832,8.339763883678199,82.6003293666682,-411.8744293666697,-0.41286778926764767,ICICIBANK
2026-09-18,SHORT,74,2026-09-18 10:30:00,1345.0,1344.3275,2026-09-18 15:00:00,1345.3,1345.9726,square_off,-22.199999999996635,99.54109999999082,40,24.870058750000002,6.11182388077,0.1990822111,2.988059283,8.335963096536599,82.50498722140661,-204.24608722139408,-0.20521057693297906,ICICIBANK
2026-09-21,SHORT,74,2026-09-21 10:30:00,1343.1,1342.4284,2026-09-21 15:00:00,1344.7,1345.3723,square_off,-118.4000000000101,99.4485999999888,40,24.834926324999998,6.10614585744,0.19889725919999995,2.9867266169999995,8.334907760995199,82.46160381963519,-300.31020381963407,-0.30215516324641667,ICICIBANK
2026-09-22,SHORT,74,2026-09-22 10:45:00,1339.1,1338.4304,2026-09-22 15:00:00,1341.9,1342.571,square_off,-207.20000000001346,99.19699999998466,40,24.760963325000002,6.090698980520001,0.19839410359999998,2.980507509,8.332036755141601,82.36260067326161,-388.75960067325974,-0.3923163406172962,ICICIBANK
2026-09-24,SHORT,75,2026-09-24 11:30:00,1331.1,1330.4344,2026-09-24 15:00:00,1339.0,1339.6695,square_off,-592.5000000000068,100.12874999999326,40,24.945645937499997,6.147914344875,0.20025779624999998,3.014256375,8.3426709854025,82.6507454390275,-775.2794954390276,-0.7765802673869007,ICICIBANK
2026-09-25,SHORT,75,2026-09-25 10:30:00,1327.4,1326.7363,2026-09-25 15:00:00,1325.6,1326.2628,square_off,135.00000000001364,99.48749999997517,40,24.876305625000004,6.10853042775,0.19897493249999998,2.9840912999999993,8.335350964844999,82.50325325009499,-46.990753250056514,-0.04720079679579781,ICICIBANK
2026-09-28,SHORT,76,2026-09-28 10:00:00,1303.7,1303.0482,2026-09-28 15:00:00,1300.8,1301.4504,square_off,220.4000000000069,98.97099999999682,40,24.757914850000002,6.0768160168600005,0.1979418898,2.967306912,8.329456423198799,82.32943609185881,39.09956390815128,0.039462142069485714,ICICIBANK
2026-09-29,LONG,76,2026-09-29 11:15:00,1301.9,1302.551,2026-09-29 15:00:00,1297.1,1296.4514,square_off,-364.8000000000138,98.7619999999888,40,24.63257755,6.06399239968,0.1975241824,2.969816166,8.3270729847744,82.19098328285442,-545.752983282857,-0.5515754133461388,ICICIBANK
2026-09-30,LONG,75,2026-09-30 10:00:00,1315.9,1316.558,2026-09-30 15:00:00,1323.7,1323.0382,square_off,584.9999999999966,98.98499999999899,40,24.8069653125,6.07767002025,0.19796970749999998,2.9622553875,8.329615150995,82.37447557874498,403.6405244212526,0.40898804308458353,ICICIBANK
2026-08-04,LONG,347,2026-08-04 11:30:00,287.25,287.3936,2026-08-04 15:00:00,286.55,286.4067,square_off,-242.89999999999606,99.55429999998125,40,24.845783393750004,6.1126377485150005,0.19910872145,2.99176763625,8.3361143645937,82.4854118645587,-424.939711864536,-0.42632206114780774,ITC
2026-08-05,SHORT,349,2026-08-05 10:00:00,286.3,286.1568,2026-08-05 15:00:00,286.7,286.8434,square_off,-139.59999999999206,99.98849999999635,40,24.9671851625,6.13929604286,0.19997706979999996,3.0032498745,8.3410691602788,82.6507773099388,-322.2392773099272,-0.32250147100585497,ITC
2026-08-06,SHORT,350,2026-08-06 10:15:00,284.9,284.7576,2026-08-06 15:00:00,284.65,284.7923,square_off,87.5,99.67124999998873,40,24.916285624999997,6.119813406875,0.19934245624999997,2.9903194125,8.3374480553625,82.56320895598749,-94.73445895597622,-0.09500522384393144,ITC
2026-08-07,SHORT,351,2026-08-07 10:30:00,284.75,284.6076,2026-08-07 15:00:00,285.0,285.1425,square_off,-87.75,99.99112499997989,40,24.974319093750005,6.1394564219625,0.199982293875,3.0025505249999997,8.341098968850751,82.65740730343828,-270.39853230341816,-0.27054124280899994,ITC
2026-08-10,SHORT,352,2026-08-10 10:00:00,284.05,283.908,2026-08-10 15:00:00,282.65,282.7913,square_off,492.800000000012,99.73919999999453,40,24.983901800000005,6.12397931552,0.19947815359999999,2.9862763919999997,8.3382223444416,82.63185800556161,310.42894199445584,0.3104736502000846,ITC
2026-08-11,SHORT,356,2026-08-11 10:00:00,280.8,280.6596,2026-08-11 15:00:00,279.1,279.2396,square_off,605.199999999996,99.66219999999475,40,24.9787044,6.1192497901800005,0.1993240974,2.982278394,8.337343299764399,82.6168999813444,422.92090001865677,0.42306982059550635,ITC
2026-08-12,SHORT,359,2026-08-12 10:15:00,277.85,277.7111,2026-08-12 15:00:00,277.45,277.5887,square_off,143.60000000001224,99.6763499999775,40,24.924568981250005,6.12012568574,0.1993526282,2.9896305682499995,8.3375060965092,82.57118395994921,-38.64753395991447,-0.03874511352833558,ITC
2026-08-13,LONG,359,2026-08-13 11:30:00,277.75,277.8889,2026-08-13 15:00:00,277.1,276.9614,square_off,-233.34999999999184,99.59557499999778,40,24.8572901375,6.1151718869225,0.19919126667499998,2.99286318375,8.336585367647551,82.50110184249505,-415.44667684248464,-0.4166455744830596,ITC
2026-08-14,LONG,359,2026-08-14 10:30:00,278.0,278.139,2026-08-14 15:00:00,277.6,277.4612,square_off,-143.59999999999184,99.7302000000048,40,24.902142700000002,6.12343648426,0.19946047179999998,2.99555703,8.3381214520908,82.5587181381508,-325.88891813814746,-0.3265354583456719,ITC
2026-08-17,SHORT,363,2026-08-17 11:00:00,275.0,274.8625,2026-08-17 15:00:00,273.45,273.5867,square_off,562.6500000000042,99.54367500000046,40,24.943771875000003,6.111973008322501,0.19908706867499998,2.9793594352499997,8.33599081385955,82.57018220110707,380.53614279889666,0.3812032484837432,ITC
2026-08-18,SHORT,367,2026-08-18 11:00:00,272.15,272.0139,2026-08-18 15:00:00,270.8,270.9354,square_off,495.4499999999875,99.63132500000347,40,24.95727761875,6.1173557498425,0.199262402275,2.9829987540000005,8.33699126738115,82.59388579224866,313.22478920773534,0.3136040933586527,ITC
2026-08-19,SHORT,372,2026-08-19 10:30:00,268.65,268.5157,2026-08-19 15:00:00,266.4,266.5332,square_off,837.0,99.51929999999174,40,24.971957775,6.110472172049999,0.19903818149999997,2.9745105119999997,8.335711863638998,82.59169050418899,654.8890094958192,0.655296603983497,ITC
2026-08-20,SHORT,375,2026-08-20 10:45:00,266.65,266.5167,2026-08-20 15:00:00,270.05,270.185,square_off,-1275.0000000000127,100.63124999999928,40,24.985938281249997,6.17877832125,0.20126313749999997,3.03958153125,8.348407462575,82.75396873382499,-1458.385218733837,-1.4584763735071815,ITC
2026-08-21,SHORT,370,2026-08-21 11:45:00,269.65,269.5152,2026-08-21 15:00:00,269.45,269.5847,square_off,73.9999999999958,99.733499999993,40,24.9301536875,6.123635764099999,0.199466963,2.9923904475,8.338158490878,82.583805352978,-108.31730535297521,-0.10856646539104768,ITC
2026-08-24,SHORT,371,2026-08-24 10:30:00,268.95,268.8155,2026-08-24 15:00:00,268.6,268.7343,square_off,129.84999999998735,99.71552500000189,40,24.932639943749997,6.1225312418025,0.19943098507499996,2.991012759,8.33795320083795,82.58356813046544,-52.44909313047998,-0.05256449848690799,ITC
2026-08-25,LONG,371,2026-08-25 11:45:00,269.3,269.4346,2026-08-25 15:00:00,270.05,269.915,square_off,278.25,100.04942499998134,40,25.034613931250004,6.1430304238625,0.200098710875,2.9988076545,8.34176324425275,82.71831396474025,95.48226103527841,0.09556798551828831,ITC
2026-08-27,SHORT,370,2026-08-27 10:00:00,269.6,269.4652,2026-08-27 15:00:00,268.85,268.9844,square_off,277.5,99.61324999998112,40,24.925531000000003,6.116249290375,0.19922636124999998,2.9857271174999997,8.336785617292499,82.56351938641751,95.32323061360137,0.09556021995909991,ITC
2026-08-28,LONG,372,2026-08-28 10:30:00,268.5,268.6342,2026-08-28 15:00:00,264.85,264.7176,square_off,-1357.7999999999915,99.20310000000768,40,24.618734475,6.0910911822300005,0.1984068789,2.99795823,8.3321096510034,82.23830041713339,-1539.2414004171326,-1.5410598510413613,ITC
2026-08-31,SHORT,377,2026-08-31 10:30:00,264.55,264.4177,2026-08-31 15:00:00,264.0,264.132,square_off,207.3500000000043,99.63167499999918,40,24.921370581250002,6.1173816621775,0.19926324632499998,2.98733292,8.33699608353045,82.56234449328295,25.15598050672216,0.025222732468199244,ITC
2026-09-01,LONG,373,2026-09-01 13:30:00,267.55,267.6838,2026-09-01 15:00:00,266.55,266.4167,square_off,-373.0,99.60964999997259,40,24.843359606250004,6.1160382355500005,0.1992194865,2.99538144225,8.336746389969,82.490745160519,-555.1003951604916,-0.5562342787376984,ITC
2026-09-02,LONG,375,2026-09-02 10:30:00,265.75,265.8829,2026-09-02 15:00:00,267.55,267.4162,square_off,675.0000000000043,99.99374999998878,40,25.070271093750005,6.139605888750001,0.1999871625,2.9911823437500002,8.341126749224998,82.742173237975,492.2640767620406,0.49396207138241766,ITC
2026-09-03,SHORT,377,2026-09-03 12:15:00,264.9,264.7675,2026-09-03 15:00:00,263.4,263.5317,square_off,565.5,99.58454999998958,40,24.954341587499997,6.114482689574999,0.19916881724999996,2.9805435269999996,8.3364572712285,82.58499389255348,383.33045610745694,0.38383981153736707,ITC
2026-09-04,LONG,377,2026-09-04 10:30:00,264.6,264.7323,2026-09-04 15:00:00,264.9,264.7675,square_off,113.09999999998286,99.81074999999709,40,24.954341587499997,6.128378313915,0.19962144345,2.9941223130000005,8.3390399563257,82.61550361419071,-69.32625361420494,-0.06949707743052919,ITC
2026-09-08,LONG,377,2026-09-08 10:30:00,264.5,264.6322,2026-09-08 15:00:00,264.0,263.868,square_off,-188.5,99.62225000000154,40,24.869559000000002,6.116809043475,0.19924459425000002,2.9929907475000004,8.3368896547905,82.51549304001551,-370.6377430400171,-0.37169148840965843,ITC
2026-09-09,SHORT,381,2026-09-09 10:00:00,262.05,261.919,2026-09-09 15:00:00,262.9,263.0314,square_off,-323.849999999987,100.0029749999764,40,24.947782368750005,6.1401876360975,0.200006111925,3.0064494734999996,8.341234874644051,82.63566046491655,-506.48863546487996,-0.5072949808369203,ITC
2026-09-10,SHORT,383,2026-09-10 11:15:00,261.0,260.8695,2026-09-10 15:00:00,260.25,260.3801,square_off,287.25,99.81937499997997,40,24.978254625,6.1289052157125,0.19963860637499997,2.9917676362499996,8.339137887975749,82.63770397131327,104.79292102870676,0.1048317087609483,ITC
2026-09-11,LONG,383,2026-09-11 10:30:00,260.6,260.7303,2026-09-11 15:00:00,261.4,261.2693,square_off,306.3999999999826,99.96299999998746,40,25.016535474999998,6.13772349676,0.19992584679999997,2.995791147,8.3407768818408,82.6907528474008,123.74624715259432,0.12398206103267848,ITC
2026-09-15,SHORT,383,2026-09-15 13:00:00,260.65,260.5197,2026-09-15 15:00:00,259.3,259.4296,square_off,517.049999999987,99.57042499997715,40,24.94475888125,6.1136161582825,0.19914059147499996,2.9808466785,8.336296214956349,82.57465852446384,334.904916475546,0.33547875288235124,ITC
2026-09-16,LONG,379,2026-09-16 13:00:00,263.55,263.6818,2026-09-16 15:00:00,263.9,263.768,square_off,132.64999999998707,99.95177499998687,40,24.992022737500005,6.137036948822502,0.199903483675,2.9980617817500006,8.34064927784955,82.66767422959705,-49.96944922959685,-0.0500267548773088,ITC
2026-09-17,LONG,374,2026-09-17 10:00:00,267.0,267.1335,2026-09-17 15:00:00,265.55,265.4172,square_off,-542.2999999999957,99.5868499999815,40,24.8165105375,6.114640914304999,0.19917397114999996,2.9972378699999997,8.336486679381899,82.46404997233691,-724.3508999723142,-0.7253809409084042,ITC
2026-09-18,SHORT,378,2026-09-18 14:00:00,264.25,264.1179,2026-09-18 15:00:00,264.45,264.5822,square_off,-75.5999999999957,99.92429999999206,40,24.9591391875,6.13535318046,0.1998486378,3.0003624314999997,8.3403363272868,82.6350397645468,-258.1593397645346,-0.2584526835603756,ITC
2026-09-21,LONG,375,2026-09-21 10:15:00,266.0,266.133,2026-09-21 15:00:00,267.55,267.4162,square_off,581.2500000000043,100.04062499997701,40,25.070271093750005,6.142485452812501,0.200080959375,2.99399625,8.34166195419375,82.74849571013125,398.46087928989607,0.3994595281101715,ITC
2026-09-22,SHORT,375,2026-09-22 10:45:00,266.25,266.1169,2026-09-22 15:00:00,265.4,265.5327,square_off,318.7500000000085,99.68437500000249,40,24.94845703125,6.120615732187501,0.199368590625,2.987242875,8.33759717810625,82.59328140716876,136.47234359283726,0.13668591533554905,ITC
2026-09-23,LONG,374,2026-09-23 10:30:00,267.15,267.2836,2026-09-23 15:00:00,270.55,270.4147,square_off,1271.6000000000126,100.54989999999486,40,25.283776787500003,6.173744340940001,0.20109916419999999,2.9989217114999995,8.3474718309252,83.00501383506521,1088.0450861649524,1.0889805204320036,ITC
2026-09-24,SHORT,372,2026-09-24 11:15:00,268.15,268.0159,2026-09-24 15:00:00,267.9,268.0339,square_off,93.0,99.70529999998735,40,24.925481024999996,6.121903992449999,0.19941055349999995,2.9912588819999995,8.337836618270998,82.575891071221,-89.28119107120834,-0.08950333835701045,ITC
2026-09-25,SHORT,374,2026-09-25 10:00:00,266.7,266.5666,2026-09-25 15:00:00,268.2,268.3341,square_off,-561.0,100.02629999999874,40,24.923981774999998,6.14162343135,0.20005288049999997,3.0107086020000002,8.341501736132999,82.61786842498299,-743.6441684249817,-0.7455393294003173,ITC
2026-09-28,SHORT,376,2026-09-28 10:15:00,265.85,265.7171,2026-09-28 15:00:00,266.05,266.183,square_off,-75.19999999999573,99.9971999999907,40,24.97740505,6.1398292343200005,0.19999443760000002,3.002544522,8.341168260945599,82.66094150486559,-257.85814150485203,-0.2579623582976043,ITC
2026-09-29,LONG,374,2026-09-29 12:00:00,266.5,266.6332,2026-09-29 15:00:00,264.95,264.8175,square_off,-579.7000000000043,99.38114999999061,40,24.7604385875,6.102011508395,0.19876258984999998,2.9916250649999996,8.3341393376841,82.38697708842909,-761.4681270884239,-0.7639816266400697,ITC
2026-09-30,LONG,374,2026-09-30 11:30:00,266.75,266.8834,2026-09-30 15:00:00,262.4,262.2688,square_off,-1626.9000000000085,98.95104999999228,40,24.5221328,6.075619442915,0.19790291345,2.9944314675,8.329234024145698,82.1193206480107,-1807.9703706480113,-1.8122381915892039,ITC
2026-08-03,LONG,86,2026-08-03 10:15:00,1158.1,1158.679,2026-08-03 15:00:00,1168.4,1167.8158,square_off,885.8000000000156,100.03949999998576,40,25.108039700000003,6.14241170297,0.20007855709999997,2.9893919489999994,8.3416482468126,82.78157015588259,702.9789298441473,0.705826232867535,INFY
2026-08-04,SHORT,86,2026-08-04 10:00:00,1161.1,1160.5194,2026-08-04 15:00:00,1159.4,1159.9797,square_off,146.19999999998436,99.78149999999187,40,24.951168175,6.1265818558300005,0.1995629269,2.9927476260000003,8.3387060608914,82.60876664462138,-36.19026664462889,-0.036242963914160084,INFY
2026-08-05,SHORT,85,2026-08-05 10:00:00,1164.1,1163.518,2026-08-05 15:00:00,1165.5,1166.0828,square_off,-119.00000000000773,99.00800000000118,40,24.7247564375,6.07909302665,0.1980160595,2.9735110125,8.329879635507,82.305256171657,-300.3132561716659,-0.30350460711548527,INFY
2026-08-06,SHORT,85,2026-08-06 10:30:00,1168.5,1167.9158,2026-08-06 15:00:00,1164.8,1165.3824,square_off,314.50000000000387,99.16524999999069,40,24.8182096875,6.088741522425,0.19833034275,2.97172512,8.3316729357315,82.4086796084065,132.9260703916067,0.13383278752710281,INFY
2026-08-10,LONG,84,2026-08-10 10:00:00,1189.4,1189.9947,2026-08-10 15:00:00,1183.3,1182.7084,square_off,-512.4000000000115,99.6533999999765,40,24.836875350000003,6.118726625340001,0.1993070562,2.998786644,8.337246062677199,82.4909417382172,-694.5443417382052,-0.6951727779294534,INFY
2026-08-12,SHORT,84,2026-08-12 10:15:00,1178.5,1177.9108,2026-08-12 15:00:00,1171.2,1171.7856,square_off,613.1999999999962,98.6873999999898,40,24.73612575,6.05939694738,0.19737449339999996,2.952899712,8.3262188593404,82.2720157621204,432.24058423788597,0.43663311335827015,INFY
2026-08-13,SHORT,86,2026-08-13 10:30:00,1157.7,1157.1212,2026-08-13 15:00:00,1164.6,1165.1823,square_off,-593.3999999999883,99.85889999999199,40,24.878104725000004,6.1313455686900005,0.19971809670000001,3.0061703339999997,8.339591459770201,82.5549301841602,-775.8138301841404,-0.7792252784532087,INFY
2026-08-14,SHORT,86,2026-08-14 11:00:00,1159.6,1159.0202,2026-08-14 15:00:00,1170.1,1170.685,square_off,-903.0,100.17709999999033,40,24.918934299999997,6.15088780105,0.20035465149999998,3.0203674289999998,8.343223641459,82.63376782300901,-1085.8108678229994,-1.0887985309920416,INFY
2026-08-17,SHORT,86,2026-08-17 10:00:00,1149.9,1149.3251,2026-08-17 15:00:00,1140.6,1141.1703,square_off,799.8000000000156,98.49149999998326,40,24.710488575000003,6.047365823070001,0.1969826001,2.944219374,8.323982716170601,82.2230390883406,619.0854609116918,0.6260255804970825,INFY
2026-08-18,SHORT,89,2026-08-18 11:00:00,1117.7,1117.1412,2026-08-18 15:00:00,1115.1,1115.6575,square_off,231.40000000001214,99.35959999998977,40,24.8563905875,6.1006758880100005,0.1987190843,2.9788056585,8.3338910950158,82.4684823133258,49.57191768669658,0.04983339350240369,INFY
2026-08-19,SHORT,89,2026-08-19 10:15:00,1121.1,1120.5394,2026-08-19 15:00:00,1115.9,1116.458,square_off,462.7999999999838,99.54649999998333,40,24.9320027625,6.11214799602,0.19909276859999997,2.9809427265,8.3360233376316,82.5602095912516,280.6932904087489,0.28131809790419415,INFY
2026-08-20,SHORT,88,2026-08-20 11:15:00,1131.2,1130.6344,2026-08-20 15:00:00,1129.0,1129.5645,square_off,193.600000000004,99.44879999998739,40,24.873956800000006,6.10615334824,0.1988975032,2.9820502799999997,8.334909153259199,82.4959670846992,11.655232915317413,0.011708436048722808,INFY
2026-08-25,SHORT,89,2026-08-25 12:45:00,1123.0,1122.4385,2026-08-25 15:00:00,1129.8,1130.3649,square_off,-605.199999999996,100.24959999998896,40,24.974256625,6.15533472982,0.20049950259999996,3.018074283,8.3440501618356,82.69221530225559,-788.1418153022405,-0.7885597519707851,INFY
2026-08-26,SHORT,88,2026-08-26 10:15:00,1128.0,1127.436,2026-08-26 15:00:00,1122.3,1122.8612,square_off,501.600000000004,99.01319999998668,40,24.803592000000005,6.079402780440001,0.1980261492,2.964353436,8.329937207335199,82.37531157297522,320.2114884270421,0.3225857193212465,INFY
2026-08-27,SHORT,89,2026-08-27 10:30:00,1112.9,1112.3436,2026-08-27 15:00:00,1109.1,1109.6545,square_off,338.2000000000162,98.87899999998899,40,24.7496439875,6.07116540863,0.1977578309,2.9627776484999995,8.328406183115398,82.30975105864539,157.0112489413818,0.1585202027513721,INFY
2026-08-28,LONG,87,2026-08-28 13:00:00,1141.9,1142.471,2026-08-28 15:00:00,1136.6,1136.0317,square_off,-461.1000000000158,99.11474999999541,40,24.708689475,6.085652727885,0.19822973054999998,2.9818491795000006,8.331098842518301,82.3055199554533,-642.5202699554645,-0.6467545721392602,INFY
2026-09-01,LONG,87,2026-09-01 12:00:00,1147.9,1148.474,2026-09-01 15:00:00,1143.6,1143.0282,square_off,-374.1000000000158,99.68024999999193,40,24.86086335,6.120373092435001,0.19936068704999999,2.9975170095000006,8.3375520803073,82.51566621929231,-556.2959162193001,-0.557035101799388,INFY
2026-09-02,LONG,87,2026-09-02 10:00:00,1143.6,1144.1718,2026-09-02 15:00:00,1131.2,1130.6344,square_off,-1078.7999999999881,98.95379999998636,40,24.591298200000004,6.075779879580001,0.1979081394,2.9862883979999997,8.329263843416399,82.1805384603964,-1259.9343384603708,-1.266352211468091,INFY
2026-09-04,SHORT,88,2026-09-04 10:45:00,1130.0,1129.435,2026-09-04 15:00:00,1128.0,1128.564,square_off,176.0,99.35199999997167,40,24.847570000000005,6.1002100984,0.19870391199999998,2.9794089599999998,8.333804521872,82.459697492272,-5.811697492243667,-0.005844426279408354,INFY
2026-09-07,SHORT,91,2026-09-07 10:30:00,1096.2,1095.6519,2026-09-07 15:00:00,1087.2,1087.7436,square_off,819.0,99.3446999999951,40,24.926080725000002,6.09975200835,0.1986889905,2.969540028,8.333719379793,82.527781131643,637.1275188683619,0.6386974371689231,INFY
2026-09-09,SHORT,96,2026-09-09 12:30:00,1035.0,1034.4825,2026-09-09 15:00:00,1030.6,1031.1153,square_off,422.40000000000873,99.14879999999539,40,24.82758,6.08772983616,0.1982973888,2.9696120639999997,8.3314849004928,82.41470418945279,240.83649581056056,0.2423877775871181,INFY
2026-09-15,SHORT,92,2026-09-15 13:00:00,1076.0,1075.462,2026-09-15 15:00:00,1078.1,1078.639,square_off,-193.19999999999163,99.08859999998822,40,24.735626,6.08404300562,0.1981772966,2.9770437779999996,8.330799654399602,82.32568973461959,-374.6142897345994,-0.3784288525684898,INFY
2026-09-16,SHORT,93,2026-09-16 11:30:00,1067.1,1066.5664,2026-09-16 15:00:00,1057.0,1057.5285,square_off,939.2999999999915,98.77064999997879,40,24.797669962500002,6.0645034917450005,0.19754083034999997,2.9505045149999996,8.3271679779771,82.3373867775721,758.1919632224407,0.7639960411470348,INFY
2026-09-17,SHORT,95,2026-09-17 11:00:00,1049.7,1049.1752,2026-09-17 15:00:00,1058.7,1059.2294,square_off,-855.0,100.14900000000353,40,24.917909812500003,6.149161724250002,0.2002984275,3.0188036475000004,8.342902827315001,82.629076439065,-1037.7780764390686,-1.0406763601019526,INFY
2026-09-22,SHORT,98,2026-09-22 10:45:00,1020.3,1019.7898,2026-09-22 15:00:00,1027.9,1028.414,square_off,-744.8000000000134,100.36179999999763,40,24.984851325,6.16222595268,0.2007239724,3.0235370130000003,8.3453309865144,82.71666924959439,-927.8784692496054,-0.9279768347940935,INFY
2026-09-23,SHORT,98,2026-09-23 13:00:00,1020.0,1019.49,2026-09-23 15:00:00,1016.7,1017.2084,square_off,323.39999999999554,99.79829999999424,40,24.977505,6.127610655810001,0.1995964383,2.990592549,8.3388972769398,82.63420192004982,140.9674980799515,0.1410239076430087,INFY
2026-09-24,SHORT,98,2026-09-24 11:30:00,1011.8,1011.2941,2026-09-24 15:00:00,1009.3,1009.8046,square_off,245.0,99.03389999999672,40,24.776705449999998,6.08067769925,0.19806767749999996,2.968825671,8.330174167814999,82.35445066556501,63.61164933443827,0.06415284271558697,INFY
2026-09-28,SHORT,101,2026-09-28 10:45:00,988.3,987.8058,2026-09-28 15:00:00,1004.2,1004.7021,square_off,-1605.9000000000092,100.62124999999173,40,24.9420977125,6.178169400565,0.20124330294999998,3.044247363,8.348294286632699,82.71405206564769,-1789.2353020656485,-1.7924922605029827,INFY
2026-09-29,SHORT,101,2026-09-29 10:15:00,987.3,986.8064,2026-09-29 15:00:00,986.4,986.8932,square_off,90.8999999999977,99.6718500000004,40,24.916860337499998,6.119850194685,0.19934365454999997,2.990286396,8.337454892862299,82.5637954755973,-91.3356454756,-0.09159458336276655,INFY
2026-09-30,LONG,98,2026-09-30 10:00:00,1019.0,1019.5095,2026-09-30 15:00:00,995.2,994.7024,square_off,-2332.3999999999955,98.69579999998132,40,24.370208800000004,6.059957922340001,0.1973927662,2.9973579299999997,8.3263231239372,81.95124054247721,-2513.047040542454,-2.516519837918782,INFY
2026-08-03,LONG,18,2026-08-03 11:15:00,5379.0,5381.6895,2026-08-03 15:00:00,5394.5,5391.8028,square_off,279.0,96.9614999999776,40,24.263112375000006,5.95343181735,0.19392286050000002,2.90611233,8.306523842013,81.623103224863,100.4153967751594,0.10371134326409226,INDIGO
2026-08-04,SHORT,18,2026-08-04 10:45:00,5384.0,5381.308,2026-08-04 15:00:00,5310.0,5312.655,square_off,1332.0,96.24599999999555,40,24.215885999999998,5.9094839538,0.192491334,2.8688336999999997,8.298355551804,81.485050539604,1154.2689494604006,1.1910485280052012,INDIGO
2026-08-05,SHORT,18,2026-08-05 10:30:00,5405.0,5402.2975,2026-08-05 15:00:00,5413.0,5415.7065,square_off,-144.0,97.36199999997734,40,24.310338750000003,5.9780290104,0.19472407199999997,2.9244815099999997,8.311095554831999,81.718668897232,-323.08066889720936,-0.3320800379249762,INDIGO
2026-08-06,SHORT,18,2026-08-06 11:45:00,5376.0,5373.312,2026-08-06 15:00:00,5336.0,5338.668,square_off,720.0,96.40799999999581,40,24.179904,5.919440148,0.19281563999999998,2.8828807199999997,8.30020604184,81.47524654984001,542.1167534501642,0.5602231661811387,INDIGO
2026-08-07,LONG,18,2026-08-07 10:00:00,5363.0,5365.6815,2026-08-07 15:00:00,5330.0,5327.335,square_off,-594.0,96.23699999999371,40,23.9730075,5.9089609179,0.19247429699999996,2.89746801,8.298258338682,81.270169063582,-771.5071690635757,-0.7992077082308572,INDIGO
2026-08-10,LONG,18,2026-08-10 10:00:00,5335.0,5337.6675,2026-08-10 15:00:00,5327.5,5324.8362,square_off,-135.0,95.9624999999869,40,23.961763125,5.89209957225,0.1919250675,2.8823404499999996,8.295124435155,81.223252649905,-312.1857526498919,-0.325091901124536,INDIGO
2026-08-12,LONG,18,2026-08-12 14:30:00,5272.0,5274.636,2026-08-12 15:00:00,5294.0,5291.353,square_off,396.0,95.09399999999005,40,23.811088500000004,5.8387655214,0.190187802,2.8483034399999996,8.285211598212,80.973556861612,219.93244313839796,0.23176155279295013,INDIGO
2026-08-13,SHORT,18,2026-08-13 10:00:00,5307.0,5304.3465,2026-08-13 15:00:00,5335.5,5338.1677,square_off,-513.0,95.78249999998297,40,23.869559250000002,5.8810533745499995,0.1915652565,2.882610585,8.293071353589,81.117859819639,-689.9003598196219,-0.7222121305399807,INDIGO
2026-08-17,LONG,18,2026-08-17 10:30:00,5317.0,5319.6585,2026-08-17 15:00:00,5286.0,5283.357,square_off,-558.0,95.4269999999924,40,23.775106500000003,5.8592263653,0.190854279,2.8726155899999997,8.289014515974,80.98681725027402,-734.4138172502664,-0.7673644465866993,INDIGO
2026-08-19,LONG,19,2026-08-19 12:15:00,5210.5,5213.1052,2026-08-19 15:00:00,5178.5,5175.9108,square_off,-608.0,98.69549999999253,40,24.5855760625,6.0599130328,0.197391304,2.9714699925,8.326314780624,82.14066517242401,-788.8361651724165,-0.7968082315288628,INDIGO
2026-08-20,SHORT,19,2026-08-20 10:45:00,5171.0,5168.4145,2026-08-20 15:00:00,5171.5,5174.0857,square_off,-9.5,98.25374999998894,40,24.549968874999998,6.032780395824999,0.19650750474999995,2.9492288774999995,8.3212718221035,82.0497574751785,-189.80350747516744,-0.19318619779862128,INDIGO
2026-08-21,SHORT,19,2026-08-21 10:00:00,5108.0,5105.446,2026-08-21 15:00:00,5100.0,5102.55,square_off,152.0,96.97599999998783,40,24.2508685,5.9543240668,0.19395192399999997,2.9084534999999994,8.306689678344,81.61428766914399,-26.590287669131826,-0.02739798012316266,INDIGO
2026-08-24,LONG,19,2026-08-24 10:00:00,5145.0,5147.5725,2026-08-24 15:00:00,5107.5,5104.9462,square_off,-712.5,97.39874999998756,40,24.2484946875,5.980294186875,0.19479785624999996,2.9341163249999997,8.3115165677625,81.6692196233875,-891.5679696233751,-0.9120433426662321,INDIGO
2026-08-25,SHORT,19,2026-08-25 10:00:00,5084.5,5081.9578,2026-08-25 15:00:00,5167.0,5169.5835,square_off,-1567.5,97.38924999998562,40,24.139299312500004,5.9797240111250005,0.19477928374999998,2.946662595,8.3114105930775,81.5718757954525,-1746.4611257954382,-1.807827841888338,INDIGO
2026-08-27,SHORT,19,2026-08-27 10:00:00,5203.5,5200.8982,2026-08-27 15:00:00,5190.0,5192.595,square_off,256.5,98.73824999998396,40,24.7042666875,6.062524612724999,0.19747637175,2.9597791499999997,8.3268001772055,82.2508469991805,75.51090300083554,0.07637663212598356,INDIGO
2026-08-28,SHORT,19,2026-08-28 10:45:00,5165.5,5162.9173,2026-08-28 15:00:00,5176.0,5178.588,square_off,-199.5,98.244249999987,40,24.5238569375,6.032200012325,0.19648859975,2.9517951599999996,8.3211639501735,82.0255046597485,-379.7697546597355,-0.3869496045725797,INDIGO
2026-09-01,LONG,19,2026-09-01 11:30:00,5094.5,5097.0472,2026-09-01 15:00:00,5042.0,5039.479,square_off,-997.5,96.2967499999877,40,23.937525250000004,5.912635761625,0.19259399875,2.9053169325,8.2989413568675,81.2470132997425,-1175.0437632997302,-1.2139446186028588,INDIGO
2026-09-02,LONG,20,2026-09-02 14:15:00,4984.5,4986.9922,2026-09-02 15:00:00,4992.5,4990.0038,square_off,160.0,99.76999999998952,40,24.950018749999998,6.1258755439999995,0.19953991999999998,2.99219535,8.338574783519999,82.60620434752,-22.37620434750953,-0.022445786284993007,INDIGO
2026-09-03,SHORT,20,2026-09-03 10:30:00,4948.0,4945.526,2026-09-03 15:00:00,5000.5,5003.0002,square_off,-1050.0,99.48500000000422,40,24.727629999999998,6.1083951175,0.19897052499999998,3.0018001500000002,8.335325815649998,82.37212160814998,-1231.857121608154,-1.2448030735733167,INDIGO
2026-09-07,LONG,20,2026-09-07 10:00:00,4974.5,4976.9872,2026-09-07 15:00:00,4986.0,4983.507,square_off,230.0,99.60499999999229,40,24.917535000000004,6.1157434695,0.19920988499999998,2.98619235,8.33669160381,82.55537230831,47.839627691697714,0.048084860480146464,INDIGO
2026-09-08,LONG,19,2026-09-08 10:15:00,4996.0,4998.498,2026-09-08 15:00:00,5005.5,5002.9972,square_off,180.5,95.01424999998562,40,23.7642369375,5.833872179325001,0.19002840975,2.84914386,8.2843021060335,80.9215834926085,4.564166507405872,0.00480823238317588,INDIGO
2026-09-09,LONG,19,2026-09-09 10:30:00,4996.5,4998.9982,2026-09-09 15:00:00,4988.0,4985.506,square_off,-161.5,94.85274999998728,40,23.6811535,5.823961329025,0.18970558075,2.8494290025,8.282460043759501,80.82670945603451,-337.1794594560218,-0.3551743688540102,INDIGO
2026-09-10,SHORT,20,2026-09-10 10:00:00,4882.0,4879.559,2026-09-10 15:00:00,4926.0,4928.463,square_off,-880.0,98.07999999999083,40,24.397795000000002,6.022125508,0.19616044,2.9570778,8.31929147064,81.89245021864,-1059.972450218631,-1.0855924316044971,INDIGO
2026-09-11,LONG,20,2026-09-11 10:15:00,4881.0,4883.4405,2026-09-11 15:00:00,4959.5,4957.0203,square_off,1570.0,98.40499999998428,40,24.785101250000004,6.0420429005,0.196809215,2.9300643,8.322993380789999,82.27701104629,1389.3179889537257,1.4231899087827553,INDIGO
2026-09-15,SHORT,20,2026-09-15 10:00:00,4891.0,4888.5545,2026-09-15 15:00:00,4777.0,4779.3885,square_off,2280.0,96.67999999999665,40,24.4427725,5.936117002,0.19335886,2.8676331000000004,8.303305655159999,81.74318711716002,2101.576812882843,2.1484121988170553,INDIGO
2026-09-17,LONG,20,2026-09-17 10:45:00,4802.5,4804.9012,2026-09-17 15:00:00,4837.0,4834.5815,square_off,690.0,96.39499999999316,40,24.1729075,5.9186424085,0.192789655,2.88294075,8.30005777143,81.46733808493002,512.1376619150768,0.5331990233368837,INDIGO
2026-09-18,LONG,20,2026-09-18 10:45:00,4936.5,4938.9682,2026-09-18 15:00:00,4962.5,4960.0188,square_off,520.0,98.98999999999432,40,24.800093750000002,6.077978018,0.19797973999999996,2.96338095,8.32967239644,82.36910485444,338.64089514556565,0.34299695649302714,INDIGO
2026-09-21,SHORT,20,2026-09-21 13:30:00,4951.5,4949.0243,2026-09-21 15:00:00,4946.0,4948.473,square_off,110.0,98.97499999999127,40,24.745121250000004,6.0770633115,0.197949945,2.9690838,8.329502386169999,82.31872069267001,-71.29372069266128,-0.0719920435147544,INDIGO
2026-09-22,SHORT,20,2026-09-22 14:00:00,4955.5,4953.0222,2026-09-22 15:00:00,5037.5,5040.0187,square_off,-1640.0,99.92999999998574,40,24.765111250000004,6.1357271739999995,0.19986082,3.0240112499999996,8.340405838919999,82.46511633291999,-1822.3951163329057,-1.8387600810542888,INDIGO
2026-09-23,LONG,19,2026-09-23 10:45:00,5050.0,5052.525,2026-09-23 15:00:00,5037.0,5034.4815,square_off,-247.0,95.82649999999558,40,23.913787125,5.883750891449999,0.19165312349999997,2.8799392499999996,8.293572722691,81.16270311264101,-423.9892031126366,-0.4418855686426645,INDIGO
2026-09-24,SHORT,20,2026-09-24 13:45:00,4915.0,4912.5425,2026-09-24 15:00:00,4882.5,4884.9412,square_off,650.0,97.97499999998763,40,24.562712500000004,6.015655022500001,0.195949675,2.93096475,8.318088845549998,82.02337079304999,470.0016292069624,0.47812983642620793,INDIGO
2026-09-25,LONG,20,2026-09-25 14:15:00,4936.0,4938.468,2026-09-25 15:00:00,4946.0,4943.527,square_off,200.0,98.81999999999607,40,24.717635,6.06754493,0.1976399,2.9630808,8.3277332694,82.2736338994,18.906366100603933,0.019151505369331374,INDIGO
2026-09-28,SHORT,20,2026-09-28 10:30:00,4875.0,4872.5625,2026-09-28 15:00:00,4864.5,4866.9322,square_off,210.0,97.3949999999968,40,24.3628125,5.9800497765,0.194789895,2.9201593499999996,8.311471140870001,81.76928266237,30.8357173376332,0.03162637675654687,INDIGO
2026-09-29,LONG,20,2026-09-29 10:00:00,4884.0,4886.442,2026-09-29 15:00:00,4860.0,4857.57,square_off,-480.0,97.43999999998778,40,24.287850000000002,5.982823368,0.19488023999999998,2.9318652,8.31198664944,81.70940545744001,-659.1494054574277,-0.6748048786419203,INDIGO
2026-09-30,LONG,20,2026-09-30 13:00:00,4995.0,4997.4975,2026-09-30 15:00:00,4972.0,4969.514,square_off,-460.0,99.66999999998734,40,24.84757,6.119745061,0.19934022999999998,2.9984984999999997,8.33743535238,82.50258914338,-642.1725891433673,-0.6428154045479152,INDIGO
2026-08-03,SHORT,78,2026-08-03 10:00:00,1274.9,1274.2626,2026-08-03 15:00:00,1281.8,1282.4409,square_off,-538.1999999999894,99.71129999998584,40,24.848119725000004,6.12228208137,0.19942286909999998,3.0009117059999997,8.3379068910846,82.50864327255461,-720.4199432725298,-0.7244609866560975,JSWSTEEL
2026-08-04,LONG,77,2026-08-04 11:30:00,1292.9,1293.5464,2026-08-04 15:00:00,1287.5,1286.8562,square_off,-415.800000000007,99.34539999999333,40,24.771982812500003,6.09981394253,0.1986910079,2.9880922995000003,8.3337308910774,82.39231095350739,-597.5377109535077,-0.6002188887294622,JSWSTEEL
2026-08-05,SHORT,77,2026-08-05 10:00:00,1286.5,1285.8568,2026-08-05 15:00:00,1322.2,1322.8611,square_off,-2748.9000000000033,100.4349499999912,40,24.752742437500004,6.166748125615001,0.20087127445000003,3.055809141,8.346171492011699,82.52234247057669,-2931.8572924705713,-2.9596633294507613,JSWSTEEL
2026-08-06,SHORT,75,2026-08-06 12:45:00,1316.8,1316.1416,2026-08-06 15:00:00,1315.0,1315.6575,square_off,134.9999999999966,98.6925000000042,40,24.677654999999998,6.05971742775,0.1973849325,2.960229375,8.326278424844999,82.221265160095,-45.91376516010261,-0.04649024418803424,JSWSTEEL
2026-08-07,SHORT,77,2026-08-07 10:30:00,1298.0,1297.351,2026-08-07 15:00:00,1293.4,1294.0467,square_off,354.199999999993,99.76889999999207,40,24.97400675,6.125805023030001,0.1995376229,2.9892478770000004,8.3385616762674,82.6271589491974,171.80394105080353,0.17189676530406775,JSWSTEEL
2026-08-10,LONG,76,2026-08-10 10:00:00,1308.3,1308.9541,2026-08-10 15:00:00,1299.2,1298.5504,square_off,-691.5999999999931,99.08499999998548,40,24.6724576,6.083829616059999,0.19817034579999998,2.984415462,8.330759993134802,82.2696330169948,-872.9546330169734,-0.8779519354334606,JSWSTEEL
2026-08-11,LONG,76,2026-08-11 10:00:00,1302.4,1303.0512,2026-08-11 15:00:00,1279.5,1278.8603,square_off,-1740.400000000007,98.11219999998775,40,24.298344750000005,6.024115795140001,0.19622527020000002,2.9709567360000007,8.319661391761201,81.80930394310123,-1920.3215039430959,-1.9400635910455755,JSWSTEEL
2026-08-12,SHORT,78,2026-08-12 10:00:00,1279.7,1279.0602,2026-08-12 15:00:00,1269.1,1269.7345,square_off,826.8000000000106,99.4032000000011,40,24.941672925,6.10334378862,0.19880598659999998,2.971178847,8.3343869595396,82.5493885067596,644.84741149325,0.6460322346115275,JSWSTEEL
2026-08-13,LONG,78,2026-08-13 11:00:00,1270.9,1271.5354,2026-08-13 15:00:00,1273.5,1272.8633,square_off,202.7999999999929,99.23159999999098,40,24.820833375000003,6.09281712702,0.1984630986,2.975392953,8.3324304406116,82.4199369942316,21.148463005770324,0.02133402636711146,JSWSTEEL
2026-08-14,SHORT,79,2026-08-14 10:15:00,1261.5,1260.8692,2026-08-14 15:00:00,1275.4,1276.0377,square_off,-1098.1000000000072,100.20755000000236,40,24.902167687499997,6.152760425835,0.20041564904999998,3.024209349,8.3435716934793,82.6231248048643,-1280.930674804874,-1.2853200427508682,JSWSTEEL
2026-08-17,LONG,78,2026-08-17 13:00:00,1272.0,1272.636,2026-08-17 15:00:00,1284.4,1283.7578,square_off,967.2000000000071,99.69959999999764,40,25.033277100000003,6.121540593480001,0.1993987164,2.97796824,8.3377690757784,82.6699537256584,784.8304462743511,0.7910321382381381,JSWSTEEL
2026-08-18,SHORT,78,2026-08-18 11:00:00,1276.8,1276.1616,2026-08-18 15:00:00,1271.1,1271.7355,square_off,444.60000000000355,99.36809999998331,40,24.885151200000003,6.1011945153900005,0.1987359777,2.9758611869999996,8.3339874887562,82.49493036884621,262.736969631174,0.2638175663830791,JSWSTEEL
2026-08-19,LONG,78,2026-08-19 10:00:00,1278.7,1279.3394,2026-08-19 15:00:00,1280.3,1279.6598,square_off,124.7999999999929,99.80099999998993,40,24.953367075000003,6.12777948432,0.1996019376,2.993654079,8.3389286559456,82.61333123186559,-57.61433123186261,-0.05776532980397018,JSWSTEEL
2026-08-20,LONG,76,2026-08-20 10:30:00,1299.4,1300.0497,2026-08-20 15:00:00,1292.9,1292.2536,square_off,-494.0,98.50739999999223,40,24.552817450000003,6.048361942900001,0.197015047,2.964113316,8.324167858182001,82.08647561408199,-674.5938756140742,-0.683102601619851,JSWSTEEL
2026-08-21,SHORT,77,2026-08-21 10:45:00,1287.4,1286.7563,2026-08-21 15:00:00,1287.7,1288.3438,square_off,-23.0999999999965,99.14134999998328,40,24.770058775000006,6.087279244585001,0.19828271155,2.9760742935,8.3314011521043,82.36309617673932,-204.60444617671908,-0.20640054370806665,JSWSTEEL
2026-08-24,LONG,76,2026-08-24 10:30:00,1308.5,1309.1542,2026-08-24 15:00:00,1321.1,1320.4394,square_off,957.5999999999931,99.9247999999734,40,25.088349550000004,6.13536802084,0.19984912119999998,2.9848716899999994,8.3403390855672,82.74877746760721,774.9264225324125,0.7792434311409333,JSWSTEEL
2026-08-25,SHORT,76,2026-08-25 10:15:00,1313.9,1313.2431,2026-08-25 15:00:00,1316.6,1317.2583,square_off,-205.19999999998618,99.95899999997346,40,24.951617950000003,6.13748574982,0.19991810259999998,3.0033489239999995,8.340732693435601,82.63310341985559,-387.79210341981525,-0.38834977369484097,JSWSTEEL
2026-08-26,LONG,75,2026-08-26 13:30:00,1326.2,1326.8631,2026-08-26 15:00:00,1338.2,1337.5309,square_off,900.0,99.91499999998723,40,25.078704375000004,6.134767185000001,0.19982955000000002,2.985441975,8.340227412299999,82.7389704973,717.3460295027128,0.7212044734355932,JSWSTEEL
2026-08-27,SHORT,74,2026-08-27 14:30:00,1333.9,1333.2331,2026-08-27 15:00:00,1335.8,1336.4679,square_off,-140.5999999999899,98.77889999998024,40,24.664811425000003,6.06502661821,0.1975578703,2.9669587379999998,8.327265207931799,82.22161985944182,-321.600519859412,-0.3258080044286029,JSWSTEEL
2026-08-28,SHORT,75,2026-08-28 10:00:00,1330.9,1330.2346,2026-08-28 15:00:00,1322.9,1323.5614,square_off,600.0,99.5174999999847,40,24.941897812500002,6.110365290000001,0.1990347,2.9780132625,8.335691998199998,82.56500306320001,417.91749693681527,0.4186815908400985,JSWSTEEL
2026-09-01,SHORT,76,2026-09-01 14:15:00,1310.5,1309.8448,2026-09-01 15:00:00,1310.0,1310.655,square_off,38.0,99.57899999999972,40,24.88705025,6.1141500167,0.19915798099999998,2.9882934,8.336395439586,82.525047087286,-144.10404708728572,-0.1446856835350968,JSWSTEEL
2026-09-02,SHORT,76,2026-09-02 14:15:00,1299.8,1299.1501,2026-09-02 15:00:00,1302.1,1302.751,square_off,-174.79999999999654,98.87219999998706,40,24.6838519,6.07075576318,0.1977444874,2.9702723939999998,8.328330045104398,82.25095458968441,-355.923154589668,-0.36030153889026245,JSWSTEEL
2026-09-03,SHORT,76,2026-09-03 10:15:00,1311.0,1310.3445,2026-09-03 15:00:00,1300.9,1301.5504,square_off,767.5999999999931,99.25219999997807,40,24.896545500000006,6.0940732973400005,0.19850401620000002,2.967535026,8.3326639164372,82.4893217559772,585.8584782440378,0.587998793853665,JSWSTEEL
2026-09-04,SHORT,76,2026-09-04 12:15:00,1300.3,1299.6498,2026-09-04 15:00:00,1329.3,1329.9646,square_off,-2204.0,99.92479999999068,40,24.69334715,6.1354165514000005,0.199850702,3.0323194019999997,8.340348105612001,82.401281911012,-2386.326081911003,-2.414752548916852,JSWSTEEL
2026-09-07,SHORT,76,2026-09-07 10:45:00,1309.4,1308.7453,2026-09-07 15:00:00,1303.0,1303.6515,square_off,486.4000000000069,99.27119999998195,40,24.866160700000005,6.095244213760001,0.1985421568,2.9723254199999998,8.3328815467008,82.46515403726082,304.6636459627641,0.30615031187723996,JSWSTEEL
2026-09-08,LONG,76,2026-09-08 10:15:00,1309.0,1309.6545,2026-09-08 15:00:00,1301.7,1301.0492,square_off,-554.7999999999965,99.20659999998952,40,24.71993385,6.09129375618,0.19841347739999998,2.9860122599999994,8.3321473020444,82.3278006456244,-736.3344006456105,-0.7401535931864526,JSWSTEEL
2026-09-09,SHORT,77,2026-09-09 10:00:00,1291.8,1291.1541,2026-09-09 15:00:00,1309.3,1309.9546,square_off,-1347.5,100.14234999999462,40,24.854716425,6.1487609741250004,0.20028537374999997,3.0259952414999995,8.3428283426175,82.57258635699249,-1530.2149363569872,-1.5383899405008086,JSWSTEEL
2026-09-10,LONG,76,2026-09-10 10:30:00,1309.7,1310.3548,2026-09-10 15:00:00,1295.5,1294.8523,square_off,-1079.2000000000035,98.9975999999815,40,24.602192750000004,6.07846920572,0.1979957396,2.987609058,8.3297636901576,82.19603044347761,-1260.3936304434626,-1.2662538532764258,JSWSTEEL
2026-09-11,LONG,77,2026-09-11 10:45:00,1285.3,1285.9426,2026-09-11 15:00:00,1271.8,1271.1641,square_off,-1039.5,98.44834999999966,40,24.469908925,6.044744646325,0.19689721974999996,2.9705275214999998,8.3234955358935,82.0055738484685,-1219.953923848468,-1.232673885674746,JSWSTEEL
2026-09-15,SHORT,79,2026-09-15 10:30:00,1251.7,1251.0742,2026-09-15 15:00:00,1238.9,1239.5194,square_off,1011.1999999999964,98.37869999998543,40,24.708714462500005,6.040436658080001,0.1967568944,2.9376610965000003,8.322694839446399,82.2062639509264,830.6150360490846,0.8399867684243955,JSWSTEEL
2026-09-16,LONG,80,2026-09-16 10:45:00,1241.0,1241.6205,2026-09-16 15:00:00,1247.3,1246.6764,square_off,503.99999999999636,99.53199999999924,40,24.933526999999998,6.1112570636,0.19906374799999998,2.9798892,8.335857746088,82.55959475768799,321.90840524230913,0.32424295451481583,JSWSTEEL
2026-09-17,LONG,79,2026-09-17 10:15:00,1254.9,1255.5274,2026-09-17 15:00:00,1251.8,1251.1741,square_off,-244.90000000001078,99.01464999999644,40,24.710688474999998,6.0795032692149995,0.19802942245,2.9756000565000003,8.3299558844997,82.2937771076647,-426.2084271076719,-0.4299181911793586,JSWSTEEL
2026-09-21,SHORT,78,2026-09-21 12:45:00,1270.9,1270.2646,2026-09-21 15:00:00,1270.2,1270.8351,square_off,54.60000000000355,99.10289999999668,40,24.770158725,6.0849172218900005,0.1982057727,2.973754134,8.330962139026202,82.3579979926162,-126.86089799260934,-0.12797401598363498,JSWSTEEL
2026-09-23,LONG,77,2026-09-23 11:45:00,1294.0,1294.647,2026-09-23 15:00:00,1293.2,1292.5534,square_off,-61.5999999999965,99.60719999999765,40,24.88165295,6.11588302556,0.19921443079999998,2.9906345699999997,8.3367175421448,82.52410251850479,-243.73130251849892,-0.2446168153902115,JSWSTEEL
2026-09-24,SHORT,77,2026-09-24 11:45:00,1282.1,1281.459,2026-09-24 15:00:00,1276.0,1276.638,square_off,469.699999999993,98.48684999999,40,24.6680847875,6.047085380105,0.19697346514999997,2.9490337799999997,8.3239305921459,82.18510800490088,289.0280419951021,0.29277052765005274,JSWSTEEL
2026-09-25,LONG,77,2026-09-25 10:15:00,1287.7,1288.3438,2026-09-25 15:00:00,1273.3,1272.6634,square_off,-1108.800000000007,98.59849999998823,40,24.498769487500002,6.05396492008,0.19719755439999997,2.9760742935,8.3252092454064,82.05121550088641,-1289.4497155008817,-1.300465962670665,JSWSTEEL
2026-09-28,SHORT,79,2026-09-28 13:15:00,1259.7,1259.0702,2026-09-28 15:00:00,1258.5,1259.1292,square_off,94.80000000000359,99.46889999999917,40,24.8666354625,6.10738900482,0.1989377526,2.9841363225,8.3351388163356,82.4922373587556,-87.16113735875118,-0.0875847849636202,JSWSTEEL
2026-09-29,LONG,79,2026-09-29 11:45:00,1259.4,1260.0297,2026-09-29 15:00:00,1263.2,1262.5684,square_off,300.1999999999964,99.64269999999146,40,24.9357259,6.11805717193,0.19928524990000002,2.9862703890000004,8.3371216359294,82.5764603467594,117.98083965324554,0.11858252739725922,JSWSTEEL
2026-09-30,LONG,78,2026-09-30 13:15:00,1275.2,1275.8376,2026-09-30 15:00:00,1261.9,1261.2691,square_off,-1037.3999999999965,98.94690000000037,40,24.594746475000004,6.075355584090001,0.19789431870000002,2.9854599840000002,8.329184982502198,82.18264134429221,-1218.529541344289,-1.2250763493552435,JSWSTEEL
2026-08-03,LONG,380,2026-08-03 10:00:00,262.45,262.5812,2026-08-03 15:00:00,262.35,262.2188,square_off,-37.99999999998704,99.71199999998362,40,24.910788375000003,6.1223173833,0.199424019,2.9934259649999997,8.337913452414,82.56386919471402,-220.27586919468467,-0.22087000952029429,JIOFIN
2026-08-04,LONG,375,2026-08-04 10:15:00,266.0,266.133,2026-08-04 15:00:00,266.1,265.967,square_off,37.50000000000853,99.76874999998131,40,24.934401562500007,6.125800674375001,0.19953748125000004,2.99399625,8.3385608680125,82.5922968361375,-144.8610468361103,-0.14522410710386996,JIOFIN
2026-08-05,SHORT,378,2026-08-05 10:30:00,264.05,263.918,2026-08-05 15:00:00,261.65,261.7808,square_off,907.2000000000129,99.35729999998398,40,24.9402486375,6.1005242944799996,0.19871414639999996,2.9685945554999993,8.333862919358399,82.5419445532384,725.3007554467905,0.7266748976783001,JIOFIN
2026-08-06,SHORT,381,2026-08-06 10:00:00,262.4,262.2688,2026-08-06 15:00:00,264.55,264.6823,square_off,-819.150000000013,100.38397499998905,40,24.981103200000003,6.1635886389525005,0.200768359575,3.02531840325,8.34558425973495,82.71636286151245,-1002.2503378615146,-1.0025069796483046,JIOFIN
2026-08-07,SHORT,384,2026-08-07 10:15:00,260.0,259.87,2026-08-07 15:00:00,258.15,258.2791,square_off,710.4000000000087,99.48479999999836,40,24.94752,6.1083558153599995,0.1989692448,2.975374944,8.335318510828799,82.56553851498879,528.3496614850216,0.5291963756861193,JIOFIN
2026-08-10,SHORT,392,2026-08-10 13:30:00,255.0,254.8725,2026-08-10 15:00:00,254.2,254.3271,square_off,313.60000000000446,99.80319999999301,40,24.977505,6.12791166624,0.19960624319999998,2.990886696,8.3389532236992,82.6348628291392,131.16193717087225,0.13121442294004826,JIOFIN
2026-08-12,SHORT,401,2026-08-12 10:00:00,249.1,248.9754,2026-08-12 15:00:00,254.15,254.2771,square_off,-2025.0500000000045,100.90162499999599,40,24.959788862499998,6.1953908595175005,0.20180426252499997,3.05895321225,8.35149512196765,82.76743231876016,-2208.719057318761,-2.211171246230831,JIOFIN
2026-08-13,SHORT,390,2026-08-13 12:00:00,255.9,255.772,2026-08-13 15:00:00,255.6,255.7278,square_off,117.00000000000443,99.74249999999131,40,24.937774875,6.12418770405,0.19948494149999998,2.9920152599999996,8.338261076199,82.59172385674901,-65.33422385673589,-0.06546449820817014,JIOFIN
2026-08-14,SHORT,396,2026-08-14 10:30:00,251.95,251.824,2026-08-14 15:00:00,250.3,250.4252,square_off,653.399999999991,99.44549999998947,40,24.930578475000004,6.105943670310001,0.1988906733,2.9750507820000003,8.3348701818498,82.54533378245979,471.4091662175417,0.4724854881595692,JIOFIN
2026-08-17,LONG,401,2026-08-17 13:00:00,248.8,248.9244,2026-08-17 15:00:00,249.45,249.3253,square_off,260.6499999999909,99.8991249999855,40,24.99485881875,6.1338022740225,0.199798119675,2.994560532,8.34004807086555,82.66306781531304,78.08780718469234,0.07826876456837442,JIOFIN
2026-08-18,SHORT,405,2026-08-18 11:00:00,246.35,246.2268,2026-08-18 15:00:00,246.45,246.5732,square_off,-40.4999999999977,99.79199999998613,40,24.930466031250003,6.1272294216750005,0.19958402025,2.99586468375,8.3388264195465,82.59197057647151,-222.88397057645534,-0.22339386707806103,JIOFIN
2026-08-19,SHORT,410,2026-08-19 10:45:00,243.85,243.7281,2026-08-19 15:00:00,242.45,242.5712,square_off,574.0000000000023,99.69149999998251,40,24.9821276875,6.1210492891,0.199382713,2.9836260675,8.337677760378,82.623863517478,391.68463648254175,0.3917688667889014,JIOFIN
2026-08-20,LONG,407,2026-08-20 10:00:00,245.0,245.1225,2026-08-20 15:00:00,244.85,244.7276,square_off,-61.05000000000231,99.68447499998638,40,24.901030756249998,6.120627702117499,0.19936898052499996,2.992945725,8.33759940287565,82.55157256676814,-243.28604756675685,-0.24398139454119924,JIOFIN
2026-08-21,SHORT,409,2026-08-21 14:00:00,243.95,243.828,2026-08-21 15:00:00,243.8,243.9219,square_off,61.3499999999907,99.74487499998949,40,24.93141555625,6.1243343832775,0.19948971932499998,2.992921713,8.33828833846845,82.58644971032095,-120.98132471031974,-0.1212534781420095,JIOFIN
2026-08-24,SHORT,410,2026-08-24 11:00:00,243.5,243.3782,2026-08-24 15:00:00,242.6,242.7213,square_off,369.00000000000233,99.6504999999928,40,24.946270625,6.11853503585,0.1993008155,2.9854719899999997,8.337210453243,82.58678891959299,186.76271108041652,0.18707137885552813,JIOFIN
2026-08-25,SHORT,415,2026-08-25 10:00:00,240.9,240.7796,2026-08-25 15:00:00,242.45,242.5712,square_off,-643.249999999993,100.29512499998262,40,24.980878312500003,6.158130548887501,0.200590571625,3.0200117512499998,8.344569801692248,82.70418098595475,-826.2493059859303,-0.8264683200907542,JIOFIN
2026-08-26,SHORT,411,2026-08-26 11:30:00,243.2,243.0784,2026-08-26 15:00:00,242.5,242.6212,square_off,287.6999999999953,99.81134999997838,40,24.976305600000003,6.128412473805,0.19962255615,2.9915200124999997,8.3390463053919,82.63490694784691,105.25374305217004,0.10530091786337284,JIOFIN
2026-08-27,SHORT,415,2026-08-27 10:00:00,240.7,240.5796,2026-08-27 15:00:00,239.15,239.2696,square_off,643.249999999993,99.568874999988,40,24.960138687500002,6.113519051112501,0.199137428375,2.9789062087500002,8.33627816630775,82.58797954204526,461.0931454579597,0.46159859592049257,JIOFIN
2026-08-28,LONG,418,2026-08-28 11:00:00,238.9,239.0194,2026-08-28 15:00:00,238.25,238.1309,square_off,-271.7000000000024,99.72434999999888,40,24.8846764375,6.123079260595,0.19944883585,2.997303903,8.3380550573601,82.54256349430511,-453.96691349430637,-0.4546024477162136,JIOFIN
2026-08-31,LONG,419,2026-08-31 13:30:00,238.2,238.3191,2026-08-31 15:00:00,237.5,237.3812,square_off,-293.29999999999524,99.65914999997986,40,24.865685937500004,6.119076312155,0.19931844664999998,2.995671087,8.337311056584898,82.5170628398899,-475.476212839865,-0.47640138432823054,JIOFIN
2026-09-01,SHORT,421,2026-09-01 10:00:00,237.28,237.1614,2026-09-01 15:00:00,235.92,236.038,square_off,572.5600000000057,99.60859999999221,40,24.96123314,6.115959251204,0.19921691372,2.9811594347999995,8.336731709686319,82.59430044941033,390.35709955060327,0.3907678747405305,JIOFIN
2026-09-02,LONG,423,2026-09-02 10:15:00,235.73,235.8479,2026-09-02 15:00:00,235.69,235.5722,square_off,-16.919999999996634,99.7053299999929,40,24.91175539125,6.121907521722,0.19941066846,2.99290940685,8.33783727423276,82.56382026251475,-199.18915026250428,-0.1997608858940216,JIOFIN
2026-09-03,LONG,419,2026-09-03 10:00:00,237.97,238.089,2026-09-03 15:00:00,237.23,237.1114,square_off,-310.0600000000038,99.55439999998234,40,24.837417578750003,6.112644919421,0.19910895502999998,2.99277854145,8.33611569740118,82.47806569205218,-492.09246569203833,-0.49352650565953327,JIOFIN
2026-09-04,LONG,415,2026-09-04 14:15:00,240.25,240.3701,2026-09-04 15:00:00,239.54,239.4202,square_off,-294.6500000000033,99.55642499998405,40,24.8398488625,6.1127690178775,0.19911299732499999,2.99260805625,8.33613876273645,82.48047769668895,-476.68690269667627,-0.4781032836745622,JIOFIN
2026-09-07,SHORT,422,2026-09-07 10:15:00,236.6,236.4817,2026-09-07 15:00:00,234.47,234.5872,square_off,898.8599999999981,99.39576999998746,40,24.94881935,6.102886480499,0.19879109057,2.9698743950999997,8.33430196279242,82.55467327896143,716.9095567210492,0.7180210533115755,JIOFIN
2026-09-08,SHORT,429,2026-09-08 14:00:00,232.83,232.7136,2026-09-08 15:00:00,233.24,233.3566,square_off,-175.88999999999854,99.97201499998823,40,24.958531991250002,6.1382844209115,0.199944117945,3.0032996994,8.34088113699417,82.64094136650067,-358.5029563664874,-0.35891905122256973,JIOFIN
2026-09-10,LONG,430,2026-09-10 10:45:00,231.93,232.046,2026-09-10 15:00:00,230.37,230.2548,square_off,-670.800000000001,99.39449999999368,40,24.7523926125,6.102832596780001,0.1987893354,2.9933929485,8.334291947792401,82.3816994409724,-852.576199440967,-0.8548852444863244,JIOFIN
2026-09-11,LONG,437,2026-09-11 10:15:00,228.3,228.4142,2026-09-11 15:00:00,229.29,229.1754,square_off,432.6299999999916,99.98341499999606,40,25.03740753375,6.1389750401295,0.19996661368500002,2.9945095065,8.34100949768661,82.71186819175111,249.93471680824442,0.25051817363463946,JIOFIN
2026-09-15,SHORT,435,2026-09-15 12:30:00,229.75,229.6351,2026-09-15 15:00:00,226.85,226.9634,square_off,1261.5000000000025,99.31049999998336,40,24.972819843750003,6.097645335975001,0.19862036924999998,2.96187269625,8.3333278269405,82.5642860721655,1079.6252139278536,1.0802598665994807,JIOFIN
2026-09-16,SHORT,443,2026-09-16 13:45:00,225.38,225.2673,2026-09-16 15:00:00,225.22,225.3326,square_off,70.87999999999849,99.8078999999893,40,24.948354582500002,6.128203971992,0.19961576456,2.9946703868999998,8.33900755257936,82.60985225853135,-111.53775225852216,-0.11171276147064206,JIOFIN
2026-09-17,LONG,435,2026-09-17 10:15:00,229.24,229.3546,2026-09-17 15:00:00,229.0,228.8855,square_off,-104.40000000000396,99.66719999998531,40,24.891298125000002,6.11956768254,0.19933445219999998,2.9930777909999997,8.337402384253199,82.5406804349932,-286.60788043498246,-0.2874143651435753,JIOFIN
2026-09-21,SHORT,434,2026-09-21 10:30:00,230.14,230.0249,2026-09-21 15:00:00,231.23,231.3456,square_off,-473.0600000000015,100.11728999998508,40,24.957704905000003,6.147208867471,0.20023481653,3.0121199073,8.34253986312018,82.65980835942118,-655.8370983594077,-0.6566200521095432,JIOFIN
2026-09-22,SHORT,433,2026-09-22 11:45:00,230.63,230.5147,2026-09-22 15:00:00,230.05,230.165,square_off,251.1399999999931,99.73721999998077,40,24.95321465125,6.123861453001,0.19947431443,2.98984367475,8.33820043813758,82.60459453156858,68.79818546844376,0.06889271316017083,JIOFIN
2026-09-23,LONG,430,2026-09-23 10:00:00,232.2,232.3161,2026-09-23 15:00:00,231.53,231.4142,square_off,-288.0999999999946,99.70194999998739,40,24.8770302625,6.121704152335,0.19940404405,2.99687769,8.3377994753493,82.5328156242343,-470.3347656242163,-0.4710601983296439,JIOFIN
2026-09-24,SHORT,437,2026-09-24 13:30:00,228.61,228.4957,2026-09-24 15:00:00,227.26,227.3736,square_off,589.9500000000099,99.60759499998855,40,24.963154678750005,6.1158972772675,0.199214895025,2.9808682893,8.336720191012649,82.59585533135515,407.7465496686662,0.408144204567176,JIOFIN
2026-09-25,SHORT,442,2026-09-25 13:00:00,226.11,225.9969,2026-09-25 15:00:00,226.75,226.8634,square_off,-282.87999999999397,100.08205999998455,40,24.972662422500004,6.145042826208001,0.20016426144,3.0082083525,8.34213727577664,82.66821513842464,-465.63027513840314,-0.46590693067383715,JIOFIN
2026-09-28,SHORT,450,2026-09-28 13:00:00,221.94,221.829,2026-09-28 15:00:00,220.29,220.4001,square_off,742.5000000000025,99.50174999998609,40,24.955765875,6.109396052625,0.19900312874999998,2.9754019574999995,8.3355118526475,82.57507886652249,560.423171133494,0.5611358136167872,JIOFIN
2026-09-29,SHORT,463,2026-09-29 10:15:00,215.87,215.7621,2026-09-29 15:00:00,218.85,218.9594,square_off,-1379.7399999999952,100.63767999999311,40,24.97445902375,6.179174731009001,0.20127604986999997,3.04134641325,8.348481140558219,82.74473735843722,-1563.1224173584255,-1.5639386369330408,JIOFIN
2026-09-30,SHORT,459,2026-09-30 10:45:00,217.5,217.3912,2026-09-30 15:00:00,216.2,216.3081,square_off,596.7000000000053,99.5341499999841,40,24.9456459375,6.111387650655,0.19906800165,2.9785625369999997,8.3358820174149,82.57054614421992,414.59530385580126,0.41529091614033636,JIOFIN
2026-08-03,SHORT,255,2026-08-03 10:15:00,392.1,391.904,2026-08-03 15:00:00,394.35,394.5472,square_off,-573.75,100.27237499997852,40,24.983876812500004,6.1567326320625,0.20054503687499997,3.01828588875,8.344309980408749,82.70375035059625,-756.7261253505748,-0.7568358665512247,KOTAKBANK
2026-08-04,SHORT,254,2026-08-04 12:00:00,393.5,393.3033,2026-08-04 15:00:00,394.15,394.3471,square_off,-165.09999999999422,100.03154999998367,40,24.974756375000005,6.141939704285001,0.20006318255,3.0049247114999997,8.341560519630299,82.66324449296528,-347.7947944929432,-0.3479722603457195,KOTAKBANK
2026-08-06,LONG,250,2026-08-06 10:45:00,398.2,398.3991,2026-08-06 15:00:00,394.7,394.5026,square_off,-875.0,99.11249999998972,40,24.656415625,6.0855209312500005,0.1982254375,2.9879932499999997,8.331074346375,82.259229590125,-1056.3717295901147,-1.0611468905978048,KOTAKBANK
2026-08-07,SHORT,254,2026-08-07 10:00:00,392.6,392.4037,2026-08-07 15:00:00,389.25,389.4446,square_off,850.9000000000058,99.29494999998087,40,24.917634950000004,6.096696868685001,0.19858947455,2.9675680425,8.3331515417823,82.51364087751732,669.0914091225076,0.6709674340681621,KOTAKBANK
2026-08-11,SHORT,257,2026-08-11 12:15:00,388.7,388.5056,2026-08-11 15:00:00,391.45,391.6457,square_off,-706.75,100.24927499999166,40,24.961488012500002,6.1553163336125,0.20049890337499998,3.0195885397499995,8.34404674265775,82.68093853189526,-889.6802135318869,-0.890607335768422,KOTAKBANK
2026-08-12,SHORT,257,2026-08-12 10:00:00,389.05,388.8555,2026-08-12 15:00:00,394.1,394.297,square_off,-1297.8500000000029,100.63477499999715,40,24.983964268750004,6.1789951069975,0.201270198925,3.0400302555,8.34844775506605,82.75270758523855,-1481.2374825852385,-1.4814471073509285,KOTAKBANK
2026-08-13,SHORT,257,2026-08-13 10:15:00,388.65,388.4557,2026-08-13 15:00:00,391.0,391.1955,square_off,-603.9500000000058,100.18502499999317,40,24.95827711875,6.1513698056325,0.200370351975,3.016117305,8.34331322836935,82.66944780972685,-786.8044728097259,-0.7877257180369702,KOTAKBANK
2026-08-14,SHORT,256,2026-08-14 12:00:00,390.5,390.3048,2026-08-14 15:00:00,393.5,393.6967,square_off,-768.0,100.3519999999844,40,24.979504000000002,6.1616245888000005,0.20070438399999999,3.02359104,8.345219215103999,82.710643227904,-951.0626432278884,-0.9513670806937105,KOTAKBANK
2026-08-17,LONG,253,2026-08-17 13:00:00,394.35,394.5472,2026-08-17 15:00:00,395.6,395.4022,square_off,316.25,99.9286749999826,40,25.00918915,6.1356157905625,0.199857191875,2.99461305825,8.34038513683875,82.67966032752624,133.64166467249117,0.13394901067749065,KOTAKBANK
2026-08-18,SHORT,256,2026-08-18 10:00:00,390.0,389.805,2026-08-18 15:00:00,389.6,389.7948,square_off,102.39999999999418,99.78879999999481,40,24.94752,6.12703074816,0.1995775488,2.993624064,8.3387894934528,82.6065418544128,-79.99534185441343,-0.08012353951764165,KOTAKBANK
2026-08-19,LONG,256,2026-08-19 10:00:00,388.8,388.9944,2026-08-19 15:00:00,391.85,391.6541,square_off,780.8000000000029,99.92319999999017,40,25.065860800000003,6.135272494720001,0.19984600959999999,2.987476992,8.340321330777599,82.72877762709759,598.1480223729152,0.6009556873441871,KOTAKBANK
2026-08-20,LONG,251,2026-08-20 11:15:00,396.7,396.8984,2026-08-20 15:00:00,398.65,398.4507,square_off,489.44999999999715,99.8164249999981,40,25.00277985625,6.1287209819425,0.19963260527499999,2.9886445755,8.33910364569915,82.65888166466665,306.9746933353324,0.3082951213400318,KOTAKBANK
2026-08-24,SHORT,248,2026-08-24 10:00:00,402.0,401.799,2026-08-24 15:00:00,398.65,398.8493,square_off,830.8000000000056,99.28059999998823,40,24.911538,6.09581608722,0.19856078459999998,2.967438978,8.3329878369276,82.50634168674762,649.0130583132698,0.6509920742188953,KOTAKBANK
2026-08-26,LONG,243,2026-08-26 10:00:00,409.65,409.8548,2026-08-26 15:00:00,416.55,416.3417,square_off,1676.7000000000082,100.38329999998274,40,25.292759793750005,6.163508882655,0.20076576164999999,2.98784167425,8.3455694359749,82.99044554827991,1493.3262544517456,1.5001526993099557,KOTAKBANK
2026-08-27,LONG,234,2026-08-27 13:15:00,426.6,426.8133,2026-08-27 15:00:00,425.35,425.1373,square_off,-292.5,99.6781499999986,40,24.870533512500003,6.1202428998750005,0.19935644624999999,2.996229366,8.3375278823025,82.52389010692748,-474.70204010692606,-0.4755370832250692,KOTAKBANK
2026-09-01,LONG,233,2026-09-01 11:30:00,428.2,428.4141,2026-09-01 15:00:00,425.45,425.2373,square_off,-640.75,99.45022499998862,40,24.77007126875,6.1062536505125,0.19890077037499998,2.9946145589999995,8.33492779575975,82.40476804439726,-822.604993044386,-0.8244963877579028,KOTAKBANK
2026-09-02,SHORT,237,2026-09-02 10:45:00,421.55,421.3392,2026-09-02 15:00:00,422.25,422.4611,square_off,-165.8999999999973,99.99029999998504,40,24.964349081250003,6.139406966565,0.19998068295,3.00369859875,8.3410897769127,82.64852510642771,-348.53882510641006,-0.34886204579183616,KOTAKBANK
2026-09-03,SHORT,235,2026-09-03 11:15:00,424.15,423.9379,2026-09-03 15:00:00,422.9,423.1114,square_off,293.75,99.52837499998282,40,24.90635309375,6.111037715937499,0.19905660312499998,2.9829357224999993,8.33581697743125,82.53520011274375,111.68642488727343,0.1120503082633587,KOTAKBANK
2026-09-04,LONG,235,2026-09-04 10:15:00,424.6,424.8123,2026-09-04 15:00:00,423.7,423.4882,square_off,-211.50000000000801,99.67524999998602,40,24.8799288125,6.120063596525,0.19935060575,2.994926715,8.3374945564095,82.5317642861845,-393.70701428617855,-0.3945711250500381,KOTAKBANK
2026-09-07,SHORT,237,2026-09-07 10:00:00,421.3,421.0894,2026-09-07 15:00:00,422.75,422.9614,square_off,-343.6499999999973,100.01992499999108,40,24.9495439875,6.1412286700275,0.200040021825,3.00725537625,8.34142836453345,82.63949642013594,-526.3094214201243,-0.5271101016645527,KOTAKBANK
2026-09-08,SHORT,237,2026-09-08 10:00:00,420.55,420.3397,2026-09-08 15:00:00,420.5,420.7102,square_off,11.850000000002694,99.66442499998601,40,24.90512870625,6.1193955131025,0.199328844075,2.9912498775,8.33737038429195,82.55247332521944,-170.36689832520275,-0.17093037029086658,KOTAKBANK
2026-09-09,SHORT,240,2026-09-09 10:00:00,415.85,415.6421,2026-09-09 15:00:00,415.35,415.5577,square_off,120.0,99.74399999999605,40,24.938524500000003,6.124279758,0.19948794000000003,2.99201526,8.33827818564,82.59258564364,-62.336585643636056,-0.06245900529401231,KOTAKBANK
2026-09-10,SHORT,242,2026-09-10 13:00:00,413.0,412.7935,2026-09-10 15:00:00,415.3,415.5076,square_off,-556.6000000000028,100.22430000000156,40,24.97400675,6.153780563810001,0.20044887830000002,3.0165855390000003,8.3437612995798,82.6885830306898,-739.5128830306941,-0.7399124357459969,KOTAKBANK
2026-09-11,LONG,241,2026-09-11 10:00:00,413.3,413.5066,2026-09-11 15:00:00,417.75,417.5411,square_off,1072.4499999999973,100.14152499998687,40,25.15685278125,6.1486731728925,0.200282513775,2.9896530795,8.34281202360015,82.83827357101764,889.4702014289928,0.892994852110272,KOTAKBANK
2026-09-15,SHORT,242,2026-09-15 10:45:00,411.95,411.744,2026-09-15 15:00:00,413.75,413.9569,square_off,-435.60000000000275,99.90969999998424,40,24.910513512500003,6.13446226646,0.19981961779999996,3.0053269124999997,8.340170739166801,82.59029304842682,-618.0999930484138,-0.6200102446120636,KOTAKBANK
2026-09-16,LONG,240,2026-09-16 12:00:00,414.7,414.9073,2026-09-16 15:00:00,416.15,415.9419,square_off,347.99999999999727,99.70199999997931,40,24.956515500000002,6.1216974582,0.199403826,2.98733292,8.337798231156,82.60274793535599,165.695252064662,0.16648104258566634,KOTAKBANK
2026-09-17,LONG,239,2026-09-17 10:15:00,417.1,417.3086,2026-09-17 15:00:00,415.75,415.5421,square_off,-322.65000000000543,99.52557500000091,40,24.82864196875,6.110875257677501,0.19905131132499998,2.9921023035000003,8.335786782420449,82.46645762367294,-504.64203262367926,-0.5062270294528962,KOTAKBANK
2026-09-18,LONG,238,2026-09-18 14:15:00,418.65,418.8593,2026-09-18 15:00:00,418.55,418.3407,square_off,-23.799999999991883,99.62679999999273,40,24.8912731375,6.11708588533,0.19925361189999996,2.9906555805,8.3369411095014,82.53520932473141,-205.962009324716,-0.2067088483939634,KOTAKBANK
2026-09-21,LONG,238,2026-09-21 11:15:00,418.7,418.9093,2026-09-21 15:00:00,416.05,415.842,square_off,-630.6999999999946,99.33524999998474,40,24.742597512500005,6.099194031245,0.19867081534999997,2.9910127589999997,8.3336156723871,82.3650907904821,-812.4003407904614,-0.8152488201681289,KOTAKBANK
2026-09-22,SHORT,241,2026-09-22 11:00:00,414.35,414.1428,2026-09-22 15:00:00,413.1,413.3066,square_off,301.25,99.70772499998617,40,24.952105206250007,6.122049690812501,0.19941529937500002,2.9882063565000005,8.33786369823375,82.59964025117127,118.94263474884256,0.11911135598459473,KOTAKBANK
2026-09-23,LONG,239,2026-09-23 10:00:00,416.45,416.6582,2026-09-23 15:00:00,411.6,411.3942,square_off,-1159.149999999992,98.95197499998187,40,24.580803450000005,6.075669057952501,0.197904529575,2.98743947325,8.329243245754949,82.17105975653246,-1340.2730347565061,-1.3465810938908378,KOTAKBANK
2026-09-25,SHORT,247,2026-09-25 10:00:00,404.5,404.2978,2026-09-25 15:00:00,401.9,402.1009,square_off,642.2000000000056,99.59039999999254,40,24.965386062500002,6.11484070223,0.1991804789,2.9795680395,8.3365238126034,82.5954990957334,460.01410090427964,0.46042157399726724,KOTAKBANK
2026-09-28,LONG,248,2026-09-28 14:30:00,402.55,402.7513,2026-09-28 15:00:00,402.65,402.4487,square_off,24.79999999999154,99.84479999998757,40,24.95181785,6.13047033932,0.1996895876,2.9964694859999996,8.339428786845598,82.6178760497656,-157.66267604976161,-0.15792736230899146,KOTAKBANK
2026-09-29,LONG,248,2026-09-29 11:00:00,401.35,401.5507,2026-09-29 15:00:00,407.35,407.1463,square_off,1488.0,100.2787999999914,40,25.243072150000003,6.1570954792000006,0.200556856,2.987537022,8.344377420336002,82.932638927536,1304.7885610724725,1.310886806496293,KOTAKBANK
2026-09-30,LONG,242,2026-09-30 10:00:00,412.2,412.4061,2026-09-30 15:00:00,415.5,415.2923,square_off,798.6000000000028,100.15169999999227,40,25.125181125000005,6.149302121490001,0.2003030007,2.994068286,8.3429289219942,82.81178345518421,615.6365165448262,0.617164616134375,KOTAKBANK
2026-08-03,LONG,25,2026-08-03 12:00:00,3995.0,3996.9975,2026-08-03 15:00:00,4005.7,4003.6972,square_off,267.49999999999545,100.00874999999496,40,25.0231071875,6.140533143875,0.20001736625,2.997748125,8.3412990918225,82.70270491444751,84.78854508555298,0.0848946634148215,LT
2026-08-04,LONG,24,2026-08-04 11:30:00,4036.0,4038.018,2026-08-04 15:00:00,4002.8,4000.7986,square_off,-796.7999999999956,96.46559999998135,40,24.004791600000004,5.923000070880001,0.1929315984,2.9073729599999996,8.300867700470398,81.32896392975039,-974.5945639297274,-1.0061473446582088,LT
2026-08-05,SHORT,24,2026-08-05 14:30:00,4039.5,4037.4802,2026-08-05 15:00:00,4045.0,4047.0225,square_off,-132.0,97.0139999999883,40,24.2248815,5.956661626200001,0.194028066,2.9138561999999997,8.307124144596001,81.596551536796,-310.6105515367843,-0.32038881827039684,LT
2026-08-06,LONG,24,2026-08-06 12:00:00,4067.5,4069.5337,2026-08-06 15:00:00,4056.5,4054.4718,square_off,-264.0,97.48799999998664,40,24.3268305,5.9857672524000005,0.194976132,2.9300643,8.312533809192,81.75017199359199,-443.23817199357865,-0.4540444294136229,LT
2026-08-07,SHORT,24,2026-08-07 10:30:00,4037.5,4035.4812,2026-08-07 15:00:00,4038.8,4040.8194,square_off,-31.200000000004366,96.91559999998572,40,24.2128875,5.95061831892,0.1938312156,2.9093899679999997,8.306000916213598,81.57272791873359,-209.68832791872367,-0.2163966232391369,LT
2026-08-10,LONG,24,2026-08-10 10:30:00,4061.7,4063.7308,2026-08-10 15:00:00,4072.9,4070.8636,square_off,268.80000000000655,97.615199999982,40,24.425181300000006,5.99356915392,0.19523026559999998,2.9258862119999995,8.3139838955136,81.85385082703361,89.33094917299094,0.09163953226993515,LT
2026-08-11,SHORT,24,2026-08-11 10:00:00,4049.6,4047.5752,2026-08-11 15:00:00,4052.0,4054.026,square_off,-57.60000000000218,97.21919999998863,40,24.285451200000004,5.96925976416,0.1944384288,2.91889872,8.309465674732799,81.67751378769282,-236.49671378768363,-0.24333340925408645,LT
2026-08-12,SHORT,25,2026-08-12 10:00:00,3998.3,3996.3009,2026-08-12 15:00:00,4008.2,4010.2041,square_off,-247.4999999999909,100.08124999998245,40,24.976880312500004,6.144992549125001,0.20016262375,3.007653075,8.3421279311175,82.6718164914925,-430.25306649146586,-0.4304360017922276,LT
2026-08-13,SHORT,25,2026-08-13 10:00:00,3999.2,3997.2004,2026-08-13 15:00:00,4048.8,4050.8244,square_off,-1240.000000000009,100.59999999998581,40,24.982502500000002,6.1768590340000005,0.20120062,3.0381183000000003,8.348050737720001,82.74673119172,-1423.346731191715,-1.4236314574832116,LT
2026-08-14,SHORT,24,2026-08-14 11:00:00,4038.0,4035.981,2026-08-14 15:00:00,4062.1,4064.131,square_off,-578.3999999999978,97.20119999998496,40,24.215886,5.9681625584399995,0.19440268919999998,2.9261743559999998,8.309261744575199,81.6138873482152,-757.215087348198,-0.7813429578877724,LT
2026-08-17,LONG,24,2026-08-17 12:00:00,4056.1,4058.128,2026-08-17 15:00:00,4068.0,4065.966,square_off,285.6000000000022,97.48919999998907,40,24.395796000000004,5.9858324960400004,0.1949782572,2.921852196,8.3125459355832,81.81100488482322,106.2997951151899,0.10919745888413941,LT
2026-08-18,LONG,24,2026-08-18 11:00:00,4068.6,4070.6343,2026-08-18 15:00:00,4071.3,4069.2644,square_off,64.80000000000655,97.67879999999059,40,24.415586100000002,5.99747732532,0.1953575676,2.9308566959999998,8.314710280725599,81.8539879696456,-114.73278796962964,-0.11749822622199042,LT
2026-08-19,SHORT,24,2026-08-19 13:15:00,4032.1,4030.084,2026-08-19 15:00:00,4039.0,4041.0195,square_off,-165.60000000000218,96.85319999999047,40,24.180503700000003,5.946789021960001,0.1937064828,2.90953404,8.3052891908568,81.5358224356168,-343.98902243560946,-0.35546925757836023,LT
2026-08-21,LONG,24,2026-08-21 14:15:00,4092.0,4094.046,2026-08-21 15:00:00,4091.4,4089.3543,square_off,-14.399999999997817,98.2007999999878,40,24.5361258,6.02952934104,0.1964016072,2.94771312,8.320667570683199,82.03043743892322,-194.63123743890884,-0.19818267090146308,LT
2026-08-24,SHORT,24,2026-08-24 12:30:00,4081.0,4078.9595,2026-08-24 15:00:00,4093.0,4095.0465,square_off,-288.0,98.08799999998882,40,24.473757000000003,6.022607620800001,0.196176144,2.94843348,8.319381077663998,81.96035532246401,-468.04835532245284,-0.4778734331071355,LT
2026-08-25,LONG,24,2026-08-25 14:30:00,4098.8,4100.8494,2026-08-25 15:00:00,4116.0,4113.942,square_off,412.79999999999563,98.57759999999689,40,24.683652000000002,6.052658303520001,0.1971549936,2.9526115680000005,8.3249663934816,82.21104325860159,232.01135674139715,0.23585292925307114,LT
2026-08-26,SHORT,24,2026-08-26 10:15:00,4089.1,4087.0554,2026-08-26 15:00:00,4064.9,4066.9324,square_off,580.7999999999956,97.84799999998359,40,24.522332700000003,6.00785828472,0.1956957096,2.928191364,8.3166397189776,81.97071777729761,400.9812822227144,0.4085875480165913,LT
2026-08-27,SHORT,24,2026-08-27 11:30:00,4028.0,4025.986,2026-08-27 15:00:00,4038.1,4040.119,square_off,-242.39999999999782,96.79319999998916,40,24.155916,5.943106200840001,0.19358652119999997,2.908885716,8.3046046899672,81.50609912800721,-420.6992991279942,-0.4351821614614306,LT
2026-08-28,SHORT,24,2026-08-28 10:45:00,4041.0,4038.9795,2026-08-28 15:00:00,4037.6,4039.6188,square_off,81.60000000000218,96.94319999998697,40,24.233877,5.95231122744,0.19388635919999997,2.908525536,8.306315565595199,81.5949156882352,-96.93811568822,-0.09995268878188153,LT
2026-08-31,SHORT,25,2026-08-31 10:15:00,3996.7,3994.7016,2026-08-31 15:00:00,4022.1,4024.111,square_off,-635.0000000000023,100.23499999998648,40,24.9668853125,6.1544387472499995,0.2004703175,3.0180832875,8.343883631655,82.68376129640501,-817.9187612963938,-0.8185941014300736,LT
2026-09-01,SHORT,24,2026-09-01 10:00:00,4007.3,4005.2964,2026-09-01 15:00:00,3997.1,3999.0986,square_off,244.80000000000655,96.05279999998675,40,24.031778100000004,5.89763816232,0.19210547760000002,2.879350956,8.296153855185601,81.29702655110557,67.45017344891423,0.07013260533787735,LT
2026-09-02,SHORT,25,2026-09-02 10:15:00,3962.5,3960.5188,2026-09-02 15:00:00,3996.7,3998.6984,square_off,-854.9999999999955,99.4899999999916,40,24.7532421875,6.10869912425,0.1989804275,2.9990237625,8.335382319314999,82.39532782106501,-1036.885327821052,-1.0466981227215666,LT
2026-09-03,LONG,24,2026-09-03 10:00:00,4014.6,4016.6073,2026-09-03 15:00:00,3991.3,3989.3044,square_off,-559.1999999999935,96.07079999999041,40,23.935826100000003,5.89875570372,0.1921418796,2.891957256,8.2963615649976,81.2150425043176,-736.4858425043014,-0.7643827555508866,LT
2026-09-07,LONG,24,2026-09-07 10:15:00,3996.8,3998.7984,2026-09-07 15:00:00,3969.6,3967.6152,square_off,-652.8000000000065,95.59679999999207,40,23.805691200000002,5.86965354048,0.1911939264,2.879134848,8.290952544038399,81.03662605891842,-829.433426058917,-0.8646849000647568,LT
2026-09-08,SHORT,25,2026-09-08 10:45:00,3963.4,3961.4183,2026-09-08 15:00:00,3973.9,3975.887,square_off,-262.5,99.21624999999494,40,24.758864375,6.091881779375001,0.19843263125,2.9819152125,8.3322565939125,82.3633505920375,-444.0796005920324,-0.44818045172531906,LT
2026-09-10,LONG,25,2026-09-10 12:45:00,3962.5,3964.4812,2026-09-10 15:00:00,3938.3,3936.3308,square_off,-604.9999999999955,98.75999999999294,40,24.602067812500003,6.063873286750001,0.1975203025,2.9733609375,8.327050846065,82.163873185315,-785.9238731853034,-0.7933616385466784,LT
2026-09-11,SHORT,25,2026-09-11 10:30:00,3888.5,3886.5558,2026-09-11 15:00:00,3935.1,3937.0676,square_off,-1164.9999999999977,97.79499999999643,40,24.2909734375,6.00463088275,0.1955905825,2.9528006625,8.316039863744999,81.760035428995,-1344.5550354289892,-1.3831092045045537,LT
2026-09-15,SHORT,25,2026-09-15 10:00:00,3855.6,3853.6722,2026-09-15 15:00:00,3840.3,3842.2202,square_off,382.4999999999932,96.19874999999638,40,24.08545125,5.9065973786249995,0.19239730875,2.8816651125000003,8.2978190437275,81.3639300936025,204.9373199063943,0.21261263606846592,LT
2026-09-16,SHORT,26,2026-09-16 10:15:00,3823.7,3821.7882,2026-09-16 15:00:00,3809.3,3811.2046,square_off,374.39999999999054,99.22899999999754,40,24.841622975,6.092654852960001,0.1984578128,2.972739627,8.3324002798368,82.4378755475968,192.7331244523962,0.19386490778403942,LT
2026-09-17,LONG,25,2026-09-17 10:15:00,3850.8,3852.7254,2026-09-17 15:00:00,3851.2,3849.2744,square_off,9.999999999990905,96.27499999998008,40,24.057965,5.9112848465,0.19254999499999997,2.88954405,8.29869027147,81.35003416296999,-167.62503416295917,-0.17411969893316628,LT
2026-09-18,LONG,25,2026-09-18 14:30:00,3884.8,3886.7424,2026-09-18 15:00:00,3892.9,3890.9536,square_off,202.49999999999773,97.2212499999955,40,24.318459687500003,5.9693816416250005,0.19444239875,2.9150568,8.309488327267498,81.7068288551425,23.571921144859715,0.0242709237488259,LT
2026-09-22,SHORT,25,2026-09-22 10:45:00,3896.2,3894.2519,2026-09-22 15:00:00,3871.2,3873.1356,square_off,625.0,97.0924999999852,40,24.339074375,5.96146990625,0.19418468749999998,2.9048516999999996,8.308017826875,81.70759849562499,446.1999015043898,0.4580872660586107,LT
2026-09-23,LONG,25,2026-09-23 11:15:00,3922.1,3924.061,2026-09-23 15:00:00,3924.4,3922.4378,square_off,57.50000000000455,98.08124999999563,40,24.51523625,6.022187867375001,0.19616247124999997,2.9430457875,8.3193030609525,81.99593543707749,-122.57718543706858,-0.1250117900482584,LT
2026-09-24,SHORT,25,2026-09-24 10:15:00,3883.0,3881.0585,2026-09-24 15:00:00,3876.1,3878.038,square_off,172.50000000000227,96.98874999999134,40,24.256615625000002,5.955106602125,0.19397741375,2.9085285375,8.3068351228575,81.62106330123251,-6.109813301221578,-0.006293910173805386,LT
2026-09-25,SHORT,25,2026-09-25 10:00:00,3854.9,3852.9726,2026-09-25 15:00:00,3871.0,3872.9355,square_off,-402.4999999999977,96.57374999998183,40,24.081078437500004,5.9296344283749995,0.19314770125,2.9047016249999995,8.302100783332499,81.41066297545748,-580.4844129754371,-0.6023340817924585,LT
2026-09-28,SHORT,26,2026-09-28 10:30:00,3824.7,3822.7876,2026-09-28 15:00:00,3781.9,3783.791,square_off,1112.799999999993,98.8857999999891,40,24.848119725,6.07157103852,0.1977710436,2.9513569410000002,8.328481574781598,82.3973003229016,931.5168996771022,0.936742046814232,LT
2026-09-29,SHORT,26,2026-09-29 10:15:00,3743.5,3741.6282,2026-09-29 15:00:00,3753.1,3754.9766,square_off,-249.59999999999764,97.45579999999336,40,24.320583625000005,5.98378995136,0.19491172480000002,2.928881709,8.3121663017088,81.7403333118688,-428.79613331185976,-0.44055453381950227,LT
2026-09-30,LONG,26,2026-09-30 10:15:00,3781.0,3782.8905,2026-09-30 15:00:00,3746.7,3744.8266,square_off,-891.8000000000047,97.86009999999533,40,24.341373224999998,6.00862382913,0.1957206459,2.95065459,8.316782005505399,81.8131542955354,-1071.4732542955355,-1.0899367834064406,LT
2026-08-03,SHORT,29,2026-08-03 10:45:00,3397.7,3396.0012,2026-08-03 15:00:00,3400.2,3401.9001,square_off,-72.5,98.5695499999938,40,24.6210083375,6.052171482875,0.19713913625,2.959653087,8.3248759114425,82.15484795506751,-253.2243979550613,-0.2569937249184401,M&M
2026-08-04,LONG,29,2026-08-04 10:45:00,3429.6,3431.3148,2026-08-04 15:00:00,3415.7,3413.9922,square_off,-403.10000000000264,99.25684999998612,40,24.7514430875,6.0943767775849995,0.19851390154999998,2.9852438759999997,8.332720322244299,82.3622979648793,-584.7191479648681,-0.5879032318686689,M&M
2026-08-06,SHORT,29,2026-08-06 11:45:00,3418.8,3417.0906,2026-08-06 15:00:00,3415.0,3416.7075,square_off,110.20000000000528,99.09009999999171,40,24.773906850000003,6.084130448430001,0.19818014490000002,2.972535525,8.330815906799401,82.3595688751294,-71.24966887511583,-0.071863962022484,M&M
2026-08-07,LONG,28,2026-08-07 11:30:00,3464.5,3466.2322,2026-08-07 15:00:00,3493.6,3491.8532,square_off,814.7999999999975,97.41339999999764,40,24.4429724,5.98117025282,0.19482639259999998,2.91163509,8.311679396175599,81.8422835315956,635.5443164684042,0.655159800907577,M&M
2026-08-11,SHORT,28,2026-08-11 13:00:00,3472.3,3470.5639,2026-08-11 15:00:00,3470.1,3471.835,square_off,61.60000000000764,97.19359999998596,40,24.293946950000006,5.967686094439999,0.1943871692,2.916341442,8.309173187455201,81.6815348430952,-117.27513484307353,-0.12062315102286414,M&M
2026-08-12,SHORT,29,2026-08-12 10:00:00,3422.4,3420.6888,2026-08-12 15:00:00,3424.4,3426.1122,square_off,-58.0,99.27859999999055,40,24.799993800000003,6.0957069303,0.198557229,2.9807176140000005,8.332967548674,82.40794312197401,-239.68654312196458,-0.24149874974001362,M&M
2026-08-13,SHORT,29,2026-08-13 10:30:00,3405.0,3403.2975,2026-08-13 15:00:00,3401.5,3403.2008,square_off,101.5,98.69424999999546,40,24.673906875,6.059825391975,0.19738844925,2.9607846525,8.326298491420498,82.2182038601455,-79.41245386014096,-0.08042174678225829,M&M
2026-08-14,SHORT,29,2026-08-14 10:15:00,3384.5,3382.8078,2026-08-14 15:00:00,3425.2,3426.9126,square_off,-1180.2999999999947,98.74064999998382,40,24.5253561875,6.062694027605,0.19748189014999998,2.9814139619999995,8.3268316651959,82.0937777324509,-1361.1344277324295,-1.386782978927697,M&M
2026-08-17,SHORT,29,2026-08-17 10:00:00,3407.9,3406.1961,2026-08-17 15:00:00,3403.6,3405.3018,square_off,124.70000000000528,98.76674999998386,40,24.694921362500004,6.064276535855001,0.19753343765,2.962612566,8.3271257952309,82.2464696972359,-56.31321969721448,-0.05698040323873684,M&M
2026-08-18,LONG,29,2026-08-18 11:15:00,3424.6,3426.3123,2026-08-18 15:00:00,3420.5,3418.7898,square_off,-118.89999999999736,99.25394999998025,40,24.786225687500004,6.094194355115,0.19850795945,2.9808917009999996,8.3326864166217,82.39250611968671,-300.5464561196643,-0.30262427438760964,M&M
2026-08-19,LONG,29,2026-08-19 10:30:00,3424.3,3426.0122,2026-08-19 15:00:00,3422.3,3420.5889,square_off,-58.0,99.27569999998468,40,24.799269162500003,6.095528870300001,0.198551429,2.9806305705000002,8.332934453874,82.406914486174,-239.68261448615868,-0.24136079610145206,M&M
2026-08-20,LONG,29,2026-08-20 11:30:00,3430.5,3432.2152,2026-08-20 15:00:00,3452.0,3450.274,square_off,623.5,99.79624999998259,40,25.014486500000004,6.127480179275,0.19959218825,2.9860272675,8.3388730261545,82.6664591611795,441.0372908388379,0.44332261893947095,M&M
2026-08-21,SHORT,29,2026-08-21 12:00:00,3417.7,3415.9912,2026-08-21 15:00:00,3435.9,3437.618,square_off,-527.8000000000079,99.37719999999217,40,24.7659358375,6.10176818173,0.19875466389999996,2.9907276165,8.3340941122134,82.39128041184338,-709.5684804118434,-0.7159165121248546,M&M
2026-08-24,LONG,29,2026-08-24 10:15:00,3443.8,3445.5219,2026-08-24 15:00:00,3407.8,3406.0961,square_off,-1044.0,99.34819999999945,40,24.694196725,6.099995505400001,0.198696922,2.997604053,8.333764636931999,82.324257842332,-1225.6724578423314,-1.227265448394347,M&M
2026-08-25,SHORT,29,2026-08-25 10:15:00,3400.3,3398.5999,2026-08-25 15:00:00,3436.0,3437.718,square_off,-1035.2999999999947,99.1263499999859,40,24.639848912500007,6.086373781855,0.19825321765000004,2.9908146600000003,8.3312328599109,82.24652343191592,-1216.6728734318965,-1.2338392793251471,M&M
2026-08-26,SHORT,29,2026-08-26 12:00:00,3425.5,3423.7872,2026-08-26 15:00:00,3422.9,3424.6114,square_off,75.39999999999736,99.30179999998472,40,24.822457562500006,6.0971293626100005,0.19860356229999998,2.9794119615,8.3332319264838,82.43083437539381,-106.33263437538118,-0.10703963113905463,M&M
2026-08-27,SHORT,29,2026-08-27 11:00:00,3365.7,3364.0172,2026-08-27 15:00:00,3350.2,3351.8751,square_off,449.5,97.38054999998894,40,24.3891243375,5.9791588701750005,0.19476087525,2.916131337,8.3113055541765,81.79048097410148,270.3289690259096,0.27696136278041217,M&M
2026-08-28,LONG,29,2026-08-28 10:30:00,3350.9,3352.5754,2026-08-28 15:00:00,3341.2,3339.5294,square_off,-281.3000000000079,97.03544999998985,40,24.21158815,5.957980947955,0.19407104064999997,2.9167406415,8.3073693579489,81.58775013805389,-459.92320013805164,-0.4732883910118348,M&M
2026-08-31,LONG,29,2026-08-31 12:15:00,3335.3,3336.9676,2026-08-31 15:00:00,3347.8,3346.1261,square_off,362.5,96.90494999998964,40,24.259414225000004,5.949958365625001,0.19380971875000003,2.9031618555,8.3058782551875,81.61222242006251,183.98282757994787,0.19021483626034555,M&M
2026-09-01,SHORT,30,2026-09-01 10:45:00,3300.1,3298.45,2026-09-01 15:00:00,3245.9,3247.523,square_off,1625.9999999999945,98.1899999999905,40,24.738374625000002,6.028841040900001,0.196379187,2.9227706550000003,8.320539641021998,82.206905148922,1445.603094851082,1.460160899014254,M&M
2026-09-02,SHORT,31,2026-09-02 10:45:00,3177.4,3175.8113,2026-09-02 15:00:00,3188.6,3190.1943,square_off,-347.19999999999436,98.67299999998568,40,24.612537575,6.05852752952,0.19734617359999998,2.966880699,8.326057266561598,82.1613492436816,-528.0343492436616,-0.5360787469199422,M&M
2026-09-03,SHORT,31,2026-09-03 12:30:00,3169.5,3167.9152,2026-09-03 15:00:00,3157.2,3158.7786,square_off,381.30000000000564,98.06384999999409,40,24.5513431875,6.021114537044999,0.19612750934999995,2.9376640979999995,8.3191035683511,82.02535290024609,201.21079709976544,0.20478532494671028,M&M
2026-09-04,LONG,31,2026-09-04 10:00:00,3166.4,3167.9832,2026-09-04 15:00:00,3180.2,3178.6099,square_off,427.79999999999154,98.37229999999772,40,24.634226725,6.040052653270001,0.1967443861,2.946224376,8.3226234670866,82.1398716074566,247.28782839253722,0.2519273219536353,M&M
2026-09-07,LONG,31,2026-09-07 10:00:00,3166.0,3167.583,2026-09-07 15:00:00,3150.5,3148.9248,square_off,-480.5,97.90574999998444,40,24.4041668125,6.011420425675,0.19581174024999998,2.9458521899999996,8.3173017898665,81.87455295829149,-660.2803029582759,-0.6727531462905019,M&M
2026-09-08,SHORT,32,2026-09-08 10:00:00,3118.5,3116.9408,2026-09-08 15:00:00,3139.9,3141.4699,square_off,-684.8000000000029,100.13439999998081,40,24.935526000000003,6.1482626716799995,0.2002691424,3.015811152,8.3427357265344,82.64260469261441,-867.5770046925982,-0.8693853261710339,M&M
2026-09-09,SHORT,31,2026-09-09 10:00:00,3125.3,3123.7374,2026-09-09 15:00:00,3145.3,3146.8726,square_off,-620.0,97.19429999998329,40,24.208964462500003,5.967739537,0.19438891,2.9265915645,8.30918312046,81.60686759446001,-798.8011675944433,-0.8244897961738313,M&M
2026-09-11,LONG,32,2026-09-11 10:15:00,3097.0,3098.5485,2026-09-11 15:00:00,3115.2,3113.6424,square_off,582.3999999999942,99.39519999998447,40,24.909139200000002,6.102856340160001,0.19879010879999998,2.97460656,8.3342963608128,82.5196885697728,400.4851114302369,0.4041059002968971,M&M
2026-09-15,SHORT,32,2026-09-15 11:00:00,3083.1,3081.5584,2026-09-15 15:00:00,3054.6,3056.1273,square_off,912.0,98.20319999998901,40,24.6524676,6.0296624808,0.19640594399999997,2.9338822079999995,8.320692316464001,82.133110549264,731.663689450747,0.7416071582282717,M&M
2026-09-16,LONG,32,2026-09-16 10:00:00,3096.4,3097.9482,2026-09-16 15:00:00,3085.0,3083.4575,square_off,-364.8000000000029,98.90239999999176,40,24.66766,6.07261295968,0.1978049824,2.974030272,8.3286752295744,82.2407834436544,-545.9431834436491,-0.5509858055359138,M&M
2026-09-17,LONG,32,2026-09-17 10:30:00,3115.2,3116.7576,2026-09-17 15:00:00,3093.0,3091.4535,square_off,-710.3999999999942,99.33119999998598,40,24.731628,6.09894658464,0.19866275519999999,2.9920872959999993,8.333569681171198,82.3548943170112,-892.0860943169914,-0.8948924771252562,M&M
2026-09-18,SHORT,32,2026-09-18 10:00:00,3070.2,3068.6649,2026-09-18 15:00:00,3081.9,3083.4409,square_off,-374.40000000000873,98.43359999998938,40,24.5493192,6.04382878704,0.19686738719999997,2.9601033119999998,8.323325311363199,82.07344399760319,-554.9070439976012,-0.5648115798620624,M&M
2026-09-21,SHORT,32,2026-09-21 13:45:00,3064.2,3062.6679,2026-09-21 15:00:00,3064.1,3065.632,square_off,3.1999999999970896,98.05279999999038,40,24.5013432,6.020441870879999,0.19610559839999997,2.9430067679999996,8.318978544470399,81.97987598175041,-176.8326759817437,-0.1803413982256214,M&M
2026-09-22,SHORT,32,2026-09-22 10:45:00,3058.0,3056.471,2026-09-22 15:00:00,3049.4,3050.9247,square_off,275.1999999999971,97.71839999999793,40,24.451768,5.99990553568,0.1954366624,2.9288877120000003,8.315161595654398,81.89115950573441,95.59044049426475,0.09768480266336736,M&M
2026-09-23,SHORT,32,2026-09-23 10:00:00,3032.5,3030.9838,2026-09-23 15:00:00,3032.1,3033.616,square_off,12.80000000000291,97.03359999998065,40,24.247870000000002,5.95786284352,0.1940671936,2.9122714079999996,8.307347406681599,81.61941885180161,-165.85301885177935,-0.17091201448039917,M&M
2026-09-24,LONG,32,2026-09-24 11:15:00,3035.0,3036.5175,2026-09-24 15:00:00,2989.1,2987.6054,square_off,-1468.800000000003,96.38559999999416,40,23.9008436,5.9180983860800005,0.19277193439999998,2.9150568,8.2999566576864,81.2267273781664,-1646.4123273781634,-1.6952350982065107,M&M
2026-09-25,LONG,33,2026-09-25 11:15:00,3004.7,3006.2023,2026-09-25 15:00:00,3034.2,3032.6829,square_off,973.5,99.6418499999927,40,25.019633924999997,6.117994646774999,0.19928321324999998,2.9761403265,8.3371100148045,82.65016212632949,791.2079878736778,0.7979498662939958,M&M
2026-09-28,SHORT,33,2026-09-28 12:15:00,2981.1,2979.6094,2026-09-28 15:00:00,2994.7,2996.1973,square_off,-448.799999999997,98.60069999998768,40,24.581777962500002,6.054089869079999,0.19720162439999997,2.9662353765,8.3252324688264,82.12453730130639,-629.5252373012911,-0.6399155460220511,M&M
2026-09-29,SHORT,33,2026-09-29 10:15:00,2957.0,2955.5215,2026-09-29 15:00:00,2956.4,2957.8782,square_off,19.799999999997,97.57109999999102,40,24.383052375000002,5.99086523607,0.1951421901,2.9282994180000004,8.3134813367106,81.81084055588059,-159.5819405558746,-0.16353792291109398,M&M
2026-08-04,LONG,7,2026-08-04 11:15:00,14180.0,14187.09,2026-08-04 15:00:00,14099.0,14091.9505,square_off,-567.0,98.97649999998248,40,24.660913375,6.077165803450001,0.19795328349999997,2.9792889,8.329521435651,82.24484279760101,-748.2213427975835,-0.7537994587926491,MARUTI
2026-08-05,SHORT,7,2026-08-05 10:00:00,14166.0,14158.917,2026-08-05 15:00:00,14115.0,14122.0575,square_off,357.0,98.9834999999839,40,24.778104750000004,6.0775814200500005,0.1979668215,2.965632075,8.329598683479,82.34888375002902,175.66761624998708,0.17715215127769415,MARUTI
2026-08-06,SHORT,7,2026-08-06 11:00:00,14071.0,14063.9645,2026-08-06 15:00:00,14014.0,14021.007,square_off,399.0,98.29749999999694,40,24.611937875,6.0354603753500005,0.1965948005,2.94441147,8.321769931653002,82.110174452503,218.59232554750005,0.2219279019132563,MARUTI
2026-08-07,LONG,7,2026-08-07 10:00:00,13991.0,13997.9955,2026-08-07 15:00:00,13997.0,13990.0015,square_off,42.0,97.95799999999144,40,24.482502625000002,6.0146205553000005,0.19591597899999996,2.939579055,8.317896576174,81.95051479047399,-137.90851479046543,-0.1408134972384956,MARUTI
2026-08-10,LONG,7,2026-08-10 10:45:00,14099.0,14106.0495,2026-08-10 15:00:00,14085.0,14077.9575,square_off,-98.0,98.64399999999114,40,24.636425625,6.056743104300001,0.197288049,2.962270395,8.325725607594,82.17845278089399,-278.8224527808851,-0.2825149228221709,MARUTI
2026-08-11,LONG,7,2026-08-11 12:15:00,14160.0,14167.08,2026-08-11 15:00:00,14019.0,14011.9905,square_off,-987.0,98.6265000000003,40,24.520983375,6.055682250449999,0.1972534935,2.9750868,8.325528433911,82.07453435286101,-1167.7010343528614,-1.1780680330436455,MARUTI
2026-08-12,SHORT,7,2026-08-12 10:15:00,13943.0,13936.0285,2026-08-12 15:00:00,13933.0,13939.9665,square_off,70.0,97.56599999998798,40,24.388049875,5.9905513255,0.19513196499999996,2.9273929649999997,8.31342299229,81.81454912279001,-109.38054912277799,-0.11206908650810748,MARUTI
2026-08-13,SHORT,7,2026-08-13 10:00:00,13852.0,13845.074,2026-08-13 15:00:00,13857.0,13863.9285,square_off,-35.0,96.98149999999623,40,24.228879500000005,5.9546646372500005,0.1939630175,2.911424985,8.306752977855,81.595685117605,-213.57718511760123,-0.2202644126867716,MARUTI
2026-08-14,LONG,7,2026-08-14 11:00:00,13851.0,13857.9255,2026-08-14 15:00:00,13902.0,13895.049,square_off,357.0,97.1354999999894,40,24.316335750000004,5.96411422005,0.1942708215,2.910164355,8.308509307479,81.693394454029,178.1711055459816,0.18376301406394752,MARUTI
2026-08-17,LONG,7,2026-08-17 12:00:00,13902.0,13908.951,2026-08-17 15:00:00,13837.0,13830.0815,square_off,-455.0,97.08649999999216,40,24.202642625,5.96111808425,0.1941732275,2.92087971,8.307952436115,81.586766082865,-633.6732660828571,-0.6511635181812043,MARUTI
2026-08-18,SHORT,7,2026-08-18 10:00:00,13806.0,13799.097,2026-08-18 15:00:00,13754.0,13760.877,square_off,364.0,96.45999999997912,40,24.148419750000002,5.9226384126,0.192919818,2.88978417,8.300800481508,81.454562632108,186.0854373679129,0.19255131037014228,MARUTI
2026-08-19,LONG,7,2026-08-19 10:30:00,13692.0,13698.846,2026-08-19 15:00:00,13666.0,13659.167,square_off,-182.0,95.75299999998788,40,23.90354225,5.8792369937,0.191506091,2.87675766,8.292733755246001,81.143776749946,-358.8967767499339,-0.3744593054859291,MARUTI
2026-08-20,LONG,7,2026-08-20 12:15:00,13784.0,13790.892,2026-08-20 15:00:00,13815.0,13808.0925,square_off,217.0,96.5964999999942,40,24.164161875,5.93102176905,0.19319289150000002,2.8960873200000004,8.302358638899,81.48682249444902,38.91667750555679,0.04033317874301135,MARUTI
2026-08-21,SHORT,7,2026-08-21 10:30:00,13725.0,13718.1375,2026-08-21 15:00:00,13601.0,13607.8005,square_off,868.0,95.64099999999053,40,24.006740625000003,5.872344076200001,0.19128156600000001,2.857638105,8.291452615596,81.21945698779602,691.1395430122135,0.719375012242741,MARUTI
2026-08-24,SHORT,7,2026-08-24 12:15:00,13516.0,13509.242,2026-08-24 15:00:00,13554.0,13560.777,square_off,-266.0,94.74499999999898,40,23.6411735,5.8173470831000005,0.189490133,2.84776317,8.281230698898,80.777004584998,-441.522004584997,-0.46666596688051937,MARUTI
2026-08-25,SHORT,7,2026-08-25 10:00:00,13490.0,13483.255,2026-08-25 15:00:00,13642.0,13648.821,square_off,-1064.0,94.96199999999226,40,23.59569625,5.830683132400001,0.18992453199999998,2.86625241,8.283709379592,80.766265703992,-1239.7282657039843,-1.3128542472773317,MARUTI
2026-08-26,SHORT,7,2026-08-26 11:30:00,13648.0,13641.176,2026-08-26 15:00:00,13542.0,13548.771,square_off,742.0,95.16499999998268,40,23.872058000000003,5.8431196103000005,0.190329629,2.84524191,8.286020863074,81.036770012374,565.7982299876433,0.5922356284412612,MARUTI
2026-08-27,SHORT,7,2026-08-27 10:00:00,13432.0,13425.284,2026-08-27 15:00:00,13454.0,13460.727,square_off,-154.0,94.10099999998238,40,23.494247000000005,5.7778037639,0.188202077,2.82675267,8.273881051362,80.560886562262,-328.6618865622444,-0.3495510577748706,MARUTI
2026-08-28,SHORT,7,2026-08-28 11:45:00,13393.0,13386.3035,2026-08-28 15:00:00,13373.0,13379.6865,square_off,140.0,93.68099999999868,40,23.426031125,5.752011251000001,0.18736193,2.809734165,8.26908717258,80.44422564358,-34.12522564357867,-0.036399852421391425,MARUTI
2026-08-31,SHORT,7,2026-08-31 11:15:00,13308.0,13301.346,2026-08-31 15:00:00,13422.0,13428.711,square_off,-798.0,93.55499999998574,40,23.277355500000002,5.7442892492999995,0.18711039899999998,2.8200293100000002,8.267651936694,80.29643639499399,-971.8514363949797,-1.0432515741283221,MARUTI
2026-09-01,SHORT,7,2026-09-01 10:45:00,13379.0,13372.3105,2026-09-01 15:00:00,12907.0,12913.4535,square_off,3304.0,92.00099999998747,40,23.401543375000003,5.648810683600001,0.18400034799999998,2.711825235,8.249905985687999,80.19608562728801,3131.8029143727244,3.3440497521411214,MARUTI
2026-09-02,LONG,7,2026-09-02 10:00:00,12859.0,12865.4295,2026-09-02 15:00:00,12705.0,12698.6475,square_off,-1078.0,89.4739999999947,40,22.222633125,5.4937201472999995,0.178948539,2.701740195,8.221080363534,78.818122369834,-1246.2921223698288,-1.3845690315508081,MARUTI
2026-09-03,LONG,7,2026-09-03 11:00:00,12878.0,12884.439,2026-09-03 15:00:00,12837.0,12830.5815,square_off,-287.0,90.00249999998778,40,22.453517625,5.52615790545,0.18000514349999996,2.7057321899999995,8.227109348810998,79.09252221276101,-456.0950222127488,-0.505951481166939,MARUTI
2026-09-04,SHORT,7,2026-09-04 12:30:00,12735.0,12728.6325,2026-09-04 15:00:00,12702.0,12708.351,square_off,231.0,89.02949999998054,40,22.275106875000002,5.46640775415,0.1780588845,2.66875371,8.216003994957,78.80433121860702,63.16616878141244,0.07085778089787699,MARUTI
2026-09-07,LONG,7,2026-09-07 10:00:00,12728.0,12734.364,2026-09-07 15:00:00,12794.0,12787.603,square_off,462.0,89.32699999999022,40,22.37830525,5.4846707083,0.178653769,2.67421644,8.219398405914,78.93524457321399,293.7377554267958,0.32968680460042626,MARUTI
2026-09-08,SHORT,7,2026-09-08 10:15:00,12634.0,12627.683,2026-09-08 15:00:00,12631.0,12637.3155,square_off,21.0,88.42749999998523,40,22.09844525,5.42944817765,0.1768549895,2.653836255,8.209134570086999,78.567719242237,-145.99521924222222,-0.1650820000929716,MARUTI
2026-09-09,SHORT,7,2026-09-09 10:15:00,12578.0,12571.711,2026-09-09 15:00:00,12636.0,12642.318,square_off,-406.0,88.24899999998706,40,22.000494250000003,5.4184948321,0.17649820300000002,2.65488678,8.207098746318,78.45747281141799,-572.7064728114051,-0.6504627953699261,MARUTI
2026-09-11,SHORT,8,2026-09-11 11:00:00,12415.0,12408.7925,2026-09-11 15:00:00,12410.0,12416.205,square_off,40.0,99.29999999998836,40,24.817585000000005,6.097019386,0.19859998,2.9798892,8.33321148588,82.42630505188001,-141.72630505186837,-0.14269664221895728,MARUTI
2026-09-15,SHORT,8,2026-09-15 10:15:00,12378.0,12371.811,2026-09-15 15:00:00,12284.0,12290.142,square_off,752.0,98.6479999999865,40,24.743622000000002,6.056975656800001,0.197295624,2.94963408,8.325768830544,82.273296191344,571.0787038086695,0.5767073677175932,MARUTI
2026-09-16,SHORT,8,2026-09-16 14:15:00,12229.0,12222.8855,2026-09-16 15:00:00,12192.0,12198.096,square_off,296.0,97.68399999999383,40,24.445771,5.9977930564,0.19536785199999998,2.9275430399999998,8.314768963512,81.88124391191201,116.43475608809416,0.11901500131663888,MARUTI
2026-09-17,LONG,8,2026-09-17 10:30:00,12286.0,12292.143,2026-09-17 15:00:00,12377.0,12370.8115,square_off,728.0,98.65200000000186,40,24.741623,6.0572216252,0.197303636,2.95011432,8.325814547015998,82.272077128216,547.0759228717822,0.5566050004799997,MARUTI
2026-09-18,SHORT,8,2026-09-18 10:15:00,12335.0,12328.8325,2026-09-18 15:00:00,12176.0,12182.088,square_off,1272.0,98.04399999999441,40,24.657665,6.0198820748,0.196087364,2.92370112,8.318874498984,82.116210057784,1091.8397899422216,1.1064448621222351,MARUTI
2026-09-21,LONG,8,2026-09-21 10:15:00,12182.0,12188.091,2026-09-21 15:00:00,12189.0,12182.9055,square_off,56.0,97.48399999998219,40,24.365811,5.9855167404,0.194967972,2.9251418399999998,8.312487248232,81.78392480063201,-123.2679248006142,-0.1264857215570249,MARUTI
2026-09-22,LONG,8,2026-09-22 10:00:00,12268.0,12274.134,2026-09-22 15:00:00,12168.0,12161.916,square_off,-800.0,97.7439999999915,40,24.323832000000003,6.00149388,0.1954884,2.94579216,8.3154568104,81.7820632504,-979.5260632503915,-0.9980498688156092,MARUTI
2026-09-23,SHORT,8,2026-09-23 10:00:00,12138.0,12131.931,2026-09-23 15:00:00,12200.0,12206.1,square_off,-496.0,97.3519999999844,40,24.263862000000003,5.9774204136,0.19470424799999997,2.929464,8.310982439088,81.676433100688,-675.0284331006724,-0.6951602746546717,MARUTI
2026-09-24,SHORT,8,2026-09-24 13:30:00,12094.0,12087.953,2026-09-24 15:00:00,12009.0,12015.0045,square_off,680.0,96.41199999998207,40,24.175906000000005,5.919686362,0.19282366,2.88360108,8.300251803959998,81.47226890596,502.11573109405794,0.5189719396953634,MARUTI
2026-09-25,SHORT,8,2026-09-25 13:00:00,11980.0,11974.01,2026-09-25 15:00:00,12047.0,12053.0235,square_off,-536.0,96.1079999999929,40,23.94802,5.901039427600001,0.192216268,2.89272564,8.296786025208,81.230787360808,-713.3387873608009,-0.7443017397337238,MARUTI
2026-09-28,SHORT,8,2026-09-28 11:15:00,11973.0,11967.0135,2026-09-28 15:00:00,12036.0,12042.018,square_off,-504.0,96.03599999999278,40,23.934027000000004,5.896618136400001,0.192072252,2.89008432,8.295964269911998,81.20876597831199,-681.2447659783047,-0.7112302325840483,MARUTI
2026-09-29,SHORT,8,2026-09-29 10:15:00,11894.0,11888.053,2026-09-29 15:00:00,11875.0,11880.9375,square_off,152.0,95.07600000000093,40,23.776106,5.8376640668,0.19015192399999997,2.851425,8.285006878344,80.94035386914402,-24.01635386914495,-0.025239988512217242,MARUTI
2026-09-30,LONG,8,2026-09-30 10:15:00,12019.0,12025.0095,2026-09-30 15:00:00,11907.0,11901.0465,square_off,-896.0,95.7039999999979,40,23.802093000000003,5.876239353600001,0.191408448,2.88600228,8.292176604287999,81.047919685888,-1072.751919685886,-1.115683417594939,MARUTI
2026-08-03,SHORT,91,2026-08-03 14:00:00,1097.5,1096.9512,2026-08-03 15:00:00,1098.0,1098.549,square_off,-45.5,99.89524999999139,40,24.9556409375,6.1335690484250005,0.19979052274999998,2.9990387700000003,8.3400047228115,82.6280440014865,-228.0232940014779,-0.2283143948549179,MAXHEALTH
2026-08-04,SHORT,91,2026-08-04 11:15:00,1091.5,1090.9542,2026-08-04 15:00:00,1073.2,1073.7366,square_off,1665.2999999999959,98.49384999999143,40,24.8192091875,6.047496827645,0.19698686734999998,2.931300918,8.3240070650991,82.31900086559412,1484.4871491344104,1.4945529633425223,MAXHEALTH
2026-08-06,SHORT,93,2026-08-06 11:45:00,1070.1,1069.565,2026-08-06 15:00:00,1070.2,1070.7351,square_off,-9.300000000012687,99.52394999998,40,24.8673850875,6.110770672755,0.19904790465,2.9873509289999998,8.3357673439329,82.5003219378379,-191.3242719378306,-0.19224841004491652,MAXHEALTH
2026-08-07,LONG,92,2026-08-07 10:00:00,1081.5,1082.0407,2026-08-07 15:00:00,1067.4,1066.8663,square_off,-1297.1999999999916,98.84939999998551,40,24.537924900000004,6.06937307202,0.1976994486,2.98643247,8.328073053711599,82.1195029443316,-1478.1689029443087,-1.4856267492254205,MAXHEALTH
2026-08-10,LONG,92,2026-08-10 11:15:00,1077.1,1077.6385,2026-08-10 15:00:00,1068.5,1067.9658,square_off,-791.1999999999916,98.69759999999224,40,24.56321225,6.06004478492,0.19739559559999997,2.9742823979999997,8.3263392684936,82.12127429701358,-972.0188742969974,-0.9809138006412119,MAXHEALTH
2026-08-11,SHORT,96,2026-08-11 12:15:00,1040.0,1039.48,2026-08-11 15:00:00,1040.5,1041.0202,square_off,-48.0,99.8640000000014,40,24.94752,6.1316503368,0.199728024,2.9981383200000002,8.339648104944,82.61668478574398,-230.48068478574538,-0.23085004485751742,MAXHEALTH
2026-08-12,SHORT,98,2026-08-12 10:15:00,1013.2,1012.6934,2026-08-12 15:00:00,1007.4,1007.9037,square_off,568.4000000000067,99.00939999999173,40,24.810988300000005,6.079168435060001,0.19801851580000002,2.9632368779999996,8.3298936511548,82.38130578001481,387.00929422000013,0.38976257706438294,MAXHEALTH
2026-08-13,SHORT,99,2026-08-13 10:00:00,1007.3,1006.7964,2026-08-13 15:00:00,1015.0,1015.5075,square_off,-762.3000000000045,100.10384999999303,40,24.918209662499997,6.146388091304999,0.20020808114999997,3.0160572749999996,8.3423873110419,82.6232504209969,-945.0271004209944,-0.9476549475906635,MAXHEALTH
2026-08-14,LONG,98,2026-08-14 13:45:00,1013.8,1014.3069,2026-08-14 15:00:00,1011.3,1010.7944,square_off,-245.0,99.22989999999209,40,24.764461575000002,6.09271962075,0.1984599225,2.982062286,8.332412317785,82.37011572203501,-426.6000157220271,-0.4293806850383354,MAXHEALTH
2026-08-17,SHORT,99,2026-08-17 10:45:00,1003.9,1003.398,2026-08-17 15:00:00,995.8,996.2979,square_off,801.9000000000023,98.98514999999247,40,24.834101737500003,6.0776759008350005,0.19796989904999998,2.959004763,8.329616243979299,82.3983685443643,620.5164814556455,0.6243493621901307,MAXHEALTH
2026-08-18,LONG,98,2026-08-18 10:00:00,1014.0,1014.507,2026-08-18 15:00:00,1012.4,1011.8938,square_off,-156.80000000000223,99.29359999998724,40,24.791398100000002,6.09662944688,0.1985872784,2.98265058,8.333139010550399,82.4024044158304,-338.49600441581987,-0.3406351934305638,MAXHEALTH
2026-08-19,SHORT,99,2026-08-19 12:45:00,1003.3,1002.7984,2026-08-19 15:00:00,998.1,998.599,square_off,514.7999999999932,99.0692999999826,40,24.819259162500003,6.08284711782,0.19813834260000002,2.9658391785,8.3305773828756,82.39666118429561,333.334038815715,0.33559359046028414,MAXHEALTH
2026-08-20,LONG,99,2026-08-20 14:00:00,1000.1,1000.6,2026-08-20 15:00:00,996.6,996.1017,square_off,-346.5,98.83664999999598,40,24.653517075,6.068575628775,0.19767347324999998,2.9717821485,8.3279248383645,82.21947316388949,-527.5561231638854,-0.5328316897238412,MAXHEALTH
2026-08-21,SHORT,100,2026-08-21 10:00:00,990.5,990.0048,2026-08-21 15:00:00,997.7,998.1988,square_off,-720.0000000000045,99.40999999998894,40,24.750118750000002,6.103785052,0.19882036,2.99459655,8.33446897416,82.38178968616,-901.7917896861535,-0.9104409789865255,MAXHEALTH
2026-08-24,SHORT,100,2026-08-24 10:00:00,995.3,994.8024,2026-08-24 15:00:00,985.0,985.4925,square_off,1029.9999999999955,99.01499999998578,40,24.870058750000002,6.079505189500001,0.198029485,2.9564775,8.329956241409999,82.43402716591001,848.5509728340996,0.8525579954125386,MAXHEALTH
2026-08-25,LONG,100,2026-08-25 11:00:00,991.0,991.4955,2026-08-25 15:00:00,1006.3,1005.7968,square_off,1529.9999999999955,99.86499999998841,40,25.144921250000003,6.131687514500001,0.199729235,2.9744865000000003,8.33965501491,82.79047951441001,1347.344520485597,1.3595807472104915,MAXHEALTH
2026-08-26,LONG,98,2026-08-26 10:45:00,1019.1,1019.6096,2026-08-26 15:00:00,1017.1,1016.5915,square_off,-196.0,99.77379999998925,40,24.906490525000006,6.1261143286,0.199547698,2.997652077,8.338619164788,82.568423793388,-378.34222379337723,-0.37882788113699484,MAXHEALTH
2026-08-27,SHORT,99,2026-08-27 11:00:00,1002.0,1001.499,2026-08-27 15:00:00,1006.7,1007.2034,square_off,-465.3000000000045,99.4306499999932,40,24.78710025,6.105049052355,0.19886153265,2.9913939495,8.3347039053009,82.4171086898059,-647.1477586898036,-0.6523798450470811,MAXHEALTH
2026-08-28,SHORT,99,2026-08-28 10:00:00,1002.2,1001.6989,2026-08-28 15:00:00,1011.4,1011.9057,square_off,-910.7999999999932,99.67319999998858,40,24.792047775000004,6.11994846078,0.1993468554,3.005359929,8.337473156912399,82.45417617709238,-1092.9273761770742,-1.1015436506121625,MAXHEALTH
2026-08-31,LONG,98,2026-08-31 13:15:00,1014.0,1014.507,2026-08-31 15:00:00,1010.1,1009.595,square_off,-382.1999999999978,99.18089999999324,40,24.735076275,6.08971312677,0.19836199109999997,2.98265058,8.3318535212166,82.3376554940866,-563.7185554940776,-0.5672810806807528,MAXHEALTH
2026-09-02,SHORT,100,2026-09-02 10:15:00,992.2,991.7039,2026-09-02 15:00:00,992.5,992.9962,square_off,-29.999999999995453,99.2349999999874,40,24.792597500000003,6.0930294605,0.198470015,2.9789887499999996,8.33246990559,82.39555563109,-211.63055563107287,-0.21329425078721312,MAXHEALTH
2026-09-03,SHORT,101,2026-09-03 11:00:00,988.2,987.7059,2026-09-03 15:00:00,994.0,994.497,square_off,-585.7999999999954,100.10109999998451,40,24.939573975000002,6.146216532030001,0.2002024929,3.0133259100000003,8.3423554244874,82.6416743344174,-768.5427743343973,-0.7700196720654187,MAXHEALTH
2026-09-04,LONG,100,2026-09-04 10:15:00,999.1,999.5996,2026-09-04 15:00:00,989.3,988.8054,square_off,-980.0000000000068,99.4199999999978,40,24.720133750000002,6.1044030430000005,0.19884049,2.9987986500000003,8.33458383594,82.35675976894,-1161.7767597689447,-1.1628233007396103,MAXHEALTH
2026-09-07,LONG,101,2026-09-07 12:00:00,989.3,989.7946,2026-09-07 15:00:00,991.0,990.5045,square_off,171.7000000000046,100.00514999999712,40,25.010238625000003,6.140313574405001,0.20001021414999998,2.9990777895,8.3412582819399,82.6908984849949,-10.996048484987426,-0.01100492946306412,MAXHEALTH
2026-09-08,SHORT,101,2026-09-08 10:00:00,983.5,983.0082,2026-09-08 15:00:00,992.3,992.7961,square_off,-888.7999999999954,99.77789999998527,40,24.820958312500004,6.12637670308,0.19955624439999997,3.0081723344999998,8.3386679305464,82.49373152502642,-1071.071631525007,-1.0782582225784927,MAXHEALTH
2026-09-09,LONG,96,2026-09-09 10:15:00,1034.8,1035.3174,2026-09-09 15:00:00,1037.3,1036.7814,square_off,240.0,99.46079999999347,40,24.882752399999998,6.1068894359999994,0.19892147999999998,2.9817141119999997,8.335045964879999,82.50532339288,58.03387660712653,0.05841897448694447,MAXHEALTH
2026-09-11,LONG,96,2026-09-11 14:30:00,1039.7,1040.2198,2026-09-11 15:00:00,1038.5,1037.9808,square_off,-115.20000000000437,99.75359999999637,40,24.911538,6.12487280832,0.1995072576,2.995833168,8.3383884118656,82.57013964578562,-297.52373964578635,-0.2980865270087789,MAXHEALTH
2026-09-15,SHORT,96,2026-09-15 13:45:00,1031.4,1030.8843,2026-09-15 15:00:00,1037.7,1038.2188,square_off,-604.7999999999956,99.31679999998596,40,24.741223200000004,6.098060803680001,0.1986339024,2.9900702879999996,8.333405047094399,82.36139324117441,-786.478193241156,-0.7943068818688553,MAXHEALTH
2026-09-17,LONG,96,2026-09-17 11:45:00,1035.3,1035.8176,2026-09-17 15:00:00,1037.2,1036.6814,square_off,182.40000000000873,99.47999999998865,40,24.880353600000003,6.10806920016,0.1989599088,2.983154832,8.335265239612799,82.50580278057281,0.4141972194472743,0.0004167443609815939,MAXHEALTH
2026-09-18,LONG,94,2026-09-18 12:15:00,1052.0,1052.526,2026-09-18 15:00:00,1055.9,1055.3721,square_off,366.60000000000855,99.07129999997733,40,24.801243175000003,6.082972192690001,0.1981424167,2.9681233199999997,8.330600629690199,82.38108173408018,185.14761826595105,0.18722961154634643,MAXHEALTH
2026-09-21,SHORT,95,2026-09-21 10:30:00,1051.9,1051.3741,2026-09-21 15:00:00,1067.6,1068.1338,square_off,-1491.4999999999827,100.67624999998998,40,24.970133687500002,6.181544644524999,0.20135324574999997,3.0441813299999994,8.348921620249499,82.74613452802451,-1674.922384527997,-1.6760872651772951,MAXHEALTH
2026-09-22,SHORT,94,2026-09-22 10:30:00,1055.6,1055.0722,2026-09-22 15:00:00,1058.3,1058.8291,square_off,-253.80000000000427,99.35329999997066,40,24.7941967,6.100296515829999,0.19870672689999996,2.985898202999999,8.333820583691399,82.41291872942139,-435.5662187293963,-0.4389620289856292,MAXHEALTH
2026-09-23,LONG,93,2026-09-23 10:45:00,1064.4,1064.9322,2026-09-23 15:00:00,1056.9,1056.3716,square_off,-697.5,98.64044999999032,40,24.560638537500004,6.056534336625001,0.19728124875000003,2.9711608380000003,8.3256868053675,82.11130176624252,-878.2517517662328,-0.887219769193238,MAXHEALTH
2026-09-25,SHORT,97,2026-09-25 10:00:00,1028.3,1027.7858,2026-09-25 15:00:00,1013.8,1014.3069,square_off,1406.5,99.04184999999472,40,24.923806862499998,6.081148000224999,0.19808299675,2.951633079,8.330261579455499,82.4849325179305,1224.973217482075,1.2281036536953445,MAXHEALTH
2026-09-29,SHORT,101,2026-09-29 14:00:00,986.2,985.7069,2026-09-29 15:00:00,981.0,981.4905,square_off,525.2000000000046,99.34359999999094,40,24.889099225000002,6.0996889781800006,0.19868693739999999,2.973916215,8.3337076648044,82.4950990203844,343.3613009796293,0.3447188036283176,MAXHEALTH
2026-09-30,SHORT,109,2026-09-30 14:15:00,912.1,911.644,2026-09-30 15:00:00,926.2,926.6631,square_off,-1536.9000000000024,100.18734999999401,40,24.8422976375,6.151526881415,0.20037546844999998,3.0301883370000002,8.343342422975699,82.56773074734069,-1719.655080747337,-1.7297064046648443,MAXHEALTH
2026-08-03,SHORT,288,2026-08-03 10:15:00,346.2,346.0269,2026-08-03 15:00:00,347.7,347.8738,square_off,-432.0,99.92159999998148,40,24.9139368,6.135192871199999,0.19984341599999997,3.0056300639999995,8.340306531696001,82.594909682896,-614.5165096828775,-0.6163309881118789,NTPC
2026-08-04,LONG,286,2026-08-04 10:00:00,348.6,348.7743,2026-08-04 15:00:00,342.45,342.2788,square_off,-1758.9000000000096,98.82014999998637,40,24.4729324125,6.067584209114999,0.19764117944999998,2.992483494,8.3277405699417,82.0583818650067,-1939.7785318650026,-1.9456231839094666,NTPC
2026-08-06,SHORT,289,2026-08-06 10:15:00,345.0,344.8275,2026-08-06 15:00:00,344.2,344.3721,square_off,231.20000000000329,99.58939999998762,40,24.913786875000003,6.11478561108,0.19917868439999997,2.985706107,8.3365135731864,82.54997085066638,49.06062914934928,0.04920578621869443,NTPC
2026-08-07,SHORT,290,2026-08-07 14:15:00,343.7,343.5282,2026-08-07 15:00:00,344.0,344.172,square_off,-87.0000000000033,99.71649999999272,40,24.905790875,6.122594435449999,0.19943304349999996,2.9942963999999996,8.337964946210999,82.560079700161,-269.276579700157,-0.2701600029096717,NTPC
2026-08-10,SHORT,292,2026-08-10 10:15:00,341.35,341.1793,2026-08-10 15:00:00,339.7,339.8698,square_off,481.80000000000996,99.43329999998741,40,24.906090725000006,6.10519722437,0.1988663591,2.9772598859999997,8.3347314450246,82.52214563949461,299.8445543605279,0.30082464104103956,NTPC
2026-08-11,SHORT,296,2026-08-11 10:45:00,336.85,336.6816,2026-08-11 15:00:00,338.45,338.6192,square_off,-473.5999999999899,99.94439999998212,40,24.914436550000005,6.136593429760001,0.19988903680000003,3.006938718,8.340566843980799,82.5984245785408,-656.1428245785128,-0.6580670125231304,NTPC
2026-08-12,SHORT,296,2026-08-12 10:00:00,337.35,337.1813,2026-08-12 15:00:00,338.05,338.219,square_off,-207.19999999999663,99.95919999999523,40,24.95141805,6.1374980605200005,0.1999185036,3.003384942,8.340734981541601,82.6329545376616,-389.79215453765346,-0.39035582835379634,NTPC
2026-08-13,LONG,292,2026-08-13 12:15:00,342.05,342.221,2026-08-13 15:00:00,342.0,341.829,square_off,-14.60000000000332,99.87129999999365,40,24.953517,6.13209804411,0.19974260729999999,2.9978561790000002,8.3397313172538,82.62294514766378,-197.09424514766076,-0.19733380839104747,NTPC
2026-08-14,SHORT,293,2026-08-14 10:45:00,340.45,340.2798,2026-08-14 15:00:00,339.35,339.5197,square_off,322.29999999999,99.59069999998337,40,24.925493518750002,6.114864032695,0.19918123885,2.98437794325,8.3365281488781,82.5604448824231,140.14885511758354,0.1404974996629973,NTPC
2026-08-17,SHORT,296,2026-08-17 10:00:00,337.75,337.5811,2026-08-17 15:00:00,336.6,336.7683,square_off,340.39999999999327,99.80379999998377,40,24.98100325,6.127948094860001,0.1996074298,2.990502504,8.3389599944388,82.6380212730988,157.95817872691072,0.1579992585341296,NTPC
2026-08-18,LONG,295,2026-08-18 10:00:00,338.55,338.7193,2026-08-18 15:00:00,338.25,338.0809,square_off,-88.50000000000335,99.82799999999372,40,24.93346453125,6.129440558475,0.19965604425,2.99766558375,8.3392373884905,82.5994641062155,-270.9274641062126,-0.27127401666249895,NTPC
2026-08-19,SHORT,297,2026-08-19 10:15:00,335.85,335.6821,2026-08-19 15:00:00,335.45,335.6177,square_off,118.80000000001013,99.68804999997923,40,24.924394068750004,6.12084444642,0.19937604059999997,2.9903539297499995,8.337639687663598,82.5726081731836,-63.460658173152694,-0.0636213338517954,NTPC
2026-08-20,LONG,295,2026-08-20 11:30:00,338.05,338.219,2026-08-20 15:00:00,338.55,338.3807,square_off,147.5,99.79849999998436,40,24.95557846875,6.127625635875001,0.19959692624999997,2.99323837125,8.3389000611825,82.61493946330751,-34.913439463291866,-0.03500980394866055,NTPC
2026-08-21,LONG,294,2026-08-21 10:15:00,339.7,339.8698,2026-08-21 15:00:00,339.3,339.1304,square_off,-117.59999999999332,99.81299999999612,40,24.926080725000002,6.12852000516,0.19962605879999998,2.997652077,8.3390662915128,82.59094515747282,-300.0039451574622,-0.3003890439117571,NTPC
2026-08-24,SHORT,294,2026-08-24 10:00:00,340.0,339.83,2026-08-24 15:00:00,339.25,339.4196,square_off,220.5,99.8497499999869,40,24.977505000000004,6.130771265325,0.19969938975,2.9936810925,8.3394847179135,82.64114146548849,38.009108534524614,0.03802431826182935,NTPC
2026-08-25,SHORT,296,2026-08-25 10:15:00,337.35,337.1813,2026-08-25 15:00:00,338.45,338.6192,square_off,-325.5999999999899,100.0183999999972,40,24.95141805,6.14113475796,0.2000369628,3.006938718,8.341410909736801,82.64093939849681,-508.2593393984839,-0.5089943272069708,NTPC
2026-08-26,SHORT,294,2026-08-26 11:15:00,339.4,339.2303,2026-08-26 15:00:00,336.4,336.5682,square_off,882.0,99.34259999998051,40,24.93342705,6.0996221013,0.198684759,2.9685315239999994,8.333695234853998,82.533960669154,700.1234393308655,0.7016417921691195,NTPC
2026-08-27,SHORT,301,2026-08-27 10:00:00,331.8,331.6341,2026-08-27 15:00:00,329.25,329.4146,square_off,767.5500000000034,99.48802499998976,40,24.955466025000007,6.108552953107501,0.19897566622500001,2.9746140637500003,8.335355151479849,82.57296385956235,585.4890111404512,0.5862405715531824,NTPC
2026-08-28,LONG,302,2026-08-28 10:15:00,330.7,330.8654,2026-08-28 15:00:00,331.1,330.9345,square_off,120.8000000000103,99.93179999999563,40,24.985550975000002,6.13581066572,0.19986353959999997,2.9976400709999997,8.340421356957599,82.6592866082776,-61.79108660826293,-0.06187065226707839,NTPC
2026-08-31,SHORT,308,2026-08-31 14:15:00,323.7,323.5382,2026-08-31 15:00:00,326.1,326.263,square_off,-739.2000000000105,100.06919999998672,40,24.912437550000003,6.14426022672,0.20013876960000002,3.0146705820000004,8.3419918193376,82.6134989476576,-921.8826989476548,-0.9246603787253458,NTPC
2026-09-01,SHORT,307,2026-09-01 10:00:00,325.25,325.0874,2026-09-01 15:00:00,327.05,327.2135,square_off,-552.6000000000035,100.12804999999514,40,24.95045603125,6.14787075241,0.20025637629999998,3.01363656525,8.342662883167801,82.6548826083778,-735.3829326083764,-0.736474756434791,NTPC
2026-09-02,LONG,305,2026-09-02 10:00:00,326.55,326.7133,2026-09-02 15:00:00,329.9,329.735,square_off,1021.7499999999895,100.10862499999234,40,25.1422975625,6.1466538911375,0.200216739125,2.9894264662500003,8.342436713447249,82.82103137245974,838.8203436275375,0.8422081258136227,NTPC
2026-09-03,LONG,300,2026-09-03 11:15:00,332.2,332.3661,2026-09-03 15:00:00,329.7,329.5352,square_off,-750.0,99.2849999999919,40,24.71513625,6.096110512499999,0.19857037499999997,2.9912948999999998,8.333042559749998,82.33415459725,-931.619154597242,-0.9347974659815792,NTPC
2026-09-04,LONG,300,2026-09-04 11:00:00,332.45,332.6162,2026-09-04 15:00:00,332.8,332.6336,square_off,105.00000000000682,99.78750000000218,40,24.94752,6.12695088825,0.1995749475,2.9935460249999997,8.338774650434999,82.60636651118499,-77.39386651118035,-0.07759950519996024,NTPC
2026-09-07,SHORT,302,2026-09-07 13:30:00,330.8,330.6346,2026-09-07 15:00:00,331.35,331.5157,square_off,-166.10000000000343,99.98464999998237,40,24.962912300000003,6.139060059635,0.19996938305,3.0035320155,8.341025299683299,82.6464990578683,-348.7311490578541,-0.34907463850214016,NTPC
2026-09-08,LONG,300,2026-09-08 14:15:00,332.15,332.3161,2026-09-08 15:00:00,332.7,332.5336,square_off,165.0000000000034,99.72749999998314,40,24.94002375,6.123265967249999,0.19945491749999997,2.9908446749999995,8.338089759254999,82.59167906900501,-17.319179068984738,-0.01738088119723492,NTPC
2026-09-09,LONG,297,2026-09-09 10:30:00,336.4,336.5682,2026-09-09 15:00:00,334.4,334.2328,square_off,-594.0,99.61379999998098,40,24.8167854,6.116296437899999,0.199227897,2.9988226619999994,8.336794380282,82.467926777182,-776.081726777163,-0.7767746097290414,NTPC
2026-09-10,LONG,298,2026-09-10 11:15:00,335.15,335.3176,2026-09-10 15:00:00,334.1,333.933,square_off,-312.89999999998645,99.71824999998807,40,24.878004775000004,6.122705353015,0.19943665645,2.9977391205,8.3379855617037,82.53587146666872,-495.15412146664323,-0.49577532795256785,NTPC
2026-09-11,LONG,297,2026-09-11 12:30:00,335.4,335.5677,2026-09-11 15:00:00,333.9,333.733,square_off,-445.5,99.39104999998625,40,24.7796789625,6.102617308425,0.19878232274999996,2.9899082069999996,8.3342519336115,82.4052387342865,-627.2962887342728,-0.6297282994266586,NTPC
2026-09-15,SHORT,304,2026-09-15 10:00:00,328.0,327.836,2026-09-15 15:00:00,327.55,327.7138,square_off,136.79999999999654,99.64359999999215,40,24.915536,6.11811494012,0.1992871316,2.988749628,8.337132372909599,82.55882007262959,-45.40242007262519,-0.04553355671596718,NTPC
2026-09-16,SHORT,305,2026-09-16 10:15:00,326.85,326.6866,2026-09-16 15:00:00,328.05,328.214,square_off,-365.99999999999653,99.87224999998233,40,24.909851343750006,6.132161768100001,0.19974468300000003,3.00315832875,8.339743161198,82.58465928479802,-548.4569092847769,-0.550166551844634,NTPC
2026-09-17,LONG,303,2026-09-17 10:15:00,329.5,329.6647,2026-09-17 15:00:00,329.4,329.2353,square_off,-30.30000000000689,99.82334999998534,40,24.939573975,6.129154155105001,0.19964671515,2.9966525775,8.3391841566459,82.6042115794009,-212.72756157939313,-0.2130716723302064,NTPC
2026-09-18,SHORT,305,2026-09-18 11:15:00,327.4,327.2363,2026-09-18 15:00:00,328.15,328.3141,square_off,-228.75,99.97137499999212,40,24.951767874999998,6.138245936312499,0.19994286437499997,3.0040737862499998,8.34087398412375,82.63490444606126,-411.35627944605335,-0.4119453613127305,NTPC
2026-09-22,SHORT,306,2026-09-22 10:45:00,326.45,326.2868,2026-09-22 15:00:00,327.45,327.6137,square_off,-306.0,100.04669999998589,40,24.960938287500003,6.1428720771,0.20009355299999998,3.0074939955,8.341733813418,82.653131726518,-488.6998317265039,-0.4892198724509192,NTPC
2026-09-23,SHORT,305,2026-09-23 10:15:00,326.9,326.7366,2026-09-23 15:00:00,327.4,327.5637,square_off,-152.5,99.78074999998796,40,24.913661937500002,6.126540390875,0.19956157624999998,2.997207855,8.3386983540825,82.57567011370749,-334.85642011369544,-0.3358488534757162,NTPC
2026-09-24,SHORT,307,2026-09-24 10:30:00,325.35,325.1873,2026-09-24 15:00:00,326.45,326.6132,square_off,-337.69999999998953,100.0512999999795,40,24.958127193750002,6.143155003695,0.20010276885,3.0081078022499996,8.3417863990581,82.6512791676031,-520.4025791675722,-0.5210150323380855,NTPC
2026-09-25,SHORT,308,2026-09-25 11:30:00,324.4,324.2378,2026-09-25 15:00:00,325.9,326.0629,square_off,-462.0,100.1461999999849,40,24.9663106,6.148983771699999,0.20029263099999997,3.0128216579999996,8.342869752486,82.67127841318599,-644.8174784131709,-0.6453647477192368,NTPC
2026-09-28,SHORT,309,2026-09-28 10:00:00,322.9,322.7385,2026-09-28 15:00:00,320.7,320.8604,square_off,679.7999999999965,99.43619999999879,40,24.931552987499998,6.105372245069999,0.19887206009999997,2.9743754444999997,8.334763974930599,82.5449367121006,497.8188632878972,0.4989359809492426,NTPC
2026-09-29,LONG,310,2026-09-29 13:15:00,322.25,322.4111,2026-09-29 15:00:00,322.8,322.6386,square_off,170.50000000000352,99.98274999997761,40,25.004491500000004,6.138938232825001,0.19996541475000001,2.9984234625,8.3410026565635,82.6828212666385,-12.165571266612588,-0.01217805377172861,NTPC
2026-09-30,SHORT,311,2026-09-30 10:00:00,321.15,320.9894,2026-09-30 15:00:00,320.15,320.3101,square_off,311.0,99.72215000000017,40,24.956927793749998,6.122935236149999,0.19944414449999998,2.9884929997499996,8.338028288516998,82.60582846266699,128.67202153733285,0.12882964460751015,NTPC
2026-08-03,LONG,65,2026-08-03 10:45:00,1522.5,1523.2612,2026-08-03 15:00:00,1513.3,1512.5434,square_off,-598.000000000003,98.66349999998874,40,24.578829437500005,6.057948079300001,0.197327299,2.9703594375,8.325949568094,82.130413821394,-778.7939138213857,-0.7869586093938468,NESTLEIND
2026-08-04,LONG,65,2026-08-04 10:00:00,1528.5,1529.2642,2026-08-04 15:00:00,1488.1,1487.3559,square_off,-2626.000000000006,98.03949999999759,40,24.1695341875,6.0196656091,0.19608031299999998,2.9820652874999998,8.318834265978,81.68617966307801,-2805.7256796630813,-2.824011151871449,NESTLEIND
2026-08-05,LONG,66,2026-08-05 10:00:00,1513.8,1514.5569,2026-08-05 15:00:00,1516.4,1515.6418,square_off,171.600000000009,99.99659999998994,40,25.0080897,6.13978860594,0.1999931142,2.998822662,8.3411607096252,82.68785479176519,-11.084454791746126,-0.011094350952796019,NESTLEIND
2026-08-06,SHORT,65,2026-08-06 12:15:00,1520.6,1519.8397,2026-08-06 15:00:00,1527.8,1528.5639,square_off,-468.00000000000296,99.0729999999894,40,24.697395125,6.083089383799999,0.19814623399999998,2.980699605,8.330622411204,82.28995275900401,-649.3629527589964,-0.6569906137850406,NESTLEIND
2026-08-07,LONG,64,2026-08-07 10:00:00,1547.6,1548.3738,2026-08-07 15:00:00,1540.3,1539.5299,square_off,-467.1999999999971,98.81279999998515,40,24.6324776,6.06711309152,0.1976258336,2.972877696,8.3276530065216,82.1977472276416,-648.2105472276238,-0.6544513957373755,NESTLEIND
2026-08-10,SHORT,65,2026-08-10 10:00:00,1535.5,1534.7322,2026-08-10 15:00:00,1523.6,1524.3618,square_off,773.5000000000059,99.42074999999818,40,24.9393990625,6.1044221767749995,0.19884111324999998,2.97250551,8.3345873922045,82.5497552547295,591.5294947452783,0.5926703852368592,NESTLEIND
2026-08-11,SHORT,66,2026-08-11 10:00:00,1511.4,1510.6443,2026-08-11 15:00:00,1502.7,1503.4514,square_off,574.200000000003,99.46529999999575,40,24.925630950000002,6.107160606030001,0.19893031290000002,2.9768336730000002,8.3350963654074,82.5436519073374,392.19104809266986,0.3931645234527388,NESTLEIND
2026-08-12,SHORT,66,2026-08-12 14:15:00,1499.1,1498.3504,2026-08-12 15:00:00,1498.0,1498.749,square_off,72.599999999994,98.90430000000151,40,24.722782425,6.07272290559,0.1978085637,2.9675230200000002,8.3286956644722,82.28953257876219,-108.5938325787697,-0.10975659393491623,NESTLEIND
2026-08-13,LONG,65,2026-08-13 10:15:00,1516.7,1517.4583,2026-08-13 15:00:00,1496.7,1495.9517,square_off,-1300.0,97.93549999997936,40,24.309214312500004,6.013259655000001,0.19587165,2.9590437824999998,8.317643634900001,81.7950330349,-1479.7305330348793,-1.5009616353671476,NESTLEIND
2026-08-14,LONG,66,2026-08-14 10:45:00,1511.0,1511.7555,2026-08-14 15:00:00,1503.2,1502.4484,square_off,-514.799999999997,99.46859999998742,40,24.790398600000003,6.107379942180001,0.19893745740000002,2.99327589,8.335137131924402,82.42512902150442,-696.6937290214888,-0.6986079147077882,NESTLEIND
2026-08-17,SHORT,67,2026-08-17 11:00:00,1477.0,1476.2615,2026-08-17 15:00:00,1473.0,1473.7365,square_off,268.0,98.8249999999939,40,24.727380125,6.0678508862000005,0.197649866,2.962210365,8.327790135396,82.28288137759601,86.89211862241008,0.08780618096626894,NESTLEIND
2026-08-18,SHORT,68,2026-08-18 12:00:00,1470.2,1469.4649,2026-08-18 15:00:00,1461.2,1461.9306,square_off,612.0,99.66759999998249,40,24.9809033,6.1195812458,0.19933489399999998,2.982338424,8.337404905164,82.61956276896402,429.7128372310535,0.42982631137725713,NESTLEIND
2026-08-19,SHORT,68,2026-08-19 11:00:00,1459.8,1459.0701,2026-08-19 15:00:00,1461.4,1462.1307,square_off,-108.80000000000928,99.32079999997677,40,24.804191700000004,6.098298790080001,0.1986416544,2.982746628,8.3334492800064,82.41732805248641,-290.5381280524725,-0.2926852671724496,NESTLEIND
2026-08-20,SHORT,68,2026-08-20 10:15:00,1468.9,1468.1656,2026-08-20 15:00:00,1454.9,1455.6274,square_off,952.0,99.4091999999855,40,24.958814350000004,6.1037102668,0.198817924,2.969479998,8.334455074344,82.56527761314399,770.0255223868705,0.7709105276726387,NESTLEIND
2026-08-21,LONG,67,2026-08-21 12:45:00,1469.8,1470.5349,2026-08-21 15:00:00,1473.3,1472.5634,square_off,234.5,98.59384999998338,40,24.665436112500004,6.0536587904250005,0.19718758274999998,2.955775149,8.3251523471715,82.19720998184651,53.70894001817011,0.05453979932102664,NESTLEIND
2026-08-24,SHORT,68,2026-08-24 10:45:00,1468.9,1468.1656,2026-08-24 15:00:00,1462.6,1463.3313,square_off,428.40000000001237,99.67099999998936,40,24.958814350000004,6.11979282406,0.1993417858,2.9851958519999995,8.3374442297748,82.60058904163482,246.1284109583882,0.24641129112059462,NESTLEIND
2026-08-25,LONG,67,2026-08-25 12:00:00,1473.4,1474.1367,2026-08-25 15:00:00,1467.5,1466.7663,square_off,-395.3000000000061,98.52014999998664,40,24.568334687500002,6.049143277855,0.19704049764999998,2.9630147669999998,8.3243130795909,82.10184630959589,-575.9219963095886,-0.5834023816470673,NESTLEIND
2026-08-26,SHORT,68,2026-08-26 10:00:00,1468.4,1467.6658,2026-08-26 15:00:00,1455.1,1455.8275,square_off,904.4000000000124,99.39899999998033,40,24.950318600000003,6.10308471746,0.19879754779999997,2.9698882019999995,8.3343388077468,82.5564278750068,722.4445721250253,0.7235211716284082,NESTLEIND
2026-08-27,SHORT,69,2026-08-27 10:00:00,1446.0,1445.277,2026-08-27 15:00:00,1448.7,1449.4244,square_off,-186.30000000000314,99.86714999999413,40,24.93102825,6.131845869705,0.19973439315,3.0003084045,8.3396844473139,82.6026013646689,-368.76975136466615,-0.3696050587975486,NESTLEIND
2026-08-28,SHORT,69,2026-08-28 11:15:00,1445.4,1444.6773,2026-08-28 15:00:00,1444.8,1445.5224,square_off,41.40000000000941,99.71189999999388,40,24.920683425,6.12231002451,0.1994237793,2.9922313679999997,8.337912084685799,82.5725606814958,-140.88446068148028,-0.14126219579303084,NESTLEIND
2026-08-31,LONG,69,2026-08-31 10:00:00,1444.3,1445.0221,2026-08-31 15:00:00,1448.8,1448.0756,square_off,310.5,99.8119499999766,40,24.9793041,6.128448963825,0.19962374474999997,2.9911958504999996,8.339053087543501,82.63762574661851,128.05042425340488,0.12849153569544736,NESTLEIND
2026-09-01,SHORT,69,2026-09-01 13:45:00,1443.9,1443.1781,2026-09-01 15:00:00,1444.9,1445.6224,square_off,-69.0,99.66359999999031,40,24.894821362500004,6.11934609915,0.1993272345,2.9924384715000003,8.337361200057,82.543294367707,-251.20689436769732,-0.25214208937719734,NESTLEIND
2026-09-02,SHORT,70,2026-09-02 10:15:00,1417.0,1416.2915,2026-09-02 15:00:00,1421.5,1422.2108,square_off,-315.0,99.3474999999944,40,24.78510125,6.09994133525,0.1986951575,2.9866425750000003,8.333754568695,82.404134886445,-496.7516348864394,-0.500808181153785,NESTLEIND
2026-09-03,SHORT,70,2026-09-03 11:15:00,1412.0,1411.294,2026-09-03 15:00:00,1414.3,1415.0072,square_off,-160.99999999999682,98.92049999999017,40,24.697645,6.07372117135,0.1978410805,2.971515015,8.328881205332998,82.26960347218298,-342.19010347217,-0.34620609416447795,NESTLEIND
2026-09-04,LONG,70,2026-09-04 10:15:00,1415.3,1416.0076,2026-09-04 15:00:00,1409.5,1408.7953,square_off,-405.9999999999968,98.86799999997947,40,24.653916875000004,6.0705014321,0.197736203,2.9736160649999994,8.328282774318,82.22405334941801,-587.0920533493943,-0.5925972821001043,NESTLEIND
2026-09-07,SHORT,71,2026-09-07 10:00:00,1395.0,1394.3025,2026-09-07 15:00:00,1400.2,1400.9001,square_off,-369.20000000000323,99.2296000000008,40,24.748869374999998,6.09270310722,0.1984593846,2.9839172130000002,8.3324092485276,82.3563583283476,-550.7859583283516,-0.5560966816379945,NESTLEIND
2026-09-08,LONG,70,2026-09-08 10:15:00,1408.5,1409.2042,2026-09-08 15:00:00,1399.7,1399.0002,square_off,-615.9999999999968,98.28699999999799,40,24.482502625000002,6.0348312556,0.19657430799999998,2.959328925,8.321653001448,81.99489011504798,-796.2818901150428,-0.8076290786703614,NESTLEIND
2026-09-09,SHORT,71,2026-09-09 10:15:00,1391.4,1390.7043,2026-09-09 15:00:00,1395.4,1396.0977,square_off,-284.0,98.93139999999494,40,24.685001325,6.074392319400001,0.19786294199999999,2.973688101,8.329005947052,82.259950634452,-465.19135063444696,-0.4708919688088468,NESTLEIND
2026-09-10,SHORT,71,2026-09-10 10:45:00,1390.0,1389.305,2026-09-10 15:00:00,1380.9,1381.5904,square_off,646.0999999999935,98.36694999998326,40,24.66016375,6.039720812364999,0.19673357695,2.9427876585,8.322561790076701,82.1619675878917,465.5710824121186,0.4717510207843941,NESTLEIND
2026-09-11,LONG,72,2026-09-11 10:00:00,1386.8,1387.4934,2026-09-11 15:00:00,1380.4,1379.7098,square_off,-460.7999999999902,99.6191999999919,40,24.834776400000003,6.11662595328,0.1992386304,2.9969857439999994,8.3368556250624,82.4844823527424,-642.9036823527244,-0.6438720659398981,NESTLEIND
2026-09-15,SHORT,72,2026-09-15 10:00:00,1381.9,1381.2091,2026-09-15 15:00:00,1367.9,1368.584,square_off,1008.0,98.99279999998544,40,24.861762900000002,6.0781424472,0.197985096,2.956141332,8.329702957776,82.42373473297599,826.5834652670386,0.830763869056129,NESTLEIND
2026-09-17,SHORT,72,2026-09-17 11:15:00,1378.6,1377.9107,2026-09-17 15:00:00,1374.5,1375.1872,square_off,295.19999999999345,99.11159999999654,40,24.8023926,6.085447708679999,0.1982230524,2.9704044599999997,8.331060736994399,82.3875285580744,113.70087144192252,0.11454945379564062,NESTLEIND
2026-09-18,LONG,72,2026-09-18 10:30:00,1379.8,1380.4899,2026-09-18 15:00:00,1365.5,1364.8172,square_off,-1029.5999999999967,98.83079999998517,40,24.566710500000003,6.06822692436,0.19766211479999998,2.981858184,8.3278600270488,82.1423177502088,-1210.5731177501907,-1.2185472912239603,NESTLEIND
2026-09-21,LONG,72,2026-09-21 12:30:00,1378.4,1379.0892,2026-09-21 15:00:00,1384.7,1384.0076,square_off,453.5999999999967,99.4716000000044,40,24.9121377,6.10754927724,0.1989429732,2.9788326720000002,8.3351686050792,82.5326312275192,271.5957687724731,0.2736624677287607,NESTLEIND
2026-09-22,SHORT,72,2026-09-22 10:45:00,1375.5,1374.8123,2026-09-22 15:00:00,1366.5,1367.1832,square_off,648.0,98.71199999997407,40,24.746620500000006,6.0609068532000006,0.197423676,2.95311582,8.326499495255998,82.284566344456,467.00343365556995,0.471549167631538,NESTLEIND
2026-09-23,LONG,72,2026-09-23 10:00:00,1378.6,1379.2893,2026-09-23 15:00:00,1378.5,1377.8108,square_off,-7.199999999993452,99.25559999999314,40,24.8005935,6.094293950520001,0.19851120360000002,2.979264888,8.3327049277416,82.40536846986161,-188.86096846984822,-0.1902704922766335,NESTLEIND
2026-09-24,SHORT,72,2026-09-24 10:00:00,1372.9,1372.2136,2026-09-24 15:00:00,1351.7,1352.3758,square_off,1526.4000000000033,98.08559999998397,40,24.699843900000005,6.02243240976,0.19617043680000001,2.921131836,8.319348512380799,82.15892709494081,1346.1554729050786,1.361832893171266,NESTLEIND
2026-09-28,LONG,73,2026-09-28 10:15:00,1350.6,1351.2753,2026-09-28 15:00:00,1348.1,1347.426,square_off,-182.5,98.50254999998037,40,24.5905235875,6.048059371375,0.19700519125,2.9592929069999996,8.3241116212725,82.11899267839752,-363.12154267837786,-0.36830058551184547,NESTLEIND
2026-09-29,SHORT,74,2026-09-29 10:00:00,1338.5,1337.8308,2026-09-29 15:00:00,1336.9,1337.5684,square_off,118.39999999999327,98.98979999998619,40,24.749868875,6.07797190256,0.1979795408,2.9694019590000003,8.329671259804801,82.3248935371648,-62.91469353715772,-0.06351875691542339,NESTLEIND
2026-09-30,SHORT,75,2026-09-30 10:45:00,1327.2,1326.5364,2026-09-30 15:00:00,1316.1,1316.758,square_off,832.5000000000102,99.12374999998974,40,24.872557500000003,6.086185471125001,0.19824708375,2.9627056124999998,8.331197859877499,82.4508935272525,650.925356472768,0.653933450344352,NESTLEIND
2026-08-03,LONG,412,2026-08-03 10:00:00,242.32,242.4412,2026-08-03 15:00:00,240.26,240.1399,square_off,-848.7200000000009,99.41147999998509,40,24.73440661,6.103877899852,0.19882338436,2.9965727375999998,8.33448623115816,82.36816686297016,-1030.499646862956,-1.0321940966920857,ONGC
2026-08-04,LONG,411,2026-08-04 10:00:00,243.08,243.2015,2026-08-04 15:00:00,240.87,240.7496,square_off,-908.3100000000032,99.45172499998688,40,24.73701780375,6.1063498575585005,0.19890390415499998,2.9986749882,8.33494567710843,82.37589223077194,-1090.137617230762,-1.0911646213723976,ONGC
2026-08-05,SHORT,416,2026-08-05 10:45:00,240.25,240.1299,2026-08-05 15:00:00,239.37,239.4897,square_off,366.0799999999981,99.7609599999787,40,24.973507,6.125317324672,0.19952173695999997,2.9888312688,8.33847103109376,82.62564836152575,183.69339163849367,0.1837963175763364,ONGC
2026-08-06,SHORT,420,2026-08-06 10:00:00,237.96,237.841,2026-08-06 15:00:00,237.59,237.7088,square_off,155.4000000000019,99.86549999998772,40,24.973307100000003,6.13173931461,0.1997309223,2.995130817,8.3396646426438,82.63957279655381,-27.105072796539616,-0.027120477227604897,ONGC
2026-08-07,SHORT,420,2026-08-07 12:45:00,237.97,237.851,2026-08-07 15:00:00,237.63,237.7488,square_off,142.80000000000143,99.87599999998508,40,24.974356575,6.1323842080199995,0.19975192860000002,2.995635069,8.339784504591599,82.64191228521159,-39.71791228519524,-0.039738814901833605,ONGC
2026-08-10,SHORT,418,2026-08-10 10:15:00,238.88,238.7606,2026-08-10 15:00:00,239.9,240.02,square_off,-426.3600000000043,100.06501999999415,40,24.95047852,6.143998772626,0.20013025318,3.009850173,8.34194322464508,82.6464009434511,-609.0714209434495,-0.6099751601407141,ONGC
2026-08-11,SHORT,416,2026-08-11 11:00:00,240.21,240.0899,2026-08-11 15:00:00,239.93,240.05,square_off,116.48000000000047,99.86911999998938,40,24.96934908,6.131962180032,0.19973818175999997,2.9958235631999997,8.33970606512256,82.63657907011456,-66.02569907010347,-0.06607369500215304,ONGC
2026-08-12,SHORT,417,2026-08-12 10:00:00,239.57,239.4502,2026-08-12 15:00:00,240.05,240.17,square_off,-200.16000000000759,100.0007699999905,40,24.962684913750003,6.140050350456001,0.20000164008,3.00452701275,8.34120935829648,82.64847327533248,-382.8092432753306,-0.3831897890548409,ONGC
2026-08-13,LONG,416,2026-08-13 12:45:00,240.03,240.15,2026-08-13 15:00:00,239.52,239.4002,square_off,-212.15999999999622,99.74639999999181,40,24.89762496,6.124432216656,0.19949290607999998,2.9970721872,8.33830652209248,82.55692879202849,-394.4633287920165,-0.39504610079991653,ONGC
2026-08-14,SHORT,421,2026-08-14 10:30:00,237.1,236.9814,2026-08-14 15:00:00,235.95,236.068,square_off,484.15000000000236,99.57702499998817,40,24.9422976125,6.114021903297499,0.19915380792499998,2.9815385242499994,8.33637162802005,82.57338347599254,301.99959152402164,0.30254689886406677,ONGC
2026-08-17,LONG,417,2026-08-17 13:00:00,239.12,239.2396,2026-08-17 15:00:00,238.62,238.5007,square_off,-208.5,99.6087899999846,40,24.8636969325,6.115982906475001,0.19921768425,2.9928868956,8.3367361063305,82.5085205251555,-390.6173105251401,-0.39174145179521164,ONGC
2026-08-18,SHORT,418,2026-08-18 11:45:00,239.06,238.9405,2026-08-18 15:00:00,239.55,239.6698,square_off,-204.8200000000038,100.02948999998881,40,24.969279115000003,6.141813829987,0.20005908240999998,3.0054589785,8.34153712423146,82.65814813012847,-387.5076381301211,-0.3877904149006667,ONGC
2026-08-19,SHORT,418,2026-08-19 12:15:00,239.0,238.8805,2026-08-19 15:00:00,237.63,237.7488,square_off,572.6600000000019,99.61566999998814,40,24.963012250000002,6.116393347669,0.19923105367,2.9813701401,8.336812392241018,82.59681918368003,390.44751081633376,0.3908305247305698,ONGC
2026-08-21,SHORT,420,2026-08-21 11:30:00,237.76,237.6411,2026-08-21 15:00:00,236.45,236.5682,square_off,550.200000000001,99.5840999999939,40,24.9523176,6.11445529443,0.19916792489999996,2.9807596349999996,8.3364521794794,82.58315263380939,368.03274736619767,0.3685516681149035,ONGC
2026-08-25,SHORT,425,2026-08-25 11:15:00,235.27,235.1524,2026-08-25 15:00:00,234.0,234.117,square_off,539.7500000000043,99.71987499998676,40,24.984938781250005,6.1227920398375,0.19943948012499998,2.98499175,8.33800167359325,82.63016372480577,357.3999612752118,0.3574365985265608,ONGC
2026-08-27,SHORT,430,2026-08-27 10:30:00,232.12,232.0039,2026-08-27 15:00:00,232.2,232.3161,square_off,-34.399999999993156,99.82879999998488,40,24.940423550000002,6.12948884804,0.19965761720000003,2.99687769,8.3392463637432,82.60569406898321,-216.83449406896125,-0.21724378135303035,ONGC
2026-08-28,LONG,428,2026-08-28 10:15:00,233.2,233.3166,2026-08-28 15:00:00,232.38,232.2638,square_off,-350.9599999999971,99.63411999998539,40,24.85222767,6.117540355235999,0.19926841547999996,2.9957851439999996,8.33702557872888,82.50184716344489,-533.0959671634273,-0.5341129181596033,ONGC
2026-08-31,SHORT,429,2026-08-31 11:00:00,232.67,232.5537,2026-08-31 15:00:00,232.35,232.4662,square_off,137.27999999999707,99.746789999996,40,24.94138057125,6.124450798752,0.19949351136,2.99183967225,8.33830997582016,82.59547452943215,-45.062264529431076,-0.045145589744422364,ONGC
2026-09-01,LONG,425,2026-09-01 11:15:00,235.04,235.1575,2026-09-01 15:00:00,235.88,235.7621,square_off,357.0000000000015,100.0704999999833,40,25.049718875000003,6.14432322005,0.2001408215,2.99825838,8.342003527479,82.73444482402898,174.19505517598918,0.17438338923636446,ONGC
2026-09-03,SHORT,423,2026-09-03 10:45:00,236.11,235.9919,2026-09-03 15:00:00,235.82,235.9379,square_off,122.67000000000866,99.81319499999708,40,24.956148183750003,6.128528290015501,0.19962632866500002,2.9940520778999997,8.339067831362492,82.617422711693,-59.76061771168142,-0.05983569355638661,ONGC
2026-09-07,SHORT,428,2026-09-07 10:45:00,233.44,233.3233,2026-09-07 15:00:00,233.2,233.3166,square_off,102.72000000000389,99.8609599999844,40,24.96559096,6.131461367247999,0.19972186863999997,2.9957851439999996,8.33961298245984,82.63217232234783,-79.77313232232834,-0.07984313878641627,ONGC
2026-09-08,SHORT,430,2026-09-08 11:00:00,232.41,232.2938,2026-09-08 15:00:00,236.45,236.5682,square_off,-1737.1999999999966,100.80489999998917,40,24.9715829625,6.18944752602,0.2016106686,3.0517301024999997,8.350390475031599,82.76476173465161,-1920.7696617346373,-1.921993971894734,ONGC
2026-09-09,SHORT,421,2026-09-09 10:00:00,237.34,237.2213,2026-09-09 15:00:00,235.78,235.8979,square_off,656.7600000000009,99.59175999998686,40,24.967544982500005,6.114923982734,0.19918319162,2.9793903507,8.336539291383719,82.59758179893771,474.57065820107636,0.4749499532337288,ONGC
2026-09-10,SHORT,424,2026-09-10 13:00:00,235.82,235.7021,2026-09-10 15:00:00,236.61,236.7283,square_off,-334.9600000000087,100.15515999999457,40,24.98442154,6.149531965636,0.20031048748,3.0111840396000003,8.34297164156088,82.68841967427687,-517.8035796742802,-0.5178673809356115,ONGC
2026-09-11,SHORT,421,2026-09-11 10:45:00,237.2,237.0814,2026-09-11 15:00:00,234.37,234.4872,square_off,1191.4299999999932,99.265484999985,40,24.95281735,6.0948824905495,0.19853037428499998,2.9615731465499997,8.332814315670209,82.5406176770547,1009.6238973229534,1.0110272030808296,ONGC
2026-09-15,LONG,425,2026-09-15 10:00:00,235.06,235.1775,2026-09-15 15:00:00,233.53,233.4132,square_off,-650.2500000000005,99.57537499998921,40,24.800156218750004,6.1139380063375,0.199151075125,2.9985135075,8.33635603466325,82.44811484237576,-832.2734898423654,-0.8331024267569885,ONGC
2026-09-16,SHORT,426,2026-09-16 10:00:00,234.36,234.2428,2026-09-16 15:00:00,234.87,234.9874,square_off,-217.25999999999613,99.94598999999613,40,24.946860330000003,6.1366871209410006,0.19989208863,3.0031394193,8.34058425772278,82.62716321659379,-399.833153216586,-0.4004845012093529,ONGC
2026-09-17,SHORT,429,2026-09-17 11:45:00,233.04,232.9235,2026-09-17 15:00:00,232.19,232.3061,square_off,364.6499999999976,99.791834999992,40,24.981043230000004,6.127213071622501,0.199583487675,2.98977944265,8.33882338067355,82.63644261262107,182.2217223873845,0.1822688206506406,ONGC
2026-09-18,LONG,428,2026-09-18 10:00:00,232.93,233.0465,2026-09-18 15:00:00,234.0,233.883,square_off,457.9599999999971,99.92301999998585,40,25.025481,6.135266398314,0.19984581101999999,2.9923166106,8.340320197680121,82.69323001761413,275.34374998239707,0.2761887771650111,ONGC
2026-09-21,LONG,427,2026-09-21 11:30:00,233.88,233.9969,2026-09-21 15:00:00,235.06,234.9425,square_off,503.8600000000029,100.11868999999467,40,25.080108672500003,6.1472798317490005,0.20023712807,2.9975008014,8.342553052767421,82.76767948648643,320.9736305135218,0.32140186636026025,ONGC
2026-09-22,SHORT,427,2026-09-22 10:15:00,233.86,233.7431,2026-09-22 15:00:00,235.35,235.4677,square_off,-636.2299999999917,100.17633499999476,40,24.952072722500002,6.1508367351305,0.200352988115,3.01634091675,8.343214150184188,82.66281751267968,-819.0691525126662,-0.8202320775522197,ONGC
2026-09-23,LONG,423,2026-09-23 10:00:00,235.7,235.8178,2026-09-23 15:00:00,236.36,236.2418,square_off,279.1800000000106,99.84068999998777,40,24.982572465,6.130214080587,0.19968124040999996,2.9925285164999993,8.33938115777946,82.64437746027646,96.69493253974635,0.09698482016722619,ONGC
2026-09-24,SHORT,425,2026-09-24 11:15:00,235.23,235.1124,2026-09-24 15:00:00,236.39,236.5082,square_off,-492.9999999999985,100.21924999999428,40,24.980690906249997,6.15346951755,0.2004387465,3.01547948625,8.343703487528998,82.693782144079,-675.9130321440718,-0.6760972686497789,ONGC
2026-09-25,SHORT,424,2026-09-25 11:45:00,235.3,235.1824,2026-09-25 15:00:00,235.46,235.5777,square_off,-67.83999999999855,99.80111999999667,40,24.929329100000004,6.127789809344001,0.19960227392000002,2.9965487256,8.33893057498752,82.5922004838515,-250.23332048384674,-0.2508172229789417,ONGC
2026-09-28,SHORT,428,2026-09-28 10:30:00,233.18,233.0634,2026-09-28 15:00:00,230.16,230.2751,square_off,1292.5600000000045,99.1547599999792,40,24.937784870000005,6.088082423204,0.19830887372,2.9567320271999997,8.33155043344632,82.51245862757033,1110.892781372455,1.113107419895078,ONGC
2026-09-29,LONG,432,2026-09-29 11:30:00,231.07,231.1855,2026-09-29 15:00:00,229.68,229.5652,square_off,-600.4799999999941,99.52199999999175,40,24.79303728,6.110660017368,0.19904430023999997,2.9961645336,8.33574677716944,82.43465290837744,-782.4366529083633,-0.7838299890969822,ONGC
2026-09-30,SHORT,435,2026-09-30 10:00:00,229.84,229.7251,2026-09-30 15:00:00,224.17,224.2821,square_off,2466.450000000007,98.74717499998383,40,24.98260245,6.063038684992501,0.19749311677499998,2.9268812092499994,8.326895724318149,82.49691118533565,2285.2059138146874,2.285653901979475,ONGC
2026-08-03,SHORT,351,2026-08-03 12:45:00,284.45,284.3078,2026-08-03 15:00:00,285.35,285.4927,square_off,-315.90000000001197,99.99989999999764,40,24.94800725625,6.139998709065,0.19999995794999997,3.00623786775,8.3411997600627,82.63544355107771,-498.5353435510873,-0.499324525964374,POWERGRID
2026-08-04,SHORT,350,2026-08-04 10:30:00,285.15,285.0074,2026-08-04 15:00:00,282.5,282.6412,square_off,927.499999999992,99.33874999997272,40,24.9381496875,6.0993850128750005,0.19867703625,2.9677331249999996,8.333651168842499,82.5375960304675,745.6236539695518,0.7470991748398607,POWERGRID
2026-08-05,SHORT,353,2026-08-05 10:30:00,283.05,282.9085,2026-08-05 15:00:00,281.75,281.8909,square_off,458.900000000004,99.68719999999843,40,24.966672918750003,6.120787035885,0.19937417055,2.98522436625,8.3376290171583,82.60968750859331,276.6031124914123,0.27683385350831147,POWERGRID
2026-08-06,SHORT,368,2026-08-06 11:00:00,271.05,270.9145,2026-08-06 15:00:00,270.0,270.135,square_off,386.4000000000042,99.55319999998665,40,24.924131700000007,6.112560548760001,0.19910620680000002,2.9822903999999997,8.336100016000799,82.5541888715608,204.29261112845674,0.20481201439696745,POWERGRID
2026-08-07,LONG,367,2026-08-07 11:30:00,271.85,271.9859,2026-08-07 15:00:00,270.5,270.3648,square_off,-495.45000000000834,99.52122499998939,40,24.805965812500002,6.1106108201575005,0.199042697725,2.99456503425,8.335737633218848,82.44592199785137,-677.4171469978492,-0.6789859440215108,POWERGRID
2026-08-11,SHORT,372,2026-08-11 10:00:00,268.15,268.0159,2026-08-11 15:00:00,267.5,267.6337,square_off,241.79999999999154,99.63089999998488,40,24.925481024999996,6.1173335483699995,0.19926167909999998,2.98679265,8.3369871409446,82.5658560434146,59.60324395659207,0.05975154729698319,POWERGRID
2026-08-12,SHORT,375,2026-08-12 10:00:00,266.6,266.4667,2026-08-12 15:00:00,269.4,269.5347,square_off,-1049.999999999983,100.4999999999896,40,24.981253125000006,6.170716117500001,0.201000525,3.032265375,8.34690899565,82.73214413815,-1233.2321441381225,-1.23354052927044,POWERGRID
2026-08-13,SHORT,375,2026-08-13 10:00:00,266.5,266.3668,2026-08-13 15:00:00,267.35,267.4837,square_off,-318.7500000000085,100.09687499998421,40,24.971882812500006,6.1459530178125,0.200193909375,3.00919134375,8.342306446893751,82.66952753033127,-501.516402530324,-0.5018300463092673,POWERGRID
2026-08-17,LONG,374,2026-08-17 13:00:00,267.05,267.1835,2026-08-17 15:00:00,266.95,266.8165,square_off,-37.400000000008504,99.85799999997721,40,24.9473450875,6.1312817740900005,0.1997160187,2.9977991504999997,8.339579602702198,82.6157216334922,-219.8737216334779,-0.22014516061651807,POWERGRID
2026-08-18,SHORT,375,2026-08-18 10:00:00,266.4,266.2668,2026-08-18 15:00:00,268.05,268.184,square_off,-618.7500000000127,100.2093749999986,40,24.962512500000003,6.1528651228125,0.20041905937499999,3.0170702812500005,8.343591152793751,82.67645811623125,-801.6358331162426,-0.8024382713876304,POWERGRID
2026-08-19,SHORT,378,2026-08-19 10:15:00,264.3,264.1679,2026-08-19 15:00:00,263.45,263.5817,square_off,321.3000000000086,99.74474999997267,40,24.963861825000006,6.124322718045,0.19948933935,2.9890167614999994,8.3382861703311,82.6149768142261,138.94027318580982,0.13907183514185398,POWERGRID
2026-08-20,LONG,377,2026-08-20 11:00:00,264.75,264.8824,2026-08-20 15:00:00,266.3,266.1668,square_off,584.3500000000042,100.10292499998803,40,25.0862256125,6.1463106252275,0.200205557825,2.9958196612499997,8.34237291294945,82.77093436975196,401.47614063026424,0.4022373748621909,POWERGRID
2026-08-21,LONG,373,2026-08-21 10:15:00,267.3,267.4336,2026-08-21 15:00:00,271.75,271.6141,square_off,1659.8499999999958,100.53282499999528,40,25.328017156250002,6.1726899763025,0.20106482007499998,2.9925825434999997,8.34727586334795,83.04163035947545,1476.2755446405251,1.4806746289631747,POWERGRID
2026-08-24,SHORT,369,2026-08-24 10:00:00,270.65,270.5147,2026-08-24 15:00:00,269.95,270.085,square_off,258.2999999999958,99.74069999998648,40,24.95497876875,6.124075015095,0.19948127084999998,2.98984067325,8.3382401314701,82.6066158594151,75.95268414059423,0.07605166538309033,POWERGRID
2026-08-25,SHORT,370,2026-08-25 10:30:00,269.65,269.5152,2026-08-25 15:00:00,270.5,270.6352,square_off,-314.5000000000084,99.9277499999863,40,24.9301536875,6.135568677575,0.19985565724999999,3.004051275,8.340376380268498,82.61000567759348,-497.03775567758817,-0.49818108125907784,POWERGRID
2026-08-26,SHORT,371,2026-08-26 10:30:00,269.1,268.9655,2026-08-26 15:00:00,267.0,267.1335,square_off,779.1000000000084,99.44654999998505,40,24.946545487500003,6.106006210815,0.19889271045,2.9731958549999997,8.334881805827699,82.5595220695927,597.0939279304307,0.5980741714975151,POWERGRID
2026-08-27,SHORT,379,2026-08-27 10:00:00,263.3,263.1684,2026-08-27 15:00:00,265.7,265.8328,square_off,-909.5999999999914,100.24549999997777,40,24.9352011625,6.15508766236,0.20049145479999997,3.0225195044999995,8.3440042410888,82.65730402524879,-1092.502804025218,-1.0947942083031965,POWERGRID
2026-09-02,LONG,376,2026-09-02 10:00:00,265.5,265.6328,2026-09-02 15:00:00,267.85,267.7161,square_off,883.6000000000085,100.26979999998639,40,25.165311050000003,6.15655215674,0.2005391582,2.9963374199999997,8.3442764366892,82.86301622162921,700.467183778393,0.7016740631670402,POWERGRID
2026-09-03,SHORT,373,2026-09-03 10:30:00,268.0,267.866,2026-09-03 15:00:00,267.1,267.2336,square_off,335.6999999999915,99.79614999996818,40,24.978504500000003,6.127478457005001,0.19959213215,2.9903434245,8.3388727060479,82.63479121970289,153.26905878032045,0.15332425551230489,POWERGRID
2026-09-04,SHORT,376,2026-09-04 12:15:00,265.5,265.3672,2026-09-04 15:00:00,265.95,266.083,square_off,-169.19999999999573,99.91259999999056,40,24.944521500000004,6.1346362372200005,0.19982528459999999,3.001415958,8.3402030739276,82.6206020537476,-351.73320205373386,-0.35233922552163105,POWERGRID
2026-09-07,LONG,372,2026-09-07 10:30:00,268.25,268.3841,2026-09-07 15:00:00,267.7,267.5662,square_off,-204.60000000000423,99.68669999999202,40,24.88365195,6.12076652061,0.1993735023,2.995166835,8.3376252041238,82.53658401203381,-386.82328401203006,-0.38764120695871296,POWERGRID
2026-09-08,SHORT,377,2026-09-08 10:15:00,264.65,264.5177,2026-09-08 15:00:00,265.7,265.8328,square_off,-395.8500000000043,99.9709749999783,40,24.930790868749998,6.1382239412974995,0.19994214792499995,3.006569533499999,8.340869896060049,82.61639638753255,-578.4373713875151,-0.5797531210958422,POWERGRID
2026-09-09,SHORT,377,2026-09-09 12:00:00,264.8,264.6676,2026-09-09 15:00:00,267.05,267.1835,square_off,-848.25,100.25372499997161,40,24.944921300000004,6.1555917356375005,0.200507874125,3.02184566775,8.34409792975725,82.66696450726975,-1031.1706895072414,-1.0329308035965699,POWERGRID
2026-09-10,LONG,371,2026-09-10 10:30:00,269.3,269.4346,2026-09-10 15:00:00,271.4,271.2643,square_off,779.0999999999874,100.29984999998175,40,25.159763825,6.158398830814999,0.20059931044999998,2.9988076545,8.3446196654277,82.8621892861927,595.937960713813,0.596472996992115,POWERGRID
2026-09-11,SHORT,371,2026-09-11 10:30:00,269.35,269.2153,2026-09-11 15:00:00,269.5,269.6348,square_off,-55.649999999991564,99.95667499998353,40,24.969721393750007,6.137340699227501,0.19991337782500002,3.0010347674999998,8.340705733869449,82.64871597217197,-238.25539097214707,-0.2384250303812633,POWERGRID
2026-09-15,SHORT,377,2026-09-15 10:00:00,265.05,264.9175,2026-09-15 15:00:00,264.25,264.3821,square_off,301.6000000000043,99.77304999998512,40,24.968472018750003,6.12606064044,0.1995459492,2.9901618337499998,8.338609186135198,82.6228496282752,119.20410037174396,0.11929494347119728,POWERGRID
2026-09-17,LONG,376,2026-09-17 10:15:00,265.45,265.5827,2026-09-17 15:00:00,264.4,264.2678,square_off,-394.8000000000043,99.61180000000195,40,24.841173199999997,6.1161705801799995,0.19922379739999996,2.9957731379999997,8.3367709879644,82.4891117035444,-576.9009117035506,-0.5780037428448987,POWERGRID
2026-09-18,SHORT,378,2026-09-18 10:00:00,263.9,263.768,2026-09-18 15:00:00,266.6,266.7333,square_off,-1020.6000000000172,100.26449999997112,40,24.926080725000002,6.15625596621,0.2005295103,3.024755622,8.3442213857718,82.65184320928181,-1203.5163432092702,-1.2064818756596416,POWERGRID
2026-09-21,SHORT,374,2026-09-21 10:45:00,266.9,266.7666,2026-09-21 15:00:00,267.85,267.9839,square_off,-355.300000000017,99.99824999998452,40,24.942672425,6.139898003855,0.19999667764999998,3.0067796385,8.3411810426709,82.6305277876759,-537.9287777876774,-0.5388955564158876,POWERGRID
2026-09-22,SHORT,375,2026-09-22 10:00:00,266.3,266.1668,2026-09-22 15:00:00,267.05,267.1835,square_off,-281.25,100.00312499998643,40,24.953142187500003,6.1401961921875,0.20000639062499997,3.00581465625,8.341236464906249,82.64039589146876,-463.8935208914552,-0.4645322527389713,POWERGRID
2026-09-23,LONG,373,2026-09-23 10:00:00,267.65,267.7838,2026-09-23 15:00:00,270.15,270.0149,square_off,932.5,100.2996999999902,40,25.17889175625,6.158387266125,0.20059893374999999,2.9965010017499996,8.344617515977498,82.87899647385251,749.3213035261572,0.7505713801598134,POWERGRID
2026-09-24,SHORT,373,2026-09-24 10:00:00,267.8,267.6661,2026-09-24 15:00:00,267.55,267.6838,square_off,93.25,99.84277499997768,40,24.959863825000003,6.1303449536125,0.199685503375,2.99538144225,8.33940548225775,82.62468120649523,-89.2174562064729,-0.08931623996787737,POWERGRID
2026-09-25,SHORT,374,2026-09-25 11:30:00,267.25,267.1164,2026-09-25 15:00:00,269.1,269.2346,square_off,-691.9000000000085,100.29744999999446,40,24.975381062500002,6.158274050665,0.20059524595,3.0208116510000003,8.3445964733907,82.6996584835057,-874.8971084835086,-0.8753216394786558,POWERGRID
2026-09-28,SHORT,376,2026-09-28 10:15:00,265.7,265.5672,2026-09-28 15:00:00,263.25,263.3816,square_off,921.1999999999957,99.4425999999803,40,24.963312100000003,6.10576149958,0.1988847394,2.97094473,8.3348363230164,82.5737393919964,739.1836606080191,0.7398998836954362,POWERGRID
2026-09-29,SHORT,384,2026-09-29 10:00:00,260.15,260.0199,2026-09-29 15:00:00,262.0,262.131,square_off,-710.4000000000087,100.2527999999802,40,24.9619128,6.15553282464,0.20050595519999997,3.0197491199999997,8.3440869803712,82.6817876802112,-893.3345876802001,-0.8942502999873873,POWERGRID
2026-09-30,SHORT,384,2026-09-30 13:45:00,259.85,259.7201,2026-09-30 15:00:00,259.1,259.2296,square_off,288.0,99.63839999998163,40,24.93312720000001,6.117793339200001,0.19927665600000002,2.9863244160000004,8.337072599136,82.57359421033601,105.78800578968236,0.10601870248629253,POWERGRID
2026-08-03,SHORT,76,2026-08-03 10:15:00,1311.0,1310.3445,2026-08-03 15:00:00,1309.3,1309.9546,square_off,129.20000000000346,99.57139999998435,40,24.896545500000006,6.113681976780001,0.1991427354,2.986696602,8.3363084481924,82.5323752623724,-52.90377526235329,-0.05309704851896231,RELIANCE
2026-08-04,SHORT,76,2026-08-04 10:30:00,1302.4,1301.7488,2026-08-04 15:00:00,1291.9,1292.546,square_off,798.0,98.58339999999043,40,24.7332272,6.0530085107,0.197166401,2.947004766,8.325031484105999,82.255438361806,617.1611616382036,0.6235059582695545,RELIANCE
2026-08-05,SHORT,77,2026-08-05 10:00:00,1290.8,1290.1546,2026-08-05 15:00:00,1272.5,1273.1362,square_off,1409.0999999999965,98.68704999999227,40,24.83547605,6.059363240315001,0.19737339545,2.9409447375,8.326212594437699,82.3593700177027,1228.0535799823015,1.235570792684997,RELIANCE
2026-08-06,LONG,76,2026-08-06 10:00:00,1303.8,1304.4519,2026-08-06 15:00:00,1321.3,1320.6394,square_off,1330.0,99.7537999999904,40,25.09214765,6.1248629045000005,0.19950693499999997,2.974150332,8.33838657111,82.72905439261001,1147.5171456073995,1.158069474660506,RELIANCE
2026-08-07,LONG,75,2026-08-07 11:30:00,1331.8,1332.4659,2026-08-07 15:00:00,1330.7,1330.0346,square_off,-82.49999999999318,99.84374999999659,40,24.9381496875,6.130407516375,0.19968754125,2.998048275,8.339417110372498,82.6057101304975,-264.9494601304873,-0.2652545028087173,RELIANCE
2026-08-10,SHORT,75,2026-08-10 10:15:00,1322.8,1322.1386,2026-08-10 15:00:00,1326.1,1326.763,square_off,-247.4999999999966,99.33374999998819,40,24.790098750000002,6.0990960491249995,0.19866762374999997,2.9852168624999993,8.333597461117499,82.40667674649248,-429.2404267464773,-0.4326584283302865,RELIANCE
2026-08-12,SHORT,76,2026-08-12 10:15:00,1311.1,1310.4444,2026-08-12 15:00:00,1321.2,1321.8606,square_off,-767.6000000000104,100.02739999999085,40,24.89844455,6.1416941426600005,0.20005518379999998,3.013842168,8.3415148787628,82.59555092322279,-950.2229509232241,-0.9536216585141687,RELIANCE
2026-08-14,SHORT,76,2026-08-14 11:00:00,1305.9,1305.2471,2026-08-14 15:00:00,1309.5,1310.1548,square_off,-273.5999999999931,99.38519999998789,40,24.799693950000005,6.10225547976,0.1987705368,2.98715283,8.334184682980801,82.42205747954081,-455.4072574795218,-0.45885601932073633,RELIANCE
2026-08-17,SHORT,76,2026-08-17 10:30:00,1303.6,1302.9482,2026-08-17 15:00:00,1317.4,1318.0587,square_off,-1048.8000000000138,99.59799999998631,40,24.7560158,6.1153332990800005,0.19919652440000002,3.0051738360000004,8.3366153682264,82.4123348277064,-1230.8103348277066,-1.2423191797085265,RELIANCE
2026-08-19,SHORT,76,2026-08-19 10:30:00,1311.2,1310.5444,2026-08-19 15:00:00,1307.9,1308.554,square_off,250.79999999999654,99.52579999997852,40,24.900343600000003,6.110880270220001,0.1990514746,2.9835030060000003,8.3357877140676,82.5295660648876,68.74463393513042,0.06898525450283632,RELIANCE
2026-08-20,LONG,75,2026-08-20 13:00:00,1315.1,1315.7575,2026-08-20 15:00:00,1313.6,1312.9432,square_off,-112.5,98.57624999999075,40,24.617684999999998,6.052583476874999,0.19715255624999997,2.9604544875,8.324952485962498,82.1528280065875,-293.2290780065782,-0.29729458140732334,RELIANCE
2026-08-21,SHORT,76,2026-08-21 14:15:00,1308.5,1307.8458,2026-08-21 15:00:00,1309.5,1310.1548,square_off,-76.0,99.48399999998037,40,24.849069250000003,6.1083187666,0.198968038,2.98715283,8.335311624828,82.47882050942799,-257.96282050940835,-0.2593998959328765,RELIANCE
2026-08-24,SHORT,76,2026-08-24 11:00:00,1309.6,1308.9452,2026-08-24 15:00:00,1305.7,1306.3528,square_off,296.39999999998963,99.38139999999748,40,24.869958799999996,6.10201341026,0.19876265179999997,2.9784844980000003,8.3341396911708,82.48335905123079,114.53524094876136,0.11507656109213879,RELIANCE
2026-08-25,SHORT,76,2026-08-25 10:00:00,1301.6,1300.9492,2026-08-25 15:00:00,1311.9,1312.556,square_off,-782.8000000000138,99.3129999999801,40,24.7180348,6.09783021598,0.1986263914,2.992627566,8.3333621893284,82.34048116270839,-964.4534811627022,-0.9749675310171917,RELIANCE
2026-08-26,SHORT,76,2026-08-26 12:00:00,1308.1,1307.446,2026-08-26 15:00:00,1300.8,1301.4504,square_off,554.7999999999965,99.13819999998941,40,24.84147305,6.0870769638199995,0.1982761226,2.967306912,8.331363555555601,82.4254966039756,373.23630339603153,0.37543031817544886,RELIANCE
2026-08-27,SHORT,77,2026-08-27 10:15:00,1298.5,1297.8508,2026-08-27 15:00:00,1289.3,1289.9446,square_off,708.4000000000035,99.63029999999185,40,24.983626937500002,6.11728954606,0.1992602458,2.9797721415000002,8.3369789625348,82.61692783339483,526.1527721666168,0.5262343384890826,RELIANCE
2026-08-28,SHORT,77,2026-08-28 11:30:00,1284.2,1283.5579,2026-08-28 15:00:00,1282.5,1283.1412,square_off,130.9000000000035,98.81794999999443,40,24.708489575,6.067420120685,0.19763583454999997,2.9640562874999996,8.327710071942299,82.26531188967729,-50.183261889668216,-0.050749935671374785,RELIANCE
2026-08-31,LONG,78,2026-08-31 10:30:00,1278.7,1279.3394,2026-08-31 15:00:00,1291.3,1290.6544,square_off,982.7999999999929,100.22999999998865,40,25.167759825,6.15410691402,0.2004595086,2.993654079,8.3438219560716,82.85980228269162,799.7101977173127,0.8018061189121489,RELIANCE
2026-09-01,LONG,76,2026-09-01 10:15:00,1301.5,1302.1508,2026-09-01 15:00:00,1302.6,1301.9487,square_off,83.59999999999309,98.95580000000064,40,24.7370253,6.07588483674,0.19791155819999998,2.9689037099999998,8.329283351089199,82.30900875602921,-97.66480875603676,-0.09873709359245078,RELIANCE
2026-09-02,LONG,76,2026-09-02 10:15:00,1305.2,1305.8526,2026-09-02 15:00:00,1311.9,1311.2441,square_off,509.20000000000346,99.44979999998031,40,24.913636950000004,6.10620990378,0.19889934539999998,2.977343928,8.3349196648524,82.53100979203239,327.2191902079908,0.3298740162911016,RELIANCE
2026-09-03,SHORT,76,2026-09-03 10:15:00,1309.1,1308.4454,2026-09-03 15:00:00,1311.0,1311.6555,square_off,-144.4000000000069,99.56379999998626,40,24.860463550000002,6.113219536539999,0.1991276722,2.9905745399999994,8.3362224975732,82.49960779631321,-326.4634077963064,-0.3281316289981329,RELIANCE
2026-09-04,LONG,75,2026-09-04 10:00:00,1327.6,1328.2638,2026-09-04 15:00:00,1327.4,1326.7363,square_off,-14.999999999986358,99.56249999999045,40,24.876305625000004,6.11313773025,0.1991250075,2.9885935499999996,8.336207292795,82.513369205545,-197.07586920552183,-0.19792695511250558,RELIANCE
2026-09-07,SHORT,76,2026-09-07 10:00:00,1315.5,1314.8423,2026-09-07 15:00:00,1304.4,1305.0522,square_off,843.5999999999931,99.55619999998817,40,24.982002750000003,6.112737730740001,0.19911197820000004,2.9755190160000007,8.336132947609201,82.6055044225492,661.4382955774557,0.6615838440231409,RELIANCE
2026-09-08,SHORT,77,2026-09-08 10:45:00,1297.5,1296.8513,2026-09-08 15:00:00,1289.5,1290.1448,square_off,616.0,99.59949999998207,40,24.964386562500003,6.115399844400001,0.199198692,2.9802343725,8.336627736552,82.595847207952,433.8046527920659,0.4342062936136586,RELIANCE
2026-09-09,LONG,77,2026-09-09 11:15:00,1289.2,1289.8446,2026-09-09 15:00:00,1286.6,1285.9567,square_off,-200.2000000000105,99.16829999998527,40,24.754666474999997,6.08893669307,0.19833670009999999,2.9795410259999997,8.331709210770601,82.3531901049406,-381.7214901049364,-0.3845347463089325,RELIANCE
2026-09-11,SHORT,79,2026-09-11 10:30:00,1256.7,1256.0716,2026-09-11 15:00:00,1263.0,1263.6315,square_off,-497.6999999999964,99.52814999999327,40,24.8074150875,6.1110360496950005,0.19905654885000001,2.994806655,8.3358166677381,82.44813100878311,-679.6762810087728,-0.6846102672045157,RELIANCE
2026-09-15,SHORT,80,2026-09-15 14:00:00,1249.3,1248.6754,2026-09-15 15:00:00,1242.1,1242.721,square_off,576.0000000000036,99.6559999999954,40,24.973506999999998,6.1188695584,0.19931171199999997,2.98253052,8.337272628672,82.61149141907198,393.73250858093627,0.3939531223294408,RELIANCE
2026-09-16,LONG,79,2026-09-16 10:45:00,1254.2,1254.8271,2026-09-16 15:00:00,1248.4,1247.7758,square_off,-458.1999999999964,98.85269999999218,40,24.643572050000003,6.06956281337,0.1977056291,2.973940227,8.328108319644599,82.2128890391146,-639.2655890391031,-0.6451897210578563,RELIANCE
2026-09-17,SHORT,80,2026-09-17 11:15:00,1239.0,1238.3805,2026-09-17 15:00:00,1243.2,1243.8216,square_off,-336.00000000000364,99.28799999999683,40,24.76761,6.096288357600001,0.198576168,2.98517184,8.333075614608,82.38072198020802,-517.6687219802085,-0.5222646509082006,RELIANCE
2026-09-18,SHORT,80,2026-09-18 10:15:00,1241.0,1240.3795,2026-09-18 15:00:00,1244.9,1245.5224,square_off,-312.0000000000073,99.43599999998696,40,24.80759,6.1053751892,0.19887215599999997,2.98925388,8.334764522136,82.435855747336,-493.87185574733024,-0.4974535210992448,RELIANCE
2026-09-21,SHORT,81,2026-09-21 10:45:00,1233.2,1232.5834,2026-09-21 15:00:00,1248.3,1248.9241,square_off,-1223.0999999999926,100.50074999997628,40,24.959813850000007,6.170764824585,0.20100211155000003,3.0348856845,8.3469180485043,82.71338451913931,-1406.3141345191082,-1.407874058976454,RELIANCE
2026-09-22,SHORT,80,2026-09-22 12:00:00,1244.3,1243.6778,2026-09-22 15:00:00,1245.4,1246.0227,square_off,-88.00000000001091,99.58799999998519,40,24.873557,6.1147045508,0.199176044,2.99045448,8.336498507064,82.514390581864,-270.1023905818601,-0.27133969961209126,RELIANCE
2026-09-23,SHORT,80,2026-09-23 10:15:00,1240.7,1240.0797,2026-09-23 15:00:00,1245.4,1246.0227,square_off,-376.00000000000364,99.44399999998495,40,24.801593,6.1058673716000005,0.198888188,2.99045448,8.334856000728,82.43165904032799,-557.8756590403166,-0.5620573658421825,RELIANCE
2026-09-24,SHORT,81,2026-09-24 11:15:00,1233.1,1232.4834,2026-09-24 15:00:00,1221.4,1222.0107,square_off,947.6999999999853,99.40724999999293,40,24.957789862499997,6.103590602804999,0.19881402615,2.969486001,8.334432833211899,82.56411332566691,765.7286366743255,0.7666401718386417,RELIANCE
2026-09-28,SHORT,82,2026-09-28 10:45:00,1207.5,1206.8962,2026-09-28 15:00:00,1198.8,1199.3994,square_off,713.4000000000037,98.6582999999855,40,24.741373125000003,6.0576086693099995,0.19731624329999997,2.9505225239999993,8.3258864842698,82.27270704587978,532.4689929541385,0.5377659879353012,RELIANCE
2026-08-03,LONG,52,2026-08-03 12:00:00,1897.4,1898.3487,2026-08-03 15:00:00,1910.9,1909.9446,square_off,702.0,99.01579999999194,40,24.82927915,6.079559344300001,0.19803124900000002,2.961423972,8.329966306794,82.39826002209401,520.585939977914,0.5276308673183486,SBILIFE
2026-08-04,LONG,52,2026-08-04 10:00:00,1893.4,1894.3467,2026-08-04 15:00:00,1867.7,1866.7662,square_off,-1336.4000000000024,97.78859999999258,40,24.26795995,6.004240553740001,0.1955778682,2.9551808520000002,8.3159673159492,81.7389265398892,-1515.9275265398842,-1.5396879916266668,SBILIFE
2026-08-05,LONG,52,2026-08-05 10:15:00,1886.2,1887.1431,2026-08-05 15:00:00,1880.4,1879.4598,square_off,-301.59999999999764,97.93159999999807,40,24.4329774,6.0130048695600005,0.1958633508,2.943943236,8.3175962796648,81.9033851360248,-481.4349851360205,-0.49084747634236153,SBILIFE
2026-08-06,LONG,52,2026-08-06 11:15:00,1885.5,1886.4428,2026-08-06 15:00:00,1866.5,1865.5668,square_off,-988.0,97.55199999998695,40,24.25236775,5.989707965800001,0.19510449400000002,2.94285069,8.313266242763998,81.69329714256402,-1167.245297142551,-1.1905078199442618,SBILIFE
2026-08-07,SHORT,53,2026-08-07 12:15:00,1854.6,1853.6727,2026-08-07 15:00:00,1865.8,1866.7329,square_off,-593.6000000000024,98.59059999997999,40,24.561163275000002,6.053471951760001,0.1971814968,2.9681053109999995,8.325117620740802,82.1050396553008,-774.2956396552831,-0.7877359911360465,SBILIFE
2026-08-10,LONG,53,2026-08-10 11:30:00,1862.7,1863.6314,2026-08-10 15:00:00,1848.8,1847.8756,square_off,-736.7000000000048,98.35474999998496,40,24.4843517,6.038992958345,0.19670986834999998,2.9631738464999997,8.3224265088051,82.0056548820001,-917.0604048819898,-0.9289218074412066,SBILIFE
2026-08-11,SHORT,54,2026-08-11 10:30:00,1821.7,1820.7892,2026-08-11 15:00:00,1830.9,1831.8154,square_off,-496.80000000000246,98.62019999999711,40,24.580653525000002,6.05528790588,0.1972406484,2.967541029,8.3254551397704,82.1261782480504,-677.5463782480499,-0.6887607812889973,SBILIFE
2026-08-13,LONG,54,2026-08-13 14:00:00,1822.1,1823.011,2026-08-13 15:00:00,1812.7,1811.7936,square_off,-507.59999999999263,98.13959999999497,40,24.459214275000004,6.0257792316600005,0.1962794538,2.953277901,8.3199705633828,81.95452142484281,-687.6941214248304,-0.6989230186423383,SBILIFE
2026-08-14,SHORT,55,2026-08-14 10:00:00,1793.8,1792.9031,2026-08-14 15:00:00,1791.0,1791.8955,square_off,153.9999999999975,98.58199999998988,40,24.652417625,6.052932436099999,0.19716392299999996,2.9566275749999997,8.325017344637999,82.184158903738,-26.76615890373037,-0.027129971825915904,SBILIFE
2026-08-17,LONG,55,2026-08-17 10:00:00,1794.5,1795.3972,2026-08-17 15:00:00,1790.1,1789.205,square_off,-242.000000000005,98.57649999999126,40,24.601568062500004,6.0526008147,0.19715312100000001,2.9624054625,8.324955708426,82.13868316912601,-422.71518316912227,-0.4282937087252689,SBILIFE
2026-08-19,SHORT,57,2026-08-19 10:45:00,1749.3,1748.4254,2026-08-19 15:00:00,1781.3,1782.1906,square_off,-1824.0,100.62209999998845,40,24.915061237499998,6.1782249384,0.20124511199999998,3.0475460114999997,8.348304609071999,82.690381908472,-2007.3124819084605,-2.013148599698988,SBILIFE
2026-08-20,LONG,55,2026-08-20 12:00:00,1789.8,1790.6949,2026-08-20 15:00:00,1779.5,1778.6102,square_off,-566.4999999999975,98.15574999999058,40,24.455890937500005,6.026771745775001,0.19631178324999998,2.954646585,8.3201550352245,81.95377608674951,-746.6095260867376,-0.7584489136284781,SBILIFE
2026-08-21,LONG,56,2026-08-21 11:00:00,1781.5,1782.3907,2026-08-21 15:00:00,1793.1,1792.2034,square_off,649.5999999999949,100.08879999998499,40,25.090848299999998,6.14544234864,0.20017727519999995,2.9944164599999996,8.342211532291198,82.77309591613121,466.73810408387874,0.467842211703499,SBILIFE
2026-08-24,SHORT,55,2026-08-24 10:00:00,1790.1,1789.205,2026-08-24 15:00:00,1761.6,1762.4808,square_off,1567.5,97.67174999998701,40,24.601568062500004,5.997021388875,0.19534271625,2.90809332,8.314625538922499,82.0166510265475,1387.8115989734654,1.4095826022654554,SBILIFE
2026-08-26,LONG,55,2026-08-26 11:30:00,1785.2,1786.0926,2026-08-26 15:00:00,1774.1,1773.213,square_off,-610.5000000000075,97.88074999998457,40,24.381678062500004,6.009887421175,0.19576180525,2.94705279,8.3170168607565,81.85139693968149,-790.2321469396736,-0.8048317957139242,SBILIFE
2026-08-27,LONG,55,2026-08-27 10:15:00,1791.2,1792.0956,2026-08-27 15:00:00,1784.1,1783.208,square_off,-390.5000000000075,98.32074999998667,40,24.5191093125,6.036900044175,0.19664169524999997,2.9569577399999996,8.3220375130965,82.0316463050215,-570.8523963050156,-0.5794514559107309,SBILIFE
2026-08-28,SHORT,57,2026-08-28 11:45:00,1754.2,1753.3229,2026-08-28 15:00:00,1751.0,1751.8755,square_off,182.4000000000026,99.89819999998872,40,24.984851325000005,6.13374668016,0.1997963088,2.9957071049999997,8.3400377380128,82.6541391569728,-0.15233915695893074,-0.0001523553066214326,SBILIFE
2026-08-31,LONG,57,2026-08-31 12:45:00,1752.9,1753.7764,2026-08-31 15:00:00,1745.1,1744.2274,square_off,-444.60000000001037,99.69299999998839,40,24.855241162500004,6.12115702461,0.1993862223,2.9989577295000003,8.337697784443801,82.51243992335382,-626.8054399233525,-0.6273367941880298,SBILIFE
2026-09-01,LONG,57,2026-09-01 10:45:00,1747.0,1747.8735,2026-09-01 15:00:00,1740.4,1739.5298,square_off,-376.1999999999948,99.39089999998646,40,24.788299650000006,6.102607034670001,0.19878198810000003,2.988863685,8.3342500240986,82.41280238186859,-558.0037023818498,-0.5603628298957107,SBILIFE
2026-09-02,LONG,57,2026-09-02 13:30:00,1732.4,1733.2662,2026-09-02 15:00:00,1723.3,1722.4384,square_off,-518.7000000000078,98.48744999998644,40,24.5447464875,6.047137392045,0.19697515934999998,2.963885202,8.3239402592511,82.0766845001461,-699.2641345001404,-0.708138526514419,SBILIFE
2026-09-03,SHORT,58,2026-09-03 12:45:00,1718.6,1717.7407,2026-09-03 15:00:00,1711.4,1712.2557,square_off,417.59999999998945,99.46999999998206,40,24.907240150000003,6.10745158984,0.1989397912,2.979324918,8.3351504485872,82.52810689762721,235.6018931023802,0.23636108490710184,SBILIFE
2026-09-04,LONG,57,2026-09-04 10:00:00,1729.7,1730.5648,2026-09-04 15:00:00,1767.1,1766.2164,square_off,2131.799999999992,99.65879999999697,40,25.1685844125,6.11901759687,0.1993165341,2.9592658935,8.337300143574598,82.7834845805446,1949.3577154194504,1.9771785954358276,SBILIFE
2026-09-07,SHORT,57,2026-09-07 11:15:00,1751.9,1751.0241,2026-09-07 15:00:00,1735.5,1736.3678,square_off,934.8000000000052,99.39089999998646,40,24.9520927125,6.1025869108199995,0.19878133259999997,2.9691888525,8.334246283815599,82.5568960922356,752.8522039077832,0.7539205092694179,SBILIFE
2026-09-08,SHORT,58,2026-09-08 10:00:00,1721.0,1720.1395,2026-09-08 15:00:00,1707.6,1708.4538,square_off,777.2000000000053,99.42939999999226,40,24.94202275,6.10495322998,0.19885841139999996,2.9727096119999996,8.3346860954484,82.55323009882841,595.2173699011846,0.5963026407072718,SBILIFE
2026-09-09,SHORT,59,2026-09-09 10:00:00,1683.3,1682.4584,2026-09-09 15:00:00,1683.9,1684.742,square_off,-35.40000000000805,99.33239999999068,40,24.8162606625,6.099009903390001,0.1986648177,2.9819932515000005,8.333581449796199,82.4295100848862,-217.16191008488494,-0.218660389735744,SBILIFE
2026-09-10,LONG,59,2026-09-10 12:15:00,1693.4,1694.2467,2026-09-10 15:00:00,1692.5,1691.6538,square_off,-53.100000000005366,99.88404999997965,40,24.951892812500002,6.132881485085,0.19976812654999998,2.998816659,8.339876930094299,82.6232360132293,-235.60728601321432,-0.23581810740123102,SBILIFE
2026-09-11,LONG,59,2026-09-11 10:45:00,1688.6,1689.4443,2026-09-11 15:00:00,1693.8,1692.9531,square_off,306.8000000000027,99.78079999999886,40,24.971058225,6.12653641062,0.19956144659999997,2.990316411,8.338697614299601,82.62617010751961,124.39302989248421,0.12485825173846171,SBILIFE
2026-09-15,SHORT,59,2026-09-15 10:00:00,1671.1,1670.2644,2026-09-15 15:00:00,1654.8,1655.6274,square_off,961.6999999999973,98.11404999999468,40,24.6364006375,6.024187907905,0.19622761914999998,2.9304604979999995,8.3196747948699,82.1069514574249,781.4789985425778,0.7926160466135448,SBILIFE
2026-09-16,LONG,59,2026-09-16 11:00:00,1672.7,1673.5363,2026-09-16 15:00:00,1688.6,1687.7557,square_off,938.099999999992,99.15834999998742,40,24.894396575,6.088308290164999,0.19831623094999998,2.9621593395,8.3315924138007,82.4747728494157,756.4668771505889,0.7665135705193864,SBILIFE
2026-09-17,LONG,58,2026-09-17 10:00:00,1711.7,1712.5558,2026-09-17 15:00:00,1761.6,1760.7192,square_off,2894.199999999992,100.72569999998996,40,25.5304284,6.1845135540300005,0.2014499529,2.979847179,8.3494734312474,83.24571251717742,2710.228587482825,2.7299222465695774,SBILIFE
2026-09-21,LONG,56,2026-09-21 10:45:00,1757.7,1758.5788,2026-09-21 15:00:00,1767.8,1766.9161,square_off,565.5999999999949,98.71399999997993,40,24.7368254,6.06103091804,0.19742771719999996,2.9544124679999997,8.3265225543432,82.2762190575832,384.60978094243177,0.39073970544139636,SBILIFE
2026-09-22,SHORT,56,2026-09-22 10:45:00,1756.5,1755.6218,2026-09-22 15:00:00,1752.1,1752.976,square_off,246.4000000000051,98.24079999999049,40,24.5787045,6.03198133776,0.1964814768,2.944999764,8.321123306620798,82.0732903851808,66.08590961483381,0.06718505714980462,SBILIFE
2026-09-23,LONG,56,2026-09-23 14:30:00,1767.6,1768.4838,2026-09-23 15:00:00,1760.1,1759.22,square_off,-420.0,98.77559999998994,40,24.629079299999997,6.064828286999999,0.19755140999999996,2.9710527839999994,8.32722834546,82.18974012646,-600.96534012645,-0.6071240060437579,SBILIFE
2026-09-28,SHORT,57,2026-09-28 10:00:00,1737.1,1736.2314,2026-09-28 15:00:00,1732.4,1733.2662,square_off,267.89999999998963,98.8807499999914,40,24.7412981625,6.0712739377350005,0.19776136605,2.963885202,8.3284263546813,82.3026450229663,86.71660497703193,0.08757952604717475,SBILIFE
2026-09-29,SHORT,58,2026-09-29 11:45:00,1712.3,1711.4438,2026-09-29 15:00:00,1732.9,1733.7664,square_off,-1194.800000000008,99.9107999999901,40,24.815935825,6.13454146018,0.1998221974,3.016753623,8.340185458364399,82.5072385639444,-1377.2180385639424,-1.386739391224087,SBILIFE
2026-09-30,SHORT,58,2026-09-30 11:30:00,1696.9,1696.0516,2026-09-30 15:00:00,1689.5,1690.3448,square_off,429.2000000000053,98.20559999999614,40,24.592747475000003,6.029817251780001,0.19641098540000002,2.941199865,8.3207210826924,82.08089665987242,248.9135033401367,0.2529089590756132,SBILIFE
2026-08-03,LONG,92,2026-08-03 10:15:00,1077.4,1077.9387,2026-08-03 15:00:00,1079.6,1079.0602,square_off,202.39999999998327,99.22199999998611,40,24.818384599999998,6.09222769316,0.19844389879999996,2.9751108119999996,8.3323208865528,82.4164878905128,20.761512109484357,0.020945666408548315,SHRIRAMFIN
2026-08-04,LONG,91,2026-08-04 10:30:00,1088.7,1089.2444,2026-08-04 15:00:00,1079.5,1078.9602,square_off,-837.2000000000041,98.65309999998249,40,24.5463456875,6.05731319102,0.19730661859999998,2.9736370755,8.3258315657316,82.1004341383516,-1017.9535341383382,-1.0274917399603904,SHRIRAMFIN
2026-08-05,LONG,90,2026-08-05 10:15:00,1107.9,1108.454,2026-08-05 15:00:00,1114.6,1114.0427,square_off,602.9999999999836,100.01249999999345,40,25.06596075,6.14075824395,0.2000246985,2.9928256650000002,8.341340929641,82.740910287091,420.2465897128992,0.4214646224718428,SHRIRAMFIN
2026-08-06,LONG,87,2026-08-06 10:15:00,1145.8,1146.3729,2026-08-06 15:00:00,1137.8,1137.2311,square_off,-696.0,99.33659999998918,40,24.734776425,6.099277923599999,0.19867354799999998,2.9920332689999993,8.333631264888,82.35839243048801,-877.6949924304772,-0.8804720011220161,SHRIRAMFIN
2026-08-07,LONG,88,2026-08-07 10:00:00,1127.9,1128.464,2026-08-07 15:00:00,1114.5,1113.9428,square_off,-1179.200000000008,98.6655999999839,40,24.506740500000003,6.058085940720001,0.19733178960000003,2.9791448280000004,8.3259751914576,82.06727824977762,-1359.9328782497696,-1.370137663568024,SHRIRAMFIN
2026-08-10,LONG,89,2026-08-10 10:30:00,1121.5,1122.0607,2026-08-10 15:00:00,1134.7,1134.1326,square_off,1174.800000000004,100.40089999999145,40,25.2344514625,6.16459722682,0.2008012126,2.9959022025,8.3457717190956,82.94152382351561,991.457576176497,0.9933100995120872,SHRIRAMFIN
2026-08-11,LONG,88,2026-08-11 10:45:00,1132.7,1133.2663,2026-08-11 15:00:00,1127.9,1127.3361,square_off,-422.399999999996,99.46639999998297,40,24.801393100000002,6.10724344384,0.19893301119999998,2.991823164,8.3351117619072,82.4345044809472,-604.3009044809262,-0.6062554721230509,SHRIRAMFIN
2026-08-12,SHORT,88,2026-08-12 11:15:00,1124.0,1123.438,2026-08-12 15:00:00,1121.1,1121.6605,square_off,255.200000000008,98.78439999998409,40,24.715636000000003,6.06535824268,0.19756867239999998,2.9611838519999996,8.327326844714399,82.26707361179442,74.1485263882295,0.07496413618997644,SHRIRAMFIN
2026-08-13,LONG,87,2026-08-13 10:00:00,1143.5,1144.0717,2026-08-13 15:00:00,1128.5,1127.9358,square_off,-1305.0,98.83199999997737,40,24.532602562500003,6.06830483175,0.19766465249999998,2.9860272674999995,8.327874507165,82.112473821415,-1485.9444738213924,-1.493644209722512,SHRIRAMFIN
2026-08-14,SHORT,88,2026-08-14 11:00:00,1128.1,1127.536,2026-08-14 15:00:00,1127.9,1128.464,square_off,17.599999999983993,99.26399999999376,40,24.8057909,6.09480932984,0.1985279912,2.9791448280000004,8.332800717787201,82.4110737668272,-164.07507376683697,-0.16527696787724028,SHRIRAMFIN
2026-08-17,LONG,88,2026-08-17 10:00:00,1125.7,1126.2628,2026-08-17 15:00:00,1123.1,1122.5384,square_off,-228.800000000012,98.94719999999325,40,24.695845900000002,6.07536159208,0.1978945144,2.9733339240000003,8.3291860991664,82.27162202964641,-410.0188220296517,-0.4139028867186192,SHRIRAMFIN
2026-08-18,SHORT,90,2026-08-18 10:30:00,1108.0,1107.446,2026-08-18 15:00:00,1110.7,1111.2554,square_off,-243.0000000000041,99.84149999997499,40,24.917535000000004,6.130271830050001,0.1996831215,3.0003894449999997,8.339391891279,82.587271287829,-425.4287712878081,-0.4266233165742159,SHRIRAMFIN
2026-08-19,LONG,90,2026-08-19 12:00:00,1109.7,1110.2548,2026-08-19 15:00:00,1105.9,1105.347,square_off,-341.9999999999959,99.70199999999977,40,24.870308625000003,6.1217080497000005,0.199404171,2.997688095,8.337800199726,82.52690914042601,-524.2289091404217,-0.5248955264590247,SHRIRAMFIN
2026-08-21,SHORT,88,2026-08-21 10:15:00,1128.2,1127.6359,2026-08-21 15:00:00,1132.4,1132.9662,square_off,-369.600000000004,99.46639999998297,40,24.807989800000005,6.10724263336,0.19893298480000002,2.9910307680000003,8.3351116112688,82.4403077974288,-551.5067077974157,-0.5554974011271129,SHRIRAMFIN
2026-08-24,SHORT,89,2026-08-24 11:15:00,1117.9,1117.3411,2026-08-24 15:00:00,1114.3,1114.8571,square_off,320.40000000001214,99.33289999997623,40,24.860838362500008,6.09903514186,0.19866563980000002,2.9766685904999997,8.333586140698799,82.4687938753588,138.5983061246771,0.13930444033272366,SHRIRAMFIN
2026-08-25,LONG,89,2026-08-25 11:45:00,1119.3,1119.8596,2026-08-25 15:00:00,1136.5,1135.9318,square_off,1530.800000000004,100.38309999999592,40,25.2744814375,6.163498842219999,0.20076543459999996,2.9900252654999995,8.3455675698276,82.97433854964758,1347.4425614503605,1.3526136032556066,SHRIRAMFIN
2026-08-27,SHORT,91,2026-08-27 10:00:00,1096.0,1095.452,2026-08-27 15:00:00,1103.2,1103.7516,square_off,-655.2000000000041,100.06360000000086,40,24.921533,6.14391509732,0.2001275276,3.013241868,8.3419276724856,82.6207451654056,-837.8843451654107,-0.840102215013045,SHRIRAMFIN
2026-08-28,SHORT,91,2026-08-28 11:30:00,1089.6,1089.0552,2026-08-28 15:00:00,1085.5,1086.0427,square_off,373.0999999999917,98.9670499999761,40,24.7760058,6.076571142915,0.19793391344999997,2.9648967074999995,8.329410910145699,82.34481847401071,191.78813152600492,0.19342528312235255,SHRIRAMFIN
2026-08-31,SHORT,94,2026-08-31 10:00:00,1062.2,1061.6689,2026-08-31 15:00:00,1085.0,1085.5425,square_off,-2143.1999999999957,100.91839999999456,40,24.949219150000005,6.196422658120001,0.2018378716,3.06122985,8.351686895349598,82.76039642506962,-2326.87879642506,-2.3304490443610213,SHRIRAMFIN
2026-09-01,SHORT,93,2026-09-01 11:45:00,1066.7,1066.1667,2026-09-01 15:00:00,1056.3,1056.8281,square_off,967.2000000000085,98.71949999998105,40,24.788374612500004,6.061362453479999,0.19743851639999999,2.9485505384999993,8.3265841745784,82.32231029545841,786.1581897045689,0.7924734103113399,SHRIRAMFIN
2026-09-04,LONG,95,2026-09-04 10:30:00,1051.7,1052.2258,2026-09-04 15:00:00,1038.0,1037.481,square_off,-1301.5000000000043,99.26074999999969,40,24.64017375,6.094630028025,0.19852215075,2.9988436725000005,8.3327673921795,82.2649369934545,-1483.0256869934585,-1.4843393272981174,SHRIRAMFIN
2026-09-07,SHORT,96,2026-09-07 10:30:00,1031.3,1030.7843,2026-09-07 15:00:00,1036.2,1036.7181,square_off,-470.40000000000873,99.24000000000524,40,24.7388244,6.09334322064,0.1984802352,2.985748128,8.332528222051199,82.34892420589118,-651.9889242059052,-0.65854274157001,SHRIRAMFIN
2026-09-08,LONG,97,2026-09-08 11:15:00,1027.9,1028.414,2026-09-08 15:00:00,1029.5,1028.9852,square_off,155.19999999999118,99.78390000000695,40,24.9528923125,6.12672907768,0.1995677224,2.9926845945000005,8.3387334240144,82.61060713109441,-27.194507131110186,-0.027274612668517623,SHRIRAMFIN
2026-09-09,LONG,96,2026-09-09 10:30:00,1033.0,1033.5165,2026-09-09 15:00:00,1026.5,1025.9868,square_off,-624.0,98.85599999999249,40,24.623682000000002,6.0697679784,0.197712312,2.9765275200000003,8.328146452272,82.19583626267199,-805.0518362626644,-0.8118060627043647,SHRIRAMFIN
2026-09-10,LONG,96,2026-09-10 10:15:00,1031.2,1031.7156,2026-09-10 15:00:00,1032.3,1031.7838,square_off,105.59999999999127,99.04799999998795,40,24.7628124,6.08154557904,0.1980959472,2.971340928,8.3303354747232,82.3441303289632,-75.79213032895989,-0.07656141947181265,SHRIRAMFIN
2026-09-11,LONG,97,2026-09-11 11:15:00,1023.0,1023.5115,2026-09-11 15:00:00,1032.9,1032.3836,square_off,960.3000000000088,99.7111499999811,40,25.03530108750001,6.1222498693950005,0.19942181985000001,2.9784184650000003,8.3379009040641,82.67329214580913,777.9155578542186,0.7839440878900934,SHRIRAMFIN
2026-09-15,SHORT,99,2026-09-15 10:00:00,1007.2,1006.6964,2026-09-15 15:00:00,982.3,982.7911,square_off,2465.100000000009,98.48024999998415,40,24.915735900000005,6.046649510715,0.19695926744999998,2.9188897154999998,8.3238495800697,82.4020839737347,2284.2176660262903,2.290796834535075,SHRIRAMFIN
2026-09-16,SHORT,102,2026-09-16 12:00:00,972.8,972.3136,2026-09-16 15:00:00,978.7,979.1894,square_off,-601.8000000000093,99.52649999998312,40,24.793996800000002,6.11093633763,0.1990533009,2.996319411,8.335798134935398,82.4361039844654,-783.7626039844578,-0.7898794302926442,SHRIRAMFIN
2026-09-18,LONG,98,2026-09-18 11:30:00,1011.1,1011.6056,2026-09-18 15:00:00,1014.0,1013.493,square_off,284.1999999999978,99.22989999999209,40,24.8305785,6.09271149753,0.19845965789999997,2.9741203169999997,8.3324108079774,82.4282807804074,102.54181921959828,0.10348581684082024,SHRIRAMFIN
2026-09-21,SHORT,99,2026-09-21 11:00:00,1008.2,1007.6959,2026-09-21 15:00:00,1015.5,1016.0078,square_off,-722.6999999999955,100.17314999999815,40,24.940473525,6.150642503445001,0.20034666135,3.0175430175000004,8.3431780496631,82.6521837569581,-905.5253337569518,-0.9072327457845182,SHRIRAMFIN
2026-09-22,SHORT,99,2026-09-22 10:45:00,1006.8,1006.2966,2026-09-22 15:00:00,1006.8,1007.3034,square_off,-0.0,99.67319999998858,40,24.90584085,6.1199344799999995,0.19934639999999998,2.991691098,8.3374705584,82.5542833864,-182.2274833863886,-0.18282495534044116,SHRIRAMFIN
2026-09-23,SHORT,99,2026-09-23 10:00:00,1009.4,1008.8953,2026-09-23 15:00:00,1006.7,1007.2034,square_off,267.29999999999325,99.79694999999128,40,24.970158675,6.127528626945,0.19959376634999998,2.9913939495,8.3388820307931,82.62755704858809,84.87549295141388,0.08493443745100487,SHRIRAMFIN
2026-09-24,LONG,99,2026-09-24 10:15:00,1003.6,1004.1018,2026-09-24 15:00:00,991.3,990.8044,square_off,-1217.7000000000066,98.74754999998459,40,24.5224076625,6.063118261695,0.19749570884999998,2.9821823459999997,8.326910514698099,82.0921144937431,-1398.5396644937343,-1.4075989714741417,SHRIRAMFIN
2026-09-25,SHORT,100,2026-09-25 13:00:00,990.3,989.8048,2026-09-25 15:00:00,990.6,991.0953,square_off,-30.00000000000682,99.04499999998961,40,24.74512125,6.0813634605,0.198090015,2.9732859,8.33030162559,82.32816225108999,-211.37316225108643,-0.21344356482993682,SHRIRAMFIN
2026-09-28,SHORT,102,2026-09-28 11:30:00,974.7,974.2126,2026-09-28 15:00:00,977.9,978.389,square_off,-326.39999999999304,99.58259999999223,40,24.842422575,6.1143766502400005,0.19916536319999997,2.9938701869999997,8.3364375624192,82.48627233785919,-508.46887233784446,-0.5114382830089946,SHRIRAMFIN
2026-09-29,LONG,102,2026-09-29 11:45:00,979.0,979.4895,2026-09-29 15:00:00,980.5,980.0098,square_off,153.0,99.93449999998506,40,24.990248625,6.13597595145,0.19986892349999996,2.9972378699999997,8.340452077491,82.663783447441,-29.59828344742607,-0.02964037277676908,SHRIRAMFIN
2026-09-30,SHORT,103,2026-09-30 10:45:00,967.5,967.0162,2026-09-30 15:00:00,982.9,983.3914,square_off,-1586.1999999999975,100.44559999999717,40,24.900668437500002,6.16738418817,0.2008919931,3.0386795804999998,8.3462897126286,82.65391391189861,-1769.2995139118934,-1.775469269623836,SHRIRAMFIN
2026-08-03,LONG,95,2026-08-03 10:00:00,1044.8,1045.3224,2026-08-03 15:00:00,1037.3,1036.7814,square_off,-712.5,98.8997499999823,40,24.6235570625,6.072455586875,0.19779985624999996,2.9791688399999994,8.3286459797625,82.20162732538749,-893.6013773253698,-0.900299606396963,SBIN
2026-08-04,SHORT,96,2026-08-04 13:00:00,1033.5,1032.9832,2026-08-04 15:00:00,1035.0,1035.5175,square_off,-144.0,99.28799999999319,40,24.791597999999997,6.0962854104,0.198576072,2.9822903999999997,8.333075066832,82.40182494923198,-325.68982494922517,-0.32826341008428594,SBIN
2026-08-05,LONG,95,2026-08-05 11:00:00,1050.8,1051.3254,2026-08-05 15:00:00,1052.4,1051.8738,square_off,152.00000000001296,99.90200000000073,40,24.982002750000003,6.133980466800001,0.19980392400000002,2.99627739,8.340081190344,82.652145721144,-30.55414572113176,-0.03060740260165865,SBIN
2026-08-06,LONG,93,2026-08-06 13:15:00,1070.2,1070.7351,2026-08-06 15:00:00,1085.4,1084.8573,square_off,1413.6000000000042,100.23539999998115,40,25.222932225000005,6.154431861240001,0.20047009319999998,2.9873509289999998,8.3438823517992,82.9090674602392,1230.455532539784,1.236283372357075,SBIN
2026-08-07,LONG,91,2026-08-07 10:15:00,1088.5,1089.0442,2026-08-07 15:00:00,1098.3,1097.7509,square_off,891.7999999999959,99.49939999997696,40,24.9738318375,6.10924947087,0.1989983541,2.9730908025,8.3354846084946,82.59065507346459,709.7099449265543,0.7164915373273577,SBIN
2026-08-10,SHORT,92,2026-08-10 12:00:00,1077.9,1077.3611,2026-08-10 15:00:00,1073.8,1074.3369,square_off,377.20000000001255,98.9781999999741,40,24.779304150000005,6.07725568998,0.1979562114,2.9651698439999996,8.3295381422484,82.3492240376284,195.87257596241005,0.1975182984248862,SBIN
2026-08-13,LONG,92,2026-08-13 10:00:00,1084.4,1084.9422,2026-08-13 15:00:00,1076.8,1076.2616,square_off,-699.2000000000126,99.41519999997945,40,24.754016800000002,6.104104012720001,0.19883074959999997,2.994440472,8.3345282572176,82.3859202915376,-881.0011202915296,-0.8830781200298397,SBIN
2026-08-14,SHORT,93,2026-08-14 11:00:00,1069.2,1068.6654,2026-08-14 15:00:00,1067.0,1067.5335,square_off,204.60000000000423,99.33329999999614,40,24.846470550000003,6.09906147939,0.1986664977,2.9784184650000003,8.3335910358762,82.45620802796621,22.810491972041874,0.02293996513526531,SBIN
2026-08-17,SHORT,94,2026-08-17 10:30:00,1054.1,1053.573,2026-08-17 15:00:00,1063.3,1063.8316,square_off,-864.8000000000043,99.5177999999828,40,24.758964325,6.11040619468,0.1990360324,3.000005253,8.335699600874399,82.40411140595438,-1046.7219114059415,-1.0563835957728802,SBIN
2026-08-18,SHORT,94,2026-08-18 10:45:00,1058.9,1058.3706,2026-08-18 15:00:00,1055.9,1056.428,square_off,282.0,99.3955999999921,40,24.871707925000003,6.1028855113,0.198791059,2.979126819,8.334301782653998,82.48681309695401,100.11758690305389,0.10058369173053316,SBIN
2026-08-19,LONG,94,2026-08-19 10:00:00,1052.8,1053.3264,2026-08-19 15:00:00,1044.9,1044.3776,square_off,-742.5999999999872,98.5918999999908,40,24.542872425000006,6.0535540589100005,0.1971841713,2.970380448,8.325132881437801,82.0891239846478,-923.2810239846258,-0.9329538899152673,SBIN
2026-08-20,SHORT,95,2026-08-20 12:00:00,1046.9,1046.3766,2026-08-20 15:00:00,1049.3,1049.8246,square_off,-227.99999999998704,99.56949999997619,40,24.851443062500007,6.1135707998,0.199139114,2.9920002524999996,8.336287784484,82.49244101328402,-410.06194101324724,-0.41230695236889586,SBIN
2026-08-21,SHORT,95,2026-08-21 12:00:00,1046.9,1046.3766,2026-08-21 15:00:00,1043.0,1043.5215,square_off,370.50000000000864,99.2702499999757,40,24.851443062500007,6.0951876628249995,0.19854031475,2.9740362749999996,8.3328710359635,82.45207835103852,188.7776716489944,0.18981119359813622,SBIN
2026-08-24,SHORT,95,2026-08-24 10:30:00,1042.9,1042.3786,2026-08-24 15:00:00,1035.0,1035.5175,square_off,750.5000000000086,98.70024999998918,40,24.756490562500005,6.060183829825,0.19740012475,2.951224875,8.326365111823499,82.29166450389852,569.5080854961209,0.5748223178244074,SBIN
2026-08-25,LONG,95,2026-08-25 12:00:00,1042.9,1043.4214,2026-08-25 15:00:00,1043.5,1042.9783,square_off,56.99999999999136,99.10399999998504,40,24.770733437500002,6.084984725050001,0.1982079715,2.9737511325000003,8.330974685379,82.358651951929,-124.46265195192268,-0.12562404625959261,SBIN
2026-08-27,SHORT,95,2026-08-27 10:15:00,1046.7,1046.1767,2026-08-27 15:00:00,1044.3,1044.8222,square_off,228.00000000000864,99.32249999999499,40,24.846695437500003,6.0983980002000004,0.198644886,2.9777431275,8.333467719516001,82.45494917071602,46.22255082929763,0.04648449093572042,SBIN
2026-08-28,LONG,95,2026-08-28 10:15:00,1048.8,1049.3244,2026-08-28 15:00:00,1047.5,1046.9763,square_off,-123.49999999999568,99.5742499999858,40,24.865685937500004,6.113860845725,0.19914856175,2.99057454,8.3363416933455,82.5056115783205,-305.579861578302,-0.3066962358768939,SBIN
2026-08-31,SHORT,96,2026-08-31 10:15:00,1036.1,1035.582,2026-08-31 15:00:00,1045.1,1045.6225,square_off,-864.0,99.89759999998205,40,24.853966800000002,6.1337259024,0.19979563199999997,3.0113929439999993,8.340033876191999,82.53891515459199,-1046.436515154574,-1.05205871693789,SBIN
2026-09-01,SHORT,95,2026-09-01 10:15:00,1043.9,1043.3781,2026-09-01 15:00:00,1032.4,1032.9162,square_off,1092.5,98.62424999998666,40,24.780228687500006,6.055512180125001,0.19724795375000004,2.94381117,8.325496824097499,82.3022968154725,911.5734531845409,0.9191982022723902,SBIN
2026-09-02,LONG,96,2026-09-02 10:00:00,1030.4,1030.9152,2026-09-02 15:00:00,1019.0,1018.4905,square_off,-1094.4000000000087,98.37119999999413,40,24.443772000000006,6.040008479040001,0.19674294720000002,2.969035776,8.3226152567232,81.9721744589632,-1274.7433744589662,-1.2886817563354909,SBIN
2026-09-03,LONG,96,2026-09-03 10:30:00,1033.7,1034.2168,2026-09-03 15:00:00,1022.3,1021.7888,square_off,-1094.4000000000087,98.687999999991,40,24.522932400000002,6.05945999904,0.1973765472,2.9785445280000005,8.3262305783232,82.0845440525632,-1275.172544052563,-1.285000225779323,SBIN
2026-09-04,LONG,97,2026-09-04 10:30:00,1026.5,1027.0132,2026-09-04 15:00:00,1017.7,1017.1912,square_off,-853.5999999999956,99.14369999999121,40,24.666885387500002,6.087436282760001,0.1982878268,2.9886085575,8.3314303397208,82.2726483942808,-1035.0163483942677,-1.0394809189411198,SBIN
2026-09-07,SHORT,99,2026-09-07 10:15:00,1007.0,1006.4965,2026-09-07 15:00:00,1004.7,1005.2024,square_off,227.6999999999955,99.57914999998968,40,24.910788375000003,6.114156314805001,0.19915818615000003,2.9854509795000004,8.3363966101719,82.54595046562692,45.5748995343789,0.04571524533756522,SBIN
2026-09-08,LONG,99,2026-09-08 10:15:00,1008.8,1009.3044,2026-09-08 15:00:00,1008.7,1008.1957,square_off,-9.899999999990996,99.86624999998514,40,24.9528423375,6.131787901965001,0.19973250495,2.997634068,8.3396736732447,82.6216704856597,-192.38792048563585,-0.19263603569961696,SBIN
2026-09-09,LONG,98,2026-09-09 10:30:00,1009.3,1009.8046,2026-09-09 15:00:00,1003.7,1003.1982,square_off,-548.7999999999911,98.63699999999608,40,24.578354675000003,6.05632022408,0.19727427439999998,2.968825671,8.3256470097264,82.1264218542064,-729.5634218541936,-0.7375928577031502,SBIN
2026-09-15,SHORT,101,2026-09-15 10:00:00,981.8,981.3091,2026-09-15 15:00:00,971.3,971.7856,square_off,1060.5,98.63154999998596,40,24.778054775,6.055960891325,0.19726256974999998,2.9445105194999996,8.3255802229935,82.30136897856849,879.5670810214456,0.8870019312088381,SBIN
2026-09-16,LONG,101,2026-09-16 10:30:00,983.4,983.8917,2026-09-16 15:00:00,988.2,987.7059,square_off,484.8000000000069,99.5657999999811,40,24.939573975000002,6.113332678320001,0.1991313576,2.9811918509999997,8.336243526465598,82.5694733883856,302.66472661164016,0.30472650615226643,SBIN
2026-09-17,SHORT,101,2026-09-17 11:15:00,986.7,986.2066,2026-09-17 15:00:00,986.7,987.1934,square_off,-0.0,99.65669999999272,40,24.901717912500004,6.1189213800000015,0.19931340000000003,2.9911958505000005,8.337282260399999,82.54843080340001,-182.20513080339273,-0.1828327957913444,SBIN
2026-09-18,LONG,100,2026-09-18 12:00:00,991.2,991.6956,2026-09-18 15:00:00,993.7,993.2032,square_off,250.0,99.24499999999625,40,24.830078750000002,6.093639162500001,0.19848987499999998,2.9750868,8.33258322675,82.42987781425,68.32512218575374,0.06893172133348845,SBIN
2026-09-21,LONG,100,2026-09-21 13:30:00,994.9,995.3974,2026-09-21 15:00:00,996.3,995.8018,square_off,139.99999999999773,99.5599999999854,40,24.895046250000004,6.112981851000001,0.19911993,2.98619235,8.33617832058,82.52951870158,-42.08951870156767,-0.04230527560716421,SBIN
2026-09-22,SHORT,100,2026-09-22 10:15:00,993.4,992.9033,2026-09-22 15:00:00,984.5,984.9922,square_off,889.9999999999977,98.89499999998179,40,24.8225825,6.0721393384999995,0.19778955499999998,2.9549767499999997,8.32858720083,82.37607534432999,708.7289246556859,0.7134376129008314,SBIN
2026-09-23,LONG,100,2026-09-23 12:15:00,992.4,992.8962,2026-09-23 15:00:00,992.3,991.8038,square_off,-10.000000000002274,99.2349999999874,40,24.79509625,6.0930291535,0.198470005,2.9786886,8.33246984853,82.39775385703,-191.63275385701968,-0.19310031626060023,SBIN
2026-09-24,SHORT,101,2026-09-24 13:30:00,980.6,980.1097,2026-09-24 15:00:00,980.2,980.6901,square_off,40.3999999999977,99.0203999999917,40,24.747769925,6.07985193986,0.1980407798,2.971491003,8.330020689538799,82.3271743371988,-140.9475743371928,-0.14231292453518335,SBIN
2026-09-25,SHORT,102,2026-09-25 10:30:00,980.0,979.51,2026-09-25 15:00:00,982.0,982.491,square_off,-204.0,100.06199999998785,40,24.977505,6.1438099314,0.200124102,3.00642246,8.341908126012001,82.66976961941201,-386.73176961939987,-0.38688652422909153,SBIN
2026-09-28,SHORT,103,2026-09-28 10:15:00,965.6,965.1172,2026-09-28 15:00:00,961.3,961.7806,square_off,442.900000000007,99.23534999999652,40,24.8517679,6.093043691485,0.19847047855,2.9719022085,8.3324725506063,82.44765682914128,261.2169931708692,0.26264367360589647,SBIN
2026-09-30,LONG,102,2026-09-30 12:45:00,970.8,971.2854,2026-09-30 15:00:00,962.7,962.2187,square_off,-826.1999999999907,98.60849999998163,40,24.536575575000004,6.05457458217,0.19721741309999996,2.9721333239999996,8.325322559148601,82.08582345341861,-1006.8943234533909,-1.0168431165052787,SBIN
2026-08-04,LONG,50,2026-08-04 11:15:00,1962.0,1962.981,2026-08-04 15:00:00,1951.9,1950.9241,square_off,-504.99999999999545,97.84749999998894,40,24.386550625000005,6.007844251750001,0.19569525250000003,2.9444715,8.316637110765,81.85119874001502,-684.6986987399994,-0.6979599375535162,SUNPHARMA
2026-08-05,SHORT,51,2026-08-05 10:00:00,1935.4,1934.4323,2026-08-05 15:00:00,1939.4,1940.3697,square_off,-204.0,98.80739999998968,40,24.664011825000003,6.0667774914,0.19761490199999998,2.968765641,8.327590630812,82.224760490212,-385.0321604902017,-0.39008216418777664,SUNPHARMA
2026-08-06,LONG,51,2026-08-06 10:00:00,1957.9,1958.879,2026-08-06 15:00:00,1947.9,1946.9261,square_off,-510.0,99.59789999998839,40,24.823307137500006,6.115318888500001,0.19919605500000004,2.9970847935000005,8.33661268983,82.47151956433001,-692.0694195643184,-0.6930889534147915,SUNPHARMA
2026-08-07,SHORT,51,2026-08-07 10:15:00,1944.9,1943.9276,2026-08-07 15:00:00,1943.6,1944.5718,square_off,66.30000000000928,99.15674999998896,40,24.785076262500002,6.088223432295,0.19831346684999998,2.9751948539999997,8.3315766418461,82.37838465749108,-115.23513465747077,-0.11617627869114774,SUNPHARMA
2026-08-10,SHORT,51,2026-08-10 10:00:00,1947.7,1946.7262,2026-08-10 15:00:00,1952.5,1953.4762,square_off,-244.79999999999768,99.45509999998944,40,24.820758412500002,6.10654689768,0.1989103224,2.9888186625,8.3349822996144,82.45001659469439,-426.7051165946815,-0.4295716482031411,SUNPHARMA
2026-08-11,LONG,51,2026-08-11 10:00:00,1950.7,1951.6754,2026-08-11 15:00:00,1948.5,1947.5258,square_off,-112.20000000000232,99.42959999999584,40,24.830953312500004,6.10497916227,0.1988592561,2.9860632854999998,8.334690915306599,82.45554593167658,-294.08514593167473,-0.2956054447339414,SUNPHARMA
2026-08-12,SHORT,51,2026-08-12 13:15:00,1928.3,1927.3358,2026-08-12 15:00:00,1934.8,1935.7674,square_off,-331.5,98.5090499999892,40,24.573532087500006,6.048460758525,0.19701826574999998,2.9617241219999997,8.3241862243695,82.1049214581445,-512.1139714581337,-0.5207410890809376,SUNPHARMA
2026-08-13,SHORT,51,2026-08-13 13:30:00,1935.2,1934.2324,2026-08-13 15:00:00,1941.0,1941.9705,square_off,-295.7999999999977,98.84309999999232,40,24.661463100000002,6.068970880529999,0.1976863479,2.971214865,8.3279983011174,82.22733349454741,-476.8704334945374,-0.4831748995843136,SUNPHARMA
2026-08-14,SHORT,52,2026-08-14 10:00:00,1921.9,1920.939,2026-08-14 15:00:00,1920.7,1921.6604,square_off,62.400000000002365,99.90759999998681,40,24.972207650000005,6.13432568216,0.1998151688,2.997790146,8.340145353172801,82.6442840001328,-120.15188400011725,-0.12022546198285075,SUNPHARMA
2026-08-17,SHORT,52,2026-08-17 10:00:00,1915.0,1914.0425,2026-08-17 15:00:00,1889.8,1890.7449,square_off,1310.4000000000024,98.92479999999705,40,24.882552500000003,6.07396260536,0.19784894479999998,2.949562044,8.3289260790288,82.4328521731888,1129.0423478268165,1.1338043259959998,SUNPHARMA
2026-08-18,LONG,52,2026-08-18 10:00:00,1897.5,1898.4487,2026-08-18 15:00:00,1877.3,1876.3614,square_off,-1050.4000000000024,98.14479999998002,40,24.39269755,6.02610684364,0.1962901252,2.96158005,8.320031454391199,81.89670602323119,-1230.4415060232136,-1.2470269646530998,SUNPHARMA
2026-08-19,LONG,52,2026-08-19 10:30:00,1894.3,1895.2472,2026-08-19 15:00:00,1896.7,1895.7516,square_off,124.80000000000473,98.56599999999253,40,24.64477145,6.05195048432,0.19713193759999997,2.9565855539999997,8.324834835945602,82.17527426186561,-55.94127426185341,-0.05679109622577593,SUNPHARMA
2026-08-20,SHORT,52,2026-08-20 10:00:00,1895.8,1894.8521,2026-08-20 15:00:00,1899.5,1900.4498,square_off,-192.40000000000236,98.67779999999402,40,24.6330773,6.058819873340001,0.19735569619999999,2.96470161,8.3261116025172,82.18006608205721,-373.2578660820536,-0.37862833031930265,SUNPHARMA
2026-08-21,SHORT,52,2026-08-21 10:15:00,1895.2,1894.2524,2026-08-21 15:00:00,1898.4,1899.3492,square_off,-166.40000000000236,98.63359999998738,40,24.625281200000003,6.05610559424,0.1972672832,2.962984752,8.3256071179392,82.1672459473792,-347.200845947369,-0.35230790128438744,SUNPHARMA
2026-08-24,LONG,52,2026-08-24 10:15:00,1906.8,1907.7534,2026-08-24 15:00:00,1908.8,1907.8456,square_off,104.0,99.20559999998568,40,24.8019928,6.0912222436,0.19841114799999998,2.9760953039999998,8.332134010487998,82.39985550608799,-77.60545550607367,-0.0782679151398171,SUNPHARMA
2026-08-25,LONG,52,2026-08-25 11:15:00,1918.0,1918.959,2026-08-25 15:00:00,1918.2,1917.2409,square_off,10.400000000002365,99.74119999998129,40,24.924131700000004,6.124109520359999,0.1994823948,2.9935760399999998,8.3382465447288,82.5795461998888,-171.92074619986772,-0.17237581836033902,SUNPHARMA
2026-08-27,SHORT,52,2026-08-27 10:15:00,1903.8,1902.8481,2026-08-27 15:00:00,1915.9,1916.858,square_off,-629.2000000000071,99.31219999998848,40,24.737025300000003,6.097778738220001,0.1986247146,2.990298402,8.3333526215076,82.3570797763276,-810.8692797763232,-0.819079735040368,SUNPHARMA
2026-08-28,LONG,51,2026-08-28 13:30:00,1924.5,1925.4622,2026-08-28 15:00:00,1922.6,1921.6387,square_off,-96.90000000000464,98.10104999998725,40,24.500893424999997,6.023405957414999,0.19620214844999995,2.9459572424999996,8.319529459055701,81.9859882324207,-276.9870382324126,-0.2822093217310456,SUNPHARMA
2026-08-31,SHORT,52,2026-08-31 11:30:00,1906.7,1905.7466,2026-08-31 15:00:00,1928.2,1929.1641,square_off,-1118.0,99.70739999999569,40,24.774706450000004,6.1220515213,0.19941535900000001,3.009495996,8.337864038454,82.44353336475399,-1300.1509333647496,-1.311318118461568,SUNPHARMA
2026-09-01,SHORT,51,2026-09-01 10:30:00,1932.8,1931.8336,2026-09-01 15:00:00,1927.5,1928.4638,square_off,270.2999999999977,98.43764999998393,40,24.6308784,6.044067560895,0.19687516485,2.9505495375,8.323369690634099,82.14574035387909,89.71660964613466,0.0910155840618656,SUNPHARMA
2026-09-03,SHORT,52,2026-09-03 11:45:00,1917.3,1916.3414,2026-09-03 15:00:00,1916.1,1917.058,square_off,62.400000000002365,99.66839999998774,40,24.912437550000003,6.119638802160001,0.1993367688,2.9906105579999998,8.3374156027728,82.5594392817328,-119.82783928171818,-0.12018888669735706,SUNPHARMA
2026-09-04,SHORT,52,2026-09-04 11:00:00,1904.3,1903.3478,2026-09-04 15:00:00,1900.3,1901.2502,square_off,208.0,98.91959999998653,40,24.74352205,6.073660247199999,0.197839096,2.9659502339999997,8.328869881775999,82.30984150897599,26.770558491037477,0.027034523579265425,SUNPHARMA
2026-09-07,LONG,52,2026-09-07 10:45:00,1903.8,1904.7519,2026-09-07 15:00:00,1886.6,1885.6567,square_off,-894.4000000000024,98.55039999998462,40,24.5135371,6.05100828904,0.1971012472,2.9714129639999998,8.3246597165232,82.0577193167632,-1075.0081193167503,-1.0858931118701365,SUNPHARMA
2026-09-08,LONG,52,2026-09-08 12:00:00,1892.4,1893.3462,2026-09-08 15:00:00,1881.9,1880.959,square_off,-546.0,98.1317999999892,40,24.452467650000003,6.0253009011000005,0.19626387299999998,2.953620072,8.319881659338,81.947534155438,-726.0793341554272,-0.7378495095314732,SUNPHARMA
2026-09-09,SHORT,53,2026-09-09 10:00:00,1885.5,1884.5572,2026-09-09 15:00:00,1869.2,1870.1346,square_off,863.8999999999976,99.49954999998681,40,24.9703835625,6.1092591091349995,0.19899866805,2.973514014,8.335486399893298,82.5876417535783,681.8128082464325,0.6822801701629941,SUNPHARMA
2026-09-10,SHORT,53,2026-09-10 10:15:00,1855.4,1854.4723,2026-09-10 15:00:00,1844.2,1845.1221,square_off,593.6000000000024,98.03939999999784,40,24.571757975,6.019610048240001,0.1960785032,2.9337441390000003,8.3188239392592,82.0400146046992,413.5205853953054,0.42051714973255555,SUNPHARMA
2026-09-11,LONG,53,2026-09-11 10:30:00,1851.2,1852.1256,2026-09-11 15:00:00,1836.0,1835.082,square_off,-805.6000000000024,97.71079999998392,40,24.314836500000002,5.9994554859600004,0.1954220028,2.944879704,8.3150779479768,81.7696716407368,-985.0804716407231,-1.0040203107833399,SUNPHARMA
2026-09-15,SHORT,54,2026-09-15 10:00:00,1829.9,1828.9851,2026-09-15 15:00:00,1843.1,1844.0215,square_off,-712.7999999999902,99.17099999998163,40,24.691298175000004,6.0891103414800005,0.19834235639999998,2.987314911,8.331741485618402,82.2978072694984,-894.2688072694702,-0.9049966374093202,SUNPHARMA
2026-09-16,LONG,53,2026-09-16 10:30:00,1852.3,1853.2262,2026-09-16 15:00:00,1852.7,1851.7736,square_off,21.20000000000482,98.18249999999807,40,24.5360008625,6.0284051745800005,0.1963649894,2.9466295785,8.320458629516398,82.02785923449639,-159.01035923448964,-0.16197135762319936,SUNPHARMA
2026-09-17,LONG,53,2026-09-17 10:00:00,1862.3,1863.2312,2026-09-17 15:00:00,1858.3,1857.3708,square_off,-212.0,98.5958999999907,40,24.6101637625,6.0537915142,0.19719190599999997,2.9625375284999995,8.325177015635997,82.148861726836,-392.7447617268267,-0.3979100318502751,SUNPHARMA
2026-09-18,SHORT,53,2026-09-18 10:30:00,1852.5,1851.5738,2026-09-18 15:00:00,1854.4,1855.3272,square_off,-100.70000000000482,98.23284999999146,40,24.5333521875,6.031498535745,0.19646575035,2.949970248,8.3210335714971,82.0323202930921,-280.96517029308836,-0.286166241736652,SUNPHARMA
2026-09-21,LONG,53,2026-09-21 10:30:00,1883.3,1884.2416,2026-09-21 15:00:00,1870.2,1869.2649,square_off,-694.2999999999952,99.4677499999948,40,24.767759925000004,6.107330507505001,0.19893584714999998,2.9959442235,8.3351279438379,82.40509844699291,-876.1728484469829,-0.8777976519006512,SUNPHARMA
2026-09-22,SHORT,53,2026-09-22 10:45:00,1857.5,1856.5713,2026-09-22 15:00:00,1846.0,1846.923,square_off,609.5,98.14274999998997,40,24.599569062500002,6.025955494175,0.19628519525,2.93660757,8.3200033240965,82.0784206460215,429.2788293539885,0.4360484820376226,SUNPHARMA
2026-09-23,LONG,53,2026-09-23 13:00:00,1860.5,1861.4302,2026-09-23 15:00:00,1865.0,1864.0675,square_off,238.5,98.72574999998824,40,24.698894375000002,6.061757389025,0.19745138075,2.9596740975,8.3266575785595,82.24443482083451,57.52981517917725,0.05834282240945297,SUNPHARMA
2026-09-24,SHORT,53,2026-09-24 13:15:00,1859.0,1858.0705,2026-09-24 15:00:00,1849.9,1850.825,square_off,482.2999999999952,98.2858499999902,40,24.619434125,6.034743786695,0.19657145885,2.9428116705,8.321636744198102,82.11519778524311,301.89895221476183,0.3064124069694214,SUNPHARMA
2026-09-28,SHORT,54,2026-09-28 12:15:00,1841.5,1840.5792,2026-09-28 15:00:00,1847.3,1848.2236,square_off,-313.19999999999754,99.59759999999733,40,24.847819875000003,6.11529744762,0.19919535659999998,2.994122313,8.3366087047596,82.4930436969796,-495.2906436969745,-0.49807488228896984,SUNPHARMA
2026-09-29,SHORT,54,2026-09-29 11:45:00,1839.5,1838.5803,2026-09-29 15:00:00,1850.7,1851.6254,square_off,-604.8000000000025,99.63539999998784,40,24.820833375000003,6.1176228436799995,0.1992711024,2.999633067,8.3370409102944,82.47440129837442,-786.9098012983648,-0.7921937335008152,SUNPHARMA
2026-09-30,SHORT,54,2026-09-30 10:45:00,1819.1,1818.1904,2026-09-30 15:00:00,1827.5,1828.4138,square_off,-453.6000000000049,98.45819999998866,40,24.545571075,6.045340442760001,0.1969166268,2.962030275,8.3236062725208,82.0734646920808,-634.1316646920744,-0.6455488415028947,SUNPHARMA
2026-08-03,LONG,41,2026-08-03 10:00:00,2404.3,2405.5022,2026-08-03 15:00:00,2446.0,2444.777,square_off,1709.6999999999925,99.43115000000125,40,25.058964250000002,6.105046366105,0.19886144515,2.9587676445000004,8.3347034060259,82.6563431117809,1527.6125068882104,1.5496752331830372,TCS
2026-08-05,SHORT,41,2026-08-05 10:00:00,2433.5,2432.2832,2026-08-05 15:00:00,2409.6,2410.8048,square_off,979.9000000000037,99.28355000000101,40,24.9309033125,6.095994928535,0.19856661004999998,2.965289904,8.3330210769453,82.5237758320303,798.0926741679724,0.7999044577648097,TCS
2026-08-06,SHORT,41,2026-08-06 10:30:00,2397.8,2396.6011,2026-08-06 15:00:00,2375.0,2376.1875,square_off,934.8000000000075,97.84239999999454,40,24.565161275,6.007509010820001,0.1956843326,2.922710625,8.316574801815602,82.0076400452356,754.9499599547773,0.7679295044388019,TCS
2026-08-07,LONG,40,2026-08-07 10:00:00,2445.6,2446.8228,2026-08-07 15:00:00,2447.0,2445.7765,square_off,56.00000000000364,97.85200000000259,40,24.457765,6.0081119404,0.195703972,2.93618736,8.316686864232,81.914455136632,-123.76645513663095,-0.12651951988942484,TCS
2026-08-10,LONG,40,2026-08-10 10:00:00,2464.2,2465.4321,2026-08-10 15:00:00,2437.8,2436.5811,square_off,-1055.9999999999854,98.03999999998268,40,24.365811,6.0196722095999995,0.19608052799999998,2.9585185199999997,8.318835492767999,81.85891775036801,-1235.898917750336,-1.2538541085852772,TCS
2026-08-12,SHORT,41,2026-08-12 10:15:00,2417.2,2415.9914,2026-08-12 15:00:00,2336.5,2337.6682,square_off,3308.6999999999925,97.45084999998562,40,24.76391185,5.983431401455,0.19490004564999996,2.8753319474999994,8.3120996604789,82.1296749050839,3129.119475094923,3.15737163649831,TCS
2026-08-13,LONG,42,2026-08-13 12:00:00,2365.5,2366.6828,2026-08-13 15:00:00,2363.3,2362.1184,square_off,-92.39999999999236,99.30479999999716,40,24.802242675000002,6.09731613834,0.1986096462,2.982020265,8.3332666412172,82.41345536575722,-274.11825536574673,-0.2759089041537043,TCS
2026-08-14,SHORT,42,2026-08-14 11:00:00,2336.9,2335.7316,2026-08-14 15:00:00,2355.8,2356.9779,square_off,-793.8000000000038,98.54669999997259,40,24.525181275000005,6.05077956483,0.1970937969,2.969792154,8.3246172051114,82.06746399584141,-974.4141639958178,-0.9927826281824494,TCS
2026-08-17,SHORT,43,2026-08-17 10:45:00,2313.7,2312.5432,2026-08-17 15:00:00,2315.4,2316.5577,square_off,-73.10000000001173,99.52564999998276,40,24.859838862500002,6.110876032085001,0.19905133654999999,2.988359433,8.3357869263543,82.4939125904893,-255.11956259048378,-0.256429661732274,TCS
2026-08-18,SHORT,43,2026-08-18 10:00:00,2290.9,2289.7546,2026-08-18 15:00:00,2292.0,2293.146,square_off,-47.29999999999609,98.53234999998767,40,24.6148614125,6.049887016055001,0.19706472365,2.9581583399999998,8.3244513131469,82.1444228053519,-227.97677280533566,-0.23142805945600303,TCS
2026-08-19,SHORT,44,2026-08-19 10:15:00,2266.8,2265.6666,2026-08-19 15:00:00,2281.6,2282.7408,square_off,-651.199999999988,100.06479999997282,40,24.922332600000004,6.14398871592,0.20012992559999998,3.0132178559999994,8.3419413554736,82.6216104529936,-833.8864104529544,-0.8360668728573664,TCS
2026-08-20,SHORT,43,2026-08-20 11:15:00,2300.0,2298.85,2026-08-20 15:00:00,2294.2,2295.3471,square_off,249.40000000000782,98.77529999999024,40,24.7126375,6.064799591709999,0.19755047529999997,2.960997758999999,8.3272230120618,82.26320833807179,68.36149166194579,0.06912183181187644,TCS
2026-08-21,LONG,43,2026-08-21 10:30:00,2296.7,2297.8483,2026-08-21 15:00:00,2290.6,2289.4547,square_off,-262.2999999999961,98.62694999998348,40,24.611638025000005,6.055698756305,0.19725403115,2.9642243715,8.3255315017419,82.15434668569691,-443.0812966856765,-0.44865311978022715,TCS
2026-08-24,SHORT,43,2026-08-24 12:00:00,2292.9,2291.7536,2026-08-24 15:00:00,2285.1,2286.2426,square_off,335.4000000000078,98.42699999998968,40,24.636350662500003,6.04341265161,0.1968538323,2.9492528895,8.3232479671038,82.1491180030138,154.82388199700435,0.15703063348943133,TCS
2026-08-25,SHORT,44,2026-08-25 10:00:00,2268.0,2266.866,2026-08-25 15:00:00,2289.0,2290.1445,square_off,-924.0,100.25399999999536,40,24.935526,6.155609783399999,0.20050846199999997,3.02299074,8.344101284172,82.65873626957199,-1106.9127362695674,-1.1092199136900427,TCS
2026-08-26,SHORT,43,2026-08-26 10:30:00,2288.3,2287.1558,2026-08-26 15:00:00,2270.8,2271.9354,square_off,752.5,98.02064999998902,40,24.5869253875,6.018456359125,0.19604092374999998,2.9307966659999996,8.3186095109175,82.05082884729251,572.4285211527185,0.5817546296201592,TCS
2026-08-27,SHORT,44,2026-08-27 10:00:00,2253.0,2251.8735,2026-08-27 15:00:00,2257.0,2258.1285,square_off,-176.0,99.2199999999848,40,24.7706085,6.0921107016,0.198440088,2.98072962,8.332299142127999,82.37418805172801,-357.5941880517128,-0.36072528351260225,TCS
2026-08-28,LONG,42,2026-08-28 12:15:00,2333.8,2334.9669,2026-08-28 15:00:00,2337.6,2336.4312,square_off,159.59999999998854,98.0993999999846,40,24.5325276,6.02330071014,0.19619872019999998,2.9420582939999997,8.319509897461199,82.01359522180122,-20.512995221797283,-0.020927442288886388,TCS
2026-09-01,LONG,42,2026-09-01 12:30:00,2366.6,2367.7833,2026-09-01 15:00:00,2355.3,2354.1224,square_off,-474.59999999998854,99.15989999999056,40,24.718284675000003,6.0884251451099995,0.19832003729999997,2.9834069579999998,8.3316141328338,82.32005094824379,-656.0799509482229,-0.6600587853060477,TCS
2026-09-02,LONG,42,2026-09-02 10:00:00,2357.1,2358.2786,2026-09-02 15:00:00,2333.9,2332.7331,square_off,-974.3999999999924,98.51099999999587,40,24.493697025000003,6.04859035704,0.19702248719999998,2.971430973,8.3242103119632,82.0349511542032,-1154.9459511541913,-1.166633283387164,TCS
2026-09-04,SHORT,43,2026-09-04 10:00:00,2324.1,2322.938,2026-09-04 15:00:00,2308.5,2309.6542,square_off,670.7999999999961,99.60089999999809,40,24.9715829625,6.11548496322,0.1992014646,2.9794539825000004,8.336643557007601,82.60236692982761,488.5967330701704,0.4889081675729143,TCS
2026-09-07,SHORT,44,2026-09-07 11:30:00,2272.0,2270.864,2026-09-07 15:00:00,2264.8,2265.9324,square_off,316.799999999992,99.80959999999686,40,24.979504000000002,6.128304577120001,0.1996190416,2.9910307680000003,8.3390262513696,82.63748463808962,134.3529153619055,0.1343959220569637,TCS
2026-09-10,SHORT,45,2026-09-10 12:30:00,2193.0,2191.9035,2026-09-10 15:00:00,2203.1,2204.2015,square_off,-454.4999999999959,98.9122499999985,40,24.658914375000002,6.073219126575,0.19782472725,2.9756720925,8.3287878936885,82.23441821501349,-635.6466682150079,-0.6441168041901079,TCS
2026-09-15,SHORT,44,2026-09-15 14:15:00,2271.7,2270.5642,2026-09-15 15:00:00,2266.5,2267.6332,square_off,228.799999999992,99.84039999997913,40,24.976205650000004,6.13019704792,0.19968068560000002,2.99327589,8.3393779920336,82.63873726555362,46.320862734459254,0.046341809232232224,TCS
2026-09-16,SHORT,45,2026-09-16 11:30:00,2220.3,2219.1899,2026-09-16 15:00:00,2185.8,2186.8929,square_off,1552.5,99.1372500000034,40,24.9658858125,6.087003319125001,0.19827372375000002,2.9523054150000005,8.331349867717499,82.5348181380925,1370.827931861904,1.3720147245986818,TCS
2026-09-17,LONG,45,2026-09-17 12:00:00,2187.0,2188.0935,2026-09-17 15:00:00,2220.0,2218.89,square_off,1485.0,99.15749999998297,40,24.962512500000006,6.088247705250001,0.1983142575,2.953926225,8.331581153295001,82.53458184104501,1303.307918158972,1.3242980421266797,TCS
2026-09-18,SHORT,47,2026-09-18 13:15:00,2114.9,2113.8426,2026-09-18 15:00:00,2113.3,2114.3566,square_off,75.19999999999573,99.36269999998967,40,24.837649962500002,6.10086862568,0.19872536240000002,2.9812428765000005,8.333926917854399,82.45241374493439,-106.61511374492834,-0.10725834202203449,TCS
2026-09-21,LONG,47,2026-09-21 10:45:00,2123.5,2124.5618,2026-09-21 15:00:00,2139.4,2138.3303,square_off,747.3000000000043,100.17814999999337,40,25.125381025000003,6.150926938945,0.20035592635,2.9956320675,8.3432309157531,82.8155268735481,564.3063231264628,0.5654117030058392,TCS
2026-09-22,SHORT,47,2026-09-22 10:45:00,2106.3,2105.2469,2026-09-22 15:00:00,2107.0,2108.0535,square_off,-32.89999999999145,99.01254999998673,40,24.736650487500008,6.079371075015001,0.19802511645000004,2.9723554350000003,8.3299313144637,82.31633342842872,-214.2288834284069,-0.216401336444978,TCS
2026-09-23,SHORT,47,2026-09-23 13:30:00,2085.4,2084.3573,2026-09-23 15:00:00,2080.0,2081.04,square_off,253.80000000000427,97.88689999999679,40,24.491198275000002,6.01025176417,0.1957736731,2.9342664000000003,8.317084578708599,81.94857469097862,73.96452530902887,0.07546337894156627,TCS
2026-09-24,LONG,47,2026-09-24 12:00:00,2094.0,2095.047,2026-09-24 15:00:00,2071.6,2070.5642,square_off,-1052.8000000000043,97.89160000000629,40,24.32912935,6.01056040048,0.1957837264,2.9540162700000003,8.3171419428384,81.8066316897184,-1232.498231689729,-1.2523097722873144,TCS
2026-09-25,LONG,48,2026-09-25 10:15:00,2075.8,2076.8379,2026-09-25 15:00:00,2073.6,2072.5632,square_off,-105.6000000000131,99.58559999998397,40,24.8707584,6.1145574609599995,0.19917125279999998,2.990646576,8.336471168476798,82.51160485823681,-287.6972048582339,-0.28874129337507815,TCS
2026-09-28,SHORT,48,2026-09-28 10:15:00,2061.3,2060.2694,2026-09-28 15:00:00,2075.4,2076.4377,square_off,-676.7999999999956,99.28079999997863,40,24.723232200000005,6.095851508880001,0.1985619384,2.9900702879999996,8.3329944205104,82.34071035579042,-858.4215103557647,-0.8675972185390334,TCS
2026-09-29,SHORT,48,2026-09-29 10:45:00,2051.6,2050.5742,2026-09-29 15:00:00,2045.1,2046.1226,square_off,312.0,98.32079999999041,40,24.6068904,6.0368923308,0.19664144399999997,2.9464164719999997,8.322036079463999,82.10887672626399,131.5703232737456,0.13360540073778351,TCS
2026-09-30,LONG,47,2026-09-30 10:00:00,2090.6,2091.6453,2026-09-30 15:00:00,2057.1,2056.0714,square_off,-1574.5,97.47094999998899,40,24.1588395375,5.984740498575,0.19494268724999997,2.9492198729999997,8.3123429734485,81.60008556977351,-1753.5710355697624,-1.7846561768582798,TCS
2026-08-03,LONG,91,2026-08-03 10:15:00,1093.3,1093.8466,2026-08-03 15:00:00,1096.1,1095.552,square_off,254.79999999999586,99.61769999998864,40,24.9238068625,6.116522868820001,0.1992352726,2.9862013545,8.3368364654556,82.56260282387561,72.61969717613161,0.07299173605480293,TATACONSUM
2026-08-04,SHORT,91,2026-08-04 12:15:00,1090.0,1089.455,2026-08-04 15:00:00,1083.5,1084.0417,square_off,591.5,98.89424999997368,40,24.785101250000004,6.072097870475,0.19778820425,2.9594339774999994,8.328579493450498,82.3430007956755,410.2627492043508,0.41361301462279554,TATACONSUM
2026-08-06,LONG,91,2026-08-06 10:00:00,1097.5,1098.0488,2026-08-06 15:00:00,1093.2,1092.6534,square_off,-391.29999999999586,99.67684999998414,40,24.857864850000002,6.120164596455,0.19935389565,2.9976730875,8.3375133285789,82.5125697581839,-573.4894197581639,-0.5742215522372663,TATACONSUM
2026-08-07,SHORT,92,2026-08-07 10:00:00,1086.5,1085.9568,2026-08-07 15:00:00,1082.2,1082.7411,square_off,395.5999999999958,99.76019999998698,40,24.97700525,6.12527020754,0.1995202022,2.988365436,8.338462273753201,82.6286233694932,213.21117663051564,0.21330076295095504,TATACONSUM
2026-08-10,LONG,91,2026-08-10 10:30:00,1089.7,1090.2448,2026-08-10 15:00:00,1108.0,1107.446,square_off,1665.2999999999959,99.99534999998696,40,25.194396500000003,6.139688927645,0.19998986735000002,2.9763684405000004,8.341142183099098,82.8515859185941,1482.4530640814148,1.4949704516732751,TATACONSUM
2026-08-11,SHORT,92,2026-08-11 10:30:00,1085.9,1085.357,2026-08-11 15:00:00,1085.4,1085.9427,square_off,46.0,99.8797999999988,40,24.963212150000004,6.132619013900001,0.19975957700000002,2.9972018520000003,8.339828146361999,82.632620739262,-136.5124207392608,-0.1366452399124557,TATACONSUM
2026-08-12,SHORT,93,2026-08-12 10:30:00,1065.5,1064.9673,2026-08-12 15:00:00,1063.0,1063.5315,square_off,232.5,98.97524999999087,40,24.760488562500004,6.077076781125001,0.19795038375000001,2.967252885,8.329504889677501,82.33227350205249,51.19247649795665,0.05166182417054606,TATACONSUM
2026-08-13,LONG,93,2026-08-13 10:15:00,1071.9,1072.436,2026-08-13 15:00:00,1090.2,1089.6549,square_off,1701.8999999999958,100.53765000000044,40,25.334476425000002,6.172985585835001,0.20107444905,2.9920963005,8.3473308062793,83.04796356666431,1518.314386433331,1.5230862155466385,TATACONSUM
2026-08-14,SHORT,92,2026-08-14 11:00:00,1083.7,1083.1582,2026-08-14 15:00:00,1082.8,1083.3414,square_off,82.80000000000837,99.65899999997055,40,24.912637450000005,6.11906132902,0.19931795859999998,2.9900222639999994,8.337308271771601,82.55834727339162,-99.4173472733538,-0.09971609669906419,TATACONSUM
2026-08-17,SHORT,93,2026-08-17 11:00:00,1074.2,1073.6629,2026-08-17 15:00:00,1077.1,1077.6385,square_off,-269.6999999999873,100.03544999999963,40,24.962662425,6.142180769895,0.20007103485,3.0066115544999996,8.3416053248541,82.6531311090991,-452.38858110908603,-0.452838702779649,TATACONSUM
2026-08-18,SHORT,93,2026-08-18 12:15:00,1070.1,1069.565,2026-08-18 15:00:00,1064.2,1064.7321,square_off,548.6999999999873,99.2449499999866,40,24.8673850875,6.093631507455,0.19848962565,2.970602559,8.332581803958899,82.4626905835639,366.9923594164368,0.3687650128331256,TATACONSUM
2026-08-19,LONG,93,2026-08-19 13:30:00,1069.8,1070.3349,2026-08-19 15:00:00,1067.8,1067.2661,square_off,-186.0,99.3983999999798,40,24.813936825000003,6.103064615099999,0.19879689299999997,2.9862343709999997,8.334335071458,82.43636777555798,-367.8347677755378,-0.3697151389723512,TATACONSUM
2026-08-20,SHORT,93,2026-08-20 10:30:00,1067.6,1067.0662,2026-08-20 15:00:00,1061.4,1061.9307,square_off,576.5999999999831,98.9984999999956,40,24.80928915,6.07849904919,0.1979967117,2.9627866530000007,8.3297692369602,82.3783408008502,395.2231591991373,0.3980621383699921,TATACONSUM
2026-08-21,SHORT,94,2026-08-21 10:15:00,1052.7,1052.1737,2026-08-21 15:00:00,1046.3,1046.8232,square_off,601.6000000000085,98.65299999998615,40,24.726080775000007,6.057284965440001,0.19730569920000002,2.952041283,8.325826319635201,82.25853904227522,420.68846095774717,0.42513623626151514,TATACONSUM
2026-08-24,SHORT,95,2026-08-24 11:15:00,1043.2,1042.6784,2026-08-24 15:00:00,1056.7,1057.2284,square_off,-1282.5,99.74525000000767,40,24.763612000000002,6.124378036375001,0.19949114125,3.0131007975000004,8.3382964519725,82.43887842709749,-1464.6841284271052,-1.4779263485097525,TATACONSUM
2026-08-25,SHORT,95,2026-08-25 13:45:00,1052.1,1051.574,2026-08-25 15:00:00,1057.1,1057.6285,square_off,-475.0,100.18699999999399,40,24.9748813125,6.151489091249999,0.20037423749999997,3.0142413675,8.343335399175,82.68432140792501,-657.871321407919,-0.6582037142836323,TATACONSUM
2026-08-26,SHORT,95,2026-08-26 10:30:00,1049.0,1048.4755,2026-08-26 15:00:00,1045.6,1046.1228,square_off,323.00000000000864,99.49349999999527,40,24.901293125000002,6.108895941949999,0.19898683849999999,2.9814499799999994,8.335418900480999,82.52604478593099,140.98045521408238,0.14146852161364948,TATACONSUM
2026-08-27,SHORT,96,2026-08-27 10:00:00,1040.7,1040.1796,2026-08-27 15:00:00,1040.4,1040.9202,square_off,28.799999999995634,99.89279999999417,40,24.964311600000002,6.13341747792,0.19978558559999998,2.997850176,8.3399765514336,82.6353413909536,-153.72814139095215,-0.15387093361734905,TATACONSUM
2026-08-28,SHORT,96,2026-08-28 11:45:00,1035.1,1034.5824,2026-08-28 15:00:00,1037.5,1038.0188,square_off,-230.40000000000873,99.48479999999836,40,24.8299788,6.10837025664,0.19896971519999995,2.9894939999999997,8.3353211949312,82.46213396677118,-412.34693396677824,-0.4149628598351792,TATACONSUM
2026-08-31,LONG,96,2026-08-31 12:00:00,1034.1,1034.617,2026-08-31 15:00:00,1038.7,1038.1806,square_off,441.6000000000131,99.49439999999595,40,24.9163356,6.1089493814399995,0.19898857919999996,2.9796971039999995,8.3354288329152,82.5393994975552,259.5662005024619,0.2614654857912496,TATACONSUM
2026-09-02,SHORT,98,2026-09-02 10:00:00,1018.3,1017.7908,2026-09-02 15:00:00,1012.0,1012.506,square_off,617.3999999999955,99.48469999999497,40,24.935875825,6.1083511029099995,0.1989690913,2.9767676400000003,8.3353176349578,82.5552812941678,435.3600187058328,0.4362613346231643,TATACONSUM
2026-09-03,LONG,98,2026-09-03 10:00:00,1017.1,1017.6086,2026-09-03 15:00:00,1016.5,1015.9918,square_off,-58.80000000000223,99.6463999999878,40,24.891797875,6.118289862579999,0.19929282939999998,2.9917691369999995,8.3371648845564,82.53831458853641,-240.98471458852646,-0.24176852815681082,TATACONSUM
2026-09-04,SHORT,98,2026-09-04 12:30:00,1012.9,1012.3936,2026-09-04 15:00:00,1009.3,1009.8046,square_off,352.8000000000022,99.08779999999433,40,24.803641974999998,6.083985504519999,0.19817542359999996,2.968825671,8.330788967061599,82.38541754118161,171.3267824588263,0.1725967493404735,TATACONSUM
2026-09-07,SHORT,99,2026-09-07 10:00:00,1006.3,1005.7968,2026-09-07 15:00:00,1018.1,1018.609,square_off,-1168.2000000000066,100.20779999997819,40,24.893472037500004,6.15277685187,0.2004161841,3.0252688784999995,8.343574746474598,82.61550869844461,-1351.0233086984294,-1.3561264123882466,TATACONSUM
2026-09-08,SHORT,99,2026-09-08 10:00:00,1008.7,1008.1957,2026-09-08 15:00:00,1013.9,1014.407,square_off,-514.7999999999932,100.1186999999893,40,24.9528423375,6.1472960821800005,0.2002376574,3.0127886415,8.342556073124399,82.6557207917044,-697.574420791687,-0.6985433003492714,TATACONSUM
2026-09-09,SHORT,99,2026-09-09 10:00:00,1006.9,1006.3966,2026-09-09 15:00:00,1008.3,1008.8042,square_off,-138.59999999999775,99.75239999999121,40,24.908314612500003,6.124799487510001,0.1995048693,2.9961483255,8.338374784225799,82.56714207903582,-320.9195420790248,-0.32193976920764383,TATACONSUM
2026-09-10,SHORT,100,2026-09-10 11:00:00,997.2,996.7014,2026-09-10 15:00:00,1001.3,1001.8006,square_off,-409.9999999999909,99.92499999998472,40,24.917535000000004,6.1354012935,0.199850205,3.0054019499999995,8.340345269730001,82.59853371822999,-592.5235337182056,-0.5941872580407196,TATACONSUM
2026-09-11,LONG,100,2026-09-11 11:15:00,998.9,999.3994,2026-09-11 15:00:00,991.9,991.404,square_off,-700.0,99.53999999999041,40,24.78510125,6.111766745,0.19908035,2.99819835,8.3359524771,82.43009917209999,-881.9700991720904,-0.8829413346401946,TATACONSUM
2026-09-16,LONG,99,2026-09-16 10:00:00,1003.4,1003.9017,2026-09-16 15:00:00,1002.3,1001.7988,square_off,-108.90000000000225,99.28214999998545,40,24.7945215375,6.095925681615,0.19856435444999998,2.981588049,8.3330082064917,82.4036078290567,-290.5857578290444,-0.292526377819499,TATACONSUM
2026-09-17,SHORT,99,2026-09-17 11:15:00,1000.0,999.5,2026-09-17 15:00:00,1015.1,1015.6076,square_off,-1494.9000000000024,99.74744999999245,40,24.737625,6.124516376715,0.19949564744999998,3.0163544234999997,8.338322164349698,82.4163136120147,-1677.0637636120096,-1.6940038016282923,TATACONSUM
2026-09-18,SHORT,99,2026-09-18 10:15:00,1007.1,1006.5965,2026-09-18 15:00:00,1003.5,1004.0017,square_off,356.40000000000225,99.52469999998084,40,24.913262137500002,6.11081110926,0.19904922179999998,2.9818851975,8.3357748595908,82.5407825256508,174.3345174743706,0.17485400873432025,TATACONSUM
2026-09-21,LONG,98,2026-09-21 11:00:00,1012.9,1013.4064,2026-09-21 15:00:00,1006.0,1005.497,square_off,-676.1999999999978,98.92609999999036,40,24.6346765,6.07407291967,0.1978525381,2.979414963,8.3289465823986,82.21496350316859,-857.3410635031568,-0.8636961396990624,TATACONSUM
2026-09-22,SHORT,100,2026-09-22 10:45:00,992.9,992.4036,2026-09-22 15:00:00,987.7,988.1938,square_off,519.9999999999932,99.02999999999338,40,24.81008875,6.080434018,0.19805973999999998,2.96458155,8.33012887644,82.38329293444002,338.5867070655598,0.34100786289209367,TATACONSUM
2026-09-23,LONG,100,2026-09-23 12:00:00,991.5,991.9958,2026-09-23 15:00:00,996.2,995.7019,square_off,470.00000000000455,99.38499999998385,40,24.892547500000006,6.102231785500001,0.19876976500000001,2.97598725,8.33418027909,82.50371657959,288.1112834204307,0.29058122382292556,TATACONSUM
2026-09-24,SHORT,101,2026-09-24 10:15:00,985.0,984.5075,2026-09-24 15:00:00,986.0,986.493,square_off,-101.0,99.5354999999887,40,24.858814375,6.11148125035,0.19907105049999999,2.98907379,8.335899414153001,82.49433988000301,-283.0298398799917,-0.28449498907372134,TATACONSUM
2026-09-25,SHORT,101,2026-09-25 13:30:00,982.2,981.7089,2026-09-25 15:00:00,981.4,981.8907,square_off,80.80000000000689,99.16179999999065,40,24.788149725000004,6.08853327972,0.1983235596,2.9751288209999998,8.3316342310776,82.3817696163976,-100.74356961638136,-0.10155376555800309,TATACONSUM
2026-09-28,SHORT,103,2026-09-28 10:00:00,963.2,962.7184,2026-09-28 15:00:00,957.9,958.379,square_off,545.900000000007,98.93664999998953,40,24.789998800000003,6.074701930434999,0.19787302704999998,2.9613909554999998,8.329063492347299,82.3530282053323,364.6103217946852,0.3675151616322263,TATACONSUM
2026-09-30,SHORT,104,2026-09-30 12:15:00,960.5,960.0198,2026-09-30 15:00:00,957.3,957.7786,square_off,332.80000000000473,99.7255999999852,40,24.9605135,6.12314673152,0.1994510336,2.988269388,8.3380675977216,82.60944825084161,150.4649517491779,0.15062762958913417,TATACONSUM
2026-08-04,LONG,287,2026-08-04 10:00:00,347.85,348.0239,2026-08-04 15:00:00,345.7,345.5272,square_off,-617.0500000000097,99.52442499999415,40,24.791573012500002,6.1108091667175,0.199049158525,2.99648599425,8.33577449854365,82.43369183053616,-799.0081168305401,-0.8003450933089126,TMPV
2026-08-05,SHORT,287,2026-08-05 13:45:00,347.5,347.3262,2026-08-05 15:00:00,348.15,348.3241,square_off,-186.54999999999347,99.82577499998376,40,24.920658437500002,6.1293054485425,0.19965164327499998,2.99907028575,8.33921227652715,82.58789809159465,-368.9636730915719,-0.369953298164161,TMPV
2026-08-06,SHORT,289,2026-08-06 11:45:00,345.9,345.727,2026-08-06 15:00:00,344.0,344.172,square_off,549.0999999999934,99.69054999997866,40,24.978779362500003,6.1209913413149994,0.19938082545,2.98397124,8.337666990017699,82.62078975928272,366.78866024073204,0.3669167141739788,TMPV
2026-08-07,LONG,286,2026-08-07 10:00:00,348.25,348.4241,2026-08-07 15:00:00,345.75,345.5771,square_off,-715.0,99.24199999999428,40,24.7087644375,6.09346977525,0.19848435749999999,2.9894789925,8.332551743895,82.32274930664501,-896.5647493066393,-0.9001699298757919,TMPV
2026-08-11,SHORT,290,2026-08-11 11:15:00,344.65,344.4777,2026-08-11 15:00:00,347.6,347.7738,square_off,-855.5000000000132,100.37624999999196,40,24.974631437499998,6.163114881924999,0.20075292774999998,3.02563206,8.3454962057415,82.7096275129165,-1038.5858775129216,-1.0391210248407146,TMPV
2026-08-12,SHORT,288,2026-08-12 10:00:00,346.35,346.1768,2026-08-12 15:00:00,343.5,343.6717,square_off,820.8000000000065,99.33839999998054,40,24.924731400000006,6.099365160720001,0.1986763896,2.96932392,8.3336474790576,82.5257443493776,638.9358556506484,0.6405449044506283,TMPV
2026-08-14,SHORT,303,2026-08-14 10:15:00,329.4,329.2353,2026-08-14 15:00:00,330.85,331.0154,square_off,-439.3500000000138,100.02787499998567,40,24.939573975,6.1417182690225,0.200055969675,3.00893021325,8.341519362965549,82.63179778991307,-622.0096727899125,-0.6232049799414403,TMPV
2026-08-17,SHORT,303,2026-08-17 10:00:00,329.1,328.9355,2026-08-17 15:00:00,331.2,331.3656,square_off,-636.2999999999897,100.03544999998377,40,24.916860337500005,6.142186397205,0.20007121815,3.0121133039999997,8.341606370763898,82.61283762761889,-818.9482876275923,-0.8212700179683889,TMPV
2026-08-18,SHORT,305,2026-08-18 10:00:00,327.3,327.1364,2026-08-18 15:00:00,323.9,324.0619,square_off,1037.0000000000105,99.30799999998527,40,24.944146687500005,6.097495282050001,0.1986154815,2.9651668425,8.333299937439,82.538724230989,855.1532757690362,0.856639545380271,TMPV
2026-08-20,SHORT,310,2026-08-20 12:45:00,322.35,322.1888,2026-08-20 15:00:00,319.65,319.8098,square_off,837.0000000000141,99.50999999997293,40,24.969633937500006,6.10990115205,0.1990195815,2.9742313724999994,8.335605732039,82.588391775589,654.9016082244522,0.6553701979159621,TMPV
2026-08-21,SHORT,312,2026-08-21 10:45:00,320.0,319.84,2026-08-21 15:00:00,317.45,317.6087,square_off,795.6000000000035,99.44219999999132,40,24.947520000000004,6.10573886754,0.19888400220000002,2.972817666,8.334832116553201,82.5597926522932,613.598007347719,0.6145813374876993,TMPV
2026-08-24,SHORT,314,2026-08-24 10:00:00,317.75,317.5911,2026-08-24 15:00:00,313.45,313.6067,square_off,1350.2000000000035,99.09839999998769,40,24.930903312500003,6.0846210344300005,0.1981961249,2.9541753495000003,8.3309070886794,82.4988029100094,1168.6027970900066,1.171255691230644,TMPV
2026-08-25,SHORT,321,2026-08-25 10:45:00,311.0,310.8445,2026-08-25 15:00:00,313.5,313.6568,square_off,-802.5,100.23224999998365,40,24.945271125000005,6.154272468375,0.20046490125,3.0205145025,8.3438527265325,82.66437572365751,-985.3966257236411,-0.98706476517679,TMPV
2026-08-27,LONG,314,2026-08-27 11:45:00,317.6,317.7588,2026-08-27 15:00:00,317.3,317.1414,square_off,-94.20000000000357,99.67929999998466,40,24.895595975000003,6.12031046597,0.1993586471,2.993287896,8.3375404403526,82.54609342442261,-276.42539342441086,-0.277183768214245,TMPV
2026-08-28,SHORT,318,2026-08-28 11:30:00,314.25,314.0929,2026-08-28 15:00:00,317.95,318.109,square_off,-1176.5999999999963,100.51980000000185,40,24.9703835625,6.17193378081,0.20104018829999998,3.0347596215,8.3471353144398,82.7252524675498,-1359.845052467548,-1.3607771848391628,TMPV
2026-08-31,SHORT,317,2026-08-31 10:00:00,315.4,315.2423,2026-08-31 15:00:00,317.45,317.6087,square_off,-649.8500000000035,100.306724999994,40,24.982952275,6.1588428901975,0.200613774925,3.02045897475,8.34470219972205,82.70757011459456,-832.8642951145921,-0.8330159040091218,TMPV
2026-09-01,SHORT,319,2026-09-01 10:15:00,313.45,313.2933,2026-09-01 15:00:00,310.05,310.205,square_off,1084.5999999999926,99.44824999998752,40,24.98513868125,6.106105901389999,0.19889595769999996,2.96866208925,8.334900334636199,82.5937029642262,902.5580470357789,0.9026433468320546,TMPV
2026-09-02,LONG,324,2026-09-02 10:15:00,307.8,307.9539,2026-09-02 15:00:00,312.05,311.894,square_off,1377.0,100.41569999998842,40,25.263411975000004,6.1655028430500005,0.20083071149999998,2.993311908,8.345940039819,82.968997477369,1193.6153025226427,1.1968803922326532,TMPV
2026-09-03,SHORT,320,2026-09-03 10:30:00,312.05,311.894,2026-09-03 15:00:00,310.25,310.4051,square_off,576.0000000000036,99.5679999999993,40,24.951518,6.1134663584,0.199135712,2.9798892,8.336268372672,82.580277643072,393.8517223569323,0.3944196867057887,TMPV
2026-09-04,LONG,317,2026-09-04 10:00:00,315.1,315.2576,2026-09-04 15:00:00,312.15,311.9939,square_off,-935.1500000000144,99.41912499998256,40,24.72551855625,6.104348629552501,0.198838717575,2.9980993005,8.33457372248295,82.36137892636046,-1116.9305039263575,-1.1181974216050359,TMPV
2026-09-07,SHORT,323,2026-09-07 11:15:00,309.4,309.2453,2026-09-07 15:00:00,307.85,308.0039,square_off,500.6499999999853,99.6858749999837,40,24.971557975,6.1207050400225,0.199371499675,2.98455803325,8.337613777145549,82.61380632509304,318.3503186749086,0.3185535558435368,TMPV
2026-09-09,SHORT,331,2026-09-09 10:00:00,301.5,301.3493,2026-09-09 15:00:00,304.4,304.5522,square_off,-959.8999999999925,100.27644999998444,40,24.936650437500006,6.156988764465,0.20055337995,3.0242033459999997,8.3443575859947,82.66275351390969,-1142.8392035138866,-1.1451696236981124,TMPV
2026-09-10,SHORT,332,2026-09-10 10:00:00,300.8,300.6496,2026-09-10 15:00:00,301.6,301.7508,square_off,-265.6000000000038,99.99839999999813,40,24.953916800000002,6.139905836960001,0.19999693280000003,3.0054379680000003,8.341182498556801,82.6404400363168,-448.2388400363187,-0.4488420837969418,TMPV
2026-09-11,SHORT,336,2026-09-11 10:00:00,296.95,296.8015,2026-09-11 15:00:00,302.3,302.4512,square_off,-1797.6000000000076,100.67399999997815,40,24.9313281,6.181411193160001,0.2013488988,3.048707592,8.348896816552799,82.7116926005128,-1980.9856926004986,-1.9854489819118366,TMPV
2026-09-15,SHORT,319,2026-09-15 10:45:00,313.2,313.0434,2026-09-15 15:00:00,304.3,304.4522,square_off,2839.0999999999926,98.49124999999202,40,24.965211150000002,6.047319169815001,0.19698108045,2.9136070755000003,8.323974045047699,82.4470925208127,2658.161657479188,2.660534854569464,TMPV
2026-09-16,SHORT,332,2026-09-16 10:15:00,300.8,300.6496,2026-09-16 15:00:00,300.75,300.9004,square_off,16.600000000003774,99.8572999999958,40,24.953916800000002,6.13123796519,0.1997145917,2.9969677349999997,8.339571460240201,82.62140855213019,-165.87870855212222,-0.16610194957234745,TMPV
2026-09-17,LONG,325,2026-09-17 12:00:00,307.1,307.2536,2026-09-17 15:00:00,317.1,316.9415,square_off,3250.0,101.43249999999568,40,25.751492812500004,6.227905612500001,0.202863375,2.9957221125000006,8.35753841775,83.53552233025002,3065.0319776697543,3.0709435439919384,TMPV
2026-09-18,SHORT,329,2026-09-18 12:15:00,303.75,303.5981,2026-09-18 15:00:00,305.15,305.3026,square_off,-460.5999999999925,100.16404999997286,40,24.970945781250006,6.15007974021,0.2003283303,3.0133364152499995,8.343073452691801,82.6777637197018,-643.4418137196673,-0.6438683765191111,TMPV
2026-09-21,SHORT,332,2026-09-21 10:00:00,300.55,300.3997,2026-09-21 15:00:00,301.9,302.0509,square_off,-448.1999999999887,100.00669999997717,40,24.933177175000004,6.14041825987,0.2000136241,3.0084274619999998,8.341277739114599,82.6233142600846,-630.8300142600505,-0.6322044266836607,TMPV
2026-09-22,SHORT,331,2026-09-22 10:15:00,301.6,301.4492,2026-09-22 15:00:00,299.75,299.8999,square_off,612.3500000000075,99.52342500000412,40,24.9449213,6.110728895427501,0.19904654382500003,2.97800575875,8.33575957906545,82.56846207706796,430.2581129229355,0.43099252418414524,TMPV
2026-09-23,LONG,330,2026-09-23 11:30:00,302.3,302.4512,2026-09-23 15:00:00,301.25,301.0994,square_off,-346.50000000000375,99.58574999998802,40,24.8406984375,6.114570368775,0.19917167325,2.994266385,8.3364735675645,82.4851804320895,-528.5709304320812,-0.5298478637838002,TMPV
2026-09-24,LONG,332,2026-09-24 11:30:00,300.5,300.6502,2026-09-24 15:00:00,296.1,295.952,square_off,-1460.7999999999925,99.03559999999447,40,24.564011850000004,6.08080826328,0.19807193039999998,2.99447649,8.3301984348624,82.1675669685424,-1642.0031669685293,-1.645854466419952,TMPV
2026-09-25,SHORT,342,2026-09-25 11:00:00,291.95,291.804,2026-09-25 15:00:00,289.75,289.8949,square_off,752.3999999999961,99.47069999997291,40,24.949244137500003,6.107489430659999,0.19894102379999998,2.9743214174999997,8.3351574818028,82.56515349126279,570.3641465087604,0.5712387129783303,TMPV
2026-09-28,SHORT,350,2026-09-28 10:15:00,285.1,284.9575,2026-09-28 15:00:00,282.4,282.5412,square_off,945.0000000000159,99.31249999997931,40,24.933776875000003,6.0977729942500005,0.19862452749999998,2.9666825999999995,8.333351553915,82.530208550665,763.1572914493717,0.7648016149214527,TMPV
2026-09-29,LONG,357,2026-09-29 11:45:00,279.15,279.2896,2026-09-29 15:00:00,278.35,278.2108,square_off,-285.59999999998377,99.51374999998052,40,24.830316131250004,6.11014863396,0.19902764280000002,2.9911913482499997,8.3356517298168,82.4663354860768,-467.58008548604107,-0.46919152377444445,TMPV
2026-09-30,LONG,351,2026-09-30 10:15:00,284.2,284.3421,2026-09-30 15:00:00,282.8,282.6586,square_off,-491.399999999992,99.50849999998132,40,24.803292150000004,6.10982944299,0.19901724569999998,2.9941223129999996,8.335592403964199,82.44185355565422,-673.3503535556276,-0.6750095269729272,TMPV
2026-08-03,SHORT,526,2026-08-03 10:45:00,189.94,189.845,2026-08-03 15:00:00,190.03,190.125,square_off,-47.340000000001794,99.93210999998882,40,24.964621445000002,6.135832280669,0.19986424367,3.0001727366999997,8.34042537438102,82.64091608042003,-229.91302608041065,-0.2301237273651862,TATASTEEL
2026-08-05,SHORT,525,2026-08-05 10:00:00,190.47,190.3748,2026-08-05 15:00:00,191.71,191.8059,square_off,-651.0000000000048,100.32225000000139,40,24.98668790625,6.15979614285,0.2006448255,3.02094221625,8.344879374303002,82.71295046515301,-834.0352004651592,-0.8340623074901526,TATASTEEL
2026-08-06,SHORT,523,2026-08-06 11:15:00,191.15,191.0544,2026-08-06 15:00:00,189.92,190.015,square_off,643.2900000000095,99.649804999991,40,24.98036606875,6.1184881524985,0.199299288355,2.9813347223999997,8.337201739353631,82.61668997135713,461.02350502866136,0.46115516482821983,TATASTEEL
2026-08-07,SHORT,531,2026-08-07 10:15:00,188.31,188.2158,2026-08-07 15:00:00,188.01,188.104,square_off,159.30000000000604,99.9129599999905,40,24.98565342375,6.134653298745,0.19982584035,2.9964967996499996,8.340206245037098,82.6568356075321,-23.26979560751657,-0.023271515372502598,TATASTEEL
2026-08-10,LONG,523,2026-08-10 10:00:00,190.79,190.8854,2026-08-10 15:00:00,190.31,190.2148,square_off,-251.03999999999465,99.65764999998606,40,24.870590983750006,6.118983563464001,0.19931542551999998,2.9949918475499997,8.33729381801712,82.52117563830112,-433.2188256382818,-0.4341602152329715,TATASTEEL
2026-08-11,SHORT,528,2026-08-11 10:15:00,189.35,189.2553,2026-08-11 15:00:00,187.39,187.4837,square_off,1034.8800000000042,99.45935999999574,40,24.981702900000002,6.106788818591999,0.19891820255999998,2.9697417288,8.335027263807358,82.59217891375935,852.8284610862491,0.8530263632025121,TATASTEEL
2026-08-12,SHORT,533,2026-08-12 10:00:00,187.42,187.3263,2026-08-12 15:00:00,185.38,185.4727,square_off,1087.3199999999958,99.35119999998054,40,24.9612281425,6.1001469896380005,0.19870185633999998,2.9657083130999995,8.33379279227604,82.55957809385404,905.4092219061613,0.9063621710928483,TATASTEEL
2026-08-13,SHORT,540,2026-08-13 10:00:00,184.97,184.8775,2026-08-13 15:00:00,183.98,184.072,square_off,534.6000000000049,99.6164999999803,40,24.958464525000004,6.11644489389,0.19923273269999997,2.9819662379999996,8.3368219727862,82.59293036237621,352.3905696376484,0.35280052384635785,TATASTEEL
2026-08-14,SHORT,550,2026-08-14 10:00:00,181.79,181.6991,2026-08-14 15:00:00,183.66,183.7518,square_off,-1028.5000000000025,100.49874999998707,40,24.983626937500002,6.170639037475,0.20099801424999997,3.0319051949999998,8.3468946693105,82.7340638535355,-1211.732813853525,-1.2119206615560663,TATASTEEL
2026-08-17,LONG,543,2026-08-17 12:15:00,183.77,183.8619,2026-08-17 15:00:00,185.79,185.6971,square_off,1096.8599999999901,100.33553999999418,40,25.20838200375,6.160585319199001,0.20067053156999998,2.9951101066500003,8.345026053138419,82.90977401430743,913.6146859856885,0.9155638298229987,TATASTEEL
2026-08-18,SHORT,539,2026-08-18 10:45:00,185.35,185.2573,2026-08-18 15:00:00,184.91,185.0025,square_off,237.15999999999877,99.78506999999283,40,24.96342454375,6.126799657594,0.19957002141999997,2.99148969735,8.33874654222252,82.62003046233653,54.75489953766942,0.0548077067631357,TATASTEEL
2026-08-19,LONG,542,2026-08-19 10:30:00,184.2,184.2921,2026-08-19 15:00:00,183.72,183.6281,square_off,-260.15999999999445,99.70631999999176,40,24.881612970000003,6.121972041456,0.19941277008,2.996589546,8.337849266076478,82.53743659361248,-442.4037565935987,-0.4431287151716195,TATASTEEL
2026-08-20,SHORT,544,2026-08-20 10:00:00,183.55,183.4582,2026-08-20 15:00:00,183.53,183.6218,square_off,10.880000000005566,99.84575999998106,40,24.950318600000003,6.130529496992,0.19969151455999998,2.9967072048,8.33943978207936,82.61668659843136,-171.58244659840685,-0.17183814175333578,TATASTEEL
2026-08-21,SHORT,546,2026-08-21 11:45:00,183.05,182.9585,2026-08-21 15:00:00,182.35,182.4412,square_off,382.2000000000093,99.75419999999059,40,24.9738318375,6.12490201323,0.19950820889999998,2.9883864465,8.3383938399834,82.6250223461134,199.82077765390534,0.1999301394401791,TATASTEEL
2026-08-24,LONG,538,2026-08-24 10:45:00,185.56,185.6528,2026-08-24 15:00:00,185.25,185.1574,square_off,-166.78000000000122,99.74788999998628,40,24.903666937500002,6.124523006073,0.19949586338999997,2.9964358692,8.33832339650334,82.56244507266635,-349.09033507265383,-0.3496803157013051,TATASTEEL
2026-08-25,SHORT,540,2026-08-25 10:00:00,184.85,184.7576,2026-08-25 15:00:00,184.49,184.5822,square_off,194.39999999999202,99.72179999999071,40,24.942272625,6.122915535960001,0.1994435028,2.990232369,8.3380246269768,82.5928886597368,12.08531134026451,0.012107225418271582,TATASTEEL
2026-08-27,SHORT,532,2026-08-27 10:45:00,187.79,187.6961,2026-08-27 15:00:00,187.32,187.4137,square_off,250.0399999999994,99.77926000000173,40,24.963581965,6.126442725885999,0.19955839497999997,2.9911220135999996,8.33868020175588,82.61938530122188,67.64135469877579,0.0677061630380358,TATASTEEL
2026-08-28,SHORT,533,2026-08-28 10:30:00,187.4,187.3063,2026-08-28 15:00:00,185.23,185.3226,square_off,1156.6100000000085,99.30589499998888,40,24.958564475000003,6.0973641990365,0.19861121169499998,2.9633086138499998,8.333275573931669,82.55112407351318,974.7529809265066,0.9758830535024625,TATASTEEL
2026-08-31,SHORT,550,2026-08-31 11:15:00,181.81,181.7191,2026-08-31 15:00:00,181.92,182.011,square_off,-60.49999999999187,100.02574999999325,40,24.9863755625,6.141581978675,0.20005153025,3.0031808399999997,8.341494031606501,82.6726839430315,-243.19843394301662,-0.24320937836504303,TATASTEEL
2026-09-01,LONG,535,2026-09-01 11:15:00,186.65,186.7433,2026-09-01 15:00:00,183.52,183.4282,square_off,-1674.5499999999975,99.02047499999284,40,24.533527100000004,6.0798828693425,0.198041787275,2.99723036625,8.33002643819115,82.13870856105865,-1855.7091835610488,-1.8583526902629477,TATASTEEL
2026-09-02,LONG,544,2026-09-02 10:00:00,183.65,183.7418,2026-09-02 15:00:00,183.01,182.9185,square_off,-348.16000000000804,99.73151999999118,40,24.876915320000002,6.123520672256,0.19946321408,2.9986665840000004,8.338137099540479,82.53670288987648,-530.4282228898757,-0.5309294202626035,TATASTEEL
2026-09-03,SHORT,543,2026-09-03 10:45:00,183.87,183.7781,2026-09-03 15:00:00,183.91,184.002,square_off,-21.71999999999568,99.85226999997968,40,24.947872323750005,6.1309297114020005,0.19970455086,2.99739184695,8.33951416720716,82.61541260016917,-204.1876826001445,-0.20451201820982345,TATASTEEL
2026-09-04,SHORT,545,2026-09-04 12:00:00,183.27,183.1784,2026-09-04 15:00:00,188.84,188.9344,square_off,-3035.6499999999965,101.39997499999012,40,24.958052231250004,6.2260050622275,0.20280146782500003,3.089077767,8.35718517540945,82.83312170371197,-3219.883096703699,-3.223682206183686,TATASTEEL
2026-09-07,SHORT,537,2026-09-07 10:00:00,186.2,186.1069,2026-09-07 15:00:00,184.97,185.0625,square_off,660.5099999999945,99.65914499998647,40,24.984851325,6.1190613641715,0.199317959745,2.98135663335,8.337308278304969,82.62189556057147,478.2289594394366,0.47827965708308745,TATASTEEL
2026-09-08,LONG,536,2026-09-08 10:15:00,186.41,186.5032,2026-09-08 15:00:00,184.22,184.1279,square_off,-1173.8399999999988,99.32883999998626,40,24.67313726,6.0988087944439995,0.19865826691999997,2.9989715363999996,8.33354407104552,82.30311992880954,-1355.4719599287946,-1.356614772212907,TATASTEEL
2026-09-09,LONG,534,2026-09-09 10:30:00,187.0,187.0935,2026-09-09 15:00:00,188.2,188.1059,square_off,640.7999999999939,100.1783999999866,40,25.11213765,6.15094392372,0.20035647959999997,2.9972378699999997,8.3432340725976,82.8039099959176,457.81769000408974,0.4584687155802136,TATASTEEL
2026-09-10,SHORT,535,2026-09-10 11:30:00,186.69,186.5967,2026-09-10 15:00:00,185.74,185.8329,square_off,508.2499999999939,99.62502499998706,40,24.95730260625,6.1169687333625,0.19924979587499997,2.9826175635,8.33691933526275,82.59305803425025,326.03191696575664,0.32642640327411343,TATASTEEL
2026-09-16,SHORT,552,2026-09-16 10:15:00,180.9,180.8096,2026-09-16 15:00:00,183.0,183.0915,square_off,-1159.1999999999969,100.43640000000028,40,24.9517179,6.16681275372,0.2008733796,3.03199524,8.3461835039976,82.69758277731759,-1342.3339827773148,-1.3442589616103406,TATASTEEL
2026-09-17,LONG,541,2026-09-17 11:45:00,184.63,184.7223,2026-09-17 15:00:00,187.56,187.4662,square_off,1585.1300000000037,100.67739499998169,40,25.354806255000003,6.1815677212545,0.201353997435,2.9980431724499996,8.34892590936411,83.08469705550361,1401.3679079445185,1.4029837242997947,TATASTEEL
2026-09-21,SHORT,541,2026-09-21 10:30:00,184.67,184.5777,2026-09-21 15:00:00,183.69,183.7818,square_off,530.1799999999945,99.64137999998343,40,24.96412919125,6.117972593736999,0.19928249490999997,2.9827793443499995,8.33710591595646,82.60126954020343,347.93735045980765,0.34826308091939157,TATASTEEL
2026-09-22,LONG,541,2026-09-22 12:30:00,184.68,184.7723,2026-09-22 15:00:00,184.7,184.6076,square_off,10.81999999999016,99.91728999997875,40,24.9681846625,6.134921439913,0.19983457458999998,2.9988550781999996,8.340256082610539,82.64205183781353,-171.7393418378021,-0.1718908120213553,TATASTEEL
2026-09-23,LONG,532,2026-09-23 11:00:00,187.55,187.6438,2026-09-23 15:00:00,190.57,190.4747,square_off,1606.6399999999903,100.57991999999126,40,25.333137095,6.175582426076,0.20115903668,2.994794649,8.34781346329608,83.05248667005208,1423.007593329947,1.4261937100782618,TATASTEEL
2026-09-24,SHORT,531,2026-09-24 14:00:00,188.02,187.926,2026-09-24 15:00:00,187.98,188.074,square_off,21.240000000010866,99.82799999999372,40,24.947175172500003,6.129438873966,0.19965598938,2.9960186607,8.339237075402279,82.6115257719483,-161.19952577193115,-0.16146009006527848,TATASTEEL
2026-09-25,SHORT,532,2026-09-25 13:00:00,187.87,187.7761,2026-09-25 15:00:00,188.16,188.2541,square_off,-154.27999999999577,100.02397999998868,40,24.974216645000002,6.141474740197999,0.20004803713999997,3.0045351168,8.34147409992084,82.66174863905884,-336.9657286390433,-0.3371449548970666,TATASTEEL
2026-09-28,SHORT,538,2026-09-28 13:00:00,185.66,185.5672,2026-09-28 15:00:00,186.08,186.173,square_off,-225.96000000000856,99.99805999999688,40,24.958784365,6.139884352486,0.19999623297999997,3.0048328656,8.34117850538388,82.64467632144986,-408.6027363214553,-0.4090728428324384,TATASTEEL
2026-09-29,LONG,536,2026-09-29 11:15:00,186.32,186.4132,2026-09-29 15:00:00,188.16,188.0659,square_off,986.2400000000018,100.36063999998623,40,25.200833279999998,6.162128157215999,0.20072078687999997,2.9975236128,8.34531280993728,82.90651864683328,802.9728413531823,0.8040380309365671,TATASTEEL
2026-09-30,SHORT,534,2026-09-30 10:45:00,187.25,187.1564,2026-09-30 15:00:00,186.61,186.7033,square_off,341.7599999999927,99.82061999999445,40,24.9853760625,6.128980821984,0.19964106912,2.9909869461,8.33915194039872,82.64413684010272,159.29524315989556,0.15930878440657012,TATASTEEL
2026-08-03,SHORT,60,2026-08-03 10:30:00,1650.7,1649.8747,2026-08-03 15:00:00,1645.0,1645.8225,square_off,342.00000000000273,98.87099999999009,40,24.74811975,6.0706741503,0.197741829,2.9624805000000003,8.328314876274,82.30733110557398,160.82166889443866,0.16237724288124095,TECHM
2026-08-05,LONG,60,2026-08-05 11:00:00,1663.0,1663.8315,2026-08-05 15:00:00,1644.9,1644.0776,square_off,-1085.9999999999945,99.23699999999371,40,24.66116325,6.0931684701,0.198474543,2.9948967,8.332495742357999,82.28019870545799,-1267.5171987054462,-1.2703118848521207,TECHM
2026-08-06,SHORT,60,2026-08-06 12:45:00,1650.9,1650.0746,2026-08-06 15:00:00,1639.7,1640.5198,square_off,672.0000000000027,98.71799999998075,40,24.751118250000005,6.0612748847999995,0.197435664,2.9529357299999996,8.326567898783999,82.28933242758399,490.992667572438,0.4956818175666182,TECHM
2026-08-07,SHORT,60,2026-08-07 12:00:00,1642.6,1641.7787,2026-08-07 15:00:00,1639.5,1640.3197,square_off,185.99999999999454,98.46299999998337,40,24.626680500000003,6.0456253449,0.196925907,2.95257555,8.323659225341999,82.14546652724201,5.391533472769169,0.005470527895581364,TECHM
2026-08-10,SHORT,60,2026-08-10 11:45:00,1649.9,1649.0751,2026-08-10 15:00:00,1632.6,1633.4163,square_off,1038.000000000011,98.474999999994,40,24.736125750000003,6.0463490666999995,0.19694948099999998,2.9401493399999996,8.323793738585998,82.24336737628602,857.281632623731,0.8659935275104865,TECHM
2026-08-11,SHORT,60,2026-08-11 13:00:00,1643.6,1642.7782,2026-08-11 15:00:00,1646.1,1646.923,square_off,-150.0,98.69099999999435,40,24.641673,6.059629702499999,0.197382075,2.9644614899999997,8.326262119949998,82.18940838745,-330.88040838744433,-0.33552406139718133,TECHM
2026-08-12,SHORT,60,2026-08-12 10:15:00,1645.0,1644.1775,2026-08-12 15:00:00,1625.3,1626.1126,square_off,1182.0000000000027,98.10899999999037,40,24.6626625,6.0238744563,0.19621740899999998,2.9270027699999996,8.319616535754,82.12937367105398,1001.7616263289584,1.0149560550445373,TECHM
2026-08-13,LONG,60,2026-08-13 12:15:00,1648.2,1649.0241,2026-08-13 15:00:00,1638.9,1638.0806,square_off,-557.9999999999973,98.61299999998664,40,24.571208250000005,6.054846765300001,0.197226279,2.96824338,8.325373147974002,82.11689782227403,-738.729897822258,-0.7470067324174432,TECHM
2026-08-14,SHORT,61,2026-08-14 10:30:00,1626.2,1625.3869,2026-08-14 15:00:00,1625.9,1626.713,square_off,18.299999999997226,99.18904999999086,40,24.787150225,6.090207389095001,0.19837809085,2.9768846985,8.3319453863901,82.38456578983511,-163.27361578982874,-0.16459332507024194,TECHM
2026-08-17,SHORT,62,2026-08-17 10:45:00,1611.6,1610.7942,2026-08-17 15:00:00,1606.3,1607.1032,square_off,328.5999999999972,99.754899999989,40,24.967310100000002,6.124945815989999,0.1995096357,2.9892118589999996,8.3384019813042,82.6193793919942,146.225720608014,0.14634396653297263,TECHM
2026-08-18,SHORT,62,2026-08-18 10:00:00,1587.5,1586.7063,2026-08-18 15:00:00,1589.5,1590.2948,square_off,-124.0,98.48699999999008,40,24.593946875,6.0471037034,0.196974062,2.957948235,8.323933997771999,82.119906873172,-304.6069068731621,-0.30948123634560537,TECHM
2026-08-19,SHORT,63,2026-08-19 10:15:00,1586.4,1585.6068,2026-08-19 15:00:00,1581.5,1582.2907,square_off,308.70000000000573,99.78884999998309,40,24.973307100000007,6.127030651455001,0.19957754565000002,2.9905295174999997,8.338789475478901,82.6292342900839,126.28191570993874,0.12635368460279311,TECHM
2026-08-20,SHORT,62,2026-08-20 14:00:00,1594.0,1593.203,2026-08-20 15:00:00,1592.7,1593.4963,square_off,80.59999999999718,98.78769999999213,40,24.6946465,6.06556354279,0.19757535969999998,2.963903211,8.3273650024482,82.24905361593821,-100.43675361593316,-0.10162783180468406,TECHM
2026-08-21,LONG,62,2026-08-21 10:00:00,1598.1,1598.899,2026-08-21 15:00:00,1578.8,1578.0106,square_off,-1196.5999999999972,98.4838999999838,40,24.4591643,6.04692982781,0.19696839829999996,2.9739522329999994,8.3239016806998,82.00091643980981,-1377.0848164397908,-1.3898407750734147,TECHM
2026-08-24,SHORT,63,2026-08-24 14:15:00,1581.7,1580.9092,2026-08-24 15:00:00,1576.3,1577.0881,square_off,340.20000000000573,99.47699999998258,40,24.899319112500002,6.10788257793,0.1989538299,2.9806966034999998,8.3352305534094,82.5220826772394,158.20091732278377,0.15876118554657764,TECHM
2026-08-25,SHORT,63,2026-08-25 11:00:00,1567.0,1566.2165,2026-08-25 15:00:00,1584.0,1584.792,square_off,-1071.0,99.25649999999496,40,24.667909875000003,6.09436553985,0.1985135355,2.99525688,8.332718233563,82.288764063913,-1252.545264063908,-1.2687728690591749,TECHM
2026-08-26,SHORT,62,2026-08-26 10:30:00,1589.1,1588.3054,2026-08-26 15:00:00,1574.0,1574.787,square_off,936.1999999999944,98.05609999997841,40,24.618734475,6.0206301693299995,0.19611173189999997,2.92910382,8.3190135422214,82.0835937384514,756.0603062615645,0.7673853796951049,TECHM
2026-08-27,LONG,62,2026-08-27 11:15:00,1597.9,1598.699,2026-08-27 15:00:00,1587.6,1586.8062,square_off,-638.6000000000113,98.75049999998737,40,24.595496100000002,6.06329050251,0.19750131929999998,2.973580047,8.3269425279258,82.1568104967358,-819.5073104967345,-0.8272019429702437,TECHM
2026-08-28,LONG,60,2026-08-28 11:15:00,1638.9,1639.7194,2026-08-28 15:00:00,1631.3,1630.4844,square_off,-456.0000000000082,98.10599999999795,40,24.457265250000003,6.0237153996,0.196212228,2.95149501,8.319586972968,81.948274860568,-636.0542748605742,-0.646830470499089,TECHM
2026-08-31,SHORT,61,2026-08-31 11:15:00,1615.5,1614.6922,2026-08-31 15:00:00,1626.0,1626.813,square_off,-640.5,98.8657499999888,40,24.6240568125,6.070366881675,0.19773182024999997,2.97706779,8.3282577663465,82.1974810707715,-821.5632310707603,-0.8336892410823024,TECHM
2026-09-01,LONG,60,2026-09-01 12:00:00,1643.6,1644.4218,2026-09-01 15:00:00,1633.6,1632.7832,square_off,-600.0,98.31599999998616,40,24.491748,6.03661161,0.19663229999999998,2.95995924,8.3219839038,82.0069350538,-780.3229350537862,-0.7912741695605037,TECHM
2026-09-04,SHORT,62,2026-09-04 10:15:00,1601.4,1600.5993,2026-09-04 15:00:00,1588.6,1589.3943,square_off,793.6000000000113,98.89000000000169,40,24.80928915,6.07183381824,0.1977796032,2.956273398,8.328530415859198,82.3637063852992,612.3462936147104,0.6167449183725433,TECHM
2026-09-07,SHORT,64,2026-09-07 11:15:00,1556.6,1555.8217,2026-09-07 15:00:00,1558.7,1559.4794,square_off,-134.40000000000873,99.68959999999788,40,24.8931472,6.12094350304,0.1993792672,2.994200352,8.3376580986432,82.54532842088321,-316.6349284208898,-0.3178350736590263,TECHM
2026-09-08,LONG,63,2026-09-08 10:15:00,1565.8,1566.5829,2026-09-08 15:00:00,1546.3,1545.5268,square_off,-1228.5,98.03114999999457,40,24.3420478875,6.019131467475001,0.19606291425,2.9608416810000002,8.3187349887105,81.83681893893552,-1408.36796893893,-1.4277076974080192,TECHM
2026-09-09,SHORT,66,2026-09-09 13:15:00,1503.5,1502.7483,2026-09-09 15:00:00,1503.0,1503.7515,square_off,33.0,99.21449999998367,40,24.795346125000002,6.09176979345,0.1984289835,2.9774279699999995,8.332235779851,82.395208651801,-148.60970865178467,-0.14976137361488312,TECHM
2026-09-11,LONG,64,2026-09-11 10:45:00,1552.4,1553.1762,2026-09-11 15:00:00,1541.3,1540.5294,square_off,-710.4000000000087,98.99839999999676,40,24.648469600000002,6.07851266464,0.1979971552,2.9820983040000004,8.329771767571199,82.2368494914112,-891.6352494914167,-0.8974362775897569,TECHM
2026-09-15,SHORT,62,2026-09-15 13:00:00,1593.0,1592.2035,2026-09-15 15:00:00,1581.3,1582.0906,square_off,725.4000000000028,98.40329999998994,40,24.67915425,6.041951485109999,0.19680623729999996,2.9426886089999997,8.3229763900338,82.1835769714438,544.8131230285691,0.5516201152507635,TECHM
2026-09-16,SHORT,63,2026-09-16 12:15:00,1566.0,1565.217,2026-09-16 15:00:00,1550.8,1551.5754,square_off,957.6000000000029,98.17919999999322,40,24.65216775,6.02818818084,0.19635792119999998,2.932477506,8.3204182983672,82.12960965640721,777.2911903436025,0.7878643296474716,TECHM
2026-09-17,LONG,64,2026-09-17 11:45:00,1556.9,1557.6785,2026-09-17 15:00:00,1554.0,1553.223,square_off,-185.60000000000582,99.54879999998957,40,24.851568000000004,6.112299168960001,0.1990976928,2.990742624,8.3360514351168,82.48975892087681,-367.6385589208722,-0.3689609148396575,TECHM
2026-09-21,LONG,64,2026-09-21 10:00:00,1545.1,1545.8725,2026-09-21 15:00:00,1554.4,1553.6228,square_off,595.2000000000116,99.18399999999383,40,24.8579648,6.0898884636799995,0.19836770239999998,2.968075296,8.3318861098944,82.4461823719744,413.56981762804344,0.4182271956791262,TECHM
2026-09-22,SHORT,65,2026-09-22 10:45:00,1534.0,1533.233,2026-09-22 15:00:00,1550.5,1551.2752,square_off,-1072.5,100.24624999998309,40,24.915036250000004,6.155136212875001,0.20049303625000003,3.0249867375,8.3440132648425,82.6396655014675,-1255.3859155014507,-1.2590371231586106,TECHM
2026-09-23,LONG,64,2026-09-23 14:00:00,1553.9,1554.677,2026-09-23 15:00:00,1552.6,1551.8237,square_off,-83.20000000001164,99.40799999999581,40,24.8291792,6.10365247712,0.1988160416,2.9849797440000003,8.3344443333696,82.4510717960896,-265.05907179609704,-0.26652603107111245,TECHM
2026-09-25,LONG,64,2026-09-25 10:15:00,1542.5,1543.2712,2026-09-25 15:00:00,1546.8,1546.0266,square_off,275.1999999999971,98.85759999998845,40,24.736425600000004,6.069852415680001,0.1977150624,2.9630808,8.3281621460544,82.2952360241344,94.04716397587424,0.09526657615060195,TECHM
2026-09-28,SHORT,65,2026-09-28 10:30:00,1528.2,1527.4359,2026-09-28 15:00:00,1544.3,1545.0722,square_off,-1046.499999999994,99.85624999999231,40,24.820833375000003,6.131189813775,0.19971302324999998,3.0128906924999996,8.3395625106645,82.5041894151895,-1228.860439415176,-1.2371119762970775,TECHM
2026-09-29,SHORT,65,2026-09-29 13:45:00,1529.4,1528.6353,2026-09-29 15:00:00,1535.5,1536.2678,square_off,-396.4999999999941,99.6092499999952,40,24.840323625,6.116014036275001,0.19921869825,2.9957221125,8.336741892214501,82.4880203642395,-578.5972703642287,-0.5820253999700524,TECHM
2026-09-30,LONG,64,2026-09-30 10:15:00,1557.0,1557.7785,2026-09-30 15:00:00,1531.5,1530.7342,square_off,-1632.0,98.83199999999488,40,24.491748,6.0683098511999995,0.19766481599999997,2.99093472,8.327875440096,82.07653282729599,-1812.9085328272909,-1.8193125128726024,TECHM
2026-08-03,LONG,20,2026-08-03 12:45:00,4903.9,4906.3519,2026-08-03 15:00:00,4891.5,4889.0542,square_off,-247.99999999999272,97.95399999999063,40,24.44527125,6.0143794068,0.195908124,2.9438111699999996,8.317851755544002,81.91722170634401,-427.87122170632733,-0.4362560632418354,TITAN
2026-08-05,LONG,20,2026-08-05 11:45:00,4913.8,4916.2569,2026-08-05 15:00:00,4911.7,4909.2442,square_off,-42.000000000007276,98.2549999999901,40,24.54622075,6.0328576447,0.196510021,2.9497541400000005,8.321286179826,82.046628735526,-222.30162873552337,-0.2262013398342661,TITAN
2026-08-07,SHORT,20,2026-08-07 12:00:00,4958.0,4955.521,2026-08-07 15:00:00,4950.4,4952.8752,square_off,152.00000000000728,99.08399999998437,40,24.777605000000005,6.0837552668,0.198167924,2.9717251199999994,8.330746174344,82.36199948514401,-29.445999485121106,-0.029695441191126572,TITAN
2026-08-10,LONG,19,2026-08-10 10:15:00,5065.7,5068.2328,2026-08-10 15:00:00,5072.0,5069.464,square_off,119.70000000000346,96.30814999999347,40,24.079953999999997,5.913318572605,0.19261624014999998,2.8888927245,8.299068266295901,81.37384980355091,-57.98199980354093,-0.06024210277328631,TITAN
2026-08-12,SHORT,19,2026-08-12 10:15:00,5074.3,5071.7628,2026-08-12 15:00:00,5085.9,5088.443,square_off,-220.39999999998963,96.52190000000246,40,24.0908735375,5.926448043140001,0.1930439102,2.9004124815,8.3015085516012,81.4122865239412,-398.3341865239333,-0.4131595921697608,TITAN
2026-08-13,SHORT,19,2026-08-13 10:30:00,5021.1,5018.5895,2026-08-13 15:00:00,5035.2,5037.7176,square_off,-267.89999999998963,95.53485000000182,40,23.838299887500003,5.865843902265,0.19106983395,2.871499032,8.290244472518701,81.0569571282337,-444.49180712822516,-0.46591993065917103,TITAN
2026-08-17,LONG,19,2026-08-17 12:30:00,5107.0,5109.5535,2026-08-17 15:00:00,5091.6,5089.0542,square_off,-292.5999999999931,96.88669999999729,40,24.17300745,5.948847871410001,0.1937735463,2.912445495,8.3056718551878,81.53374621789779,-471.02044621788815,-0.48542294499591704,TITAN
2026-08-18,SHORT,19,2026-08-18 10:15:00,5048.9,5046.3756,2026-08-18 15:00:00,5056.3,5058.8282,square_off,-140.60000000001037,95.9993999999997,40,23.9702838625,5.89436531821,0.1919988703,2.8835320455000004,8.295545553931799,81.23572565044181,-317.83512565045186,-0.33132295169083403,TITAN
2026-08-19,LONG,19,2026-08-19 10:15:00,5073.3,5075.8366,2026-08-19 15:00:00,5062.6,5060.0687,square_off,-203.29999999999654,96.29104999999345,40,24.035326325000003,5.912273590655001,0.19258220165,2.8932268905000003,8.298874042614901,81.3322830504199,-380.9233330504099,-0.3951786110881943,TITAN
2026-08-20,LONG,19,2026-08-20 10:45:00,5106.1,5108.653,2026-08-20 15:00:00,5068.2,5065.6659,square_off,-720.1000000000104,96.65584999998828,40,24.061913025000003,5.934680243535,0.19331206004999998,2.9119322385,8.303038614645299,81.4048761817303,-898.1607261817289,-0.9257871402334348,TITAN
2026-08-25,LONG,19,2026-08-25 14:30:00,5098.1,5100.649,2026-08-25 15:00:00,5107.6,5105.0462,square_off,180.5,96.95414999998684,40,24.248969450000004,5.952982039325001,0.19390820975,2.9073699585,8.3064402448335,81.60966990240851,1.9361800976046482,0.001998866551527089,TITAN
2026-08-26,SHORT,19,2026-08-26 10:00:00,5108.0,5105.446,2026-08-26 15:00:00,5105.8,5108.3529,square_off,41.799999999996544,97.0310999999956,40,24.2508685,5.957708898370001,0.19406217909999998,2.911761153,8.3073187939446,81.6217195244146,-136.85281952441366,-0.1410097880769213,TITAN
2026-08-27,SHORT,19,2026-08-27 10:00:00,5085.0,5082.4575,2026-08-27 15:00:00,5137.8,5140.3689,square_off,-1003.2000000000035,97.11659999997846,40,24.141673125,5.9629746391200005,0.19423370159999997,2.930010273,8.3082975013296,81.5371892400496,-1181.8537892400316,-1.2232611801894442,TITAN
2026-08-28,LONG,19,2026-08-28 14:00:00,5166.2,5168.7831,2026-08-28 15:00:00,5147.5,5144.9263,square_off,-355.29999999999654,97.9801499999885,40,24.438399687500002,6.015986663855,0.19596047765,2.946206367,8.3181504854709,81.91470368147591,-535.1948536814609,-0.5452392511664492,TITAN
2026-09-02,LONG,19,2026-09-02 13:15:00,5022.5,5025.0112,2026-09-02 15:00:00,5039.5,5036.9803,square_off,323.0,95.58899999998175,40,23.925656187500003,5.8691596419500005,0.1911778385,2.8642564125,8.290860746481,81.141110826931,146.26988917308725,0.15327855091361217,TITAN
2026-09-03,SHORT,19,2026-09-03 11:00:00,5019.0,5016.4905,2026-09-03 15:00:00,5006.5,5009.0032,square_off,237.5,95.24224999999751,40,23.828329875,5.847870504375,0.19048438125,2.8551318525,8.286903879412499,81.00872049253749,61.249029507464996,0.06422859398230409,TITAN
2026-09-04,SHORT,20,2026-09-04 12:15:00,4987.0,4984.5065,2026-09-04 15:00:00,5009.0,5011.5045,square_off,-440.0,99.95999999999185,40,24.922532500000003,6.137550754,0.19992021999999998,3.0069027,8.34074477532,82.60765094932,-622.5676509493119,-0.6241905463698736,TITAN
2026-09-07,SHORT,20,2026-09-07 13:15:00,4969.0,4966.5155,2026-09-07 15:00:00,4976.5,4978.9882,square_off,-150.0,99.45499999997992,40,24.832577500000003,6.1065393025,0.198910075,2.98739295,8.33498088795,82.46040071544999,-331.9154007154299,-0.3339861146261118,TITAN
2026-09-08,LONG,19,2026-09-08 11:45:00,5009.0,5011.5045,2026-09-08 15:00:00,4990.0,4987.505,square_off,-361.0,94.99049999999806,40,23.69064875,5.832422241350001,0.18998118049999999,2.856557565,8.284032615933,80.853642352783,-536.8441423527811,-0.5640837464698081,TITAN
2026-09-09,SHORT,20,2026-09-09 10:00:00,4969.0,4966.5155,2026-09-09 15:00:00,4995.0,4997.4975,square_off,-520.0,99.63999999998123,40,24.832577500000003,6.117903982,0.19928026,2.9984984999999997,8.337093163559999,82.48535340555999,-702.1253534055412,-0.7065056886753283,TITAN
2026-09-10,LONG,19,2026-09-10 10:00:00,5010.0,5012.505,2026-09-10 15:00:00,5008.0,5005.496,square_off,-38.0,95.17100000000028,40,23.776106,5.8434999833,0.19034201899999997,2.85712785,8.286091560414,80.95316741271401,-214.12416741271429,-0.22494397248945716,TITAN
2026-09-11,LONG,19,2026-09-11 10:45:00,4997.0,4999.4985,2026-09-11 15:00:00,4973.0,4970.5135,square_off,-456.0,94.71499999999378,40,23.609939125,5.8155079996,0.18943022799999998,2.849714145,8.280888880968,80.745480378568,-631.4604803785618,-0.6650942990831992,TITAN
2026-09-15,SHORT,20,2026-09-15 10:15:00,4920.0,4917.54,2026-09-15 15:00:00,4888.5,4890.9442,square_off,630.0,98.08499999999185,40,24.5877,6.0224093295,0.19616968499999998,2.93456655,8.319344222609999,82.06018978711,449.85481021289814,0.45716952257408344,TITAN
2026-09-16,LONG,20,2026-09-16 12:45:00,4902.0,4904.451,2026-09-16 15:00:00,4895.5,4893.0523,square_off,-130.0,97.97499999998763,40,24.465261250000005,6.0156669955,0.195950065,2.9426706,8.318091070889999,81.93763998138999,-309.91263998137765,-0.31610836391409386,TITAN
2026-09-17,SHORT,20,2026-09-17 11:15:00,4873.5,4871.0632,2026-09-17 15:00:00,4852.0,4854.426,square_off,430.0,97.25499999998647,40,24.35531625,5.9714503995,0.194509785,2.9126556,8.309872833210001,81.74380486771,251.00119513230354,0.257516359015393,TITAN
2026-09-18,SHORT,20,2026-09-18 10:00:00,4825.0,4822.5875,2026-09-18 15:00:00,4828.5,4830.9142,square_off,-70.0,96.5349999999853,40,24.112937500000005,5.927250074500001,0.19307003500000003,2.89854855,8.30165761971,81.43346377921,-247.9684637791953,-0.25696213863129047,TITAN
2026-09-21,LONG,20,2026-09-21 11:30:00,4830.5,4832.9152,2026-09-21 15:00:00,4864.5,4862.0678,square_off,680.0,96.94999999999709,40,24.310338750000003,5.952719562,0.19389965999999997,2.89974915,8.30639145996,81.66309858196,501.3869014180429,0.5189803347666317,TITAN
2026-09-22,LONG,20,2026-09-22 10:00:00,4924.0,4926.462,2026-09-22 15:00:00,4948.0,4945.526,square_off,480.0,98.71999999999389,40,24.727629999999998,6.061400632,0.19743975999999996,2.9558771999999998,8.32659127056,82.26893886256,299.0110611374461,0.30362617905914513,TITAN
2026-09-23,SHORT,20,2026-09-23 10:00:00,4909.0,4906.5455,2026-09-23 15:00:00,4870.0,4872.435,square_off,780.0,97.78999999998632,40,24.5327275,6.004294027,0.19557960999999996,2.9234609999999996,8.31597725466,81.97203939165999,600.2379606083537,0.611364799967767,TITAN
2026-09-24,LONG,20,2026-09-24 11:00:00,4904.0,4906.452,2026-09-24 15:00:00,4832.5,4830.0838,square_off,-1430.0,97.3649999999725,40,24.150418750000004,5.978232950500001,0.194730715,2.9438711999999994,8.31113345979,81.57838707529001,-1608.9433870752625,-1.6404398318467195,TITAN
2026-09-25,SHORT,20,2026-09-25 10:00:00,4824.0,4821.588,2026-09-25 15:00:00,4862.0,4864.431,square_off,-760.0,96.85999999997875,40,24.107940000000003,5.947215666,0.19372038,2.9186586,8.30536848828,81.47290313428,-938.3329031342588,-0.9725672710761388,TITAN
2026-09-29,SHORT,20,2026-09-29 10:00:00,4764.0,4761.618,2026-09-29 15:00:00,4700.0,4702.35,square_off,1280.0,94.63999999998123,40,23.808090000000004,5.810876352,0.18927936,2.8214099999999998,8.28002802816,80.90968374016,1104.4503162598587,1.1591628004406578,TITAN
2026-09-30,SHORT,21,2026-09-30 11:15:00,4634.5,4632.1828,2026-09-30 15:00:00,4607.5,4609.8038,square_off,567.0,97.04100000000199,40,24.318959437500002,5.9583086965500005,0.1940817165,2.9041763625000003,8.307430274349,81.682956487399,388.276043512599,0.39894994940903783,TITAN
2026-08-03,SHORT,33,2026-08-03 10:00:00,3007.7,3006.1961,2026-08-03 15:00:00,3037.9,3039.4189,square_off,-996.600000000009,99.75239999999121,40,24.8011182375,6.124812657810001,0.1995052983,3.0090247605,8.338377232099798,82.47283818620978,-1178.82523818621,-1.1876841744433833,TRENT
2026-08-04,LONG,32,2026-08-04 10:15:00,3081.0,3082.5405,2026-08-04 15:00:00,3075.1,3073.5624,square_off,-188.8000000000029,98.49759999998787,40,24.5884996,6.04775553808,0.19699529439999997,2.9592388799999996,8.3240551498464,82.1165444623264,-369.41414446231715,-0.3746897765156576,TRENT
2026-08-06,LONG,32,2026-08-06 13:45:00,3117.6,3119.1588,2026-08-06 15:00:00,3121.7,3120.1392,square_off,131.1999999999971,99.8287999999884,40,24.9611132,6.1294863060800004,0.1996575344,2.9943924479999997,8.3392458912864,82.6238953797664,-51.25269537975771,-0.05137434984017926,TRENT
2026-08-07,SHORT,33,2026-08-07 13:15:00,3005.4,3003.8973,2026-08-07 15:00:00,2998.4,2999.8992,square_off,231.0,99.06269999999176,40,24.782152725,6.08244623415,0.1981252845,2.969900208,8.330502873357,82.363127325007,49.574172675001236,0.04998494898576627,TRENT
2026-08-10,LONG,32,2026-08-10 12:15:00,3032.5,3034.0162,2026-08-10 15:00:00,3020.8,3019.2896,square_off,-374.3999999999942,96.85279999997874,40,24.154316800000004,5.94676766704,0.19370578719999998,2.9126556,8.3052852217632,81.5127310760032,-552.7655310759761,-0.5696264747279227,TRENT
2026-08-12,SHORT,33,2026-08-12 11:15:00,2988.4,2986.9058,2026-08-12 15:00:00,2990.3,2991.7952,square_off,-62.700000000003,98.64854999997942,40,24.641972850000005,6.057021932445001,0.19729713135000002,2.9618771985000003,8.3257774314831,82.1839465437781,-243.53249654376054,-0.24694728358112028,TRENT
2026-08-13,SHORT,33,2026-08-13 11:15:00,2966.1,2964.617,2026-08-13 15:00:00,2981.8,2983.2909,square_off,-518.100000000009,98.14034999998694,40,24.4580898375,6.025825442835,0.19628095904999998,2.9534579909999996,8.3199791523393,81.95363338272429,-698.1939833827203,-0.7133068148693573,TRENT
2026-08-14,LONG,33,2026-08-14 10:00:00,3008.9,3010.4044,2026-08-14 15:00:00,3000.0,2998.5,square_off,-293.700000000003,99.1468499999969,40,24.737625,6.087621098295001,0.19829384685,2.9803004055,8.331464690126099,82.33530504077112,-475.182155040771,-0.47856224014290033,TRENT
2026-08-17,SHORT,33,2026-08-17 11:00:00,2963.4,2961.9183,2026-08-17 15:00:00,2957.7,2959.1788,square_off,188.100000000009,97.69814999999289,40,24.435825975000004,5.998663522665,0.19539620595,2.9295870615,8.314930751150701,81.8744035162657,8.52744648375041,0.008719965890684953,TRENT
2026-08-18,LONG,33,2026-08-18 10:00:00,2954.5,2955.9772,2026-08-18 15:00:00,2959.2,2957.7204,square_off,155.099999999994,97.57604999998603,40,24.401193300000003,5.991167089215001,0.19515202245000002,2.9264174775,8.3135374400997,81.82746732926469,-24.30351732925672,-0.024927067933616126,TRENT
2026-08-19,LONG,33,2026-08-19 10:45:00,2963.5,2964.9818,2026-08-19 15:00:00,2948.5,2947.0258,square_off,-495.0,97.54799999998932,40,24.3129624375,5.989454798250001,0.19509624750000001,2.9353319325,8.313219188235,81.746064603985,-674.2940646039743,-0.6894939589285544,TRENT
2026-08-20,LONG,33,2026-08-20 14:00:00,2977.0,2978.4885,2026-08-20 15:00:00,2968.9,2967.4156,square_off,-267.299999999997,98.10734999999522,40,24.481178287500004,6.023795393055001,0.19621483365,2.9487036150000003,8.3196018408069,81.9694939700119,-447.37684397000413,-0.4553871031137755,TRENT
2026-08-21,SHORT,33,2026-08-21 10:15:00,2947.4,2945.9263,2026-08-21 15:00:00,2914.8,2916.2574,square_off,1075.799999999997,96.72629999999299,40,24.303891975000003,5.93897830647,0.1934520621,2.8870948260000002,8.3038374663426,81.62725463591259,897.4464453640915,0.9226893814621325,TRENT
2026-08-24,SHORT,34,2026-08-24 11:30:00,2910.5,2909.0448,2026-08-24 15:00:00,2903.0,2904.4515,square_off,255.0,98.829499999988,40,24.726880375,6.0681273857499995,0.19765887249999997,2.96254053,8.327841526484999,82.28304868973501,73.88745131027699,0.07466621998471759,TRENT
2026-08-26,SHORT,34,2026-08-26 10:30:00,2931.0,2929.5345,2026-08-26 15:00:00,2914.0,2915.457,square_off,578.0,99.36499999998887,40,24.901043250000004,6.1010021277,0.198729711,2.97376614,8.333951730966,82.508492959666,396.12650704034513,0.39750186348801364,TRENT
2026-08-27,SHORT,34,2026-08-27 10:00:00,2902.2,2900.7489,2026-08-27 15:00:00,2880.9,2882.3404,square_off,724.1999999999907,98.31269999999404,40,24.65636565,6.03638866353,0.1966250379,2.9399872590000005,8.3219424662574,82.15130907668741,543.7359909233093,0.5510383511527861,TRENT
2026-08-28,LONG,34,2026-08-28 10:00:00,2900.0,2901.45,2026-08-28 15:00:00,2894.2,2892.7529,square_off,-197.20000000000618,98.50139999998919,40,24.58839965,6.04798898702,0.19700289859999998,2.9594789999999995,8.3240985394116,82.1169690750316,-377.81836907502696,-0.3831829300963762,TRENT
2026-08-31,SHORT,34,2026-08-31 11:45:00,2867.8,2866.3661,2026-08-31 15:00:00,2881.6,2883.0408,square_off,-469.1999999999907,97.73979999999483,40,24.36411185,6.00123092222,0.1954798346,2.940701616,8.3154079362276,81.8169321590476,-648.7567321590332,-0.665356034507937,TRENT
2026-09-01,SHORT,34,2026-09-01 10:15:00,2875.2,2873.7624,2026-09-01 15:00:00,2867.5,2868.9337,square_off,261.7999999999938,97.6258999999809,40,24.4269804,5.99422624137,0.19525166909999997,2.9263124249999994,8.314106023884602,81.85687675935462,82.3172232406583,0.08420613526696691,TRENT
2026-09-02,SHORT,35,2026-09-02 11:30:00,2813.8,2812.3931,2026-09-02 15:00:00,2852.7,2854.1263,square_off,-1361.4999999999873,99.1637499999888,40,24.608439625000003,6.088675149025001,0.19832818075,2.9968326674999997,8.3316605993595,82.2239362216345,-1542.8876862216105,-1.566653824742961,TRENT
2026-09-03,LONG,34,2026-09-03 10:15:00,2874.3,2875.7372,2026-09-03 15:00:00,2830.0,2828.585,square_off,-1506.2000000000062,96.97309999999015,40,24.0429725,5.95417146017,0.19394695309999999,2.933251893,8.306661314388599,81.4310041206586,-1684.604104120655,-1.7237998654615185,TRENT
2026-09-04,LONG,34,2026-09-04 10:00:00,2874.8,2876.2374,2026-09-04 15:00:00,2862.0,2860.569,square_off,-435.2000000000062,97.52559999999448,40,24.314836500000002,5.98807852032,0.1950514176,2.933762148,8.312963388825601,81.74469197474559,-614.4702919747463,-0.6286578421565349,TRENT
2026-09-07,SHORT,35,2026-09-07 10:00:00,2836.0,2834.582,2026-09-07 15:00:00,2811.1,2812.5056,square_off,871.5000000000032,98.82424999998648,40,24.802592500000003,6.067795572475001,0.19764806425,2.9531308275,8.3277798546105,82.34894681883551,690.3268031811812,0.695473305642939,TRENT
2026-09-09,LONG,35,2026-09-09 10:30:00,2821.0,2822.4105,2026-09-09 15:00:00,2829.7,2828.2852,square_off,304.49999999999363,98.88724999998658,40,24.747495062500004,6.071672475925,0.19777434774999997,2.963531025,8.3285004282615,82.3089733394365,123.30377666057055,0.12488355361378492,TRENT
2026-09-10,SHORT,35,2026-09-10 12:45:00,2803.9,2802.498,2026-09-10 15:00:00,2810.9,2812.3054,square_off,-245.0,98.2589999999891,40,24.521857937500002,6.033106360750001,0.1965181225,2.9529207225,8.321332406985,82.025735550235,-425.2847355502241,-0.4333604067296308,TRENT
2026-09-11,LONG,35,2026-09-11 11:30:00,2796.3,2797.6982,2026-09-11 15:00:00,2803.1,2801.6984,square_off,237.99999999999045,97.98950000000104,40,24.5148614375,6.0165516467,0.195978881,2.9375830575000004,8.318255494985998,81.983230517686,58.02726948230341,0.059289846769254695,TRENT
2026-09-15,SHORT,35,2026-09-15 10:00:00,2796.5,2795.1018,2026-09-15 15:00:00,2748.0,2749.374,square_off,1697.5,97.02874999998357,40,24.457140312500005,5.957539193375,0.19405665125,2.8868427,8.3072872520325,81.80286610915749,1518.6683838908589,1.5516011176121773,TRENT
2026-09-16,LONG,36,2026-09-16 10:45:00,2752.9,2754.2764,2026-09-16 15:00:00,2775.2,2773.8124,square_off,802.7999999999902,99.50579999999172,40,24.9643116,6.10964379702,0.1990111986,2.974618566,8.335557899211599,82.5831430608316,620.7110569391668,0.6263203822828924,TRENT
2026-09-17,LONG,35,2026-09-17 11:30:00,2787.6,2788.9938,2026-09-17 15:00:00,2787.5,2786.1063,square_off,-3.4999999999968168,97.56424999998444,40,24.378429687500002,5.990445003725,0.19512850175000002,2.92844349,8.3134032309855,81.80584991396051,-182.87009991394177,-0.18743219965350816,TRENT
2026-09-18,SHORT,35,2026-09-18 10:45:00,2780.9,2779.5096,2026-09-18 15:00:00,2803.6,2805.0018,square_off,-794.4999999999936,97.72874999998294,40,24.320708562500005,6.000557445575,0.19545789724999998,2.9452518899999993,8.315282761708499,81.77725855703349,-974.0060085570101,-1.0007099536707131,TRENT
2026-09-21,SHORT,35,2026-09-21 10:30:00,2806.2,2804.7969,2026-09-21 15:00:00,2825.8,2827.2129,square_off,-686.0000000000127,98.55999999999312,40,24.541972875,6.0515945301,0.19712034299999998,2.968573545,8.324768677158,82.084029970258,-866.6440299702639,-0.8823768084651984,TRENT
2026-09-22,SHORT,35,2026-09-22 10:00:00,2810.7,2809.2946,2026-09-22 15:00:00,2781.8,2783.1909,square_off,1011.4999999999873,97.86874999999554,40,24.5813281875,6.009125723475,0.19573699425,2.922350445,8.316875289190499,82.02541663941548,831.6058333605763,0.8453469480003216,TRENT
2026-09-23,SHORT,36,2026-09-23 10:15:00,2765.9,2764.5171,2026-09-23 15:00:00,2780.6,2781.9903,square_off,-529.1999999999935,99.83699999999044,40,24.880653450000004,6.1299999232200015,0.1996742646,3.004549524,8.339341353807601,82.55421851562761,-711.5912185156114,-0.7146470492984114,TRENT
2026-09-24,SHORT,36,2026-09-24 12:00:00,2747.0,2745.6265,2026-09-24 15:00:00,2709.5,2710.8548,square_off,1350.0,98.21699999998782,40,24.7106385,6.030503077500001,0.196433325,2.92772313,8.32084855245,82.18614658495001,1169.5968534150622,1.1827011825173546,TRENT
2026-09-25,SHORT,37,2026-09-25 10:00:00,2676.0,2674.662,2026-09-25 15:00:00,2663.1,2664.4315,square_off,477.30000000000337,98.77334999998584,40,24.7406235,6.064676363445001,0.19754646134999998,2.9575190205,8.3272001084631,82.2875654537581,296.2390845462594,0.2991951324549139,TRENT
2026-09-28,SHORT,38,2026-09-28 10:30:00,2619.2,2617.8904,2026-09-28 15:00:00,2623.0,2624.3115,square_off,-144.4000000000069,99.601799999994,40,24.869958799999996,6.11555273654,0.19920367219999996,2.99171511,8.336656153573198,82.51308647231319,-326.5148864723141,-0.3280580716413149,TRENT
2026-09-29,SHORT,38,2026-09-29 10:30:00,2585.2,2583.9074,2026-09-29 15:00:00,2632.0,2633.316,square_off,-1778.400000000007,99.12679999998363,40,24.547120300000003,6.0864128184399995,0.1982544892,3.0019802399999995,8.331240115375198,82.16500796301519,-1959.6918079630057,-1.9948490272187085,TRENT
2026-09-30,SHORT,38,2026-09-30 11:30:00,2629.8,2628.4851,2026-09-30 15:00:00,2623.3,2624.6116,square_off,247.0,99.8088999999809,40,24.970608450000004,6.128262668550001,0.1996176765,2.9920572809999997,8.339018462109,82.62956453815899,64.56153546186012,0.06460520858286213,TRENT
2026-08-03,LONG,8,2026-08-03 13:00:00,12004.0,12010.002,2026-08-03 15:00:00,12048.0,12041.976,square_off,352.0,96.20799999998417,40,24.083952,5.9071657968,0.19241582399999999,2.88240048,8.297924691743997,81.363858792544,174.42814120747184,0.18163543527935672,ULTRACEMCO
2026-08-04,LONG,8,2026-08-04 10:00:00,11986.0,11991.993,2026-08-04 15:00:00,11969.0,11963.0155,square_off,-136.0,95.81999999997788,40,23.926031000000002,5.8833500876,0.191640068,2.8780783199999997,8.293498228008,81.172597703608,-312.9925977035859,-0.32641477317660805,ULTRACEMCO
2026-08-05,LONG,8,2026-08-05 10:45:00,12073.0,12079.0365,2026-08-05 15:00:00,12162.0,12155.919,square_off,712.0,96.94000000000233,40,24.311838,5.9521050708,0.193879644,2.8989687600000003,8.306277248664,81.66306872346401,533.3969312765337,0.5522622083124883,ULTRACEMCO
2026-08-06,LONG,8,2026-08-06 10:30:00,12199.0,12205.0995,2026-08-06 15:00:00,12104.0,12097.948,square_off,-760.0,97.21199999998498,40,24.195896,5.968828466,0.19442437999999998,2.92922388,8.309385512279999,81.59775823828001,-938.809758238265,-0.9619740944321921,ULTRACEMCO
2026-08-10,LONG,8,2026-08-10 11:00:00,12048.0,12054.024,2026-08-10 15:00:00,12098.0,12091.951,square_off,400.0,96.58399999998801,40,24.183902000000003,5.930251460000001,0.1931678,2.89296576,8.3022154668,81.50250248680001,221.91349751321198,0.23023893749295732,ULTRACEMCO
2026-08-11,SHORT,8,2026-08-11 11:00:00,11914.0,11908.043,2026-08-11 15:00:00,11749.0,11754.8745,square_off,1320.0,94.65199999998731,40,23.816086000000002,5.811612538,0.18930334,2.8211698800000002,8.28016485804,80.91833661604,1144.4296633839726,1.2007193883078444,ULTRACEMCO
2026-08-12,SHORT,8,2026-08-12 11:45:00,11657.0,11651.1715,2026-08-12 15:00:00,11723.0,11728.8615,square_off,-528.0,93.51999999998952,40,23.302343,5.7421361048,0.18704026399999998,2.8149267599999996,8.267251746384,80.31369787518402,-701.8336978751736,-0.7525882494157733,ULTRACEMCO
2026-08-14,LONG,8,2026-08-14 10:00:00,11650.0,11655.825,2026-08-14 15:00:00,11653.0,11647.1735,square_off,24.0,93.21199999998498,40,23.294347000000002,5.7232164316,0.18642398799999998,2.797398,8.263735275528,80.26512069512799,-149.47712069511297,-0.1603831767114946,ULTRACEMCO
2026-08-17,LONG,8,2026-08-17 10:00:00,11636.0,11641.818,2026-08-17 15:00:00,11685.0,11679.1575,square_off,392.0,93.2839999999851,40,23.358315,5.727631582800001,0.186567804,2.79403632,8.264555889623999,80.33110659642401,218.3848934035909,0.23460047847584103,ULTRACEMCO
2026-08-18,SHORT,8,2026-08-18 12:45:00,11568.0,11562.216,2026-08-18 15:00:00,11527.0,11532.7635,square_off,328.0,92.3799999999901,40,23.124432000000002,5.6721269652,0.184759836,2.76786324,8.254239624216,80.003421665416,155.6165783345939,0.16815415190027866,ULTRACEMCO
2026-08-19,SHORT,8,2026-08-19 12:15:00,11411.0,11405.2945,2026-08-19 15:00:00,11460.0,11465.73,square_off,-392.0,91.48399999999674,40,22.810589,5.6171236172,0.18296819599999997,2.7517752,8.244016526375999,79.606472539576,-563.0904725395727,-0.6168285782792621,ULTRACEMCO
2026-08-20,SHORT,8,2026-08-20 10:30:00,11451.0,11445.2745,2026-08-20 15:00:00,11601.0,11606.8005,square_off,-1200.0,92.20799999998417,40,22.890549000000004,5.661589620000001,0.18441659999999999,2.78563212,8.2522811196,79.77446845960002,-1371.9824684595842,-1.4976666540690595,ULTRACEMCO
2026-08-21,SHORT,8,2026-08-21 13:45:00,11535.0,11529.2325,2026-08-21 15:00:00,11555.0,11560.7775,square_off,-160.0,92.36000000000058,40,23.058465,5.670906456000001,0.18472008,2.7745866,8.25401277648,79.94269091248,-332.30269091248056,-0.3601026126056356,ULTRACEMCO
2026-08-24,SHORT,8,2026-08-24 11:15:00,11501.0,11495.2495,2026-08-24 15:00:00,11548.0,11553.774,square_off,-376.0,92.19599999999627,40,22.990499,5.6608401716,0.18439218799999998,2.77290576,8.252141824728,79.860778944328,-548.0567789443243,-0.5956620934530957,ULTRACEMCO
2026-08-25,SHORT,8,2026-08-25 10:00:00,11486.0,11480.257,2026-08-25 15:00:00,11550.0,11555.775,square_off,-512.0,92.14399999998568,40,22.960514000000003,5.6576494592,0.18428825599999998,2.773386,8.251548788736,79.82738650393601,-683.9713865039217,-0.7443533285128872,ULTRACEMCO
2026-08-26,LONG,8,2026-08-26 10:00:00,11695.0,11700.8475,2026-08-26 15:00:00,11771.0,11765.1145,square_off,608.0,93.86399999998685,40,23.530229000000002,5.7632402672000005,0.187727696,2.8082034,8.271174233376,80.560574596576,433.5754254034372,0.46341965092287,ULTRACEMCO
2026-08-27,SHORT,8,2026-08-27 12:30:00,11700.0,11694.15,2026-08-27 15:00:00,11750.0,11755.875,square_off,-400.0,93.79999999998836,40,23.388300000000005,5.759326140000001,0.1876002,2.82141,8.2704467412,80.42708308120001,-574.2270830811883,-0.613490473377338,ULTRACEMCO
2026-08-28,SHORT,8,2026-08-28 10:00:00,11567.0,11561.2165,2026-08-28 15:00:00,11577.0,11582.7885,square_off,-80.0,92.57599999998638,40,23.122433,5.684167628,0.18515204,2.7798692399999996,8.256477540239999,80.02809944824,-252.60409944822638,-0.27297927233533587,ULTRACEMCO
2026-08-31,SHORT,8,2026-08-31 10:45:00,11442.0,11436.279,2026-08-31 15:00:00,11495.0,11500.7475,square_off,-424.0,91.74799999999232,40,22.872558,5.6333337084,0.183496212,2.7601793999999997,8.247029385672,79.696596706072,-595.4445967060643,-0.650503186403234,ULTRACEMCO
2026-09-01,SHORT,8,2026-09-01 13:30:00,11470.0,11464.265,2026-09-01 15:00:00,11427.0,11432.7135,square_off,344.0,91.58799999998882,40,22.928530000000002,5.6234979196,0.18317582799999998,2.74385124,8.245201274568,79.72425626216801,172.68774373784316,0.18819501279189535,ULTRACEMCO
2026-09-02,SHORT,8,2026-09-02 11:30:00,11190.0,11184.405,2026-09-02 15:00:00,11326.0,11331.663,square_off,-1088.0,90.06399999998393,40,22.368810000000003,5.5299463008,0.180128544,2.71959912,8.227813472064,79.026297436864,-1257.090297436848,-1.404256364429008,ULTRACEMCO
2026-09-03,SHORT,8,2026-09-03 10:45:00,11347.0,11341.3265,2026-09-03 15:00:00,11331.0,11336.6655,square_off,128.0,90.71199999998498,40,22.682653000000002,5.569714835200001,0.181423936,2.72079972,8.235204978816,79.38979647001601,-42.10179647000099,-0.04637987625583964,ULTRACEMCO
2026-09-07,SHORT,8,2026-09-07 10:15:00,11249.0,11243.3755,2026-09-07 15:00:00,11199.0,11204.5995,square_off,400.0,89.79200000000128,40,22.486751,5.51322266,0.17958380000000002,2.6891038800000002,8.2247051628,79.0933665028,231.11463349719872,0.2568168653849217,ULTRACEMCO
2026-09-08,SHORT,9,2026-09-08 10:00:00,11059.0,11053.4705,2026-09-08 15:00:00,11051.0,11056.5255,square_off,72.0,99.49499999998625,40,24.870308625000003,6.108991894800001,0.198989964,2.985261885,8.335436734584,82.49898910338402,-109.99398910337027,-0.11051229175168568,ULTRACEMCO
2026-09-09,SHORT,9,2026-09-09 12:00:00,10926.0,10920.537,2026-09-09 15:00:00,10895.0,10900.4475,square_off,279.0,98.1944999999996,40,24.57120825,6.02913801735,0.19638886049999998,2.943120825,8.320594838013001,82.060450790863,98.74504920913739,0.10041801331089693,ULTRACEMCO
2026-09-10,LONG,9,2026-09-10 10:45:00,10915.0,10920.4575,2026-09-10 15:00:00,10944.0,10938.528,square_off,261.0,98.36549999998533,40,24.611688,6.0396376936500005,0.1967308695,2.9485235249999997,8.322546341367001,82.119126429517,80.51537357049767,0.08196200292207224,ULTRACEMCO
2026-09-11,LONG,9,2026-09-11 11:15:00,10888.0,10893.444,2026-09-11 15:00:00,10977.0,10971.5115,square_off,801.0,98.39249999999083,40,24.685900875,6.041287204650001,0.1967845995,2.94122988,8.322852924747,82.188055483897,620.4194445161122,0.6331327501389014,ULTRACEMCO
2026-09-15,SHORT,9,2026-09-15 10:00:00,10852.0,10846.574,2026-09-15 15:00:00,10793.0,10798.3965,square_off,531.0,97.4024999999856,40,24.404791499999998,5.9805053491499995,0.19480473449999997,2.915567055,8.311555815056998,81.807224453707,351.7902755463074,0.3601899041101562,ULTRACEMCO
2026-09-16,LONG,9,2026-09-16 11:00:00,10857.0,10862.4285,2026-09-16 15:00:00,10724.0,10718.638,square_off,-1197.0,97.1144999999924,40,24.116935500000004,5.962848673950001,0.1942295985,2.9328556949999998,8.308274089041,81.51514355649101,-1375.6296435564834,-1.407826638785508,ULTRACEMCO
2026-09-17,LONG,9,2026-09-17 12:30:00,10819.0,10824.4095,2026-09-17 15:00:00,10800.0,10794.6,square_off,-171.0,97.2854999999945,40,24.287850000000002,5.97333232485,0.1945710855,2.9225905649999997,8.310222613863,81.68856658921301,-349.9740665892075,-0.3594233052851542,ULTRACEMCO
2026-09-18,LONG,9,2026-09-18 10:00:00,11009.0,11014.5045,2026-09-18 15:00:00,10998.0,10992.501,square_off,-99.0,99.03149999999005,40,24.733127250000003,6.08053561965,0.19806304949999998,2.9739162149999996,8.330147760447,82.315789894597,-280.34728989458705,-0.28294757813767224,ULTRACEMCO
2026-09-21,LONG,9,2026-09-21 11:45:00,11080.0,11085.54,2026-09-21 15:00:00,11103.0,11097.4485,square_off,207.0,99.82349999998769,40,24.969259125,6.12915972255,0.1996468965,2.9930958,8.339185191429,82.63034673547901,24.546153264533302,0.024615075475865725,ULTRACEMCO
2026-09-22,LONG,8,2026-09-22 13:45:00,11129.0,11134.5645,2026-09-22 15:00:00,11107.0,11101.4465,square_off,-176.0,88.94399999998859,40,22.202893,5.4611643016,0.17788808799999997,2.67229548,8.215029430127998,78.729270299728,-343.6732702997166,-0.3860109514553381,ULTRACEMCO
2026-09-23,LONG,8,2026-09-23 11:45:00,11144.0,11149.572,2026-09-23 15:00:00,11160.0,11154.42,square_off,128.0,89.21600000000035,40,22.30884,5.4778604352,0.178431936,2.67589728,8.218132626815999,78.859162278016,-40.07516227801635,-0.044951501119454805,ULTRACEMCO
2026-09-24,LONG,8,2026-09-24 10:45:00,11166.0,11171.583,2026-09-24 15:00:00,11124.0,11118.438,square_off,-336.0,89.15999999998894,40,22.236876000000002,5.4744291575999995,0.178320168,2.68117992,8.217494878607999,78.788300124208,-503.948300124197,-0.564154912372601,ULTRACEMCO
2026-09-25,LONG,8,2026-09-25 10:15:00,11167.0,11172.5835,2026-09-25 15:00:00,11135.0,11129.4325,square_off,-256.0,89.20799999998417,40,22.258865000000004,5.4773751296,0.17841612799999998,2.68142004,8.218042426368001,78.81411872396801,-424.0221187239522,-0.47463745715495675,ULTRACEMCO
2026-09-28,SHORT,9,2026-09-28 10:30:00,11005.0,10999.4975,2026-09-28 15:00:00,11013.0,11018.5065,square_off,-72.0,99.08099999998376,40,24.748869375,6.0835745052000005,0.19816203599999999,2.9749967550000003,8.330712577416,82.336315248616,-253.41731524859978,-0.2558607857525365,ULTRACEMCO
2026-09-29,SHORT,9,2026-09-29 10:15:00,10887.0,10881.5565,2026-09-29 15:00:00,10865.0,10870.4325,square_off,198.0,97.88399999998546,40,24.483502125000005,6.0100745607,0.19576790099999997,2.935016775,8.317051643106,81.941413004806,18.174586995208543,0.01854871456804603,ULTRACEMCO
2026-09-30,LONG,9,2026-09-30 13:15:00,10947.0,10952.4735,2026-09-30 15:00:00,10907.0,10901.5465,square_off,-360.0,98.34299999999712,40,24.528479625,6.0382657260000006,0.19668618,2.957167845,8.32229134308,82.04289071908,-540.3858907190771,-0.5484870443643384,ULTRACEMCO
